instance,instance_sha256,users,agents,visits,load_profile,wc,wo,normalized_wc,normalized_wo,overtime_penalty,effective_continuity_to_overtime_ratio,coverage,similarity,continuity,overtime,vector,assignment_sha256
instances/corrected_v2_reduced_suite/evaluation_critical/evaluation/critical/instance_u40_a25_v4_seed1001_critical.txt,03e563fb6290ae5b10f29c4bd69e140d46f5db64516b7ab5dad7e2186df2197b,40,25,4,critical,4,1,4,1,1,4.0,160,606,1,12,160/606/1/12,e7df51bf2fb84ac19e7f973d91f451b9ec0f6bc43656ca2a5c37fad87a86fcee
instances/corrected_v2_reduced_suite/evaluation_critical/evaluation/critical/instance_u40_a25_v4_seed1001_critical.txt,03e563fb6290ae5b10f29c4bd69e140d46f5db64516b7ab5dad7e2186df2197b,40,25,4,critical,8,8,1,1,1,1.0,160,575,0,0,160/575/0/0,9f90c8083886a2dee7cdeec784314d35933d60ba2c1aa184c99d6f693fad3164
instances/corrected_v2_reduced_suite/evaluation_critical/evaluation/critical/instance_u40_a25_v4_seed1001_critical.txt,03e563fb6290ae5b10f29c4bd69e140d46f5db64516b7ab5dad7e2186df2197b,40,25,4,critical,8,4,2,1,1,2.0,160,575,0,0,160/575/0/0,c73070971097d4c93b1a72473e7388878d3421beadcfdcb8be2eb406cd9cec77
instances/corrected_v2_reduced_suite/evaluation_critical/evaluation/critical/instance_u40_a25_v4_seed1001_critical.txt,03e563fb6290ae5b10f29c4bd69e140d46f5db64516b7ab5dad7e2186df2197b,40,25,4,critical,4,4,1,1,1,1.0,160,582,1,0,160/582/1/0,3426a77f23a80c0159efe3c7134ff0f4a321a5cb2c1908587a36960e176a9aec
instances/corrected_v2_reduced_suite/evaluation_critical/evaluation/critical/instance_u40_a25_v4_seed1001_critical.txt,03e563fb6290ae5b10f29c4bd69e140d46f5db64516b7ab5dad7e2186df2197b,40,25,4,critical,4,8,1,2,1,0.5,160,582,1,0,160/582/1/0,a7f315743303aa47ab510e8aa564981215b93fe8905f85e2b74bbe563d3bf811
instances/corrected_v2_reduced_suite/evaluation_critical/evaluation/critical/instance_u40_a25_v4_seed1001_critical.txt,03e563fb6290ae5b10f29c4bd69e140d46f5db64516b7ab5dad7e2186df2197b,40,25,4,critical,1,8,1,8,1,0.125,160,590,5,0,160/590/5/0,177f6b2efc0d31fd311f7864f12beb517a8fffef0575fae4f48351ba93547aa3
instances/corrected_v2_reduced_suite/evaluation_critical/evaluation/critical/instance_u40_a25_v4_seed1001_critical.txt,03e563fb6290ae5b10f29c4bd69e140d46f5db64516b7ab5dad7e2186df2197b,40,25,4,critical,1,1,1,1,1,1.0,160,611,4,12,160/611/4/12,f1cd5aadca3a056d528ae2c86f8eef609de38139f6b5a70e90d64eb189377d8d
instances/corrected_v2_reduced_suite/evaluation_critical/evaluation/critical/instance_u40_a25_v4_seed1001_critical.txt,03e563fb6290ae5b10f29c4bd69e140d46f5db64516b7ab5dad7e2186df2197b,40,25,4,critical,8,1,8,1,1,8.0,160,601,0,12,160/601/0/12,635fa37b7ae1187ead3d08c0ff0ff3603822dc18e579f0afa47df36fbc121841
instances/corrected_v2_reduced_suite/evaluation_critical/evaluation/critical/instance_u40_a25_v4_seed1001_critical.txt,03e563fb6290ae5b10f29c4bd69e140d46f5db64516b7ab5dad7e2186df2197b,40,25,4,critical,1,4,1,4,1,0.25,160,590,5,0,160/590/5/0,e91a32cc262ba977edefd995f5d47eda61bc74d5910e5453e4fa7d89b3fcb62d
instances/corrected_v2_reduced_suite/evaluation_critical/evaluation/critical/instance_u30_a20_v5_seed1001_critical.txt,22ee92263371ecea73d08de26b04d5edec6fc04579a52160b302a4510f99ac1e,30,20,5,critical,8,4,2,1,1,2.0,150,539,0,0,150/539/0/0,005b1aa6134f84881f18530bcd194e0347572b21c4231fdb6815a9b835e1f8ab
instances/corrected_v2_reduced_suite/evaluation_critical/evaluation/critical/instance_u30_a20_v5_seed1001_critical.txt,22ee92263371ecea73d08de26b04d5edec6fc04579a52160b302a4510f99ac1e,30,20,5,critical,1,1,1,1,1,1.0,150,572,0,15,150/572/0/15,06d78c8dcc8098a118a0aceb337d40a6e78f09ce263f2708a61993e06d27a58a
instances/corrected_v2_reduced_suite/evaluation_critical/evaluation/critical/instance_u30_a20_v5_seed1001_critical.txt,22ee92263371ecea73d08de26b04d5edec6fc04579a52160b302a4510f99ac1e,30,20,5,critical,4,4,1,1,1,1.0,150,539,0,0,150/539/0/0,1ec97e248e16fc7739439e64182e9478c0546939ddead136e5502439d0553cd4
instances/corrected_v2_reduced_suite/evaluation_critical/evaluation/critical/instance_u30_a20_v5_seed1001_critical.txt,22ee92263371ecea73d08de26b04d5edec6fc04579a52160b302a4510f99ac1e,30,20,5,critical,1,4,1,4,1,0.25,150,541,2,0,150/541/2/0,33116806558fc3094f184ccea0aafac28854cc229d323c88622d6d0bb3b0d809
instances/corrected_v2_reduced_suite/evaluation_critical/evaluation/critical/instance_u30_a20_v5_seed1001_critical.txt,22ee92263371ecea73d08de26b04d5edec6fc04579a52160b302a4510f99ac1e,30,20,5,critical,4,1,4,1,1,4.0,150,571,0,14,150/571/0/14,922d0b6d9dc52533ca058e56195935e52fbbc03f41603d5854b224d0c4c24c77
instances/corrected_v2_reduced_suite/evaluation_critical/evaluation/critical/instance_u30_a20_v5_seed1001_critical.txt,22ee92263371ecea73d08de26b04d5edec6fc04579a52160b302a4510f99ac1e,30,20,5,critical,8,1,8,1,1,8.0,150,572,0,15,150/572/0/15,d08396707d05e387e843707fc79d8888a146d422bcdb790c53424e7deb8df03e
instances/corrected_v2_reduced_suite/evaluation_critical/evaluation/critical/instance_u30_a20_v5_seed1001_critical.txt,22ee92263371ecea73d08de26b04d5edec6fc04579a52160b302a4510f99ac1e,30,20,5,critical,4,8,1,2,1,0.5,150,539,0,0,150/539/0/0,dea524e86e339d9028e088564744abad74829f6294450d5081989ffa8e40e1a4
instances/corrected_v2_reduced_suite/evaluation_critical/evaluation/critical/instance_u30_a20_v5_seed1001_critical.txt,22ee92263371ecea73d08de26b04d5edec6fc04579a52160b302a4510f99ac1e,30,20,5,critical,1,8,1,8,1,0.125,150,541,2,0,150/541/2/0,ecac3c450f73e40fcc072f9d65a3271f068ee922e303fe94d494e20b1eb44293
instances/corrected_v2_reduced_suite/evaluation_critical/evaluation/critical/instance_u30_a20_v5_seed1001_critical.txt,22ee92263371ecea73d08de26b04d5edec6fc04579a52160b302a4510f99ac1e,30,20,5,critical,8,8,1,1,1,1.0,150,539,0,0,150/539/0/0,8ca3b5a236da9bd58517481a8f122a1d2c1720ef0b86a8bc5d40af09202b59e4
instances/corrected_v2_reduced_suite/evaluation_critical/evaluation/critical/instance_u30_a20_v5_seed1002_critical.txt,89692a0adfe31e70296f9df2d93729e2d0d78b4a72a9014431a8e164a2608768,30,20,5,critical,1,8,1,8,1,0.125,150,537,9,0,150/537/9/0,992d1b7aa41ebb727c51872a9160a18a925529ea8e192d33df7fbff845c96ac1
instances/corrected_v2_reduced_suite/evaluation_critical/evaluation/critical/instance_u30_a20_v5_seed1002_critical.txt,89692a0adfe31e70296f9df2d93729e2d0d78b4a72a9014431a8e164a2608768,30,20,5,critical,8,1,8,1,1,8.0,150,544,4,14,150/544/4/14,17e04d5e359b3a93df90b5a08a4df7044a0d289a80f93bd39ff653ec0fd4fbce
instances/corrected_v2_reduced_suite/evaluation_critical/evaluation/critical/instance_u30_a20_v5_seed1002_critical.txt,89692a0adfe31e70296f9df2d93729e2d0d78b4a72a9014431a8e164a2608768,30,20,5,critical,4,8,1,2,1,0.5,150,526,5,0,150/526/5/0,cf98d81f060f9d716ba9af99dce2c70cc57a1b5dbfbd58c27939fb4484912d43
instances/corrected_v2_reduced_suite/evaluation_critical/evaluation/critical/instance_u30_a20_v5_seed1002_critical.txt,89692a0adfe31e70296f9df2d93729e2d0d78b4a72a9014431a8e164a2608768,30,20,5,critical,8,8,1,1,1,1.0,150,519,4,0,150/519/4/0,85cbbf3e0f4c6245d24117b815d5a3db593a61b9e84a2ffe69b62d5ef8090a06
instances/corrected_v2_reduced_suite/evaluation_critical/evaluation/critical/instance_u30_a20_v5_seed1002_critical.txt,89692a0adfe31e70296f9df2d93729e2d0d78b4a72a9014431a8e164a2608768,30,20,5,critical,8,4,2,1,1,2.0,150,519,4,0,150/519/4/0,ba5f52f05b7735d8b385a863331124b206c3289021ca4e509cd8048fdc849245
instances/corrected_v2_reduced_suite/evaluation_critical/evaluation/critical/instance_u30_a20_v5_seed1002_critical.txt,89692a0adfe31e70296f9df2d93729e2d0d78b4a72a9014431a8e164a2608768,30,20,5,critical,1,4,1,4,1,0.25,150,537,9,0,150/537/9/0,8f03ac6b9d91b4202b6c2d3bc1d88033ecb42fa77d66c0711bca041e24502259
instances/corrected_v2_reduced_suite/evaluation_critical/evaluation/critical/instance_u30_a20_v5_seed1002_critical.txt,89692a0adfe31e70296f9df2d93729e2d0d78b4a72a9014431a8e164a2608768,30,20,5,critical,4,1,4,1,1,4.0,150,542,4,12,150/542/4/12,398cb482bb9f2bc4421e21eedb190d438ccd609a87f0b507c3e0e2169a09a323
instances/corrected_v2_reduced_suite/evaluation_critical/evaluation/critical/instance_u30_a20_v5_seed1002_critical.txt,89692a0adfe31e70296f9df2d93729e2d0d78b4a72a9014431a8e164a2608768,30,20,5,critical,4,4,1,1,1,1.0,150,530,6,0,150/530/6/0,544cc5b252a013b3ed793ff24e8e462f62b76c74d62fb3d7c30e6b3fe2cdf033
instances/corrected_v2_reduced_suite/evaluation_critical/evaluation/critical/instance_u30_a20_v5_seed1002_critical.txt,89692a0adfe31e70296f9df2d93729e2d0d78b4a72a9014431a8e164a2608768,30,20,5,critical,1,1,1,1,1,1.0,150,553,9,13,150/553/9/13,427f949998611b8d9337d44f56077bd1f56fd9e0149db374a4d41ae49591242e
instances/corrected_v2_reduced_suite/evaluation_critical/evaluation/critical/instance_u40_a20_v5_seed1002_critical.txt,aee0a6b7ec9777049ee75f53a345d8b1b5d4d3de33e8d3f6c9559f510624b169,40,20,5,critical,4,4,1,1,1,1.0,200,699,4,1,200/699/4/1,dbacac0875216d8003212ea4a9503990c23a678aebc853ff46d15d9bec92bfe6
instances/corrected_v2_reduced_suite/evaluation_critical/evaluation/critical/instance_u40_a20_v5_seed1002_critical.txt,aee0a6b7ec9777049ee75f53a345d8b1b5d4d3de33e8d3f6c9559f510624b169,40,20,5,critical,4,8,1,2,1,0.5,200,699,5,0,200/699/5/0,b89d676b36c2cbc3479d776a444b4b18c019b23490e4498be2a412e830525e80
instances/corrected_v2_reduced_suite/evaluation_critical/evaluation/critical/instance_u40_a20_v5_seed1002_critical.txt,aee0a6b7ec9777049ee75f53a345d8b1b5d4d3de33e8d3f6c9559f510624b169,40,20,5,critical,1,1,1,1,1,1.0,200,740,10,14,200/740/10/14,16d86d3e44826cdcf3be7e863774b4c3bdde58ecde26a2ba0829fc440b950eb6
instances/corrected_v2_reduced_suite/evaluation_critical/evaluation/critical/instance_u40_a20_v5_seed1002_critical.txt,aee0a6b7ec9777049ee75f53a345d8b1b5d4d3de33e8d3f6c9559f510624b169,40,20,5,critical,8,8,1,1,1,1.0,200,688,3,0,200/688/3/0,7b19d267f2399adca25d4db06a85e6f4131a7d0e578300cd3486319dc4fcaa48
instances/corrected_v2_reduced_suite/evaluation_critical/evaluation/critical/instance_u40_a20_v5_seed1002_critical.txt,aee0a6b7ec9777049ee75f53a345d8b1b5d4d3de33e8d3f6c9559f510624b169,40,20,5,critical,8,1,8,1,1,8.0,200,718,1,19,200/718/1/19,34288d53d5c9ebbe00daacf680e4c0a6dd3f9e5dceacb0ce5ff09d0aa2166561
instances/corrected_v2_reduced_suite/evaluation_critical/evaluation/critical/instance_u40_a20_v5_seed1002_critical.txt,aee0a6b7ec9777049ee75f53a345d8b1b5d4d3de33e8d3f6c9559f510624b169,40,20,5,critical,1,8,1,8,1,0.125,200,722,17,0,200/722/17/0,16b4dfd43742bf2f427d4238bb993b822f411c18ac1a5e740c7f3cb3a53d3417
instances/corrected_v2_reduced_suite/evaluation_critical/evaluation/critical/instance_u40_a20_v5_seed1002_critical.txt,aee0a6b7ec9777049ee75f53a345d8b1b5d4d3de33e8d3f6c9559f510624b169,40,20,5,critical,8,4,2,1,1,2.0,200,695,2,3,200/695/2/3,78ca82664fc8a90bb4a6f4ccd084d49cb44af80f1a2f74d35553e6e41b4f393a
instances/corrected_v2_reduced_suite/evaluation_critical/evaluation/critical/instance_u40_a20_v5_seed1002_critical.txt,aee0a6b7ec9777049ee75f53a345d8b1b5d4d3de33e8d3f6c9559f510624b169,40,20,5,critical,1,4,1,4,1,0.25,200,721,16,0,200/721/16/0,6e86ec5661139339483e20c62e72da67812fe5cfa175ba51b784c3ec4c9b4d04
instances/corrected_v2_reduced_suite/evaluation_critical/evaluation/critical/instance_u40_a20_v5_seed1002_critical.txt,aee0a6b7ec9777049ee75f53a345d8b1b5d4d3de33e8d3f6c9559f510624b169,40,20,5,critical,4,1,4,1,1,4.0,200,729,3,16,200/729/3/16,bc27910fd464f496a0802232300c85519ea7297e7bc86f89db13db81af55c6a2
instances/corrected_v2_reduced_suite/evaluation_critical/evaluation/critical/instance_u40_a15_v5_seed1002_critical.txt,fbf890b517ed96fe2ae987767a36e6554398d327dac819b9cc3837ab221b32da,40,15,5,critical,1,4,1,4,1,0.25,200,722,19,0,200/722/19/0,bdad70b4c04ebeb306830c47475b1194477849b73b7febd17ea7e69c63009c8b
instances/corrected_v2_reduced_suite/evaluation_critical/evaluation/critical/instance_u40_a15_v5_seed1002_critical.txt,fbf890b517ed96fe2ae987767a36e6554398d327dac819b9cc3837ab221b32da,40,15,5,critical,8,1,8,1,1,8.0,200,723,4,17,200/723/4/17,0b5b80544a0abba4bf9ff585686e9105a4b2f785e2d1beae0f6e249316a935a6
instances/corrected_v2_reduced_suite/evaluation_critical/evaluation/critical/instance_u40_a15_v5_seed1002_critical.txt,fbf890b517ed96fe2ae987767a36e6554398d327dac819b9cc3837ab221b32da,40,15,5,critical,4,8,1,2,1,0.5,200,696,6,0,200/696/6/0,d0d5f006023d240dff1c94f4ca9fedd7b19c749b6276faaede5a031b22c66232
instances/corrected_v2_reduced_suite/evaluation_critical/evaluation/critical/instance_u40_a15_v5_seed1002_critical.txt,fbf890b517ed96fe2ae987767a36e6554398d327dac819b9cc3837ab221b32da,40,15,5,critical,8,8,1,1,1,1.0,200,686,4,0,200/686/4/0,70394a83c2d6421422b2ac0df99f41f3ae377f5fd8d5f41142e9c9621f47150d
instances/corrected_v2_reduced_suite/evaluation_critical/evaluation/critical/instance_u40_a15_v5_seed1002_critical.txt,fbf890b517ed96fe2ae987767a36e6554398d327dac819b9cc3837ab221b32da,40,15,5,critical,8,4,2,1,1,2.0,200,686,4,0,200/686/4/0,4165d381abd60ff5a72c3797be3c28075064cdb38754a7c60859bd57b8f244be
instances/corrected_v2_reduced_suite/evaluation_critical/evaluation/critical/instance_u40_a15_v5_seed1002_critical.txt,fbf890b517ed96fe2ae987767a36e6554398d327dac819b9cc3837ab221b32da,40,15,5,critical,1,1,1,1,1,1.0,200,746,16,16,200/746/16/16,0429e629979449bbf0da5ec5c0dee37e2117c6bcb4e27d49f1bd540eab495949
instances/corrected_v2_reduced_suite/evaluation_critical/evaluation/critical/instance_u40_a15_v5_seed1002_critical.txt,fbf890b517ed96fe2ae987767a36e6554398d327dac819b9cc3837ab221b32da,40,15,5,critical,1,8,1,8,1,0.125,200,722,19,0,200/722/19/0,2899558234bb810be9844a9f5556ba6012b2b019d45822f1cef44aa5f753627f
instances/corrected_v2_reduced_suite/evaluation_critical/evaluation/critical/instance_u40_a15_v5_seed1002_critical.txt,fbf890b517ed96fe2ae987767a36e6554398d327dac819b9cc3837ab221b32da,40,15,5,critical,4,1,4,1,1,4.0,200,728,5,17,200/728/5/17,61a15252b7a2cd03ee218e794daa1ecbaeef25ad856baf016212e94e23a07f1c
instances/corrected_v2_reduced_suite/evaluation_critical/evaluation/critical/instance_u40_a15_v5_seed1002_critical.txt,fbf890b517ed96fe2ae987767a36e6554398d327dac819b9cc3837ab221b32da,40,15,5,critical,4,4,1,1,1,1.0,200,700,6,1,200/700/6/1,4df8708b24f0a2b3ee71caf58975bb91329ce2203597abada93d097234e0416e
instances/corrected_v2_reduced_suite/evaluation_critical/evaluation/critical/instance_u40_a15_v4_seed1003_critical.txt,60b67ddc948fc1382700a5f01082aad04d5d3d19d708c2351412f697e9f9ead7,40,15,4,critical,4,1,4,1,1,4.0,160,557,1,12,160/557/1/12,4a52a8f48487db22721748a8bd7f511e9f237bce400c3e21f42666d0ac3598d2
instances/corrected_v2_reduced_suite/evaluation_critical/evaluation/critical/instance_u40_a15_v4_seed1003_critical.txt,60b67ddc948fc1382700a5f01082aad04d5d3d19d708c2351412f697e9f9ead7,40,15,4,critical,1,1,1,1,1,1.0,160,569,8,13,160/569/8/13,5f4b6c6fb3df1fafb6247e0d1f324ddb360a8c3bb183c735250918a4764c4bc3
instances/corrected_v2_reduced_suite/evaluation_critical/evaluation/critical/instance_u40_a15_v4_seed1003_critical.txt,60b67ddc948fc1382700a5f01082aad04d5d3d19d708c2351412f697e9f9ead7,40,15,4,critical,1,4,1,4,1,0.25,160,550,9,0,160/550/9/0,c4b6aab0eae7e3e79ec064fc5ea028a7c27d81aca19b6633df8ebe2fa0d40bb8
instances/corrected_v2_reduced_suite/evaluation_critical/evaluation/critical/instance_u40_a15_v4_seed1003_critical.txt,60b67ddc948fc1382700a5f01082aad04d5d3d19d708c2351412f697e9f9ead7,40,15,4,critical,8,1,8,1,1,8.0,160,549,0,12,160/549/0/12,71f563dac3b15b9ef462178dfb093911dc73545e3d0b41cb135297281d5a66c5
instances/corrected_v2_reduced_suite/evaluation_critical/evaluation/critical/instance_u40_a15_v4_seed1003_critical.txt,60b67ddc948fc1382700a5f01082aad04d5d3d19d708c2351412f697e9f9ead7,40,15,4,critical,1,8,1,8,1,0.125,160,551,10,0,160/551/10/0,5d726520da13c8780079c6b7be7eb7079c8b40632330ca68aec68da1eec280e5
instances/corrected_v2_reduced_suite/evaluation_critical/evaluation/critical/instance_u40_a15_v4_seed1003_critical.txt,60b67ddc948fc1382700a5f01082aad04d5d3d19d708c2351412f697e9f9ead7,40,15,4,critical,8,4,2,1,1,2.0,160,534,1,0,160/534/1/0,e816523ada9fbc4c18a696c66d903c7756d0abdd8917952ea500c33b4da9ee0b
instances/corrected_v2_reduced_suite/evaluation_critical/evaluation/critical/instance_u40_a15_v4_seed1003_critical.txt,60b67ddc948fc1382700a5f01082aad04d5d3d19d708c2351412f697e9f9ead7,40,15,4,critical,4,8,1,2,1,0.5,160,534,1,0,160/534/1/0,67099f276e3a3923616258e275f4c0c41cc7d1c5b67e81da59f83f3e35d00e28
instances/corrected_v2_reduced_suite/evaluation_critical/evaluation/critical/instance_u40_a15_v4_seed1003_critical.txt,60b67ddc948fc1382700a5f01082aad04d5d3d19d708c2351412f697e9f9ead7,40,15,4,critical,4,4,1,1,1,1.0,160,538,2,0,160/538/2/0,650106843fab0f8673d1274bc2a31bfdf85efc1a80b89968aba7e24027a4d74a
instances/corrected_v2_reduced_suite/evaluation_critical/evaluation/critical/instance_u40_a15_v4_seed1003_critical.txt,60b67ddc948fc1382700a5f01082aad04d5d3d19d708c2351412f697e9f9ead7,40,15,4,critical,8,8,1,1,1,1.0,160,534,1,0,160/534/1/0,ae049f883f7d11938d0cc91a2e24fc13c18711cdb8cd3c04fb4ac04e453ef904
instances/corrected_v2_reduced_suite/evaluation_critical/evaluation/critical/instance_u30_a15_v4_seed1003_critical.txt,1a2fbafb2974a05729c7a458b27e009b17a67dbbf649967446361307f7e124a3,30,15,4,critical,1,1,1,1,1,1.0,120,423,4,0,120/423/4/0,8974b954d48a9de584e7d732243900837462d16535d37924969c7f747d0baae1
instances/corrected_v2_reduced_suite/evaluation_critical/evaluation/critical/instance_u30_a15_v4_seed1003_critical.txt,1a2fbafb2974a05729c7a458b27e009b17a67dbbf649967446361307f7e124a3,30,15,4,critical,4,1,4,1,1,4.0,120,418,0,3,120/418/0/3,2eb8733a4baff545b3deb45019ad61b661f9acd1ff14aecf6c966821502f2289
instances/corrected_v2_reduced_suite/evaluation_critical/evaluation/critical/instance_u30_a15_v4_seed1003_critical.txt,1a2fbafb2974a05729c7a458b27e009b17a67dbbf649967446361307f7e124a3,30,15,4,critical,1,8,1,8,1,0.125,120,424,5,0,120/424/5/0,c0f3a1e32019988faed70d7953cc782ce5df04591acbb84b6d79ef299158feac
instances/corrected_v2_reduced_suite/evaluation_critical/evaluation/critical/instance_u30_a15_v4_seed1003_critical.txt,1a2fbafb2974a05729c7a458b27e009b17a67dbbf649967446361307f7e124a3,30,15,4,critical,4,8,1,2,1,0.5,120,415,0,0,120/415/0/0,7ef8e691904a304fa77d3baa36a08189bfaa6d9ff2eecf2df72de51cec3e6fe0
instances/corrected_v2_reduced_suite/evaluation_critical/evaluation/critical/instance_u30_a15_v4_seed1003_critical.txt,1a2fbafb2974a05729c7a458b27e009b17a67dbbf649967446361307f7e124a3,30,15,4,critical,8,1,8,1,1,8.0,120,418,0,3,120/418/0/3,8030b4ae13d0eeb7c93fdb09c6ebdc993277e26f2a717077d33cdf0dd71d952f
instances/corrected_v2_reduced_suite/evaluation_critical/evaluation/critical/instance_u30_a15_v4_seed1003_critical.txt,1a2fbafb2974a05729c7a458b27e009b17a67dbbf649967446361307f7e124a3,30,15,4,critical,8,8,1,1,1,1.0,120,415,0,0,120/415/0/0,b3c3b0edc2c85f44c4e280bab9e6af14eedb386cb4eac72b14bf03de0f030d70
instances/corrected_v2_reduced_suite/evaluation_critical/evaluation/critical/instance_u30_a15_v4_seed1003_critical.txt,1a2fbafb2974a05729c7a458b27e009b17a67dbbf649967446361307f7e124a3,30,15,4,critical,4,4,1,1,1,1.0,120,415,0,0,120/415/0/0,e739c0729856b264e7891b41f1a5368092f2ae95540d32d464c813d0933f9ad1
instances/corrected_v2_reduced_suite/evaluation_critical/evaluation/critical/instance_u30_a15_v4_seed1003_critical.txt,1a2fbafb2974a05729c7a458b27e009b17a67dbbf649967446361307f7e124a3,30,15,4,critical,1,4,1,4,1,0.25,120,424,5,0,120/424/5/0,b77bed2a21ca7d4c6c9eafedea2aa39ebca715afc86df6e37ae12c51e1114f13
instances/corrected_v2_reduced_suite/evaluation_critical/evaluation/critical/instance_u30_a15_v4_seed1003_critical.txt,1a2fbafb2974a05729c7a458b27e009b17a67dbbf649967446361307f7e124a3,30,15,4,critical,8,4,2,1,1,2.0,120,415,0,0,120/415/0/0,ebfea6c64d44edf6524e029365ad5592256de2a1b218d1604f01c38ba58e5ac6
instances/corrected_v2_reduced_suite/evaluation_critical/evaluation/critical/instance_u30_a10_v5_seed1003_critical.txt,f927ebb65ee27c08aa667987adf8f8a250da1264d79c4928cd88971e4a6b004e,30,10,5,critical,1,8,1,8,1,0.125,150,508,9,0,150/508/9/0,f15bee12cc652897d3be5ee64e7f1534915d43afae03182bc8f3304ac29d015c
instances/corrected_v2_reduced_suite/evaluation_critical/evaluation/critical/instance_u30_a10_v5_seed1003_critical.txt,f927ebb65ee27c08aa667987adf8f8a250da1264d79c4928cd88971e4a6b004e,30,10,5,critical,4,8,1,2,1,0.5,150,494,1,0,150/494/1/0,3b29a09c17a219033da183cfc63e91ebc51ea51fe6cd0c01e20ac508127e95b0
instances/corrected_v2_reduced_suite/evaluation_critical/evaluation/critical/instance_u30_a10_v5_seed1003_critical.txt,f927ebb65ee27c08aa667987adf8f8a250da1264d79c4928cd88971e4a6b004e,30,10,5,critical,1,4,1,4,1,0.25,150,509,10,0,150/509/10/0,25a1fe2343ef8c917a599a42786ea8f661f106697931dac8fb54a496f55b22e9
instances/corrected_v2_reduced_suite/evaluation_critical/evaluation/critical/instance_u30_a10_v5_seed1003_critical.txt,f927ebb65ee27c08aa667987adf8f8a250da1264d79c4928cd88971e4a6b004e,30,10,5,critical,4,1,4,1,1,4.0,150,503,1,6,150/503/1/6,be13d9d2250fa206bf27368a6d317f1e9be13520f0dffdbc7208d668e447dc95
instances/corrected_v2_reduced_suite/evaluation_critical/evaluation/critical/instance_u30_a10_v5_seed1003_critical.txt,f927ebb65ee27c08aa667987adf8f8a250da1264d79c4928cd88971e4a6b004e,30,10,5,critical,8,8,1,1,1,1.0,150,487,0,0,150/487/0/0,e1f089b24a21e22625223988ad4066a5ad7ea3adcf5a61402a62a76a6acdec3d
instances/corrected_v2_reduced_suite/evaluation_critical/evaluation/critical/instance_u30_a10_v5_seed1003_critical.txt,f927ebb65ee27c08aa667987adf8f8a250da1264d79c4928cd88971e4a6b004e,30,10,5,critical,8,4,2,1,1,2.0,150,487,0,0,150/487/0/0,df7c9fc2f18f181968f6cb6fcfd9ed7a0ab017b2aa2e65f5c58ba80b73308394
instances/corrected_v2_reduced_suite/evaluation_critical/evaluation/critical/instance_u30_a10_v5_seed1003_critical.txt,f927ebb65ee27c08aa667987adf8f8a250da1264d79c4928cd88971e4a6b004e,30,10,5,critical,1,1,1,1,1,1.0,150,514,7,7,150/514/7/7,25a35b40689782b54c1e4abf902fa23062ef24655641aa073fd937b27a6360bd
instances/corrected_v2_reduced_suite/evaluation_critical/evaluation/critical/instance_u30_a10_v5_seed1003_critical.txt,f927ebb65ee27c08aa667987adf8f8a250da1264d79c4928cd88971e4a6b004e,30,10,5,critical,8,1,8,1,1,8.0,150,498,0,8,150/498/0/8,7ca1f5c3b4b5307a2579f07bb962667460b8379bc2b454fb87d0802b1c5397ba
instances/corrected_v2_reduced_suite/evaluation_critical/evaluation/critical/instance_u30_a10_v5_seed1003_critical.txt,f927ebb65ee27c08aa667987adf8f8a250da1264d79c4928cd88971e4a6b004e,30,10,5,critical,4,4,1,1,1,1.0,150,494,1,0,150/494/1/0,13ae15de37aad9e86935848d9ae0841b60e05e960c07df539804f950da8884b9
instances/corrected_v2_reduced_suite/evaluation_critical/evaluation/critical/instance_u30_a15_v5_seed1003_critical.txt,64a7b2c2ff975f7b043d37a3b7cd606305b2dcbf5aed735f467f0ff6c51b422e,30,15,5,critical,8,1,8,1,1,8.0,150,503,0,8,150/503/0/8,2cce9c1b894069a36eb1586ee94e5f330c031f10ccea6cffbe651ac1589c27e2
instances/corrected_v2_reduced_suite/evaluation_critical/evaluation/critical/instance_u30_a15_v5_seed1003_critical.txt,64a7b2c2ff975f7b043d37a3b7cd606305b2dcbf5aed735f467f0ff6c51b422e,30,15,5,critical,4,8,1,2,1,0.5,150,503,2,0,150/503/2/0,99d223adb89e68e2246204a81e0970c66b5023fd13ac909952c0e67c6d27eb8e
instances/corrected_v2_reduced_suite/evaluation_critical/evaluation/critical/instance_u30_a15_v5_seed1003_critical.txt,64a7b2c2ff975f7b043d37a3b7cd606305b2dcbf5aed735f467f0ff6c51b422e,30,15,5,critical,1,8,1,8,1,0.125,150,516,8,0,150/516/8/0,8651dcf7c355cc4a94aa88bc98ac63a1031d441eb3806e3e11c9b41cd940ae58
instances/corrected_v2_reduced_suite/evaluation_critical/evaluation/critical/instance_u30_a15_v5_seed1003_critical.txt,64a7b2c2ff975f7b043d37a3b7cd606305b2dcbf5aed735f467f0ff6c51b422e,30,15,5,critical,8,8,1,1,1,1.0,150,499,1,0,150/499/1/0,860e54c6ef7e04bcc6d3d697629e4500b2a0ff85cbd8e3393c4e582c0a392164
instances/corrected_v2_reduced_suite/evaluation_critical/evaluation/critical/instance_u30_a15_v5_seed1003_critical.txt,64a7b2c2ff975f7b043d37a3b7cd606305b2dcbf5aed735f467f0ff6c51b422e,30,15,5,critical,4,1,4,1,1,4.0,150,509,1,6,150/509/1/6,36759f5ea734e62a4847415ca58475cc541a3685b25425188641b3eca4fa395b
instances/corrected_v2_reduced_suite/evaluation_critical/evaluation/critical/instance_u30_a15_v5_seed1003_critical.txt,64a7b2c2ff975f7b043d37a3b7cd606305b2dcbf5aed735f467f0ff6c51b422e,30,15,5,critical,8,4,2,1,1,2.0,150,499,1,0,150/499/1/0,50d9fc085808b9bc713f853affa01301ab0c3aa6664e2cca3b5d3e2ba67805b5
instances/corrected_v2_reduced_suite/evaluation_critical/evaluation/critical/instance_u30_a15_v5_seed1003_critical.txt,64a7b2c2ff975f7b043d37a3b7cd606305b2dcbf5aed735f467f0ff6c51b422e,30,15,5,critical,1,4,1,4,1,0.25,150,516,8,0,150/516/8/0,6b1db6c9b9eff1087bdb033bcfdda3c5ae470344106baba7d057d5047cff3fce
instances/corrected_v2_reduced_suite/evaluation_critical/evaluation/critical/instance_u30_a15_v5_seed1003_critical.txt,64a7b2c2ff975f7b043d37a3b7cd606305b2dcbf5aed735f467f0ff6c51b422e,30,15,5,critical,1,1,1,1,1,1.0,150,522,6,7,150/522/6/7,73888a7f9b0bdb6cede373096c5b1113865c085db4d3160e7c51c357e7606df1
instances/corrected_v2_reduced_suite/evaluation_critical/evaluation/critical/instance_u30_a15_v5_seed1003_critical.txt,64a7b2c2ff975f7b043d37a3b7cd606305b2dcbf5aed735f467f0ff6c51b422e,30,15,5,critical,4,4,1,1,1,1.0,150,499,1,0,150/499/1/0,4825f264c3b8afda123d5214bc8e995e0f5f485a84b3b078fa789bf84b859a78
instances/corrected_v2_reduced_suite/evaluation_critical/evaluation/critical/instance_u40_a15_v4_seed1001_critical.txt,935abeb825bf65f5eb6f564d142868752b8f09cc140daeead539a193eee52b75,40,15,4,critical,8,1,8,1,1,8.0,160,593,0,11,160/593/0/11,508c448b5f731d243314ecdff5cd461e5b57033669d03c749933686e58c5765e
instances/corrected_v2_reduced_suite/evaluation_critical/evaluation/critical/instance_u40_a15_v4_seed1001_critical.txt,935abeb825bf65f5eb6f564d142868752b8f09cc140daeead539a193eee52b75,40,15,4,critical,1,1,1,1,1,1.0,160,600,2,11,160/600/2/11,e6747ec41adfdfc443be5a0fe9721458615a9f3eac81d48ec9fc6238368b9f88
instances/corrected_v2_reduced_suite/evaluation_critical/evaluation/critical/instance_u40_a15_v4_seed1001_critical.txt,935abeb825bf65f5eb6f564d142868752b8f09cc140daeead539a193eee52b75,40,15,4,critical,8,4,2,1,1,2.0,160,571,0,0,160/571/0/0,6f8666de4886077e1520168c326a00f6a0a4e0f93f403466012f2ef6a885726c
instances/corrected_v2_reduced_suite/evaluation_critical/evaluation/critical/instance_u40_a15_v4_seed1001_critical.txt,935abeb825bf65f5eb6f564d142868752b8f09cc140daeead539a193eee52b75,40,15,4,critical,4,8,1,2,1,0.5,160,577,1,0,160/577/1/0,b33da1baa3bab51d9745252597cd337a7b472efea2275fd7c712468b5f87ae6f
instances/corrected_v2_reduced_suite/evaluation_critical/evaluation/critical/instance_u40_a15_v4_seed1001_critical.txt,935abeb825bf65f5eb6f564d142868752b8f09cc140daeead539a193eee52b75,40,15,4,critical,4,1,4,1,1,4.0,160,599,1,12,160/599/1/12,fea72a04613565fa4246dcf833a2110407662d43a844ba8beb7bcb8389724734
instances/corrected_v2_reduced_suite/evaluation_critical/evaluation/critical/instance_u40_a15_v4_seed1001_critical.txt,935abeb825bf65f5eb6f564d142868752b8f09cc140daeead539a193eee52b75,40,15,4,critical,1,8,1,8,1,0.125,160,582,4,0,160/582/4/0,d7268b6abfc464da36bc21222dfba2550672abf725ba8f6ee7010846da44977b
instances/corrected_v2_reduced_suite/evaluation_critical/evaluation/critical/instance_u40_a15_v4_seed1001_critical.txt,935abeb825bf65f5eb6f564d142868752b8f09cc140daeead539a193eee52b75,40,15,4,critical,1,4,1,4,1,0.25,160,582,4,0,160/582/4/0,8fa2780eda701c8fbae5832c359dcce11050285e40341e0f9c9ef4bd44d795b9
instances/corrected_v2_reduced_suite/evaluation_critical/evaluation/critical/instance_u40_a15_v4_seed1001_critical.txt,935abeb825bf65f5eb6f564d142868752b8f09cc140daeead539a193eee52b75,40,15,4,critical,8,8,1,1,1,1.0,160,571,0,0,160/571/0/0,2684bd144add1ddd326ff19e35516ce56e72bbe5fa3ecc852e94fda9ef66c891
instances/corrected_v2_reduced_suite/evaluation_critical/evaluation/critical/instance_u40_a15_v4_seed1001_critical.txt,935abeb825bf65f5eb6f564d142868752b8f09cc140daeead539a193eee52b75,40,15,4,critical,4,4,1,1,1,1.0,160,577,1,0,160/577/1/0,39f88b7be6bd21496b7f55a812d545f914e2be2b93f986526cd2e599ba639267
instances/corrected_v2_reduced_suite/evaluation_critical/evaluation/critical/instance_u40_a15_v5_seed1003_critical.txt,08c9dd197d381bb1f7911fb0a8737b245d2c574183b871f4ce8688d8a15bcd12,40,15,5,critical,1,4,1,4,1,0.25,200,701,14,0,200/701/14/0,edeb681626e0dbac6057162bd824f5134bad4e625c1516b560f864dd9031a166
instances/corrected_v2_reduced_suite/evaluation_critical/evaluation/critical/instance_u40_a15_v5_seed1003_critical.txt,08c9dd197d381bb1f7911fb0a8737b245d2c574183b871f4ce8688d8a15bcd12,40,15,5,critical,8,1,8,1,1,8.0,200,694,1,14,200/694/1/14,d3784023c299e032a1c880305c2cb728aea127ef726e9a20a42f43e0564889ea
instances/corrected_v2_reduced_suite/evaluation_critical/evaluation/critical/instance_u40_a15_v5_seed1003_critical.txt,08c9dd197d381bb1f7911fb0a8737b245d2c574183b871f4ce8688d8a15bcd12,40,15,5,critical,4,8,1,2,1,0.5,200,683,4,0,200/683/4/0,e31ff6888adceb928dbbf1ff363e1ea6071adc99167652936e1fc4fbeabaca47
instances/corrected_v2_reduced_suite/evaluation_critical/evaluation/critical/instance_u40_a15_v5_seed1003_critical.txt,08c9dd197d381bb1f7911fb0a8737b245d2c574183b871f4ce8688d8a15bcd12,40,15,5,critical,1,8,1,8,1,0.125,200,700,13,0,200/700/13/0,f4baa72273baf95357ed17270c31d236ef896631ab1670b7a2635331575a9a61
instances/corrected_v2_reduced_suite/evaluation_critical/evaluation/critical/instance_u40_a15_v5_seed1003_critical.txt,08c9dd197d381bb1f7911fb0a8737b245d2c574183b871f4ce8688d8a15bcd12,40,15,5,critical,8,4,2,1,1,2.0,200,669,1,0,200/669/1/0,c9b915ff136968e6dfa71478ad2d6dde74f3489b480de49fe6b809db6f6468d6
instances/corrected_v2_reduced_suite/evaluation_critical/evaluation/critical/instance_u40_a15_v5_seed1003_critical.txt,08c9dd197d381bb1f7911fb0a8737b245d2c574183b871f4ce8688d8a15bcd12,40,15,5,critical,4,1,4,1,1,4.0,200,702,3,13,200/702/3/13,9ccf8cac08bd864f906d652322f0180baaddcabc2b398d03232238ed3bdf524a
instances/corrected_v2_reduced_suite/evaluation_critical/evaluation/critical/instance_u40_a15_v5_seed1003_critical.txt,08c9dd197d381bb1f7911fb0a8737b245d2c574183b871f4ce8688d8a15bcd12,40,15,5,critical,8,8,1,1,1,1.0,200,669,1,0,200/669/1/0,6a4e9eb95702a1258d8781344e1a9cb2049915941675f9d9fc8c7f071b629e99
instances/corrected_v2_reduced_suite/evaluation_critical/evaluation/critical/instance_u40_a15_v5_seed1003_critical.txt,08c9dd197d381bb1f7911fb0a8737b245d2c574183b871f4ce8688d8a15bcd12,40,15,5,critical,4,4,1,1,1,1.0,200,679,3,0,200/679/3/0,19b0941d48c5abcabfb39128562c9dbe48acdfa0c69a31a15347e935bf98da47
instances/corrected_v2_reduced_suite/evaluation_critical/evaluation/critical/instance_u40_a15_v5_seed1003_critical.txt,08c9dd197d381bb1f7911fb0a8737b245d2c574183b871f4ce8688d8a15bcd12,40,15,5,critical,1,1,1,1,1,1.0,200,712,10,10,200/712/10/10,8f853e0e960905127cf9a0e0ed7f0bfeea15bbb886b12cc46337072c2fdf104b
instances/corrected_v2_reduced_suite/evaluation_critical/evaluation/critical/instance_u40_a25_v5_seed1002_critical.txt,6a86d9e04419d5434a8ac83437d7b4c9067045575a2a45a9a29888e5d862b401,40,25,5,critical,8,8,1,1,1,1.0,200,701,3,0,200/701/3/0,ab3633739344a5616c12d3c8e314b64d7a48565bdd4bf9ac30d6526a795563ae
instances/corrected_v2_reduced_suite/evaluation_critical/evaluation/critical/instance_u40_a25_v5_seed1002_critical.txt,6a86d9e04419d5434a8ac83437d7b4c9067045575a2a45a9a29888e5d862b401,40,25,5,critical,4,8,1,2,1,0.5,200,713,5,0,200/713/5/0,fbc085c3076f15ba576d6b29cca25d47d73a8a0e5859b4b800d02c1072adfa92
instances/corrected_v2_reduced_suite/evaluation_critical/evaluation/critical/instance_u40_a25_v5_seed1002_critical.txt,6a86d9e04419d5434a8ac83437d7b4c9067045575a2a45a9a29888e5d862b401,40,25,5,critical,1,1,1,1,1,1.0,200,750,12,12,200/750/12/12,f9380a00fd4ff5b52220f7bd08b372e306c9f5fcf1907e6db11790418e9ab7d1
instances/corrected_v2_reduced_suite/evaluation_critical/evaluation/critical/instance_u40_a25_v5_seed1002_critical.txt,6a86d9e04419d5434a8ac83437d7b4c9067045575a2a45a9a29888e5d862b401,40,25,5,critical,1,8,1,8,1,0.125,200,732,16,0,200/732/16/0,9d81cbce54b7205b8e3216c09410170cfdaacc76809b215d138be5c8c01fcc00
instances/corrected_v2_reduced_suite/evaluation_critical/evaluation/critical/instance_u40_a25_v5_seed1002_critical.txt,6a86d9e04419d5434a8ac83437d7b4c9067045575a2a45a9a29888e5d862b401,40,25,5,critical,4,1,4,1,1,4.0,200,739,3,17,200/739/3/17,9fba42455856fb1e730f12971b3511377c28971c511190819c4172cf420beefc
instances/corrected_v2_reduced_suite/evaluation_critical/evaluation/critical/instance_u40_a25_v5_seed1002_critical.txt,6a86d9e04419d5434a8ac83437d7b4c9067045575a2a45a9a29888e5d862b401,40,25,5,critical,4,4,1,1,1,1.0,200,713,5,0,200/713/5/0,51829b72a9b61deb941cdbb21e6e700997c232ea3f716ecc5845484180ed1a94
instances/corrected_v2_reduced_suite/evaluation_critical/evaluation/critical/instance_u40_a25_v5_seed1002_critical.txt,6a86d9e04419d5434a8ac83437d7b4c9067045575a2a45a9a29888e5d862b401,40,25,5,critical,8,4,2,1,1,2.0,200,709,2,3,200/709/2/3,e9255147e92f5cff6ceb0b0873b43dce7f56901bc5e2e6a671164f20f6d62050
instances/corrected_v2_reduced_suite/evaluation_critical/evaluation/critical/instance_u40_a25_v5_seed1002_critical.txt,6a86d9e04419d5434a8ac83437d7b4c9067045575a2a45a9a29888e5d862b401,40,25,5,critical,8,1,8,1,1,8.0,200,731,2,14,200/731/2/14,24b5b29b77b96cdcb171bffb546fa2e3a85bbd542de6634452352ebe84029307
instances/corrected_v2_reduced_suite/evaluation_critical/evaluation/critical/instance_u40_a25_v5_seed1002_critical.txt,6a86d9e04419d5434a8ac83437d7b4c9067045575a2a45a9a29888e5d862b401,40,25,5,critical,1,4,1,4,1,0.25,200,731,15,0,200/731/15/0,d369d68208610b97d054943841b88487bc4d55c5f36ff1af567cd7a64a9b5f03
instances/corrected_v2_reduced_suite/evaluation_critical/evaluation/critical/instance_u30_a10_v4_seed1001_critical.txt,0a4cc1c9eac79eca9e0861f05de893ae18e2c331afdb25b03c6efb933da1d71a,30,10,4,critical,4,4,1,1,1,1.0,120,414,0,1,120/414/0/1,b743a07ec7447c5a12966d94258ac88aca383f8f7f20a1cc24d06fa1be7d234d
instances/corrected_v2_reduced_suite/evaluation_critical/evaluation/critical/instance_u30_a10_v4_seed1001_critical.txt,0a4cc1c9eac79eca9e0861f05de893ae18e2c331afdb25b03c6efb933da1d71a,30,10,4,critical,4,8,1,2,1,0.5,120,410,0,0,120/410/0/0,d21e78a9d10f3c149ea69d42e6d7fca88267e558e43db3e8eaf459666ad9ef42
instances/corrected_v2_reduced_suite/evaluation_critical/evaluation/critical/instance_u30_a10_v4_seed1001_critical.txt,0a4cc1c9eac79eca9e0861f05de893ae18e2c331afdb25b03c6efb933da1d71a,30,10,4,critical,1,8,1,8,1,0.125,120,413,3,0,120/413/3/0,583dd4748228c770a7140c88d643aa65470174aec50dd40a42e5f540253046dd
instances/corrected_v2_reduced_suite/evaluation_critical/evaluation/critical/instance_u30_a10_v4_seed1001_critical.txt,0a4cc1c9eac79eca9e0861f05de893ae18e2c331afdb25b03c6efb933da1d71a,30,10,4,critical,8,8,1,1,1,1.0,120,410,0,0,120/410/0/0,bc5c3f683e4e590e21e8fc55e4fc77b1947df9ae2c11e038f3e46da315608d37
instances/corrected_v2_reduced_suite/evaluation_critical/evaluation/critical/instance_u30_a10_v4_seed1001_critical.txt,0a4cc1c9eac79eca9e0861f05de893ae18e2c331afdb25b03c6efb933da1d71a,30,10,4,critical,1,1,1,1,1,1.0,120,439,0,12,120/439/0/12,2f5f0035ee2e929d07f99a08f5c6e54cce954f1cdeda4666265f8e083b625ebd
instances/corrected_v2_reduced_suite/evaluation_critical/evaluation/critical/instance_u30_a10_v4_seed1001_critical.txt,0a4cc1c9eac79eca9e0861f05de893ae18e2c331afdb25b03c6efb933da1d71a,30,10,4,critical,8,1,8,1,1,8.0,120,441,0,14,120/441/0/14,48a22402feb728f50c6d37b5e12e93150204a32a78daedcfb7fa57240c4ccdc7
instances/corrected_v2_reduced_suite/evaluation_critical/evaluation/critical/instance_u30_a10_v4_seed1001_critical.txt,0a4cc1c9eac79eca9e0861f05de893ae18e2c331afdb25b03c6efb933da1d71a,30,10,4,critical,8,4,2,1,1,2.0,120,414,0,1,120/414/0/1,e55742a71b08cd9f947dc62049f80b4b32254084e3dfa300cafde9f7b17abbcb
instances/corrected_v2_reduced_suite/evaluation_critical/evaluation/critical/instance_u30_a10_v4_seed1001_critical.txt,0a4cc1c9eac79eca9e0861f05de893ae18e2c331afdb25b03c6efb933da1d71a,30,10,4,critical,4,1,4,1,1,4.0,120,441,0,14,120/441/0/14,22ae9655144bae4624157fa47f94e10d23a3bd3ecb6f675492215f66ec733f62
instances/corrected_v2_reduced_suite/evaluation_critical/evaluation/critical/instance_u30_a10_v4_seed1001_critical.txt,0a4cc1c9eac79eca9e0861f05de893ae18e2c331afdb25b03c6efb933da1d71a,30,10,4,critical,1,4,1,4,1,0.25,120,416,2,1,120/416/2/1,2a444127dafe2ecff4c05c1d792a780d0f6186f61b6d78cd460a87d019c3eba6
instances/corrected_v2_reduced_suite/evaluation_critical/evaluation/critical/instance_u40_a15_v5_seed1001_critical.txt,addefcd65569a464f6ade877201060bec8b3edf54c9784bd4a2ce47e7fa65a0a,40,15,5,critical,4,1,4,1,1,4.0,200,746,1,15,200/746/1/15,6c4948990ce288a1ad1fff8d38df523c4564318acc741b5146efc80cc03c8293
instances/corrected_v2_reduced_suite/evaluation_critical/evaluation/critical/instance_u40_a15_v5_seed1001_critical.txt,addefcd65569a464f6ade877201060bec8b3edf54c9784bd4a2ce47e7fa65a0a,40,15,5,critical,8,4,2,1,1,2.0,200,712,0,0,200/712/0/0,5f352390aaa613740ca3292d4adff3979608175358c8e21d5dac4e1e34515143
instances/corrected_v2_reduced_suite/evaluation_critical/evaluation/critical/instance_u40_a15_v5_seed1001_critical.txt,addefcd65569a464f6ade877201060bec8b3edf54c9784bd4a2ce47e7fa65a0a,40,15,5,critical,8,1,8,1,1,8.0,200,742,0,16,200/742/0/16,a7a34645fe75e80acbfe97f36745434624cc70e4b703841b4d966705a1911819
instances/corrected_v2_reduced_suite/evaluation_critical/evaluation/critical/instance_u40_a15_v5_seed1001_critical.txt,addefcd65569a464f6ade877201060bec8b3edf54c9784bd4a2ce47e7fa65a0a,40,15,5,critical,8,8,1,1,1,1.0,200,712,0,0,200/712/0/0,1da3d059e4aa12c9890896623a889358f81efa929b61f296ec8146078bb993e8
instances/corrected_v2_reduced_suite/evaluation_critical/evaluation/critical/instance_u40_a15_v5_seed1001_critical.txt,addefcd65569a464f6ade877201060bec8b3edf54c9784bd4a2ce47e7fa65a0a,40,15,5,critical,4,8,1,2,1,0.5,200,718,1,0,200/718/1/0,e8c8aac0099b240a85d5df02b621b456853f2827993e1158e89dadf816c86c97
instances/corrected_v2_reduced_suite/evaluation_critical/evaluation/critical/instance_u40_a15_v5_seed1001_critical.txt,addefcd65569a464f6ade877201060bec8b3edf54c9784bd4a2ce47e7fa65a0a,40,15,5,critical,1,4,1,4,1,0.25,200,724,4,0,200/724/4/0,6155e279365cfc17c5613f79d37a7f360feaceaa36670b30e31b4fef02516a09
instances/corrected_v2_reduced_suite/evaluation_critical/evaluation/critical/instance_u40_a15_v5_seed1001_critical.txt,addefcd65569a464f6ade877201060bec8b3edf54c9784bd4a2ce47e7fa65a0a,40,15,5,critical,4,4,1,1,1,1.0,200,718,1,0,200/718/1/0,3c55462dabb266f9e192067499814c0c7ab21feb09eb00a25656865b9ea3f067
instances/corrected_v2_reduced_suite/evaluation_critical/evaluation/critical/instance_u40_a15_v5_seed1001_critical.txt,addefcd65569a464f6ade877201060bec8b3edf54c9784bd4a2ce47e7fa65a0a,40,15,5,critical,1,1,1,1,1,1.0,200,748,3,14,200/748/3/14,c178f1768bf57fd0a54391b047a97c43dd87a96d209c10385d11e9cb2cb8545e
instances/corrected_v2_reduced_suite/evaluation_critical/evaluation/critical/instance_u40_a15_v5_seed1001_critical.txt,addefcd65569a464f6ade877201060bec8b3edf54c9784bd4a2ce47e7fa65a0a,40,15,5,critical,1,8,1,8,1,0.125,200,724,4,0,200/724/4/0,a757460b6c709b5ed3bd30d14ed16f879386aa7078fd7cb8cee7076bf589631c
instances/corrected_v2_reduced_suite/evaluation_critical/evaluation/critical/instance_u30_a15_v5_seed1002_critical.txt,62008dec11bbf59cff06c3683881ade351ca92418b870d35d1f1890238c858bd,30,15,5,critical,4,1,4,1,1,4.0,150,546,5,12,150/546/5/12,64e3c474e2fb6440dd0aa66ce186c26e56ff6199f4f00ee2c951fa8b1fae6522
instances/corrected_v2_reduced_suite/evaluation_critical/evaluation/critical/instance_u30_a15_v5_seed1002_critical.txt,62008dec11bbf59cff06c3683881ade351ca92418b870d35d1f1890238c858bd,30,15,5,critical,4,4,1,1,1,1.0,150,534,7,0,150/534/7/0,bfa30e50a77382791629349b938db91877b2d65e7b8882063b74764df309fd19
instances/corrected_v2_reduced_suite/evaluation_critical/evaluation/critical/instance_u30_a15_v5_seed1002_critical.txt,62008dec11bbf59cff06c3683881ade351ca92418b870d35d1f1890238c858bd,30,15,5,critical,1,1,1,1,1,1.0,150,555,8,15,150/555/8/15,06af372484c3784332b1989cb8e1b8f1e3bdecb4a3b803945309fd8d108c813f
instances/corrected_v2_reduced_suite/evaluation_critical/evaluation/critical/instance_u30_a15_v5_seed1002_critical.txt,62008dec11bbf59cff06c3683881ade351ca92418b870d35d1f1890238c858bd,30,15,5,critical,1,8,1,8,1,0.125,150,537,9,0,150/537/9/0,93133ca6fc0a8c9c30094ff8ee0e0bd8517848f2db46cba91a9596a26a8cebf1
instances/corrected_v2_reduced_suite/evaluation_critical/evaluation/critical/instance_u30_a15_v5_seed1002_critical.txt,62008dec11bbf59cff06c3683881ade351ca92418b870d35d1f1890238c858bd,30,15,5,critical,8,4,2,1,1,2.0,150,523,5,0,150/523/5/0,a7358196f7941c7a6c59ab2ff5aa649f9c35a9c49d2e3d1c366453344b32ca42
instances/corrected_v2_reduced_suite/evaluation_critical/evaluation/critical/instance_u30_a15_v5_seed1002_critical.txt,62008dec11bbf59cff06c3683881ade351ca92418b870d35d1f1890238c858bd,30,15,5,critical,8,1,8,1,1,8.0,150,545,5,11,150/545/5/11,271ba684dd22bbbbc6fd07b00f239c665e3eeff0251d981f0d32c1d941050d31
instances/corrected_v2_reduced_suite/evaluation_critical/evaluation/critical/instance_u30_a15_v5_seed1002_critical.txt,62008dec11bbf59cff06c3683881ade351ca92418b870d35d1f1890238c858bd,30,15,5,critical,4,8,1,2,1,0.5,150,534,7,0,150/534/7/0,b9167d6f09ce80de21f5eebf44b2778ef36300255f8ce5530839dad90c1fbc43
instances/corrected_v2_reduced_suite/evaluation_critical/evaluation/critical/instance_u30_a15_v5_seed1002_critical.txt,62008dec11bbf59cff06c3683881ade351ca92418b870d35d1f1890238c858bd,30,15,5,critical,8,8,1,1,1,1.0,150,523,5,0,150/523/5/0,025217b16c000f45d2de93ae39cde6e8b4ef9b6ceab5586bd8cf36e784a098e4
instances/corrected_v2_reduced_suite/evaluation_critical/evaluation/critical/instance_u30_a15_v5_seed1002_critical.txt,62008dec11bbf59cff06c3683881ade351ca92418b870d35d1f1890238c858bd,30,15,5,critical,1,4,1,4,1,0.25,150,537,9,0,150/537/9/0,9a822a395788b4c783c72da45fecb729740d3088ac0d18ddaf641a1f419f09ba
instances/corrected_v2_reduced_suite/evaluation_critical/evaluation/critical/instance_u30_a25_v4_seed1001_critical.txt,7a04660fc90733bd70c078b57f1458a7d6d3407d9182f01d456779938bbe7cac,30,25,4,critical,4,4,1,1,1,1.0,120,424,1,0,120/424/1/0,3f3bc0f0df7428e42e89e1a18733ae1dd796ec03fa4cc870b49062ae80fa9e26
instances/corrected_v2_reduced_suite/evaluation_critical/evaluation/critical/instance_u30_a25_v4_seed1001_critical.txt,7a04660fc90733bd70c078b57f1458a7d6d3407d9182f01d456779938bbe7cac,30,25,4,critical,1,1,1,1,1,1.0,120,450,2,11,120/450/2/11,46c04d14b7ddc5508f5a1947b03eb2d94e0b26167d912d606ca36df01c3a1360
instances/corrected_v2_reduced_suite/evaluation_critical/evaluation/critical/instance_u30_a25_v4_seed1001_critical.txt,7a04660fc90733bd70c078b57f1458a7d6d3407d9182f01d456779938bbe7cac,30,25,4,critical,1,4,1,4,1,0.25,120,426,3,0,120/426/3/0,e474bf8b587353525289592286b6a18fea764fd293bb6380e6966c7739fd4794
instances/corrected_v2_reduced_suite/evaluation_critical/evaluation/critical/instance_u30_a25_v4_seed1001_critical.txt,7a04660fc90733bd70c078b57f1458a7d6d3407d9182f01d456779938bbe7cac,30,25,4,critical,1,8,1,8,1,0.125,120,426,3,0,120/426/3/0,56446f54510af5588b0b5c4058ff601f24d9aa50db1c0c5ea95a4672e3ceb305
instances/corrected_v2_reduced_suite/evaluation_critical/evaluation/critical/instance_u30_a25_v4_seed1001_critical.txt,7a04660fc90733bd70c078b57f1458a7d6d3407d9182f01d456779938bbe7cac,30,25,4,critical,4,8,1,2,1,0.5,120,424,1,0,120/424/1/0,d9321df3143c469016c1cf7e52aafe89c06709766649945a1bf8bce8dd38a73e
instances/corrected_v2_reduced_suite/evaluation_critical/evaluation/critical/instance_u30_a25_v4_seed1001_critical.txt,7a04660fc90733bd70c078b57f1458a7d6d3407d9182f01d456779938bbe7cac,30,25,4,critical,4,1,4,1,1,4.0,120,447,0,11,120/447/0/11,8824e86f160516521b841f312c4470777b08b73931737a06949293dac0324e17
instances/corrected_v2_reduced_suite/evaluation_critical/evaluation/critical/instance_u30_a25_v4_seed1001_critical.txt,7a04660fc90733bd70c078b57f1458a7d6d3407d9182f01d456779938bbe7cac,30,25,4,critical,8,8,1,1,1,1.0,120,419,0,0,120/419/0/0,fced0228e34d2a5ec52743160122511dfde034c3f87394c9727fbbcc90c72859
instances/corrected_v2_reduced_suite/evaluation_critical/evaluation/critical/instance_u30_a25_v4_seed1001_critical.txt,7a04660fc90733bd70c078b57f1458a7d6d3407d9182f01d456779938bbe7cac,30,25,4,critical,8,4,2,1,1,2.0,120,423,0,1,120/423/0/1,3c724694840aae7037457dde6ec7fe3f9a05913d3ace41550a5bd91ee8aac8a7
instances/corrected_v2_reduced_suite/evaluation_critical/evaluation/critical/instance_u30_a25_v4_seed1001_critical.txt,7a04660fc90733bd70c078b57f1458a7d6d3407d9182f01d456779938bbe7cac,30,25,4,critical,8,1,8,1,1,8.0,120,448,0,12,120/448/0/12,68c0e616e84165b7bab58b7bdc860a0a329bd140399fd78b728932e78dce86f1
instances/corrected_v2_reduced_suite/evaluation_critical/evaluation/critical/instance_u40_a10_v5_seed1002_critical.txt,559a4cbe53b4c6b0b9bb730eba6ec962c70e2de70ab1b20d1f420367127f3bf9,40,10,5,critical,8,1,8,1,1,8.0,200,707,4,14,200/707/4/14,8f905a68e59394d91b9b3b9a4f3c3a53f8e82fba58524decad73d09c71e34f66
instances/corrected_v2_reduced_suite/evaluation_critical/evaluation/critical/instance_u40_a10_v5_seed1002_critical.txt,559a4cbe53b4c6b0b9bb730eba6ec962c70e2de70ab1b20d1f420367127f3bf9,40,10,5,critical,4,1,4,1,1,4.0,200,713,5,15,200/713/5/15,e39dc77276159b101f430a86ab4ea6716019457ea7b8581222eab463e52b5ad8
instances/corrected_v2_reduced_suite/evaluation_critical/evaluation/critical/instance_u40_a10_v5_seed1002_critical.txt,559a4cbe53b4c6b0b9bb730eba6ec962c70e2de70ab1b20d1f420367127f3bf9,40,10,5,critical,1,4,1,4,1,0.25,200,709,19,0,200/709/19/0,e2c69dfc260b96b5ef565361202d7c39ff2f7caca9bb9219f83faa7aba16afa6
instances/corrected_v2_reduced_suite/evaluation_critical/evaluation/critical/instance_u40_a10_v5_seed1002_critical.txt,559a4cbe53b4c6b0b9bb730eba6ec962c70e2de70ab1b20d1f420367127f3bf9,40,10,5,critical,4,4,1,1,1,1.0,200,686,6,1,200/686/6/1,d7f91e113135db3bfb5fae0d64bf652c42b5a5e0c3125cdf2c62a5bef6101f3a
instances/corrected_v2_reduced_suite/evaluation_critical/evaluation/critical/instance_u40_a10_v5_seed1002_critical.txt,559a4cbe53b4c6b0b9bb730eba6ec962c70e2de70ab1b20d1f420367127f3bf9,40,10,5,critical,1,1,1,1,1,1.0,200,732,16,15,200/732/16/15,1fad166ceb8f592298097647a0880e80d4f4a9fd66c826904cb35b92f860f78d
instances/corrected_v2_reduced_suite/evaluation_critical/evaluation/critical/instance_u40_a10_v5_seed1002_critical.txt,559a4cbe53b4c6b0b9bb730eba6ec962c70e2de70ab1b20d1f420367127f3bf9,40,10,5,critical,4,8,1,2,1,0.5,200,686,7,0,200/686/7/0,0ca408415cecdbf21c2cbce5cf2c5196e1024d82318fb7636e5c9f24b457c1b9
instances/corrected_v2_reduced_suite/evaluation_critical/evaluation/critical/instance_u40_a10_v5_seed1002_critical.txt,559a4cbe53b4c6b0b9bb730eba6ec962c70e2de70ab1b20d1f420367127f3bf9,40,10,5,critical,8,4,2,1,1,2.0,200,682,4,3,200/682/4/3,96d3957f22e0e13a576f1adc99bf7379840e56fe96eddf9d87091df8d7d55230
instances/corrected_v2_reduced_suite/evaluation_critical/evaluation/critical/instance_u40_a10_v5_seed1002_critical.txt,559a4cbe53b4c6b0b9bb730eba6ec962c70e2de70ab1b20d1f420367127f3bf9,40,10,5,critical,8,8,1,1,1,1.0,200,668,4,0,200/668/4/0,858d8532df97af13593d323a0f297e61a60621539d835af37ef8caa5a54ff5fb
instances/corrected_v2_reduced_suite/evaluation_critical/evaluation/critical/instance_u40_a10_v5_seed1002_critical.txt,559a4cbe53b4c6b0b9bb730eba6ec962c70e2de70ab1b20d1f420367127f3bf9,40,10,5,critical,1,8,1,8,1,0.125,200,710,20,0,200/710/20/0,dd7b9d4353432691dcc97269c58242dd942e5fe6891a53c0fdc1c6139711fead
instances/corrected_v2_reduced_suite/evaluation_critical/evaluation/critical/instance_u30_a10_v5_seed1001_critical.txt,f0260653f1c0ec8a84896f38a9bfdbc795d01316d5a47411bbb0a60f7a6e9958,30,10,5,critical,1,4,1,4,1,0.25,150,530,2,0,150/530/2/0,e8fe8a86e902ea09b4a3cdde8ad5ca02d366c4069032b678669ae5ef4bd5ce52
instances/corrected_v2_reduced_suite/evaluation_critical/evaluation/critical/instance_u30_a10_v5_seed1001_critical.txt,f0260653f1c0ec8a84896f38a9bfdbc795d01316d5a47411bbb0a60f7a6e9958,30,10,5,critical,1,8,1,8,1,0.125,150,530,2,0,150/530/2/0,67e7819bb58c77562a305f2b32edaadf2338f5308257e0d60928b83706c1375c
instances/corrected_v2_reduced_suite/evaluation_critical/evaluation/critical/instance_u30_a10_v5_seed1001_critical.txt,f0260653f1c0ec8a84896f38a9bfdbc795d01316d5a47411bbb0a60f7a6e9958,30,10,5,critical,4,1,4,1,1,4.0,150,561,0,16,150/561/0/16,856719e0771e2212735fef9c99cb342d7b25efdd3713850305af167a4c0a8995
instances/corrected_v2_reduced_suite/evaluation_critical/evaluation/critical/instance_u30_a10_v5_seed1001_critical.txt,f0260653f1c0ec8a84896f38a9bfdbc795d01316d5a47411bbb0a60f7a6e9958,30,10,5,critical,4,4,1,1,1,1.0,150,531,0,1,150/531/0/1,11eefd60843458226d7cc5de4d7ee37f547c3e03a4fdbfb097a265658251939f
instances/corrected_v2_reduced_suite/evaluation_critical/evaluation/critical/instance_u30_a10_v5_seed1001_critical.txt,f0260653f1c0ec8a84896f38a9bfdbc795d01316d5a47411bbb0a60f7a6e9958,30,10,5,critical,8,8,1,1,1,1.0,150,531,0,1,150/531/0/1,d64f0d59f19495dbcb7d2af99d60eee486a56755128a904599e2da51d3f7f6d3
instances/corrected_v2_reduced_suite/evaluation_critical/evaluation/critical/instance_u30_a10_v5_seed1001_critical.txt,f0260653f1c0ec8a84896f38a9bfdbc795d01316d5a47411bbb0a60f7a6e9958,30,10,5,critical,8,4,2,1,1,2.0,150,531,0,1,150/531/0/1,07fdab676e1216d2fa3abc9751881043f72f07af0d71cd3a983500e0c77fe6b5
instances/corrected_v2_reduced_suite/evaluation_critical/evaluation/critical/instance_u30_a10_v5_seed1001_critical.txt,f0260653f1c0ec8a84896f38a9bfdbc795d01316d5a47411bbb0a60f7a6e9958,30,10,5,critical,8,1,8,1,1,8.0,150,561,0,16,150/561/0/16,b49de25468b88895bee84109986cb592dd1b5f77e0c7bc92ad20e5bfed1cf9bc
instances/corrected_v2_reduced_suite/evaluation_critical/evaluation/critical/instance_u30_a10_v5_seed1001_critical.txt,f0260653f1c0ec8a84896f38a9bfdbc795d01316d5a47411bbb0a60f7a6e9958,30,10,5,critical,1,1,1,1,1,1.0,150,561,0,16,150/561/0/16,998b37febd8c6d6e6f8b7bf4a02b0d6e73f6f8d879dbe5ec51f4f0209bc6f3e5
instances/corrected_v2_reduced_suite/evaluation_critical/evaluation/critical/instance_u30_a10_v5_seed1001_critical.txt,f0260653f1c0ec8a84896f38a9bfdbc795d01316d5a47411bbb0a60f7a6e9958,30,10,5,critical,4,8,1,2,1,0.5,150,528,1,0,150/528/1/0,08bfc18fb5e3e23f58d0bc82e3b67a0ebac3377e37a9fc454702d7a02e0b58ee
instances/corrected_v2_reduced_suite/evaluation_critical/evaluation/critical/instance_u30_a10_v5_seed1002_critical.txt,639577696bca853293d2ae7d38a7ba6a70e96d5c5a65dbe9dd57285b00a779ad,30,10,5,critical,4,8,1,2,1,0.5,150,525,7,0,150/525/7/0,16682301bd3bc7ca3463610e24148cb7d53c4094860e5385d06f77152a3b7e52
instances/corrected_v2_reduced_suite/evaluation_critical/evaluation/critical/instance_u30_a10_v5_seed1002_critical.txt,639577696bca853293d2ae7d38a7ba6a70e96d5c5a65dbe9dd57285b00a779ad,30,10,5,critical,8,8,1,1,1,1.0,150,513,5,0,150/513/5/0,943ee764144f5d7e306f984bec2ac510f4cc2a1a4f410f8245eed7ee1ee627c8
instances/corrected_v2_reduced_suite/evaluation_critical/evaluation/critical/instance_u30_a10_v5_seed1002_critical.txt,639577696bca853293d2ae7d38a7ba6a70e96d5c5a65dbe9dd57285b00a779ad,30,10,5,critical,1,4,1,4,1,0.25,150,529,10,0,150/529/10/0,f876a3c0d9e5c6fea482d6884e27133e8912bfcd266b729f3b7bdde9b728db77
instances/corrected_v2_reduced_suite/evaluation_critical/evaluation/critical/instance_u30_a10_v5_seed1002_critical.txt,639577696bca853293d2ae7d38a7ba6a70e96d5c5a65dbe9dd57285b00a779ad,30,10,5,critical,1,1,1,1,1,1.0,150,547,9,14,150/547/9/14,3479d10226e107fbf5517056796be5cacf3bf3d5877acae6f866e2f75cdb2b84
instances/corrected_v2_reduced_suite/evaluation_critical/evaluation/critical/instance_u30_a10_v5_seed1002_critical.txt,639577696bca853293d2ae7d38a7ba6a70e96d5c5a65dbe9dd57285b00a779ad,30,10,5,critical,8,4,2,1,1,2.0,150,513,5,0,150/513/5/0,fb63458d29fac40c1bf89f31b182f93a6a4d0daba81a80a0ac26cd4e33c9ef59
instances/corrected_v2_reduced_suite/evaluation_critical/evaluation/critical/instance_u30_a10_v5_seed1002_critical.txt,639577696bca853293d2ae7d38a7ba6a70e96d5c5a65dbe9dd57285b00a779ad,30,10,5,critical,4,1,4,1,1,4.0,150,539,5,13,150/539/5/13,27a6df4f48c3cd2c469526764896ed3c63ee5b86175f7476f3e6887d8d3ea557
instances/corrected_v2_reduced_suite/evaluation_critical/evaluation/critical/instance_u30_a10_v5_seed1002_critical.txt,639577696bca853293d2ae7d38a7ba6a70e96d5c5a65dbe9dd57285b00a779ad,30,10,5,critical,1,8,1,8,1,0.125,150,529,10,0,150/529/10/0,74c83788d57d5383c42b4fd3ecb8dc155d9cbee6462686425cdcefb7e09882ed
instances/corrected_v2_reduced_suite/evaluation_critical/evaluation/critical/instance_u30_a10_v5_seed1002_critical.txt,639577696bca853293d2ae7d38a7ba6a70e96d5c5a65dbe9dd57285b00a779ad,30,10,5,critical,8,1,8,1,1,8.0,150,539,5,13,150/539/5/13,b3fd05f15110f57a22cc9eb025c911af1c42c7ffb6d8d0c1818700f1ed7ef84d
instances/corrected_v2_reduced_suite/evaluation_critical/evaluation/critical/instance_u30_a10_v5_seed1002_critical.txt,639577696bca853293d2ae7d38a7ba6a70e96d5c5a65dbe9dd57285b00a779ad,30,10,5,critical,4,4,1,1,1,1.0,150,525,7,0,150/525/7/0,62696bd2a2153a53ac34445e271564e043db130e891cdfd4517b580cda143c43
instances/corrected_v2_reduced_suite/evaluation_critical/evaluation/critical/instance_u30_a25_v5_seed1001_critical.txt,51df0f9f4a354e14ce203c3399ff72e9f90e0370b7b497467427e1d198dd119e,30,25,5,critical,4,1,4,1,1,4.0,150,573,0,15,150/573/0/15,a65e5ff9b2506134d441459d787f353b35b93233cf84dbef68d5591e14b091ed
instances/corrected_v2_reduced_suite/evaluation_critical/evaluation/critical/instance_u30_a25_v5_seed1001_critical.txt,51df0f9f4a354e14ce203c3399ff72e9f90e0370b7b497467427e1d198dd119e,30,25,5,critical,8,4,2,1,1,2.0,150,542,0,1,150/542/0/1,54cbb6abad68ecfca7885ebc93b196b85f3cb35a93233049b1e844a97323729e
instances/corrected_v2_reduced_suite/evaluation_critical/evaluation/critical/instance_u30_a25_v5_seed1001_critical.txt,51df0f9f4a354e14ce203c3399ff72e9f90e0370b7b497467427e1d198dd119e,30,25,5,critical,1,8,1,8,1,0.125,150,543,4,0,150/543/4/0,930fd21e8b57912c5d32c853d8e94fdcb16e02fec2921480f3351249cf8f8bd3
instances/corrected_v2_reduced_suite/evaluation_critical/evaluation/critical/instance_u30_a25_v5_seed1001_critical.txt,51df0f9f4a354e14ce203c3399ff72e9f90e0370b7b497467427e1d198dd119e,30,25,5,critical,4,8,1,2,1,0.5,150,537,0,0,150/537/0/0,a2426d3b0a464e61986f5783decbd53ac50b5a3f990537dc1e229569f10bef4e
instances/corrected_v2_reduced_suite/evaluation_critical/evaluation/critical/instance_u30_a25_v5_seed1001_critical.txt,51df0f9f4a354e14ce203c3399ff72e9f90e0370b7b497467427e1d198dd119e,30,25,5,critical,8,8,1,1,1,1.0,150,537,0,0,150/537/0/0,3e464ed401ea4a911abf0afe6a4d4f218c8ff1842a324a49e83460c3c09d94ea
instances/corrected_v2_reduced_suite/evaluation_critical/evaluation/critical/instance_u30_a25_v5_seed1001_critical.txt,51df0f9f4a354e14ce203c3399ff72e9f90e0370b7b497467427e1d198dd119e,30,25,5,critical,8,1,8,1,1,8.0,150,574,0,16,150/574/0/16,81526f485773563ca5cbf088c68f4e0ce9eceb6301f004c490acf95f836b0288
instances/corrected_v2_reduced_suite/evaluation_critical/evaluation/critical/instance_u30_a25_v5_seed1001_critical.txt,51df0f9f4a354e14ce203c3399ff72e9f90e0370b7b497467427e1d198dd119e,30,25,5,critical,4,4,1,1,1,1.0,150,542,0,1,150/542/0/1,c3eb33d274b6f9fdf1a24d1ee3eb484d4e0880af0da057893a74b5d72a733c82
instances/corrected_v2_reduced_suite/evaluation_critical/evaluation/critical/instance_u30_a25_v5_seed1001_critical.txt,51df0f9f4a354e14ce203c3399ff72e9f90e0370b7b497467427e1d198dd119e,30,25,5,critical,1,4,1,4,1,0.25,150,542,3,0,150/542/3/0,6a54357799de787d14be0c34e013bd5dee023d5cadcb777f72bb0760a52b469a
instances/corrected_v2_reduced_suite/evaluation_critical/evaluation/critical/instance_u30_a25_v5_seed1001_critical.txt,51df0f9f4a354e14ce203c3399ff72e9f90e0370b7b497467427e1d198dd119e,30,25,5,critical,1,1,1,1,1,1.0,150,574,0,16,150/574/0/16,a8d55c4372b995781018d0df3526afd4f3d56b4ebc082832e8a6336ead81eaf6
instances/corrected_v2_reduced_suite/evaluation_critical/evaluation/critical/instance_u30_a15_v4_seed1001_critical.txt,cf5584e50c87aace73c609c7ad0a93612c40b8323ca8f8a5664aa14449736764,30,15,4,critical,4,4,1,1,1,1.0,120,416,0,0,120/416/0/0,f35da673413b47471c382312180018fbf80f3042e58e5b805044799d41eb3b20
instances/corrected_v2_reduced_suite/evaluation_critical/evaluation/critical/instance_u30_a15_v4_seed1001_critical.txt,cf5584e50c87aace73c609c7ad0a93612c40b8323ca8f8a5664aa14449736764,30,15,4,critical,4,1,4,1,1,4.0,120,443,0,12,120/443/0/12,5f2d735b3223cfe83e1ffbdff1ee241cb2fae039d9906e00454fbc455f85d938
instances/corrected_v2_reduced_suite/evaluation_critical/evaluation/critical/instance_u30_a15_v4_seed1001_critical.txt,cf5584e50c87aace73c609c7ad0a93612c40b8323ca8f8a5664aa14449736764,30,15,4,critical,1,1,1,1,1,1.0,120,443,1,11,120/443/1/11,7b9679e236180d97a487832adee1fcc85d88e0d2ad1e65ff154cfb05e2af7113
instances/corrected_v2_reduced_suite/evaluation_critical/evaluation/critical/instance_u30_a15_v4_seed1001_critical.txt,cf5584e50c87aace73c609c7ad0a93612c40b8323ca8f8a5664aa14449736764,30,15,4,critical,1,4,1,4,1,0.25,120,420,3,0,120/420/3/0,216f9a271cfa2a0f75d6d76a3d98eefc5b6bd0d2e57c9606e168217aac5d1b00
instances/corrected_v2_reduced_suite/evaluation_critical/evaluation/critical/instance_u30_a15_v4_seed1001_critical.txt,cf5584e50c87aace73c609c7ad0a93612c40b8323ca8f8a5664aa14449736764,30,15,4,critical,8,8,1,1,1,1.0,120,416,0,0,120/416/0/0,ff2e247b03a37afff2b885a3a485622f67f606a929882356cdd0368deba3cbee
instances/corrected_v2_reduced_suite/evaluation_critical/evaluation/critical/instance_u30_a15_v4_seed1001_critical.txt,cf5584e50c87aace73c609c7ad0a93612c40b8323ca8f8a5664aa14449736764,30,15,4,critical,1,8,1,8,1,0.125,120,419,2,0,120/419/2/0,23c2fb3a5ff52573e5482b0089d2b3f0d48370f0511d2711b043a8df2881b7f9
instances/corrected_v2_reduced_suite/evaluation_critical/evaluation/critical/instance_u30_a15_v4_seed1001_critical.txt,cf5584e50c87aace73c609c7ad0a93612c40b8323ca8f8a5664aa14449736764,30,15,4,critical,8,1,8,1,1,8.0,120,443,0,12,120/443/0/12,f8a3cb4c2bfba2b7606c9bfaf4465566024e44c4e3e0b21b891af408d992532f
instances/corrected_v2_reduced_suite/evaluation_critical/evaluation/critical/instance_u30_a15_v4_seed1001_critical.txt,cf5584e50c87aace73c609c7ad0a93612c40b8323ca8f8a5664aa14449736764,30,15,4,critical,8,4,2,1,1,2.0,120,416,0,0,120/416/0/0,e921a183a959aa3e27c98c800bb2ee275997a91b4ca17b039dd0ee8a8d376524
instances/corrected_v2_reduced_suite/evaluation_critical/evaluation/critical/instance_u30_a15_v4_seed1001_critical.txt,cf5584e50c87aace73c609c7ad0a93612c40b8323ca8f8a5664aa14449736764,30,15,4,critical,4,8,1,2,1,0.5,120,416,0,0,120/416/0/0,a4264aa5f9dc6d21e30cee04b68b0a93a014237a97b49f7f75ef6a3895358e23
instances/corrected_v2_reduced_suite/evaluation_critical/evaluation/critical/instance_u30_a10_v4_seed1003_critical.txt,ecef75f227343cde9e2c9dfd880ff2779326fa051917a8a437023079d7d1ee16,30,10,4,critical,1,1,1,1,1,1.0,120,416,4,2,120/416/4/2,f159f7a0e92ad1339c8447dde29c444898c23cd0203b19bdfdb417252a2a2a2b
instances/corrected_v2_reduced_suite/evaluation_critical/evaluation/critical/instance_u30_a10_v4_seed1003_critical.txt,ecef75f227343cde9e2c9dfd880ff2779326fa051917a8a437023079d7d1ee16,30,10,4,critical,4,1,4,1,1,4.0,120,410,0,2,120/410/0/2,72815fdcfcc42d8c6807376d387315dff6ebeedc3de5f4ddda37de42a558c0a0
instances/corrected_v2_reduced_suite/evaluation_critical/evaluation/critical/instance_u30_a10_v4_seed1003_critical.txt,ecef75f227343cde9e2c9dfd880ff2779326fa051917a8a437023079d7d1ee16,30,10,4,critical,8,8,1,1,1,1.0,120,408,0,0,120/408/0/0,2d71e3c4be1f5358ddaecfca7b6349ab862e95cd75ce9f28ea98158b51c0d252
instances/corrected_v2_reduced_suite/evaluation_critical/evaluation/critical/instance_u30_a10_v4_seed1003_critical.txt,ecef75f227343cde9e2c9dfd880ff2779326fa051917a8a437023079d7d1ee16,30,10,4,critical,1,8,1,8,1,0.125,120,415,5,0,120/415/5/0,d32da4094182e11a69af2a2deb44c4ac9d04769e5dc99068f4d64459d758ad24
instances/corrected_v2_reduced_suite/evaluation_critical/evaluation/critical/instance_u30_a10_v4_seed1003_critical.txt,ecef75f227343cde9e2c9dfd880ff2779326fa051917a8a437023079d7d1ee16,30,10,4,critical,8,1,8,1,1,8.0,120,410,0,2,120/410/0/2,e6230f28eb30a589db10ac8bfe00602e176925b71173b3d9fa12cb6554b60695
instances/corrected_v2_reduced_suite/evaluation_critical/evaluation/critical/instance_u30_a10_v4_seed1003_critical.txt,ecef75f227343cde9e2c9dfd880ff2779326fa051917a8a437023079d7d1ee16,30,10,4,critical,8,4,2,1,1,2.0,120,408,0,0,120/408/0/0,4e7d3395451df2d392e785007f1bb29c095149cba588aeba18eb54ee0ba566a4
instances/corrected_v2_reduced_suite/evaluation_critical/evaluation/critical/instance_u30_a10_v4_seed1003_critical.txt,ecef75f227343cde9e2c9dfd880ff2779326fa051917a8a437023079d7d1ee16,30,10,4,critical,4,8,1,2,1,0.5,120,408,0,0,120/408/0/0,a9b1ab14d4b6361af34a15e67bbfdc3583f28d57a251088c78566c67e427e3e8
instances/corrected_v2_reduced_suite/evaluation_critical/evaluation/critical/instance_u30_a10_v4_seed1003_critical.txt,ecef75f227343cde9e2c9dfd880ff2779326fa051917a8a437023079d7d1ee16,30,10,4,critical,4,4,1,1,1,1.0,120,408,0,0,120/408/0/0,bdc8e525b2183467ee10fe2fb32e43d08892ba9298ffc0e9888629138d809530
instances/corrected_v2_reduced_suite/evaluation_critical/evaluation/critical/instance_u30_a10_v4_seed1003_critical.txt,ecef75f227343cde9e2c9dfd880ff2779326fa051917a8a437023079d7d1ee16,30,10,4,critical,1,4,1,4,1,0.25,120,415,5,0,120/415/5/0,430749f96ef0be9858b6f389601e44677b621721e58085a6e37aff43e66d5fa4
instances/corrected_v2_reduced_suite/evaluation_critical/evaluation/critical/instance_u40_a20_v5_seed1001_critical.txt,9b4ded7517693f18fc14c67224a40507d9d4088119616e90b89f0bbcadb2445d,40,20,5,critical,8,8,1,1,1,1.0,200,715,0,0,200/715/0/0,7ae4eddac956ca603ade4d8268c0dd4b2678a0bc20316e4f0816aef591b48eff
instances/corrected_v2_reduced_suite/evaluation_critical/evaluation/critical/instance_u40_a20_v5_seed1001_critical.txt,9b4ded7517693f18fc14c67224a40507d9d4088119616e90b89f0bbcadb2445d,40,20,5,critical,1,8,1,8,1,0.125,200,730,5,0,200/730/5/0,1b45e85075a8820e7960ddf42def2614d9851fd4558b36802fceb075bff364bb
instances/corrected_v2_reduced_suite/evaluation_critical/evaluation/critical/instance_u40_a20_v5_seed1001_critical.txt,9b4ded7517693f18fc14c67224a40507d9d4088119616e90b89f0bbcadb2445d,40,20,5,critical,4,4,1,1,1,1.0,200,725,1,1,200/725/1/1,b00b308941a54eeea419f22fa308ad9985103ef131948ae17ee6289c69ae0203
instances/corrected_v2_reduced_suite/evaluation_critical/evaluation/critical/instance_u40_a20_v5_seed1001_critical.txt,9b4ded7517693f18fc14c67224a40507d9d4088119616e90b89f0bbcadb2445d,40,20,5,critical,1,4,1,4,1,0.25,200,730,5,0,200/730/5/0,18bcc89008b14524903f1a63076d5779313fb8d089db31305313ed8a7fe03c5b
instances/corrected_v2_reduced_suite/evaluation_critical/evaluation/critical/instance_u40_a20_v5_seed1001_critical.txt,9b4ded7517693f18fc14c67224a40507d9d4088119616e90b89f0bbcadb2445d,40,20,5,critical,1,1,1,1,1,1.0,200,754,4,14,200/754/4/14,c9027fa5d426f1af6fe6cc90ba850522e5ab96defe19f11f501618cd21f2e4dd
instances/corrected_v2_reduced_suite/evaluation_critical/evaluation/critical/instance_u40_a20_v5_seed1001_critical.txt,9b4ded7517693f18fc14c67224a40507d9d4088119616e90b89f0bbcadb2445d,40,20,5,critical,8,4,2,1,1,2.0,200,715,0,0,200/715/0/0,fc1e486b4a76c8797af1846ea9fb75c0be1b2d922d3404e7b5459cfb732e0c3c
instances/corrected_v2_reduced_suite/evaluation_critical/evaluation/critical/instance_u40_a20_v5_seed1001_critical.txt,9b4ded7517693f18fc14c67224a40507d9d4088119616e90b89f0bbcadb2445d,40,20,5,critical,4,8,1,2,1,0.5,200,721,1,0,200/721/1/0,effe0974ee9e8c98316801340511e56c778ee3caf174f6220f586b48dc8c88b1
instances/corrected_v2_reduced_suite/evaluation_critical/evaluation/critical/instance_u40_a20_v5_seed1001_critical.txt,9b4ded7517693f18fc14c67224a40507d9d4088119616e90b89f0bbcadb2445d,40,20,5,critical,4,1,4,1,1,4.0,200,753,1,16,200/753/1/16,95ccf572ea5dcabe4d76b9987337268e69d1d3a52da14ee5310cda2e5eb3f0a9
instances/corrected_v2_reduced_suite/evaluation_critical/evaluation/critical/instance_u40_a20_v5_seed1001_critical.txt,9b4ded7517693f18fc14c67224a40507d9d4088119616e90b89f0bbcadb2445d,40,20,5,critical,8,1,8,1,1,8.0,200,747,0,15,200/747/0/15,6c3495bcf8dba797c6c2946d38d47ea6e78fc291be6f1d5972abfc65988d0af1
instances/corrected_v2_reduced_suite/evaluation_critical/evaluation/critical/instance_u40_a25_v4_seed1003_critical.txt,3df9ad93fd31450b47bc05e23b939b69e8ff446e817f1dae19bc71c5f2d8d73d,40,25,4,critical,8,8,1,1,1,1.0,160,545,1,0,160/545/1/0,acd3284734cbd568445cf43943b3ca23341fe6bcb1d173c2fe1edc211f9c31df
instances/corrected_v2_reduced_suite/evaluation_critical/evaluation/critical/instance_u40_a25_v4_seed1003_critical.txt,3df9ad93fd31450b47bc05e23b939b69e8ff446e817f1dae19bc71c5f2d8d73d,40,25,4,critical,8,4,2,1,1,2.0,160,545,1,0,160/545/1/0,bfde83af7621bbaf60c48acf39eedc0eb8b38505c73b734eabc97c3fd4a79900
instances/corrected_v2_reduced_suite/evaluation_critical/evaluation/critical/instance_u40_a25_v4_seed1003_critical.txt,3df9ad93fd31450b47bc05e23b939b69e8ff446e817f1dae19bc71c5f2d8d73d,40,25,4,critical,4,8,1,2,1,0.5,160,545,1,0,160/545/1/0,d7b05ca8b2a89523eeeec9d2c0c1ee305d4faafcdec373fe1659dc18a7b1cf59
instances/corrected_v2_reduced_suite/evaluation_critical/evaluation/critical/instance_u40_a25_v4_seed1003_critical.txt,3df9ad93fd31450b47bc05e23b939b69e8ff446e817f1dae19bc71c5f2d8d73d,40,25,4,critical,1,8,1,8,1,0.125,160,559,9,0,160/559/9/0,fa1f9b9876bbbe8c4122d618db6cdd5d3895d3130d9b9b78bf44043c09da9668
instances/corrected_v2_reduced_suite/evaluation_critical/evaluation/critical/instance_u40_a25_v4_seed1003_critical.txt,3df9ad93fd31450b47bc05e23b939b69e8ff446e817f1dae19bc71c5f2d8d73d,40,25,4,critical,4,1,4,1,1,4.0,160,565,1,12,160/565/1/12,b2e3fa4aa3695363f751a9d2ea264ecd60f7525130ed788373bf9fc7006b8eca
instances/corrected_v2_reduced_suite/evaluation_critical/evaluation/critical/instance_u40_a25_v4_seed1003_critical.txt,3df9ad93fd31450b47bc05e23b939b69e8ff446e817f1dae19bc71c5f2d8d73d,40,25,4,critical,1,1,1,1,1,1.0,160,573,6,13,160/573/6/13,9d9babee16837489e6ce1a5d24ebbf70a3395b2fb86b89e1256d3d482372045f
instances/corrected_v2_reduced_suite/evaluation_critical/evaluation/critical/instance_u40_a25_v4_seed1003_critical.txt,3df9ad93fd31450b47bc05e23b939b69e8ff446e817f1dae19bc71c5f2d8d73d,40,25,4,critical,8,1,8,1,1,8.0,160,565,1,12,160/565/1/12,8a8ebfa5227410e2a082677478d883c41a351f01eebbf5885c1f5f2ab469372c
instances/corrected_v2_reduced_suite/evaluation_critical/evaluation/critical/instance_u40_a25_v4_seed1003_critical.txt,3df9ad93fd31450b47bc05e23b939b69e8ff446e817f1dae19bc71c5f2d8d73d,40,25,4,critical,1,4,1,4,1,0.25,160,560,10,0,160/560/10/0,a0da144eadd3be5d6b06286dd91f9119f8cf30d44168eaaaec25b1ca9b47122e
instances/corrected_v2_reduced_suite/evaluation_critical/evaluation/critical/instance_u40_a25_v4_seed1003_critical.txt,3df9ad93fd31450b47bc05e23b939b69e8ff446e817f1dae19bc71c5f2d8d73d,40,25,4,critical,4,4,1,1,1,1.0,160,549,1,1,160/549/1/1,e283da926392786df4cd66e27a8bc12e2c9e1b405d3d34ce355135eb2dd32683
instances/corrected_v2_reduced_suite/evaluation_critical/evaluation/critical/instance_u40_a20_v5_seed1003_critical.txt,d83d36c93f2b20d42d2082b908832af7a5bf6831774fa8060410156fd9f71c3d,40,20,5,critical,1,8,1,8,1,0.125,200,706,15,0,200/706/15/0,a510dee8fec35da904f9503555bdb2409eb0cc093eb215fa50b74f7a8c7dee12
instances/corrected_v2_reduced_suite/evaluation_critical/evaluation/critical/instance_u40_a20_v5_seed1003_critical.txt,d83d36c93f2b20d42d2082b908832af7a5bf6831774fa8060410156fd9f71c3d,40,20,5,critical,4,4,1,1,1,1.0,200,684,3,0,200/684/3/0,12dad4f4439cbcb5140679f2a53953d0e56a7a1613dd33ca8cac25101c9429db
instances/corrected_v2_reduced_suite/evaluation_critical/evaluation/critical/instance_u40_a20_v5_seed1003_critical.txt,d83d36c93f2b20d42d2082b908832af7a5bf6831774fa8060410156fd9f71c3d,40,20,5,critical,4,1,4,1,1,4.0,200,697,1,13,200/697/1/13,6553fea0ebf5bb34670ae38c6ef8536503774330b8b5ef782c5414aff8b991c4
instances/corrected_v2_reduced_suite/evaluation_critical/evaluation/critical/instance_u40_a20_v5_seed1003_critical.txt,d83d36c93f2b20d42d2082b908832af7a5bf6831774fa8060410156fd9f71c3d,40,20,5,critical,8,8,1,1,1,1.0,200,672,1,0,200/672/1/0,f74f6ccf048147b3b270b0615b81f238e2a9c5c8a49748f0db3f4b90a16fa0f7
instances/corrected_v2_reduced_suite/evaluation_critical/evaluation/critical/instance_u40_a20_v5_seed1003_critical.txt,d83d36c93f2b20d42d2082b908832af7a5bf6831774fa8060410156fd9f71c3d,40,20,5,critical,1,1,1,1,1,1.0,200,718,10,14,200/718/10/14,5ee05d35f0de8c04cac12e2b42031703cd0f66bf4bbc2e800b7a40609fb098e9
instances/corrected_v2_reduced_suite/evaluation_critical/evaluation/critical/instance_u40_a20_v5_seed1003_critical.txt,d83d36c93f2b20d42d2082b908832af7a5bf6831774fa8060410156fd9f71c3d,40,20,5,critical,8,4,2,1,1,2.0,200,672,1,0,200/672/1/0,bdc6d6502b0a02aec385d639cf8caa3b6515af106f180d2a0c48284f2c3d8747
instances/corrected_v2_reduced_suite/evaluation_critical/evaluation/critical/instance_u40_a20_v5_seed1003_critical.txt,d83d36c93f2b20d42d2082b908832af7a5bf6831774fa8060410156fd9f71c3d,40,20,5,critical,1,4,1,4,1,0.25,200,705,14,0,200/705/14/0,53341c3091e59c8cb323c26f39c966a286e3f7d7af86c7f6157d75fec8c0d37d
instances/corrected_v2_reduced_suite/evaluation_critical/evaluation/critical/instance_u40_a20_v5_seed1003_critical.txt,d83d36c93f2b20d42d2082b908832af7a5bf6831774fa8060410156fd9f71c3d,40,20,5,critical,4,8,1,2,1,0.5,200,684,3,0,200/684/3/0,4005b98e4b764855428c92d2c28a9f343f993e1d94cb0accbad9888d691f2929
instances/corrected_v2_reduced_suite/evaluation_critical/evaluation/critical/instance_u40_a20_v5_seed1003_critical.txt,d83d36c93f2b20d42d2082b908832af7a5bf6831774fa8060410156fd9f71c3d,40,20,5,critical,8,1,8,1,1,8.0,200,697,1,13,200/697/1/13,4d944876b0b80857df1b8e3571b62b8ab63130573813f68bccf59e872835ae11
instances/corrected_v2_reduced_suite/evaluation_critical/evaluation/critical/instance_u30_a15_v5_seed1001_critical.txt,d905fad91222982a08a22ae863c33e30bfbfd97c54ac14ec4029959a98d9ffe3,30,15,5,critical,8,8,1,1,1,1.0,150,535,0,0,150/535/0/0,035d0dc985e449b066e9e3d4acd77a2ac9cc34ef881776e091d7dbb1a8778388
instances/corrected_v2_reduced_suite/evaluation_critical/evaluation/critical/instance_u30_a15_v5_seed1001_critical.txt,d905fad91222982a08a22ae863c33e30bfbfd97c54ac14ec4029959a98d9ffe3,30,15,5,critical,4,8,1,2,1,0.5,150,535,0,0,150/535/0/0,edd3eaf4b4146afcc1f1ba5c7edbce1091c92817b1e800b3770f818db6343462
instances/corrected_v2_reduced_suite/evaluation_critical/evaluation/critical/instance_u30_a15_v5_seed1001_critical.txt,d905fad91222982a08a22ae863c33e30bfbfd97c54ac14ec4029959a98d9ffe3,30,15,5,critical,1,8,1,8,1,0.125,150,536,1,0,150/536/1/0,898a187936bb68ccd80f814cec01143a00b8bed8eec72d85f3871b5dbbcb7c3c
instances/corrected_v2_reduced_suite/evaluation_critical/evaluation/critical/instance_u30_a15_v5_seed1001_critical.txt,d905fad91222982a08a22ae863c33e30bfbfd97c54ac14ec4029959a98d9ffe3,30,15,5,critical,4,1,4,1,1,4.0,150,565,0,14,150/565/0/14,842127af280e5c94b45de07c6f56813fc841ade25eccb2f214982e2f248695d5
instances/corrected_v2_reduced_suite/evaluation_critical/evaluation/critical/instance_u30_a15_v5_seed1001_critical.txt,d905fad91222982a08a22ae863c33e30bfbfd97c54ac14ec4029959a98d9ffe3,30,15,5,critical,1,4,1,4,1,0.25,150,536,1,0,150/536/1/0,457bc123a72ca586001b5923a9bd7437c52f5fdec10a152f2342ebef0225332f
instances/corrected_v2_reduced_suite/evaluation_critical/evaluation/critical/instance_u30_a15_v5_seed1001_critical.txt,d905fad91222982a08a22ae863c33e30bfbfd97c54ac14ec4029959a98d9ffe3,30,15,5,critical,8,4,2,1,1,2.0,150,535,0,0,150/535/0/0,22eb630c262bf03aaad721f00262a5fe09f0d36ce36df73cd0055552be14c485
instances/corrected_v2_reduced_suite/evaluation_critical/evaluation/critical/instance_u30_a15_v5_seed1001_critical.txt,d905fad91222982a08a22ae863c33e30bfbfd97c54ac14ec4029959a98d9ffe3,30,15,5,critical,8,1,8,1,1,8.0,150,566,0,15,150/566/0/15,f755032156660d984404cb22fb7c6e657f612df81cc9e77b7ea0e0b9b4719938
instances/corrected_v2_reduced_suite/evaluation_critical/evaluation/critical/instance_u30_a15_v5_seed1001_critical.txt,d905fad91222982a08a22ae863c33e30bfbfd97c54ac14ec4029959a98d9ffe3,30,15,5,critical,4,4,1,1,1,1.0,150,535,0,0,150/535/0/0,47f19ede69d0f64f3220257088b8845a3fe40b1166aa3c6e3c32a3b42e354b5c
instances/corrected_v2_reduced_suite/evaluation_critical/evaluation/critical/instance_u30_a15_v5_seed1001_critical.txt,d905fad91222982a08a22ae863c33e30bfbfd97c54ac14ec4029959a98d9ffe3,30,15,5,critical,1,1,1,1,1,1.0,150,565,0,14,150/565/0/14,aaaac98675a22745bb8fd8bea8456000fe7de870f07f23026a27d9825dad46be
instances/corrected_v2_reduced_suite/evaluation_critical/evaluation/critical/instance_u30_a25_v5_seed1002_critical.txt,13d35da4af1d246d1dc9e9e69e18e81522824e99442b070094b3ee6de84cff54,30,25,5,critical,8,8,1,1,1,1.0,150,527,4,0,150/527/4/0,03bc45308d6f14cb856f113a42a4b8af7f5cc33502c2eaf77c0100095046d474
instances/corrected_v2_reduced_suite/evaluation_critical/evaluation/critical/instance_u30_a25_v5_seed1002_critical.txt,13d35da4af1d246d1dc9e9e69e18e81522824e99442b070094b3ee6de84cff54,30,25,5,critical,4,1,4,1,1,4.0,150,552,5,10,150/552/5/10,c7c479640f5ac5a4912891f0a35696fea7f103aeb2fcd0667a6ee91d2e204af6
instances/corrected_v2_reduced_suite/evaluation_critical/evaluation/critical/instance_u30_a25_v5_seed1002_critical.txt,13d35da4af1d246d1dc9e9e69e18e81522824e99442b070094b3ee6de84cff54,30,25,5,critical,1,1,1,1,1,1.0,150,563,9,14,150/563/9/14,6b8083a036193a0b378836759f194c880012e30668f081f55d6e6bf46e0473e5
instances/corrected_v2_reduced_suite/evaluation_critical/evaluation/critical/instance_u30_a25_v5_seed1002_critical.txt,13d35da4af1d246d1dc9e9e69e18e81522824e99442b070094b3ee6de84cff54,30,25,5,critical,1,8,1,8,1,0.125,150,548,10,0,150/548/10/0,f44d6e2e6b6d3bade0d36652d052c5eff2130868d85ff606469d44551c1bf062
instances/corrected_v2_reduced_suite/evaluation_critical/evaluation/critical/instance_u30_a25_v5_seed1002_critical.txt,13d35da4af1d246d1dc9e9e69e18e81522824e99442b070094b3ee6de84cff54,30,25,5,critical,4,8,1,2,1,0.5,150,539,6,0,150/539/6/0,7847a34891a23fbba30c862566902380d81a61da76780654a6d484e7050a0a41
instances/corrected_v2_reduced_suite/evaluation_critical/evaluation/critical/instance_u30_a25_v5_seed1002_critical.txt,13d35da4af1d246d1dc9e9e69e18e81522824e99442b070094b3ee6de84cff54,30,25,5,critical,1,4,1,4,1,0.25,150,548,10,0,150/548/10/0,1b335fcb5020ef87818c244350ca18c798a828782b7cf6a7cb2671cdce7ef2aa
instances/corrected_v2_reduced_suite/evaluation_critical/evaluation/critical/instance_u30_a25_v5_seed1002_critical.txt,13d35da4af1d246d1dc9e9e69e18e81522824e99442b070094b3ee6de84cff54,30,25,5,critical,8,4,2,1,1,2.0,150,527,4,0,150/527/4/0,9d62b547cfd456bb9bd9c9406b6cc5c1f1557ac0aa7730a500bf7043415a0b6b
instances/corrected_v2_reduced_suite/evaluation_critical/evaluation/critical/instance_u30_a25_v5_seed1002_critical.txt,13d35da4af1d246d1dc9e9e69e18e81522824e99442b070094b3ee6de84cff54,30,25,5,critical,8,1,8,1,1,8.0,150,550,4,12,150/550/4/12,9fd0ff3c88b4317e849256dba4ef6878aba53cf54de452c6a85e7ad0e0008be4
instances/corrected_v2_reduced_suite/evaluation_critical/evaluation/critical/instance_u30_a25_v5_seed1002_critical.txt,13d35da4af1d246d1dc9e9e69e18e81522824e99442b070094b3ee6de84cff54,30,25,5,critical,4,4,1,1,1,1.0,150,539,6,0,150/539/6/0,fa0a9b42397597fbf88d16fc06c11aa7cc330820c591fc7719641ef4540bd540
instances/corrected_v2_reduced_suite/evaluation_critical/evaluation/critical/instance_u40_a10_v4_seed1003_critical.txt,395a48f8a39788bea86b6f70fb9ec6a2a924a9f8f08e8639adaf51dba4e7ae85,40,10,4,critical,1,1,1,1,1,1.0,160,558,9,12,160/558/9/12,ceb8be78352594c5769d54d0bbce64501db022ceb739adc26995fd60126fdc41
instances/corrected_v2_reduced_suite/evaluation_critical/evaluation/critical/instance_u40_a10_v4_seed1003_critical.txt,395a48f8a39788bea86b6f70fb9ec6a2a924a9f8f08e8639adaf51dba4e7ae85,40,10,4,critical,4,1,4,1,1,4.0,160,550,2,13,160/550/2/13,86a7e0f7ab6aa11f2eb653006d2dfdeb1c13e31195b3784a92061eecee8f2657
instances/corrected_v2_reduced_suite/evaluation_critical/evaluation/critical/instance_u40_a10_v4_seed1003_critical.txt,395a48f8a39788bea86b6f70fb9ec6a2a924a9f8f08e8639adaf51dba4e7ae85,40,10,4,critical,8,8,1,1,1,1.0,160,520,1,0,160/520/1/0,81847f3c21de9911a05c88c1bbec4f812c3d5f825a79d3e556ca0b5fb4821a1e
instances/corrected_v2_reduced_suite/evaluation_critical/evaluation/critical/instance_u40_a10_v4_seed1003_critical.txt,395a48f8a39788bea86b6f70fb9ec6a2a924a9f8f08e8639adaf51dba4e7ae85,40,10,4,critical,1,8,1,8,1,0.125,160,540,9,0,160/540/9/0,6f4701efa019fb9f2cc865197a072e0a3f3bcb62ae63c6a8a54adfffd1d2eb13
instances/corrected_v2_reduced_suite/evaluation_critical/evaluation/critical/instance_u40_a10_v4_seed1003_critical.txt,395a48f8a39788bea86b6f70fb9ec6a2a924a9f8f08e8639adaf51dba4e7ae85,40,10,4,critical,4,8,1,2,1,0.5,160,528,2,0,160/528/2/0,4fe983e007e77a5ecb3e68d1f90cc0294317da8669d9f31224fdc7403e836e26
instances/corrected_v2_reduced_suite/evaluation_critical/evaluation/critical/instance_u40_a10_v4_seed1003_critical.txt,395a48f8a39788bea86b6f70fb9ec6a2a924a9f8f08e8639adaf51dba4e7ae85,40,10,4,critical,8,4,2,1,1,2.0,160,524,1,1,160/524/1/1,b6aec2fbf7bf7f6873eed1073fe554d8e9883282e97964cf5ea5277c5777620f
instances/corrected_v2_reduced_suite/evaluation_critical/evaluation/critical/instance_u40_a10_v4_seed1003_critical.txt,395a48f8a39788bea86b6f70fb9ec6a2a924a9f8f08e8639adaf51dba4e7ae85,40,10,4,critical,4,4,1,1,1,1.0,160,528,2,0,160/528/2/0,2c6184e472f89bea45af74443afa84acd1dae37a214a918ee648f4b2107a1f9c
instances/corrected_v2_reduced_suite/evaluation_critical/evaluation/critical/instance_u40_a10_v4_seed1003_critical.txt,395a48f8a39788bea86b6f70fb9ec6a2a924a9f8f08e8639adaf51dba4e7ae85,40,10,4,critical,1,4,1,4,1,0.25,160,539,8,0,160/539/8/0,a31a02536a258f27dd013d8dc39e4e20141ab8dc66953236c2bbf6c41e9ed237
instances/corrected_v2_reduced_suite/evaluation_critical/evaluation/critical/instance_u40_a10_v4_seed1003_critical.txt,395a48f8a39788bea86b6f70fb9ec6a2a924a9f8f08e8639adaf51dba4e7ae85,40,10,4,critical,8,1,8,1,1,8.0,160,545,1,15,160/545/1/15,6a8b94bfe12f88914e9f94859b54ca6b109c9d694803c5c8114713eb38f33b12
instances/corrected_v2_reduced_suite/evaluation_critical/evaluation/critical/instance_u30_a10_v4_seed1002_critical.txt,bf02b641d1ae8d30c144fab0d28c5aca968d3331c2c020b30c1e45791af1e438,30,10,4,critical,8,8,1,1,1,1.0,120,417,3,0,120/417/3/0,70391f884bfa7a78518904ebcde2d06c6a96e66b066c6b85cb3efd7eb51c857c
instances/corrected_v2_reduced_suite/evaluation_critical/evaluation/critical/instance_u30_a10_v4_seed1002_critical.txt,bf02b641d1ae8d30c144fab0d28c5aca968d3331c2c020b30c1e45791af1e438,30,10,4,critical,4,8,1,2,1,0.5,120,417,3,0,120/417/3/0,418116f7730925510c081675081d6824f0a4c68428839bf74a23312649229a9a
instances/corrected_v2_reduced_suite/evaluation_critical/evaluation/critical/instance_u30_a10_v4_seed1002_critical.txt,bf02b641d1ae8d30c144fab0d28c5aca968d3331c2c020b30c1e45791af1e438,30,10,4,critical,8,1,8,1,1,8.0,120,422,2,9,120/422/2/9,ffd1035a7d7bd7cc5a22b84c3c6b007c07dfbb58d984dc8f8c216126a1efd7bc
instances/corrected_v2_reduced_suite/evaluation_critical/evaluation/critical/instance_u30_a10_v4_seed1002_critical.txt,bf02b641d1ae8d30c144fab0d28c5aca968d3331c2c020b30c1e45791af1e438,30,10,4,critical,1,8,1,8,1,0.125,120,420,5,0,120/420/5/0,4e893aab9553046313e424c2761168e9188826846d27c1c6aefa5b0f80eb091a
instances/corrected_v2_reduced_suite/evaluation_critical/evaluation/critical/instance_u30_a10_v4_seed1002_critical.txt,bf02b641d1ae8d30c144fab0d28c5aca968d3331c2c020b30c1e45791af1e438,30,10,4,critical,1,1,1,1,1,1.0,120,433,5,10,120/433/5/10,49a7aec453a2599865356a449b7e8b4fa5aa69eaa9c6e7f22790400d8a63e8af
instances/corrected_v2_reduced_suite/evaluation_critical/evaluation/critical/instance_u30_a10_v4_seed1002_critical.txt,bf02b641d1ae8d30c144fab0d28c5aca968d3331c2c020b30c1e45791af1e438,30,10,4,critical,4,1,4,1,1,4.0,120,429,3,9,120/429/3/9,0cdac6f98161609284ad15ebd4aea804dab0ca057e49fbfe7241861d58f39c65
instances/corrected_v2_reduced_suite/evaluation_critical/evaluation/critical/instance_u30_a10_v4_seed1002_critical.txt,bf02b641d1ae8d30c144fab0d28c5aca968d3331c2c020b30c1e45791af1e438,30,10,4,critical,1,4,1,4,1,0.25,120,420,5,0,120/420/5/0,15aee067517ad86e9d9cd8f9eef39549c22185b897c81345b534676ccb9a3aa4
instances/corrected_v2_reduced_suite/evaluation_critical/evaluation/critical/instance_u30_a10_v4_seed1002_critical.txt,bf02b641d1ae8d30c144fab0d28c5aca968d3331c2c020b30c1e45791af1e438,30,10,4,critical,4,4,1,1,1,1.0,120,417,3,0,120/417/3/0,3d6b0b880691a42894e287daef9d00f422e4fbcaa7f3c5261450ba94312cc513
instances/corrected_v2_reduced_suite/evaluation_critical/evaluation/critical/instance_u30_a10_v4_seed1002_critical.txt,bf02b641d1ae8d30c144fab0d28c5aca968d3331c2c020b30c1e45791af1e438,30,10,4,critical,8,4,2,1,1,2.0,120,417,3,0,120/417/3/0,427a4bd6c4c00f191f6ec2ae324bf47429e2efcd204541b4889f6c760aa18eaa
instances/corrected_v2_reduced_suite/evaluation_critical/evaluation/critical/instance_u30_a20_v5_seed1003_critical.txt,65de3dfdc16f9c773e9874c2357071bf31732b49485a995a839ed1f4d259a558,30,20,5,critical,8,4,2,1,1,2.0,150,498,0,0,150/498/0/0,54643cb0c6fc75a87c3a0414d9ea42276de9f1b2fb3decdb1231c9fbcc8a6acd
instances/corrected_v2_reduced_suite/evaluation_critical/evaluation/critical/instance_u30_a20_v5_seed1003_critical.txt,65de3dfdc16f9c773e9874c2357071bf31732b49485a995a839ed1f4d259a558,30,20,5,critical,4,1,4,1,1,4.0,150,517,1,6,150/517/1/6,556414e3dc7840df2cf6e8d80049c3c3b6ae3446669ccc0d5fee2f47ae7e582e
instances/corrected_v2_reduced_suite/evaluation_critical/evaluation/critical/instance_u30_a20_v5_seed1003_critical.txt,65de3dfdc16f9c773e9874c2357071bf31732b49485a995a839ed1f4d259a558,30,20,5,critical,8,1,8,1,1,8.0,150,518,1,7,150/518/1/7,52181f1dc3fe7c64fc41904a8819f10254e8132096f76b4c09855578be1fc99e
instances/corrected_v2_reduced_suite/evaluation_critical/evaluation/critical/instance_u30_a20_v5_seed1003_critical.txt,65de3dfdc16f9c773e9874c2357071bf31732b49485a995a839ed1f4d259a558,30,20,5,critical,1,8,1,8,1,0.125,150,523,9,0,150/523/9/0,b11c0e48a966d0e5fa5f3e070deb8da672ea8b092ff228b970ce03d9c97c971c
instances/corrected_v2_reduced_suite/evaluation_critical/evaluation/critical/instance_u30_a20_v5_seed1003_critical.txt,65de3dfdc16f9c773e9874c2357071bf31732b49485a995a839ed1f4d259a558,30,20,5,critical,4,8,1,2,1,0.5,150,510,2,0,150/510/2/0,81bb30c921a78a0b93a2d6b10a6729c6c6d8462524a955de0cb9f9dfd55d4c0c
instances/corrected_v2_reduced_suite/evaluation_critical/evaluation/critical/instance_u30_a20_v5_seed1003_critical.txt,65de3dfdc16f9c773e9874c2357071bf31732b49485a995a839ed1f4d259a558,30,20,5,critical,8,8,1,1,1,1.0,150,506,1,0,150/506/1/0,3cec67c6ceed29dc386365faeed1d3c1a5d6f480d3aafb6561e3745b03737b07
instances/corrected_v2_reduced_suite/evaluation_critical/evaluation/critical/instance_u30_a20_v5_seed1003_critical.txt,65de3dfdc16f9c773e9874c2357071bf31732b49485a995a839ed1f4d259a558,30,20,5,critical,1,4,1,4,1,0.25,150,523,9,0,150/523/9/0,d0df8d74654b9d3f25ff16fa605efe5ddb43f148897cb9e54a2e70fe653d0d7f
instances/corrected_v2_reduced_suite/evaluation_critical/evaluation/critical/instance_u30_a20_v5_seed1003_critical.txt,65de3dfdc16f9c773e9874c2357071bf31732b49485a995a839ed1f4d259a558,30,20,5,critical,4,4,1,1,1,1.0,150,506,1,0,150/506/1/0,08fe136a16f6d8e4e0411b3c9daa2e427f8dc1ffff38244526cf06a1d1d6cae9
instances/corrected_v2_reduced_suite/evaluation_critical/evaluation/critical/instance_u30_a20_v5_seed1003_critical.txt,65de3dfdc16f9c773e9874c2357071bf31732b49485a995a839ed1f4d259a558,30,20,5,critical,1,1,1,1,1,1.0,150,528,5,7,150/528/5/7,2112819334d5a2d3e529c8f1e37f6deb86815111cfa22e86eedba952870dc8f1
instances/corrected_v2_reduced_suite/evaluation_critical/evaluation/critical/instance_u40_a20_v4_seed1003_critical.txt,2e89d655657e6565c5ecb975872229f2b89227e9d8d4becfc0d4e18894748b91,40,20,4,critical,1,8,1,8,1,0.125,160,558,9,0,160/558/9/0,211e5e3925599768c7aa62ae5de44e48963ee051d6914e84a8dc610bbb8c10c0
instances/corrected_v2_reduced_suite/evaluation_critical/evaluation/critical/instance_u40_a20_v4_seed1003_critical.txt,2e89d655657e6565c5ecb975872229f2b89227e9d8d4becfc0d4e18894748b91,40,20,4,critical,1,1,1,1,1,1.0,160,572,8,11,160/572/8/11,735fed988053051fd8f39edcdd4b22079f7808faf4a4c0307afdd17fc07b01a5
instances/corrected_v2_reduced_suite/evaluation_critical/evaluation/critical/instance_u40_a20_v4_seed1003_critical.txt,2e89d655657e6565c5ecb975872229f2b89227e9d8d4becfc0d4e18894748b91,40,20,4,critical,4,8,1,2,1,0.5,160,546,2,0,160/546/2/0,fc09106304c7174b2cc626739ba629acec14b137d8754a87b5198921d6635f5b
instances/corrected_v2_reduced_suite/evaluation_critical/evaluation/critical/instance_u40_a20_v4_seed1003_critical.txt,2e89d655657e6565c5ecb975872229f2b89227e9d8d4becfc0d4e18894748b91,40,20,4,critical,1,4,1,4,1,0.25,160,558,9,0,160/558/9/0,87113de0bccbaef8a4888dbba87eb7e5e9153fc6f8ed5ff5db4da02f02023700
instances/corrected_v2_reduced_suite/evaluation_critical/evaluation/critical/instance_u40_a20_v4_seed1003_critical.txt,2e89d655657e6565c5ecb975872229f2b89227e9d8d4becfc0d4e18894748b91,40,20,4,critical,8,8,1,1,1,1.0,160,542,1,0,160/542/1/0,115b358c7cb8f986bdcf2285839aa3cd9e789bbb4480b2181202fa0cad3b502f
instances/corrected_v2_reduced_suite/evaluation_critical/evaluation/critical/instance_u40_a20_v4_seed1003_critical.txt,2e89d655657e6565c5ecb975872229f2b89227e9d8d4becfc0d4e18894748b91,40,20,4,critical,4,4,1,1,1,1.0,160,546,2,0,160/546/2/0,b7488590097845a3d1ec1c739dd9b120cc3a54a1c34f0f618ca4d1843c312dfb
instances/corrected_v2_reduced_suite/evaluation_critical/evaluation/critical/instance_u40_a20_v4_seed1003_critical.txt,2e89d655657e6565c5ecb975872229f2b89227e9d8d4becfc0d4e18894748b91,40,20,4,critical,8,1,8,1,1,8.0,160,555,0,11,160/555/0/11,3b0cac02fc454ade8715ec5a1fe70c3d89ec72f0d001a9eec7c012622fdd3a7e
instances/corrected_v2_reduced_suite/evaluation_critical/evaluation/critical/instance_u40_a20_v4_seed1003_critical.txt,2e89d655657e6565c5ecb975872229f2b89227e9d8d4becfc0d4e18894748b91,40,20,4,critical,8,4,2,1,1,2.0,160,542,1,0,160/542/1/0,2e9fc5ef9303d095081b86fa6fa6af467d1f557bf9ea189e575295cfa675561d
instances/corrected_v2_reduced_suite/evaluation_critical/evaluation/critical/instance_u40_a20_v4_seed1003_critical.txt,2e89d655657e6565c5ecb975872229f2b89227e9d8d4becfc0d4e18894748b91,40,20,4,critical,4,1,4,1,1,4.0,160,562,1,11,160/562/1/11,5ac26a76991f831a94722f4e58b8db9b6339800cf1c911390d64fed1808c56df
instances/corrected_v2_reduced_suite/evaluation_critical/evaluation/critical/instance_u30_a25_v4_seed1002_critical.txt,de23508d979db3048be208918f8d51242d991165e80c2414fca7a3ce4ee5b17d,30,25,4,critical,1,1,1,1,1,1.0,120,443,4,9,120/443/4/9,f2ff57eb73d199fa6f4fc11665489c9d5e892d05d531715114411401f752073c
instances/corrected_v2_reduced_suite/evaluation_critical/evaluation/critical/instance_u30_a25_v4_seed1002_critical.txt,de23508d979db3048be208918f8d51242d991165e80c2414fca7a3ce4ee5b17d,30,25,4,critical,4,1,4,1,1,4.0,120,441,2,10,120/441/2/10,03a9b5b241dd49099c7d4a5205f3a0bc64e085ec0e963f6a8aed5cb5b1ff7f0c
instances/corrected_v2_reduced_suite/evaluation_critical/evaluation/critical/instance_u30_a25_v4_seed1002_critical.txt,de23508d979db3048be208918f8d51242d991165e80c2414fca7a3ce4ee5b17d,30,25,4,critical,8,4,2,1,1,2.0,120,431,2,1,120/431/2/1,a742b91fbde66cb315e2ce41a58fbccac531767d3131f9db15af1c0fb19e6cb7
instances/corrected_v2_reduced_suite/evaluation_critical/evaluation/critical/instance_u30_a25_v4_seed1002_critical.txt,de23508d979db3048be208918f8d51242d991165e80c2414fca7a3ce4ee5b17d,30,25,4,critical,4,8,1,2,1,0.5,120,431,3,0,120/431/3/0,e90e4939b603944a3d9b8aa94b4af7e4c8912e6f4771f62162d68dbb249005e3
instances/corrected_v2_reduced_suite/evaluation_critical/evaluation/critical/instance_u30_a25_v4_seed1002_critical.txt,de23508d979db3048be208918f8d51242d991165e80c2414fca7a3ce4ee5b17d,30,25,4,critical,1,4,1,4,1,0.25,120,434,5,0,120/434/5/0,303d435ba035f6cfee6d7cff0b80ab425f6c14027ac802bbc09c3b2e359a3b58
instances/corrected_v2_reduced_suite/evaluation_critical/evaluation/critical/instance_u30_a25_v4_seed1002_critical.txt,de23508d979db3048be208918f8d51242d991165e80c2414fca7a3ce4ee5b17d,30,25,4,critical,4,4,1,1,1,1.0,120,431,3,0,120/431/3/0,9d11c2c1ec9666348d927669f9e7778ac812d7561bd243f476177b4701c2df43
instances/corrected_v2_reduced_suite/evaluation_critical/evaluation/critical/instance_u30_a25_v4_seed1002_critical.txt,de23508d979db3048be208918f8d51242d991165e80c2414fca7a3ce4ee5b17d,30,25,4,critical,8,1,8,1,1,8.0,120,434,1,10,120/434/1/10,5db6ea0ca8c1c34703accae860e2f48bf7da823e689397db51a3854ad27deb54
instances/corrected_v2_reduced_suite/evaluation_critical/evaluation/critical/instance_u30_a25_v4_seed1002_critical.txt,de23508d979db3048be208918f8d51242d991165e80c2414fca7a3ce4ee5b17d,30,25,4,critical,8,8,1,1,1,1.0,120,431,3,0,120/431/3/0,f27565df4e623d951c91f1055c61d3fbca91b08f3f50360ad8185d572146ef57
instances/corrected_v2_reduced_suite/evaluation_critical/evaluation/critical/instance_u30_a25_v4_seed1002_critical.txt,de23508d979db3048be208918f8d51242d991165e80c2414fca7a3ce4ee5b17d,30,25,4,critical,1,8,1,8,1,0.125,120,434,5,0,120/434/5/0,86078d079d0c6a250d472df519af5d1a1480dc17413647cd6917ce7eeae462df
instances/corrected_v2_reduced_suite/evaluation_critical/evaluation/critical/instance_u40_a20_v4_seed1001_critical.txt,f05bb4ba1ebe8ecf0e95e0508ba8cba7463abb6f7c5a573eafb693c49e861cc0,40,20,4,critical,4,1,4,1,1,4.0,160,605,1,12,160/605/1/12,1f95334951d5a00452e56b1e08b372fa6202841db79b63181f867f55dd2e6a83
instances/corrected_v2_reduced_suite/evaluation_critical/evaluation/critical/instance_u40_a20_v4_seed1001_critical.txt,f05bb4ba1ebe8ecf0e95e0508ba8cba7463abb6f7c5a573eafb693c49e861cc0,40,20,4,critical,1,1,1,1,1,1.0,160,608,3,12,160/608/3/12,d3aceb1d4c3530975eb7a207f71e4d213151d06e3f408e5835d75dddaecc649d
instances/corrected_v2_reduced_suite/evaluation_critical/evaluation/critical/instance_u40_a20_v4_seed1001_critical.txt,f05bb4ba1ebe8ecf0e95e0508ba8cba7463abb6f7c5a573eafb693c49e861cc0,40,20,4,critical,1,8,1,8,1,0.125,160,588,4,0,160/588/4/0,e6e7aaab56d71361e6eabb5dc4cb2cfad16080f7a440e28905f5925c7b6df04e
instances/corrected_v2_reduced_suite/evaluation_critical/evaluation/critical/instance_u40_a20_v4_seed1001_critical.txt,f05bb4ba1ebe8ecf0e95e0508ba8cba7463abb6f7c5a573eafb693c49e861cc0,40,20,4,critical,4,4,1,1,1,1.0,160,583,1,0,160/583/1/0,479307cb876aaa56ca6ab924728852fe85b82fa42dcf81d0284bc9a4da87c330
instances/corrected_v2_reduced_suite/evaluation_critical/evaluation/critical/instance_u40_a20_v4_seed1001_critical.txt,f05bb4ba1ebe8ecf0e95e0508ba8cba7463abb6f7c5a573eafb693c49e861cc0,40,20,4,critical,8,8,1,1,1,1.0,160,576,0,0,160/576/0/0,c5981d40c4df5a59ade22c1153c91a5a32b92da9a2d0ecb39315338f186bae18
instances/corrected_v2_reduced_suite/evaluation_critical/evaluation/critical/instance_u40_a20_v4_seed1001_critical.txt,f05bb4ba1ebe8ecf0e95e0508ba8cba7463abb6f7c5a573eafb693c49e861cc0,40,20,4,critical,4,8,1,2,1,0.5,160,583,1,0,160/583/1/0,12ef1e41935c565bbbbd4bfea9eca42c3118c957f8ba336cb4a49b06038cd842
instances/corrected_v2_reduced_suite/evaluation_critical/evaluation/critical/instance_u40_a20_v4_seed1001_critical.txt,f05bb4ba1ebe8ecf0e95e0508ba8cba7463abb6f7c5a573eafb693c49e861cc0,40,20,4,critical,1,4,1,4,1,0.25,160,588,4,0,160/588/4/0,853c7391d02092ff574243f416e795ef6c14205a13d072747a9d86b2d725382a
instances/corrected_v2_reduced_suite/evaluation_critical/evaluation/critical/instance_u40_a20_v4_seed1001_critical.txt,f05bb4ba1ebe8ecf0e95e0508ba8cba7463abb6f7c5a573eafb693c49e861cc0,40,20,4,critical,8,1,8,1,1,8.0,160,601,0,13,160/601/0/13,6699abc4e162c5eb23a3a7df07e3d158f5bcb48f0148bc537d0f96279a4a0c3e
instances/corrected_v2_reduced_suite/evaluation_critical/evaluation/critical/instance_u40_a20_v4_seed1001_critical.txt,f05bb4ba1ebe8ecf0e95e0508ba8cba7463abb6f7c5a573eafb693c49e861cc0,40,20,4,critical,8,4,2,1,1,2.0,160,576,0,0,160/576/0/0,e84cf85f53d220316898ea2d4f746204763a06c8ff26aae30aaebbc833ecdadf
instances/corrected_v2_reduced_suite/evaluation_critical/evaluation/critical/instance_u30_a20_v4_seed1002_critical.txt,34bd64e4677b21f310faa4406545db874dca6ae220c9a65e8a35f01abe1b0955,30,20,4,critical,4,8,1,2,1,0.5,120,426,2,0,120/426/2/0,d2277bd20e204d5d64d8cab384dab69c29043c770cc9fa5d70202511e7eb6033
instances/corrected_v2_reduced_suite/evaluation_critical/evaluation/critical/instance_u30_a20_v4_seed1002_critical.txt,34bd64e4677b21f310faa4406545db874dca6ae220c9a65e8a35f01abe1b0955,30,20,4,critical,1,4,1,4,1,0.25,120,430,4,0,120/430/4/0,ec7a0f09ce33b48fd65b83fa1129897fcb5424f82eba0e3e061d82f5447f6b53
instances/corrected_v2_reduced_suite/evaluation_critical/evaluation/critical/instance_u30_a20_v4_seed1002_critical.txt,34bd64e4677b21f310faa4406545db874dca6ae220c9a65e8a35f01abe1b0955,30,20,4,critical,1,8,1,8,1,0.125,120,431,5,0,120/431/5/0,b4e1c7efcd20118ef31b1df2fd7f0425f117d8ae25f47b1bac052e963e7fcd6f
instances/corrected_v2_reduced_suite/evaluation_critical/evaluation/critical/instance_u30_a20_v4_seed1002_critical.txt,34bd64e4677b21f310faa4406545db874dca6ae220c9a65e8a35f01abe1b0955,30,20,4,critical,4,1,4,1,1,4.0,120,438,2,10,120/438/2/10,70661513d78ce471841137f60a39d3c3816b7cecce1a52e759cda4a409a98fd6
instances/corrected_v2_reduced_suite/evaluation_critical/evaluation/critical/instance_u30_a20_v4_seed1002_critical.txt,34bd64e4677b21f310faa4406545db874dca6ae220c9a65e8a35f01abe1b0955,30,20,4,critical,1,1,1,1,1,1.0,120,439,4,8,120/439/4/8,24204d2d6124537997a4e9e4fc79824e84ba2683847b170031d46f6fe928a969
instances/corrected_v2_reduced_suite/evaluation_critical/evaluation/critical/instance_u30_a20_v4_seed1002_critical.txt,34bd64e4677b21f310faa4406545db874dca6ae220c9a65e8a35f01abe1b0955,30,20,4,critical,8,8,1,1,1,1.0,120,420,1,0,120/420/1/0,bdd6bc83a94deaf3d2fade9354e5275cd3ff2b350563409c256e710750971d93
instances/corrected_v2_reduced_suite/evaluation_critical/evaluation/critical/instance_u30_a20_v4_seed1002_critical.txt,34bd64e4677b21f310faa4406545db874dca6ae220c9a65e8a35f01abe1b0955,30,20,4,critical,8,4,2,1,1,2.0,120,420,1,0,120/420/1/0,a61722ea57d28d36ffd3d1dd5f4001f6baeb03d83a3bea956eafb7844631c0a4
instances/corrected_v2_reduced_suite/evaluation_critical/evaluation/critical/instance_u30_a20_v4_seed1002_critical.txt,34bd64e4677b21f310faa4406545db874dca6ae220c9a65e8a35f01abe1b0955,30,20,4,critical,4,4,1,1,1,1.0,120,426,2,0,120/426/2/0,c3171b887c04a0b5ffab3cc40790236584b573524a55ca5ea24de61f8d620eb3
instances/corrected_v2_reduced_suite/evaluation_critical/evaluation/critical/instance_u30_a20_v4_seed1002_critical.txt,34bd64e4677b21f310faa4406545db874dca6ae220c9a65e8a35f01abe1b0955,30,20,4,critical,8,1,8,1,1,8.0,120,422,0,7,120/422/0/7,616e1d5306658ee180ac046a59e1004abd3ee03d45df04b02f30f835dcd8136f
instances/corrected_v2_reduced_suite/evaluation_critical/evaluation/critical/instance_u40_a20_v4_seed1002_critical.txt,8fe397ee776a8cfb744bb77da0e91099c029a4cc2c05d5c45c831bea9ff5aa62,40,20,4,critical,1,8,1,8,1,0.125,160,569,12,0,160/569/12/0,f50c61220dd503dd1f7b5980aae4927f05ece9bba7a6ae0e74ae260c58fe5b63
instances/corrected_v2_reduced_suite/evaluation_critical/evaluation/critical/instance_u40_a20_v4_seed1002_critical.txt,8fe397ee776a8cfb744bb77da0e91099c029a4cc2c05d5c45c831bea9ff5aa62,40,20,4,critical,4,1,4,1,1,4.0,160,579,3,14,160/579/3/14,5046dd746f50a9a3b3f167023ee7761c201dd2e534b99dfb2ecbcd9d62d7bbd3
instances/corrected_v2_reduced_suite/evaluation_critical/evaluation/critical/instance_u40_a20_v4_seed1002_critical.txt,8fe397ee776a8cfb744bb77da0e91099c029a4cc2c05d5c45c831bea9ff5aa62,40,20,4,critical,8,1,8,1,1,8.0,160,572,2,13,160/572/2/13,6702a95fde28482c9ec39b404b39085bf9f2d266e7ce5d63fffd5899c786c091
instances/corrected_v2_reduced_suite/evaluation_critical/evaluation/critical/instance_u40_a20_v4_seed1002_critical.txt,8fe397ee776a8cfb744bb77da0e91099c029a4cc2c05d5c45c831bea9ff5aa62,40,20,4,critical,4,4,1,1,1,1.0,160,557,5,0,160/557/5/0,dcf3937bc9269ef960c3864b5e87d74e25abac7898ebcae1d37363fe43746bb0
instances/corrected_v2_reduced_suite/evaluation_critical/evaluation/critical/instance_u40_a20_v4_seed1002_critical.txt,8fe397ee776a8cfb744bb77da0e91099c029a4cc2c05d5c45c831bea9ff5aa62,40,20,4,critical,1,4,1,4,1,0.25,160,569,12,0,160/569/12/0,41062a76a1b3e5deaafb96986184b0156c1b935d4ef8b796fafe2b546936d538
instances/corrected_v2_reduced_suite/evaluation_critical/evaluation/critical/instance_u40_a20_v4_seed1002_critical.txt,8fe397ee776a8cfb744bb77da0e91099c029a4cc2c05d5c45c831bea9ff5aa62,40,20,4,critical,1,1,1,1,1,1.0,160,588,9,12,160/588/9/12,e86631ac09d1fa46d29b0205b4cd747aff3df87a1886423e04d145b9bc5c6ada
instances/corrected_v2_reduced_suite/evaluation_critical/evaluation/critical/instance_u40_a20_v4_seed1002_critical.txt,8fe397ee776a8cfb744bb77da0e91099c029a4cc2c05d5c45c831bea9ff5aa62,40,20,4,critical,4,8,1,2,1,0.5,160,557,5,0,160/557/5/0,cdcf1c91cbe5c08197bf0ff9d75b2c197a613520fc403a3f000c0c42f91f269a
instances/corrected_v2_reduced_suite/evaluation_critical/evaluation/critical/instance_u40_a20_v4_seed1002_critical.txt,8fe397ee776a8cfb744bb77da0e91099c029a4cc2c05d5c45c831bea9ff5aa62,40,20,4,critical,8,8,1,1,1,1.0,160,541,2,0,160/541/2/0,2da0822078a66e87a1c7f82c7d285702ce2973856d01d19a274da3d8a78a39c4
instances/corrected_v2_reduced_suite/evaluation_critical/evaluation/critical/instance_u40_a20_v4_seed1002_critical.txt,8fe397ee776a8cfb744bb77da0e91099c029a4cc2c05d5c45c831bea9ff5aa62,40,20,4,critical,8,4,2,1,1,2.0,160,545,2,1,160/545/2/1,000757fe4deb673488ccf2e59e92c08d43f40f399803a74675ecacaefe969fea
instances/corrected_v2_reduced_suite/evaluation_critical/evaluation/critical/instance_u30_a20_v4_seed1003_critical.txt,68e2b74d850c1069e78bc56681e6d252a2a8df6699aceb2e6aaffeff722beca0,30,20,4,critical,4,8,1,2,1,0.5,120,415,0,0,120/415/0/0,1c706b7dc382dedc5c3e2e6990b38db0b30a441887e15023f2975d79ee4eaa27
instances/corrected_v2_reduced_suite/evaluation_critical/evaluation/critical/instance_u30_a20_v4_seed1003_critical.txt,68e2b74d850c1069e78bc56681e6d252a2a8df6699aceb2e6aaffeff722beca0,30,20,4,critical,8,4,2,1,1,2.0,120,415,0,0,120/415/0/0,69c3d5cecfc03965d60f0c664c25aa73834df69b25cf609263d11977e54ad4c0
instances/corrected_v2_reduced_suite/evaluation_critical/evaluation/critical/instance_u30_a20_v4_seed1003_critical.txt,68e2b74d850c1069e78bc56681e6d252a2a8df6699aceb2e6aaffeff722beca0,30,20,4,critical,1,8,1,8,1,0.125,120,428,7,0,120/428/7/0,f4ffa302faf40e87b5444c90b6b73b92335964a107f958bd0e6673a278799e2e
instances/corrected_v2_reduced_suite/evaluation_critical/evaluation/critical/instance_u30_a20_v4_seed1003_critical.txt,68e2b74d850c1069e78bc56681e6d252a2a8df6699aceb2e6aaffeff722beca0,30,20,4,critical,4,4,1,1,1,1.0,120,415,0,0,120/415/0/0,54a579289012986db7a1b4417f32966062a4033778e116d423e2ae47c84846af
instances/corrected_v2_reduced_suite/evaluation_critical/evaluation/critical/instance_u30_a20_v4_seed1003_critical.txt,68e2b74d850c1069e78bc56681e6d252a2a8df6699aceb2e6aaffeff722beca0,30,20,4,critical,8,1,8,1,1,8.0,120,420,0,3,120/420/0/3,164b8aed8c56bbbdc7f7326f7e4108bccc430945157069fe6423ce6ceecd6104
instances/corrected_v2_reduced_suite/evaluation_critical/evaluation/critical/instance_u30_a20_v4_seed1003_critical.txt,68e2b74d850c1069e78bc56681e6d252a2a8df6699aceb2e6aaffeff722beca0,30,20,4,critical,4,1,4,1,1,4.0,120,420,0,3,120/420/0/3,a18c33070cf9ae06434e4372b43743e79b250b253dc652b44ea8df850cc89976
instances/corrected_v2_reduced_suite/evaluation_critical/evaluation/critical/instance_u30_a20_v4_seed1003_critical.txt,68e2b74d850c1069e78bc56681e6d252a2a8df6699aceb2e6aaffeff722beca0,30,20,4,critical,1,4,1,4,1,0.25,120,427,6,0,120/427/6/0,112dc7d3fd15f7d882d079f1d7021fc1ab0009340b19dab3336fc419d69620ef
instances/corrected_v2_reduced_suite/evaluation_critical/evaluation/critical/instance_u30_a20_v4_seed1003_critical.txt,68e2b74d850c1069e78bc56681e6d252a2a8df6699aceb2e6aaffeff722beca0,30,20,4,critical,8,8,1,1,1,1.0,120,415,0,0,120/415/0/0,55d77dcf1442f49055a22357a17dbb7f3755b567340f622577162a1ffa1fb3c8
instances/corrected_v2_reduced_suite/evaluation_critical/evaluation/critical/instance_u30_a20_v4_seed1003_critical.txt,68e2b74d850c1069e78bc56681e6d252a2a8df6699aceb2e6aaffeff722beca0,30,20,4,critical,1,1,1,1,1,1.0,120,429,6,2,120/429/6/2,51f07c8a39f1693fea4467412a6bf858472e60abe4f81b2ebf6b864db8193ef8
instances/corrected_v2_reduced_suite/evaluation_critical/evaluation/critical/instance_u30_a25_v5_seed1003_critical.txt,e90c35e7cece54d3787eeeb644bcf0edacb9c7c339799fb4aaa218f9d27dc487,30,25,5,critical,1,4,1,4,1,0.25,150,526,11,0,150/526/11/0,3995e5f2ee7e4e48568c3c29d1b4853568f12851dd8094b42356d085cb713e88
instances/corrected_v2_reduced_suite/evaluation_critical/evaluation/critical/instance_u30_a25_v5_seed1003_critical.txt,e90c35e7cece54d3787eeeb644bcf0edacb9c7c339799fb4aaa218f9d27dc487,30,25,5,critical,1,8,1,8,1,0.125,150,524,9,0,150/524/9/0,b15ea359fb6792d6c1518a6a5f44a70c987ca48ca86008e470306ff435335e84
instances/corrected_v2_reduced_suite/evaluation_critical/evaluation/critical/instance_u30_a25_v5_seed1003_critical.txt,e90c35e7cece54d3787eeeb644bcf0edacb9c7c339799fb4aaa218f9d27dc487,30,25,5,critical,8,4,2,1,1,2.0,150,506,1,0,150/506/1/0,e1aea7e90cc1f0e59ce1bf7fb2b18c59eb91f449099b10814239b1786dd700bc
instances/corrected_v2_reduced_suite/evaluation_critical/evaluation/critical/instance_u30_a25_v5_seed1003_critical.txt,e90c35e7cece54d3787eeeb644bcf0edacb9c7c339799fb4aaa218f9d27dc487,30,25,5,critical,4,4,1,1,1,1.0,150,514,2,1,150/514/2/1,cff75e2b50d68669002b79032bb1215df2be65df717d1cad8910434ed443ebc4
instances/corrected_v2_reduced_suite/evaluation_critical/evaluation/critical/instance_u30_a25_v5_seed1003_critical.txt,e90c35e7cece54d3787eeeb644bcf0edacb9c7c339799fb4aaa218f9d27dc487,30,25,5,critical,1,1,1,1,1,1.0,150,529,8,4,150/529/8/4,ec8ee374a415762bf30c486882ab1a9ded852371b201778da8720bcf73a90f2e
instances/corrected_v2_reduced_suite/evaluation_critical/evaluation/critical/instance_u30_a25_v5_seed1003_critical.txt,e90c35e7cece54d3787eeeb644bcf0edacb9c7c339799fb4aaa218f9d27dc487,30,25,5,critical,4,8,1,2,1,0.5,150,510,2,0,150/510/2/0,c742e5adaaf33bce96bb3ca0ba0a7ddf735297f0c5137c6e48b9bbcea4a54768
instances/corrected_v2_reduced_suite/evaluation_critical/evaluation/critical/instance_u30_a25_v5_seed1003_critical.txt,e90c35e7cece54d3787eeeb644bcf0edacb9c7c339799fb4aaa218f9d27dc487,30,25,5,critical,8,8,1,1,1,1.0,150,498,0,0,150/498/0/0,06a0344e537cd645beba262f14620d9e313fec30c0b9eb7885e7f434cbf7049b
instances/corrected_v2_reduced_suite/evaluation_critical/evaluation/critical/instance_u30_a25_v5_seed1003_critical.txt,e90c35e7cece54d3787eeeb644bcf0edacb9c7c339799fb4aaa218f9d27dc487,30,25,5,critical,4,1,4,1,1,4.0,150,518,1,6,150/518/1/6,bb494254de1fad1da6a9383546582b7e2879e742682672af4b2655e7b52c0b85
instances/corrected_v2_reduced_suite/evaluation_critical/evaluation/critical/instance_u30_a25_v5_seed1003_critical.txt,e90c35e7cece54d3787eeeb644bcf0edacb9c7c339799fb4aaa218f9d27dc487,30,25,5,critical,8,1,8,1,1,8.0,150,514,0,10,150/514/0/10,22e2dce7a6d7192b6c0c75ffa1fb0ac62f545cd6983452bcbd18e63b23fb3e6e
instances/corrected_v2_reduced_suite/evaluation_critical/evaluation/critical/instance_u30_a20_v4_seed1001_critical.txt,d4d3d128eb54871902a41a24c690d5559af2a39138098ef2902d8f1e4d8089a8,30,20,4,critical,4,8,1,2,1,0.5,120,417,0,0,120/417/0/0,37c96a5f5fa42f0c5cc3d9c28a5435fc477c2964c78618093002cbcbcda590c2
instances/corrected_v2_reduced_suite/evaluation_critical/evaluation/critical/instance_u30_a20_v4_seed1001_critical.txt,d4d3d128eb54871902a41a24c690d5559af2a39138098ef2902d8f1e4d8089a8,30,20,4,critical,8,8,1,1,1,1.0,120,417,0,0,120/417/0/0,305e14225aff9fa5cc9593b5de29c8fda143ffe47fa69ef81a0f0f25b315f5a7
instances/corrected_v2_reduced_suite/evaluation_critical/evaluation/critical/instance_u30_a20_v4_seed1001_critical.txt,d4d3d128eb54871902a41a24c690d5559af2a39138098ef2902d8f1e4d8089a8,30,20,4,critical,1,4,1,4,1,0.25,120,421,2,0,120/421/2/0,60a0fd569a38c6bbd7e6fbecac0e3651016fcdc6670df0dd4f1546ca9a6e0bc9
instances/corrected_v2_reduced_suite/evaluation_critical/evaluation/critical/instance_u30_a20_v4_seed1001_critical.txt,d4d3d128eb54871902a41a24c690d5559af2a39138098ef2902d8f1e4d8089a8,30,20,4,critical,8,1,8,1,1,8.0,120,446,0,12,120/446/0/12,0e2126f0a6f40e9486ea4e58ee41f2d376c17292ddb4ea51b269a9082738be99
instances/corrected_v2_reduced_suite/evaluation_critical/evaluation/critical/instance_u30_a20_v4_seed1001_critical.txt,d4d3d128eb54871902a41a24c690d5559af2a39138098ef2902d8f1e4d8089a8,30,20,4,critical,4,4,1,1,1,1.0,120,421,0,1,120/421/0/1,42d4d9b7014baa3a88fa2219df07958afc43a0ff5475037e3e57d1e41b3ece2e
instances/corrected_v2_reduced_suite/evaluation_critical/evaluation/critical/instance_u30_a20_v4_seed1001_critical.txt,d4d3d128eb54871902a41a24c690d5559af2a39138098ef2902d8f1e4d8089a8,30,20,4,critical,1,1,1,1,1,1.0,120,446,2,10,120/446/2/10,1a73e32d8b009b6224ba3815be063f1031f09d68ff9d349231bbab1a568060a1
instances/corrected_v2_reduced_suite/evaluation_critical/evaluation/critical/instance_u30_a20_v4_seed1001_critical.txt,d4d3d128eb54871902a41a24c690d5559af2a39138098ef2902d8f1e4d8089a8,30,20,4,critical,4,1,4,1,1,4.0,120,446,0,12,120/446/0/12,19f56919fcd9db58d81eeb48a5f9f76b0b81f51fb100bfa50f6396f56d27e8dc
instances/corrected_v2_reduced_suite/evaluation_critical/evaluation/critical/instance_u30_a20_v4_seed1001_critical.txt,d4d3d128eb54871902a41a24c690d5559af2a39138098ef2902d8f1e4d8089a8,30,20,4,critical,8,4,2,1,1,2.0,120,421,0,1,120/421/0/1,3ed65a7e7855a17e9a7f7e26969f06136645cb032c2b18d0b2e503268fed0ae6
instances/corrected_v2_reduced_suite/evaluation_critical/evaluation/critical/instance_u30_a20_v4_seed1001_critical.txt,d4d3d128eb54871902a41a24c690d5559af2a39138098ef2902d8f1e4d8089a8,30,20,4,critical,1,8,1,8,1,0.125,120,422,3,0,120/422/3/0,f17e0c59f173f05bb6c32b0883e0e09e15d956ac8ea8edcf4a4d052d33ce8fbd
instances/corrected_v2_reduced_suite/evaluation_critical/evaluation/critical/instance_u40_a25_v5_seed1003_critical.txt,4e512df627d17612d29d4a3e5f36bd78eb17641a1923ef501751875f036a5ae9,40,25,5,critical,4,1,4,1,1,4.0,200,703,1,13,200/703/1/13,a9466e38965f304e5a4c1faf83f4620490544492c44e716e2a3b105932238a10
instances/corrected_v2_reduced_suite/evaluation_critical/evaluation/critical/instance_u40_a25_v5_seed1003_critical.txt,4e512df627d17612d29d4a3e5f36bd78eb17641a1923ef501751875f036a5ae9,40,25,5,critical,8,4,2,1,1,2.0,200,683,1,1,200/683/1/1,e93c9b103e650a70c2ceb35900081607f970c86fe44e4a53f0471ca19acb0315
instances/corrected_v2_reduced_suite/evaluation_critical/evaluation/critical/instance_u40_a25_v5_seed1003_critical.txt,4e512df627d17612d29d4a3e5f36bd78eb17641a1923ef501751875f036a5ae9,40,25,5,critical,8,8,1,1,1,1.0,200,676,1,0,200/676/1/0,7b8011bf7cddcc9888782ca8506a7a7ec6bcd18dec8fdf4e39ef142d9c0af4fa
instances/corrected_v2_reduced_suite/evaluation_critical/evaluation/critical/instance_u40_a25_v5_seed1003_critical.txt,4e512df627d17612d29d4a3e5f36bd78eb17641a1923ef501751875f036a5ae9,40,25,5,critical,1,8,1,8,1,0.125,200,711,15,0,200/711/15/0,3eb5b06b290fc8395ff37b67da09db5748adc3dd2f4a96be1d239c79bad0175e
instances/corrected_v2_reduced_suite/evaluation_critical/evaluation/critical/instance_u40_a25_v5_seed1003_critical.txt,4e512df627d17612d29d4a3e5f36bd78eb17641a1923ef501751875f036a5ae9,40,25,5,critical,4,4,1,1,1,1.0,200,693,3,1,200/693/3/1,bcf5fbbe600b227be73402d4fa0b860ebc255fc2065a2cb4e3ad4fe2873ead2e
instances/corrected_v2_reduced_suite/evaluation_critical/evaluation/critical/instance_u40_a25_v5_seed1003_critical.txt,4e512df627d17612d29d4a3e5f36bd78eb17641a1923ef501751875f036a5ae9,40,25,5,critical,1,4,1,4,1,0.25,200,711,15,0,200/711/15/0,e0de786f0e70670442e93cfe9392c65530e82bbb68adc74c3d7975593cf00380
instances/corrected_v2_reduced_suite/evaluation_critical/evaluation/critical/instance_u40_a25_v5_seed1003_critical.txt,4e512df627d17612d29d4a3e5f36bd78eb17641a1923ef501751875f036a5ae9,40,25,5,critical,8,1,8,1,1,8.0,200,703,1,13,200/703/1/13,0136479ef5e326c161159fd8d918aeb996587e1f3b78a599f8d15a4290871eec
instances/corrected_v2_reduced_suite/evaluation_critical/evaluation/critical/instance_u40_a25_v5_seed1003_critical.txt,4e512df627d17612d29d4a3e5f36bd78eb17641a1923ef501751875f036a5ae9,40,25,5,critical,4,8,1,2,1,0.5,200,688,3,0,200/688/3/0,d525b5e032ebd0c7c1932a35b081909aaab3319b3589ca662434b76019821663
instances/corrected_v2_reduced_suite/evaluation_critical/evaluation/critical/instance_u40_a25_v5_seed1003_critical.txt,4e512df627d17612d29d4a3e5f36bd78eb17641a1923ef501751875f036a5ae9,40,25,5,critical,1,1,1,1,1,1.0,200,722,11,12,200/722/11/12,b0c100ea402ca75720cdb98dcdf30764d4ba60c8760faf6f756d66e5d27958ea
instances/corrected_v2_reduced_suite/evaluation_critical/evaluation/critical/instance_u40_a25_v5_seed1001_critical.txt,e045b0692d9963b967cc37f3afb3e58c3e9aff61a3ca6f5ab662629dc35b3201,40,25,5,critical,4,1,4,1,1,4.0,200,757,1,17,200/757/1/17,e9dc687759127550923a589fcf3d8da6c612f1aa83fc022ad8ab61cca2a04ed6
instances/corrected_v2_reduced_suite/evaluation_critical/evaluation/critical/instance_u40_a25_v5_seed1001_critical.txt,e045b0692d9963b967cc37f3afb3e58c3e9aff61a3ca6f5ab662629dc35b3201,40,25,5,critical,8,4,2,1,1,2.0,200,718,0,1,200/718/0/1,50a9cac934d581e97366524942aff38102f82c6b29f430ed08ffdd0d0c9ddae6
instances/corrected_v2_reduced_suite/evaluation_critical/evaluation/critical/instance_u40_a25_v5_seed1001_critical.txt,e045b0692d9963b967cc37f3afb3e58c3e9aff61a3ca6f5ab662629dc35b3201,40,25,5,critical,8,8,1,1,1,1.0,200,713,0,0,200/713/0/0,90631a00fb51b497dcf32be4330694882718956d0dc3783983693b920c6e316d
instances/corrected_v2_reduced_suite/evaluation_critical/evaluation/critical/instance_u40_a25_v5_seed1001_critical.txt,e045b0692d9963b967cc37f3afb3e58c3e9aff61a3ca6f5ab662629dc35b3201,40,25,5,critical,1,8,1,8,1,0.125,200,733,6,0,200/733/6/0,348e4ca18e575af3554229149773f614b530c45298d3d8e2587da2f43ff2476a
instances/corrected_v2_reduced_suite/evaluation_critical/evaluation/critical/instance_u40_a25_v5_seed1001_critical.txt,e045b0692d9963b967cc37f3afb3e58c3e9aff61a3ca6f5ab662629dc35b3201,40,25,5,critical,1,4,1,4,1,0.25,200,733,6,0,200/733/6/0,8c79cae3c025487cb867cc4238db02c09d526d197f11057ffdbd5a11f5bcf803
instances/corrected_v2_reduced_suite/evaluation_critical/evaluation/critical/instance_u40_a25_v5_seed1001_critical.txt,e045b0692d9963b967cc37f3afb3e58c3e9aff61a3ca6f5ab662629dc35b3201,40,25,5,critical,1,1,1,1,1,1.0,200,760,5,14,200/760/5/14,ae5b2ec617479b2357c46eacea74809783d9699fb37d5d0947b69d0bcd671d4c
instances/corrected_v2_reduced_suite/evaluation_critical/evaluation/critical/instance_u40_a25_v5_seed1001_critical.txt,e045b0692d9963b967cc37f3afb3e58c3e9aff61a3ca6f5ab662629dc35b3201,40,25,5,critical,8,1,8,1,1,8.0,200,751,0,16,200/751/0/16,7fb933b9d5ddc958eb4ddfa20114f0f08b6cb81adb2b2e9ff478f2c9847b3bef
instances/corrected_v2_reduced_suite/evaluation_critical/evaluation/critical/instance_u40_a25_v5_seed1001_critical.txt,e045b0692d9963b967cc37f3afb3e58c3e9aff61a3ca6f5ab662629dc35b3201,40,25,5,critical,4,4,1,1,1,1.0,200,729,1,2,200/729/1/2,c4f7936e3666f53e4ab27387080d0af9726a1f0c91b295d154dc49e829d618ee
instances/corrected_v2_reduced_suite/evaluation_critical/evaluation/critical/instance_u40_a25_v5_seed1001_critical.txt,e045b0692d9963b967cc37f3afb3e58c3e9aff61a3ca6f5ab662629dc35b3201,40,25,5,critical,4,8,1,2,1,0.5,200,725,2,0,200/725/2/0,0df52e82e982f0aad89bce71c5afbabf205b0f1dd0f9f0792a05d5ac6a7a648b
instances/corrected_v2_reduced_suite/evaluation_critical/evaluation/critical/instance_u40_a25_v4_seed1002_critical.txt,5c9a8a3dcc3d1fe985ff86f0f6765ea477a79927e1fcb4a8a0be3ecb89ce8cfe,40,25,4,critical,8,1,8,1,1,8.0,160,580,1,13,160/580/1/13,02e662f391b63fa02905c101bde4932b052033c2b5b7ea892f11a02ae0b4b8d0
instances/corrected_v2_reduced_suite/evaluation_critical/evaluation/critical/instance_u40_a25_v4_seed1002_critical.txt,5c9a8a3dcc3d1fe985ff86f0f6765ea477a79927e1fcb4a8a0be3ecb89ce8cfe,40,25,4,critical,1,1,1,1,1,1.0,160,595,10,9,160/595/10/9,b95f8885ec8e42982f47eef5f2f04383dd55a2324e03b68c17e374e3ca8d0cfb
instances/corrected_v2_reduced_suite/evaluation_critical/evaluation/critical/instance_u40_a25_v4_seed1002_critical.txt,5c9a8a3dcc3d1fe985ff86f0f6765ea477a79927e1fcb4a8a0be3ecb89ce8cfe,40,25,4,critical,8,8,1,1,1,1.0,160,549,1,0,160/549/1/0,ea675378059c0a2fd00985171d23f5db24c171e32d4b8e707704b8326482b5a0
instances/corrected_v2_reduced_suite/evaluation_critical/evaluation/critical/instance_u40_a25_v4_seed1002_critical.txt,5c9a8a3dcc3d1fe985ff86f0f6765ea477a79927e1fcb4a8a0be3ecb89ce8cfe,40,25,4,critical,1,8,1,8,1,0.125,160,581,13,0,160/581/13/0,eebdcdff122d8d3fc75e20acc32a4a4a63c928cf9f5a12164c1beec48ff2cf7a
instances/corrected_v2_reduced_suite/evaluation_critical/evaluation/critical/instance_u40_a25_v4_seed1002_critical.txt,5c9a8a3dcc3d1fe985ff86f0f6765ea477a79927e1fcb4a8a0be3ecb89ce8cfe,40,25,4,critical,4,4,1,1,1,1.0,160,566,4,0,160/566/4/0,c437cca0ea003b51c6e68e7fe95864d5d0a38cd59919c862fd316d8abd17dad6
instances/corrected_v2_reduced_suite/evaluation_critical/evaluation/critical/instance_u40_a25_v4_seed1002_critical.txt,5c9a8a3dcc3d1fe985ff86f0f6765ea477a79927e1fcb4a8a0be3ecb89ce8cfe,40,25,4,critical,4,1,4,1,1,4.0,160,585,2,12,160/585/2/12,918fadfc3358283c98162ba9700272e3400fce9c386acf9d7a38190ec8e85e83
instances/corrected_v2_reduced_suite/evaluation_critical/evaluation/critical/instance_u40_a25_v4_seed1002_critical.txt,5c9a8a3dcc3d1fe985ff86f0f6765ea477a79927e1fcb4a8a0be3ecb89ce8cfe,40,25,4,critical,1,4,1,4,1,0.25,160,579,11,0,160/579/11/0,3d197ed93408bf89170f03489f0c5197a3d562e627a1c126deb9e8de3851c1f9
instances/corrected_v2_reduced_suite/evaluation_critical/evaluation/critical/instance_u40_a25_v4_seed1002_critical.txt,5c9a8a3dcc3d1fe985ff86f0f6765ea477a79927e1fcb4a8a0be3ecb89ce8cfe,40,25,4,critical,4,8,1,2,1,0.5,160,566,4,0,160/566/4/0,1fa2b8a20fd71b5d51e1516ea258454ddc3a9d8e36e95edcb56d193af48443db
instances/corrected_v2_reduced_suite/evaluation_critical/evaluation/critical/instance_u40_a25_v4_seed1002_critical.txt,5c9a8a3dcc3d1fe985ff86f0f6765ea477a79927e1fcb4a8a0be3ecb89ce8cfe,40,25,4,critical,8,4,2,1,1,2.0,160,553,1,1,160/553/1/1,a4e51895e40811e1d2e6360175ea29c9d69a707f45a7b23762f63c54a2c29b99
instances/corrected_v2_reduced_suite/evaluation_critical/evaluation/critical/instance_u40_a10_v5_seed1003_critical.txt,017118e5960c7e18a239e77b1f198b44915ed895aea6f231bb872df91f90f0f2,40,10,5,critical,1,4,1,4,1,0.25,200,685,13,0,200/685/13/0,b58e869b76dc89c91904c8e2039f4c2f5668c2c7a6441625987f04ef23b39b84
instances/corrected_v2_reduced_suite/evaluation_critical/evaluation/critical/instance_u40_a10_v5_seed1003_critical.txt,017118e5960c7e18a239e77b1f198b44915ed895aea6f231bb872df91f90f0f2,40,10,5,critical,4,8,1,2,1,0.5,200,663,3,0,200/663/3/0,1a79cf92d45248cc42627360c64c92f702ff09ea2ced770a1f88a50b828fa61f
instances/corrected_v2_reduced_suite/evaluation_critical/evaluation/critical/instance_u40_a10_v5_seed1003_critical.txt,017118e5960c7e18a239e77b1f198b44915ed895aea6f231bb872df91f90f0f2,40,10,5,critical,4,4,1,1,1,1.0,200,671,5,0,200/671/5/0,8083400625d76c66f2074366c6ba91d0c13581080bce8b1a219e23c59c8be5f3
instances/corrected_v2_reduced_suite/evaluation_critical/evaluation/critical/instance_u40_a10_v5_seed1003_critical.txt,017118e5960c7e18a239e77b1f198b44915ed895aea6f231bb872df91f90f0f2,40,10,5,critical,1,1,1,1,1,1.0,200,701,10,15,200/701/10/15,069b022e0d06b3fb9a96bca662ee6717d8d200beae0aceb1f4123d3008ec2976
instances/corrected_v2_reduced_suite/evaluation_critical/evaluation/critical/instance_u40_a10_v5_seed1003_critical.txt,017118e5960c7e18a239e77b1f198b44915ed895aea6f231bb872df91f90f0f2,40,10,5,critical,8,8,1,1,1,1.0,200,658,2,0,200/658/2/0,ecc65f4a403933e2bc977e03324da2e85be3bd371e93fec6dea59fb72d2ddad0
instances/corrected_v2_reduced_suite/evaluation_critical/evaluation/critical/instance_u40_a10_v5_seed1003_critical.txt,017118e5960c7e18a239e77b1f198b44915ed895aea6f231bb872df91f90f0f2,40,10,5,critical,8,1,8,1,1,8.0,200,681,2,13,200/681/2/13,139981e8ffff0dd70562616147e24686b29766c6de793a001779f31e680f8b92
instances/corrected_v2_reduced_suite/evaluation_critical/evaluation/critical/instance_u40_a10_v5_seed1003_critical.txt,017118e5960c7e18a239e77b1f198b44915ed895aea6f231bb872df91f90f0f2,40,10,5,critical,4,1,4,1,1,4.0,200,683,2,15,200/683/2/15,8ce3249a5065cecf2fbc75858c3882af4f3ee6ba6d998efab56c034cfa57269c
instances/corrected_v2_reduced_suite/evaluation_critical/evaluation/critical/instance_u40_a10_v5_seed1003_critical.txt,017118e5960c7e18a239e77b1f198b44915ed895aea6f231bb872df91f90f0f2,40,10,5,critical,8,4,2,1,1,2.0,200,658,2,0,200/658/2/0,5d4e3c75ae98046c49c98a6a702a7b48b5b3b562552960a4c0a2f0bd7fea3a8d
instances/corrected_v2_reduced_suite/evaluation_critical/evaluation/critical/instance_u40_a10_v5_seed1003_critical.txt,017118e5960c7e18a239e77b1f198b44915ed895aea6f231bb872df91f90f0f2,40,10,5,critical,1,8,1,8,1,0.125,200,685,13,0,200/685/13/0,5323ae7f0682e783859f241396301dc819815bab90ffc326b2c23f9a5f89ee04
instances/corrected_v2_reduced_suite/evaluation_critical/evaluation/critical/instance_u40_a10_v4_seed1002_critical.txt,93e26e12184989f851e4f91e33046006e375b0bdc1069591b75e6f5d66e9d66b,40,10,4,critical,8,8,1,1,1,1.0,160,533,4,0,160/533/4/0,8ed3bcbdb54a643d37c44fc79e313e735cc70a297afb4853c0aa3b9801496a6a
instances/corrected_v2_reduced_suite/evaluation_critical/evaluation/critical/instance_u40_a10_v4_seed1002_critical.txt,93e26e12184989f851e4f91e33046006e375b0bdc1069591b75e6f5d66e9d66b,40,10,4,critical,4,4,1,1,1,1.0,160,549,7,0,160/549/7/0,621d49862fe83378dfcf38efa00719bf37b8dc033d8ed5ac266885c44671122d
instances/corrected_v2_reduced_suite/evaluation_critical/evaluation/critical/instance_u40_a10_v4_seed1002_critical.txt,93e26e12184989f851e4f91e33046006e375b0bdc1069591b75e6f5d66e9d66b,40,10,4,critical,4,1,4,1,1,4.0,160,571,5,13,160/571/5/13,23ca1b08c96d740e481b06b892bf42d8db141eaae0e9acc4ee422f01f41c3894
instances/corrected_v2_reduced_suite/evaluation_critical/evaluation/critical/instance_u40_a10_v4_seed1002_critical.txt,93e26e12184989f851e4f91e33046006e375b0bdc1069591b75e6f5d66e9d66b,40,10,4,critical,1,4,1,4,1,0.25,160,559,13,0,160/559/13/0,fe95bf5b5ad88ae75067823af91286564310e4ad4519dc00755d09b81f343e20
instances/corrected_v2_reduced_suite/evaluation_critical/evaluation/critical/instance_u40_a10_v4_seed1002_critical.txt,93e26e12184989f851e4f91e33046006e375b0bdc1069591b75e6f5d66e9d66b,40,10,4,critical,4,8,1,2,1,0.5,160,549,7,0,160/549/7/0,ab3c354fcbc3836178bfdfbc225372bda1625bed22bae2adad7f540ba5a2fe32
instances/corrected_v2_reduced_suite/evaluation_critical/evaluation/critical/instance_u40_a10_v4_seed1002_critical.txt,93e26e12184989f851e4f91e33046006e375b0bdc1069591b75e6f5d66e9d66b,40,10,4,critical,8,1,8,1,1,8.0,160,569,4,15,160/569/4/15,b948009d748feebc3183fba980327c9c0c63814b3457b1ce67719ddd2f097b0c
instances/corrected_v2_reduced_suite/evaluation_critical/evaluation/critical/instance_u40_a10_v4_seed1002_critical.txt,93e26e12184989f851e4f91e33046006e375b0bdc1069591b75e6f5d66e9d66b,40,10,4,critical,1,1,1,1,1,1.0,160,582,10,14,160/582/10/14,0ca212582a51cf2a6b589c24bb5b60b07f6e1126311da548f66c1ae020c6c38c
instances/corrected_v2_reduced_suite/evaluation_critical/evaluation/critical/instance_u40_a10_v4_seed1002_critical.txt,93e26e12184989f851e4f91e33046006e375b0bdc1069591b75e6f5d66e9d66b,40,10,4,critical,8,4,2,1,1,2.0,160,546,4,3,160/546/4/3,149f57e9ea9719b8b01e24c6577f39c03f927021c0d4c80580ce6fd9d85f8513
instances/corrected_v2_reduced_suite/evaluation_critical/evaluation/critical/instance_u40_a10_v4_seed1002_critical.txt,93e26e12184989f851e4f91e33046006e375b0bdc1069591b75e6f5d66e9d66b,40,10,4,critical,1,8,1,8,1,0.125,160,558,12,0,160/558/12/0,f90c2639aa0934e1a7702ed336892161c12b34bd1d462886b6a2c938bcecfefc
instances/corrected_v2_reduced_suite/evaluation_critical/evaluation/critical/instance_u30_a15_v4_seed1002_critical.txt,148c8679adee389f3bfb69e52584b46bc596198bb5146008050adc703b39182e,30,15,4,critical,4,4,1,1,1,1.0,120,425,3,0,120/425/3/0,b334c98598999ed5acaec0fd380bfc5d7e32583f1bfe338a80010a738240fbe6
instances/corrected_v2_reduced_suite/evaluation_critical/evaluation/critical/instance_u30_a15_v4_seed1002_critical.txt,148c8679adee389f3bfb69e52584b46bc596198bb5146008050adc703b39182e,30,15,4,critical,8,8,1,1,1,1.0,120,418,2,0,120/418/2/0,74b5a408c6acc2fea70a6906ec3466fc0b56b5672456b54268fac38081db97d4
instances/corrected_v2_reduced_suite/evaluation_critical/evaluation/critical/instance_u30_a15_v4_seed1002_critical.txt,148c8679adee389f3bfb69e52584b46bc596198bb5146008050adc703b39182e,30,15,4,critical,1,1,1,1,1,1.0,120,436,4,7,120/436/4/7,09775ecf8a62a5571499aa0bed78fe856a043a0c2ca3dc8a3c6c421d2ce0d475
instances/corrected_v2_reduced_suite/evaluation_critical/evaluation/critical/instance_u30_a15_v4_seed1002_critical.txt,148c8679adee389f3bfb69e52584b46bc596198bb5146008050adc703b39182e,30,15,4,critical,4,1,4,1,1,4.0,120,439,3,12,120/439/3/12,6512205f5f5aa197c6187dba513785f861b6ec072562e189da232b41e67c2f22
instances/corrected_v2_reduced_suite/evaluation_critical/evaluation/critical/instance_u30_a15_v4_seed1002_critical.txt,148c8679adee389f3bfb69e52584b46bc596198bb5146008050adc703b39182e,30,15,4,critical,8,1,8,1,1,8.0,120,431,2,11,120/431/2/11,04bc0649234d24e16061693b2d0c8bb20afbb468f243f92a319385acf122b29c
instances/corrected_v2_reduced_suite/evaluation_critical/evaluation/critical/instance_u30_a15_v4_seed1002_critical.txt,148c8679adee389f3bfb69e52584b46bc596198bb5146008050adc703b39182e,30,15,4,critical,4,8,1,2,1,0.5,120,425,3,0,120/425/3/0,e7efd4f2ec0fb2ef859cbc681f01b0556a0878350374e4dbe90305c01cfc7c6d
instances/corrected_v2_reduced_suite/evaluation_critical/evaluation/critical/instance_u30_a15_v4_seed1002_critical.txt,148c8679adee389f3bfb69e52584b46bc596198bb5146008050adc703b39182e,30,15,4,critical,8,4,2,1,1,2.0,120,418,2,0,120/418/2/0,be221b078a101700956e5b6c9c937277a0197c7fd77316705db2b22d53e2b645
instances/corrected_v2_reduced_suite/evaluation_critical/evaluation/critical/instance_u30_a15_v4_seed1002_critical.txt,148c8679adee389f3bfb69e52584b46bc596198bb5146008050adc703b39182e,30,15,4,critical,1,4,1,4,1,0.25,120,428,5,0,120/428/5/0,bca4632ae46ad6708f3b3efd71fe72d56a1f53b78e57a2e9278a0a39d3f127f1
instances/corrected_v2_reduced_suite/evaluation_critical/evaluation/critical/instance_u30_a15_v4_seed1002_critical.txt,148c8679adee389f3bfb69e52584b46bc596198bb5146008050adc703b39182e,30,15,4,critical,1,8,1,8,1,0.125,120,428,5,0,120/428/5/0,f75a41fecabcb4846ffdd67b55e345cfb3b70cf5cc2653902195c956522860f7
instances/corrected_v2_reduced_suite/evaluation_critical/evaluation/critical/instance_u40_a10_v4_seed1001_critical.txt,b98e75059c523562fbab64282673d9ea225242fe21209b5e428aee89aa625edd,40,10,4,critical,8,4,2,1,1,2.0,160,561,0,0,160/561/0/0,6e47885c7e5bf84059f947c2efae1c45b9b8c1df44dbd18a5edb6819f239f85c
instances/corrected_v2_reduced_suite/evaluation_critical/evaluation/critical/instance_u40_a10_v4_seed1001_critical.txt,b98e75059c523562fbab64282673d9ea225242fe21209b5e428aee89aa625edd,40,10,4,critical,4,1,4,1,1,4.0,160,593,1,12,160/593/1/12,b9b962999374dc9471761261bb27e1d42f015215b1815853bec67b2293a4e759
instances/corrected_v2_reduced_suite/evaluation_critical/evaluation/critical/instance_u40_a10_v4_seed1001_critical.txt,b98e75059c523562fbab64282673d9ea225242fe21209b5e428aee89aa625edd,40,10,4,critical,8,8,1,1,1,1.0,160,561,0,0,160/561/0/0,ae30e1852011332aa19976513511b1ba7671c3754ac022cd5cdb6a223016962d
instances/corrected_v2_reduced_suite/evaluation_critical/evaluation/critical/instance_u40_a10_v4_seed1001_critical.txt,b98e75059c523562fbab64282673d9ea225242fe21209b5e428aee89aa625edd,40,10,4,critical,4,4,1,1,1,1.0,160,568,1,0,160/568/1/0,8f1e134fd78b9ba6ddce0268c2f3e08f1d0a0572ce0effc07674f821fa0def4d
instances/corrected_v2_reduced_suite/evaluation_critical/evaluation/critical/instance_u40_a10_v4_seed1001_critical.txt,b98e75059c523562fbab64282673d9ea225242fe21209b5e428aee89aa625edd,40,10,4,critical,1,4,1,4,1,0.25,160,570,2,0,160/570/2/0,e7a58116fd541d0bdb303026d659d303deb9e35fd8231a89e800c795b9758c65
instances/corrected_v2_reduced_suite/evaluation_critical/evaluation/critical/instance_u40_a10_v4_seed1001_critical.txt,b98e75059c523562fbab64282673d9ea225242fe21209b5e428aee89aa625edd,40,10,4,critical,8,1,8,1,1,8.0,160,589,0,13,160/589/0/13,8e18728897bf02cfea792d87a238752d1f9c9d3af174ccdce33095fde4bef73b
instances/corrected_v2_reduced_suite/evaluation_critical/evaluation/critical/instance_u40_a10_v4_seed1001_critical.txt,b98e75059c523562fbab64282673d9ea225242fe21209b5e428aee89aa625edd,40,10,4,critical,1,8,1,8,1,0.125,160,570,2,0,160/570/2/0,f2e782bdf8e2c08b9a9eb06fbff6a6bddc9170ad907de6523825516db6320177
instances/corrected_v2_reduced_suite/evaluation_critical/evaluation/critical/instance_u40_a10_v4_seed1001_critical.txt,b98e75059c523562fbab64282673d9ea225242fe21209b5e428aee89aa625edd,40,10,4,critical,4,8,1,2,1,0.5,160,568,1,0,160/568/1/0,abb599da3e1168fe178449e64137aab53210628a0ad0d0bd6cf65deaebdc12b3
instances/corrected_v2_reduced_suite/evaluation_critical/evaluation/critical/instance_u40_a10_v4_seed1001_critical.txt,b98e75059c523562fbab64282673d9ea225242fe21209b5e428aee89aa625edd,40,10,4,critical,1,1,1,1,1,1.0,160,593,1,12,160/593/1/12,f1f7440dc57197a92f751932452d9a29cafe316c1f2eee1da31cfdb2d17401f6
instances/corrected_v2_reduced_suite/evaluation_critical/evaluation/critical/instance_u40_a15_v4_seed1002_critical.txt,23421d631ba25e8a6e9fc662d65c83fe6fccb717088483d568dab2b286aa89db,40,15,4,critical,4,4,1,1,1,1.0,160,560,6,1,160/560/6/1,682f01d077e59d146168959316db53e8a392bed2cf32f1b2248beb0dd235dc6d
instances/corrected_v2_reduced_suite/evaluation_critical/evaluation/critical/instance_u40_a15_v4_seed1002_critical.txt,23421d631ba25e8a6e9fc662d65c83fe6fccb717088483d568dab2b286aa89db,40,15,4,critical,1,8,1,8,1,0.125,160,569,12,0,160/569/12/0,7619bc2d4f4caf245f7d5166e5422951947aeac3b8e5690ee9124e61863476c8
instances/corrected_v2_reduced_suite/evaluation_critical/evaluation/critical/instance_u40_a15_v4_seed1002_critical.txt,23421d631ba25e8a6e9fc662d65c83fe6fccb717088483d568dab2b286aa89db,40,15,4,critical,8,8,1,1,1,1.0,160,546,4,0,160/546/4/0,9cdf1e6433fc078d78cec2ca499929e1b3ef9a3e0bce50839023a2d1ff6988c7
instances/corrected_v2_reduced_suite/evaluation_critical/evaluation/critical/instance_u40_a15_v4_seed1002_critical.txt,23421d631ba25e8a6e9fc662d65c83fe6fccb717088483d568dab2b286aa89db,40,15,4,critical,4,8,1,2,1,0.5,160,552,5,0,160/552/5/0,6e415dad2fe10880a37652bf01258476c2202fa83af91914d729601f5f5ec683
instances/corrected_v2_reduced_suite/evaluation_critical/evaluation/critical/instance_u40_a15_v4_seed1002_critical.txt,23421d631ba25e8a6e9fc662d65c83fe6fccb717088483d568dab2b286aa89db,40,15,4,critical,8,1,8,1,1,8.0,160,578,4,13,160/578/4/13,674dad93e917a6e023626e425deb777e0f598edf653138b9d40806f7dc46a971
instances/corrected_v2_reduced_suite/evaluation_critical/evaluation/critical/instance_u40_a15_v4_seed1002_critical.txt,23421d631ba25e8a6e9fc662d65c83fe6fccb717088483d568dab2b286aa89db,40,15,4,critical,1,4,1,4,1,0.25,160,570,13,0,160/570/13/0,87023867cb9ebb368572365d5b9d16ba74c5d3e5b05d6458efe998d3e6add087
instances/corrected_v2_reduced_suite/evaluation_critical/evaluation/critical/instance_u40_a15_v4_seed1002_critical.txt,23421d631ba25e8a6e9fc662d65c83fe6fccb717088483d568dab2b286aa89db,40,15,4,critical,8,4,2,1,1,2.0,160,555,4,2,160/555/4/2,26b8e1daa369bec4d1c61a5e18a0d5826ce109be31db8f163e034be7724bc95d
instances/corrected_v2_reduced_suite/evaluation_critical/evaluation/critical/instance_u40_a15_v4_seed1002_critical.txt,23421d631ba25e8a6e9fc662d65c83fe6fccb717088483d568dab2b286aa89db,40,15,4,critical,4,1,4,1,1,4.0,160,580,4,15,160/580/4/15,d30602bc6ab0334639123964081f5602d62e128274e90fdc471379895b918d4f
instances/corrected_v2_reduced_suite/evaluation_critical/evaluation/critical/instance_u40_a15_v4_seed1002_critical.txt,23421d631ba25e8a6e9fc662d65c83fe6fccb717088483d568dab2b286aa89db,40,15,4,critical,1,1,1,1,1,1.0,160,592,11,13,160/592/11/13,e2ca4cbc057a597e9002f583ca59f805efb86a24345c4ebfbe6ed804e6076970
instances/corrected_v2_reduced_suite/evaluation_critical/evaluation/critical/instance_u40_a10_v5_seed1001_critical.txt,0fa28a903cebd3a3dd85fef2874db9c94ef28e79ab436d5e05b1ed674d0dc046,40,10,5,critical,8,4,2,1,1,2.0,200,700,0,0,200/700/0/0,31be2d54e0369942264ede73be317bc2526e1c5e3703c7825536168715a64858
instances/corrected_v2_reduced_suite/evaluation_critical/evaluation/critical/instance_u40_a10_v5_seed1001_critical.txt,0fa28a903cebd3a3dd85fef2874db9c94ef28e79ab436d5e05b1ed674d0dc046,40,10,5,critical,8,8,1,1,1,1.0,200,700,0,0,200/700/0/0,dec84fcfd4f2a306cf21719a344dda5bd34fe38f0bf1f69d27e81314a2678d42
instances/corrected_v2_reduced_suite/evaluation_critical/evaluation/critical/instance_u40_a10_v5_seed1001_critical.txt,0fa28a903cebd3a3dd85fef2874db9c94ef28e79ab436d5e05b1ed674d0dc046,40,10,5,critical,4,4,1,1,1,1.0,200,706,1,0,200/706/1/0,e10ecb265e30455b873c2ba8865de9da902cba2e0480ed595391006e126fac1f
instances/corrected_v2_reduced_suite/evaluation_critical/evaluation/critical/instance_u40_a10_v5_seed1001_critical.txt,0fa28a903cebd3a3dd85fef2874db9c94ef28e79ab436d5e05b1ed674d0dc046,40,10,5,critical,1,8,1,8,1,0.125,200,710,3,0,200/710/3/0,bac6ee64b75aa59bdcfbb2ce9c86a08ef59b82a35a3c9b0743baebb11cae1460
instances/corrected_v2_reduced_suite/evaluation_critical/evaluation/critical/instance_u40_a10_v5_seed1001_critical.txt,0fa28a903cebd3a3dd85fef2874db9c94ef28e79ab436d5e05b1ed674d0dc046,40,10,5,critical,1,1,1,1,1,1.0,200,735,2,13,200/735/2/13,271b3289cf7982b418e7171c2fbfd989ce37f8be576dd05edc09ca8374193752
instances/corrected_v2_reduced_suite/evaluation_critical/evaluation/critical/instance_u40_a10_v5_seed1001_critical.txt,0fa28a903cebd3a3dd85fef2874db9c94ef28e79ab436d5e05b1ed674d0dc046,40,10,5,critical,1,4,1,4,1,0.25,200,710,3,0,200/710/3/0,3d8011168711b27a8e8844381eb4cd9fddd6157619bbb0c1b2689ac5074b37e8
instances/corrected_v2_reduced_suite/evaluation_critical/evaluation/critical/instance_u40_a10_v5_seed1001_critical.txt,0fa28a903cebd3a3dd85fef2874db9c94ef28e79ab436d5e05b1ed674d0dc046,40,10,5,critical,8,1,8,1,1,8.0,200,731,0,15,200/731/0/15,e99e0ae4157f2aa39d07f78fa8d88484801c4a2f954a0ad7be634a5857f31dcd
instances/corrected_v2_reduced_suite/evaluation_critical/evaluation/critical/instance_u40_a10_v5_seed1001_critical.txt,0fa28a903cebd3a3dd85fef2874db9c94ef28e79ab436d5e05b1ed674d0dc046,40,10,5,critical,4,8,1,2,1,0.5,200,706,1,0,200/706/1/0,9320d0773ab8947dd320c58e53e2b59c72e7f29961dda812f281ef1c79fb7e43
instances/corrected_v2_reduced_suite/evaluation_critical/evaluation/critical/instance_u40_a10_v5_seed1001_critical.txt,0fa28a903cebd3a3dd85fef2874db9c94ef28e79ab436d5e05b1ed674d0dc046,40,10,5,critical,4,1,4,1,1,4.0,200,735,1,14,200/735/1/14,9af750d95724b36ea4a6425817781e290628025bb305b41c8676af4b504489ba
instances/corrected_v2_reduced_suite/evaluation_critical/evaluation/critical/instance_u30_a25_v4_seed1003_critical.txt,1106683ff4d0a32c24be1898a1c47de6e406379be52c648767eb810adcb9134d,30,25,4,critical,8,4,2,1,1,2.0,120,416,0,0,120/416/0/0,867fe5eed2c0845160dc655d90b93642e82c8d01d1007379392240e83e43e7f7
instances/corrected_v2_reduced_suite/evaluation_critical/evaluation/critical/instance_u30_a25_v4_seed1003_critical.txt,1106683ff4d0a32c24be1898a1c47de6e406379be52c648767eb810adcb9134d,30,25,4,critical,1,1,1,1,1,1.0,120,429,5,2,120/429/5/2,999776927bc969ef2449cc14ae4591f0236764a9522d4a31f2130b3ff92de465
instances/corrected_v2_reduced_suite/evaluation_critical/evaluation/critical/instance_u30_a25_v4_seed1003_critical.txt,1106683ff4d0a32c24be1898a1c47de6e406379be52c648767eb810adcb9134d,30,25,4,critical,4,1,4,1,1,4.0,120,421,0,3,120/421/0/3,862b37cf5b3b4c90cae4fc442f13a9099c200869659eb9586a1d51f4286701be
instances/corrected_v2_reduced_suite/evaluation_critical/evaluation/critical/instance_u30_a25_v4_seed1003_critical.txt,1106683ff4d0a32c24be1898a1c47de6e406379be52c648767eb810adcb9134d,30,25,4,critical,4,8,1,2,1,0.5,120,416,0,0,120/416/0/0,d3181b33ac8dc2508ec595c41c5678e67a7c31f920ae3230c164981d784d3296
instances/corrected_v2_reduced_suite/evaluation_critical/evaluation/critical/instance_u30_a25_v4_seed1003_critical.txt,1106683ff4d0a32c24be1898a1c47de6e406379be52c648767eb810adcb9134d,30,25,4,critical,1,8,1,8,1,0.125,120,426,4,0,120/426/4/0,b2c5314c7b06a681501f192a705bd6e636bd1967fa5f43ae9ff51df50b848445
instances/corrected_v2_reduced_suite/evaluation_critical/evaluation/critical/instance_u30_a25_v4_seed1003_critical.txt,1106683ff4d0a32c24be1898a1c47de6e406379be52c648767eb810adcb9134d,30,25,4,critical,1,4,1,4,1,0.25,120,426,4,0,120/426/4/0,6277981d6285e0c184ab43c9290d48f43c0516fc440c430153dc656f7f3f6823
instances/corrected_v2_reduced_suite/evaluation_critical/evaluation/critical/instance_u30_a25_v4_seed1003_critical.txt,1106683ff4d0a32c24be1898a1c47de6e406379be52c648767eb810adcb9134d,30,25,4,critical,4,4,1,1,1,1.0,120,416,0,0,120/416/0/0,496809a2d61dcfa8d5aa9400fc4ad051d502c329a225652318c6da9d12af886b
instances/corrected_v2_reduced_suite/evaluation_critical/evaluation/critical/instance_u30_a25_v4_seed1003_critical.txt,1106683ff4d0a32c24be1898a1c47de6e406379be52c648767eb810adcb9134d,30,25,4,critical,8,1,8,1,1,8.0,120,421,0,3,120/421/0/3,a57ca196dcc0ee8692bd2632e5ff839759ca1683242b2372dbe93be957627e66
instances/corrected_v2_reduced_suite/evaluation_critical/evaluation/critical/instance_u30_a25_v4_seed1003_critical.txt,1106683ff4d0a32c24be1898a1c47de6e406379be52c648767eb810adcb9134d,30,25,4,critical,8,8,1,1,1,1.0,120,416,0,0,120/416/0/0,4733da9bf6dfad3ade6009975831263107e0e05e52fc4515c195b0b0d41a3b13
