cfg_id;label;instance_name;method;objective_mode;objective_policy;delta;similarity_reference_optimum;similarity_lower_bound;similarity_realized_loss_absolute;similarity_realized_loss_fraction;similarity_realized_loss_ratio;cardinality;ic;sb;status;elapsed_s;timeout_seconds;solve_s;solver_calls;variables;hard_clauses;soft_clauses;best_value;weighted_reference_score;similarity;continuity;overtime;coverage;stage_objectives;stage_optima
1;ORIGINAL;instance_30_10_4_1;weighted;weighted;weighted-sum;-;;;;;;sorting-network;none;none;OPTIMUM;12.81305417;300.0;12.77990633;1;15458;60139;1441;416.0;416.0;421.0;5.0;0.0;120.0;weighted_score;416
1;ORIGINAL;instance_30_10_4_10;weighted;weighted;weighted-sum;-;;;;;;sorting-network;none;none;OPTIMUM;12.91446834;300.0;12.88114563;1;17109;59733;1399;403.0;403.0;410.0;7.0;0.0;120.0;weighted_score;403
1;ORIGINAL;instance_30_10_4_11;weighted;weighted;weighted-sum;-;;;;;;sorting-network;none;none;OPTIMUM;17.52928607;300.0;17.49571625;1;16332;56268;1413;390.0;390.0;400.0;10.0;0.0;120.0;weighted_score;390
1;ORIGINAL;instance_30_10_4_12;weighted;weighted;weighted-sum;-;;;;;;sorting-network;none;none;OPTIMUM;21.27593757;300.0;21.24089355;1;16412;60849;1360;387.0;387.0;395.0;8.0;0.0;120.0;weighted_score;387
1;ORIGINAL;instance_30_10_4_13;weighted;weighted;weighted-sum;-;;;;;;sorting-network;none;none;UNSATISFIABLE;0.044575789;300.0;0;1;0;0;0;;;;;;;;
1;ORIGINAL;instance_30_10_4_14;weighted;weighted;weighted-sum;-;;;;;;sorting-network;none;none;UNSATISFIABLE;0.046649719;300.0;0;1;0;0;0;;;;;;;;
1;ORIGINAL;instance_30_10_4_15;weighted;weighted;weighted-sum;-;;;;;;sorting-network;none;none;UNSATISFIABLE;0.024702846;300.0;0;1;0;0;0;;;;;;;;
1;ORIGINAL;instance_30_10_4_16;weighted;weighted;weighted-sum;-;;;;;;sorting-network;none;none;OPTIMUM;9.103635117;300.0;9.059978864;1;17677;67347;1562;431.0;431.0;436.0;5.0;0.0;120.0;weighted_score;431
1;ORIGINAL;instance_30_10_4_17;weighted;weighted;weighted-sum;-;;;;;;sorting-network;none;none;OPTIMUM;4.447465764;300.0;4.42031381;1;10648;38043;1291;400.0;400.0;401.0;1.0;0.0;120.0;weighted_score;400
1;ORIGINAL;instance_30_10_4_18;weighted;weighted;weighted-sum;-;;;;;;sorting-network;none;none;OPTIMUM;5.577499199;300.0;5.550421508;1;11434;40931;1382;408.0;408.0;414.0;6.0;0.0;120.0;weighted_score;408
1;ORIGINAL;instance_30_10_4_19;weighted;weighted;weighted-sum;-;;;;;;sorting-network;none;none;UNSATISFIABLE;0.065734132;300.0;0;1;0;0;0;;;;;;;;
1;ORIGINAL;instance_30_10_4_2;weighted;weighted;weighted-sum;-;;;;;;sorting-network;none;none;UNSATISFIABLE;0.075039952;300.0;0;1;0;0;0;;;;;;;;
1;ORIGINAL;instance_30_10_4_20;weighted;weighted;weighted-sum;-;;;;;;sorting-network;none;none;UNSATISFIABLE;0.046758521;300.0;0;1;0;0;0;;;;;;;;
1;ORIGINAL;instance_30_10_4_21;weighted;weighted;weighted-sum;-;;;;;;sorting-network;none;none;UNSATISFIABLE;0.075968156;300.0;0;1;0;0;0;;;;;;;;
1;ORIGINAL;instance_30_10_4_22;weighted;weighted;weighted-sum;-;;;;;;sorting-network;none;none;UNSATISFIABLE;0.052261493;300.0;0;1;0;0;0;;;;;;;;
1;ORIGINAL;instance_30_10_4_23;weighted;weighted;weighted-sum;-;;;;;;sorting-network;none;none;OPTIMUM;10.05372326;300.0;10.01863703;1;17744;62868;1499;379.0;379.0;382.0;3.0;0.0;120.0;weighted_score;379
1;ORIGINAL;instance_30_10_4_24;weighted;weighted;weighted-sum;-;;;;;;sorting-network;none;none;OPTIMUM;3.728436342;300.0;3.697816871;1;13402;49470;1375;387.0;387.0;393.0;6.0;0.0;120.0;weighted_score;387
1;ORIGINAL;instance_30_10_4_25;weighted;weighted;weighted-sum;-;;;;;;sorting-network;none;none;OPTIMUM;15.89019355;300.0;15.84625596;1;17704;68453;1435;444.0;444.0;445.0;1.0;0.0;120.0;weighted_score;444
1;ORIGINAL;instance_30_10_4_26;weighted;weighted;weighted-sum;-;;;;;;sorting-network;none;none;UNSATISFIABLE;0.079123007;300.0;0;1;0;0;0;;;;;;;;
1;ORIGINAL;instance_30_10_4_27;weighted;weighted;weighted-sum;-;;;;;;sorting-network;none;none;OPTIMUM;17.95645189;300.0;17.92723375;1;13839;44708;1374;390.0;390.0;401.0;11.0;0.0;120.0;weighted_score;390
1;ORIGINAL;instance_30_10_4_28;weighted;weighted;weighted-sum;-;;;;;;sorting-network;none;none;UNSATISFIABLE;0.027945555;300.0;0;1;0;0;0;;;;;;;;
1;ORIGINAL;instance_30_10_4_29;weighted;weighted;weighted-sum;-;;;;;;sorting-network;none;none;UNSATISFIABLE;0.049013981;300.0;0;1;0;0;0;;;;;;;;
1;ORIGINAL;instance_30_10_4_3;weighted;weighted;weighted-sum;-;;;;;;sorting-network;none;none;UNSATISFIABLE;0.048761783;300.0;0;1;0;0;0;;;;;;;;
1;ORIGINAL;instance_30_10_4_30;weighted;weighted;weighted-sum;-;;;;;;sorting-network;none;none;OPTIMUM;20.86582025;300.0;20.82993401;1;18708;63200;1482;396.0;396.0;405.0;9.0;0.0;120.0;weighted_score;396
1;ORIGINAL;instance_30_10_4_31;weighted;weighted;weighted-sum;-;;;;;;sorting-network;none;none;OPTIMUM;9.94170968;300.0;9.909960492;1;14443;50532;1318;372.0;372.0;380.0;8.0;0.0;120.0;weighted_score;372
1;ORIGINAL;instance_30_10_4_32;weighted;weighted;weighted-sum;-;;;;;;sorting-network;none;none;OPTIMUM;14.50229967;300.0;14.46719527;1;15717;58369;1493;423.0;423.0;424.0;1.0;0.0;120.0;weighted_score;423
1;ORIGINAL;instance_30_10_4_33;weighted;weighted;weighted-sum;-;;;;;;sorting-network;none;none;OPTIMUM;14.3853206;300.0;14.35296306;1;14662;56321;1416;434.0;434.0;435.0;1.0;0.0;120.0;weighted_score;434
1;ORIGINAL;instance_30_10_4_34;weighted;weighted;weighted-sum;-;;;;;;sorting-network;none;none;UNSATISFIABLE;0.049713233;300.0;0;1;0;0;0;;;;;;;;
1;ORIGINAL;instance_30_10_4_35;weighted;weighted;weighted-sum;-;;;;;;sorting-network;none;none;UNSATISFIABLE;0.045262577;300.0;0;1;0;0;0;;;;;;;;
1;ORIGINAL;instance_30_10_4_36;weighted;weighted;weighted-sum;-;;;;;;sorting-network;none;none;OPTIMUM;26.31403838;300.0;26.27855925;1;17953;64090;1497;401.0;401.0;406.0;5.0;0.0;120.0;weighted_score;401
1;ORIGINAL;instance_30_10_4_37;weighted;weighted;weighted-sum;-;;;;;;sorting-network;none;none;OPTIMUM;10.61276093;300.0;10.57752674;1;15129;59689;1457;440.0;440.0;444.0;4.0;0.0;120.0;weighted_score;440
1;ORIGINAL;instance_30_10_4_38;weighted;weighted;weighted-sum;-;;;;;;sorting-network;none;none;UNSATISFIABLE;0.050465401;300.0;0;1;0;0;0;;;;;;;;
1;ORIGINAL;instance_30_10_4_39;weighted;weighted;weighted-sum;-;;;;;;sorting-network;none;none;UNSATISFIABLE;0.046351192;300.0;0;1;0;0;0;;;;;;;;
1;ORIGINAL;instance_30_10_4_4;weighted;weighted;weighted-sum;-;;;;;;sorting-network;none;none;OPTIMUM;8.995868852;300.0;8.962956062;1;14595;56747;1419;427.0;427.0;429.0;2.0;0.0;120.0;weighted_score;427
1;ORIGINAL;instance_30_10_4_40;weighted;weighted;weighted-sum;-;;;;;;sorting-network;none;none;UNSATISFIABLE;0.058254051;300.0;0;1;0;0;0;;;;;;;;
1;ORIGINAL;instance_30_10_4_41;weighted;weighted;weighted-sum;-;;;;;;sorting-network;none;none;OPTIMUM;8.793905849;300.0;8.776200402;1;8502;27704;1236;350.0;350.0;356.0;6.0;0.0;120.0;weighted_score;350
1;ORIGINAL;instance_30_10_4_42;weighted;weighted;weighted-sum;-;;;;;;sorting-network;none;none;UNSATISFIABLE;0.047740556;300.0;0;1;0;0;0;;;;;;;;
1;ORIGINAL;instance_30_10_4_43;weighted;weighted;weighted-sum;-;;;;;;sorting-network;none;none;OPTIMUM;21.57555994;300.0;21.54125185;1;18422;61900;1427;412.0;412.0;419.0;7.0;0.0;120.0;weighted_score;412
1;ORIGINAL;instance_30_10_4_44;weighted;weighted;weighted-sum;-;;;;;;sorting-network;none;none;UNSATISFIABLE;0.088155862;300.0;0;1;0;0;0;;;;;;;;
1;ORIGINAL;instance_30_10_4_45;weighted;weighted;weighted-sum;-;;;;;;sorting-network;none;none;OPTIMUM;5.437215538;300.0;5.408009424;1;14403;53425;1363;365.0;365.0;371.0;6.0;0.0;120.0;weighted_score;365
1;ORIGINAL;instance_30_10_4_46;weighted;weighted;weighted-sum;-;;;;;;sorting-network;none;none;UNSATISFIABLE;0.026807378;300.0;0;1;0;0;0;;;;;;;;
1;ORIGINAL;instance_30_10_4_47;weighted;weighted;weighted-sum;-;;;;;;sorting-network;none;none;OPTIMUM;13.5147881;300.0;13.48731482;1;11712;40948;1390;395.0;395.0;398.0;3.0;0.0;120.0;weighted_score;395
1;ORIGINAL;instance_30_10_4_48;weighted;weighted;weighted-sum;-;;;;;;sorting-network;none;none;OPTIMUM;6.260499294;300.0;6.235354739;1;10175;32944;1309;375.0;375.0;377.0;2.0;0.0;120.0;weighted_score;375
1;ORIGINAL;instance_30_10_4_49;weighted;weighted;weighted-sum;-;;;;;;sorting-network;none;none;UNSATISFIABLE;0.086021244;300.0;0;1;0;0;0;;;;;;;;
1;ORIGINAL;instance_30_10_4_5;weighted;weighted;weighted-sum;-;;;;;;sorting-network;none;none;OPTIMUM;17.19614936;300.0;17.16779292;1;13334;49344;1452;418.0;418.0;423.0;5.0;0.0;120.0;weighted_score;418
1;ORIGINAL;instance_30_10_4_50;weighted;weighted;weighted-sum;-;;;;;;sorting-network;none;none;UNSATISFIABLE;0.05061303;300.0;0;1;0;0;0;;;;;;;;
1;ORIGINAL;instance_30_10_4_6;weighted;weighted;weighted-sum;-;;;;;;sorting-network;none;none;OPTIMUM;10.27683308;300.0;10.24181092;1;15363;57534;1451;388.0;388.0;389.0;1.0;0.0;120.0;weighted_score;388
1;ORIGINAL;instance_30_10_4_7;weighted;weighted;weighted-sum;-;;;;;;sorting-network;none;none;UNSATISFIABLE;0.050792413;300.0;0;1;0;0;0;;;;;;;;
1;ORIGINAL;instance_30_10_4_8;weighted;weighted;weighted-sum;-;;;;;;sorting-network;none;none;OPTIMUM;25.88702343;300.0;25.85427613;1;15326;52352;1365;414.0;414.0;422.0;8.0;0.0;120.0;weighted_score;414
1;ORIGINAL;instance_30_10_4_9;weighted;weighted;weighted-sum;-;;;;;;sorting-network;none;none;UNSATISFIABLE;0.050150705;300.0;0;1;0;0;0;;;;;;;;
1;ORIGINAL;instance_40_10_5_1;weighted;weighted;weighted-sum;-;;;;;;sorting-network;none;none;UNSATISFIABLE;0.230426291;300.0;0;0;0;0;0;;;;;;;;
1;ORIGINAL;instance_40_10_5_10;weighted;weighted;weighted-sum;-;;;;;;sorting-network;none;none;UNSATISFIABLE;0.08563332;300.0;0;0;0;0;0;;;;;;;;
1;ORIGINAL;instance_40_10_5_11;weighted;weighted;weighted-sum;-;;;;;;sorting-network;none;none;TIMEOUT;300.1080537;300.0;0;0;0;0;0;;;;;;;;
1;ORIGINAL;instance_40_10_5_12;weighted;weighted;weighted-sum;-;;;;;;sorting-network;none;none;TIMEOUT;300.1157906;300.0;0;0;0;0;0;;;;;;;;
1;ORIGINAL;instance_40_10_5_13;weighted;weighted;weighted-sum;-;;;;;;sorting-network;none;none;UNSATISFIABLE;0.092552402;300.0;0;0;0;0;0;;;;;;;;
1;ORIGINAL;instance_40_10_5_14;weighted;weighted;weighted-sum;-;;;;;;sorting-network;none;none;OPTIMUM;52.25383392;300.0;52.18358466;1;31198;118075;2276;663.0;663.0;670.0;7.0;0.0;200.0;weighted_score;663
1;ORIGINAL;instance_40_10_5_15;weighted;weighted;weighted-sum;-;;;;;;sorting-network;none;none;UNSATISFIABLE;0.083576797;300.0;0;0;0;0;0;;;;;;;;
1;ORIGINAL;instance_40_10_5_16;weighted;weighted;weighted-sum;-;;;;;;sorting-network;none;none;UNSATISFIABLE;0.218712745;300.0;0;0;0;0;0;;;;;;;;
1;ORIGINAL;instance_40_10_5_17;weighted;weighted;weighted-sum;-;;;;;;sorting-network;none;none;OPTIMUM;26.72619029;300.0;26.66010887;1;29295;112805;2324;706.0;706.0;709.0;3.0;0.0;200.0;weighted_score;706
1;ORIGINAL;instance_40_10_5_18;weighted;weighted;weighted-sum;-;;;;;;sorting-network;none;none;UNSATISFIABLE;0.104075577;300.0;0;0;0;0;0;;;;;;;;
1;ORIGINAL;instance_40_10_5_19;weighted;weighted;weighted-sum;-;;;;;;sorting-network;none;none;TIMEOUT;300.1145845;300.0;0;0;0;0;0;;;;;;;;
1;ORIGINAL;instance_40_10_5_2;weighted;weighted;weighted-sum;-;;;;;;sorting-network;none;none;OPTIMUM;68.56671605;300.0;68.50475579;1;32208;118510;2180;704.0;704.0;718.0;14.0;0.0;200.0;weighted_score;704
1;ORIGINAL;instance_40_10_5_20;weighted;weighted;weighted-sum;-;;;;;;sorting-network;none;none;UNSATISFIABLE;0.055176645;300.0;0;0;0;0;0;;;;;;;;
1;ORIGINAL;instance_40_10_5_21;weighted;weighted;weighted-sum;-;;;;;;sorting-network;none;none;UNSATISFIABLE;0.078298635;300.0;0;0;0;0;0;;;;;;;;
1;ORIGINAL;instance_40_10_5_22;weighted;weighted;weighted-sum;-;;;;;;sorting-network;none;none;TIMEOUT;300.1117004;300.0;0;0;0;0;0;;;;;;;;
1;ORIGINAL;instance_40_10_5_23;weighted;weighted;weighted-sum;-;;;;;;sorting-network;none;none;UNSATISFIABLE;0.07568731;300.0;0;0;0;0;0;;;;;;;;
1;ORIGINAL;instance_40_10_5_24;weighted;weighted;weighted-sum;-;;;;;;sorting-network;none;none;UNSATISFIABLE;0.176840037;300.0;0;0;0;0;0;;;;;;;;
1;ORIGINAL;instance_40_10_5_25;weighted;weighted;weighted-sum;-;;;;;;sorting-network;none;none;UNSATISFIABLE;0.073691955;300.0;0;0;0;0;0;;;;;;;;
1;ORIGINAL;instance_40_10_5_26;weighted;weighted;weighted-sum;-;;;;;;sorting-network;none;none;UNSATISFIABLE;0.248274242;300.0;0;0;0;0;0;;;;;;;;
1;ORIGINAL;instance_40_10_5_27;weighted;weighted;weighted-sum;-;;;;;;sorting-network;none;none;UNSATISFIABLE;0.110892885;300.0;0;0;0;0;0;;;;;;;;
1;ORIGINAL;instance_40_10_5_28;weighted;weighted;weighted-sum;-;;;;;;sorting-network;none;none;TIMEOUT;300.1173565;300.0;0;0;0;0;0;;;;;;;;
1;ORIGINAL;instance_40_10_5_29;weighted;weighted;weighted-sum;-;;;;;;sorting-network;none;none;OPTIMUM;43.26946719;300.0;43.20798453;1;28298;112165;2387;698.0;698.0;703.0;5.0;0.0;200.0;weighted_score;698
1;ORIGINAL;instance_40_10_5_3;weighted;weighted;weighted-sum;-;;;;;;sorting-network;none;none;UNSATISFIABLE;0.230593416;300.0;0;0;0;0;0;;;;;;;;
1;ORIGINAL;instance_40_10_5_30;weighted;weighted;weighted-sum;-;;;;;;sorting-network;none;none;UNSATISFIABLE;0.064097451;300.0;0;0;0;0;0;;;;;;;;
1;ORIGINAL;instance_40_10_5_31;weighted;weighted;weighted-sum;-;;;;;;sorting-network;none;none;UNSATISFIABLE;0.071743512;300.0;0;0;0;0;0;;;;;;;;
1;ORIGINAL;instance_40_10_5_32;weighted;weighted;weighted-sum;-;;;;;;sorting-network;none;none;OPTIMUM;30.28926544;300.0;30.23567547;1;25940;103775;2311;699.0;699.0;701.0;2.0;0.0;200.0;weighted_score;699
1;ORIGINAL;instance_40_10_5_33;weighted;weighted;weighted-sum;-;;;;;;sorting-network;none;none;UNSATISFIABLE;0.094537741;300.0;0;0;0;0;0;;;;;;;;
1;ORIGINAL;instance_40_10_5_34;weighted;weighted;weighted-sum;-;;;;;;sorting-network;none;none;UNSATISFIABLE;1.171245938;300.0;0;0;0;0;0;;;;;;;;
1;ORIGINAL;instance_40_10_5_35;weighted;weighted;weighted-sum;-;;;;;;sorting-network;none;none;UNSATISFIABLE;0.07555628;300.0;0;0;0;0;0;;;;;;;;
1;ORIGINAL;instance_40_10_5_36;weighted;weighted;weighted-sum;-;;;;;;sorting-network;none;none;UNSATISFIABLE;0.229656326;300.0;0;0;0;0;0;;;;;;;;
1;ORIGINAL;instance_40_10_5_37;weighted;weighted;weighted-sum;-;;;;;;sorting-network;none;none;UNSATISFIABLE;0.076153005;300.0;0;0;0;0;0;;;;;;;;
1;ORIGINAL;instance_40_10_5_38;weighted;weighted;weighted-sum;-;;;;;;sorting-network;none;none;UNSATISFIABLE;0.061598677;300.0;0;0;0;0;0;;;;;;;;
1;ORIGINAL;instance_40_10_5_39;weighted;weighted;weighted-sum;-;;;;;;sorting-network;none;none;OPTIMUM;91.13394975;300.0;91.07969133;1;27823;101885;2189;691.0;691.0;698.0;5.0;2.0;200.0;weighted_score;691
1;ORIGINAL;instance_40_10_5_4;weighted;weighted;weighted-sum;-;;;;;;sorting-network;none;none;UNSATISFIABLE;0.072442911;300.0;0;0;0;0;0;;;;;;;;
1;ORIGINAL;instance_40_10_5_40;weighted;weighted;weighted-sum;-;;;;;;sorting-network;none;none;UNSATISFIABLE;0.073426533;300.0;0;0;0;0;0;;;;;;;;
1;ORIGINAL;instance_40_10_5_41;weighted;weighted;weighted-sum;-;;;;;;sorting-network;none;none;UNSATISFIABLE;0.492825117;300.0;0;0;0;0;0;;;;;;;;
1;ORIGINAL;instance_40_10_5_42;weighted;weighted;weighted-sum;-;;;;;;sorting-network;none;none;UNSATISFIABLE;0.071883156;300.0;0;0;0;0;0;;;;;;;;
1;ORIGINAL;instance_40_10_5_43;weighted;weighted;weighted-sum;-;;;;;;sorting-network;none;none;UNSATISFIABLE;0.074486388;300.0;0;0;0;0;0;;;;;;;;
1;ORIGINAL;instance_40_10_5_44;weighted;weighted;weighted-sum;-;;;;;;sorting-network;none;none;OPTIMUM;31.10228459;300.0;31.05230095;1;28382;97565;2059;634.0;634.0;649.0;15.0;0.0;200.0;weighted_score;634
1;ORIGINAL;instance_40_10_5_45;weighted;weighted;weighted-sum;-;;;;;;sorting-network;none;none;TIMEOUT;300.1150079;300.0;0;0;0;0;0;;;;;;;;
1;ORIGINAL;instance_40_10_5_46;weighted;weighted;weighted-sum;-;;;;;;sorting-network;none;none;UNSATISFIABLE;0.079639643;300.0;0;0;0;0;0;;;;;;;;
1;ORIGINAL;instance_40_10_5_47;weighted;weighted;weighted-sum;-;;;;;;sorting-network;none;none;UNSATISFIABLE;0.079329013;300.0;0;0;0;0;0;;;;;;;;
1;ORIGINAL;instance_40_10_5_48;weighted;weighted;weighted-sum;-;;;;;;sorting-network;none;none;UNSATISFIABLE;0.124396649;300.0;0;0;0;0;0;;;;;;;;
1;ORIGINAL;instance_40_10_5_49;weighted;weighted;weighted-sum;-;;;;;;sorting-network;none;none;TIMEOUT;300.1174809;300.0;0;0;0;0;0;;;;;;;;
1;ORIGINAL;instance_40_10_5_5;weighted;weighted;weighted-sum;-;;;;;;sorting-network;none;none;TIMEOUT;300.1093222;300.0;0;0;0;0;0;;;;;;;;
1;ORIGINAL;instance_40_10_5_50;weighted;weighted;weighted-sum;-;;;;;;sorting-network;none;none;UNSATISFIABLE;0.080392265;300.0;0;0;0;0;0;;;;;;;;
1;ORIGINAL;instance_40_10_5_6;weighted;weighted;weighted-sum;-;;;;;;sorting-network;none;none;TIMEOUT;300.1192912;300.0;0;0;0;0;0;;;;;;;;
1;ORIGINAL;instance_40_10_5_7;weighted;weighted;weighted-sum;-;;;;;;sorting-network;none;none;OPTIMUM;63.07784781;300.0;63.01831245;1;31614;122651;2328;695.0;695.0;700.0;5.0;0.0;200.0;weighted_score;695
1;ORIGINAL;instance_40_10_5_8;weighted;weighted;weighted-sum;-;;;;;;sorting-network;none;none;UNSATISFIABLE;0.075787542;300.0;0;0;0;0;0;;;;;;;;
1;ORIGINAL;instance_40_10_5_9;weighted;weighted;weighted-sum;-;;;;;;sorting-network;none;none;UNSATISFIABLE;0.155731157;300.0;0;0;0;0;0;;;;;;;;
1;ORIGINAL;instance_40_15_5_1;weighted;weighted;weighted-sum;-;;;;;;sorting-network;none;none;OPTIMUM;207.7992392;300.0;207.702599;1;46303;192940;3457;751.0;751.0;755.0;4.0;0.0;200.0;weighted_score;751
1;ORIGINAL;instance_40_15_5_10;weighted;weighted;weighted-sum;-;;;;;;sorting-network;none;none;OPTIMUM;34.96725331;300.0;34.88015895;1;41877;161944;3198;724.0;724.0;731.0;7.0;0.0;200.0;weighted_score;724
1;ORIGINAL;instance_40_15_5_11;weighted;weighted;weighted-sum;-;;;;;;sorting-network;none;none;OPTIMUM;59.18381658;300.0;59.09615906;1;45263;169907;3247;695.0;695.0;704.0;9.0;0.0;200.0;weighted_score;695
1;ORIGINAL;instance_40_15_5_12;weighted;weighted;weighted-sum;-;;;;;;sorting-network;none;none;OPTIMUM;31.22783505;300.0;31.13218608;1;46725;199770;3350;773.0;773.0;774.0;1.0;0.0;200.0;weighted_score;773
1;ORIGINAL;instance_40_15_5_13;weighted;weighted;weighted-sum;-;;;;;;sorting-network;none;none;UNSATISFIABLE;0.488241282;300.0;0;0;0;0;0;;;;;;;;
1;ORIGINAL;instance_40_15_5_14;weighted;weighted;weighted-sum;-;;;;;;sorting-network;none;none;OPTIMUM;61.96824248;300.0;61.8752942;1;47141;184132;3227;711.0;711.0;722.0;11.0;0.0;200.0;weighted_score;711
1;ORIGINAL;instance_40_15_5_15;weighted;weighted;weighted-sum;-;;;;;;sorting-network;none;none;OPTIMUM;46.05455835;300.0;45.95469756;1;53670;205694;3438;736.0;736.0;747.0;9.0;2.0;200.0;weighted_score;736
1;ORIGINAL;instance_40_15_5_16;weighted;weighted;weighted-sum;-;;;;;;sorting-network;none;none;TIMEOUT;300.1158827;300.0;0;0;0;0;0;;;;;;;;
1;ORIGINAL;instance_40_15_5_17;weighted;weighted;weighted-sum;-;;;;;;sorting-network;none;none;TIMEOUT;300.1128688;300.0;0;0;0;0;0;;;;;;;;
1;ORIGINAL;instance_40_15_5_18;weighted;weighted;weighted-sum;-;;;;;;sorting-network;none;none;OPTIMUM;44.24015751;300.0;44.1523518;1;37352;140937;3134;685.0;685.0;693.0;8.0;0.0;200.0;weighted_score;685
1;ORIGINAL;instance_40_15_5_19;weighted;weighted;weighted-sum;-;;;;;;sorting-network;none;none;UNSATISFIABLE;0.18721163;300.0;0;0;0;0;0;;;;;;;;
1;ORIGINAL;instance_40_15_5_2;weighted;weighted;weighted-sum;-;;;;;;sorting-network;none;none;OPTIMUM;66.44051802;300.0;66.36426255;1;36970;131196;3038;714.0;714.0;730.0;16.0;0.0;200.0;weighted_score;714
1;ORIGINAL;instance_40_15_5_20;weighted;weighted;weighted-sum;-;;;;;;sorting-network;none;none;OPTIMUM;65.83565933;300.0;65.75776163;1;37344;141360;3176;703.0;703.0;713.0;10.0;0.0;200.0;weighted_score;703
1;ORIGINAL;instance_40_15_5_21;weighted;weighted;weighted-sum;-;;;;;;sorting-network;none;none;OPTIMUM;49.61662132;300.0;49.51973858;1;49757;200603;3399;732.0;732.0;737.0;5.0;0.0;200.0;weighted_score;732
1;ORIGINAL;instance_40_15_5_22;weighted;weighted;weighted-sum;-;;;;;;sorting-network;none;none;UNSATISFIABLE;0.106484663;300.0;0;0;0;0;0;;;;;;;;
1;ORIGINAL;instance_40_15_5_23;weighted;weighted;weighted-sum;-;;;;;;sorting-network;none;none;OPTIMUM;26.10460599;300.0;26.04043968;1;32696;124492;2884;717.0;717.0;720.0;3.0;0.0;200.0;weighted_score;717
1;ORIGINAL;instance_40_15_5_24;weighted;weighted;weighted-sum;-;;;;;;sorting-network;none;none;OPTIMUM;132.2460992;300.0;132.1614093;1;38856;153887;3010;723.0;723.0;730.0;7.0;0.0;200.0;weighted_score;723
1;ORIGINAL;instance_40_15_5_25;weighted;weighted;weighted-sum;-;;;;;;sorting-network;none;none;UNSATISFIABLE;0.140453579;300.0;0;0;0;0;0;;;;;;;;
1;ORIGINAL;instance_40_15_5_26;weighted;weighted;weighted-sum;-;;;;;;sorting-network;none;none;OPTIMUM;48.24413035;300.0;48.15912263;1;44012;160321;3105;710.0;710.0;721.0;11.0;0.0;200.0;weighted_score;710
1;ORIGINAL;instance_40_15_5_27;weighted;weighted;weighted-sum;-;;;;;;sorting-network;none;none;OPTIMUM;64.07175757;300.0;64.00897545;1;34890;118405;3072;640.0;640.0;658.0;18.0;0.0;200.0;weighted_score;640
1;ORIGINAL;instance_40_15_5_28;weighted;weighted;weighted-sum;-;;;;;;sorting-network;none;none;OPTIMUM;24.36138742;300.0;24.2811465;1;38532;146697;3477;749.0;749.0;753.0;4.0;0.0;200.0;weighted_score;749
1;ORIGINAL;instance_40_15_5_29;weighted;weighted;weighted-sum;-;;;;;;sorting-network;none;none;UNSATISFIABLE;0.262218648;300.0;0;0;0;0;0;;;;;;;;
1;ORIGINAL;instance_40_15_5_3;weighted;weighted;weighted-sum;-;;;;;;sorting-network;none;none;OPTIMUM;52.04059262;300.0;51.94364355;1;47638;199102;3639;745.0;745.0;750.0;5.0;0.0;200.0;weighted_score;745
1;ORIGINAL;instance_40_15_5_30;weighted;weighted;weighted-sum;-;;;;;;sorting-network;none;none;OPTIMUM;41.11121641;300.0;41.00914723;1;52231;217532;3294;706.0;706.0;716.0;10.0;0.0;200.0;weighted_score;706
1;ORIGINAL;instance_40_15_5_31;weighted;weighted;weighted-sum;-;;;;;;sorting-network;none;none;OPTIMUM;55.58914245;300.0;55.50405893;1;42847;159999;3383;717.0;717.0;727.0;10.0;0.0;200.0;weighted_score;717
1;ORIGINAL;instance_40_15_5_32;weighted;weighted;weighted-sum;-;;;;;;sorting-network;none;none;UNSATISFIABLE;0.141472214;300.0;0;0;0;0;0;;;;;;;;
1;ORIGINAL;instance_40_15_5_33;weighted;weighted;weighted-sum;-;;;;;;sorting-network;none;none;OPTIMUM;87.17178744;300.0;87.11017456;1;32181;120383;2925;676.0;676.0;684.0;8.0;0.0;200.0;weighted_score;676
1;ORIGINAL;instance_40_15_5_34;weighted;weighted;weighted-sum;-;;;;;;sorting-network;none;none;OPTIMUM;175.6179388;300.0;175.5241815;1;49857;192847;3397;728.0;728.0;739.0;11.0;0.0;200.0;weighted_score;728
1;ORIGINAL;instance_40_15_5_35;weighted;weighted;weighted-sum;-;;;;;;sorting-network;none;none;OPTIMUM;31.7685175;300.0;31.68074229;1;39993;174686;3325;743.0;743.0;749.0;6.0;0.0;200.0;weighted_score;743
1;ORIGINAL;instance_40_15_5_36;weighted;weighted;weighted-sum;-;;;;;;sorting-network;none;none;UNSATISFIABLE;0.365792871;300.0;0;0;0;0;0;;;;;;;;
1;ORIGINAL;instance_40_15_5_37;weighted;weighted;weighted-sum;-;;;;;;sorting-network;none;none;UNSATISFIABLE;0.39370923;300.0;0;0;0;0;0;;;;;;;;
1;ORIGINAL;instance_40_15_5_38;weighted;weighted;weighted-sum;-;;;;;;sorting-network;none;none;UNSATISFIABLE;0.102765482;300.0;0;0;0;0;0;;;;;;;;
1;ORIGINAL;instance_40_15_5_39;weighted;weighted;weighted-sum;-;;;;;;sorting-network;none;none;OPTIMUM;51.24107374;300.0;51.15366379;1;44010;173191;3368;700.0;700.0;705.0;5.0;0.0;200.0;weighted_score;700
1;ORIGINAL;instance_40_15_5_4;weighted;weighted;weighted-sum;-;;;;;;sorting-network;none;none;OPTIMUM;43.40718964;300.0;43.31667978;1;44532;175942;3409;728.0;728.0;735.0;7.0;0.0;200.0;weighted_score;728
1;ORIGINAL;instance_40_15_5_40;weighted;weighted;weighted-sum;-;;;;;;sorting-network;none;none;OPTIMUM;41.65650136;300.0;41.57187577;1;41919;151038;3214;696.0;696.0;710.0;14.0;0.0;200.0;weighted_score;696
1;ORIGINAL;instance_40_15_5_41;weighted;weighted;weighted-sum;-;;;;;;sorting-network;none;none;OPTIMUM;26.65340454;300.0;26.56740968;1;42326;167719;3259;744.0;744.0;745.0;1.0;0.0;200.0;weighted_score;744
1;ORIGINAL;instance_40_15_5_42;weighted;weighted;weighted-sum;-;;;;;;sorting-network;none;none;OPTIMUM;59.61745582;300.0;59.55864904;1;30474;109258;2907;685.0;685.0;694.0;9.0;0.0;200.0;weighted_score;685
1;ORIGINAL;instance_40_15_5_43;weighted;weighted;weighted-sum;-;;;;;;sorting-network;none;none;OPTIMUM;91.55433168;300.0;91.45596436;1;50060;203293;3276;746.0;746.0;752.0;6.0;0.0;200.0;weighted_score;746
1;ORIGINAL;instance_40_15_5_44;weighted;weighted;weighted-sum;-;;;;;;sorting-network;none;none;UNSATISFIABLE;0.838790927;300.0;0;0;0;0;0;;;;;;;;
1;ORIGINAL;instance_40_15_5_45;weighted;weighted;weighted-sum;-;;;;;;sorting-network;none;none;OPTIMUM;86.13315667;300.0;86.04886978;1;40830;147936;3047;716.0;716.0;724.0;8.0;0.0;200.0;weighted_score;716
1;ORIGINAL;instance_40_15_5_46;weighted;weighted;weighted-sum;-;;;;;;sorting-network;none;none;OPTIMUM;39.26806787;300.0;39.18905789;1;36448;134307;3123;649.0;649.0;658.0;9.0;0.0;200.0;weighted_score;649
1;ORIGINAL;instance_40_15_5_47;weighted;weighted;weighted-sum;-;;;;;;sorting-network;none;none;OPTIMUM;51.00017875;300.0;50.91704461;1;43013;154182;3162;656.0;656.0;664.0;8.0;0.0;200.0;weighted_score;656
1;ORIGINAL;instance_40_15_5_48;weighted;weighted;weighted-sum;-;;;;;;sorting-network;none;none;OPTIMUM;49.30423239;300.0;49.22837852;1;36232;132008;2972;660.0;660.0;671.0;11.0;0.0;200.0;weighted_score;660
1;ORIGINAL;instance_40_15_5_49;weighted;weighted;weighted-sum;-;;;;;;sorting-network;none;none;UNSATISFIABLE;0.115407982;300.0;0;0;0;0;0;;;;;;;;
1;ORIGINAL;instance_40_15_5_5;weighted;weighted;weighted-sum;-;;;;;;sorting-network;none;none;UNSATISFIABLE;0.290400954;300.0;0;0;0;0;0;;;;;;;;
1;ORIGINAL;instance_40_15_5_50;weighted;weighted;weighted-sum;-;;;;;;sorting-network;none;none;OPTIMUM;46.74928568;300.0;46.66927051;1;39399;152371;3021;701.0;701.0;708.0;7.0;0.0;200.0;weighted_score;701
1;ORIGINAL;instance_40_15_5_6;weighted;weighted;weighted-sum;-;;;;;;sorting-network;none;none;UNSATISFIABLE;0.516878631;300.0;0;0;0;0;0;;;;;;;;
1;ORIGINAL;instance_40_15_5_7;weighted;weighted;weighted-sum;-;;;;;;sorting-network;none;none;OPTIMUM;129.586836;300.0;129.483843;1;54413;216073;3396;757.0;757.0;764.0;7.0;0.0;200.0;weighted_score;757
1;ORIGINAL;instance_40_15_5_8;weighted;weighted;weighted-sum;-;;;;;;sorting-network;none;none;OPTIMUM;44.82982838;300.0;44.75071828;1;38619;142512;3259;694.0;694.0;702.0;8.0;0.0;200.0;weighted_score;694
1;ORIGINAL;instance_40_15_5_9;weighted;weighted;weighted-sum;-;;;;;;sorting-network;none;none;TIMEOUT;300.113845;300.0;0;0;0;0;0;;;;;;;;
1;ORIGINAL;instance_40_20_5_1;weighted;weighted;weighted-sum;-;;;;;;sorting-network;none;none;TIMEOUT;300.1181768;300.0;0;0;0;0;0;;;;;;;;
1;ORIGINAL;instance_40_20_5_10;weighted;weighted;weighted-sum;-;;;;;;sorting-network;none;none;OPTIMUM;26.89804405;300.0;26.80474009;1;43263;170663;4081;716.0;716.0;724.0;8.0;0.0;200.0;weighted_score;716
1;ORIGINAL;instance_40_20_5_11;weighted;weighted;weighted-sum;-;;;;;;sorting-network;none;none;OPTIMUM;47.06864501;300.0;46.96355001;1;55886;216650;4143;734.0;734.0;738.0;4.0;0.0;200.0;weighted_score;734
1;ORIGINAL;instance_40_20_5_12;weighted;weighted;weighted-sum;-;;;;;;sorting-network;none;none;OPTIMUM;73.41645473;300.0;73.30972325;1;57845;219125;4408;724.0;724.0;731.0;7.0;0.0;200.0;weighted_score;724
1;ORIGINAL;instance_40_20_5_13;weighted;weighted;weighted-sum;-;;;;;;sorting-network;none;none;OPTIMUM;40.75813441;300.0;40.64358204;1;55352;218368;4312;763.0;763.0;766.0;3.0;0.0;200.0;weighted_score;763
1;ORIGINAL;instance_40_20_5_14;weighted;weighted;weighted-sum;-;;;;;;sorting-network;none;none;OPTIMUM;63.3402189;300.0;63.22404906;1;56616;251205;4541;772.0;772.0;773.0;1.0;0.0;200.0;weighted_score;772
1;ORIGINAL;instance_40_20_5_15;weighted;weighted;weighted-sum;-;;;;;;sorting-network;none;none;OPTIMUM;28.05734007;300.0;27.96466477;1;42389;173155;4109;745.0;745.0;751.0;6.0;0.0;200.0;weighted_score;745
1;ORIGINAL;instance_40_20_5_16;weighted;weighted;weighted-sum;-;;;;;;sorting-network;none;none;OPTIMUM;20.79739557;300.0;20.70412369;1;44386;182880;4090;745.0;745.0;750.0;5.0;0.0;200.0;weighted_score;745
1;ORIGINAL;instance_40_20_5_17;weighted;weighted;weighted-sum;-;;;;;;sorting-network;none;none;OPTIMUM;73.03283369;300.0;72.8869968;1;68687;288962;4329;737.0;737.0;746.0;9.0;0.0;200.0;weighted_score;737
1;ORIGINAL;instance_40_20_5_18;weighted;weighted;weighted-sum;-;;;;;;sorting-network;none;none;OPTIMUM;51.23909952;300.0;51.14725866;1;40810;164303;4143;758.0;758.0;762.0;4.0;0.0;200.0;weighted_score;758
1;ORIGINAL;instance_40_20_5_19;weighted;weighted;weighted-sum;-;;;;;;sorting-network;none;none;OPTIMUM;45.41235405;300.0;45.26975163;1;69321;268358;4519;753.0;753.0;759.0;6.0;0.0;200.0;weighted_score;753
1;ORIGINAL;instance_40_20_5_2;weighted;weighted;weighted-sum;-;;;;;;sorting-network;none;none;OPTIMUM;67.61296171;300.0;67.49961649;1;60509;232936;4418;751.0;751.0;760.0;9.0;0.0;200.0;weighted_score;751
1;ORIGINAL;instance_40_20_5_20;weighted;weighted;weighted-sum;-;;;;;;sorting-network;none;none;OPTIMUM;51.15445271;300.0;51.04397029;1;53539;219435;4106;776.0;776.0;779.0;3.0;0.0;200.0;weighted_score;776
1;ORIGINAL;instance_40_20_5_21;weighted;weighted;weighted-sum;-;;;;;;sorting-network;none;none;OPTIMUM;49.58089493;300.0;49.44393892;1;56460;273895;4406;761.0;761.0;762.0;1.0;0.0;200.0;weighted_score;761
1;ORIGINAL;instance_40_20_5_22;weighted;weighted;weighted-sum;-;;;;;;sorting-network;none;none;OPTIMUM;62.75592981;300.0;62.64261253;1;55935;238243;4476;758.0;758.0;765.0;7.0;0.0;200.0;weighted_score;758
1;ORIGINAL;instance_40_20_5_23;weighted;weighted;weighted-sum;-;;;;;;sorting-network;none;none;OPTIMUM;42.4635839;300.0;42.35654706;1;55216;216701;4458;766.0;766.0;771.0;5.0;0.0;200.0;weighted_score;766
1;ORIGINAL;instance_40_20_5_24;weighted;weighted;weighted-sum;-;;;;;;sorting-network;none;none;OPTIMUM;57.36408259;300.0;57.26339627;1;49444;196030;4104;740.0;740.0;746.0;6.0;0.0;200.0;weighted_score;740
1;ORIGINAL;instance_40_20_5_25;weighted;weighted;weighted-sum;-;;;;;;sorting-network;none;none;OPTIMUM;225.7369729;300.0;225.6426629;1;46858;177372;4198;699.0;699.0;717.0;18.0;0.0;200.0;weighted_score;699
1;ORIGINAL;instance_40_20_5_26;weighted;weighted;weighted-sum;-;;;;;;sorting-network;none;none;OPTIMUM;63.64414461;300.0;63.5033989;1;62360;265318;4250;772.0;772.0;772.0;0.0;0.0;200.0;weighted_score;772
1;ORIGINAL;instance_40_20_5_27;weighted;weighted;weighted-sum;-;;;;;;sorting-network;none;none;OPTIMUM;51.48806745;300.0;51.40611303;1;36642;147026;3661;689.0;689.0;699.0;10.0;0.0;200.0;weighted_score;689
1;ORIGINAL;instance_40_20_5_28;weighted;weighted;weighted-sum;-;;;;;;sorting-network;none;none;OPTIMUM;32.91146234;300.0;32.80003132;1;55340;240093;4072;743.0;743.0;747.0;4.0;0.0;200.0;weighted_score;743
1;ORIGINAL;instance_40_20_5_29;weighted;weighted;weighted-sum;-;;;;;;sorting-network;none;none;OPTIMUM;62.13042882;300.0;62.0177609;1;62238;238969;4314;734.0;734.0;744.0;10.0;0.0;200.0;weighted_score;734
1;ORIGINAL;instance_40_20_5_3;weighted;weighted;weighted-sum;-;;;;;;sorting-network;none;none;OPTIMUM;47.14549813;300.0;47.05247088;1;43483;179048;4027;757.0;757.0;759.0;2.0;0.0;200.0;weighted_score;757
1;ORIGINAL;instance_40_20_5_30;weighted;weighted;weighted-sum;-;;;;;;sorting-network;none;none;OPTIMUM;65.52834064;300.0;65.42037868;1;51491;218267;4400;755.0;755.0;760.0;5.0;0.0;200.0;weighted_score;755
1;ORIGINAL;instance_40_20_5_31;weighted;weighted;weighted-sum;-;;;;;;sorting-network;none;none;OPTIMUM;32.01034492;300.0;31.90675685;1;50544;211165;4153;737.0;737.0;740.0;3.0;0.0;200.0;weighted_score;737
1;ORIGINAL;instance_40_20_5_32;weighted;weighted;weighted-sum;-;;;;;;sorting-network;none;none;UNSATISFIABLE;0.381188882;300.0;0;0;0;0;0;;;;;;;;
1;ORIGINAL;instance_40_20_5_33;weighted;weighted;weighted-sum;-;;;;;;sorting-network;none;none;OPTIMUM;73.40448652;300.0;73.25762358;1;67036;287180;4331;769.0;769.0;775.0;6.0;0.0;200.0;weighted_score;769
1;ORIGINAL;instance_40_20_5_34;weighted;weighted;weighted-sum;-;;;;;;sorting-network;none;none;TIMEOUT;300.1248208;300.0;0;0;0;0;0;;;;;;;;
1;ORIGINAL;instance_40_20_5_35;weighted;weighted;weighted-sum;-;;;;;;sorting-network;none;none;UNSATISFIABLE;0.497183416;300.0;0;0;0;0;0;;;;;;;;
1;ORIGINAL;instance_40_20_5_36;weighted;weighted;weighted-sum;-;;;;;;sorting-network;none;none;OPTIMUM;55.93580122;300.0;55.83661791;1;51716;194914;4267;722.0;722.0;731.0;9.0;0.0;200.0;weighted_score;722
1;ORIGINAL;instance_40_20_5_37;weighted;weighted;weighted-sum;-;;;;;;sorting-network;none;none;OPTIMUM;44.7203831;300.0;44.61002778;1;56436;221784;4340;771.0;771.0;771.0;0.0;0.0;200.0;weighted_score;771
1;ORIGINAL;instance_40_20_5_38;weighted;weighted;weighted-sum;-;;;;;;sorting-network;none;none;OPTIMUM;22.5286383;300.0;22.41930756;1;52292;239705;4283;764.0;764.0;765.0;1.0;0.0;200.0;weighted_score;764
1;ORIGINAL;instance_40_20_5_39;weighted;weighted;weighted-sum;-;;;;;;sorting-network;none;none;OPTIMUM;96.47418758;300.0;96.36660279;1;53938;218439;4440;776.0;776.0;777.0;1.0;0.0;200.0;weighted_score;776
1;ORIGINAL;instance_40_20_5_4;weighted;weighted;weighted-sum;-;;;;;;sorting-network;none;none;OPTIMUM;51.11156842;300.0;51.00003059;1;57811;225399;4315;723.0;723.0;731.0;8.0;0.0;200.0;weighted_score;723
1;ORIGINAL;instance_40_20_5_40;weighted;weighted;weighted-sum;-;;;;;;sorting-network;none;none;OPTIMUM;68.00874275;300.0;67.90208242;1;56586;225090;4031;688.0;688.0;701.0;13.0;0.0;200.0;weighted_score;688
1;ORIGINAL;instance_40_20_5_41;weighted;weighted;weighted-sum;-;;;;;;sorting-network;none;none;OPTIMUM;43.45734663;300.0;43.3591402;1;49094;202989;3938;723.0;723.0;735.0;12.0;0.0;200.0;weighted_score;723
1;ORIGINAL;instance_40_20_5_42;weighted;weighted;weighted-sum;-;;;;;;sorting-network;none;none;OPTIMUM;61.21113191;300.0;61.09363947;1;58824;256821;4081;722.0;722.0;731.0;9.0;0.0;200.0;weighted_score;722
1;ORIGINAL;instance_40_20_5_43;weighted;weighted;weighted-sum;-;;;;;;sorting-network;none;none;OPTIMUM;41.59314903;300.0;41.45060476;1;60954;278626;4425;756.0;756.0;757.0;1.0;0.0;200.0;weighted_score;756
1;ORIGINAL;instance_40_20_5_44;weighted;weighted;weighted-sum;-;;;;;;sorting-network;none;none;OPTIMUM;44.8373528;300.0;44.72434607;1;59489;220647;4337;735.0;735.0;744.0;9.0;0.0;200.0;weighted_score;735
1;ORIGINAL;instance_40_20_5_45;weighted;weighted;weighted-sum;-;;;;;;sorting-network;none;none;TIMEOUT;300.1163479;300.0;0;0;0;0;0;;;;;;;;
1;ORIGINAL;instance_40_20_5_46;weighted;weighted;weighted-sum;-;;;;;;sorting-network;none;none;OPTIMUM;43.72638235;300.0;43.62991221;1;44511;174393;3956;741.0;741.0;752.0;11.0;0.0;200.0;weighted_score;741
1;ORIGINAL;instance_40_20_5_47;weighted;weighted;weighted-sum;-;;;;;;sorting-network;none;none;OPTIMUM;53.70183732;300.0;53.60909653;1;47404;169313;3995;703.0;703.0;718.0;15.0;0.0;200.0;weighted_score;703
1;ORIGINAL;instance_40_20_5_48;weighted;weighted;weighted-sum;-;;;;;;sorting-network;none;none;OPTIMUM;35.27060203;300.0;35.15496825;1;58469;247892;4374;767.0;767.0;774.0;7.0;0.0;200.0;weighted_score;767
1;ORIGINAL;instance_40_20_5_49;weighted;weighted;weighted-sum;-;;;;;;sorting-network;none;none;OPTIMUM;71.78699219;300.0;71.64135979;1;64301;277036;4512;776.0;776.0;785.0;9.0;0.0;200.0;weighted_score;776
1;ORIGINAL;instance_40_20_5_5;weighted;weighted;weighted-sum;-;;;;;;sorting-network;none;none;UNSATISFIABLE;32.9083675;300.0;0;0;0;0;0;;;;;;;;
1;ORIGINAL;instance_40_20_5_50;weighted;weighted;weighted-sum;-;;;;;;sorting-network;none;none;OPTIMUM;42.15905941;300.0;42.06113725;1;46133;180190;3989;729.0;729.0;739.0;10.0;0.0;200.0;weighted_score;729
1;ORIGINAL;instance_40_20_5_6;weighted;weighted;weighted-sum;-;;;;;;sorting-network;none;none;OPTIMUM;56.67069887;300.0;56.51926701;1;66366;285647;4147;733.0;733.0;745.0;12.0;0.0;200.0;weighted_score;733
1;ORIGINAL;instance_40_20_5_7;weighted;weighted;weighted-sum;-;;;;;;sorting-network;none;none;OPTIMUM;8.756410586;300.0;8.655311328;1;43956;203923;3865;754.0;754.0;756.0;2.0;0.0;200.0;weighted_score;754
1;ORIGINAL;instance_40_20_5_8;weighted;weighted;weighted-sum;-;;;;;;sorting-network;none;none;OPTIMUM;59.02582723;300.0;58.90817098;1;54789;259036;4331;775.0;775.0;777.0;2.0;0.0;200.0;weighted_score;775
1;ORIGINAL;instance_40_20_5_9;weighted;weighted;weighted-sum;-;;;;;;sorting-network;none;none;OPTIMUM;50.82463558;300.0;50.73944757;1;41397;151722;3847;707.0;707.0;722.0;15.0;0.0;200.0;weighted_score;707
1;ORIGINAL;instance_40_25_5_1;weighted;weighted;weighted-sum;-;;;;;;sorting-network;none;none;OPTIMUM;42.44938966;300.0;42.29979263;1;60026;269527;5042;779.0;779.0;781.0;2.0;0.0;200.0;weighted_score;779
1;ORIGINAL;instance_40_25_5_10;weighted;weighted;weighted-sum;-;;;;;;sorting-network;none;none;OPTIMUM;78.30624861;300.0;78.13518813;1;79088;357998;5579;772.0;772.0;776.0;4.0;0.0;200.0;weighted_score;772
1;ORIGINAL;instance_40_25_5_11;weighted;weighted;weighted-sum;-;;;;;;sorting-network;none;none;OPTIMUM;47.15256137;300.0;46.99086749;1;70383;312792;5310;783.0;783.0;783.0;0.0;0.0;200.0;weighted_score;783
1;ORIGINAL;instance_40_25_5_12;weighted;weighted;weighted-sum;-;;;;;;sorting-network;none;none;OPTIMUM;66.07017867;300.0;65.91421182;1;68749;294103;5220;781.0;781.0;784.0;3.0;0.0;200.0;weighted_score;781
1;ORIGINAL;instance_40_25_5_13;weighted;weighted;weighted-sum;-;;;;;;sorting-network;none;none;OPTIMUM;48.53713578;300.0;48.37308816;1;72182;307810;5572;784.0;784.0;786.0;2.0;0.0;200.0;weighted_score;784
1;ORIGINAL;instance_40_25_5_14;weighted;weighted;weighted-sum;-;;;;;;sorting-network;none;none;OPTIMUM;69.24779837;300.0;69.07062393;1;83288;362930;5948;781.0;781.0;781.0;0.0;0.0;200.0;weighted_score;781
1;ORIGINAL;instance_40_25_5_15;weighted;weighted;weighted-sum;-;;;;;;sorting-network;none;none;OPTIMUM;35.79029765;300.0;35.64318157;1;57220;271092;4880;715.0;715.0;720.0;5.0;0.0;200.0;weighted_score;715
1;ORIGINAL;instance_40_25_5_16;weighted;weighted;weighted-sum;-;;;;;;sorting-network;none;none;OPTIMUM;50.28059461;300.0;50.130089;1;69171;284376;5352;759.0;759.0;763.0;4.0;0.0;200.0;weighted_score;759
1;ORIGINAL;instance_40_25_5_17;weighted;weighted;weighted-sum;-;;;;;;sorting-network;none;none;OPTIMUM;56.3434155;300.0;56.18782731;1;69117;295576;5422;745.0;745.0;752.0;7.0;0.0;200.0;weighted_score;745
1;ORIGINAL;instance_40_25_5_18;weighted;weighted;weighted-sum;-;;;;;;sorting-network;none;none;OPTIMUM;68.08263993;300.0;67.91829381;1;69852;311060;5226;784.0;784.0;785.0;1.0;0.0;200.0;weighted_score;784
1;ORIGINAL;instance_40_25_5_19;weighted;weighted;weighted-sum;-;;;;;;sorting-network;none;none;OPTIMUM;51.46471386;300.0;51.36299508;1;49086;190138;4888;734.0;734.0;744.0;10.0;0.0;200.0;weighted_score;734
1;ORIGINAL;instance_40_25_5_2;weighted;weighted;weighted-sum;-;;;;;;sorting-network;none;none;OPTIMUM;43.85630553;300.0;43.70063538;1;66914;295091;5235;775.0;775.0;779.0;4.0;0.0;200.0;weighted_score;775
1;ORIGINAL;instance_40_25_5_20;weighted;weighted;weighted-sum;-;;;;;;sorting-network;none;none;OPTIMUM;246.7583237;300.0;246.5878023;1;80264;345781;5198;767.0;767.0;772.0;5.0;0.0;200.0;weighted_score;767
1;ORIGINAL;instance_40_25_5_21;weighted;weighted;weighted-sum;-;;;;;;sorting-network;none;none;OPTIMUM;51.41658886;300.0;51.26557957;1;62292;288469;5415;758.0;758.0;760.0;2.0;0.0;200.0;weighted_score;758
1;ORIGINAL;instance_40_25_5_22;weighted;weighted;weighted-sum;-;;;;;;sorting-network;none;none;OPTIMUM;45.37121648;300.0;45.25258916;1;61938;245207;5001;761.0;761.0;771.0;10.0;0.0;200.0;weighted_score;761
1;ORIGINAL;instance_40_25_5_23;weighted;weighted;weighted-sum;-;;;;;;sorting-network;none;none;OPTIMUM;93.36935027;300.0;93.19344642;1;89163;359549;5481;769.0;769.0;772.0;3.0;0.0;200.0;weighted_score;769
1;ORIGINAL;instance_40_25_5_24;weighted;weighted;weighted-sum;-;;;;;;sorting-network;none;none;OPTIMUM;59.60221115;300.0;59.48442967;1;57075;224559;5145;738.0;738.0;748.0;10.0;0.0;200.0;weighted_score;738
1;ORIGINAL;instance_40_25_5_25;weighted;weighted;weighted-sum;-;;;;;;sorting-network;none;none;OPTIMUM;49.92074311;300.0;49.80057913;1;62587;238347;5200;761.0;761.0;769.0;8.0;0.0;200.0;weighted_score;761
1;ORIGINAL;instance_40_25_5_26;weighted;weighted;weighted-sum;-;;;;;;sorting-network;none;none;OPTIMUM;46.51549128;300.0;46.35849472;1;70394;306389;5441;776.0;776.0;777.0;1.0;0.0;200.0;weighted_score;776
1;ORIGINAL;instance_40_25_5_27;weighted;weighted;weighted-sum;-;;;;;;sorting-network;none;none;OPTIMUM;59.9995508;300.0;59.88850516;1;54390;209846;5004;739.0;739.0;753.0;14.0;0.0;200.0;weighted_score;739
1;ORIGINAL;instance_40_25_5_28;weighted;weighted;weighted-sum;-;;;;;;sorting-network;none;none;OPTIMUM;66.12043023;300.0;65.97192435;1;67956;289587;5379;742.0;742.0;749.0;7.0;0.0;200.0;weighted_score;742
1;ORIGINAL;instance_40_25_5_29;weighted;weighted;weighted-sum;-;;;;;;sorting-network;none;none;OPTIMUM;84.51511289;300.0;84.39459189;1;60226;237748;5218;746.0;746.0;753.0;7.0;0.0;200.0;weighted_score;746
1;ORIGINAL;instance_40_25_5_3;weighted;weighted;weighted-sum;-;;;;;;sorting-network;none;none;OPTIMUM;58.80361375;300.0;58.64823631;1;67826;303948;5253;722.0;722.0;732.0;10.0;0.0;200.0;weighted_score;722
1;ORIGINAL;instance_40_25_5_30;weighted;weighted;weighted-sum;-;;;;;;sorting-network;none;none;OPTIMUM;90.24466514;300.0;90.07247357;1;73693;339126;5587;766.0;766.0;771.0;5.0;0.0;200.0;weighted_score;766
1;ORIGINAL;instance_40_25_5_31;weighted;weighted;weighted-sum;-;;;;;;sorting-network;none;none;OPTIMUM;55.42158474;300.0;55.24834009;1;75834;353501;5579;788.0;788.0;791.0;3.0;0.0;200.0;weighted_score;788
1;ORIGINAL;instance_40_25_5_32;weighted;weighted;weighted-sum;-;;;;;;sorting-network;none;none;OPTIMUM;73.31934172;300.0;73.16929254;1;68978;286578;5410;710.0;710.0;723.0;13.0;0.0;200.0;weighted_score;710
1;ORIGINAL;instance_40_25_5_33;weighted;weighted;weighted-sum;-;;;;;;sorting-network;none;none;OPTIMUM;66.59145955;300.0;66.47540319;1;57519;225896;4849;769.0;769.0;775.0;6.0;0.0;200.0;weighted_score;769
1;ORIGINAL;instance_40_25_5_34;weighted;weighted;weighted-sum;-;;;;;;sorting-network;none;none;OPTIMUM;82.41556888;300.0;82.25608545;1;74656;325501;5079;764.0;764.0;771.0;7.0;0.0;200.0;weighted_score;764
1;ORIGINAL;instance_40_25_5_35;weighted;weighted;weighted-sum;-;;;;;;sorting-network;none;none;OPTIMUM;82.41809898;300.0;82.25489404;1;77181;315652;5297;748.0;748.0;755.0;7.0;0.0;200.0;weighted_score;748
1;ORIGINAL;instance_40_25_5_36;weighted;weighted;weighted-sum;-;;;;;;sorting-network;none;none;OPTIMUM;29.2060285;300.0;29.0546261;1;63258;289394;5415;788.0;788.0;788.0;0.0;0.0;200.0;weighted_score;788
1;ORIGINAL;instance_40_25_5_37;weighted;weighted;weighted-sum;-;;;;;;sorting-network;none;none;OPTIMUM;84.45102253;300.0;84.30052489;1;62122;267195;5149;750.0;750.0;755.0;5.0;0.0;200.0;weighted_score;750
1;ORIGINAL;instance_40_25_5_38;weighted;weighted;weighted-sum;-;;;;;;sorting-network;none;none;OPTIMUM;71.87530304;300.0;71.74810822;1;66589;257409;5033;736.0;736.0;740.0;4.0;0.0;200.0;weighted_score;736
1;ORIGINAL;instance_40_25_5_39;weighted;weighted;weighted-sum;-;;;;;;sorting-network;none;none;OPTIMUM;50.05455079;300.0;49.93444672;1;63147;250667;4961;738.0;738.0;748.0;10.0;0.0;200.0;weighted_score;738
1;ORIGINAL;instance_40_25_5_4;weighted;weighted;weighted-sum;-;;;;;;sorting-network;none;none;OPTIMUM;48.77758935;300.0;48.61569899;1;81449;324788;5462;779.0;779.0;783.0;4.0;0.0;200.0;weighted_score;779
1;ORIGINAL;instance_40_25_5_40;weighted;weighted;weighted-sum;-;;;;;;sorting-network;none;none;OPTIMUM;42.47248387;300.0;42.32661729;1;62742;267329;5335;769.0;769.0;774.0;5.0;0.0;200.0;weighted_score;769
1;ORIGINAL;instance_40_25_5_41;weighted;weighted;weighted-sum;-;;;;;;sorting-network;none;none;OPTIMUM;55.87776355;300.0;55.71015511;1;77978;347512;5080;765.0;765.0;769.0;4.0;0.0;200.0;weighted_score;765
1;ORIGINAL;instance_40_25_5_42;weighted;weighted;weighted-sum;-;;;;;;sorting-network;none;none;OPTIMUM;29.39237424;300.0;29.28563934;1;46366;208432;4778;739.0;739.0;746.0;7.0;0.0;200.0;weighted_score;739
1;ORIGINAL;instance_40_25_5_43;weighted;weighted;weighted-sum;-;;;;;;sorting-network;none;none;OPTIMUM;92.80684854;300.0;92.66451194;1;62782;264903;4975;766.0;766.0;772.0;6.0;0.0;200.0;weighted_score;766
1;ORIGINAL;instance_40_25_5_44;weighted;weighted;weighted-sum;-;;;;;;sorting-network;none;none;OPTIMUM;23.6533148;300.0;23.49626883;1;68769;307225;5141;783.0;783.0;786.0;3.0;0.0;200.0;weighted_score;783
1;ORIGINAL;instance_40_25_5_45;weighted;weighted;weighted-sum;-;;;;;;sorting-network;none;none;OPTIMUM;66.76864771;300.0;66.60572223;1;77216;317118;5516;705.0;705.0;708.0;3.0;0.0;200.0;weighted_score;705
1;ORIGINAL;instance_40_25_5_46;weighted;weighted;weighted-sum;-;;;;;;sorting-network;none;none;UNSATISFIABLE;0.259647771;300.0;0;0;0;0;0;;;;;;;;
1;ORIGINAL;instance_40_25_5_47;weighted;weighted;weighted-sum;-;;;;;;sorting-network;none;none;OPTIMUM;90.71832528;300.0;90.55160356;1;76910;345064;5386;782.0;782.0;784.0;2.0;0.0;200.0;weighted_score;782
1;ORIGINAL;instance_40_25_5_48;weighted;weighted;weighted-sum;-;;;;;;sorting-network;none;none;OPTIMUM;64.19358645;300.0;64.04656139;1;60949;288818;5190;768.0;768.0;769.0;1.0;0.0;200.0;weighted_score;768
1;ORIGINAL;instance_40_25_5_49;weighted;weighted;weighted-sum;-;;;;;;sorting-network;none;none;OPTIMUM;170.9292353;300.0;170.7802089;1;66851;279515;5205;720.0;720.0;734.0;14.0;0.0;200.0;weighted_score;720
1;ORIGINAL;instance_40_25_5_5;weighted;weighted;weighted-sum;-;;;;;;sorting-network;none;none;OPTIMUM;64.76788703;300.0;64.59753783;1;80184;335387;5584;781.0;781.0;787.0;6.0;0.0;200.0;weighted_score;781
1;ORIGINAL;instance_40_25_5_50;weighted;weighted;weighted-sum;-;;;;;;sorting-network;none;none;OPTIMUM;79.08266133;300.0;78.89885889;1;84140;376952;5582;786.0;786.0;791.0;5.0;0.0;200.0;weighted_score;786
1;ORIGINAL;instance_40_25_5_6;weighted;weighted;weighted-sum;-;;;;;;sorting-network;none;none;OPTIMUM;61.94434573;300.0;61.78489188;1;72068;325934;5293;768.0;768.0;769.0;1.0;0.0;200.0;weighted_score;768
1;ORIGINAL;instance_40_25_5_7;weighted;weighted;weighted-sum;-;;;;;;sorting-network;none;none;OPTIMUM;66.56165894;300.0;66.40077383;1;66009;322614;5107;784.0;784.0;785.0;1.0;0.0;200.0;weighted_score;784
1;ORIGINAL;instance_40_25_5_8;weighted;weighted;weighted-sum;-;;;;;;sorting-network;none;none;OPTIMUM;53.00520123;300.0;52.86029782;1;63217;264628;5142;768.0;768.0;771.0;3.0;0.0;200.0;weighted_score;768
1;ORIGINAL;instance_40_25_5_9;weighted;weighted;weighted-sum;-;;;;;;sorting-network;none;none;OPTIMUM;63.2298576;300.0;63.08132002;1;59478;277497;5254;775.0;775.0;777.0;2.0;0.0;200.0;weighted_score;775
2;SN-none-ss;instance_30_10_4_1;weighted;weighted;weighted-sum;-;;;;;;sorting-network;none;slot-service;OPTIMUM;12.17478095;300.0;12.13859347;1;15464;60165;1441;416.0;416.0;421.0;5.0;0.0;120.0;weighted_score;416
2;SN-none-ss;instance_30_10_4_10;weighted;weighted;weighted-sum;-;;;;;;sorting-network;none;slot-service;OPTIMUM;10.08034625;300.0;10.04066371;1;17515;61403;1399;403.0;403.0;410.0;7.0;0.0;120.0;weighted_score;403
2;SN-none-ss;instance_30_10_4_11;weighted;weighted;weighted-sum;-;;;;;;sorting-network;none;slot-service;OPTIMUM;15.51362218;300.0;15.47700871;1;16741;57801;1413;390.0;390.0;401.0;11.0;0.0;120.0;weighted_score;390
2;SN-none-ss;instance_30_10_4_12;weighted;weighted;weighted-sum;-;;;;;;sorting-network;none;slot-service;OPTIMUM;12.46777247;300.0;12.42976703;1;16833;62658;1360;387.0;387.0;394.0;7.0;0.0;120.0;weighted_score;387
2;SN-none-ss;instance_30_10_4_13;weighted;weighted;weighted-sum;-;;;;;;sorting-network;none;slot-service;UNSATISFIABLE;0.047039948;300.0;0;1;0;0;0;;;;;;;;
2;SN-none-ss;instance_30_10_4_14;weighted;weighted;weighted-sum;-;;;;;;sorting-network;none;slot-service;UNSATISFIABLE;0.048630237;300.0;0;1;0;0;0;;;;;;;;
2;SN-none-ss;instance_30_10_4_15;weighted;weighted;weighted-sum;-;;;;;;sorting-network;none;slot-service;UNSATISFIABLE;0.028804462;300.0;0;1;0;0;0;;;;;;;;
2;SN-none-ss;instance_30_10_4_16;weighted;weighted;weighted-sum;-;;;;;;sorting-network;none;slot-service;OPTIMUM;10.45506892;300.0;10.4090039;1;18093;69338;1562;431.0;431.0;436.0;5.0;0.0;120.0;weighted_score;431
2;SN-none-ss;instance_30_10_4_17;weighted;weighted;weighted-sum;-;;;;;;sorting-network;none;slot-service;OPTIMUM;3.724021266;300.0;3.694740138;1;11086;39660;1291;400.0;400.0;402.0;2.0;0.0;120.0;weighted_score;400
2;SN-none-ss;instance_30_10_4_18;weighted;weighted;weighted-sum;-;;;;;;sorting-network;none;slot-service;OPTIMUM;5.587055074;300.0;5.559316889;1;11434;40931;1382;408.0;408.0;414.0;6.0;0.0;120.0;weighted_score;408
2;SN-none-ss;instance_30_10_4_19;weighted;weighted;weighted-sum;-;;;;;;sorting-network;none;slot-service;UNSATISFIABLE;0.067730805;300.0;0;1;0;0;0;;;;;;;;
2;SN-none-ss;instance_30_10_4_2;weighted;weighted;weighted-sum;-;;;;;;sorting-network;none;slot-service;UNSATISFIABLE;0.077613744;300.0;0;1;0;0;0;;;;;;;;
2;SN-none-ss;instance_30_10_4_20;weighted;weighted;weighted-sum;-;;;;;;sorting-network;none;slot-service;UNSATISFIABLE;0.049571109;300.0;0;1;0;0;0;;;;;;;;
2;SN-none-ss;instance_30_10_4_21;weighted;weighted;weighted-sum;-;;;;;;sorting-network;none;slot-service;UNSATISFIABLE;0.079887094;300.0;0;1;0;0;0;;;;;;;;
2;SN-none-ss;instance_30_10_4_22;weighted;weighted;weighted-sum;-;;;;;;sorting-network;none;slot-service;UNSATISFIABLE;0.055462603;300.0;0;1;0;0;0;;;;;;;;
2;SN-none-ss;instance_30_10_4_23;weighted;weighted;weighted-sum;-;;;;;;sorting-network;none;slot-service;OPTIMUM;11.32000068;300.0;11.28155977;1;18163;64555;1499;379.0;379.0;382.0;3.0;0.0;120.0;weighted_score;379
2;SN-none-ss;instance_30_10_4_24;weighted;weighted;weighted-sum;-;;;;;;sorting-network;none;slot-service;OPTIMUM;3.900212631;300.0;3.866127049;1;13822;51178;1375;387.0;387.0;392.0;5.0;0.0;120.0;weighted_score;387
2;SN-none-ss;instance_30_10_4_25;weighted;weighted;weighted-sum;-;;;;;;sorting-network;none;slot-service;OPTIMUM;15.13720645;300.0;15.08943271;1;18132;70477;1435;444.0;444.0;446.0;2.0;0.0;120.0;weighted_score;444
2;SN-none-ss;instance_30_10_4_26;weighted;weighted;weighted-sum;-;;;;;;sorting-network;none;slot-service;UNSATISFIABLE;0.08193651;300.0;0;1;0;0;0;;;;;;;;
2;SN-none-ss;instance_30_10_4_27;weighted;weighted;weighted-sum;-;;;;;;sorting-network;none;slot-service;OPTIMUM;16.53128213;300.0;16.5006331;1;14266;46080;1374;390.0;390.0;402.0;12.0;0.0;120.0;weighted_score;390
2;SN-none-ss;instance_30_10_4_28;weighted;weighted;weighted-sum;-;;;;;;sorting-network;none;slot-service;UNSATISFIABLE;0.040276327;300.0;0;1;0;0;0;;;;;;;;
2;SN-none-ss;instance_30_10_4_29;weighted;weighted;weighted-sum;-;;;;;;sorting-network;none;slot-service;UNSATISFIABLE;0.051549317;300.0;0;1;0;0;0;;;;;;;;
2;SN-none-ss;instance_30_10_4_3;weighted;weighted;weighted-sum;-;;;;;;sorting-network;none;slot-service;UNSATISFIABLE;0.05187553;300.0;0;1;0;0;0;;;;;;;;
2;SN-none-ss;instance_30_10_4_30;weighted;weighted;weighted-sum;-;;;;;;sorting-network;none;slot-service;OPTIMUM;25.78599938;300.0;25.74521065;1;19120;64737;1482;396.0;396.0;404.0;8.0;0.0;120.0;weighted_score;396
2;SN-none-ss;instance_30_10_4_31;weighted;weighted;weighted-sum;-;;;;;;sorting-network;none;slot-service;OPTIMUM;7.812375863;300.0;7.776892799;1;14893;52172;1318;372.0;372.0;380.0;8.0;0.0;120.0;weighted_score;372
2;SN-none-ss;instance_30_10_4_32;weighted;weighted;weighted-sum;-;;;;;;sorting-network;none;slot-service;OPTIMUM;10.90600494;300.0;10.86846321;1;15733;58435;1493;423.0;423.0;424.0;1.0;0.0;120.0;weighted_score;423
2;SN-none-ss;instance_30_10_4_33;weighted;weighted;weighted-sum;-;;;;;;sorting-network;none;slot-service;OPTIMUM;10.8766437;300.0;10.83970565;1;15103;58209;1416;434.0;434.0;435.0;1.0;0.0;120.0;weighted_score;434
2;SN-none-ss;instance_30_10_4_34;weighted;weighted;weighted-sum;-;;;;;;sorting-network;none;slot-service;UNSATISFIABLE;0.053736686;300.0;0;1;0;0;0;;;;;;;;
2;SN-none-ss;instance_30_10_4_35;weighted;weighted;weighted-sum;-;;;;;;sorting-network;none;slot-service;UNSATISFIABLE;0.049351232;300.0;0;1;0;0;0;;;;;;;;
2;SN-none-ss;instance_30_10_4_36;weighted;weighted;weighted-sum;-;;;;;;sorting-network;none;slot-service;OPTIMUM;27.80805667;300.0;27.76015926;1;18345;65808;1497;401.0;401.0;406.0;5.0;0.0;120.0;weighted_score;401
2;SN-none-ss;instance_30_10_4_37;weighted;weighted;weighted-sum;-;;;;;;sorting-network;none;slot-service;OPTIMUM;17.46463505;300.0;17.42571137;1;15550;61588;1457;440.0;440.0;443.0;3.0;0.0;120.0;weighted_score;440
2;SN-none-ss;instance_30_10_4_38;weighted;weighted;weighted-sum;-;;;;;;sorting-network;none;slot-service;UNSATISFIABLE;0.054168941;300.0;0;1;0;0;0;;;;;;;;
2;SN-none-ss;instance_30_10_4_39;weighted;weighted;weighted-sum;-;;;;;;sorting-network;none;slot-service;UNSATISFIABLE;0.049286602;300.0;0;1;0;0;0;;;;;;;;
2;SN-none-ss;instance_30_10_4_4;weighted;weighted;weighted-sum;-;;;;;;sorting-network;none;slot-service;OPTIMUM;8.038363667;300.0;8.000439883;1;15032;58711;1419;427.0;427.0;429.0;2.0;0.0;120.0;weighted_score;427
2;SN-none-ss;instance_30_10_4_40;weighted;weighted;weighted-sum;-;;;;;;sorting-network;none;slot-service;UNSATISFIABLE;0.061652953;300.0;0;1;0;0;0;;;;;;;;
2;SN-none-ss;instance_30_10_4_41;weighted;weighted;weighted-sum;-;;;;;;sorting-network;none;slot-service;OPTIMUM;7.978534379;300.0;7.956316684;1;8928;29032;1236;350.0;350.0;356.0;6.0;0.0;120.0;weighted_score;350
2;SN-none-ss;instance_30_10_4_42;weighted;weighted;weighted-sum;-;;;;;;sorting-network;none;slot-service;UNSATISFIABLE;0.052407749;300.0;0;1;0;0;0;;;;;;;;
2;SN-none-ss;instance_30_10_4_43;weighted;weighted;weighted-sum;-;;;;;;sorting-network;none;slot-service;OPTIMUM;19.92103826;300.0;19.88084262;1;18822;63455;1427;412.0;412.0;419.0;7.0;0.0;120.0;weighted_score;412
2;SN-none-ss;instance_30_10_4_44;weighted;weighted;weighted-sum;-;;;;;;sorting-network;none;slot-service;UNSATISFIABLE;0.080759128;300.0;0;1;0;0;0;;;;;;;;
2;SN-none-ss;instance_30_10_4_45;weighted;weighted;weighted-sum;-;;;;;;sorting-network;none;slot-service;OPTIMUM;2.37236131;300.0;2.337175032;1;14833;55115;1363;365.0;365.0;371.0;6.0;0.0;120.0;weighted_score;365
2;SN-none-ss;instance_30_10_4_46;weighted;weighted;weighted-sum;-;;;;;;sorting-network;none;slot-service;UNSATISFIABLE;0.040293322;300.0;0;1;0;0;0;;;;;;;;
2;SN-none-ss;instance_30_10_4_47;weighted;weighted;weighted-sum;-;;;;;;sorting-network;none;slot-service;OPTIMUM;10.05375912;300.0;10.02499602;1;12154;42563;1390;395.0;395.0;398.0;3.0;0.0;120.0;weighted_score;395
2;SN-none-ss;instance_30_10_4_48;weighted;weighted;weighted-sum;-;;;;;;sorting-network;none;slot-service;OPTIMUM;5.433779272;300.0;5.406610327;1;10589;34225;1309;375.0;375.0;377.0;2.0;0.0;120.0;weighted_score;375
2;SN-none-ss;instance_30_10_4_49;weighted;weighted;weighted-sum;-;;;;;;sorting-network;none;slot-service;UNSATISFIABLE;0.089122381;300.0;0;1;0;0;0;;;;;;;;
2;SN-none-ss;instance_30_10_4_5;weighted;weighted;weighted-sum;-;;;;;;sorting-network;none;slot-service;OPTIMUM;12.64541737;300.0;12.61160661;1;13721;50930;1452;418.0;418.0;424.0;6.0;0.0;120.0;weighted_score;418
2;SN-none-ss;instance_30_10_4_50;weighted;weighted;weighted-sum;-;;;;;;sorting-network;none;slot-service;UNSATISFIABLE;0.051946997;300.0;0;1;0;0;0;;;;;;;;
2;SN-none-ss;instance_30_10_4_6;weighted;weighted;weighted-sum;-;;;;;;sorting-network;none;slot-service;OPTIMUM;10.42199705;300.0;10.3858607;1;15363;57534;1451;388.0;388.0;389.0;1.0;0.0;120.0;weighted_score;388
2;SN-none-ss;instance_30_10_4_7;weighted;weighted;weighted-sum;-;;;;;;sorting-network;none;slot-service;UNSATISFIABLE;0.051816633;300.0;0;1;0;0;0;;;;;;;;
2;SN-none-ss;instance_30_10_4_8;weighted;weighted;weighted-sum;-;;;;;;sorting-network;none;slot-service;OPTIMUM;22.59187563;300.0;22.55712133;1;15738;53874;1365;414.0;414.0;421.0;7.0;0.0;120.0;weighted_score;414
2;SN-none-ss;instance_30_10_4_9;weighted;weighted;weighted-sum;-;;;;;;sorting-network;none;slot-service;UNSATISFIABLE;0.052673947;300.0;0;1;0;0;0;;;;;;;;
2;SN-none-ss;instance_40_10_5_1;weighted;weighted;weighted-sum;-;;;;;;sorting-network;none;slot-service;UNSATISFIABLE;0.204737897;300.0;0;0;0;0;0;;;;;;;;
2;SN-none-ss;instance_40_10_5_10;weighted;weighted;weighted-sum;-;;;;;;sorting-network;none;slot-service;UNSATISFIABLE;0.079105655;300.0;0;0;0;0;0;;;;;;;;
2;SN-none-ss;instance_40_10_5_11;weighted;weighted;weighted-sum;-;;;;;;sorting-network;none;slot-service;OPTIMUM;116.5285974;300.0;116.4756918;1;27988;99737;2114;609.0;609.0;621.0;12.0;0.0;200.0;weighted_score;609
2;SN-none-ss;instance_40_10_5_12;weighted;weighted;weighted-sum;-;;;;;;sorting-network;none;slot-service;TIMEOUT;300.1089056;300.0;0;0;0;0;0;;;;;;;;
2;SN-none-ss;instance_40_10_5_13;weighted;weighted;weighted-sum;-;;;;;;sorting-network;none;slot-service;UNSATISFIABLE;0.093175246;300.0;0;0;0;0;0;;;;;;;;
2;SN-none-ss;instance_40_10_5_14;weighted;weighted;weighted-sum;-;;;;;;sorting-network;none;slot-service;OPTIMUM;47.95655804;300.0;47.89340775;1;31890;121224;2276;663.0;663.0;671.0;8.0;0.0;200.0;weighted_score;663
2;SN-none-ss;instance_40_10_5_15;weighted;weighted;weighted-sum;-;;;;;;sorting-network;none;slot-service;UNSATISFIABLE;0.081091454;300.0;0;0;0;0;0;;;;;;;;
2;SN-none-ss;instance_40_10_5_16;weighted;weighted;weighted-sum;-;;;;;;sorting-network;none;slot-service;UNSATISFIABLE;0.201781786;300.0;0;0;0;0;0;;;;;;;;
2;SN-none-ss;instance_40_10_5_17;weighted;weighted;weighted-sum;-;;;;;;sorting-network;none;slot-service;OPTIMUM;27.21373781;300.0;27.15515224;1;29311;112871;2324;706.0;706.0;710.0;4.0;0.0;200.0;weighted_score;706
2;SN-none-ss;instance_40_10_5_18;weighted;weighted;weighted-sum;-;;;;;;sorting-network;none;slot-service;UNSATISFIABLE;0.097099718;300.0;0;0;0;0;0;;;;;;;;
2;SN-none-ss;instance_40_10_5_19;weighted;weighted;weighted-sum;-;;;;;;sorting-network;none;slot-service;TIMEOUT;300.1151041;300.0;0;0;0;0;0;;;;;;;;
2;SN-none-ss;instance_40_10_5_2;weighted;weighted;weighted-sum;-;;;;;;sorting-network;none;slot-service;OPTIMUM;69.71388871;300.0;69.65292264;1;32918;121455;2180;704.0;704.0;718.0;14.0;0.0;200.0;weighted_score;704
2;SN-none-ss;instance_40_10_5_20;weighted;weighted;weighted-sum;-;;;;;;sorting-network;none;slot-service;UNSATISFIABLE;0.061217998;300.0;0;0;0;0;0;;;;;;;;
2;SN-none-ss;instance_40_10_5_21;weighted;weighted;weighted-sum;-;;;;;;sorting-network;none;slot-service;UNSATISFIABLE;0.094609147;300.0;0;0;0;0;0;;;;;;;;
2;SN-none-ss;instance_40_10_5_22;weighted;weighted;weighted-sum;-;;;;;;sorting-network;none;slot-service;TIMEOUT;300.1181844;300.0;0;0;0;0;0;;;;;;;;
2;SN-none-ss;instance_40_10_5_23;weighted;weighted;weighted-sum;-;;;;;;sorting-network;none;slot-service;UNSATISFIABLE;0.07918404;300.0;0;0;0;0;0;;;;;;;;
2;SN-none-ss;instance_40_10_5_24;weighted;weighted;weighted-sum;-;;;;;;sorting-network;none;slot-service;UNSATISFIABLE;0.177372429;300.0;0;0;0;0;0;;;;;;;;
2;SN-none-ss;instance_40_10_5_25;weighted;weighted;weighted-sum;-;;;;;;sorting-network;none;slot-service;UNSATISFIABLE;0.073565088;300.0;0;0;0;0;0;;;;;;;;
2;SN-none-ss;instance_40_10_5_26;weighted;weighted;weighted-sum;-;;;;;;sorting-network;none;slot-service;UNSATISFIABLE;0.231725494;300.0;0;0;0;0;0;;;;;;;;
2;SN-none-ss;instance_40_10_5_27;weighted;weighted;weighted-sum;-;;;;;;sorting-network;none;slot-service;UNSATISFIABLE;0.115243679;300.0;0;0;0;0;0;;;;;;;;
2;SN-none-ss;instance_40_10_5_28;weighted;weighted;weighted-sum;-;;;;;;sorting-network;none;slot-service;TIMEOUT;300.1151622;300.0;0;0;0;0;0;;;;;;;;
2;SN-none-ss;instance_40_10_5_29;weighted;weighted;weighted-sum;-;;;;;;sorting-network;none;slot-service;OPTIMUM;44.98661708;300.0;44.92324623;1;29010;115398;2387;698.0;698.0;701.0;3.0;0.0;200.0;weighted_score;698
2;SN-none-ss;instance_40_10_5_3;weighted;weighted;weighted-sum;-;;;;;;sorting-network;none;slot-service;UNSATISFIABLE;0.231265571;300.0;0;0;0;0;0;;;;;;;;
2;SN-none-ss;instance_40_10_5_30;weighted;weighted;weighted-sum;-;;;;;;sorting-network;none;slot-service;UNSATISFIABLE;0.062886584;300.0;0;0;0;0;0;;;;;;;;
2;SN-none-ss;instance_40_10_5_31;weighted;weighted;weighted-sum;-;;;;;;sorting-network;none;slot-service;UNSATISFIABLE;0.080568751;300.0;0;0;0;0;0;;;;;;;;
2;SN-none-ss;instance_40_10_5_32;weighted;weighted;weighted-sum;-;;;;;;sorting-network;none;slot-service;OPTIMUM;31.60428804;300.0;31.54996002;1;25940;103775;2311;699.0;699.0;701.0;2.0;0.0;200.0;weighted_score;699
2;SN-none-ss;instance_40_10_5_33;weighted;weighted;weighted-sum;-;;;;;;sorting-network;none;slot-service;UNSATISFIABLE;0.08368536;300.0;0;0;0;0;0;;;;;;;;
2;SN-none-ss;instance_40_10_5_34;weighted;weighted;weighted-sum;-;;;;;;sorting-network;none;slot-service;UNSATISFIABLE;1.387933314;300.0;0;0;0;0;0;;;;;;;;
2;SN-none-ss;instance_40_10_5_35;weighted;weighted;weighted-sum;-;;;;;;sorting-network;none;slot-service;UNSATISFIABLE;0.08016534;300.0;0;0;0;0;0;;;;;;;;
2;SN-none-ss;instance_40_10_5_36;weighted;weighted;weighted-sum;-;;;;;;sorting-network;none;slot-service;UNSATISFIABLE;0.244046995;300.0;0;0;0;0;0;;;;;;;;
2;SN-none-ss;instance_40_10_5_37;weighted;weighted;weighted-sum;-;;;;;;sorting-network;none;slot-service;UNSATISFIABLE;0.078788478;300.0;0;0;0;0;0;;;;;;;;
2;SN-none-ss;instance_40_10_5_38;weighted;weighted;weighted-sum;-;;;;;;sorting-network;none;slot-service;UNSATISFIABLE;0.075261242;300.0;0;0;0;0;0;;;;;;;;
2;SN-none-ss;instance_40_10_5_39;weighted;weighted;weighted-sum;-;;;;;;sorting-network;none;slot-service;OPTIMUM;90.54078064;300.0;90.48415399;1;28499;104711;2189;691.0;691.0;697.0;6.0;0.0;200.0;weighted_score;691
2;SN-none-ss;instance_40_10_5_4;weighted;weighted;weighted-sum;-;;;;;;sorting-network;none;slot-service;UNSATISFIABLE;0.074277874;300.0;0;0;0;0;0;;;;;;;;
2;SN-none-ss;instance_40_10_5_40;weighted;weighted;weighted-sum;-;;;;;;sorting-network;none;slot-service;UNSATISFIABLE;0.108048966;300.0;0;0;0;0;0;;;;;;;;
2;SN-none-ss;instance_40_10_5_41;weighted;weighted;weighted-sum;-;;;;;;sorting-network;none;slot-service;UNSATISFIABLE;0.677203192;300.0;0;0;0;0;0;;;;;;;;
2;SN-none-ss;instance_40_10_5_42;weighted;weighted;weighted-sum;-;;;;;;sorting-network;none;slot-service;UNSATISFIABLE;0.062631882;300.0;0;0;0;0;0;;;;;;;;
2;SN-none-ss;instance_40_10_5_43;weighted;weighted;weighted-sum;-;;;;;;sorting-network;none;slot-service;UNSATISFIABLE;0.076289485;300.0;0;0;0;0;0;;;;;;;;
2;SN-none-ss;instance_40_10_5_44;weighted;weighted;weighted-sum;-;;;;;;sorting-network;none;slot-service;OPTIMUM;51.18736681;300.0;51.13287905;1;29102;100114;2059;634.0;634.0;647.0;13.0;0.0;200.0;weighted_score;634
2;SN-none-ss;instance_40_10_5_45;weighted;weighted;weighted-sum;-;;;;;;sorting-network;none;slot-service;TIMEOUT;300.1087827;300.0;0;0;0;0;0;;;;;;;;
2;SN-none-ss;instance_40_10_5_46;weighted;weighted;weighted-sum;-;;;;;;sorting-network;none;slot-service;UNSATISFIABLE;0.079538778;300.0;0;0;0;0;0;;;;;;;;
2;SN-none-ss;instance_40_10_5_47;weighted;weighted;weighted-sum;-;;;;;;sorting-network;none;slot-service;UNSATISFIABLE;0.093815864;300.0;0;0;0;0;0;;;;;;;;
2;SN-none-ss;instance_40_10_5_48;weighted;weighted;weighted-sum;-;;;;;;sorting-network;none;slot-service;UNSATISFIABLE;0.137107589;300.0;0;0;0;0;0;;;;;;;;
2;SN-none-ss;instance_40_10_5_49;weighted;weighted;weighted-sum;-;;;;;;sorting-network;none;slot-service;TIMEOUT;300.1127371;300.0;0;0;0;0;0;;;;;;;;
2;SN-none-ss;instance_40_10_5_5;weighted;weighted;weighted-sum;-;;;;;;sorting-network;none;slot-service;TIMEOUT;300.1132635;300.0;0;0;0;0;0;;;;;;;;
2;SN-none-ss;instance_40_10_5_50;weighted;weighted;weighted-sum;-;;;;;;sorting-network;none;slot-service;UNSATISFIABLE;0.081418917;300.0;0;0;0;0;0;;;;;;;;
2;SN-none-ss;instance_40_10_5_6;weighted;weighted;weighted-sum;-;;;;;;sorting-network;none;slot-service;TIMEOUT;300.1179516;300.0;0;0;0;0;0;;;;;;;;
2;SN-none-ss;instance_40_10_5_7;weighted;weighted;weighted-sum;-;;;;;;sorting-network;none;slot-service;OPTIMUM;61.8955408;300.0;61.8330924;1;31614;122651;2328;695.0;695.0;701.0;6.0;0.0;200.0;weighted_score;695
2;SN-none-ss;instance_40_10_5_8;weighted;weighted;weighted-sum;-;;;;;;sorting-network;none;slot-service;UNSATISFIABLE;0.075898514;300.0;0;0;0;0;0;;;;;;;;
2;SN-none-ss;instance_40_10_5_9;weighted;weighted;weighted-sum;-;;;;;;sorting-network;none;slot-service;UNSATISFIABLE;0.155099286;300.0;0;0;0;0;0;;;;;;;;
2;SN-none-ss;instance_40_15_5_1;weighted;weighted;weighted-sum;-;;;;;;sorting-network;none;slot-service;OPTIMUM;270.646789;300.0;270.5520587;1;46350;193132;3457;751.0;751.0;755.0;4.0;0.0;200.0;weighted_score;751
2;SN-none-ss;instance_40_15_5_10;weighted;weighted;weighted-sum;-;;;;;;sorting-network;none;slot-service;OPTIMUM;26.62772972;300.0;26.53797214;1;42592;165779;3198;724.0;724.0;733.0;9.0;0.0;200.0;weighted_score;724
2;SN-none-ss;instance_40_15_5_11;weighted;weighted;weighted-sum;-;;;;;;sorting-network;none;slot-service;OPTIMUM;47.90015754;300.0;47.81384642;1;45287;170007;3247;695.0;695.0;705.0;10.0;0.0;200.0;weighted_score;695
2;SN-none-ss;instance_40_15_5_12;weighted;weighted;weighted-sum;-;;;;;;sorting-network;none;slot-service;OPTIMUM;98.28083345;300.0;98.18123806;1;47422;204328;3350;773.0;773.0;774.0;1.0;0.0;200.0;weighted_score;773
2;SN-none-ss;instance_40_15_5_13;weighted;weighted;weighted-sum;-;;;;;;sorting-network;none;slot-service;UNSATISFIABLE;0.528584625;300.0;0;0;0;0;0;;;;;;;;
2;SN-none-ss;instance_40_15_5_14;weighted;weighted;weighted-sum;-;;;;;;sorting-network;none;slot-service;OPTIMUM;73.7686731;300.0;73.67130057;1;47859;188094;3227;711.0;711.0;722.0;11.0;0.0;200.0;weighted_score;711
2;SN-none-ss;instance_40_15_5_15;weighted;weighted;weighted-sum;-;;;;;;sorting-network;none;slot-service;OPTIMUM;54.62331491;300.0;54.52062011;1;54369;209837;3438;736.0;736.0;744.0;8.0;0.0;200.0;weighted_score;736
2;SN-none-ss;instance_40_15_5_16;weighted;weighted;weighted-sum;-;;;;;;sorting-network;none;slot-service;TIMEOUT;300.1174885;300.0;0;0;0;0;0;;;;;;;;
2;SN-none-ss;instance_40_15_5_17;weighted;weighted;weighted-sum;-;;;;;;sorting-network;none;slot-service;TIMEOUT;300.1130955;300.0;0;0;0;0;0;;;;;;;;
2;SN-none-ss;instance_40_15_5_18;weighted;weighted;weighted-sum;-;;;;;;sorting-network;none;slot-service;OPTIMUM;69.30787544;300.0;69.22805404;1;37365;140991;3134;685.0;685.0;692.0;7.0;0.0;200.0;weighted_score;685
2;SN-none-ss;instance_40_15_5_19;weighted;weighted;weighted-sum;-;;;;;;sorting-network;none;slot-service;UNSATISFIABLE;0.186724628;300.0;0;0;0;0;0;;;;;;;;
2;SN-none-ss;instance_40_15_5_2;weighted;weighted;weighted-sum;-;;;;;;sorting-network;none;slot-service;OPTIMUM;67.30993008;300.0;67.2333648;1;36970;131196;3038;714.0;714.0;728.0;14.0;0.0;200.0;weighted_score;714
2;SN-none-ss;instance_40_15_5_20;weighted;weighted;weighted-sum;-;;;;;;sorting-network;none;slot-service;OPTIMUM;56.3585847;300.0;56.27630136;1;38020;144705;3176;703.0;703.0;713.0;10.0;0.0;200.0;weighted_score;703
2;SN-none-ss;instance_40_15_5_21;weighted;weighted;weighted-sum;-;;;;;;sorting-network;none;slot-service;OPTIMUM;50.21626599;300.0;50.11581109;1;50471;204909;3399;732.0;732.0;739.0;7.0;0.0;200.0;weighted_score;732
2;SN-none-ss;instance_40_15_5_22;weighted;weighted;weighted-sum;-;;;;;;sorting-network;none;slot-service;UNSATISFIABLE;0.111121915;300.0;0;0;0;0;0;;;;;;;;
2;SN-none-ss;instance_40_15_5_23;weighted;weighted;weighted-sum;-;;;;;;sorting-network;none;slot-service;OPTIMUM;26.04381109;300.0;25.98184174;1;32696;124492;2884;717.0;717.0;721.0;4.0;0.0;200.0;weighted_score;717
2;SN-none-ss;instance_40_15_5_24;weighted;weighted;weighted-sum;-;;;;;;sorting-network;none;slot-service;OPTIMUM;110.702801;300.0;110.6165529;1;39542;157485;3010;723.0;723.0;734.0;11.0;0.0;200.0;weighted_score;723
2;SN-none-ss;instance_40_15_5_25;weighted;weighted;weighted-sum;-;;;;;;sorting-network;none;slot-service;UNSATISFIABLE;0.138497683;300.0;0;0;0;0;0;;;;;;;;
2;SN-none-ss;instance_40_15_5_26;weighted;weighted;weighted-sum;-;;;;;;sorting-network;none;slot-service;OPTIMUM;48.95869389;300.0;48.87737361;1;44012;160321;3105;710.0;710.0;720.0;10.0;0.0;200.0;weighted_score;710
2;SN-none-ss;instance_40_15_5_27;weighted;weighted;weighted-sum;-;;;;;;sorting-network;none;slot-service;OPTIMUM;55.71730271;300.0;55.65555547;1;34890;118405;3072;640.0;640.0;658.0;18.0;0.0;200.0;weighted_score;640
2;SN-none-ss;instance_40_15_5_28;weighted;weighted;weighted-sum;-;;;;;;sorting-network;none;slot-service;OPTIMUM;22.48709438;300.0;22.40815441;1;38532;146697;3477;749.0;749.0;754.0;5.0;0.0;200.0;weighted_score;749
2;SN-none-ss;instance_40_15_5_29;weighted;weighted;weighted-sum;-;;;;;;sorting-network;none;slot-service;UNSATISFIABLE;0.236307154;300.0;0;0;0;0;0;;;;;;;;
2;SN-none-ss;instance_40_15_5_3;weighted;weighted;weighted-sum;-;;;;;;sorting-network;none;slot-service;OPTIMUM;52.83922313;300.0;52.74203566;1;47638;199102;3639;745.0;745.0;749.0;4.0;0.0;200.0;weighted_score;745
2;SN-none-ss;instance_40_15_5_30;weighted;weighted;weighted-sum;-;;;;;;sorting-network;none;slot-service;OPTIMUM;44.86260078;300.0;44.75551897;1;52908;221889;3294;706.0;706.0;713.0;7.0;0.0;200.0;weighted_score;706
2;SN-none-ss;instance_40_15_5_31;weighted;weighted;weighted-sum;-;;;;;;sorting-network;none;slot-service;OPTIMUM;49.41963599;300.0;49.33344311;1;43523;163484;3383;717.0;717.0;728.0;11.0;0.0;200.0;weighted_score;717
2;SN-none-ss;instance_40_15_5_32;weighted;weighted;weighted-sum;-;;;;;;sorting-network;none;slot-service;UNSATISFIABLE;0.150032296;300.0;0;0;0;0;0;;;;;;;;
2;SN-none-ss;instance_40_15_5_33;weighted;weighted;weighted-sum;-;;;;;;sorting-network;none;slot-service;OPTIMUM;92.57486866;300.0;92.50766551;1;32910;123667;2925;676.0;676.0;683.0;7.0;0.0;200.0;weighted_score;676
2;SN-none-ss;instance_40_15_5_34;weighted;weighted;weighted-sum;-;;;;;;sorting-network;none;slot-service;TIMEOUT;300.1224459;300.0;0;0;0;0;0;;;;;;;;
2;SN-none-ss;instance_40_15_5_35;weighted;weighted;weighted-sum;-;;;;;;sorting-network;none;slot-service;OPTIMUM;32.04939851;300.0;31.95598028;1;40731;179019;3325;743.0;743.0;747.0;4.0;0.0;200.0;weighted_score;743
2;SN-none-ss;instance_40_15_5_36;weighted;weighted;weighted-sum;-;;;;;;sorting-network;none;slot-service;UNSATISFIABLE;0.367819577;300.0;0;0;0;0;0;;;;;;;;
2;SN-none-ss;instance_40_15_5_37;weighted;weighted;weighted-sum;-;;;;;;sorting-network;none;slot-service;UNSATISFIABLE;0.348828924;300.0;0;0;0;0;0;;;;;;;;
2;SN-none-ss;instance_40_15_5_38;weighted;weighted;weighted-sum;-;;;;;;sorting-network;none;slot-service;UNSATISFIABLE;0.098288275;300.0;0;0;0;0;0;;;;;;;;
2;SN-none-ss;instance_40_15_5_39;weighted;weighted;weighted-sum;-;;;;;;sorting-network;none;slot-service;OPTIMUM;49.52635656;300.0;49.43872331;1;44019;173229;3368;700.0;700.0;706.0;6.0;0.0;200.0;weighted_score;700
2;SN-none-ss;instance_40_15_5_4;weighted;weighted;weighted-sum;-;;;;;;sorting-network;none;slot-service;OPTIMUM;41.92202202;300.0;41.83077596;1;44532;175942;3409;728.0;728.0;734.0;6.0;0.0;200.0;weighted_score;728
2;SN-none-ss;instance_40_15_5_40;weighted;weighted;weighted-sum;-;;;;;;sorting-network;none;slot-service;OPTIMUM;40.67589859;300.0;40.5876349;1;41932;151092;3214;696.0;696.0;712.0;16.0;0.0;200.0;weighted_score;696
2;SN-none-ss;instance_40_15_5_41;weighted;weighted;weighted-sum;-;;;;;;sorting-network;none;slot-service;OPTIMUM;25.40002538;300.0;25.31288653;1;42338;167769;3259;744.0;744.0;745.0;1.0;0.0;200.0;weighted_score;744
2;SN-none-ss;instance_40_15_5_42;weighted;weighted;weighted-sum;-;;;;;;sorting-network;none;slot-service;OPTIMUM;40.72173749;300.0;40.66316082;1;30494;109342;2907;685.0;685.0;693.0;8.0;0.0;200.0;weighted_score;685
2;SN-none-ss;instance_40_15_5_43;weighted;weighted;weighted-sum;-;;;;;;sorting-network;none;slot-service;OPTIMUM;85.06873261;300.0;84.97222717;1;50087;203405;3276;746.0;746.0;751.0;5.0;0.0;200.0;weighted_score;746
2;SN-none-ss;instance_40_15_5_44;weighted;weighted;weighted-sum;-;;;;;;sorting-network;none;slot-service;UNSATISFIABLE;0.764854071;300.0;0;0;0;0;0;;;;;;;;
2;SN-none-ss;instance_40_15_5_45;weighted;weighted;weighted-sum;-;;;;;;sorting-network;none;slot-service;OPTIMUM;98.67608296;300.0;98.59236703;1;40830;147936;3047;716.0;716.0;724.0;8.0;0.0;200.0;weighted_score;716
2;SN-none-ss;instance_40_15_5_46;weighted;weighted;weighted-sum;-;;;;;;sorting-network;none;slot-service;OPTIMUM;40.23530686;300.0;40.15729966;1;36489;134475;3123;649.0;649.0;660.0;11.0;0.0;200.0;weighted_score;649
2;SN-none-ss;instance_40_15_5_47;weighted;weighted;weighted-sum;-;;;;;;sorting-network;none;slot-service;OPTIMUM;46.91214621;300.0;46.82488242;1;43709;157450;3162;656.0;656.0;663.0;7.0;0.0;200.0;weighted_score;656
2;SN-none-ss;instance_40_15_5_48;weighted;weighted;weighted-sum;-;;;;;;sorting-network;none;slot-service;OPTIMUM;52.70444649;300.0;52.6249334;1;36937;135159;2972;660.0;660.0;673.0;13.0;0.0;200.0;weighted_score;660
2;SN-none-ss;instance_40_15_5_49;weighted;weighted;weighted-sum;-;;;;;;sorting-network;none;slot-service;UNSATISFIABLE;0.119085418;300.0;0;0;0;0;0;;;;;;;;
2;SN-none-ss;instance_40_15_5_5;weighted;weighted;weighted-sum;-;;;;;;sorting-network;none;slot-service;UNSATISFIABLE;0.301472295;300.0;0;0;0;0;0;;;;;;;;
2;SN-none-ss;instance_40_15_5_50;weighted;weighted;weighted-sum;-;;;;;;sorting-network;none;slot-service;OPTIMUM;51.88860796;300.0;51.80559053;1;40122;156076;3021;701.0;701.0;707.0;6.0;0.0;200.0;weighted_score;701
2;SN-none-ss;instance_40_15_5_6;weighted;weighted;weighted-sum;-;;;;;;sorting-network;none;slot-service;UNSATISFIABLE;0.51072692;300.0;0;0;0;0;0;;;;;;;;
2;SN-none-ss;instance_40_15_5_7;weighted;weighted;weighted-sum;-;;;;;;sorting-network;none;slot-service;OPTIMUM;113.451902;300.0;113.3461085;1;54432;216151;3396;757.0;757.0;762.0;5.0;0.0;200.0;weighted_score;757
2;SN-none-ss;instance_40_15_5_8;weighted;weighted;weighted-sum;-;;;;;;sorting-network;none;slot-service;OPTIMUM;38.93890456;300.0;38.85683929;1;39331;145984;3259;694.0;694.0;703.0;9.0;0.0;200.0;weighted_score;694
2;SN-none-ss;instance_40_15_5_9;weighted;weighted;weighted-sum;-;;;;;;sorting-network;none;slot-service;TIMEOUT;300.1173898;300.0;0;0;0;0;0;;;;;;;;
2;SN-none-ss;instance_40_20_5_1;weighted;weighted;weighted-sum;-;;;;;;sorting-network;none;slot-service;TIMEOUT;300.1242447;300.0;0;0;0;0;0;;;;;;;;
2;SN-none-ss;instance_40_20_5_10;weighted;weighted;weighted-sum;-;;;;;;sorting-network;none;slot-service;OPTIMUM;24.80457262;300.0;24.71364884;1;43268;170685;4081;716.0;716.0;724.0;8.0;0.0;200.0;weighted_score;716
2;SN-none-ss;instance_40_20_5_11;weighted;weighted;weighted-sum;-;;;;;;sorting-network;none;slot-service;OPTIMUM;37.57726115;300.0;37.46693257;1;56570;220897;4143;734.0;734.0;738.0;4.0;0.0;200.0;weighted_score;734
2;SN-none-ss;instance_40_20_5_12;weighted;weighted;weighted-sum;-;;;;;;sorting-network;none;slot-service;OPTIMUM;67.52856308;300.0;67.42165772;1;57845;219125;4408;724.0;724.0;734.0;10.0;0.0;200.0;weighted_score;724
2;SN-none-ss;instance_40_20_5_13;weighted;weighted;weighted-sum;-;;;;;;sorting-network;none;slot-service;OPTIMUM;44.18812231;300.0;44.07765181;1;56070;222795;4312;763.0;763.0;767.0;4.0;0.0;200.0;weighted_score;763
2;SN-none-ss;instance_40_20_5_14;weighted;weighted;weighted-sum;-;;;;;;sorting-network;none;slot-service;OPTIMUM;62.43197577;300.0;62.31389909;1;56616;251205;4541;772.0;772.0;772.0;0.0;0.0;200.0;weighted_score;772
2;SN-none-ss;instance_40_20_5_15;weighted;weighted;weighted-sum;-;;;;;;sorting-network;none;slot-service;OPTIMUM;29.46785646;300.0;29.37191055;1;43108;177496;4109;745.0;745.0;751.0;6.0;0.0;200.0;weighted_score;745
2;SN-none-ss;instance_40_20_5_16;weighted;weighted;weighted-sum;-;;;;;;sorting-network;none;slot-service;OPTIMUM;22.91745114;300.0;22.81909056;1;44386;182880;4090;745.0;745.0;749.0;4.0;0.0;200.0;weighted_score;745
2;SN-none-ss;instance_40_20_5_17;weighted;weighted;weighted-sum;-;;;;;;sorting-network;none;slot-service;OPTIMUM;67.35687656;300.0;67.209131;1;68687;288962;4329;737.0;737.0;745.0;8.0;0.0;200.0;weighted_score;737
2;SN-none-ss;instance_40_20_5_18;weighted;weighted;weighted-sum;-;;;;;;sorting-network;none;slot-service;OPTIMUM;49.5141117;300.0;49.42494644;1;40810;164303;4143;758.0;758.0;761.0;3.0;0.0;200.0;weighted_score;758
2;SN-none-ss;instance_40_20_5_19;weighted;weighted;weighted-sum;-;;;;;;sorting-network;none;slot-service;OPTIMUM;42.86100994;300.0;42.71285235;1;69321;268358;4519;753.0;753.0;758.0;5.0;0.0;200.0;weighted_score;753
2;SN-none-ss;instance_40_20_5_2;weighted;weighted;weighted-sum;-;;;;;;sorting-network;none;slot-service;OPTIMUM;66.06465872;300.0;65.95243009;1;60509;232936;4418;751.0;751.0;761.0;10.0;0.0;200.0;weighted_score;751
2;SN-none-ss;instance_40_20_5_20;weighted;weighted;weighted-sum;-;;;;;;sorting-network;none;slot-service;OPTIMUM;46.35558729;300.0;46.24388116;1;54234;224032;4106;776.0;776.0;779.0;3.0;0.0;200.0;weighted_score;776
2;SN-none-ss;instance_40_20_5_21;weighted;weighted;weighted-sum;-;;;;;;sorting-network;none;slot-service;OPTIMUM;42.54959172;300.0;42.40219857;1;57200;279895;4406;761.0;761.0;762.0;1.0;0.0;200.0;weighted_score;761
2;SN-none-ss;instance_40_20_5_22;weighted;weighted;weighted-sum;-;;;;;;sorting-network;none;slot-service;OPTIMUM;54.00726064;300.0;53.88951077;1;56622;243213;4476;758.0;758.0;766.0;8.0;0.0;200.0;weighted_score;758
2;SN-none-ss;instance_40_20_5_23;weighted;weighted;weighted-sum;-;;;;;;sorting-network;none;slot-service;OPTIMUM;51.11713033;300.0;51.00670338;1;55915;221171;4458;766.0;766.0;771.0;5.0;0.0;200.0;weighted_score;766
2;SN-none-ss;instance_40_20_5_24;weighted;weighted;weighted-sum;-;;;;;;sorting-network;none;slot-service;OPTIMUM;61.22131215;300.0;61.1179594;1;50136;200260;4104;740.0;740.0;748.0;8.0;0.0;200.0;weighted_score;740
2;SN-none-ss;instance_40_20_5_25;weighted;weighted;weighted-sum;-;;;;;;sorting-network;none;slot-service;TIMEOUT;300.1212255;300.0;0;0;0;0;0;;;;;;;;
2;SN-none-ss;instance_40_20_5_26;weighted;weighted;weighted-sum;-;;;;;;sorting-network;none;slot-service;OPTIMUM;61.94728917;300.0;61.80271976;1;63084;270520;4250;772.0;772.0;772.0;0.0;0.0;200.0;weighted_score;772
2;SN-none-ss;instance_40_20_5_27;weighted;weighted;weighted-sum;-;;;;;;sorting-network;none;slot-service;OPTIMUM;50.37195466;300.0;50.28932487;1;36642;147026;3661;689.0;689.0;700.0;11.0;0.0;200.0;weighted_score;689
2;SN-none-ss;instance_40_20_5_28;weighted;weighted;weighted-sum;-;;;;;;sorting-network;none;slot-service;OPTIMUM;30.18449657;300.0;30.07054518;1;55385;240277;4072;743.0;743.0;747.0;4.0;0.0;200.0;weighted_score;743
2;SN-none-ss;instance_40_20_5_29;weighted;weighted;weighted-sum;-;;;;;;sorting-network;none;slot-service;OPTIMUM;57.2933056;300.0;57.17881334;1;62238;238969;4314;734.0;734.0;746.0;12.0;0.0;200.0;weighted_score;734
2;SN-none-ss;instance_40_20_5_3;weighted;weighted;weighted-sum;-;;;;;;sorting-network;none;slot-service;OPTIMUM;62.4056634;300.0;62.31047535;1;44207;183408;4027;757.0;757.0;758.0;1.0;0.0;200.0;weighted_score;757
2;SN-none-ss;instance_40_20_5_30;weighted;weighted;weighted-sum;-;;;;;;sorting-network;none;slot-service;OPTIMUM;53.20085229;300.0;53.09375457;1;51513;218357;4400;755.0;755.0;758.0;3.0;0.0;200.0;weighted_score;755
2;SN-none-ss;instance_40_20_5_31;weighted;weighted;weighted-sum;-;;;;;;sorting-network;none;slot-service;OPTIMUM;28.22279115;300.0;28.11531184;1;51224;215687;4153;737.0;737.0;741.0;4.0;0.0;200.0;weighted_score;737
2;SN-none-ss;instance_40_20_5_32;weighted;weighted;weighted-sum;-;;;;;;sorting-network;none;slot-service;UNSATISFIABLE;0.396228529;300.0;0;0;0;0;0;;;;;;;;
2;SN-none-ss;instance_40_20_5_33;weighted;weighted;weighted-sum;-;;;;;;sorting-network;none;slot-service;OPTIMUM;71.11865751;300.0;70.96732426;1;67036;287180;4331;769.0;769.0;774.0;5.0;0.0;200.0;weighted_score;769
2;SN-none-ss;instance_40_20_5_34;weighted;weighted;weighted-sum;-;;;;;;sorting-network;none;slot-service;TIMEOUT;300.125201;300.0;0;0;0;0;0;;;;;;;;
2;SN-none-ss;instance_40_20_5_35;weighted;weighted;weighted-sum;-;;;;;;sorting-network;none;slot-service;UNSATISFIABLE;0.529806059;300.0;0;0;0;0;0;;;;;;;;
2;SN-none-ss;instance_40_20_5_36;weighted;weighted;weighted-sum;-;;;;;;sorting-network;none;slot-service;OPTIMUM;57.89571428;300.0;57.79802078;1;51729;194968;4267;722.0;722.0;731.0;9.0;0.0;200.0;weighted_score;722
2;SN-none-ss;instance_40_20_5_37;weighted;weighted;weighted-sum;-;;;;;;sorting-network;none;slot-service;OPTIMUM;52.16866253;300.0;52.0573991;1;57143;226222;4340;771.0;771.0;773.0;2.0;0.0;200.0;weighted_score;771
2;SN-none-ss;instance_40_20_5_38;weighted;weighted;weighted-sum;-;;;;;;sorting-network;none;slot-service;OPTIMUM;22.52184841;300.0;22.4102365;1;52292;239705;4283;764.0;764.0;765.0;1.0;0.0;200.0;weighted_score;764
2;SN-none-ss;instance_40_20_5_39;weighted;weighted;weighted-sum;-;;;;;;sorting-network;none;slot-service;OPTIMUM;44.22921286;300.0;44.11890613;1;54636;223143;4440;776.0;776.0;777.0;1.0;0.0;200.0;weighted_score;776
2;SN-none-ss;instance_40_20_5_4;weighted;weighted;weighted-sum;-;;;;;;sorting-network;none;slot-service;OPTIMUM;50.87475581;300.0;50.7610078;1;58507;229917;4315;723.0;723.0;733.0;10.0;0.0;200.0;weighted_score;723
2;SN-none-ss;instance_40_20_5_40;weighted;weighted;weighted-sum;-;;;;;;sorting-network;none;slot-service;OPTIMUM;67.9890389;300.0;67.87659606;1;57292;229554;4031;688.0;688.0;701.0;13.0;0.0;200.0;weighted_score;688
2;SN-none-ss;instance_40_20_5_41;weighted;weighted;weighted-sum;-;;;;;;sorting-network;none;slot-service;OPTIMUM;40.34345836;300.0;40.23843096;1;49876;207817;3938;723.0;723.0;735.0;12.0;0.0;200.0;weighted_score;723
2;SN-none-ss;instance_40_20_5_42;weighted;weighted;weighted-sum;-;;;;;;sorting-network;none;slot-service;OPTIMUM;66.20083583;300.0;66.0548587;1;59557;262161;4081;722.0;722.0;730.0;8.0;0.0;200.0;weighted_score;722
2;SN-none-ss;instance_40_20_5_43;weighted;weighted;weighted-sum;-;;;;;;sorting-network;none;slot-service;OPTIMUM;38.37723991;300.0;38.22869809;1;60954;278626;4425;756.0;756.0;758.0;2.0;0.0;200.0;weighted_score;756
2;SN-none-ss;instance_40_20_5_44;weighted;weighted;weighted-sum;-;;;;;;sorting-network;none;slot-service;OPTIMUM;57.15900664;300.0;57.04887819;1;59507;220721;4337;735.0;735.0;745.0;10.0;0.0;200.0;weighted_score;735
2;SN-none-ss;instance_40_20_5_45;weighted;weighted;weighted-sum;-;;;;;;sorting-network;none;slot-service;TIMEOUT;300.118023;300.0;0;0;0;0;0;;;;;;;;
2;SN-none-ss;instance_40_20_5_46;weighted;weighted;weighted-sum;-;;;;;;sorting-network;none;slot-service;OPTIMUM;41.2853856;300.0;41.18954069;1;45199;178335;3956;741.0;741.0;753.0;12.0;0.0;200.0;weighted_score;741
2;SN-none-ss;instance_40_20_5_47;weighted;weighted;weighted-sum;-;;;;;;sorting-network;none;slot-service;OPTIMUM;54.0302697;300.0;53.9336067;1;48065;172700;3995;703.0;703.0;716.0;13.0;0.0;200.0;weighted_score;703
2;SN-none-ss;instance_40_20_5_48;weighted;weighted;weighted-sum;-;;;;;;sorting-network;none;slot-service;OPTIMUM;32.9180298;300.0;32.79897373;1;58469;247892;4374;767.0;767.0;774.0;7.0;0.0;200.0;weighted_score;767
2;SN-none-ss;instance_40_20_5_49;weighted;weighted;weighted-sum;-;;;;;;sorting-network;none;slot-service;OPTIMUM;85.8767056;300.0;85.72788846;1;65010;282442;4512;776.0;776.0;785.0;9.0;0.0;200.0;weighted_score;776
2;SN-none-ss;instance_40_20_5_5;weighted;weighted;weighted-sum;-;;;;;;sorting-network;none;slot-service;UNSATISFIABLE;22.58505785;300.0;0;0;0;0;0;;;;;;;;
2;SN-none-ss;instance_40_20_5_50;weighted;weighted;weighted-sum;-;;;;;;sorting-network;none;slot-service;OPTIMUM;49.55588039;300.0;49.46196814;1;46147;180248;3989;729.0;729.0;739.0;10.0;0.0;200.0;weighted_score;729
2;SN-none-ss;instance_40_20_5_6;weighted;weighted;weighted-sum;-;;;;;;sorting-network;none;slot-service;OPTIMUM;62.96217965;300.0;62.81139305;1;67099;290972;4147;733.0;733.0;746.0;13.0;0.0;200.0;weighted_score;733
2;SN-none-ss;instance_40_20_5_7;weighted;weighted;weighted-sum;-;;;;;;sorting-network;none;slot-service;OPTIMUM;10.60633609;300.0;10.50446584;1;43992;204071;3865;754.0;754.0;758.0;4.0;0.0;200.0;weighted_score;754
2;SN-none-ss;instance_40_20_5_8;weighted;weighted;weighted-sum;-;;;;;;sorting-network;none;slot-service;OPTIMUM;46.83902412;300.0;46.72206965;1;54789;259036;4331;775.0;775.0;778.0;3.0;0.0;200.0;weighted_score;775
2;SN-none-ss;instance_40_20_5_9;weighted;weighted;weighted-sum;-;;;;;;sorting-network;none;slot-service;OPTIMUM;48.64357031;300.0;48.55577977;1;42079;155181;3847;707.0;707.0;722.0;15.0;0.0;200.0;weighted_score;707
2;SN-none-ss;instance_40_25_5_1;weighted;weighted;weighted-sum;-;;;;;;sorting-network;none;slot-service;OPTIMUM;35.9725132;300.0;35.82663548;1;60052;269633;5042;779.0;779.0;783.0;4.0;0.0;200.0;weighted_score;779
2;SN-none-ss;instance_40_25_5_10;weighted;weighted;weighted-sum;-;;;;;;sorting-network;none;slot-service;OPTIMUM;102.317527;300.0;102.1440574;1;79088;357998;5579;772.0;772.0;776.0;4.0;0.0;200.0;weighted_score;772
2;SN-none-ss;instance_40_25_5_11;weighted;weighted;weighted-sum;-;;;;;;sorting-network;none;slot-service;OPTIMUM;44.50868806;300.0;44.33822493;1;71116;318736;5310;783.0;783.0;783.0;0.0;0.0;200.0;weighted_score;783
2;SN-none-ss;instance_40_25_5_12;weighted;weighted;weighted-sum;-;;;;;;sorting-network;none;slot-service;OPTIMUM;79.69506066;300.0;79.53700053;1;69466;299657;5220;781.0;781.0;783.0;2.0;0.0;200.0;weighted_score;781
2;SN-none-ss;instance_40_25_5_13;weighted;weighted;weighted-sum;-;;;;;;sorting-network;none;slot-service;OPTIMUM;52.50466647;300.0;52.34343418;1;72241;308050;5572;784.0;784.0;787.0;3.0;0.0;200.0;weighted_score;784
2;SN-none-ss;instance_40_25_5_14;weighted;weighted;weighted-sum;-;;;;;;sorting-network;none;slot-service;OPTIMUM;70.88399195;300.0;70.70936511;1;83288;362930;5948;781.0;781.0;781.0;0.0;0.0;200.0;weighted_score;781
2;SN-none-ss;instance_40_25_5_15;weighted;weighted;weighted-sum;-;;;;;;sorting-network;none;slot-service;OPTIMUM;58.2848272;300.0;58.13569437;1;57938;276802;4880;715.0;715.0;719.0;4.0;0.0;200.0;weighted_score;715
2;SN-none-ss;instance_40_25_5_16;weighted;weighted;weighted-sum;-;;;;;;sorting-network;none;slot-service;OPTIMUM;62.83290077;300.0;62.6766456;1;69873;289530;5352;759.0;759.0;764.0;5.0;0.0;200.0;weighted_score;759
2;SN-none-ss;instance_40_25_5_17;weighted;weighted;weighted-sum;-;;;;;;sorting-network;none;slot-service;OPTIMUM;59.33129618;300.0;59.17544829;1;69117;295576;5422;745.0;745.0;751.0;6.0;0.0;200.0;weighted_score;745
2;SN-none-ss;instance_40_25_5_18;weighted;weighted;weighted-sum;-;;;;;;sorting-network;none;slot-service;OPTIMUM;80.47183294;300.0;80.31405695;1;69871;311138;5226;784.0;784.0;786.0;2.0;0.0;200.0;weighted_score;784
2;SN-none-ss;instance_40_25_5_19;weighted;weighted;weighted-sum;-;;;;;;sorting-network;none;slot-service;OPTIMUM;50.00978454;300.0;49.90725038;1;49086;190138;4888;734.0;734.0;742.0;8.0;0.0;200.0;weighted_score;734
2;SN-none-ss;instance_40_25_5_2;weighted;weighted;weighted-sum;-;;;;;;sorting-network;none;slot-service;OPTIMUM;41.15743882;300.0;41.00639529;1;66914;295091;5235;775.0;775.0;778.0;3.0;0.0;200.0;weighted_score;775
2;SN-none-ss;instance_40_25_5_20;weighted;weighted;weighted-sum;-;;;;;;sorting-network;none;slot-service;OPTIMUM;95.29268984;300.0;95.1157045;1;81054;351876;5198;767.0;767.0;772.0;5.0;0.0;200.0;weighted_score;767
2;SN-none-ss;instance_40_25_5_21;weighted;weighted;weighted-sum;-;;;;;;sorting-network;none;slot-service;OPTIMUM;58.01711095;300.0;57.85831035;1;62993;294356;5415;758.0;758.0;760.0;2.0;0.0;200.0;weighted_score;758
2;SN-none-ss;instance_40_25_5_22;weighted;weighted;weighted-sum;-;;;;;;sorting-network;none;slot-service;OPTIMUM;42.74410429;300.0;42.62107152;1;61938;245207;5001;761.0;761.0;768.0;7.0;0.0;200.0;weighted_score;761
2;SN-none-ss;instance_40_25_5_23;weighted;weighted;weighted-sum;-;;;;;;sorting-network;none;slot-service;OPTIMUM;74.49995855;300.0;74.31592299;1;89861;365152;5481;769.0;769.0;772.0;3.0;0.0;200.0;weighted_score;769
2;SN-none-ss;instance_40_25_5_24;weighted;weighted;weighted-sum;-;;;;;;sorting-network;none;slot-service;OPTIMUM;60.4510733;300.0;60.33279711;1;57793;229131;5145;738.0;738.0;749.0;11.0;0.0;200.0;weighted_score;738
2;SN-none-ss;instance_40_25_5_25;weighted;weighted;weighted-sum;-;;;;;;sorting-network;none;slot-service;OPTIMUM;50.30442584;300.0;50.18124842;1;63290;242798;5200;761.0;761.0;769.0;8.0;0.0;200.0;weighted_score;761
2;SN-none-ss;instance_40_25_5_26;weighted;weighted;weighted-sum;-;;;;;;sorting-network;none;slot-service;OPTIMUM;46.88690401;300.0;46.72977057;1;70394;306389;5441;776.0;776.0;777.0;1.0;0.0;200.0;weighted_score;776
2;SN-none-ss;instance_40_25_5_27;weighted;weighted;weighted-sum;-;;;;;;sorting-network;none;slot-service;OPTIMUM;62.0695272;300.0;61.96234901;1;54409;209924;5004;739.0;739.0;753.0;14.0;0.0;200.0;weighted_score;739
2;SN-none-ss;instance_40_25_5_28;weighted;weighted;weighted-sum;-;;;;;;sorting-network;none;slot-service;OPTIMUM;72.65919632;300.0;72.50387554;1;67956;289587;5379;742.0;742.0;749.0;7.0;0.0;200.0;weighted_score;742
2;SN-none-ss;instance_40_25_5_29;weighted;weighted;weighted-sum;-;;;;;;sorting-network;none;slot-service;OPTIMUM;54.80378117;300.0;54.67730172;1;60895;242321;5218;746.0;746.0;753.0;7.0;0.0;200.0;weighted_score;746
2;SN-none-ss;instance_40_25_5_3;weighted;weighted;weighted-sum;-;;;;;;sorting-network;none;slot-service;OPTIMUM;69.17713332;300.0;69.01793395;1;68548;309376;5253;722.0;722.0;733.0;11.0;0.0;200.0;weighted_score;722
2;SN-none-ss;instance_40_25_5_30;weighted;weighted;weighted-sum;-;;;;;;sorting-network;none;slot-service;OPTIMUM;82.53050876;300.0;82.36304729;1;73708;339188;5587;766.0;766.0;770.0;4.0;0.0;200.0;weighted_score;766
2;SN-none-ss;instance_40_25_5_31;weighted;weighted;weighted-sum;-;;;;;;sorting-network;none;slot-service;OPTIMUM;69.75197818;300.0;69.57502821;1;76569;359836;5579;788.0;788.0;790.0;2.0;0.0;200.0;weighted_score;788
2;SN-none-ss;instance_40_25_5_32;weighted;weighted;weighted-sum;-;;;;;;sorting-network;none;slot-service;OPTIMUM;95.49415686;300.0;95.33335113;1;69721;292040;5410;710.0;710.0;722.0;12.0;0.0;200.0;weighted_score;710
2;SN-none-ss;instance_40_25_5_33;weighted;weighted;weighted-sum;-;;;;;;sorting-network;none;slot-service;OPTIMUM;73.22782723;300.0;73.11338561;1;57519;225896;4849;769.0;769.0;774.0;5.0;0.0;200.0;weighted_score;769
2;SN-none-ss;instance_40_25_5_34;weighted;weighted;weighted-sum;-;;;;;;sorting-network;none;slot-service;OPTIMUM;70.44047237;300.0;70.27258428;1;75349;331101;5079;764.0;764.0;768.0;4.0;0.0;200.0;weighted_score;764
2;SN-none-ss;instance_40_25_5_35;weighted;weighted;weighted-sum;-;;;;;;sorting-network;none;slot-service;OPTIMUM;72.07650135;300.0;71.901197;1;77853;320914;5297;748.0;748.0;756.0;8.0;0.0;200.0;weighted_score;748
2;SN-none-ss;instance_40_25_5_36;weighted;weighted;weighted-sum;-;;;;;;sorting-network;none;slot-service;OPTIMUM;29.22350137;300.0;29.06965875;1;63280;289484;5415;788.0;788.0;788.0;0.0;0.0;200.0;weighted_score;788
2;SN-none-ss;instance_40_25_5_37;weighted;weighted;weighted-sum;-;;;;;;sorting-network;none;slot-service;OPTIMUM;80.0196827;300.0;79.8748183;1;62122;267195;5149;750.0;750.0;753.0;3.0;0.0;200.0;weighted_score;750
2;SN-none-ss;instance_40_25_5_38;weighted;weighted;weighted-sum;-;;;;;;sorting-network;none;slot-service;OPTIMUM;72.81794507;300.0;72.69277666;1;66589;257409;5033;736.0;736.0;739.0;3.0;0.0;200.0;weighted_score;736
2;SN-none-ss;instance_40_25_5_39;weighted;weighted;weighted-sum;-;;;;;;sorting-network;none;slot-service;OPTIMUM;57.72684609;300.0;57.60224063;1;63851;255279;4961;738.0;738.0;748.0;10.0;0.0;200.0;weighted_score;738
2;SN-none-ss;instance_40_25_5_4;weighted;weighted;weighted-sum;-;;;;;;sorting-network;none;slot-service;OPTIMUM;45.92867092;300.0;45.75606808;1;82146;330083;5462;779.0;779.0;783.0;4.0;0.0;200.0;weighted_score;779
2;SN-none-ss;instance_40_25_5_40;weighted;weighted;weighted-sum;-;;;;;;sorting-network;none;slot-service;OPTIMUM;43.25848489;300.0;43.10931329;1;62742;267329;5335;769.0;769.0;774.0;5.0;0.0;200.0;weighted_score;769
2;SN-none-ss;instance_40_25_5_41;weighted;weighted;weighted-sum;-;;;;;;sorting-network;none;slot-service;OPTIMUM;52.71856859;300.0;52.54681564;1;78031;347728;5080;765.0;765.0;771.0;6.0;0.0;200.0;weighted_score;765
2;SN-none-ss;instance_40_25_5_42;weighted;weighted;weighted-sum;-;;;;;;sorting-network;none;slot-service;OPTIMUM;36.24884225;300.0;36.13839745;1;46390;208532;4778;739.0;739.0;746.0;7.0;0.0;200.0;weighted_score;739
2;SN-none-ss;instance_40_25_5_43;weighted;weighted;weighted-sum;-;;;;;;sorting-network;none;slot-service;OPTIMUM;95.30355854;300.0;95.15819445;1;62782;264903;4975;766.0;766.0;774.0;8.0;0.0;200.0;weighted_score;766
2;SN-none-ss;instance_40_25_5_44;weighted;weighted;weighted-sum;-;;;;;;sorting-network;none;slot-service;OPTIMUM;29.20369237;300.0;29.04650661;1;68788;307303;5141;783.0;783.0;785.0;2.0;0.0;200.0;weighted_score;783
2;SN-none-ss;instance_40_25_5_45;weighted;weighted;weighted-sum;-;;;;;;sorting-network;none;slot-service;OPTIMUM;68.57315058;300.0;68.40550605;1;77216;317118;5516;705.0;705.0;709.0;4.0;0.0;200.0;weighted_score;705
2;SN-none-ss;instance_40_25_5_46;weighted;weighted;weighted-sum;-;;;;;;sorting-network;none;slot-service;UNSATISFIABLE;0.282004265;300.0;0;0;0;0;0;;;;;;;;
2;SN-none-ss;instance_40_25_5_47;weighted;weighted;weighted-sum;-;;;;;;sorting-network;none;slot-service;OPTIMUM;94.74388425;300.0;94.57260778;1;77613;351273;5386;782.0;782.0;784.0;2.0;0.0;200.0;weighted_score;782
2;SN-none-ss;instance_40_25_5_48;weighted;weighted;weighted-sum;-;;;;;;sorting-network;none;slot-service;OPTIMUM;48.43454852;300.0;48.28376369;1;60985;288966;5190;768.0;768.0;769.0;1.0;0.0;200.0;weighted_score;768
2;SN-none-ss;instance_40_25_5_49;weighted;weighted;weighted-sum;-;;;;;;sorting-network;none;slot-service;OPTIMUM;245.6555208;300.0;245.5013095;1;67568;284645;5205;720.0;720.0;736.0;16.0;0.0;200.0;weighted_score;720
2;SN-none-ss;instance_40_25_5_5;weighted;weighted;weighted-sum;-;;;;;;sorting-network;none;slot-service;OPTIMUM;66.33420338;300.0;66.16045308;1;80184;335387;5584;781.0;781.0;787.0;6.0;0.0;200.0;weighted_score;781
2;SN-none-ss;instance_40_25_5_50;weighted;weighted;weighted-sum;-;;;;;;sorting-network;none;slot-service;OPTIMUM;71.70880269;300.0;71.52191361;1;84825;383215;5582;786.0;786.0;790.0;4.0;0.0;200.0;weighted_score;786
2;SN-none-ss;instance_40_25_5_6;weighted;weighted;weighted-sum;-;;;;;;sorting-network;none;slot-service;OPTIMUM;59.89525927;300.0;59.73316398;1;72068;325934;5293;768.0;768.0;770.0;2.0;0.0;200.0;weighted_score;768
2;SN-none-ss;instance_40_25_5_7;weighted;weighted;weighted-sum;-;;;;;;sorting-network;none;slot-service;OPTIMUM;70.27091079;300.0;70.10797251;1;66009;322614;5107;784.0;784.0;785.0;1.0;0.0;200.0;weighted_score;784
2;SN-none-ss;instance_40_25_5_8;weighted;weighted;weighted-sum;-;;;;;;sorting-network;none;slot-service;OPTIMUM;62.00824791;300.0;61.8627508;1;63241;264726;5142;768.0;768.0;772.0;4.0;0.0;200.0;weighted_score;768
2;SN-none-ss;instance_40_25_5_9;weighted;weighted;weighted-sum;-;;;;;;sorting-network;none;slot-service;OPTIMUM;75.12058114;300.0;74.97535;1;59504;277603;5254;775.0;775.0;776.0;1.0;0.0;200.0;weighted_score;775
3;SN-both-none;instance_30_10_4_1;weighted;weighted;weighted-sum;-;;;;;;sorting-network;both;none;OPTIMUM;15.71491076;300.0;15.66073782;1;22401;81401;1441;416.0;416.0;420.0;4.0;0.0;120.0;weighted_score;416
3;SN-both-none;instance_30_10_4_10;weighted;weighted;weighted-sum;-;;;;;;sorting-network;both;none;OPTIMUM;9.696367336;300.0;9.643357669;1;23901;80337;1399;403.0;403.0;410.0;7.0;0.0;120.0;weighted_score;403
3;SN-both-none;instance_30_10_4_11;weighted;weighted;weighted-sum;-;;;;;;sorting-network;both;none;OPTIMUM;17.44419388;300.0;17.39282868;1;22993;76322;1413;390.0;390.0;401.0;11.0;0.0;120.0;weighted_score;390
3;SN-both-none;instance_30_10_4_12;weighted;weighted;weighted-sum;-;;;;;;sorting-network;both;none;OPTIMUM;30.94579513;300.0;30.89109741;1;23897;83618;1360;387.0;387.0;395.0;8.0;0.0;120.0;weighted_score;387
3;SN-both-none;instance_30_10_4_13;weighted;weighted;weighted-sum;-;;;;;;sorting-network;both;none;UNSATISFIABLE;0.05608766;300.0;0;1;0;0;0;;;;;;;;
3;SN-both-none;instance_30_10_4_14;weighted;weighted;weighted-sum;-;;;;;;sorting-network;both;none;UNSATISFIABLE;0.056542737;300.0;0;1;0;0;0;;;;;;;;
3;SN-both-none;instance_30_10_4_15;weighted;weighted;weighted-sum;-;;;;;;sorting-network;both;none;UNSATISFIABLE;0.046969781;300.0;0;1;0;0;0;;;;;;;;
3;SN-both-none;instance_30_10_4_16;weighted;weighted;weighted-sum;-;;;;;;sorting-network;both;none;OPTIMUM;12.13711982;300.0;12.07891437;1;24538;88421;1562;431.0;431.0;436.0;5.0;0.0;120.0;weighted_score;431
3;SN-both-none;instance_30_10_4_17;weighted;weighted;weighted-sum;-;;;;;;sorting-network;both;none;OPTIMUM;3.917560685;300.0;3.878579799;1;17923;59901;1291;400.0;400.0;401.0;1.0;0.0;120.0;weighted_score;400
3;SN-both-none;instance_30_10_4_18;weighted;weighted;weighted-sum;-;;;;;;sorting-network;both;none;OPTIMUM;3.789103485;300.0;3.748442631;1;18227;61386;1382;408.0;408.0;414.0;6.0;0.0;120.0;weighted_score;408
3;SN-both-none;instance_30_10_4_19;weighted;weighted;weighted-sum;-;;;;;;sorting-network;both;none;UNSATISFIABLE;0.085850751;300.0;0;1;0;0;0;;;;;;;;
3;SN-both-none;instance_30_10_4_2;weighted;weighted;weighted-sum;-;;;;;;sorting-network;both;none;UNSATISFIABLE;0.095400091;300.0;0;1;0;0;0;;;;;;;;
3;SN-both-none;instance_30_10_4_20;weighted;weighted;weighted-sum;-;;;;;;sorting-network;both;none;UNSATISFIABLE;0.054855008;300.0;0;1;0;0;0;;;;;;;;
3;SN-both-none;instance_30_10_4_21;weighted;weighted;weighted-sum;-;;;;;;sorting-network;both;none;UNSATISFIABLE;0.097693989;300.0;0;1;0;0;0;;;;;;;;
3;SN-both-none;instance_30_10_4_22;weighted;weighted;weighted-sum;-;;;;;;sorting-network;both;none;UNSATISFIABLE;0.079180706;300.0;0;1;0;0;0;;;;;;;;
3;SN-both-none;instance_30_10_4_23;weighted;weighted;weighted-sum;-;;;;;;sorting-network;both;none;OPTIMUM;11.62759692;300.0;11.57346715;1;25135;85242;1499;379.0;379.0;382.0;3.0;0.0;120.0;weighted_score;379
3;SN-both-none;instance_30_10_4_24;weighted;weighted;weighted-sum;-;;;;;;sorting-network;both;none;OPTIMUM;9.228648469;300.0;9.178450792;1;20930;72284;1375;387.0;387.0;393.0;6.0;0.0;120.0;weighted_score;387
3;SN-both-none;instance_30_10_4_25;weighted;weighted;weighted-sum;-;;;;;;sorting-network;both;none;OPTIMUM;15.48142367;300.0;15.42362542;1;25018;90848;1435;444.0;444.0;445.0;1.0;0.0;120.0;weighted_score;444
3;SN-both-none;instance_30_10_4_26;weighted;weighted;weighted-sum;-;;;;;;sorting-network;both;none;UNSATISFIABLE;0.106572621;300.0;0;1;0;0;0;;;;;;;;
3;SN-both-none;instance_30_10_4_27;weighted;weighted;weighted-sum;-;;;;;;sorting-network;both;none;OPTIMUM;19.62596027;300.0;19.57961444;1;20862;65639;1374;390.0;390.0;404.0;14.0;0.0;120.0;weighted_score;390
3;SN-both-none;instance_30_10_4_28;weighted;weighted;weighted-sum;-;;;;;;sorting-network;both;none;UNSATISFIABLE;0.048813965;300.0;0;1;0;0;0;;;;;;;;
3;SN-both-none;instance_30_10_4_29;weighted;weighted;weighted-sum;-;;;;;;sorting-network;both;none;UNSATISFIABLE;0.0642787;300.0;0;1;0;0;0;;;;;;;;
3;SN-both-none;instance_30_10_4_3;weighted;weighted;weighted-sum;-;;;;;;sorting-network;both;none;UNSATISFIABLE;0.066498969;300.0;0;1;0;0;0;;;;;;;;
3;SN-both-none;instance_30_10_4_30;weighted;weighted;weighted-sum;-;;;;;;sorting-network;both;none;OPTIMUM;17.10774038;300.0;17.05393415;1;25475;83591;1482;396.0;396.0;405.0;9.0;0.0;120.0;weighted_score;396
3;SN-both-none;instance_30_10_4_31;weighted;weighted;weighted-sum;-;;;;;;sorting-network;both;none;OPTIMUM;9.33600399;300.0;9.28539629;1;22300;74140;1318;372.0;372.0;380.0;8.0;0.0;120.0;weighted_score;372
3;SN-both-none;instance_30_10_4_32;weighted;weighted;weighted-sum;-;;;;;;sorting-network;both;none;OPTIMUM;9.493095283;300.0;9.439021107;1;22795;79896;1493;423.0;423.0;424.0;1.0;0.0;120.0;weighted_score;423
3;SN-both-none;instance_30_10_4_33;weighted;weighted;weighted-sum;-;;;;;;sorting-network;both;none;OPTIMUM;14.48835428;300.0;14.43541966;1;22909;81373;1416;434.0;434.0;435.0;1.0;0.0;120.0;weighted_score;434
3;SN-both-none;instance_30_10_4_34;weighted;weighted;weighted-sum;-;;;;;;sorting-network;both;none;UNSATISFIABLE;0.06546378;300.0;0;1;0;0;0;;;;;;;;
3;SN-both-none;instance_30_10_4_35;weighted;weighted;weighted-sum;-;;;;;;sorting-network;both;none;UNSATISFIABLE;0.056903742;300.0;0;1;0;0;0;;;;;;;;
3;SN-both-none;instance_30_10_4_36;weighted;weighted;weighted-sum;-;;;;;;sorting-network;both;none;OPTIMUM;26.41313877;300.0;26.36105667;1;24128;82944;1497;401.0;401.0;407.0;6.0;0.0;120.0;weighted_score;401
3;SN-both-none;instance_30_10_4_37;weighted;weighted;weighted-sum;-;;;;;;sorting-network;both;none;OPTIMUM;19.87642126;300.0;19.82217604;1;22366;81788;1457;440.0;440.0;444.0;4.0;0.0;120.0;weighted_score;440
3;SN-both-none;instance_30_10_4_38;weighted;weighted;weighted-sum;-;;;;;;sorting-network;both;none;UNSATISFIABLE;0.079438638;300.0;0;1;0;0;0;;;;;;;;
3;SN-both-none;instance_30_10_4_39;weighted;weighted;weighted-sum;-;;;;;;sorting-network;both;none;UNSATISFIABLE;0.066176532;300.0;0;1;0;0;0;;;;;;;;
3;SN-both-none;instance_30_10_4_4;weighted;weighted;weighted-sum;-;;;;;;sorting-network;both;none;OPTIMUM;11.42938039;300.0;11.37665055;1;21770;78668;1419;427.0;427.0;429.0;2.0;0.0;120.0;weighted_score;427
3;SN-both-none;instance_30_10_4_40;weighted;weighted;weighted-sum;-;;;;;;sorting-network;both;none;UNSATISFIABLE;0.093609037;300.0;0;1;0;0;0;;;;;;;;
3;SN-both-none;instance_30_10_4_41;weighted;weighted;weighted-sum;-;;;;;;sorting-network;both;none;OPTIMUM;9.903787434;300.0;9.870709834;1;15610;48836;1236;350.0;350.0;356.0;6.0;0.0;120.0;weighted_score;350
3;SN-both-none;instance_30_10_4_42;weighted;weighted;weighted-sum;-;;;;;;sorting-network;both;none;UNSATISFIABLE;0.066582922;300.0;0;1;0;0;0;;;;;;;;
3;SN-both-none;instance_30_10_4_43;weighted;weighted;weighted-sum;-;;;;;;sorting-network;both;none;OPTIMUM;15.60821566;300.0;15.55419819;1;24965;81653;1427;412.0;412.0;418.0;6.0;0.0;120.0;weighted_score;412
3;SN-both-none;instance_30_10_4_44;weighted;weighted;weighted-sum;-;;;;;;sorting-network;both;none;UNSATISFIABLE;0.127774526;300.0;0;1;0;0;0;;;;;;;;
3;SN-both-none;instance_30_10_4_45;weighted;weighted;weighted-sum;-;;;;;;sorting-network;both;none;OPTIMUM;2.6018575;300.0;2.548856237;1;21803;75772;1363;365.0;365.0;370.0;5.0;0.0;120.0;weighted_score;365
3;SN-both-none;instance_30_10_4_46;weighted;weighted;weighted-sum;-;;;;;;sorting-network;both;none;UNSATISFIABLE;0.050910042;300.0;0;1;0;0;0;;;;;;;;
3;SN-both-none;instance_30_10_4_47;weighted;weighted;weighted-sum;-;;;;;;sorting-network;both;none;OPTIMUM;10.33604768;300.0;10.29616832;1;18969;62749;1390;395.0;395.0;398.0;3.0;0.0;120.0;weighted_score;395
3;SN-both-none;instance_30_10_4_48;weighted;weighted;weighted-sum;-;;;;;;sorting-network;both;none;OPTIMUM;6.651211935;300.0;6.616329622;1;17133;53626;1309;375.0;375.0;377.0;2.0;0.0;120.0;weighted_score;375
3;SN-both-none;instance_30_10_4_49;weighted;weighted;weighted-sum;-;;;;;;sorting-network;both;none;UNSATISFIABLE;0.110362694;300.0;0;1;0;0;0;;;;;;;;
3;SN-both-none;instance_30_10_4_5;weighted;weighted;weighted-sum;-;;;;;;sorting-network;both;none;OPTIMUM;19.77385643;300.0;19.72504088;1;19570;68243;1452;418.0;418.0;422.0;4.0;0.0;120.0;weighted_score;418
3;SN-both-none;instance_30_10_4_50;weighted;weighted;weighted-sum;-;;;;;;sorting-network;both;none;UNSATISFIABLE;0.068073486;300.0;0;1;0;0;0;;;;;;;;
3;SN-both-none;instance_30_10_4_6;weighted;weighted;weighted-sum;-;;;;;;sorting-network;both;none;OPTIMUM;9.679321756;300.0;9.627329046;1;22694;79828;1451;388.0;388.0;390.0;2.0;0.0;120.0;weighted_score;388
3;SN-both-none;instance_30_10_4_7;weighted;weighted;weighted-sum;-;;;;;;sorting-network;both;none;UNSATISFIABLE;0.064751943;300.0;0;1;0;0;0;;;;;;;;
3;SN-both-none;instance_30_10_4_8;weighted;weighted;weighted-sum;-;;;;;;sorting-network;both;none;OPTIMUM;26.60772542;300.0;26.55818238;1;22161;72914;1365;414.0;414.0;420.0;6.0;0.0;120.0;weighted_score;414
3;SN-both-none;instance_30_10_4_9;weighted;weighted;weighted-sum;-;;;;;;sorting-network;both;none;UNSATISFIABLE;0.07586739;300.0;0;1;0;0;0;;;;;;;;
3;SN-both-none;instance_40_10_5_1;weighted;weighted;weighted-sum;-;;;;;;sorting-network;both;none;UNSATISFIABLE;0.253212852;300.0;0;0;0;0;0;;;;;;;;
3;SN-both-none;instance_40_10_5_10;weighted;weighted;weighted-sum;-;;;;;;sorting-network;both;none;UNSATISFIABLE;0.120432326;300.0;0;0;0;0;0;;;;;;;;
3;SN-both-none;instance_40_10_5_11;weighted;weighted;weighted-sum;-;;;;;;sorting-network;both;none;OPTIMUM;211.5907965;300.0;211.510827;1;43236;145500;2114;609.0;609.0;621.0;12.0;0.0;200.0;weighted_score;609
3;SN-both-none;instance_40_10_5_12;weighted;weighted;weighted-sum;-;;;;;;sorting-network;both;none;TIMEOUT;300.1144164;300.0;0;0;0;0;0;;;;;;;;
3;SN-both-none;instance_40_10_5_13;weighted;weighted;weighted-sum;-;;;;;;sorting-network;both;none;UNSATISFIABLE;0.121567575;300.0;0;0;0;0;0;;;;;;;;
3;SN-both-none;instance_40_10_5_14;weighted;weighted;weighted-sum;-;;;;;;sorting-network;both;none;OPTIMUM;65.9247777;300.0;65.82933402;1;45519;161704;2276;663.0;663.0;670.0;7.0;0.0;200.0;weighted_score;663
3;SN-both-none;instance_40_10_5_15;weighted;weighted;weighted-sum;-;;;;;;sorting-network;both;none;UNSATISFIABLE;0.116346369;300.0;0;0;0;0;0;;;;;;;;
3;SN-both-none;instance_40_10_5_16;weighted;weighted;weighted-sum;-;;;;;;sorting-network;both;none;UNSATISFIABLE;0.243062813;300.0;0;0;0;0;0;;;;;;;;
3;SN-both-none;instance_40_10_5_17;weighted;weighted;weighted-sum;-;;;;;;sorting-network;both;none;OPTIMUM;22.35050366;300.0;22.26873723;1;43642;156557;2324;706.0;706.0;710.0;4.0;0.0;200.0;weighted_score;706
3;SN-both-none;instance_40_10_5_18;weighted;weighted;weighted-sum;-;;;;;;sorting-network;both;none;UNSATISFIABLE;0.124743302;300.0;0;0;0;0;0;;;;;;;;
3;SN-both-none;instance_40_10_5_19;weighted;weighted;weighted-sum;-;;;;;;sorting-network;both;none;OPTIMUM;254.137638;300.0;254.0465835;1;45915;167928;2207;675.0;675.0;684.0;9.0;0.0;200.0;weighted_score;675
3;SN-both-none;instance_40_10_5_2;weighted;weighted;weighted-sum;-;;;;;;sorting-network;both;none;OPTIMUM;70.65319065;300.0;70.55808025;1;47835;165799;2180;704.0;704.0;718.0;14.0;0.0;200.0;weighted_score;704
3;SN-both-none;instance_40_10_5_20;weighted;weighted;weighted-sum;-;;;;;;sorting-network;both;none;UNSATISFIABLE;0.098582878;300.0;0;0;0;0;0;;;;;;;;
3;SN-both-none;instance_40_10_5_21;weighted;weighted;weighted-sum;-;;;;;;sorting-network;both;none;UNSATISFIABLE;0.124779079;300.0;0;0;0;0;0;;;;;;;;
3;SN-both-none;instance_40_10_5_22;weighted;weighted;weighted-sum;-;;;;;;sorting-network;both;none;TIMEOUT;300.1231212;300.0;0;0;0;0;0;;;;;;;;
3;SN-both-none;instance_40_10_5_23;weighted;weighted;weighted-sum;-;;;;;;sorting-network;both;none;UNSATISFIABLE;0.101401216;300.0;0;0;0;0;0;;;;;;;;
3;SN-both-none;instance_40_10_5_24;weighted;weighted;weighted-sum;-;;;;;;sorting-network;both;none;UNSATISFIABLE;0.239554593;300.0;0;0;0;0;0;;;;;;;;
3;SN-both-none;instance_40_10_5_25;weighted;weighted;weighted-sum;-;;;;;;sorting-network;both;none;UNSATISFIABLE;0.087712779;300.0;0;0;0;0;0;;;;;;;;
3;SN-both-none;instance_40_10_5_26;weighted;weighted;weighted-sum;-;;;;;;sorting-network;both;none;UNSATISFIABLE;0.302555747;300.0;0;0;0;0;0;;;;;;;;
3;SN-both-none;instance_40_10_5_27;weighted;weighted;weighted-sum;-;;;;;;sorting-network;both;none;UNSATISFIABLE;0.138287277;300.0;0;0;0;0;0;;;;;;;;
3;SN-both-none;instance_40_10_5_28;weighted;weighted;weighted-sum;-;;;;;;sorting-network;both;none;TIMEOUT;300.1178518;300.0;0;0;0;0;0;;;;;;;;
3;SN-both-none;instance_40_10_5_29;weighted;weighted;weighted-sum;-;;;;;;sorting-network;both;none;OPTIMUM;33.8123989;300.0;33.72414077;1;43009;157007;2387;698.0;698.0;702.0;4.0;0.0;200.0;weighted_score;698
3;SN-both-none;instance_40_10_5_3;weighted;weighted;weighted-sum;-;;;;;;sorting-network;both;none;UNSATISFIABLE;0.52221902;300.0;0;0;0;0;0;;;;;;;;
3;SN-both-none;instance_40_10_5_30;weighted;weighted;weighted-sum;-;;;;;;sorting-network;both;none;UNSATISFIABLE;0.083968044;300.0;0;0;0;0;0;;;;;;;;
3;SN-both-none;instance_40_10_5_31;weighted;weighted;weighted-sum;-;;;;;;sorting-network;both;none;UNSATISFIABLE;0.098660178;300.0;0;0;0;0;0;;;;;;;;
3;SN-both-none;instance_40_10_5_32;weighted;weighted;weighted-sum;-;;;;;;sorting-network;both;none;OPTIMUM;42.3244817;300.0;42.2415161;1;41316;150617;2311;699.0;699.0;701.0;2.0;0.0;200.0;weighted_score;699
3;SN-both-none;instance_40_10_5_33;weighted;weighted;weighted-sum;-;;;;;;sorting-network;both;none;UNSATISFIABLE;0.123902388;300.0;0;0;0;0;0;;;;;;;;
3;SN-both-none;instance_40_10_5_34;weighted;weighted;weighted-sum;-;;;;;;sorting-network;both;none;UNSATISFIABLE;1.224669676;300.0;0;0;0;0;0;;;;;;;;
3;SN-both-none;instance_40_10_5_35;weighted;weighted;weighted-sum;-;;;;;;sorting-network;both;none;UNSATISFIABLE;0.091762178;300.0;0;0;0;0;0;;;;;;;;
3;SN-both-none;instance_40_10_5_36;weighted;weighted;weighted-sum;-;;;;;;sorting-network;both;none;UNSATISFIABLE;0.274171461;300.0;0;0;0;0;0;;;;;;;;
3;SN-both-none;instance_40_10_5_37;weighted;weighted;weighted-sum;-;;;;;;sorting-network;both;none;UNSATISFIABLE;0.090997433;300.0;0;0;0;0;0;;;;;;;;
3;SN-both-none;instance_40_10_5_38;weighted;weighted;weighted-sum;-;;;;;;sorting-network;both;none;UNSATISFIABLE;0.102805965;300.0;0;0;0;0;0;;;;;;;;
3;SN-both-none;instance_40_10_5_39;weighted;weighted;weighted-sum;-;;;;;;sorting-network;both;none;OPTIMUM;78.28638294;300.0;78.20399544;1;41692;143920;2189;691.0;691.0;698.0;5.0;2.0;200.0;weighted_score;691
3;SN-both-none;instance_40_10_5_4;weighted;weighted;weighted-sum;-;;;;;;sorting-network;both;none;UNSATISFIABLE;0.089320566;300.0;0;0;0;0;0;;;;;;;;
3;SN-both-none;instance_40_10_5_40;weighted;weighted;weighted-sum;-;;;;;;sorting-network;both;none;UNSATISFIABLE;0.104876012;300.0;0;0;0;0;0;;;;;;;;
3;SN-both-none;instance_40_10_5_41;weighted;weighted;weighted-sum;-;;;;;;sorting-network;both;none;UNSATISFIABLE;0.697719975;300.0;0;0;0;0;0;;;;;;;;
3;SN-both-none;instance_40_10_5_42;weighted;weighted;weighted-sum;-;;;;;;sorting-network;both;none;UNSATISFIABLE;0.084400163;300.0;0;0;0;0;0;;;;;;;;
3;SN-both-none;instance_40_10_5_43;weighted;weighted;weighted-sum;-;;;;;;sorting-network;both;none;UNSATISFIABLE;0.088806927;300.0;0;0;0;0;0;;;;;;;;
3;SN-both-none;instance_40_10_5_44;weighted;weighted;weighted-sum;-;;;;;;sorting-network;both;none;OPTIMUM;68.63826022;300.0;68.56210286;1;42988;141368;2059;634.0;634.0;647.0;13.0;0.0;200.0;weighted_score;634
3;SN-both-none;instance_40_10_5_45;weighted;weighted;weighted-sum;-;;;;;;sorting-network;both;none;TIMEOUT;300.1134063;300.0;0;0;0;0;0;;;;;;;;
3;SN-both-none;instance_40_10_5_46;weighted;weighted;weighted-sum;-;;;;;;sorting-network;both;none;UNSATISFIABLE;0.089817909;300.0;0;0;0;0;0;;;;;;;;
3;SN-both-none;instance_40_10_5_47;weighted;weighted;weighted-sum;-;;;;;;sorting-network;both;none;UNSATISFIABLE;0.119927474;300.0;0;0;0;0;0;;;;;;;;
3;SN-both-none;instance_40_10_5_48;weighted;weighted;weighted-sum;-;;;;;;sorting-network;both;none;UNSATISFIABLE;0.169926115;300.0;0;0;0;0;0;;;;;;;;
3;SN-both-none;instance_40_10_5_49;weighted;weighted;weighted-sum;-;;;;;;sorting-network;both;none;TIMEOUT;300.1127562;300.0;0;0;0;0;0;;;;;;;;
3;SN-both-none;instance_40_10_5_5;weighted;weighted;weighted-sum;-;;;;;;sorting-network;both;none;TIMEOUT;300.1168606;300.0;0;0;0;0;0;;;;;;;;
3;SN-both-none;instance_40_10_5_50;weighted;weighted;weighted-sum;-;;;;;;sorting-network;both;none;UNSATISFIABLE;0.104256136;300.0;0;0;0;0;0;;;;;;;;
3;SN-both-none;instance_40_10_5_6;weighted;weighted;weighted-sum;-;;;;;;sorting-network;both;none;TIMEOUT;300.1241931;300.0;0;0;0;0;0;;;;;;;;
3;SN-both-none;instance_40_10_5_7;weighted;weighted;weighted-sum;-;;;;;;sorting-network;both;none;OPTIMUM;64.49724392;300.0;64.41242451;1;45769;165908;2328;695.0;695.0;701.0;6.0;0.0;200.0;weighted_score;695
3;SN-both-none;instance_40_10_5_8;weighted;weighted;weighted-sum;-;;;;;;sorting-network;both;none;UNSATISFIABLE;0.103691375;300.0;0;0;0;0;0;;;;;;;;
3;SN-both-none;instance_40_10_5_9;weighted;weighted;weighted-sum;-;;;;;;sorting-network;both;none;UNSATISFIABLE;0.205895447;300.0;0;0;0;0;0;;;;;;;;
3;SN-both-none;instance_40_15_5_1;weighted;weighted;weighted-sum;-;;;;;;sorting-network;both;none;OPTIMUM;136.432666;300.0;136.3225737;1;60212;236495;3457;751.0;751.0;754.0;3.0;0.0;200.0;weighted_score;751
3;SN-both-none;instance_40_15_5_10;weighted;weighted;weighted-sum;-;;;;;;sorting-network;both;none;OPTIMUM;36.85268855;300.0;36.74724416;1;56059;205763;3198;724.0;724.0;732.0;8.0;0.0;200.0;weighted_score;724
3;SN-both-none;instance_40_15_5_11;weighted;weighted;weighted-sum;-;;;;;;sorting-network;both;none;OPTIMUM;50.17837536;300.0;50.07264247;1;60834;217730;3247;695.0;695.0;705.0;10.0;0.0;200.0;weighted_score;695
3;SN-both-none;instance_40_15_5_12;weighted;weighted;weighted-sum;-;;;;;;sorting-network;both;none;OPTIMUM;68.93495442;300.0;68.82076664;1;61264;245463;3350;773.0;773.0;774.0;1.0;0.0;200.0;weighted_score;773
3;SN-both-none;instance_40_15_5_13;weighted;weighted;weighted-sum;-;;;;;;sorting-network;both;none;UNSATISFIABLE;0.578102699;300.0;0;0;0;0;0;;;;;;;;
3;SN-both-none;instance_40_15_5_14;weighted;weighted;weighted-sum;-;;;;;;sorting-network;both;none;OPTIMUM;59.21130103;300.0;59.09994627;1;62857;232672;3227;711.0;711.0;724.0;13.0;0.0;200.0;weighted_score;711
3;SN-both-none;instance_40_15_5_15;weighted;weighted;weighted-sum;-;;;;;;sorting-network;both;none;OPTIMUM;46.20826801;300.0;46.08970328;1;68081;250556;3438;736.0;736.0;744.0;8.0;0.0;200.0;weighted_score;736
3;SN-both-none;instance_40_15_5_16;weighted;weighted;weighted-sum;-;;;;;;sorting-network;both;none;TIMEOUT;300.1172905;300.0;0;0;0;0;0;;;;;;;;
3;SN-both-none;instance_40_15_5_17;weighted;weighted;weighted-sum;-;;;;;;sorting-network;both;none;TIMEOUT;300.1192043;300.0;0;0;0;0;0;;;;;;;;
3;SN-both-none;instance_40_15_5_18;weighted;weighted;weighted-sum;-;;;;;;sorting-network;both;none;OPTIMUM;75.20227345;300.0;75.10313977;1;52237;186504;3134;685.0;685.0;691.0;6.0;0.0;200.0;weighted_score;685
3;SN-both-none;instance_40_15_5_19;weighted;weighted;weighted-sum;-;;;;;;sorting-network;both;none;UNSATISFIABLE;0.235961191;300.0;0;0;0;0;0;;;;;;;;
3;SN-both-none;instance_40_15_5_2;weighted;weighted;weighted-sum;-;;;;;;sorting-network;both;none;OPTIMUM;76.12902838;300.0;76.03749602;1;51185;174451;3038;714.0;714.0;730.0;16.0;0.0;200.0;weighted_score;714
3;SN-both-none;instance_40_15_5_20;weighted;weighted;weighted-sum;-;;;;;;sorting-network;both;none;OPTIMUM;62.50460377;300.0;62.40734576;1;50702;182326;3176;703.0;703.0;714.0;11.0;0.0;200.0;weighted_score;703
3;SN-both-none;instance_40_15_5_21;weighted;weighted;weighted-sum;-;;;;;;sorting-network;both;none;OPTIMUM;52.12825244;300.0;52.01489168;1;64276;245864;3399;732.0;732.0;739.0;7.0;0.0;200.0;weighted_score;732
3;SN-both-none;instance_40_15_5_22;weighted;weighted;weighted-sum;-;;;;;;sorting-network;both;none;UNSATISFIABLE;0.128951301;300.0;0;0;0;0;0;;;;;;;;
3;SN-both-none;instance_40_15_5_23;weighted;weighted;weighted-sum;-;;;;;;sorting-network;both;none;OPTIMUM;32.80851673;300.0;32.7209406;1;47225;168989;2884;717.0;717.0;719.0;2.0;0.0;200.0;weighted_score;717
3;SN-both-none;instance_40_15_5_24;weighted;weighted;weighted-sum;-;;;;;;sorting-network;both;none;OPTIMUM;158.7643305;300.0;158.6658544;1;53378;198599;3010;723.0;723.0;732.0;9.0;0.0;200.0;weighted_score;723
3;SN-both-none;instance_40_15_5_25;weighted;weighted;weighted-sum;-;;;;;;sorting-network;both;none;UNSATISFIABLE;0.142810037;300.0;0;0;0;0;0;;;;;;;;
3;SN-both-none;instance_40_15_5_26;weighted;weighted;weighted-sum;-;;;;;;sorting-network;both;none;OPTIMUM;64.80086837;300.0;64.69974333;1;58725;205353;3105;710.0;710.0;723.0;13.0;0.0;200.0;weighted_score;710
3;SN-both-none;instance_40_15_5_27;weighted;weighted;weighted-sum;-;;;;;;sorting-network;both;none;OPTIMUM;183.4278453;300.0;183.3396273;1;47359;156144;3072;640.0;640.0;656.0;16.0;0.0;200.0;weighted_score;640
3;SN-both-none;instance_40_15_5_28;weighted;weighted;weighted-sum;-;;;;;;sorting-network;both;none;OPTIMUM;24.42145543;300.0;24.32431302;1;53130;191594;3477;749.0;749.0;754.0;5.0;0.0;200.0;weighted_score;749
3;SN-both-none;instance_40_15_5_29;weighted;weighted;weighted-sum;-;;;;;;sorting-network;both;none;UNSATISFIABLE;0.290216764;300.0;0;0;0;0;0;;;;;;;;
3;SN-both-none;instance_40_15_5_3;weighted;weighted;weighted-sum;-;;;;;;sorting-network;both;none;OPTIMUM;55.71778432;300.0;55.60068094;1;62426;245467;3639;745.0;745.0;749.0;4.0;0.0;200.0;weighted_score;745
3;SN-both-none;instance_40_15_5_30;weighted;weighted;weighted-sum;-;;;;;;sorting-network;both;none;OPTIMUM;46.40829129;300.0;46.28520008;1;65911;260500;3294;706.0;706.0;714.0;8.0;0.0;200.0;weighted_score;706
3;SN-both-none;instance_40_15_5_31;weighted;weighted;weighted-sum;-;;;;;;sorting-network;both;none;OPTIMUM;60.77845019;300.0;60.67810687;1;56436;201873;3383;717.0;717.0;728.0;11.0;0.0;200.0;weighted_score;717
3;SN-both-none;instance_40_15_5_32;weighted;weighted;weighted-sum;-;;;;;;sorting-network;both;none;UNSATISFIABLE;0.167146287;300.0;0;0;0;0;0;;;;;;;;
3;SN-both-none;instance_40_15_5_33;weighted;weighted;weighted-sum;-;;;;;;sorting-network;both;none;OPTIMUM;101.6570575;300.0;101.5683329;1;46606;164365;2925;676.0;676.0;682.0;6.0;0.0;200.0;weighted_score;676
3;SN-both-none;instance_40_15_5_34;weighted;weighted;weighted-sum;-;;;;;;sorting-network;both;none;TIMEOUT;300.1254076;300.0;0;0;0;0;0;;;;;;;;
3;SN-both-none;instance_40_15_5_35;weighted;weighted;weighted-sum;-;;;;;;sorting-network;both;none;OPTIMUM;33.88911508;300.0;33.78199967;1;55306;222336;3325;743.0;743.0;749.0;6.0;0.0;200.0;weighted_score;743
3;SN-both-none;instance_40_15_5_36;weighted;weighted;weighted-sum;-;;;;;;sorting-network;both;none;UNSATISFIABLE;0.432049122;300.0;0;0;0;0;0;;;;;;;;
3;SN-both-none;instance_40_15_5_37;weighted;weighted;weighted-sum;-;;;;;;sorting-network;both;none;UNSATISFIABLE;0.439540339;300.0;0;0;0;0;0;;;;;;;;
3;SN-both-none;instance_40_15_5_38;weighted;weighted;weighted-sum;-;;;;;;sorting-network;both;none;UNSATISFIABLE;0.131995224;300.0;0;0;0;0;0;;;;;;;;
3;SN-both-none;instance_40_15_5_39;weighted;weighted;weighted-sum;-;;;;;;sorting-network;both;none;OPTIMUM;59.79590864;300.0;59.68697428;1;58897;219257;3368;700.0;700.0;707.0;7.0;0.0;200.0;weighted_score;700
3;SN-both-none;instance_40_15_5_4;weighted;weighted;weighted-sum;-;;;;;;sorting-network;both;none;OPTIMUM;40.35742524;300.0;40.2474568;1;59904;223558;3409;728.0;728.0;737.0;9.0;0.0;200.0;weighted_score;728
3;SN-both-none;instance_40_15_5_40;weighted;weighted;weighted-sum;-;;;;;;sorting-network;both;none;OPTIMUM;49.13154178;300.0;49.03248467;1;57645;198940;3214;696.0;696.0;708.0;12.0;0.0;200.0;weighted_score;696
3;SN-both-none;instance_40_15_5_41;weighted;weighted;weighted-sum;-;;;;;;sorting-network;both;none;OPTIMUM;33.5672289;300.0;33.46233551;1;57200;213766;3259;744.0;744.0;745.0;1.0;0.0;200.0;weighted_score;744
3;SN-both-none;instance_40_15_5_42;weighted;weighted;weighted-sum;-;;;;;;sorting-network;both;none;OPTIMUM;32.59756328;300.0;32.51147571;1;45551;154913;2907;685.0;685.0;694.0;9.0;0.0;200.0;weighted_score;685
3;SN-both-none;instance_40_15_5_43;weighted;weighted;weighted-sum;-;;;;;;sorting-network;both;none;OPTIMUM;107.6742187;300.0;107.5526297;1;65830;252229;3276;746.0;746.0;751.0;5.0;0.0;200.0;weighted_score;746
3;SN-both-none;instance_40_15_5_44;weighted;weighted;weighted-sum;-;;;;;;sorting-network;both;none;UNSATISFIABLE;0.80206022;300.0;0;0;0;0;0;;;;;;;;
3;SN-both-none;instance_40_15_5_45;weighted;weighted;weighted-sum;-;;;;;;sorting-network;both;none;OPTIMUM;95.72303696;300.0;95.62585508;1;54471;189746;3047;716.0;716.0;724.0;8.0;0.0;200.0;weighted_score;716
3;SN-both-none;instance_40_15_5_46;weighted;weighted;weighted-sum;-;;;;;;sorting-network;both;none;OPTIMUM;37.80193715;300.0;37.70444848;1;50501;177353;3123;649.0;649.0;659.0;10.0;0.0;200.0;weighted_score;649
3;SN-both-none;instance_40_15_5_47;weighted;weighted;weighted-sum;-;;;;;;sorting-network;both;none;OPTIMUM;47.45378714;300.0;47.35399093;1;57877;199596;3162;656.0;656.0;664.0;8.0;0.0;200.0;weighted_score;656
3;SN-both-none;instance_40_15_5_48;weighted;weighted;weighted-sum;-;;;;;;sorting-network;both;none;OPTIMUM;44.01732942;300.0;43.9242457;1;51665;178919;2972;660.0;660.0;674.0;14.0;0.0;200.0;weighted_score;660
3;SN-both-none;instance_40_15_5_49;weighted;weighted;weighted-sum;-;;;;;;sorting-network;both;none;UNSATISFIABLE;0.139542773;300.0;0;0;0;0;0;;;;;;;;
3;SN-both-none;instance_40_15_5_5;weighted;weighted;weighted-sum;-;;;;;;sorting-network;both;none;UNSATISFIABLE;0.392558858;300.0;0;0;0;0;0;;;;;;;;
3;SN-both-none;instance_40_15_5_50;weighted;weighted;weighted-sum;-;;;;;;sorting-network;both;none;OPTIMUM;55.44867342;300.0;55.35077213;1;54275;198122;3021;701.0;701.0;710.0;9.0;0.0;200.0;weighted_score;701
3;SN-both-none;instance_40_15_5_6;weighted;weighted;weighted-sum;-;;;;;;sorting-network;both;none;UNSATISFIABLE;0.602302098;300.0;0;0;0;0;0;;;;;;;;
3;SN-both-none;instance_40_15_5_7;weighted;weighted;weighted-sum;-;;;;;;sorting-network;both;none;TIMEOUT;300.1230762;300.0;0;0;0;0;0;;;;;;;;
3;SN-both-none;instance_40_15_5_8;weighted;weighted;weighted-sum;-;;;;;;sorting-network;both;none;OPTIMUM;48.72528545;300.0;48.62623831;1;53113;186958;3259;694.0;694.0;701.0;7.0;0.0;200.0;weighted_score;694
3;SN-both-none;instance_40_15_5_9;weighted;weighted;weighted-sum;-;;;;;;sorting-network;both;none;TIMEOUT;300.1206754;300.0;0;0;0;0;0;;;;;;;;
3;SN-both-none;instance_40_20_5_1;weighted;weighted;weighted-sum;-;;;;;;sorting-network;both;none;TIMEOUT;300.1232539;300.0;0;0;0;0;0;;;;;;;;
3;SN-both-none;instance_40_20_5_10;weighted;weighted;weighted-sum;-;;;;;;sorting-network;both;none;OPTIMUM;25.32785071;300.0;25.21904299;1;58155;216879;4081;716.0;716.0;724.0;8.0;0.0;200.0;weighted_score;716
3;SN-both-none;instance_40_20_5_11;weighted;weighted;weighted-sum;-;;;;;;sorting-network;both;none;OPTIMUM;41.71065336;300.0;41.58318316;1;69220;258456;4143;734.0;734.0;738.0;4.0;0.0;200.0;weighted_score;734
3;SN-both-none;instance_40_20_5_12;weighted;weighted;weighted-sum;-;;;;;;sorting-network;both;none;OPTIMUM;81.73487133;300.0;81.60450847;1;71387;261438;4408;724.0;724.0;734.0;10.0;0.0;200.0;weighted_score;724
3;SN-both-none;instance_40_20_5_13;weighted;weighted;weighted-sum;-;;;;;;sorting-network;both;none;OPTIMUM;53.53306089;300.0;53.3861247;1;71072;267398;4312;763.0;763.0;767.0;4.0;0.0;200.0;weighted_score;763
3;SN-both-none;instance_40_20_5_14;weighted;weighted;weighted-sum;-;;;;;;sorting-network;both;none;OPTIMUM;93.20330448;300.0;93.04909971;1;70606;295992;4541;772.0;772.0;772.0;0.0;0.0;200.0;weighted_score;772
3;SN-both-none;instance_40_20_5_15;weighted;weighted;weighted-sum;-;;;;;;sorting-network;both;none;OPTIMUM;30.26543104;300.0;30.15653374;1;55621;214607;4109;745.0;745.0;751.0;6.0;0.0;200.0;weighted_score;745
3;SN-both-none;instance_40_20_5_16;weighted;weighted;weighted-sum;-;;;;;;sorting-network;both;none;OPTIMUM;31.26559978;300.0;31.15359808;1;57518;224218;4090;745.0;745.0;749.0;4.0;0.0;200.0;weighted_score;745
3;SN-both-none;instance_40_20_5_17;weighted;weighted;weighted-sum;-;;;;;;sorting-network;both;none;OPTIMUM;71.30160599;300.0;71.12678929;1;83479;336088;4329;737.0;737.0;746.0;9.0;0.0;200.0;weighted_score;737
3;SN-both-none;instance_40_20_5_18;weighted;weighted;weighted-sum;-;;;;;;sorting-network;both;none;OPTIMUM;56.52586027;300.0;56.42016542;1;54839;208038;4143;758.0;758.0;763.0;5.0;0.0;200.0;weighted_score;758
3;SN-both-none;instance_40_20_5_19;weighted;weighted;weighted-sum;-;;;;;;sorting-network;both;none;OPTIMUM;48.33201435;300.0;48.16789854;1;84564;316203;4519;753.0;753.0;758.0;5.0;0.0;200.0;weighted_score;753
3;SN-both-none;instance_40_20_5_2;weighted;weighted;weighted-sum;-;;;;;;sorting-network;both;none;OPTIMUM;67.55324926;300.0;67.40060303;1;75023;278322;4418;751.0;751.0;762.0;11.0;0.0;200.0;weighted_score;751
3;SN-both-none;instance_40_20_5_20;weighted;weighted;weighted-sum;-;;;;;;sorting-network;both;none;OPTIMUM;66.75745923;300.0;66.60738479;1;67992;264913;4106;776.0;776.0;778.0;2.0;0.0;200.0;weighted_score;776
3;SN-both-none;instance_40_20_5_21;weighted;weighted;weighted-sum;-;;;;;;sorting-network;both;none;OPTIMUM;49.23119237;300.0;49.07054191;1;71634;322793;4406;761.0;761.0;763.0;2.0;0.0;200.0;weighted_score;761
3;SN-both-none;instance_40_20_5_22;weighted;weighted;weighted-sum;-;;;;;;sorting-network;both;none;OPTIMUM;55.17880037;300.0;55.0223661;1;69129;280314;4476;758.0;758.0;765.0;7.0;0.0;200.0;weighted_score;758
3;SN-both-none;instance_40_20_5_23;weighted;weighted;weighted-sum;-;;;;;;sorting-network;both;none;OPTIMUM;51.60986045;300.0;51.48379511;1;68659;259002;4458;766.0;766.0;770.0;4.0;0.0;200.0;weighted_score;766
3;SN-both-none;instance_40_20_5_24;weighted;weighted;weighted-sum;-;;;;;;sorting-network;both;none;OPTIMUM;60.99839079;300.0;60.8824517;1;63691;240497;4104;740.0;740.0;747.0;7.0;0.0;200.0;weighted_score;740
3;SN-both-none;instance_40_20_5_25;weighted;weighted;weighted-sum;-;;;;;;sorting-network;both;none;OPTIMUM;290.6230746;300.0;290.5106483;1;60779;220487;4198;699.0;699.0;716.0;17.0;0.0;200.0;weighted_score;699
3;SN-both-none;instance_40_20_5_26;weighted;weighted;weighted-sum;-;;;;;;sorting-network;both;none;OPTIMUM;74.78648496;300.0;74.60395859;1;77164;312364;4250;772.0;772.0;772.0;0.0;0.0;200.0;weighted_score;772
3;SN-both-none;instance_40_20_5_27;weighted;weighted;weighted-sum;-;;;;;;sorting-network;both;none;OPTIMUM;54.18805723;300.0;54.08881358;1;51264;192207;3661;689.0;689.0;700.0;11.0;0.0;200.0;weighted_score;689
3;SN-both-none;instance_40_20_5_28;weighted;weighted;weighted-sum;-;;;;;;sorting-network;both;none;OPTIMUM;28.1271065;300.0;27.97330619;1;68904;283180;4072;743.0;743.0;746.0;3.0;0.0;200.0;weighted_score;743
3;SN-both-none;instance_40_20_5_29;weighted;weighted;weighted-sum;-;;;;;;sorting-network;both;none;OPTIMUM;65.46447389;300.0;65.30980871;1;75749;281410;4314;734.0;734.0;745.0;11.0;0.0;200.0;weighted_score;734
3;SN-both-none;instance_40_20_5_3;weighted;weighted;weighted-sum;-;;;;;;sorting-network;both;none;OPTIMUM;55.63432197;300.0;55.51592279;1;58115;224715;4027;757.0;757.0;759.0;2.0;0.0;200.0;weighted_score;757
3;SN-both-none;instance_40_20_5_30;weighted;weighted;weighted-sum;-;;;;;;sorting-network;both;none;OPTIMUM;67.340675;300.0;67.21801426;1;64830;260608;4400;755.0;755.0;759.0;4.0;0.0;200.0;weighted_score;755
3;SN-both-none;instance_40_20_5_31;weighted;weighted;weighted-sum;-;;;;;;sorting-network;both;none;OPTIMUM;30.79571175;300.0;30.67317804;1;64435;254917;4153;737.0;737.0;739.0;2.0;0.0;200.0;weighted_score;737
3;SN-both-none;instance_40_20_5_32;weighted;weighted;weighted-sum;-;;;;;;sorting-network;both;none;UNSATISFIABLE;0.444175617;300.0;0;0;0;0;0;;;;;;;;
3;SN-both-none;instance_40_20_5_33;weighted;weighted;weighted-sum;-;;;;;;sorting-network;both;none;OPTIMUM;72.79172704;300.0;72.62644799;1;81113;332257;4331;769.0;769.0;773.0;4.0;0.0;200.0;weighted_score;769
3;SN-both-none;instance_40_20_5_34;weighted;weighted;weighted-sum;-;;;;;;sorting-network;both;none;TIMEOUT;300.1251781;300.0;0;0;0;0;0;;;;;;;;
3;SN-both-none;instance_40_20_5_35;weighted;weighted;weighted-sum;-;;;;;;sorting-network;both;none;UNSATISFIABLE;0.589274748;300.0;0;0;0;0;0;;;;;;;;
3;SN-both-none;instance_40_20_5_36;weighted;weighted;weighted-sum;-;;;;;;sorting-network;both;none;OPTIMUM;65.80517901;300.0;65.68844088;1;66093;239503;4267;722.0;722.0;734.0;12.0;0.0;200.0;weighted_score;722
3;SN-both-none;instance_40_20_5_37;weighted;weighted;weighted-sum;-;;;;;;sorting-network;both;none;OPTIMUM;86.37705532;300.0;86.22471817;1;70367;265486;4340;771.0;771.0;771.0;0.0;0.0;200.0;weighted_score;771
3;SN-both-none;instance_40_20_5_38;weighted;weighted;weighted-sum;-;;;;;;sorting-network;both;none;OPTIMUM;39.30457808;300.0;39.15404805;1;66503;285064;4283;764.0;764.0;765.0;1.0;0.0;200.0;weighted_score;764
3;SN-both-none;instance_40_20_5_39;weighted;weighted;weighted-sum;-;;;;;;sorting-network;both;none;OPTIMUM;64.77346673;300.0;64.6259693;1;68294;263637;4440;776.0;776.0;777.0;1.0;0.0;200.0;weighted_score;776
3;SN-both-none;instance_40_20_5_4;weighted;weighted;weighted-sum;-;;;;;;sorting-network;both;none;OPTIMUM;51.43787121;300.0;51.2911339;1;71707;269076;4315;723.0;723.0;732.0;9.0;0.0;200.0;weighted_score;723
3;SN-both-none;instance_40_20_5_40;weighted;weighted;weighted-sum;-;;;;;;sorting-network;both;none;OPTIMUM;85.83997233;300.0;85.68784208;1;71721;272404;4031;688.0;688.0;702.0;14.0;0.0;200.0;weighted_score;688
3;SN-both-none;instance_40_20_5_41;weighted;weighted;weighted-sum;-;;;;;;sorting-network;both;none;OPTIMUM;45.77091346;300.0;45.64965057;1;63596;248515;3938;723.0;723.0;733.0;10.0;0.0;200.0;weighted_score;723
3;SN-both-none;instance_40_20_5_42;weighted;weighted;weighted-sum;-;;;;;;sorting-network;both;none;OPTIMUM;64.16772407;300.0;64.00780253;1;73218;302730;4081;722.0;722.0;732.0;10.0;0.0;200.0;weighted_score;722
3;SN-both-none;instance_40_20_5_43;weighted;weighted;weighted-sum;-;;;;;;sorting-network;both;none;OPTIMUM;47.87678364;300.0;47.71597429;1;75070;324121;4425;756.0;756.0;757.0;1.0;0.0;200.0;weighted_score;756
3;SN-both-none;instance_40_20_5_44;weighted;weighted;weighted-sum;-;;;;;;sorting-network;both;none;OPTIMUM;60.18867654;300.0;60.03851823;1;74298;266652;4337;735.0;735.0;744.0;9.0;0.0;200.0;weighted_score;735
3;SN-both-none;instance_40_20_5_45;weighted;weighted;weighted-sum;-;;;;;;sorting-network;both;none;TIMEOUT;300.1209609;300.0;0;0;0;0;0;;;;;;;;
3;SN-both-none;instance_40_20_5_46;weighted;weighted;weighted-sum;-;;;;;;sorting-network;both;none;OPTIMUM;49.85804676;300.0;49.74431484;1;58614;218180;3956;741.0;741.0;753.0;12.0;0.0;200.0;weighted_score;741
3;SN-both-none;instance_40_20_5_47;weighted;weighted;weighted-sum;-;;;;;;sorting-network;both;none;OPTIMUM;55.81724094;300.0;55.70565607;1;60479;209573;3995;703.0;703.0;716.0;13.0;0.0;200.0;weighted_score;703
3;SN-both-none;instance_40_20_5_48;weighted;weighted;weighted-sum;-;;;;;;sorting-network;both;none;OPTIMUM;44.04951029;300.0;43.89221531;1;73246;294738;4374;767.0;767.0;774.0;7.0;0.0;200.0;weighted_score;767
3;SN-both-none;instance_40_20_5_49;weighted;weighted;weighted-sum;-;;;;;;sorting-network;both;none;OPTIMUM;104.4413259;300.0;104.2675718;1;79384;325147;4512;776.0;776.0;785.0;9.0;0.0;200.0;weighted_score;776
3;SN-both-none;instance_40_20_5_5;weighted;weighted;weighted-sum;-;;;;;;sorting-network;both;none;UNSATISFIABLE;1.765755118;300.0;0;0;0;0;0;;;;;;;;
3;SN-both-none;instance_40_20_5_50;weighted;weighted;weighted-sum;-;;;;;;sorting-network;both;none;OPTIMUM;54.08662076;300.0;53.97745318;1;59953;223285;3989;729.0;729.0;740.0;11.0;0.0;200.0;weighted_score;729
3;SN-both-none;instance_40_20_5_6;weighted;weighted;weighted-sum;-;;;;;;sorting-network;both;none;OPTIMUM;116.0764043;300.0;115.9058227;1;81054;332420;4147;733.0;733.0;746.0;13.0;0.0;200.0;weighted_score;733
3;SN-both-none;instance_40_20_5_7;weighted;weighted;weighted-sum;-;;;;;;sorting-network;both;none;OPTIMUM;9.900257063;300.0;9.776328413;1;59884;254038;3865;754.0;754.0;756.0;2.0;0.0;200.0;weighted_score;754
3;SN-both-none;instance_40_20_5_8;weighted;weighted;weighted-sum;-;;;;;;sorting-network;both;none;OPTIMUM;79.16463894;300.0;79.00414928;1;68846;304161;4331;775.0;775.0;778.0;3.0;0.0;200.0;weighted_score;775
3;SN-both-none;instance_40_25_5_1;weighted;weighted;weighted-sum;-;;;;;;sorting-network;both;none;OPTIMUM;44.15560101;300.0;43.98936582;1;75343;318491;5042;779.0;779.0;783.0;4.0;0.0;200.0;weighted_score;779
3;SN-both-none;instance_40_25_5_10;weighted;weighted;weighted-sum;-;;;;;;sorting-network;both;none;OPTIMUM;77.23553897;300.0;77.03929437;1;93701;405562;5579;772.0;772.0;776.0;4.0;0.0;200.0;weighted_score;772
3;SN-both-none;instance_40_25_5_11;weighted;weighted;weighted-sum;-;;;;;;sorting-network;both;none;OPTIMUM;59.97633078;300.0;59.79876859;1;84490;358403;5310;783.0;783.0;783.0;0.0;0.0;200.0;weighted_score;783
3;SN-both-none;instance_40_25_5_12;weighted;weighted;weighted-sum;-;;;;;;sorting-network;both;none;OPTIMUM;76.99388582;300.0;76.81723822;1;83848;342359;5220;781.0;781.0;784.0;3.0;0.0;200.0;weighted_score;781
3;SN-both-none;instance_40_25_5_13;weighted;weighted;weighted-sum;-;;;;;;sorting-network;both;none;OPTIMUM;54.40026621;300.0;54.22467615;1;85386;350578;5572;784.0;784.0;786.0;2.0;0.0;200.0;weighted_score;784
3;SN-both-none;instance_40_25_5_14;weighted;weighted;weighted-sum;-;;;;;;sorting-network;both;none;OPTIMUM;90.98633078;300.0;90.78776479;1;96700;406811;5948;781.0;781.0;781.0;0.0;0.0;200.0;weighted_score;781
3;SN-both-none;instance_40_25_5_15;weighted;weighted;weighted-sum;-;;;;;;sorting-network;both;none;OPTIMUM;64.21623332;300.0;64.05394379;1;71208;316183;4880;715.0;715.0;719.0;4.0;0.0;200.0;weighted_score;715
3;SN-both-none;instance_40_25_5_16;weighted;weighted;weighted-sum;-;;;;;;sorting-network;both;none;OPTIMUM;60.78000278;300.0;60.60742986;1;83951;331369;5352;759.0;759.0;764.0;5.0;0.0;200.0;weighted_score;759
3;SN-both-none;instance_40_25_5_17;weighted;weighted;weighted-sum;-;;;;;;sorting-network;both;none;OPTIMUM;66.05967779;300.0;65.88615463;1;82840;339724;5422;745.0;745.0;753.0;8.0;0.0;200.0;weighted_score;745
3;SN-both-none;instance_40_25_5_18;weighted;weighted;weighted-sum;-;;;;;;sorting-network;both;none;OPTIMUM;80.68198414;300.0;80.50361343;1;84295;357579;5226;784.0;784.0;786.0;2.0;0.0;200.0;weighted_score;784
3;SN-both-none;instance_40_25_5_19;weighted;weighted;weighted-sum;-;;;;;;sorting-network;both;none;OPTIMUM;52.95697044;300.0;52.8380787;1;63830;236008;4888;734.0;734.0;740.0;6.0;0.0;200.0;weighted_score;734
3;SN-both-none;instance_40_25_5_2;weighted;weighted;weighted-sum;-;;;;;;sorting-network;both;none;OPTIMUM;58.84337795;300.0;58.67356977;1;80762;339718;5235;775.0;775.0;778.0;3.0;0.0;200.0;weighted_score;775
3;SN-both-none;instance_40_25_5_20;weighted;weighted;weighted-sum;-;;;;;;sorting-network;both;none;OPTIMUM;120.2173182;300.0;120.0122657;1;95066;393473;5198;767.0;767.0;772.0;5.0;0.0;200.0;weighted_score;767
3;SN-both-none;instance_40_25_5_21;weighted;weighted;weighted-sum;-;;;;;;sorting-network;both;none;OPTIMUM;57.62337766;300.0;57.44734655;1;76483;334421;5415;758.0;758.0;760.0;2.0;0.0;200.0;weighted_score;758
3;SN-both-none;instance_40_25_5_22;weighted;weighted;weighted-sum;-;;;;;;sorting-network;both;none;OPTIMUM;47.86680241;300.0;47.71075456;1;75883;289242;5001;761.0;761.0;769.0;8.0;0.0;200.0;weighted_score;761
3;SN-both-none;instance_40_25_5_23;weighted;weighted;weighted-sum;-;;;;;;sorting-network;both;none;OPTIMUM;139.3167353;300.0;139.1181517;1;103218;404811;5481;769.0;769.0;772.0;3.0;0.0;200.0;weighted_score;769
3;SN-both-none;instance_40_25_5_24;weighted;weighted;weighted-sum;-;;;;;;sorting-network;both;none;OPTIMUM;53.25248759;300.0;53.10178278;1;71791;270665;5145;738.0;738.0;750.0;12.0;0.0;200.0;weighted_score;738
3;SN-both-none;instance_40_25_5_25;weighted;weighted;weighted-sum;-;;;;;;sorting-network;both;none;OPTIMUM;56.0140196;300.0;55.85641187;1;76506;282013;5200;761.0;761.0;769.0;8.0;0.0;200.0;weighted_score;761
3;SN-both-none;instance_40_25_5_26;weighted;weighted;weighted-sum;-;;;;;;sorting-network;both;none;OPTIMUM;71.33030409;300.0;71.15539812;1;84527;352027;5441;776.0;776.0;777.0;1.0;0.0;200.0;weighted_score;776
3;SN-both-none;instance_40_25_5_27;weighted;weighted;weighted-sum;-;;;;;;sorting-network;both;none;OPTIMUM;72.83768804;300.0;72.70810926;1;68368;253638;5004;739.0;739.0;754.0;15.0;0.0;200.0;weighted_score;739
3;SN-both-none;instance_40_25_5_28;weighted;weighted;weighted-sum;-;;;;;;sorting-network;both;none;OPTIMUM;86.81292357;300.0;86.64186084;1;82768;336899;5379;742.0;742.0;750.0;8.0;0.0;200.0;weighted_score;742
3;SN-both-none;instance_40_25_5_29;weighted;weighted;weighted-sum;-;;;;;;sorting-network;both;none;OPTIMUM;78.80923844;300.0;78.6567617;1;73261;279034;5218;746.0;746.0;753.0;7.0;0.0;200.0;weighted_score;746
3;SN-both-none;instance_40_25_5_3;weighted;weighted;weighted-sum;-;;;;;;sorting-network;both;none;OPTIMUM;63.19766808;300.0;63.02428985;1;81708;348406;5253;722.0;722.0;732.0;10.0;0.0;200.0;weighted_score;722
3;SN-both-none;instance_40_25_5_30;weighted;weighted;weighted-sum;-;;;;;;sorting-network;both;none;OPTIMUM;105.3997443;300.0;105.2041376;1;87735;384953;5587;766.0;766.0;771.0;5.0;0.0;200.0;weighted_score;766
3;SN-both-none;instance_40_25_5_31;weighted;weighted;weighted-sum;-;;;;;;sorting-network;both;none;OPTIMUM;79.21898426;300.0;79.02771401;1;90790;402083;5579;788.0;788.0;791.0;3.0;0.0;200.0;weighted_score;788
3;SN-both-none;instance_40_25_5_32;weighted;weighted;weighted-sum;-;;;;;;sorting-network;both;none;OPTIMUM;80.86851666;300.0;80.6949503;1;83000;331461;5410;710.0;710.0;722.0;12.0;0.0;200.0;weighted_score;710
3;SN-both-none;instance_40_25_5_33;weighted;weighted;weighted-sum;-;;;;;;sorting-network;both;none;OPTIMUM;73.38607103;300.0;73.23477406;1;72048;271502;4849;769.0;769.0;774.0;5.0;0.0;200.0;weighted_score;769
3;SN-both-none;instance_40_25_5_34;weighted;weighted;weighted-sum;-;;;;;;sorting-network;both;none;OPTIMUM;112.2182599;300.0;112.0388485;1;88323;369621;5079;764.0;764.0;770.0;6.0;0.0;200.0;weighted_score;764
3;SN-both-none;instance_40_25_5_35;weighted;weighted;weighted-sum;-;;;;;;sorting-network;both;none;OPTIMUM;85.11666542;300.0;84.93530593;1;90299;357823;5297;748.0;748.0;755.0;7.0;0.0;200.0;weighted_score;748
3;SN-both-none;instance_40_25_5_36;weighted;weighted;weighted-sum;-;;;;;;sorting-network;both;none;OPTIMUM;34.26103615;300.0;34.0921327;1;76927;333848;5415;788.0;788.0;788.0;0.0;0.0;200.0;weighted_score;788
3;SN-both-none;instance_40_25_5_37;weighted;weighted;weighted-sum;-;;;;;;sorting-network;both;none;OPTIMUM;124.4555568;300.0;124.2855679;1;76186;312196;5149;750.0;750.0;753.0;3.0;0.0;200.0;weighted_score;750
3;SN-both-none;instance_40_25_5_38;weighted;weighted;weighted-sum;-;;;;;;sorting-network;both;none;OPTIMUM;108.6425212;300.0;108.4774811;1;80090;300068;5033;736.0;736.0;739.0;3.0;0.0;200.0;weighted_score;736
3;SN-both-none;instance_40_25_5_39;weighted;weighted;weighted-sum;-;;;;;;sorting-network;both;none;OPTIMUM;52.59404349;300.0;52.4373021;1;77817;296760;4961;738.0;738.0;747.0;9.0;0.0;200.0;weighted_score;738
3;SN-both-none;instance_40_25_5_4;weighted;weighted;weighted-sum;-;;;;;;sorting-network;both;none;OPTIMUM;50.70761068;300.0;50.52302233;1;95278;369128;5462;779.0;779.0;783.0;4.0;0.0;200.0;weighted_score;779
3;SN-both-none;instance_40_25_5_40;weighted;weighted;weighted-sum;-;;;;;;sorting-network;both;none;OPTIMUM;45.76522767;300.0;45.60106831;1;76724;312133;5335;769.0;769.0;774.0;5.0;0.0;200.0;weighted_score;769
3;SN-both-none;instance_40_25_5_41;weighted;weighted;weighted-sum;-;;;;;;sorting-network;both;none;OPTIMUM;61.89331143;300.0;61.69904776;1;92811;395560;5080;765.0;765.0;771.0;6.0;0.0;200.0;weighted_score;765
3;SN-both-none;instance_40_25_5_42;weighted;weighted;weighted-sum;-;;;;;;sorting-network;both;none;OPTIMUM;36.20122086;300.0;36.06938369;1;61123;255076;4778;739.0;739.0;746.0;7.0;0.0;200.0;weighted_score;739
3;SN-both-none;instance_40_25_5_43;weighted;weighted;weighted-sum;-;;;;;;sorting-network;both;none;OPTIMUM;146.7658819;300.0;146.5991767;1;77148;310602;4975;766.0;766.0;771.0;5.0;0.0;200.0;weighted_score;766
3;SN-both-none;instance_40_25_5_44;weighted;weighted;weighted-sum;-;;;;;;sorting-network;both;none;OPTIMUM;33.03881235;300.0;32.8606826;1;81826;349794;5141;783.0;783.0;785.0;2.0;0.0;200.0;weighted_score;783
3;SN-both-none;instance_40_25_5_45;weighted;weighted;weighted-sum;-;;;;;;sorting-network;both;none;OPTIMUM;63.41621848;300.0;63.23219041;1;91444;362811;5516;705.0;705.0;711.0;6.0;0.0;200.0;weighted_score;705
3;SN-both-none;instance_40_25_5_46;weighted;weighted;weighted-sum;-;;;;;;sorting-network;both;none;UNSATISFIABLE;0.286303521;300.0;0;0;0;0;0;;;;;;;;
3;SN-both-none;instance_40_25_5_47;weighted;weighted;weighted-sum;-;;;;;;sorting-network;both;none;OPTIMUM;103.6280251;300.0;103.4384439;1;90691;390109;5386;782.0;782.0;785.0;3.0;0.0;200.0;weighted_score;782
3;SN-both-none;instance_40_25_5_48;weighted;weighted;weighted-sum;-;;;;;;sorting-network;both;none;OPTIMUM;52.68353915;300.0;52.50715976;1;76096;337596;5190;768.0;768.0;769.0;1.0;0.0;200.0;weighted_score;768
3;SN-both-none;instance_40_25_5_49;weighted;weighted;weighted-sum;-;;;;;;sorting-network;both;none;OPTIMUM;195.0612173;300.0;194.8904123;1;81535;326119;5205;720.0;720.0;731.0;11.0;0.0;200.0;weighted_score;720
3;SN-both-none;instance_40_25_5_5;weighted;weighted;weighted-sum;-;;;;;;sorting-network;both;none;OPTIMUM;81.18149716;300.0;80.99617089;1;94566;381723;5584;781.0;781.0;787.0;6.0;0.0;200.0;weighted_score;781
3;SN-both-none;instance_40_25_5_50;weighted;weighted;weighted-sum;-;;;;;;sorting-network;both;none;OPTIMUM;116.6564728;300.0;116.4605192;1;97365;420405;5582;786.0;786.0;791.0;5.0;0.0;200.0;weighted_score;786
3;SN-both-none;instance_40_25_5_6;weighted;weighted;weighted-sum;-;;;;;;sorting-network;both;none;OPTIMUM;76.57938129;300.0;76.39349499;1;86216;371958;5293;768.0;768.0;769.0;1.0;0.0;200.0;weighted_score;768
3;SN-both-none;instance_40_25_5_7;weighted;weighted;weighted-sum;-;;;;;;sorting-network;both;none;OPTIMUM;61.90727103;300.0;61.7306068;1;78784;364862;5107;784.0;784.0;785.0;1.0;0.0;200.0;weighted_score;784
4;SN-both-ss;instance_30_10_4_1;weighted;weighted;weighted-sum;-;;;;;;sorting-network;both;slot-service;OPTIMUM;18.24154717;300.0;18.18946998;1;22407;81427;1441;416.0;416.0;421.0;5.0;0.0;120.0;weighted_score;416
4;SN-both-ss;instance_30_10_4_10;weighted;weighted;weighted-sum;-;;;;;;sorting-network;both;slot-service;OPTIMUM;11.2227311;300.0;11.1691364;1;23902;80344;1399;403.0;403.0;409.0;6.0;0.0;120.0;weighted_score;403
4;SN-both-ss;instance_30_10_4_11;weighted;weighted;weighted-sum;-;;;;;;sorting-network;both;slot-service;OPTIMUM;13.48937818;300.0;13.43708589;1;22993;76325;1413;390.0;390.0;401.0;11.0;0.0;120.0;weighted_score;390
4;SN-both-ss;instance_30_10_4_12;weighted;weighted;weighted-sum;-;;;;;;sorting-network;both;slot-service;OPTIMUM;27.42707878;300.0;27.37021399;1;23897;83619;1360;387.0;387.0;394.0;7.0;0.0;120.0;weighted_score;387
4;SN-both-ss;instance_30_10_4_13;weighted;weighted;weighted-sum;-;;;;;;sorting-network;both;slot-service;UNSATISFIABLE;0.056758108;300.0;0;1;0;0;0;;;;;;;;
4;SN-both-ss;instance_30_10_4_14;weighted;weighted;weighted-sum;-;;;;;;sorting-network;both;slot-service;UNSATISFIABLE;0.05871417;300.0;0;1;0;0;0;;;;;;;;
4;SN-both-ss;instance_30_10_4_15;weighted;weighted;weighted-sum;-;;;;;;sorting-network;both;slot-service;UNSATISFIABLE;0.050417787;300.0;0;1;0;0;0;;;;;;;;
4;SN-both-ss;instance_30_10_4_16;weighted;weighted;weighted-sum;-;;;;;;sorting-network;both;slot-service;OPTIMUM;15.61320394;300.0;15.55816406;1;24544;88447;1562;431.0;431.0;435.0;4.0;0.0;120.0;weighted_score;431
4;SN-both-ss;instance_30_10_4_17;weighted;weighted;weighted-sum;-;;;;;;sorting-network;both;slot-service;OPTIMUM;4.049168208;300.0;4.008720992;1;17932;59940;1291;400.0;400.0;402.0;2.0;0.0;120.0;weighted_score;400
4;SN-both-ss;instance_30_10_4_18;weighted;weighted;weighted-sum;-;;;;;;sorting-network;both;slot-service;OPTIMUM;3.787524825;300.0;3.748414196;1;18227;61386;1382;408.0;408.0;414.0;6.0;0.0;120.0;weighted_score;408
4;SN-both-ss;instance_30_10_4_19;weighted;weighted;weighted-sum;-;;;;;;sorting-network;both;slot-service;UNSATISFIABLE;0.087355319;300.0;0;1;0;0;0;;;;;;;;
4;SN-both-ss;instance_30_10_4_2;weighted;weighted;weighted-sum;-;;;;;;sorting-network;both;slot-service;UNSATISFIABLE;0.096647371;300.0;0;1;0;0;0;;;;;;;;
4;SN-both-ss;instance_30_10_4_20;weighted;weighted;weighted-sum;-;;;;;;sorting-network;both;slot-service;UNSATISFIABLE;0.058364337;300.0;0;1;0;0;0;;;;;;;;
4;SN-both-ss;instance_30_10_4_21;weighted;weighted;weighted-sum;-;;;;;;sorting-network;both;slot-service;UNSATISFIABLE;0.099299808;300.0;0;1;0;0;0;;;;;;;;
4;SN-both-ss;instance_30_10_4_22;weighted;weighted;weighted-sum;-;;;;;;sorting-network;both;slot-service;UNSATISFIABLE;0.069719765;300.0;0;1;0;0;0;;;;;;;;
4;SN-both-ss;instance_30_10_4_23;weighted;weighted;weighted-sum;-;;;;;;sorting-network;both;slot-service;OPTIMUM;11.7325712;300.0;11.67899294;1;25136;85248;1499;379.0;379.0;382.0;3.0;0.0;120.0;weighted_score;379
4;SN-both-ss;instance_30_10_4_24;weighted;weighted;weighted-sum;-;;;;;;sorting-network;both;slot-service;OPTIMUM;5.429439826;300.0;5.3786493;1;20933;72300;1375;387.0;387.0;392.0;5.0;0.0;120.0;weighted_score;387
4;SN-both-ss;instance_30_10_4_25;weighted;weighted;weighted-sum;-;;;;;;sorting-network;both;slot-service;OPTIMUM;18.10930518;300.0;18.05020548;1;25021;90868;1435;444.0;444.0;445.0;1.0;0.0;120.0;weighted_score;444
4;SN-both-ss;instance_30_10_4_26;weighted;weighted;weighted-sum;-;;;;;;sorting-network;both;slot-service;UNSATISFIABLE;0.107571242;300.0;0;1;0;0;0;;;;;;;;
4;SN-both-ss;instance_30_10_4_27;weighted;weighted;weighted-sum;-;;;;;;sorting-network;both;slot-service;OPTIMUM;19.39854478;300.0;19.35334199;1;20867;65664;1374;390.0;390.0;402.0;12.0;0.0;120.0;weighted_score;390
4;SN-both-ss;instance_30_10_4_28;weighted;weighted;weighted-sum;-;;;;;;sorting-network;both;slot-service;UNSATISFIABLE;0.048435066;300.0;0;1;0;0;0;;;;;;;;
4;SN-both-ss;instance_30_10_4_29;weighted;weighted;weighted-sum;-;;;;;;sorting-network;both;slot-service;UNSATISFIABLE;0.063206573;300.0;0;1;0;0;0;;;;;;;;
4;SN-both-ss;instance_30_10_4_3;weighted;weighted;weighted-sum;-;;;;;;sorting-network;both;slot-service;UNSATISFIABLE;0.076744087;300.0;0;1;0;0;0;;;;;;;;
4;SN-both-ss;instance_30_10_4_30;weighted;weighted;weighted-sum;-;;;;;;sorting-network;both;slot-service;OPTIMUM;16.36663519;300.0;16.31252282;1;25475;83593;1482;396.0;396.0;405.0;9.0;0.0;120.0;weighted_score;396
4;SN-both-ss;instance_30_10_4_31;weighted;weighted;weighted-sum;-;;;;;;sorting-network;both;slot-service;OPTIMUM;7.123716295;300.0;7.072228785;1;22312;74195;1318;372.0;372.0;381.0;9.0;0.0;120.0;weighted_score;372
4;SN-both-ss;instance_30_10_4_32;weighted;weighted;weighted-sum;-;;;;;;sorting-network;both;slot-service;OPTIMUM;12.88556058;300.0;12.83123753;1;22811;79962;1493;423.0;423.0;424.0;1.0;0.0;120.0;weighted_score;423
4;SN-both-ss;instance_30_10_4_33;weighted;weighted;weighted-sum;-;;;;;;sorting-network;both;slot-service;OPTIMUM;28.44083086;300.0;28.38768948;1;22909;81375;1416;434.0;434.0;435.0;1.0;0.0;120.0;weighted_score;434
4;SN-both-ss;instance_30_10_4_34;weighted;weighted;weighted-sum;-;;;;;;sorting-network;both;slot-service;UNSATISFIABLE;0.07695511;300.0;0;1;0;0;0;;;;;;;;
4;SN-both-ss;instance_30_10_4_35;weighted;weighted;weighted-sum;-;;;;;;sorting-network;both;slot-service;UNSATISFIABLE;0.06741681;300.0;0;1;0;0;0;;;;;;;;
4;SN-both-ss;instance_30_10_4_36;weighted;weighted;weighted-sum;-;;;;;;sorting-network;both;slot-service;OPTIMUM;24.07296955;300.0;24.01746891;1;24139;82994;1497;401.0;401.0;407.0;6.0;0.0;120.0;weighted_score;401
4;SN-both-ss;instance_30_10_4_37;weighted;weighted;weighted-sum;-;;;;;;sorting-network;both;slot-service;OPTIMUM;14.09176505;300.0;14.03690972;1;22366;81789;1457;440.0;440.0;443.0;3.0;0.0;120.0;weighted_score;440
4;SN-both-ss;instance_30_10_4_38;weighted;weighted;weighted-sum;-;;;;;;sorting-network;both;slot-service;UNSATISFIABLE;0.06763514;300.0;0;1;0;0;0;;;;;;;;
4;SN-both-ss;instance_30_10_4_39;weighted;weighted;weighted-sum;-;;;;;;sorting-network;both;slot-service;UNSATISFIABLE;0.066054979;300.0;0;1;0;0;0;;;;;;;;
4;SN-both-ss;instance_30_10_4_4;weighted;weighted;weighted-sum;-;;;;;;sorting-network;both;slot-service;OPTIMUM;11.92333647;300.0;11.86908402;1;21790;78756;1419;427.0;427.0;429.0;2.0;0.0;120.0;weighted_score;427
4;SN-both-ss;instance_30_10_4_40;weighted;weighted;weighted-sum;-;;;;;;sorting-network;both;slot-service;UNSATISFIABLE;0.0845906;300.0;0;1;0;0;0;;;;;;;;
4;SN-both-ss;instance_30_10_4_41;weighted;weighted;weighted-sum;-;;;;;;sorting-network;both;slot-service;OPTIMUM;9.00763935;300.0;8.972627674;1;15634;48943;1236;350.0;350.0;356.0;6.0;0.0;120.0;weighted_score;350
4;SN-both-ss;instance_30_10_4_42;weighted;weighted;weighted-sum;-;;;;;;sorting-network;both;slot-service;UNSATISFIABLE;0.065779949;300.0;0;1;0;0;0;;;;;;;;
4;SN-both-ss;instance_30_10_4_43;weighted;weighted;weighted-sum;-;;;;;;sorting-network;both;slot-service;OPTIMUM;19.53771241;300.0;19.4855156;1;24971;81681;1427;412.0;412.0;418.0;6.0;0.0;120.0;weighted_score;412
4;SN-both-ss;instance_30_10_4_44;weighted;weighted;weighted-sum;-;;;;;;sorting-network;both;slot-service;UNSATISFIABLE;0.116320088;300.0;0;1;0;0;0;;;;;;;;
4;SN-both-ss;instance_30_10_4_45;weighted;weighted;weighted-sum;-;;;;;;sorting-network;both;slot-service;OPTIMUM;5.802411907;300.0;5.751382621;1;21811;75811;1363;365.0;365.0;371.0;6.0;0.0;120.0;weighted_score;365
4;SN-both-ss;instance_30_10_4_46;weighted;weighted;weighted-sum;-;;;;;;sorting-network;both;slot-service;UNSATISFIABLE;0.050852555;300.0;0;1;0;0;0;;;;;;;;
4;SN-both-ss;instance_30_10_4_47;weighted;weighted;weighted-sum;-;;;;;;sorting-network;both;slot-service;OPTIMUM;9.715386664;300.0;9.675006341;1;18986;62825;1390;395.0;395.0;399.0;4.0;0.0;120.0;weighted_score;395
4;SN-both-ss;instance_30_10_4_48;weighted;weighted;weighted-sum;-;;;;;;sorting-network;both;slot-service;OPTIMUM;6.560038028;300.0;6.523852204;1;17133;53628;1309;375.0;375.0;377.0;2.0;0.0;120.0;weighted_score;375
4;SN-both-ss;instance_30_10_4_49;weighted;weighted;weighted-sum;-;;;;;;sorting-network;both;slot-service;UNSATISFIABLE;0.109294343;300.0;0;1;0;0;0;;;;;;;;
4;SN-both-ss;instance_30_10_4_5;weighted;weighted;weighted-sum;-;;;;;;sorting-network;both;slot-service;OPTIMUM;13.76624342;300.0;13.71612113;1;19574;68263;1452;418.0;418.0;423.0;5.0;0.0;120.0;weighted_score;418
4;SN-both-ss;instance_30_10_4_50;weighted;weighted;weighted-sum;-;;;;;;sorting-network;both;slot-service;UNSATISFIABLE;0.078489473;300.0;0;1;0;0;0;;;;;;;;
4;SN-both-ss;instance_30_10_4_6;weighted;weighted;weighted-sum;-;;;;;;sorting-network;both;slot-service;OPTIMUM;9.59277572;300.0;9.541000688;1;22694;79828;1451;388.0;388.0;390.0;2.0;0.0;120.0;weighted_score;388
4;SN-both-ss;instance_30_10_4_7;weighted;weighted;weighted-sum;-;;;;;;sorting-network;both;slot-service;UNSATISFIABLE;0.065581242;300.0;0;1;0;0;0;;;;;;;;
4;SN-both-ss;instance_30_10_4_8;weighted;weighted;weighted-sum;-;;;;;;sorting-network;both;slot-service;OPTIMUM;24.73597436;300.0;24.68638388;1;22170;72953;1365;414.0;414.0;421.0;7.0;0.0;120.0;weighted_score;414
4;SN-both-ss;instance_30_10_4_9;weighted;weighted;weighted-sum;-;;;;;;sorting-network;both;slot-service;UNSATISFIABLE;0.066924036;300.0;0;1;0;0;0;;;;;;;;
4;SN-both-ss;instance_40_10_5_1;weighted;weighted;weighted-sum;-;;;;;;sorting-network;both;slot-service;UNSATISFIABLE;0.253925872;300.0;0;0;0;0;0;;;;;;;;
4;SN-both-ss;instance_40_10_5_10;weighted;weighted;weighted-sum;-;;;;;;sorting-network;both;slot-service;UNSATISFIABLE;0.116816283;300.0;0;0;0;0;0;;;;;;;;
4;SN-both-ss;instance_40_10_5_11;weighted;weighted;weighted-sum;-;;;;;;sorting-network;both;slot-service;OPTIMUM;131.3313977;300.0;131.2495948;1;43250;145560;2114;609.0;609.0;621.0;12.0;0.0;200.0;weighted_score;609
4;SN-both-ss;instance_40_10_5_12;weighted;weighted;weighted-sum;-;;;;;;sorting-network;both;slot-service;TIMEOUT;300.1117071;300.0;0;0;0;0;0;;;;;;;;
4;SN-both-ss;instance_40_10_5_13;weighted;weighted;weighted-sum;-;;;;;;sorting-network;both;slot-service;UNSATISFIABLE;0.120922026;300.0;0;0;0;0;0;;;;;;;;
4;SN-both-ss;instance_40_10_5_14;weighted;weighted;weighted-sum;-;;;;;;sorting-network;both;slot-service;OPTIMUM;63.35677948;300.0;63.27035589;1;45520;161710;2276;663.0;663.0;669.0;6.0;0.0;200.0;weighted_score;663
4;SN-both-ss;instance_40_10_5_15;weighted;weighted;weighted-sum;-;;;;;;sorting-network;both;slot-service;UNSATISFIABLE;0.114267109;300.0;0;0;0;0;0;;;;;;;;
4;SN-both-ss;instance_40_10_5_16;weighted;weighted;weighted-sum;-;;;;;;sorting-network;both;slot-service;UNSATISFIABLE;0.248487365;300.0;0;0;0;0;0;;;;;;;;
4;SN-both-ss;instance_40_10_5_17;weighted;weighted;weighted-sum;-;;;;;;sorting-network;both;slot-service;OPTIMUM;23.13086779;300.0;23.0444836;1;43658;156623;2324;706.0;706.0;709.0;3.0;0.0;200.0;weighted_score;706
4;SN-both-ss;instance_40_10_5_18;weighted;weighted;weighted-sum;-;;;;;;sorting-network;both;slot-service;UNSATISFIABLE;0.122446432;300.0;0;0;0;0;0;;;;;;;;
4;SN-both-ss;instance_40_10_5_19;weighted;weighted;weighted-sum;-;;;;;;sorting-network;both;slot-service;OPTIMUM;295.0543708;300.0;294.9658252;1;45915;167930;2207;675.0;675.0;685.0;10.0;0.0;200.0;weighted_score;675
4;SN-both-ss;instance_40_10_5_2;weighted;weighted;weighted-sum;-;;;;;;sorting-network;both;slot-service;OPTIMUM;72.69055902;300.0;72.59699168;1;47836;165807;2180;704.0;704.0;719.0;15.0;0.0;200.0;weighted_score;704
4;SN-both-ss;instance_40_10_5_20;weighted;weighted;weighted-sum;-;;;;;;sorting-network;both;slot-service;UNSATISFIABLE;0.085085222;300.0;0;0;0;0;0;;;;;;;;
4;SN-both-ss;instance_40_10_5_21;weighted;weighted;weighted-sum;-;;;;;;sorting-network;both;slot-service;UNSATISFIABLE;0.118798822;300.0;0;0;0;0;0;;;;;;;;
4;SN-both-ss;instance_40_10_5_22;weighted;weighted;weighted-sum;-;;;;;;sorting-network;both;slot-service;TIMEOUT;300.1221438;300.0;0;0;0;0;0;;;;;;;;
4;SN-both-ss;instance_40_10_5_23;weighted;weighted;weighted-sum;-;;;;;;sorting-network;both;slot-service;UNSATISFIABLE;0.091737886;300.0;0;0;0;0;0;;;;;;;;
4;SN-both-ss;instance_40_10_5_24;weighted;weighted;weighted-sum;-;;;;;;sorting-network;both;slot-service;UNSATISFIABLE;0.23521738;300.0;0;0;0;0;0;;;;;;;;
4;SN-both-ss;instance_40_10_5_25;weighted;weighted;weighted-sum;-;;;;;;sorting-network;both;slot-service;UNSATISFIABLE;0.085223986;300.0;0;0;0;0;0;;;;;;;;
4;SN-both-ss;instance_40_10_5_26;weighted;weighted;weighted-sum;-;;;;;;sorting-network;both;slot-service;UNSATISFIABLE;0.284986259;300.0;0;0;0;0;0;;;;;;;;
4;SN-both-ss;instance_40_10_5_27;weighted;weighted;weighted-sum;-;;;;;;sorting-network;both;slot-service;UNSATISFIABLE;0.129943678;300.0;0;0;0;0;0;;;;;;;;
4;SN-both-ss;instance_40_10_5_28;weighted;weighted;weighted-sum;-;;;;;;sorting-network;both;slot-service;TIMEOUT;300.1214342;300.0;0;0;0;0;0;;;;;;;;
4;SN-both-ss;instance_40_10_5_29;weighted;weighted;weighted-sum;-;;;;;;sorting-network;both;slot-service;OPTIMUM;40.43183835;300.0;40.34442117;1;43013;157027;2387;698.0;698.0;702.0;4.0;0.0;200.0;weighted_score;698
4;SN-both-ss;instance_40_10_5_3;weighted;weighted;weighted-sum;-;;;;;;sorting-network;both;slot-service;UNSATISFIABLE;0.524097051;300.0;0;0;0;0;0;;;;;;;;
4;SN-both-ss;instance_40_10_5_30;weighted;weighted;weighted-sum;-;;;;;;sorting-network;both;slot-service;UNSATISFIABLE;0.100534077;300.0;0;0;0;0;0;;;;;;;;
4;SN-both-ss;instance_40_10_5_31;weighted;weighted;weighted-sum;-;;;;;;sorting-network;both;slot-service;UNSATISFIABLE;0.099266819;300.0;0;0;0;0;0;;;;;;;;
4;SN-both-ss;instance_40_10_5_32;weighted;weighted;weighted-sum;-;;;;;;sorting-network;both;slot-service;OPTIMUM;57.7065067;300.0;57.62115604;1;41316;150617;2311;699.0;699.0;701.0;2.0;0.0;200.0;weighted_score;699
4;SN-both-ss;instance_40_10_5_33;weighted;weighted;weighted-sum;-;;;;;;sorting-network;both;slot-service;UNSATISFIABLE;0.130852541;300.0;0;0;0;0;0;;;;;;;;
4;SN-both-ss;instance_40_10_5_34;weighted;weighted;weighted-sum;-;;;;;;sorting-network;both;slot-service;UNSATISFIABLE;0.935059738;300.0;0;0;0;0;0;;;;;;;;
4;SN-both-ss;instance_40_10_5_35;weighted;weighted;weighted-sum;-;;;;;;sorting-network;both;slot-service;UNSATISFIABLE;0.100177742;300.0;0;0;0;0;0;;;;;;;;
4;SN-both-ss;instance_40_10_5_36;weighted;weighted;weighted-sum;-;;;;;;sorting-network;both;slot-service;UNSATISFIABLE;0.291675647;300.0;0;0;0;0;0;;;;;;;;
4;SN-both-ss;instance_40_10_5_37;weighted;weighted;weighted-sum;-;;;;;;sorting-network;both;slot-service;UNSATISFIABLE;0.103903827;300.0;0;0;0;0;0;;;;;;;;
4;SN-both-ss;instance_40_10_5_38;weighted;weighted;weighted-sum;-;;;;;;sorting-network;both;slot-service;UNSATISFIABLE;0.10291246;300.0;0;0;0;0;0;;;;;;;;
4;SN-both-ss;instance_40_10_5_39;weighted;weighted;weighted-sum;-;;;;;;sorting-network;both;slot-service;OPTIMUM;85.58711389;300.0;85.504341;1;41692;143922;2189;691.0;691.0;699.0;6.0;2.0;200.0;weighted_score;691
4;SN-both-ss;instance_40_10_5_4;weighted;weighted;weighted-sum;-;;;;;;sorting-network;both;slot-service;UNSATISFIABLE;0.094889743;300.0;0;0;0;0;0;;;;;;;;
4;SN-both-ss;instance_40_10_5_40;weighted;weighted;weighted-sum;-;;;;;;sorting-network;both;slot-service;UNSATISFIABLE;0.110154074;300.0;0;0;0;0;0;;;;;;;;
4;SN-both-ss;instance_40_10_5_41;weighted;weighted;weighted-sum;-;;;;;;sorting-network;both;slot-service;UNSATISFIABLE;0.742935886;300.0;0;0;0;0;0;;;;;;;;
4;SN-both-ss;instance_40_10_5_42;weighted;weighted;weighted-sum;-;;;;;;sorting-network;both;slot-service;UNSATISFIABLE;0.090363052;300.0;0;0;0;0;0;;;;;;;;
4;SN-both-ss;instance_40_10_5_43;weighted;weighted;weighted-sum;-;;;;;;sorting-network;both;slot-service;UNSATISFIABLE;0.102481092;300.0;0;0;0;0;0;;;;;;;;
4;SN-both-ss;instance_40_10_5_44;weighted;weighted;weighted-sum;-;;;;;;sorting-network;both;slot-service;OPTIMUM;36.54824187;300.0;36.46340139;1;42998;141412;2059;634.0;634.0;647.0;13.0;0.0;200.0;weighted_score;634
4;SN-both-ss;instance_40_10_5_45;weighted;weighted;weighted-sum;-;;;;;;sorting-network;both;slot-service;TIMEOUT;300.1204487;300.0;0;0;0;0;0;;;;;;;;
4;SN-both-ss;instance_40_10_5_46;weighted;weighted;weighted-sum;-;;;;;;sorting-network;both;slot-service;UNSATISFIABLE;0.088407213;300.0;0;0;0;0;0;;;;;;;;
4;SN-both-ss;instance_40_10_5_47;weighted;weighted;weighted-sum;-;;;;;;sorting-network;both;slot-service;UNSATISFIABLE;0.119176817;300.0;0;0;0;0;0;;;;;;;;
4;SN-both-ss;instance_40_10_5_48;weighted;weighted;weighted-sum;-;;;;;;sorting-network;both;slot-service;UNSATISFIABLE;0.173183946;300.0;0;0;0;0;0;;;;;;;;
4;SN-both-ss;instance_40_10_5_49;weighted;weighted;weighted-sum;-;;;;;;sorting-network;both;slot-service;TIMEOUT;300.1195666;300.0;0;0;0;0;0;;;;;;;;
4;SN-both-ss;instance_40_10_5_5;weighted;weighted;weighted-sum;-;;;;;;sorting-network;both;slot-service;TIMEOUT;300.1198804;300.0;0;0;0;0;0;;;;;;;;
4;SN-both-ss;instance_40_10_5_50;weighted;weighted;weighted-sum;-;;;;;;sorting-network;both;slot-service;UNSATISFIABLE;0.101127488;300.0;0;0;0;0;0;;;;;;;;
4;SN-both-ss;instance_40_10_5_6;weighted;weighted;weighted-sum;-;;;;;;sorting-network;both;slot-service;TIMEOUT;300.117737;300.0;0;0;0;0;0;;;;;;;;
4;SN-both-ss;instance_40_10_5_7;weighted;weighted;weighted-sum;-;;;;;;sorting-network;both;slot-service;OPTIMUM;59.60151344;300.0;59.50837886;1;45769;165908;2328;695.0;695.0;700.0;5.0;0.0;200.0;weighted_score;695
4;SN-both-ss;instance_40_10_5_8;weighted;weighted;weighted-sum;-;;;;;;sorting-network;both;slot-service;UNSATISFIABLE;0.099479218;300.0;0;0;0;0;0;;;;;;;;
4;SN-both-ss;instance_40_10_5_9;weighted;weighted;weighted-sum;-;;;;;;sorting-network;both;slot-service;UNSATISFIABLE;0.204504047;300.0;0;0;0;0;0;;;;;;;;
4;SN-both-ss;instance_40_15_5_1;weighted;weighted;weighted-sum;-;;;;;;sorting-network;both;slot-service;OPTIMUM;174.1762413;300.0;174.0638778;1;60259;236687;3457;751.0;751.0;755.0;4.0;0.0;200.0;weighted_score;751
4;SN-both-ss;instance_40_15_5_10;weighted;weighted;weighted-sum;-;;;;;;sorting-network;both;slot-service;OPTIMUM;47.11751397;300.0;47.0135762;1;56075;205831;3198;724.0;724.0;732.0;8.0;0.0;200.0;weighted_score;724
4;SN-both-ss;instance_40_15_5_11;weighted;weighted;weighted-sum;-;;;;;;sorting-network;both;slot-service;OPTIMUM;126.2882451;300.0;126.1798137;1;60858;217830;3247;695.0;695.0;704.0;9.0;0.0;200.0;weighted_score;695
4;SN-both-ss;instance_40_15_5_12;weighted;weighted;weighted-sum;-;;;;;;sorting-network;both;slot-service;OPTIMUM;60.8545593;300.0;60.73827485;1;61272;245502;3350;773.0;773.0;773.0;0.0;0.0;200.0;weighted_score;773
4;SN-both-ss;instance_40_15_5_13;weighted;weighted;weighted-sum;-;;;;;;sorting-network;both;slot-service;UNSATISFIABLE;0.624635189;300.0;0;0;0;0;0;;;;;;;;
4;SN-both-ss;instance_40_15_5_14;weighted;weighted;weighted-sum;-;;;;;;sorting-network;both;slot-service;OPTIMUM;72.30885574;300.0;72.19803753;1;62858;232679;3227;711.0;711.0;724.0;13.0;0.0;200.0;weighted_score;711
4;SN-both-ss;instance_40_15_5_15;weighted;weighted;weighted-sum;-;;;;;;sorting-network;both;slot-service;OPTIMUM;61.57063736;300.0;61.45216942;1;68090;250597;3438;736.0;736.0;746.0;8.0;2.0;200.0;weighted_score;736
4;SN-both-ss;instance_40_15_5_16;weighted;weighted;weighted-sum;-;;;;;;sorting-network;both;slot-service;TIMEOUT;300.1201368;300.0;0;0;0;0;0;;;;;;;;
4;SN-both-ss;instance_40_15_5_17;weighted;weighted;weighted-sum;-;;;;;;sorting-network;both;slot-service;TIMEOUT;300.1168363;300.0;0;0;0;0;0;;;;;;;;
4;SN-both-ss;instance_40_15_5_18;weighted;weighted;weighted-sum;-;;;;;;sorting-network;both;slot-service;OPTIMUM;48.79778388;300.0;48.69883704;1;52250;186558;3134;685.0;685.0;692.0;7.0;0.0;200.0;weighted_score;685
4;SN-both-ss;instance_40_15_5_19;weighted;weighted;weighted-sum;-;;;;;;sorting-network;both;slot-service;UNSATISFIABLE;0.224082648;300.0;0;0;0;0;0;;;;;;;;
4;SN-both-ss;instance_40_15_5_2;weighted;weighted;weighted-sum;-;;;;;;sorting-network;both;slot-service;OPTIMUM;70.57986304;300.0;70.48441607;1;51185;174451;3038;714.0;714.0;729.0;15.0;0.0;200.0;weighted_score;714
4;SN-both-ss;instance_40_15_5_20;weighted;weighted;weighted-sum;-;;;;;;sorting-network;both;slot-service;OPTIMUM;79.34513455;300.0;79.25043374;1;50703;182333;3176;703.0;703.0;711.0;8.0;0.0;200.0;weighted_score;703
4;SN-both-ss;instance_40_15_5_21;weighted;weighted;weighted-sum;-;;;;;;sorting-network;both;slot-service;OPTIMUM;50.83608196;300.0;50.72014165;1;64301;245967;3399;732.0;732.0;738.0;6.0;0.0;200.0;weighted_score;732
4;SN-both-ss;instance_40_15_5_22;weighted;weighted;weighted-sum;-;;;;;;sorting-network;both;slot-service;UNSATISFIABLE;0.141499102;300.0;0;0;0;0;0;;;;;;;;
4;SN-both-ss;instance_40_15_5_23;weighted;weighted;weighted-sum;-;;;;;;sorting-network;both;slot-service;OPTIMUM;25.07612457;300.0;24.98431499;1;47225;168989;2884;717.0;717.0;721.0;4.0;0.0;200.0;weighted_score;717
4;SN-both-ss;instance_40_15_5_24;weighted;weighted;weighted-sum;-;;;;;;sorting-network;both;slot-service;OPTIMUM;180.3358562;300.0;180.2334319;1;53378;198603;3010;723.0;723.0;734.0;11.0;0.0;200.0;weighted_score;723
4;SN-both-ss;instance_40_15_5_25;weighted;weighted;weighted-sum;-;;;;;;sorting-network;both;slot-service;UNSATISFIABLE;0.143520876;300.0;0;0;0;0;0;;;;;;;;
4;SN-both-ss;instance_40_15_5_26;weighted;weighted;weighted-sum;-;;;;;;sorting-network;both;slot-service;OPTIMUM;64.63351324;300.0;64.52932104;1;58725;205353;3105;710.0;710.0;721.0;11.0;0.0;200.0;weighted_score;710
4;SN-both-ss;instance_40_15_5_27;weighted;weighted;weighted-sum;-;;;;;;sorting-network;both;slot-service;OPTIMUM;93.05977468;300.0;92.97047387;1;47359;156144;3072;640.0;640.0;660.0;20.0;0.0;200.0;weighted_score;640
4;SN-both-ss;instance_40_15_5_28;weighted;weighted;weighted-sum;-;;;;;;sorting-network;both;slot-service;OPTIMUM;24.27821908;300.0;24.17961194;1;53130;191594;3477;749.0;749.0;753.0;4.0;0.0;200.0;weighted_score;749
4;SN-both-ss;instance_40_15_5_29;weighted;weighted;weighted-sum;-;;;;;;sorting-network;both;slot-service;UNSATISFIABLE;0.301367663;300.0;0;0;0;0;0;;;;;;;;
4;SN-both-ss;instance_40_15_5_3;weighted;weighted;weighted-sum;-;;;;;;sorting-network;both;slot-service;OPTIMUM;57.95325211;300.0;57.83594592;1;62426;245467;3639;745.0;745.0;750.0;5.0;0.0;200.0;weighted_score;745
4;SN-both-ss;instance_40_15_5_30;weighted;weighted;weighted-sum;-;;;;;;sorting-network;both;slot-service;OPTIMUM;61.96602065;300.0;61.84376139;1;65918;260531;3294;706.0;706.0;716.0;10.0;0.0;200.0;weighted_score;706
4;SN-both-ss;instance_40_15_5_31;weighted;weighted;weighted-sum;-;;;;;;sorting-network;both;slot-service;OPTIMUM;52.35153053;300.0;52.25007394;1;56436;201874;3383;717.0;717.0;727.0;10.0;0.0;200.0;weighted_score;717
4;SN-both-ss;instance_40_15_5_32;weighted;weighted;weighted-sum;-;;;;;;sorting-network;both;slot-service;UNSATISFIABLE;0.156766052;300.0;0;0;0;0;0;;;;;;;;
4;SN-both-ss;instance_40_15_5_33;weighted;weighted;weighted-sum;-;;;;;;sorting-network;both;slot-service;OPTIMUM;134.3038701;300.0;134.2140339;1;46651;164555;2925;676.0;676.0;683.0;7.0;0.0;200.0;weighted_score;676
4;SN-both-ss;instance_40_15_5_34;weighted;weighted;weighted-sum;-;;;;;;sorting-network;both;slot-service;TIMEOUT;300.1245989;300.0;0;0;0;0;0;;;;;;;;
4;SN-both-ss;instance_40_15_5_35;weighted;weighted;weighted-sum;-;;;;;;sorting-network;both;slot-service;OPTIMUM;36.42638148;300.0;36.31730425;1;55337;222463;3325;743.0;743.0;748.0;5.0;0.0;200.0;weighted_score;743
4;SN-both-ss;instance_40_15_5_36;weighted;weighted;weighted-sum;-;;;;;;sorting-network;both;slot-service;UNSATISFIABLE;0.451972728;300.0;0;0;0;0;0;;;;;;;;
4;SN-both-ss;instance_40_15_5_37;weighted;weighted;weighted-sum;-;;;;;;sorting-network;both;slot-service;UNSATISFIABLE;0.39501362;300.0;0;0;0;0;0;;;;;;;;
4;SN-both-ss;instance_40_15_5_38;weighted;weighted;weighted-sum;-;;;;;;sorting-network;both;slot-service;UNSATISFIABLE;0.122316531;300.0;0;0;0;0;0;;;;;;;;
4;SN-both-ss;instance_40_15_5_39;weighted;weighted;weighted-sum;-;;;;;;sorting-network;both;slot-service;OPTIMUM;61.31823387;300.0;61.21165738;1;58906;219295;3368;700.0;700.0;706.0;6.0;0.0;200.0;weighted_score;700
4;SN-both-ss;instance_40_15_5_4;weighted;weighted;weighted-sum;-;;;;;;sorting-network;both;slot-service;OPTIMUM;34.7827066;300.0;34.67384491;1;59904;223558;3409;728.0;728.0;732.0;4.0;0.0;200.0;weighted_score;728
4;SN-both-ss;instance_40_15_5_40;weighted;weighted;weighted-sum;-;;;;;;sorting-network;both;slot-service;OPTIMUM;41.0979166;300.0;40.99594285;1;57658;198994;3214;696.0;696.0;706.0;10.0;0.0;200.0;weighted_score;696
4;SN-both-ss;instance_40_15_5_41;weighted;weighted;weighted-sum;-;;;;;;sorting-network;both;slot-service;OPTIMUM;32.27813438;300.0;32.17214646;1;57212;213816;3259;744.0;744.0;745.0;1.0;0.0;200.0;weighted_score;744
4;SN-both-ss;instance_40_15_5_42;weighted;weighted;weighted-sum;-;;;;;;sorting-network;both;slot-service;OPTIMUM;41.48568467;300.0;41.39940723;1;45571;154997;2907;685.0;685.0;694.0;9.0;0.0;200.0;weighted_score;685
4;SN-both-ss;instance_40_15_5_43;weighted;weighted;weighted-sum;-;;;;;;sorting-network;both;slot-service;OPTIMUM;94.60767127;300.0;94.49015726;1;65857;252341;3276;746.0;746.0;751.0;5.0;0.0;200.0;weighted_score;746
4;SN-both-ss;instance_40_15_5_44;weighted;weighted;weighted-sum;-;;;;;;sorting-network;both;slot-service;UNSATISFIABLE;0.786098817;300.0;0;0;0;0;0;;;;;;;;
4;SN-both-ss;instance_40_15_5_45;weighted;weighted;weighted-sum;-;;;;;;sorting-network;both;slot-service;OPTIMUM;88.88672279;300.0;88.7850797;1;54471;189746;3047;716.0;716.0;725.0;9.0;0.0;200.0;weighted_score;716
4;SN-both-ss;instance_40_15_5_46;weighted;weighted;weighted-sum;-;;;;;;sorting-network;both;slot-service;OPTIMUM;51.36660551;300.0;51.27089041;1;50542;177521;3123;649.0;649.0;659.0;10.0;0.0;200.0;weighted_score;649
4;SN-both-ss;instance_40_15_5_47;weighted;weighted;weighted-sum;-;;;;;;sorting-network;both;slot-service;OPTIMUM;55.7010341;300.0;55.5961535;1;57877;199597;3162;656.0;656.0;663.0;7.0;0.0;200.0;weighted_score;656
4;SN-both-ss;instance_40_15_5_48;weighted;weighted;weighted-sum;-;;;;;;sorting-network;both;slot-service;OPTIMUM;44.57094129;300.0;44.47623537;1;51665;178921;2972;660.0;660.0;670.0;10.0;0.0;200.0;weighted_score;660
4;SN-both-ss;instance_40_15_5_49;weighted;weighted;weighted-sum;-;;;;;;sorting-network;both;slot-service;UNSATISFIABLE;0.154442746;300.0;0;0;0;0;0;;;;;;;;
4;SN-both-ss;instance_40_15_5_5;weighted;weighted;weighted-sum;-;;;;;;sorting-network;both;slot-service;UNSATISFIABLE;0.364982067;300.0;0;0;0;0;0;;;;;;;;
4;SN-both-ss;instance_40_15_5_50;weighted;weighted;weighted-sum;-;;;;;;sorting-network;both;slot-service;OPTIMUM;66.02162165;300.0;65.9229537;1;54311;198272;3021;701.0;701.0;709.0;8.0;0.0;200.0;weighted_score;701
4;SN-both-ss;instance_40_15_5_6;weighted;weighted;weighted-sum;-;;;;;;sorting-network;both;slot-service;UNSATISFIABLE;0.615161351;300.0;0;0;0;0;0;;;;;;;;
4;SN-both-ss;instance_40_15_5_7;weighted;weighted;weighted-sum;-;;;;;;sorting-network;both;slot-service;OPTIMUM;183.0308786;300.0;182.9030963;1;68734;260806;3396;757.0;757.0;763.0;6.0;0.0;200.0;weighted_score;757
4;SN-both-ss;instance_40_15_5_8;weighted;weighted;weighted-sum;-;;;;;;sorting-network;both;slot-service;OPTIMUM;57.3766101;300.0;57.27767649;1;53126;187013;3259;694.0;694.0;702.0;8.0;0.0;200.0;weighted_score;694
4;SN-both-ss;instance_40_15_5_9;weighted;weighted;weighted-sum;-;;;;;;sorting-network;both;slot-service;TIMEOUT;300.1175962;300.0;0;0;0;0;0;;;;;;;;
4;SN-both-ss;instance_40_20_5_1;weighted;weighted;weighted-sum;-;;;;;;sorting-network;both;slot-service;TIMEOUT;300.1252169;300.0;0;0;0;0;0;;;;;;;;
4;SN-both-ss;instance_40_20_5_10;weighted;weighted;weighted-sum;-;;;;;;sorting-network;both;slot-service;OPTIMUM;27.46344752;300.0;27.35196687;1;58160;216901;4081;716.0;716.0;724.0;8.0;0.0;200.0;weighted_score;716
4;SN-both-ss;instance_40_20_5_11;weighted;weighted;weighted-sum;-;;;;;;sorting-network;both;slot-service;OPTIMUM;40.72831515;300.0;40.60159051;1;69229;258497;4143;734.0;734.0;738.0;4.0;0.0;200.0;weighted_score;734
4;SN-both-ss;instance_40_20_5_12;weighted;weighted;weighted-sum;-;;;;;;sorting-network;both;slot-service;OPTIMUM;76.49734148;300.0;76.36587955;1;71387;261438;4408;724.0;724.0;732.0;8.0;0.0;200.0;weighted_score;724
4;SN-both-ss;instance_40_20_5_13;weighted;weighted;weighted-sum;-;;;;;;sorting-network;both;slot-service;OPTIMUM;69.96821496;300.0;69.81626303;1;71072;267399;4312;763.0;763.0;766.0;3.0;0.0;200.0;weighted_score;763
4;SN-both-ss;instance_40_20_5_14;weighted;weighted;weighted-sum;-;;;;;;sorting-network;both;slot-service;OPTIMUM;85.42328207;300.0;85.26114269;1;70606;295992;4541;772.0;772.0;774.0;2.0;0.0;200.0;weighted_score;772
4;SN-both-ss;instance_40_20_5_15;weighted;weighted;weighted-sum;-;;;;;;sorting-network;both;slot-service;OPTIMUM;30.937487;300.0;30.82422603;1;55665;214793;4109;745.0;745.0;751.0;6.0;0.0;200.0;weighted_score;745
4;SN-both-ss;instance_40_20_5_16;weighted;weighted;weighted-sum;-;;;;;;sorting-network;both;slot-service;OPTIMUM;31.31410579;300.0;31.20241084;1;57518;224218;4090;745.0;745.0;749.0;4.0;0.0;200.0;weighted_score;745
4;SN-both-ss;instance_40_20_5_17;weighted;weighted;weighted-sum;-;;;;;;sorting-network;both;slot-service;OPTIMUM;70.19222203;300.0;70.02142127;1;83479;336088;4329;737.0;737.0;746.0;9.0;0.0;200.0;weighted_score;737
4;SN-both-ss;instance_40_20_5_18;weighted;weighted;weighted-sum;-;;;;;;sorting-network;both;slot-service;OPTIMUM;54.96462434;300.0;54.85660292;1;54839;208038;4143;758.0;758.0;761.0;3.0;0.0;200.0;weighted_score;758
4;SN-both-ss;instance_40_20_5_19;weighted;weighted;weighted-sum;-;;;;;;sorting-network;both;slot-service;OPTIMUM;49.01528571;300.0;48.84654783;1;84564;316203;4519;753.0;753.0;757.0;4.0;0.0;200.0;weighted_score;753
4;SN-both-ss;instance_40_20_5_2;weighted;weighted;weighted-sum;-;;;;;;sorting-network;both;slot-service;OPTIMUM;64.14398747;300.0;63.98935025;1;75023;278322;4418;751.0;751.0;762.0;11.0;0.0;200.0;weighted_score;751
4;SN-both-ss;instance_40_20_5_20;weighted;weighted;weighted-sum;-;;;;;;sorting-network;both;slot-service;OPTIMUM;63.55926896;300.0;63.41289258;1;68009;264984;4106;776.0;776.0;779.0;3.0;0.0;200.0;weighted_score;776
4;SN-both-ss;instance_40_20_5_21;weighted;weighted;weighted-sum;-;;;;;;sorting-network;both;slot-service;OPTIMUM;55.09871573;300.0;54.92711921;1;71670;322940;4406;761.0;761.0;763.0;2.0;0.0;200.0;weighted_score;761
4;SN-both-ss;instance_40_20_5_22;weighted;weighted;weighted-sum;-;;;;;;sorting-network;both;slot-service;OPTIMUM;54.74573419;300.0;54.593874;1;69132;280331;4476;758.0;758.0;765.0;7.0;0.0;200.0;weighted_score;758
4;SN-both-ss;instance_40_20_5_23;weighted;weighted;weighted-sum;-;;;;;;sorting-network;both;slot-service;OPTIMUM;43.95196883;300.0;43.82271987;1;68672;259060;4458;766.0;766.0;771.0;5.0;0.0;200.0;weighted_score;766
4;SN-both-ss;instance_40_20_5_24;weighted;weighted;weighted-sum;-;;;;;;sorting-network;both;slot-service;OPTIMUM;72.67301415;300.0;72.55435605;1;63691;240499;4104;740.0;740.0;749.0;9.0;0.0;200.0;weighted_score;740
4;SN-both-ss;instance_40_20_5_25;weighted;weighted;weighted-sum;-;;;;;;sorting-network;both;slot-service;TIMEOUT;300.1259429;300.0;0;0;0;0;0;;;;;;;;
4;SN-both-ss;instance_40_20_5_26;weighted;weighted;weighted-sum;-;;;;;;sorting-network;both;slot-service;OPTIMUM;73.67281451;300.0;73.50848577;1;77176;312415;4250;772.0;772.0;772.0;0.0;0.0;200.0;weighted_score;772
4;SN-both-ss;instance_40_20_5_27;weighted;weighted;weighted-sum;-;;;;;;sorting-network;both;slot-service;OPTIMUM;55.8029096;300.0;55.69864218;1;51264;192207;3661;689.0;689.0;699.0;10.0;0.0;200.0;weighted_score;689
4;SN-both-ss;instance_40_20_5_28;weighted;weighted;weighted-sum;-;;;;;;sorting-network;both;slot-service;OPTIMUM;36.65906651;300.0;36.50866534;1;68949;283364;4072;743.0;743.0;747.0;4.0;0.0;200.0;weighted_score;743
4;SN-both-ss;instance_40_20_5_29;weighted;weighted;weighted-sum;-;;;;;;sorting-network;both;slot-service;OPTIMUM;69.77873051;300.0;69.62322991;1;75749;281410;4314;734.0;734.0;745.0;11.0;0.0;200.0;weighted_score;734
4;SN-both-ss;instance_40_20_5_3;weighted;weighted;weighted-sum;-;;;;;;sorting-network;both;slot-service;OPTIMUM;72.62810149;300.0;72.51205795;1;58136;224802;4027;757.0;757.0;758.0;1.0;0.0;200.0;weighted_score;757
4;SN-both-ss;instance_40_20_5_30;weighted;weighted;weighted-sum;-;;;;;;sorting-network;both;slot-service;OPTIMUM;58.39144101;300.0;58.26018731;1;64852;260698;4400;755.0;755.0;759.0;4.0;0.0;200.0;weighted_score;755
4;SN-both-ss;instance_40_20_5_31;weighted;weighted;weighted-sum;-;;;;;;sorting-network;both;slot-service;OPTIMUM;33.72760579;300.0;33.60151307;1;64435;254919;4153;737.0;737.0;739.0;2.0;0.0;200.0;weighted_score;737
4;SN-both-ss;instance_40_20_5_32;weighted;weighted;weighted-sum;-;;;;;;sorting-network;both;slot-service;UNSATISFIABLE;0.457214208;300.0;0;0;0;0;0;;;;;;;;
4;SN-both-ss;instance_40_20_5_33;weighted;weighted;weighted-sum;-;;;;;;sorting-network;both;slot-service;OPTIMUM;73.47178428;300.0;73.30736542;1;81113;332257;4331;769.0;769.0;773.0;4.0;0.0;200.0;weighted_score;769
4;SN-both-ss;instance_40_20_5_34;weighted;weighted;weighted-sum;-;;;;;;sorting-network;both;slot-service;TIMEOUT;300.1261246;300.0;0;0;0;0;0;;;;;;;;
4;SN-both-ss;instance_40_20_5_35;weighted;weighted;weighted-sum;-;;;;;;sorting-network;both;slot-service;UNSATISFIABLE;0.57205748;300.0;0;0;0;0;0;;;;;;;;
4;SN-both-ss;instance_40_20_5_36;weighted;weighted;weighted-sum;-;;;;;;sorting-network;both;slot-service;OPTIMUM;71.4936749;300.0;71.35922228;1;66106;239557;4267;722.0;722.0;734.0;12.0;0.0;200.0;weighted_score;722
4;SN-both-ss;instance_40_20_5_37;weighted;weighted;weighted-sum;-;;;;;;sorting-network;both;slot-service;OPTIMUM;52.38813176;300.0;52.22866498;1;70387;265572;4340;771.0;771.0;771.0;0.0;0.0;200.0;weighted_score;771
4;SN-both-ss;instance_40_20_5_38;weighted;weighted;weighted-sum;-;;;;;;sorting-network;both;slot-service;OPTIMUM;42.07990728;300.0;41.9190221;1;66503;285064;4283;764.0;764.0;765.0;1.0;0.0;200.0;weighted_score;764
4;SN-both-ss;instance_40_20_5_39;weighted;weighted;weighted-sum;-;;;;;;sorting-network;both;slot-service;OPTIMUM;48.05646996;300.0;47.89480077;1;68301;263667;4440;776.0;776.0;777.0;1.0;0.0;200.0;weighted_score;776
4;SN-both-ss;instance_40_20_5_4;weighted;weighted;weighted-sum;-;;;;;;sorting-network;both;slot-service;OPTIMUM;58.26895054;300.0;58.10876061;1;71723;269146;4315;723.0;723.0;731.0;8.0;0.0;200.0;weighted_score;723
4;SN-both-ss;instance_40_20_5_40;weighted;weighted;weighted-sum;-;;;;;;sorting-network;both;slot-service;OPTIMUM;78.9975478;300.0;78.83187753;1;71722;272414;4031;688.0;688.0;701.0;13.0;0.0;200.0;weighted_score;688
4;SN-both-ss;instance_40_20_5_41;weighted;weighted;weighted-sum;-;;;;;;sorting-network;both;slot-service;OPTIMUM;51.49278889;300.0;51.37014938;1;63661;248784;3938;723.0;723.0;732.0;9.0;0.0;200.0;weighted_score;723
4;SN-both-ss;instance_40_20_5_42;weighted;weighted;weighted-sum;-;;;;;;sorting-network;both;slot-service;OPTIMUM;70.01196239;300.0;69.85265741;1;73251;302865;4081;722.0;722.0;731.0;9.0;0.0;200.0;weighted_score;722
4;SN-both-ss;instance_40_20_5_43;weighted;weighted;weighted-sum;-;;;;;;sorting-network;both;slot-service;OPTIMUM;49.62695608;300.0;49.461652;1;75070;324121;4425;756.0;756.0;757.0;1.0;0.0;200.0;weighted_score;756
4;SN-both-ss;instance_40_20_5_44;weighted;weighted;weighted-sum;-;;;;;;sorting-network;both;slot-service;OPTIMUM;54.66043473;300.0;54.50786877;1;74316;266726;4337;735.0;735.0;744.0;9.0;0.0;200.0;weighted_score;735
4;SN-both-ss;instance_40_20_5_45;weighted;weighted;weighted-sum;-;;;;;;sorting-network;both;slot-service;TIMEOUT;300.1161214;300.0;0;0;0;0;0;;;;;;;;
4;SN-both-ss;instance_40_20_5_46;weighted;weighted;weighted-sum;-;;;;;;sorting-network;both;slot-service;OPTIMUM;43.25457701;300.0;43.14093658;1;58614;218182;3956;741.0;741.0;753.0;12.0;0.0;200.0;weighted_score;741
4;SN-both-ss;instance_40_20_5_47;weighted;weighted;weighted-sum;-;;;;;;sorting-network;both;slot-service;OPTIMUM;55.55267202;300.0;55.44117778;1;60479;209574;3995;703.0;703.0;715.0;12.0;0.0;200.0;weighted_score;703
4;SN-both-ss;instance_40_20_5_48;weighted;weighted;weighted-sum;-;;;;;;sorting-network;both;slot-service;OPTIMUM;40.48775718;300.0;40.32877606;1;73246;294738;4374;767.0;767.0;774.0;7.0;0.0;200.0;weighted_score;767
4;SN-both-ss;instance_40_20_5_49;weighted;weighted;weighted-sum;-;;;;;;sorting-network;both;slot-service;OPTIMUM;80.19358655;300.0;80.02423082;1;79385;325153;4512;776.0;776.0;785.0;9.0;0.0;200.0;weighted_score;776
4;SN-both-ss;instance_40_20_5_5;weighted;weighted;weighted-sum;-;;;;;;sorting-network;both;slot-service;UNSATISFIABLE;1.797610992;300.0;0;0;0;0;0;;;;;;;;
4;SN-both-ss;instance_40_20_5_50;weighted;weighted;weighted-sum;-;;;;;;sorting-network;both;slot-service;OPTIMUM;43.56552657;300.0;43.45056686;1;59967;223343;3989;729.0;729.0;738.0;9.0;0.0;200.0;weighted_score;729
4;SN-both-ss;instance_40_20_5_6;weighted;weighted;weighted-sum;-;;;;;;sorting-network;both;slot-service;OPTIMUM;58.79425385;300.0;58.6260519;1;81094;332585;4147;733.0;733.0;746.0;13.0;0.0;200.0;weighted_score;733
4;SN-both-ss;instance_40_20_5_7;weighted;weighted;weighted-sum;-;;;;;;sorting-network;both;slot-service;OPTIMUM;8.706599014;300.0;8.579078985;1;59920;254186;3865;754.0;754.0;757.0;3.0;0.0;200.0;weighted_score;754
4;SN-both-ss;instance_40_20_5_8;weighted;weighted;weighted-sum;-;;;;;;sorting-network;both;slot-service;OPTIMUM;69.20742526;300.0;69.04710157;1;68846;304161;4331;775.0;775.0;778.0;3.0;0.0;200.0;weighted_score;775
4;SN-both-ss;instance_40_20_5_9;weighted;weighted;weighted-sum;-;;;;;;sorting-network;both;slot-service;OPTIMUM;62.656991;300.0;62.54906335;1;55219;194242;3847;707.0;707.0;721.0;14.0;0.0;200.0;weighted_score;707
4;SN-both-ss;instance_40_25_5_1;weighted;weighted;weighted-sum;-;;;;;;sorting-network;both;slot-service;OPTIMUM;48.25772893;300.0;48.09263497;1;75369;318597;5042;779.0;779.0;782.0;3.0;0.0;200.0;weighted_score;779
4;SN-both-ss;instance_40_25_5_10;weighted;weighted;weighted-sum;-;;;;;;sorting-network;both;slot-service;OPTIMUM;72.01230341;300.0;71.81233945;1;93701;405562;5579;772.0;772.0;776.0;4.0;0.0;200.0;weighted_score;772
4;SN-both-ss;instance_40_25_5_11;weighted;weighted;weighted-sum;-;;;;;;sorting-network;both;slot-service;OPTIMUM;60.1702799;300.0;59.98473721;1;84526;358551;5310;783.0;783.0;783.0;0.0;0.0;200.0;weighted_score;783
4;SN-both-ss;instance_40_25_5_12;weighted;weighted;weighted-sum;-;;;;;;sorting-network;both;slot-service;OPTIMUM;74.11113305;300.0;73.93093885;1;83849;342368;5220;781.0;781.0;783.0;2.0;0.0;200.0;weighted_score;781
4;SN-both-ss;instance_40_25_5_13;weighted;weighted;weighted-sum;-;;;;;;sorting-network;both;slot-service;OPTIMUM;65.20234419;300.0;65.02191285;1;85445;350818;5572;784.0;784.0;786.0;2.0;0.0;200.0;weighted_score;784
4;SN-both-ss;instance_40_25_5_14;weighted;weighted;weighted-sum;-;;;;;;sorting-network;both;slot-service;OPTIMUM;99.26040084;300.0;99.06025289;1;96700;406811;5948;781.0;781.0;782.0;1.0;0.0;200.0;weighted_score;781
4;SN-both-ss;instance_40_25_5_15;weighted;weighted;weighted-sum;-;;;;;;sorting-network;both;slot-service;OPTIMUM;93.29852647;300.0;93.13531673;1;71230;316276;4880;715.0;715.0;721.0;6.0;0.0;200.0;weighted_score;715
4;SN-both-ss;instance_40_25_5_16;weighted;weighted;weighted-sum;-;;;;;;sorting-network;both;slot-service;OPTIMUM;46.42795095;300.0;46.25530312;1;83951;331370;5352;759.0;759.0;764.0;5.0;0.0;200.0;weighted_score;759
4;SN-both-ss;instance_40_25_5_17;weighted;weighted;weighted-sum;-;;;;;;sorting-network;both;slot-service;OPTIMUM;65.55965433;300.0;65.38916868;1;82840;339724;5422;745.0;745.0;752.0;7.0;0.0;200.0;weighted_score;745
4;SN-both-ss;instance_40_25_5_18;weighted;weighted;weighted-sum;-;;;;;;sorting-network;both;slot-service;OPTIMUM;85.09224428;300.0;84.91093465;1;84314;357657;5226;784.0;784.0;786.0;2.0;0.0;200.0;weighted_score;784
4;SN-both-ss;instance_40_25_5_19;weighted;weighted;weighted-sum;-;;;;;;sorting-network;both;slot-service;OPTIMUM;55.72494123;300.0;55.60314796;1;63830;236008;4888;734.0;734.0;741.0;7.0;0.0;200.0;weighted_score;734
4;SN-both-ss;instance_40_25_5_2;weighted;weighted;weighted-sum;-;;;;;;sorting-network;both;slot-service;OPTIMUM;57.95545051;300.0;57.78165874;1;80762;339718;5235;775.0;775.0;778.0;3.0;0.0;200.0;weighted_score;775
4;SN-both-ss;instance_40_25_5_20;weighted;weighted;weighted-sum;-;;;;;;sorting-network;both;slot-service;OPTIMUM;103.1284957;300.0;102.935175;1;95144;393792;5198;767.0;767.0;772.0;5.0;0.0;200.0;weighted_score;767
4;SN-both-ss;instance_40_25_5_21;weighted;weighted;weighted-sum;-;;;;;;sorting-network;both;slot-service;OPTIMUM;61.68362212;300.0;61.51087649;1;76483;334422;5415;758.0;758.0;760.0;2.0;0.0;200.0;weighted_score;758
4;SN-both-ss;instance_40_25_5_22;weighted;weighted;weighted-sum;-;;;;;;sorting-network;both;slot-service;OPTIMUM;48.49131387;300.0;48.32881017;1;75883;289242;5001;761.0;761.0;769.0;8.0;0.0;200.0;weighted_score;761
4;SN-both-ss;instance_40_25_5_23;weighted;weighted;weighted-sum;-;;;;;;sorting-network;both;slot-service;OPTIMUM;82.09203653;300.0;81.8952664;1;103234;404881;5481;769.0;769.0;771.0;2.0;0.0;200.0;weighted_score;769
4;SN-both-ss;instance_40_25_5_24;weighted;weighted;weighted-sum;-;;;;;;sorting-network;both;slot-service;OPTIMUM;62.68629934;300.0;62.53387705;1;71810;270747;5145;738.0;738.0;750.0;12.0;0.0;200.0;weighted_score;738
4;SN-both-ss;instance_40_25_5_25;weighted;weighted;weighted-sum;-;;;;;;sorting-network;both;slot-service;OPTIMUM;61.89588478;300.0;61.73345721;1;76519;282068;5200;761.0;761.0;769.0;8.0;0.0;200.0;weighted_score;761
4;SN-both-ss;instance_40_25_5_26;weighted;weighted;weighted-sum;-;;;;;;sorting-network;both;slot-service;OPTIMUM;70.12885742;300.0;69.94377584;1;84527;352027;5441;776.0;776.0;777.0;1.0;0.0;200.0;weighted_score;776
4;SN-both-ss;instance_40_25_5_27;weighted;weighted;weighted-sum;-;;;;;;sorting-network;both;slot-service;OPTIMUM;65.51591249;300.0;65.38162065;1;68387;253716;5004;739.0;739.0;753.0;14.0;0.0;200.0;weighted_score;739
4;SN-both-ss;instance_40_25_5_28;weighted;weighted;weighted-sum;-;;;;;;sorting-network;both;slot-service;OPTIMUM;74.25658545;300.0;74.08248801;1;82768;336899;5379;742.0;742.0;750.0;8.0;0.0;200.0;weighted_score;742
4;SN-both-ss;instance_40_25_5_29;weighted;weighted;weighted-sum;-;;;;;;sorting-network;both;slot-service;OPTIMUM;63.48640931;300.0;63.32741308;1;73261;279036;5218;746.0;746.0;754.0;8.0;0.0;200.0;weighted_score;746
4;SN-both-ss;instance_40_25_5_3;weighted;weighted;weighted-sum;-;;;;;;sorting-network;both;slot-service;OPTIMUM;78.1612118;300.0;77.9753525;1;81756;348603;5253;722.0;722.0;733.0;11.0;0.0;200.0;weighted_score;722
4;SN-both-ss;instance_40_25_5_30;weighted;weighted;weighted-sum;-;;;;;;sorting-network;both;slot-service;OPTIMUM;114.818135;300.0;114.6178061;1;87750;385015;5587;766.0;766.0;769.0;3.0;0.0;200.0;weighted_score;766
4;SN-both-ss;instance_40_25_5_31;weighted;weighted;weighted-sum;-;;;;;;sorting-network;both;slot-service;OPTIMUM;80.06947462;300.0;79.83091054;1;90829;402242;5579;788.0;788.0;791.0;3.0;0.0;200.0;weighted_score;788
4;SN-both-ss;instance_40_25_5_32;weighted;weighted;weighted-sum;-;;;;;;sorting-network;both;slot-service;OPTIMUM;96.38232394;300.0;96.18829478;1;83054;331684;5410;710.0;710.0;723.0;13.0;0.0;200.0;weighted_score;710
4;SN-both-ss;instance_40_25_5_33;weighted;weighted;weighted-sum;-;;;;;;sorting-network;both;slot-service;OPTIMUM;74.91052793;300.0;74.72358416;1;72048;271502;4849;769.0;769.0;776.0;7.0;0.0;200.0;weighted_score;769
4;SN-both-ss;instance_40_25_5_34;weighted;weighted;weighted-sum;-;;;;;;sorting-network;both;slot-service;OPTIMUM;71.07488198;300.0;70.85442433;1;88344;369711;5079;764.0;764.0;769.0;5.0;0.0;200.0;weighted_score;764
4;SN-both-ss;instance_40_25_5_35;weighted;weighted;weighted-sum;-;;;;;;sorting-network;both;slot-service;OPTIMUM;74.75405952;300.0;74.5342718;1;90299;357826;5297;748.0;748.0;756.0;8.0;0.0;200.0;weighted_score;748
4;SN-both-ss;instance_40_25_5_36;weighted;weighted;weighted-sum;-;;;;;;sorting-network;both;slot-service;OPTIMUM;54.04141676;300.0;53.83945998;1;76949;333938;5415;788.0;788.0;788.0;0.0;0.0;200.0;weighted_score;788
4;SN-both-ss;instance_40_25_5_37;weighted;weighted;weighted-sum;-;;;;;;sorting-network;both;slot-service;OPTIMUM;103.036975;300.0;102.8393219;1;76186;312196;5149;750.0;750.0;754.0;4.0;0.0;200.0;weighted_score;750
4;SN-both-ss;instance_40_25_5_38;weighted;weighted;weighted-sum;-;;;;;;sorting-network;both;slot-service;OPTIMUM;72.58877837;300.0;72.39017449;1;80090;300068;5033;736.0;736.0;740.0;4.0;0.0;200.0;weighted_score;736
4;SN-both-ss;instance_40_25_5_39;weighted;weighted;weighted-sum;-;;;;;;sorting-network;both;slot-service;OPTIMUM;62.81286808;300.0;62.61111635;1;77817;296764;4961;738.0;738.0;749.0;11.0;0.0;200.0;weighted_score;738
4;SN-both-ss;instance_40_25_5_4;weighted;weighted;weighted-sum;-;;;;;;sorting-network;both;slot-service;OPTIMUM;47.37983201;300.0;47.16528148;1;95279;369137;5462;779.0;779.0;783.0;4.0;0.0;200.0;weighted_score;779
4;SN-both-ss;instance_40_25_5_40;weighted;weighted;weighted-sum;-;;;;;;sorting-network;both;slot-service;OPTIMUM;46.26371105;300.0;46.06669999;1;76724;312133;5335;769.0;769.0;775.0;6.0;0.0;200.0;weighted_score;769
4;SN-both-ss;instance_40_25_5_41;weighted;weighted;weighted-sum;-;;;;;;sorting-network;both;slot-service;OPTIMUM;57.29970713;300.0;57.07008017;1;92864;395776;5080;765.0;765.0;771.0;6.0;0.0;200.0;weighted_score;765
4;SN-both-ss;instance_40_25_5_42;weighted;weighted;weighted-sum;-;;;;;;sorting-network;both;slot-service;OPTIMUM;38.86091668;300.0;38.70678728;1;61147;255176;4778;739.0;739.0;746.0;7.0;0.0;200.0;weighted_score;739
4;SN-both-ss;instance_40_25_5_43;weighted;weighted;weighted-sum;-;;;;;;sorting-network;both;slot-service;OPTIMUM;105.1780342;300.0;104.9735028;1;77148;310602;4975;766.0;766.0;774.0;8.0;0.0;200.0;weighted_score;766
4;SN-both-ss;instance_40_25_5_44;weighted;weighted;weighted-sum;-;;;;;;sorting-network;both;slot-service;OPTIMUM;30.85234216;300.0;30.64219062;1;81845;349872;5141;783.0;783.0;785.0;2.0;0.0;200.0;weighted_score;783
4;SN-both-ss;instance_40_25_5_45;weighted;weighted;weighted-sum;-;;;;;;sorting-network;both;slot-service;OPTIMUM;61.07111037;300.0;60.85616914;1;91444;362811;5516;705.0;705.0;710.0;5.0;0.0;200.0;weighted_score;705
4;SN-both-ss;instance_40_25_5_46;weighted;weighted;weighted-sum;-;;;;;;sorting-network;both;slot-service;UNSATISFIABLE;0.305769156;300.0;0;0;0;0;0;;;;;;;;
4;SN-both-ss;instance_40_25_5_47;weighted;weighted;weighted-sum;-;;;;;;sorting-network;both;slot-service;OPTIMUM;124.9042539;300.0;124.7058791;1;90691;390110;5386;782.0;782.0;784.0;2.0;0.0;200.0;weighted_score;782
4;SN-both-ss;instance_40_25_5_48;weighted;weighted;weighted-sum;-;;;;;;sorting-network;both;slot-service;OPTIMUM;52.01170441;300.0;51.80407166;1;76132;337744;5190;768.0;768.0;769.0;1.0;0.0;200.0;weighted_score;768
4;SN-both-ss;instance_40_25_5_49;weighted;weighted;weighted-sum;-;;;;;;sorting-network;both;slot-service;TIMEOUT;300.1296156;300.0;0;0;0;0;0;;;;;;;;
4;SN-both-ss;instance_40_25_5_5;weighted;weighted;weighted-sum;-;;;;;;sorting-network;both;slot-service;OPTIMUM;76.02287118;300.0;75.79767819;1;94566;381723;5584;781.0;781.0;787.0;6.0;0.0;200.0;weighted_score;781
4;SN-both-ss;instance_40_25_5_50;weighted;weighted;weighted-sum;-;;;;;;sorting-network;both;slot-service;OPTIMUM;108.3727947;300.0;108.12943;1;97365;420407;5582;786.0;786.0;790.0;4.0;0.0;200.0;weighted_score;786
4;SN-both-ss;instance_40_25_5_6;weighted;weighted;weighted-sum;-;;;;;;sorting-network;both;slot-service;OPTIMUM;70.80396034;300.0;70.59740506;1;86216;371958;5293;768.0;768.0;771.0;3.0;0.0;200.0;weighted_score;768
4;SN-both-ss;instance_40_25_5_7;weighted;weighted;weighted-sum;-;;;;;;sorting-network;both;slot-service;OPTIMUM;58.27289055;300.0;58.05183564;1;78784;364862;5107;784.0;784.0;785.0;1.0;0.0;200.0;weighted_score;784
4;SN-both-ss;instance_40_25_5_8;weighted;weighted;weighted-sum;-;;;;;;sorting-network;both;slot-service;OPTIMUM;142.2133013;300.0;142.010148;1;78021;311776;5142;768.0;768.0;771.0;3.0;0.0;200.0;weighted_score;768
5;TOT-none-none;instance_30_10_4_1;weighted;weighted;weighted-sum;-;;;;;;totalizer;none;none;OPTIMUM;11.36660688;300.0;11.33048469;1;6161;62317;1441;416.0;416.0;420.0;4.0;0.0;120.0;weighted_score;416
5;TOT-none-none;instance_30_10_4_10;weighted;weighted;weighted-sum;-;;;;;;totalizer;none;none;OPTIMUM;10.68076273;300.0;10.64635827;1;5936;57797;1399;403.0;403.0;411.0;8.0;0.0;120.0;weighted_score;403
5;TOT-none-none;instance_30_10_4_11;weighted;weighted;weighted-sum;-;;;;;;totalizer;none;none;OPTIMUM;19.34160927;300.0;19.30999497;1;5726;54938;1413;390.0;390.0;401.0;11.0;0.0;120.0;weighted_score;390
5;TOT-none-none;instance_30_10_4_12;weighted;weighted;weighted-sum;-;;;;;;totalizer;none;none;OPTIMUM;16.33618264;300.0;16.3007799;1;6048;62607;1360;387.0;387.0;395.0;8.0;0.0;120.0;weighted_score;387
5;TOT-none-none;instance_30_10_4_13;weighted;weighted;weighted-sum;-;;;;;;totalizer;none;none;UNSATISFIABLE;0.043837178;300.0;0;1;0;0;0;;;;;;;;
5;TOT-none-none;instance_30_10_4_14;weighted;weighted;weighted-sum;-;;;;;;totalizer;none;none;UNSATISFIABLE;0.044436058;300.0;0;1;0;0;0;;;;;;;;
5;TOT-none-none;instance_30_10_4_15;weighted;weighted;weighted-sum;-;;;;;;totalizer;none;none;UNSATISFIABLE;0.026554518;300.0;0;1;0;0;0;;;;;;;;
5;TOT-none-none;instance_30_10_4_16;weighted;weighted;weighted-sum;-;;;;;;totalizer;none;none;OPTIMUM;13.63233679;300.0;13.59005444;1;6555;68091;1562;431.0;431.0;436.0;5.0;0.0;120.0;weighted_score;431
5;TOT-none-none;instance_30_10_4_17;weighted;weighted;weighted-sum;-;;;;;;totalizer;none;none;OPTIMUM;4.408062009;300.0;4.380262935;1;4770;39967;1291;400.0;400.0;402.0;2.0;0.0;120.0;weighted_score;400
5;TOT-none-none;instance_30_10_4_18;weighted;weighted;weighted-sum;-;;;;;;totalizer;none;none;OPTIMUM;6.725557035;300.0;6.697021757;1;5430;48777;1382;408.0;408.0;413.0;5.0;0.0;120.0;weighted_score;408
5;TOT-none-none;instance_30_10_4_19;weighted;weighted;weighted-sum;-;;;;;;totalizer;none;none;UNSATISFIABLE;0.054967109;300.0;0;1;0;0;0;;;;;;;;
5;TOT-none-none;instance_30_10_4_2;weighted;weighted;weighted-sum;-;;;;;;totalizer;none;none;UNSATISFIABLE;0.065907557;300.0;0;1;0;0;0;;;;;;;;
5;TOT-none-none;instance_30_10_4_20;weighted;weighted;weighted-sum;-;;;;;;totalizer;none;none;UNSATISFIABLE;0.046794671;300.0;0;1;0;0;0;;;;;;;;
5;TOT-none-none;instance_30_10_4_21;weighted;weighted;weighted-sum;-;;;;;;totalizer;none;none;UNSATISFIABLE;0.066489164;300.0;0;1;0;0;0;;;;;;;;
5;TOT-none-none;instance_30_10_4_22;weighted;weighted;weighted-sum;-;;;;;;totalizer;none;none;UNSATISFIABLE;0.051572027;300.0;0;1;0;0;0;;;;;;;;
5;TOT-none-none;instance_30_10_4_23;weighted;weighted;weighted-sum;-;;;;;;totalizer;none;none;OPTIMUM;5.663764122;300.0;5.628404908;1;6257;63444;1499;379.0;379.0;382.0;3.0;0.0;120.0;weighted_score;379
5;TOT-none-none;instance_30_10_4_24;weighted;weighted;weighted-sum;-;;;;;;totalizer;none;none;OPTIMUM;10.2742194;300.0;10.24389912;1;5370;48224;1375;387.0;387.0;391.0;4.0;0.0;120.0;weighted_score;387
5;TOT-none-none;instance_30_10_4_25;weighted;weighted;weighted-sum;-;;;;;;totalizer;none;none;OPTIMUM;17.83312661;300.0;17.78650629;1;6809;73557;1435;444.0;444.0;445.0;1.0;0.0;120.0;weighted_score;444
5;TOT-none-none;instance_30_10_4_26;weighted;weighted;weighted-sum;-;;;;;;totalizer;none;none;UNSATISFIABLE;0.06878788;300.0;0;1;0;0;0;;;;;;;;
5;TOT-none-none;instance_30_10_4_27;weighted;weighted;weighted-sum;-;;;;;;totalizer;none;none;OPTIMUM;13.12280234;300.0;13.09429217;1;5189;43780;1374;390.0;390.0;402.0;12.0;0.0;120.0;weighted_score;390
5;TOT-none-none;instance_30_10_4_28;weighted;weighted;weighted-sum;-;;;;;;totalizer;none;none;UNSATISFIABLE;0.027036127;300.0;0;1;0;0;0;;;;;;;;
5;TOT-none-none;instance_30_10_4_29;weighted;weighted;weighted-sum;-;;;;;;totalizer;none;none;UNSATISFIABLE;0.04888593;300.0;0;1;0;0;0;;;;;;;;
5;TOT-none-none;instance_30_10_4_3;weighted;weighted;weighted-sum;-;;;;;;totalizer;none;none;UNSATISFIABLE;0.049072747;300.0;0;1;0;0;0;;;;;;;;
5;TOT-none-none;instance_30_10_4_30;weighted;weighted;weighted-sum;-;;;;;;totalizer;none;none;OPTIMUM;14.83097715;300.0;14.7893302;1;6420;66246;1482;396.0;396.0;403.0;7.0;0.0;120.0;weighted_score;396
5;TOT-none-none;instance_30_10_4_31;weighted;weighted;weighted-sum;-;;;;;;totalizer;none;none;OPTIMUM;7.361999383;300.0;7.331231214;1;5510;52622;1318;372.0;372.0;381.0;9.0;0.0;120.0;weighted_score;372
5;TOT-none-none;instance_30_10_4_32;weighted;weighted;weighted-sum;-;;;;;;totalizer;none;none;OPTIMUM;10.93191493;300.0;10.89766717;1;6090;61899;1493;423.0;423.0;424.0;1.0;0.0;120.0;weighted_score;423
5;TOT-none-none;instance_30_10_4_33;weighted;weighted;weighted-sum;-;;;;;;totalizer;none;none;OPTIMUM;20.13508335;300.0;20.09928385;1;6159;63611;1416;434.0;434.0;436.0;2.0;0.0;120.0;weighted_score;434
5;TOT-none-none;instance_30_10_4_34;weighted;weighted;weighted-sum;-;;;;;;totalizer;none;none;UNSATISFIABLE;0.050836031;300.0;0;1;0;0;0;;;;;;;;
5;TOT-none-none;instance_30_10_4_35;weighted;weighted;weighted-sum;-;;;;;;totalizer;none;none;UNSATISFIABLE;0.04413603;300.0;0;1;0;0;0;;;;;;;;
5;TOT-none-none;instance_30_10_4_36;weighted;weighted;weighted-sum;-;;;;;;totalizer;none;none;OPTIMUM;26.12646561;300.0;26.07971258;1;6893;76672;1497;401.0;401.0;406.0;5.0;0.0;120.0;weighted_score;401
5;TOT-none-none;instance_30_10_4_37;weighted;weighted;weighted-sum;-;;;;;;totalizer;none;none;OPTIMUM;10.47468594;300.0;10.43171521;1;6318;66181;1457;440.0;440.0;444.0;4.0;0.0;120.0;weighted_score;440
5;TOT-none-none;instance_30_10_4_38;weighted;weighted;weighted-sum;-;;;;;;totalizer;none;none;UNSATISFIABLE;0.050664145;300.0;0;1;0;0;0;;;;;;;;
5;TOT-none-none;instance_30_10_4_39;weighted;weighted;weighted-sum;-;;;;;;totalizer;none;none;UNSATISFIABLE;0.046152843;300.0;0;1;0;0;0;;;;;;;;
5;TOT-none-none;instance_30_10_4_4;weighted;weighted;weighted-sum;-;;;;;;totalizer;none;none;OPTIMUM;6.546283637;300.0;6.513363628;1;5914;59551;1419;427.0;427.0;429.0;2.0;0.0;120.0;weighted_score;427
5;TOT-none-none;instance_30_10_4_40;weighted;weighted;weighted-sum;-;;;;;;totalizer;none;none;UNSATISFIABLE;0.057755054;300.0;0;1;0;0;0;;;;;;;;
5;TOT-none-none;instance_30_10_4_41;weighted;weighted;weighted-sum;-;;;;;;totalizer;none;none;OPTIMUM;9.466851566;300.0;9.446074275;1;4270;31226;1236;350.0;350.0;356.0;6.0;0.0;120.0;weighted_score;350
5;TOT-none-none;instance_30_10_4_42;weighted;weighted;weighted-sum;-;;;;;;totalizer;none;none;UNSATISFIABLE;0.04907636;300.0;0;1;0;0;0;;;;;;;;
5;TOT-none-none;instance_30_10_4_43;weighted;weighted;weighted-sum;-;;;;;;totalizer;none;none;OPTIMUM;16.81835428;300.0;16.77341513;1;6319;65912;1427;412.0;412.0;418.0;6.0;0.0;120.0;weighted_score;412
5;TOT-none-none;instance_30_10_4_44;weighted;weighted;weighted-sum;-;;;;;;totalizer;none;none;UNSATISFIABLE;0.067819824;300.0;0;1;0;0;0;;;;;;;;
5;TOT-none-none;instance_30_10_4_45;weighted;weighted;weighted-sum;-;;;;;;totalizer;none;none;OPTIMUM;7.723746433;300.0;7.69470419;1;5480;51981;1363;365.0;365.0;370.0;5.0;0.0;120.0;weighted_score;365
5;TOT-none-none;instance_30_10_4_46;weighted;weighted;weighted-sum;-;;;;;;totalizer;none;none;UNSATISFIABLE;0.02732216;300.0;0;1;0;0;0;;;;;;;;
5;TOT-none-none;instance_30_10_4_47;weighted;weighted;weighted-sum;-;;;;;;totalizer;none;none;OPTIMUM;8.891730075;300.0;8.864377092;1;4993;41386;1390;395.0;395.0;399.0;4.0;0.0;120.0;weighted_score;395
5;TOT-none-none;instance_30_10_4_48;weighted;weighted;weighted-sum;-;;;;;;totalizer;none;none;OPTIMUM;5.213311245;300.0;5.188247239;1;4368;32922;1309;375.0;375.0;377.0;2.0;0.0;120.0;weighted_score;375
5;TOT-none-none;instance_30_10_4_49;weighted;weighted;weighted-sum;-;;;;;;totalizer;none;none;UNSATISFIABLE;0.079689476;300.0;0;1;0;0;0;;;;;;;;
5;TOT-none-none;instance_30_10_4_5;weighted;weighted;weighted-sum;-;;;;;;totalizer;none;none;OPTIMUM;18.90090649;300.0;18.87025036;1;5528;51736;1452;418.0;418.0;422.0;4.0;0.0;120.0;weighted_score;418
5;TOT-none-none;instance_30_10_4_50;weighted;weighted;weighted-sum;-;;;;;;totalizer;none;none;UNSATISFIABLE;0.051447183;300.0;0;1;0;0;0;;;;;;;;
5;TOT-none-none;instance_30_10_4_6;weighted;weighted;weighted-sum;-;;;;;;totalizer;none;none;OPTIMUM;6.792389289;300.0;6.756091056;1;6119;65338;1451;388.0;388.0;389.0;1.0;0.0;120.0;weighted_score;388
5;TOT-none-none;instance_30_10_4_7;weighted;weighted;weighted-sum;-;;;;;;totalizer;none;none;UNSATISFIABLE;0.050127799;300.0;0;1;0;0;0;;;;;;;;
5;TOT-none-none;instance_30_10_4_8;weighted;weighted;weighted-sum;-;;;;;;totalizer;none;none;OPTIMUM;20.10124949;300.0;20.06899833;1;5743;56454;1365;414.0;414.0;421.0;7.0;0.0;120.0;weighted_score;414
5;TOT-none-none;instance_30_10_4_9;weighted;weighted;weighted-sum;-;;;;;;totalizer;none;none;UNSATISFIABLE;0.048115001;300.0;0;1;0;0;0;;;;;;;;
5;TOT-none-none;instance_40_10_5_1;weighted;weighted;weighted-sum;-;;;;;;totalizer;none;none;UNSATISFIABLE;0.168280708;300.0;0;0;0;0;0;;;;;;;;
5;TOT-none-none;instance_40_10_5_10;weighted;weighted;weighted-sum;-;;;;;;totalizer;none;none;UNSATISFIABLE;0.082953904;300.0;0;0;0;0;0;;;;;;;;
5;TOT-none-none;instance_40_10_5_11;weighted;weighted;weighted-sum;-;;;;;;totalizer;none;none;OPTIMUM;121.2088433;300.0;121.1532513;1;9293;119801;2114;609.0;609.0;620.0;11.0;0.0;200.0;weighted_score;609
5;TOT-none-none;instance_40_10_5_12;weighted;weighted;weighted-sum;-;;;;;;totalizer;none;none;TIMEOUT;300.1099666;300.0;0;0;0;0;0;;;;;;;;
5;TOT-none-none;instance_40_10_5_13;weighted;weighted;weighted-sum;-;;;;;;totalizer;none;none;UNSATISFIABLE;0.119679598;300.0;0;0;0;0;0;;;;;;;;
5;TOT-none-none;instance_40_10_5_14;weighted;weighted;weighted-sum;-;;;;;;totalizer;none;none;OPTIMUM;52.67917425;300.0;52.60305047;1;10725;141925;2276;663.0;663.0;670.0;7.0;0.0;200.0;weighted_score;663
5;TOT-none-none;instance_40_10_5_15;weighted;weighted;weighted-sum;-;;;;;;totalizer;none;none;UNSATISFIABLE;0.087772406;300.0;0;0;0;0;0;;;;;;;;
5;TOT-none-none;instance_40_10_5_16;weighted;weighted;weighted-sum;-;;;;;;totalizer;none;none;UNSATISFIABLE;0.161524129;300.0;0;0;0;0;0;;;;;;;;
5;TOT-none-none;instance_40_10_5_17;weighted;weighted;weighted-sum;-;;;;;;totalizer;none;none;OPTIMUM;40.65978572;300.0;40.58453888;1;10517;135743;2324;706.0;706.0;711.0;5.0;0.0;200.0;weighted_score;706
5;TOT-none-none;instance_40_10_5_18;weighted;weighted;weighted-sum;-;;;;;;totalizer;none;none;UNSATISFIABLE;0.102710939;300.0;0;0;0;0;0;;;;;;;;
5;TOT-none-none;instance_40_10_5_19;weighted;weighted;weighted-sum;-;;;;;;totalizer;none;none;TIMEOUT;300.1166209;300.0;0;0;0;0;0;;;;;;;;
5;TOT-none-none;instance_40_10_5_2;weighted;weighted;weighted-sum;-;;;;;;totalizer;none;none;OPTIMUM;69.70841873;300.0;69.62956465;1;10795;149336;2180;704.0;704.0;719.0;15.0;0.0;200.0;weighted_score;704
5;TOT-none-none;instance_40_10_5_20;weighted;weighted;weighted-sum;-;;;;;;totalizer;none;none;UNSATISFIABLE;0.058403035;300.0;0;0;0;0;0;;;;;;;;
5;TOT-none-none;instance_40_10_5_21;weighted;weighted;weighted-sum;-;;;;;;totalizer;none;none;UNSATISFIABLE;0.083580332;300.0;0;0;0;0;0;;;;;;;;
5;TOT-none-none;instance_40_10_5_22;weighted;weighted;weighted-sum;-;;;;;;totalizer;none;none;TIMEOUT;300.1113382;300.0;0;0;0;0;0;;;;;;;;
5;TOT-none-none;instance_40_10_5_23;weighted;weighted;weighted-sum;-;;;;;;totalizer;none;none;UNSATISFIABLE;0.079325701;300.0;0;0;0;0;0;;;;;;;;
5;TOT-none-none;instance_40_10_5_24;weighted;weighted;weighted-sum;-;;;;;;totalizer;none;none;UNSATISFIABLE;0.140915916;300.0;0;0;0;0;0;;;;;;;;
5;TOT-none-none;instance_40_10_5_25;weighted;weighted;weighted-sum;-;;;;;;totalizer;none;none;UNSATISFIABLE;0.062510607;300.0;0;0;0;0;0;;;;;;;;
5;TOT-none-none;instance_40_10_5_26;weighted;weighted;weighted-sum;-;;;;;;totalizer;none;none;UNSATISFIABLE;0.211270884;300.0;0;0;0;0;0;;;;;;;;
5;TOT-none-none;instance_40_10_5_27;weighted;weighted;weighted-sum;-;;;;;;totalizer;none;none;UNSATISFIABLE;0.123286106;300.0;0;0;0;0;0;;;;;;;;
5;TOT-none-none;instance_40_10_5_28;weighted;weighted;weighted-sum;-;;;;;;totalizer;none;none;TIMEOUT;300.1170703;300.0;0;0;0;0;0;;;;;;;;
5;TOT-none-none;instance_40_10_5_29;weighted;weighted;weighted-sum;-;;;;;;totalizer;none;none;OPTIMUM;31.34728626;300.0;31.26968409;1;11098;145063;2387;698.0;698.0;702.0;4.0;0.0;200.0;weighted_score;698
5;TOT-none-none;instance_40_10_5_3;weighted;weighted;weighted-sum;-;;;;;;totalizer;none;none;UNSATISFIABLE;0.170127857;300.0;0;0;0;0;0;;;;;;;;
5;TOT-none-none;instance_40_10_5_30;weighted;weighted;weighted-sum;-;;;;;;totalizer;none;none;UNSATISFIABLE;0.075128909;300.0;0;0;0;0;0;;;;;;;;
5;TOT-none-none;instance_40_10_5_31;weighted;weighted;weighted-sum;-;;;;;;totalizer;none;none;UNSATISFIABLE;0.084994979;300.0;0;0;0;0;0;;;;;;;;
5;TOT-none-none;instance_40_10_5_32;weighted;weighted;weighted-sum;-;;;;;;totalizer;none;none;OPTIMUM;44.85482632;300.0;44.78324746;1;10594;134535;2311;699.0;699.0;700.0;1.0;0.0;200.0;weighted_score;699
5;TOT-none-none;instance_40_10_5_33;weighted;weighted;weighted-sum;-;;;;;;totalizer;none;none;UNSATISFIABLE;0.087012296;300.0;0;0;0;0;0;;;;;;;;
5;TOT-none-none;instance_40_10_5_34;weighted;weighted;weighted-sum;-;;;;;;totalizer;none;none;UNSATISFIABLE;2.338627517;300.0;0;0;0;0;0;;;;;;;;
5;TOT-none-none;instance_40_10_5_35;weighted;weighted;weighted-sum;-;;;;;;totalizer;none;none;UNSATISFIABLE;0.077693436;300.0;0;0;0;0;0;;;;;;;;
5;TOT-none-none;instance_40_10_5_36;weighted;weighted;weighted-sum;-;;;;;;totalizer;none;none;UNSATISFIABLE;0.198187365;300.0;0;0;0;0;0;;;;;;;;
5;TOT-none-none;instance_40_10_5_37;weighted;weighted;weighted-sum;-;;;;;;totalizer;none;none;UNSATISFIABLE;0.076089055;300.0;0;0;0;0;0;;;;;;;;
5;TOT-none-none;instance_40_10_5_38;weighted;weighted;weighted-sum;-;;;;;;totalizer;none;none;UNSATISFIABLE;0.064537286;300.0;0;0;0;0;0;;;;;;;;
5;TOT-none-none;instance_40_10_5_39;weighted;weighted;weighted-sum;-;;;;;;totalizer;none;none;OPTIMUM;72.3549756;300.0;72.29760892;1;9847;123509;2189;691.0;691.0;698.0;5.0;2.0;200.0;weighted_score;691
5;TOT-none-none;instance_40_10_5_4;weighted;weighted;weighted-sum;-;;;;;;totalizer;none;none;UNSATISFIABLE;0.065278819;300.0;0;0;0;0;0;;;;;;;;
5;TOT-none-none;instance_40_10_5_40;weighted;weighted;weighted-sum;-;;;;;;totalizer;none;none;UNSATISFIABLE;0.078749752;300.0;0;0;0;0;0;;;;;;;;
5;TOT-none-none;instance_40_10_5_41;weighted;weighted;weighted-sum;-;;;;;;totalizer;none;none;UNSATISFIABLE;0.496030212;300.0;0;0;0;0;0;;;;;;;;
5;TOT-none-none;instance_40_10_5_42;weighted;weighted;weighted-sum;-;;;;;;totalizer;none;none;UNSATISFIABLE;0.06012255;300.0;0;0;0;0;0;;;;;;;;
5;TOT-none-none;instance_40_10_5_43;weighted;weighted;weighted-sum;-;;;;;;totalizer;none;none;UNSATISFIABLE;0.075171416;300.0;0;0;0;0;0;;;;;;;;
5;TOT-none-none;instance_40_10_5_44;weighted;weighted;weighted-sum;-;;;;;;totalizer;none;none;OPTIMUM;27.09253754;300.0;27.03615385;1;9165;113757;2059;634.0;634.0;647.0;13.0;0.0;200.0;weighted_score;634
5;TOT-none-none;instance_40_10_5_45;weighted;weighted;weighted-sum;-;;;;;;totalizer;none;none;TIMEOUT;300.112775;300.0;0;0;0;0;0;;;;;;;;
5;TOT-none-none;instance_40_10_5_46;weighted;weighted;weighted-sum;-;;;;;;totalizer;none;none;UNSATISFIABLE;0.084218612;300.0;0;0;0;0;0;;;;;;;;
5;TOT-none-none;instance_40_10_5_47;weighted;weighted;weighted-sum;-;;;;;;totalizer;none;none;UNSATISFIABLE;0.081933133;300.0;0;0;0;0;0;;;;;;;;
5;TOT-none-none;instance_40_10_5_48;weighted;weighted;weighted-sum;-;;;;;;totalizer;none;none;UNSATISFIABLE;0.119379202;300.0;0;0;0;0;0;;;;;;;;
5;TOT-none-none;instance_40_10_5_49;weighted;weighted;weighted-sum;-;;;;;;totalizer;none;none;OPTIMUM;169.935543;300.0;169.8520317;1;12087;174067;2407;710.0;710.0;726.0;13.0;3.0;200.0;weighted_score;710
5;TOT-none-none;instance_40_10_5_5;weighted;weighted;weighted-sum;-;;;;;;totalizer;none;none;TIMEOUT;300.1130434;300.0;0;0;0;0;0;;;;;;;;
5;TOT-none-none;instance_40_10_5_50;weighted;weighted;weighted-sum;-;;;;;;totalizer;none;none;UNSATISFIABLE;0.0834583;300.0;0;0;0;0;0;;;;;;;;
5;TOT-none-none;instance_40_10_5_6;weighted;weighted;weighted-sum;-;;;;;;totalizer;none;none;TIMEOUT;300.1200597;300.0;0;0;0;0;0;;;;;;;;
5;TOT-none-none;instance_40_10_5_7;weighted;weighted;weighted-sum;-;;;;;;totalizer;none;none;OPTIMUM;52.04514326;300.0;51.96724768;1;11140;153293;2328;695.0;695.0;702.0;7.0;0.0;200.0;weighted_score;695
5;TOT-none-none;instance_40_10_5_8;weighted;weighted;weighted-sum;-;;;;;;totalizer;none;none;UNSATISFIABLE;0.080899696;300.0;0;0;0;0;0;;;;;;;;
5;TOT-none-none;instance_40_10_5_9;weighted;weighted;weighted-sum;-;;;;;;totalizer;none;none;UNSATISFIABLE;0.109607642;300.0;0;0;0;0;0;;;;;;;;
5;TOT-none-none;instance_40_15_5_1;weighted;weighted;weighted-sum;-;;;;;;totalizer;none;none;OPTIMUM;106.3722524;300.0;106.2622459;1;16340;252394;3457;751.0;751.0;757.0;4.0;2.0;200.0;weighted_score;751
5;TOT-none-none;instance_40_15_5_10;weighted;weighted;weighted-sum;-;;;;;;totalizer;none;none;OPTIMUM;20.54106302;300.0;20.44534964;1;14491;200616;3198;724.0;724.0;733.0;9.0;0.0;200.0;weighted_score;724
5;TOT-none-none;instance_40_15_5_11;weighted;weighted;weighted-sum;-;;;;;;totalizer;none;none;OPTIMUM;56.81592942;300.0;56.7191013;1;14618;204275;3247;695.0;695.0;705.0;10.0;0.0;200.0;weighted_score;695
5;TOT-none-none;instance_40_15_5_12;weighted;weighted;weighted-sum;-;;;;;;totalizer;none;none;OPTIMUM;23.46838696;300.0;23.36280575;1;16182;234546;3350;773.0;773.0;774.0;1.0;0.0;200.0;weighted_score;773
5;TOT-none-none;instance_40_15_5_13;weighted;weighted;weighted-sum;-;;;;;;totalizer;none;none;UNSATISFIABLE;0.395008383;300.0;0;0;0;0;0;;;;;;;;
5;TOT-none-none;instance_40_15_5_14;weighted;weighted;weighted-sum;-;;;;;;totalizer;none;none;OPTIMUM;55.13005605;300.0;55.02941661;1;15285;228530;3227;711.0;711.0;723.0;12.0;0.0;200.0;weighted_score;711
5;TOT-none-none;instance_40_15_5_15;weighted;weighted;weighted-sum;-;;;;;;totalizer;none;none;OPTIMUM;44.3970644;300.0;44.28843856;1;16775;245780;3438;736.0;736.0;744.0;8.0;0.0;200.0;weighted_score;736
5;TOT-none-none;instance_40_15_5_16;weighted;weighted;weighted-sum;-;;;;;;totalizer;none;none;TIMEOUT;300.1235088;300.0;0;0;0;0;0;;;;;;;;
5;TOT-none-none;instance_40_15_5_17;weighted;weighted;weighted-sum;-;;;;;;totalizer;none;none;TIMEOUT;300.117972;300.0;0;0;0;0;0;;;;;;;;
5;TOT-none-none;instance_40_15_5_18;weighted;weighted;weighted-sum;-;;;;;;totalizer;none;none;OPTIMUM;42.36131155;300.0;42.27304603;1;13514;168281;3134;685.0;685.0;692.0;7.0;0.0;200.0;weighted_score;685
5;TOT-none-none;instance_40_15_5_19;weighted;weighted;weighted-sum;-;;;;;;totalizer;none;none;UNSATISFIABLE;0.157585104;300.0;0;0;0;0;0;;;;;;;;
5;TOT-none-none;instance_40_15_5_2;weighted;weighted;weighted-sum;-;;;;;;totalizer;none;none;OPTIMUM;68.0903006;300.0;68.0061578;1;13194;163672;3038;714.0;714.0;730.0;16.0;0.0;200.0;weighted_score;714
5;TOT-none-none;instance_40_15_5_20;weighted;weighted;weighted-sum;-;;;;;;totalizer;none;none;OPTIMUM;43.16441796;300.0;43.06910582;1;14062;186172;3176;703.0;703.0;712.0;9.0;0.0;200.0;weighted_score;703
5;TOT-none-none;instance_40_15_5_21;weighted;weighted;weighted-sum;-;;;;;;totalizer;none;none;OPTIMUM;45.78985758;300.0;45.65080671;1;17389;270269;3399;732.0;732.0;738.0;6.0;0.0;200.0;weighted_score;732
5;TOT-none-none;instance_40_15_5_22;weighted;weighted;weighted-sum;-;;;;;;totalizer;none;none;UNSATISFIABLE;0.111904616;300.0;0;0;0;0;0;;;;;;;;
5;TOT-none-none;instance_40_15_5_23;weighted;weighted;weighted-sum;-;;;;;;totalizer;none;none;OPTIMUM;30.03508268;300.0;29.96088019;1;11570;133488;2884;717.0;717.0;720.0;3.0;0.0;200.0;weighted_score;717
5;TOT-none-none;instance_40_15_5_24;weighted;weighted;weighted-sum;-;;;;;;totalizer;none;none;OPTIMUM;78.13761659;300.0;78.04487914;1;13592;185305;3010;723.0;723.0;731.0;8.0;0.0;200.0;weighted_score;723
5;TOT-none-none;instance_40_15_5_25;weighted;weighted;weighted-sum;-;;;;;;totalizer;none;none;UNSATISFIABLE;0.125557064;300.0;0;0;0;0;0;;;;;;;;
5;TOT-none-none;instance_40_15_5_26;weighted;weighted;weighted-sum;-;;;;;;totalizer;none;none;OPTIMUM;60.042315;300.0;59.94602065;1;13994;193671;3105;710.0;710.0;722.0;12.0;0.0;200.0;weighted_score;710
5;TOT-none-none;instance_40_15_5_27;weighted;weighted;weighted-sum;-;;;;;;totalizer;none;none;OPTIMUM;43.97109174;300.0;43.89075599;1;12356;145967;3072;640.0;640.0;658.0;18.0;0.0;200.0;weighted_score;640
5;TOT-none-none;instance_40_15_5_28;weighted;weighted;weighted-sum;-;;;;;;totalizer;none;none;OPTIMUM;25.53318772;300.0;25.43765791;1;14740;188473;3477;749.0;749.0;754.0;5.0;0.0;200.0;weighted_score;749
5;TOT-none-none;instance_40_15_5_29;weighted;weighted;weighted-sum;-;;;;;;totalizer;none;none;UNSATISFIABLE;0.18682404;300.0;0;0;0;0;0;;;;;;;;
5;TOT-none-none;instance_40_15_5_3;weighted;weighted;weighted-sum;-;;;;;;totalizer;none;none;OPTIMUM;63.3899204;300.0;63.25247165;1;17654;265834;3639;745.0;745.0;749.0;4.0;0.0;200.0;weighted_score;745
5;TOT-none-none;instance_40_15_5_30;weighted;weighted;weighted-sum;-;;;;;;totalizer;none;none;OPTIMUM;45.4225957;300.0;45.28445828;1;16650;269618;3294;706.0;706.0;716.0;10.0;0.0;200.0;weighted_score;706
5;TOT-none-none;instance_40_15_5_31;weighted;weighted;weighted-sum;-;;;;;;totalizer;none;none;OPTIMUM;50.70700016;300.0;50.61308001;1;14894;196953;3383;717.0;717.0;729.0;12.0;0.0;200.0;weighted_score;717
5;TOT-none-none;instance_40_15_5_32;weighted;weighted;weighted-sum;-;;;;;;totalizer;none;none;UNSATISFIABLE;0.172020577;300.0;0;0;0;0;0;;;;;;;;
5;TOT-none-none;instance_40_15_5_33;weighted;weighted;weighted-sum;-;;;;;;totalizer;none;none;OPTIMUM;97.82536401;300.0;97.74799589;1;11638;146031;2925;676.0;676.0;683.0;7.0;0.0;200.0;weighted_score;676
5;TOT-none-none;instance_40_15_5_34;weighted;weighted;weighted-sum;-;;;;;;totalizer;none;none;OPTIMUM;284.1804697;300.0;284.0702434;1;16064;242591;3397;728.0;728.0;737.0;9.0;0.0;200.0;weighted_score;728
5;TOT-none-none;instance_40_15_5_35;weighted;weighted;weighted-sum;-;;;;;;totalizer;none;none;OPTIMUM;23.89095714;300.0;23.79001866;1;15542;223398;3325;743.0;743.0;748.0;5.0;0.0;200.0;weighted_score;743
5;TOT-none-none;instance_40_15_5_36;weighted;weighted;weighted-sum;-;;;;;;totalizer;none;none;UNSATISFIABLE;0.336900587;300.0;0;0;0;0;0;;;;;;;;
5;TOT-none-none;instance_40_15_5_37;weighted;weighted;weighted-sum;-;;;;;;totalizer;none;none;UNSATISFIABLE;0.308818531;300.0;0;0;0;0;0;;;;;;;;
5;TOT-none-none;instance_40_15_5_38;weighted;weighted;weighted-sum;-;;;;;;totalizer;none;none;UNSATISFIABLE;0.112630595;300.0;0;0;0;0;0;;;;;;;;
5;TOT-none-none;instance_40_15_5_39;weighted;weighted;weighted-sum;-;;;;;;totalizer;none;none;OPTIMUM;43.13616823;300.0;43.04251095;1;15281;208885;3368;700.0;700.0;707.0;7.0;0.0;200.0;weighted_score;700
5;TOT-none-none;instance_40_15_5_4;weighted;weighted;weighted-sum;-;;;;;;totalizer;none;none;OPTIMUM;28.24876675;300.0;28.14739387;1;15655;224638;3409;728.0;728.0;735.0;7.0;0.0;200.0;weighted_score;728
5;TOT-none-none;instance_40_15_5_40;weighted;weighted;weighted-sum;-;;;;;;totalizer;none;none;OPTIMUM;37.03310453;300.0;36.94101448;1;13934;182566;3214;696.0;696.0;711.0;15.0;0.0;200.0;weighted_score;696
5;TOT-none-none;instance_40_15_5_41;weighted;weighted;weighted-sum;-;;;;;;totalizer;none;none;OPTIMUM;27.00990969;300.0;26.9102515;1;14210;192313;3259;744.0;744.0;745.0;1.0;0.0;200.0;weighted_score;744
5;TOT-none-none;instance_40_15_5_42;weighted;weighted;weighted-sum;-;;;;;;totalizer;none;none;OPTIMUM;21.6596042;300.0;21.59136439;1;11187;128110;2907;685.0;685.0;693.0;8.0;0.0;200.0;weighted_score;685
5;TOT-none-none;instance_40_15_5_43;weighted;weighted;weighted-sum;-;;;;;;totalizer;none;none;OPTIMUM;75.80726589;300.0;75.68166303;1;16253;249859;3276;746.0;746.0;750.0;4.0;0.0;200.0;weighted_score;746
5;TOT-none-none;instance_40_15_5_44;weighted;weighted;weighted-sum;-;;;;;;totalizer;none;none;UNSATISFIABLE;0.85467627;300.0;0;0;0;0;0;;;;;;;;
5;TOT-none-none;instance_40_15_5_45;weighted;weighted;weighted-sum;-;;;;;;totalizer;none;none;OPTIMUM;76.98104912;300.0;76.87893859;1;13112;172886;3047;716.0;716.0;725.0;9.0;0.0;200.0;weighted_score;716
5;TOT-none-none;instance_40_15_5_46;weighted;weighted;weighted-sum;-;;;;;;totalizer;none;none;OPTIMUM;40.34894184;300.0;40.24825237;1;13318;164217;3123;649.0;649.0;660.0;11.0;0.0;200.0;weighted_score;649
5;TOT-none-none;instance_40_15_5_47;weighted;weighted;weighted-sum;-;;;;;;totalizer;none;none;OPTIMUM;31.88812736;300.0;31.78212358;1;13958;186082;3162;656.0;656.0;666.0;10.0;0.0;200.0;weighted_score;656
5;TOT-none-none;instance_40_15_5_48;weighted;weighted;weighted-sum;-;;;;;;totalizer;none;none;OPTIMUM;44.72192713;300.0;44.62595912;1;12280;151840;2972;660.0;660.0;674.0;14.0;0.0;200.0;weighted_score;660
5;TOT-none-none;instance_40_15_5_49;weighted;weighted;weighted-sum;-;;;;;;totalizer;none;none;UNSATISFIABLE;0.155880647;300.0;0;0;0;0;0;;;;;;;;
5;TOT-none-none;instance_40_15_5_5;weighted;weighted;weighted-sum;-;;;;;;totalizer;none;none;UNSATISFIABLE;0.314395971;300.0;0;0;0;0;0;;;;;;;;
5;TOT-none-none;instance_40_15_5_50;weighted;weighted;weighted-sum;-;;;;;;totalizer;none;none;OPTIMUM;53.09163196;300.0;52.98774461;1;13552;180313;3021;701.0;701.0;707.0;6.0;0.0;200.0;weighted_score;701
5;TOT-none-none;instance_40_15_5_6;weighted;weighted;weighted-sum;-;;;;;;totalizer;none;none;UNSATISFIABLE;0.479655297;300.0;0;0;0;0;0;;;;;;;;
5;TOT-none-none;instance_40_15_5_7;weighted;weighted;weighted-sum;-;;;;;;totalizer;none;none;OPTIMUM;94.84373675;300.0;94.68521996;1;17122;267423;3396;757.0;757.0;764.0;7.0;0.0;200.0;weighted_score;757
5;TOT-none-none;instance_40_15_5_8;weighted;weighted;weighted-sum;-;;;;;;totalizer;none;none;OPTIMUM;42.89375595;300.0;42.78699153;1;13810;179930;3259;694.0;694.0;703.0;9.0;0.0;200.0;weighted_score;694
5;TOT-none-none;instance_40_15_5_9;weighted;weighted;weighted-sum;-;;;;;;totalizer;none;none;TIMEOUT;300.1143944;300.0;0;0;0;0;0;;;;;;;;
5;TOT-none-none;instance_40_20_5_1;weighted;weighted;weighted-sum;-;;;;;;totalizer;none;none;TIMEOUT;300.1170096;300.0;0;0;0;0;0;;;;;;;;
5;TOT-none-none;instance_40_20_5_10;weighted;weighted;weighted-sum;-;;;;;;totalizer;none;none;OPTIMUM;22.08953901;300.0;21.99083857;1;16448;195847;4081;716.0;716.0;723.0;7.0;0.0;200.0;weighted_score;716
5;TOT-none-none;instance_40_20_5_11;weighted;weighted;weighted-sum;-;;;;;;totalizer;none;none;OPTIMUM;29.6643636;300.0;29.51670628;1;18875;275204;4143;734.0;734.0;737.0;3.0;0.0;200.0;weighted_score;734
5;TOT-none-none;instance_40_20_5_12;weighted;weighted;weighted-sum;-;;;;;;totalizer;none;none;OPTIMUM;77.71155616;300.0;77.59005585;1;18765;258867;4408;724.0;724.0;734.0;10.0;0.0;200.0;weighted_score;724
5;TOT-none-none;instance_40_20_5_13;weighted;weighted;weighted-sum;-;;;;;;totalizer;none;none;OPTIMUM;40.17332247;300.0;40.05810887;1;18587;250510;4312;763.0;763.0;768.0;5.0;0.0;200.0;weighted_score;763
5;TOT-none-none;instance_40_20_5_14;weighted;weighted;weighted-sum;-;;;;;;totalizer;none;none;OPTIMUM;50.51337657;300.0;50.35886829;1;20639;310889;4541;772.0;772.0;773.0;1.0;0.0;200.0;weighted_score;772
5;TOT-none-none;instance_40_20_5_15;weighted;weighted;weighted-sum;-;;;;;;totalizer;none;none;OPTIMUM;23.66019808;300.0;23.55965799;1;16655;208177;4109;745.0;745.0;751.0;6.0;0.0;200.0;weighted_score;745
5;TOT-none-none;instance_40_20_5_16;weighted;weighted;weighted-sum;-;;;;;;totalizer;none;none;OPTIMUM;27.45531058;300.0;27.35035611;1;16850;222304;4090;745.0;745.0;751.0;6.0;0.0;200.0;weighted_score;745
5;TOT-none-none;instance_40_20_5_17;weighted;weighted;weighted-sum;-;;;;;;totalizer;none;none;OPTIMUM;69.58813928;300.0;69.42563511;1;21070;342564;4329;737.0;737.0;745.0;8.0;0.0;200.0;weighted_score;737
5;TOT-none-none;instance_40_20_5_18;weighted;weighted;weighted-sum;-;;;;;;totalizer;none;none;OPTIMUM;46.9619938;300.0;46.85990324;1;16476;204651;4143;758.0;758.0;763.0;5.0;0.0;200.0;weighted_score;758
5;TOT-none-none;instance_40_20_5_19;weighted;weighted;weighted-sum;-;;;;;;totalizer;none;none;OPTIMUM;39.26938358;300.0;39.11726986;1;20887;300666;4519;753.0;753.0;757.0;4.0;0.0;200.0;weighted_score;753
5;TOT-none-none;instance_40_20_5_2;weighted;weighted;weighted-sum;-;;;;;;totalizer;none;none;OPTIMUM;52.32831177;300.0;52.18079621;1;19766;276066;4418;751.0;751.0;762.0;11.0;0.0;200.0;weighted_score;751
5;TOT-none-none;instance_40_20_5_20;weighted;weighted;weighted-sum;-;;;;;;totalizer;none;none;OPTIMUM;40.92087937;300.0;40.77551124;1;18468;263259;4106;776.0;776.0;779.0;3.0;0.0;200.0;weighted_score;776
5;TOT-none-none;instance_40_20_5_21;weighted;weighted;weighted-sum;-;;;;;;totalizer;none;none;OPTIMUM;35.50289585;300.0;35.34005103;1;20911;332075;4406;761.0;761.0;762.0;1.0;0.0;200.0;weighted_score;761
5;TOT-none-none;instance_40_20_5_22;weighted;weighted;weighted-sum;-;;;;;;totalizer;none;none;OPTIMUM;77.86718135;300.0;77.72422486;1;19394;284075;4476;758.0;758.0;765.0;7.0;0.0;200.0;weighted_score;758
5;TOT-none-none;instance_40_20_5_23;weighted;weighted;weighted-sum;-;;;;;;totalizer;none;none;OPTIMUM;36.56214312;300.0;36.44822883;1;19015;252445;4458;766.0;766.0;770.0;4.0;0.0;200.0;weighted_score;766
5;TOT-none-none;instance_40_20_5_24;weighted;weighted;weighted-sum;-;;;;;;totalizer;none;none;OPTIMUM;51.23587893;300.0;51.1181293;1;17511;235738;4104;740.0;740.0;748.0;8.0;0.0;200.0;weighted_score;740
5;TOT-none-none;instance_40_20_5_25;weighted;weighted;weighted-sum;-;;;;;;totalizer;none;none;OPTIMUM;278.7464471;300.0;278.6415073;1;16955;223592;4198;699.0;699.0;715.0;16.0;0.0;200.0;weighted_score;699
5;TOT-none-none;instance_40_20_5_26;weighted;weighted;weighted-sum;-;;;;;;totalizer;none;none;OPTIMUM;62.98760707;300.0;62.82859194;1;20743;322790;4250;772.0;772.0;772.0;0.0;0.0;200.0;weighted_score;772
5;TOT-none-none;instance_40_20_5_27;weighted;weighted;weighted-sum;-;;;;;;totalizer;none;none;OPTIMUM;52.04813862;300.0;51.95265125;1;14726;188174;3661;689.0;689.0;698.0;9.0;0.0;200.0;weighted_score;689
5;TOT-none-none;instance_40_20_5_28;weighted;weighted;weighted-sum;-;;;;;;totalizer;none;none;OPTIMUM;28.98381715;300.0;28.83301091;1;19285;304753;4072;743.0;743.0;747.0;4.0;0.0;200.0;weighted_score;743
5;TOT-none-none;instance_40_20_5_29;weighted;weighted;weighted-sum;-;;;;;;totalizer;none;none;OPTIMUM;53.37278327;300.0;53.22679431;1;19729;281751;4314;734.0;734.0;745.0;11.0;0.0;200.0;weighted_score;734
5;TOT-none-none;instance_40_20_5_3;weighted;weighted;weighted-sum;-;;;;;;totalizer;none;none;OPTIMUM;56.28266248;300.0;56.17379833;1;16856;228788;4027;757.0;757.0;758.0;1.0;0.0;200.0;weighted_score;757
5;TOT-none-none;instance_40_20_5_30;weighted;weighted;weighted-sum;-;;;;;;totalizer;none;none;OPTIMUM;49.07116167;300.0;48.92786047;1;19617;277531;4400;755.0;755.0;760.0;5.0;0.0;200.0;weighted_score;755
5;TOT-none-none;instance_40_20_5_31;weighted;weighted;weighted-sum;-;;;;;;totalizer;none;none;OPTIMUM;29.64962268;300.0;29.53867919;1;17260;233235;4153;737.0;737.0;739.0;2.0;0.0;200.0;weighted_score;737
5;TOT-none-none;instance_40_20_5_32;weighted;weighted;weighted-sum;-;;;;;;totalizer;none;none;UNSATISFIABLE;0.296832731;300.0;0;0;0;0;0;;;;;;;;
5;TOT-none-none;instance_40_20_5_33;weighted;weighted;weighted-sum;-;;;;;;totalizer;none;none;OPTIMUM;68.16233137;300.0;68.0018195;1;20941;333100;4331;769.0;769.0;773.0;4.0;0.0;200.0;weighted_score;769
5;TOT-none-none;instance_40_20_5_34;weighted;weighted;weighted-sum;-;;;;;;totalizer;none;none;TIMEOUT;300.1219777;300.0;0;0;0;0;0;;;;;;;;
5;TOT-none-none;instance_40_20_5_35;weighted;weighted;weighted-sum;-;;;;;;totalizer;none;none;UNSATISFIABLE;0.467097488;300.0;0;0;0;0;0;;;;;;;;
5;TOT-none-none;instance_40_20_5_36;weighted;weighted;weighted-sum;-;;;;;;totalizer;none;none;OPTIMUM;50.8043367;300.0;50.69076544;1;18255;243208;4267;722.0;722.0;731.0;9.0;0.0;200.0;weighted_score;722
5;TOT-none-none;instance_40_20_5_37;weighted;weighted;weighted-sum;-;;;;;;totalizer;none;none;OPTIMUM;48.93820038;300.0;48.8220968;1;18474;249338;4340;771.0;771.0;772.0;1.0;0.0;200.0;weighted_score;771
5;TOT-none-none;instance_40_20_5_38;weighted;weighted;weighted-sum;-;;;;;;totalizer;none;none;OPTIMUM;16.84339452;300.0;16.70209316;1;18846;278811;4283;764.0;764.0;765.0;1.0;0.0;200.0;weighted_score;764
5;TOT-none-none;instance_40_20_5_39;weighted;weighted;weighted-sum;-;;;;;;totalizer;none;none;OPTIMUM;42.80144388;300.0;42.65953534;1;19286;267331;4440;776.0;776.0;777.0;1.0;0.0;200.0;weighted_score;776
5;TOT-none-none;instance_40_20_5_4;weighted;weighted;weighted-sum;-;;;;;;totalizer;none;none;OPTIMUM;42.1690604;300.0;42.02724733;1;19012;265391;4315;723.0;723.0;732.0;9.0;0.0;200.0;weighted_score;723
5;TOT-none-none;instance_40_20_5_40;weighted;weighted;weighted-sum;-;;;;;;totalizer;none;none;OPTIMUM;91.79663275;300.0;91.67881029;1;18252;259046;4031;688.0;688.0;702.0;14.0;0.0;200.0;weighted_score;688
5;TOT-none-none;instance_40_20_5_41;weighted;weighted;weighted-sum;-;;;;;;totalizer;none;none;OPTIMUM;33.87465726;300.0;33.77165678;1;16751;217517;3938;723.0;723.0;731.0;8.0;0.0;200.0;weighted_score;723
5;TOT-none-none;instance_40_20_5_42;weighted;weighted;weighted-sum;-;;;;;;totalizer;none;none;OPTIMUM;52.95445185;300.0;52.80288143;1;20163;316659;4081;722.0;722.0;732.0;10.0;0.0;200.0;weighted_score;722
5;TOT-none-none;instance_40_20_5_43;weighted;weighted;weighted-sum;-;;;;;;totalizer;none;none;OPTIMUM;28.93603524;300.0;28.76479746;1;21832;351586;4425;756.0;756.0;758.0;2.0;0.0;200.0;weighted_score;756
5;TOT-none-none;instance_40_20_5_44;weighted;weighted;weighted-sum;-;;;;;;totalizer;none;none;OPTIMUM;47.9547185;300.0;47.808796;1;19376;272645;4337;735.0;735.0;744.0;9.0;0.0;200.0;weighted_score;735
5;TOT-none-none;instance_40_20_5_45;weighted;weighted;weighted-sum;-;;;;;;totalizer;none;none;TIMEOUT;300.1135715;300.0;0;0;0;0;0;;;;;;;;
5;TOT-none-none;instance_40_20_5_46;weighted;weighted;weighted-sum;-;;;;;;totalizer;none;none;OPTIMUM;34.71666213;300.0;34.61548816;1;16619;209439;3956;741.0;741.0;754.0;13.0;0.0;200.0;weighted_score;741
5;TOT-none-none;instance_40_20_5_47;weighted;weighted;weighted-sum;-;;;;;;totalizer;none;none;OPTIMUM;55.11374951;300.0;55.00883666;1;16980;213897;3995;703.0;703.0;717.0;14.0;0.0;200.0;weighted_score;703
5;TOT-none-none;instance_40_20_5_48;weighted;weighted;weighted-sum;-;;;;;;totalizer;none;none;OPTIMUM;29.81102461;300.0;29.66221001;1;19870;290734;4374;767.0;767.0;773.0;6.0;0.0;200.0;weighted_score;767
5;TOT-none-none;instance_40_20_5_49;weighted;weighted;weighted-sum;-;;;;;;totalizer;none;none;OPTIMUM;103.6906002;300.0;103.5316045;1;21795;333666;4512;776.0;776.0;785.0;9.0;0.0;200.0;weighted_score;776
5;TOT-none-none;instance_40_20_5_5;weighted;weighted;weighted-sum;-;;;;;;totalizer;none;none;UNSATISFIABLE;18.55272588;300.0;0;0;0;0;0;;;;;;;;
5;TOT-none-none;instance_40_20_5_50;weighted;weighted;weighted-sum;-;;;;;;totalizer;none;none;OPTIMUM;47.42685109;300.0;47.32705845;1;16253;203250;3989;729.0;729.0;740.0;11.0;0.0;200.0;weighted_score;729
5;TOT-none-none;instance_40_20_5_6;weighted;weighted;weighted-sum;-;;;;;;totalizer;none;none;OPTIMUM;56.30787284;300.0;56.14902305;1;20520;331381;4147;733.0;733.0;746.0;13.0;0.0;200.0;weighted_score;733
5;TOT-none-none;instance_40_20_5_7;weighted;weighted;weighted-sum;-;;;;;;totalizer;none;none;OPTIMUM;8.23936309;300.0;8.132757011;1;16613;234069;3865;754.0;754.0;756.0;2.0;0.0;200.0;weighted_score;754
5;TOT-none-none;instance_40_20_5_8;weighted;weighted;weighted-sum;-;;;;;;totalizer;none;none;OPTIMUM;49.77736727;300.0;49.62647167;1;19709;310060;4331;775.0;775.0;778.0;3.0;0.0;200.0;weighted_score;775
5;TOT-none-none;instance_40_20_5_9;weighted;weighted;weighted-sum;-;;;;;;totalizer;none;none;OPTIMUM;52.51930211;300.0;52.42387018;1;15000;176046;3847;707.0;707.0;720.0;13.0;0.0;200.0;weighted_score;707
5;TOT-none-none;instance_40_25_5_1;weighted;weighted;weighted-sum;-;;;;;;totalizer;none;none;OPTIMUM;33.41793792;300.0;33.22999572;1;21784;326337;5042;779.0;779.0;781.0;2.0;0.0;200.0;weighted_score;779
5;TOT-none-none;instance_40_25_5_10;weighted;weighted;weighted-sum;-;;;;;;totalizer;none;none;OPTIMUM;47.32792211;300.0;47.09977757;1;26974;434446;5579;772.0;772.0;776.0;4.0;0.0;200.0;weighted_score;772
5;TOT-none-none;instance_40_25_5_11;weighted;weighted;weighted-sum;-;;;;;;totalizer;none;none;OPTIMUM;33.84163004;300.0;33.64167781;1;23605;359910;5310;783.0;783.0;783.0;0.0;0.0;200.0;weighted_score;783
5;TOT-none-none;instance_40_25_5_12;weighted;weighted;weighted-sum;-;;;;;;totalizer;none;none;OPTIMUM;59.26275157;300.0;59.06457617;1;23421;343499;5220;781.0;781.0;783.0;2.0;0.0;200.0;weighted_score;781
5;TOT-none-none;instance_40_25_5_13;weighted;weighted;weighted-sum;-;;;;;;totalizer;none;none;OPTIMUM;43.1415736;300.0;42.92946258;1;25078;383160;5572;784.0;784.0;787.0;3.0;0.0;200.0;weighted_score;784
5;TOT-none-none;instance_40_25_5_14;weighted;weighted;weighted-sum;-;;;;;;totalizer;none;none;OPTIMUM;88.15706301;300.0;87.92581851;1;27302;429954;5948;781.0;781.0;781.0;0.0;0.0;200.0;weighted_score;781
5;TOT-none-none;instance_40_25_5_15;weighted;weighted;weighted-sum;-;;;;;;totalizer;none;none;OPTIMUM;46.94115319;300.0;46.75447993;1;20662;308452;4880;715.0;715.0;719.0;4.0;0.0;200.0;weighted_score;715
5;TOT-none-none;instance_40_25_5_16;weighted;weighted;weighted-sum;-;;;;;;totalizer;none;none;OPTIMUM;37.65461866;300.0;37.45460671;1;23149;338520;5352;759.0;759.0;763.0;4.0;0.0;200.0;weighted_score;759
5;TOT-none-none;instance_40_25_5_17;weighted;weighted;weighted-sum;-;;;;;;totalizer;none;none;OPTIMUM;51.05067001;300.0;50.84111963;1;24595;372878;5422;745.0;745.0;752.0;7.0;0.0;200.0;weighted_score;745
5;TOT-none-none;instance_40_25_5_18;weighted;weighted;weighted-sum;-;;;;;;totalizer;none;none;OPTIMUM;70.96697727;300.0;70.75649739;1;23514;364678;5226;784.0;784.0;785.0;1.0;0.0;200.0;weighted_score;784
5;TOT-none-none;instance_40_25_5_19;weighted;weighted;weighted-sum;-;;;;;;totalizer;none;none;OPTIMUM;55.26545481;300.0;55.1328072;1;18773;231120;4888;734.0;734.0;741.0;7.0;0.0;200.0;weighted_score;734
5;TOT-none-none;instance_40_25_5_2;weighted;weighted;weighted-sum;-;;;;;;totalizer;none;none;OPTIMUM;27.98047075;300.0;27.77529804;1;23597;360807;5235;775.0;775.0;778.0;3.0;0.0;200.0;weighted_score;775
5;TOT-none-none;instance_40_25_5_20;weighted;weighted;weighted-sum;-;;;;;;totalizer;none;none;OPTIMUM;88.16653392;300.0;87.94161019;1;25053;412891;5198;767.0;767.0;772.0;5.0;0.0;200.0;weighted_score;767
5;TOT-none-none;instance_40_25_5_21;weighted;weighted;weighted-sum;-;;;;;;totalizer;none;none;OPTIMUM;55.40264104;300.0;55.19388499;1;24282;367979;5415;758.0;758.0;760.0;2.0;0.0;200.0;weighted_score;758
5;TOT-none-none;instance_40_25_5_22;weighted;weighted;weighted-sum;-;;;;;;totalizer;none;none;OPTIMUM;39.73332265;300.0;39.55321018;1;20896;282647;5001;761.0;761.0;769.0;8.0;0.0;200.0;weighted_score;761
5;TOT-none-none;instance_40_25_5_23;weighted;weighted;weighted-sum;-;;;;;;totalizer;none;none;OPTIMUM;71.82538409;300.0;71.60118871;1;25849;410341;5481;769.0;769.0;771.0;2.0;0.0;200.0;weighted_score;769
5;TOT-none-none;instance_40_25_5_24;weighted;weighted;weighted-sum;-;;;;;;totalizer;none;none;OPTIMUM;51.0769069;300.0;50.93803711;1;20435;259187;5145;738.0;738.0;749.0;11.0;0.0;200.0;weighted_score;738
5;TOT-none-none;instance_40_25_5_25;weighted;weighted;weighted-sum;-;;;;;;totalizer;none;none;OPTIMUM;47.2680192;300.0;47.08558673;1;21338;284709;5200;761.0;761.0;769.0;8.0;0.0;200.0;weighted_score;761
5;TOT-none-none;instance_40_25_5_26;weighted;weighted;weighted-sum;-;;;;;;totalizer;none;none;OPTIMUM;82.86501055;300.0;82.66056458;1;24509;366067;5441;776.0;776.0;778.0;2.0;0.0;200.0;weighted_score;776
5;TOT-none-none;instance_40_25_5_27;weighted;weighted;weighted-sum;-;;;;;;totalizer;none;none;OPTIMUM;50.4260013;300.0;50.28474383;1;20157;257544;5004;739.0;739.0;754.0;15.0;0.0;200.0;weighted_score;739
5;TOT-none-none;instance_40_25_5_28;weighted;weighted;weighted-sum;-;;;;;;totalizer;none;none;OPTIMUM;60.61621619;300.0;60.43086316;1;23009;332423;5379;742.0;742.0;750.0;8.0;0.0;200.0;weighted_score;742
5;TOT-none-none;instance_40_25_5_29;weighted;weighted;weighted-sum;-;;;;;;totalizer;none;none;OPTIMUM;53.05470781;300.0;52.87535546;1;21379;290318;5218;746.0;746.0;753.0;7.0;0.0;200.0;weighted_score;746
5;TOT-none-none;instance_40_25_5_3;weighted;weighted;weighted-sum;-;;;;;;totalizer;none;none;OPTIMUM;63.69254181;300.0;63.51415082;1;23064;356626;5253;722.0;722.0;733.0;11.0;0.0;200.0;weighted_score;722
5;TOT-none-none;instance_40_25_5_30;weighted;weighted;weighted-sum;-;;;;;;totalizer;none;none;OPTIMUM;80.47574554;300.0;80.2724523;1;26426;425058;5587;766.0;766.0;770.0;4.0;0.0;200.0;weighted_score;766
5;TOT-none-none;instance_40_25_5_31;weighted;weighted;weighted-sum;-;;;;;;totalizer;none;none;OPTIMUM;44.30889026;300.0;44.08209505;1;25714;427077;5579;788.0;788.0;790.0;2.0;0.0;200.0;weighted_score;788
5;TOT-none-none;instance_40_25_5_32;weighted;weighted;weighted-sum;-;;;;;;totalizer;none;none;OPTIMUM;82.89330048;300.0;82.68527715;1;23747;354836;5410;710.0;710.0;722.0;12.0;0.0;200.0;weighted_score;710
5;TOT-none-none;instance_40_25_5_33;weighted;weighted;weighted-sum;-;;;;;;totalizer;none;none;OPTIMUM;69.23475763;300.0;69.05955519;1;20016;262580;4849;769.0;769.0;774.0;5.0;0.0;200.0;weighted_score;769
5;TOT-none-none;instance_40_25_5_34;weighted;weighted;weighted-sum;-;;;;;;totalizer;none;none;OPTIMUM;64.82770009;300.0;64.61985016;1;23197;365807;5079;764.0;764.0;769.0;5.0;0.0;200.0;weighted_score;764
5;TOT-none-none;instance_40_25_5_35;weighted;weighted;weighted-sum;-;;;;;;totalizer;none;none;OPTIMUM;60.02753629;300.0;59.81470468;1;24420;371114;5297;748.0;748.0;757.0;9.0;0.0;200.0;weighted_score;748
5;TOT-none-none;instance_40_25_5_36;weighted;weighted;weighted-sum;-;;;;;;totalizer;none;none;OPTIMUM;25.93922127;300.0;25.74481702;1;23258;332926;5415;788.0;788.0;788.0;0.0;0.0;200.0;weighted_score;788
5;TOT-none-none;instance_40_25_5_37;weighted;weighted;weighted-sum;-;;;;;;totalizer;none;none;OPTIMUM;73.51293454;300.0;73.3258398;1;21443;302317;5149;750.0;750.0;753.0;3.0;0.0;200.0;weighted_score;750
5;TOT-none-none;instance_40_25_5_38;weighted;weighted;weighted-sum;-;;;;;;totalizer;none;none;OPTIMUM;58.11718695;300.0;57.92635903;1;22004;310927;5033;736.0;736.0;741.0;5.0;0.0;200.0;weighted_score;736
5;TOT-none-none;instance_40_25_5_39;weighted;weighted;weighted-sum;-;;;;;;totalizer;none;none;OPTIMUM;70.39958285;300.0;70.21049453;1;20848;308269;4961;738.0;738.0;748.0;10.0;0.0;200.0;weighted_score;738
5;TOT-none-none;instance_40_25_5_4;weighted;weighted;weighted-sum;-;;;;;;totalizer;none;none;OPTIMUM;34.91692442;300.0;34.70762399;1;24570;361374;5462;779.0;779.0;783.0;4.0;0.0;200.0;weighted_score;779
5;TOT-none-none;instance_40_25_5_40;weighted;weighted;weighted-sum;-;;;;;;totalizer;none;none;OPTIMUM;34.73974769;300.0;34.55673277;1;21756;287193;5335;769.0;769.0;775.0;6.0;0.0;200.0;weighted_score;769
5;TOT-none-none;instance_40_25_5_41;weighted;weighted;weighted-sum;-;;;;;;totalizer;none;none;OPTIMUM;39.50371736;300.0;39.28282733;1;24087;393548;5080;765.0;765.0;770.0;5.0;0.0;200.0;weighted_score;765
5;TOT-none-none;instance_40_25_5_42;weighted;weighted;weighted-sum;-;;;;;;totalizer;none;none;OPTIMUM;29.22650234;300.0;29.0934881;1;18520;239776;4778;739.0;739.0;745.0;6.0;0.0;200.0;weighted_score;739
5;TOT-none-none;instance_40_25_5_43;weighted;weighted;weighted-sum;-;;;;;;totalizer;none;none;OPTIMUM;84.27200665;300.0;84.08873129;1;21555;298697;4975;766.0;766.0;773.0;7.0;0.0;200.0;weighted_score;766
5;TOT-none-none;instance_40_25_5_44;weighted;weighted;weighted-sum;-;;;;;;totalizer;none;none;OPTIMUM;21.5117662;300.0;21.30770694;1;23018;361609;5141;783.0;783.0;786.0;3.0;0.0;200.0;weighted_score;783
5;TOT-none-none;instance_40_25_5_45;weighted;weighted;weighted-sum;-;;;;;;totalizer;none;none;OPTIMUM;55.9349963;300.0;55.72053234;1;24789;375658;5516;705.0;705.0;710.0;5.0;0.0;200.0;weighted_score;705
5;TOT-none-none;instance_40_25_5_46;weighted;weighted;weighted-sum;-;;;;;;totalizer;none;none;UNSATISFIABLE;0.328914254;300.0;0;0;0;0;0;;;;;;;;
5;TOT-none-none;instance_40_25_5_47;weighted;weighted;weighted-sum;-;;;;;;totalizer;none;none;OPTIMUM;86.0775449;300.0;85.85313392;1;25935;418622;5386;782.0;782.0;784.0;2.0;0.0;200.0;weighted_score;782
5;TOT-none-none;instance_40_25_5_48;weighted;weighted;weighted-sum;-;;;;;;totalizer;none;none;OPTIMUM;53.11141893;300.0;52.90823954;1;22482;342414;5190;768.0;768.0;769.0;1.0;0.0;200.0;weighted_score;768
5;TOT-none-none;instance_40_25_5_49;weighted;weighted;weighted-sum;-;;;;;;totalizer;none;none;OPTIMUM;216.0871702;300.0;215.888743;1;22798;342451;5205;720.0;720.0;736.0;16.0;0.0;200.0;weighted_score;720
5;TOT-none-none;instance_40_25_5_5;weighted;weighted;weighted-sum;-;;;;;;totalizer;none;none;OPTIMUM;63.13590786;300.0;62.91216952;1;26007;404057;5584;781.0;781.0;787.0;6.0;0.0;200.0;weighted_score;781
5;TOT-none-none;instance_40_25_5_50;weighted;weighted;weighted-sum;-;;;;;;totalizer;none;none;OPTIMUM;69.10057844;300.0;68.8503765;1;28287;483376;5582;786.0;786.0;791.0;5.0;0.0;200.0;weighted_score;786
5;TOT-none-none;instance_40_25_5_6;weighted;weighted;weighted-sum;-;;;;;;totalizer;none;none;OPTIMUM;53.94342072;300.0;53.73020783;1;24279;372834;5293;768.0;768.0;770.0;2.0;0.0;200.0;weighted_score;768
5;TOT-none-none;instance_40_25_5_7;weighted;weighted;weighted-sum;-;;;;;;totalizer;none;none;OPTIMUM;50.79533503;300.0;50.58506128;1;23801;380696;5107;784.0;784.0;785.0;1.0;0.0;200.0;weighted_score;784
5;TOT-none-none;instance_40_25_5_8;weighted;weighted;weighted-sum;-;;;;;;totalizer;none;none;OPTIMUM;49.8404558;300.0;49.65181683;1;21609;307056;5142;768.0;768.0;772.0;4.0;0.0;200.0;weighted_score;768
5;TOT-none-none;instance_40_25_5_9;weighted;weighted;weighted-sum;-;;;;;;totalizer;none;none;OPTIMUM;55.56187332;300.0;55.36695856;1;22727;339249;5254;775.0;775.0;777.0;2.0;0.0;200.0;weighted_score;775
6;TOT-none-ss;instance_30_10_4_1;weighted;weighted;weighted-sum;-;;;;;;totalizer;none;slot-service;OPTIMUM;12.48010987;300.0;12.44509301;1;6167;62343;1441;416.0;416.0;420.0;4.0;0.0;120.0;weighted_score;416
6;TOT-none-ss;instance_30_10_4_10;weighted;weighted;weighted-sum;-;;;;;;totalizer;none;slot-service;OPTIMUM;8.475435052;300.0;8.439023843;1;6342;59467;1399;403.0;403.0;410.0;7.0;0.0;120.0;weighted_score;403
6;TOT-none-ss;instance_30_10_4_11;weighted;weighted;weighted-sum;-;;;;;;totalizer;none;slot-service;OPTIMUM;16.79178044;300.0;16.75698712;1;6135;56471;1413;390.0;390.0;400.0;10.0;0.0;120.0;weighted_score;390
6;TOT-none-ss;instance_30_10_4_12;weighted;weighted;weighted-sum;-;;;;;;totalizer;none;slot-service;OPTIMUM;23.49753277;300.0;23.46052279;1;6469;64416;1360;387.0;387.0;395.0;8.0;0.0;120.0;weighted_score;387
6;TOT-none-ss;instance_30_10_4_13;weighted;weighted;weighted-sum;-;;;;;;totalizer;none;slot-service;UNSATISFIABLE;0.045447707;300.0;0;1;0;0;0;;;;;;;;
6;TOT-none-ss;instance_30_10_4_14;weighted;weighted;weighted-sum;-;;;;;;totalizer;none;slot-service;UNSATISFIABLE;0.046589818;300.0;0;1;0;0;0;;;;;;;;
6;TOT-none-ss;instance_30_10_4_15;weighted;weighted;weighted-sum;-;;;;;;totalizer;none;slot-service;UNSATISFIABLE;0.027461514;300.0;0;1;0;0;0;;;;;;;;
6;TOT-none-ss;instance_30_10_4_16;weighted;weighted;weighted-sum;-;;;;;;totalizer;none;slot-service;OPTIMUM;11.90978623;300.0;11.8653728;1;6971;70082;1562;431.0;431.0;436.0;5.0;0.0;120.0;weighted_score;431
6;TOT-none-ss;instance_30_10_4_17;weighted;weighted;weighted-sum;-;;;;;;totalizer;none;slot-service;OPTIMUM;2.347477255;300.0;2.318804394;1;5208;41584;1291;400.0;400.0;402.0;2.0;0.0;120.0;weighted_score;400
6;TOT-none-ss;instance_30_10_4_18;weighted;weighted;weighted-sum;-;;;;;;totalizer;none;slot-service;OPTIMUM;6.711953651;300.0;6.681179261;1;5430;48777;1382;408.0;408.0;413.0;5.0;0.0;120.0;weighted_score;408
6;TOT-none-ss;instance_30_10_4_19;weighted;weighted;weighted-sum;-;;;;;;totalizer;none;slot-service;UNSATISFIABLE;0.06612858;300.0;0;1;0;0;0;;;;;;;;
6;TOT-none-ss;instance_30_10_4_2;weighted;weighted;weighted-sum;-;;;;;;totalizer;none;slot-service;UNSATISFIABLE;0.066131353;300.0;0;1;0;0;0;;;;;;;;
6;TOT-none-ss;instance_30_10_4_20;weighted;weighted;weighted-sum;-;;;;;;totalizer;none;slot-service;UNSATISFIABLE;0.049073571;300.0;0;1;0;0;0;;;;;;;;
6;TOT-none-ss;instance_30_10_4_21;weighted;weighted;weighted-sum;-;;;;;;totalizer;none;slot-service;UNSATISFIABLE;0.070045624;300.0;0;1;0;0;0;;;;;;;;
6;TOT-none-ss;instance_30_10_4_22;weighted;weighted;weighted-sum;-;;;;;;totalizer;none;slot-service;UNSATISFIABLE;0.051292809;300.0;0;1;0;0;0;;;;;;;;
6;TOT-none-ss;instance_30_10_4_23;weighted;weighted;weighted-sum;-;;;;;;totalizer;none;slot-service;OPTIMUM;9.32019624;300.0;9.285219331;1;6676;65131;1499;379.0;379.0;380.0;1.0;0.0;120.0;weighted_score;379
6;TOT-none-ss;instance_30_10_4_24;weighted;weighted;weighted-sum;-;;;;;;totalizer;none;slot-service;OPTIMUM;5.921008303;300.0;5.888827045;1;5790;49932;1375;387.0;387.0;393.0;6.0;0.0;120.0;weighted_score;387
6;TOT-none-ss;instance_30_10_4_25;weighted;weighted;weighted-sum;-;;;;;;totalizer;none;slot-service;OPTIMUM;17.36429603;300.0;17.31581934;1;7237;75581;1435;444.0;444.0;445.0;1.0;0.0;120.0;weighted_score;444
6;TOT-none-ss;instance_30_10_4_26;weighted;weighted;weighted-sum;-;;;;;;totalizer;none;slot-service;UNSATISFIABLE;0.070173448;300.0;0;1;0;0;0;;;;;;;;
6;TOT-none-ss;instance_30_10_4_27;weighted;weighted;weighted-sum;-;;;;;;totalizer;none;slot-service;OPTIMUM;14.97735405;300.0;14.94909286;1;5616;45152;1374;390.0;390.0;402.0;12.0;0.0;120.0;weighted_score;390
6;TOT-none-ss;instance_30_10_4_28;weighted;weighted;weighted-sum;-;;;;;;totalizer;none;slot-service;UNSATISFIABLE;0.029761762;300.0;0;1;0;0;0;;;;;;;;
6;TOT-none-ss;instance_30_10_4_29;weighted;weighted;weighted-sum;-;;;;;;totalizer;none;slot-service;UNSATISFIABLE;0.050196759;300.0;0;1;0;0;0;;;;;;;;
6;TOT-none-ss;instance_30_10_4_3;weighted;weighted;weighted-sum;-;;;;;;totalizer;none;slot-service;UNSATISFIABLE;0.051365856;300.0;0;1;0;0;0;;;;;;;;
6;TOT-none-ss;instance_30_10_4_30;weighted;weighted;weighted-sum;-;;;;;;totalizer;none;slot-service;OPTIMUM;17.93522781;300.0;17.89212684;1;6832;67783;1482;396.0;396.0;405.0;9.0;0.0;120.0;weighted_score;396
6;TOT-none-ss;instance_30_10_4_31;weighted;weighted;weighted-sum;-;;;;;;totalizer;none;slot-service;OPTIMUM;9.020089274;300.0;8.987139662;1;5960;54262;1318;372.0;372.0;380.0;8.0;0.0;120.0;weighted_score;372
6;TOT-none-ss;instance_30_10_4_32;weighted;weighted;weighted-sum;-;;;;;;totalizer;none;slot-service;OPTIMUM;10.91358071;300.0;10.8784147;1;6106;61965;1493;423.0;423.0;424.0;1.0;0.0;120.0;weighted_score;423
6;TOT-none-ss;instance_30_10_4_33;weighted;weighted;weighted-sum;-;;;;;;totalizer;none;slot-service;OPTIMUM;21.3859243;300.0;21.35119988;1;6600;65499;1416;434.0;434.0;435.0;1.0;0.0;120.0;weighted_score;434
6;TOT-none-ss;instance_30_10_4_34;weighted;weighted;weighted-sum;-;;;;;;totalizer;none;slot-service;UNSATISFIABLE;0.05185912;300.0;0;1;0;0;0;;;;;;;;
6;TOT-none-ss;instance_30_10_4_35;weighted;weighted;weighted-sum;-;;;;;;totalizer;none;slot-service;UNSATISFIABLE;0.04356395;300.0;0;1;0;0;0;;;;;;;;
6;TOT-none-ss;instance_30_10_4_36;weighted;weighted;weighted-sum;-;;;;;;totalizer;none;slot-service;OPTIMUM;22.09990321;300.0;22.05521891;1;7285;78390;1497;401.0;401.0;408.0;7.0;0.0;120.0;weighted_score;401
6;TOT-none-ss;instance_30_10_4_37;weighted;weighted;weighted-sum;-;;;;;;totalizer;none;slot-service;OPTIMUM;13.57039864;300.0;13.52551556;1;6739;68080;1457;440.0;440.0;444.0;4.0;0.0;120.0;weighted_score;440
6;TOT-none-ss;instance_30_10_4_38;weighted;weighted;weighted-sum;-;;;;;;totalizer;none;slot-service;UNSATISFIABLE;0.052591924;300.0;0;1;0;0;0;;;;;;;;
6;TOT-none-ss;instance_30_10_4_39;weighted;weighted;weighted-sum;-;;;;;;totalizer;none;slot-service;UNSATISFIABLE;0.048241604;300.0;0;1;0;0;0;;;;;;;;
6;TOT-none-ss;instance_30_10_4_4;weighted;weighted;weighted-sum;-;;;;;;totalizer;none;slot-service;OPTIMUM;5.520568193;300.0;5.486952216;1;6351;61515;1419;427.0;427.0;431.0;4.0;0.0;120.0;weighted_score;427
6;TOT-none-ss;instance_30_10_4_40;weighted;weighted;weighted-sum;-;;;;;;totalizer;none;slot-service;UNSATISFIABLE;0.04957857;300.0;0;1;0;0;0;;;;;;;;
6;TOT-none-ss;instance_30_10_4_41;weighted;weighted;weighted-sum;-;;;;;;totalizer;none;slot-service;OPTIMUM;7.173855075;300.0;7.151903563;1;4696;32554;1236;350.0;350.0;356.0;6.0;0.0;120.0;weighted_score;350
6;TOT-none-ss;instance_30_10_4_42;weighted;weighted;weighted-sum;-;;;;;;totalizer;none;slot-service;UNSATISFIABLE;0.051242799;300.0;0;1;0;0;0;;;;;;;;
6;TOT-none-ss;instance_30_10_4_43;weighted;weighted;weighted-sum;-;;;;;;totalizer;none;slot-service;OPTIMUM;10.8515748;300.0;10.80860546;1;6719;67467;1427;412.0;412.0;418.0;6.0;0.0;120.0;weighted_score;412
6;TOT-none-ss;instance_30_10_4_44;weighted;weighted;weighted-sum;-;;;;;;totalizer;none;slot-service;UNSATISFIABLE;0.068289424;300.0;0;1;0;0;0;;;;;;;;
6;TOT-none-ss;instance_30_10_4_45;weighted;weighted;weighted-sum;-;;;;;;totalizer;none;slot-service;OPTIMUM;6.027412107;300.0;5.995353699;1;5910;53671;1363;365.0;365.0;371.0;6.0;0.0;120.0;weighted_score;365
6;TOT-none-ss;instance_30_10_4_46;weighted;weighted;weighted-sum;-;;;;;;totalizer;none;slot-service;UNSATISFIABLE;0.028162347;300.0;0;1;0;0;0;;;;;;;;
6;TOT-none-ss;instance_30_10_4_47;weighted;weighted;weighted-sum;-;;;;;;totalizer;none;slot-service;OPTIMUM;5.336983882;300.0;5.307111146;1;5435;43001;1390;395.0;395.0;398.0;3.0;0.0;120.0;weighted_score;395
6;TOT-none-ss;instance_30_10_4_48;weighted;weighted;weighted-sum;-;;;;;;totalizer;none;slot-service;OPTIMUM;5.231468283;300.0;5.206651624;1;4782;34203;1309;375.0;375.0;377.0;2.0;0.0;120.0;weighted_score;375
6;TOT-none-ss;instance_30_10_4_49;weighted;weighted;weighted-sum;-;;;;;;totalizer;none;slot-service;UNSATISFIABLE;0.078816176;300.0;0;1;0;0;0;;;;;;;;
6;TOT-none-ss;instance_30_10_4_5;weighted;weighted;weighted-sum;-;;;;;;totalizer;none;slot-service;OPTIMUM;12.87228948;300.0;12.84116162;1;5915;53322;1452;418.0;418.0;422.0;4.0;0.0;120.0;weighted_score;418
6;TOT-none-ss;instance_30_10_4_50;weighted;weighted;weighted-sum;-;;;;;;totalizer;none;slot-service;UNSATISFIABLE;0.051462097;300.0;0;1;0;0;0;;;;;;;;
6;TOT-none-ss;instance_30_10_4_6;weighted;weighted;weighted-sum;-;;;;;;totalizer;none;slot-service;OPTIMUM;7.586958397;300.0;7.55207789;1;6119;65338;1451;388.0;388.0;390.0;2.0;0.0;120.0;weighted_score;388
6;TOT-none-ss;instance_30_10_4_7;weighted;weighted;weighted-sum;-;;;;;;totalizer;none;slot-service;UNSATISFIABLE;0.047508894;300.0;0;1;0;0;0;;;;;;;;
6;TOT-none-ss;instance_30_10_4_8;weighted;weighted;weighted-sum;-;;;;;;totalizer;none;slot-service;OPTIMUM;21.64600753;300.0;21.61078197;1;6155;57976;1365;414.0;414.0;421.0;7.0;0.0;120.0;weighted_score;414
6;TOT-none-ss;instance_30_10_4_9;weighted;weighted;weighted-sum;-;;;;;;totalizer;none;slot-service;UNSATISFIABLE;0.050930349;300.0;0;1;0;0;0;;;;;;;;
6;TOT-none-ss;instance_40_10_5_1;weighted;weighted;weighted-sum;-;;;;;;totalizer;none;slot-service;UNSATISFIABLE;0.168515234;300.0;0;0;0;0;0;;;;;;;;
6;TOT-none-ss;instance_40_10_5_10;weighted;weighted;weighted-sum;-;;;;;;totalizer;none;slot-service;UNSATISFIABLE;0.084176772;300.0;0;0;0;0;0;;;;;;;;
6;TOT-none-ss;instance_40_10_5_11;weighted;weighted;weighted-sum;-;;;;;;totalizer;none;slot-service;OPTIMUM;121.9185111;300.0;121.8605853;1;9307;119861;2114;609.0;609.0;620.0;11.0;0.0;200.0;weighted_score;609
6;TOT-none-ss;instance_40_10_5_12;weighted;weighted;weighted-sum;-;;;;;;totalizer;none;slot-service;TIMEOUT;300.1191204;300.0;0;0;0;0;0;;;;;;;;
6;TOT-none-ss;instance_40_10_5_13;weighted;weighted;weighted-sum;-;;;;;;totalizer;none;slot-service;UNSATISFIABLE;0.125535913;300.0;0;0;0;0;0;;;;;;;;
6;TOT-none-ss;instance_40_10_5_14;weighted;weighted;weighted-sum;-;;;;;;totalizer;none;slot-service;OPTIMUM;51.60534477;300.0;51.53020664;1;11417;145074;2276;663.0;663.0;669.0;6.0;0.0;200.0;weighted_score;663
6;TOT-none-ss;instance_40_10_5_15;weighted;weighted;weighted-sum;-;;;;;;totalizer;none;slot-service;UNSATISFIABLE;0.110681911;300.0;0;0;0;0;0;;;;;;;;
6;TOT-none-ss;instance_40_10_5_16;weighted;weighted;weighted-sum;-;;;;;;totalizer;none;slot-service;UNSATISFIABLE;0.165181749;300.0;0;0;0;0;0;;;;;;;;
6;TOT-none-ss;instance_40_10_5_17;weighted;weighted;weighted-sum;-;;;;;;totalizer;none;slot-service;OPTIMUM;29.79007798;300.0;29.71572891;1;10533;135809;2324;706.0;706.0;709.0;3.0;0.0;200.0;weighted_score;706
6;TOT-none-ss;instance_40_10_5_18;weighted;weighted;weighted-sum;-;;;;;;totalizer;none;slot-service;UNSATISFIABLE;0.106545377;300.0;0;0;0;0;0;;;;;;;;
6;TOT-none-ss;instance_40_10_5_19;weighted;weighted;weighted-sum;-;;;;;;totalizer;none;slot-service;TIMEOUT;300.11849;300.0;0;0;0;0;0;;;;;;;;
6;TOT-none-ss;instance_40_10_5_2;weighted;weighted;weighted-sum;-;;;;;;totalizer;none;slot-service;OPTIMUM;98.8680762;300.0;98.78741081;1;11505;152281;2180;704.0;704.0;718.0;14.0;0.0;200.0;weighted_score;704
6;TOT-none-ss;instance_40_10_5_20;weighted;weighted;weighted-sum;-;;;;;;totalizer;none;slot-service;UNSATISFIABLE;0.061184802;300.0;0;0;0;0;0;;;;;;;;
6;TOT-none-ss;instance_40_10_5_21;weighted;weighted;weighted-sum;-;;;;;;totalizer;none;slot-service;UNSATISFIABLE;0.083541884;300.0;0;0;0;0;0;;;;;;;;
6;TOT-none-ss;instance_40_10_5_22;weighted;weighted;weighted-sum;-;;;;;;totalizer;none;slot-service;TIMEOUT;300.1197966;300.0;0;0;0;0;0;;;;;;;;
6;TOT-none-ss;instance_40_10_5_23;weighted;weighted;weighted-sum;-;;;;;;totalizer;none;slot-service;UNSATISFIABLE;0.082253599;300.0;0;0;0;0;0;;;;;;;;
6;TOT-none-ss;instance_40_10_5_24;weighted;weighted;weighted-sum;-;;;;;;totalizer;none;slot-service;UNSATISFIABLE;0.138963786;300.0;0;0;0;0;0;;;;;;;;
6;TOT-none-ss;instance_40_10_5_25;weighted;weighted;weighted-sum;-;;;;;;totalizer;none;slot-service;UNSATISFIABLE;0.075963858;300.0;0;0;0;0;0;;;;;;;;
6;TOT-none-ss;instance_40_10_5_26;weighted;weighted;weighted-sum;-;;;;;;totalizer;none;slot-service;UNSATISFIABLE;0.208812001;300.0;0;0;0;0;0;;;;;;;;
6;TOT-none-ss;instance_40_10_5_27;weighted;weighted;weighted-sum;-;;;;;;totalizer;none;slot-service;UNSATISFIABLE;0.127480826;300.0;0;0;0;0;0;;;;;;;;
6;TOT-none-ss;instance_40_10_5_28;weighted;weighted;weighted-sum;-;;;;;;totalizer;none;slot-service;TIMEOUT;300.121511;300.0;0;0;0;0;0;;;;;;;;
6;TOT-none-ss;instance_40_10_5_29;weighted;weighted;weighted-sum;-;;;;;;totalizer;none;slot-service;OPTIMUM;47.15635769;300.0;47.0771405;1;11810;148296;2387;698.0;698.0;702.0;4.0;0.0;200.0;weighted_score;698
6;TOT-none-ss;instance_40_10_5_3;weighted;weighted;weighted-sum;-;;;;;;totalizer;none;slot-service;UNSATISFIABLE;0.171568565;300.0;0;0;0;0;0;;;;;;;;
6;TOT-none-ss;instance_40_10_5_30;weighted;weighted;weighted-sum;-;;;;;;totalizer;none;slot-service;UNSATISFIABLE;0.059974563;300.0;0;0;0;0;0;;;;;;;;
6;TOT-none-ss;instance_40_10_5_31;weighted;weighted;weighted-sum;-;;;;;;totalizer;none;slot-service;UNSATISFIABLE;0.089036222;300.0;0;0;0;0;0;;;;;;;;
6;TOT-none-ss;instance_40_10_5_32;weighted;weighted;weighted-sum;-;;;;;;totalizer;none;slot-service;OPTIMUM;33.65115133;300.0;33.57907208;1;10594;134535;2311;699.0;699.0;701.0;2.0;0.0;200.0;weighted_score;699
6;TOT-none-ss;instance_40_10_5_33;weighted;weighted;weighted-sum;-;;;;;;totalizer;none;slot-service;UNSATISFIABLE;0.099928597;300.0;0;0;0;0;0;;;;;;;;
6;TOT-none-ss;instance_40_10_5_34;weighted;weighted;weighted-sum;-;;;;;;totalizer;none;slot-service;UNSATISFIABLE;1.143955428;300.0;0;0;0;0;0;;;;;;;;
6;TOT-none-ss;instance_40_10_5_35;weighted;weighted;weighted-sum;-;;;;;;totalizer;none;slot-service;UNSATISFIABLE;0.077706482;300.0;0;0;0;0;0;;;;;;;;
6;TOT-none-ss;instance_40_10_5_36;weighted;weighted;weighted-sum;-;;;;;;totalizer;none;slot-service;UNSATISFIABLE;0.209471059;300.0;0;0;0;0;0;;;;;;;;
6;TOT-none-ss;instance_40_10_5_37;weighted;weighted;weighted-sum;-;;;;;;totalizer;none;slot-service;UNSATISFIABLE;0.079668126;300.0;0;0;0;0;0;;;;;;;;
6;TOT-none-ss;instance_40_10_5_38;weighted;weighted;weighted-sum;-;;;;;;totalizer;none;slot-service;UNSATISFIABLE;0.077177924;300.0;0;0;0;0;0;;;;;;;;
6;TOT-none-ss;instance_40_10_5_39;weighted;weighted;weighted-sum;-;;;;;;totalizer;none;slot-service;OPTIMUM;91.20949599;300.0;91.14946691;1;10523;126335;2189;691.0;691.0;696.0;5.0;0.0;200.0;weighted_score;691
6;TOT-none-ss;instance_40_10_5_4;weighted;weighted;weighted-sum;-;;;;;;totalizer;none;slot-service;UNSATISFIABLE;0.078470133;300.0;0;0;0;0;0;;;;;;;;
6;TOT-none-ss;instance_40_10_5_40;weighted;weighted;weighted-sum;-;;;;;;totalizer;none;slot-service;UNSATISFIABLE;0.082063505;300.0;0;0;0;0;0;;;;;;;;
6;TOT-none-ss;instance_40_10_5_41;weighted;weighted;weighted-sum;-;;;;;;totalizer;none;slot-service;UNSATISFIABLE;0.530219573;300.0;0;0;0;0;0;;;;;;;;
6;TOT-none-ss;instance_40_10_5_42;weighted;weighted;weighted-sum;-;;;;;;totalizer;none;slot-service;UNSATISFIABLE;0.075444983;300.0;0;0;0;0;0;;;;;;;;
6;TOT-none-ss;instance_40_10_5_43;weighted;weighted;weighted-sum;-;;;;;;totalizer;none;slot-service;UNSATISFIABLE;0.077954943;300.0;0;0;0;0;0;;;;;;;;
6;TOT-none-ss;instance_40_10_5_44;weighted;weighted;weighted-sum;-;;;;;;totalizer;none;slot-service;OPTIMUM;28.524566;300.0;28.4657751;1;9885;116306;2059;634.0;634.0;647.0;13.0;0.0;200.0;weighted_score;634
6;TOT-none-ss;instance_40_10_5_45;weighted;weighted;weighted-sum;-;;;;;;totalizer;none;slot-service;TIMEOUT;300.1214502;300.0;0;0;0;0;0;;;;;;;;
6;TOT-none-ss;instance_40_10_5_46;weighted;weighted;weighted-sum;-;;;;;;totalizer;none;slot-service;UNSATISFIABLE;0.082916109;300.0;0;0;0;0;0;;;;;;;;
6;TOT-none-ss;instance_40_10_5_47;weighted;weighted;weighted-sum;-;;;;;;totalizer;none;slot-service;UNSATISFIABLE;0.085356336;300.0;0;0;0;0;0;;;;;;;;
6;TOT-none-ss;instance_40_10_5_48;weighted;weighted;weighted-sum;-;;;;;;totalizer;none;slot-service;UNSATISFIABLE;0.122741292;300.0;0;0;0;0;0;;;;;;;;
6;TOT-none-ss;instance_40_10_5_49;weighted;weighted;weighted-sum;-;;;;;;totalizer;none;slot-service;OPTIMUM;151.8795566;300.0;151.7874944;1;12815;177482;2407;710.0;710.0;722.0;12.0;0.0;200.0;weighted_score;710
6;TOT-none-ss;instance_40_10_5_5;weighted;weighted;weighted-sum;-;;;;;;totalizer;none;slot-service;TIMEOUT;300.112799;300.0;0;0;0;0;0;;;;;;;;
6;TOT-none-ss;instance_40_10_5_50;weighted;weighted;weighted-sum;-;;;;;;totalizer;none;slot-service;UNSATISFIABLE;0.088596363;300.0;0;0;0;0;0;;;;;;;;
6;TOT-none-ss;instance_40_10_5_6;weighted;weighted;weighted-sum;-;;;;;;totalizer;none;slot-service;TIMEOUT;300.1182518;300.0;0;0;0;0;0;;;;;;;;
6;TOT-none-ss;instance_40_10_5_7;weighted;weighted;weighted-sum;-;;;;;;totalizer;none;slot-service;OPTIMUM;48.84767036;300.0;48.76918458;1;11140;153293;2328;695.0;695.0;703.0;8.0;0.0;200.0;weighted_score;695
6;TOT-none-ss;instance_40_10_5_8;weighted;weighted;weighted-sum;-;;;;;;totalizer;none;slot-service;UNSATISFIABLE;0.081156248;300.0;0;0;0;0;0;;;;;;;;
6;TOT-none-ss;instance_40_10_5_9;weighted;weighted;weighted-sum;-;;;;;;totalizer;none;slot-service;UNSATISFIABLE;0.114667111;300.0;0;0;0;0;0;;;;;;;;
6;TOT-none-ss;instance_40_15_5_1;weighted;weighted;weighted-sum;-;;;;;;totalizer;none;slot-service;OPTIMUM;134.4712071;300.0;134.3409174;1;16387;252586;3457;751.0;751.0;756.0;4.0;1.0;200.0;weighted_score;751
6;TOT-none-ss;instance_40_15_5_10;weighted;weighted;weighted-sum;-;;;;;;totalizer;none;slot-service;OPTIMUM;29.89769309;300.0;29.7821559;1;15206;204451;3198;724.0;724.0;731.0;7.0;0.0;200.0;weighted_score;724
6;TOT-none-ss;instance_40_15_5_11;weighted;weighted;weighted-sum;-;;;;;;totalizer;none;slot-service;OPTIMUM;48.31482236;300.0;48.20036371;1;14642;204375;3247;695.0;695.0;699.0;4.0;0.0;200.0;weighted_score;695
6;TOT-none-ss;instance_40_15_5_12;weighted;weighted;weighted-sum;-;;;;;;totalizer;none;slot-service;OPTIMUM;72.23111654;300.0;72.10416281;1;16879;239104;3350;773.0;773.0;773.0;0.0;0.0;200.0;weighted_score;773
6;TOT-none-ss;instance_40_15_5_13;weighted;weighted;weighted-sum;-;;;;;;totalizer;none;slot-service;UNSATISFIABLE;0.304442039;300.0;0;0;0;0;0;;;;;;;;
6;TOT-none-ss;instance_40_15_5_14;weighted;weighted;weighted-sum;-;;;;;;totalizer;none;slot-service;OPTIMUM;67.64667043;300.0;67.52186768;1;16003;232492;3227;711.0;711.0;722.0;11.0;0.0;200.0;weighted_score;711
6;TOT-none-ss;instance_40_15_5_15;weighted;weighted;weighted-sum;-;;;;;;totalizer;none;slot-service;OPTIMUM;53.46653081;300.0;53.33439996;1;17474;249923;3438;736.0;736.0;744.0;8.0;0.0;200.0;weighted_score;736
6;TOT-none-ss;instance_40_15_5_16;weighted;weighted;weighted-sum;-;;;;;;totalizer;none;slot-service;TIMEOUT;300.1297636;300.0;0;0;0;0;0;;;;;;;;
6;TOT-none-ss;instance_40_15_5_17;weighted;weighted;weighted-sum;-;;;;;;totalizer;none;slot-service;TIMEOUT;300.118533;300.0;0;0;0;0;0;;;;;;;;
6;TOT-none-ss;instance_40_15_5_18;weighted;weighted;weighted-sum;-;;;;;;totalizer;none;slot-service;OPTIMUM;40.69920884;300.0;40.61138831;1;13527;168335;3134;685.0;685.0;692.0;7.0;0.0;200.0;weighted_score;685
6;TOT-none-ss;instance_40_15_5_19;weighted;weighted;weighted-sum;-;;;;;;totalizer;none;slot-service;UNSATISFIABLE;0.154496706;300.0;0;0;0;0;0;;;;;;;;
6;TOT-none-ss;instance_40_15_5_2;weighted;weighted;weighted-sum;-;;;;;;totalizer;none;slot-service;OPTIMUM;66.47730737;300.0;66.39183744;1;13194;163672;3038;714.0;714.0;727.0;13.0;0.0;200.0;weighted_score;714
6;TOT-none-ss;instance_40_15_5_20;weighted;weighted;weighted-sum;-;;;;;;totalizer;none;slot-service;OPTIMUM;50.68344649;300.0;50.586091;1;14738;189517;3176;703.0;703.0;712.0;9.0;0.0;200.0;weighted_score;703
6;TOT-none-ss;instance_40_15_5_21;weighted;weighted;weighted-sum;-;;;;;;totalizer;none;slot-service;OPTIMUM;38.2498931;300.0;38.10548529;1;18103;274575;3399;732.0;732.0;738.0;6.0;0.0;200.0;weighted_score;732
6;TOT-none-ss;instance_40_15_5_22;weighted;weighted;weighted-sum;-;;;;;;totalizer;none;slot-service;UNSATISFIABLE;0.115942652;300.0;0;0;0;0;0;;;;;;;;
6;TOT-none-ss;instance_40_15_5_23;weighted;weighted;weighted-sum;-;;;;;;totalizer;none;slot-service;OPTIMUM;26.00921867;300.0;25.93489402;1;11570;133488;2884;717.0;717.0;719.0;2.0;0.0;200.0;weighted_score;717
6;TOT-none-ss;instance_40_15_5_24;weighted;weighted;weighted-sum;-;;;;;;totalizer;none;slot-service;OPTIMUM;96.97496318;300.0;96.87909845;1;14278;188903;3010;723.0;723.0;733.0;10.0;0.0;200.0;weighted_score;723
6;TOT-none-ss;instance_40_15_5_25;weighted;weighted;weighted-sum;-;;;;;;totalizer;none;slot-service;UNSATISFIABLE;0.148256469;300.0;0;0;0;0;0;;;;;;;;
6;TOT-none-ss;instance_40_15_5_26;weighted;weighted;weighted-sum;-;;;;;;totalizer;none;slot-service;OPTIMUM;64.66454734;300.0;64.56288998;1;13994;193671;3105;710.0;710.0;722.0;12.0;0.0;200.0;weighted_score;710
6;TOT-none-ss;instance_40_15_5_27;weighted;weighted;weighted-sum;-;;;;;;totalizer;none;slot-service;OPTIMUM;53.16370395;300.0;53.08218879;1;12356;145967;3072;640.0;640.0;657.0;16.0;1.0;200.0;weighted_score;640
6;TOT-none-ss;instance_40_15_5_28;weighted;weighted;weighted-sum;-;;;;;;totalizer;none;slot-service;OPTIMUM;29.5246362;300.0;29.43047403;1;14740;188473;3477;749.0;749.0;752.0;3.0;0.0;200.0;weighted_score;749
6;TOT-none-ss;instance_40_15_5_29;weighted;weighted;weighted-sum;-;;;;;;totalizer;none;slot-service;UNSATISFIABLE;0.200705469;300.0;0;0;0;0;0;;;;;;;;
6;TOT-none-ss;instance_40_15_5_3;weighted;weighted;weighted-sum;-;;;;;;totalizer;none;slot-service;OPTIMUM;62.13299603;300.0;61.9903112;1;17654;265834;3639;745.0;745.0;749.0;4.0;0.0;200.0;weighted_score;745
6;TOT-none-ss;instance_40_15_5_30;weighted;weighted;weighted-sum;-;;;;;;totalizer;none;slot-service;OPTIMUM;40.81550708;300.0;40.67108929;1;17327;273975;3294;706.0;706.0;715.0;9.0;0.0;200.0;weighted_score;706
6;TOT-none-ss;instance_40_15_5_31;weighted;weighted;weighted-sum;-;;;;;;totalizer;none;slot-service;OPTIMUM;47.52920293;300.0;47.42728881;1;15570;200438;3383;717.0;717.0;728.0;11.0;0.0;200.0;weighted_score;717
6;TOT-none-ss;instance_40_15_5_32;weighted;weighted;weighted-sum;-;;;;;;totalizer;none;slot-service;UNSATISFIABLE;0.195869915;300.0;0;0;0;0;0;;;;;;;;
6;TOT-none-ss;instance_40_15_5_33;weighted;weighted;weighted-sum;-;;;;;;totalizer;none;slot-service;OPTIMUM;117.6232035;300.0;117.538698;1;12367;149315;2925;676.0;676.0;682.0;6.0;0.0;200.0;weighted_score;676
6;TOT-none-ss;instance_40_15_5_34;weighted;weighted;weighted-sum;-;;;;;;totalizer;none;slot-service;OPTIMUM;163.0547056;300.0;162.9407483;1;16785;246602;3397;728.0;728.0;737.0;9.0;0.0;200.0;weighted_score;728
6;TOT-none-ss;instance_40_15_5_35;weighted;weighted;weighted-sum;-;;;;;;totalizer;none;slot-service;OPTIMUM;63.48284076;300.0;63.37319545;1;16280;227731;3325;743.0;743.0;748.0;5.0;0.0;200.0;weighted_score;743
6;TOT-none-ss;instance_40_15_5_36;weighted;weighted;weighted-sum;-;;;;;;totalizer;none;slot-service;UNSATISFIABLE;0.343447936;300.0;0;0;0;0;0;;;;;;;;
6;TOT-none-ss;instance_40_15_5_37;weighted;weighted;weighted-sum;-;;;;;;totalizer;none;slot-service;UNSATISFIABLE;0.334733373;300.0;0;0;0;0;0;;;;;;;;
6;TOT-none-ss;instance_40_15_5_38;weighted;weighted;weighted-sum;-;;;;;;totalizer;none;slot-service;UNSATISFIABLE;0.126120281;300.0;0;0;0;0;0;;;;;;;;
6;TOT-none-ss;instance_40_15_5_39;weighted;weighted;weighted-sum;-;;;;;;totalizer;none;slot-service;OPTIMUM;47.9732954;300.0;47.8734449;1;15290;208923;3368;700.0;700.0;707.0;7.0;0.0;200.0;weighted_score;700
6;TOT-none-ss;instance_40_15_5_4;weighted;weighted;weighted-sum;-;;;;;;totalizer;none;slot-service;OPTIMUM;26.60403872;300.0;26.50150631;1;15655;224638;3409;728.0;728.0;737.0;9.0;0.0;200.0;weighted_score;728
6;TOT-none-ss;instance_40_15_5_40;weighted;weighted;weighted-sum;-;;;;;;totalizer;none;slot-service;OPTIMUM;44.15386173;300.0;44.06385812;1;13947;182620;3214;696.0;696.0;710.0;14.0;0.0;200.0;weighted_score;696
6;TOT-none-ss;instance_40_15_5_41;weighted;weighted;weighted-sum;-;;;;;;totalizer;none;slot-service;OPTIMUM;25.62103999;300.0;25.52728492;1;14222;192363;3259;744.0;744.0;745.0;1.0;0.0;200.0;weighted_score;744
6;TOT-none-ss;instance_40_15_5_42;weighted;weighted;weighted-sum;-;;;;;;totalizer;none;slot-service;OPTIMUM;24.4931034;300.0;24.42836712;1;11207;128194;2907;685.0;685.0;694.0;9.0;0.0;200.0;weighted_score;685
6;TOT-none-ss;instance_40_15_5_43;weighted;weighted;weighted-sum;-;;;;;;totalizer;none;slot-service;OPTIMUM;59.55024129;300.0;59.43884972;1;16280;249971;3276;746.0;746.0;752.0;6.0;0.0;200.0;weighted_score;746
6;TOT-none-ss;instance_40_15_5_44;weighted;weighted;weighted-sum;-;;;;;;totalizer;none;slot-service;UNSATISFIABLE;0.758010237;300.0;0;0;0;0;0;;;;;;;;
6;TOT-none-ss;instance_40_15_5_45;weighted;weighted;weighted-sum;-;;;;;;totalizer;none;slot-service;OPTIMUM;96.05343843;300.0;95.96285802;1;13112;172886;3047;716.0;716.0;724.0;8.0;0.0;200.0;weighted_score;716
6;TOT-none-ss;instance_40_15_5_46;weighted;weighted;weighted-sum;-;;;;;;totalizer;none;slot-service;OPTIMUM;36.47221723;300.0;36.38567148;1;13359;164385;3123;649.0;649.0;661.0;12.0;0.0;200.0;weighted_score;649
6;TOT-none-ss;instance_40_15_5_47;weighted;weighted;weighted-sum;-;;;;;;totalizer;none;slot-service;OPTIMUM;33.36852066;300.0;33.27311972;1;14654;189350;3162;656.0;656.0;665.0;9.0;0.0;200.0;weighted_score;656
6;TOT-none-ss;instance_40_15_5_48;weighted;weighted;weighted-sum;-;;;;;;totalizer;none;slot-service;OPTIMUM;46.25630156;300.0;46.17056024;1;12985;154991;2972;660.0;660.0;670.0;10.0;0.0;200.0;weighted_score;660
6;TOT-none-ss;instance_40_15_5_49;weighted;weighted;weighted-sum;-;;;;;;totalizer;none;slot-service;UNSATISFIABLE;0.129696336;300.0;0;0;0;0;0;;;;;;;;
6;TOT-none-ss;instance_40_15_5_5;weighted;weighted;weighted-sum;-;;;;;;totalizer;none;slot-service;UNSATISFIABLE;0.269361374;300.0;0;0;0;0;0;;;;;;;;
6;TOT-none-ss;instance_40_15_5_50;weighted;weighted;weighted-sum;-;;;;;;totalizer;none;slot-service;OPTIMUM;52.76914201;300.0;52.6748896;1;14275;184018;3021;701.0;701.0;708.0;7.0;0.0;200.0;weighted_score;701
6;TOT-none-ss;instance_40_15_5_6;weighted;weighted;weighted-sum;-;;;;;;totalizer;none;slot-service;UNSATISFIABLE;0.420675775;300.0;0;0;0;0;0;;;;;;;;
6;TOT-none-ss;instance_40_15_5_7;weighted;weighted;weighted-sum;-;;;;;;totalizer;none;slot-service;OPTIMUM;202.7882133;300.0;202.6501886;1;17141;267501;3396;757.0;757.0;761.0;4.0;0.0;200.0;weighted_score;757
6;TOT-none-ss;instance_40_15_5_8;weighted;weighted;weighted-sum;-;;;;;;totalizer;none;slot-service;OPTIMUM;44.9461497;300.0;44.85206787;1;14522;183402;3259;694.0;694.0;704.0;10.0;0.0;200.0;weighted_score;694
6;TOT-none-ss;instance_40_15_5_9;weighted;weighted;weighted-sum;-;;;;;;totalizer;none;slot-service;TIMEOUT;300.1128687;300.0;0;0;0;0;0;;;;;;;;
6;TOT-none-ss;instance_40_20_5_1;weighted;weighted;weighted-sum;-;;;;;;totalizer;none;slot-service;TIMEOUT;300.1242114;300.0;0;0;0;0;0;;;;;;;;
6;TOT-none-ss;instance_40_20_5_10;weighted;weighted;weighted-sum;-;;;;;;totalizer;none;slot-service;OPTIMUM;24.37461912;300.0;24.27679993;1;16453;195869;4081;716.0;716.0;724.0;8.0;0.0;200.0;weighted_score;716
6;TOT-none-ss;instance_40_20_5_11;weighted;weighted;weighted-sum;-;;;;;;totalizer;none;slot-service;OPTIMUM;32.6037365;300.0;32.44874452;1;19559;279451;4143;734.0;734.0;738.0;4.0;0.0;200.0;weighted_score;734
6;TOT-none-ss;instance_40_20_5_12;weighted;weighted;weighted-sum;-;;;;;;totalizer;none;slot-service;OPTIMUM;69.59871005;300.0;69.47734425;1;18765;258867;4408;724.0;724.0;735.0;11.0;0.0;200.0;weighted_score;724
6;TOT-none-ss;instance_40_20_5_13;weighted;weighted;weighted-sum;-;;;;;;totalizer;none;slot-service;OPTIMUM;48.68059496;300.0;48.56073958;1;19305;254937;4312;763.0;763.0;767.0;4.0;0.0;200.0;weighted_score;763
6;TOT-none-ss;instance_40_20_5_14;weighted;weighted;weighted-sum;-;;;;;;totalizer;none;slot-service;OPTIMUM;55.90526805;300.0;55.75210047;1;20639;310889;4541;772.0;772.0;772.0;0.0;0.0;200.0;weighted_score;772
6;TOT-none-ss;instance_40_20_5_15;weighted;weighted;weighted-sum;-;;;;;;totalizer;none;slot-service;OPTIMUM;22.66693845;300.0;22.55972035;1;17374;212518;4109;745.0;745.0;751.0;6.0;0.0;200.0;weighted_score;745
6;TOT-none-ss;instance_40_20_5_16;weighted;weighted;weighted-sum;-;;;;;;totalizer;none;slot-service;OPTIMUM;25.6662294;300.0;25.56214812;1;16850;222304;4090;745.0;745.0;751.0;6.0;0.0;200.0;weighted_score;745
6;TOT-none-ss;instance_40_20_5_17;weighted;weighted;weighted-sum;-;;;;;;totalizer;none;slot-service;OPTIMUM;62.27335342;300.0;62.10798267;1;21070;342564;4329;737.0;737.0;745.0;8.0;0.0;200.0;weighted_score;737
6;TOT-none-ss;instance_40_20_5_18;weighted;weighted;weighted-sum;-;;;;;;totalizer;none;slot-service;OPTIMUM;46.72293745;300.0;46.62216394;1;16476;204651;4143;758.0;758.0;763.0;5.0;0.0;200.0;weighted_score;758
6;TOT-none-ss;instance_40_20_5_19;weighted;weighted;weighted-sum;-;;;;;;totalizer;none;slot-service;OPTIMUM;39.73765902;300.0;39.58169027;1;20887;300666;4519;753.0;753.0;758.0;5.0;0.0;200.0;weighted_score;753
6;TOT-none-ss;instance_40_20_5_2;weighted;weighted;weighted-sum;-;;;;;;totalizer;none;slot-service;OPTIMUM;49.91943465;300.0;49.77124592;1;19766;276066;4418;751.0;751.0;761.0;10.0;0.0;200.0;weighted_score;751
6;TOT-none-ss;instance_40_20_5_20;weighted;weighted;weighted-sum;-;;;;;;totalizer;none;slot-service;OPTIMUM;40.39908391;300.0;40.25359819;1;19163;267856;4106;776.0;776.0;779.0;3.0;0.0;200.0;weighted_score;776
6;TOT-none-ss;instance_40_20_5_21;weighted;weighted;weighted-sum;-;;;;;;totalizer;none;slot-service;OPTIMUM;37.7906472;300.0;37.62588802;1;21651;338075;4406;761.0;761.0;763.0;2.0;0.0;200.0;weighted_score;761
6;TOT-none-ss;instance_40_20_5_22;weighted;weighted;weighted-sum;-;;;;;;totalizer;none;slot-service;OPTIMUM;117.9756092;300.0;117.8260633;1;20081;289045;4476;758.0;758.0;764.0;6.0;0.0;200.0;weighted_score;758
6;TOT-none-ss;instance_40_20_5_23;weighted;weighted;weighted-sum;-;;;;;;totalizer;none;slot-service;OPTIMUM;34.73865312;300.0;34.61479007;1;19714;256915;4458;766.0;766.0;771.0;5.0;0.0;200.0;weighted_score;766
6;TOT-none-ss;instance_40_20_5_24;weighted;weighted;weighted-sum;-;;;;;;totalizer;none;slot-service;OPTIMUM;47.24233464;300.0;47.12711006;1;18203;239968;4104;740.0;740.0;749.0;9.0;0.0;200.0;weighted_score;740
6;TOT-none-ss;instance_40_20_5_25;weighted;weighted;weighted-sum;-;;;;;;totalizer;none;slot-service;TIMEOUT;300.1285303;300.0;0;0;0;0;0;;;;;;;;
6;TOT-none-ss;instance_40_20_5_26;weighted;weighted;weighted-sum;-;;;;;;totalizer;none;slot-service;OPTIMUM;66.95139569;300.0;66.78708041;1;21467;327992;4250;772.0;772.0;772.0;0.0;0.0;200.0;weighted_score;772
6;TOT-none-ss;instance_40_20_5_27;weighted;weighted;weighted-sum;-;;;;;;totalizer;none;slot-service;OPTIMUM;47.62663665;300.0;47.53027541;1;14726;188174;3661;689.0;689.0;700.0;11.0;0.0;200.0;weighted_score;689
6;TOT-none-ss;instance_40_20_5_28;weighted;weighted;weighted-sum;-;;;;;;totalizer;none;slot-service;OPTIMUM;25.2848014;300.0;25.12550208;1;19330;304937;4072;743.0;743.0;746.0;3.0;0.0;200.0;weighted_score;743
6;TOT-none-ss;instance_40_20_5_29;weighted;weighted;weighted-sum;-;;;;;;totalizer;none;slot-service;OPTIMUM;53.79531702;300.0;53.6474119;1;19729;281751;4314;734.0;734.0;746.0;12.0;0.0;200.0;weighted_score;734
6;TOT-none-ss;instance_40_20_5_3;weighted;weighted;weighted-sum;-;;;;;;totalizer;none;slot-service;OPTIMUM;55.86727418;300.0;55.75200163;1;17580;233148;4027;757.0;757.0;758.0;1.0;0.0;200.0;weighted_score;757
6;TOT-none-ss;instance_40_20_5_30;weighted;weighted;weighted-sum;-;;;;;;totalizer;none;slot-service;OPTIMUM;56.02341702;300.0;55.87366335;1;19639;277621;4400;755.0;755.0;759.0;4.0;0.0;200.0;weighted_score;755
6;TOT-none-ss;instance_40_20_5_31;weighted;weighted;weighted-sum;-;;;;;;totalizer;none;slot-service;OPTIMUM;22.63332934;300.0;22.5174627;1;17940;237757;4153;737.0;737.0;741.0;4.0;0.0;200.0;weighted_score;737
6;TOT-none-ss;instance_40_20_5_32;weighted;weighted;weighted-sum;-;;;;;;totalizer;none;slot-service;UNSATISFIABLE;0.31076741;300.0;0;0;0;0;0;;;;;;;;
6;TOT-none-ss;instance_40_20_5_33;weighted;weighted;weighted-sum;-;;;;;;totalizer;none;slot-service;OPTIMUM;67.35083208;300.0;67.19240246;1;20941;333100;4331;769.0;769.0;775.0;6.0;0.0;200.0;weighted_score;769
6;TOT-none-ss;instance_40_20_5_34;weighted;weighted;weighted-sum;-;;;;;;totalizer;none;slot-service;OPTIMUM;254.610464;300.0;254.4648825;1;19088;272085;4151;748.0;748.0;759.0;9.0;2.0;200.0;weighted_score;748
6;TOT-none-ss;instance_40_20_5_35;weighted;weighted;weighted-sum;-;;;;;;totalizer;none;slot-service;UNSATISFIABLE;0.432640489;300.0;0;0;0;0;0;;;;;;;;
6;TOT-none-ss;instance_40_20_5_36;weighted;weighted;weighted-sum;-;;;;;;totalizer;none;slot-service;OPTIMUM;56.59254715;300.0;56.47075207;1;18268;243262;4267;722.0;722.0;732.0;10.0;0.0;200.0;weighted_score;722
6;TOT-none-ss;instance_40_20_5_37;weighted;weighted;weighted-sum;-;;;;;;totalizer;none;slot-service;OPTIMUM;50.77941726;300.0;50.65272521;1;19181;253776;4340;771.0;771.0;772.0;1.0;0.0;200.0;weighted_score;771
6;TOT-none-ss;instance_40_20_5_38;weighted;weighted;weighted-sum;-;;;;;;totalizer;none;slot-service;OPTIMUM;16.96967867;300.0;16.82242479;1;18846;278811;4283;764.0;764.0;765.0;1.0;0.0;200.0;weighted_score;764
6;TOT-none-ss;instance_40_20_5_39;weighted;weighted;weighted-sum;-;;;;;;totalizer;none;slot-service;OPTIMUM;111.2347488;300.0;111.0794386;1;19984;272035;4440;776.0;776.0;777.0;1.0;0.0;200.0;weighted_score;776
6;TOT-none-ss;instance_40_20_5_4;weighted;weighted;weighted-sum;-;;;;;;totalizer;none;slot-service;OPTIMUM;49.02817914;300.0;48.87330801;1;19708;269909;4315;723.0;723.0;733.0;10.0;0.0;200.0;weighted_score;723
6;TOT-none-ss;instance_40_20_5_40;weighted;weighted;weighted-sum;-;;;;;;totalizer;none;slot-service;OPTIMUM;71.85798224;300.0;71.7073905;1;18958;263510;4031;688.0;688.0;700.0;12.0;0.0;200.0;weighted_score;688
6;TOT-none-ss;instance_40_20_5_41;weighted;weighted;weighted-sum;-;;;;;;totalizer;none;slot-service;OPTIMUM;35.63186166;300.0;35.51814602;1;17533;222345;3938;723.0;723.0;733.0;10.0;0.0;200.0;weighted_score;723
6;TOT-none-ss;instance_40_20_5_42;weighted;weighted;weighted-sum;-;;;;;;totalizer;none;slot-service;OPTIMUM;45.51726974;300.0;45.34759112;1;20896;321999;4081;722.0;722.0;733.0;11.0;0.0;200.0;weighted_score;722
6;TOT-none-ss;instance_40_20_5_43;weighted;weighted;weighted-sum;-;;;;;;totalizer;none;slot-service;OPTIMUM;32.57882328;300.0;32.40716752;1;21832;351586;4425;756.0;756.0;758.0;2.0;0.0;200.0;weighted_score;756
6;TOT-none-ss;instance_40_20_5_44;weighted;weighted;weighted-sum;-;;;;;;totalizer;none;slot-service;OPTIMUM;43.12224836;300.0;42.97073093;1;19394;272719;4337;735.0;735.0;744.0;9.0;0.0;200.0;weighted_score;735
6;TOT-none-ss;instance_40_20_5_45;weighted;weighted;weighted-sum;-;;;;;;totalizer;none;slot-service;TIMEOUT;300.121042;300.0;0;0;0;0;0;;;;;;;;
6;TOT-none-ss;instance_40_20_5_46;weighted;weighted;weighted-sum;-;;;;;;totalizer;none;slot-service;OPTIMUM;39.37126514;300.0;39.26067961;1;17307;213381;3956;741.0;741.0;753.0;12.0;0.0;200.0;weighted_score;741
6;TOT-none-ss;instance_40_20_5_47;weighted;weighted;weighted-sum;-;;;;;;totalizer;none;slot-service;OPTIMUM;53.53784653;300.0;53.42688456;1;17641;217284;3995;703.0;703.0;717.0;14.0;0.0;200.0;weighted_score;703
6;TOT-none-ss;instance_40_20_5_48;weighted;weighted;weighted-sum;-;;;;;;totalizer;none;slot-service;OPTIMUM;29.76828244;300.0;29.61745497;1;19870;290734;4374;767.0;767.0;774.0;7.0;0.0;200.0;weighted_score;767
6;TOT-none-ss;instance_40_20_5_49;weighted;weighted;weighted-sum;-;;;;;;totalizer;none;slot-service;OPTIMUM;56.98669057;300.0;56.81966779;1;22504;339072;4512;776.0;776.0;785.0;9.0;0.0;200.0;weighted_score;776
6;TOT-none-ss;instance_40_20_5_5;weighted;weighted;weighted-sum;-;;;;;;totalizer;none;slot-service;UNSATISFIABLE;16.69743919;300.0;0;0;0;0;0;;;;;;;;
6;TOT-none-ss;instance_40_20_5_50;weighted;weighted;weighted-sum;-;;;;;;totalizer;none;slot-service;OPTIMUM;43.24742674;300.0;43.14456766;1;16267;203308;3989;729.0;729.0;738.0;9.0;0.0;200.0;weighted_score;729
6;TOT-none-ss;instance_40_20_5_6;weighted;weighted;weighted-sum;-;;;;;;totalizer;none;slot-service;OPTIMUM;45.79530969;300.0;45.63093796;1;21253;336706;4147;733.0;733.0;746.0;13.0;0.0;200.0;weighted_score;733
6;TOT-none-ss;instance_40_20_5_7;weighted;weighted;weighted-sum;-;;;;;;totalizer;none;slot-service;OPTIMUM;7.106977344;300.0;6.997287296;1;16649;234217;3865;754.0;754.0;756.0;2.0;0.0;200.0;weighted_score;754
6;TOT-none-ss;instance_40_20_5_8;weighted;weighted;weighted-sum;-;;;;;;totalizer;none;slot-service;OPTIMUM;54.73088319;300.0;54.57518547;1;19709;310060;4331;775.0;775.0;777.0;2.0;0.0;200.0;weighted_score;775
6;TOT-none-ss;instance_40_20_5_9;weighted;weighted;weighted-sum;-;;;;;;totalizer;none;slot-service;OPTIMUM;50.81141023;300.0;50.71310874;1;15682;179505;3847;707.0;707.0;720.0;13.0;0.0;200.0;weighted_score;707
6;TOT-none-ss;instance_40_25_5_1;weighted;weighted;weighted-sum;-;;;;;;totalizer;none;slot-service;OPTIMUM;58.34758193;300.0;58.15086437;1;21810;326443;5042;779.0;779.0;782.0;3.0;0.0;200.0;weighted_score;779
6;TOT-none-ss;instance_40_25_5_10;weighted;weighted;weighted-sum;-;;;;;;totalizer;none;slot-service;OPTIMUM;49.8639864;300.0;49.63045841;1;26974;434446;5579;772.0;772.0;776.0;4.0;0.0;200.0;weighted_score;772
6;TOT-none-ss;instance_40_25_5_11;weighted;weighted;weighted-sum;-;;;;;;totalizer;none;slot-service;OPTIMUM;35.87069157;300.0;35.66949664;1;24338;365854;5310;783.0;783.0;784.0;1.0;0.0;200.0;weighted_score;783
6;TOT-none-ss;instance_40_25_5_12;weighted;weighted;weighted-sum;-;;;;;;totalizer;none;slot-service;OPTIMUM;55.79861294;300.0;55.59043535;1;24138;349053;5220;781.0;781.0;783.0;2.0;0.0;200.0;weighted_score;781
6;TOT-none-ss;instance_40_25_5_13;weighted;weighted;weighted-sum;-;;;;;;totalizer;none;slot-service;OPTIMUM;52.98441672;300.0;52.7629756;1;25137;383400;5572;784.0;784.0;786.0;2.0;0.0;200.0;weighted_score;784
6;TOT-none-ss;instance_40_25_5_14;weighted;weighted;weighted-sum;-;;;;;;totalizer;none;slot-service;OPTIMUM;84.10391777;300.0;83.87375936;1;27302;429954;5948;781.0;781.0;782.0;1.0;0.0;200.0;weighted_score;781
6;TOT-none-ss;instance_40_25_5_15;weighted;weighted;weighted-sum;-;;;;;;totalizer;none;slot-service;OPTIMUM;28.18867614;300.0;27.99471693;1;21380;314162;4880;715.0;715.0;720.0;5.0;0.0;200.0;weighted_score;715
6;TOT-none-ss;instance_40_25_5_16;weighted;weighted;weighted-sum;-;;;;;;totalizer;none;slot-service;OPTIMUM;43.86455664;300.0;43.65059048;1;23851;343674;5352;759.0;759.0;765.0;6.0;0.0;200.0;weighted_score;759
6;TOT-none-ss;instance_40_25_5_17;weighted;weighted;weighted-sum;-;;;;;;totalizer;none;slot-service;OPTIMUM;53.6962451;300.0;53.48288023;1;24595;372878;5422;745.0;745.0;752.0;7.0;0.0;200.0;weighted_score;745
6;TOT-none-ss;instance_40_25_5_18;weighted;weighted;weighted-sum;-;;;;;;totalizer;none;slot-service;OPTIMUM;75.12822101;300.0;74.92036341;1;23533;364756;5226;784.0;784.0;785.0;1.0;0.0;200.0;weighted_score;784
6;TOT-none-ss;instance_40_25_5_19;weighted;weighted;weighted-sum;-;;;;;;totalizer;none;slot-service;OPTIMUM;57.54329394;300.0;57.4063341;1;18773;231120;4888;734.0;734.0;742.0;8.0;0.0;200.0;weighted_score;734
6;TOT-none-ss;instance_40_25_5_2;weighted;weighted;weighted-sum;-;;;;;;totalizer;none;slot-service;OPTIMUM;30.66719976;300.0;30.46164344;1;23597;360807;5235;775.0;775.0;778.0;3.0;0.0;200.0;weighted_score;775
6;TOT-none-ss;instance_40_25_5_20;weighted;weighted;weighted-sum;-;;;;;;totalizer;none;slot-service;OPTIMUM;144.0225026;300.0;143.7904659;1;25843;418986;5198;767.0;767.0;772.0;5.0;0.0;200.0;weighted_score;767
6;TOT-none-ss;instance_40_25_5_21;weighted;weighted;weighted-sum;-;;;;;;totalizer;none;slot-service;OPTIMUM;35.16004956;300.0;34.94576267;1;24983;373866;5415;758.0;758.0;760.0;2.0;0.0;200.0;weighted_score;758
6;TOT-none-ss;instance_40_25_5_22;weighted;weighted;weighted-sum;-;;;;;;totalizer;none;slot-service;OPTIMUM;38.67163966;300.0;38.48909676;1;20896;282647;5001;761.0;761.0;768.0;7.0;0.0;200.0;weighted_score;761
6;TOT-none-ss;instance_40_25_5_23;weighted;weighted;weighted-sum;-;;;;;;totalizer;none;slot-service;OPTIMUM;61.38416723;300.0;61.151762;1;26547;415944;5481;769.0;769.0;771.0;2.0;0.0;200.0;weighted_score;769
6;TOT-none-ss;instance_40_25_5_24;weighted;weighted;weighted-sum;-;;;;;;totalizer;none;slot-service;OPTIMUM;42.08699551;300.0;41.90709358;1;21153;263759;5145;738.0;738.0;748.0;10.0;0.0;200.0;weighted_score;738
6;TOT-none-ss;instance_40_25_5_25;weighted;weighted;weighted-sum;-;;;;;;totalizer;none;slot-service;OPTIMUM;40.04727893;300.0;39.85662677;1;22041;289160;5200;761.0;761.0;769.0;8.0;0.0;200.0;weighted_score;761
6;TOT-none-ss;instance_40_25_5_26;weighted;weighted;weighted-sum;-;;;;;;totalizer;none;slot-service;OPTIMUM;77.46089993;300.0;77.24891101;1;24509;366067;5441;776.0;776.0;777.0;1.0;0.0;200.0;weighted_score;776
6;TOT-none-ss;instance_40_25_5_27;weighted;weighted;weighted-sum;-;;;;;;totalizer;none;slot-service;OPTIMUM;53.14743112;300.0;53.00070532;1;20176;257622;5004;739.0;739.0;753.0;14.0;0.0;200.0;weighted_score;739
6;TOT-none-ss;instance_40_25_5_28;weighted;weighted;weighted-sum;-;;;;;;totalizer;none;slot-service;OPTIMUM;67.36682118;300.0;67.16848115;1;23009;332423;5379;742.0;742.0;749.0;7.0;0.0;200.0;weighted_score;742
6;TOT-none-ss;instance_40_25_5_29;weighted;weighted;weighted-sum;-;;;;;;totalizer;none;slot-service;OPTIMUM;49.93720747;300.0;49.74120244;1;22048;294891;5218;746.0;746.0;753.0;7.0;0.0;200.0;weighted_score;746
6;TOT-none-ss;instance_40_25_5_3;weighted;weighted;weighted-sum;-;;;;;;totalizer;none;slot-service;OPTIMUM;67.39517082;300.0;67.18199549;1;23786;362054;5253;722.0;722.0;731.0;9.0;0.0;200.0;weighted_score;722
6;TOT-none-ss;instance_40_25_5_30;weighted;weighted;weighted-sum;-;;;;;;totalizer;none;slot-service;OPTIMUM;76.27494356;300.0;76.04331704;1;26441;425120;5587;766.0;766.0;770.0;4.0;0.0;200.0;weighted_score;766
6;TOT-none-ss;instance_40_25_5_31;weighted;weighted;weighted-sum;-;;;;;;totalizer;none;slot-service;OPTIMUM;49.16607012;300.0;48.92686495;1;26449;433412;5579;788.0;788.0;790.0;2.0;0.0;200.0;weighted_score;788
6;TOT-none-ss;instance_40_25_5_32;weighted;weighted;weighted-sum;-;;;;;;totalizer;none;slot-service;OPTIMUM;77.94415611;300.0;77.72956138;1;24490;360298;5410;710.0;710.0;722.0;12.0;0.0;200.0;weighted_score;710
6;TOT-none-ss;instance_40_25_5_33;weighted;weighted;weighted-sum;-;;;;;;totalizer;none;slot-service;OPTIMUM;62.95488222;300.0;62.78013744;1;20016;262580;4849;769.0;769.0;775.0;6.0;0.0;200.0;weighted_score;769
6;TOT-none-ss;instance_40_25_5_34;weighted;weighted;weighted-sum;-;;;;;;totalizer;none;slot-service;OPTIMUM;65.21209495;300.0;65.0041433;1;23890;371407;5079;764.0;764.0;769.0;5.0;0.0;200.0;weighted_score;764
6;TOT-none-ss;instance_40_25_5_35;weighted;weighted;weighted-sum;-;;;;;;totalizer;none;slot-service;OPTIMUM;63.41694471;300.0;63.19938425;1;25092;376376;5297;748.0;748.0;754.0;6.0;0.0;200.0;weighted_score;748
6;TOT-none-ss;instance_40_25_5_36;weighted;weighted;weighted-sum;-;;;;;;totalizer;none;slot-service;OPTIMUM;23.27018902;300.0;23.07346113;1;23280;333016;5415;788.0;788.0;788.0;0.0;0.0;200.0;weighted_score;788
6;TOT-none-ss;instance_40_25_5_37;weighted;weighted;weighted-sum;-;;;;;;totalizer;none;slot-service;OPTIMUM;71.70547103;300.0;71.52012969;1;21443;302317;5149;750.0;750.0;754.0;4.0;0.0;200.0;weighted_score;750
6;TOT-none-ss;instance_40_25_5_38;weighted;weighted;weighted-sum;-;;;;;;totalizer;none;slot-service;OPTIMUM;55.01012507;300.0;54.8178742;1;22004;310927;5033;736.0;736.0;739.0;3.0;0.0;200.0;weighted_score;736
6;TOT-none-ss;instance_40_25_5_39;weighted;weighted;weighted-sum;-;;;;;;totalizer;none;slot-service;OPTIMUM;58.16535042;300.0;57.96787534;1;21552;312881;4961;738.0;738.0;748.0;10.0;0.0;200.0;weighted_score;738
6;TOT-none-ss;instance_40_25_5_4;weighted;weighted;weighted-sum;-;;;;;;totalizer;none;slot-service;OPTIMUM;42.40422098;300.0;42.19253922;1;25267;366669;5462;779.0;779.0;783.0;4.0;0.0;200.0;weighted_score;779
6;TOT-none-ss;instance_40_25_5_40;weighted;weighted;weighted-sum;-;;;;;;totalizer;none;slot-service;OPTIMUM;33.04317984;300.0;32.86344398;1;21756;287193;5335;769.0;769.0;773.0;4.0;0.0;200.0;weighted_score;769
6;TOT-none-ss;instance_40_25_5_41;weighted;weighted;weighted-sum;-;;;;;;totalizer;none;slot-service;OPTIMUM;47.55235607;300.0;47.33373788;1;24140;393764;5080;765.0;765.0;770.0;5.0;0.0;200.0;weighted_score;765
6;TOT-none-ss;instance_40_25_5_42;weighted;weighted;weighted-sum;-;;;;;;totalizer;none;slot-service;OPTIMUM;25.62296844;300.0;25.48701869;1;18544;239876;4778;739.0;739.0;746.0;7.0;0.0;200.0;weighted_score;739
6;TOT-none-ss;instance_40_25_5_43;weighted;weighted;weighted-sum;-;;;;;;totalizer;none;slot-service;OPTIMUM;74.97575979;300.0;74.79076841;1;21555;298697;4975;766.0;766.0;772.0;6.0;0.0;200.0;weighted_score;766
6;TOT-none-ss;instance_40_25_5_44;weighted;weighted;weighted-sum;-;;;;;;totalizer;none;slot-service;OPTIMUM;19.73643301;300.0;19.52668414;1;23037;361687;5141;783.0;783.0;785.0;2.0;0.0;200.0;weighted_score;783
6;TOT-none-ss;instance_40_25_5_45;weighted;weighted;weighted-sum;-;;;;;;totalizer;none;slot-service;OPTIMUM;53.81484683;300.0;53.61357352;1;24789;375658;5516;705.0;705.0;709.0;4.0;0.0;200.0;weighted_score;705
6;TOT-none-ss;instance_40_25_5_46;weighted;weighted;weighted-sum;-;;;;;;totalizer;none;slot-service;UNSATISFIABLE;0.335626807;300.0;0;0;0;0;0;;;;;;;;
6;TOT-none-ss;instance_40_25_5_47;weighted;weighted;weighted-sum;-;;;;;;totalizer;none;slot-service;OPTIMUM;89.8875579;300.0;89.65270524;1;26638;424831;5386;782.0;782.0;784.0;2.0;0.0;200.0;weighted_score;782
6;TOT-none-ss;instance_40_25_5_48;weighted;weighted;weighted-sum;-;;;;;;totalizer;none;slot-service;OPTIMUM;40.86061739;300.0;40.66777654;1;22518;342562;5190;768.0;768.0;769.0;1.0;0.0;200.0;weighted_score;768
6;TOT-none-ss;instance_40_25_5_49;weighted;weighted;weighted-sum;-;;;;;;totalizer;none;slot-service;OPTIMUM;249.7794656;300.0;249.5723334;1;23515;347581;5205;720.0;720.0;734.0;14.0;0.0;200.0;weighted_score;720
6;TOT-none-ss;instance_40_25_5_5;weighted;weighted;weighted-sum;-;;;;;;totalizer;none;slot-service;OPTIMUM;62.97209885;300.0;62.76288681;1;26007;404057;5584;781.0;781.0;787.0;6.0;0.0;200.0;weighted_score;781
6;TOT-none-ss;instance_40_25_5_50;weighted;weighted;weighted-sum;-;;;;;;totalizer;none;slot-service;OPTIMUM;73.11749375;300.0;72.85578229;1;28972;489639;5582;786.0;786.0;790.0;4.0;0.0;200.0;weighted_score;786
6;TOT-none-ss;instance_40_25_5_6;weighted;weighted;weighted-sum;-;;;;;;totalizer;none;slot-service;OPTIMUM;51.46912185;300.0;51.24708033;1;24279;372834;5293;768.0;768.0;769.0;1.0;0.0;200.0;weighted_score;768
6;TOT-none-ss;instance_40_25_5_7;weighted;weighted;weighted-sum;-;;;;;;totalizer;none;slot-service;OPTIMUM;53.97741277;300.0;53.76368763;1;23801;380696;5107;784.0;784.0;785.0;1.0;0.0;200.0;weighted_score;784
6;TOT-none-ss;instance_40_25_5_8;weighted;weighted;weighted-sum;-;;;;;;totalizer;none;slot-service;OPTIMUM;40.76241535;300.0;40.57152601;1;21633;307154;5142;768.0;768.0;772.0;4.0;0.0;200.0;weighted_score;768
6;TOT-none-ss;instance_40_25_5_9;weighted;weighted;weighted-sum;-;;;;;;totalizer;none;slot-service;OPTIMUM;55.26909669;300.0;55.06066178;1;22753;339355;5254;775.0;775.0;776.0;1.0;0.0;200.0;weighted_score;775
7;TOT-both-none;instance_30_10_4_1;weighted;weighted;weighted-sum;-;;;;;;totalizer;both;none;OPTIMUM;11.24476961;300.0;11.19718793;1;9576;78887;1441;416.0;416.0;421.0;5.0;0.0;120.0;weighted_score;416
7;TOT-both-none;instance_30_10_4_10;weighted;weighted;weighted-sum;-;;;;;;totalizer;both;none;OPTIMUM;9.594273369;300.0;9.54946139;1;9291;73761;1399;403.0;403.0;410.0;7.0;0.0;120.0;weighted_score;403
7;TOT-both-none;instance_30_10_4_11;weighted;weighted;weighted-sum;-;;;;;;totalizer;both;none;OPTIMUM;16.35337695;300.0;16.30766967;1;9038;70474;1413;390.0;390.0;402.0;12.0;0.0;120.0;weighted_score;390
7;TOT-both-none;instance_30_10_4_12;weighted;weighted;weighted-sum;-;;;;;;totalizer;both;none;OPTIMUM;13.70872572;300.0;13.66296828;1;9578;79760;1360;387.0;387.0;395.0;8.0;0.0;120.0;weighted_score;387
7;TOT-both-none;instance_30_10_4_13;weighted;weighted;weighted-sum;-;;;;;;totalizer;both;none;UNSATISFIABLE;0.050367236;300.0;0;1;0;0;0;;;;;;;;
7;TOT-both-none;instance_30_10_4_14;weighted;weighted;weighted-sum;-;;;;;;totalizer;both;none;UNSATISFIABLE;0.050067746;300.0;0;1;0;0;0;;;;;;;;
7;TOT-both-none;instance_30_10_4_15;weighted;weighted;weighted-sum;-;;;;;;totalizer;both;none;UNSATISFIABLE;0.035893264;300.0;0;1;0;0;0;;;;;;;;
7;TOT-both-none;instance_30_10_4_16;weighted;weighted;weighted-sum;-;;;;;;totalizer;both;none;OPTIMUM;12.38661422;300.0;12.33954822;1;9903;84083;1562;431.0;431.0;436.0;5.0;0.0;120.0;weighted_score;431
7;TOT-both-none;instance_30_10_4_17;weighted;weighted;weighted-sum;-;;;;;;totalizer;both;none;OPTIMUM;5.11293925;300.0;5.077293908;1;8318;56985;1291;400.0;400.0;402.0;2.0;0.0;120.0;weighted_score;400
7;TOT-both-none;instance_30_10_4_18;weighted;weighted;weighted-sum;-;;;;;;totalizer;both;none;OPTIMUM;6.210754117;300.0;6.174120812;1;8848;65084;1382;408.0;408.0;413.0;5.0;0.0;120.0;weighted_score;408
7;TOT-both-none;instance_30_10_4_19;weighted;weighted;weighted-sum;-;;;;;;totalizer;both;none;UNSATISFIABLE;0.071448776;300.0;0;1;0;0;0;;;;;;;;
7;TOT-both-none;instance_30_10_4_2;weighted;weighted;weighted-sum;-;;;;;;totalizer;both;none;UNSATISFIABLE;0.068450254;300.0;0;1;0;0;0;;;;;;;;
7;TOT-both-none;instance_30_10_4_20;weighted;weighted;weighted-sum;-;;;;;;totalizer;both;none;UNSATISFIABLE;0.051548253;300.0;0;1;0;0;0;;;;;;;;
7;TOT-both-none;instance_30_10_4_21;weighted;weighted;weighted-sum;-;;;;;;totalizer;both;none;UNSATISFIABLE;0.082284383;300.0;0;1;0;0;0;;;;;;;;
7;TOT-both-none;instance_30_10_4_22;weighted;weighted;weighted-sum;-;;;;;;totalizer;both;none;UNSATISFIABLE;0.05937218;300.0;0;1;0;0;0;;;;;;;;
7;TOT-both-none;instance_30_10_4_23;weighted;weighted;weighted-sum;-;;;;;;totalizer;both;none;OPTIMUM;11.39479487;300.0;11.3490919;1;9751;80290;1499;379.0;379.0;381.0;2.0;0.0;120.0;weighted_score;379
7;TOT-both-none;instance_30_10_4_24;weighted;weighted;weighted-sum;-;;;;;;totalizer;both;none;OPTIMUM;8.961954241;300.0;8.924380547;1;8812;65114;1375;387.0;387.0;394.0;7.0;0.0;120.0;weighted_score;387
7;TOT-both-none;instance_30_10_4_25;weighted;weighted;weighted-sum;-;;;;;;totalizer;both;none;OPTIMUM;14.11317319;300.0;14.05967988;1;10405;91318;1435;444.0;444.0;446.0;2.0;0.0;120.0;weighted_score;444
7;TOT-both-none;instance_30_10_4_26;weighted;weighted;weighted-sum;-;;;;;;totalizer;both;none;UNSATISFIABLE;0.090617337;300.0;0;1;0;0;0;;;;;;;;
7;TOT-both-none;instance_30_10_4_27;weighted;weighted;weighted-sum;-;;;;;;totalizer;both;none;OPTIMUM;15.30669357;300.0;15.2718421;1;8639;59749;1374;390.0;390.0;403.0;13.0;0.0;120.0;weighted_score;390
7;TOT-both-none;instance_30_10_4_28;weighted;weighted;weighted-sum;-;;;;;;totalizer;both;none;UNSATISFIABLE;0.033681816;300.0;0;1;0;0;0;;;;;;;;
7;TOT-both-none;instance_30_10_4_29;weighted;weighted;weighted-sum;-;;;;;;totalizer;both;none;UNSATISFIABLE;0.054824283;300.0;0;1;0;0;0;;;;;;;;
7;TOT-both-none;instance_30_10_4_3;weighted;weighted;weighted-sum;-;;;;;;totalizer;both;none;UNSATISFIABLE;0.052992417;300.0;0;1;0;0;0;;;;;;;;
7;TOT-both-none;instance_30_10_4_30;weighted;weighted;weighted-sum;-;;;;;;totalizer;both;none;OPTIMUM;17.45005606;300.0;17.40279653;1;9751;81937;1482;396.0;396.0;405.0;9.0;0.0;120.0;weighted_score;396
7;TOT-both-none;instance_30_10_4_31;weighted;weighted;weighted-sum;-;;;;;;totalizer;both;none;OPTIMUM;7.642765678;300.0;7.596970846;1;9183;70266;1318;372.0;372.0;381.0;9.0;0.0;120.0;weighted_score;372
7;TOT-both-none;instance_30_10_4_32;weighted;weighted;weighted-sum;-;;;;;;totalizer;both;none;OPTIMUM;8.595198063;300.0;8.549748669;1;9509;78350;1493;423.0;423.0;424.0;1.0;0.0;120.0;weighted_score;423
7;TOT-both-none;instance_30_10_4_33;weighted;weighted;weighted-sum;-;;;;;;totalizer;both;none;OPTIMUM;14.5308614;300.0;14.48094998;1;9905;82009;1416;434.0;434.0;435.0;1.0;0.0;120.0;weighted_score;434
7;TOT-both-none;instance_30_10_4_34;weighted;weighted;weighted-sum;-;;;;;;totalizer;both;none;UNSATISFIABLE;0.062814487;300.0;0;1;0;0;0;;;;;;;;
7;TOT-both-none;instance_30_10_4_35;weighted;weighted;weighted-sum;-;;;;;;totalizer;both;none;UNSATISFIABLE;0.052488057;300.0;0;1;0;0;0;;;;;;;;
7;TOT-both-none;instance_30_10_4_36;weighted;weighted;weighted-sum;-;;;;;;totalizer;both;none;OPTIMUM;24.44968206;300.0;24.39808186;1;9912;90716;1497;401.0;401.0;409.0;8.0;0.0;120.0;weighted_score;401
7;TOT-both-none;instance_30_10_4_37;weighted;weighted;weighted-sum;-;;;;;;totalizer;both;none;OPTIMUM;16.26399557;300.0;16.21371907;1;9813;83360;1457;440.0;440.0;444.0;4.0;0.0;120.0;weighted_score;440
7;TOT-both-none;instance_30_10_4_38;weighted;weighted;weighted-sum;-;;;;;;totalizer;both;none;UNSATISFIABLE;0.06189303;300.0;0;1;0;0;0;;;;;;;;
7;TOT-both-none;instance_30_10_4_39;weighted;weighted;weighted-sum;-;;;;;;totalizer;both;none;UNSATISFIABLE;0.054264226;300.0;0;1;0;0;0;;;;;;;;
7;TOT-both-none;instance_30_10_4_4;weighted;weighted;weighted-sum;-;;;;;;totalizer;both;none;OPTIMUM;11.16307181;300.0;11.11847713;1;9388;76372;1419;427.0;427.0;430.0;3.0;0.0;120.0;weighted_score;427
7;TOT-both-none;instance_30_10_4_40;weighted;weighted;weighted-sum;-;;;;;;totalizer;both;none;UNSATISFIABLE;0.06850394;300.0;0;1;0;0;0;;;;;;;;
7;TOT-both-none;instance_30_10_4_41;weighted;weighted;weighted-sum;-;;;;;;totalizer;both;none;OPTIMUM;9.144272431;300.0;9.114359514;1;7617;46554;1236;350.0;350.0;356.0;6.0;0.0;120.0;weighted_score;350
7;TOT-both-none;instance_30_10_4_42;weighted;weighted;weighted-sum;-;;;;;;totalizer;both;none;UNSATISFIABLE;0.064828002;300.0;0;1;0;0;0;;;;;;;;
7;TOT-both-none;instance_30_10_4_43;weighted;weighted;weighted-sum;-;;;;;;totalizer;both;none;OPTIMUM;18.21762673;300.0;18.16891083;1;9509;80775;1427;412.0;412.0;418.0;6.0;0.0;120.0;weighted_score;412
7;TOT-both-none;instance_30_10_4_44;weighted;weighted;weighted-sum;-;;;;;;totalizer;both;none;UNSATISFIABLE;0.084594443;300.0;0;1;0;0;0;;;;;;;;
7;TOT-both-none;instance_30_10_4_45;weighted;weighted;weighted-sum;-;;;;;;totalizer;both;none;OPTIMUM;7.185911616;300.0;7.139112146;1;9031;68846;1363;365.0;365.0;370.0;5.0;0.0;120.0;weighted_score;365
7;TOT-both-none;instance_30_10_4_46;weighted;weighted;weighted-sum;-;;;;;;totalizer;both;none;UNSATISFIABLE;0.047977349;300.0;0;1;0;0;0;;;;;;;;
7;TOT-both-none;instance_30_10_4_47;weighted;weighted;weighted-sum;-;;;;;;totalizer;both;none;OPTIMUM;10.895828;300.0;10.86437983;1;8528;57913;1390;395.0;395.0;398.0;3.0;0.0;120.0;weighted_score;395
7;TOT-both-none;instance_30_10_4_48;weighted;weighted;weighted-sum;-;;;;;;totalizer;both;none;OPTIMUM;7.23094515;300.0;7.20068829;1;7845;49348;1309;375.0;375.0;377.0;2.0;0.0;120.0;weighted_score;375
7;TOT-both-none;instance_30_10_4_49;weighted;weighted;weighted-sum;-;;;;;;totalizer;both;none;UNSATISFIABLE;0.091287458;300.0;0;1;0;0;0;;;;;;;;
7;TOT-both-none;instance_30_10_4_5;weighted;weighted;weighted-sum;-;;;;;;totalizer;both;none;OPTIMUM;18.15053934;300.0;18.10668569;1;8660;66295;1452;418.0;418.0;423.0;5.0;0.0;120.0;weighted_score;418
7;TOT-both-none;instance_30_10_4_50;weighted;weighted;weighted-sum;-;;;;;;totalizer;both;none;UNSATISFIABLE;0.060843125;300.0;0;1;0;0;0;;;;;;;;
7;TOT-both-none;instance_30_10_4_6;weighted;weighted;weighted-sum;-;;;;;;totalizer;both;none;OPTIMUM;7.940109848;300.0;7.889118708;1;9659;82218;1451;388.0;388.0;390.0;2.0;0.0;120.0;weighted_score;388
7;TOT-both-none;instance_30_10_4_7;weighted;weighted;weighted-sum;-;;;;;;totalizer;both;none;UNSATISFIABLE;0.054141352;300.0;0;1;0;0;0;;;;;;;;
7;TOT-both-none;instance_30_10_4_8;weighted;weighted;weighted-sum;-;;;;;;totalizer;both;none;OPTIMUM;18.26495778;300.0;18.21836044;1;9114;72298;1365;414.0;414.0;422.0;8.0;0.0;120.0;weighted_score;414
7;TOT-both-none;instance_30_10_4_9;weighted;weighted;weighted-sum;-;;;;;;totalizer;both;none;UNSATISFIABLE;0.053286939;300.0;0;1;0;0;0;;;;;;;;
7;TOT-both-none;instance_40_10_5_1;weighted;weighted;weighted-sum;-;;;;;;totalizer;both;none;UNSATISFIABLE;0.202180136;300.0;0;0;0;0;0;;;;;;;;
7;TOT-both-none;instance_40_10_5_10;weighted;weighted;weighted-sum;-;;;;;;totalizer;both;none;UNSATISFIABLE;0.119547415;300.0;0;0;0;0;0;;;;;;;;
7;TOT-both-none;instance_40_10_5_11;weighted;weighted;weighted-sum;-;;;;;;totalizer;both;none;OPTIMUM;168.5026102;300.0;168.4170774;1;16088;156324;2114;609.0;609.0;621.0;12.0;0.0;200.0;weighted_score;609
7;TOT-both-none;instance_40_10_5_12;weighted;weighted;weighted-sum;-;;;;;;totalizer;both;none;TIMEOUT;300.1168695;300.0;0;0;0;0;0;;;;;;;;
7;TOT-both-none;instance_40_10_5_13;weighted;weighted;weighted-sum;-;;;;;;totalizer;both;none;UNSATISFIABLE;0.132898911;300.0;0;0;0;0;0;;;;;;;;
7;TOT-both-none;instance_40_10_5_14;weighted;weighted;weighted-sum;-;;;;;;totalizer;both;none;OPTIMUM;47.39230523;300.0;47.3055866;1;17110;176242;2276;663.0;663.0;671.0;8.0;0.0;200.0;weighted_score;663
7;TOT-both-none;instance_40_10_5_15;weighted;weighted;weighted-sum;-;;;;;;totalizer;both;none;UNSATISFIABLE;0.122605688;300.0;0;0;0;0;0;;;;;;;;
7;TOT-both-none;instance_40_10_5_16;weighted;weighted;weighted-sum;-;;;;;;totalizer;both;none;UNSATISFIABLE;0.19788241;300.0;0;0;0;0;0;;;;;;;;
7;TOT-both-none;instance_40_10_5_17;weighted;weighted;weighted-sum;-;;;;;;totalizer;both;none;OPTIMUM;35.20880148;300.0;35.12134607;1;16737;169573;2324;706.0;706.0;710.0;4.0;0.0;200.0;weighted_score;706
7;TOT-both-none;instance_40_10_5_18;weighted;weighted;weighted-sum;-;;;;;;totalizer;both;none;UNSATISFIABLE;0.125926381;300.0;0;0;0;0;0;;;;;;;;
7;TOT-both-none;instance_40_10_5_19;weighted;weighted;weighted-sum;-;;;;;;totalizer;both;none;OPTIMUM;283.9383482;300.0;283.8417135;1;17728;195714;2207;675.0;675.0;682.0;7.0;0.0;200.0;weighted_score;675
7;TOT-both-none;instance_40_10_5_2;weighted;weighted;weighted-sum;-;;;;;;totalizer;both;none;OPTIMUM;84.20443616;300.0;84.11333079;1;17451;185219;2180;704.0;704.0;719.0;15.0;0.0;200.0;weighted_score;704
7;TOT-both-none;instance_40_10_5_20;weighted;weighted;weighted-sum;-;;;;;;totalizer;both;none;UNSATISFIABLE;0.082754369;300.0;0;0;0;0;0;;;;;;;;
7;TOT-both-none;instance_40_10_5_21;weighted;weighted;weighted-sum;-;;;;;;totalizer;both;none;UNSATISFIABLE;0.103074821;300.0;0;0;0;0;0;;;;;;;;
7;TOT-both-none;instance_40_10_5_22;weighted;weighted;weighted-sum;-;;;;;;totalizer;both;none;TIMEOUT;300.1189112;300.0;0;0;0;0;0;;;;;;;;
7;TOT-both-none;instance_40_10_5_23;weighted;weighted;weighted-sum;-;;;;;;totalizer;both;none;UNSATISFIABLE;0.114753767;300.0;0;0;0;0;0;;;;;;;;
7;TOT-both-none;instance_40_10_5_24;weighted;weighted;weighted-sum;-;;;;;;totalizer;both;none;UNSATISFIABLE;0.179077934;300.0;0;0;0;0;0;;;;;;;;
7;TOT-both-none;instance_40_10_5_25;weighted;weighted;weighted-sum;-;;;;;;totalizer;both;none;UNSATISFIABLE;0.080932579;300.0;0;0;0;0;0;;;;;;;;
7;TOT-both-none;instance_40_10_5_26;weighted;weighted;weighted-sum;-;;;;;;totalizer;both;none;UNSATISFIABLE;0.245695952;300.0;0;0;0;0;0;;;;;;;;
7;TOT-both-none;instance_40_10_5_27;weighted;weighted;weighted-sum;-;;;;;;totalizer;both;none;UNSATISFIABLE;0.145859799;300.0;0;0;0;0;0;;;;;;;;
7;TOT-both-none;instance_40_10_5_28;weighted;weighted;weighted-sum;-;;;;;;totalizer;both;none;TIMEOUT;300.1226878;300.0;0;0;0;0;0;;;;;;;;
7;TOT-both-none;instance_40_10_5_29;weighted;weighted;weighted-sum;-;;;;;;totalizer;both;none;OPTIMUM;28.49613178;300.0;28.40647665;1;17510;179901;2387;698.0;698.0;701.0;3.0;0.0;200.0;weighted_score;698
7;TOT-both-none;instance_40_10_5_3;weighted;weighted;weighted-sum;-;;;;;;totalizer;both;none;UNSATISFIABLE;0.222261946;300.0;0;0;0;0;0;;;;;;;;
7;TOT-both-none;instance_40_10_5_30;weighted;weighted;weighted-sum;-;;;;;;totalizer;both;none;UNSATISFIABLE;0.0811236;300.0;0;0;0;0;0;;;;;;;;
7;TOT-both-none;instance_40_10_5_31;weighted;weighted;weighted-sum;-;;;;;;totalizer;both;none;UNSATISFIABLE;0.115193267;300.0;0;0;0;0;0;;;;;;;;
7;TOT-both-none;instance_40_10_5_32;weighted;weighted;weighted-sum;-;;;;;;totalizer;both;none;OPTIMUM;38.65275333;300.0;38.56495806;1;17254;171483;2311;699.0;699.0;700.0;1.0;0.0;200.0;weighted_score;699
7;TOT-both-none;instance_40_10_5_33;weighted;weighted;weighted-sum;-;;;;;;totalizer;both;none;UNSATISFIABLE;0.118277183;300.0;0;0;0;0;0;;;;;;;;
7;TOT-both-none;instance_40_10_5_34;weighted;weighted;weighted-sum;-;;;;;;totalizer;both;none;UNSATISFIABLE;1.4178926;300.0;0;0;0;0;0;;;;;;;;
7;TOT-both-none;instance_40_10_5_35;weighted;weighted;weighted-sum;-;;;;;;totalizer;both;none;UNSATISFIABLE;0.086710978;300.0;0;0;0;0;0;;;;;;;;
7;TOT-both-none;instance_40_10_5_36;weighted;weighted;weighted-sum;-;;;;;;totalizer;both;none;UNSATISFIABLE;0.230311813;300.0;0;0;0;0;0;;;;;;;;
7;TOT-both-none;instance_40_10_5_37;weighted;weighted;weighted-sum;-;;;;;;totalizer;both;none;UNSATISFIABLE;0.088248072;300.0;0;0;0;0;0;;;;;;;;
7;TOT-both-none;instance_40_10_5_38;weighted;weighted;weighted-sum;-;;;;;;totalizer;both;none;UNSATISFIABLE;0.084693041;300.0;0;0;0;0;0;;;;;;;;
7;TOT-both-none;instance_40_10_5_39;weighted;weighted;weighted-sum;-;;;;;;totalizer;both;none;OPTIMUM;88.02312532;300.0;87.94498964;1;16026;156342;2189;691.0;691.0;697.0;6.0;0.0;200.0;weighted_score;691
7;TOT-both-none;instance_40_10_5_4;weighted;weighted;weighted-sum;-;;;;;;totalizer;both;none;UNSATISFIABLE;0.090958199;300.0;0;0;0;0;0;;;;;;;;
7;TOT-both-none;instance_40_10_5_40;weighted;weighted;weighted-sum;-;;;;;;totalizer;both;none;UNSATISFIABLE;0.10882476;300.0;0;0;0;0;0;;;;;;;;
7;TOT-both-none;instance_40_10_5_41;weighted;weighted;weighted-sum;-;;;;;;totalizer;both;none;UNSATISFIABLE;0.662445372;300.0;0;0;0;0;0;;;;;;;;
7;TOT-both-none;instance_40_10_5_42;weighted;weighted;weighted-sum;-;;;;;;totalizer;both;none;UNSATISFIABLE;0.080737895;300.0;0;0;0;0;0;;;;;;;;
7;TOT-both-none;instance_40_10_5_43;weighted;weighted;weighted-sum;-;;;;;;totalizer;both;none;UNSATISFIABLE;0.087005842;300.0;0;0;0;0;0;;;;;;;;
7;TOT-both-none;instance_40_10_5_44;weighted;weighted;weighted-sum;-;;;;;;totalizer;both;none;OPTIMUM;46.77539275;300.0;46.69877071;1;15740;148884;2059;634.0;634.0;649.0;15.0;0.0;200.0;weighted_score;634
7;TOT-both-none;instance_40_10_5_45;weighted;weighted;weighted-sum;-;;;;;;totalizer;both;none;TIMEOUT;300.1166188;300.0;0;0;0;0;0;;;;;;;;
7;TOT-both-none;instance_40_10_5_46;weighted;weighted;weighted-sum;-;;;;;;totalizer;both;none;UNSATISFIABLE;0.115306079;300.0;0;0;0;0;0;;;;;;;;
7;TOT-both-none;instance_40_10_5_47;weighted;weighted;weighted-sum;-;;;;;;totalizer;both;none;UNSATISFIABLE;0.107624323;300.0;0;0;0;0;0;;;;;;;;
7;TOT-both-none;instance_40_10_5_48;weighted;weighted;weighted-sum;-;;;;;;totalizer;both;none;UNSATISFIABLE;0.155044167;300.0;0;0;0;0;0;;;;;;;;
7;TOT-both-none;instance_40_10_5_49;weighted;weighted;weighted-sum;-;;;;;;totalizer;both;none;TIMEOUT;300.1192469;300.0;0;0;0;0;0;;;;;;;;
7;TOT-both-none;instance_40_10_5_5;weighted;weighted;weighted-sum;-;;;;;;totalizer;both;none;TIMEOUT;300.1138072;300.0;0;0;0;0;0;;;;;;;;
7;TOT-both-none;instance_40_10_5_50;weighted;weighted;weighted-sum;-;;;;;;totalizer;both;none;UNSATISFIABLE;0.105976518;300.0;0;0;0;0;0;;;;;;;;
7;TOT-both-none;instance_40_10_5_6;weighted;weighted;weighted-sum;-;;;;;;totalizer;both;none;TIMEOUT;300.1277853;300.0;0;0;0;0;0;;;;;;;;
7;TOT-both-none;instance_40_10_5_7;weighted;weighted;weighted-sum;-;;;;;;totalizer;both;none;OPTIMUM;49.01886527;300.0;48.92429332;1;17471;187846;2328;695.0;695.0;699.0;4.0;0.0;200.0;weighted_score;695
7;TOT-both-none;instance_40_10_5_8;weighted;weighted;weighted-sum;-;;;;;;totalizer;both;none;UNSATISFIABLE;0.10766139;300.0;0;0;0;0;0;;;;;;;;
7;TOT-both-none;instance_40_10_5_9;weighted;weighted;weighted-sum;-;;;;;;totalizer;both;none;UNSATISFIABLE;0.136309719;300.0;0;0;0;0;0;;;;;;;;
7;TOT-both-none;instance_40_15_5_1;weighted;weighted;weighted-sum;-;;;;;;totalizer;both;none;OPTIMUM;140.7630484;300.0;140.6165431;1;22623;286815;3457;751.0;751.0;755.0;4.0;0.0;200.0;weighted_score;751
7;TOT-both-none;instance_40_15_5_10;weighted;weighted;weighted-sum;-;;;;;;totalizer;both;none;OPTIMUM;36.47301618;300.0;36.36320891;1;20761;235571;3198;724.0;724.0;732.0;8.0;0.0;200.0;weighted_score;724
7;TOT-both-none;instance_40_15_5_11;weighted;weighted;weighted-sum;-;;;;;;totalizer;both;none;OPTIMUM;73.93605924;300.0;73.82132673;1;21217;240290;3247;695.0;695.0;703.0;8.0;0.0;200.0;weighted_score;695
7;TOT-both-none;instance_40_15_5_12;weighted;weighted;weighted-sum;-;;;;;;totalizer;both;none;OPTIMUM;86.62109064;300.0;86.48021461;1;22404;270115;3350;773.0;773.0;774.0;1.0;0.0;200.0;weighted_score;773
7;TOT-both-none;instance_40_15_5_13;weighted;weighted;weighted-sum;-;;;;;;totalizer;both;none;UNSATISFIABLE;0.498278433;300.0;0;0;0;0;0;;;;;;;;
7;TOT-both-none;instance_40_15_5_14;weighted;weighted;weighted-sum;-;;;;;;totalizer;both;none;OPTIMUM;55.71534495;300.0;55.57283338;1;21852;265646;3227;711.0;711.0;721.0;10.0;0.0;200.0;weighted_score;711
7;TOT-both-none;instance_40_15_5_15;weighted;weighted;weighted-sum;-;;;;;;totalizer;both;none;OPTIMUM;47.42589826;300.0;47.27577573;1;23104;281056;3438;736.0;736.0;744.0;8.0;0.0;200.0;weighted_score;736
7;TOT-both-none;instance_40_15_5_16;weighted;weighted;weighted-sum;-;;;;;;totalizer;both;none;TIMEOUT;300.124544;300.0;0;0;0;0;0;;;;;;;;
7;TOT-both-none;instance_40_15_5_17;weighted;weighted;weighted-sum;-;;;;;;totalizer;both;none;TIMEOUT;300.1236885;300.0;0;0;0;0;0;;;;;;;;
7;TOT-both-none;instance_40_15_5_18;weighted;weighted;weighted-sum;-;;;;;;totalizer;both;none;OPTIMUM;81.60749262;300.0;81.50767336;1;20056;203818;3134;685.0;685.0;692.0;7.0;0.0;200.0;weighted_score;685
7;TOT-both-none;instance_40_15_5_19;weighted;weighted;weighted-sum;-;;;;;;totalizer;both;none;UNSATISFIABLE;0.170862226;300.0;0;0;0;0;0;;;;;;;;
7;TOT-both-none;instance_40_15_5_2;weighted;weighted;weighted-sum;-;;;;;;totalizer;both;none;OPTIMUM;69.8257341;300.0;69.72580468;1;19556;197681;3038;714.0;714.0;728.0;14.0;0.0;200.0;weighted_score;714
7;TOT-both-none;instance_40_15_5_20;weighted;weighted;weighted-sum;-;;;;;;totalizer;both;none;OPTIMUM;49.44519483;300.0;49.33675847;1;20062;218524;3176;703.0;703.0;711.0;8.0;0.0;200.0;weighted_score;703
7;TOT-both-none;instance_40_15_5_21;weighted;weighted;weighted-sum;-;;;;;;totalizer;both;none;OPTIMUM;56.51197275;300.0;56.35616709;1;23776;306066;3399;732.0;732.0;738.0;6.0;0.0;200.0;weighted_score;732
7;TOT-both-none;instance_40_15_5_22;weighted;weighted;weighted-sum;-;;;;;;totalizer;both;none;UNSATISFIABLE;0.135582898;300.0;0;0;0;0;0;;;;;;;;
7;TOT-both-none;instance_40_15_5_23;weighted;weighted;weighted-sum;-;;;;;;totalizer;both;none;OPTIMUM;27.58853916;300.0;27.49865689;1;17929;167719;2884;717.0;717.0;722.0;5.0;0.0;200.0;weighted_score;717
7;TOT-both-none;instance_40_15_5_24;weighted;weighted;weighted-sum;-;;;;;;totalizer;both;none;OPTIMUM;235.6886564;300.0;235.5819279;1;19871;219745;3010;723.0;723.0;734.0;11.0;0.0;200.0;weighted_score;723
7;TOT-both-none;instance_40_15_5_25;weighted;weighted;weighted-sum;-;;;;;;totalizer;both;none;UNSATISFIABLE;0.16037454;300.0;0;0;0;0;0;;;;;;;;
7;TOT-both-none;instance_40_15_5_26;weighted;weighted;weighted-sum;-;;;;;;totalizer;both;none;OPTIMUM;50.20367146;300.0;50.09687459;1;20313;227515;3105;710.0;710.0;722.0;12.0;0.0;200.0;weighted_score;710
7;TOT-both-none;instance_40_15_5_27;weighted;weighted;weighted-sum;-;;;;;;totalizer;both;none;OPTIMUM;49.59809311;300.0;49.50320997;1;18205;175856;3072;640.0;640.0;658.0;18.0;0.0;200.0;weighted_score;640
7;TOT-both-none;instance_40_15_5_28;weighted;weighted;weighted-sum;-;;;;;;totalizer;both;none;OPTIMUM;24.66251694;300.0;24.55336594;1;21105;222852;3477;749.0;749.0;754.0;5.0;0.0;200.0;weighted_score;749
7;TOT-both-none;instance_40_15_5_29;weighted;weighted;weighted-sum;-;;;;;;totalizer;both;none;UNSATISFIABLE;0.234316074;300.0;0;0;0;0;0;;;;;;;;
7;TOT-both-none;instance_40_15_5_3;weighted;weighted;weighted-sum;-;;;;;;totalizer;both;none;OPTIMUM;55.09994101;300.0;54.94552244;1;23937;300711;3639;745.0;745.0;750.0;5.0;0.0;200.0;weighted_score;745
7;TOT-both-none;instance_40_15_5_30;weighted;weighted;weighted-sum;-;;;;;;totalizer;both;none;OPTIMUM;39.65554582;300.0;39.5006432;1;22675;303640;3294;706.0;706.0;716.0;10.0;0.0;200.0;weighted_score;706
7;TOT-both-none;instance_40_15_5_31;weighted;weighted;weighted-sum;-;;;;;;totalizer;both;none;OPTIMUM;51.43700914;300.0;51.32723527;1;21055;229961;3383;717.0;717.0;726.0;9.0;0.0;200.0;weighted_score;717
7;TOT-both-none;instance_40_15_5_32;weighted;weighted;weighted-sum;-;;;;;;totalizer;both;none;UNSATISFIABLE;0.17492152;300.0;0;0;0;0;0;;;;;;;;
7;TOT-both-none;instance_40_15_5_33;weighted;weighted;weighted-sum;-;;;;;;totalizer;both;none;OPTIMUM;110.1905298;300.0;110.0971685;1;17803;179599;2925;676.0;676.0;682.0;6.0;0.0;200.0;weighted_score;676
7;TOT-both-none;instance_40_15_5_34;weighted;weighted;weighted-sum;-;;;;;;totalizer;both;none;TIMEOUT;300.1227537;300.0;0;0;0;0;0;;;;;;;;
7;TOT-both-none;instance_40_15_5_35;weighted;weighted;weighted-sum;-;;;;;;totalizer;both;none;OPTIMUM;53.69224527;300.0;53.5744094;1;21901;259188;3325;743.0;743.0;747.0;4.0;0.0;200.0;weighted_score;743
7;TOT-both-none;instance_40_15_5_36;weighted;weighted;weighted-sum;-;;;;;;totalizer;both;none;UNSATISFIABLE;0.381755343;300.0;0;0;0;0;0;;;;;;;;
7;TOT-both-none;instance_40_15_5_37;weighted;weighted;weighted-sum;-;;;;;;totalizer;both;none;UNSATISFIABLE;0.33223963;300.0;0;0;0;0;0;;;;;;;;
7;TOT-both-none;instance_40_15_5_38;weighted;weighted;weighted-sum;-;;;;;;totalizer;both;none;UNSATISFIABLE;0.128108415;300.0;0;0;0;0;0;;;;;;;;
7;TOT-both-none;instance_40_15_5_39;weighted;weighted;weighted-sum;-;;;;;;totalizer;both;none;OPTIMUM;52.27078278;300.0;52.15946466;1;21670;244291;3368;700.0;700.0;706.0;6.0;0.0;200.0;weighted_score;700
7;TOT-both-none;instance_40_15_5_4;weighted;weighted;weighted-sum;-;;;;;;totalizer;both;none;OPTIMUM;32.0115941;300.0;31.89360665;1;22215;260492;3409;728.0;728.0;737.0;9.0;0.0;200.0;weighted_score;728
7;TOT-both-none;instance_40_15_5_40;weighted;weighted;weighted-sum;-;;;;;;totalizer;both;none;OPTIMUM;38.64249255;300.0;38.53744011;1;20714;219812;3214;696.0;696.0;711.0;15.0;0.0;200.0;weighted_score;696
7;TOT-both-none;instance_40_15_5_41;weighted;weighted;weighted-sum;-;;;;;;totalizer;both;none;OPTIMUM;36.49250341;300.0;36.38662774;1;20626;227828;3259;744.0;744.0;745.0;1.0;0.0;200.0;weighted_score;744
7;TOT-both-none;instance_40_15_5_42;weighted;weighted;weighted-sum;-;;;;;;totalizer;both;none;OPTIMUM;31.66685323;300.0;31.5808021;1;17595;162851;2907;685.0;685.0;692.0;7.0;0.0;200.0;weighted_score;685
7;TOT-both-none;instance_40_15_5_43;weighted;weighted;weighted-sum;-;;;;;;totalizer;both;none;OPTIMUM;58.19364627;300.0;58.04009912;1;22933;288121;3276;746.0;746.0;751.0;5.0;0.0;200.0;weighted_score;746
7;TOT-both-none;instance_40_15_5_44;weighted;weighted;weighted-sum;-;;;;;;totalizer;both;none;UNSATISFIABLE;0.73887928;300.0;0;0;0;0;0;;;;;;;;
7;TOT-both-none;instance_40_15_5_45;weighted;weighted;weighted-sum;-;;;;;;totalizer;both;none;OPTIMUM;89.78157053;300.0;89.68075255;1;19264;205410;3047;716.0;716.0;725.0;9.0;0.0;200.0;weighted_score;716
7;TOT-both-none;instance_40_15_5_46;weighted;weighted;weighted-sum;-;;;;;;totalizer;both;none;OPTIMUM;29.9799879;300.0;29.88194371;1;19417;197287;3123;649.0;649.0;659.0;10.0;0.0;200.0;weighted_score;649
7;TOT-both-none;instance_40_15_5_47;weighted;weighted;weighted-sum;-;;;;;;totalizer;both;none;OPTIMUM;51.20382831;300.0;51.09615324;1;20286;220768;3162;656.0;656.0;663.0;7.0;0.0;200.0;weighted_score;656
7;TOT-both-none;instance_40_15_5_48;weighted;weighted;weighted-sum;-;;;;;;totalizer;both;none;OPTIMUM;46.41851458;300.0;46.32371588;1;18852;187463;2972;660.0;660.0;672.0;12.0;0.0;200.0;weighted_score;660
7;TOT-both-none;instance_40_15_5_49;weighted;weighted;weighted-sum;-;;;;;;totalizer;both;none;UNSATISFIABLE;0.159680379;300.0;0;0;0;0;0;;;;;;;;
7;TOT-both-none;instance_40_15_5_5;weighted;weighted;weighted-sum;-;;;;;;totalizer;both;none;UNSATISFIABLE;0.322627746;300.0;0;0;0;0;0;;;;;;;;
7;TOT-both-none;instance_40_15_5_50;weighted;weighted;weighted-sum;-;;;;;;totalizer;both;none;OPTIMUM;59.74642851;300.0;59.64411445;1;19788;214722;3021;701.0;701.0;708.0;7.0;0.0;200.0;weighted_score;701
7;TOT-both-none;instance_40_15_5_6;weighted;weighted;weighted-sum;-;;;;;;totalizer;both;none;UNSATISFIABLE;0.496772016;300.0;0;0;0;0;0;;;;;;;;
7;TOT-both-none;instance_40_15_5_7;weighted;weighted;weighted-sum;-;;;;;;totalizer;both;none;OPTIMUM;102.8532552;300.0;102.7026907;1;23412;302400;3396;757.0;757.0;761.0;4.0;0.0;200.0;weighted_score;757
7;TOT-both-none;instance_40_15_5_8;weighted;weighted;weighted-sum;-;;;;;;totalizer;both;none;OPTIMUM;48.21515259;300.0;48.10975823;1;20196;214212;3259;694.0;694.0;702.0;8.0;0.0;200.0;weighted_score;694
7;TOT-both-none;instance_40_15_5_9;weighted;weighted;weighted-sum;-;;;;;;totalizer;both;none;TIMEOUT;300.1180333;300.0;0;0;0;0;0;;;;;;;;
7;TOT-both-none;instance_40_20_5_1;weighted;weighted;weighted-sum;-;;;;;;totalizer;both;none;TIMEOUT;300.1294265;300.0;0;0;0;0;0;;;;;;;;
7;TOT-both-none;instance_40_20_5_10;weighted;weighted;weighted-sum;-;;;;;;totalizer;both;none;OPTIMUM;24.68286919;300.0;24.57086446;1;22967;232591;4081;716.0;716.0;724.0;8.0;0.0;200.0;weighted_score;716
7;TOT-both-none;instance_40_20_5_11;weighted;weighted;weighted-sum;-;;;;;;totalizer;both;none;OPTIMUM;39.5493551;300.0;39.39166443;1;24761;308396;4143;734.0;734.0;738.0;4.0;0.0;200.0;weighted_score;734
7;TOT-both-none;instance_40_20_5_12;weighted;weighted;weighted-sum;-;;;;;;totalizer;both;none;OPTIMUM;77.84435867;300.0;77.68849292;1;24827;292748;4408;724.0;724.0;732.0;8.0;0.0;200.0;weighted_score;724
7;TOT-both-none;instance_40_20_5_13;weighted;weighted;weighted-sum;-;;;;;;totalizer;both;none;OPTIMUM;61.00578553;300.0;60.85109006;1;25221;288120;4312;763.0;763.0;766.0;3.0;0.0;200.0;weighted_score;763
7;TOT-both-none;instance_40_20_5_14;weighted;weighted;weighted-sum;-;;;;;;totalizer;both;none;OPTIMUM;119.2214489;300.0;119.0458365;1;26853;346322;4541;772.0;772.0;773.0;1.0;0.0;200.0;weighted_score;772
7;TOT-both-none;instance_40_20_5_15;weighted;weighted;weighted-sum;-;;;;;;totalizer;both;none;OPTIMUM;22.47915859;300.0;22.36154737;1;22704;241529;4109;745.0;745.0;751.0;6.0;0.0;200.0;weighted_score;745
7;TOT-both-none;instance_40_20_5_16;weighted;weighted;weighted-sum;-;;;;;;totalizer;both;none;OPTIMUM;36.48397686;300.0;36.36638259;1;22682;254118;4090;745.0;745.0;750.0;5.0;0.0;200.0;weighted_score;745
7;TOT-both-none;instance_40_20_5_17;weighted;weighted;weighted-sum;-;;;;;;totalizer;both;none;OPTIMUM;68.69382447;300.0;68.51502125;1;27321;378448;4329;737.0;737.0;746.0;9.0;0.0;200.0;weighted_score;737
7;TOT-both-none;instance_40_20_5_18;weighted;weighted;weighted-sum;-;;;;;;totalizer;both;none;OPTIMUM;48.12405347;300.0;48.01080715;1;22724;239266;4143;758.0;758.0;762.0;4.0;0.0;200.0;weighted_score;758
7;TOT-both-none;instance_40_20_5_19;weighted;weighted;weighted-sum;-;;;;;;totalizer;both;none;OPTIMUM;48.01529768;300.0;47.84624335;1;27474;338471;4519;753.0;753.0;756.0;3.0;0.0;200.0;weighted_score;753
7;TOT-both-none;instance_40_20_5_2;weighted;weighted;weighted-sum;-;;;;;;totalizer;both;none;OPTIMUM;57.59569391;300.0;57.43138558;1;26163;311942;4418;751.0;751.0;762.0;11.0;0.0;200.0;weighted_score;751
7;TOT-both-none;instance_40_20_5_20;weighted;weighted;weighted-sum;-;;;;;;totalizer;both;none;OPTIMUM;54.14688464;300.0;53.99007794;1;24609;297403;4106;776.0;776.0;778.0;2.0;0.0;200.0;weighted_score;776
7;TOT-both-none;instance_40_20_5_21;weighted;weighted;weighted-sum;-;;;;;;totalizer;both;none;OPTIMUM;40.4495592;300.0;40.27745628;1;27322;369869;4406;761.0;761.0;763.0;2.0;0.0;200.0;weighted_score;761
7;TOT-both-none;instance_40_20_5_22;weighted;weighted;weighted-sum;-;;;;;;totalizer;both;none;OPTIMUM;75.72120091;300.0;75.5609193;1;25486;317978;4476;758.0;758.0;765.0;7.0;0.0;200.0;weighted_score;758
7;TOT-both-none;instance_40_20_5_23;weighted;weighted;weighted-sum;-;;;;;;totalizer;both;none;OPTIMUM;72.00244745;300.0;71.85073353;1;25000;285950;4458;766.0;766.0;770.0;4.0;0.0;200.0;weighted_score;766
7;TOT-both-none;instance_40_20_5_24;weighted;weighted;weighted-sum;-;;;;;;totalizer;both;none;OPTIMUM;57.50440418;300.0;57.35788389;1;23831;270771;4104;740.0;740.0;748.0;8.0;0.0;200.0;weighted_score;740
7;TOT-both-none;instance_40_20_5_25;weighted;weighted;weighted-sum;-;;;;;;totalizer;both;none;OPTIMUM;192.0608899;300.0;191.9375804;1;23175;257853;4198;699.0;699.0;717.0;18.0;0.0;200.0;weighted_score;699
7;TOT-both-none;instance_40_20_5_26;weighted;weighted;weighted-sum;-;;;;;;totalizer;both;none;OPTIMUM;55.16492484;300.0;54.98913402;1;27286;360370;4250;772.0;772.0;772.0;0.0;0.0;200.0;weighted_score;772
7;TOT-both-none;instance_40_20_5_27;weighted;weighted;weighted-sum;-;;;;;;totalizer;both;none;OPTIMUM;48.52197072;300.0;48.41359733;1;21291;224913;3661;689.0;689.0;700.0;11.0;0.0;200.0;weighted_score;689
7;TOT-both-none;instance_40_20_5_28;weighted;weighted;weighted-sum;-;;;;;;totalizer;both;none;OPTIMUM;25.26660598;300.0;25.10028582;1;25218;338322;4072;743.0;743.0;747.0;4.0;0.0;200.0;weighted_score;743
7;TOT-both-none;instance_40_20_5_29;weighted;weighted;weighted-sum;-;;;;;;totalizer;both;none;OPTIMUM;55.54189939;300.0;55.37956393;1;25741;315182;4314;734.0;734.0;745.0;11.0;0.0;200.0;weighted_score;734
7;TOT-both-none;instance_40_20_5_3;weighted;weighted;weighted-sum;-;;;;;;totalizer;both;none;OPTIMUM;48.92769833;300.0;48.77808568;1;23138;264335;4027;757.0;757.0;758.0;1.0;0.0;200.0;weighted_score;757
7;TOT-both-none;instance_40_20_5_30;weighted;weighted;weighted-sum;-;;;;;;totalizer;both;none;OPTIMUM;57.99662482;300.0;57.83532245;1;25526;310516;4400;755.0;755.0;759.0;4.0;0.0;200.0;weighted_score;755
7;TOT-both-none;instance_40_20_5_31;weighted;weighted;weighted-sum;-;;;;;;totalizer;both;none;OPTIMUM;25.76423369;300.0;25.61534342;1;23284;267213;4153;737.0;737.0;741.0;4.0;0.0;200.0;weighted_score;737
7;TOT-both-none;instance_40_20_5_32;weighted;weighted;weighted-sum;-;;;;;;totalizer;both;none;UNSATISFIABLE;0.333876882;300.0;0;0;0;0;0;;;;;;;;
7;TOT-both-none;instance_40_20_5_33;weighted;weighted;weighted-sum;-;;;;;;totalizer;both;none;OPTIMUM;64.55273597;300.0;64.37572653;1;27244;369291;4331;769.0;769.0;774.0;5.0;0.0;200.0;weighted_score;769
7;TOT-both-none;instance_40_20_5_34;weighted;weighted;weighted-sum;-;;;;;;totalizer;both;none;TIMEOUT;300.1235056;300.0;0;0;0;0;0;;;;;;;;
7;TOT-both-none;instance_40_20_5_35;weighted;weighted;weighted-sum;-;;;;;;totalizer;both;none;UNSATISFIABLE;0.542902116;300.0;0;0;0;0;0;;;;;;;;
7;TOT-both-none;instance_40_20_5_36;weighted;weighted;weighted-sum;-;;;;;;totalizer;both;none;OPTIMUM;63.19435214;300.0;63.03808205;1;24389;277331;4267;722.0;722.0;732.0;10.0;0.0;200.0;weighted_score;722
7;TOT-both-none;instance_40_20_5_37;weighted;weighted;weighted-sum;-;;;;;;totalizer;both;none;OPTIMUM;44.27903703;300.0;44.12603206;1;24624;284038;4340;771.0;771.0;772.0;1.0;0.0;200.0;weighted_score;771
7;TOT-both-none;instance_40_20_5_38;weighted;weighted;weighted-sum;-;;;;;;totalizer;both;none;OPTIMUM;18.88822156;300.0;18.72696953;1;25002;314262;4283;764.0;764.0;766.0;2.0;0.0;200.0;weighted_score;764
7;TOT-both-none;instance_40_20_5_39;weighted;weighted;weighted-sum;-;;;;;;totalizer;both;none;OPTIMUM;68.16604028;300.0;68.01067066;1;25412;302969;4440;776.0;776.0;777.0;1.0;0.0;200.0;weighted_score;776
7;TOT-both-none;instance_40_20_5_4;weighted;weighted;weighted-sum;-;;;;;;totalizer;both;none;OPTIMUM;46.26329261;300.0;46.09931701;1;25161;299892;4315;723.0;723.0;732.0;9.0;0.0;200.0;weighted_score;723
7;TOT-both-none;instance_40_20_5_40;weighted;weighted;weighted-sum;-;;;;;;totalizer;both;none;OPTIMUM;79.53124439;300.0;79.37419121;1;24777;295668;4031;688.0;688.0;701.0;13.0;0.0;200.0;weighted_score;688
7;TOT-both-none;instance_40_20_5_41;weighted;weighted;weighted-sum;-;;;;;;totalizer;both;none;OPTIMUM;44.30412472;300.0;44.18441282;1;23218;253941;3938;723.0;723.0;735.0;12.0;0.0;200.0;weighted_score;723
7;TOT-both-none;instance_40_20_5_42;weighted;weighted;weighted-sum;-;;;;;;totalizer;both;none;OPTIMUM;43.57116855;300.0;43.40012657;1;26455;353044;4081;722.0;722.0;729.0;7.0;0.0;200.0;weighted_score;722
7;TOT-both-none;instance_40_20_5_43;weighted;weighted;weighted-sum;-;;;;;;totalizer;both;none;OPTIMUM;42.58661056;300.0;42.40187118;1;28068;388125;4425;756.0;756.0;758.0;2.0;0.0;200.0;weighted_score;756
7;TOT-both-none;instance_40_20_5_44;weighted;weighted;weighted-sum;-;;;;;;totalizer;both;none;OPTIMUM;44.16238068;300.0;44.00029977;1;25812;308402;4337;735.0;735.0;745.0;10.0;0.0;200.0;weighted_score;735
7;TOT-both-none;instance_40_20_5_45;weighted;weighted;weighted-sum;-;;;;;;totalizer;both;none;TIMEOUT;300.1157516;300.0;0;0;0;0;0;;;;;;;;
7;TOT-both-none;instance_40_20_5_46;weighted;weighted;weighted-sum;-;;;;;;totalizer;both;none;OPTIMUM;37.95024309;300.0;37.83445053;1;22935;243676;3956;741.0;741.0;751.0;10.0;0.0;200.0;weighted_score;741
7;TOT-both-none;instance_40_20_5_47;weighted;weighted;weighted-sum;-;;;;;;totalizer;both;none;OPTIMUM;61.25954628;300.0;61.14176711;1;22887;245251;3995;703.0;703.0;717.0;14.0;0.0;200.0;weighted_score;703
7;TOT-both-none;instance_40_20_5_48;weighted;weighted;weighted-sum;-;;;;;;totalizer;both;none;OPTIMUM;31.2409322;300.0;31.07573257;1;26143;326592;4374;767.0;767.0;774.0;7.0;0.0;200.0;weighted_score;767
7;TOT-both-none;instance_40_20_5_49;weighted;weighted;weighted-sum;-;;;;;;totalizer;both;none;OPTIMUM;69.20526572;300.0;69.02358007;1;28168;371185;4512;776.0;776.0;785.0;9.0;0.0;200.0;weighted_score;776
7;TOT-both-none;instance_40_20_5_5;weighted;weighted;weighted-sum;-;;;;;;totalizer;both;none;UNSATISFIABLE;1.871677898;300.0;0;0;0;0;0;;;;;;;;
7;TOT-both-none;instance_40_20_5_50;weighted;weighted;weighted-sum;-;;;;;;totalizer;both;none;OPTIMUM;40.60507586;300.0;40.49206701;1;22348;237217;3989;729.0;729.0;739.0;10.0;0.0;200.0;weighted_score;729
7;TOT-both-none;instance_40_20_5_6;weighted;weighted;weighted-sum;-;;;;;;totalizer;both;none;OPTIMUM;46.24068333;300.0;46.06376001;1;26803;367362;4147;733.0;733.0;745.0;12.0;0.0;200.0;weighted_score;733
7;TOT-both-none;instance_40_20_5_7;weighted;weighted;weighted-sum;-;;;;;;totalizer;both;none;OPTIMUM;8.053394503;300.0;7.905282533;1;23469;273406;3865;754.0;754.0;757.0;3.0;0.0;200.0;weighted_score;754
7;TOT-both-none;instance_40_20_5_8;weighted;weighted;weighted-sum;-;;;;;;totalizer;both;none;OPTIMUM;46.24604641;300.0;46.07809281;1;25940;345939;4331;775.0;775.0;777.0;2.0;0.0;200.0;weighted_score;775
7;TOT-both-none;instance_40_20_5_9;weighted;weighted;weighted-sum;-;;;;;;totalizer;both;none;OPTIMUM;67.18076272;300.0;67.07637815;1;21094;208486;3847;707.0;707.0;720.0;13.0;0.0;200.0;weighted_score;707
7;TOT-both-none;instance_40_25_5_1;weighted;weighted;weighted-sum;-;;;;;;totalizer;both;none;OPTIMUM;47.52361522;300.0;47.31055943;1;28230;363927;5042;779.0;779.0;782.0;3.0;0.0;200.0;weighted_score;779
7;TOT-both-none;instance_40_25_5_10;weighted;weighted;weighted-sum;-;;;;;;totalizer;both;none;OPTIMUM;50.70086601;300.0;50.45319712;1;33313;472128;5579;772.0;772.0;776.0;4.0;0.0;200.0;weighted_score;772
7;TOT-both-none;instance_40_25_5_11;weighted;weighted;weighted-sum;-;;;;;;totalizer;both;none;OPTIMUM;32.49427639;300.0;32.27213052;1;29689;395719;5310;783.0;783.0;783.0;0.0;0.0;200.0;weighted_score;783
7;TOT-both-none;instance_40_25_5_12;weighted;weighted;weighted-sum;-;;;;;;totalizer;both;none;OPTIMUM;60.63027151;300.0;60.41282805;1;29857;381859;5220;781.0;781.0;783.0;2.0;0.0;200.0;weighted_score;781
7;TOT-both-none;instance_40_25_5_13;weighted;weighted;weighted-sum;-;;;;;;totalizer;both;none;OPTIMUM;40.72538073;300.0;40.49162427;1;30957;416584;5572;784.0;784.0;786.0;2.0;0.0;200.0;weighted_score;784
7;TOT-both-none;instance_40_25_5_14;weighted;weighted;weighted-sum;-;;;;;;totalizer;both;none;OPTIMUM;78.21986375;300.0;77.97242899;1;33361;465691;5948;781.0;781.0;782.0;1.0;0.0;200.0;weighted_score;781
7;TOT-both-none;instance_40_25_5_15;weighted;weighted;weighted-sum;-;;;;;;totalizer;both;none;OPTIMUM;68.96188916;300.0;68.78101585;1;26877;344779;4880;715.0;715.0;718.0;3.0;0.0;200.0;weighted_score;715
7;TOT-both-none;instance_40_25_5_16;weighted;weighted;weighted-sum;-;;;;;;totalizer;both;none;OPTIMUM;60.79328784;300.0;60.58121933;1;29564;375101;5352;759.0;759.0;763.0;4.0;0.0;200.0;weighted_score;759
7;TOT-both-none;instance_40_25_5_17;weighted;weighted;weighted-sum;-;;;;;;totalizer;both;none;OPTIMUM;50.4255392;300.0;50.19593104;1;30663;407788;5422;745.0;745.0;751.0;6.0;0.0;200.0;weighted_score;745
7;TOT-both-none;instance_40_25_5_18;weighted;weighted;weighted-sum;-;;;;;;totalizer;both;none;OPTIMUM;62.01399472;300.0;61.78462682;1;29789;401121;5226;784.0;784.0;785.0;1.0;0.0;200.0;weighted_score;784
7;TOT-both-none;instance_40_25_5_19;weighted;weighted;weighted-sum;-;;;;;;totalizer;both;none;OPTIMUM;48.71138316;300.0;48.52720475;1;25154;266540;4888;734.0;734.0;742.0;8.0;0.0;200.0;weighted_score;734
7;TOT-both-none;instance_40_25_5_2;weighted;weighted;weighted-sum;-;;;;;;totalizer;both;none;OPTIMUM;28.86766997;300.0;28.63400878;1;29536;395998;5235;775.0;775.0;778.0;3.0;0.0;200.0;weighted_score;775
7;TOT-both-none;instance_40_25_5_20;weighted;weighted;weighted-sum;-;;;;;;totalizer;both;none;OPTIMUM;131.1954511;300.0;130.9456933;1;31345;450079;5198;767.0;767.0;772.0;5.0;0.0;200.0;weighted_score;767
7;TOT-both-none;instance_40_25_5_21;weighted;weighted;weighted-sum;-;;;;;;totalizer;both;none;OPTIMUM;34.20229323;300.0;33.97505599;1;30471;404059;5415;758.0;758.0;760.0;2.0;0.0;200.0;weighted_score;758
7;TOT-both-none;instance_40_25_5_22;weighted;weighted;weighted-sum;-;;;;;;totalizer;both;none;OPTIMUM;41.78490125;300.0;41.58680773;1;27152;317832;5001;761.0;761.0;770.0;9.0;0.0;200.0;weighted_score;761
7;TOT-both-none;instance_40_25_5_23;weighted;weighted;weighted-sum;-;;;;;;totalizer;both;none;OPTIMUM;100.1491808;300.0;99.90178079;1;31825;445225;5481;769.0;769.0;771.0;2.0;0.0;200.0;weighted_score;769
7;TOT-both-none;instance_40_25_5_24;weighted;weighted;weighted-sum;-;;;;;;totalizer;both;none;OPTIMUM;50.06366502;300.0;49.87251896;1;26746;295187;5145;738.0;738.0;751.0;13.0;0.0;200.0;weighted_score;738
7;TOT-both-none;instance_40_25_5_25;weighted;weighted;weighted-sum;-;;;;;;totalizer;both;none;OPTIMUM;46.68598815;300.0;46.4850274;1;27472;319169;5200;761.0;761.0;769.0;8.0;0.0;200.0;weighted_score;761
7;TOT-both-none;instance_40_25_5_26;weighted;weighted;weighted-sum;-;;;;;;totalizer;both;none;OPTIMUM;47.41127516;300.0;47.14700073;1;30662;401715;5441;776.0;776.0;777.0;1.0;0.0;200.0;weighted_score;776
7;TOT-both-none;instance_40_25_5_27;weighted;weighted;weighted-sum;-;;;;;;totalizer;both;none;OPTIMUM;53.19639592;300.0;53.00526851;1;26374;292640;5004;739.0;739.0;753.0;14.0;0.0;200.0;weighted_score;739
7;TOT-both-none;instance_40_25_5_28;weighted;weighted;weighted-sum;-;;;;;;totalizer;both;none;OPTIMUM;60.38133901;300.0;60.16517958;1;29263;368235;5379;742.0;742.0;751.0;9.0;0.0;200.0;weighted_score;742
7;TOT-both-none;instance_40_25_5_29;weighted;weighted;weighted-sum;-;;;;;;totalizer;both;none;OPTIMUM;49.61945537;300.0;49.41904221;1;27226;322660;5218;746.0;746.0;752.0;6.0;0.0;200.0;weighted_score;746
7;TOT-both-none;instance_40_25_5_3;weighted;weighted;weighted-sum;-;;;;;;totalizer;both;none;OPTIMUM;51.88168227;300.0;51.66284822;1;29209;392214;5253;722.0;722.0;733.0;11.0;0.0;200.0;weighted_score;722
7;TOT-both-none;instance_40_25_5_30;weighted;weighted;weighted-sum;-;;;;;;totalizer;both;none;OPTIMUM;85.29983368;300.0;85.05337875;1;32537;461505;5587;766.0;766.0;769.0;3.0;0.0;200.0;weighted_score;766
7;TOT-both-none;instance_40_25_5_31;weighted;weighted;weighted-sum;-;;;;;;totalizer;both;none;OPTIMUM;48.16452876;300.0;47.91799389;1;32046;464573;5579;788.0;788.0;790.0;2.0;0.0;200.0;weighted_score;788
7;TOT-both-none;instance_40_25_5_32;weighted;weighted;weighted-sum;-;;;;;;totalizer;both;none;OPTIMUM;86.88958415;300.0;86.66583329;1;29815;389471;5410;710.0;710.0;721.0;11.0;0.0;200.0;weighted_score;710
7;TOT-both-none;instance_40_25_5_33;weighted;weighted;weighted-sum;-;;;;;;totalizer;both;none;OPTIMUM;74.24289001;300.0;74.06897924;1;26359;298608;4849;769.0;769.0;773.0;4.0;0.0;200.0;weighted_score;769
7;TOT-both-none;instance_40_25_5_34;weighted;weighted;weighted-sum;-;;;;;;totalizer;both;none;OPTIMUM;77.19037193;300.0;76.96473288;1;29172;400333;5079;764.0;764.0;769.0;5.0;0.0;200.0;weighted_score;764
7;TOT-both-none;instance_40_25_5_35;weighted;weighted;weighted-sum;-;;;;;;totalizer;both;none;OPTIMUM;62.62700723;300.0;62.39364615;1;30353;404783;5297;748.0;748.0;754.0;6.0;0.0;200.0;weighted_score;748
7;TOT-both-none;instance_40_25_5_36;weighted;weighted;weighted-sum;-;;;;;;totalizer;both;none;OPTIMUM;37.78271881;300.0;37.56839075;1;29391;369052;5415;788.0;788.0;788.0;0.0;0.0;200.0;weighted_score;788
7;TOT-both-none;instance_40_25_5_37;weighted;weighted;weighted-sum;-;;;;;;totalizer;both;none;OPTIMUM;75.7209659;300.0;75.52053619;1;27415;336814;5149;750.0;750.0;754.0;4.0;0.0;200.0;weighted_score;750
7;TOT-both-none;instance_40_25_5_38;weighted;weighted;weighted-sum;-;;;;;;totalizer;both;none;OPTIMUM;59.4011845;300.0;59.20829772;1;28001;343950;5033;736.0;736.0;740.0;4.0;0.0;200.0;weighted_score;736
7;TOT-both-none;instance_40_25_5_39;weighted;weighted;weighted-sum;-;;;;;;totalizer;both;none;OPTIMUM;41.83193868;300.0;41.62399515;1;27199;344140;4961;738.0;738.0;749.0;11.0;0.0;200.0;weighted_score;738
7;TOT-both-none;instance_40_25_5_4;weighted;weighted;weighted-sum;-;;;;;;totalizer;both;none;OPTIMUM;37.50163757;300.0;37.27071558;1;30753;396670;5462;779.0;779.0;782.0;3.0;0.0;200.0;weighted_score;779
7;TOT-both-none;instance_40_25_5_40;weighted;weighted;weighted-sum;-;;;;;;totalizer;both;none;OPTIMUM;37.08621548;300.0;36.87316886;1;27970;322795;5335;769.0;769.0;774.0;5.0;0.0;200.0;weighted_score;769
7;TOT-both-none;instance_40_25_5_41;weighted;weighted;weighted-sum;-;;;;;;totalizer;both;none;OPTIMUM;59.08537454;300.0;58.85110359;1;30475;431218;5080;765.0;765.0;770.0;5.0;0.0;200.0;weighted_score;765
7;TOT-both-none;instance_40_25_5_42;weighted;weighted;weighted-sum;-;;;;;;totalizer;both;none;OPTIMUM;29.01335376;300.0;28.83070113;1;24795;275584;4778;739.0;739.0;746.0;7.0;0.0;200.0;weighted_score;739
7;TOT-both-none;instance_40_25_5_43;weighted;weighted;weighted-sum;-;;;;;;totalizer;both;none;OPTIMUM;102.5220644;300.0;102.3188293;1;27956;335544;4975;766.0;766.0;772.0;6.0;0.0;200.0;weighted_score;766
7;TOT-both-none;instance_40_25_5_44;weighted;weighted;weighted-sum;-;;;;;;totalizer;both;none;OPTIMUM;19.29770076;300.0;19.06533054;1;28973;396212;5141;783.0;783.0;785.0;2.0;0.0;200.0;weighted_score;783
7;TOT-both-none;instance_40_25_5_45;weighted;weighted;weighted-sum;-;;;;;;totalizer;both;none;OPTIMUM;55.49670751;300.0;55.26456776;1;30946;411095;5516;705.0;705.0;709.0;4.0;0.0;200.0;weighted_score;705
7;TOT-both-none;instance_40_25_5_46;weighted;weighted;weighted-sum;-;;;;;;totalizer;both;none;UNSATISFIABLE;0.353102564;300.0;0;0;0;0;0;;;;;;;;
7;TOT-both-none;instance_40_25_5_47;weighted;weighted;weighted-sum;-;;;;;;totalizer;both;none;OPTIMUM;89.88721392;300.0;89.64054551;1;32142;455039;5386;782.0;782.0;784.0;2.0;0.0;200.0;weighted_score;782
7;TOT-both-none;instance_40_25_5_48;weighted;weighted;weighted-sum;-;;;;;;totalizer;both;none;OPTIMUM;47.59276155;300.0;47.37714176;1;28937;380716;5190;768.0;768.0;769.0;1.0;0.0;200.0;weighted_score;768
7;TOT-both-none;instance_40_25_5_49;weighted;weighted;weighted-sum;-;;;;;;totalizer;both;none;OPTIMUM;160.9212602;300.0;160.6987225;1;29177;380173;5205;720.0;720.0;735.0;15.0;0.0;200.0;weighted_score;720
7;TOT-both-none;instance_40_25_5_5;weighted;weighted;weighted-sum;-;;;;;;totalizer;both;none;OPTIMUM;56.51501572;300.0;56.27817709;1;32060;439173;5584;781.0;781.0;787.0;6.0;0.0;200.0;weighted_score;781
7;TOT-both-none;instance_40_25_5_50;weighted;weighted;weighted-sum;-;;;;;;totalizer;both;none;OPTIMUM;77.29188372;300.0;77.02410062;1;34225;518759;5582;786.0;786.0;791.0;5.0;0.0;200.0;weighted_score;786
7;TOT-both-none;instance_40_25_5_6;weighted;weighted;weighted-sum;-;;;;;;totalizer;both;none;OPTIMUM;67.70595408;300.0;67.47481847;1;30338;408408;5293;768.0;768.0;768.0;0.0;0.0;200.0;weighted_score;768
7;TOT-both-none;instance_40_25_5_7;weighted;weighted;weighted-sum;-;;;;;;totalizer;both;none;OPTIMUM;54.44960393;300.0;54.22221749;1;29555;414668;5107;784.0;784.0;785.0;1.0;0.0;200.0;weighted_score;784
7;TOT-both-none;instance_40_25_5_8;weighted;weighted;weighted-sum;-;;;;;;totalizer;both;none;OPTIMUM;52.12688366;300.0;51.921871;1;27952;343460;5142;768.0;768.0;771.0;3.0;0.0;200.0;weighted_score;768
7;TOT-both-none;instance_40_25_5_9;weighted;weighted;weighted-sum;-;;;;;;totalizer;both;none;OPTIMUM;62.43984914;300.0;62.21924304;1;29059;376061;5254;775.0;775.0;776.0;1.0;0.0;200.0;weighted_score;775
8;TOT-both-ss;instance_30_10_4_1;weighted;weighted;weighted-sum;-;;;;;;totalizer;both;slot-service;OPTIMUM;13.84619181;300.0;13.79929987;1;9582;78913;1441;416.0;416.0;420.0;4.0;0.0;120.0;weighted_score;416
8;TOT-both-ss;instance_30_10_4_10;weighted;weighted;weighted-sum;-;;;;;;totalizer;both;slot-service;OPTIMUM;13.10129298;300.0;13.05583664;1;9292;73768;1399;403.0;403.0;411.0;8.0;0.0;120.0;weighted_score;403
8;TOT-both-ss;instance_30_10_4_11;weighted;weighted;weighted-sum;-;;;;;;totalizer;both;slot-service;OPTIMUM;16.08494679;300.0;16.04087659;1;9038;70477;1413;390.0;390.0;401.0;11.0;0.0;120.0;weighted_score;390
8;TOT-both-ss;instance_30_10_4_12;weighted;weighted;weighted-sum;-;;;;;;totalizer;both;slot-service;OPTIMUM;16.78418217;300.0;16.73506002;1;9578;79761;1360;387.0;387.0;395.0;8.0;0.0;120.0;weighted_score;387
8;TOT-both-ss;instance_30_10_4_13;weighted;weighted;weighted-sum;-;;;;;;totalizer;both;slot-service;UNSATISFIABLE;0.050429999;300.0;0;1;0;0;0;;;;;;;;
8;TOT-both-ss;instance_30_10_4_14;weighted;weighted;weighted-sum;-;;;;;;totalizer;both;slot-service;UNSATISFIABLE;0.052889546;300.0;0;1;0;0;0;;;;;;;;
8;TOT-both-ss;instance_30_10_4_15;weighted;weighted;weighted-sum;-;;;;;;totalizer;both;slot-service;UNSATISFIABLE;0.044968991;300.0;0;1;0;0;0;;;;;;;;
8;TOT-both-ss;instance_30_10_4_16;weighted;weighted;weighted-sum;-;;;;;;totalizer;both;slot-service;OPTIMUM;11.24183429;300.0;11.19451435;1;9909;84109;1562;431.0;431.0;436.0;5.0;0.0;120.0;weighted_score;431
8;TOT-both-ss;instance_30_10_4_17;weighted;weighted;weighted-sum;-;;;;;;totalizer;both;slot-service;OPTIMUM;3.437588952;300.0;3.403668691;1;8327;57024;1291;400.0;400.0;402.0;2.0;0.0;120.0;weighted_score;400
8;TOT-both-ss;instance_30_10_4_18;weighted;weighted;weighted-sum;-;;;;;;totalizer;both;slot-service;OPTIMUM;6.193377956;300.0;6.15459324;1;8848;65084;1382;408.0;408.0;413.0;5.0;0.0;120.0;weighted_score;408
8;TOT-both-ss;instance_30_10_4_19;weighted;weighted;weighted-sum;-;;;;;;totalizer;both;slot-service;UNSATISFIABLE;0.070868261;300.0;0;1;0;0;0;;;;;;;;
8;TOT-both-ss;instance_30_10_4_2;weighted;weighted;weighted-sum;-;;;;;;totalizer;both;slot-service;UNSATISFIABLE;0.069009718;300.0;0;1;0;0;0;;;;;;;;
8;TOT-both-ss;instance_30_10_4_20;weighted;weighted;weighted-sum;-;;;;;;totalizer;both;slot-service;UNSATISFIABLE;0.052000881;300.0;0;1;0;0;0;;;;;;;;
8;TOT-both-ss;instance_30_10_4_21;weighted;weighted;weighted-sum;-;;;;;;totalizer;both;slot-service;UNSATISFIABLE;0.085469568;300.0;0;1;0;0;0;;;;;;;;
8;TOT-both-ss;instance_30_10_4_22;weighted;weighted;weighted-sum;-;;;;;;totalizer;both;slot-service;UNSATISFIABLE;0.063971196;300.0;0;1;0;0;0;;;;;;;;
8;TOT-both-ss;instance_30_10_4_23;weighted;weighted;weighted-sum;-;;;;;;totalizer;both;slot-service;OPTIMUM;8.443963197;300.0;8.399196516;1;9752;80296;1499;379.0;379.0;381.0;2.0;0.0;120.0;weighted_score;379
8;TOT-both-ss;instance_30_10_4_24;weighted;weighted;weighted-sum;-;;;;;;totalizer;both;slot-service;OPTIMUM;8.54752323;300.0;8.510333529;1;8815;65130;1375;387.0;387.0;392.0;5.0;0.0;120.0;weighted_score;387
8;TOT-both-ss;instance_30_10_4_25;weighted;weighted;weighted-sum;-;;;;;;totalizer;both;slot-service;OPTIMUM;14.41824186;300.0;14.36712209;1;10408;91338;1435;444.0;444.0;445.0;1.0;0.0;120.0;weighted_score;444
8;TOT-both-ss;instance_30_10_4_26;weighted;weighted;weighted-sum;-;;;;;;totalizer;both;slot-service;UNSATISFIABLE;0.093107966;300.0;0;1;0;0;0;;;;;;;;
8;TOT-both-ss;instance_30_10_4_27;weighted;weighted;weighted-sum;-;;;;;;totalizer;both;slot-service;OPTIMUM;15.413216;300.0;15.3784605;1;8644;59774;1374;390.0;390.0;402.0;12.0;0.0;120.0;weighted_score;390
8;TOT-both-ss;instance_30_10_4_28;weighted;weighted;weighted-sum;-;;;;;;totalizer;both;slot-service;UNSATISFIABLE;0.03434425;300.0;0;1;0;0;0;;;;;;;;
8;TOT-both-ss;instance_30_10_4_29;weighted;weighted;weighted-sum;-;;;;;;totalizer;both;slot-service;UNSATISFIABLE;0.054680415;300.0;0;1;0;0;0;;;;;;;;
8;TOT-both-ss;instance_30_10_4_3;weighted;weighted;weighted-sum;-;;;;;;totalizer;both;slot-service;UNSATISFIABLE;0.053344489;300.0;0;1;0;0;0;;;;;;;;
8;TOT-both-ss;instance_30_10_4_30;weighted;weighted;weighted-sum;-;;;;;;totalizer;both;slot-service;OPTIMUM;18.79537807;300.0;18.7423024;1;9751;81939;1482;396.0;396.0;405.0;9.0;0.0;120.0;weighted_score;396
8;TOT-both-ss;instance_30_10_4_31;weighted;weighted;weighted-sum;-;;;;;;totalizer;both;slot-service;OPTIMUM;10.63137845;300.0;10.58547142;1;9195;70321;1318;372.0;372.0;381.0;9.0;0.0;120.0;weighted_score;372
8;TOT-both-ss;instance_30_10_4_32;weighted;weighted;weighted-sum;-;;;;;;totalizer;both;slot-service;OPTIMUM;9.096680211;300.0;9.049084893;1;9525;78416;1493;423.0;423.0;424.0;1.0;0.0;120.0;weighted_score;423
8;TOT-both-ss;instance_30_10_4_33;weighted;weighted;weighted-sum;-;;;;;;totalizer;both;slot-service;OPTIMUM;19.30419655;300.0;19.25781172;1;9905;82011;1416;434.0;434.0;435.0;1.0;0.0;120.0;weighted_score;434
8;TOT-both-ss;instance_30_10_4_34;weighted;weighted;weighted-sum;-;;;;;;totalizer;both;slot-service;UNSATISFIABLE;0.062974943;300.0;0;1;0;0;0;;;;;;;;
8;TOT-both-ss;instance_30_10_4_35;weighted;weighted;weighted-sum;-;;;;;;totalizer;both;slot-service;UNSATISFIABLE;0.049628256;300.0;0;1;0;0;0;;;;;;;;
8;TOT-both-ss;instance_30_10_4_36;weighted;weighted;weighted-sum;-;;;;;;totalizer;both;slot-service;OPTIMUM;20.4167886;300.0;20.36393419;1;9923;90766;1497;401.0;401.0;408.0;7.0;0.0;120.0;weighted_score;401
8;TOT-both-ss;instance_30_10_4_37;weighted;weighted;weighted-sum;-;;;;;;totalizer;both;slot-service;OPTIMUM;11.34803688;300.0;11.29748929;1;9813;83361;1457;440.0;440.0;444.0;4.0;0.0;120.0;weighted_score;440
8;TOT-both-ss;instance_30_10_4_38;weighted;weighted;weighted-sum;-;;;;;;totalizer;both;slot-service;UNSATISFIABLE;0.06140727;300.0;0;1;0;0;0;;;;;;;;
8;TOT-both-ss;instance_30_10_4_39;weighted;weighted;weighted-sum;-;;;;;;totalizer;both;slot-service;UNSATISFIABLE;0.054522997;300.0;0;1;0;0;0;;;;;;;;
8;TOT-both-ss;instance_30_10_4_4;weighted;weighted;weighted-sum;-;;;;;;totalizer;both;slot-service;OPTIMUM;6.202128629;300.0;6.153302622;1;9408;76460;1419;427.0;427.0;430.0;3.0;0.0;120.0;weighted_score;427
8;TOT-both-ss;instance_30_10_4_40;weighted;weighted;weighted-sum;-;;;;;;totalizer;both;slot-service;UNSATISFIABLE;0.068759439;300.0;0;1;0;0;0;;;;;;;;
8;TOT-both-ss;instance_30_10_4_41;weighted;weighted;weighted-sum;-;;;;;;totalizer;both;slot-service;OPTIMUM;7.492053543;300.0;7.463030549;1;7641;46661;1236;350.0;350.0;356.0;6.0;0.0;120.0;weighted_score;350
8;TOT-both-ss;instance_30_10_4_42;weighted;weighted;weighted-sum;-;;;;;;totalizer;both;slot-service;UNSATISFIABLE;0.062986656;300.0;0;1;0;0;0;;;;;;;;
8;TOT-both-ss;instance_30_10_4_43;weighted;weighted;weighted-sum;-;;;;;;totalizer;both;slot-service;OPTIMUM;18.01516537;300.0;17.96505697;1;9515;80803;1427;412.0;412.0;419.0;7.0;0.0;120.0;weighted_score;412
8;TOT-both-ss;instance_30_10_4_44;weighted;weighted;weighted-sum;-;;;;;;totalizer;both;slot-service;UNSATISFIABLE;0.083836509;300.0;0;1;0;0;0;;;;;;;;
8;TOT-both-ss;instance_30_10_4_45;weighted;weighted;weighted-sum;-;;;;;;totalizer;both;slot-service;OPTIMUM;6.274295009;300.0;6.234864977;1;9039;68885;1363;365.0;365.0;371.0;6.0;0.0;120.0;weighted_score;365
8;TOT-both-ss;instance_30_10_4_46;weighted;weighted;weighted-sum;-;;;;;;totalizer;both;slot-service;UNSATISFIABLE;0.046567635;300.0;0;1;0;0;0;;;;;;;;
8;TOT-both-ss;instance_30_10_4_47;weighted;weighted;weighted-sum;-;;;;;;totalizer;both;slot-service;OPTIMUM;7.168141242;300.0;7.134684533;1;8545;57989;1390;395.0;395.0;399.0;4.0;0.0;120.0;weighted_score;395
8;TOT-both-ss;instance_30_10_4_48;weighted;weighted;weighted-sum;-;;;;;;totalizer;both;slot-service;OPTIMUM;8.278667398;300.0;8.246500296;1;7845;49350;1309;375.0;375.0;377.0;2.0;0.0;120.0;weighted_score;375
8;TOT-both-ss;instance_30_10_4_49;weighted;weighted;weighted-sum;-;;;;;;totalizer;both;slot-service;UNSATISFIABLE;0.092255177;300.0;0;1;0;0;0;;;;;;;;
8;TOT-both-ss;instance_30_10_4_5;weighted;weighted;weighted-sum;-;;;;;;totalizer;both;slot-service;OPTIMUM;17.32052213;300.0;17.27769599;1;8664;66315;1452;418.0;418.0;423.0;5.0;0.0;120.0;weighted_score;418
8;TOT-both-ss;instance_30_10_4_50;weighted;weighted;weighted-sum;-;;;;;;totalizer;both;slot-service;UNSATISFIABLE;0.061071528;300.0;0;1;0;0;0;;;;;;;;
8;TOT-both-ss;instance_30_10_4_6;weighted;weighted;weighted-sum;-;;;;;;totalizer;both;slot-service;OPTIMUM;7.821929604;300.0;7.773847216;1;9659;82218;1451;388.0;388.0;390.0;2.0;0.0;120.0;weighted_score;388
8;TOT-both-ss;instance_30_10_4_7;weighted;weighted;weighted-sum;-;;;;;;totalizer;both;slot-service;UNSATISFIABLE;0.053186253;300.0;0;1;0;0;0;;;;;;;;
8;TOT-both-ss;instance_30_10_4_8;weighted;weighted;weighted-sum;-;;;;;;totalizer;both;slot-service;OPTIMUM;22.57833222;300.0;22.53385906;1;9123;72337;1365;414.0;414.0;422.0;8.0;0.0;120.0;weighted_score;414
8;TOT-both-ss;instance_30_10_4_9;weighted;weighted;weighted-sum;-;;;;;;totalizer;both;slot-service;UNSATISFIABLE;0.052870964;300.0;0;1;0;0;0;;;;;;;;
8;TOT-both-ss;instance_40_10_5_1;weighted;weighted;weighted-sum;-;;;;;;totalizer;both;slot-service;UNSATISFIABLE;0.203903349;300.0;0;0;0;0;0;;;;;;;;
8;TOT-both-ss;instance_40_10_5_10;weighted;weighted;weighted-sum;-;;;;;;totalizer;both;slot-service;UNSATISFIABLE;0.120841826;300.0;0;0;0;0;0;;;;;;;;
8;TOT-both-ss;instance_40_10_5_11;weighted;weighted;weighted-sum;-;;;;;;totalizer;both;slot-service;OPTIMUM;174.9380011;300.0;174.8561274;1;16102;156384;2114;609.0;609.0;621.0;12.0;0.0;200.0;weighted_score;609
8;TOT-both-ss;instance_40_10_5_12;weighted;weighted;weighted-sum;-;;;;;;totalizer;both;slot-service;TIMEOUT;300.118348;300.0;0;0;0;0;0;;;;;;;;
8;TOT-both-ss;instance_40_10_5_13;weighted;weighted;weighted-sum;-;;;;;;totalizer;both;slot-service;UNSATISFIABLE;0.135963114;300.0;0;0;0;0;0;;;;;;;;
8;TOT-both-ss;instance_40_10_5_14;weighted;weighted;weighted-sum;-;;;;;;totalizer;both;slot-service;OPTIMUM;47.24861296;300.0;47.1596058;1;17111;176248;2276;663.0;663.0;672.0;9.0;0.0;200.0;weighted_score;663
8;TOT-both-ss;instance_40_10_5_15;weighted;weighted;weighted-sum;-;;;;;;totalizer;both;slot-service;UNSATISFIABLE;0.11273885;300.0;0;0;0;0;0;;;;;;;;
8;TOT-both-ss;instance_40_10_5_16;weighted;weighted;weighted-sum;-;;;;;;totalizer;both;slot-service;UNSATISFIABLE;0.197883993;300.0;0;0;0;0;0;;;;;;;;
8;TOT-both-ss;instance_40_10_5_17;weighted;weighted;weighted-sum;-;;;;;;totalizer;both;slot-service;OPTIMUM;30.25365212;300.0;30.17081814;1;16753;169639;2324;706.0;706.0;710.0;4.0;0.0;200.0;weighted_score;706
8;TOT-both-ss;instance_40_10_5_18;weighted;weighted;weighted-sum;-;;;;;;totalizer;both;slot-service;UNSATISFIABLE;0.124145266;300.0;0;0;0;0;0;;;;;;;;
8;TOT-both-ss;instance_40_10_5_19;weighted;weighted;weighted-sum;-;;;;;;totalizer;both;slot-service;TIMEOUT;300.1170338;300.0;0;0;0;0;0;;;;;;;;
8;TOT-both-ss;instance_40_10_5_2;weighted;weighted;weighted-sum;-;;;;;;totalizer;both;slot-service;OPTIMUM;74.33560975;300.0;74.2415273;1;17452;185227;2180;704.0;704.0;719.0;15.0;0.0;200.0;weighted_score;704
8;TOT-both-ss;instance_40_10_5_20;weighted;weighted;weighted-sum;-;;;;;;totalizer;both;slot-service;UNSATISFIABLE;0.083084943;300.0;0;0;0;0;0;;;;;;;;
8;TOT-both-ss;instance_40_10_5_21;weighted;weighted;weighted-sum;-;;;;;;totalizer;both;slot-service;UNSATISFIABLE;0.103062279;300.0;0;0;0;0;0;;;;;;;;
8;TOT-both-ss;instance_40_10_5_22;weighted;weighted;weighted-sum;-;;;;;;totalizer;both;slot-service;TIMEOUT;300.119269;300.0;0;0;0;0;0;;;;;;;;
8;TOT-both-ss;instance_40_10_5_23;weighted;weighted;weighted-sum;-;;;;;;totalizer;both;slot-service;UNSATISFIABLE;0.113118615;300.0;0;0;0;0;0;;;;;;;;
8;TOT-both-ss;instance_40_10_5_24;weighted;weighted;weighted-sum;-;;;;;;totalizer;both;slot-service;UNSATISFIABLE;0.184525588;300.0;0;0;0;0;0;;;;;;;;
8;TOT-both-ss;instance_40_10_5_25;weighted;weighted;weighted-sum;-;;;;;;totalizer;both;slot-service;UNSATISFIABLE;0.082040165;300.0;0;0;0;0;0;;;;;;;;
8;TOT-both-ss;instance_40_10_5_26;weighted;weighted;weighted-sum;-;;;;;;totalizer;both;slot-service;UNSATISFIABLE;0.236234867;300.0;0;0;0;0;0;;;;;;;;
8;TOT-both-ss;instance_40_10_5_27;weighted;weighted;weighted-sum;-;;;;;;totalizer;both;slot-service;UNSATISFIABLE;0.131049945;300.0;0;0;0;0;0;;;;;;;;
8;TOT-both-ss;instance_40_10_5_28;weighted;weighted;weighted-sum;-;;;;;;totalizer;both;slot-service;TIMEOUT;300.1235885;300.0;0;0;0;0;0;;;;;;;;
8;TOT-both-ss;instance_40_10_5_29;weighted;weighted;weighted-sum;-;;;;;;totalizer;both;slot-service;OPTIMUM;38.00020968;300.0;37.90802059;1;17514;179921;2387;698.0;698.0;701.0;3.0;0.0;200.0;weighted_score;698
8;TOT-both-ss;instance_40_10_5_3;weighted;weighted;weighted-sum;-;;;;;;totalizer;both;slot-service;UNSATISFIABLE;0.223094351;300.0;0;0;0;0;0;;;;;;;;
8;TOT-both-ss;instance_40_10_5_30;weighted;weighted;weighted-sum;-;;;;;;totalizer;both;slot-service;UNSATISFIABLE;0.083792436;300.0;0;0;0;0;0;;;;;;;;
8;TOT-both-ss;instance_40_10_5_31;weighted;weighted;weighted-sum;-;;;;;;totalizer;both;slot-service;UNSATISFIABLE;0.092796897;300.0;0;0;0;0;0;;;;;;;;
8;TOT-both-ss;instance_40_10_5_32;weighted;weighted;weighted-sum;-;;;;;;totalizer;both;slot-service;OPTIMUM;35.93343856;300.0;35.84539819;1;17254;171483;2311;699.0;699.0;700.0;1.0;0.0;200.0;weighted_score;699
8;TOT-both-ss;instance_40_10_5_33;weighted;weighted;weighted-sum;-;;;;;;totalizer;both;slot-service;UNSATISFIABLE;0.111867503;300.0;0;0;0;0;0;;;;;;;;
8;TOT-both-ss;instance_40_10_5_34;weighted;weighted;weighted-sum;-;;;;;;totalizer;both;slot-service;UNSATISFIABLE;3.64514751;300.0;0;0;0;0;0;;;;;;;;
8;TOT-both-ss;instance_40_10_5_35;weighted;weighted;weighted-sum;-;;;;;;totalizer;both;slot-service;UNSATISFIABLE;0.087043557;300.0;0;0;0;0;0;;;;;;;;
8;TOT-both-ss;instance_40_10_5_36;weighted;weighted;weighted-sum;-;;;;;;totalizer;both;slot-service;UNSATISFIABLE;0.225876036;300.0;0;0;0;0;0;;;;;;;;
8;TOT-both-ss;instance_40_10_5_37;weighted;weighted;weighted-sum;-;;;;;;totalizer;both;slot-service;UNSATISFIABLE;0.090417711;300.0;0;0;0;0;0;;;;;;;;
8;TOT-both-ss;instance_40_10_5_38;weighted;weighted;weighted-sum;-;;;;;;totalizer;both;slot-service;UNSATISFIABLE;0.08602316;300.0;0;0;0;0;0;;;;;;;;
8;TOT-both-ss;instance_40_10_5_39;weighted;weighted;weighted-sum;-;;;;;;totalizer;both;slot-service;OPTIMUM;89.45970497;300.0;89.37501066;1;16026;156344;2189;691.0;691.0;697.0;4.0;2.0;200.0;weighted_score;691
8;TOT-both-ss;instance_40_10_5_4;weighted;weighted;weighted-sum;-;;;;;;totalizer;both;slot-service;UNSATISFIABLE;0.08841601;300.0;0;0;0;0;0;;;;;;;;
8;TOT-both-ss;instance_40_10_5_40;weighted;weighted;weighted-sum;-;;;;;;totalizer;both;slot-service;UNSATISFIABLE;0.109654365;300.0;0;0;0;0;0;;;;;;;;
8;TOT-both-ss;instance_40_10_5_41;weighted;weighted;weighted-sum;-;;;;;;totalizer;both;slot-service;UNSATISFIABLE;0.655676804;300.0;0;0;0;0;0;;;;;;;;
8;TOT-both-ss;instance_40_10_5_42;weighted;weighted;weighted-sum;-;;;;;;totalizer;both;slot-service;UNSATISFIABLE;0.082263936;300.0;0;0;0;0;0;;;;;;;;
8;TOT-both-ss;instance_40_10_5_43;weighted;weighted;weighted-sum;-;;;;;;totalizer;both;slot-service;UNSATISFIABLE;0.089679526;300.0;0;0;0;0;0;;;;;;;;
8;TOT-both-ss;instance_40_10_5_44;weighted;weighted;weighted-sum;-;;;;;;totalizer;both;slot-service;OPTIMUM;38.06913012;300.0;37.98890459;1;15750;148928;2059;634.0;634.0;647.0;13.0;0.0;200.0;weighted_score;634
8;TOT-both-ss;instance_40_10_5_45;weighted;weighted;weighted-sum;-;;;;;;totalizer;both;slot-service;TIMEOUT;300.1219616;300.0;0;0;0;0;0;;;;;;;;
8;TOT-both-ss;instance_40_10_5_46;weighted;weighted;weighted-sum;-;;;;;;totalizer;both;slot-service;UNSATISFIABLE;0.103530413;300.0;0;0;0;0;0;;;;;;;;
8;TOT-both-ss;instance_40_10_5_47;weighted;weighted;weighted-sum;-;;;;;;totalizer;both;slot-service;UNSATISFIABLE;0.113187763;300.0;0;0;0;0;0;;;;;;;;
8;TOT-both-ss;instance_40_10_5_48;weighted;weighted;weighted-sum;-;;;;;;totalizer;both;slot-service;UNSATISFIABLE;0.156503871;300.0;0;0;0;0;0;;;;;;;;
8;TOT-both-ss;instance_40_10_5_49;weighted;weighted;weighted-sum;-;;;;;;totalizer;both;slot-service;OPTIMUM;233.8633996;300.0;233.7638919;1;18633;209163;2407;710.0;710.0;723.0;13.0;0.0;200.0;weighted_score;710
8;TOT-both-ss;instance_40_10_5_5;weighted;weighted;weighted-sum;-;;;;;;totalizer;both;slot-service;TIMEOUT;300.1185768;300.0;0;0;0;0;0;;;;;;;;
8;TOT-both-ss;instance_40_10_5_50;weighted;weighted;weighted-sum;-;;;;;;totalizer;both;slot-service;UNSATISFIABLE;0.116753397;300.0;0;0;0;0;0;;;;;;;;
8;TOT-both-ss;instance_40_10_5_6;weighted;weighted;weighted-sum;-;;;;;;totalizer;both;slot-service;TIMEOUT;300.1218019;300.0;0;0;0;0;0;;;;;;;;
8;TOT-both-ss;instance_40_10_5_7;weighted;weighted;weighted-sum;-;;;;;;totalizer;both;slot-service;OPTIMUM;49.71210065;300.0;49.61677449;1;17471;187846;2328;695.0;695.0;700.0;5.0;0.0;200.0;weighted_score;695
8;TOT-both-ss;instance_40_10_5_8;weighted;weighted;weighted-sum;-;;;;;;totalizer;both;slot-service;UNSATISFIABLE;0.115717199;300.0;0;0;0;0;0;;;;;;;;
8;TOT-both-ss;instance_40_10_5_9;weighted;weighted;weighted-sum;-;;;;;;totalizer;both;slot-service;UNSATISFIABLE;0.13476978;300.0;0;0;0;0;0;;;;;;;;
8;TOT-both-ss;instance_40_15_5_1;weighted;weighted;weighted-sum;-;;;;;;totalizer;both;slot-service;OPTIMUM;135.1087026;300.0;134.9519967;1;22670;287007;3457;751.0;751.0;755.0;4.0;0.0;200.0;weighted_score;751
8;TOT-both-ss;instance_40_15_5_10;weighted;weighted;weighted-sum;-;;;;;;totalizer;both;slot-service;OPTIMUM;23.56249737;300.0;23.44586355;1;20777;235639;3198;724.0;724.0;731.0;7.0;0.0;200.0;weighted_score;724
8;TOT-both-ss;instance_40_15_5_11;weighted;weighted;weighted-sum;-;;;;;;totalizer;both;slot-service;OPTIMUM;61.72729945;300.0;61.61341287;1;21241;240390;3247;695.0;695.0;706.0;11.0;0.0;200.0;weighted_score;695
8;TOT-both-ss;instance_40_15_5_12;weighted;weighted;weighted-sum;-;;;;;;totalizer;both;slot-service;OPTIMUM;34.29313017;300.0;34.14059367;1;22412;270154;3350;773.0;773.0;774.0;1.0;0.0;200.0;weighted_score;773
8;TOT-both-ss;instance_40_15_5_13;weighted;weighted;weighted-sum;-;;;;;;totalizer;both;slot-service;UNSATISFIABLE;0.323380546;300.0;0;0;0;0;0;;;;;;;;
8;TOT-both-ss;instance_40_15_5_14;weighted;weighted;weighted-sum;-;;;;;;totalizer;both;slot-service;OPTIMUM;65.30790101;300.0;65.16445384;1;21853;265653;3227;711.0;711.0;721.0;10.0;0.0;200.0;weighted_score;711
8;TOT-both-ss;instance_40_15_5_15;weighted;weighted;weighted-sum;-;;;;;;totalizer;both;slot-service;OPTIMUM;50.8809648;300.0;50.7317262;1;23113;281097;3438;736.0;736.0;745.0;8.0;1.0;200.0;weighted_score;736
8;TOT-both-ss;instance_40_15_5_16;weighted;weighted;weighted-sum;-;;;;;;totalizer;both;slot-service;TIMEOUT;300.1252379;300.0;0;0;0;0;0;;;;;;;;
8;TOT-both-ss;instance_40_15_5_17;weighted;weighted;weighted-sum;-;;;;;;totalizer;both;slot-service;TIMEOUT;300.1153513;300.0;0;0;0;0;0;;;;;;;;
8;TOT-both-ss;instance_40_15_5_18;weighted;weighted;weighted-sum;-;;;;;;totalizer;both;slot-service;OPTIMUM;64.87103233;300.0;64.76743058;1;20069;203872;3134;685.0;685.0;692.0;7.0;0.0;200.0;weighted_score;685
8;TOT-both-ss;instance_40_15_5_19;weighted;weighted;weighted-sum;-;;;;;;totalizer;both;slot-service;UNSATISFIABLE;0.18095975;300.0;0;0;0;0;0;;;;;;;;
8;TOT-both-ss;instance_40_15_5_2;weighted;weighted;weighted-sum;-;;;;;;totalizer;both;slot-service;OPTIMUM;77.31660961;300.0;77.21826682;1;19556;197681;3038;714.0;714.0;728.0;14.0;0.0;200.0;weighted_score;714
8;TOT-both-ss;instance_40_15_5_20;weighted;weighted;weighted-sum;-;;;;;;totalizer;both;slot-service;OPTIMUM;55.58052557;300.0;55.47412045;1;20063;218531;3176;703.0;703.0;711.0;8.0;0.0;200.0;weighted_score;703
8;TOT-both-ss;instance_40_15_5_21;weighted;weighted;weighted-sum;-;;;;;;totalizer;both;slot-service;OPTIMUM;43.65998483;300.0;43.49994271;1;23801;306169;3399;732.0;732.0;736.0;4.0;0.0;200.0;weighted_score;732
8;TOT-both-ss;instance_40_15_5_22;weighted;weighted;weighted-sum;-;;;;;;totalizer;both;slot-service;UNSATISFIABLE;0.136575307;300.0;0;0;0;0;0;;;;;;;;
8;TOT-both-ss;instance_40_15_5_23;weighted;weighted;weighted-sum;-;;;;;;totalizer;both;slot-service;OPTIMUM;26.92294544;300.0;26.83255367;1;17929;167719;2884;717.0;717.0;718.0;1.0;0.0;200.0;weighted_score;717
8;TOT-both-ss;instance_40_15_5_24;weighted;weighted;weighted-sum;-;;;;;;totalizer;both;slot-service;OPTIMUM;99.71458377;300.0;99.60696395;1;19871;219749;3010;723.0;723.0;729.0;6.0;0.0;200.0;weighted_score;723
8;TOT-both-ss;instance_40_15_5_25;weighted;weighted;weighted-sum;-;;;;;;totalizer;both;slot-service;UNSATISFIABLE;0.150210976;300.0;0;0;0;0;0;;;;;;;;
8;TOT-both-ss;instance_40_15_5_26;weighted;weighted;weighted-sum;-;;;;;;totalizer;both;slot-service;OPTIMUM;53.97010566;300.0;53.86129124;1;20313;227515;3105;710.0;710.0;721.0;11.0;0.0;200.0;weighted_score;710
8;TOT-both-ss;instance_40_15_5_27;weighted;weighted;weighted-sum;-;;;;;;totalizer;both;slot-service;OPTIMUM;65.07028211;300.0;64.97451608;1;18205;175856;3072;640.0;640.0;658.0;18.0;0.0;200.0;weighted_score;640
8;TOT-both-ss;instance_40_15_5_28;weighted;weighted;weighted-sum;-;;;;;;totalizer;both;slot-service;OPTIMUM;20.06493629;300.0;19.95682075;1;21105;222852;3477;749.0;749.0;754.0;5.0;0.0;200.0;weighted_score;749
8;TOT-both-ss;instance_40_15_5_29;weighted;weighted;weighted-sum;-;;;;;;totalizer;both;slot-service;UNSATISFIABLE;0.23664375;300.0;0;0;0;0;0;;;;;;;;
8;TOT-both-ss;instance_40_15_5_3;weighted;weighted;weighted-sum;-;;;;;;totalizer;both;slot-service;OPTIMUM;58.08082107;300.0;57.92616186;1;23937;300711;3639;745.0;745.0;750.0;5.0;0.0;200.0;weighted_score;745
8;TOT-both-ss;instance_40_15_5_30;weighted;weighted;weighted-sum;-;;;;;;totalizer;both;slot-service;OPTIMUM;52.27379941;300.0;52.1177817;1;22682;303671;3294;706.0;706.0;718.0;12.0;0.0;200.0;weighted_score;706
8;TOT-both-ss;instance_40_15_5_31;weighted;weighted;weighted-sum;-;;;;;;totalizer;both;slot-service;OPTIMUM;53.11083512;300.0;52.99591804;1;21055;229962;3383;717.0;717.0;728.0;11.0;0.0;200.0;weighted_score;717
8;TOT-both-ss;instance_40_15_5_32;weighted;weighted;weighted-sum;-;;;;;;totalizer;both;slot-service;UNSATISFIABLE;0.198352861;300.0;0;0;0;0;0;;;;;;;;
8;TOT-both-ss;instance_40_15_5_33;weighted;weighted;weighted-sum;-;;;;;;totalizer;both;slot-service;OPTIMUM;119.9200515;300.0;119.8262771;1;17848;179789;2925;676.0;676.0;683.0;7.0;0.0;200.0;weighted_score;676
8;TOT-both-ss;instance_40_15_5_34;weighted;weighted;weighted-sum;-;;;;;;totalizer;both;slot-service;TIMEOUT;300.1227047;300.0;0;0;0;0;0;;;;;;;;
8;TOT-both-ss;instance_40_15_5_35;weighted;weighted;weighted-sum;-;;;;;;totalizer;both;slot-service;OPTIMUM;27.2258169;300.0;27.10389643;1;21932;259315;3325;743.0;743.0;749.0;6.0;0.0;200.0;weighted_score;743
8;TOT-both-ss;instance_40_15_5_36;weighted;weighted;weighted-sum;-;;;;;;totalizer;both;slot-service;UNSATISFIABLE;0.36934917;300.0;0;0;0;0;0;;;;;;;;
8;TOT-both-ss;instance_40_15_5_37;weighted;weighted;weighted-sum;-;;;;;;totalizer;both;slot-service;UNSATISFIABLE;0.341623515;300.0;0;0;0;0;0;;;;;;;;
8;TOT-both-ss;instance_40_15_5_38;weighted;weighted;weighted-sum;-;;;;;;totalizer;both;slot-service;UNSATISFIABLE;0.145312447;300.0;0;0;0;0;0;;;;;;;;
8;TOT-both-ss;instance_40_15_5_39;weighted;weighted;weighted-sum;-;;;;;;totalizer;both;slot-service;OPTIMUM;46.1066922;300.0;45.99354523;1;21679;244329;3368;700.0;700.0;706.0;6.0;0.0;200.0;weighted_score;700
8;TOT-both-ss;instance_40_15_5_4;weighted;weighted;weighted-sum;-;;;;;;totalizer;both;slot-service;OPTIMUM;30.28603267;300.0;30.16464657;1;22215;260492;3409;728.0;728.0;735.0;7.0;0.0;200.0;weighted_score;728
8;TOT-both-ss;instance_40_15_5_40;weighted;weighted;weighted-sum;-;;;;;;totalizer;both;slot-service;OPTIMUM;41.99509999;300.0;41.88850532;1;20727;219866;3214;696.0;696.0;710.0;14.0;0.0;200.0;weighted_score;696
8;TOT-both-ss;instance_40_15_5_41;weighted;weighted;weighted-sum;-;;;;;;totalizer;both;slot-service;OPTIMUM;34.10608364;300.0;33.99868608;1;20638;227878;3259;744.0;744.0;745.0;1.0;0.0;200.0;weighted_score;744
8;TOT-both-ss;instance_40_15_5_42;weighted;weighted;weighted-sum;-;;;;;;totalizer;both;slot-service;OPTIMUM;32.91065419;300.0;32.81762423;1;17615;162935;2907;685.0;685.0;693.0;8.0;0.0;200.0;weighted_score;685
8;TOT-both-ss;instance_40_15_5_43;weighted;weighted;weighted-sum;-;;;;;;totalizer;both;slot-service;OPTIMUM;46.62448409;300.0;46.47080217;1;22960;288233;3276;746.0;746.0;751.0;5.0;0.0;200.0;weighted_score;746
8;TOT-both-ss;instance_40_15_5_44;weighted;weighted;weighted-sum;-;;;;;;totalizer;both;slot-service;UNSATISFIABLE;0.76928908;300.0;0;0;0;0;0;;;;;;;;
8;TOT-both-ss;instance_40_15_5_45;weighted;weighted;weighted-sum;-;;;;;;totalizer;both;slot-service;OPTIMUM;85.55633166;300.0;85.4541973;1;19264;205410;3047;716.0;716.0;725.0;9.0;0.0;200.0;weighted_score;716
8;TOT-both-ss;instance_40_15_5_46;weighted;weighted;weighted-sum;-;;;;;;totalizer;both;slot-service;OPTIMUM;44.72967464;300.0;44.62855663;1;19458;197455;3123;649.0;649.0;658.0;9.0;0.0;200.0;weighted_score;649
8;TOT-both-ss;instance_40_15_5_47;weighted;weighted;weighted-sum;-;;;;;;totalizer;both;slot-service;OPTIMUM;62.48108051;300.0;62.3719637;1;20286;220769;3162;656.0;656.0;666.0;10.0;0.0;200.0;weighted_score;656
8;TOT-both-ss;instance_40_15_5_48;weighted;weighted;weighted-sum;-;;;;;;totalizer;both;slot-service;OPTIMUM;46.59733644;300.0;46.50101696;1;18852;187465;2972;660.0;660.0;672.0;12.0;0.0;200.0;weighted_score;660
8;TOT-both-ss;instance_40_15_5_49;weighted;weighted;weighted-sum;-;;;;;;totalizer;both;slot-service;UNSATISFIABLE;0.15116827;300.0;0;0;0;0;0;;;;;;;;
8;TOT-both-ss;instance_40_15_5_5;weighted;weighted;weighted-sum;-;;;;;;totalizer;both;slot-service;UNSATISFIABLE;0.31644289;300.0;0;0;0;0;0;;;;;;;;
8;TOT-both-ss;instance_40_15_5_50;weighted;weighted;weighted-sum;-;;;;;;totalizer;both;slot-service;OPTIMUM;56.03519755;300.0;55.93270498;1;19824;214872;3021;701.0;701.0;707.0;6.0;0.0;200.0;weighted_score;701
8;TOT-both-ss;instance_40_15_5_6;weighted;weighted;weighted-sum;-;;;;;;totalizer;both;slot-service;UNSATISFIABLE;0.488270249;300.0;0;0;0;0;0;;;;;;;;
8;TOT-both-ss;instance_40_15_5_7;weighted;weighted;weighted-sum;-;;;;;;totalizer;both;slot-service;OPTIMUM;107.4619582;300.0;107.3058893;1;23431;302478;3396;757.0;757.0;765.0;8.0;0.0;200.0;weighted_score;757
8;TOT-both-ss;instance_40_15_5_8;weighted;weighted;weighted-sum;-;;;;;;totalizer;both;slot-service;OPTIMUM;50.09900248;300.0;49.99283482;1;20209;214267;3259;694.0;694.0;702.0;8.0;0.0;200.0;weighted_score;694
8;TOT-both-ss;instance_40_15_5_9;weighted;weighted;weighted-sum;-;;;;;;totalizer;both;slot-service;TIMEOUT;300.1162658;300.0;0;0;0;0;0;;;;;;;;
8;TOT-both-ss;instance_40_20_5_1;weighted;weighted;weighted-sum;-;;;;;;totalizer;both;slot-service;TIMEOUT;300.1242602;300.0;0;0;0;0;0;;;;;;;;
8;TOT-both-ss;instance_40_20_5_10;weighted;weighted;weighted-sum;-;;;;;;totalizer;both;slot-service;OPTIMUM;21.37101671;300.0;21.25483473;1;22972;232613;4081;716.0;716.0;724.0;8.0;0.0;200.0;weighted_score;716
8;TOT-both-ss;instance_40_20_5_11;weighted;weighted;weighted-sum;-;;;;;;totalizer;both;slot-service;OPTIMUM;37.80810692;300.0;37.6463105;1;24770;308437;4143;734.0;734.0;738.0;4.0;0.0;200.0;weighted_score;734
8;TOT-both-ss;instance_40_20_5_12;weighted;weighted;weighted-sum;-;;;;;;totalizer;both;slot-service;OPTIMUM;65.89259846;300.0;65.73641785;1;24827;292748;4408;724.0;724.0;732.0;8.0;0.0;200.0;weighted_score;724
8;TOT-both-ss;instance_40_20_5_13;weighted;weighted;weighted-sum;-;;;;;;totalizer;both;slot-service;OPTIMUM;42.85938547;300.0;42.70463384;1;25221;288121;4312;763.0;763.0;766.0;3.0;0.0;200.0;weighted_score;763
8;TOT-both-ss;instance_40_20_5_14;weighted;weighted;weighted-sum;-;;;;;;totalizer;both;slot-service;OPTIMUM;178.0553797;300.0;177.8849959;1;26853;346322;4541;772.0;772.0;773.0;1.0;0.0;200.0;weighted_score;772
8;TOT-both-ss;instance_40_20_5_15;weighted;weighted;weighted-sum;-;;;;;;totalizer;both;slot-service;OPTIMUM;31.55493781;300.0;31.43465762;1;22748;241715;4109;745.0;745.0;751.0;6.0;0.0;200.0;weighted_score;745
8;TOT-both-ss;instance_40_20_5_16;weighted;weighted;weighted-sum;-;;;;;;totalizer;both;slot-service;OPTIMUM;34.60126608;300.0;34.47993711;1;22682;254118;4090;745.0;745.0;750.0;5.0;0.0;200.0;weighted_score;745
8;TOT-both-ss;instance_40_20_5_17;weighted;weighted;weighted-sum;-;;;;;;totalizer;both;slot-service;OPTIMUM;62.56811082;300.0;62.38796042;1;27321;378448;4329;737.0;737.0;746.0;9.0;0.0;200.0;weighted_score;737
8;TOT-both-ss;instance_40_20_5_18;weighted;weighted;weighted-sum;-;;;;;;totalizer;both;slot-service;OPTIMUM;48.93951835;300.0;48.82259481;1;22724;239266;4143;758.0;758.0;762.0;4.0;0.0;200.0;weighted_score;758
8;TOT-both-ss;instance_40_20_5_19;weighted;weighted;weighted-sum;-;;;;;;totalizer;both;slot-service;OPTIMUM;45.3726385;300.0;45.19979977;1;27474;338471;4519;753.0;753.0;758.0;5.0;0.0;200.0;weighted_score;753
8;TOT-both-ss;instance_40_20_5_2;weighted;weighted;weighted-sum;-;;;;;;totalizer;both;slot-service;OPTIMUM;52.59113946;300.0;52.42687197;1;26163;311942;4418;751.0;751.0;760.0;9.0;0.0;200.0;weighted_score;751
8;TOT-both-ss;instance_40_20_5_20;weighted;weighted;weighted-sum;-;;;;;;totalizer;both;slot-service;OPTIMUM;46.22200515;300.0;46.06400574;1;24626;297474;4106;776.0;776.0;779.0;3.0;0.0;200.0;weighted_score;776
8;TOT-both-ss;instance_40_20_5_21;weighted;weighted;weighted-sum;-;;;;;;totalizer;both;slot-service;OPTIMUM;44.83076267;300.0;44.65189002;1;27358;370016;4406;761.0;761.0;763.0;2.0;0.0;200.0;weighted_score;761
8;TOT-both-ss;instance_40_20_5_22;weighted;weighted;weighted-sum;-;;;;;;totalizer;both;slot-service;OPTIMUM;60.37171789;300.0;60.20743592;1;25489;317995;4476;758.0;758.0;765.0;7.0;0.0;200.0;weighted_score;758
8;TOT-both-ss;instance_40_20_5_23;weighted;weighted;weighted-sum;-;;;;;;totalizer;both;slot-service;OPTIMUM;36.88086722;300.0;36.72759552;1;25013;286008;4458;766.0;766.0;770.0;4.0;0.0;200.0;weighted_score;766
8;TOT-both-ss;instance_40_20_5_24;weighted;weighted;weighted-sum;-;;;;;;totalizer;both;slot-service;OPTIMUM;58.40241758;300.0;58.24775312;1;23831;270773;4104;740.0;740.0;749.0;9.0;0.0;200.0;weighted_score;740
8;TOT-both-ss;instance_40_20_5_25;weighted;weighted;weighted-sum;-;;;;;;totalizer;both;slot-service;OPTIMUM;182.1694694;300.0;182.0459625;1;23188;257909;4198;699.0;699.0;719.0;16.0;4.0;200.0;weighted_score;699
8;TOT-both-ss;instance_40_20_5_26;weighted;weighted;weighted-sum;-;;;;;;totalizer;both;slot-service;OPTIMUM;55.62365385;300.0;55.44791916;1;27298;360421;4250;772.0;772.0;772.0;0.0;0.0;200.0;weighted_score;772
8;TOT-both-ss;instance_40_20_5_27;weighted;weighted;weighted-sum;-;;;;;;totalizer;both;slot-service;OPTIMUM;54.44639401;300.0;54.33171525;1;21291;224913;3661;689.0;689.0;699.0;10.0;0.0;200.0;weighted_score;689
8;TOT-both-ss;instance_40_20_5_28;weighted;weighted;weighted-sum;-;;;;;;totalizer;both;slot-service;OPTIMUM;35.07461386;300.0;34.90796813;1;25263;338506;4072;743.0;743.0;746.0;3.0;0.0;200.0;weighted_score;743
8;TOT-both-ss;instance_40_20_5_29;weighted;weighted;weighted-sum;-;;;;;;totalizer;both;slot-service;OPTIMUM;55.57718491;300.0;55.41457224;1;25741;315182;4314;734.0;734.0;745.0;11.0;0.0;200.0;weighted_score;734
8;TOT-both-ss;instance_40_20_5_3;weighted;weighted;weighted-sum;-;;;;;;totalizer;both;slot-service;OPTIMUM;54.38076945;300.0;54.23400797;1;23159;264422;4027;757.0;757.0;760.0;3.0;0.0;200.0;weighted_score;757
8;TOT-both-ss;instance_40_20_5_30;weighted;weighted;weighted-sum;-;;;;;;totalizer;both;slot-service;OPTIMUM;58.17252278;300.0;58.01034329;1;25548;310606;4400;755.0;755.0;759.0;4.0;0.0;200.0;weighted_score;755
8;TOT-both-ss;instance_40_20_5_31;weighted;weighted;weighted-sum;-;;;;;;totalizer;both;slot-service;OPTIMUM;26.43629609;300.0;26.2891815;1;23284;267215;4153;737.0;737.0;741.0;4.0;0.0;200.0;weighted_score;737
8;TOT-both-ss;instance_40_20_5_32;weighted;weighted;weighted-sum;-;;;;;;totalizer;both;slot-service;UNSATISFIABLE;0.34857331;300.0;0;0;0;0;0;;;;;;;;
8;TOT-both-ss;instance_40_20_5_33;weighted;weighted;weighted-sum;-;;;;;;totalizer;both;slot-service;OPTIMUM;61.94040986;300.0;61.76510725;1;27244;369291;4331;769.0;769.0;775.0;6.0;0.0;200.0;weighted_score;769
8;TOT-both-ss;instance_40_20_5_34;weighted;weighted;weighted-sum;-;;;;;;totalizer;both;slot-service;TIMEOUT;300.1303095;300.0;0;0;0;0;0;;;;;;;;
8;TOT-both-ss;instance_40_20_5_35;weighted;weighted;weighted-sum;-;;;;;;totalizer;both;slot-service;UNSATISFIABLE;0.435516438;300.0;0;0;0;0;0;;;;;;;;
8;TOT-both-ss;instance_40_20_5_36;weighted;weighted;weighted-sum;-;;;;;;totalizer;both;slot-service;OPTIMUM;57.90049201;300.0;57.74696962;1;24402;277385;4267;722.0;722.0;732.0;10.0;0.0;200.0;weighted_score;722
8;TOT-both-ss;instance_40_20_5_37;weighted;weighted;weighted-sum;-;;;;;;totalizer;both;slot-service;OPTIMUM;42.42437709;300.0;42.27222956;1;24644;284124;4340;771.0;771.0;773.0;2.0;0.0;200.0;weighted_score;771
8;TOT-both-ss;instance_40_20_5_38;weighted;weighted;weighted-sum;-;;;;;;totalizer;both;slot-service;OPTIMUM;18.82590225;300.0;18.66539836;1;25002;314262;4283;764.0;764.0;766.0;2.0;0.0;200.0;weighted_score;764
8;TOT-both-ss;instance_40_20_5_39;weighted;weighted;weighted-sum;-;;;;;;totalizer;both;slot-service;OPTIMUM;125.1506961;300.0;124.9859691;1;25419;302999;4440;776.0;776.0;777.0;1.0;0.0;200.0;weighted_score;776
8;TOT-both-ss;instance_40_20_5_4;weighted;weighted;weighted-sum;-;;;;;;totalizer;both;slot-service;OPTIMUM;39.37532199;300.0;39.21598723;1;25177;299962;4315;723.0;723.0;730.0;7.0;0.0;200.0;weighted_score;723
8;TOT-both-ss;instance_40_20_5_40;weighted;weighted;weighted-sum;-;;;;;;totalizer;both;slot-service;OPTIMUM;76.41052438;300.0;76.25158452;1;24778;295678;4031;688.0;688.0;701.0;13.0;0.0;200.0;weighted_score;688
8;TOT-both-ss;instance_40_20_5_41;weighted;weighted;weighted-sum;-;;;;;;totalizer;both;slot-service;OPTIMUM;33.82682071;300.0;33.7075247;1;23283;254210;3938;723.0;723.0;733.0;10.0;0.0;200.0;weighted_score;723
8;TOT-both-ss;instance_40_20_5_42;weighted;weighted;weighted-sum;-;;;;;;totalizer;both;slot-service;OPTIMUM;57.43751557;300.0;57.26158684;1;26488;353179;4081;722.0;722.0;730.0;8.0;0.0;200.0;weighted_score;722
8;TOT-both-ss;instance_40_20_5_43;weighted;weighted;weighted-sum;-;;;;;;totalizer;both;slot-service;OPTIMUM;40.08495505;300.0;39.89577974;1;28068;388125;4425;756.0;756.0;758.0;2.0;0.0;200.0;weighted_score;756
8;TOT-both-ss;instance_40_20_5_44;weighted;weighted;weighted-sum;-;;;;;;totalizer;both;slot-service;OPTIMUM;46.12384274;300.0;45.96179218;1;25830;308476;4337;735.0;735.0;745.0;10.0;0.0;200.0;weighted_score;735
8;TOT-both-ss;instance_40_20_5_45;weighted;weighted;weighted-sum;-;;;;;;totalizer;both;slot-service;TIMEOUT;300.1144932;300.0;0;0;0;0;0;;;;;;;;
8;TOT-both-ss;instance_40_20_5_46;weighted;weighted;weighted-sum;-;;;;;;totalizer;both;slot-service;OPTIMUM;40.92256947;300.0;40.80089224;1;22935;243678;3956;741.0;741.0;754.0;13.0;0.0;200.0;weighted_score;741
8;TOT-both-ss;instance_40_20_5_47;weighted;weighted;weighted-sum;-;;;;;;totalizer;both;slot-service;OPTIMUM;63.0584146;300.0;62.93844452;1;22887;245252;3995;703.0;703.0;718.0;15.0;0.0;200.0;weighted_score;703
8;TOT-both-ss;instance_40_20_5_48;weighted;weighted;weighted-sum;-;;;;;;totalizer;both;slot-service;OPTIMUM;32.43774145;300.0;32.27238863;1;26143;326592;4374;767.0;767.0;773.0;6.0;0.0;200.0;weighted_score;767
8;TOT-both-ss;instance_40_20_5_49;weighted;weighted;weighted-sum;-;;;;;;totalizer;both;slot-service;OPTIMUM;65.41074921;300.0;65.22759823;1;28169;371191;4512;776.0;776.0;785.0;9.0;0.0;200.0;weighted_score;776
8;TOT-both-ss;instance_40_20_5_5;weighted;weighted;weighted-sum;-;;;;;;totalizer;both;slot-service;UNSATISFIABLE;1.948259434;300.0;0;0;0;0;0;;;;;;;;
8;TOT-both-ss;instance_40_20_5_50;weighted;weighted;weighted-sum;-;;;;;;totalizer;both;slot-service;OPTIMUM;47.75802371;300.0;47.64217656;1;22362;237275;3989;729.0;729.0;740.0;11.0;0.0;200.0;weighted_score;729
8;TOT-both-ss;instance_40_20_5_6;weighted;weighted;weighted-sum;-;;;;;;totalizer;both;slot-service;OPTIMUM;50.90677773;300.0;50.726989;1;26843;367527;4147;733.0;733.0;747.0;14.0;0.0;200.0;weighted_score;733
8;TOT-both-ss;instance_40_20_5_7;weighted;weighted;weighted-sum;-;;;;;;totalizer;both;slot-service;OPTIMUM;19.35107768;300.0;19.20157701;1;23505;273554;3865;754.0;754.0;756.0;2.0;0.0;200.0;weighted_score;754
8;TOT-both-ss;instance_40_20_5_8;weighted;weighted;weighted-sum;-;;;;;;totalizer;both;slot-service;OPTIMUM;40.63071723;300.0;40.44821506;1;25940;345939;4331;775.0;775.0;778.0;3.0;0.0;200.0;weighted_score;775
8;TOT-both-ss;instance_40_20_5_9;weighted;weighted;weighted-sum;-;;;;;;totalizer;both;slot-service;OPTIMUM;54.38064068;300.0;54.2725364;1;21094;208488;3847;707.0;707.0;721.0;14.0;0.0;200.0;weighted_score;707
8;TOT-both-ss;instance_40_25_5_1;weighted;weighted;weighted-sum;-;;;;;;totalizer;both;slot-service;OPTIMUM;68.52916892;300.0;68.31714563;1;28256;364033;5042;779.0;779.0;781.0;2.0;0.0;200.0;weighted_score;779
8;TOT-both-ss;instance_40_25_5_10;weighted;weighted;weighted-sum;-;;;;;;totalizer;both;slot-service;OPTIMUM;56.90190079;300.0;56.64038854;1;33313;472128;5579;772.0;772.0;776.0;4.0;0.0;200.0;weighted_score;772
8;TOT-both-ss;instance_40_25_5_11;weighted;weighted;weighted-sum;-;;;;;;totalizer;both;slot-service;OPTIMUM;35.47662;300.0;35.2467337;1;29725;395867;5310;783.0;783.0;783.0;0.0;0.0;200.0;weighted_score;783
8;TOT-both-ss;instance_40_25_5_12;weighted;weighted;weighted-sum;-;;;;;;totalizer;both;slot-service;OPTIMUM;71.07570434;300.0;70.85049995;1;29858;381868;5220;781.0;781.0;783.0;2.0;0.0;200.0;weighted_score;781
8;TOT-both-ss;instance_40_25_5_13;weighted;weighted;weighted-sum;-;;;;;;totalizer;both;slot-service;OPTIMUM;52.43767106;300.0;52.20322123;1;31016;416824;5572;784.0;784.0;785.0;1.0;0.0;200.0;weighted_score;784
8;TOT-both-ss;instance_40_25_5_14;weighted;weighted;weighted-sum;-;;;;;;totalizer;both;slot-service;OPTIMUM;70.83487691;300.0;70.59523918;1;33361;465691;5948;781.0;781.0;781.0;0.0;0.0;200.0;weighted_score;781
8;TOT-both-ss;instance_40_25_5_15;weighted;weighted;weighted-sum;-;;;;;;totalizer;both;slot-service;OPTIMUM;62.67788102;300.0;62.47064476;1;26899;344872;4880;715.0;715.0;720.0;5.0;0.0;200.0;weighted_score;715
8;TOT-both-ss;instance_40_25_5_16;weighted;weighted;weighted-sum;-;;;;;;totalizer;both;slot-service;OPTIMUM;42.70723487;300.0;42.4820567;1;29564;375102;5352;759.0;759.0;765.0;6.0;0.0;200.0;weighted_score;759
8;TOT-both-ss;instance_40_25_5_17;weighted;weighted;weighted-sum;-;;;;;;totalizer;both;slot-service;OPTIMUM;52.34723448;300.0;52.11535465;1;30663;407788;5422;745.0;745.0;752.0;7.0;0.0;200.0;weighted_score;745
8;TOT-both-ss;instance_40_25_5_18;weighted;weighted;weighted-sum;-;;;;;;totalizer;both;slot-service;OPTIMUM;64.52322384;300.0;64.29510026;1;29808;401199;5226;784.0;784.0;786.0;2.0;0.0;200.0;weighted_score;784
8;TOT-both-ss;instance_40_25_5_19;weighted;weighted;weighted-sum;-;;;;;;totalizer;both;slot-service;OPTIMUM;58.19503446;300.0;58.01328661;1;25154;266540;4888;734.0;734.0;740.0;6.0;0.0;200.0;weighted_score;734
8;TOT-both-ss;instance_40_25_5_2;weighted;weighted;weighted-sum;-;;;;;;totalizer;both;slot-service;OPTIMUM;25.82971428;300.0;25.61007914;1;29536;395998;5235;775.0;775.0;778.0;3.0;0.0;200.0;weighted_score;775
8;TOT-both-ss;instance_40_25_5_20;weighted;weighted;weighted-sum;-;;;;;;totalizer;both;slot-service;OPTIMUM;99.08677811;300.0;98.83999184;1;31423;450398;5198;767.0;767.0;771.0;4.0;0.0;200.0;weighted_score;767
8;TOT-both-ss;instance_40_25_5_21;weighted;weighted;weighted-sum;-;;;;;;totalizer;both;slot-service;OPTIMUM;37.50044081;300.0;37.27033873;1;30471;404060;5415;758.0;758.0;760.0;2.0;0.0;200.0;weighted_score;758
8;TOT-both-ss;instance_40_25_5_22;weighted;weighted;weighted-sum;-;;;;;;totalizer;both;slot-service;OPTIMUM;44.41004272;300.0;44.21018189;1;27152;317832;5001;761.0;761.0;770.0;9.0;0.0;200.0;weighted_score;761
8;TOT-both-ss;instance_40_25_5_23;weighted;weighted;weighted-sum;-;;;;;;totalizer;both;slot-service;OPTIMUM;85.72281278;300.0;85.47582285;1;31841;445295;5481;769.0;769.0;772.0;3.0;0.0;200.0;weighted_score;769
8;TOT-both-ss;instance_40_25_5_24;weighted;weighted;weighted-sum;-;;;;;;totalizer;both;slot-service;OPTIMUM;47.74083046;300.0;47.54969114;1;26765;295269;5145;738.0;738.0;749.0;11.0;0.0;200.0;weighted_score;738
8;TOT-both-ss;instance_40_25_5_25;weighted;weighted;weighted-sum;-;;;;;;totalizer;both;slot-service;OPTIMUM;54.00576459;300.0;53.82697831;1;27485;319224;5200;761.0;761.0;769.0;8.0;0.0;200.0;weighted_score;761
8;TOT-both-ss;instance_40_25_5_26;weighted;weighted;weighted-sum;-;;;;;;totalizer;both;slot-service;OPTIMUM;41.97381856;300.0;41.78055902;1;30662;401715;5441;776.0;776.0;777.0;1.0;0.0;200.0;weighted_score;776
8;TOT-both-ss;instance_40_25_5_27;weighted;weighted;weighted-sum;-;;;;;;totalizer;both;slot-service;OPTIMUM;56.7933195;300.0;56.62002253;1;26393;292718;5004;739.0;739.0;753.0;14.0;0.0;200.0;weighted_score;739
8;TOT-both-ss;instance_40_25_5_28;weighted;weighted;weighted-sum;-;;;;;;totalizer;both;slot-service;OPTIMUM;63.91953349;300.0;63.72660089;1;29263;368235;5379;742.0;742.0;751.0;9.0;0.0;200.0;weighted_score;742
8;TOT-both-ss;instance_40_25_5_29;weighted;weighted;weighted-sum;-;;;;;;totalizer;both;slot-service;OPTIMUM;53.1862227;300.0;52.98470946;1;27226;322662;5218;746.0;746.0;753.0;7.0;0.0;200.0;weighted_score;746
8;TOT-both-ss;instance_40_25_5_3;weighted;weighted;weighted-sum;-;;;;;;totalizer;both;slot-service;OPTIMUM;119.5189439;300.0;119.2943138;1;29257;392411;5253;722.0;722.0;732.0;10.0;0.0;200.0;weighted_score;722
8;TOT-both-ss;instance_40_25_5_30;weighted;weighted;weighted-sum;-;;;;;;totalizer;both;slot-service;OPTIMUM;87.7823334;300.0;87.53114762;1;32552;461567;5587;766.0;766.0;770.0;4.0;0.0;200.0;weighted_score;766
8;TOT-both-ss;instance_40_25_5_31;weighted;weighted;weighted-sum;-;;;;;;totalizer;both;slot-service;OPTIMUM;74.62278316;300.0;74.36740816;1;32085;464732;5579;788.0;788.0;791.0;3.0;0.0;200.0;weighted_score;788
8;TOT-both-ss;instance_40_25_5_32;weighted;weighted;weighted-sum;-;;;;;;totalizer;both;slot-service;OPTIMUM;82.80847568;300.0;82.58121516;1;29869;389694;5410;710.0;710.0;723.0;13.0;0.0;200.0;weighted_score;710
8;TOT-both-ss;instance_40_25_5_33;weighted;weighted;weighted-sum;-;;;;;;totalizer;both;slot-service;OPTIMUM;73.76641855;300.0;73.57847979;1;26359;298608;4849;769.0;769.0;775.0;6.0;0.0;200.0;weighted_score;769
8;TOT-both-ss;instance_40_25_5_34;weighted;weighted;weighted-sum;-;;;;;;totalizer;both;slot-service;OPTIMUM;82.365564;300.0;82.12925963;1;29193;400423;5079;764.0;764.0;770.0;6.0;0.0;200.0;weighted_score;764
8;TOT-both-ss;instance_40_25_5_35;weighted;weighted;weighted-sum;-;;;;;;totalizer;both;slot-service;OPTIMUM;70.41087085;300.0;70.18448052;1;30353;404786;5297;748.0;748.0;756.0;8.0;0.0;200.0;weighted_score;748
8;TOT-both-ss;instance_40_25_5_36;weighted;weighted;weighted-sum;-;;;;;;totalizer;both;slot-service;OPTIMUM;27.48744989;300.0;27.27234313;1;29413;369142;5415;788.0;788.0;788.0;0.0;0.0;200.0;weighted_score;788
8;TOT-both-ss;instance_40_25_5_37;weighted;weighted;weighted-sum;-;;;;;;totalizer;both;slot-service;OPTIMUM;68.72953151;300.0;68.52628081;1;27415;336814;5149;750.0;750.0;753.0;3.0;0.0;200.0;weighted_score;750
8;TOT-both-ss;instance_40_25_5_38;weighted;weighted;weighted-sum;-;;;;;;totalizer;both;slot-service;OPTIMUM;67.4244731;300.0;67.21244713;1;28001;343950;5033;736.0;736.0;740.0;4.0;0.0;200.0;weighted_score;736
8;TOT-both-ss;instance_40_25_5_39;weighted;weighted;weighted-sum;-;;;;;;totalizer;both;slot-service;OPTIMUM;56.19503365;300.0;55.97969804;1;27199;344144;4961;738.0;738.0;748.0;10.0;0.0;200.0;weighted_score;738
8;TOT-both-ss;instance_40_25_5_4;weighted;weighted;weighted-sum;-;;;;;;totalizer;both;slot-service;OPTIMUM;37.52617338;300.0;37.29841597;1;30754;396679;5462;779.0;779.0;782.0;3.0;0.0;200.0;weighted_score;779
8;TOT-both-ss;instance_40_25_5_40;weighted;weighted;weighted-sum;-;;;;;;totalizer;both;slot-service;OPTIMUM;38.06494058;300.0;37.86726375;1;27970;322795;5335;769.0;769.0;772.0;3.0;0.0;200.0;weighted_score;769
8;TOT-both-ss;instance_40_25_5_41;weighted;weighted;weighted-sum;-;;;;;;totalizer;both;slot-service;OPTIMUM;61.11360458;300.0;60.87919559;1;30528;431434;5080;765.0;765.0;769.0;4.0;0.0;200.0;weighted_score;765
8;TOT-both-ss;instance_40_25_5_42;weighted;weighted;weighted-sum;-;;;;;;totalizer;both;slot-service;OPTIMUM;35.16285434;300.0;34.98469083;1;24819;275684;4778;739.0;739.0;746.0;7.0;0.0;200.0;weighted_score;739
8;TOT-both-ss;instance_40_25_5_43;weighted;weighted;weighted-sum;-;;;;;;totalizer;both;slot-service;OPTIMUM;150.6827289;300.0;150.4754985;1;27956;335544;4975;766.0;766.0;773.0;7.0;0.0;200.0;weighted_score;766
8;TOT-both-ss;instance_40_25_5_44;weighted;weighted;weighted-sum;-;;;;;;totalizer;both;slot-service;OPTIMUM;20.50451245;300.0;20.28527143;1;28992;396290;5141;783.0;783.0;785.0;2.0;0.0;200.0;weighted_score;783
8;TOT-both-ss;instance_40_25_5_45;weighted;weighted;weighted-sum;-;;;;;;totalizer;both;slot-service;OPTIMUM;54.82059943;300.0;54.58307088;1;30946;411095;5516;705.0;705.0;710.0;5.0;0.0;200.0;weighted_score;705
8;TOT-both-ss;instance_40_25_5_46;weighted;weighted;weighted-sum;-;;;;;;totalizer;both;slot-service;UNSATISFIABLE;0.364935801;300.0;0;0;0;0;0;;;;;;;;
8;TOT-both-ss;instance_40_25_5_47;weighted;weighted;weighted-sum;-;;;;;;totalizer;both;slot-service;OPTIMUM;89.34800048;300.0;89.1013563;1;32142;455040;5386;782.0;782.0;784.0;2.0;0.0;200.0;weighted_score;782
8;TOT-both-ss;instance_40_25_5_48;weighted;weighted;weighted-sum;-;;;;;;totalizer;both;slot-service;OPTIMUM;51.06713402;300.0;50.84638829;1;28973;380864;5190;768.0;768.0;769.0;1.0;0.0;200.0;weighted_score;768
8;TOT-both-ss;instance_40_25_5_49;weighted;weighted;weighted-sum;-;;;;;;totalizer;both;slot-service;OPTIMUM;179.1060899;300.0;178.8804093;1;29186;380213;5205;720.0;720.0;733.0;13.0;0.0;200.0;weighted_score;720
8;TOT-both-ss;instance_40_25_5_5;weighted;weighted;weighted-sum;-;;;;;;totalizer;both;slot-service;OPTIMUM;62.2444955;300.0;61.9970715;1;32060;439173;5584;781.0;781.0;787.0;6.0;0.0;200.0;weighted_score;781
8;TOT-both-ss;instance_40_25_5_50;weighted;weighted;weighted-sum;-;;;;;;totalizer;both;slot-service;OPTIMUM;77.38953379;300.0;77.11655432;1;34225;518761;5582;786.0;786.0;791.0;5.0;0.0;200.0;weighted_score;786
8;TOT-both-ss;instance_40_25_5_6;weighted;weighted;weighted-sum;-;;;;;;totalizer;both;slot-service;OPTIMUM;63.94202436;300.0;63.70686829;1;30338;408408;5293;768.0;768.0;770.0;2.0;0.0;200.0;weighted_score;768
8;TOT-both-ss;instance_40_25_5_7;weighted;weighted;weighted-sum;-;;;;;;totalizer;both;slot-service;OPTIMUM;55.59836321;300.0;55.36668045;1;29555;414668;5107;784.0;784.0;785.0;1.0;0.0;200.0;weighted_score;784
8;TOT-both-ss;instance_40_25_5_8;weighted;weighted;weighted-sum;-;;;;;;totalizer;both;slot-service;OPTIMUM;44.17325028;300.0;43.96396131;1;27976;343558;5142;768.0;768.0;771.0;3.0;0.0;200.0;weighted_score;768
8;TOT-both-ss;instance_40_25_5_9;weighted;weighted;weighted-sum;-;;;;;;totalizer;both;slot-service;OPTIMUM;62.36923329;300.0;62.15406225;1;29085;376167;5254;775.0;775.0;776.0;1.0;0.0;200.0;weighted_score;775
