=== Chiến dịch Thực nghiệm 8 Cấu hình với EvalMaxSAT ===
Thư mục instance : instances/paperInstances/TXT_10-25_4-5_U30 instances/paperInstances/TXT_10-25_4-5_U40
Mẫu tên instance : instance_40_10_5_*.txt
Số bài kiểm thử  : 50 (trong một cấu hình)
Tổng lượt giải   : 400
Timeout/instance : 300s
Giới hạn/cấu hình: 3600s
--------------------------------------------------------
[cfg1_ORIGINAL] instance_40_10_5_1 | 13:15:14 ... UNSATISFIABLE  (0s wall)
[cfg1_ORIGINAL] instance_40_10_5_10 | 13:15:14 ... UNSATISFIABLE  (0s wall)
[cfg1_ORIGINAL] instance_40_10_5_11 | 13:15:14 ... TIMEOUT  (300s wall)
[cfg1_ORIGINAL] instance_40_10_5_12 | 13:20:14 ... TIMEOUT  (300s wall)
[cfg1_ORIGINAL] instance_40_10_5_13 | 13:25:15 ... UNSATISFIABLE  (0s wall)
[cfg1_ORIGINAL] instance_40_10_5_14 | 13:25:15 ... OPTIMUM  (52s wall)
[cfg1_ORIGINAL] instance_40_10_5_15 | 13:26:07 ... UNSATISFIABLE  (0s wall)
[cfg1_ORIGINAL] instance_40_10_5_16 | 13:26:07 ... UNSATISFIABLE  (0s wall)
[cfg1_ORIGINAL] instance_40_10_5_17 | 13:26:07 ... OPTIMUM  (27s wall)
[cfg1_ORIGINAL] instance_40_10_5_18 | 13:26:34 ... UNSATISFIABLE  (0s wall)
[cfg1_ORIGINAL] instance_40_10_5_19 | 13:26:34 ... TIMEOUT  (300s wall)
[cfg1_ORIGINAL] instance_40_10_5_2 | 13:31:34 ... OPTIMUM  (69s wall)
[cfg1_ORIGINAL] instance_40_10_5_20 | 13:32:43 ... UNSATISFIABLE  (0s wall)
[cfg1_ORIGINAL] instance_40_10_5_21 | 13:32:43 ... UNSATISFIABLE  (0s wall)
[cfg1_ORIGINAL] instance_40_10_5_22 | 13:32:43 ... TIMEOUT  (300s wall)
[cfg1_ORIGINAL] instance_40_10_5_23 | 13:37:43 ... UNSATISFIABLE  (0s wall)
[cfg1_ORIGINAL] instance_40_10_5_24 | 13:37:43 ... UNSATISFIABLE  (1s wall)
[cfg1_ORIGINAL] instance_40_10_5_25 | 13:37:44 ... UNSATISFIABLE  (0s wall)
[cfg1_ORIGINAL] instance_40_10_5_26 | 13:37:44 ... UNSATISFIABLE  (0s wall)
[cfg1_ORIGINAL] instance_40_10_5_27 | 13:37:44 ... UNSATISFIABLE  (0s wall)
[cfg1_ORIGINAL] instance_40_10_5_28 | 13:37:44 ... TIMEOUT  (300s wall)
[cfg1_ORIGINAL] instance_40_10_5_29 | 13:42:44 ... OPTIMUM  (44s wall)
[cfg1_ORIGINAL] instance_40_10_5_3 | 13:43:28 ... UNSATISFIABLE  (0s wall)
[cfg1_ORIGINAL] instance_40_10_5_30 | 13:43:28 ... UNSATISFIABLE  (0s wall)
[cfg1_ORIGINAL] instance_40_10_5_31 | 13:43:28 ... UNSATISFIABLE  (0s wall)
[cfg1_ORIGINAL] instance_40_10_5_32 | 13:43:28 ... OPTIMUM  (30s wall)
[cfg1_ORIGINAL] instance_40_10_5_33 | 13:43:58 ... UNSATISFIABLE  (1s wall)
[cfg1_ORIGINAL] instance_40_10_5_34 | 13:43:59 ... UNSATISFIABLE  (1s wall)
[cfg1_ORIGINAL] instance_40_10_5_35 | 13:44:00 ... UNSATISFIABLE  (0s wall)
[cfg1_ORIGINAL] instance_40_10_5_36 | 13:44:00 ... UNSATISFIABLE  (0s wall)
[cfg1_ORIGINAL] instance_40_10_5_37 | 13:44:00 ... UNSATISFIABLE  (0s wall)
[cfg1_ORIGINAL] instance_40_10_5_38 | 13:44:00 ... UNSATISFIABLE  (0s wall)
[cfg1_ORIGINAL] instance_40_10_5_39 | 13:44:00 ... OPTIMUM  (92s wall)
[cfg1_ORIGINAL] instance_40_10_5_4 | 13:45:32 ... UNSATISFIABLE  (0s wall)
[cfg1_ORIGINAL] instance_40_10_5_40 | 13:45:32 ... UNSATISFIABLE  (0s wall)
[cfg1_ORIGINAL] instance_40_10_5_41 | 13:45:32 ... UNSATISFIABLE  (0s wall)
[cfg1_ORIGINAL] instance_40_10_5_42 | 13:45:32 ... UNSATISFIABLE  (0s wall)
[cfg1_ORIGINAL] instance_40_10_5_43 | 13:45:32 ... UNSATISFIABLE  (1s wall)
[cfg1_ORIGINAL] instance_40_10_5_44 | 13:45:33 ... OPTIMUM  (31s wall)
[cfg1_ORIGINAL] instance_40_10_5_45 | 13:46:04 ... TIMEOUT  (300s wall)
[cfg1_ORIGINAL] instance_40_10_5_46 | 13:51:04 ... UNSATISFIABLE  (0s wall)
[cfg1_ORIGINAL] instance_40_10_5_47 | 13:51:04 ... UNSATISFIABLE  (0s wall)
[cfg1_ORIGINAL] instance_40_10_5_48 | 13:51:04 ... UNSATISFIABLE  (0s wall)
[cfg1_ORIGINAL] instance_40_10_5_49 | 13:51:04 ... TIMEOUT  (300s wall)
[cfg1_ORIGINAL] instance_40_10_5_5 | 13:56:04 ... TIMEOUT  (300s wall)
[cfg1_ORIGINAL] instance_40_10_5_50 | 14:01:05 ... UNSATISFIABLE  (0s wall)
[cfg1_ORIGINAL] instance_40_10_5_6 | 14:01:05 ... TIMEOUT  (300s wall)
[cfg1_ORIGINAL] instance_40_10_5_7 | 14:06:05 ... OPTIMUM  (63s wall)
[cfg1_ORIGINAL] instance_40_10_5_8 | 14:07:08 ... UNSATISFIABLE  (0s wall)
[cfg1_ORIGINAL] instance_40_10_5_9 | 14:07:08 ... UNSATISFIABLE  (0s wall)
[cfg2_SN-none-ss] instance_40_10_5_1 | 14:07:08 ... UNSATISFIABLE  (0s wall)
[cfg2_SN-none-ss] instance_40_10_5_10 | 14:07:08 ... UNSATISFIABLE  (1s wall)
[cfg2_SN-none-ss] instance_40_10_5_11 | 14:07:09 ... OPTIMUM  (116s wall)
[cfg2_SN-none-ss] instance_40_10_5_12 | 14:09:05 ... TIMEOUT  (300s wall)
[cfg2_SN-none-ss] instance_40_10_5_13 | 14:14:05 ... UNSATISFIABLE  (0s wall)
[cfg2_SN-none-ss] instance_40_10_5_14 | 14:14:05 ... OPTIMUM  (48s wall)
[cfg2_SN-none-ss] instance_40_10_5_15 | 14:14:53 ... UNSATISFIABLE  (0s wall)
[cfg2_SN-none-ss] instance_40_10_5_16 | 14:14:54 ... UNSATISFIABLE  (0s wall)
[cfg2_SN-none-ss] instance_40_10_5_17 | 14:14:54 ... OPTIMUM  (27s wall)
[cfg2_SN-none-ss] instance_40_10_5_18 | 14:15:21 ... UNSATISFIABLE  (0s wall)
[cfg2_SN-none-ss] instance_40_10_5_19 | 14:15:21 ... TIMEOUT  (300s wall)
[cfg2_SN-none-ss] instance_40_10_5_2 | 14:20:21 ... OPTIMUM  (70s wall)
[cfg2_SN-none-ss] instance_40_10_5_20 | 14:21:31 ... UNSATISFIABLE  (0s wall)
[cfg2_SN-none-ss] instance_40_10_5_21 | 14:21:31 ... UNSATISFIABLE  (0s wall)
[cfg2_SN-none-ss] instance_40_10_5_22 | 14:21:31 ... TIMEOUT  (300s wall)
[cfg2_SN-none-ss] instance_40_10_5_23 | 14:26:31 ... UNSATISFIABLE  (0s wall)
[cfg2_SN-none-ss] instance_40_10_5_24 | 14:26:32 ... UNSATISFIABLE  (0s wall)
[cfg2_SN-none-ss] instance_40_10_5_25 | 14:26:32 ... UNSATISFIABLE  (0s wall)
[cfg2_SN-none-ss] instance_40_10_5_26 | 14:26:32 ... UNSATISFIABLE  (0s wall)
[cfg2_SN-none-ss] instance_40_10_5_27 | 14:26:32 ... UNSATISFIABLE  (0s wall)
[cfg2_SN-none-ss] instance_40_10_5_28 | 14:26:32 ... TIMEOUT  (300s wall)
[cfg2_SN-none-ss] instance_40_10_5_29 | 14:31:32 ... OPTIMUM  (45s wall)
[cfg2_SN-none-ss] instance_40_10_5_3 | 14:32:17 ... UNSATISFIABLE  (1s wall)
[cfg2_SN-none-ss] instance_40_10_5_30 | 14:32:18 ... UNSATISFIABLE  (0s wall)
[cfg2_SN-none-ss] instance_40_10_5_31 | 14:32:18 ... UNSATISFIABLE  (0s wall)
[cfg2_SN-none-ss] instance_40_10_5_32 | 14:32:18 ... OPTIMUM  (32s wall)
[cfg2_SN-none-ss] instance_40_10_5_33 | 14:32:50 ... UNSATISFIABLE  (0s wall)
[cfg2_SN-none-ss] instance_40_10_5_34 | 14:32:50 ... UNSATISFIABLE  (1s wall)
[cfg2_SN-none-ss] instance_40_10_5_35 | 14:32:51 ... UNSATISFIABLE  (0s wall)
[cfg2_SN-none-ss] instance_40_10_5_36 | 14:32:51 ... UNSATISFIABLE  (0s wall)
[cfg2_SN-none-ss] instance_40_10_5_37 | 14:32:51 ... UNSATISFIABLE  (1s wall)
[cfg2_SN-none-ss] instance_40_10_5_38 | 14:32:52 ... UNSATISFIABLE  (0s wall)
[cfg2_SN-none-ss] instance_40_10_5_39 | 14:32:52 ... OPTIMUM  (90s wall)
[cfg2_SN-none-ss] instance_40_10_5_4 | 14:34:22 ... UNSATISFIABLE  (0s wall)
[cfg2_SN-none-ss] instance_40_10_5_40 | 14:34:22 ... UNSATISFIABLE  (1s wall)
[cfg2_SN-none-ss] instance_40_10_5_41 | 14:34:23 ... UNSATISFIABLE  (0s wall)
[cfg2_SN-none-ss] instance_40_10_5_42 | 14:34:23 ... UNSATISFIABLE  (0s wall)
[cfg2_SN-none-ss] instance_40_10_5_43 | 14:34:23 ... UNSATISFIABLE  (0s wall)
[cfg2_SN-none-ss] instance_40_10_5_44 | 14:34:23 ... OPTIMUM  (52s wall)
[cfg2_SN-none-ss] instance_40_10_5_45 | 14:35:15 ... TIMEOUT  (300s wall)
[cfg2_SN-none-ss] instance_40_10_5_46 | 14:40:15 ... UNSATISFIABLE  (0s wall)
[cfg2_SN-none-ss] instance_40_10_5_47 | 14:40:15 ... UNSATISFIABLE  (0s wall)
[cfg2_SN-none-ss] instance_40_10_5_48 | 14:40:15 ... UNSATISFIABLE  (0s wall)
[cfg2_SN-none-ss] instance_40_10_5_49 | 14:40:15 ... TIMEOUT  (300s wall)
[cfg2_SN-none-ss] instance_40_10_5_5 | 14:45:15 ... TIMEOUT  (301s wall)
[cfg2_SN-none-ss] instance_40_10_5_50 | 14:50:16 ... UNSATISFIABLE  (0s wall)
[cfg2_SN-none-ss] instance_40_10_5_6 | 14:50:16 ... TIMEOUT  (300s wall)
[cfg2_SN-none-ss] instance_40_10_5_7 | 14:55:16 ... OPTIMUM  (62s wall)
[cfg2_SN-none-ss] instance_40_10_5_8 | 14:56:18 ... UNSATISFIABLE  (0s wall)
[cfg2_SN-none-ss] instance_40_10_5_9 | 14:56:18 ... UNSATISFIABLE  (0s wall)
[cfg3_SN-both-none] instance_40_10_5_1 | 14:56:18 ... UNSATISFIABLE  (0s wall)
[cfg3_SN-both-none] instance_40_10_5_10 | 14:56:18 ... UNSATISFIABLE  (0s wall)
[cfg3_SN-both-none] instance_40_10_5_11 | 14:56:18 ... OPTIMUM  (212s wall)
[cfg3_SN-both-none] instance_40_10_5_12 | 14:59:50 ... TIMEOUT  (300s wall)
[cfg3_SN-both-none] instance_40_10_5_13 | 15:04:50 ... UNSATISFIABLE  (0s wall)
[cfg3_SN-both-none] instance_40_10_5_14 | 15:04:50 ... OPTIMUM  (66s wall)
[cfg3_SN-both-none] instance_40_10_5_15 | 15:05:56 ... UNSATISFIABLE  (1s wall)
[cfg3_SN-both-none] instance_40_10_5_16 | 15:05:57 ... UNSATISFIABLE  (0s wall)
[cfg3_SN-both-none] instance_40_10_5_17 | 15:05:57 ... OPTIMUM  (22s wall)
[cfg3_SN-both-none] instance_40_10_5_18 | 15:06:19 ... UNSATISFIABLE  (0s wall)
[cfg3_SN-both-none] instance_40_10_5_19 | 15:06:19 ... OPTIMUM  (255s wall)
[cfg3_SN-both-none] instance_40_10_5_2 | 15:10:34 ... OPTIMUM  (70s wall)
[cfg3_SN-both-none] instance_40_10_5_20 | 15:11:44 ... UNSATISFIABLE  (0s wall)
[cfg3_SN-both-none] instance_40_10_5_21 | 15:11:44 ... UNSATISFIABLE  (1s wall)
[cfg3_SN-both-none] instance_40_10_5_22 | 15:11:45 ... TIMEOUT  (300s wall)
[cfg3_SN-both-none] instance_40_10_5_23 | 15:16:45 ... UNSATISFIABLE  (0s wall)
[cfg3_SN-both-none] instance_40_10_5_24 | 15:16:45 ... UNSATISFIABLE  (0s wall)
[cfg3_SN-both-none] instance_40_10_5_25 | 15:16:45 ... UNSATISFIABLE  (0s wall)
[cfg3_SN-both-none] instance_40_10_5_26 | 15:16:45 ... UNSATISFIABLE  (1s wall)
[cfg3_SN-both-none] instance_40_10_5_27 | 15:16:46 ... UNSATISFIABLE  (0s wall)
[cfg3_SN-both-none] instance_40_10_5_28 | 15:16:46 ... TIMEOUT  (300s wall)
[cfg3_SN-both-none] instance_40_10_5_29 | 15:21:46 ... OPTIMUM  (34s wall)
[cfg3_SN-both-none] instance_40_10_5_3 | 15:22:20 ... UNSATISFIABLE  (0s wall)
[cfg3_SN-both-none] instance_40_10_5_30 | 15:22:20 ... UNSATISFIABLE  (0s wall)
[cfg3_SN-both-none] instance_40_10_5_31 | 15:22:20 ... UNSATISFIABLE  (1s wall)
[cfg3_SN-both-none] instance_40_10_5_32 | 15:22:21 ... OPTIMUM  (42s wall)
[cfg3_SN-both-none] instance_40_10_5_33 | 15:23:03 ... UNSATISFIABLE  (0s wall)
[cfg3_SN-both-none] instance_40_10_5_34 | 15:23:03 ... UNSATISFIABLE  (1s wall)
[cfg3_SN-both-none] instance_40_10_5_35 | 15:23:04 ... UNSATISFIABLE  (0s wall)
[cfg3_SN-both-none] instance_40_10_5_36 | 15:23:04 ... UNSATISFIABLE  (1s wall)
[cfg3_SN-both-none] instance_40_10_5_37 | 15:23:05 ... UNSATISFIABLE  (0s wall)
[cfg3_SN-both-none] instance_40_10_5_38 | 15:23:05 ... UNSATISFIABLE  (0s wall)
[cfg3_SN-both-none] instance_40_10_5_39 | 15:23:05 ... OPTIMUM  (78s wall)
[cfg3_SN-both-none] instance_40_10_5_4 | 15:24:23 ... UNSATISFIABLE  (0s wall)
[cfg3_SN-both-none] instance_40_10_5_40 | 15:24:23 ... UNSATISFIABLE  (1s wall)
[cfg3_SN-both-none] instance_40_10_5_41 | 15:24:24 ... UNSATISFIABLE  (0s wall)
[cfg3_SN-both-none] instance_40_10_5_42 | 15:24:24 ... UNSATISFIABLE  (0s wall)
[cfg3_SN-both-none] instance_40_10_5_43 | 15:24:24 ... UNSATISFIABLE  (1s wall)
[cfg3_SN-both-none] instance_40_10_5_44 | 15:24:25 ... OPTIMUM  (68s wall)
[cfg3_SN-both-none] instance_40_10_5_45 | 15:25:33 ... TIMEOUT  (300s wall)
[cfg3_SN-both-none] instance_40_10_5_46 | 15:30:33 ... UNSATISFIABLE  (1s wall)
[cfg3_SN-both-none] instance_40_10_5_47 | 15:30:34 ... UNSATISFIABLE  (0s wall)
[cfg3_SN-both-none] instance_40_10_5_48 | 15:30:34 ... UNSATISFIABLE  (0s wall)
[cfg3_SN-both-none] instance_40_10_5_49 | 15:30:34 ... TIMEOUT  (300s wall)
[cfg3_SN-both-none] instance_40_10_5_5 | 15:35:34 ... TIMEOUT  (300s wall)
[cfg3_SN-both-none] instance_40_10_5_50 | 15:40:34 ... UNSATISFIABLE  (0s wall)
[cfg3_SN-both-none] instance_40_10_5_6 | 15:40:34 ... TIMEOUT  (300s wall)
[cfg3_SN-both-none] instance_40_10_5_7 | 15:45:35 ... OPTIMUM  (64s wall)
[cfg3_SN-both-none] instance_40_10_5_8 | 15:46:39 ... UNSATISFIABLE  (0s wall)
[cfg3_SN-both-none] instance_40_10_5_9 | 15:46:39 ... UNSATISFIABLE  (0s wall)
[cfg4_SN-both-ss] instance_40_10_5_1 | 15:46:39 ... UNSATISFIABLE  (1s wall)
[cfg4_SN-both-ss] instance_40_10_5_10 | 15:46:40 ... UNSATISFIABLE  (0s wall)
[cfg4_SN-both-ss] instance_40_10_5_11 | 15:46:40 ... OPTIMUM  (131s wall)
[cfg4_SN-both-ss] instance_40_10_5_12 | 15:48:51 ... TIMEOUT  (300s wall)
[cfg4_SN-both-ss] instance_40_10_5_13 | 15:53:51 ... UNSATISFIABLE  (1s wall)
[cfg4_SN-both-ss] instance_40_10_5_14 | 15:53:52 ... OPTIMUM  (63s wall)
[cfg4_SN-both-ss] instance_40_10_5_15 | 15:54:55 ... UNSATISFIABLE  (0s wall)
[cfg4_SN-both-ss] instance_40_10_5_16 | 15:54:55 ... UNSATISFIABLE  (0s wall)
[cfg4_SN-both-ss] instance_40_10_5_17 | 15:54:55 ... OPTIMUM  (24s wall)
[cfg4_SN-both-ss] instance_40_10_5_18 | 15:55:19 ... UNSATISFIABLE  (0s wall)
[cfg4_SN-both-ss] instance_40_10_5_19 | 15:55:19 ... OPTIMUM  (295s wall)
[cfg4_SN-both-ss] instance_40_10_5_2 | 16:00:14 ... OPTIMUM  (72s wall)
[cfg4_SN-both-ss] instance_40_10_5_20 | 16:01:27 ... UNSATISFIABLE  (0s wall)
[cfg4_SN-both-ss] instance_40_10_5_21 | 16:01:27 ... UNSATISFIABLE  (0s wall)
[cfg4_SN-both-ss] instance_40_10_5_22 | 16:01:27 ... TIMEOUT  (300s wall)
[cfg4_SN-both-ss] instance_40_10_5_23 | 16:06:27 ... UNSATISFIABLE  (0s wall)
[cfg4_SN-both-ss] instance_40_10_5_24 | 16:06:27 ... UNSATISFIABLE  (0s wall)
[cfg4_SN-both-ss] instance_40_10_5_25 | 16:06:27 ... UNSATISFIABLE  (0s wall)
[cfg4_SN-both-ss] instance_40_10_5_26 | 16:06:27 ... UNSATISFIABLE  (1s wall)
[cfg4_SN-both-ss] instance_40_10_5_27 | 16:06:28 ... UNSATISFIABLE  (0s wall)
[cfg4_SN-both-ss] instance_40_10_5_28 | 16:06:28 ... TIMEOUT  (300s wall)
[cfg4_SN-both-ss] instance_40_10_5_29 | 16:11:28 ... OPTIMUM  (41s wall)
[cfg4_SN-both-ss] instance_40_10_5_3 | 16:12:09 ... UNSATISFIABLE  (0s wall)
[cfg4_SN-both-ss] instance_40_10_5_30 | 16:12:09 ... UNSATISFIABLE  (0s wall)
[cfg4_SN-both-ss] instance_40_10_5_31 | 16:12:09 ... UNSATISFIABLE  (0s wall)
[cfg4_SN-both-ss] instance_40_10_5_32 | 16:12:09 ... OPTIMUM  (58s wall)
[cfg4_SN-both-ss] instance_40_10_5_33 | 16:13:07 ... UNSATISFIABLE  (0s wall)
[cfg4_SN-both-ss] instance_40_10_5_34 | 16:13:07 ... UNSATISFIABLE  (1s wall)
[cfg4_SN-both-ss] instance_40_10_5_35 | 16:13:08 ... UNSATISFIABLE  (0s wall)
[cfg4_SN-both-ss] instance_40_10_5_36 | 16:13:08 ... UNSATISFIABLE  (1s wall)
[cfg4_SN-both-ss] instance_40_10_5_37 | 16:13:09 ... UNSATISFIABLE  (0s wall)
[cfg4_SN-both-ss] instance_40_10_5_38 | 16:13:09 ... UNSATISFIABLE  (0s wall)
[cfg4_SN-both-ss] instance_40_10_5_39 | 16:13:09 ... OPTIMUM  (86s wall)
[cfg4_SN-both-ss] instance_40_10_5_4 | 16:14:35 ... UNSATISFIABLE  (0s wall)
[cfg4_SN-both-ss] instance_40_10_5_40 | 16:14:35 ... UNSATISFIABLE  (0s wall)
[cfg4_SN-both-ss] instance_40_10_5_41 | 16:14:35 ... UNSATISFIABLE  (1s wall)
[cfg4_SN-both-ss] instance_40_10_5_42 | 16:14:36 ... UNSATISFIABLE  (0s wall)
[cfg4_SN-both-ss] instance_40_10_5_43 | 16:14:36 ... UNSATISFIABLE  (0s wall)
[cfg4_SN-both-ss] instance_40_10_5_44 | 16:14:36 ... OPTIMUM  (37s wall)
[cfg4_SN-both-ss] instance_40_10_5_45 | 16:15:13 ... TIMEOUT  (300s wall)
[cfg4_SN-both-ss] instance_40_10_5_46 | 16:20:13 ... UNSATISFIABLE  (0s wall)
[cfg4_SN-both-ss] instance_40_10_5_47 | 16:20:13 ... UNSATISFIABLE  (0s wall)
[cfg4_SN-both-ss] instance_40_10_5_48 | 16:20:13 ... UNSATISFIABLE  (0s wall)
[cfg4_SN-both-ss] instance_40_10_5_49 | 16:20:13 ... TIMEOUT  (300s wall)
[cfg4_SN-both-ss] instance_40_10_5_5 | 16:25:13 ... TIMEOUT  (300s wall)
[cfg4_SN-both-ss] instance_40_10_5_50 | 16:30:14 ... UNSATISFIABLE  (0s wall)
[cfg4_SN-both-ss] instance_40_10_5_6 | 16:30:14 ... TIMEOUT  (300s wall)
[cfg4_SN-both-ss] instance_40_10_5_7 | 16:35:14 ... OPTIMUM  (59s wall)
[cfg4_SN-both-ss] instance_40_10_5_8 | 16:36:13 ... UNSATISFIABLE  (1s wall)
[cfg4_SN-both-ss] instance_40_10_5_9 | 16:36:14 ... UNSATISFIABLE  (0s wall)
[cfg5_TOT-none-none] instance_40_10_5_1 | 16:36:14 ... UNSATISFIABLE  (0s wall)
[cfg5_TOT-none-none] instance_40_10_5_10 | 16:36:14 ... UNSATISFIABLE  (0s wall)
[cfg5_TOT-none-none] instance_40_10_5_11 | 16:36:14 ... OPTIMUM  (121s wall)
[cfg5_TOT-none-none] instance_40_10_5_12 | 16:38:15 ... TIMEOUT  (301s wall)
[cfg5_TOT-none-none] instance_40_10_5_13 | 16:43:16 ... UNSATISFIABLE  (0s wall)
[cfg5_TOT-none-none] instance_40_10_5_14 | 16:43:16 ... OPTIMUM  (52s wall)
[cfg5_TOT-none-none] instance_40_10_5_15 | 16:44:08 ... UNSATISFIABLE  (0s wall)
[cfg5_TOT-none-none] instance_40_10_5_16 | 16:44:09 ... UNSATISFIABLE  (0s wall)
[cfg5_TOT-none-none] instance_40_10_5_17 | 16:44:09 ... OPTIMUM  (40s wall)
[cfg5_TOT-none-none] instance_40_10_5_18 | 16:44:49 ... UNSATISFIABLE  (1s wall)
[cfg5_TOT-none-none] instance_40_10_5_19 | 16:44:50 ... TIMEOUT  (300s wall)
[cfg5_TOT-none-none] instance_40_10_5_2 | 16:49:50 ... OPTIMUM  (69s wall)
[cfg5_TOT-none-none] instance_40_10_5_20 | 16:50:59 ... UNSATISFIABLE  (1s wall)
[cfg5_TOT-none-none] instance_40_10_5_21 | 16:51:00 ... UNSATISFIABLE  (0s wall)
[cfg5_TOT-none-none] instance_40_10_5_22 | 16:51:00 ... TIMEOUT  (300s wall)
[cfg5_TOT-none-none] instance_40_10_5_23 | 16:56:00 ... UNSATISFIABLE  (0s wall)
[cfg5_TOT-none-none] instance_40_10_5_24 | 16:56:00 ... UNSATISFIABLE  (0s wall)
[cfg5_TOT-none-none] instance_40_10_5_25 | 16:56:00 ... UNSATISFIABLE  (0s wall)
[cfg5_TOT-none-none] instance_40_10_5_26 | 16:56:00 ... UNSATISFIABLE  (0s wall)
[cfg5_TOT-none-none] instance_40_10_5_27 | 16:56:00 ... UNSATISFIABLE  (1s wall)
[cfg5_TOT-none-none] instance_40_10_5_28 | 16:56:01 ... TIMEOUT  (300s wall)
[cfg5_TOT-none-none] instance_40_10_5_29 | 17:01:01 ... OPTIMUM  (31s wall)
[cfg5_TOT-none-none] instance_40_10_5_3 | 17:01:32 ... UNSATISFIABLE  (0s wall)
[cfg5_TOT-none-none] instance_40_10_5_30 | 17:01:32 ... UNSATISFIABLE  (0s wall)
[cfg5_TOT-none-none] instance_40_10_5_31 | 17:01:32 ... UNSATISFIABLE  (1s wall)
[cfg5_TOT-none-none] instance_40_10_5_32 | 17:01:33 ... OPTIMUM  (44s wall)
[cfg5_TOT-none-none] instance_40_10_5_33 | 17:02:17 ... UNSATISFIABLE  (1s wall)
[cfg5_TOT-none-none] instance_40_10_5_34 | 17:02:18 ... UNSATISFIABLE  (2s wall)
[cfg5_TOT-none-none] instance_40_10_5_35 | 17:02:20 ... UNSATISFIABLE  (0s wall)
[cfg5_TOT-none-none] instance_40_10_5_36 | 17:02:20 ... UNSATISFIABLE  (0s wall)
[cfg5_TOT-none-none] instance_40_10_5_37 | 17:02:20 ... UNSATISFIABLE  (0s wall)
[cfg5_TOT-none-none] instance_40_10_5_38 | 17:02:20 ... UNSATISFIABLE  (0s wall)
[cfg5_TOT-none-none] instance_40_10_5_39 | 17:02:21 ... OPTIMUM  (72s wall)
[cfg5_TOT-none-none] instance_40_10_5_4 | 17:03:33 ... UNSATISFIABLE  (0s wall)
[cfg5_TOT-none-none] instance_40_10_5_40 | 17:03:33 ... UNSATISFIABLE  (0s wall)
[cfg5_TOT-none-none] instance_40_10_5_41 | 17:03:33 ... UNSATISFIABLE  (1s wall)
[cfg5_TOT-none-none] instance_40_10_5_42 | 17:03:34 ... UNSATISFIABLE  (0s wall)
[cfg5_TOT-none-none] instance_40_10_5_43 | 17:03:34 ... UNSATISFIABLE  (0s wall)
[cfg5_TOT-none-none] instance_40_10_5_44 | 17:03:34 ... OPTIMUM  (27s wall)
[cfg5_TOT-none-none] instance_40_10_5_45 | 17:04:01 ... TIMEOUT  (300s wall)
[cfg5_TOT-none-none] instance_40_10_5_46 | 17:09:01 ... UNSATISFIABLE  (0s wall)
[cfg5_TOT-none-none] instance_40_10_5_47 | 17:09:01 ... UNSATISFIABLE  (0s wall)
[cfg5_TOT-none-none] instance_40_10_5_48 | 17:09:01 ... UNSATISFIABLE  (0s wall)
[cfg5_TOT-none-none] instance_40_10_5_49 | 17:09:02 ... OPTIMUM  (169s wall)
[cfg5_TOT-none-none] instance_40_10_5_5 | 17:11:51 ... TIMEOUT  (301s wall)
[cfg5_TOT-none-none] instance_40_10_5_50 | 17:16:52 ... UNSATISFIABLE  (0s wall)
[cfg5_TOT-none-none] instance_40_10_5_6 | 17:16:52 ... TIMEOUT  (300s wall)
[cfg5_TOT-none-none] instance_40_10_5_7 | 17:21:52 ... OPTIMUM  (52s wall)
[cfg5_TOT-none-none] instance_40_10_5_8 | 17:22:44 ... UNSATISFIABLE  (0s wall)
[cfg5_TOT-none-none] instance_40_10_5_9 | 17:22:44 ... UNSATISFIABLE  (0s wall)
[cfg6_TOT-none-ss] instance_40_10_5_1 | 17:22:44 ... UNSATISFIABLE  (0s wall)
[cfg6_TOT-none-ss] instance_40_10_5_10 | 17:22:44 ... UNSATISFIABLE  (1s wall)
[cfg6_TOT-none-ss] instance_40_10_5_11 | 17:22:45 ... OPTIMUM  (121s wall)
[cfg6_TOT-none-ss] instance_40_10_5_12 | 17:24:47 ... TIMEOUT  (300s wall)
[cfg6_TOT-none-ss] instance_40_10_5_13 | 17:29:47 ... UNSATISFIABLE  (0s wall)
[cfg6_TOT-none-ss] instance_40_10_5_14 | 17:29:47 ... OPTIMUM  (51s wall)
[cfg6_TOT-none-ss] instance_40_10_5_15 | 17:30:38 ... UNSATISFIABLE  (1s wall)
[cfg6_TOT-none-ss] instance_40_10_5_16 | 17:30:39 ... UNSATISFIABLE  (0s wall)
[cfg6_TOT-none-ss] instance_40_10_5_17 | 17:30:39 ... OPTIMUM  (30s wall)
[cfg6_TOT-none-ss] instance_40_10_5_18 | 17:31:09 ... UNSATISFIABLE  (0s wall)
[cfg6_TOT-none-ss] instance_40_10_5_19 | 17:31:09 ... TIMEOUT  (300s wall)
[cfg6_TOT-none-ss] instance_40_10_5_2 | 17:36:09 ... OPTIMUM  (99s wall)
[cfg6_TOT-none-ss] instance_40_10_5_20 | 17:37:48 ... UNSATISFIABLE  (0s wall)
[cfg6_TOT-none-ss] instance_40_10_5_21 | 17:37:48 ... UNSATISFIABLE  (0s wall)
[cfg6_TOT-none-ss] instance_40_10_5_22 | 17:37:48 ... TIMEOUT  (300s wall)
[cfg6_TOT-none-ss] instance_40_10_5_23 | 17:42:48 ... UNSATISFIABLE  (0s wall)
[cfg6_TOT-none-ss] instance_40_10_5_24 | 17:42:48 ... UNSATISFIABLE  (0s wall)
[cfg6_TOT-none-ss] instance_40_10_5_25 | 17:42:49 ... UNSATISFIABLE  (0s wall)
[cfg6_TOT-none-ss] instance_40_10_5_26 | 17:42:49 ... UNSATISFIABLE  (0s wall)
[cfg6_TOT-none-ss] instance_40_10_5_27 | 17:42:49 ... UNSATISFIABLE  (0s wall)
[cfg6_TOT-none-ss] instance_40_10_5_28 | 17:42:49 ... TIMEOUT  (300s wall)
[cfg6_TOT-none-ss] instance_40_10_5_29 | 17:47:49 ... OPTIMUM  (47s wall)
[cfg6_TOT-none-ss] instance_40_10_5_3 | 17:48:36 ... UNSATISFIABLE  (1s wall)
[cfg6_TOT-none-ss] instance_40_10_5_30 | 17:48:37 ... UNSATISFIABLE  (0s wall)
[cfg6_TOT-none-ss] instance_40_10_5_31 | 17:48:37 ... UNSATISFIABLE  (0s wall)
[cfg6_TOT-none-ss] instance_40_10_5_32 | 17:48:37 ... OPTIMUM  (33s wall)
[cfg6_TOT-none-ss] instance_40_10_5_33 | 17:49:10 ... UNSATISFIABLE  (1s wall)
[cfg6_TOT-none-ss] instance_40_10_5_34 | 17:49:11 ... UNSATISFIABLE  (1s wall)
[cfg6_TOT-none-ss] instance_40_10_5_35 | 17:49:12 ... UNSATISFIABLE  (0s wall)
[cfg6_TOT-none-ss] instance_40_10_5_36 | 17:49:12 ... UNSATISFIABLE  (0s wall)
[cfg6_TOT-none-ss] instance_40_10_5_37 | 17:49:12 ... UNSATISFIABLE  (0s wall)
[cfg6_TOT-none-ss] instance_40_10_5_38 | 17:49:12 ... UNSATISFIABLE  (0s wall)
[cfg6_TOT-none-ss] instance_40_10_5_39 | 17:49:12 ... OPTIMUM  (92s wall)
[cfg6_TOT-none-ss] instance_40_10_5_4 | 17:50:44 ... UNSATISFIABLE  (0s wall)
[cfg6_TOT-none-ss] instance_40_10_5_40 | 17:50:44 ... UNSATISFIABLE  (0s wall)
[cfg6_TOT-none-ss] instance_40_10_5_41 | 17:50:44 ... UNSATISFIABLE  (0s wall)
[cfg6_TOT-none-ss] instance_40_10_5_42 | 17:50:44 ... UNSATISFIABLE  (1s wall)
[cfg6_TOT-none-ss] instance_40_10_5_43 | 17:50:45 ... UNSATISFIABLE  (0s wall)
[cfg6_TOT-none-ss] instance_40_10_5_44 | 17:50:45 ... OPTIMUM  (28s wall)
[cfg6_TOT-none-ss] instance_40_10_5_45 | 17:51:13 ... TIMEOUT  (300s wall)
[cfg6_TOT-none-ss] instance_40_10_5_46 | 17:56:13 ... UNSATISFIABLE  (0s wall)
[cfg6_TOT-none-ss] instance_40_10_5_47 | 17:56:13 ... UNSATISFIABLE  (1s wall)
[cfg6_TOT-none-ss] instance_40_10_5_48 | 17:56:14 ... UNSATISFIABLE  (0s wall)
[cfg6_TOT-none-ss] instance_40_10_5_49 | 17:56:14 ... OPTIMUM  (152s wall)
[cfg6_TOT-none-ss] instance_40_10_5_5 | 17:58:46 ... TIMEOUT  (300s wall)
[cfg6_TOT-none-ss] instance_40_10_5_50 | 18:03:46 ... UNSATISFIABLE  (0s wall)
[cfg6_TOT-none-ss] instance_40_10_5_6 | 18:03:46 ... TIMEOUT  (300s wall)
[cfg6_TOT-none-ss] instance_40_10_5_7 | 18:08:46 ... OPTIMUM  (49s wall)
[cfg6_TOT-none-ss] instance_40_10_5_8 | 18:09:35 ... UNSATISFIABLE  (0s wall)
[cfg6_TOT-none-ss] instance_40_10_5_9 | 18:09:35 ... UNSATISFIABLE  (0s wall)
[cfg7_TOT-both-none] instance_40_10_5_1 | 18:09:35 ... UNSATISFIABLE  (0s wall)
[cfg7_TOT-both-none] instance_40_10_5_10 | 18:09:35 ... UNSATISFIABLE  (1s wall)
[cfg7_TOT-both-none] instance_40_10_5_11 | 18:09:36 ... OPTIMUM  (168s wall)
[cfg7_TOT-both-none] instance_40_10_5_12 | 18:12:24 ... TIMEOUT  (300s wall)
[cfg7_TOT-both-none] instance_40_10_5_13 | 18:17:24 ... UNSATISFIABLE  (0s wall)
[cfg7_TOT-both-none] instance_40_10_5_14 | 18:17:24 ... OPTIMUM  (48s wall)
[cfg7_TOT-both-none] instance_40_10_5_15 | 18:18:12 ... UNSATISFIABLE  (0s wall)
[cfg7_TOT-both-none] instance_40_10_5_16 | 18:18:12 ... UNSATISFIABLE  (0s wall)
[cfg7_TOT-both-none] instance_40_10_5_17 | 18:18:12 ... OPTIMUM  (36s wall)
[cfg7_TOT-both-none] instance_40_10_5_18 | 18:18:48 ... UNSATISFIABLE  (0s wall)
[cfg7_TOT-both-none] instance_40_10_5_19 | 18:18:48 ... OPTIMUM  (284s wall)
[cfg7_TOT-both-none] instance_40_10_5_2 | 18:23:32 ... OPTIMUM  (84s wall)
[cfg7_TOT-both-none] instance_40_10_5_20 | 18:24:56 ... UNSATISFIABLE  (0s wall)
[cfg7_TOT-both-none] instance_40_10_5_21 | 18:24:56 ... UNSATISFIABLE  (0s wall)
[cfg7_TOT-both-none] instance_40_10_5_22 | 18:24:56 ... TIMEOUT  (300s wall)
[cfg7_TOT-both-none] instance_40_10_5_23 | 18:29:56 ... UNSATISFIABLE  (0s wall)
[cfg7_TOT-both-none] instance_40_10_5_24 | 18:29:56 ... UNSATISFIABLE  (1s wall)
[cfg7_TOT-both-none] instance_40_10_5_25 | 18:29:57 ... UNSATISFIABLE  (0s wall)
[cfg7_TOT-both-none] instance_40_10_5_26 | 18:29:57 ... UNSATISFIABLE  (0s wall)
[cfg7_TOT-both-none] instance_40_10_5_27 | 18:29:57 ... UNSATISFIABLE  (0s wall)
[cfg7_TOT-both-none] instance_40_10_5_28 | 18:29:57 ... TIMEOUT  (300s wall)
[cfg7_TOT-both-none] instance_40_10_5_29 | 18:34:57 ... OPTIMUM  (29s wall)
[cfg7_TOT-both-none] instance_40_10_5_3 | 18:35:26 ... UNSATISFIABLE  (0s wall)
[cfg7_TOT-both-none] instance_40_10_5_30 | 18:35:26 ... UNSATISFIABLE  (0s wall)
[cfg7_TOT-both-none] instance_40_10_5_31 | 18:35:26 ... UNSATISFIABLE  (0s wall)
[cfg7_TOT-both-none] instance_40_10_5_32 | 18:35:27 ... OPTIMUM  (38s wall)
[cfg7_TOT-both-none] instance_40_10_5_33 | 18:36:05 ... UNSATISFIABLE  (0s wall)
[cfg7_TOT-both-none] instance_40_10_5_34 | 18:36:05 ... UNSATISFIABLE  (2s wall)
[cfg7_TOT-both-none] instance_40_10_5_35 | 18:36:07 ... UNSATISFIABLE  (0s wall)
[cfg7_TOT-both-none] instance_40_10_5_36 | 18:36:07 ... UNSATISFIABLE  (0s wall)
[cfg7_TOT-both-none] instance_40_10_5_37 | 18:36:07 ... UNSATISFIABLE  (0s wall)
[cfg7_TOT-both-none] instance_40_10_5_38 | 18:36:07 ... UNSATISFIABLE  (0s wall)
[cfg7_TOT-both-none] instance_40_10_5_39 | 18:36:07 ... OPTIMUM  (88s wall)
[cfg7_TOT-both-none] instance_40_10_5_4 | 18:37:35 ... UNSATISFIABLE  (1s wall)
[cfg7_TOT-both-none] instance_40_10_5_40 | 18:37:36 ... UNSATISFIABLE  (0s wall)
[cfg7_TOT-both-none] instance_40_10_5_41 | 18:37:36 ... UNSATISFIABLE  (0s wall)
[cfg7_TOT-both-none] instance_40_10_5_42 | 18:37:36 ... UNSATISFIABLE  (1s wall)
[cfg7_TOT-both-none] instance_40_10_5_43 | 18:37:37 ... UNSATISFIABLE  (0s wall)
[cfg7_TOT-both-none] instance_40_10_5_44 | 18:37:37 ... OPTIMUM  (46s wall)
[cfg7_TOT-both-none] instance_40_10_5_45 | 18:38:24 ... TIMEOUT  (300s wall)
[cfg7_TOT-both-none] instance_40_10_5_46 | 18:43:24 ... UNSATISFIABLE  (0s wall)
[cfg7_TOT-both-none] instance_40_10_5_47 | 18:43:24 ... UNSATISFIABLE  (0s wall)
[cfg7_TOT-both-none] instance_40_10_5_48 | 18:43:24 ... UNSATISFIABLE  (0s wall)
[cfg7_TOT-both-none] instance_40_10_5_49 | 18:43:24 ... TIMEOUT  (300s wall)
[cfg7_TOT-both-none] instance_40_10_5_5 | 18:48:24 ... TIMEOUT  (300s wall)
[cfg7_TOT-both-none] instance_40_10_5_50 | 18:53:24 ... UNSATISFIABLE  (1s wall)
[cfg7_TOT-both-none] instance_40_10_5_6 | 18:53:25 ... TIMEOUT  (300s wall)
[cfg7_TOT-both-none] instance_40_10_5_7 | 18:58:25 ... OPTIMUM  (49s wall)
[cfg7_TOT-both-none] instance_40_10_5_8 | 18:59:14 ... UNSATISFIABLE  (0s wall)
[cfg7_TOT-both-none] instance_40_10_5_9 | 18:59:14 ... UNSATISFIABLE  (0s wall)
[cfg8_TOT-both-ss] instance_40_10_5_1 | 18:59:14 ... UNSATISFIABLE  (0s wall)
[cfg8_TOT-both-ss] instance_40_10_5_10 | 18:59:14 ... UNSATISFIABLE  (0s wall)
[cfg8_TOT-both-ss] instance_40_10_5_11 | 18:59:15 ... OPTIMUM  (174s wall)
[cfg8_TOT-both-ss] instance_40_10_5_12 | 19:02:09 ... TIMEOUT  (301s wall)
[cfg8_TOT-both-ss] instance_40_10_5_13 | 19:07:10 ... UNSATISFIABLE  (0s wall)
[cfg8_TOT-both-ss] instance_40_10_5_14 | 19:07:10 ... OPTIMUM  (47s wall)
[cfg8_TOT-both-ss] instance_40_10_5_15 | 19:07:57 ... UNSATISFIABLE  (0s wall)
[cfg8_TOT-both-ss] instance_40_10_5_16 | 19:07:57 ... UNSATISFIABLE  (0s wall)
[cfg8_TOT-both-ss] instance_40_10_5_17 | 19:07:57 ... OPTIMUM  (31s wall)
[cfg8_TOT-both-ss] instance_40_10_5_18 | 19:08:28 ... UNSATISFIABLE  (0s wall)
[cfg8_TOT-both-ss] instance_40_10_5_19 | 19:08:28 ... TIMEOUT  (300s wall)
[cfg8_TOT-both-ss] instance_40_10_5_2 | 19:13:28 ... OPTIMUM  (74s wall)
[cfg8_TOT-both-ss] instance_40_10_5_20 | 19:14:42 ... UNSATISFIABLE  (1s wall)
[cfg8_TOT-both-ss] instance_40_10_5_21 | 19:14:43 ... UNSATISFIABLE  (0s wall)
[cfg8_TOT-both-ss] instance_40_10_5_22 | 19:14:43 ... TIMEOUT  (300s wall)
[cfg8_TOT-both-ss] instance_40_10_5_23 | 19:19:43 ... UNSATISFIABLE  (0s wall)
[cfg8_TOT-both-ss] instance_40_10_5_24 | 19:19:43 ... UNSATISFIABLE  (0s wall)
[cfg8_TOT-both-ss] instance_40_10_5_25 | 19:19:43 ... UNSATISFIABLE  (0s wall)
[cfg8_TOT-both-ss] instance_40_10_5_26 | 19:19:43 ... UNSATISFIABLE  (1s wall)
[cfg8_TOT-both-ss] instance_40_10_5_27 | 19:19:44 ... UNSATISFIABLE  (0s wall)
[cfg8_TOT-both-ss] instance_40_10_5_28 | 19:19:44 ... TIMEOUT  (300s wall)
[cfg8_TOT-both-ss] instance_40_10_5_29 | 19:24:44 ... OPTIMUM  (38s wall)
[cfg8_TOT-both-ss] instance_40_10_5_3 | 19:25:22 ... UNSATISFIABLE  (0s wall)
[cfg8_TOT-both-ss] instance_40_10_5_30 | 19:25:22 ... UNSATISFIABLE  (0s wall)
[cfg8_TOT-both-ss] instance_40_10_5_31 | 19:25:22 ... UNSATISFIABLE  (0s wall)
[cfg8_TOT-both-ss] instance_40_10_5_32 | 19:25:22 ... OPTIMUM  (36s wall)
[cfg8_TOT-both-ss] instance_40_10_5_33 | 19:25:58 ... UNSATISFIABLE  (1s wall)
[cfg8_TOT-both-ss] instance_40_10_5_34 | 19:25:59 ... UNSATISFIABLE  (3s wall)
[cfg8_TOT-both-ss] instance_40_10_5_35 | 19:26:02 ... UNSATISFIABLE  (0s wall)
[cfg8_TOT-both-ss] instance_40_10_5_36 | 19:26:02 ... UNSATISFIABLE  (1s wall)
[cfg8_TOT-both-ss] instance_40_10_5_37 | 19:26:03 ... UNSATISFIABLE  (0s wall)
[cfg8_TOT-both-ss] instance_40_10_5_38 | 19:26:03 ... UNSATISFIABLE  (0s wall)
[cfg8_TOT-both-ss] instance_40_10_5_39 | 19:26:03 ... OPTIMUM  (89s wall)
[cfg8_TOT-both-ss] instance_40_10_5_4 | 19:27:32 ... UNSATISFIABLE  (0s wall)
[cfg8_TOT-both-ss] instance_40_10_5_40 | 19:27:33 ... UNSATISFIABLE  (0s wall)
[cfg8_TOT-both-ss] instance_40_10_5_41 | 19:27:33 ... UNSATISFIABLE  (0s wall)
[cfg8_TOT-both-ss] instance_40_10_5_42 | 19:27:33 ... UNSATISFIABLE  (0s wall)
[cfg8_TOT-both-ss] instance_40_10_5_43 | 19:27:33 ... UNSATISFIABLE  (1s wall)
[cfg8_TOT-both-ss] instance_40_10_5_44 | 19:27:34 ... OPTIMUM  (38s wall)
[cfg8_TOT-both-ss] instance_40_10_5_45 | 19:28:12 ... TIMEOUT  (300s wall)
[cfg8_TOT-both-ss] instance_40_10_5_46 | 19:33:12 ... UNSATISFIABLE  (0s wall)
[cfg8_TOT-both-ss] instance_40_10_5_47 | 19:33:12 ... UNSATISFIABLE  (0s wall)
[cfg8_TOT-both-ss] instance_40_10_5_48 | 19:33:12 ... UNSATISFIABLE  (0s wall)
[cfg8_TOT-both-ss] instance_40_10_5_49 | 19:33:12 ... OPTIMUM  (234s wall)
[cfg8_TOT-both-ss] instance_40_10_5_5 | 19:37:06 ... TIMEOUT  (300s wall)
[cfg8_TOT-both-ss] instance_40_10_5_50 | 19:42:06 ... UNSATISFIABLE  (0s wall)
[cfg8_TOT-both-ss] instance_40_10_5_6 | 19:42:07 ... TIMEOUT  (300s wall)
[cfg8_TOT-both-ss] instance_40_10_5_7 | 19:47:07 ... OPTIMUM  (49s wall)
[cfg8_TOT-both-ss] instance_40_10_5_8 | 19:47:56 ... UNSATISFIABLE  (1s wall)
[cfg8_TOT-both-ss] instance_40_10_5_9 | 19:47:57 ... UNSATISFIABLE  (0s wall)

=== HOÀN THÀNH CHẠY THỰC NGHIỆM ===
=== Chiến dịch Thực nghiệm 8 Cấu hình với EvalMaxSAT ===
Thư mục instance : instances/paperInstances/TXT_10-25_4-5_U30 instances/paperInstances/TXT_10-25_4-5_U40
Mẫu tên instance : instance_40_15_5_*.txt
Số bài kiểm thử  : 50 (trong một cấu hình)
Tổng lượt giải   : 400
Timeout/instance : 300s
Giới hạn/cấu hình: 3600s
--------------------------------------------------------
[cfg1_ORIGINAL] instance_40_15_5_1 | 20:03:23 ... OPTIMUM  (207s wall)
[cfg1_ORIGINAL] instance_40_15_5_10 | 20:06:50 ... OPTIMUM  (35s wall)
[cfg1_ORIGINAL] instance_40_15_5_11 | 20:07:25 ... OPTIMUM  (60s wall)
[cfg1_ORIGINAL] instance_40_15_5_12 | 20:08:25 ... OPTIMUM  (31s wall)
[cfg1_ORIGINAL] instance_40_15_5_13 | 20:08:56 ... UNSATISFIABLE  (0s wall)
[cfg1_ORIGINAL] instance_40_15_5_14 | 20:08:56 ... OPTIMUM  (62s wall)
[cfg1_ORIGINAL] instance_40_15_5_15 | 20:09:58 ... OPTIMUM  (46s wall)
[cfg1_ORIGINAL] instance_40_15_5_16 | 20:10:44 ... TIMEOUT  (301s wall)
[cfg1_ORIGINAL] instance_40_15_5_17 | 20:15:45 ... TIMEOUT  (300s wall)
[cfg1_ORIGINAL] instance_40_15_5_18 | 20:20:45 ... OPTIMUM  (44s wall)
[cfg1_ORIGINAL] instance_40_15_5_19 | 20:21:29 ... UNSATISFIABLE  (0s wall)
[cfg1_ORIGINAL] instance_40_15_5_2 | 20:21:29 ... OPTIMUM  (67s wall)
[cfg1_ORIGINAL] instance_40_15_5_20 | 20:22:36 ... OPTIMUM  (66s wall)
[cfg1_ORIGINAL] instance_40_15_5_21 | 20:23:42 ... OPTIMUM  (49s wall)
[cfg1_ORIGINAL] instance_40_15_5_22 | 20:24:31 ... UNSATISFIABLE  (0s wall)
[cfg1_ORIGINAL] instance_40_15_5_23 | 20:24:31 ... OPTIMUM  (27s wall)
[cfg1_ORIGINAL] instance_40_15_5_24 | 20:24:58 ... OPTIMUM  (132s wall)
[cfg1_ORIGINAL] instance_40_15_5_25 | 20:27:10 ... UNSATISFIABLE  (0s wall)
[cfg1_ORIGINAL] instance_40_15_5_26 | 20:27:10 ... OPTIMUM  (48s wall)
[cfg1_ORIGINAL] instance_40_15_5_27 | 20:27:58 ... OPTIMUM  (64s wall)
[cfg1_ORIGINAL] instance_40_15_5_28 | 20:29:02 ... OPTIMUM  (25s wall)
[cfg1_ORIGINAL] instance_40_15_5_29 | 20:29:27 ... UNSATISFIABLE  (0s wall)
[cfg1_ORIGINAL] instance_40_15_5_3 | 20:29:27 ... OPTIMUM  (52s wall)
[cfg1_ORIGINAL] instance_40_15_5_30 | 20:30:19 ... OPTIMUM  (41s wall)
[cfg1_ORIGINAL] instance_40_15_5_31 | 20:31:00 ... OPTIMUM  (56s wall)
[cfg1_ORIGINAL] instance_40_15_5_32 | 20:31:56 ... UNSATISFIABLE  (0s wall)
[cfg1_ORIGINAL] instance_40_15_5_33 | 20:31:56 ... OPTIMUM  (87s wall)
[cfg1_ORIGINAL] instance_40_15_5_34 | 20:33:23 ... OPTIMUM  (176s wall)
[cfg1_ORIGINAL] instance_40_15_5_35 | 20:36:19 ... OPTIMUM  (32s wall)
[cfg1_ORIGINAL] instance_40_15_5_36 | 20:36:51 ... UNSATISFIABLE  (0s wall)
[cfg1_ORIGINAL] instance_40_15_5_37 | 20:36:51 ... UNSATISFIABLE  (1s wall)
[cfg1_ORIGINAL] instance_40_15_5_38 | 20:36:52 ... UNSATISFIABLE  (0s wall)
[cfg1_ORIGINAL] instance_40_15_5_39 | 20:36:52 ... OPTIMUM  (51s wall)
[cfg1_ORIGINAL] instance_40_15_5_4 | 20:37:43 ... OPTIMUM  (43s wall)
[cfg1_ORIGINAL] instance_40_15_5_40 | 20:38:26 ... OPTIMUM  (42s wall)
[cfg1_ORIGINAL] instance_40_15_5_41 | 20:39:08 ... OPTIMUM  (27s wall)
[cfg1_ORIGINAL] instance_40_15_5_42 | 20:39:35 ... OPTIMUM  (59s wall)
[cfg1_ORIGINAL] instance_40_15_5_43 | 20:40:34 ... OPTIMUM  (92s wall)
[cfg1_ORIGINAL] instance_40_15_5_44 | 20:42:06 ... UNSATISFIABLE  (1s wall)
[cfg1_ORIGINAL] instance_40_15_5_45 | 20:42:07 ... OPTIMUM  (86s wall)
[cfg1_ORIGINAL] instance_40_15_5_46 | 20:43:33 ... OPTIMUM  (39s wall)
[cfg1_ORIGINAL] instance_40_15_5_47 | 20:44:12 ... OPTIMUM  (51s wall)
[cfg1_ORIGINAL] instance_40_15_5_48 | 20:45:03 ... OPTIMUM  (50s wall)
[cfg1_ORIGINAL] instance_40_15_5_49 | 20:45:53 ... UNSATISFIABLE  (0s wall)
[cfg1_ORIGINAL] instance_40_15_5_5 | 20:45:53 ... UNSATISFIABLE  (0s wall)
[cfg1_ORIGINAL] instance_40_15_5_50 | 20:45:53 ... OPTIMUM  (47s wall)
[cfg1_ORIGINAL] instance_40_15_5_6 | 20:46:40 ... UNSATISFIABLE  (1s wall)
[cfg1_ORIGINAL] instance_40_15_5_7 | 20:46:41 ... OPTIMUM  (129s wall)
[cfg1_ORIGINAL] instance_40_15_5_8 | 20:48:50 ... OPTIMUM  (45s wall)
[cfg1_ORIGINAL] instance_40_15_5_9 | 20:49:35 ... TIMEOUT  (300s wall)
[cfg2_SN-none-ss] instance_40_15_5_1 | 20:54:35 ... OPTIMUM  (271s wall)
[cfg2_SN-none-ss] instance_40_15_5_10 | 20:59:06 ... OPTIMUM  (27s wall)
[cfg2_SN-none-ss] instance_40_15_5_11 | 20:59:33 ... OPTIMUM  (47s wall)
[cfg2_SN-none-ss] instance_40_15_5_12 | 21:00:21 ... OPTIMUM  (98s wall)
[cfg2_SN-none-ss] instance_40_15_5_13 | 21:01:59 ... UNSATISFIABLE  (0s wall)
[cfg2_SN-none-ss] instance_40_15_5_14 | 21:01:59 ... OPTIMUM  (74s wall)
[cfg2_SN-none-ss] instance_40_15_5_15 | 21:03:13 ... OPTIMUM  (55s wall)
[cfg2_SN-none-ss] instance_40_15_5_16 | 21:04:08 ... TIMEOUT  (300s wall)
[cfg2_SN-none-ss] instance_40_15_5_17 | 21:09:08 ... TIMEOUT  (300s wall)
[cfg2_SN-none-ss] instance_40_15_5_18 | 21:14:08 ... OPTIMUM  (69s wall)
[cfg2_SN-none-ss] instance_40_15_5_19 | 21:15:18 ... UNSATISFIABLE  (0s wall)
[cfg2_SN-none-ss] instance_40_15_5_2 | 21:15:18 ... OPTIMUM  (67s wall)
[cfg2_SN-none-ss] instance_40_15_5_20 | 21:16:25 ... OPTIMUM  (56s wall)
[cfg2_SN-none-ss] instance_40_15_5_21 | 21:17:21 ... OPTIMUM  (51s wall)
[cfg2_SN-none-ss] instance_40_15_5_22 | 21:18:12 ... UNSATISFIABLE  (0s wall)
[cfg2_SN-none-ss] instance_40_15_5_23 | 21:18:12 ... OPTIMUM  (26s wall)
[cfg2_SN-none-ss] instance_40_15_5_24 | 21:18:38 ... OPTIMUM  (111s wall)
[cfg2_SN-none-ss] instance_40_15_5_25 | 21:20:29 ... UNSATISFIABLE  (0s wall)
[cfg2_SN-none-ss] instance_40_15_5_26 | 21:20:29 ... OPTIMUM  (49s wall)
[cfg2_SN-none-ss] instance_40_15_5_27 | 21:21:18 ... OPTIMUM  (56s wall)
[cfg2_SN-none-ss] instance_40_15_5_28 | 21:22:14 ... OPTIMUM  (22s wall)
[cfg2_SN-none-ss] instance_40_15_5_29 | 21:22:36 ... UNSATISFIABLE  (0s wall)
[cfg2_SN-none-ss] instance_40_15_5_3 | 21:22:36 ... OPTIMUM  (53s wall)
[cfg2_SN-none-ss] instance_40_15_5_30 | 21:23:29 ... OPTIMUM  (45s wall)
[cfg2_SN-none-ss] instance_40_15_5_31 | 21:24:14 ... OPTIMUM  (50s wall)
[cfg2_SN-none-ss] instance_40_15_5_32 | 21:25:04 ... UNSATISFIABLE  (0s wall)
[cfg2_SN-none-ss] instance_40_15_5_33 | 21:25:04 ... OPTIMUM  (92s wall)
[cfg2_SN-none-ss] instance_40_15_5_34 | 21:26:36 ... TIMEOUT  (301s wall)
[cfg2_SN-none-ss] instance_40_15_5_35 | 21:31:37 ... OPTIMUM  (32s wall)
[cfg2_SN-none-ss] instance_40_15_5_36 | 21:32:09 ... UNSATISFIABLE  (0s wall)
[cfg2_SN-none-ss] instance_40_15_5_37 | 21:32:09 ... UNSATISFIABLE  (0s wall)
[cfg2_SN-none-ss] instance_40_15_5_38 | 21:32:09 ... UNSATISFIABLE  (1s wall)
[cfg2_SN-none-ss] instance_40_15_5_39 | 21:32:10 ... OPTIMUM  (49s wall)
[cfg2_SN-none-ss] instance_40_15_5_4 | 21:32:59 ... OPTIMUM  (42s wall)
[cfg2_SN-none-ss] instance_40_15_5_40 | 21:33:41 ... OPTIMUM  (41s wall)
[cfg2_SN-none-ss] instance_40_15_5_41 | 21:34:22 ... OPTIMUM  (25s wall)
[cfg2_SN-none-ss] instance_40_15_5_42 | 21:34:47 ... OPTIMUM  (41s wall)
[cfg2_SN-none-ss] instance_40_15_5_43 | 21:35:28 ... OPTIMUM  (85s wall)
[cfg2_SN-none-ss] instance_40_15_5_44 | 21:36:53 ... UNSATISFIABLE  (1s wall)
[cfg2_SN-none-ss] instance_40_15_5_45 | 21:36:54 ... OPTIMUM  (99s wall)
[cfg2_SN-none-ss] instance_40_15_5_46 | 21:38:33 ... OPTIMUM  (40s wall)
[cfg2_SN-none-ss] instance_40_15_5_47 | 21:39:13 ... OPTIMUM  (47s wall)
[cfg2_SN-none-ss] instance_40_15_5_48 | 21:40:00 ... OPTIMUM  (53s wall)
[cfg2_SN-none-ss] instance_40_15_5_49 | 21:40:53 ... UNSATISFIABLE  (0s wall)
[cfg2_SN-none-ss] instance_40_15_5_5 | 21:40:53 ... UNSATISFIABLE  (0s wall)
[cfg2_SN-none-ss] instance_40_15_5_50 | 21:40:53 ... OPTIMUM  (52s wall)
[cfg2_SN-none-ss] instance_40_15_5_6 | 21:41:45 ... UNSATISFIABLE  (1s wall)
[cfg2_SN-none-ss] instance_40_15_5_7 | 21:41:46 ... OPTIMUM  (113s wall)
[cfg2_SN-none-ss] instance_40_15_5_8 | 21:43:39 ... OPTIMUM  (39s wall)
[cfg2_SN-none-ss] instance_40_15_5_9 | 21:44:18 ... TIMEOUT  (300s wall)
[cfg3_SN-both-none] instance_40_15_5_1 | 21:49:18 ... OPTIMUM  (137s wall)
[cfg3_SN-both-none] instance_40_15_5_10 | 21:51:35 ... OPTIMUM  (36s wall)
[cfg3_SN-both-none] instance_40_15_5_11 | 21:52:12 ... OPTIMUM  (50s wall)
[cfg3_SN-both-none] instance_40_15_5_12 | 21:53:02 ... OPTIMUM  (69s wall)
[cfg3_SN-both-none] instance_40_15_5_13 | 21:54:11 ... UNSATISFIABLE  (0s wall)
[cfg3_SN-both-none] instance_40_15_5_14 | 21:54:11 ... OPTIMUM  (60s wall)
[cfg3_SN-both-none] instance_40_15_5_15 | 21:55:11 ... OPTIMUM  (46s wall)
[cfg3_SN-both-none] instance_40_15_5_16 | 21:55:57 ... TIMEOUT  (300s wall)
[cfg3_SN-both-none] instance_40_15_5_17 | 22:00:57 ... TIMEOUT  (300s wall)
[cfg3_SN-both-none] instance_40_15_5_18 | 22:05:57 ... OPTIMUM  (75s wall)
[cfg3_SN-both-none] instance_40_15_5_19 | 22:07:12 ... UNSATISFIABLE  (1s wall)
[cfg3_SN-both-none] instance_40_15_5_2 | 22:07:13 ... OPTIMUM  (76s wall)
[cfg3_SN-both-none] instance_40_15_5_20 | 22:08:29 ... OPTIMUM  (62s wall)
[cfg3_SN-both-none] instance_40_15_5_21 | 22:09:31 ... OPTIMUM  (52s wall)
[cfg3_SN-both-none] instance_40_15_5_22 | 22:10:23 ... UNSATISFIABLE  (1s wall)
[cfg3_SN-both-none] instance_40_15_5_23 | 22:10:24 ... OPTIMUM  (32s wall)
[cfg3_SN-both-none] instance_40_15_5_24 | 22:10:56 ... OPTIMUM  (159s wall)
[cfg3_SN-both-none] instance_40_15_5_25 | 22:13:35 ... UNSATISFIABLE  (0s wall)
[cfg3_SN-both-none] instance_40_15_5_26 | 22:13:35 ... OPTIMUM  (65s wall)
[cfg3_SN-both-none] instance_40_15_5_27 | 22:14:40 ... OPTIMUM  (184s wall)
[cfg3_SN-both-none] instance_40_15_5_28 | 22:17:44 ... OPTIMUM  (24s wall)
[cfg3_SN-both-none] instance_40_15_5_29 | 22:18:08 ... UNSATISFIABLE  (1s wall)
[cfg3_SN-both-none] instance_40_15_5_3 | 22:18:09 ... OPTIMUM  (55s wall)
[cfg3_SN-both-none] instance_40_15_5_30 | 22:19:04 ... OPTIMUM  (47s wall)
[cfg3_SN-both-none] instance_40_15_5_31 | 22:19:51 ... OPTIMUM  (61s wall)
[cfg3_SN-both-none] instance_40_15_5_32 | 22:20:52 ... UNSATISFIABLE  (0s wall)
[cfg3_SN-both-none] instance_40_15_5_33 | 22:20:52 ... OPTIMUM  (101s wall)
[cfg3_SN-both-none] instance_40_15_5_34 | 22:22:33 ... TIMEOUT  (301s wall)
[cfg3_SN-both-none] instance_40_15_5_35 | 22:27:34 ... OPTIMUM  (34s wall)
[cfg3_SN-both-none] instance_40_15_5_36 | 22:28:08 ... UNSATISFIABLE  (0s wall)
[cfg3_SN-both-none] instance_40_15_5_37 | 22:28:08 ... UNSATISFIABLE  (0s wall)
[cfg3_SN-both-none] instance_40_15_5_38 | 22:28:08 ... UNSATISFIABLE  (1s wall)
[cfg3_SN-both-none] instance_40_15_5_39 | 22:28:09 ... OPTIMUM  (59s wall)
[cfg3_SN-both-none] instance_40_15_5_4 | 22:29:08 ... OPTIMUM  (41s wall)
[cfg3_SN-both-none] instance_40_15_5_40 | 22:29:49 ... OPTIMUM  (49s wall)
[cfg3_SN-both-none] instance_40_15_5_41 | 22:30:38 ... OPTIMUM  (34s wall)
[cfg3_SN-both-none] instance_40_15_5_42 | 22:31:12 ... OPTIMUM  (32s wall)
[cfg3_SN-both-none] instance_40_15_5_43 | 22:31:44 ... OPTIMUM  (108s wall)
[cfg3_SN-both-none] instance_40_15_5_44 | 22:33:32 ... UNSATISFIABLE  (1s wall)
[cfg3_SN-both-none] instance_40_15_5_45 | 22:33:33 ... OPTIMUM  (96s wall)
[cfg3_SN-both-none] instance_40_15_5_46 | 22:35:09 ... OPTIMUM  (37s wall)
[cfg3_SN-both-none] instance_40_15_5_47 | 22:35:46 ... OPTIMUM  (48s wall)
[cfg3_SN-both-none] instance_40_15_5_48 | 22:36:34 ... OPTIMUM  (44s wall)
[cfg3_SN-both-none] instance_40_15_5_49 | 22:37:18 ... UNSATISFIABLE  (0s wall)
[cfg3_SN-both-none] instance_40_15_5_5 | 22:37:18 ... UNSATISFIABLE  (1s wall)
[cfg3_SN-both-none] instance_40_15_5_50 | 22:37:19 ... OPTIMUM  (55s wall)
[cfg3_SN-both-none] instance_40_15_5_6 | 22:38:14 ... UNSATISFIABLE  (1s wall)
[cfg3_SN-both-none] instance_40_15_5_7 | 22:38:15 ... TIMEOUT  (300s wall)
[cfg3_SN-both-none] instance_40_15_5_8 | 22:43:15 ... OPTIMUM  (49s wall)
[cfg3_SN-both-none] instance_40_15_5_9 | 22:44:04 ... TIMEOUT  (300s wall)
[cfg4_SN-both-ss] instance_40_15_5_1 | 22:49:04 ... OPTIMUM  (174s wall)
[cfg4_SN-both-ss] instance_40_15_5_10 | 22:51:58 ... OPTIMUM  (47s wall)
[cfg4_SN-both-ss] instance_40_15_5_11 | 22:52:45 ... OPTIMUM  (126s wall)
[cfg4_SN-both-ss] instance_40_15_5_12 | 22:54:51 ... OPTIMUM  (61s wall)
[cfg4_SN-both-ss] instance_40_15_5_13 | 22:55:52 ... UNSATISFIABLE  (1s wall)
[cfg4_SN-both-ss] instance_40_15_5_14 | 22:55:53 ... OPTIMUM  (72s wall)
[cfg4_SN-both-ss] instance_40_15_5_15 | 22:57:05 ... OPTIMUM  (62s wall)
[cfg4_SN-both-ss] instance_40_15_5_16 | 22:58:07 ... TIMEOUT  (300s wall)
[cfg4_SN-both-ss] instance_40_15_5_17 | 23:03:07 ... TIMEOUT  (300s wall)
[cfg4_SN-both-ss] instance_40_15_5_18 | 23:08:07 ... OPTIMUM  (49s wall)
[cfg4_SN-both-ss] instance_40_15_5_19 | 23:08:56 ... UNSATISFIABLE  (0s wall)
[cfg4_SN-both-ss] instance_40_15_5_2 | 23:08:56 ... OPTIMUM  (71s wall)
[cfg4_SN-both-ss] instance_40_15_5_20 | 23:10:07 ... OPTIMUM  (79s wall)
[cfg4_SN-both-ss] instance_40_15_5_21 | 23:11:26 ... OPTIMUM  (51s wall)
[cfg4_SN-both-ss] instance_40_15_5_22 | 23:12:17 ... UNSATISFIABLE  (0s wall)
[cfg4_SN-both-ss] instance_40_15_5_23 | 23:12:17 ... OPTIMUM  (25s wall)
[cfg4_SN-both-ss] instance_40_15_5_24 | 23:12:43 ... OPTIMUM  (180s wall)
[cfg4_SN-both-ss] instance_40_15_5_25 | 23:15:43 ... UNSATISFIABLE  (0s wall)
[cfg4_SN-both-ss] instance_40_15_5_26 | 23:15:43 ... OPTIMUM  (65s wall)
[cfg4_SN-both-ss] instance_40_15_5_27 | 23:16:48 ... OPTIMUM  (93s wall)
[cfg4_SN-both-ss] instance_40_15_5_28 | 23:18:21 ... OPTIMUM  (24s wall)
[cfg4_SN-both-ss] instance_40_15_5_29 | 23:18:45 ... UNSATISFIABLE  (0s wall)
[cfg4_SN-both-ss] instance_40_15_5_3 | 23:18:45 ... OPTIMUM  (58s wall)
[cfg4_SN-both-ss] instance_40_15_5_30 | 23:19:43 ... OPTIMUM  (62s wall)
[cfg4_SN-both-ss] instance_40_15_5_31 | 23:20:45 ... OPTIMUM  (53s wall)
[cfg4_SN-both-ss] instance_40_15_5_32 | 23:21:38 ... UNSATISFIABLE  (0s wall)
[cfg4_SN-both-ss] instance_40_15_5_33 | 23:21:38 ... OPTIMUM  (134s wall)
[cfg4_SN-both-ss] instance_40_15_5_34 | 23:23:52 ... TIMEOUT  (300s wall)
[cfg4_SN-both-ss] instance_40_15_5_35 | 23:28:53 ... OPTIMUM  (36s wall)
[cfg4_SN-both-ss] instance_40_15_5_36 | 23:29:29 ... UNSATISFIABLE  (0s wall)
[cfg4_SN-both-ss] instance_40_15_5_37 | 23:29:29 ... UNSATISFIABLE  (1s wall)
[cfg4_SN-both-ss] instance_40_15_5_38 | 23:29:30 ... UNSATISFIABLE  (0s wall)
[cfg4_SN-both-ss] instance_40_15_5_39 | 23:29:30 ... OPTIMUM  (61s wall)
[cfg4_SN-both-ss] instance_40_15_5_4 | 23:30:31 ... OPTIMUM  (35s wall)
[cfg4_SN-both-ss] instance_40_15_5_40 | 23:31:06 ... OPTIMUM  (41s wall)
[cfg4_SN-both-ss] instance_40_15_5_41 | 23:31:47 ... OPTIMUM  (33s wall)
[cfg4_SN-both-ss] instance_40_15_5_42 | 23:32:20 ... OPTIMUM  (41s wall)
[cfg4_SN-both-ss] instance_40_15_5_43 | 23:33:01 ... OPTIMUM  (95s wall)
[cfg4_SN-both-ss] instance_40_15_5_44 | 23:34:36 ... UNSATISFIABLE  (1s wall)
[cfg4_SN-both-ss] instance_40_15_5_45 | 23:34:37 ... OPTIMUM  (89s wall)
[cfg4_SN-both-ss] instance_40_15_5_46 | 23:36:06 ... OPTIMUM  (51s wall)
[cfg4_SN-both-ss] instance_40_15_5_47 | 23:36:57 ... OPTIMUM  (56s wall)
[cfg4_SN-both-ss] instance_40_15_5_48 | 23:37:53 ... OPTIMUM  (44s wall)
[cfg4_SN-both-ss] instance_40_15_5_49 | 23:38:37 ... UNSATISFIABLE  (0s wall)
[cfg4_SN-both-ss] instance_40_15_5_5 | 23:38:38 ... UNSATISFIABLE  (0s wall)
[cfg4_SN-both-ss] instance_40_15_5_50 | 23:38:38 ... OPTIMUM  (66s wall)
[cfg4_SN-both-ss] instance_40_15_5_6 | 23:39:44 ... UNSATISFIABLE  (1s wall)
[cfg4_SN-both-ss] instance_40_15_5_7 | 23:39:45 ... OPTIMUM  (183s wall)
[cfg4_SN-both-ss] instance_40_15_5_8 | 23:42:48 ... OPTIMUM  (57s wall)
[cfg4_SN-both-ss] instance_40_15_5_9 | 23:43:45 ... TIMEOUT  (300s wall)
[cfg5_TOT-none-none] instance_40_15_5_1 | 23:48:45 ... OPTIMUM  (107s wall)
[cfg5_TOT-none-none] instance_40_15_5_10 | 23:50:32 ... OPTIMUM  (20s wall)
[cfg5_TOT-none-none] instance_40_15_5_11 | 23:50:52 ... OPTIMUM  (57s wall)
[cfg5_TOT-none-none] instance_40_15_5_12 | 23:51:49 ... OPTIMUM  (24s wall)
[cfg5_TOT-none-none] instance_40_15_5_13 | 23:52:13 ... UNSATISFIABLE  (0s wall)
[cfg5_TOT-none-none] instance_40_15_5_14 | 23:52:13 ... OPTIMUM  (55s wall)
[cfg5_TOT-none-none] instance_40_15_5_15 | 23:53:08 ... OPTIMUM  (45s wall)
[cfg5_TOT-none-none] instance_40_15_5_16 | 23:53:53 ... TIMEOUT  (300s wall)
[cfg5_TOT-none-none] instance_40_15_5_17 | 23:58:53 ... TIMEOUT  (300s wall)
[cfg5_TOT-none-none] instance_40_15_5_18 | 00:03:53 ... OPTIMUM  (42s wall)
[cfg5_TOT-none-none] instance_40_15_5_19 | 00:04:35 ... UNSATISFIABLE  (1s wall)
[cfg5_TOT-none-none] instance_40_15_5_2 | 00:04:36 ... OPTIMUM  (68s wall)
[cfg5_TOT-none-none] instance_40_15_5_20 | 00:05:44 ... OPTIMUM  (43s wall)
[cfg5_TOT-none-none] instance_40_15_5_21 | 00:06:27 ... OPTIMUM  (46s wall)
[cfg5_TOT-none-none] instance_40_15_5_22 | 00:07:13 ... UNSATISFIABLE  (0s wall)
[cfg5_TOT-none-none] instance_40_15_5_23 | 00:07:13 ... OPTIMUM  (30s wall)
[cfg5_TOT-none-none] instance_40_15_5_24 | 00:07:43 ... OPTIMUM  (78s wall)
[cfg5_TOT-none-none] instance_40_15_5_25 | 00:09:01 ... UNSATISFIABLE  (0s wall)
[cfg5_TOT-none-none] instance_40_15_5_26 | 00:09:01 ... OPTIMUM  (60s wall)
[cfg5_TOT-none-none] instance_40_15_5_27 | 00:10:01 ... OPTIMUM  (44s wall)
[cfg5_TOT-none-none] instance_40_15_5_28 | 00:10:45 ... OPTIMUM  (26s wall)
[cfg5_TOT-none-none] instance_40_15_5_29 | 00:11:11 ... UNSATISFIABLE  (0s wall)
[cfg5_TOT-none-none] instance_40_15_5_3 | 00:11:11 ... OPTIMUM  (64s wall)
[cfg5_TOT-none-none] instance_40_15_5_30 | 00:12:15 ... OPTIMUM  (45s wall)
[cfg5_TOT-none-none] instance_40_15_5_31 | 00:13:00 ... OPTIMUM  (51s wall)
[cfg5_TOT-none-none] instance_40_15_5_32 | 00:13:51 ... UNSATISFIABLE  (0s wall)
[cfg5_TOT-none-none] instance_40_15_5_33 | 00:13:51 ... OPTIMUM  (98s wall)
[cfg5_TOT-none-none] instance_40_15_5_34 | 00:15:29 ... OPTIMUM  (284s wall)
[cfg5_TOT-none-none] instance_40_15_5_35 | 00:20:13 ... OPTIMUM  (24s wall)
[cfg5_TOT-none-none] instance_40_15_5_36 | 00:20:37 ... UNSATISFIABLE  (0s wall)
[cfg5_TOT-none-none] instance_40_15_5_37 | 00:20:37 ... UNSATISFIABLE  (1s wall)
[cfg5_TOT-none-none] instance_40_15_5_38 | 00:20:38 ... UNSATISFIABLE  (0s wall)
[cfg5_TOT-none-none] instance_40_15_5_39 | 00:20:38 ... OPTIMUM  (43s wall)
[cfg5_TOT-none-none] instance_40_15_5_4 | 00:21:21 ... OPTIMUM  (28s wall)
[cfg5_TOT-none-none] instance_40_15_5_40 | 00:21:49 ... OPTIMUM  (37s wall)
[cfg5_TOT-none-none] instance_40_15_5_41 | 00:22:26 ... OPTIMUM  (27s wall)
[cfg5_TOT-none-none] instance_40_15_5_42 | 00:22:53 ... OPTIMUM  (22s wall)
[cfg5_TOT-none-none] instance_40_15_5_43 | 00:23:15 ... OPTIMUM  (76s wall)
[cfg5_TOT-none-none] instance_40_15_5_44 | 00:24:31 ... UNSATISFIABLE  (1s wall)
[cfg5_TOT-none-none] instance_40_15_5_45 | 00:24:32 ... OPTIMUM  (77s wall)
[cfg5_TOT-none-none] instance_40_15_5_46 | 00:25:49 ... OPTIMUM  (40s wall)
[cfg5_TOT-none-none] instance_40_15_5_47 | 00:26:29 ... OPTIMUM  (32s wall)
[cfg5_TOT-none-none] instance_40_15_5_48 | 00:27:01 ... OPTIMUM  (45s wall)
[cfg5_TOT-none-none] instance_40_15_5_49 | 00:27:46 ... UNSATISFIABLE  (0s wall)
[cfg5_TOT-none-none] instance_40_15_5_5 | 00:27:46 ... UNSATISFIABLE  (0s wall)
[cfg5_TOT-none-none] instance_40_15_5_50 | 00:27:46 ... OPTIMUM  (54s wall)
[cfg5_TOT-none-none] instance_40_15_5_6 | 00:28:40 ... UNSATISFIABLE  (0s wall)
[cfg5_TOT-none-none] instance_40_15_5_7 | 00:28:40 ... OPTIMUM  (95s wall)
[cfg5_TOT-none-none] instance_40_15_5_8 | 00:30:15 ... OPTIMUM  (43s wall)
[cfg5_TOT-none-none] instance_40_15_5_9 | 00:30:58 ... TIMEOUT  (300s wall)
[cfg6_TOT-none-ss] instance_40_15_5_1 | 00:35:58 ... OPTIMUM  (135s wall)
[cfg6_TOT-none-ss] instance_40_15_5_10 | 00:38:13 ... OPTIMUM  (30s wall)
[cfg6_TOT-none-ss] instance_40_15_5_11 | 00:38:43 ... OPTIMUM  (48s wall)
[cfg6_TOT-none-ss] instance_40_15_5_12 | 00:39:31 ... OPTIMUM  (72s wall)
[cfg6_TOT-none-ss] instance_40_15_5_13 | 00:40:43 ... UNSATISFIABLE  (1s wall)
[cfg6_TOT-none-ss] instance_40_15_5_14 | 00:40:44 ... OPTIMUM  (67s wall)
[cfg6_TOT-none-ss] instance_40_15_5_15 | 00:41:51 ... OPTIMUM  (54s wall)
[cfg6_TOT-none-ss] instance_40_15_5_16 | 00:42:45 ... TIMEOUT  (300s wall)
[cfg6_TOT-none-ss] instance_40_15_5_17 | 00:47:45 ... TIMEOUT  (300s wall)
[cfg6_TOT-none-ss] instance_40_15_5_18 | 00:52:45 ... OPTIMUM  (41s wall)
[cfg6_TOT-none-ss] instance_40_15_5_19 | 00:53:26 ... UNSATISFIABLE  (0s wall)
[cfg6_TOT-none-ss] instance_40_15_5_2 | 00:53:26 ... OPTIMUM  (66s wall)
[cfg6_TOT-none-ss] instance_40_15_5_20 | 00:54:33 ... OPTIMUM  (51s wall)
[cfg6_TOT-none-ss] instance_40_15_5_21 | 00:55:23 ... OPTIMUM  (38s wall)
[cfg6_TOT-none-ss] instance_40_15_5_22 | 00:56:02 ... UNSATISFIABLE  (0s wall)
[cfg6_TOT-none-ss] instance_40_15_5_23 | 00:56:02 ... OPTIMUM  (26s wall)
[cfg6_TOT-none-ss] instance_40_15_5_24 | 00:56:28 ... OPTIMUM  (97s wall)
[cfg6_TOT-none-ss] instance_40_15_5_25 | 00:58:05 ... UNSATISFIABLE  (0s wall)
[cfg6_TOT-none-ss] instance_40_15_5_26 | 00:58:05 ... OPTIMUM  (65s wall)
[cfg6_TOT-none-ss] instance_40_15_5_27 | 00:59:10 ... OPTIMUM  (53s wall)
[cfg6_TOT-none-ss] instance_40_15_5_28 | 01:00:03 ... OPTIMUM  (29s wall)
[cfg6_TOT-none-ss] instance_40_15_5_29 | 01:00:32 ... UNSATISFIABLE  (1s wall)
[cfg6_TOT-none-ss] instance_40_15_5_3 | 01:00:33 ... OPTIMUM  (62s wall)
[cfg6_TOT-none-ss] instance_40_15_5_30 | 01:01:35 ... OPTIMUM  (41s wall)
[cfg6_TOT-none-ss] instance_40_15_5_31 | 01:02:16 ... OPTIMUM  (47s wall)
[cfg6_TOT-none-ss] instance_40_15_5_32 | 01:03:03 ... UNSATISFIABLE  (0s wall)
[cfg6_TOT-none-ss] instance_40_15_5_33 | 01:03:03 ... OPTIMUM  (118s wall)
[cfg6_TOT-none-ss] instance_40_15_5_34 | 01:05:01 ... OPTIMUM  (163s wall)
[cfg6_TOT-none-ss] instance_40_15_5_35 | 01:07:44 ... OPTIMUM  (64s wall)
[cfg6_TOT-none-ss] instance_40_15_5_36 | 01:08:48 ... UNSATISFIABLE  (0s wall)
[cfg6_TOT-none-ss] instance_40_15_5_37 | 01:08:48 ... UNSATISFIABLE  (0s wall)
[cfg6_TOT-none-ss] instance_40_15_5_38 | 01:08:48 ... UNSATISFIABLE  (1s wall)
[cfg6_TOT-none-ss] instance_40_15_5_39 | 01:08:49 ... OPTIMUM  (48s wall)
[cfg6_TOT-none-ss] instance_40_15_5_4 | 01:09:37 ... OPTIMUM  (26s wall)
[cfg6_TOT-none-ss] instance_40_15_5_40 | 01:10:03 ... OPTIMUM  (44s wall)
[cfg6_TOT-none-ss] instance_40_15_5_41 | 01:10:47 ... OPTIMUM  (26s wall)
[cfg6_TOT-none-ss] instance_40_15_5_42 | 01:11:13 ... OPTIMUM  (25s wall)
[cfg6_TOT-none-ss] instance_40_15_5_43 | 01:11:38 ... OPTIMUM  (59s wall)
[cfg6_TOT-none-ss] instance_40_15_5_44 | 01:12:37 ... UNSATISFIABLE  (1s wall)
[cfg6_TOT-none-ss] instance_40_15_5_45 | 01:12:38 ... OPTIMUM  (96s wall)
[cfg6_TOT-none-ss] instance_40_15_5_46 | 01:14:14 ... OPTIMUM  (37s wall)
[cfg6_TOT-none-ss] instance_40_15_5_47 | 01:14:51 ... OPTIMUM  (33s wall)
[cfg6_TOT-none-ss] instance_40_15_5_48 | 01:15:24 ... OPTIMUM  (46s wall)
[cfg6_TOT-none-ss] instance_40_15_5_49 | 01:16:10 ... UNSATISFIABLE  (0s wall)
[cfg6_TOT-none-ss] instance_40_15_5_5 | 01:16:10 ... UNSATISFIABLE  (1s wall)
[cfg6_TOT-none-ss] instance_40_15_5_50 | 01:16:11 ... OPTIMUM  (53s wall)
[cfg6_TOT-none-ss] instance_40_15_5_6 | 01:17:04 ... UNSATISFIABLE  (0s wall)
[cfg6_TOT-none-ss] instance_40_15_5_7 | 01:17:04 ... OPTIMUM  (203s wall)
[cfg6_TOT-none-ss] instance_40_15_5_8 | 01:20:27 ... OPTIMUM  (45s wall)
[cfg6_TOT-none-ss] instance_40_15_5_9 | 01:21:12 ... TIMEOUT  (300s wall)
[cfg7_TOT-both-none] instance_40_15_5_1 | 01:26:12 ... OPTIMUM  (141s wall)
[cfg7_TOT-both-none] instance_40_15_5_10 | 01:28:33 ... OPTIMUM  (36s wall)
[cfg7_TOT-both-none] instance_40_15_5_11 | 01:29:09 ... OPTIMUM  (74s wall)
[cfg7_TOT-both-none] instance_40_15_5_12 | 01:30:23 ... OPTIMUM  (87s wall)
[cfg7_TOT-both-none] instance_40_15_5_13 | 01:31:50 ... UNSATISFIABLE  (0s wall)
[cfg7_TOT-both-none] instance_40_15_5_14 | 01:31:50 ... OPTIMUM  (56s wall)
[cfg7_TOT-both-none] instance_40_15_5_15 | 01:32:46 ... OPTIMUM  (48s wall)
[cfg7_TOT-both-none] instance_40_15_5_16 | 01:33:34 ... TIMEOUT  (300s wall)
[cfg7_TOT-both-none] instance_40_15_5_17 | 01:38:34 ... TIMEOUT  (300s wall)
[cfg7_TOT-both-none] instance_40_15_5_18 | 01:43:34 ... OPTIMUM  (82s wall)
[cfg7_TOT-both-none] instance_40_15_5_19 | 01:44:56 ... UNSATISFIABLE  (0s wall)
[cfg7_TOT-both-none] instance_40_15_5_2 | 01:44:56 ... OPTIMUM  (70s wall)
[cfg7_TOT-both-none] instance_40_15_5_20 | 01:46:06 ... OPTIMUM  (49s wall)
[cfg7_TOT-both-none] instance_40_15_5_21 | 01:46:55 ... OPTIMUM  (57s wall)
[cfg7_TOT-both-none] instance_40_15_5_22 | 01:47:52 ... UNSATISFIABLE  (0s wall)
[cfg7_TOT-both-none] instance_40_15_5_23 | 01:47:52 ... OPTIMUM  (27s wall)
[cfg7_TOT-both-none] instance_40_15_5_24 | 01:48:20 ... OPTIMUM  (235s wall)
[cfg7_TOT-both-none] instance_40_15_5_25 | 01:52:15 ... UNSATISFIABLE  (0s wall)
[cfg7_TOT-both-none] instance_40_15_5_26 | 01:52:15 ... OPTIMUM  (51s wall)
[cfg7_TOT-both-none] instance_40_15_5_27 | 01:53:06 ... OPTIMUM  (49s wall)
[cfg7_TOT-both-none] instance_40_15_5_28 | 01:53:55 ... OPTIMUM  (25s wall)
[cfg7_TOT-both-none] instance_40_15_5_29 | 01:54:20 ... UNSATISFIABLE  (0s wall)
[cfg7_TOT-both-none] instance_40_15_5_3 | 01:54:20 ... OPTIMUM  (55s wall)
[cfg7_TOT-both-none] instance_40_15_5_30 | 01:55:15 ... OPTIMUM  (40s wall)
[cfg7_TOT-both-none] instance_40_15_5_31 | 01:55:55 ... OPTIMUM  (52s wall)
[cfg7_TOT-both-none] instance_40_15_5_32 | 01:56:47 ... UNSATISFIABLE  (0s wall)
[cfg7_TOT-both-none] instance_40_15_5_33 | 01:56:47 ... OPTIMUM  (110s wall)
[cfg7_TOT-both-none] instance_40_15_5_34 | 01:58:37 ... TIMEOUT  (300s wall)
[cfg7_TOT-both-none] instance_40_15_5_35 | 02:03:37 ... OPTIMUM  (54s wall)
[cfg7_TOT-both-none] instance_40_15_5_36 | 02:04:31 ... UNSATISFIABLE  (0s wall)
[cfg7_TOT-both-none] instance_40_15_5_37 | 02:04:31 ... UNSATISFIABLE  (1s wall)
[cfg7_TOT-both-none] instance_40_15_5_38 | 02:04:32 ... UNSATISFIABLE  (0s wall)
[cfg7_TOT-both-none] instance_40_15_5_39 | 02:04:32 ... OPTIMUM  (52s wall)
[cfg7_TOT-both-none] instance_40_15_5_4 | 02:05:24 ... OPTIMUM  (32s wall)
[cfg7_TOT-both-none] instance_40_15_5_40 | 02:05:56 ... OPTIMUM  (39s wall)
[cfg7_TOT-both-none] instance_40_15_5_41 | 02:06:35 ... OPTIMUM  (36s wall)
[cfg7_TOT-both-none] instance_40_15_5_42 | 02:07:11 ... OPTIMUM  (32s wall)
[cfg7_TOT-both-none] instance_40_15_5_43 | 02:07:43 ... OPTIMUM  (58s wall)
[cfg7_TOT-both-none] instance_40_15_5_44 | 02:08:41 ... UNSATISFIABLE  (1s wall)
[cfg7_TOT-both-none] instance_40_15_5_45 | 02:08:42 ... OPTIMUM  (90s wall)
[cfg7_TOT-both-none] instance_40_15_5_46 | 02:10:12 ... OPTIMUM  (30s wall)
[cfg7_TOT-both-none] instance_40_15_5_47 | 02:10:42 ... OPTIMUM  (51s wall)
[cfg7_TOT-both-none] instance_40_15_5_48 | 02:11:33 ... OPTIMUM  (47s wall)
[cfg7_TOT-both-none] instance_40_15_5_49 | 02:12:20 ... UNSATISFIABLE  (0s wall)
[cfg7_TOT-both-none] instance_40_15_5_5 | 02:12:20 ... UNSATISFIABLE  (0s wall)
[cfg7_TOT-both-none] instance_40_15_5_50 | 02:12:20 ... OPTIMUM  (60s wall)
[cfg7_TOT-both-none] instance_40_15_5_6 | 02:13:20 ... UNSATISFIABLE  (0s wall)
[cfg7_TOT-both-none] instance_40_15_5_7 | 02:13:21 ... OPTIMUM  (102s wall)
[cfg7_TOT-both-none] instance_40_15_5_8 | 02:15:03 ... OPTIMUM  (49s wall)
[cfg7_TOT-both-none] instance_40_15_5_9 | 02:15:52 ... TIMEOUT  (300s wall)
[cfg8_TOT-both-ss] instance_40_15_5_1 | 02:20:52 ... OPTIMUM  (135s wall)
[cfg8_TOT-both-ss] instance_40_15_5_10 | 02:23:07 ... OPTIMUM  (24s wall)
[cfg8_TOT-both-ss] instance_40_15_5_11 | 02:23:31 ... OPTIMUM  (61s wall)
[cfg8_TOT-both-ss] instance_40_15_5_12 | 02:24:32 ... OPTIMUM  (35s wall)
[cfg8_TOT-both-ss] instance_40_15_5_13 | 02:25:07 ... UNSATISFIABLE  (0s wall)
[cfg8_TOT-both-ss] instance_40_15_5_14 | 02:25:07 ... OPTIMUM  (65s wall)
[cfg8_TOT-both-ss] instance_40_15_5_15 | 02:26:12 ... OPTIMUM  (51s wall)
[cfg8_TOT-both-ss] instance_40_15_5_16 | 02:27:03 ... TIMEOUT  (300s wall)
[cfg8_TOT-both-ss] instance_40_15_5_17 | 02:32:03 ... TIMEOUT  (301s wall)
[cfg8_TOT-both-ss] instance_40_15_5_18 | 02:37:04 ... OPTIMUM  (64s wall)
[cfg8_TOT-both-ss] instance_40_15_5_19 | 02:38:09 ... UNSATISFIABLE  (0s wall)
[cfg8_TOT-both-ss] instance_40_15_5_2 | 02:38:09 ... OPTIMUM  (77s wall)
[cfg8_TOT-both-ss] instance_40_15_5_20 | 02:39:26 ... OPTIMUM  (56s wall)
[cfg8_TOT-both-ss] instance_40_15_5_21 | 02:40:22 ... OPTIMUM  (43s wall)
[cfg8_TOT-both-ss] instance_40_15_5_22 | 02:41:05 ... UNSATISFIABLE  (1s wall)
[cfg8_TOT-both-ss] instance_40_15_5_23 | 02:41:06 ... OPTIMUM  (26s wall)
[cfg8_TOT-both-ss] instance_40_15_5_24 | 02:41:33 ... OPTIMUM  (99s wall)
[cfg8_TOT-both-ss] instance_40_15_5_25 | 02:43:12 ... UNSATISFIABLE  (0s wall)
[cfg8_TOT-both-ss] instance_40_15_5_26 | 02:43:12 ... OPTIMUM  (54s wall)
[cfg8_TOT-both-ss] instance_40_15_5_27 | 02:44:06 ... OPTIMUM  (66s wall)
[cfg8_TOT-both-ss] instance_40_15_5_28 | 02:45:12 ... OPTIMUM  (20s wall)
[cfg8_TOT-both-ss] instance_40_15_5_29 | 02:45:32 ... UNSATISFIABLE  (0s wall)
[cfg8_TOT-both-ss] instance_40_15_5_3 | 02:45:32 ... OPTIMUM  (58s wall)
[cfg8_TOT-both-ss] instance_40_15_5_30 | 02:46:30 ... OPTIMUM  (52s wall)
[cfg8_TOT-both-ss] instance_40_15_5_31 | 02:47:22 ... OPTIMUM  (53s wall)
[cfg8_TOT-both-ss] instance_40_15_5_32 | 02:48:16 ... UNSATISFIABLE  (0s wall)
[cfg8_TOT-both-ss] instance_40_15_5_33 | 02:48:16 ... OPTIMUM  (120s wall)
[cfg8_TOT-both-ss] instance_40_15_5_34 | 02:50:16 ... TIMEOUT  (300s wall)
[cfg8_TOT-both-ss] instance_40_15_5_35 | 02:55:16 ... OPTIMUM  (27s wall)
[cfg8_TOT-both-ss] instance_40_15_5_36 | 02:55:43 ... UNSATISFIABLE  (0s wall)
[cfg8_TOT-both-ss] instance_40_15_5_37 | 02:55:44 ... UNSATISFIABLE  (0s wall)
[cfg8_TOT-both-ss] instance_40_15_5_38 | 02:55:44 ... UNSATISFIABLE  (0s wall)
[cfg8_TOT-both-ss] instance_40_15_5_39 | 02:55:44 ... OPTIMUM  (46s wall)
[cfg8_TOT-both-ss] instance_40_15_5_4 | 02:56:30 ... OPTIMUM  (31s wall)
[cfg8_TOT-both-ss] instance_40_15_5_40 | 02:57:01 ... OPTIMUM  (42s wall)
[cfg8_TOT-both-ss] instance_40_15_5_41 | 02:57:43 ... OPTIMUM  (34s wall)
[cfg8_TOT-both-ss] instance_40_15_5_42 | 02:58:17 ... OPTIMUM  (33s wall)
[cfg8_TOT-both-ss] instance_40_15_5_43 | 02:58:50 ... OPTIMUM  (46s wall)
[cfg8_TOT-both-ss] instance_40_15_5_44 | 02:59:36 ... UNSATISFIABLE  (1s wall)
[cfg8_TOT-both-ss] instance_40_15_5_45 | 02:59:37 ... OPTIMUM  (86s wall)
[cfg8_TOT-both-ss] instance_40_15_5_46 | 03:01:03 ... OPTIMUM  (44s wall)
[cfg8_TOT-both-ss] instance_40_15_5_47 | 03:01:47 ... OPTIMUM  (63s wall)
[cfg8_TOT-both-ss] instance_40_15_5_48 | 03:02:50 ... OPTIMUM  (47s wall)
[cfg8_TOT-both-ss] instance_40_15_5_49 | 03:03:37 ... UNSATISFIABLE  (0s wall)
[cfg8_TOT-both-ss] instance_40_15_5_5 | 03:03:37 ... UNSATISFIABLE  (0s wall)
[cfg8_TOT-both-ss] instance_40_15_5_50 | 03:03:37 ... OPTIMUM  (56s wall)
[cfg8_TOT-both-ss] instance_40_15_5_6 | 03:04:33 ... UNSATISFIABLE  (1s wall)
[cfg8_TOT-both-ss] instance_40_15_5_7 | 03:04:34 ... OPTIMUM  (107s wall)
[cfg8_TOT-both-ss] instance_40_15_5_8 | 03:06:21 ... OPTIMUM  (50s wall)
[cfg8_TOT-both-ss] instance_40_15_5_9 | 03:07:11 ... TIMEOUT  (301s wall)

=== HOÀN THÀNH CHẠY THỰC NGHIỆM ===
=== Chiến dịch Thực nghiệm 8 Cấu hình với EvalMaxSAT ===
Thư mục instance : instances/paperInstances/TXT_10-25_4-5_U30 instances/paperInstances/TXT_10-25_4-5_U40
Mẫu tên instance : instance_40_20_5_*.txt
Số bài kiểm thử  : 50 (trong một cấu hình)
Tổng lượt giải   : 400
Timeout/instance : 300s
Giới hạn/cấu hình: 3600s
--------------------------------------------------------
[cfg1_ORIGINAL] instance_40_20_5_1 | 04:29:38 ... TIMEOUT  (301s wall)
[cfg1_ORIGINAL] instance_40_20_5_10 | 04:34:39 ... OPTIMUM  (26s wall)
[cfg1_ORIGINAL] instance_40_20_5_11 | 04:35:06 ... OPTIMUM  (47s wall)
[cfg1_ORIGINAL] instance_40_20_5_12 | 04:35:53 ... OPTIMUM  (73s wall)
[cfg1_ORIGINAL] instance_40_20_5_13 | 04:37:06 ... OPTIMUM  (41s wall)
[cfg1_ORIGINAL] instance_40_20_5_14 | 04:37:47 ... OPTIMUM  (63s wall)
[cfg1_ORIGINAL] instance_40_20_5_15 | 04:38:50 ... OPTIMUM  (28s wall)
[cfg1_ORIGINAL] instance_40_20_5_16 | 04:39:18 ... OPTIMUM  (21s wall)
[cfg1_ORIGINAL] instance_40_20_5_17 | 04:39:39 ... OPTIMUM  (73s wall)
[cfg1_ORIGINAL] instance_40_20_5_18 | 04:40:52 ... OPTIMUM  (51s wall)
[cfg1_ORIGINAL] instance_40_20_5_19 | 04:41:44 ... OPTIMUM  (45s wall)
[cfg1_ORIGINAL] instance_40_20_5_2 | 04:42:29 ... OPTIMUM  (68s wall)
[cfg1_ORIGINAL] instance_40_20_5_20 | 04:43:37 ... OPTIMUM  (51s wall)
[cfg1_ORIGINAL] instance_40_20_5_21 | 04:44:28 ... OPTIMUM  (49s wall)
[cfg1_ORIGINAL] instance_40_20_5_22 | 04:45:17 ... OPTIMUM  (63s wall)
[cfg1_ORIGINAL] instance_40_20_5_23 | 04:46:20 ... OPTIMUM  (43s wall)
[cfg1_ORIGINAL] instance_40_20_5_24 | 04:47:03 ... OPTIMUM  (57s wall)
[cfg1_ORIGINAL] instance_40_20_5_25 | 04:48:00 ... OPTIMUM  (226s wall)
[cfg1_ORIGINAL] instance_40_20_5_26 | 04:51:46 ... OPTIMUM  (64s wall)
[cfg1_ORIGINAL] instance_40_20_5_27 | 04:52:50 ... OPTIMUM  (51s wall)
[cfg1_ORIGINAL] instance_40_20_5_28 | 04:53:41 ... OPTIMUM  (33s wall)
[cfg1_ORIGINAL] instance_40_20_5_29 | 04:54:14 ... OPTIMUM  (62s wall)
[cfg1_ORIGINAL] instance_40_20_5_3 | 04:55:16 ... OPTIMUM  (47s wall)
[cfg1_ORIGINAL] instance_40_20_5_30 | 04:56:03 ... OPTIMUM  (66s wall)
[cfg1_ORIGINAL] instance_40_20_5_31 | 04:57:09 ... OPTIMUM  (32s wall)
[cfg1_ORIGINAL] instance_40_20_5_32 | 04:57:41 ... UNSATISFIABLE  (0s wall)
[cfg1_ORIGINAL] instance_40_20_5_33 | 04:57:41 ... OPTIMUM  (74s wall)
[cfg1_ORIGINAL] instance_40_20_5_34 | 04:58:55 ... TIMEOUT  (300s wall)
[cfg1_ORIGINAL] instance_40_20_5_35 | 05:03:55 ... UNSATISFIABLE  (1s wall)
[cfg1_ORIGINAL] instance_40_20_5_36 | 05:03:56 ... OPTIMUM  (55s wall)
[cfg1_ORIGINAL] instance_40_20_5_37 | 05:04:52 ... OPTIMUM  (44s wall)
[cfg1_ORIGINAL] instance_40_20_5_38 | 05:05:36 ... OPTIMUM  (23s wall)
[cfg1_ORIGINAL] instance_40_20_5_39 | 05:05:59 ... OPTIMUM  (96s wall)
[cfg1_ORIGINAL] instance_40_20_5_4 | 05:07:35 ... OPTIMUM  (51s wall)
[cfg1_ORIGINAL] instance_40_20_5_40 | 05:08:26 ... OPTIMUM  (69s wall)
[cfg1_ORIGINAL] instance_40_20_5_41 | 05:09:35 ... OPTIMUM  (43s wall)
[cfg1_ORIGINAL] instance_40_20_5_42 | 05:10:18 ... OPTIMUM  (61s wall)
[cfg1_ORIGINAL] instance_40_20_5_43 | 05:11:19 ... OPTIMUM  (42s wall)
[cfg1_ORIGINAL] instance_40_20_5_44 | 05:12:01 ... OPTIMUM  (45s wall)
[cfg1_ORIGINAL] instance_40_20_5_45 | 05:12:46 ... TIMEOUT  (300s wall)
[cfg1_ORIGINAL] instance_40_20_5_46 | 05:17:46 ... OPTIMUM  (44s wall)
[cfg1_ORIGINAL] instance_40_20_5_47 | 05:18:30 ... OPTIMUM  (53s wall)
[cfg1_ORIGINAL] instance_40_20_5_48 | 05:19:23 ... OPTIMUM  (36s wall)
[cfg1_ORIGINAL] instance_40_20_5_49 | 05:19:59 ... OPTIMUM  (72s wall)
[cfg1_ORIGINAL] instance_40_20_5_5 | 05:21:11 ... UNSATISFIABLE  (32s wall)
[cfg1_ORIGINAL] instance_40_20_5_50 | 05:21:44 ... OPTIMUM  (42s wall)
[cfg1_ORIGINAL] instance_40_20_5_6 | 05:22:26 ... OPTIMUM  (56s wall)
[cfg1_ORIGINAL] instance_40_20_5_7 | 05:23:22 ... OPTIMUM  (9s wall)
[cfg1_ORIGINAL] instance_40_20_5_8 | 05:23:31 ... OPTIMUM  (59s wall)
[cfg1_ORIGINAL] instance_40_20_5_9 | 05:24:30 ... OPTIMUM  (51s wall)
[cfg2_SN-none-ss] instance_40_20_5_1 | 05:25:21 ... TIMEOUT  (300s wall)
[cfg2_SN-none-ss] instance_40_20_5_10 | 05:30:21 ... OPTIMUM  (25s wall)
[cfg2_SN-none-ss] instance_40_20_5_11 | 05:30:46 ... OPTIMUM  (38s wall)
[cfg2_SN-none-ss] instance_40_20_5_12 | 05:31:24 ... OPTIMUM  (67s wall)
[cfg2_SN-none-ss] instance_40_20_5_13 | 05:32:31 ... OPTIMUM  (45s wall)
[cfg2_SN-none-ss] instance_40_20_5_14 | 05:33:16 ... OPTIMUM  (62s wall)
[cfg2_SN-none-ss] instance_40_20_5_15 | 05:34:18 ... OPTIMUM  (29s wall)
[cfg2_SN-none-ss] instance_40_20_5_16 | 05:34:48 ... OPTIMUM  (22s wall)
[cfg2_SN-none-ss] instance_40_20_5_17 | 05:35:10 ... OPTIMUM  (68s wall)
[cfg2_SN-none-ss] instance_40_20_5_18 | 05:36:18 ... OPTIMUM  (49s wall)
[cfg2_SN-none-ss] instance_40_20_5_19 | 05:37:07 ... OPTIMUM  (43s wall)
[cfg2_SN-none-ss] instance_40_20_5_2 | 05:37:50 ... OPTIMUM  (66s wall)
[cfg2_SN-none-ss] instance_40_20_5_20 | 05:38:56 ... OPTIMUM  (47s wall)
[cfg2_SN-none-ss] instance_40_20_5_21 | 05:39:43 ... OPTIMUM  (42s wall)
[cfg2_SN-none-ss] instance_40_20_5_22 | 05:40:25 ... OPTIMUM  (54s wall)
[cfg2_SN-none-ss] instance_40_20_5_23 | 05:41:19 ... OPTIMUM  (52s wall)
[cfg2_SN-none-ss] instance_40_20_5_24 | 05:42:11 ... OPTIMUM  (61s wall)
[cfg2_SN-none-ss] instance_40_20_5_25 | 05:43:12 ... TIMEOUT  (300s wall)
[cfg2_SN-none-ss] instance_40_20_5_26 | 05:48:12 ... OPTIMUM  (62s wall)
[cfg2_SN-none-ss] instance_40_20_5_27 | 05:49:14 ... OPTIMUM  (50s wall)
[cfg2_SN-none-ss] instance_40_20_5_28 | 05:50:04 ... OPTIMUM  (31s wall)
[cfg2_SN-none-ss] instance_40_20_5_29 | 05:50:35 ... OPTIMUM  (57s wall)
[cfg2_SN-none-ss] instance_40_20_5_3 | 05:51:32 ... OPTIMUM  (62s wall)
[cfg2_SN-none-ss] instance_40_20_5_30 | 05:52:34 ... OPTIMUM  (54s wall)
[cfg2_SN-none-ss] instance_40_20_5_31 | 05:53:28 ... OPTIMUM  (28s wall)
[cfg2_SN-none-ss] instance_40_20_5_32 | 05:53:56 ... UNSATISFIABLE  (0s wall)
[cfg2_SN-none-ss] instance_40_20_5_33 | 05:53:56 ... OPTIMUM  (71s wall)
[cfg2_SN-none-ss] instance_40_20_5_34 | 05:55:07 ... TIMEOUT  (301s wall)
[cfg2_SN-none-ss] instance_40_20_5_35 | 06:00:08 ... UNSATISFIABLE  (0s wall)
[cfg2_SN-none-ss] instance_40_20_5_36 | 06:00:08 ... OPTIMUM  (58s wall)
[cfg2_SN-none-ss] instance_40_20_5_37 | 06:01:06 ... OPTIMUM  (52s wall)
[cfg2_SN-none-ss] instance_40_20_5_38 | 06:01:58 ... OPTIMUM  (23s wall)
[cfg2_SN-none-ss] instance_40_20_5_39 | 06:02:21 ... OPTIMUM  (44s wall)
[cfg2_SN-none-ss] instance_40_20_5_4 | 06:03:05 ... OPTIMUM  (51s wall)
[cfg2_SN-none-ss] instance_40_20_5_40 | 06:03:56 ... OPTIMUM  (68s wall)
[cfg2_SN-none-ss] instance_40_20_5_41 | 06:05:04 ... OPTIMUM  (40s wall)
[cfg2_SN-none-ss] instance_40_20_5_42 | 06:05:44 ... OPTIMUM  (67s wall)
[cfg2_SN-none-ss] instance_40_20_5_43 | 06:06:51 ... OPTIMUM  (38s wall)
[cfg2_SN-none-ss] instance_40_20_5_44 | 06:07:29 ... OPTIMUM  (57s wall)
[cfg2_SN-none-ss] instance_40_20_5_45 | 06:08:26 ... TIMEOUT  (300s wall)
[cfg2_SN-none-ss] instance_40_20_5_46 | 06:13:26 ... OPTIMUM  (42s wall)
[cfg2_SN-none-ss] instance_40_20_5_47 | 06:14:08 ... OPTIMUM  (54s wall)
[cfg2_SN-none-ss] instance_40_20_5_48 | 06:15:02 ... OPTIMUM  (33s wall)
[cfg2_SN-none-ss] instance_40_20_5_49 | 06:15:35 ... OPTIMUM  (86s wall)
[cfg2_SN-none-ss] instance_40_20_5_5 | 06:17:01 ... UNSATISFIABLE  (22s wall)
[cfg2_SN-none-ss] instance_40_20_5_50 | 06:17:23 ... OPTIMUM  (50s wall)
[cfg2_SN-none-ss] instance_40_20_5_6 | 06:18:13 ... OPTIMUM  (63s wall)
[cfg2_SN-none-ss] instance_40_20_5_7 | 06:19:16 ... OPTIMUM  (11s wall)
[cfg2_SN-none-ss] instance_40_20_5_8 | 06:19:27 ... OPTIMUM  (46s wall)
[cfg2_SN-none-ss] instance_40_20_5_9 | 06:20:13 ... OPTIMUM  (49s wall)
[cfg3_SN-both-none] instance_40_20_5_1 | 06:21:02 ... TIMEOUT  (300s wall)
[cfg3_SN-both-none] instance_40_20_5_10 | 06:26:02 ... OPTIMUM  (26s wall)
[cfg3_SN-both-none] instance_40_20_5_11 | 06:26:28 ... OPTIMUM  (41s wall)
[cfg3_SN-both-none] instance_40_20_5_12 | 06:27:09 ... OPTIMUM  (82s wall)
[cfg3_SN-both-none] instance_40_20_5_13 | 06:28:31 ... OPTIMUM  (54s wall)
[cfg3_SN-both-none] instance_40_20_5_14 | 06:29:25 ... OPTIMUM  (93s wall)
[cfg3_SN-both-none] instance_40_20_5_15 | 06:30:58 ... OPTIMUM  (30s wall)
[cfg3_SN-both-none] instance_40_20_5_16 | 06:31:28 ... OPTIMUM  (32s wall)
[cfg3_SN-both-none] instance_40_20_5_17 | 06:32:00 ... OPTIMUM  (71s wall)
[cfg3_SN-both-none] instance_40_20_5_18 | 06:33:11 ... OPTIMUM  (56s wall)
[cfg3_SN-both-none] instance_40_20_5_19 | 06:34:07 ... OPTIMUM  (49s wall)
[cfg3_SN-both-none] instance_40_20_5_2 | 06:34:56 ... OPTIMUM  (67s wall)
[cfg3_SN-both-none] instance_40_20_5_20 | 06:36:03 ... OPTIMUM  (67s wall)
[cfg3_SN-both-none] instance_40_20_5_21 | 06:37:10 ... OPTIMUM  (49s wall)
[cfg3_SN-both-none] instance_40_20_5_22 | 06:38:00 ... OPTIMUM  (55s wall)
[cfg3_SN-both-none] instance_40_20_5_23 | 06:38:55 ... OPTIMUM  (51s wall)
[cfg3_SN-both-none] instance_40_20_5_24 | 06:39:46 ... OPTIMUM  (61s wall)
[cfg3_SN-both-none] instance_40_20_5_25 | 06:40:47 ... OPTIMUM  (291s wall)
[cfg3_SN-both-none] instance_40_20_5_26 | 06:45:38 ... OPTIMUM  (75s wall)
[cfg3_SN-both-none] instance_40_20_5_27 | 06:46:53 ... OPTIMUM  (54s wall)
[cfg3_SN-both-none] instance_40_20_5_28 | 06:47:47 ... OPTIMUM  (28s wall)
[cfg3_SN-both-none] instance_40_20_5_29 | 06:48:15 ... OPTIMUM  (66s wall)
[cfg3_SN-both-none] instance_40_20_5_3 | 06:49:21 ... OPTIMUM  (55s wall)
[cfg3_SN-both-none] instance_40_20_5_30 | 06:50:16 ... OPTIMUM  (68s wall)
[cfg3_SN-both-none] instance_40_20_5_31 | 06:51:24 ... OPTIMUM  (31s wall)
[cfg3_SN-both-none] instance_40_20_5_32 | 06:51:55 ... UNSATISFIABLE  (0s wall)
[cfg3_SN-both-none] instance_40_20_5_33 | 06:51:55 ... OPTIMUM  (73s wall)
[cfg3_SN-both-none] instance_40_20_5_34 | 06:53:08 ... TIMEOUT  (300s wall)
[cfg3_SN-both-none] instance_40_20_5_35 | 06:58:08 ... UNSATISFIABLE  (1s wall)
[cfg3_SN-both-none] instance_40_20_5_36 | 06:58:09 ... OPTIMUM  (66s wall)
[cfg3_SN-both-none] instance_40_20_5_37 | 06:59:15 ... OPTIMUM  (86s wall)
[cfg3_SN-both-none] instance_40_20_5_38 | 07:00:41 ... OPTIMUM  (39s wall)
[cfg3_SN-both-none] instance_40_20_5_39 | 07:01:20 ... OPTIMUM  (65s wall)
[cfg3_SN-both-none] instance_40_20_5_4 | 07:02:25 ... OPTIMUM  (52s wall)
[cfg3_SN-both-none] instance_40_20_5_40 | 07:03:17 ... OPTIMUM  (85s wall)
[cfg3_SN-both-none] instance_40_20_5_41 | 07:04:43 ... OPTIMUM  (45s wall)
[cfg3_SN-both-none] instance_40_20_5_42 | 07:05:28 ... OPTIMUM  (64s wall)
[cfg3_SN-both-none] instance_40_20_5_43 | 07:06:33 ... OPTIMUM  (47s wall)
[cfg3_SN-both-none] instance_40_20_5_44 | 07:07:20 ... OPTIMUM  (61s wall)
[cfg3_SN-both-none] instance_40_20_5_45 | 07:08:21 ... TIMEOUT  (300s wall)
[cfg3_SN-both-none] instance_40_20_5_46 | 07:13:21 ... OPTIMUM  (50s wall)
[cfg3_SN-both-none] instance_40_20_5_47 | 07:14:11 ... OPTIMUM  (56s wall)
[cfg3_SN-both-none] instance_40_20_5_48 | 07:15:07 ... OPTIMUM  (44s wall)
[cfg3_SN-both-none] instance_40_20_5_49 | 07:15:51 ... OPTIMUM  (104s wall)
[cfg3_SN-both-none] instance_40_20_5_5 | 07:17:35 ... UNSATISFIABLE  (2s wall)
[cfg3_SN-both-none] instance_40_20_5_50 | 07:17:37 ... OPTIMUM  (54s wall)
[cfg3_SN-both-none] instance_40_20_5_6 | 07:18:31 ... OPTIMUM  (116s wall)
[cfg3_SN-both-none] instance_40_20_5_7 | 07:20:27 ... OPTIMUM  (10s wall)
[cfg3_SN-both-none] instance_40_20_5_8 | 07:20:37 ... OPTIMUM  (79s wall)

[STOP] Cấu hình cfg3_SN-both-none đã vượt giới hạn thời gian (3600 giây). Chuyển sang cấu hình tiếp theo.
[cfg4_SN-both-ss] instance_40_20_5_1 | 07:21:56 ... TIMEOUT  (300s wall)
[cfg4_SN-both-ss] instance_40_20_5_10 | 07:26:56 ... OPTIMUM  (28s wall)
[cfg4_SN-both-ss] instance_40_20_5_11 | 07:27:24 ... OPTIMUM  (41s wall)
[cfg4_SN-both-ss] instance_40_20_5_12 | 07:28:05 ... OPTIMUM  (76s wall)
[cfg4_SN-both-ss] instance_40_20_5_13 | 07:29:21 ... OPTIMUM  (70s wall)
[cfg4_SN-both-ss] instance_40_20_5_14 | 07:30:31 ... OPTIMUM  (86s wall)
[cfg4_SN-both-ss] instance_40_20_5_15 | 07:31:57 ... OPTIMUM  (31s wall)
[cfg4_SN-both-ss] instance_40_20_5_16 | 07:32:28 ... OPTIMUM  (31s wall)
[cfg4_SN-both-ss] instance_40_20_5_17 | 07:32:59 ... OPTIMUM  (70s wall)
[cfg4_SN-both-ss] instance_40_20_5_18 | 07:34:09 ... OPTIMUM  (55s wall)
[cfg4_SN-both-ss] instance_40_20_5_19 | 07:35:04 ... OPTIMUM  (49s wall)
[cfg4_SN-both-ss] instance_40_20_5_2 | 07:35:53 ... OPTIMUM  (65s wall)
[cfg4_SN-both-ss] instance_40_20_5_20 | 07:36:58 ... OPTIMUM  (63s wall)
[cfg4_SN-both-ss] instance_40_20_5_21 | 07:38:01 ... OPTIMUM  (55s wall)
[cfg4_SN-both-ss] instance_40_20_5_22 | 07:38:56 ... OPTIMUM  (55s wall)
[cfg4_SN-both-ss] instance_40_20_5_23 | 07:39:51 ... OPTIMUM  (44s wall)
[cfg4_SN-both-ss] instance_40_20_5_24 | 07:40:35 ... OPTIMUM  (73s wall)
[cfg4_SN-both-ss] instance_40_20_5_25 | 07:41:48 ... TIMEOUT  (300s wall)
[cfg4_SN-both-ss] instance_40_20_5_26 | 07:46:48 ... OPTIMUM  (74s wall)
[cfg4_SN-both-ss] instance_40_20_5_27 | 07:48:02 ... OPTIMUM  (55s wall)
[cfg4_SN-both-ss] instance_40_20_5_28 | 07:48:57 ... OPTIMUM  (37s wall)
[cfg4_SN-both-ss] instance_40_20_5_29 | 07:49:34 ... OPTIMUM  (70s wall)
[cfg4_SN-both-ss] instance_40_20_5_3 | 07:50:44 ... OPTIMUM  (73s wall)
[cfg4_SN-both-ss] instance_40_20_5_30 | 07:51:57 ... OPTIMUM  (58s wall)
[cfg4_SN-both-ss] instance_40_20_5_31 | 07:52:55 ... OPTIMUM  (34s wall)
[cfg4_SN-both-ss] instance_40_20_5_32 | 07:53:29 ... UNSATISFIABLE  (0s wall)
[cfg4_SN-both-ss] instance_40_20_5_33 | 07:53:29 ... OPTIMUM  (74s wall)
[cfg4_SN-both-ss] instance_40_20_5_34 | 07:54:43 ... TIMEOUT  (300s wall)
[cfg4_SN-both-ss] instance_40_20_5_35 | 07:59:43 ... UNSATISFIABLE  (1s wall)
[cfg4_SN-both-ss] instance_40_20_5_36 | 07:59:44 ... OPTIMUM  (71s wall)
[cfg4_SN-both-ss] instance_40_20_5_37 | 08:00:55 ... OPTIMUM  (53s wall)
[cfg4_SN-both-ss] instance_40_20_5_38 | 08:01:48 ... OPTIMUM  (42s wall)
[cfg4_SN-both-ss] instance_40_20_5_39 | 08:02:30 ... OPTIMUM  (48s wall)
[cfg4_SN-both-ss] instance_40_20_5_4 | 08:03:18 ... OPTIMUM  (58s wall)
[cfg4_SN-both-ss] instance_40_20_5_40 | 08:04:16 ... OPTIMUM  (79s wall)
[cfg4_SN-both-ss] instance_40_20_5_41 | 08:05:35 ... OPTIMUM  (52s wall)
[cfg4_SN-both-ss] instance_40_20_5_42 | 08:06:27 ... OPTIMUM  (70s wall)
[cfg4_SN-both-ss] instance_40_20_5_43 | 08:07:37 ... OPTIMUM  (49s wall)
[cfg4_SN-both-ss] instance_40_20_5_44 | 08:08:26 ... OPTIMUM  (55s wall)
[cfg4_SN-both-ss] instance_40_20_5_45 | 08:09:21 ... TIMEOUT  (300s wall)
[cfg4_SN-both-ss] instance_40_20_5_46 | 08:14:21 ... OPTIMUM  (43s wall)
[cfg4_SN-both-ss] instance_40_20_5_47 | 08:15:05 ... OPTIMUM  (55s wall)
[cfg4_SN-both-ss] instance_40_20_5_48 | 08:16:00 ... OPTIMUM  (41s wall)
[cfg4_SN-both-ss] instance_40_20_5_49 | 08:16:41 ... OPTIMUM  (80s wall)
[cfg4_SN-both-ss] instance_40_20_5_5 | 08:18:01 ... UNSATISFIABLE  (2s wall)
[cfg4_SN-both-ss] instance_40_20_5_50 | 08:18:03 ... OPTIMUM  (43s wall)
[cfg4_SN-both-ss] instance_40_20_5_6 | 08:18:46 ... OPTIMUM  (59s wall)
[cfg4_SN-both-ss] instance_40_20_5_7 | 08:19:45 ... OPTIMUM  (9s wall)
[cfg4_SN-both-ss] instance_40_20_5_8 | 08:19:54 ... OPTIMUM  (69s wall)
[cfg4_SN-both-ss] instance_40_20_5_9 | 08:21:03 ... OPTIMUM  (63s wall)
[cfg5_TOT-none-none] instance_40_20_5_1 | 08:22:06 ... TIMEOUT  (300s wall)
[cfg5_TOT-none-none] instance_40_20_5_10 | 08:27:06 ... OPTIMUM  (22s wall)
[cfg5_TOT-none-none] instance_40_20_5_11 | 08:27:28 ... OPTIMUM  (30s wall)
[cfg5_TOT-none-none] instance_40_20_5_12 | 08:27:58 ... OPTIMUM  (77s wall)
[cfg5_TOT-none-none] instance_40_20_5_13 | 08:29:16 ... OPTIMUM  (40s wall)
[cfg5_TOT-none-none] instance_40_20_5_14 | 08:29:56 ... OPTIMUM  (50s wall)
[cfg5_TOT-none-none] instance_40_20_5_15 | 08:30:46 ... OPTIMUM  (24s wall)
[cfg5_TOT-none-none] instance_40_20_5_16 | 08:31:10 ... OPTIMUM  (27s wall)
[cfg5_TOT-none-none] instance_40_20_5_17 | 08:31:37 ... OPTIMUM  (70s wall)
[cfg5_TOT-none-none] instance_40_20_5_18 | 08:32:47 ... OPTIMUM  (47s wall)
[cfg5_TOT-none-none] instance_40_20_5_19 | 08:33:34 ... OPTIMUM  (39s wall)
[cfg5_TOT-none-none] instance_40_20_5_2 | 08:34:13 ... OPTIMUM  (53s wall)
[cfg5_TOT-none-none] instance_40_20_5_20 | 08:35:06 ... OPTIMUM  (41s wall)
[cfg5_TOT-none-none] instance_40_20_5_21 | 08:35:47 ... OPTIMUM  (35s wall)
[cfg5_TOT-none-none] instance_40_20_5_22 | 08:36:22 ... OPTIMUM  (78s wall)
[cfg5_TOT-none-none] instance_40_20_5_23 | 08:37:40 ... OPTIMUM  (37s wall)
[cfg5_TOT-none-none] instance_40_20_5_24 | 08:38:17 ... OPTIMUM  (51s wall)
[cfg5_TOT-none-none] instance_40_20_5_25 | 08:39:08 ... OPTIMUM  (279s wall)
[cfg5_TOT-none-none] instance_40_20_5_26 | 08:43:47 ... OPTIMUM  (63s wall)
[cfg5_TOT-none-none] instance_40_20_5_27 | 08:44:50 ... OPTIMUM  (52s wall)
[cfg5_TOT-none-none] instance_40_20_5_28 | 08:45:42 ... OPTIMUM  (29s wall)
[cfg5_TOT-none-none] instance_40_20_5_29 | 08:46:11 ... OPTIMUM  (53s wall)
[cfg5_TOT-none-none] instance_40_20_5_3 | 08:47:04 ... OPTIMUM  (57s wall)
[cfg5_TOT-none-none] instance_40_20_5_30 | 08:48:01 ... OPTIMUM  (49s wall)
[cfg5_TOT-none-none] instance_40_20_5_31 | 08:48:50 ... OPTIMUM  (29s wall)
[cfg5_TOT-none-none] instance_40_20_5_32 | 08:49:19 ... UNSATISFIABLE  (1s wall)
[cfg5_TOT-none-none] instance_40_20_5_33 | 08:49:20 ... OPTIMUM  (68s wall)
[cfg5_TOT-none-none] instance_40_20_5_34 | 08:50:28 ... TIMEOUT  (300s wall)
[cfg5_TOT-none-none] instance_40_20_5_35 | 08:55:28 ... UNSATISFIABLE  (1s wall)
[cfg5_TOT-none-none] instance_40_20_5_36 | 08:55:29 ... OPTIMUM  (50s wall)
[cfg5_TOT-none-none] instance_40_20_5_37 | 08:56:20 ... OPTIMUM  (48s wall)
[cfg5_TOT-none-none] instance_40_20_5_38 | 08:57:08 ... OPTIMUM  (17s wall)
[cfg5_TOT-none-none] instance_40_20_5_39 | 08:57:25 ... OPTIMUM  (43s wall)
[cfg5_TOT-none-none] instance_40_20_5_4 | 08:58:08 ... OPTIMUM  (42s wall)
[cfg5_TOT-none-none] instance_40_20_5_40 | 08:58:50 ... OPTIMUM  (92s wall)
[cfg5_TOT-none-none] instance_40_20_5_41 | 09:00:22 ... OPTIMUM  (34s wall)
[cfg5_TOT-none-none] instance_40_20_5_42 | 09:00:56 ... OPTIMUM  (53s wall)
[cfg5_TOT-none-none] instance_40_20_5_43 | 09:01:49 ... OPTIMUM  (29s wall)
[cfg5_TOT-none-none] instance_40_20_5_44 | 09:02:18 ... OPTIMUM  (48s wall)
[cfg5_TOT-none-none] instance_40_20_5_45 | 09:03:06 ... TIMEOUT  (300s wall)
[cfg5_TOT-none-none] instance_40_20_5_46 | 09:08:06 ... OPTIMUM  (35s wall)
[cfg5_TOT-none-none] instance_40_20_5_47 | 09:08:41 ... OPTIMUM  (55s wall)
[cfg5_TOT-none-none] instance_40_20_5_48 | 09:09:36 ... OPTIMUM  (30s wall)
[cfg5_TOT-none-none] instance_40_20_5_49 | 09:10:06 ... OPTIMUM  (104s wall)
[cfg5_TOT-none-none] instance_40_20_5_5 | 09:11:50 ... UNSATISFIABLE  (18s wall)
[cfg5_TOT-none-none] instance_40_20_5_50 | 09:12:08 ... OPTIMUM  (48s wall)
[cfg5_TOT-none-none] instance_40_20_5_6 | 09:12:56 ... OPTIMUM  (56s wall)
[cfg5_TOT-none-none] instance_40_20_5_7 | 09:13:52 ... OPTIMUM  (8s wall)
[cfg5_TOT-none-none] instance_40_20_5_8 | 09:14:00 ... OPTIMUM  (50s wall)
[cfg5_TOT-none-none] instance_40_20_5_9 | 09:14:50 ... OPTIMUM  (53s wall)
[cfg6_TOT-none-ss] instance_40_20_5_1 | 09:15:43 ... TIMEOUT  (300s wall)
[cfg6_TOT-none-ss] instance_40_20_5_10 | 09:20:43 ... OPTIMUM  (24s wall)
[cfg6_TOT-none-ss] instance_40_20_5_11 | 09:21:07 ... OPTIMUM  (33s wall)
[cfg6_TOT-none-ss] instance_40_20_5_12 | 09:21:40 ... OPTIMUM  (70s wall)
[cfg6_TOT-none-ss] instance_40_20_5_13 | 09:22:50 ... OPTIMUM  (48s wall)
[cfg6_TOT-none-ss] instance_40_20_5_14 | 09:23:38 ... OPTIMUM  (56s wall)
[cfg6_TOT-none-ss] instance_40_20_5_15 | 09:24:34 ... OPTIMUM  (23s wall)
[cfg6_TOT-none-ss] instance_40_20_5_16 | 09:24:57 ... OPTIMUM  (26s wall)
[cfg6_TOT-none-ss] instance_40_20_5_17 | 09:25:23 ... OPTIMUM  (62s wall)
[cfg6_TOT-none-ss] instance_40_20_5_18 | 09:26:25 ... OPTIMUM  (47s wall)
[cfg6_TOT-none-ss] instance_40_20_5_19 | 09:27:12 ... OPTIMUM  (39s wall)
[cfg6_TOT-none-ss] instance_40_20_5_2 | 09:27:52 ... OPTIMUM  (49s wall)
[cfg6_TOT-none-ss] instance_40_20_5_20 | 09:28:41 ... OPTIMUM  (41s wall)
[cfg6_TOT-none-ss] instance_40_20_5_21 | 09:29:22 ... OPTIMUM  (38s wall)
[cfg6_TOT-none-ss] instance_40_20_5_22 | 09:30:00 ... OPTIMUM  (118s wall)
[cfg6_TOT-none-ss] instance_40_20_5_23 | 09:31:58 ... OPTIMUM  (35s wall)
[cfg6_TOT-none-ss] instance_40_20_5_24 | 09:32:33 ... OPTIMUM  (47s wall)
[cfg6_TOT-none-ss] instance_40_20_5_25 | 09:33:20 ... TIMEOUT  (300s wall)
[cfg6_TOT-none-ss] instance_40_20_5_26 | 09:38:20 ... OPTIMUM  (67s wall)
[cfg6_TOT-none-ss] instance_40_20_5_27 | 09:39:27 ... OPTIMUM  (48s wall)
[cfg6_TOT-none-ss] instance_40_20_5_28 | 09:40:15 ... OPTIMUM  (25s wall)
[cfg6_TOT-none-ss] instance_40_20_5_29 | 09:40:40 ... OPTIMUM  (54s wall)
[cfg6_TOT-none-ss] instance_40_20_5_3 | 09:41:34 ... OPTIMUM  (56s wall)
[cfg6_TOT-none-ss] instance_40_20_5_30 | 09:42:30 ... OPTIMUM  (56s wall)
[cfg6_TOT-none-ss] instance_40_20_5_31 | 09:43:26 ... OPTIMUM  (22s wall)
[cfg6_TOT-none-ss] instance_40_20_5_32 | 09:43:48 ... UNSATISFIABLE  (1s wall)
[cfg6_TOT-none-ss] instance_40_20_5_33 | 09:43:49 ... OPTIMUM  (67s wall)
[cfg6_TOT-none-ss] instance_40_20_5_34 | 09:44:56 ... OPTIMUM  (255s wall)
[cfg6_TOT-none-ss] instance_40_20_5_35 | 09:49:11 ... UNSATISFIABLE  (0s wall)
[cfg6_TOT-none-ss] instance_40_20_5_36 | 09:49:11 ... OPTIMUM  (57s wall)
[cfg6_TOT-none-ss] instance_40_20_5_37 | 09:50:08 ... OPTIMUM  (51s wall)
[cfg6_TOT-none-ss] instance_40_20_5_38 | 09:50:59 ... OPTIMUM  (17s wall)
[cfg6_TOT-none-ss] instance_40_20_5_39 | 09:51:16 ... OPTIMUM  (111s wall)
[cfg6_TOT-none-ss] instance_40_20_5_4 | 09:53:07 ... OPTIMUM  (49s wall)
[cfg6_TOT-none-ss] instance_40_20_5_40 | 09:53:56 ... OPTIMUM  (72s wall)
[cfg6_TOT-none-ss] instance_40_20_5_41 | 09:55:08 ... OPTIMUM  (36s wall)
[cfg6_TOT-none-ss] instance_40_20_5_42 | 09:55:44 ... OPTIMUM  (45s wall)
[cfg6_TOT-none-ss] instance_40_20_5_43 | 09:56:29 ... OPTIMUM  (33s wall)
[cfg6_TOT-none-ss] instance_40_20_5_44 | 09:57:02 ... OPTIMUM  (43s wall)
[cfg6_TOT-none-ss] instance_40_20_5_45 | 09:57:45 ... TIMEOUT  (300s wall)
[cfg6_TOT-none-ss] instance_40_20_5_46 | 10:02:45 ... OPTIMUM  (40s wall)
[cfg6_TOT-none-ss] instance_40_20_5_47 | 10:03:25 ... OPTIMUM  (53s wall)
[cfg6_TOT-none-ss] instance_40_20_5_48 | 10:04:18 ... OPTIMUM  (30s wall)
[cfg6_TOT-none-ss] instance_40_20_5_49 | 10:04:48 ... OPTIMUM  (57s wall)
[cfg6_TOT-none-ss] instance_40_20_5_5 | 10:05:45 ... UNSATISFIABLE  (17s wall)
[cfg6_TOT-none-ss] instance_40_20_5_50 | 10:06:02 ... OPTIMUM  (43s wall)
[cfg6_TOT-none-ss] instance_40_20_5_6 | 10:06:45 ... OPTIMUM  (46s wall)
[cfg6_TOT-none-ss] instance_40_20_5_7 | 10:07:31 ... OPTIMUM  (7s wall)
[cfg6_TOT-none-ss] instance_40_20_5_8 | 10:07:38 ... OPTIMUM  (55s wall)
[cfg6_TOT-none-ss] instance_40_20_5_9 | 10:08:33 ... OPTIMUM  (51s wall)
[cfg7_TOT-both-none] instance_40_20_5_1 | 10:09:24 ... TIMEOUT  (300s wall)
[cfg7_TOT-both-none] instance_40_20_5_10 | 10:14:24 ... OPTIMUM  (24s wall)
[cfg7_TOT-both-none] instance_40_20_5_11 | 10:14:48 ... OPTIMUM  (40s wall)
[cfg7_TOT-both-none] instance_40_20_5_12 | 10:15:28 ... OPTIMUM  (78s wall)
[cfg7_TOT-both-none] instance_40_20_5_13 | 10:16:46 ... OPTIMUM  (61s wall)
[cfg7_TOT-both-none] instance_40_20_5_14 | 10:17:47 ... OPTIMUM  (119s wall)
[cfg7_TOT-both-none] instance_40_20_5_15 | 10:19:46 ... OPTIMUM  (23s wall)
[cfg7_TOT-both-none] instance_40_20_5_16 | 10:20:09 ... OPTIMUM  (36s wall)
[cfg7_TOT-both-none] instance_40_20_5_17 | 10:20:45 ... OPTIMUM  (69s wall)
[cfg7_TOT-both-none] instance_40_20_5_18 | 10:21:54 ... OPTIMUM  (48s wall)
[cfg7_TOT-both-none] instance_40_20_5_19 | 10:22:42 ... OPTIMUM  (48s wall)
[cfg7_TOT-both-none] instance_40_20_5_2 | 10:23:30 ... OPTIMUM  (58s wall)
[cfg7_TOT-both-none] instance_40_20_5_20 | 10:24:28 ... OPTIMUM  (54s wall)
[cfg7_TOT-both-none] instance_40_20_5_21 | 10:25:22 ... OPTIMUM  (40s wall)
[cfg7_TOT-both-none] instance_40_20_5_22 | 10:26:02 ... OPTIMUM  (76s wall)
[cfg7_TOT-both-none] instance_40_20_5_23 | 10:27:18 ... OPTIMUM  (72s wall)
[cfg7_TOT-both-none] instance_40_20_5_24 | 10:28:30 ... OPTIMUM  (58s wall)
[cfg7_TOT-both-none] instance_40_20_5_25 | 10:29:28 ... OPTIMUM  (192s wall)
[cfg7_TOT-both-none] instance_40_20_5_26 | 10:32:40 ... OPTIMUM  (55s wall)
[cfg7_TOT-both-none] instance_40_20_5_27 | 10:33:35 ... OPTIMUM  (49s wall)
[cfg7_TOT-both-none] instance_40_20_5_28 | 10:34:24 ... OPTIMUM  (25s wall)
[cfg7_TOT-both-none] instance_40_20_5_29 | 10:34:49 ... OPTIMUM  (56s wall)
[cfg7_TOT-both-none] instance_40_20_5_3 | 10:35:45 ... OPTIMUM  (49s wall)
[cfg7_TOT-both-none] instance_40_20_5_30 | 10:36:34 ... OPTIMUM  (58s wall)
[cfg7_TOT-both-none] instance_40_20_5_31 | 10:37:32 ... OPTIMUM  (25s wall)
[cfg7_TOT-both-none] instance_40_20_5_32 | 10:37:57 ... UNSATISFIABLE  (1s wall)
[cfg7_TOT-both-none] instance_40_20_5_33 | 10:37:58 ... OPTIMUM  (64s wall)
[cfg7_TOT-both-none] instance_40_20_5_34 | 10:39:02 ... TIMEOUT  (300s wall)
[cfg7_TOT-both-none] instance_40_20_5_35 | 10:44:02 ... UNSATISFIABLE  (1s wall)
[cfg7_TOT-both-none] instance_40_20_5_36 | 10:44:03 ... OPTIMUM  (63s wall)
[cfg7_TOT-both-none] instance_40_20_5_37 | 10:45:06 ... OPTIMUM  (45s wall)
[cfg7_TOT-both-none] instance_40_20_5_38 | 10:45:51 ... OPTIMUM  (19s wall)
[cfg7_TOT-both-none] instance_40_20_5_39 | 10:46:10 ... OPTIMUM  (68s wall)
[cfg7_TOT-both-none] instance_40_20_5_4 | 10:47:18 ... OPTIMUM  (46s wall)
[cfg7_TOT-both-none] instance_40_20_5_40 | 10:48:04 ... OPTIMUM  (80s wall)
[cfg7_TOT-both-none] instance_40_20_5_41 | 10:49:24 ... OPTIMUM  (44s wall)
[cfg7_TOT-both-none] instance_40_20_5_42 | 10:50:08 ... OPTIMUM  (44s wall)
[cfg7_TOT-both-none] instance_40_20_5_43 | 10:50:52 ... OPTIMUM  (42s wall)
[cfg7_TOT-both-none] instance_40_20_5_44 | 10:51:34 ... OPTIMUM  (44s wall)
[cfg7_TOT-both-none] instance_40_20_5_45 | 10:52:18 ... TIMEOUT  (301s wall)
[cfg7_TOT-both-none] instance_40_20_5_46 | 10:57:19 ... OPTIMUM  (37s wall)
[cfg7_TOT-both-none] instance_40_20_5_47 | 10:57:57 ... OPTIMUM  (61s wall)
[cfg7_TOT-both-none] instance_40_20_5_48 | 10:58:58 ... OPTIMUM  (31s wall)
[cfg7_TOT-both-none] instance_40_20_5_49 | 10:59:29 ... OPTIMUM  (69s wall)
[cfg7_TOT-both-none] instance_40_20_5_5 | 11:00:38 ... UNSATISFIABLE  (2s wall)
[cfg7_TOT-both-none] instance_40_20_5_50 | 11:00:40 ... OPTIMUM  (41s wall)
[cfg7_TOT-both-none] instance_40_20_5_6 | 11:01:21 ... OPTIMUM  (46s wall)
[cfg7_TOT-both-none] instance_40_20_5_7 | 11:02:07 ... OPTIMUM  (8s wall)
[cfg7_TOT-both-none] instance_40_20_5_8 | 11:02:15 ... OPTIMUM  (47s wall)
[cfg7_TOT-both-none] instance_40_20_5_9 | 11:03:02 ... OPTIMUM  (67s wall)
[cfg8_TOT-both-ss] instance_40_20_5_1 | 11:04:09 ... TIMEOUT  (300s wall)
[cfg8_TOT-both-ss] instance_40_20_5_10 | 11:09:09 ... OPTIMUM  (21s wall)
[cfg8_TOT-both-ss] instance_40_20_5_11 | 11:09:30 ... OPTIMUM  (38s wall)
[cfg8_TOT-both-ss] instance_40_20_5_12 | 11:10:08 ... OPTIMUM  (66s wall)
[cfg8_TOT-both-ss] instance_40_20_5_13 | 11:11:14 ... OPTIMUM  (43s wall)
[cfg8_TOT-both-ss] instance_40_20_5_14 | 11:11:57 ... OPTIMUM  (178s wall)
[cfg8_TOT-both-ss] instance_40_20_5_15 | 11:14:55 ... OPTIMUM  (32s wall)
[cfg8_TOT-both-ss] instance_40_20_5_16 | 11:15:27 ... OPTIMUM  (34s wall)
[cfg8_TOT-both-ss] instance_40_20_5_17 | 11:16:01 ... OPTIMUM  (63s wall)
[cfg8_TOT-both-ss] instance_40_20_5_18 | 11:17:04 ... OPTIMUM  (49s wall)
[cfg8_TOT-both-ss] instance_40_20_5_19 | 11:17:53 ... OPTIMUM  (45s wall)
[cfg8_TOT-both-ss] instance_40_20_5_2 | 11:18:38 ... OPTIMUM  (53s wall)
[cfg8_TOT-both-ss] instance_40_20_5_20 | 11:19:31 ... OPTIMUM  (46s wall)
[cfg8_TOT-both-ss] instance_40_20_5_21 | 11:20:17 ... OPTIMUM  (45s wall)
[cfg8_TOT-both-ss] instance_40_20_5_22 | 11:21:02 ... OPTIMUM  (60s wall)
[cfg8_TOT-both-ss] instance_40_20_5_23 | 11:22:02 ... OPTIMUM  (37s wall)
[cfg8_TOT-both-ss] instance_40_20_5_24 | 11:22:39 ... OPTIMUM  (59s wall)
[cfg8_TOT-both-ss] instance_40_20_5_25 | 11:23:38 ... OPTIMUM  (182s wall)
[cfg8_TOT-both-ss] instance_40_20_5_26 | 11:26:40 ... OPTIMUM  (56s wall)
[cfg8_TOT-both-ss] instance_40_20_5_27 | 11:27:36 ... OPTIMUM  (54s wall)
[cfg8_TOT-both-ss] instance_40_20_5_28 | 11:28:30 ... OPTIMUM  (35s wall)
[cfg8_TOT-both-ss] instance_40_20_5_29 | 11:29:05 ... OPTIMUM  (56s wall)
[cfg8_TOT-both-ss] instance_40_20_5_3 | 11:30:01 ... OPTIMUM  (54s wall)
[cfg8_TOT-both-ss] instance_40_20_5_30 | 11:30:55 ... OPTIMUM  (58s wall)
[cfg8_TOT-both-ss] instance_40_20_5_31 | 11:31:54 ... OPTIMUM  (26s wall)
[cfg8_TOT-both-ss] instance_40_20_5_32 | 11:32:20 ... UNSATISFIABLE  (0s wall)
[cfg8_TOT-both-ss] instance_40_20_5_33 | 11:32:20 ... OPTIMUM  (62s wall)
[cfg8_TOT-both-ss] instance_40_20_5_34 | 11:33:22 ... TIMEOUT  (300s wall)
[cfg8_TOT-both-ss] instance_40_20_5_35 | 11:38:23 ... UNSATISFIABLE  (0s wall)
[cfg8_TOT-both-ss] instance_40_20_5_36 | 11:38:23 ... OPTIMUM  (58s wall)
[cfg8_TOT-both-ss] instance_40_20_5_37 | 11:39:21 ... OPTIMUM  (42s wall)
[cfg8_TOT-both-ss] instance_40_20_5_38 | 11:40:03 ... OPTIMUM  (19s wall)
[cfg8_TOT-both-ss] instance_40_20_5_39 | 11:40:22 ... OPTIMUM  (125s wall)
[cfg8_TOT-both-ss] instance_40_20_5_4 | 11:42:27 ... OPTIMUM  (40s wall)
[cfg8_TOT-both-ss] instance_40_20_5_40 | 11:43:07 ... OPTIMUM  (76s wall)
[cfg8_TOT-both-ss] instance_40_20_5_41 | 11:44:23 ... OPTIMUM  (34s wall)
[cfg8_TOT-both-ss] instance_40_20_5_42 | 11:44:57 ... OPTIMUM  (58s wall)
[cfg8_TOT-both-ss] instance_40_20_5_43 | 11:45:55 ... OPTIMUM  (40s wall)
[cfg8_TOT-both-ss] instance_40_20_5_44 | 11:46:35 ... OPTIMUM  (46s wall)
[cfg8_TOT-both-ss] instance_40_20_5_45 | 11:47:21 ... TIMEOUT  (300s wall)
[cfg8_TOT-both-ss] instance_40_20_5_46 | 11:52:21 ... OPTIMUM  (41s wall)
[cfg8_TOT-both-ss] instance_40_20_5_47 | 11:53:02 ... OPTIMUM  (63s wall)
[cfg8_TOT-both-ss] instance_40_20_5_48 | 11:54:05 ... OPTIMUM  (33s wall)
[cfg8_TOT-both-ss] instance_40_20_5_49 | 11:54:38 ... OPTIMUM  (65s wall)
[cfg8_TOT-both-ss] instance_40_20_5_5 | 11:55:43 ... UNSATISFIABLE  (2s wall)
[cfg8_TOT-both-ss] instance_40_20_5_50 | 11:55:45 ... OPTIMUM  (48s wall)
[cfg8_TOT-both-ss] instance_40_20_5_6 | 11:56:33 ... OPTIMUM  (51s wall)
[cfg8_TOT-both-ss] instance_40_20_5_7 | 11:57:24 ... OPTIMUM  (19s wall)
[cfg8_TOT-both-ss] instance_40_20_5_8 | 11:57:43 ... OPTIMUM  (41s wall)
[cfg8_TOT-both-ss] instance_40_20_5_9 | 11:58:24 ... OPTIMUM  (54s wall)

=== HOÀN THÀNH CHẠY THỰC NGHIỆM ===
=== Chiến dịch Thực nghiệm 8 Cấu hình với EvalMaxSAT ===
Thư mục instance : instances/paperInstances/TXT_10-25_4-5_U30 instances/paperInstances/TXT_10-25_4-5_U40
Mẫu tên instance : instance_40_25_5_*.txt
Số bài kiểm thử  : 50 (trong một cấu hình)
Tổng lượt giải   : 400
Timeout/instance : 300s
Giới hạn/cấu hình: 3600s
--------------------------------------------------------
[cfg1_ORIGINAL] instance_40_25_5_1 | 13:46:51 ... OPTIMUM  (42s wall)
[cfg1_ORIGINAL] instance_40_25_5_10 | 13:47:33 ... OPTIMUM  (79s wall)
[cfg1_ORIGINAL] instance_40_25_5_11 | 13:48:52 ... OPTIMUM  (47s wall)
[cfg1_ORIGINAL] instance_40_25_5_12 | 13:49:39 ... OPTIMUM  (66s wall)
[cfg1_ORIGINAL] instance_40_25_5_13 | 13:50:45 ... OPTIMUM  (48s wall)
[cfg1_ORIGINAL] instance_40_25_5_14 | 13:51:33 ... OPTIMUM  (70s wall)
[cfg1_ORIGINAL] instance_40_25_5_15 | 13:52:43 ... OPTIMUM  (35s wall)
[cfg1_ORIGINAL] instance_40_25_5_16 | 13:53:19 ... OPTIMUM  (50s wall)
[cfg1_ORIGINAL] instance_40_25_5_17 | 13:54:09 ... OPTIMUM  (56s wall)
[cfg1_ORIGINAL] instance_40_25_5_18 | 13:55:05 ... OPTIMUM  (68s wall)
[cfg1_ORIGINAL] instance_40_25_5_19 | 13:56:13 ... OPTIMUM  (52s wall)
[cfg1_ORIGINAL] instance_40_25_5_2 | 13:57:05 ... OPTIMUM  (44s wall)
[cfg1_ORIGINAL] instance_40_25_5_20 | 13:57:49 ... OPTIMUM  (246s wall)
[cfg1_ORIGINAL] instance_40_25_5_21 | 14:01:56 ... OPTIMUM  (51s wall)
[cfg1_ORIGINAL] instance_40_25_5_22 | 14:02:47 ... OPTIMUM  (45s wall)
[cfg1_ORIGINAL] instance_40_25_5_23 | 14:03:32 ... OPTIMUM  (94s wall)
[cfg1_ORIGINAL] instance_40_25_5_24 | 14:05:06 ... OPTIMUM  (59s wall)
[cfg1_ORIGINAL] instance_40_25_5_25 | 14:06:05 ... OPTIMUM  (50s wall)
[cfg1_ORIGINAL] instance_40_25_5_26 | 14:06:55 ... OPTIMUM  (47s wall)
[cfg1_ORIGINAL] instance_40_25_5_27 | 14:07:42 ... OPTIMUM  (60s wall)
[cfg1_ORIGINAL] instance_40_25_5_28 | 14:08:42 ... OPTIMUM  (66s wall)
[cfg1_ORIGINAL] instance_40_25_5_29 | 14:09:48 ... OPTIMUM  (85s wall)
[cfg1_ORIGINAL] instance_40_25_5_3 | 14:11:13 ... OPTIMUM  (58s wall)
[cfg1_ORIGINAL] instance_40_25_5_30 | 14:12:12 ... OPTIMUM  (90s wall)
[cfg1_ORIGINAL] instance_40_25_5_31 | 14:13:42 ... OPTIMUM  (55s wall)
[cfg1_ORIGINAL] instance_40_25_5_32 | 14:14:37 ... OPTIMUM  (74s wall)
[cfg1_ORIGINAL] instance_40_25_5_33 | 14:15:51 ... OPTIMUM  (66s wall)
[cfg1_ORIGINAL] instance_40_25_5_34 | 14:16:57 ... OPTIMUM  (83s wall)
[cfg1_ORIGINAL] instance_40_25_5_35 | 14:18:20 ... OPTIMUM  (82s wall)
[cfg1_ORIGINAL] instance_40_25_5_36 | 14:19:42 ... OPTIMUM  (29s wall)
[cfg1_ORIGINAL] instance_40_25_5_37 | 14:20:11 ... OPTIMUM  (85s wall)
[cfg1_ORIGINAL] instance_40_25_5_38 | 14:21:36 ... OPTIMUM  (72s wall)
[cfg1_ORIGINAL] instance_40_25_5_39 | 14:22:48 ... OPTIMUM  (50s wall)
[cfg1_ORIGINAL] instance_40_25_5_4 | 14:23:38 ... OPTIMUM  (49s wall)
[cfg1_ORIGINAL] instance_40_25_5_40 | 14:24:27 ... OPTIMUM  (42s wall)
[cfg1_ORIGINAL] instance_40_25_5_41 | 14:25:09 ... OPTIMUM  (56s wall)
[cfg1_ORIGINAL] instance_40_25_5_42 | 14:26:05 ... OPTIMUM  (30s wall)
[cfg1_ORIGINAL] instance_40_25_5_43 | 14:26:35 ... OPTIMUM  (92s wall)
[cfg1_ORIGINAL] instance_40_25_5_44 | 14:28:07 ... OPTIMUM  (24s wall)
[cfg1_ORIGINAL] instance_40_25_5_45 | 14:28:31 ... OPTIMUM  (67s wall)
[cfg1_ORIGINAL] instance_40_25_5_46 | 14:29:38 ... UNSATISFIABLE  (0s wall)
[cfg1_ORIGINAL] instance_40_25_5_47 | 14:29:38 ... OPTIMUM  (91s wall)
[cfg1_ORIGINAL] instance_40_25_5_48 | 14:31:09 ... OPTIMUM  (64s wall)
[cfg1_ORIGINAL] instance_40_25_5_49 | 14:32:13 ... OPTIMUM  (171s wall)
[cfg1_ORIGINAL] instance_40_25_5_5 | 14:35:04 ... OPTIMUM  (65s wall)
[cfg1_ORIGINAL] instance_40_25_5_50 | 14:36:09 ... OPTIMUM  (79s wall)
[cfg1_ORIGINAL] instance_40_25_5_6 | 14:37:28 ... OPTIMUM  (62s wall)
[cfg1_ORIGINAL] instance_40_25_5_7 | 14:38:30 ... OPTIMUM  (67s wall)
[cfg1_ORIGINAL] instance_40_25_5_8 | 14:39:37 ... OPTIMUM  (53s wall)
[cfg1_ORIGINAL] instance_40_25_5_9 | 14:40:30 ... OPTIMUM  (63s wall)
[cfg2_SN-none-ss] instance_40_25_5_1 | 14:41:33 ... OPTIMUM  (36s wall)
[cfg2_SN-none-ss] instance_40_25_5_10 | 14:42:09 ... OPTIMUM  (102s wall)
[cfg2_SN-none-ss] instance_40_25_5_11 | 14:43:51 ... OPTIMUM  (45s wall)
[cfg2_SN-none-ss] instance_40_25_5_12 | 14:44:36 ... OPTIMUM  (80s wall)
[cfg2_SN-none-ss] instance_40_25_5_13 | 14:45:56 ... OPTIMUM  (52s wall)
[cfg2_SN-none-ss] instance_40_25_5_14 | 14:46:48 ... OPTIMUM  (71s wall)
[cfg2_SN-none-ss] instance_40_25_5_15 | 14:47:59 ... OPTIMUM  (58s wall)
[cfg2_SN-none-ss] instance_40_25_5_16 | 14:48:57 ... OPTIMUM  (63s wall)
[cfg2_SN-none-ss] instance_40_25_5_17 | 14:50:00 ... OPTIMUM  (60s wall)
[cfg2_SN-none-ss] instance_40_25_5_18 | 14:51:00 ... OPTIMUM  (80s wall)
[cfg2_SN-none-ss] instance_40_25_5_19 | 14:52:20 ... OPTIMUM  (50s wall)
[cfg2_SN-none-ss] instance_40_25_5_2 | 14:53:10 ... OPTIMUM  (41s wall)
[cfg2_SN-none-ss] instance_40_25_5_20 | 14:53:51 ... OPTIMUM  (96s wall)
[cfg2_SN-none-ss] instance_40_25_5_21 | 14:55:27 ... OPTIMUM  (58s wall)
[cfg2_SN-none-ss] instance_40_25_5_22 | 14:56:25 ... OPTIMUM  (43s wall)
[cfg2_SN-none-ss] instance_40_25_5_23 | 14:57:08 ... OPTIMUM  (74s wall)
[cfg2_SN-none-ss] instance_40_25_5_24 | 14:58:22 ... OPTIMUM  (61s wall)
[cfg2_SN-none-ss] instance_40_25_5_25 | 14:59:23 ... OPTIMUM  (50s wall)
[cfg2_SN-none-ss] instance_40_25_5_26 | 15:00:13 ... OPTIMUM  (47s wall)
[cfg2_SN-none-ss] instance_40_25_5_27 | 15:01:00 ... OPTIMUM  (62s wall)
[cfg2_SN-none-ss] instance_40_25_5_28 | 15:02:02 ... OPTIMUM  (73s wall)
[cfg2_SN-none-ss] instance_40_25_5_29 | 15:03:15 ... OPTIMUM  (54s wall)
[cfg2_SN-none-ss] instance_40_25_5_3 | 15:04:09 ... OPTIMUM  (70s wall)
[cfg2_SN-none-ss] instance_40_25_5_30 | 15:05:19 ... OPTIMUM  (82s wall)
[cfg2_SN-none-ss] instance_40_25_5_31 | 15:06:41 ... OPTIMUM  (70s wall)
[cfg2_SN-none-ss] instance_40_25_5_32 | 15:07:51 ... OPTIMUM  (96s wall)
[cfg2_SN-none-ss] instance_40_25_5_33 | 15:09:27 ... OPTIMUM  (73s wall)
[cfg2_SN-none-ss] instance_40_25_5_34 | 15:10:40 ... OPTIMUM  (70s wall)
[cfg2_SN-none-ss] instance_40_25_5_35 | 15:11:50 ... OPTIMUM  (72s wall)
[cfg2_SN-none-ss] instance_40_25_5_36 | 15:13:02 ... OPTIMUM  (30s wall)
[cfg2_SN-none-ss] instance_40_25_5_37 | 15:13:32 ... OPTIMUM  (80s wall)
[cfg2_SN-none-ss] instance_40_25_5_38 | 15:14:52 ... OPTIMUM  (73s wall)
[cfg2_SN-none-ss] instance_40_25_5_39 | 15:16:05 ... OPTIMUM  (57s wall)
[cfg2_SN-none-ss] instance_40_25_5_4 | 15:17:02 ... OPTIMUM  (46s wall)
[cfg2_SN-none-ss] instance_40_25_5_40 | 15:17:48 ... OPTIMUM  (44s wall)
[cfg2_SN-none-ss] instance_40_25_5_41 | 15:18:32 ... OPTIMUM  (52s wall)
[cfg2_SN-none-ss] instance_40_25_5_42 | 15:19:24 ... OPTIMUM  (37s wall)
[cfg2_SN-none-ss] instance_40_25_5_43 | 15:20:01 ... OPTIMUM  (95s wall)
[cfg2_SN-none-ss] instance_40_25_5_44 | 15:21:36 ... OPTIMUM  (29s wall)
[cfg2_SN-none-ss] instance_40_25_5_45 | 15:22:05 ... OPTIMUM  (69s wall)
[cfg2_SN-none-ss] instance_40_25_5_46 | 15:23:14 ... UNSATISFIABLE  (0s wall)
[cfg2_SN-none-ss] instance_40_25_5_47 | 15:23:14 ... OPTIMUM  (95s wall)
[cfg2_SN-none-ss] instance_40_25_5_48 | 15:24:49 ... OPTIMUM  (48s wall)
[cfg2_SN-none-ss] instance_40_25_5_49 | 15:25:37 ... OPTIMUM  (246s wall)
[cfg2_SN-none-ss] instance_40_25_5_5 | 15:29:43 ... OPTIMUM  (66s wall)
[cfg2_SN-none-ss] instance_40_25_5_50 | 15:30:49 ... OPTIMUM  (72s wall)
[cfg2_SN-none-ss] instance_40_25_5_6 | 15:32:01 ... OPTIMUM  (60s wall)
[cfg2_SN-none-ss] instance_40_25_5_7 | 15:33:01 ... OPTIMUM  (70s wall)
[cfg2_SN-none-ss] instance_40_25_5_8 | 15:34:11 ... OPTIMUM  (62s wall)
[cfg2_SN-none-ss] instance_40_25_5_9 | 15:35:14 ... OPTIMUM  (75s wall)
[cfg3_SN-both-none] instance_40_25_5_1 | 15:36:29 ... OPTIMUM  (44s wall)
[cfg3_SN-both-none] instance_40_25_5_10 | 15:37:13 ... OPTIMUM  (77s wall)
[cfg3_SN-both-none] instance_40_25_5_11 | 15:38:30 ... OPTIMUM  (60s wall)
[cfg3_SN-both-none] instance_40_25_5_12 | 15:39:30 ... OPTIMUM  (77s wall)
[cfg3_SN-both-none] instance_40_25_5_13 | 15:40:47 ... OPTIMUM  (55s wall)
[cfg3_SN-both-none] instance_40_25_5_14 | 15:41:42 ... OPTIMUM  (91s wall)
[cfg3_SN-both-none] instance_40_25_5_15 | 15:43:13 ... OPTIMUM  (64s wall)
[cfg3_SN-both-none] instance_40_25_5_16 | 15:44:17 ... OPTIMUM  (61s wall)
[cfg3_SN-both-none] instance_40_25_5_17 | 15:45:18 ... OPTIMUM  (66s wall)
[cfg3_SN-both-none] instance_40_25_5_18 | 15:46:24 ... OPTIMUM  (80s wall)
[cfg3_SN-both-none] instance_40_25_5_19 | 15:47:45 ... OPTIMUM  (52s wall)
[cfg3_SN-both-none] instance_40_25_5_2 | 15:48:38 ... OPTIMUM  (58s wall)
[cfg3_SN-both-none] instance_40_25_5_20 | 15:49:36 ... OPTIMUM  (121s wall)
[cfg3_SN-both-none] instance_40_25_5_21 | 15:51:37 ... OPTIMUM  (57s wall)
[cfg3_SN-both-none] instance_40_25_5_22 | 15:52:34 ... OPTIMUM  (48s wall)
[cfg3_SN-both-none] instance_40_25_5_23 | 15:53:22 ... OPTIMUM  (140s wall)
[cfg3_SN-both-none] instance_40_25_5_24 | 15:55:42 ... OPTIMUM  (53s wall)
[cfg3_SN-both-none] instance_40_25_5_25 | 15:56:35 ... OPTIMUM  (56s wall)
[cfg3_SN-both-none] instance_40_25_5_26 | 15:57:31 ... OPTIMUM  (71s wall)
[cfg3_SN-both-none] instance_40_25_5_27 | 15:58:42 ... OPTIMUM  (73s wall)
[cfg3_SN-both-none] instance_40_25_5_28 | 15:59:55 ... OPTIMUM  (87s wall)
[cfg3_SN-both-none] instance_40_25_5_29 | 16:01:22 ... OPTIMUM  (79s wall)
[cfg3_SN-both-none] instance_40_25_5_3 | 16:02:41 ... OPTIMUM  (63s wall)
[cfg3_SN-both-none] instance_40_25_5_30 | 16:03:44 ... OPTIMUM  (105s wall)
[cfg3_SN-both-none] instance_40_25_5_31 | 16:05:30 ... OPTIMUM  (79s wall)
[cfg3_SN-both-none] instance_40_25_5_32 | 16:06:49 ... OPTIMUM  (81s wall)
[cfg3_SN-both-none] instance_40_25_5_33 | 16:08:10 ... OPTIMUM  (73s wall)
[cfg3_SN-both-none] instance_40_25_5_34 | 16:09:23 ... OPTIMUM  (112s wall)
[cfg3_SN-both-none] instance_40_25_5_35 | 16:11:15 ... OPTIMUM  (85s wall)
[cfg3_SN-both-none] instance_40_25_5_36 | 16:12:41 ... OPTIMUM  (34s wall)
[cfg3_SN-both-none] instance_40_25_5_37 | 16:13:15 ... OPTIMUM  (124s wall)
[cfg3_SN-both-none] instance_40_25_5_38 | 16:15:19 ... OPTIMUM  (109s wall)
[cfg3_SN-both-none] instance_40_25_5_39 | 16:17:08 ... OPTIMUM  (53s wall)
[cfg3_SN-both-none] instance_40_25_5_4 | 16:18:01 ... OPTIMUM  (50s wall)
[cfg3_SN-both-none] instance_40_25_5_40 | 16:18:51 ... OPTIMUM  (46s wall)
[cfg3_SN-both-none] instance_40_25_5_41 | 16:19:37 ... OPTIMUM  (62s wall)
[cfg3_SN-both-none] instance_40_25_5_42 | 16:20:39 ... OPTIMUM  (36s wall)
[cfg3_SN-both-none] instance_40_25_5_43 | 16:21:15 ... OPTIMUM  (147s wall)
[cfg3_SN-both-none] instance_40_25_5_44 | 16:23:42 ... OPTIMUM  (33s wall)
[cfg3_SN-both-none] instance_40_25_5_45 | 16:24:15 ... OPTIMUM  (64s wall)
[cfg3_SN-both-none] instance_40_25_5_46 | 16:25:19 ... UNSATISFIABLE  (0s wall)
[cfg3_SN-both-none] instance_40_25_5_47 | 16:25:19 ... OPTIMUM  (104s wall)
[cfg3_SN-both-none] instance_40_25_5_48 | 16:27:03 ... OPTIMUM  (52s wall)
[cfg3_SN-both-none] instance_40_25_5_49 | 16:27:55 ... OPTIMUM  (195s wall)
[cfg3_SN-both-none] instance_40_25_5_5 | 16:31:10 ... OPTIMUM  (82s wall)
[cfg3_SN-both-none] instance_40_25_5_50 | 16:32:32 ... OPTIMUM  (116s wall)
[cfg3_SN-both-none] instance_40_25_5_6 | 16:34:28 ... OPTIMUM  (77s wall)
[cfg3_SN-both-none] instance_40_25_5_7 | 16:35:45 ... OPTIMUM  (62s wall)

[STOP] Cấu hình cfg3_SN-both-none đã vượt giới hạn thời gian (3600 giây). Chuyển sang cấu hình tiếp theo.
[cfg4_SN-both-ss] instance_40_25_5_1 | 16:36:47 ... OPTIMUM  (48s wall)
[cfg4_SN-both-ss] instance_40_25_5_10 | 16:37:35 ... OPTIMUM  (72s wall)
[cfg4_SN-both-ss] instance_40_25_5_11 | 16:38:47 ... OPTIMUM  (60s wall)
[cfg4_SN-both-ss] instance_40_25_5_12 | 16:39:47 ... OPTIMUM  (75s wall)
[cfg4_SN-both-ss] instance_40_25_5_13 | 16:41:02 ... OPTIMUM  (65s wall)
[cfg4_SN-both-ss] instance_40_25_5_14 | 16:42:07 ... OPTIMUM  (99s wall)
[cfg4_SN-both-ss] instance_40_25_5_15 | 16:43:46 ... OPTIMUM  (93s wall)
[cfg4_SN-both-ss] instance_40_25_5_16 | 16:45:20 ... OPTIMUM  (46s wall)
[cfg4_SN-both-ss] instance_40_25_5_17 | 16:46:06 ... OPTIMUM  (66s wall)
[cfg4_SN-both-ss] instance_40_25_5_18 | 16:47:12 ... OPTIMUM  (85s wall)
[cfg4_SN-both-ss] instance_40_25_5_19 | 16:48:37 ... OPTIMUM  (55s wall)
[cfg4_SN-both-ss] instance_40_25_5_2 | 16:49:32 ... OPTIMUM  (58s wall)
[cfg4_SN-both-ss] instance_40_25_5_20 | 16:50:30 ... OPTIMUM  (104s wall)
[cfg4_SN-both-ss] instance_40_25_5_21 | 16:52:14 ... OPTIMUM  (61s wall)
[cfg4_SN-both-ss] instance_40_25_5_22 | 16:53:15 ... OPTIMUM  (49s wall)
[cfg4_SN-both-ss] instance_40_25_5_23 | 16:54:04 ... OPTIMUM  (82s wall)
[cfg4_SN-both-ss] instance_40_25_5_24 | 16:55:26 ... OPTIMUM  (63s wall)
[cfg4_SN-both-ss] instance_40_25_5_25 | 16:56:29 ... OPTIMUM  (62s wall)
[cfg4_SN-both-ss] instance_40_25_5_26 | 16:57:31 ... OPTIMUM  (70s wall)
[cfg4_SN-both-ss] instance_40_25_5_27 | 16:58:41 ... OPTIMUM  (65s wall)
[cfg4_SN-both-ss] instance_40_25_5_28 | 16:59:46 ... OPTIMUM  (75s wall)
[cfg4_SN-both-ss] instance_40_25_5_29 | 17:01:01 ... OPTIMUM  (63s wall)
[cfg4_SN-both-ss] instance_40_25_5_3 | 17:02:04 ... OPTIMUM  (78s wall)
[cfg4_SN-both-ss] instance_40_25_5_30 | 17:03:22 ... OPTIMUM  (115s wall)
[cfg4_SN-both-ss] instance_40_25_5_31 | 17:05:17 ... OPTIMUM  (80s wall)
[cfg4_SN-both-ss] instance_40_25_5_32 | 17:06:37 ... OPTIMUM  (97s wall)
[cfg4_SN-both-ss] instance_40_25_5_33 | 17:08:14 ... OPTIMUM  (75s wall)
[cfg4_SN-both-ss] instance_40_25_5_34 | 17:09:29 ... OPTIMUM  (71s wall)
[cfg4_SN-both-ss] instance_40_25_5_35 | 17:10:40 ... OPTIMUM  (75s wall)
[cfg4_SN-both-ss] instance_40_25_5_36 | 17:11:55 ... OPTIMUM  (54s wall)
[cfg4_SN-both-ss] instance_40_25_5_37 | 17:12:49 ... OPTIMUM  (103s wall)
[cfg4_SN-both-ss] instance_40_25_5_38 | 17:14:32 ... OPTIMUM  (72s wall)
[cfg4_SN-both-ss] instance_40_25_5_39 | 17:15:44 ... OPTIMUM  (63s wall)
[cfg4_SN-both-ss] instance_40_25_5_4 | 17:16:47 ... OPTIMUM  (48s wall)
[cfg4_SN-both-ss] instance_40_25_5_40 | 17:17:35 ... OPTIMUM  (46s wall)
[cfg4_SN-both-ss] instance_40_25_5_41 | 17:18:21 ... OPTIMUM  (57s wall)
[cfg4_SN-both-ss] instance_40_25_5_42 | 17:19:18 ... OPTIMUM  (39s wall)
[cfg4_SN-both-ss] instance_40_25_5_43 | 17:19:57 ... OPTIMUM  (105s wall)
[cfg4_SN-both-ss] instance_40_25_5_44 | 17:21:43 ... OPTIMUM  (30s wall)
[cfg4_SN-both-ss] instance_40_25_5_45 | 17:22:13 ... OPTIMUM  (61s wall)
[cfg4_SN-both-ss] instance_40_25_5_46 | 17:23:15 ... UNSATISFIABLE  (0s wall)
[cfg4_SN-both-ss] instance_40_25_5_47 | 17:23:15 ... OPTIMUM  (125s wall)
[cfg4_SN-both-ss] instance_40_25_5_48 | 17:25:20 ... OPTIMUM  (52s wall)
[cfg4_SN-both-ss] instance_40_25_5_49 | 17:26:12 ... TIMEOUT  (300s wall)
[cfg4_SN-both-ss] instance_40_25_5_5 | 17:31:12 ... OPTIMUM  (76s wall)
[cfg4_SN-both-ss] instance_40_25_5_50 | 17:32:28 ... OPTIMUM  (108s wall)
[cfg4_SN-both-ss] instance_40_25_5_6 | 17:34:17 ... OPTIMUM  (70s wall)
[cfg4_SN-both-ss] instance_40_25_5_7 | 17:35:27 ... OPTIMUM  (59s wall)
[cfg4_SN-both-ss] instance_40_25_5_8 | 17:36:26 ... OPTIMUM  (142s wall)

[STOP] Cấu hình cfg4_SN-both-ss đã vượt giới hạn thời gian (3600 giây). Chuyển sang cấu hình tiếp theo.
[cfg5_TOT-none-none] instance_40_25_5_1 | 17:38:48 ... OPTIMUM  (33s wall)
[cfg5_TOT-none-none] instance_40_25_5_10 | 17:39:21 ... OPTIMUM  (48s wall)
[cfg5_TOT-none-none] instance_40_25_5_11 | 17:40:09 ... OPTIMUM  (34s wall)
[cfg5_TOT-none-none] instance_40_25_5_12 | 17:40:43 ... OPTIMUM  (59s wall)
[cfg5_TOT-none-none] instance_40_25_5_13 | 17:41:42 ... OPTIMUM  (43s wall)
[cfg5_TOT-none-none] instance_40_25_5_14 | 17:42:25 ... OPTIMUM  (88s wall)
[cfg5_TOT-none-none] instance_40_25_5_15 | 17:43:53 ... OPTIMUM  (47s wall)
[cfg5_TOT-none-none] instance_40_25_5_16 | 17:44:40 ... OPTIMUM  (38s wall)
[cfg5_TOT-none-none] instance_40_25_5_17 | 17:45:18 ... OPTIMUM  (51s wall)
[cfg5_TOT-none-none] instance_40_25_5_18 | 17:46:09 ... OPTIMUM  (71s wall)
[cfg5_TOT-none-none] instance_40_25_5_19 | 17:47:20 ... OPTIMUM  (55s wall)
[cfg5_TOT-none-none] instance_40_25_5_2 | 17:48:15 ... OPTIMUM  (28s wall)
[cfg5_TOT-none-none] instance_40_25_5_20 | 17:48:43 ... OPTIMUM  (89s wall)
[cfg5_TOT-none-none] instance_40_25_5_21 | 17:50:12 ... OPTIMUM  (55s wall)
[cfg5_TOT-none-none] instance_40_25_5_22 | 17:51:07 ... OPTIMUM  (40s wall)
[cfg5_TOT-none-none] instance_40_25_5_23 | 17:51:47 ... OPTIMUM  (72s wall)
[cfg5_TOT-none-none] instance_40_25_5_24 | 17:52:59 ... OPTIMUM  (51s wall)
[cfg5_TOT-none-none] instance_40_25_5_25 | 17:53:50 ... OPTIMUM  (47s wall)
[cfg5_TOT-none-none] instance_40_25_5_26 | 17:54:37 ... OPTIMUM  (83s wall)
[cfg5_TOT-none-none] instance_40_25_5_27 | 17:56:00 ... OPTIMUM  (51s wall)
[cfg5_TOT-none-none] instance_40_25_5_28 | 17:56:51 ... OPTIMUM  (60s wall)
[cfg5_TOT-none-none] instance_40_25_5_29 | 17:57:51 ... OPTIMUM  (53s wall)
[cfg5_TOT-none-none] instance_40_25_5_3 | 17:58:44 ... OPTIMUM  (64s wall)
[cfg5_TOT-none-none] instance_40_25_5_30 | 17:59:48 ... OPTIMUM  (81s wall)
[cfg5_TOT-none-none] instance_40_25_5_31 | 18:01:09 ... OPTIMUM  (44s wall)
[cfg5_TOT-none-none] instance_40_25_5_32 | 18:01:53 ... OPTIMUM  (83s wall)
[cfg5_TOT-none-none] instance_40_25_5_33 | 18:03:16 ... OPTIMUM  (69s wall)
[cfg5_TOT-none-none] instance_40_25_5_34 | 18:04:25 ... OPTIMUM  (65s wall)
[cfg5_TOT-none-none] instance_40_25_5_35 | 18:05:30 ... OPTIMUM  (60s wall)
[cfg5_TOT-none-none] instance_40_25_5_36 | 18:06:30 ... OPTIMUM  (26s wall)
[cfg5_TOT-none-none] instance_40_25_5_37 | 18:06:56 ... OPTIMUM  (74s wall)
[cfg5_TOT-none-none] instance_40_25_5_38 | 18:08:10 ... OPTIMUM  (58s wall)
[cfg5_TOT-none-none] instance_40_25_5_39 | 18:09:08 ... OPTIMUM  (70s wall)
[cfg5_TOT-none-none] instance_40_25_5_4 | 18:10:18 ... OPTIMUM  (35s wall)
[cfg5_TOT-none-none] instance_40_25_5_40 | 18:10:53 ... OPTIMUM  (35s wall)
[cfg5_TOT-none-none] instance_40_25_5_41 | 18:11:28 ... OPTIMUM  (39s wall)
[cfg5_TOT-none-none] instance_40_25_5_42 | 18:12:08 ... OPTIMUM  (29s wall)
[cfg5_TOT-none-none] instance_40_25_5_43 | 18:12:37 ... OPTIMUM  (84s wall)
[cfg5_TOT-none-none] instance_40_25_5_44 | 18:14:01 ... OPTIMUM  (22s wall)
[cfg5_TOT-none-none] instance_40_25_5_45 | 18:14:23 ... OPTIMUM  (56s wall)
[cfg5_TOT-none-none] instance_40_25_5_46 | 18:15:19 ... UNSATISFIABLE  (0s wall)
[cfg5_TOT-none-none] instance_40_25_5_47 | 18:15:19 ... OPTIMUM  (86s wall)
[cfg5_TOT-none-none] instance_40_25_5_48 | 18:16:45 ... OPTIMUM  (53s wall)
[cfg5_TOT-none-none] instance_40_25_5_49 | 18:17:38 ... OPTIMUM  (216s wall)
[cfg5_TOT-none-none] instance_40_25_5_5 | 18:21:14 ... OPTIMUM  (64s wall)
[cfg5_TOT-none-none] instance_40_25_5_50 | 18:22:18 ... OPTIMUM  (69s wall)
[cfg5_TOT-none-none] instance_40_25_5_6 | 18:23:27 ... OPTIMUM  (54s wall)
[cfg5_TOT-none-none] instance_40_25_5_7 | 18:24:21 ... OPTIMUM  (51s wall)
[cfg5_TOT-none-none] instance_40_25_5_8 | 18:25:12 ... OPTIMUM  (49s wall)
[cfg5_TOT-none-none] instance_40_25_5_9 | 18:26:01 ... OPTIMUM  (56s wall)
[cfg6_TOT-none-ss] instance_40_25_5_1 | 18:26:57 ... OPTIMUM  (58s wall)
[cfg6_TOT-none-ss] instance_40_25_5_10 | 18:27:55 ... OPTIMUM  (50s wall)
[cfg6_TOT-none-ss] instance_40_25_5_11 | 18:28:45 ... OPTIMUM  (36s wall)
[cfg6_TOT-none-ss] instance_40_25_5_12 | 18:29:21 ... OPTIMUM  (56s wall)
[cfg6_TOT-none-ss] instance_40_25_5_13 | 18:30:17 ... OPTIMUM  (53s wall)
[cfg6_TOT-none-ss] instance_40_25_5_14 | 18:31:10 ... OPTIMUM  (84s wall)
[cfg6_TOT-none-ss] instance_40_25_5_15 | 18:32:34 ... OPTIMUM  (28s wall)
[cfg6_TOT-none-ss] instance_40_25_5_16 | 18:33:02 ... OPTIMUM  (44s wall)
[cfg6_TOT-none-ss] instance_40_25_5_17 | 18:33:46 ... OPTIMUM  (54s wall)
[cfg6_TOT-none-ss] instance_40_25_5_18 | 18:34:40 ... OPTIMUM  (75s wall)
[cfg6_TOT-none-ss] instance_40_25_5_19 | 18:35:55 ... OPTIMUM  (58s wall)
[cfg6_TOT-none-ss] instance_40_25_5_2 | 18:36:53 ... OPTIMUM  (31s wall)
[cfg6_TOT-none-ss] instance_40_25_5_20 | 18:37:24 ... OPTIMUM  (144s wall)
[cfg6_TOT-none-ss] instance_40_25_5_21 | 18:39:48 ... OPTIMUM  (35s wall)
[cfg6_TOT-none-ss] instance_40_25_5_22 | 18:40:23 ... OPTIMUM  (39s wall)
[cfg6_TOT-none-ss] instance_40_25_5_23 | 18:41:02 ... OPTIMUM  (61s wall)
[cfg6_TOT-none-ss] instance_40_25_5_24 | 18:42:03 ... OPTIMUM  (42s wall)
[cfg6_TOT-none-ss] instance_40_25_5_25 | 18:42:45 ... OPTIMUM  (40s wall)
[cfg6_TOT-none-ss] instance_40_25_5_26 | 18:43:25 ... OPTIMUM  (78s wall)
[cfg6_TOT-none-ss] instance_40_25_5_27 | 18:44:43 ... OPTIMUM  (53s wall)
[cfg6_TOT-none-ss] instance_40_25_5_28 | 18:45:36 ... OPTIMUM  (67s wall)
[cfg6_TOT-none-ss] instance_40_25_5_29 | 18:46:43 ... OPTIMUM  (50s wall)
[cfg6_TOT-none-ss] instance_40_25_5_3 | 18:47:33 ... OPTIMUM  (68s wall)
[cfg6_TOT-none-ss] instance_40_25_5_30 | 18:48:41 ... OPTIMUM  (76s wall)
[cfg6_TOT-none-ss] instance_40_25_5_31 | 18:49:57 ... OPTIMUM  (49s wall)
[cfg6_TOT-none-ss] instance_40_25_5_32 | 18:50:46 ... OPTIMUM  (78s wall)
[cfg6_TOT-none-ss] instance_40_25_5_33 | 18:52:04 ... OPTIMUM  (63s wall)
[cfg6_TOT-none-ss] instance_40_25_5_34 | 18:53:07 ... OPTIMUM  (66s wall)
[cfg6_TOT-none-ss] instance_40_25_5_35 | 18:54:13 ... OPTIMUM  (63s wall)
[cfg6_TOT-none-ss] instance_40_25_5_36 | 18:55:16 ... OPTIMUM  (23s wall)
[cfg6_TOT-none-ss] instance_40_25_5_37 | 18:55:39 ... OPTIMUM  (72s wall)
[cfg6_TOT-none-ss] instance_40_25_5_38 | 18:56:51 ... OPTIMUM  (55s wall)
[cfg6_TOT-none-ss] instance_40_25_5_39 | 18:57:46 ... OPTIMUM  (58s wall)
[cfg6_TOT-none-ss] instance_40_25_5_4 | 18:58:44 ... OPTIMUM  (43s wall)
[cfg6_TOT-none-ss] instance_40_25_5_40 | 18:59:27 ... OPTIMUM  (33s wall)
[cfg6_TOT-none-ss] instance_40_25_5_41 | 19:00:00 ... OPTIMUM  (47s wall)
[cfg6_TOT-none-ss] instance_40_25_5_42 | 19:00:47 ... OPTIMUM  (26s wall)
[cfg6_TOT-none-ss] instance_40_25_5_43 | 19:01:13 ... OPTIMUM  (75s wall)
[cfg6_TOT-none-ss] instance_40_25_5_44 | 19:02:28 ... OPTIMUM  (20s wall)
[cfg6_TOT-none-ss] instance_40_25_5_45 | 19:02:48 ... OPTIMUM  (54s wall)
[cfg6_TOT-none-ss] instance_40_25_5_46 | 19:03:42 ... UNSATISFIABLE  (0s wall)
[cfg6_TOT-none-ss] instance_40_25_5_47 | 19:03:42 ... OPTIMUM  (90s wall)
[cfg6_TOT-none-ss] instance_40_25_5_48 | 19:05:12 ... OPTIMUM  (41s wall)
[cfg6_TOT-none-ss] instance_40_25_5_49 | 19:05:53 ... OPTIMUM  (250s wall)
[cfg6_TOT-none-ss] instance_40_25_5_5 | 19:10:03 ... OPTIMUM  (63s wall)
[cfg6_TOT-none-ss] instance_40_25_5_50 | 19:11:06 ... OPTIMUM  (73s wall)
[cfg6_TOT-none-ss] instance_40_25_5_6 | 19:12:19 ... OPTIMUM  (51s wall)
[cfg6_TOT-none-ss] instance_40_25_5_7 | 19:13:11 ... OPTIMUM  (54s wall)
[cfg6_TOT-none-ss] instance_40_25_5_8 | 19:14:05 ... OPTIMUM  (40s wall)
[cfg6_TOT-none-ss] instance_40_25_5_9 | 19:14:45 ... OPTIMUM  (56s wall)
[cfg7_TOT-both-none] instance_40_25_5_1 | 19:15:41 ... OPTIMUM  (47s wall)
[cfg7_TOT-both-none] instance_40_25_5_10 | 19:16:28 ... OPTIMUM  (51s wall)
[cfg7_TOT-both-none] instance_40_25_5_11 | 19:17:19 ... OPTIMUM  (32s wall)
[cfg7_TOT-both-none] instance_40_25_5_12 | 19:17:51 ... OPTIMUM  (61s wall)
[cfg7_TOT-both-none] instance_40_25_5_13 | 19:18:52 ... OPTIMUM  (41s wall)
[cfg7_TOT-both-none] instance_40_25_5_14 | 19:19:33 ... OPTIMUM  (78s wall)
[cfg7_TOT-both-none] instance_40_25_5_15 | 19:20:51 ... OPTIMUM  (69s wall)
[cfg7_TOT-both-none] instance_40_25_5_16 | 19:22:00 ... OPTIMUM  (61s wall)
[cfg7_TOT-both-none] instance_40_25_5_17 | 19:23:01 ... OPTIMUM  (50s wall)
[cfg7_TOT-both-none] instance_40_25_5_18 | 19:23:52 ... OPTIMUM  (62s wall)
[cfg7_TOT-both-none] instance_40_25_5_19 | 19:24:54 ... OPTIMUM  (48s wall)
[cfg7_TOT-both-none] instance_40_25_5_2 | 19:25:42 ... OPTIMUM  (29s wall)
[cfg7_TOT-both-none] instance_40_25_5_20 | 19:26:11 ... OPTIMUM  (131s wall)
[cfg7_TOT-both-none] instance_40_25_5_21 | 19:28:22 ... OPTIMUM  (35s wall)
[cfg7_TOT-both-none] instance_40_25_5_22 | 19:28:57 ... OPTIMUM  (42s wall)
[cfg7_TOT-both-none] instance_40_25_5_23 | 19:29:39 ... OPTIMUM  (100s wall)
[cfg7_TOT-both-none] instance_40_25_5_24 | 19:31:19 ... OPTIMUM  (50s wall)
[cfg7_TOT-both-none] instance_40_25_5_25 | 19:32:09 ... OPTIMUM  (47s wall)
[cfg7_TOT-both-none] instance_40_25_5_26 | 19:32:56 ... OPTIMUM  (47s wall)
[cfg7_TOT-both-none] instance_40_25_5_27 | 19:33:43 ... OPTIMUM  (53s wall)
[cfg7_TOT-both-none] instance_40_25_5_28 | 19:34:36 ... OPTIMUM  (61s wall)
[cfg7_TOT-both-none] instance_40_25_5_29 | 19:35:37 ... OPTIMUM  (49s wall)
[cfg7_TOT-both-none] instance_40_25_5_3 | 19:36:26 ... OPTIMUM  (52s wall)
[cfg7_TOT-both-none] instance_40_25_5_30 | 19:37:18 ... OPTIMUM  (86s wall)
[cfg7_TOT-both-none] instance_40_25_5_31 | 19:38:44 ... OPTIMUM  (48s wall)
[cfg7_TOT-both-none] instance_40_25_5_32 | 19:39:32 ... OPTIMUM  (87s wall)
[cfg7_TOT-both-none] instance_40_25_5_33 | 19:40:59 ... OPTIMUM  (74s wall)
[cfg7_TOT-both-none] instance_40_25_5_34 | 19:42:13 ... OPTIMUM  (77s wall)
[cfg7_TOT-both-none] instance_40_25_5_35 | 19:43:30 ... OPTIMUM  (63s wall)
[cfg7_TOT-both-none] instance_40_25_5_36 | 19:44:33 ... OPTIMUM  (38s wall)
[cfg7_TOT-both-none] instance_40_25_5_37 | 19:45:11 ... OPTIMUM  (75s wall)
[cfg7_TOT-both-none] instance_40_25_5_38 | 19:46:27 ... OPTIMUM  (59s wall)
[cfg7_TOT-both-none] instance_40_25_5_39 | 19:47:26 ... OPTIMUM  (42s wall)
[cfg7_TOT-both-none] instance_40_25_5_4 | 19:48:08 ... OPTIMUM  (37s wall)
[cfg7_TOT-both-none] instance_40_25_5_40 | 19:48:45 ... OPTIMUM  (37s wall)
[cfg7_TOT-both-none] instance_40_25_5_41 | 19:49:23 ... OPTIMUM  (59s wall)
[cfg7_TOT-both-none] instance_40_25_5_42 | 19:50:22 ... OPTIMUM  (29s wall)
[cfg7_TOT-both-none] instance_40_25_5_43 | 19:50:51 ... OPTIMUM  (102s wall)
[cfg7_TOT-both-none] instance_40_25_5_44 | 19:52:33 ... OPTIMUM  (20s wall)
[cfg7_TOT-both-none] instance_40_25_5_45 | 19:52:53 ... OPTIMUM  (55s wall)
[cfg7_TOT-both-none] instance_40_25_5_46 | 19:53:48 ... UNSATISFIABLE  (1s wall)
[cfg7_TOT-both-none] instance_40_25_5_47 | 19:53:49 ... OPTIMUM  (89s wall)
[cfg7_TOT-both-none] instance_40_25_5_48 | 19:55:18 ... OPTIMUM  (48s wall)
[cfg7_TOT-both-none] instance_40_25_5_49 | 19:56:06 ... OPTIMUM  (161s wall)
[cfg7_TOT-both-none] instance_40_25_5_5 | 19:58:47 ... OPTIMUM  (57s wall)
[cfg7_TOT-both-none] instance_40_25_5_50 | 19:59:44 ... OPTIMUM  (77s wall)
[cfg7_TOT-both-none] instance_40_25_5_6 | 20:01:01 ... OPTIMUM  (68s wall)
[cfg7_TOT-both-none] instance_40_25_5_7 | 20:02:09 ... OPTIMUM  (54s wall)
[cfg7_TOT-both-none] instance_40_25_5_8 | 20:03:03 ... OPTIMUM  (52s wall)
[cfg7_TOT-both-none] instance_40_25_5_9 | 20:03:55 ... OPTIMUM  (63s wall)
[cfg8_TOT-both-ss] instance_40_25_5_1 | 20:04:58 ... OPTIMUM  (68s wall)
[cfg8_TOT-both-ss] instance_40_25_5_10 | 20:06:06 ... OPTIMUM  (57s wall)
[cfg8_TOT-both-ss] instance_40_25_5_11 | 20:07:03 ... OPTIMUM  (36s wall)
[cfg8_TOT-both-ss] instance_40_25_5_12 | 20:07:39 ... OPTIMUM  (71s wall)
[cfg8_TOT-both-ss] instance_40_25_5_13 | 20:08:50 ... OPTIMUM  (52s wall)
[cfg8_TOT-both-ss] instance_40_25_5_14 | 20:09:43 ... OPTIMUM  (70s wall)
[cfg8_TOT-both-ss] instance_40_25_5_15 | 20:10:53 ... OPTIMUM  (63s wall)
[cfg8_TOT-both-ss] instance_40_25_5_16 | 20:11:56 ... OPTIMUM  (43s wall)
[cfg8_TOT-both-ss] instance_40_25_5_17 | 20:12:39 ... OPTIMUM  (52s wall)
[cfg8_TOT-both-ss] instance_40_25_5_18 | 20:13:31 ... OPTIMUM  (65s wall)
[cfg8_TOT-both-ss] instance_40_25_5_19 | 20:14:36 ... OPTIMUM  (58s wall)
[cfg8_TOT-both-ss] instance_40_25_5_2 | 20:15:34 ... OPTIMUM  (26s wall)
[cfg8_TOT-both-ss] instance_40_25_5_20 | 20:16:00 ... OPTIMUM  (99s wall)
[cfg8_TOT-both-ss] instance_40_25_5_21 | 20:17:39 ... OPTIMUM  (38s wall)
[cfg8_TOT-both-ss] instance_40_25_5_22 | 20:18:17 ... OPTIMUM  (44s wall)
[cfg8_TOT-both-ss] instance_40_25_5_23 | 20:19:01 ... OPTIMUM  (86s wall)
[cfg8_TOT-both-ss] instance_40_25_5_24 | 20:20:27 ... OPTIMUM  (48s wall)
[cfg8_TOT-both-ss] instance_40_25_5_25 | 20:21:15 ... OPTIMUM  (54s wall)
[cfg8_TOT-both-ss] instance_40_25_5_26 | 20:22:09 ... OPTIMUM  (42s wall)
[cfg8_TOT-both-ss] instance_40_25_5_27 | 20:22:51 ... OPTIMUM  (56s wall)
[cfg8_TOT-both-ss] instance_40_25_5_28 | 20:23:47 ... OPTIMUM  (64s wall)
[cfg8_TOT-both-ss] instance_40_25_5_29 | 20:24:51 ... OPTIMUM  (54s wall)
[cfg8_TOT-both-ss] instance_40_25_5_3 | 20:25:45 ... OPTIMUM  (119s wall)
[cfg8_TOT-both-ss] instance_40_25_5_30 | 20:27:44 ... OPTIMUM  (88s wall)
[cfg8_TOT-both-ss] instance_40_25_5_31 | 20:29:12 ... OPTIMUM  (75s wall)
[cfg8_TOT-both-ss] instance_40_25_5_32 | 20:30:27 ... OPTIMUM  (83s wall)
[cfg8_TOT-both-ss] instance_40_25_5_33 | 20:31:50 ... OPTIMUM  (73s wall)
[cfg8_TOT-both-ss] instance_40_25_5_34 | 20:33:03 ... OPTIMUM  (83s wall)
[cfg8_TOT-both-ss] instance_40_25_5_35 | 20:34:26 ... OPTIMUM  (70s wall)
[cfg8_TOT-both-ss] instance_40_25_5_36 | 20:35:36 ... OPTIMUM  (28s wall)
[cfg8_TOT-both-ss] instance_40_25_5_37 | 20:36:04 ... OPTIMUM  (69s wall)
[cfg8_TOT-both-ss] instance_40_25_5_38 | 20:37:13 ... OPTIMUM  (67s wall)
[cfg8_TOT-both-ss] instance_40_25_5_39 | 20:38:20 ... OPTIMUM  (56s wall)
[cfg8_TOT-both-ss] instance_40_25_5_4 | 20:39:16 ... OPTIMUM  (38s wall)
[cfg8_TOT-both-ss] instance_40_25_5_40 | 20:39:54 ... OPTIMUM  (38s wall)
[cfg8_TOT-both-ss] instance_40_25_5_41 | 20:40:32 ... OPTIMUM  (61s wall)
[cfg8_TOT-both-ss] instance_40_25_5_42 | 20:41:33 ... OPTIMUM  (35s wall)
[cfg8_TOT-both-ss] instance_40_25_5_43 | 20:42:08 ... OPTIMUM  (151s wall)
[cfg8_TOT-both-ss] instance_40_25_5_44 | 20:44:39 ... OPTIMUM  (21s wall)
[cfg8_TOT-both-ss] instance_40_25_5_45 | 20:45:00 ... OPTIMUM  (54s wall)
[cfg8_TOT-both-ss] instance_40_25_5_46 | 20:45:54 ... UNSATISFIABLE  (1s wall)
[cfg8_TOT-both-ss] instance_40_25_5_47 | 20:45:55 ... OPTIMUM  (89s wall)
[cfg8_TOT-both-ss] instance_40_25_5_48 | 20:47:24 ... OPTIMUM  (51s wall)
[cfg8_TOT-both-ss] instance_40_25_5_49 | 20:48:15 ... OPTIMUM  (179s wall)
[cfg8_TOT-both-ss] instance_40_25_5_5 | 20:51:15 ... OPTIMUM  (62s wall)
[cfg8_TOT-both-ss] instance_40_25_5_50 | 20:52:17 ... OPTIMUM  (77s wall)
[cfg8_TOT-both-ss] instance_40_25_5_6 | 20:53:34 ... OPTIMUM  (64s wall)
[cfg8_TOT-both-ss] instance_40_25_5_7 | 20:54:38 ... OPTIMUM  (56s wall)
[cfg8_TOT-both-ss] instance_40_25_5_8 | 20:55:34 ... OPTIMUM  (44s wall)
[cfg8_TOT-both-ss] instance_40_25_5_9 | 20:56:18 ... OPTIMUM  (62s wall)

=== HOÀN THÀNH CHẠY THỰC NGHIỆM ===
=== Chiến dịch Thực nghiệm 8 Cấu hình với EvalMaxSAT ===
Thư mục instance : instances/paperInstances/TXT_10-25_4-5_U30 instances/paperInstances/TXT_10-25_4-5_U40
Mẫu tên instance : instance_30_10_4_*.txt
Số bài kiểm thử  : 50 (trong một cấu hình)
Tổng lượt giải   : 400
Timeout/instance : 300s
Giới hạn/cấu hình: 7200s
--------------------------------------------------------
[cfg1_ORIGINAL] instance_30_10_4_1 | 03:04:11 ... OPTIMUM  (11s wall)
[cfg1_ORIGINAL] instance_30_10_4_10 | 03:04:22 ... OPTIMUM  (12s wall)
[cfg1_ORIGINAL] instance_30_10_4_11 | 03:04:34 ... OPTIMUM  (17s wall)
[cfg1_ORIGINAL] instance_30_10_4_12 | 03:04:51 ... OPTIMUM  (24s wall)
[cfg1_ORIGINAL] instance_30_10_4_13 | 03:05:15 ... UNSATISFIABLE  (0s wall)
[cfg1_ORIGINAL] instance_30_10_4_14 | 03:05:15 ... UNSATISFIABLE  (0s wall)
[cfg1_ORIGINAL] instance_30_10_4_15 | 03:05:15 ... UNSATISFIABLE  (0s wall)
[cfg1_ORIGINAL] instance_30_10_4_16 | 03:05:15 ... OPTIMUM  (13s wall)
[cfg1_ORIGINAL] instance_30_10_4_17 | 03:05:28 ... OPTIMUM  (5s wall)
[cfg1_ORIGINAL] instance_30_10_4_18 | 03:05:33 ... OPTIMUM  (5s wall)
[cfg1_ORIGINAL] instance_30_10_4_19 | 03:05:38 ... UNSATISFIABLE  (1s wall)
[cfg1_ORIGINAL] instance_30_10_4_2 | 03:05:39 ... UNSATISFIABLE  (0s wall)
[cfg1_ORIGINAL] instance_30_10_4_20 | 03:05:39 ... UNSATISFIABLE  (0s wall)
[cfg1_ORIGINAL] instance_30_10_4_21 | 03:05:39 ... UNSATISFIABLE  (0s wall)
[cfg1_ORIGINAL] instance_30_10_4_22 | 03:05:39 ... UNSATISFIABLE  (0s wall)
[cfg1_ORIGINAL] instance_30_10_4_23 | 03:05:39 ... OPTIMUM  (10s wall)
[cfg1_ORIGINAL] instance_30_10_4_24 | 03:05:49 ... OPTIMUM  (4s wall)
[cfg1_ORIGINAL] instance_30_10_4_25 | 03:05:53 ... OPTIMUM  (19s wall)
[cfg1_ORIGINAL] instance_30_10_4_26 | 03:06:12 ... UNSATISFIABLE  (1s wall)
[cfg1_ORIGINAL] instance_30_10_4_27 | 03:06:13 ... OPTIMUM  (15s wall)
[cfg1_ORIGINAL] instance_30_10_4_28 | 03:06:28 ... UNSATISFIABLE  (1s wall)
[cfg1_ORIGINAL] instance_30_10_4_29 | 03:06:29 ... UNSATISFIABLE  (0s wall)
[cfg1_ORIGINAL] instance_30_10_4_3 | 03:06:29 ... UNSATISFIABLE  (0s wall)
[cfg1_ORIGINAL] instance_30_10_4_30 | 03:06:29 ... OPTIMUM  (16s wall)
[cfg1_ORIGINAL] instance_30_10_4_31 | 03:06:45 ... OPTIMUM  (10s wall)
[cfg1_ORIGINAL] instance_30_10_4_32 | 03:06:55 ... OPTIMUM  (10s wall)
[cfg1_ORIGINAL] instance_30_10_4_33 | 03:07:05 ... OPTIMUM  (14s wall)
[cfg1_ORIGINAL] instance_30_10_4_34 | 03:07:19 ... UNSATISFIABLE  (0s wall)
[cfg1_ORIGINAL] instance_30_10_4_35 | 03:07:19 ... UNSATISFIABLE  (0s wall)
[cfg1_ORIGINAL] instance_30_10_4_36 | 03:07:19 ... OPTIMUM  (25s wall)
[cfg1_ORIGINAL] instance_30_10_4_37 | 03:07:44 ... OPTIMUM  (10s wall)
[cfg1_ORIGINAL] instance_30_10_4_38 | 03:07:54 ... UNSATISFIABLE  (0s wall)
[cfg1_ORIGINAL] instance_30_10_4_39 | 03:07:54 ... UNSATISFIABLE  (0s wall)
[cfg1_ORIGINAL] instance_30_10_4_4 | 03:07:54 ... OPTIMUM  (10s wall)
[cfg1_ORIGINAL] instance_30_10_4_40 | 03:08:04 ... UNSATISFIABLE  (0s wall)
[cfg1_ORIGINAL] instance_30_10_4_41 | 03:08:04 ... OPTIMUM  (9s wall)
[cfg1_ORIGINAL] instance_30_10_4_42 | 03:08:13 ... UNSATISFIABLE  (0s wall)
[cfg1_ORIGINAL] instance_30_10_4_43 | 03:08:13 ... OPTIMUM  (22s wall)
[cfg1_ORIGINAL] instance_30_10_4_44 | 03:08:35 ... UNSATISFIABLE  (0s wall)
[cfg1_ORIGINAL] instance_30_10_4_45 | 03:08:35 ... OPTIMUM  (6s wall)
[cfg1_ORIGINAL] instance_30_10_4_46 | 03:08:41 ... UNSATISFIABLE  (0s wall)
[cfg1_ORIGINAL] instance_30_10_4_47 | 03:08:41 ... OPTIMUM  (11s wall)
[cfg1_ORIGINAL] instance_30_10_4_48 | 03:08:52 ... OPTIMUM  (9s wall)
[cfg1_ORIGINAL] instance_30_10_4_49 | 03:09:01 ... UNSATISFIABLE  (0s wall)
[cfg1_ORIGINAL] instance_30_10_4_5 | 03:09:01 ... OPTIMUM  (19s wall)
[cfg1_ORIGINAL] instance_30_10_4_50 | 03:09:20 ... UNSATISFIABLE  (1s wall)
[cfg1_ORIGINAL] instance_30_10_4_6 | 03:09:21 ... OPTIMUM  (10s wall)
[cfg1_ORIGINAL] instance_30_10_4_7 | 03:09:31 ... UNSATISFIABLE  (0s wall)
[cfg1_ORIGINAL] instance_30_10_4_8 | 03:09:31 ... OPTIMUM  (30s wall)
[cfg1_ORIGINAL] instance_30_10_4_9 | 03:10:01 ... UNSATISFIABLE  (0s wall)
[cfg2_SN-none-ss] instance_30_10_4_1 | 03:10:01 ... OPTIMUM  (12s wall)
[cfg2_SN-none-ss] instance_30_10_4_10 | 03:10:13 ... OPTIMUM  (10s wall)
[cfg2_SN-none-ss] instance_30_10_4_11 | 03:10:24 ... OPTIMUM  (14s wall)
[cfg2_SN-none-ss] instance_30_10_4_12 | 03:10:38 ... OPTIMUM  (20s wall)
[cfg2_SN-none-ss] instance_30_10_4_13 | 03:10:58 ... UNSATISFIABLE  (0s wall)
[cfg2_SN-none-ss] instance_30_10_4_14 | 03:10:58 ... UNSATISFIABLE  (0s wall)
[cfg2_SN-none-ss] instance_30_10_4_15 | 03:10:58 ... UNSATISFIABLE  (0s wall)
[cfg2_SN-none-ss] instance_30_10_4_16 | 03:10:58 ... OPTIMUM  (10s wall)
[cfg2_SN-none-ss] instance_30_10_4_17 | 03:11:09 ... OPTIMUM  (2s wall)
[cfg2_SN-none-ss] instance_30_10_4_18 | 03:11:11 ... OPTIMUM  (6s wall)
[cfg2_SN-none-ss] instance_30_10_4_19 | 03:11:17 ... UNSATISFIABLE  (0s wall)
[cfg2_SN-none-ss] instance_30_10_4_2 | 03:11:17 ... UNSATISFIABLE  (0s wall)
[cfg2_SN-none-ss] instance_30_10_4_20 | 03:11:17 ... UNSATISFIABLE  (0s wall)
[cfg2_SN-none-ss] instance_30_10_4_21 | 03:11:17 ... UNSATISFIABLE  (0s wall)
[cfg2_SN-none-ss] instance_30_10_4_22 | 03:11:17 ... UNSATISFIABLE  (0s wall)
[cfg2_SN-none-ss] instance_30_10_4_23 | 03:11:17 ... OPTIMUM  (12s wall)
[cfg2_SN-none-ss] instance_30_10_4_24 | 03:11:29 ... OPTIMUM  (6s wall)
[cfg2_SN-none-ss] instance_30_10_4_25 | 03:11:35 ... OPTIMUM  (16s wall)
[cfg2_SN-none-ss] instance_30_10_4_26 | 03:11:51 ... UNSATISFIABLE  (0s wall)
[cfg2_SN-none-ss] instance_30_10_4_27 | 03:11:51 ... OPTIMUM  (17s wall)
[cfg2_SN-none-ss] instance_30_10_4_28 | 03:12:08 ... UNSATISFIABLE  (0s wall)
[cfg2_SN-none-ss] instance_30_10_4_29 | 03:12:08 ... UNSATISFIABLE  (0s wall)
[cfg2_SN-none-ss] instance_30_10_4_3 | 03:12:08 ... UNSATISFIABLE  (1s wall)
[cfg2_SN-none-ss] instance_30_10_4_30 | 03:12:09 ... OPTIMUM  (25s wall)
[cfg2_SN-none-ss] instance_30_10_4_31 | 03:12:34 ... OPTIMUM  (8s wall)
[cfg2_SN-none-ss] instance_30_10_4_32 | 03:12:42 ... OPTIMUM  (10s wall)
[cfg2_SN-none-ss] instance_30_10_4_33 | 03:12:52 ... OPTIMUM  (13s wall)
[cfg2_SN-none-ss] instance_30_10_4_34 | 03:13:05 ... UNSATISFIABLE  (0s wall)
[cfg2_SN-none-ss] instance_30_10_4_35 | 03:13:05 ... UNSATISFIABLE  (0s wall)
[cfg2_SN-none-ss] instance_30_10_4_36 | 03:13:05 ... OPTIMUM  (27s wall)
[cfg2_SN-none-ss] instance_30_10_4_37 | 03:13:32 ... OPTIMUM  (13s wall)
[cfg2_SN-none-ss] instance_30_10_4_38 | 03:13:45 ... UNSATISFIABLE  (0s wall)
[cfg2_SN-none-ss] instance_30_10_4_39 | 03:13:45 ... UNSATISFIABLE  (0s wall)
[cfg2_SN-none-ss] instance_30_10_4_4 | 03:13:45 ... OPTIMUM  (10s wall)
[cfg2_SN-none-ss] instance_30_10_4_40 | 03:13:56 ... UNSATISFIABLE  (0s wall)
[cfg2_SN-none-ss] instance_30_10_4_41 | 03:13:56 ... OPTIMUM  (8s wall)
[cfg2_SN-none-ss] instance_30_10_4_42 | 03:14:04 ... UNSATISFIABLE  (0s wall)
[cfg2_SN-none-ss] instance_30_10_4_43 | 03:14:04 ... OPTIMUM  (23s wall)
[cfg2_SN-none-ss] instance_30_10_4_44 | 03:14:28 ... UNSATISFIABLE  (0s wall)
[cfg2_SN-none-ss] instance_30_10_4_45 | 03:14:28 ... OPTIMUM  (2s wall)
[cfg2_SN-none-ss] instance_30_10_4_46 | 03:14:30 ... UNSATISFIABLE  (0s wall)
[cfg2_SN-none-ss] instance_30_10_4_47 | 03:14:30 ... OPTIMUM  (9s wall)
[cfg2_SN-none-ss] instance_30_10_4_48 | 03:14:39 ... OPTIMUM  (5s wall)
[cfg2_SN-none-ss] instance_30_10_4_49 | 03:14:44 ... UNSATISFIABLE  (0s wall)
[cfg2_SN-none-ss] instance_30_10_4_5 | 03:14:44 ... OPTIMUM  (16s wall)
[cfg2_SN-none-ss] instance_30_10_4_50 | 03:15:00 ... UNSATISFIABLE  (0s wall)
[cfg2_SN-none-ss] instance_30_10_4_6 | 03:15:00 ... OPTIMUM  (10s wall)
[cfg2_SN-none-ss] instance_30_10_4_7 | 03:15:11 ... UNSATISFIABLE  (0s wall)
[cfg2_SN-none-ss] instance_30_10_4_8 | 03:15:11 ... OPTIMUM  (24s wall)
[cfg2_SN-none-ss] instance_30_10_4_9 | 03:15:35 ... UNSATISFIABLE  (0s wall)
[cfg3_SN-both-none] instance_30_10_4_1 | 03:15:35 ... OPTIMUM  (17s wall)
[cfg3_SN-both-none] instance_30_10_4_10 | 03:15:52 ... OPTIMUM  (12s wall)
[cfg3_SN-both-none] instance_30_10_4_11 | 03:16:04 ... OPTIMUM  (17s wall)
[cfg3_SN-both-none] instance_30_10_4_12 | 03:16:21 ... OPTIMUM  (26s wall)
[cfg3_SN-both-none] instance_30_10_4_13 | 03:16:47 ... UNSATISFIABLE  (0s wall)
[cfg3_SN-both-none] instance_30_10_4_14 | 03:16:47 ... UNSATISFIABLE  (0s wall)
[cfg3_SN-both-none] instance_30_10_4_15 | 03:16:47 ... UNSATISFIABLE  (0s wall)
[cfg3_SN-both-none] instance_30_10_4_16 | 03:16:47 ... OPTIMUM  (11s wall)
[cfg3_SN-both-none] instance_30_10_4_17 | 03:16:59 ... OPTIMUM  (8s wall)
[cfg3_SN-both-none] instance_30_10_4_18 | 03:17:08 ... OPTIMUM  (4s wall)
[cfg3_SN-both-none] instance_30_10_4_19 | 03:17:11 ... UNSATISFIABLE  (0s wall)
[cfg3_SN-both-none] instance_30_10_4_2 | 03:17:11 ... UNSATISFIABLE  (1s wall)
[cfg3_SN-both-none] instance_30_10_4_20 | 03:17:12 ... UNSATISFIABLE  (0s wall)
[cfg3_SN-both-none] instance_30_10_4_21 | 03:17:12 ... UNSATISFIABLE  (0s wall)
[cfg3_SN-both-none] instance_30_10_4_22 | 03:17:12 ... UNSATISFIABLE  (0s wall)
[cfg3_SN-both-none] instance_30_10_4_23 | 03:17:12 ... OPTIMUM  (13s wall)
[cfg3_SN-both-none] instance_30_10_4_24 | 03:17:25 ... OPTIMUM  (6s wall)
[cfg3_SN-both-none] instance_30_10_4_25 | 03:17:31 ... OPTIMUM  (18s wall)
[cfg3_SN-both-none] instance_30_10_4_26 | 03:17:49 ... UNSATISFIABLE  (0s wall)
[cfg3_SN-both-none] instance_30_10_4_27 | 03:17:49 ... OPTIMUM  (19s wall)
[cfg3_SN-both-none] instance_30_10_4_28 | 03:18:08 ... UNSATISFIABLE  (0s wall)
[cfg3_SN-both-none] instance_30_10_4_29 | 03:18:08 ... UNSATISFIABLE  (0s wall)
[cfg3_SN-both-none] instance_30_10_4_3 | 03:18:08 ... UNSATISFIABLE  (0s wall)
[cfg3_SN-both-none] instance_30_10_4_30 | 03:18:08 ... OPTIMUM  (19s wall)
[cfg3_SN-both-none] instance_30_10_4_31 | 03:18:27 ... OPTIMUM  (9s wall)
[cfg3_SN-both-none] instance_30_10_4_32 | 03:18:36 ... OPTIMUM  (13s wall)
[cfg3_SN-both-none] instance_30_10_4_33 | 03:18:49 ... OPTIMUM  (15s wall)
[cfg3_SN-both-none] instance_30_10_4_34 | 03:19:04 ... UNSATISFIABLE  (0s wall)
[cfg3_SN-both-none] instance_30_10_4_35 | 03:19:04 ... UNSATISFIABLE  (0s wall)
[cfg3_SN-both-none] instance_30_10_4_36 | 03:19:05 ... OPTIMUM  (29s wall)
[cfg3_SN-both-none] instance_30_10_4_37 | 03:19:34 ... OPTIMUM  (17s wall)
[cfg3_SN-both-none] instance_30_10_4_38 | 03:19:51 ... UNSATISFIABLE  (0s wall)
[cfg3_SN-both-none] instance_30_10_4_39 | 03:19:51 ... UNSATISFIABLE  (0s wall)
[cfg3_SN-both-none] instance_30_10_4_4 | 03:19:52 ... OPTIMUM  (11s wall)
[cfg3_SN-both-none] instance_30_10_4_40 | 03:20:03 ... UNSATISFIABLE  (1s wall)
[cfg3_SN-both-none] instance_30_10_4_41 | 03:20:04 ... OPTIMUM  (10s wall)
[cfg3_SN-both-none] instance_30_10_4_42 | 03:20:14 ... UNSATISFIABLE  (0s wall)
[cfg3_SN-both-none] instance_30_10_4_43 | 03:20:14 ... === Chiến dịch Thực nghiệm 8 Cấu hình với EvalMaxSAT ===
Thư mục instance : instances/paperInstances/TXT_10-25_4-5_U30 instances/paperInstances/TXT_10-25_4-5_U40
Mẫu tên instance : instance_30_10_4_*.txt
Số bài kiểm thử  : 50 (trong một cấu hình)
Tổng lượt giải   : 400
Timeout/instance : 300s
Giới hạn/cấu hình: 7200s
--------------------------------------------------------
[cfg1_ORIGINAL] instance_30_10_4_1 | 03:29:41 ... OPTIMUM  (13s wall)
[cfg1_ORIGINAL] instance_30_10_4_10 | 03:29:54 ... OPTIMUM  (13s wall)
[cfg1_ORIGINAL] instance_30_10_4_11 | 03:30:07 ... OPTIMUM  (18s wall)
[cfg1_ORIGINAL] instance_30_10_4_12 | 03:30:25 ... OPTIMUM  (21s wall)
[cfg1_ORIGINAL] instance_30_10_4_13 | 03:30:46 ... UNSATISFIABLE  (0s wall)
[cfg1_ORIGINAL] instance_30_10_4_14 | 03:30:46 ... UNSATISFIABLE  (0s wall)
[cfg1_ORIGINAL] instance_30_10_4_15 | 03:30:46 ... UNSATISFIABLE  (0s wall)
[cfg1_ORIGINAL] instance_30_10_4_16 | 03:30:46 ... OPTIMUM  (9s wall)
[cfg1_ORIGINAL] instance_30_10_4_17 | 03:30:55 ... OPTIMUM  (5s wall)
[cfg1_ORIGINAL] instance_30_10_4_18 | 03:31:00 ... OPTIMUM  (5s wall)
[cfg1_ORIGINAL] instance_30_10_4_19 | 03:31:06 ... UNSATISFIABLE  (0s wall)
[cfg1_ORIGINAL] instance_30_10_4_2 | 03:31:06 ... UNSATISFIABLE  (0s wall)
[cfg1_ORIGINAL] instance_30_10_4_20 | 03:31:06 ... UNSATISFIABLE  (0s wall)
[cfg1_ORIGINAL] instance_30_10_4_21 | 03:31:06 ... UNSATISFIABLE  (0s wall)
[cfg1_ORIGINAL] instance_30_10_4_22 | 03:31:06 ... UNSATISFIABLE  (0s wall)
[cfg1_ORIGINAL] instance_30_10_4_23 | 03:31:06 ... OPTIMUM  (10s wall)
[cfg1_ORIGINAL] instance_30_10_4_24 | 03:31:16 ... OPTIMUM  (4s wall)
[cfg1_ORIGINAL] instance_30_10_4_25 | 03:31:20 ... OPTIMUM  (16s wall)
[cfg1_ORIGINAL] instance_30_10_4_26 | 03:31:36 ... UNSATISFIABLE  (0s wall)
[cfg1_ORIGINAL] instance_30_10_4_27 | 03:31:36 ... OPTIMUM  (18s wall)
[cfg1_ORIGINAL] instance_30_10_4_28 | 03:31:54 ... UNSATISFIABLE  (0s wall)
[cfg1_ORIGINAL] instance_30_10_4_29 | 03:31:54 ... UNSATISFIABLE  (0s wall)
[cfg1_ORIGINAL] instance_30_10_4_3 | 03:31:54 ... UNSATISFIABLE  (0s wall)
[cfg1_ORIGINAL] instance_30_10_4_30 | 03:31:54 ... OPTIMUM  (21s wall)
[cfg1_ORIGINAL] instance_30_10_4_31 | 03:32:15 ... OPTIMUM  (10s wall)
[cfg1_ORIGINAL] instance_30_10_4_32 | 03:32:25 ... OPTIMUM  (15s wall)
[cfg1_ORIGINAL] instance_30_10_4_33 | 03:32:40 ... OPTIMUM  (14s wall)
[cfg1_ORIGINAL] instance_30_10_4_34 | 03:32:54 ... UNSATISFIABLE  (0s wall)
[cfg1_ORIGINAL] instance_30_10_4_35 | 03:32:54 ... UNSATISFIABLE  (0s wall)
[cfg1_ORIGINAL] instance_30_10_4_36 | 03:32:54 ... OPTIMUM  (27s wall)
[cfg1_ORIGINAL] instance_30_10_4_37 | 03:33:21 ... OPTIMUM  (10s wall)
[cfg1_ORIGINAL] instance_30_10_4_38 | 03:33:31 ... UNSATISFIABLE  (0s wall)
[cfg1_ORIGINAL] instance_30_10_4_39 | 03:33:31 ... UNSATISFIABLE  (0s wall)
[cfg1_ORIGINAL] instance_30_10_4_4 | 03:33:31 ... OPTIMUM  (9s wall)
[cfg1_ORIGINAL] instance_30_10_4_40 | 03:33:40 ... UNSATISFIABLE  (0s wall)
[cfg1_ORIGINAL] instance_30_10_4_41 | 03:33:41 ... OPTIMUM  (8s wall)
[cfg1_ORIGINAL] instance_30_10_4_42 | 03:33:49 ... UNSATISFIABLE  (0s wall)
[cfg1_ORIGINAL] instance_30_10_4_43 | 03:33:49 ... OPTIMUM  (22s wall)
[cfg1_ORIGINAL] instance_30_10_4_44 | 03:34:11 ... UNSATISFIABLE  (0s wall)
[cfg1_ORIGINAL] instance_30_10_4_45 | 03:34:11 ... OPTIMUM  (6s wall)
[cfg1_ORIGINAL] instance_30_10_4_46 | 03:34:17 ... UNSATISFIABLE  (0s wall)
[cfg1_ORIGINAL] instance_30_10_4_47 | 03:34:17 ... OPTIMUM  (13s wall)
[cfg1_ORIGINAL] instance_30_10_4_48 | 03:34:30 ... OPTIMUM  (7s wall)
[cfg1_ORIGINAL] instance_30_10_4_49 | 03:34:37 ... UNSATISFIABLE  (0s wall)
[cfg1_ORIGINAL] instance_30_10_4_5 | 03:34:37 ... OPTIMUM  (17s wall)
[cfg1_ORIGINAL] instance_30_10_4_50 | 03:34:54 ... UNSATISFIABLE  (0s wall)
[cfg1_ORIGINAL] instance_30_10_4_6 | 03:34:54 ... OPTIMUM  (10s wall)
[cfg1_ORIGINAL] instance_30_10_4_7 | 03:35:04 ... UNSATISFIABLE  (0s wall)
[cfg1_ORIGINAL] instance_30_10_4_8 | 03:35:04 ... OPTIMUM  (26s wall)
[cfg1_ORIGINAL] instance_30_10_4_9 | 03:35:30 ... UNSATISFIABLE  (0s wall)
[cfg2_SN-none-ss] instance_30_10_4_1 | 03:35:30 ... OPTIMUM  (13s wall)
[cfg2_SN-none-ss] instance_30_10_4_10 | 03:35:43 ... OPTIMUM  (10s wall)
[cfg2_SN-none-ss] instance_30_10_4_11 | 03:35:53 ... OPTIMUM  (15s wall)
[cfg2_SN-none-ss] instance_30_10_4_12 | 03:36:08 ... OPTIMUM  (13s wall)
[cfg2_SN-none-ss] instance_30_10_4_13 | 03:36:21 ... UNSATISFIABLE  (0s wall)
[cfg2_SN-none-ss] instance_30_10_4_14 | 03:36:21 ... UNSATISFIABLE  (0s wall)
[cfg2_SN-none-ss] instance_30_10_4_15 | 03:36:21 ... UNSATISFIABLE  (0s wall)
[cfg2_SN-none-ss] instance_30_10_4_16 | 03:36:21 ... OPTIMUM  (11s wall)
[cfg2_SN-none-ss] instance_30_10_4_17 | 03:36:32 ... OPTIMUM  (3s wall)
[cfg2_SN-none-ss] instance_30_10_4_18 | 03:36:35 ... OPTIMUM  (6s wall)
[cfg2_SN-none-ss] instance_30_10_4_19 | 03:36:41 ... UNSATISFIABLE  (0s wall)
[cfg2_SN-none-ss] instance_30_10_4_2 | 03:36:41 ... UNSATISFIABLE  (0s wall)
[cfg2_SN-none-ss] instance_30_10_4_20 | 03:36:41 ... UNSATISFIABLE  (0s wall)
[cfg2_SN-none-ss] instance_30_10_4_21 | 03:36:41 ... UNSATISFIABLE  (0s wall)
[cfg2_SN-none-ss] instance_30_10_4_22 | 03:36:41 ... UNSATISFIABLE  (1s wall)
[cfg2_SN-none-ss] instance_30_10_4_23 | 03:36:42 ... OPTIMUM  (11s wall)
[cfg2_SN-none-ss] instance_30_10_4_24 | 03:36:53 ... OPTIMUM  (4s wall)
[cfg2_SN-none-ss] instance_30_10_4_25 | 03:36:57 ... OPTIMUM  (15s wall)
[cfg2_SN-none-ss] instance_30_10_4_26 | 03:37:12 ... UNSATISFIABLE  (0s wall)
[cfg2_SN-none-ss] instance_30_10_4_27 | 03:37:12 ... OPTIMUM  (17s wall)
[cfg2_SN-none-ss] instance_30_10_4_28 | 03:37:29 ... UNSATISFIABLE  (0s wall)
[cfg2_SN-none-ss] instance_30_10_4_29 | 03:37:29 ... UNSATISFIABLE  (0s wall)
[cfg2_SN-none-ss] instance_30_10_4_3 | 03:37:29 ... UNSATISFIABLE  (0s wall)
[cfg2_SN-none-ss] instance_30_10_4_30 | 03:37:29 ... OPTIMUM  (26s wall)
[cfg2_SN-none-ss] instance_30_10_4_31 | 03:37:55 ... OPTIMUM  (8s wall)
[cfg2_SN-none-ss] instance_30_10_4_32 | 03:38:03 ... OPTIMUM  (11s wall)
[cfg2_SN-none-ss] instance_30_10_4_33 | 03:38:14 ... OPTIMUM  (10s wall)
[cfg2_SN-none-ss] instance_30_10_4_34 | 03:38:25 ... UNSATISFIABLE  (0s wall)
[cfg2_SN-none-ss] instance_30_10_4_35 | 03:38:25 ... UNSATISFIABLE  (0s wall)
[cfg2_SN-none-ss] instance_30_10_4_36 | 03:38:25 ... OPTIMUM  (28s wall)
[cfg2_SN-none-ss] instance_30_10_4_37 | 03:38:53 ... OPTIMUM  (17s wall)
[cfg2_SN-none-ss] instance_30_10_4_38 | 03:39:10 ... UNSATISFIABLE  (0s wall)
[cfg2_SN-none-ss] instance_30_10_4_39 | 03:39:10 ... UNSATISFIABLE  (0s wall)
[cfg2_SN-none-ss] instance_30_10_4_4 | 03:39:10 ... OPTIMUM  (8s wall)
[cfg2_SN-none-ss] instance_30_10_4_40 | 03:39:18 ... UNSATISFIABLE  (0s wall)
[cfg2_SN-none-ss] instance_30_10_4_41 | 03:39:18 ... OPTIMUM  (8s wall)
[cfg2_SN-none-ss] instance_30_10_4_42 | 03:39:26 ... UNSATISFIABLE  (1s wall)
[cfg2_SN-none-ss] instance_30_10_4_43 | 03:39:27 ... OPTIMUM  (19s wall)
[cfg2_SN-none-ss] instance_30_10_4_44 | 03:39:47 ... UNSATISFIABLE  (0s wall)
[cfg2_SN-none-ss] instance_30_10_4_45 | 03:39:47 ... OPTIMUM  (2s wall)
[cfg2_SN-none-ss] instance_30_10_4_46 | 03:39:49 ... UNSATISFIABLE  (0s wall)
[cfg2_SN-none-ss] instance_30_10_4_47 | 03:39:49 ... OPTIMUM  (10s wall)
[cfg2_SN-none-ss] instance_30_10_4_48 | 03:39:59 ... OPTIMUM  (6s wall)
[cfg2_SN-none-ss] instance_30_10_4_49 | 03:40:05 ... UNSATISFIABLE  (0s wall)
[cfg2_SN-none-ss] instance_30_10_4_5 | 03:40:05 ... OPTIMUM  (12s wall)
[cfg2_SN-none-ss] instance_30_10_4_50 | 03:40:18 ... UNSATISFIABLE  (0s wall)
[cfg2_SN-none-ss] instance_30_10_4_6 | 03:40:18 ... OPTIMUM  (10s wall)
[cfg2_SN-none-ss] instance_30_10_4_7 | 03:40:28 ... UNSATISFIABLE  (0s wall)
[cfg2_SN-none-ss] instance_30_10_4_8 | 03:40:28 ... OPTIMUM  (23s wall)
[cfg2_SN-none-ss] instance_30_10_4_9 | 03:40:51 ... UNSATISFIABLE  (0s wall)
[cfg3_SN-both-none] instance_30_10_4_1 | 03:40:51 ... OPTIMUM  (16s wall)
[cfg3_SN-both-none] instance_30_10_4_10 | 03:41:07 ... OPTIMUM  (9s wall)
[cfg3_SN-both-none] instance_30_10_4_11 | 03:41:16 ... OPTIMUM  (18s wall)
[cfg3_SN-both-none] instance_30_10_4_12 | 03:41:34 ... OPTIMUM  (31s wall)
[cfg3_SN-both-none] instance_30_10_4_13 | 03:42:05 ... UNSATISFIABLE  (0s wall)
[cfg3_SN-both-none] instance_30_10_4_14 | 03:42:05 ... UNSATISFIABLE  (0s wall)
[cfg3_SN-both-none] instance_30_10_4_15 | 03:42:05 ... UNSATISFIABLE  (0s wall)
[cfg3_SN-both-none] instance_30_10_4_16 | 03:42:05 ... OPTIMUM  (12s wall)
[cfg3_SN-both-none] instance_30_10_4_17 | 03:42:17 ... OPTIMUM  (4s wall)
[cfg3_SN-both-none] instance_30_10_4_18 | 03:42:21 ... OPTIMUM  (4s wall)
[cfg3_SN-both-none] instance_30_10_4_19 | 03:42:25 ... UNSATISFIABLE  (0s wall)
[cfg3_SN-both-none] instance_30_10_4_2 | 03:42:25 ... UNSATISFIABLE  (0s wall)
[cfg3_SN-both-none] instance_30_10_4_20 | 03:42:25 ... UNSATISFIABLE  (0s wall)
[cfg3_SN-both-none] instance_30_10_4_21 | 03:42:25 ... UNSATISFIABLE  (1s wall)
[cfg3_SN-both-none] instance_30_10_4_22 | 03:42:26 ... UNSATISFIABLE  (0s wall)
[cfg3_SN-both-none] instance_30_10_4_23 | 03:42:26 ... OPTIMUM  (11s wall)
[cfg3_SN-both-none] instance_30_10_4_24 | 03:42:37 ... OPTIMUM  (10s wall)
[cfg3_SN-both-none] instance_30_10_4_25 | 03:42:47 ... OPTIMUM  (15s wall)
[cfg3_SN-both-none] instance_30_10_4_26 | 03:43:02 ... UNSATISFIABLE  (0s wall)
[cfg3_SN-both-none] instance_30_10_4_27 | 03:43:02 ... OPTIMUM  (20s wall)
[cfg3_SN-both-none] instance_30_10_4_28 | 03:43:22 ... UNSATISFIABLE  (0s wall)
[cfg3_SN-both-none] instance_30_10_4_29 | 03:43:22 ... UNSATISFIABLE  (0s wall)
[cfg3_SN-both-none] instance_30_10_4_3 | 03:43:22 ... UNSATISFIABLE  (0s wall)
[cfg3_SN-both-none] instance_30_10_4_30 | 03:43:22 ... OPTIMUM  (17s wall)
[cfg3_SN-both-none] instance_30_10_4_31 | 03:43:39 ... OPTIMUM  (10s wall)
[cfg3_SN-both-none] instance_30_10_4_32 | 03:43:49 ... OPTIMUM  (9s wall)
[cfg3_SN-both-none] instance_30_10_4_33 | 03:43:58 ... OPTIMUM  (15s wall)
[cfg3_SN-both-none] instance_30_10_4_34 | 03:44:13 ... UNSATISFIABLE  (0s wall)
[cfg3_SN-both-none] instance_30_10_4_35 | 03:44:13 ... UNSATISFIABLE  (0s wall)
[cfg3_SN-both-none] instance_30_10_4_36 | 03:44:13 ... OPTIMUM  (27s wall)
[cfg3_SN-both-none] instance_30_10_4_37 | 03:44:40 ... OPTIMUM  (19s wall)
[cfg3_SN-both-none] instance_30_10_4_38 | 03:45:00 ... UNSATISFIABLE  (0s wall)
[cfg3_SN-both-none] instance_30_10_4_39 | 03:45:00 ... UNSATISFIABLE  (0s wall)
[cfg3_SN-both-none] instance_30_10_4_4 | 03:45:00 ... OPTIMUM  (11s wall)
[cfg3_SN-both-none] instance_30_10_4_40 | 03:45:11 ... UNSATISFIABLE  (0s wall)
[cfg3_SN-both-none] instance_30_10_4_41 | 03:45:11 ... OPTIMUM  (10s wall)
[cfg3_SN-both-none] instance_30_10_4_42 | 03:45:21 ... UNSATISFIABLE  (0s wall)
[cfg3_SN-both-none] instance_30_10_4_43 | 03:45:21 ... OPTIMUM  (16s wall)
[cfg3_SN-both-none] instance_30_10_4_44 | 03:45:37 ... UNSATISFIABLE  (0s wall)
[cfg3_SN-both-none] instance_30_10_4_45 | 03:45:37 ... OPTIMUM  (3s wall)
[cfg3_SN-both-none] instance_30_10_4_46 | 03:45:40 ... UNSATISFIABLE  (0s wall)
[cfg3_SN-both-none] instance_30_10_4_47 | 03:45:40 ... OPTIMUM  (10s wall)
[cfg3_SN-both-none] instance_30_10_4_48 | 03:45:50 ... OPTIMUM  (7s wall)
[cfg3_SN-both-none] instance_30_10_4_49 | 03:45:57 ... UNSATISFIABLE  (0s wall)
[cfg3_SN-both-none] instance_30_10_4_5 | 03:45:57 ... OPTIMUM  (20s wall)
[cfg3_SN-both-none] instance_30_10_4_50 | 03:46:17 ... UNSATISFIABLE  (0s wall)
[cfg3_SN-both-none] instance_30_10_4_6 | 03:46:17 ... OPTIMUM  (10s wall)
[cfg3_SN-both-none] instance_30_10_4_7 | 03:46:27 ... UNSATISFIABLE  (0s wall)
[cfg3_SN-both-none] instance_30_10_4_8 | 03:46:27 ... OPTIMUM  (27s wall)
[cfg3_SN-both-none] instance_30_10_4_9 | 03:46:54 ... UNSATISFIABLE  (0s wall)
[cfg4_SN-both-ss] instance_30_10_4_1 | 03:46:54 ... OPTIMUM  (18s wall)
[cfg4_SN-both-ss] instance_30_10_4_10 | 03:47:12 ... OPTIMUM  (11s wall)
[cfg4_SN-both-ss] instance_30_10_4_11 | 03:47:23 ... OPTIMUM  (14s wall)
[cfg4_SN-both-ss] instance_30_10_4_12 | 03:47:37 ... OPTIMUM  (27s wall)
[cfg4_SN-both-ss] instance_30_10_4_13 | 03:48:04 ... UNSATISFIABLE  (0s wall)
[cfg4_SN-both-ss] instance_30_10_4_14 | 03:48:04 ... UNSATISFIABLE  (0s wall)
[cfg4_SN-both-ss] instance_30_10_4_15 | 03:48:04 ... UNSATISFIABLE  (0s wall)
[cfg4_SN-both-ss] instance_30_10_4_16 | 03:48:05 ... OPTIMUM  (15s wall)
[cfg4_SN-both-ss] instance_30_10_4_17 | 03:48:20 ... OPTIMUM  (4s wall)
[cfg4_SN-both-ss] instance_30_10_4_18 | 03:48:24 ... OPTIMUM  (4s wall)
[cfg4_SN-both-ss] instance_30_10_4_19 | 03:48:28 ... UNSATISFIABLE  (0s wall)
[cfg4_SN-both-ss] instance_30_10_4_2 | 03:48:28 ... UNSATISFIABLE  (0s wall)
[cfg4_SN-both-ss] instance_30_10_4_20 | 03:48:28 ... UNSATISFIABLE  (0s wall)
[cfg4_SN-both-ss] instance_30_10_4_21 | 03:48:28 ... UNSATISFIABLE  (1s wall)
[cfg4_SN-both-ss] instance_30_10_4_22 | 03:48:29 ... UNSATISFIABLE  (0s wall)
[cfg4_SN-both-ss] instance_30_10_4_23 | 03:48:29 ... OPTIMUM  (11s wall)
[cfg4_SN-both-ss] instance_30_10_4_24 | 03:48:40 ... OPTIMUM  (6s wall)
[cfg4_SN-both-ss] instance_30_10_4_25 | 03:48:46 ... OPTIMUM  (18s wall)
[cfg4_SN-both-ss] instance_30_10_4_26 | 03:49:04 ... UNSATISFIABLE  (0s wall)
[cfg4_SN-both-ss] instance_30_10_4_27 | 03:49:04 ... OPTIMUM  (20s wall)
[cfg4_SN-both-ss] instance_30_10_4_28 | 03:49:24 ... UNSATISFIABLE  (0s wall)
[cfg4_SN-both-ss] instance_30_10_4_29 | 03:49:24 ... UNSATISFIABLE  (0s wall)
[cfg4_SN-both-ss] instance_30_10_4_3 | 03:49:24 ... UNSATISFIABLE  (0s wall)
[cfg4_SN-both-ss] instance_30_10_4_30 | 03:49:24 ... OPTIMUM  (16s wall)
[cfg4_SN-both-ss] instance_30_10_4_31 | 03:49:40 ... OPTIMUM  (8s wall)
[cfg4_SN-both-ss] instance_30_10_4_32 | 03:49:48 ... OPTIMUM  (12s wall)
[cfg4_SN-both-ss] instance_30_10_4_33 | 03:50:01 ... OPTIMUM  (28s wall)
[cfg4_SN-both-ss] instance_30_10_4_34 | 03:50:29 ... UNSATISFIABLE  (0s wall)
[cfg4_SN-both-ss] instance_30_10_4_35 | 03:50:29 ... UNSATISFIABLE  (0s wall)
[cfg4_SN-both-ss] instance_30_10_4_36 | 03:50:29 ... OPTIMUM  (24s wall)
[cfg4_SN-both-ss] instance_30_10_4_37 | 03:50:53 ... OPTIMUM  (14s wall)
[cfg4_SN-both-ss] instance_30_10_4_38 | 03:51:07 ... UNSATISFIABLE  (1s wall)
[cfg4_SN-both-ss] instance_30_10_4_39 | 03:51:08 ... UNSATISFIABLE  (0s wall)
[cfg4_SN-both-ss] instance_30_10_4_4 | 03:51:08 ... OPTIMUM  (12s wall)
[cfg4_SN-both-ss] instance_30_10_4_40 | 03:51:20 ... UNSATISFIABLE  (0s wall)
[cfg4_SN-both-ss] instance_30_10_4_41 | 03:51:20 ... OPTIMUM  (9s wall)
[cfg4_SN-both-ss] instance_30_10_4_42 | 03:51:29 ... UNSATISFIABLE  (0s wall)
[cfg4_SN-both-ss] instance_30_10_4_43 | 03:51:29 ... OPTIMUM  (19s wall)
[cfg4_SN-both-ss] instance_30_10_4_44 | 03:51:49 ... UNSATISFIABLE  (0s wall)
[cfg4_SN-both-ss] instance_30_10_4_45 | 03:51:49 ... OPTIMUM  (5s wall)
[cfg4_SN-both-ss] instance_30_10_4_46 | 03:51:55 ... UNSATISFIABLE  (0s wall)
[cfg4_SN-both-ss] instance_30_10_4_47 | 03:51:55 ... OPTIMUM  (9s wall)
[cfg4_SN-both-ss] instance_30_10_4_48 | 03:52:04 ... OPTIMUM  (7s wall)
[cfg4_SN-both-ss] instance_30_10_4_49 | 03:52:11 ... UNSATISFIABLE  (0s wall)
[cfg4_SN-both-ss] instance_30_10_4_5 | 03:52:11 ... OPTIMUM  (14s wall)
[cfg4_SN-both-ss] instance_30_10_4_50 | 03:52:25 ... UNSATISFIABLE  (0s wall)
[cfg4_SN-both-ss] instance_30_10_4_6 | 03:52:25 ... OPTIMUM  (10s wall)
[cfg4_SN-both-ss] instance_30_10_4_7 | 03:52:35 ... UNSATISFIABLE  (0s wall)
[cfg4_SN-both-ss] instance_30_10_4_8 | 03:52:35 ... OPTIMUM  (25s wall)
[cfg4_SN-both-ss] instance_30_10_4_9 | 03:53:00 ... UNSATISFIABLE  (0s wall)
[cfg5_TOT-none-none] instance_30_10_4_1 | 03:53:00 ... OPTIMUM  (11s wall)
[cfg5_TOT-none-none] instance_30_10_4_10 | 03:53:11 ... OPTIMUM  (11s wall)
[cfg5_TOT-none-none] instance_30_10_4_11 | 03:53:22 ... OPTIMUM  (19s wall)
[cfg5_TOT-none-none] instance_30_10_4_12 | 03:53:41 ... OPTIMUM  (17s wall)
[cfg5_TOT-none-none] instance_30_10_4_13 | 03:53:58 ... UNSATISFIABLE  (0s wall)
[cfg5_TOT-none-none] instance_30_10_4_14 | 03:53:58 ... UNSATISFIABLE  (0s wall)
[cfg5_TOT-none-none] instance_30_10_4_15 | 03:53:58 ... UNSATISFIABLE  (0s wall)
[cfg5_TOT-none-none] instance_30_10_4_16 | 03:53:58 ... OPTIMUM  (13s wall)
[cfg5_TOT-none-none] instance_30_10_4_17 | 03:54:11 ... OPTIMUM  (5s wall)
[cfg5_TOT-none-none] instance_30_10_4_18 | 03:54:16 ... OPTIMUM  (7s wall)
[cfg5_TOT-none-none] instance_30_10_4_19 | 03:54:23 ... UNSATISFIABLE  (0s wall)
[cfg5_TOT-none-none] instance_30_10_4_2 | 03:54:23 ... UNSATISFIABLE  (0s wall)
[cfg5_TOT-none-none] instance_30_10_4_20 | 03:54:23 ... UNSATISFIABLE  (0s wall)
[cfg5_TOT-none-none] instance_30_10_4_21 | 03:54:23 ... UNSATISFIABLE  (0s wall)
[cfg5_TOT-none-none] instance_30_10_4_22 | 03:54:23 ... UNSATISFIABLE  (0s wall)
[cfg5_TOT-none-none] instance_30_10_4_23 | 03:54:23 ... OPTIMUM  (6s wall)
[cfg5_TOT-none-none] instance_30_10_4_24 | 03:54:29 ... OPTIMUM  (10s wall)
[cfg5_TOT-none-none] instance_30_10_4_25 | 03:54:39 ... OPTIMUM  (18s wall)
[cfg5_TOT-none-none] instance_30_10_4_26 | 03:54:57 ... UNSATISFIABLE  (0s wall)
[cfg5_TOT-none-none] instance_30_10_4_27 | 03:54:57 ... OPTIMUM  (13s wall)
[cfg5_TOT-none-none] instance_30_10_4_28 | 03:55:10 ... UNSATISFIABLE  (0s wall)
[cfg5_TOT-none-none] instance_30_10_4_29 | 03:55:10 ... UNSATISFIABLE  (0s wall)
[cfg5_TOT-none-none] instance_30_10_4_3 | 03:55:10 ... UNSATISFIABLE  (1s wall)
[cfg5_TOT-none-none] instance_30_10_4_30 | 03:55:11 ... OPTIMUM  (14s wall)
[cfg5_TOT-none-none] instance_30_10_4_31 | 03:55:25 ... OPTIMUM  (8s wall)
[cfg5_TOT-none-none] instance_30_10_4_32 | 03:55:33 ... OPTIMUM  (11s wall)
[cfg5_TOT-none-none] instance_30_10_4_33 | 03:55:44 ... OPTIMUM  (20s wall)
[cfg5_TOT-none-none] instance_30_10_4_34 | 03:56:04 ... UNSATISFIABLE  (0s wall)
[cfg5_TOT-none-none] instance_30_10_4_35 | 03:56:04 ... UNSATISFIABLE  (0s wall)
[cfg5_TOT-none-none] instance_30_10_4_36 | 03:56:04 ... OPTIMUM  (26s wall)
[cfg5_TOT-none-none] instance_30_10_4_37 | 03:56:30 ... OPTIMUM  (11s wall)
[cfg5_TOT-none-none] instance_30_10_4_38 | 03:56:41 ... UNSATISFIABLE  (0s wall)
[cfg5_TOT-none-none] instance_30_10_4_39 | 03:56:41 ... UNSATISFIABLE  (0s wall)
[cfg5_TOT-none-none] instance_30_10_4_4 | 03:56:41 ... OPTIMUM  (7s wall)
[cfg5_TOT-none-none] instance_30_10_4_40 | 03:56:48 ... UNSATISFIABLE  (0s wall)
[cfg5_TOT-none-none] instance_30_10_4_41 | 03:56:48 ... OPTIMUM  (9s wall)
[cfg5_TOT-none-none] instance_30_10_4_42 | 03:56:57 ... UNSATISFIABLE  (0s wall)
[cfg5_TOT-none-none] instance_30_10_4_43 | 03:56:57 ... OPTIMUM  (17s wall)
[cfg5_TOT-none-none] instance_30_10_4_44 | 03:57:14 ... UNSATISFIABLE  (0s wall)
[cfg5_TOT-none-none] instance_30_10_4_45 | 03:57:14 ... OPTIMUM  (8s wall)
[cfg5_TOT-none-none] instance_30_10_4_46 | 03:57:22 ... UNSATISFIABLE  (0s wall)
[cfg5_TOT-none-none] instance_30_10_4_47 | 03:57:22 ... OPTIMUM  (9s wall)
[cfg5_TOT-none-none] instance_30_10_4_48 | 03:57:31 ... OPTIMUM  (5s wall)
[cfg5_TOT-none-none] instance_30_10_4_49 | 03:57:36 ... UNSATISFIABLE  (0s wall)
[cfg5_TOT-none-none] instance_30_10_4_5 | 03:57:36 ... OPTIMUM  (19s wall)
[cfg5_TOT-none-none] instance_30_10_4_50 | 03:57:55 ... UNSATISFIABLE  (0s wall)
[cfg5_TOT-none-none] instance_30_10_4_6 | 03:57:55 ... OPTIMUM  (7s wall)
[cfg5_TOT-none-none] instance_30_10_4_7 | 03:58:02 ... UNSATISFIABLE  (0s wall)
[cfg5_TOT-none-none] instance_30_10_4_8 | 03:58:02 ... OPTIMUM  (20s wall)
[cfg5_TOT-none-none] instance_30_10_4_9 | 03:58:22 ... UNSATISFIABLE  (1s wall)
[cfg6_TOT-none-ss] instance_30_10_4_1 | 03:58:23 ... OPTIMUM  (12s wall)
[cfg6_TOT-none-ss] instance_30_10_4_10 | 03:58:35 ... OPTIMUM  (9s wall)
[cfg6_TOT-none-ss] instance_30_10_4_11 | 03:58:44 ... OPTIMUM  (16s wall)
[cfg6_TOT-none-ss] instance_30_10_4_12 | 03:59:00 ... OPTIMUM  (24s wall)
[cfg6_TOT-none-ss] instance_30_10_4_13 | 03:59:24 ... UNSATISFIABLE  (0s wall)
[cfg6_TOT-none-ss] instance_30_10_4_14 | 03:59:24 ... UNSATISFIABLE  (0s wall)
[cfg6_TOT-none-ss] instance_30_10_4_15 | 03:59:24 ... UNSATISFIABLE  (0s wall)
[cfg6_TOT-none-ss] instance_30_10_4_16 | 03:59:24 ... OPTIMUM  (12s wall)
[cfg6_TOT-none-ss] instance_30_10_4_17 | 03:59:36 ... OPTIMUM  (3s wall)
[cfg6_TOT-none-ss] instance_30_10_4_18 | 03:59:39 ... OPTIMUM  (6s wall)
[cfg6_TOT-none-ss] instance_30_10_4_19 | 03:59:45 ... UNSATISFIABLE  (0s wall)
[cfg6_TOT-none-ss] instance_30_10_4_2 | 03:59:45 ... UNSATISFIABLE  (0s wall)
[cfg6_TOT-none-ss] instance_30_10_4_20 | 03:59:46 ... UNSATISFIABLE  (0s wall)
[cfg6_TOT-none-ss] instance_30_10_4_21 | 03:59:46 ... UNSATISFIABLE  (0s wall)
[cfg6_TOT-none-ss] instance_30_10_4_22 | 03:59:46 ... UNSATISFIABLE  (0s wall)
[cfg6_TOT-none-ss] instance_30_10_4_23 | 03:59:46 ... OPTIMUM  (9s wall)
[cfg6_TOT-none-ss] instance_30_10_4_24 | 03:59:55 ... OPTIMUM  (6s wall)
[cfg6_TOT-none-ss] instance_30_10_4_25 | 04:00:01 ... OPTIMUM  (17s wall)
[cfg6_TOT-none-ss] instance_30_10_4_26 | 04:00:19 ... UNSATISFIABLE  (0s wall)
[cfg6_TOT-none-ss] instance_30_10_4_27 | 04:00:19 ... OPTIMUM  (15s wall)
[cfg6_TOT-none-ss] instance_30_10_4_28 | 04:00:34 ... UNSATISFIABLE  (0s wall)
[cfg6_TOT-none-ss] instance_30_10_4_29 | 04:00:34 ... UNSATISFIABLE  (0s wall)
[cfg6_TOT-none-ss] instance_30_10_4_3 | 04:00:34 ... UNSATISFIABLE  (0s wall)
[cfg6_TOT-none-ss] instance_30_10_4_30 | 04:00:34 ... OPTIMUM  (18s wall)
[cfg6_TOT-none-ss] instance_30_10_4_31 | 04:00:52 ... OPTIMUM  (9s wall)
[cfg6_TOT-none-ss] instance_30_10_4_32 | 04:01:01 ... OPTIMUM  (11s wall)
[cfg6_TOT-none-ss] instance_30_10_4_33 | 04:01:12 ... OPTIMUM  (21s wall)
[cfg6_TOT-none-ss] instance_30_10_4_34 | 04:01:33 ... UNSATISFIABLE  (0s wall)
[cfg6_TOT-none-ss] instance_30_10_4_35 | 04:01:33 ... UNSATISFIABLE  (0s wall)
[cfg6_TOT-none-ss] instance_30_10_4_36 | 04:01:33 ... OPTIMUM  (23s wall)
[cfg6_TOT-none-ss] instance_30_10_4_37 | 04:01:56 ... OPTIMUM  (13s wall)
[cfg6_TOT-none-ss] instance_30_10_4_38 | 04:02:09 ... UNSATISFIABLE  (0s wall)
[cfg6_TOT-none-ss] instance_30_10_4_39 | 04:02:09 ... UNSATISFIABLE  (0s wall)
[cfg6_TOT-none-ss] instance_30_10_4_4 | 04:02:09 ... OPTIMUM  (6s wall)
[cfg6_TOT-none-ss] instance_30_10_4_40 | 04:02:15 ... UNSATISFIABLE  (0s wall)
[cfg6_TOT-none-ss] instance_30_10_4_41 | 04:02:15 ... OPTIMUM  (7s wall)
[cfg6_TOT-none-ss] instance_30_10_4_42 | 04:02:22 ... UNSATISFIABLE  (0s wall)
[cfg6_TOT-none-ss] instance_30_10_4_43 | 04:02:22 ... OPTIMUM  (11s wall)
[cfg6_TOT-none-ss] instance_30_10_4_44 | 04:02:33 ... UNSATISFIABLE  (0s wall)
[cfg6_TOT-none-ss] instance_30_10_4_45 | 04:02:33 ... OPTIMUM  (6s wall)
[cfg6_TOT-none-ss] instance_30_10_4_46 | 04:02:39 ... UNSATISFIABLE  (0s wall)
[cfg6_TOT-none-ss] instance_30_10_4_47 | 04:02:39 ... OPTIMUM  (6s wall)
[cfg6_TOT-none-ss] instance_30_10_4_48 | 04:02:45 ... OPTIMUM  (5s wall)
[cfg6_TOT-none-ss] instance_30_10_4_49 | 04:02:50 ... UNSATISFIABLE  (0s wall)
[cfg6_TOT-none-ss] instance_30_10_4_5 | 04:02:50 ... OPTIMUM  (13s wall)
[cfg6_TOT-none-ss] instance_30_10_4_50 | 04:03:03 ... UNSATISFIABLE  (0s wall)
[cfg6_TOT-none-ss] instance_30_10_4_6 | 04:03:03 ... OPTIMUM  (8s wall)
[cfg6_TOT-none-ss] instance_30_10_4_7 | 04:03:11 ... UNSATISFIABLE  (0s wall)
[cfg6_TOT-none-ss] instance_30_10_4_8 | 04:03:11 ... OPTIMUM  (22s wall)
[cfg6_TOT-none-ss] instance_30_10_4_9 | 04:03:33 ... UNSATISFIABLE  (0s wall)
[cfg7_TOT-both-none] instance_30_10_4_1 | 04:03:33 ... OPTIMUM  (11s wall)
[cfg7_TOT-both-none] instance_30_10_4_10 | 04:03:44 ... OPTIMUM  (10s wall)
[cfg7_TOT-both-none] instance_30_10_4_11 | 04:03:54 ... OPTIMUM  (16s wall)
[cfg7_TOT-both-none] instance_30_10_4_12 | 04:04:10 ... OPTIMUM  (14s wall)
[cfg7_TOT-both-none] instance_30_10_4_13 | 04:04:24 ... UNSATISFIABLE  (0s wall)
[cfg7_TOT-both-none] instance_30_10_4_14 | 04:04:24 ... UNSATISFIABLE  (0s wall)
[cfg7_TOT-both-none] instance_30_10_4_15 | 04:04:24 ... UNSATISFIABLE  (0s wall)
[cfg7_TOT-both-none] instance_30_10_4_16 | 04:04:24 ... OPTIMUM  (12s wall)
[cfg7_TOT-both-none] instance_30_10_4_17 | 04:04:36 ... OPTIMUM  (6s wall)
[cfg7_TOT-both-none] instance_30_10_4_18 | 04:04:42 ... OPTIMUM  (6s wall)
[cfg7_TOT-both-none] instance_30_10_4_19 | 04:04:48 ... UNSATISFIABLE  (0s wall)
[cfg7_TOT-both-none] instance_30_10_4_2 | 04:04:48 ... UNSATISFIABLE  (0s wall)
[cfg7_TOT-both-none] instance_30_10_4_20 | 04:04:48 ... UNSATISFIABLE  (0s wall)
[cfg7_TOT-both-none] instance_30_10_4_21 | 04:04:48 ... UNSATISFIABLE  (0s wall)
[cfg7_TOT-both-none] instance_30_10_4_22 | 04:04:48 ... UNSATISFIABLE  (0s wall)
[cfg7_TOT-both-none] instance_30_10_4_23 | 04:04:48 ... OPTIMUM  (12s wall)
[cfg7_TOT-both-none] instance_30_10_4_24 | 04:05:00 ... OPTIMUM  (9s wall)
[cfg7_TOT-both-none] instance_30_10_4_25 | 04:05:09 ... OPTIMUM  (14s wall)
[cfg7_TOT-both-none] instance_30_10_4_26 | 04:05:23 ... UNSATISFIABLE  (0s wall)
[cfg7_TOT-both-none] instance_30_10_4_27 | 04:05:23 ... OPTIMUM  (15s wall)
[cfg7_TOT-both-none] instance_30_10_4_28 | 04:05:38 ... UNSATISFIABLE  (1s wall)
[cfg7_TOT-both-none] instance_30_10_4_29 | 04:05:39 ... UNSATISFIABLE  (0s wall)
[cfg7_TOT-both-none] instance_30_10_4_3 | 04:05:39 ... UNSATISFIABLE  (0s wall)
[cfg7_TOT-both-none] instance_30_10_4_30 | 04:05:39 ... OPTIMUM  (17s wall)
[cfg7_TOT-both-none] instance_30_10_4_31 | 04:05:56 ... OPTIMUM  (8s wall)
[cfg7_TOT-both-none] instance_30_10_4_32 | 04:06:04 ... OPTIMUM  (8s wall)
[cfg7_TOT-both-none] instance_30_10_4_33 | 04:06:13 ... OPTIMUM  (14s wall)
[cfg7_TOT-both-none] instance_30_10_4_34 | 04:06:27 ... UNSATISFIABLE  (0s wall)
[cfg7_TOT-both-none] instance_30_10_4_35 | 04:06:27 ... UNSATISFIABLE  (0s wall)
[cfg7_TOT-both-none] instance_30_10_4_36 | 04:06:27 ... OPTIMUM  (25s wall)
[cfg7_TOT-both-none] instance_30_10_4_37 | 04:06:52 ... OPTIMUM  (16s wall)
[cfg7_TOT-both-none] instance_30_10_4_38 | 04:07:08 ... UNSATISFIABLE  (0s wall)
[cfg7_TOT-both-none] instance_30_10_4_39 | 04:07:08 ... UNSATISFIABLE  (0s wall)
[cfg7_TOT-both-none] instance_30_10_4_4 | 04:07:08 ... OPTIMUM  (11s wall)
[cfg7_TOT-both-none] instance_30_10_4_40 | 04:07:19 ... UNSATISFIABLE  (1s wall)
[cfg7_TOT-both-none] instance_30_10_4_41 | 04:07:20 ... OPTIMUM  (9s wall)
[cfg7_TOT-both-none] instance_30_10_4_42 | 04:07:29 ... UNSATISFIABLE  (0s wall)
[cfg7_TOT-both-none] instance_30_10_4_43 | 04:07:29 ... OPTIMUM  (18s wall)
[cfg7_TOT-both-none] instance_30_10_4_44 | 04:07:47 ... UNSATISFIABLE  (0s wall)
[cfg7_TOT-both-none] instance_30_10_4_45 | 04:07:47 ... OPTIMUM  (7s wall)
[cfg7_TOT-both-none] instance_30_10_4_46 | 04:07:54 ... UNSATISFIABLE  (1s wall)
[cfg7_TOT-both-none] instance_30_10_4_47 | 04:07:55 ... OPTIMUM  (10s wall)
[cfg7_TOT-both-none] instance_30_10_4_48 | 04:08:06 ... OPTIMUM  (7s wall)
[cfg7_TOT-both-none] instance_30_10_4_49 | 04:08:13 ... UNSATISFIABLE  (0s wall)
[cfg7_TOT-both-none] instance_30_10_4_5 | 04:08:13 ... OPTIMUM  (18s wall)
[cfg7_TOT-both-none] instance_30_10_4_50 | 04:08:31 ... UNSATISFIABLE  (0s wall)
[cfg7_TOT-both-none] instance_30_10_4_6 | 04:08:31 ... OPTIMUM  (8s wall)
[cfg7_TOT-both-none] instance_30_10_4_7 | 04:08:39 ... UNSATISFIABLE  (0s wall)
[cfg7_TOT-both-none] instance_30_10_4_8 | 04:08:39 ... OPTIMUM  (19s wall)
[cfg7_TOT-both-none] instance_30_10_4_9 | 04:08:58 ... UNSATISFIABLE  (0s wall)
[cfg8_TOT-both-ss] instance_30_10_4_1 | 04:08:58 ... OPTIMUM  (14s wall)
[cfg8_TOT-both-ss] instance_30_10_4_10 | 04:09:12 ... OPTIMUM  (13s wall)
[cfg8_TOT-both-ss] instance_30_10_4_11 | 04:09:25 ... OPTIMUM  (16s wall)
[cfg8_TOT-both-ss] instance_30_10_4_12 | 04:09:41 ... OPTIMUM  (17s wall)
[cfg8_TOT-both-ss] instance_30_10_4_13 | 04:09:58 ... UNSATISFIABLE  (0s wall)
[cfg8_TOT-both-ss] instance_30_10_4_14 | 04:09:58 ... UNSATISFIABLE  (0s wall)
[cfg8_TOT-both-ss] instance_30_10_4_15 | 04:09:58 ... UNSATISFIABLE  (0s wall)
[cfg8_TOT-both-ss] instance_30_10_4_16 | 04:09:58 ... OPTIMUM  (11s wall)
[cfg8_TOT-both-ss] instance_30_10_4_17 | 04:10:09 ... OPTIMUM  (4s wall)
[cfg8_TOT-both-ss] instance_30_10_4_18 | 04:10:13 ... OPTIMUM  (6s wall)
[cfg8_TOT-both-ss] instance_30_10_4_19 | 04:10:19 ... UNSATISFIABLE  (0s wall)
[cfg8_TOT-both-ss] instance_30_10_4_2 | 04:10:19 ... UNSATISFIABLE  (0s wall)
[cfg8_TOT-both-ss] instance_30_10_4_20 | 04:10:19 ... UNSATISFIABLE  (0s wall)
[cfg8_TOT-both-ss] instance_30_10_4_21 | 04:10:19 ... UNSATISFIABLE  (0s wall)
[cfg8_TOT-both-ss] instance_30_10_4_22 | 04:10:19 ... UNSATISFIABLE  (0s wall)
[cfg8_TOT-both-ss] instance_30_10_4_23 | 04:10:19 ... OPTIMUM  (9s wall)
[cfg8_TOT-both-ss] instance_30_10_4_24 | 04:10:28 ... OPTIMUM  (8s wall)
[cfg8_TOT-both-ss] instance_30_10_4_25 | 04:10:36 ... OPTIMUM  (15s wall)
[cfg8_TOT-both-ss] instance_30_10_4_26 | 04:10:51 ... UNSATISFIABLE  (0s wall)
[cfg8_TOT-both-ss] instance_30_10_4_27 | 04:10:51 ... OPTIMUM  (15s wall)
[cfg8_TOT-both-ss] instance_30_10_4_28 | 04:11:07 ... UNSATISFIABLE  (0s wall)
[cfg8_TOT-both-ss] instance_30_10_4_29 | 04:11:07 ... UNSATISFIABLE  (0s wall)
[cfg8_TOT-both-ss] instance_30_10_4_3 | 04:11:07 ... UNSATISFIABLE  (0s wall)
[cfg8_TOT-both-ss] instance_30_10_4_30 | 04:11:07 ... OPTIMUM  (19s wall)
[cfg8_TOT-both-ss] instance_30_10_4_31 | 04:11:26 ... OPTIMUM  (10s wall)
[cfg8_TOT-both-ss] instance_30_10_4_32 | 04:11:36 ... OPTIMUM  (9s wall)
[cfg8_TOT-both-ss] instance_30_10_4_33 | 04:11:45 ... OPTIMUM  (20s wall)
[cfg8_TOT-both-ss] instance_30_10_4_34 | 04:12:05 ... UNSATISFIABLE  (0s wall)
[cfg8_TOT-both-ss] instance_30_10_4_35 | 04:12:05 ... UNSATISFIABLE  (0s wall)
[cfg8_TOT-both-ss] instance_30_10_4_36 | 04:12:05 ... OPTIMUM  (20s wall)
[cfg8_TOT-both-ss] instance_30_10_4_37 | 04:12:25 ... OPTIMUM  (12s wall)
[cfg8_TOT-both-ss] instance_30_10_4_38 | 04:12:37 ... UNSATISFIABLE  (0s wall)
[cfg8_TOT-both-ss] instance_30_10_4_39 | 04:12:37 ... UNSATISFIABLE  (0s wall)
[cfg8_TOT-both-ss] instance_30_10_4_4 | 04:12:37 ... OPTIMUM  (6s wall)
[cfg8_TOT-both-ss] instance_30_10_4_40 | 04:12:43 ... UNSATISFIABLE  (0s wall)
[cfg8_TOT-both-ss] instance_30_10_4_41 | 04:12:43 ... OPTIMUM  (8s wall)
[cfg8_TOT-both-ss] instance_30_10_4_42 | 04:12:51 ... UNSATISFIABLE  (0s wall)
[cfg8_TOT-both-ss] instance_30_10_4_43 | 04:12:51 ... OPTIMUM  (18s wall)
[cfg8_TOT-both-ss] instance_30_10_4_44 | 04:13:09 ... UNSATISFIABLE  (0s wall)
[cfg8_TOT-both-ss] instance_30_10_4_45 | 04:13:09 ... OPTIMUM  (6s wall)
[cfg8_TOT-both-ss] instance_30_10_4_46 | 04:13:15 ... UNSATISFIABLE  (0s wall)
[cfg8_TOT-both-ss] instance_30_10_4_47 | 04:13:16 ... OPTIMUM  (7s wall)
[cfg8_TOT-both-ss] instance_30_10_4_48 | 04:13:23 ... OPTIMUM  (8s wall)
[cfg8_TOT-both-ss] instance_30_10_4_49 | 04:13:31 ... UNSATISFIABLE  (0s wall)
[cfg8_TOT-both-ss] instance_30_10_4_5 | 04:13:31 ... OPTIMUM  (18s wall)
[cfg8_TOT-both-ss] instance_30_10_4_50 | 04:13:49 ... UNSATISFIABLE  (0s wall)
[cfg8_TOT-both-ss] instance_30_10_4_6 | 04:13:49 ... OPTIMUM  (7s wall)
[cfg8_TOT-both-ss] instance_30_10_4_7 | 04:13:56 ... UNSATISFIABLE  (1s wall)
[cfg8_TOT-both-ss] instance_30_10_4_8 | 04:13:57 ... OPTIMUM  (22s wall)
[cfg8_TOT-both-ss] instance_30_10_4_9 | 04:14:19 ... UNSATISFIABLE  (0s wall)

=== HOÀN THÀNH CHẠY THỰC NGHIỆM ===
