instance,instance_sha256,backend,wc,wo,left,right,continuity_left,overtime_left,similarity_left,split_groups_left,continuity_right,overtime_right,similarity_right,split_groups_right,different_caregiver_services,different_slot_services,different_caregiver_groups,workload_l1,parent_sha256,parent_instance,family,target_rho,realized_rho,normal_fraction,anchor,continuity_right_minus_left,overtime_right_minus_left,similarity_right_minus_left,different_objective_vector
instances/research_depth_load_sweep/rho0.55_normal1/instance_u40_a20_v5_seed1002_critical.txt,0c9d395c4a4cf1b11bca4be8d62f5efe0800c9745905abd3b9888319f8459ea0,gurobi-mip,1,1,lex-cos,lex-overtime,0,0,735,0,0,0,735,0,0,0,0,0,aee0a6b7ec9777049ee75f53a345d8b1b5d4d3de33e8d3f6c9559f510624b169,instances/corrected_v2_reduced_suite/evaluation_critical/evaluation/critical/instance_u40_a20_v5_seed1002_critical.txt,u40_seed1002,0.55,0.5494505494505495,1.0,False,0,0,0,False
instances/research_depth_load_sweep/rho0.55_normal1/instance_u40_a20_v5_seed1002_critical.txt,0c9d395c4a4cf1b11bca4be8d62f5efe0800c9745905abd3b9888319f8459ea0,gurobi-mip,1,1,lex-cos,weighted,0,0,735,0,6,0,755,6,42,106,26,32,aee0a6b7ec9777049ee75f53a345d8b1b5d4d3de33e8d3f6c9559f510624b169,instances/corrected_v2_reduced_suite/evaluation_critical/evaluation/critical/instance_u40_a20_v5_seed1002_critical.txt,u40_seed1002,0.55,0.5494505494505495,1.0,False,6,0,20,True
instances/research_depth_load_sweep/rho0.55_normal1/instance_u40_a20_v5_seed1002_critical.txt,0c9d395c4a4cf1b11bca4be8d62f5efe0800c9745905abd3b9888319f8459ea0,gurobi-mip,1,1,lex-overtime,weighted,0,0,735,0,6,0,755,6,42,106,26,32,aee0a6b7ec9777049ee75f53a345d8b1b5d4d3de33e8d3f6c9559f510624b169,instances/corrected_v2_reduced_suite/evaluation_critical/evaluation/critical/instance_u40_a20_v5_seed1002_critical.txt,u40_seed1002,0.55,0.5494505494505495,1.0,False,6,0,20,True
instances/research_depth_load_sweep/rho0.98_normal1/instance_u30_a15_v5_seed1002_critical.txt,1fe632bd9e398426d2150595ae238afd4e9dbb467ac66785d8c96fbdb8f02238,gurobi-mip,1,1,lex-cos,lex-overtime,3,0,501,3,3,0,501,3,0,0,0,0,62008dec11bbf59cff06c3683881ade351ca92418b870d35d1f1890238c858bd,instances/corrected_v2_reduced_suite/evaluation_critical/evaluation/critical/instance_u30_a15_v5_seed1002_critical.txt,u30_seed1002,0.98,0.974025974025974,1.0,False,0,0,0,False
instances/research_depth_load_sweep/rho0.98_normal1/instance_u30_a15_v5_seed1002_critical.txt,1fe632bd9e398426d2150595ae238afd4e9dbb467ac66785d8c96fbdb8f02238,gurobi-mip,1,1,lex-cos,weighted,3,0,501,3,10,0,540,10,54,80,34,0,62008dec11bbf59cff06c3683881ade351ca92418b870d35d1f1890238c858bd,instances/corrected_v2_reduced_suite/evaluation_critical/evaluation/critical/instance_u30_a15_v5_seed1002_critical.txt,u30_seed1002,0.98,0.974025974025974,1.0,False,7,0,39,True
instances/research_depth_load_sweep/rho0.98_normal1/instance_u30_a15_v5_seed1002_critical.txt,1fe632bd9e398426d2150595ae238afd4e9dbb467ac66785d8c96fbdb8f02238,gurobi-mip,1,1,lex-overtime,weighted,3,0,501,3,10,0,540,10,54,80,34,0,62008dec11bbf59cff06c3683881ade351ca92418b870d35d1f1890238c858bd,instances/corrected_v2_reduced_suite/evaluation_critical/evaluation/critical/instance_u30_a15_v5_seed1002_critical.txt,u30_seed1002,0.98,0.974025974025974,1.0,False,7,0,39,True
instances/research_depth_load_sweep/rho0.55_normal0.85/instance_u30_a20_v5_seed1002_critical.txt,a7e7c349d378182d6ea63e02254d37fc4998474b6e3e2c66aac235cc0b85287c,gurobi-mip,1,1,lex-cos,lex-overtime,0,0,529,0,0,0,529,0,0,0,0,0,89692a0adfe31e70296f9df2d93729e2d0d78b4a72a9014431a8e164a2608768,instances/corrected_v2_reduced_suite/evaluation_critical/evaluation/critical/instance_u30_a20_v5_seed1002_critical.txt,u30_seed1002,0.55,0.5494505494505495,0.85,False,0,0,0,False
instances/research_depth_load_sweep/rho0.55_normal0.85/instance_u30_a20_v5_seed1002_critical.txt,a7e7c349d378182d6ea63e02254d37fc4998474b6e3e2c66aac235cc0b85287c,gurobi-mip,1,1,lex-cos,weighted,0,0,529,0,8,0,560,8,40,63,22,36,89692a0adfe31e70296f9df2d93729e2d0d78b4a72a9014431a8e164a2608768,instances/corrected_v2_reduced_suite/evaluation_critical/evaluation/critical/instance_u30_a20_v5_seed1002_critical.txt,u30_seed1002,0.55,0.5494505494505495,0.85,False,8,0,31,True
instances/research_depth_load_sweep/rho0.55_normal0.85/instance_u30_a20_v5_seed1002_critical.txt,a7e7c349d378182d6ea63e02254d37fc4998474b6e3e2c66aac235cc0b85287c,gurobi-mip,1,1,lex-overtime,weighted,0,0,529,0,8,0,560,8,40,63,22,36,89692a0adfe31e70296f9df2d93729e2d0d78b4a72a9014431a8e164a2608768,instances/corrected_v2_reduced_suite/evaluation_critical/evaluation/critical/instance_u30_a20_v5_seed1002_critical.txt,u30_seed1002,0.55,0.5494505494505495,0.85,False,8,0,31,True
instances/research_depth_load_sweep/rho0.85_normal0.7/instance_u40_a20_v4_seed1001_critical.txt,6f0ef0905b02cfe6c257c5b6f09917d76225fe4632a36940f45f6ab8c3bdfc67,gurobi-mip,1,1,lex-cos,lex-overtime,0,28,588,0,0,28,588,0,0,0,0,0,f05bb4ba1ebe8ecf0e95e0508ba8cba7463abb6f7c5a573eafb693c49e861cc0,instances/corrected_v2_reduced_suite/evaluation_critical/evaluation/critical/instance_u40_a20_v4_seed1001_critical.txt,u40_seed1001,0.85,0.8465608465608465,0.7,False,0,0,0,False
instances/research_depth_load_sweep/rho0.85_normal0.7/instance_u40_a20_v4_seed1001_critical.txt,6f0ef0905b02cfe6c257c5b6f09917d76225fe4632a36940f45f6ab8c3bdfc67,gurobi-mip,1,1,lex-cos,weighted,0,28,588,0,2,33,606,2,41,81,30,14,f05bb4ba1ebe8ecf0e95e0508ba8cba7463abb6f7c5a573eafb693c49e861cc0,instances/corrected_v2_reduced_suite/evaluation_critical/evaluation/critical/instance_u40_a20_v4_seed1001_critical.txt,u40_seed1001,0.85,0.8465608465608465,0.7,False,2,5,18,True
instances/research_depth_load_sweep/rho0.85_normal0.7/instance_u40_a20_v4_seed1001_critical.txt,6f0ef0905b02cfe6c257c5b6f09917d76225fe4632a36940f45f6ab8c3bdfc67,gurobi-mip,1,1,lex-overtime,weighted,0,28,588,0,2,33,606,2,41,81,30,14,f05bb4ba1ebe8ecf0e95e0508ba8cba7463abb6f7c5a573eafb693c49e861cc0,instances/corrected_v2_reduced_suite/evaluation_critical/evaluation/critical/instance_u40_a20_v4_seed1001_critical.txt,u40_seed1001,0.85,0.8465608465608465,0.7,False,2,5,18,True
instances/research_depth_load_sweep/rho0.85_normal1/instance_u30_a10_v5_seed1001_critical.txt,a2fe5d60ef12fe5be139d4cbbd237c805439a6824c96d6a75535bd632a31287a,gurobi-mip,1,1,lex-cos,lex-overtime,0,0,561,0,0,0,561,0,0,0,0,0,f0260653f1c0ec8a84896f38a9bfdbc795d01316d5a47411bbb0a60f7a6e9958,instances/corrected_v2_reduced_suite/evaluation_critical/evaluation/critical/instance_u30_a10_v5_seed1001_critical.txt,u30_seed1001,0.85,0.847457627118644,1.0,False,0,0,0,False
instances/research_depth_load_sweep/rho0.85_normal1/instance_u30_a10_v5_seed1001_critical.txt,a2fe5d60ef12fe5be139d4cbbd237c805439a6824c96d6a75535bd632a31287a,gurobi-mip,1,1,lex-cos,weighted,0,0,561,0,0,0,561,0,21,65,14,4,f0260653f1c0ec8a84896f38a9bfdbc795d01316d5a47411bbb0a60f7a6e9958,instances/corrected_v2_reduced_suite/evaluation_critical/evaluation/critical/instance_u30_a10_v5_seed1001_critical.txt,u30_seed1001,0.85,0.847457627118644,1.0,False,0,0,0,False
instances/research_depth_load_sweep/rho0.85_normal1/instance_u30_a10_v5_seed1001_critical.txt,a2fe5d60ef12fe5be139d4cbbd237c805439a6824c96d6a75535bd632a31287a,gurobi-mip,1,1,lex-overtime,weighted,0,0,561,0,0,0,561,0,21,65,14,4,f0260653f1c0ec8a84896f38a9bfdbc795d01316d5a47411bbb0a60f7a6e9958,instances/corrected_v2_reduced_suite/evaluation_critical/evaluation/critical/instance_u30_a10_v5_seed1001_critical.txt,u30_seed1001,0.85,0.847457627118644,1.0,False,0,0,0,False
instances/research_depth_load_sweep/rho0.98_normal0.7/instance_u40_a15_v5_seed1002_critical.txt,ff4d6b21b4550ec2f356d133ad7213468b2d9fec03986b19b3205291351eef6c,gurobi-mip,1,1,lex-cos,lex-overtime,4,56,674,4,4,56,674,4,0,0,0,0,fbf890b517ed96fe2ae987767a36e6554398d327dac819b9cc3837ab221b32da,instances/corrected_v2_reduced_suite/evaluation_critical/evaluation/critical/instance_u40_a15_v5_seed1002_critical.txt,u40_seed1002,0.98,0.975609756097561,0.7,False,0,0,0,False
instances/research_depth_load_sweep/rho0.98_normal0.7/instance_u40_a15_v5_seed1002_critical.txt,ff4d6b21b4550ec2f356d133ad7213468b2d9fec03986b19b3205291351eef6c,gurobi-mip,1,1,lex-cos,weighted,4,56,674,4,20,56,715,20,61,114,42,2,fbf890b517ed96fe2ae987767a36e6554398d327dac819b9cc3837ab221b32da,instances/corrected_v2_reduced_suite/evaluation_critical/evaluation/critical/instance_u40_a15_v5_seed1002_critical.txt,u40_seed1002,0.98,0.975609756097561,0.7,False,16,0,41,True
instances/research_depth_load_sweep/rho0.98_normal0.7/instance_u40_a15_v5_seed1002_critical.txt,ff4d6b21b4550ec2f356d133ad7213468b2d9fec03986b19b3205291351eef6c,gurobi-mip,1,1,lex-overtime,weighted,4,56,674,4,20,56,715,20,61,114,42,2,fbf890b517ed96fe2ae987767a36e6554398d327dac819b9cc3837ab221b32da,instances/corrected_v2_reduced_suite/evaluation_critical/evaluation/critical/instance_u40_a15_v5_seed1002_critical.txt,u40_seed1002,0.98,0.975609756097561,0.7,False,16,0,41,True
instances/research_depth_load_sweep/rho0.55_normal0.85/instance_u30_a10_v4_seed1002_critical.txt,a4e6825b9232047e45075570ec1ed275fdc70fe635b150ede4642a88436dad7a,gurobi-mip,1,1,lex-cos,lex-overtime,2,0,429,2,2,0,429,2,0,0,0,0,bf02b641d1ae8d30c144fab0d28c5aca968d3331c2c020b30c1e45791af1e438,instances/corrected_v2_reduced_suite/evaluation_critical/evaluation/critical/instance_u30_a10_v4_seed1002_critical.txt,u30_seed1002,0.55,0.547945205479452,0.85,False,0,0,0,False
instances/research_depth_load_sweep/rho0.55_normal0.85/instance_u30_a10_v4_seed1002_critical.txt,a4e6825b9232047e45075570ec1ed275fdc70fe635b150ede4642a88436dad7a,gurobi-mip,1,1,lex-cos,weighted,2,0,429,2,4,0,438,4,34,41,25,28,bf02b641d1ae8d30c144fab0d28c5aca968d3331c2c020b30c1e45791af1e438,instances/corrected_v2_reduced_suite/evaluation_critical/evaluation/critical/instance_u30_a10_v4_seed1002_critical.txt,u30_seed1002,0.55,0.547945205479452,0.85,False,2,0,9,True
instances/research_depth_load_sweep/rho0.55_normal0.85/instance_u30_a10_v4_seed1002_critical.txt,a4e6825b9232047e45075570ec1ed275fdc70fe635b150ede4642a88436dad7a,gurobi-mip,1,1,lex-overtime,weighted,2,0,429,2,4,0,438,4,34,41,25,28,bf02b641d1ae8d30c144fab0d28c5aca968d3331c2c020b30c1e45791af1e438,instances/corrected_v2_reduced_suite/evaluation_critical/evaluation/critical/instance_u30_a10_v4_seed1002_critical.txt,u30_seed1002,0.55,0.547945205479452,0.85,False,2,0,9,True
instances/research_depth_load_sweep/rho0.85_normal1/instance_u30_a20_v4_seed1003_critical.txt,5824a29e5dc9fd3a7d98ac0d97e647e944953076036d6cbd778796229cb49268,gurobi-mip,1,1,lex-cos,lex-overtime,0,0,421,0,0,0,421,0,0,0,0,0,68e2b74d850c1069e78bc56681e6d252a2a8df6699aceb2e6aaffeff722beca0,instances/corrected_v2_reduced_suite/evaluation_critical/evaluation/critical/instance_u30_a20_v4_seed1003_critical.txt,u30_seed1003,0.85,0.8450704225352113,1.0,False,0,0,0,False
instances/research_depth_load_sweep/rho0.85_normal1/instance_u30_a20_v4_seed1003_critical.txt,5824a29e5dc9fd3a7d98ac0d97e647e944953076036d6cbd778796229cb49268,gurobi-mip,1,1,lex-cos,weighted,0,0,421,0,3,0,428,3,39,65,24,12,68e2b74d850c1069e78bc56681e6d252a2a8df6699aceb2e6aaffeff722beca0,instances/corrected_v2_reduced_suite/evaluation_critical/evaluation/critical/instance_u30_a20_v4_seed1003_critical.txt,u30_seed1003,0.85,0.8450704225352113,1.0,False,3,0,7,True
instances/research_depth_load_sweep/rho0.85_normal1/instance_u30_a20_v4_seed1003_critical.txt,5824a29e5dc9fd3a7d98ac0d97e647e944953076036d6cbd778796229cb49268,gurobi-mip,1,1,lex-overtime,weighted,0,0,421,0,3,0,428,3,39,65,24,12,68e2b74d850c1069e78bc56681e6d252a2a8df6699aceb2e6aaffeff722beca0,instances/corrected_v2_reduced_suite/evaluation_critical/evaluation/critical/instance_u30_a20_v4_seed1003_critical.txt,u30_seed1003,0.85,0.8450704225352113,1.0,False,3,0,7,True
instances/research_depth_load_sweep/rho0.98_normal1/instance_u30_a15_v4_seed1003_critical.txt,e2688d677aeae36bdb4833cbcd761f6f11811d1fb527220d64677d512b1fa0a0,gurobi-mip,1,1,lex-cos,lex-overtime,0,0,409,0,0,0,409,0,0,0,0,0,1a2fbafb2974a05729c7a458b27e009b17a67dbbf649967446361307f7e124a3,instances/corrected_v2_reduced_suite/evaluation_critical/evaluation/critical/instance_u30_a15_v4_seed1003_critical.txt,u30_seed1003,0.98,0.975609756097561,1.0,False,0,0,0,False
instances/research_depth_load_sweep/rho0.98_normal1/instance_u30_a15_v4_seed1003_critical.txt,e2688d677aeae36bdb4833cbcd761f6f11811d1fb527220d64677d512b1fa0a0,gurobi-mip,1,1,lex-cos,weighted,0,0,409,0,4,0,416,4,30,65,18,0,1a2fbafb2974a05729c7a458b27e009b17a67dbbf649967446361307f7e124a3,instances/corrected_v2_reduced_suite/evaluation_critical/evaluation/critical/instance_u30_a15_v4_seed1003_critical.txt,u30_seed1003,0.98,0.975609756097561,1.0,False,4,0,7,True
instances/research_depth_load_sweep/rho0.98_normal1/instance_u30_a15_v4_seed1003_critical.txt,e2688d677aeae36bdb4833cbcd761f6f11811d1fb527220d64677d512b1fa0a0,gurobi-mip,1,1,lex-overtime,weighted,0,0,409,0,4,0,416,4,30,65,18,0,1a2fbafb2974a05729c7a458b27e009b17a67dbbf649967446361307f7e124a3,instances/corrected_v2_reduced_suite/evaluation_critical/evaluation/critical/instance_u30_a15_v4_seed1003_critical.txt,u30_seed1003,0.98,0.975609756097561,1.0,False,4,0,7,True
instances/research_depth_load_sweep/rho0.55_normal1/instance_u30_a10_v5_seed1001_critical.txt,7c7b1d5ae6f2b64edca680c0a885871583e77ec4f1297f7615efd509585ef8f1,gurobi-mip,1,1,lex-cos,lex-overtime,0,0,567,0,0,0,567,0,0,0,0,0,f0260653f1c0ec8a84896f38a9bfdbc795d01316d5a47411bbb0a60f7a6e9958,instances/corrected_v2_reduced_suite/evaluation_critical/evaluation/critical/instance_u30_a10_v5_seed1001_critical.txt,u30_seed1001,0.55,0.5494505494505495,1.0,False,0,0,0,False
instances/research_depth_load_sweep/rho0.55_normal1/instance_u30_a10_v5_seed1001_critical.txt,7c7b1d5ae6f2b64edca680c0a885871583e77ec4f1297f7615efd509585ef8f1,gurobi-mip,1,1,lex-cos,weighted,0,0,567,0,0,0,567,0,37,72,19,24,f0260653f1c0ec8a84896f38a9bfdbc795d01316d5a47411bbb0a60f7a6e9958,instances/corrected_v2_reduced_suite/evaluation_critical/evaluation/critical/instance_u30_a10_v5_seed1001_critical.txt,u30_seed1001,0.55,0.5494505494505495,1.0,False,0,0,0,False
instances/research_depth_load_sweep/rho0.55_normal1/instance_u30_a10_v5_seed1001_critical.txt,7c7b1d5ae6f2b64edca680c0a885871583e77ec4f1297f7615efd509585ef8f1,gurobi-mip,1,1,lex-overtime,weighted,0,0,567,0,0,0,567,0,37,72,19,24,f0260653f1c0ec8a84896f38a9bfdbc795d01316d5a47411bbb0a60f7a6e9958,instances/corrected_v2_reduced_suite/evaluation_critical/evaluation/critical/instance_u30_a10_v5_seed1001_critical.txt,u30_seed1001,0.55,0.5494505494505495,1.0,False,0,0,0,False
instances/research_depth_load_sweep/rho0.85_normal0.7/instance_u30_a25_v5_seed1001_critical.txt,9da3614805787d9925e5b4003e2e8cd12ddc0964d7eaf50e971e7c2eee147f52,gurobi-mip,1,1,lex-cos,lex-overtime,0,26,555,0,0,26,555,0,0,0,0,0,51df0f9f4a354e14ce203c3399ff72e9f90e0370b7b497467427e1d198dd119e,instances/corrected_v2_reduced_suite/evaluation_critical/evaluation/critical/instance_u30_a25_v5_seed1001_critical.txt,u30_seed1001,0.85,0.847457627118644,0.7,False,0,0,0,False
instances/research_depth_load_sweep/rho0.85_normal0.7/instance_u30_a25_v5_seed1001_critical.txt,9da3614805787d9925e5b4003e2e8cd12ddc0964d7eaf50e971e7c2eee147f52,gurobi-mip,1,1,lex-cos,weighted,0,26,555,0,2,37,576,2,33,84,22,22,51df0f9f4a354e14ce203c3399ff72e9f90e0370b7b497467427e1d198dd119e,instances/corrected_v2_reduced_suite/evaluation_critical/evaluation/critical/instance_u30_a25_v5_seed1001_critical.txt,u30_seed1001,0.85,0.847457627118644,0.7,False,2,11,21,True
instances/research_depth_load_sweep/rho0.85_normal0.7/instance_u30_a25_v5_seed1001_critical.txt,9da3614805787d9925e5b4003e2e8cd12ddc0964d7eaf50e971e7c2eee147f52,gurobi-mip,1,1,lex-overtime,weighted,0,26,555,0,2,37,576,2,33,84,22,22,51df0f9f4a354e14ce203c3399ff72e9f90e0370b7b497467427e1d198dd119e,instances/corrected_v2_reduced_suite/evaluation_critical/evaluation/critical/instance_u30_a25_v5_seed1001_critical.txt,u30_seed1001,0.85,0.847457627118644,0.7,False,2,11,21,True
instances/research_depth_load_sweep/rho0.85_normal1/instance_u30_a10_v5_seed1002_critical.txt,a17dc3726224c3883527d2668437e939be9235cb31be6c6be601b92095e63571,gurobi-mip,1,1,lex-cos,lex-overtime,3,0,520,3,3,0,520,3,0,0,0,0,639577696bca853293d2ae7d38a7ba6a70e96d5c5a65dbe9dd57285b00a779ad,instances/corrected_v2_reduced_suite/evaluation_critical/evaluation/critical/instance_u30_a10_v5_seed1002_critical.txt,u30_seed1002,0.85,0.847457627118644,1.0,False,0,0,0,False
instances/research_depth_load_sweep/rho0.85_normal1/instance_u30_a10_v5_seed1002_critical.txt,a17dc3726224c3883527d2668437e939be9235cb31be6c6be601b92095e63571,gurobi-mip,1,1,lex-cos,weighted,3,0,520,3,10,0,553,10,41,68,25,8,639577696bca853293d2ae7d38a7ba6a70e96d5c5a65dbe9dd57285b00a779ad,instances/corrected_v2_reduced_suite/evaluation_critical/evaluation/critical/instance_u30_a10_v5_seed1002_critical.txt,u30_seed1002,0.85,0.847457627118644,1.0,False,7,0,33,True
instances/research_depth_load_sweep/rho0.85_normal1/instance_u30_a10_v5_seed1002_critical.txt,a17dc3726224c3883527d2668437e939be9235cb31be6c6be601b92095e63571,gurobi-mip,1,1,lex-overtime,weighted,3,0,520,3,10,0,553,10,41,68,25,8,639577696bca853293d2ae7d38a7ba6a70e96d5c5a65dbe9dd57285b00a779ad,instances/corrected_v2_reduced_suite/evaluation_critical/evaluation/critical/instance_u30_a10_v5_seed1002_critical.txt,u30_seed1002,0.85,0.847457627118644,1.0,False,7,0,33,True
instances/research_depth_load_sweep/rho0.98_normal0.7/instance_u30_a25_v5_seed1002_critical.txt,80bc4c0817b42c5146c4afd1eb853f4f7ee7cb76969a2653f8b74ecff453e71e,gurobi-mip,1,1,lex-cos,lex-overtime,3,42,502,3,3,42,502,3,0,0,0,0,13d35da4af1d246d1dc9e9e69e18e81522824e99442b070094b3ee6de84cff54,instances/corrected_v2_reduced_suite/evaluation_critical/evaluation/critical/instance_u30_a25_v5_seed1002_critical.txt,u30_seed1002,0.98,0.974025974025974,0.7,False,0,0,0,False
instances/research_depth_load_sweep/rho0.98_normal0.7/instance_u30_a25_v5_seed1002_critical.txt,80bc4c0817b42c5146c4afd1eb853f4f7ee7cb76969a2653f8b74ecff453e71e,gurobi-mip,1,1,lex-cos,weighted,3,42,502,3,10,42,542,10,57,92,35,0,13d35da4af1d246d1dc9e9e69e18e81522824e99442b070094b3ee6de84cff54,instances/corrected_v2_reduced_suite/evaluation_critical/evaluation/critical/instance_u30_a25_v5_seed1002_critical.txt,u30_seed1002,0.98,0.974025974025974,0.7,False,7,0,40,True
instances/research_depth_load_sweep/rho0.98_normal0.7/instance_u30_a25_v5_seed1002_critical.txt,80bc4c0817b42c5146c4afd1eb853f4f7ee7cb76969a2653f8b74ecff453e71e,gurobi-mip,1,1,lex-overtime,weighted,3,42,502,3,10,42,542,10,57,92,35,0,13d35da4af1d246d1dc9e9e69e18e81522824e99442b070094b3ee6de84cff54,instances/corrected_v2_reduced_suite/evaluation_critical/evaluation/critical/instance_u30_a25_v5_seed1002_critical.txt,u30_seed1002,0.98,0.974025974025974,0.7,False,7,0,40,True
instances/research_depth_load_sweep/rho0.85_normal0.7/instance_u30_a25_v4_seed1003_critical.txt,0493a239110773ddd558fc89b2600046673baed00cec9a55cd945630f9883399,gurobi-mip,1,1,lex-cos,lex-overtime,0,21,422,0,0,21,422,0,0,0,0,0,1106683ff4d0a32c24be1898a1c47de6e406379be52c648767eb810adcb9134d,instances/corrected_v2_reduced_suite/evaluation_critical/evaluation/critical/instance_u30_a25_v4_seed1003_critical.txt,u30_seed1003,0.85,0.8450704225352113,0.7,False,0,0,0,False
instances/research_depth_load_sweep/rho0.85_normal0.7/instance_u30_a25_v4_seed1003_critical.txt,0493a239110773ddd558fc89b2600046673baed00cec9a55cd945630f9883399,gurobi-mip,1,1,lex-cos,weighted,0,21,422,0,5,21,429,5,37,64,23,12,1106683ff4d0a32c24be1898a1c47de6e406379be52c648767eb810adcb9134d,instances/corrected_v2_reduced_suite/evaluation_critical/evaluation/critical/instance_u30_a25_v4_seed1003_critical.txt,u30_seed1003,0.85,0.8450704225352113,0.7,False,5,0,7,True
instances/research_depth_load_sweep/rho0.85_normal0.7/instance_u30_a25_v4_seed1003_critical.txt,0493a239110773ddd558fc89b2600046673baed00cec9a55cd945630f9883399,gurobi-mip,1,1,lex-overtime,weighted,0,21,422,0,5,21,429,5,37,64,23,12,1106683ff4d0a32c24be1898a1c47de6e406379be52c648767eb810adcb9134d,instances/corrected_v2_reduced_suite/evaluation_critical/evaluation/critical/instance_u30_a25_v4_seed1003_critical.txt,u30_seed1003,0.85,0.8450704225352113,0.7,False,5,0,7,True
instances/research_depth_load_sweep/rho0.98_normal0.7/instance_u40_a25_v4_seed1003_critical.txt,5b35fde87c35d6e1ceb429dd79384f8f4fb4b35a8a1994f093fee58074bb6bdb,gurobi-mip,1,1,lex-cos,lex-overtime,1,45,521,1,1,45,521,1,0,0,0,0,3df9ad93fd31450b47bc05e23b939b69e8ff446e817f1dae19bc71c5f2d8d73d,instances/corrected_v2_reduced_suite/evaluation_critical/evaluation/critical/instance_u40_a25_v4_seed1003_critical.txt,u40_seed1003,0.98,0.975609756097561,0.7,False,0,0,0,False
instances/research_depth_load_sweep/rho0.98_normal0.7/instance_u40_a25_v4_seed1003_critical.txt,5b35fde87c35d6e1ceb429dd79384f8f4fb4b35a8a1994f093fee58074bb6bdb,gurobi-mip,1,1,lex-cos,weighted,1,45,521,1,10,45,544,10,52,81,38,0,3df9ad93fd31450b47bc05e23b939b69e8ff446e817f1dae19bc71c5f2d8d73d,instances/corrected_v2_reduced_suite/evaluation_critical/evaluation/critical/instance_u40_a25_v4_seed1003_critical.txt,u40_seed1003,0.98,0.975609756097561,0.7,False,9,0,23,True
instances/research_depth_load_sweep/rho0.98_normal0.7/instance_u40_a25_v4_seed1003_critical.txt,5b35fde87c35d6e1ceb429dd79384f8f4fb4b35a8a1994f093fee58074bb6bdb,gurobi-mip,1,1,lex-overtime,weighted,1,45,521,1,10,45,544,10,52,81,38,0,3df9ad93fd31450b47bc05e23b939b69e8ff446e817f1dae19bc71c5f2d8d73d,instances/corrected_v2_reduced_suite/evaluation_critical/evaluation/critical/instance_u40_a25_v4_seed1003_critical.txt,u40_seed1003,0.98,0.975609756097561,0.7,False,9,0,23,True
instances/research_depth_load_sweep/rho0.55_normal0.7/instance_u30_a20_v5_seed1002_critical.txt,63cfdd33196637b60bbf080fae59b444559292ff31b96d7efd0c3a5f48225c9c,gurobi-mip,1,1,lex-cos,lex-overtime,0,0,524,0,0,0,524,0,0,0,0,0,89692a0adfe31e70296f9df2d93729e2d0d78b4a72a9014431a8e164a2608768,instances/corrected_v2_reduced_suite/evaluation_critical/evaluation/critical/instance_u30_a20_v5_seed1002_critical.txt,u30_seed1002,0.55,0.5494505494505495,0.7,False,0,0,0,False
instances/research_depth_load_sweep/rho0.55_normal0.7/instance_u30_a20_v5_seed1002_critical.txt,63cfdd33196637b60bbf080fae59b444559292ff31b96d7efd0c3a5f48225c9c,gurobi-mip,1,1,lex-cos,weighted,0,0,524,0,8,0,560,8,52,74,31,24,89692a0adfe31e70296f9df2d93729e2d0d78b4a72a9014431a8e164a2608768,instances/corrected_v2_reduced_suite/evaluation_critical/evaluation/critical/instance_u30_a20_v5_seed1002_critical.txt,u30_seed1002,0.55,0.5494505494505495,0.7,False,8,0,36,True
instances/research_depth_load_sweep/rho0.55_normal0.7/instance_u30_a20_v5_seed1002_critical.txt,63cfdd33196637b60bbf080fae59b444559292ff31b96d7efd0c3a5f48225c9c,gurobi-mip,1,1,lex-overtime,weighted,0,0,524,0,8,0,560,8,52,74,31,24,89692a0adfe31e70296f9df2d93729e2d0d78b4a72a9014431a8e164a2608768,instances/corrected_v2_reduced_suite/evaluation_critical/evaluation/critical/instance_u30_a20_v5_seed1002_critical.txt,u30_seed1002,0.55,0.5494505494505495,0.7,False,8,0,36,True
instances/research_depth_load_sweep/rho0.85_normal0.85/instance_u30_a20_v5_seed1002_critical.txt,89692a0adfe31e70296f9df2d93729e2d0d78b4a72a9014431a8e164a2608768,gurobi-mip,1,1,lex-cos,lex-overtime,2,0,491,2,2,0,491,2,0,0,0,0,89692a0adfe31e70296f9df2d93729e2d0d78b4a72a9014431a8e164a2608768,instances/corrected_v2_reduced_suite/evaluation_critical/evaluation/critical/instance_u30_a20_v5_seed1002_critical.txt,u30_seed1002,0.85,0.847457627118644,0.85,True,0,0,0,False
instances/research_depth_load_sweep/rho0.85_normal0.85/instance_u30_a20_v5_seed1002_critical.txt,89692a0adfe31e70296f9df2d93729e2d0d78b4a72a9014431a8e164a2608768,gurobi-mip,1,1,lex-cos,weighted,2,0,491,2,9,13,553,9,74,72,51,26,89692a0adfe31e70296f9df2d93729e2d0d78b4a72a9014431a8e164a2608768,instances/corrected_v2_reduced_suite/evaluation_critical/evaluation/critical/instance_u30_a20_v5_seed1002_critical.txt,u30_seed1002,0.85,0.847457627118644,0.85,True,7,13,62,True
instances/research_depth_load_sweep/rho0.85_normal0.85/instance_u30_a20_v5_seed1002_critical.txt,89692a0adfe31e70296f9df2d93729e2d0d78b4a72a9014431a8e164a2608768,gurobi-mip,1,1,lex-overtime,weighted,2,0,491,2,9,13,553,9,74,72,51,26,89692a0adfe31e70296f9df2d93729e2d0d78b4a72a9014431a8e164a2608768,instances/corrected_v2_reduced_suite/evaluation_critical/evaluation/critical/instance_u30_a20_v5_seed1002_critical.txt,u30_seed1002,0.85,0.847457627118644,0.85,True,7,13,62,True
instances/research_depth_load_sweep/rho0.85_normal0.85/instance_u30_a20_v5_seed1003_critical.txt,65de3dfdc16f9c773e9874c2357071bf31732b49485a995a839ed1f4d259a558,gurobi-mip,1,1,lex-cos,lex-overtime,0,0,498,0,0,0,498,0,0,0,0,0,65de3dfdc16f9c773e9874c2357071bf31732b49485a995a839ed1f4d259a558,instances/corrected_v2_reduced_suite/evaluation_critical/evaluation/critical/instance_u30_a20_v5_seed1003_critical.txt,u30_seed1003,0.85,0.847457627118644,0.85,True,0,0,0,False
instances/research_depth_load_sweep/rho0.85_normal0.85/instance_u30_a20_v5_seed1003_critical.txt,65de3dfdc16f9c773e9874c2357071bf31732b49485a995a839ed1f4d259a558,gurobi-mip,1,1,lex-cos,weighted,0,0,498,0,5,7,528,5,46,86,26,14,65de3dfdc16f9c773e9874c2357071bf31732b49485a995a839ed1f4d259a558,instances/corrected_v2_reduced_suite/evaluation_critical/evaluation/critical/instance_u30_a20_v5_seed1003_critical.txt,u30_seed1003,0.85,0.847457627118644,0.85,True,5,7,30,True
instances/research_depth_load_sweep/rho0.85_normal0.85/instance_u30_a20_v5_seed1003_critical.txt,65de3dfdc16f9c773e9874c2357071bf31732b49485a995a839ed1f4d259a558,gurobi-mip,1,1,lex-overtime,weighted,0,0,498,0,5,7,528,5,46,86,26,14,65de3dfdc16f9c773e9874c2357071bf31732b49485a995a839ed1f4d259a558,instances/corrected_v2_reduced_suite/evaluation_critical/evaluation/critical/instance_u30_a20_v5_seed1003_critical.txt,u30_seed1003,0.85,0.847457627118644,0.85,True,5,7,30,True
instances/research_depth_load_sweep/rho0.85_normal0.7/instance_u30_a20_v4_seed1002_critical.txt,1cae453dbba7b90872c934d6732630607ecead72bbe96e0b5328465b1ef7f9b0,gurobi-mip,1,1,lex-cos,lex-overtime,0,21,417,0,0,21,417,0,0,0,0,0,34bd64e4677b21f310faa4406545db874dca6ae220c9a65e8a35f01abe1b0955,instances/corrected_v2_reduced_suite/evaluation_critical/evaluation/critical/instance_u30_a20_v4_seed1002_critical.txt,u30_seed1002,0.85,0.8450704225352113,0.7,False,0,0,0,False
instances/research_depth_load_sweep/rho0.85_normal0.7/instance_u30_a20_v4_seed1002_critical.txt,1cae453dbba7b90872c934d6732630607ecead72bbe96e0b5328465b1ef7f9b0,gurobi-mip,1,1,lex-cos,weighted,0,21,417,0,4,28,440,4,41,67,31,16,34bd64e4677b21f310faa4406545db874dca6ae220c9a65e8a35f01abe1b0955,instances/corrected_v2_reduced_suite/evaluation_critical/evaluation/critical/instance_u30_a20_v4_seed1002_critical.txt,u30_seed1002,0.85,0.8450704225352113,0.7,False,4,7,23,True
instances/research_depth_load_sweep/rho0.85_normal0.7/instance_u30_a20_v4_seed1002_critical.txt,1cae453dbba7b90872c934d6732630607ecead72bbe96e0b5328465b1ef7f9b0,gurobi-mip,1,1,lex-overtime,weighted,0,21,417,0,4,28,440,4,41,67,31,16,34bd64e4677b21f310faa4406545db874dca6ae220c9a65e8a35f01abe1b0955,instances/corrected_v2_reduced_suite/evaluation_critical/evaluation/critical/instance_u30_a20_v4_seed1002_critical.txt,u30_seed1002,0.85,0.8450704225352113,0.7,False,4,7,23,True
instances/research_depth_load_sweep/rho0.98_normal1/instance_u30_a20_v5_seed1002_critical.txt,400bf2bb613bb9d6a4af25d21d911ad27182d802d38a3b18ff0afc45be090fa0,gurobi-mip,1,1,lex-cos,lex-overtime,3,0,498,3,3,0,498,3,0,0,0,0,89692a0adfe31e70296f9df2d93729e2d0d78b4a72a9014431a8e164a2608768,instances/corrected_v2_reduced_suite/evaluation_critical/evaluation/critical/instance_u30_a20_v5_seed1002_critical.txt,u30_seed1002,0.98,0.974025974025974,1.0,False,0,0,0,False
instances/research_depth_load_sweep/rho0.98_normal1/instance_u30_a20_v5_seed1002_critical.txt,400bf2bb613bb9d6a4af25d21d911ad27182d802d38a3b18ff0afc45be090fa0,gurobi-mip,1,1,lex-cos,weighted,3,0,498,3,11,0,541,11,51,77,31,0,89692a0adfe31e70296f9df2d93729e2d0d78b4a72a9014431a8e164a2608768,instances/corrected_v2_reduced_suite/evaluation_critical/evaluation/critical/instance_u30_a20_v5_seed1002_critical.txt,u30_seed1002,0.98,0.974025974025974,1.0,False,8,0,43,True
instances/research_depth_load_sweep/rho0.98_normal1/instance_u30_a20_v5_seed1002_critical.txt,400bf2bb613bb9d6a4af25d21d911ad27182d802d38a3b18ff0afc45be090fa0,gurobi-mip,1,1,lex-overtime,weighted,3,0,498,3,11,0,541,11,51,77,31,0,89692a0adfe31e70296f9df2d93729e2d0d78b4a72a9014431a8e164a2608768,instances/corrected_v2_reduced_suite/evaluation_critical/evaluation/critical/instance_u30_a20_v5_seed1002_critical.txt,u30_seed1002,0.98,0.974025974025974,1.0,False,8,0,43,True
instances/research_depth_load_sweep/rho0.98_normal0.85/instance_u40_a10_v4_seed1001_critical.txt,695ff19696efeaf47763059a1472238d5fcac71029c202c5fa5fedf11fd3785d,gurobi-mip,1,1,lex-cos,lex-overtime,0,21,566,0,0,21,566,0,0,0,0,0,b98e75059c523562fbab64282673d9ea225242fe21209b5e428aee89aa625edd,instances/corrected_v2_reduced_suite/evaluation_critical/evaluation/critical/instance_u40_a10_v4_seed1001_critical.txt,u40_seed1001,0.98,0.975609756097561,0.85,False,0,0,0,False
instances/research_depth_load_sweep/rho0.98_normal0.85/instance_u40_a10_v4_seed1001_critical.txt,695ff19696efeaf47763059a1472238d5fcac71029c202c5fa5fedf11fd3785d,gurobi-mip,1,1,lex-cos,weighted,0,21,566,0,2,21,575,2,21,53,17,2,b98e75059c523562fbab64282673d9ea225242fe21209b5e428aee89aa625edd,instances/corrected_v2_reduced_suite/evaluation_critical/evaluation/critical/instance_u40_a10_v4_seed1001_critical.txt,u40_seed1001,0.98,0.975609756097561,0.85,False,2,0,9,True
instances/research_depth_load_sweep/rho0.98_normal0.85/instance_u40_a10_v4_seed1001_critical.txt,695ff19696efeaf47763059a1472238d5fcac71029c202c5fa5fedf11fd3785d,gurobi-mip,1,1,lex-overtime,weighted,0,21,566,0,2,21,575,2,21,53,17,2,b98e75059c523562fbab64282673d9ea225242fe21209b5e428aee89aa625edd,instances/corrected_v2_reduced_suite/evaluation_critical/evaluation/critical/instance_u40_a10_v4_seed1001_critical.txt,u40_seed1001,0.98,0.975609756097561,0.85,False,2,0,9,True
instances/research_depth_load_sweep/rho0.85_normal1/instance_u40_a25_v4_seed1002_critical.txt,7a6824a8343aaa1f8a76cf10154263170443774d91c183ecbeb7e513d5d7c9ee,gurobi-mip,1,1,lex-cos,lex-overtime,1,0,583,1,1,0,583,1,0,0,0,0,5c9a8a3dcc3d1fe985ff86f0f6765ea477a79927e1fcb4a8a0be3ecb89ce8cfe,instances/corrected_v2_reduced_suite/evaluation_critical/evaluation/critical/instance_u40_a25_v4_seed1002_critical.txt,u40_seed1002,0.85,0.8465608465608465,1.0,False,0,0,0,False
instances/research_depth_load_sweep/rho0.85_normal1/instance_u40_a25_v4_seed1002_critical.txt,7a6824a8343aaa1f8a76cf10154263170443774d91c183ecbeb7e513d5d7c9ee,gurobi-mip,1,1,lex-cos,weighted,1,0,583,1,12,0,603,12,56,96,37,10,5c9a8a3dcc3d1fe985ff86f0f6765ea477a79927e1fcb4a8a0be3ecb89ce8cfe,instances/corrected_v2_reduced_suite/evaluation_critical/evaluation/critical/instance_u40_a25_v4_seed1002_critical.txt,u40_seed1002,0.85,0.8465608465608465,1.0,False,11,0,20,True
instances/research_depth_load_sweep/rho0.85_normal1/instance_u40_a25_v4_seed1002_critical.txt,7a6824a8343aaa1f8a76cf10154263170443774d91c183ecbeb7e513d5d7c9ee,gurobi-mip,1,1,lex-overtime,weighted,1,0,583,1,12,0,603,12,56,96,37,10,5c9a8a3dcc3d1fe985ff86f0f6765ea477a79927e1fcb4a8a0be3ecb89ce8cfe,instances/corrected_v2_reduced_suite/evaluation_critical/evaluation/critical/instance_u40_a25_v4_seed1002_critical.txt,u40_seed1002,0.85,0.8465608465608465,1.0,False,11,0,20,True
instances/research_depth_load_sweep/rho0.55_normal0.85/instance_u40_a15_v4_seed1001_critical.txt,71a2305719b6f950d35e1b3cf0c784975dad4bda449717e8700f159d08abe3c1,gurobi-mip,1,1,lex-cos,lex-overtime,0,0,605,0,0,0,605,0,0,0,0,0,935abeb825bf65f5eb6f564d142868752b8f09cc140daeead539a193eee52b75,instances/corrected_v2_reduced_suite/evaluation_critical/evaluation/critical/instance_u40_a15_v4_seed1001_critical.txt,u40_seed1001,0.55,0.5498281786941581,0.85,False,0,0,0,False
instances/research_depth_load_sweep/rho0.55_normal0.85/instance_u40_a15_v4_seed1001_critical.txt,71a2305719b6f950d35e1b3cf0c784975dad4bda449717e8700f159d08abe3c1,gurobi-mip,1,1,lex-cos,weighted,0,0,605,0,3,0,612,3,36,60,27,42,935abeb825bf65f5eb6f564d142868752b8f09cc140daeead539a193eee52b75,instances/corrected_v2_reduced_suite/evaluation_critical/evaluation/critical/instance_u40_a15_v4_seed1001_critical.txt,u40_seed1001,0.55,0.5498281786941581,0.85,False,3,0,7,True
instances/research_depth_load_sweep/rho0.55_normal0.85/instance_u40_a15_v4_seed1001_critical.txt,71a2305719b6f950d35e1b3cf0c784975dad4bda449717e8700f159d08abe3c1,gurobi-mip,1,1,lex-overtime,weighted,0,0,605,0,3,0,612,3,36,60,27,42,935abeb825bf65f5eb6f564d142868752b8f09cc140daeead539a193eee52b75,instances/corrected_v2_reduced_suite/evaluation_critical/evaluation/critical/instance_u40_a15_v4_seed1001_critical.txt,u40_seed1001,0.55,0.5498281786941581,0.85,False,3,0,7,True
instances/research_depth_load_sweep/rho0.55_normal0.7/instance_u40_a10_v5_seed1001_critical.txt,94b1551d827d775d5399dc31c194a21d79420b851aab140c50e0d07d7a58cfaf,gurobi-mip,1,1,lex-cos,lex-overtime,0,0,737,0,0,0,737,0,0,0,0,0,0fa28a903cebd3a3dd85fef2874db9c94ef28e79ab436d5e05b1ed674d0dc046,instances/corrected_v2_reduced_suite/evaluation_critical/evaluation/critical/instance_u40_a10_v5_seed1001_critical.txt,u40_seed1001,0.55,0.5494505494505495,0.7,False,0,0,0,False
instances/research_depth_load_sweep/rho0.55_normal0.7/instance_u40_a10_v5_seed1001_critical.txt,94b1551d827d775d5399dc31c194a21d79420b851aab140c50e0d07d7a58cfaf,gurobi-mip,1,1,lex-cos,weighted,0,0,737,0,2,0,741,2,31,93,20,22,0fa28a903cebd3a3dd85fef2874db9c94ef28e79ab436d5e05b1ed674d0dc046,instances/corrected_v2_reduced_suite/evaluation_critical/evaluation/critical/instance_u40_a10_v5_seed1001_critical.txt,u40_seed1001,0.55,0.5494505494505495,0.7,False,2,0,4,True
instances/research_depth_load_sweep/rho0.55_normal0.7/instance_u40_a10_v5_seed1001_critical.txt,94b1551d827d775d5399dc31c194a21d79420b851aab140c50e0d07d7a58cfaf,gurobi-mip,1,1,lex-overtime,weighted,0,0,737,0,2,0,741,2,31,93,20,22,0fa28a903cebd3a3dd85fef2874db9c94ef28e79ab436d5e05b1ed674d0dc046,instances/corrected_v2_reduced_suite/evaluation_critical/evaluation/critical/instance_u40_a10_v5_seed1001_critical.txt,u40_seed1001,0.55,0.5494505494505495,0.7,False,2,0,4,True
instances/research_depth_load_sweep/rho0.55_normal0.7/instance_u30_a20_v5_seed1001_critical.txt,0e1c8994682faea067405f755f8e4d2e4077559815eb4cd20e1d8a150402b865,gurobi-mip,1,1,lex-cos,lex-overtime,0,0,588,0,0,0,588,0,0,0,0,0,22ee92263371ecea73d08de26b04d5edec6fc04579a52160b302a4510f99ac1e,instances/corrected_v2_reduced_suite/evaluation_critical/evaluation/critical/instance_u30_a20_v5_seed1001_critical.txt,u30_seed1001,0.55,0.5494505494505495,0.7,False,0,0,0,False
instances/research_depth_load_sweep/rho0.55_normal0.7/instance_u30_a20_v5_seed1001_critical.txt,0e1c8994682faea067405f755f8e4d2e4077559815eb4cd20e1d8a150402b865,gurobi-mip,1,1,lex-cos,weighted,0,0,588,0,0,3,591,0,30,84,20,20,22ee92263371ecea73d08de26b04d5edec6fc04579a52160b302a4510f99ac1e,instances/corrected_v2_reduced_suite/evaluation_critical/evaluation/critical/instance_u30_a20_v5_seed1001_critical.txt,u30_seed1001,0.55,0.5494505494505495,0.7,False,0,3,3,True
instances/research_depth_load_sweep/rho0.55_normal0.7/instance_u30_a20_v5_seed1001_critical.txt,0e1c8994682faea067405f755f8e4d2e4077559815eb4cd20e1d8a150402b865,gurobi-mip,1,1,lex-overtime,weighted,0,0,588,0,0,3,591,0,30,84,20,20,22ee92263371ecea73d08de26b04d5edec6fc04579a52160b302a4510f99ac1e,instances/corrected_v2_reduced_suite/evaluation_critical/evaluation/critical/instance_u30_a20_v5_seed1001_critical.txt,u30_seed1001,0.55,0.5494505494505495,0.7,False,0,3,3,True
instances/research_depth_load_sweep/rho0.85_normal0.85/instance_u40_a15_v5_seed1003_critical.txt,08c9dd197d381bb1f7911fb0a8737b245d2c574183b871f4ce8688d8a15bcd12,gurobi-mip,1,1,lex-cos,lex-overtime,0,0,657,0,0,0,657,0,0,0,0,0,08c9dd197d381bb1f7911fb0a8737b245d2c574183b871f4ce8688d8a15bcd12,instances/corrected_v2_reduced_suite/evaluation_critical/evaluation/critical/instance_u40_a15_v5_seed1003_critical.txt,u40_seed1003,0.85,0.847457627118644,0.85,True,0,0,0,False
instances/research_depth_load_sweep/rho0.85_normal0.85/instance_u40_a15_v5_seed1003_critical.txt,08c9dd197d381bb1f7911fb0a8737b245d2c574183b871f4ce8688d8a15bcd12,gurobi-mip,1,1,lex-cos,weighted,0,0,657,0,10,10,712,10,68,102,41,20,08c9dd197d381bb1f7911fb0a8737b245d2c574183b871f4ce8688d8a15bcd12,instances/corrected_v2_reduced_suite/evaluation_critical/evaluation/critical/instance_u40_a15_v5_seed1003_critical.txt,u40_seed1003,0.85,0.847457627118644,0.85,True,10,10,55,True
instances/research_depth_load_sweep/rho0.85_normal0.85/instance_u40_a15_v5_seed1003_critical.txt,08c9dd197d381bb1f7911fb0a8737b245d2c574183b871f4ce8688d8a15bcd12,gurobi-mip,1,1,lex-overtime,weighted,0,0,657,0,10,10,712,10,68,102,41,20,08c9dd197d381bb1f7911fb0a8737b245d2c574183b871f4ce8688d8a15bcd12,instances/corrected_v2_reduced_suite/evaluation_critical/evaluation/critical/instance_u40_a15_v5_seed1003_critical.txt,u40_seed1003,0.85,0.847457627118644,0.85,True,10,10,55,True
instances/research_depth_load_sweep/rho0.98_normal0.7/instance_u40_a15_v5_seed1003_critical.txt,7dc8620f67d4efaeeb1098099b921a14db61001ed16f0271b57e5d6591a5ac8f,gurobi-mip,1,1,lex-cos,lex-overtime,1,56,656,1,1,56,656,1,0,0,0,0,08c9dd197d381bb1f7911fb0a8737b245d2c574183b871f4ce8688d8a15bcd12,instances/corrected_v2_reduced_suite/evaluation_critical/evaluation/critical/instance_u40_a15_v5_seed1003_critical.txt,u40_seed1003,0.98,0.975609756097561,0.7,False,0,0,0,False
instances/research_depth_load_sweep/rho0.98_normal0.7/instance_u40_a15_v5_seed1003_critical.txt,7dc8620f67d4efaeeb1098099b921a14db61001ed16f0271b57e5d6591a5ac8f,gurobi-mip,1,1,lex-cos,weighted,1,56,656,1,14,56,694,14,75,99,43,0,08c9dd197d381bb1f7911fb0a8737b245d2c574183b871f4ce8688d8a15bcd12,instances/corrected_v2_reduced_suite/evaluation_critical/evaluation/critical/instance_u40_a15_v5_seed1003_critical.txt,u40_seed1003,0.98,0.975609756097561,0.7,False,13,0,38,True
instances/research_depth_load_sweep/rho0.98_normal0.7/instance_u40_a15_v5_seed1003_critical.txt,7dc8620f67d4efaeeb1098099b921a14db61001ed16f0271b57e5d6591a5ac8f,gurobi-mip,1,1,lex-overtime,weighted,1,56,656,1,14,56,694,14,75,99,43,0,08c9dd197d381bb1f7911fb0a8737b245d2c574183b871f4ce8688d8a15bcd12,instances/corrected_v2_reduced_suite/evaluation_critical/evaluation/critical/instance_u40_a15_v5_seed1003_critical.txt,u40_seed1003,0.98,0.975609756097561,0.7,False,13,0,38,True
instances/research_depth_load_sweep/rho0.98_normal0.7/instance_u40_a25_v4_seed1001_critical.txt,1a6d7a7f0e96e65b84c10d8519b73f1e050f24432eb31de8f5f2e5de7c03c85f,gurobi-mip,1,1,lex-cos,lex-overtime,0,45,572,0,0,45,572,0,0,0,0,0,03e563fb6290ae5b10f29c4bd69e140d46f5db64516b7ab5dad7e2186df2197b,instances/corrected_v2_reduced_suite/evaluation_critical/evaluation/critical/instance_u40_a25_v4_seed1001_critical.txt,u40_seed1001,0.98,0.975609756097561,0.7,False,0,0,0,False
instances/research_depth_load_sweep/rho0.98_normal0.7/instance_u40_a25_v4_seed1001_critical.txt,1a6d7a7f0e96e65b84c10d8519b73f1e050f24432eb31de8f5f2e5de7c03c85f,gurobi-mip,1,1,lex-cos,weighted,0,45,572,0,2,45,580,2,16,89,13,2,03e563fb6290ae5b10f29c4bd69e140d46f5db64516b7ab5dad7e2186df2197b,instances/corrected_v2_reduced_suite/evaluation_critical/evaluation/critical/instance_u40_a25_v4_seed1001_critical.txt,u40_seed1001,0.98,0.975609756097561,0.7,False,2,0,8,True
instances/research_depth_load_sweep/rho0.98_normal0.7/instance_u40_a25_v4_seed1001_critical.txt,1a6d7a7f0e96e65b84c10d8519b73f1e050f24432eb31de8f5f2e5de7c03c85f,gurobi-mip,1,1,lex-overtime,weighted,0,45,572,0,2,45,580,2,16,89,13,2,03e563fb6290ae5b10f29c4bd69e140d46f5db64516b7ab5dad7e2186df2197b,instances/corrected_v2_reduced_suite/evaluation_critical/evaluation/critical/instance_u40_a25_v4_seed1001_critical.txt,u40_seed1001,0.98,0.975609756097561,0.7,False,2,0,8,True
instances/research_depth_load_sweep/rho0.85_normal0.85/instance_u30_a25_v5_seed1003_critical.txt,e90c35e7cece54d3787eeeb644bcf0edacb9c7c339799fb4aaa218f9d27dc487,gurobi-mip,1,1,lex-cos,lex-overtime,0,0,498,0,0,0,498,0,0,0,0,0,e90c35e7cece54d3787eeeb644bcf0edacb9c7c339799fb4aaa218f9d27dc487,instances/corrected_v2_reduced_suite/evaluation_critical/evaluation/critical/instance_u30_a25_v5_seed1003_critical.txt,u30_seed1003,0.85,0.847457627118644,0.85,True,0,0,0,False
instances/research_depth_load_sweep/rho0.85_normal0.85/instance_u30_a25_v5_seed1003_critical.txt,e90c35e7cece54d3787eeeb644bcf0edacb9c7c339799fb4aaa218f9d27dc487,gurobi-mip,1,1,lex-cos,weighted,0,0,498,0,8,4,529,8,57,90,34,8,e90c35e7cece54d3787eeeb644bcf0edacb9c7c339799fb4aaa218f9d27dc487,instances/corrected_v2_reduced_suite/evaluation_critical/evaluation/critical/instance_u30_a25_v5_seed1003_critical.txt,u30_seed1003,0.85,0.847457627118644,0.85,True,8,4,31,True
instances/research_depth_load_sweep/rho0.85_normal0.85/instance_u30_a25_v5_seed1003_critical.txt,e90c35e7cece54d3787eeeb644bcf0edacb9c7c339799fb4aaa218f9d27dc487,gurobi-mip,1,1,lex-overtime,weighted,0,0,498,0,8,4,529,8,57,90,34,8,e90c35e7cece54d3787eeeb644bcf0edacb9c7c339799fb4aaa218f9d27dc487,instances/corrected_v2_reduced_suite/evaluation_critical/evaluation/critical/instance_u30_a25_v5_seed1003_critical.txt,u30_seed1003,0.85,0.847457627118644,0.85,True,8,4,31,True
instances/research_depth_load_sweep/rho0.55_normal0.7/instance_u40_a25_v5_seed1001_critical.txt,59d916af7ef3274cd6b6a5ef80cbed3b8f8ce56b619120eafbbb68a8e4b7fab0,gurobi-mip,1,1,lex-cos,lex-overtime,0,0,779,0,0,0,779,0,0,0,0,0,e045b0692d9963b967cc37f3afb3e58c3e9aff61a3ca6f5ab662629dc35b3201,instances/corrected_v2_reduced_suite/evaluation_critical/evaluation/critical/instance_u40_a25_v5_seed1001_critical.txt,u40_seed1001,0.55,0.5494505494505495,0.7,False,0,0,0,False
instances/research_depth_load_sweep/rho0.55_normal0.7/instance_u40_a25_v5_seed1001_critical.txt,59d916af7ef3274cd6b6a5ef80cbed3b8f8ce56b619120eafbbb68a8e4b7fab0,gurobi-mip,1,1,lex-cos,weighted,0,0,779,0,3,2,788,3,78,116,51,26,e045b0692d9963b967cc37f3afb3e58c3e9aff61a3ca6f5ab662629dc35b3201,instances/corrected_v2_reduced_suite/evaluation_critical/evaluation/critical/instance_u40_a25_v5_seed1001_critical.txt,u40_seed1001,0.55,0.5494505494505495,0.7,False,3,2,9,True
instances/research_depth_load_sweep/rho0.55_normal0.7/instance_u40_a25_v5_seed1001_critical.txt,59d916af7ef3274cd6b6a5ef80cbed3b8f8ce56b619120eafbbb68a8e4b7fab0,gurobi-mip,1,1,lex-overtime,weighted,0,0,779,0,3,2,788,3,78,116,51,26,e045b0692d9963b967cc37f3afb3e58c3e9aff61a3ca6f5ab662629dc35b3201,instances/corrected_v2_reduced_suite/evaluation_critical/evaluation/critical/instance_u40_a25_v5_seed1001_critical.txt,u40_seed1001,0.55,0.5494505494505495,0.7,False,3,2,9,True
instances/research_depth_load_sweep/rho0.85_normal1/instance_u40_a20_v4_seed1003_critical.txt,4ff6e04eb07da5def73622a73c38b98f329ae7dc941e6be268524e8a999f28be,gurobi-mip,1,1,lex-cos,lex-overtime,0,0,556,0,0,0,556,0,0,0,0,0,2e89d655657e6565c5ecb975872229f2b89227e9d8d4becfc0d4e18894748b91,instances/corrected_v2_reduced_suite/evaluation_critical/evaluation/critical/instance_u40_a20_v4_seed1003_critical.txt,u40_seed1003,0.85,0.8465608465608465,1.0,False,0,0,0,False
instances/research_depth_load_sweep/rho0.85_normal1/instance_u40_a20_v4_seed1003_critical.txt,4ff6e04eb07da5def73622a73c38b98f329ae7dc941e6be268524e8a999f28be,gurobi-mip,1,1,lex-cos,weighted,0,0,556,0,8,0,576,8,52,85,35,12,2e89d655657e6565c5ecb975872229f2b89227e9d8d4becfc0d4e18894748b91,instances/corrected_v2_reduced_suite/evaluation_critical/evaluation/critical/instance_u40_a20_v4_seed1003_critical.txt,u40_seed1003,0.85,0.8465608465608465,1.0,False,8,0,20,True
instances/research_depth_load_sweep/rho0.85_normal1/instance_u40_a20_v4_seed1003_critical.txt,4ff6e04eb07da5def73622a73c38b98f329ae7dc941e6be268524e8a999f28be,gurobi-mip,1,1,lex-overtime,weighted,0,0,556,0,8,0,576,8,52,85,35,12,2e89d655657e6565c5ecb975872229f2b89227e9d8d4becfc0d4e18894748b91,instances/corrected_v2_reduced_suite/evaluation_critical/evaluation/critical/instance_u40_a20_v4_seed1003_critical.txt,u40_seed1003,0.85,0.8465608465608465,1.0,False,8,0,20,True
instances/research_depth_load_sweep/rho0.85_normal0.85/instance_u40_a20_v4_seed1003_critical.txt,2e89d655657e6565c5ecb975872229f2b89227e9d8d4becfc0d4e18894748b91,gurobi-mip,1,1,lex-cos,lex-overtime,0,0,534,0,0,0,534,0,0,0,0,0,2e89d655657e6565c5ecb975872229f2b89227e9d8d4becfc0d4e18894748b91,instances/corrected_v2_reduced_suite/evaluation_critical/evaluation/critical/instance_u40_a20_v4_seed1003_critical.txt,u40_seed1003,0.85,0.8465608465608465,0.85,True,0,0,0,False
instances/research_depth_load_sweep/rho0.85_normal0.85/instance_u40_a20_v4_seed1003_critical.txt,2e89d655657e6565c5ecb975872229f2b89227e9d8d4becfc0d4e18894748b91,gurobi-mip,1,1,lex-cos,weighted,0,0,534,0,8,11,572,8,54,85,36,22,2e89d655657e6565c5ecb975872229f2b89227e9d8d4becfc0d4e18894748b91,instances/corrected_v2_reduced_suite/evaluation_critical/evaluation/critical/instance_u40_a20_v4_seed1003_critical.txt,u40_seed1003,0.85,0.8465608465608465,0.85,True,8,11,38,True
instances/research_depth_load_sweep/rho0.85_normal0.85/instance_u40_a20_v4_seed1003_critical.txt,2e89d655657e6565c5ecb975872229f2b89227e9d8d4becfc0d4e18894748b91,gurobi-mip,1,1,lex-overtime,weighted,0,0,534,0,8,11,572,8,54,85,36,22,2e89d655657e6565c5ecb975872229f2b89227e9d8d4becfc0d4e18894748b91,instances/corrected_v2_reduced_suite/evaluation_critical/evaluation/critical/instance_u40_a20_v4_seed1003_critical.txt,u40_seed1003,0.85,0.8465608465608465,0.85,True,8,11,38,True
instances/research_depth_load_sweep/rho0.55_normal0.85/instance_u30_a20_v4_seed1001_critical.txt,acc8db8aad7bed25b38d149351a11bff2260511a930a8514bb9a94140bfcb103,gurobi-mip,1,1,lex-cos,lex-overtime,0,0,472,0,0,0,472,0,0,0,0,0,d4d3d128eb54871902a41a24c690d5559af2a39138098ef2902d8f1e4d8089a8,instances/corrected_v2_reduced_suite/evaluation_critical/evaluation/critical/instance_u30_a20_v4_seed1001_critical.txt,u30_seed1001,0.55,0.547945205479452,0.85,False,0,0,0,False
instances/research_depth_load_sweep/rho0.55_normal0.85/instance_u30_a20_v4_seed1001_critical.txt,acc8db8aad7bed25b38d149351a11bff2260511a930a8514bb9a94140bfcb103,gurobi-mip,1,1,lex-cos,weighted,0,0,472,0,0,0,472,0,29,37,18,20,d4d3d128eb54871902a41a24c690d5559af2a39138098ef2902d8f1e4d8089a8,instances/corrected_v2_reduced_suite/evaluation_critical/evaluation/critical/instance_u30_a20_v4_seed1001_critical.txt,u30_seed1001,0.55,0.547945205479452,0.85,False,0,0,0,False
instances/research_depth_load_sweep/rho0.55_normal0.85/instance_u30_a20_v4_seed1001_critical.txt,acc8db8aad7bed25b38d149351a11bff2260511a930a8514bb9a94140bfcb103,gurobi-mip,1,1,lex-overtime,weighted,0,0,472,0,0,0,472,0,29,37,18,20,d4d3d128eb54871902a41a24c690d5559af2a39138098ef2902d8f1e4d8089a8,instances/corrected_v2_reduced_suite/evaluation_critical/evaluation/critical/instance_u30_a20_v4_seed1001_critical.txt,u30_seed1001,0.55,0.547945205479452,0.85,False,0,0,0,False
instances/research_depth_load_sweep/rho0.55_normal0.7/instance_u40_a25_v4_seed1003_critical.txt,f868f1f103cb411fa14c6f14ff7a9fd99df1d76d696e0136e1bcf35a94b87280,gurobi-mip,1,1,lex-cos,lex-overtime,0,0,583,0,0,0,583,0,0,0,0,0,3df9ad93fd31450b47bc05e23b939b69e8ff446e817f1dae19bc71c5f2d8d73d,instances/corrected_v2_reduced_suite/evaluation_critical/evaluation/critical/instance_u40_a25_v4_seed1003_critical.txt,u40_seed1003,0.55,0.5498281786941581,0.7,False,0,0,0,False
instances/research_depth_load_sweep/rho0.55_normal0.7/instance_u40_a25_v4_seed1003_critical.txt,f868f1f103cb411fa14c6f14ff7a9fd99df1d76d696e0136e1bcf35a94b87280,gurobi-mip,1,1,lex-cos,weighted,0,0,583,0,7,3,596,7,49,95,30,34,3df9ad93fd31450b47bc05e23b939b69e8ff446e817f1dae19bc71c5f2d8d73d,instances/corrected_v2_reduced_suite/evaluation_critical/evaluation/critical/instance_u40_a25_v4_seed1003_critical.txt,u40_seed1003,0.55,0.5498281786941581,0.7,False,7,3,13,True
instances/research_depth_load_sweep/rho0.55_normal0.7/instance_u40_a25_v4_seed1003_critical.txt,f868f1f103cb411fa14c6f14ff7a9fd99df1d76d696e0136e1bcf35a94b87280,gurobi-mip,1,1,lex-overtime,weighted,0,0,583,0,7,3,596,7,49,95,30,34,3df9ad93fd31450b47bc05e23b939b69e8ff446e817f1dae19bc71c5f2d8d73d,instances/corrected_v2_reduced_suite/evaluation_critical/evaluation/critical/instance_u40_a25_v4_seed1003_critical.txt,u40_seed1003,0.55,0.5498281786941581,0.7,False,7,3,13,True
instances/research_depth_load_sweep/rho0.98_normal1/instance_u30_a10_v5_seed1003_critical.txt,b2e55e49b69f4df5b1d16046fdd9a0f0302fba524507b2556cbc8755a377048a,gurobi-mip,1,1,lex-cos,lex-overtime,0,0,491,0,0,0,491,0,0,0,0,0,f927ebb65ee27c08aa667987adf8f8a250da1264d79c4928cd88971e4a6b004e,instances/corrected_v2_reduced_suite/evaluation_critical/evaluation/critical/instance_u30_a10_v5_seed1003_critical.txt,u30_seed1003,0.98,0.974025974025974,1.0,False,0,0,0,False
instances/research_depth_load_sweep/rho0.98_normal1/instance_u30_a10_v5_seed1003_critical.txt,b2e55e49b69f4df5b1d16046fdd9a0f0302fba524507b2556cbc8755a377048a,gurobi-mip,1,1,lex-cos,weighted,0,0,491,0,8,0,512,8,39,77,20,0,f927ebb65ee27c08aa667987adf8f8a250da1264d79c4928cd88971e4a6b004e,instances/corrected_v2_reduced_suite/evaluation_critical/evaluation/critical/instance_u30_a10_v5_seed1003_critical.txt,u30_seed1003,0.98,0.974025974025974,1.0,False,8,0,21,True
instances/research_depth_load_sweep/rho0.98_normal1/instance_u30_a10_v5_seed1003_critical.txt,b2e55e49b69f4df5b1d16046fdd9a0f0302fba524507b2556cbc8755a377048a,gurobi-mip,1,1,lex-overtime,weighted,0,0,491,0,8,0,512,8,39,77,20,0,f927ebb65ee27c08aa667987adf8f8a250da1264d79c4928cd88971e4a6b004e,instances/corrected_v2_reduced_suite/evaluation_critical/evaluation/critical/instance_u30_a10_v5_seed1003_critical.txt,u30_seed1003,0.98,0.974025974025974,1.0,False,8,0,21,True
instances/research_depth_load_sweep/rho0.55_normal1/instance_u30_a25_v4_seed1001_critical.txt,6fee6d10f6e911dc8d020ef8fc71dad78c1e5f0a94beb017c5f6a92768b47609,gurobi-mip,1,1,lex-cos,lex-overtime,0,0,475,0,0,0,475,0,0,0,0,0,7a04660fc90733bd70c078b57f1458a7d6d3407d9182f01d456779938bbe7cac,instances/corrected_v2_reduced_suite/evaluation_critical/evaluation/critical/instance_u30_a25_v4_seed1001_critical.txt,u30_seed1001,0.55,0.547945205479452,1.0,False,0,0,0,False
instances/research_depth_load_sweep/rho0.55_normal1/instance_u30_a25_v4_seed1001_critical.txt,6fee6d10f6e911dc8d020ef8fc71dad78c1e5f0a94beb017c5f6a92768b47609,gurobi-mip,1,1,lex-cos,weighted,0,0,475,0,0,0,475,0,39,50,23,36,7a04660fc90733bd70c078b57f1458a7d6d3407d9182f01d456779938bbe7cac,instances/corrected_v2_reduced_suite/evaluation_critical/evaluation/critical/instance_u30_a25_v4_seed1001_critical.txt,u30_seed1001,0.55,0.547945205479452,1.0,False,0,0,0,False
instances/research_depth_load_sweep/rho0.55_normal1/instance_u30_a25_v4_seed1001_critical.txt,6fee6d10f6e911dc8d020ef8fc71dad78c1e5f0a94beb017c5f6a92768b47609,gurobi-mip,1,1,lex-overtime,weighted,0,0,475,0,0,0,475,0,39,50,23,36,7a04660fc90733bd70c078b57f1458a7d6d3407d9182f01d456779938bbe7cac,instances/corrected_v2_reduced_suite/evaluation_critical/evaluation/critical/instance_u30_a25_v4_seed1001_critical.txt,u30_seed1001,0.55,0.547945205479452,1.0,False,0,0,0,False
instances/research_depth_load_sweep/rho0.98_normal1/instance_u30_a25_v5_seed1001_critical.txt,a8f707fab39c109418574db63dcafff1d49ddf557d66e945416a4b88f402da9f,gurobi-mip,1,1,lex-cos,lex-overtime,0,0,537,0,0,0,537,0,0,0,0,0,51df0f9f4a354e14ce203c3399ff72e9f90e0370b7b497467427e1d198dd119e,instances/corrected_v2_reduced_suite/evaluation_critical/evaluation/critical/instance_u30_a25_v5_seed1001_critical.txt,u30_seed1001,0.98,0.974025974025974,1.0,False,0,0,0,False
instances/research_depth_load_sweep/rho0.98_normal1/instance_u30_a25_v5_seed1001_critical.txt,a8f707fab39c109418574db63dcafff1d49ddf557d66e945416a4b88f402da9f,gurobi-mip,1,1,lex-cos,weighted,0,0,537,0,0,0,537,0,18,68,9,4,51df0f9f4a354e14ce203c3399ff72e9f90e0370b7b497467427e1d198dd119e,instances/corrected_v2_reduced_suite/evaluation_critical/evaluation/critical/instance_u30_a25_v5_seed1001_critical.txt,u30_seed1001,0.98,0.974025974025974,1.0,False,0,0,0,False
instances/research_depth_load_sweep/rho0.98_normal1/instance_u30_a25_v5_seed1001_critical.txt,a8f707fab39c109418574db63dcafff1d49ddf557d66e945416a4b88f402da9f,gurobi-mip,1,1,lex-overtime,weighted,0,0,537,0,0,0,537,0,18,68,9,4,51df0f9f4a354e14ce203c3399ff72e9f90e0370b7b497467427e1d198dd119e,instances/corrected_v2_reduced_suite/evaluation_critical/evaluation/critical/instance_u30_a25_v5_seed1001_critical.txt,u30_seed1001,0.98,0.974025974025974,1.0,False,0,0,0,False
instances/research_depth_load_sweep/rho0.85_normal0.85/instance_u40_a25_v5_seed1002_critical.txt,6a86d9e04419d5434a8ac83437d7b4c9067045575a2a45a9a29888e5d862b401,gurobi-mip,1,1,lex-cos,lex-overtime,1,0,673,1,1,0,673,1,0,0,0,0,6a86d9e04419d5434a8ac83437d7b4c9067045575a2a45a9a29888e5d862b401,instances/corrected_v2_reduced_suite/evaluation_critical/evaluation/critical/instance_u40_a25_v5_seed1002_critical.txt,u40_seed1002,0.85,0.847457627118644,0.85,True,0,0,0,False
instances/research_depth_load_sweep/rho0.85_normal0.85/instance_u40_a25_v5_seed1002_critical.txt,6a86d9e04419d5434a8ac83437d7b4c9067045575a2a45a9a29888e5d862b401,gurobi-mip,1,1,lex-cos,weighted,1,0,673,1,12,12,750,12,81,103,52,24,6a86d9e04419d5434a8ac83437d7b4c9067045575a2a45a9a29888e5d862b401,instances/corrected_v2_reduced_suite/evaluation_critical/evaluation/critical/instance_u40_a25_v5_seed1002_critical.txt,u40_seed1002,0.85,0.847457627118644,0.85,True,11,12,77,True
instances/research_depth_load_sweep/rho0.85_normal0.85/instance_u40_a25_v5_seed1002_critical.txt,6a86d9e04419d5434a8ac83437d7b4c9067045575a2a45a9a29888e5d862b401,gurobi-mip,1,1,lex-overtime,weighted,1,0,673,1,12,12,750,12,81,103,52,24,6a86d9e04419d5434a8ac83437d7b4c9067045575a2a45a9a29888e5d862b401,instances/corrected_v2_reduced_suite/evaluation_critical/evaluation/critical/instance_u40_a25_v5_seed1002_critical.txt,u40_seed1002,0.85,0.847457627118644,0.85,True,11,12,77,True
instances/research_depth_load_sweep/rho0.85_normal0.7/instance_u40_a25_v5_seed1003_critical.txt,b324d4465a32cee3777d4876aeb7da14b4f45252d99d2c4b0f2a275a1c017ba8,gurobi-mip,1,1,lex-cos,lex-overtime,0,35,685,0,0,35,685,0,0,0,0,0,4e512df627d17612d29d4a3e5f36bd78eb17641a1923ef501751875f036a5ae9,instances/corrected_v2_reduced_suite/evaluation_critical/evaluation/critical/instance_u40_a25_v5_seed1003_critical.txt,u40_seed1003,0.85,0.847457627118644,0.7,False,0,0,0,False
instances/research_depth_load_sweep/rho0.85_normal0.7/instance_u40_a25_v5_seed1003_critical.txt,b324d4465a32cee3777d4876aeb7da14b4f45252d99d2c4b0f2a275a1c017ba8,gurobi-mip,1,1,lex-cos,weighted,0,35,685,0,11,40,720,11,74,122,41,30,4e512df627d17612d29d4a3e5f36bd78eb17641a1923ef501751875f036a5ae9,instances/corrected_v2_reduced_suite/evaluation_critical/evaluation/critical/instance_u40_a25_v5_seed1003_critical.txt,u40_seed1003,0.85,0.847457627118644,0.7,False,11,5,35,True
instances/research_depth_load_sweep/rho0.85_normal0.7/instance_u40_a25_v5_seed1003_critical.txt,b324d4465a32cee3777d4876aeb7da14b4f45252d99d2c4b0f2a275a1c017ba8,gurobi-mip,1,1,lex-overtime,weighted,0,35,685,0,11,40,720,11,74,122,41,30,4e512df627d17612d29d4a3e5f36bd78eb17641a1923ef501751875f036a5ae9,instances/corrected_v2_reduced_suite/evaluation_critical/evaluation/critical/instance_u40_a25_v5_seed1003_critical.txt,u40_seed1003,0.85,0.847457627118644,0.7,False,11,5,35,True
instances/research_depth_load_sweep/rho0.98_normal0.7/instance_u40_a25_v4_seed1002_critical.txt,d3dbd626883e86c9df78cd249d27aaa64c3d441c72d0bf44653a49e185c9a87e,gurobi-mip,1,1,lex-cos,lex-overtime,3,45,521,3,3,45,521,3,0,0,0,0,5c9a8a3dcc3d1fe985ff86f0f6765ea477a79927e1fcb4a8a0be3ecb89ce8cfe,instances/corrected_v2_reduced_suite/evaluation_critical/evaluation/critical/instance_u40_a25_v4_seed1002_critical.txt,u40_seed1002,0.98,0.975609756097561,0.7,False,0,0,0,False
instances/research_depth_load_sweep/rho0.98_normal0.7/instance_u40_a25_v4_seed1002_critical.txt,d3dbd626883e86c9df78cd249d27aaa64c3d441c72d0bf44653a49e185c9a87e,gurobi-mip,1,1,lex-cos,weighted,3,45,521,3,14,45,561,14,48,81,36,2,5c9a8a3dcc3d1fe985ff86f0f6765ea477a79927e1fcb4a8a0be3ecb89ce8cfe,instances/corrected_v2_reduced_suite/evaluation_critical/evaluation/critical/instance_u40_a25_v4_seed1002_critical.txt,u40_seed1002,0.98,0.975609756097561,0.7,False,11,0,40,True
instances/research_depth_load_sweep/rho0.98_normal0.7/instance_u40_a25_v4_seed1002_critical.txt,d3dbd626883e86c9df78cd249d27aaa64c3d441c72d0bf44653a49e185c9a87e,gurobi-mip,1,1,lex-overtime,weighted,3,45,521,3,14,45,561,14,48,81,36,2,5c9a8a3dcc3d1fe985ff86f0f6765ea477a79927e1fcb4a8a0be3ecb89ce8cfe,instances/corrected_v2_reduced_suite/evaluation_critical/evaluation/critical/instance_u40_a25_v4_seed1002_critical.txt,u40_seed1002,0.98,0.975609756097561,0.7,False,11,0,40,True
instances/research_depth_load_sweep/rho0.98_normal1/instance_u30_a25_v4_seed1001_critical.txt,4347c13174322ac951d812b92fbe7d544c282b4ed2121ec61560d8910686c543,gurobi-mip,1,1,lex-cos,lex-overtime,0,0,414,0,0,0,414,0,0,0,0,0,7a04660fc90733bd70c078b57f1458a7d6d3407d9182f01d456779938bbe7cac,instances/corrected_v2_reduced_suite/evaluation_critical/evaluation/critical/instance_u30_a25_v4_seed1001_critical.txt,u30_seed1001,0.98,0.975609756097561,1.0,False,0,0,0,False
instances/research_depth_load_sweep/rho0.98_normal1/instance_u30_a25_v4_seed1001_critical.txt,4347c13174322ac951d812b92fbe7d544c282b4ed2121ec61560d8910686c543,gurobi-mip,1,1,lex-cos,weighted,0,0,414,0,2,0,416,2,28,51,18,2,7a04660fc90733bd70c078b57f1458a7d6d3407d9182f01d456779938bbe7cac,instances/corrected_v2_reduced_suite/evaluation_critical/evaluation/critical/instance_u30_a25_v4_seed1001_critical.txt,u30_seed1001,0.98,0.975609756097561,1.0,False,2,0,2,True
instances/research_depth_load_sweep/rho0.98_normal1/instance_u30_a25_v4_seed1001_critical.txt,4347c13174322ac951d812b92fbe7d544c282b4ed2121ec61560d8910686c543,gurobi-mip,1,1,lex-overtime,weighted,0,0,414,0,2,0,416,2,28,51,18,2,7a04660fc90733bd70c078b57f1458a7d6d3407d9182f01d456779938bbe7cac,instances/corrected_v2_reduced_suite/evaluation_critical/evaluation/critical/instance_u30_a25_v4_seed1001_critical.txt,u30_seed1001,0.98,0.975609756097561,1.0,False,2,0,2,True
instances/research_depth_load_sweep/rho0.98_normal0.7/instance_u30_a25_v5_seed1003_critical.txt,70c91fe1af9706008f944f3b20f0fc2e962bf503efc22e92517669e14872f6dd,gurobi-mip,1,1,lex-cos,lex-overtime,0,42,493,0,0,42,493,0,0,0,0,0,e90c35e7cece54d3787eeeb644bcf0edacb9c7c339799fb4aaa218f9d27dc487,instances/corrected_v2_reduced_suite/evaluation_critical/evaluation/critical/instance_u30_a25_v5_seed1003_critical.txt,u30_seed1003,0.98,0.974025974025974,0.7,False,0,0,0,False
instances/research_depth_load_sweep/rho0.98_normal0.7/instance_u30_a25_v5_seed1003_critical.txt,70c91fe1af9706008f944f3b20f0fc2e962bf503efc22e92517669e14872f6dd,gurobi-mip,1,1,lex-cos,weighted,0,42,493,0,8,42,514,8,38,79,23,0,e90c35e7cece54d3787eeeb644bcf0edacb9c7c339799fb4aaa218f9d27dc487,instances/corrected_v2_reduced_suite/evaluation_critical/evaluation/critical/instance_u30_a25_v5_seed1003_critical.txt,u30_seed1003,0.98,0.974025974025974,0.7,False,8,0,21,True
instances/research_depth_load_sweep/rho0.98_normal0.7/instance_u30_a25_v5_seed1003_critical.txt,70c91fe1af9706008f944f3b20f0fc2e962bf503efc22e92517669e14872f6dd,gurobi-mip,1,1,lex-overtime,weighted,0,42,493,0,8,42,514,8,38,79,23,0,e90c35e7cece54d3787eeeb644bcf0edacb9c7c339799fb4aaa218f9d27dc487,instances/corrected_v2_reduced_suite/evaluation_critical/evaluation/critical/instance_u30_a25_v5_seed1003_critical.txt,u30_seed1003,0.98,0.974025974025974,0.7,False,8,0,21,True
instances/research_depth_load_sweep/rho0.98_normal0.7/instance_u30_a15_v5_seed1001_critical.txt,7fabbf2ef878b20e54fe139a8bbe3785e02a036f4823412f59052748c8594774,gurobi-mip,1,1,lex-cos,lex-overtime,0,42,536,0,0,42,536,0,0,0,0,0,d905fad91222982a08a22ae863c33e30bfbfd97c54ac14ec4029959a98d9ffe3,instances/corrected_v2_reduced_suite/evaluation_critical/evaluation/critical/instance_u30_a15_v5_seed1001_critical.txt,u30_seed1001,0.98,0.974025974025974,0.7,False,0,0,0,False
instances/research_depth_load_sweep/rho0.98_normal0.7/instance_u30_a15_v5_seed1001_critical.txt,7fabbf2ef878b20e54fe139a8bbe3785e02a036f4823412f59052748c8594774,gurobi-mip,1,1,lex-cos,weighted,0,42,536,0,1,42,537,1,28,75,16,0,d905fad91222982a08a22ae863c33e30bfbfd97c54ac14ec4029959a98d9ffe3,instances/corrected_v2_reduced_suite/evaluation_critical/evaluation/critical/instance_u30_a15_v5_seed1001_critical.txt,u30_seed1001,0.98,0.974025974025974,0.7,False,1,0,1,True
instances/research_depth_load_sweep/rho0.98_normal0.7/instance_u30_a15_v5_seed1001_critical.txt,7fabbf2ef878b20e54fe139a8bbe3785e02a036f4823412f59052748c8594774,gurobi-mip,1,1,lex-overtime,weighted,0,42,536,0,1,42,537,1,28,75,16,0,d905fad91222982a08a22ae863c33e30bfbfd97c54ac14ec4029959a98d9ffe3,instances/corrected_v2_reduced_suite/evaluation_critical/evaluation/critical/instance_u30_a15_v5_seed1001_critical.txt,u30_seed1001,0.98,0.974025974025974,0.7,False,1,0,1,True
instances/research_depth_load_sweep/rho0.85_normal0.85/instance_u30_a20_v4_seed1002_critical.txt,34bd64e4677b21f310faa4406545db874dca6ae220c9a65e8a35f01abe1b0955,gurobi-mip,1,1,lex-cos,lex-overtime,0,0,411,0,0,0,411,0,0,0,0,0,34bd64e4677b21f310faa4406545db874dca6ae220c9a65e8a35f01abe1b0955,instances/corrected_v2_reduced_suite/evaluation_critical/evaluation/critical/instance_u30_a20_v4_seed1002_critical.txt,u30_seed1002,0.85,0.8450704225352113,0.85,True,0,0,0,False
instances/research_depth_load_sweep/rho0.85_normal0.85/instance_u30_a20_v4_seed1002_critical.txt,34bd64e4677b21f310faa4406545db874dca6ae220c9a65e8a35f01abe1b0955,gurobi-mip,1,1,lex-cos,weighted,0,0,411,0,4,8,439,4,48,60,38,16,34bd64e4677b21f310faa4406545db874dca6ae220c9a65e8a35f01abe1b0955,instances/corrected_v2_reduced_suite/evaluation_critical/evaluation/critical/instance_u30_a20_v4_seed1002_critical.txt,u30_seed1002,0.85,0.8450704225352113,0.85,True,4,8,28,True
instances/research_depth_load_sweep/rho0.85_normal0.85/instance_u30_a20_v4_seed1002_critical.txt,34bd64e4677b21f310faa4406545db874dca6ae220c9a65e8a35f01abe1b0955,gurobi-mip,1,1,lex-overtime,weighted,0,0,411,0,4,8,439,4,48,60,38,16,34bd64e4677b21f310faa4406545db874dca6ae220c9a65e8a35f01abe1b0955,instances/corrected_v2_reduced_suite/evaluation_critical/evaluation/critical/instance_u30_a20_v4_seed1002_critical.txt,u30_seed1002,0.85,0.8450704225352113,0.85,True,4,8,28,True
instances/research_depth_load_sweep/rho0.55_normal1/instance_u40_a10_v5_seed1003_critical.txt,53c07a340edd87ec5091d51737c5101c244635e34c8e2c347ceef2b147d1b65c,gurobi-mip,1,1,lex-cos,lex-overtime,1,0,680,1,1,0,680,1,0,0,0,0,017118e5960c7e18a239e77b1f198b44915ed895aea6f231bb872df91f90f0f2,instances/corrected_v2_reduced_suite/evaluation_critical/evaluation/critical/instance_u40_a10_v5_seed1003_critical.txt,u40_seed1003,0.55,0.5494505494505495,1.0,False,0,0,0,False
instances/research_depth_load_sweep/rho0.55_normal1/instance_u40_a10_v5_seed1003_critical.txt,53c07a340edd87ec5091d51737c5101c244635e34c8e2c347ceef2b147d1b65c,gurobi-mip,1,1,lex-cos,weighted,1,0,680,1,9,0,700,9,54,103,29,44,017118e5960c7e18a239e77b1f198b44915ed895aea6f231bb872df91f90f0f2,instances/corrected_v2_reduced_suite/evaluation_critical/evaluation/critical/instance_u40_a10_v5_seed1003_critical.txt,u40_seed1003,0.55,0.5494505494505495,1.0,False,8,0,20,True
instances/research_depth_load_sweep/rho0.55_normal1/instance_u40_a10_v5_seed1003_critical.txt,53c07a340edd87ec5091d51737c5101c244635e34c8e2c347ceef2b147d1b65c,gurobi-mip,1,1,lex-overtime,weighted,1,0,680,1,9,0,700,9,54,103,29,44,017118e5960c7e18a239e77b1f198b44915ed895aea6f231bb872df91f90f0f2,instances/corrected_v2_reduced_suite/evaluation_critical/evaluation/critical/instance_u40_a10_v5_seed1003_critical.txt,u40_seed1003,0.55,0.5494505494505495,1.0,False,8,0,20,True
instances/research_depth_load_sweep/rho0.55_normal1/instance_u40_a25_v4_seed1003_critical.txt,2d80dd8645cce58489e27fe9c8d5f4055eb8877a3e287ac2f55419eaa60cba13,gurobi-mip,1,1,lex-cos,lex-overtime,0,0,588,0,0,0,588,0,0,0,0,0,3df9ad93fd31450b47bc05e23b939b69e8ff446e817f1dae19bc71c5f2d8d73d,instances/corrected_v2_reduced_suite/evaluation_critical/evaluation/critical/instance_u40_a25_v4_seed1003_critical.txt,u40_seed1003,0.55,0.5498281786941581,1.0,False,0,0,0,False
instances/research_depth_load_sweep/rho0.55_normal1/instance_u40_a25_v4_seed1003_critical.txt,2d80dd8645cce58489e27fe9c8d5f4055eb8877a3e287ac2f55419eaa60cba13,gurobi-mip,1,1,lex-cos,weighted,0,0,588,0,5,0,596,5,67,81,42,46,3df9ad93fd31450b47bc05e23b939b69e8ff446e817f1dae19bc71c5f2d8d73d,instances/corrected_v2_reduced_suite/evaluation_critical/evaluation/critical/instance_u40_a25_v4_seed1003_critical.txt,u40_seed1003,0.55,0.5498281786941581,1.0,False,5,0,8,True
instances/research_depth_load_sweep/rho0.55_normal1/instance_u40_a25_v4_seed1003_critical.txt,2d80dd8645cce58489e27fe9c8d5f4055eb8877a3e287ac2f55419eaa60cba13,gurobi-mip,1,1,lex-overtime,weighted,0,0,588,0,5,0,596,5,67,81,42,46,3df9ad93fd31450b47bc05e23b939b69e8ff446e817f1dae19bc71c5f2d8d73d,instances/corrected_v2_reduced_suite/evaluation_critical/evaluation/critical/instance_u40_a25_v4_seed1003_critical.txt,u40_seed1003,0.55,0.5498281786941581,1.0,False,5,0,8,True
instances/research_depth_load_sweep/rho0.98_normal0.7/instance_u40_a20_v4_seed1003_critical.txt,95ad472275e3add83c4c75dbe0eedd862c6aae560766f8db616177c18fdf6fff,gurobi-mip,1,1,lex-cos,lex-overtime,1,45,520,1,1,45,520,1,0,0,0,0,2e89d655657e6565c5ecb975872229f2b89227e9d8d4becfc0d4e18894748b91,instances/corrected_v2_reduced_suite/evaluation_critical/evaluation/critical/instance_u40_a20_v4_seed1003_critical.txt,u40_seed1003,0.98,0.975609756097561,0.7,False,0,0,0,False
instances/research_depth_load_sweep/rho0.98_normal0.7/instance_u40_a20_v4_seed1003_critical.txt,95ad472275e3add83c4c75dbe0eedd862c6aae560766f8db616177c18fdf6fff,gurobi-mip,1,1,lex-cos,weighted,1,45,520,1,8,45,542,8,45,94,35,2,2e89d655657e6565c5ecb975872229f2b89227e9d8d4becfc0d4e18894748b91,instances/corrected_v2_reduced_suite/evaluation_critical/evaluation/critical/instance_u40_a20_v4_seed1003_critical.txt,u40_seed1003,0.98,0.975609756097561,0.7,False,7,0,22,True
instances/research_depth_load_sweep/rho0.98_normal0.7/instance_u40_a20_v4_seed1003_critical.txt,95ad472275e3add83c4c75dbe0eedd862c6aae560766f8db616177c18fdf6fff,gurobi-mip,1,1,lex-overtime,weighted,1,45,520,1,8,45,542,8,45,94,35,2,2e89d655657e6565c5ecb975872229f2b89227e9d8d4becfc0d4e18894748b91,instances/corrected_v2_reduced_suite/evaluation_critical/evaluation/critical/instance_u40_a20_v4_seed1003_critical.txt,u40_seed1003,0.98,0.975609756097561,0.7,False,7,0,22,True
instances/research_depth_load_sweep/rho0.85_normal1/instance_u30_a20_v5_seed1001_critical.txt,f79b03964db88dffbcbd16eb1432ead35ab157e479980d80a3b6cef540691a49,gurobi-mip,1,1,lex-cos,lex-overtime,0,0,573,0,0,0,573,0,0,0,0,0,22ee92263371ecea73d08de26b04d5edec6fc04579a52160b302a4510f99ac1e,instances/corrected_v2_reduced_suite/evaluation_critical/evaluation/critical/instance_u30_a20_v5_seed1001_critical.txt,u30_seed1001,0.85,0.847457627118644,1.0,False,0,0,0,False
instances/research_depth_load_sweep/rho0.85_normal1/instance_u30_a20_v5_seed1001_critical.txt,f79b03964db88dffbcbd16eb1432ead35ab157e479980d80a3b6cef540691a49,gurobi-mip,1,1,lex-cos,weighted,0,0,573,0,0,0,573,0,37,85,24,8,22ee92263371ecea73d08de26b04d5edec6fc04579a52160b302a4510f99ac1e,instances/corrected_v2_reduced_suite/evaluation_critical/evaluation/critical/instance_u30_a20_v5_seed1001_critical.txt,u30_seed1001,0.85,0.847457627118644,1.0,False,0,0,0,False
instances/research_depth_load_sweep/rho0.85_normal1/instance_u30_a20_v5_seed1001_critical.txt,f79b03964db88dffbcbd16eb1432ead35ab157e479980d80a3b6cef540691a49,gurobi-mip,1,1,lex-overtime,weighted,0,0,573,0,0,0,573,0,37,85,24,8,22ee92263371ecea73d08de26b04d5edec6fc04579a52160b302a4510f99ac1e,instances/corrected_v2_reduced_suite/evaluation_critical/evaluation/critical/instance_u30_a20_v5_seed1001_critical.txt,u30_seed1001,0.85,0.847457627118644,1.0,False,0,0,0,False
instances/research_depth_load_sweep/rho0.55_normal0.85/instance_u30_a20_v5_seed1003_critical.txt,6808675fbe085acd0833915a5cb1ccda2623a9b84add8613f64239e4220ded2a,gurobi-mip,1,1,lex-cos,lex-overtime,0,0,535,0,0,0,535,0,0,0,0,0,65de3dfdc16f9c773e9874c2357071bf31732b49485a995a839ed1f4d259a558,instances/corrected_v2_reduced_suite/evaluation_critical/evaluation/critical/instance_u30_a20_v5_seed1003_critical.txt,u30_seed1003,0.55,0.5494505494505495,0.85,False,0,0,0,False
instances/research_depth_load_sweep/rho0.55_normal0.85/instance_u30_a20_v5_seed1003_critical.txt,6808675fbe085acd0833915a5cb1ccda2623a9b84add8613f64239e4220ded2a,gurobi-mip,1,1,lex-cos,weighted,0,0,535,0,4,0,544,4,57,66,30,40,65de3dfdc16f9c773e9874c2357071bf31732b49485a995a839ed1f4d259a558,instances/corrected_v2_reduced_suite/evaluation_critical/evaluation/critical/instance_u30_a20_v5_seed1003_critical.txt,u30_seed1003,0.55,0.5494505494505495,0.85,False,4,0,9,True
instances/research_depth_load_sweep/rho0.55_normal0.85/instance_u30_a20_v5_seed1003_critical.txt,6808675fbe085acd0833915a5cb1ccda2623a9b84add8613f64239e4220ded2a,gurobi-mip,1,1,lex-overtime,weighted,0,0,535,0,4,0,544,4,57,66,30,40,65de3dfdc16f9c773e9874c2357071bf31732b49485a995a839ed1f4d259a558,instances/corrected_v2_reduced_suite/evaluation_critical/evaluation/critical/instance_u30_a20_v5_seed1003_critical.txt,u30_seed1003,0.55,0.5494505494505495,0.85,False,4,0,9,True
instances/research_depth_load_sweep/rho0.85_normal0.7/instance_u40_a15_v4_seed1002_critical.txt,bb678996ad42568c09804fd92705cb43081d39cf72461a6795a7e318bf8a02c8,gurobi-mip,1,1,lex-cos,lex-overtime,2,28,547,2,2,28,547,2,0,0,0,0,23421d631ba25e8a6e9fc662d65c83fe6fccb717088483d568dab2b286aa89db,instances/corrected_v2_reduced_suite/evaluation_critical/evaluation/critical/instance_u40_a15_v4_seed1002_critical.txt,u40_seed1002,0.85,0.8465608465608465,0.7,False,0,0,0,False
instances/research_depth_load_sweep/rho0.85_normal0.7/instance_u40_a15_v4_seed1002_critical.txt,bb678996ad42568c09804fd92705cb43081d39cf72461a6795a7e318bf8a02c8,gurobi-mip,1,1,lex-cos,weighted,2,28,547,2,11,34,593,11,55,73,42,12,23421d631ba25e8a6e9fc662d65c83fe6fccb717088483d568dab2b286aa89db,instances/corrected_v2_reduced_suite/evaluation_critical/evaluation/critical/instance_u40_a15_v4_seed1002_critical.txt,u40_seed1002,0.85,0.8465608465608465,0.7,False,9,6,46,True
instances/research_depth_load_sweep/rho0.85_normal0.7/instance_u40_a15_v4_seed1002_critical.txt,bb678996ad42568c09804fd92705cb43081d39cf72461a6795a7e318bf8a02c8,gurobi-mip,1,1,lex-overtime,weighted,2,28,547,2,11,34,593,11,55,73,42,12,23421d631ba25e8a6e9fc662d65c83fe6fccb717088483d568dab2b286aa89db,instances/corrected_v2_reduced_suite/evaluation_critical/evaluation/critical/instance_u40_a15_v4_seed1002_critical.txt,u40_seed1002,0.85,0.8465608465608465,0.7,False,9,6,46,True
instances/research_depth_load_sweep/rho0.98_normal0.7/instance_u40_a15_v4_seed1003_critical.txt,34b9394d148eb5cc9d2f2f8a302415a3a00c2f3fdc7d1830103beb112e1b1ef7,gurobi-mip,1,1,lex-cos,lex-overtime,1,45,522,1,1,45,522,1,0,0,0,0,60b67ddc948fc1382700a5f01082aad04d5d3d19d708c2351412f697e9f9ead7,instances/corrected_v2_reduced_suite/evaluation_critical/evaluation/critical/instance_u40_a15_v4_seed1003_critical.txt,u40_seed1003,0.98,0.975609756097561,0.7,False,0,0,0,False
instances/research_depth_load_sweep/rho0.98_normal0.7/instance_u40_a15_v4_seed1003_critical.txt,34b9394d148eb5cc9d2f2f8a302415a3a00c2f3fdc7d1830103beb112e1b1ef7,gurobi-mip,1,1,lex-cos,weighted,1,45,522,1,10,45,544,10,37,83,31,2,60b67ddc948fc1382700a5f01082aad04d5d3d19d708c2351412f697e9f9ead7,instances/corrected_v2_reduced_suite/evaluation_critical/evaluation/critical/instance_u40_a15_v4_seed1003_critical.txt,u40_seed1003,0.98,0.975609756097561,0.7,False,9,0,22,True
instances/research_depth_load_sweep/rho0.98_normal0.7/instance_u40_a15_v4_seed1003_critical.txt,34b9394d148eb5cc9d2f2f8a302415a3a00c2f3fdc7d1830103beb112e1b1ef7,gurobi-mip,1,1,lex-overtime,weighted,1,45,522,1,10,45,544,10,37,83,31,2,60b67ddc948fc1382700a5f01082aad04d5d3d19d708c2351412f697e9f9ead7,instances/corrected_v2_reduced_suite/evaluation_critical/evaluation/critical/instance_u40_a15_v4_seed1003_critical.txt,u40_seed1003,0.98,0.975609756097561,0.7,False,9,0,22,True
instances/research_depth_load_sweep/rho0.85_normal0.7/instance_u40_a10_v5_seed1002_critical.txt,ec4950d0f898452fad06fa56367aef096df769045269ed1ccf0fdf98fc3fe220,gurobi-mip,1,1,lex-cos,lex-overtime,4,35,701,4,4,35,701,4,0,0,0,0,559a4cbe53b4c6b0b9bb730eba6ec962c70e2de70ab1b20d1f420367127f3bf9,instances/corrected_v2_reduced_suite/evaluation_critical/evaluation/critical/instance_u40_a10_v5_seed1002_critical.txt,u40_seed1002,0.85,0.847457627118644,0.7,False,0,0,0,False
instances/research_depth_load_sweep/rho0.85_normal0.7/instance_u40_a10_v5_seed1002_critical.txt,ec4950d0f898452fad06fa56367aef096df769045269ed1ccf0fdf98fc3fe220,gurobi-mip,1,1,lex-cos,weighted,4,35,701,4,17,36,730,17,49,106,30,2,559a4cbe53b4c6b0b9bb730eba6ec962c70e2de70ab1b20d1f420367127f3bf9,instances/corrected_v2_reduced_suite/evaluation_critical/evaluation/critical/instance_u40_a10_v5_seed1002_critical.txt,u40_seed1002,0.85,0.847457627118644,0.7,False,13,1,29,True
instances/research_depth_load_sweep/rho0.85_normal0.7/instance_u40_a10_v5_seed1002_critical.txt,ec4950d0f898452fad06fa56367aef096df769045269ed1ccf0fdf98fc3fe220,gurobi-mip,1,1,lex-overtime,weighted,4,35,701,4,17,36,730,17,49,106,30,2,559a4cbe53b4c6b0b9bb730eba6ec962c70e2de70ab1b20d1f420367127f3bf9,instances/corrected_v2_reduced_suite/evaluation_critical/evaluation/critical/instance_u40_a10_v5_seed1002_critical.txt,u40_seed1002,0.85,0.847457627118644,0.7,False,13,1,29,True
instances/research_depth_load_sweep/rho0.98_normal0.85/instance_u30_a15_v4_seed1002_critical.txt,2a825a965e28210c853d354b81e1b7d80e782b1bedf01e6fa35b959f30cea438,gurobi-mip,1,1,lex-cos,lex-overtime,2,15,415,2,2,15,415,2,0,0,0,0,148c8679adee389f3bfb69e52584b46bc596198bb5146008050adc703b39182e,instances/corrected_v2_reduced_suite/evaluation_critical/evaluation/critical/instance_u30_a15_v4_seed1002_critical.txt,u30_seed1002,0.98,0.975609756097561,0.85,False,0,0,0,False
instances/research_depth_load_sweep/rho0.98_normal0.85/instance_u30_a15_v4_seed1002_critical.txt,2a825a965e28210c853d354b81e1b7d80e782b1bedf01e6fa35b959f30cea438,gurobi-mip,1,1,lex-cos,weighted,2,15,415,2,5,16,427,5,32,46,24,2,148c8679adee389f3bfb69e52584b46bc596198bb5146008050adc703b39182e,instances/corrected_v2_reduced_suite/evaluation_critical/evaluation/critical/instance_u30_a15_v4_seed1002_critical.txt,u30_seed1002,0.98,0.975609756097561,0.85,False,3,1,12,True
instances/research_depth_load_sweep/rho0.98_normal0.85/instance_u30_a15_v4_seed1002_critical.txt,2a825a965e28210c853d354b81e1b7d80e782b1bedf01e6fa35b959f30cea438,gurobi-mip,1,1,lex-overtime,weighted,2,15,415,2,5,16,427,5,32,46,24,2,148c8679adee389f3bfb69e52584b46bc596198bb5146008050adc703b39182e,instances/corrected_v2_reduced_suite/evaluation_critical/evaluation/critical/instance_u30_a15_v4_seed1002_critical.txt,u30_seed1002,0.98,0.975609756097561,0.85,False,3,1,12,True
instances/research_depth_load_sweep/rho0.55_normal0.85/instance_u40_a25_v5_seed1001_critical.txt,d3dbaedcfd3d339d05705cadd923c4feac19793df2e3b9d42e156013477f5125,gurobi-mip,1,1,lex-cos,lex-overtime,0,0,779,0,0,0,779,0,0,0,0,0,e045b0692d9963b967cc37f3afb3e58c3e9aff61a3ca6f5ab662629dc35b3201,instances/corrected_v2_reduced_suite/evaluation_critical/evaluation/critical/instance_u40_a25_v5_seed1001_critical.txt,u40_seed1001,0.55,0.5494505494505495,0.85,False,0,0,0,False
instances/research_depth_load_sweep/rho0.55_normal0.85/instance_u40_a25_v5_seed1001_critical.txt,d3dbaedcfd3d339d05705cadd923c4feac19793df2e3b9d42e156013477f5125,gurobi-mip,1,1,lex-cos,weighted,0,0,779,0,3,0,788,3,66,114,42,48,e045b0692d9963b967cc37f3afb3e58c3e9aff61a3ca6f5ab662629dc35b3201,instances/corrected_v2_reduced_suite/evaluation_critical/evaluation/critical/instance_u40_a25_v5_seed1001_critical.txt,u40_seed1001,0.55,0.5494505494505495,0.85,False,3,0,9,True
instances/research_depth_load_sweep/rho0.55_normal0.85/instance_u40_a25_v5_seed1001_critical.txt,d3dbaedcfd3d339d05705cadd923c4feac19793df2e3b9d42e156013477f5125,gurobi-mip,1,1,lex-overtime,weighted,0,0,779,0,3,0,788,3,66,114,42,48,e045b0692d9963b967cc37f3afb3e58c3e9aff61a3ca6f5ab662629dc35b3201,instances/corrected_v2_reduced_suite/evaluation_critical/evaluation/critical/instance_u40_a25_v5_seed1001_critical.txt,u40_seed1001,0.55,0.5494505494505495,0.85,False,3,0,9,True
instances/research_depth_load_sweep/rho0.98_normal1/instance_u40_a10_v4_seed1001_critical.txt,e988bf255bc00a4ad68dc4433101043608799e31262de789c77cb842b4e6160c,gurobi-mip,1,1,lex-cos,lex-overtime,0,0,568,0,0,0,568,0,0,0,0,0,b98e75059c523562fbab64282673d9ea225242fe21209b5e428aee89aa625edd,instances/corrected_v2_reduced_suite/evaluation_critical/evaluation/critical/instance_u40_a10_v4_seed1001_critical.txt,u40_seed1001,0.98,0.975609756097561,1.0,False,0,0,0,False
instances/research_depth_load_sweep/rho0.98_normal1/instance_u40_a10_v4_seed1001_critical.txt,e988bf255bc00a4ad68dc4433101043608799e31262de789c77cb842b4e6160c,gurobi-mip,1,1,lex-cos,weighted,0,0,568,0,2,0,576,2,21,86,17,2,b98e75059c523562fbab64282673d9ea225242fe21209b5e428aee89aa625edd,instances/corrected_v2_reduced_suite/evaluation_critical/evaluation/critical/instance_u40_a10_v4_seed1001_critical.txt,u40_seed1001,0.98,0.975609756097561,1.0,False,2,0,8,True
instances/research_depth_load_sweep/rho0.98_normal1/instance_u40_a10_v4_seed1001_critical.txt,e988bf255bc00a4ad68dc4433101043608799e31262de789c77cb842b4e6160c,gurobi-mip,1,1,lex-overtime,weighted,0,0,568,0,2,0,576,2,21,86,17,2,b98e75059c523562fbab64282673d9ea225242fe21209b5e428aee89aa625edd,instances/corrected_v2_reduced_suite/evaluation_critical/evaluation/critical/instance_u40_a10_v4_seed1001_critical.txt,u40_seed1001,0.98,0.975609756097561,1.0,False,2,0,8,True
instances/research_depth_load_sweep/rho0.85_normal0.7/instance_u30_a20_v4_seed1001_critical.txt,9a74a7484b4cc761a3d759460bfbc73f9c0cdd30faa597f97d089388d012d096,gurobi-mip,1,1,lex-cos,lex-overtime,0,21,434,0,0,21,434,0,0,0,0,0,d4d3d128eb54871902a41a24c690d5559af2a39138098ef2902d8f1e4d8089a8,instances/corrected_v2_reduced_suite/evaluation_critical/evaluation/critical/instance_u30_a20_v4_seed1001_critical.txt,u30_seed1001,0.85,0.8450704225352113,0.7,False,0,0,0,False
instances/research_depth_load_sweep/rho0.85_normal0.7/instance_u30_a20_v4_seed1001_critical.txt,9a74a7484b4cc761a3d759460bfbc73f9c0cdd30faa597f97d089388d012d096,gurobi-mip,1,1,lex-cos,weighted,0,21,434,0,2,27,447,2,38,42,26,12,d4d3d128eb54871902a41a24c690d5559af2a39138098ef2902d8f1e4d8089a8,instances/corrected_v2_reduced_suite/evaluation_critical/evaluation/critical/instance_u30_a20_v4_seed1001_critical.txt,u30_seed1001,0.85,0.8450704225352113,0.7,False,2,6,13,True
instances/research_depth_load_sweep/rho0.85_normal0.7/instance_u30_a20_v4_seed1001_critical.txt,9a74a7484b4cc761a3d759460bfbc73f9c0cdd30faa597f97d089388d012d096,gurobi-mip,1,1,lex-overtime,weighted,0,21,434,0,2,27,447,2,38,42,26,12,d4d3d128eb54871902a41a24c690d5559af2a39138098ef2902d8f1e4d8089a8,instances/corrected_v2_reduced_suite/evaluation_critical/evaluation/critical/instance_u30_a20_v4_seed1001_critical.txt,u30_seed1001,0.85,0.8450704225352113,0.7,False,2,6,13,True
instances/research_depth_load_sweep/rho0.98_normal0.7/instance_u30_a10_v4_seed1001_critical.txt,6cb465fe74a16b38a1b88e81d13381bd5cfae05b829c72ecc364cd47d41255fd,gurobi-mip,1,1,lex-cos,lex-overtime,0,34,415,0,0,34,415,0,0,0,0,0,0a4cc1c9eac79eca9e0861f05de893ae18e2c331afdb25b03c6efb933da1d71a,instances/corrected_v2_reduced_suite/evaluation_critical/evaluation/critical/instance_u30_a10_v4_seed1001_critical.txt,u30_seed1001,0.98,0.975609756097561,0.7,False,0,0,0,False
instances/research_depth_load_sweep/rho0.98_normal0.7/instance_u30_a10_v4_seed1001_critical.txt,6cb465fe74a16b38a1b88e81d13381bd5cfae05b829c72ecc364cd47d41255fd,gurobi-mip,1,1,lex-cos,weighted,0,34,415,0,0,34,415,0,21,49,12,0,0a4cc1c9eac79eca9e0861f05de893ae18e2c331afdb25b03c6efb933da1d71a,instances/corrected_v2_reduced_suite/evaluation_critical/evaluation/critical/instance_u30_a10_v4_seed1001_critical.txt,u30_seed1001,0.98,0.975609756097561,0.7,False,0,0,0,False
instances/research_depth_load_sweep/rho0.98_normal0.7/instance_u30_a10_v4_seed1001_critical.txt,6cb465fe74a16b38a1b88e81d13381bd5cfae05b829c72ecc364cd47d41255fd,gurobi-mip,1,1,lex-overtime,weighted,0,34,415,0,0,34,415,0,21,49,12,0,0a4cc1c9eac79eca9e0861f05de893ae18e2c331afdb25b03c6efb933da1d71a,instances/corrected_v2_reduced_suite/evaluation_critical/evaluation/critical/instance_u30_a10_v4_seed1001_critical.txt,u30_seed1001,0.98,0.975609756097561,0.7,False,0,0,0,False
instances/research_depth_load_sweep/rho0.85_normal1/instance_u40_a25_v4_seed1003_critical.txt,2028b26f1f92ff5ddb34f537659884b0614e4053df33105e9b6b921d6f23b60c,gurobi-mip,1,1,lex-cos,lex-overtime,0,0,558,0,0,0,558,0,0,0,0,0,3df9ad93fd31450b47bc05e23b939b69e8ff446e817f1dae19bc71c5f2d8d73d,instances/corrected_v2_reduced_suite/evaluation_critical/evaluation/critical/instance_u40_a25_v4_seed1003_critical.txt,u40_seed1003,0.85,0.8465608465608465,1.0,False,0,0,0,False
instances/research_depth_load_sweep/rho0.85_normal1/instance_u40_a25_v4_seed1003_critical.txt,2028b26f1f92ff5ddb34f537659884b0614e4053df33105e9b6b921d6f23b60c,gurobi-mip,1,1,lex-cos,weighted,0,0,558,0,9,0,576,9,50,97,35,14,3df9ad93fd31450b47bc05e23b939b69e8ff446e817f1dae19bc71c5f2d8d73d,instances/corrected_v2_reduced_suite/evaluation_critical/evaluation/critical/instance_u40_a25_v4_seed1003_critical.txt,u40_seed1003,0.85,0.8465608465608465,1.0,False,9,0,18,True
instances/research_depth_load_sweep/rho0.85_normal1/instance_u40_a25_v4_seed1003_critical.txt,2028b26f1f92ff5ddb34f537659884b0614e4053df33105e9b6b921d6f23b60c,gurobi-mip,1,1,lex-overtime,weighted,0,0,558,0,9,0,576,9,50,97,35,14,3df9ad93fd31450b47bc05e23b939b69e8ff446e817f1dae19bc71c5f2d8d73d,instances/corrected_v2_reduced_suite/evaluation_critical/evaluation/critical/instance_u40_a25_v4_seed1003_critical.txt,u40_seed1003,0.85,0.8465608465608465,1.0,False,9,0,18,True
instances/research_depth_load_sweep/rho0.85_normal0.7/instance_u30_a15_v5_seed1003_critical.txt,2f9c2e8acf8e81d736ce8d9290a7ac196c0f66fa53f4dded252bb290c25d26af,gurobi-mip,1,1,lex-cos,lex-overtime,0,26,508,0,0,26,508,0,0,0,0,0,64a7b2c2ff975f7b043d37a3b7cd606305b2dcbf5aed735f467f0ff6c51b422e,instances/corrected_v2_reduced_suite/evaluation_critical/evaluation/critical/instance_u30_a15_v5_seed1003_critical.txt,u30_seed1003,0.85,0.847457627118644,0.7,False,0,0,0,False
instances/research_depth_load_sweep/rho0.85_normal0.7/instance_u30_a15_v5_seed1003_critical.txt,2f9c2e8acf8e81d736ce8d9290a7ac196c0f66fa53f4dded252bb290c25d26af,gurobi-mip,1,1,lex-cos,weighted,0,26,508,0,7,27,522,7,36,74,20,20,64a7b2c2ff975f7b043d37a3b7cd606305b2dcbf5aed735f467f0ff6c51b422e,instances/corrected_v2_reduced_suite/evaluation_critical/evaluation/critical/instance_u30_a15_v5_seed1003_critical.txt,u30_seed1003,0.85,0.847457627118644,0.7,False,7,1,14,True
instances/research_depth_load_sweep/rho0.85_normal0.7/instance_u30_a15_v5_seed1003_critical.txt,2f9c2e8acf8e81d736ce8d9290a7ac196c0f66fa53f4dded252bb290c25d26af,gurobi-mip,1,1,lex-overtime,weighted,0,26,508,0,7,27,522,7,36,74,20,20,64a7b2c2ff975f7b043d37a3b7cd606305b2dcbf5aed735f467f0ff6c51b422e,instances/corrected_v2_reduced_suite/evaluation_critical/evaluation/critical/instance_u30_a15_v5_seed1003_critical.txt,u30_seed1003,0.85,0.847457627118644,0.7,False,7,1,14,True
instances/research_depth_load_sweep/rho0.98_normal0.7/instance_u40_a10_v5_seed1003_critical.txt,592cba24ddafd48ca21a2bab1ffef2ea3708e42c66b027d7d1ba167be72f2b1f,gurobi-mip,1,1,lex-cos,lex-overtime,1,56,652,1,1,56,652,1,0,0,0,0,017118e5960c7e18a239e77b1f198b44915ed895aea6f231bb872df91f90f0f2,instances/corrected_v2_reduced_suite/evaluation_critical/evaluation/critical/instance_u40_a10_v5_seed1003_critical.txt,u40_seed1003,0.98,0.975609756097561,0.7,False,0,0,0,False
instances/research_depth_load_sweep/rho0.98_normal0.7/instance_u40_a10_v5_seed1003_critical.txt,592cba24ddafd48ca21a2bab1ffef2ea3708e42c66b027d7d1ba167be72f2b1f,gurobi-mip,1,1,lex-cos,weighted,1,56,652,1,13,56,690,13,65,110,37,2,017118e5960c7e18a239e77b1f198b44915ed895aea6f231bb872df91f90f0f2,instances/corrected_v2_reduced_suite/evaluation_critical/evaluation/critical/instance_u40_a10_v5_seed1003_critical.txt,u40_seed1003,0.98,0.975609756097561,0.7,False,12,0,38,True
instances/research_depth_load_sweep/rho0.98_normal0.7/instance_u40_a10_v5_seed1003_critical.txt,592cba24ddafd48ca21a2bab1ffef2ea3708e42c66b027d7d1ba167be72f2b1f,gurobi-mip,1,1,lex-overtime,weighted,1,56,652,1,13,56,690,13,65,110,37,2,017118e5960c7e18a239e77b1f198b44915ed895aea6f231bb872df91f90f0f2,instances/corrected_v2_reduced_suite/evaluation_critical/evaluation/critical/instance_u40_a10_v5_seed1003_critical.txt,u40_seed1003,0.98,0.975609756097561,0.7,False,12,0,38,True
instances/research_depth_load_sweep/rho0.85_normal0.85/instance_u40_a25_v4_seed1001_critical.txt,03e563fb6290ae5b10f29c4bd69e140d46f5db64516b7ab5dad7e2186df2197b,gurobi-mip,1,1,lex-cos,lex-overtime,0,0,575,0,0,0,575,0,0,0,0,0,03e563fb6290ae5b10f29c4bd69e140d46f5db64516b7ab5dad7e2186df2197b,instances/corrected_v2_reduced_suite/evaluation_critical/evaluation/critical/instance_u40_a25_v4_seed1001_critical.txt,u40_seed1001,0.85,0.8465608465608465,0.85,True,0,0,0,False
instances/research_depth_load_sweep/rho0.85_normal0.85/instance_u40_a25_v4_seed1001_critical.txt,03e563fb6290ae5b10f29c4bd69e140d46f5db64516b7ab5dad7e2186df2197b,gurobi-mip,1,1,lex-cos,weighted,0,0,575,0,4,12,611,4,51,83,37,24,03e563fb6290ae5b10f29c4bd69e140d46f5db64516b7ab5dad7e2186df2197b,instances/corrected_v2_reduced_suite/evaluation_critical/evaluation/critical/instance_u40_a25_v4_seed1001_critical.txt,u40_seed1001,0.85,0.8465608465608465,0.85,True,4,12,36,True
instances/research_depth_load_sweep/rho0.85_normal0.85/instance_u40_a25_v4_seed1001_critical.txt,03e563fb6290ae5b10f29c4bd69e140d46f5db64516b7ab5dad7e2186df2197b,gurobi-mip,1,1,lex-overtime,weighted,0,0,575,0,4,12,611,4,51,83,37,24,03e563fb6290ae5b10f29c4bd69e140d46f5db64516b7ab5dad7e2186df2197b,instances/corrected_v2_reduced_suite/evaluation_critical/evaluation/critical/instance_u40_a25_v4_seed1001_critical.txt,u40_seed1001,0.85,0.8465608465608465,0.85,True,4,12,36,True
instances/research_depth_load_sweep/rho0.55_normal0.85/instance_u30_a15_v5_seed1001_critical.txt,c1efa7e721ca0b6e8a83d66315d27c55c15fea53cb646dbf7d96eba2836ff000,gurobi-mip,1,1,lex-cos,lex-overtime,0,0,576,0,0,0,576,0,0,0,0,0,d905fad91222982a08a22ae863c33e30bfbfd97c54ac14ec4029959a98d9ffe3,instances/corrected_v2_reduced_suite/evaluation_critical/evaluation/critical/instance_u30_a15_v5_seed1001_critical.txt,u30_seed1001,0.55,0.5494505494505495,0.85,False,0,0,0,False
instances/research_depth_load_sweep/rho0.55_normal0.85/instance_u30_a15_v5_seed1001_critical.txt,c1efa7e721ca0b6e8a83d66315d27c55c15fea53cb646dbf7d96eba2836ff000,gurobi-mip,1,1,lex-cos,weighted,0,0,576,0,0,0,576,0,15,56,10,22,d905fad91222982a08a22ae863c33e30bfbfd97c54ac14ec4029959a98d9ffe3,instances/corrected_v2_reduced_suite/evaluation_critical/evaluation/critical/instance_u30_a15_v5_seed1001_critical.txt,u30_seed1001,0.55,0.5494505494505495,0.85,False,0,0,0,False
instances/research_depth_load_sweep/rho0.55_normal0.85/instance_u30_a15_v5_seed1001_critical.txt,c1efa7e721ca0b6e8a83d66315d27c55c15fea53cb646dbf7d96eba2836ff000,gurobi-mip,1,1,lex-overtime,weighted,0,0,576,0,0,0,576,0,15,56,10,22,d905fad91222982a08a22ae863c33e30bfbfd97c54ac14ec4029959a98d9ffe3,instances/corrected_v2_reduced_suite/evaluation_critical/evaluation/critical/instance_u30_a15_v5_seed1001_critical.txt,u30_seed1001,0.55,0.5494505494505495,0.85,False,0,0,0,False
instances/research_depth_load_sweep/rho0.85_normal0.85/instance_u40_a20_v5_seed1002_critical.txt,aee0a6b7ec9777049ee75f53a345d8b1b5d4d3de33e8d3f6c9559f510624b169,gurobi-mip,1,1,lex-cos,lex-overtime,1,0,659,1,1,0,659,1,0,0,0,0,aee0a6b7ec9777049ee75f53a345d8b1b5d4d3de33e8d3f6c9559f510624b169,instances/corrected_v2_reduced_suite/evaluation_critical/evaluation/critical/instance_u40_a20_v5_seed1002_critical.txt,u40_seed1002,0.85,0.847457627118644,0.85,True,0,0,0,False
instances/research_depth_load_sweep/rho0.85_normal0.85/instance_u40_a20_v5_seed1002_critical.txt,aee0a6b7ec9777049ee75f53a345d8b1b5d4d3de33e8d3f6c9559f510624b169,gurobi-mip,1,1,lex-cos,weighted,1,0,659,1,10,14,740,10,83,114,56,28,aee0a6b7ec9777049ee75f53a345d8b1b5d4d3de33e8d3f6c9559f510624b169,instances/corrected_v2_reduced_suite/evaluation_critical/evaluation/critical/instance_u40_a20_v5_seed1002_critical.txt,u40_seed1002,0.85,0.847457627118644,0.85,True,9,14,81,True
instances/research_depth_load_sweep/rho0.85_normal0.85/instance_u40_a20_v5_seed1002_critical.txt,aee0a6b7ec9777049ee75f53a345d8b1b5d4d3de33e8d3f6c9559f510624b169,gurobi-mip,1,1,lex-overtime,weighted,1,0,659,1,10,14,740,10,83,114,56,28,aee0a6b7ec9777049ee75f53a345d8b1b5d4d3de33e8d3f6c9559f510624b169,instances/corrected_v2_reduced_suite/evaluation_critical/evaluation/critical/instance_u40_a20_v5_seed1002_critical.txt,u40_seed1002,0.85,0.847457627118644,0.85,True,9,14,81,True
instances/research_depth_load_sweep/rho0.98_normal0.85/instance_u40_a10_v5_seed1001_critical.txt,95c39370c286b21f747e9afdabcfb623a62c4b33cfd6040917405b830d0a7992,gurobi-mip,1,1,lex-cos,lex-overtime,0,26,704,0,0,26,704,0,0,0,0,0,0fa28a903cebd3a3dd85fef2874db9c94ef28e79ab436d5e05b1ed674d0dc046,instances/corrected_v2_reduced_suite/evaluation_critical/evaluation/critical/instance_u40_a10_v5_seed1001_critical.txt,u40_seed1001,0.98,0.975609756097561,0.85,False,0,0,0,False
instances/research_depth_load_sweep/rho0.98_normal0.85/instance_u40_a10_v5_seed1001_critical.txt,95c39370c286b21f747e9afdabcfb623a62c4b33cfd6040917405b830d0a7992,gurobi-mip,1,1,lex-cos,weighted,0,26,704,0,3,26,714,3,31,107,18,0,0fa28a903cebd3a3dd85fef2874db9c94ef28e79ab436d5e05b1ed674d0dc046,instances/corrected_v2_reduced_suite/evaluation_critical/evaluation/critical/instance_u40_a10_v5_seed1001_critical.txt,u40_seed1001,0.98,0.975609756097561,0.85,False,3,0,10,True
instances/research_depth_load_sweep/rho0.98_normal0.85/instance_u40_a10_v5_seed1001_critical.txt,95c39370c286b21f747e9afdabcfb623a62c4b33cfd6040917405b830d0a7992,gurobi-mip,1,1,lex-overtime,weighted,0,26,704,0,3,26,714,3,31,107,18,0,0fa28a903cebd3a3dd85fef2874db9c94ef28e79ab436d5e05b1ed674d0dc046,instances/corrected_v2_reduced_suite/evaluation_critical/evaluation/critical/instance_u40_a10_v5_seed1001_critical.txt,u40_seed1001,0.98,0.975609756097561,0.85,False,3,0,10,True
instances/research_depth_load_sweep/rho0.85_normal0.7/instance_u30_a15_v4_seed1003_critical.txt,ebff382707c2ab019b2e715876ee879834ac33c77b0094f91776447063a2027a,gurobi-mip,1,1,lex-cos,lex-overtime,0,21,418,0,0,21,418,0,0,0,0,0,1a2fbafb2974a05729c7a458b27e009b17a67dbbf649967446361307f7e124a3,instances/corrected_v2_reduced_suite/evaluation_critical/evaluation/critical/instance_u30_a15_v4_seed1003_critical.txt,u30_seed1003,0.85,0.8450704225352113,0.7,False,0,0,0,False
instances/research_depth_load_sweep/rho0.85_normal0.7/instance_u30_a15_v4_seed1003_critical.txt,ebff382707c2ab019b2e715876ee879834ac33c77b0094f91776447063a2027a,gurobi-mip,1,1,lex-cos,weighted,0,21,418,0,5,21,425,5,32,46,19,4,1a2fbafb2974a05729c7a458b27e009b17a67dbbf649967446361307f7e124a3,instances/corrected_v2_reduced_suite/evaluation_critical/evaluation/critical/instance_u30_a15_v4_seed1003_critical.txt,u30_seed1003,0.85,0.8450704225352113,0.7,False,5,0,7,True
instances/research_depth_load_sweep/rho0.85_normal0.7/instance_u30_a15_v4_seed1003_critical.txt,ebff382707c2ab019b2e715876ee879834ac33c77b0094f91776447063a2027a,gurobi-mip,1,1,lex-overtime,weighted,0,21,418,0,5,21,425,5,32,46,19,4,1a2fbafb2974a05729c7a458b27e009b17a67dbbf649967446361307f7e124a3,instances/corrected_v2_reduced_suite/evaluation_critical/evaluation/critical/instance_u30_a15_v4_seed1003_critical.txt,u30_seed1003,0.85,0.8450704225352113,0.7,False,5,0,7,True
instances/research_depth_load_sweep/rho0.55_normal1/instance_u30_a20_v4_seed1003_critical.txt,05b87fe9b085d1853d31107b858ab9cca895aa5b22c6a476c3b2a79f81553f9d,gurobi-mip,1,1,lex-cos,lex-overtime,0,0,437,0,0,0,437,0,0,0,0,0,68e2b74d850c1069e78bc56681e6d252a2a8df6699aceb2e6aaffeff722beca0,instances/corrected_v2_reduced_suite/evaluation_critical/evaluation/critical/instance_u30_a20_v4_seed1003_critical.txt,u30_seed1003,0.55,0.547945205479452,1.0,False,0,0,0,False
instances/research_depth_load_sweep/rho0.55_normal1/instance_u30_a20_v4_seed1003_critical.txt,05b87fe9b085d1853d31107b858ab9cca895aa5b22c6a476c3b2a79f81553f9d,gurobi-mip,1,1,lex-cos,weighted,0,0,437,0,3,0,443,3,40,55,24,34,68e2b74d850c1069e78bc56681e6d252a2a8df6699aceb2e6aaffeff722beca0,instances/corrected_v2_reduced_suite/evaluation_critical/evaluation/critical/instance_u30_a20_v4_seed1003_critical.txt,u30_seed1003,0.55,0.547945205479452,1.0,False,3,0,6,True
instances/research_depth_load_sweep/rho0.55_normal1/instance_u30_a20_v4_seed1003_critical.txt,05b87fe9b085d1853d31107b858ab9cca895aa5b22c6a476c3b2a79f81553f9d,gurobi-mip,1,1,lex-overtime,weighted,0,0,437,0,3,0,443,3,40,55,24,34,68e2b74d850c1069e78bc56681e6d252a2a8df6699aceb2e6aaffeff722beca0,instances/corrected_v2_reduced_suite/evaluation_critical/evaluation/critical/instance_u30_a20_v4_seed1003_critical.txt,u30_seed1003,0.55,0.547945205479452,1.0,False,3,0,6,True
instances/research_depth_load_sweep/rho0.55_normal0.85/instance_u30_a15_v5_seed1002_critical.txt,bcca1fdab388e3851f4b3ef0344c585ea80f3f2329ea3fec042adb2c8712a06f,gurobi-mip,1,1,lex-cos,lex-overtime,2,0,531,2,2,0,531,2,0,0,0,0,62008dec11bbf59cff06c3683881ade351ca92418b870d35d1f1890238c858bd,instances/corrected_v2_reduced_suite/evaluation_critical/evaluation/critical/instance_u30_a15_v5_seed1002_critical.txt,u30_seed1002,0.55,0.5494505494505495,0.85,False,0,0,0,False
instances/research_depth_load_sweep/rho0.55_normal0.85/instance_u30_a15_v5_seed1002_critical.txt,bcca1fdab388e3851f4b3ef0344c585ea80f3f2329ea3fec042adb2c8712a06f,gurobi-mip,1,1,lex-cos,weighted,2,0,531,2,8,0,560,8,50,66,29,40,62008dec11bbf59cff06c3683881ade351ca92418b870d35d1f1890238c858bd,instances/corrected_v2_reduced_suite/evaluation_critical/evaluation/critical/instance_u30_a15_v5_seed1002_critical.txt,u30_seed1002,0.55,0.5494505494505495,0.85,False,6,0,29,True
instances/research_depth_load_sweep/rho0.55_normal0.85/instance_u30_a15_v5_seed1002_critical.txt,bcca1fdab388e3851f4b3ef0344c585ea80f3f2329ea3fec042adb2c8712a06f,gurobi-mip,1,1,lex-overtime,weighted,2,0,531,2,8,0,560,8,50,66,29,40,62008dec11bbf59cff06c3683881ade351ca92418b870d35d1f1890238c858bd,instances/corrected_v2_reduced_suite/evaluation_critical/evaluation/critical/instance_u30_a15_v5_seed1002_critical.txt,u30_seed1002,0.55,0.5494505494505495,0.85,False,6,0,29,True
instances/research_depth_load_sweep/rho0.98_normal0.7/instance_u30_a25_v4_seed1003_critical.txt,33a5080163beaf5c828646195d91a413067109d1e1568fbc004d8586b71766b5,gurobi-mip,1,1,lex-cos,lex-overtime,0,34,410,0,0,34,410,0,0,0,0,0,1106683ff4d0a32c24be1898a1c47de6e406379be52c648767eb810adcb9134d,instances/corrected_v2_reduced_suite/evaluation_critical/evaluation/critical/instance_u30_a25_v4_seed1003_critical.txt,u30_seed1003,0.98,0.975609756097561,0.7,False,0,0,0,False
instances/research_depth_load_sweep/rho0.98_normal0.7/instance_u30_a25_v4_seed1003_critical.txt,33a5080163beaf5c828646195d91a413067109d1e1568fbc004d8586b71766b5,gurobi-mip,1,1,lex-cos,weighted,0,34,410,0,5,34,418,5,29,74,17,2,1106683ff4d0a32c24be1898a1c47de6e406379be52c648767eb810adcb9134d,instances/corrected_v2_reduced_suite/evaluation_critical/evaluation/critical/instance_u30_a25_v4_seed1003_critical.txt,u30_seed1003,0.98,0.975609756097561,0.7,False,5,0,8,True
instances/research_depth_load_sweep/rho0.98_normal0.7/instance_u30_a25_v4_seed1003_critical.txt,33a5080163beaf5c828646195d91a413067109d1e1568fbc004d8586b71766b5,gurobi-mip,1,1,lex-overtime,weighted,0,34,410,0,5,34,418,5,29,74,17,2,1106683ff4d0a32c24be1898a1c47de6e406379be52c648767eb810adcb9134d,instances/corrected_v2_reduced_suite/evaluation_critical/evaluation/critical/instance_u30_a25_v4_seed1003_critical.txt,u30_seed1003,0.98,0.975609756097561,0.7,False,5,0,8,True
instances/research_depth_load_sweep/rho0.85_normal1/instance_u40_a20_v5_seed1002_critical.txt,8db430150387b044e360f13bbde2655fa5cc05fa4608c0784b297912ec972f51,gurobi-mip,1,1,lex-cos,lex-overtime,1,0,718,1,1,0,718,1,0,0,0,0,aee0a6b7ec9777049ee75f53a345d8b1b5d4d3de33e8d3f6c9559f510624b169,instances/corrected_v2_reduced_suite/evaluation_critical/evaluation/critical/instance_u40_a20_v5_seed1002_critical.txt,u40_seed1002,0.85,0.847457627118644,1.0,False,0,0,0,False
instances/research_depth_load_sweep/rho0.85_normal1/instance_u40_a20_v5_seed1002_critical.txt,8db430150387b044e360f13bbde2655fa5cc05fa4608c0784b297912ec972f51,gurobi-mip,1,1,lex-cos,weighted,1,0,718,1,14,0,748,14,73,109,41,10,aee0a6b7ec9777049ee75f53a345d8b1b5d4d3de33e8d3f6c9559f510624b169,instances/corrected_v2_reduced_suite/evaluation_critical/evaluation/critical/instance_u40_a20_v5_seed1002_critical.txt,u40_seed1002,0.85,0.847457627118644,1.0,False,13,0,30,True
instances/research_depth_load_sweep/rho0.85_normal1/instance_u40_a20_v5_seed1002_critical.txt,8db430150387b044e360f13bbde2655fa5cc05fa4608c0784b297912ec972f51,gurobi-mip,1,1,lex-overtime,weighted,1,0,718,1,14,0,748,14,73,109,41,10,aee0a6b7ec9777049ee75f53a345d8b1b5d4d3de33e8d3f6c9559f510624b169,instances/corrected_v2_reduced_suite/evaluation_critical/evaluation/critical/instance_u40_a20_v5_seed1002_critical.txt,u40_seed1002,0.85,0.847457627118644,1.0,False,13,0,30,True
instances/research_depth_load_sweep/rho0.98_normal1/instance_u30_a20_v4_seed1002_critical.txt,a190d87e76fbd14cfcb5c8afe90711c79e43b75f1c46cdabc0fe69d181a0414f,gurobi-mip,1,1,lex-cos,lex-overtime,2,0,414,2,2,0,414,2,0,0,0,0,34bd64e4677b21f310faa4406545db874dca6ae220c9a65e8a35f01abe1b0955,instances/corrected_v2_reduced_suite/evaluation_critical/evaluation/critical/instance_u30_a20_v4_seed1002_critical.txt,u30_seed1002,0.98,0.975609756097561,1.0,False,0,0,0,False
instances/research_depth_load_sweep/rho0.98_normal1/instance_u30_a20_v4_seed1002_critical.txt,a190d87e76fbd14cfcb5c8afe90711c79e43b75f1c46cdabc0fe69d181a0414f,gurobi-mip,1,1,lex-cos,weighted,2,0,414,2,5,0,425,5,31,61,23,0,34bd64e4677b21f310faa4406545db874dca6ae220c9a65e8a35f01abe1b0955,instances/corrected_v2_reduced_suite/evaluation_critical/evaluation/critical/instance_u30_a20_v4_seed1002_critical.txt,u30_seed1002,0.98,0.975609756097561,1.0,False,3,0,11,True
instances/research_depth_load_sweep/rho0.98_normal1/instance_u30_a20_v4_seed1002_critical.txt,a190d87e76fbd14cfcb5c8afe90711c79e43b75f1c46cdabc0fe69d181a0414f,gurobi-mip,1,1,lex-overtime,weighted,2,0,414,2,5,0,425,5,31,61,23,0,34bd64e4677b21f310faa4406545db874dca6ae220c9a65e8a35f01abe1b0955,instances/corrected_v2_reduced_suite/evaluation_critical/evaluation/critical/instance_u30_a20_v4_seed1002_critical.txt,u30_seed1002,0.98,0.975609756097561,1.0,False,3,0,11,True
instances/research_depth_load_sweep/rho0.55_normal0.85/instance_u40_a20_v4_seed1003_critical.txt,1c5e21eafaa1cf608aee535d19ee70be3a5769174a0955bf77a949154d98f363,gurobi-mip,1,1,lex-cos,lex-overtime,0,0,578,0,0,0,578,0,0,0,0,0,2e89d655657e6565c5ecb975872229f2b89227e9d8d4becfc0d4e18894748b91,instances/corrected_v2_reduced_suite/evaluation_critical/evaluation/critical/instance_u40_a20_v4_seed1003_critical.txt,u40_seed1003,0.55,0.5498281786941581,0.85,False,0,0,0,False
instances/research_depth_load_sweep/rho0.55_normal0.85/instance_u40_a20_v4_seed1003_critical.txt,1c5e21eafaa1cf608aee535d19ee70be3a5769174a0955bf77a949154d98f363,gurobi-mip,1,1,lex-cos,weighted,0,0,578,0,7,1,593,7,59,71,39,42,2e89d655657e6565c5ecb975872229f2b89227e9d8d4becfc0d4e18894748b91,instances/corrected_v2_reduced_suite/evaluation_critical/evaluation/critical/instance_u40_a20_v4_seed1003_critical.txt,u40_seed1003,0.55,0.5498281786941581,0.85,False,7,1,15,True
instances/research_depth_load_sweep/rho0.55_normal0.85/instance_u40_a20_v4_seed1003_critical.txt,1c5e21eafaa1cf608aee535d19ee70be3a5769174a0955bf77a949154d98f363,gurobi-mip,1,1,lex-overtime,weighted,0,0,578,0,7,1,593,7,59,71,39,42,2e89d655657e6565c5ecb975872229f2b89227e9d8d4becfc0d4e18894748b91,instances/corrected_v2_reduced_suite/evaluation_critical/evaluation/critical/instance_u40_a20_v4_seed1003_critical.txt,u40_seed1003,0.55,0.5498281786941581,0.85,False,7,1,15,True
instances/research_depth_load_sweep/rho0.85_normal0.7/instance_u30_a20_v5_seed1002_critical.txt,99d26869aea277575605feaf5be218dd7caada41bca46f2e441006352ff39257,gurobi-mip,1,1,lex-cos,lex-overtime,2,26,510,2,2,26,510,2,0,0,0,0,89692a0adfe31e70296f9df2d93729e2d0d78b4a72a9014431a8e164a2608768,instances/corrected_v2_reduced_suite/evaluation_critical/evaluation/critical/instance_u30_a20_v5_seed1002_critical.txt,u30_seed1002,0.85,0.847457627118644,0.7,False,0,0,0,False
instances/research_depth_load_sweep/rho0.85_normal0.7/instance_u30_a20_v5_seed1002_critical.txt,99d26869aea277575605feaf5be218dd7caada41bca46f2e441006352ff39257,gurobi-mip,1,1,lex-cos,weighted,2,26,510,2,9,30,548,9,53,74,36,18,89692a0adfe31e70296f9df2d93729e2d0d78b4a72a9014431a8e164a2608768,instances/corrected_v2_reduced_suite/evaluation_critical/evaluation/critical/instance_u30_a20_v5_seed1002_critical.txt,u30_seed1002,0.85,0.847457627118644,0.7,False,7,4,38,True
instances/research_depth_load_sweep/rho0.85_normal0.7/instance_u30_a20_v5_seed1002_critical.txt,99d26869aea277575605feaf5be218dd7caada41bca46f2e441006352ff39257,gurobi-mip,1,1,lex-overtime,weighted,2,26,510,2,9,30,548,9,53,74,36,18,89692a0adfe31e70296f9df2d93729e2d0d78b4a72a9014431a8e164a2608768,instances/corrected_v2_reduced_suite/evaluation_critical/evaluation/critical/instance_u30_a20_v5_seed1002_critical.txt,u30_seed1002,0.85,0.847457627118644,0.7,False,7,4,38,True
instances/research_depth_load_sweep/rho0.55_normal0.7/instance_u30_a25_v5_seed1001_critical.txt,f9b7da35d3c9868bd226fb1ea898c35b9a22aa09217c2d359c493afc87614fd3,gurobi-mip,1,1,lex-cos,lex-overtime,0,0,592,0,0,0,592,0,0,0,0,0,51df0f9f4a354e14ce203c3399ff72e9f90e0370b7b497467427e1d198dd119e,instances/corrected_v2_reduced_suite/evaluation_critical/evaluation/critical/instance_u30_a25_v5_seed1001_critical.txt,u30_seed1001,0.55,0.5494505494505495,0.7,False,0,0,0,False
instances/research_depth_load_sweep/rho0.55_normal0.7/instance_u30_a25_v5_seed1001_critical.txt,f9b7da35d3c9868bd226fb1ea898c35b9a22aa09217c2d359c493afc87614fd3,gurobi-mip,1,1,lex-cos,weighted,0,0,592,0,1,1,594,1,32,62,24,18,51df0f9f4a354e14ce203c3399ff72e9f90e0370b7b497467427e1d198dd119e,instances/corrected_v2_reduced_suite/evaluation_critical/evaluation/critical/instance_u30_a25_v5_seed1001_critical.txt,u30_seed1001,0.55,0.5494505494505495,0.7,False,1,1,2,True
instances/research_depth_load_sweep/rho0.55_normal0.7/instance_u30_a25_v5_seed1001_critical.txt,f9b7da35d3c9868bd226fb1ea898c35b9a22aa09217c2d359c493afc87614fd3,gurobi-mip,1,1,lex-overtime,weighted,0,0,592,0,1,1,594,1,32,62,24,18,51df0f9f4a354e14ce203c3399ff72e9f90e0370b7b497467427e1d198dd119e,instances/corrected_v2_reduced_suite/evaluation_critical/evaluation/critical/instance_u30_a25_v5_seed1001_critical.txt,u30_seed1001,0.55,0.5494505494505495,0.7,False,1,1,2,True
instances/research_depth_load_sweep/rho0.85_normal0.85/instance_u30_a15_v5_seed1002_critical.txt,62008dec11bbf59cff06c3683881ade351ca92418b870d35d1f1890238c858bd,gurobi-mip,1,1,lex-cos,lex-overtime,2,1,490,2,3,0,498,3,21,81,17,2,62008dec11bbf59cff06c3683881ade351ca92418b870d35d1f1890238c858bd,instances/corrected_v2_reduced_suite/evaluation_critical/evaluation/critical/instance_u30_a15_v5_seed1002_critical.txt,u30_seed1002,0.85,0.847457627118644,0.85,True,1,-1,8,True
instances/research_depth_load_sweep/rho0.85_normal0.85/instance_u30_a15_v5_seed1002_critical.txt,62008dec11bbf59cff06c3683881ade351ca92418b870d35d1f1890238c858bd,gurobi-mip,1,1,lex-cos,weighted,2,1,490,2,8,15,555,8,75,78,49,28,62008dec11bbf59cff06c3683881ade351ca92418b870d35d1f1890238c858bd,instances/corrected_v2_reduced_suite/evaluation_critical/evaluation/critical/instance_u30_a15_v5_seed1002_critical.txt,u30_seed1002,0.85,0.847457627118644,0.85,True,6,14,65,True
instances/research_depth_load_sweep/rho0.85_normal0.85/instance_u30_a15_v5_seed1002_critical.txt,62008dec11bbf59cff06c3683881ade351ca92418b870d35d1f1890238c858bd,gurobi-mip,1,1,lex-overtime,weighted,3,0,498,3,8,15,555,8,68,85,44,30,62008dec11bbf59cff06c3683881ade351ca92418b870d35d1f1890238c858bd,instances/corrected_v2_reduced_suite/evaluation_critical/evaluation/critical/instance_u30_a15_v5_seed1002_critical.txt,u30_seed1002,0.85,0.847457627118644,0.85,True,5,15,57,True
instances/research_depth_load_sweep/rho0.55_normal0.85/instance_u40_a25_v4_seed1002_critical.txt,2dfa0199c45646d27d447b684d20a27bc27983320af10ea1daea35bba0f8a832,gurobi-mip,1,1,lex-cos,lex-overtime,0,0,608,0,0,0,608,0,0,0,0,0,5c9a8a3dcc3d1fe985ff86f0f6765ea477a79927e1fcb4a8a0be3ecb89ce8cfe,instances/corrected_v2_reduced_suite/evaluation_critical/evaluation/critical/instance_u40_a25_v4_seed1002_critical.txt,u40_seed1002,0.55,0.5498281786941581,0.85,False,0,0,0,False
instances/research_depth_load_sweep/rho0.55_normal0.85/instance_u40_a25_v4_seed1002_critical.txt,2dfa0199c45646d27d447b684d20a27bc27983320af10ea1daea35bba0f8a832,gurobi-mip,1,1,lex-cos,weighted,0,0,608,0,5,0,620,5,36,67,23,38,5c9a8a3dcc3d1fe985ff86f0f6765ea477a79927e1fcb4a8a0be3ecb89ce8cfe,instances/corrected_v2_reduced_suite/evaluation_critical/evaluation/critical/instance_u40_a25_v4_seed1002_critical.txt,u40_seed1002,0.55,0.5498281786941581,0.85,False,5,0,12,True
instances/research_depth_load_sweep/rho0.55_normal0.85/instance_u40_a25_v4_seed1002_critical.txt,2dfa0199c45646d27d447b684d20a27bc27983320af10ea1daea35bba0f8a832,gurobi-mip,1,1,lex-overtime,weighted,0,0,608,0,5,0,620,5,36,67,23,38,5c9a8a3dcc3d1fe985ff86f0f6765ea477a79927e1fcb4a8a0be3ecb89ce8cfe,instances/corrected_v2_reduced_suite/evaluation_critical/evaluation/critical/instance_u40_a25_v4_seed1002_critical.txt,u40_seed1002,0.55,0.5498281786941581,0.85,False,5,0,12,True
instances/research_depth_load_sweep/rho0.98_normal0.7/instance_u30_a15_v4_seed1001_critical.txt,073ff6ec0d98dd9120249968e0d9c48f762a46e9679e44f72267b3b046c71b3a,gurobi-mip,1,1,lex-cos,lex-overtime,0,34,415,0,0,34,415,0,0,0,0,0,cf5584e50c87aace73c609c7ad0a93612c40b8323ca8f8a5664aa14449736764,instances/corrected_v2_reduced_suite/evaluation_critical/evaluation/critical/instance_u30_a15_v4_seed1001_critical.txt,u30_seed1001,0.98,0.975609756097561,0.7,False,0,0,0,False
instances/research_depth_load_sweep/rho0.98_normal0.7/instance_u30_a15_v4_seed1001_critical.txt,073ff6ec0d98dd9120249968e0d9c48f762a46e9679e44f72267b3b046c71b3a,gurobi-mip,1,1,lex-cos,weighted,0,34,415,0,1,34,416,1,35,61,21,0,cf5584e50c87aace73c609c7ad0a93612c40b8323ca8f8a5664aa14449736764,instances/corrected_v2_reduced_suite/evaluation_critical/evaluation/critical/instance_u30_a15_v4_seed1001_critical.txt,u30_seed1001,0.98,0.975609756097561,0.7,False,1,0,1,True
instances/research_depth_load_sweep/rho0.98_normal0.7/instance_u30_a15_v4_seed1001_critical.txt,073ff6ec0d98dd9120249968e0d9c48f762a46e9679e44f72267b3b046c71b3a,gurobi-mip,1,1,lex-overtime,weighted,0,34,415,0,1,34,416,1,35,61,21,0,cf5584e50c87aace73c609c7ad0a93612c40b8323ca8f8a5664aa14449736764,instances/corrected_v2_reduced_suite/evaluation_critical/evaluation/critical/instance_u30_a15_v4_seed1001_critical.txt,u30_seed1001,0.98,0.975609756097561,0.7,False,1,0,1,True
instances/research_depth_load_sweep/rho0.85_normal0.7/instance_u40_a15_v5_seed1003_critical.txt,87c2e83a6addba9164552b9b74069aaa6d69a4be9961962656886f08f180fe6f,gurobi-mip,1,1,lex-cos,lex-overtime,0,35,673,0,0,35,673,0,0,0,0,0,08c9dd197d381bb1f7911fb0a8737b245d2c574183b871f4ce8688d8a15bcd12,instances/corrected_v2_reduced_suite/evaluation_critical/evaluation/critical/instance_u40_a15_v5_seed1003_critical.txt,u40_seed1003,0.85,0.847457627118644,0.7,False,0,0,0,False
instances/research_depth_load_sweep/rho0.85_normal0.7/instance_u40_a15_v5_seed1003_critical.txt,87c2e83a6addba9164552b9b74069aaa6d69a4be9961962656886f08f180fe6f,gurobi-mip,1,1,lex-cos,weighted,0,35,673,0,11,36,709,11,52,91,33,16,08c9dd197d381bb1f7911fb0a8737b245d2c574183b871f4ce8688d8a15bcd12,instances/corrected_v2_reduced_suite/evaluation_critical/evaluation/critical/instance_u40_a15_v5_seed1003_critical.txt,u40_seed1003,0.85,0.847457627118644,0.7,False,11,1,36,True
instances/research_depth_load_sweep/rho0.85_normal0.7/instance_u40_a15_v5_seed1003_critical.txt,87c2e83a6addba9164552b9b74069aaa6d69a4be9961962656886f08f180fe6f,gurobi-mip,1,1,lex-overtime,weighted,0,35,673,0,11,36,709,11,52,91,33,16,08c9dd197d381bb1f7911fb0a8737b245d2c574183b871f4ce8688d8a15bcd12,instances/corrected_v2_reduced_suite/evaluation_critical/evaluation/critical/instance_u40_a15_v5_seed1003_critical.txt,u40_seed1003,0.85,0.847457627118644,0.7,False,11,1,36,True
instances/research_depth_load_sweep/rho0.85_normal0.85/instance_u40_a10_v5_seed1001_critical.txt,0fa28a903cebd3a3dd85fef2874db9c94ef28e79ab436d5e05b1ed674d0dc046,gurobi-mip,1,1,lex-cos,lex-overtime,0,0,700,0,0,0,700,0,0,0,0,0,0fa28a903cebd3a3dd85fef2874db9c94ef28e79ab436d5e05b1ed674d0dc046,instances/corrected_v2_reduced_suite/evaluation_critical/evaluation/critical/instance_u40_a10_v5_seed1001_critical.txt,u40_seed1001,0.85,0.847457627118644,0.85,True,0,0,0,False
instances/research_depth_load_sweep/rho0.85_normal0.85/instance_u40_a10_v5_seed1001_critical.txt,0fa28a903cebd3a3dd85fef2874db9c94ef28e79ab436d5e05b1ed674d0dc046,gurobi-mip,1,1,lex-cos,weighted,0,0,700,0,2,13,735,2,45,95,26,26,0fa28a903cebd3a3dd85fef2874db9c94ef28e79ab436d5e05b1ed674d0dc046,instances/corrected_v2_reduced_suite/evaluation_critical/evaluation/critical/instance_u40_a10_v5_seed1001_critical.txt,u40_seed1001,0.85,0.847457627118644,0.85,True,2,13,35,True
instances/research_depth_load_sweep/rho0.85_normal0.85/instance_u40_a10_v5_seed1001_critical.txt,0fa28a903cebd3a3dd85fef2874db9c94ef28e79ab436d5e05b1ed674d0dc046,gurobi-mip,1,1,lex-overtime,weighted,0,0,700,0,2,13,735,2,45,95,26,26,0fa28a903cebd3a3dd85fef2874db9c94ef28e79ab436d5e05b1ed674d0dc046,instances/corrected_v2_reduced_suite/evaluation_critical/evaluation/critical/instance_u40_a10_v5_seed1001_critical.txt,u40_seed1001,0.85,0.847457627118644,0.85,True,2,13,35,True
instances/research_depth_load_sweep/rho0.85_normal0.85/instance_u40_a15_v4_seed1001_critical.txt,935abeb825bf65f5eb6f564d142868752b8f09cc140daeead539a193eee52b75,gurobi-mip,1,1,lex-cos,lex-overtime,0,0,571,0,0,0,571,0,0,0,0,0,935abeb825bf65f5eb6f564d142868752b8f09cc140daeead539a193eee52b75,instances/corrected_v2_reduced_suite/evaluation_critical/evaluation/critical/instance_u40_a15_v4_seed1001_critical.txt,u40_seed1001,0.85,0.8465608465608465,0.85,True,0,0,0,False
instances/research_depth_load_sweep/rho0.85_normal0.85/instance_u40_a15_v4_seed1001_critical.txt,935abeb825bf65f5eb6f564d142868752b8f09cc140daeead539a193eee52b75,gurobi-mip,1,1,lex-cos,weighted,0,0,571,0,2,11,600,2,50,92,35,22,935abeb825bf65f5eb6f564d142868752b8f09cc140daeead539a193eee52b75,instances/corrected_v2_reduced_suite/evaluation_critical/evaluation/critical/instance_u40_a15_v4_seed1001_critical.txt,u40_seed1001,0.85,0.8465608465608465,0.85,True,2,11,29,True
instances/research_depth_load_sweep/rho0.85_normal0.85/instance_u40_a15_v4_seed1001_critical.txt,935abeb825bf65f5eb6f564d142868752b8f09cc140daeead539a193eee52b75,gurobi-mip,1,1,lex-overtime,weighted,0,0,571,0,2,11,600,2,50,92,35,22,935abeb825bf65f5eb6f564d142868752b8f09cc140daeead539a193eee52b75,instances/corrected_v2_reduced_suite/evaluation_critical/evaluation/critical/instance_u40_a15_v4_seed1001_critical.txt,u40_seed1001,0.85,0.8465608465608465,0.85,True,2,11,29,True
instances/research_depth_load_sweep/rho0.55_normal0.7/instance_u40_a15_v4_seed1002_critical.txt,423cf73ce7edf75293598cf2c6a52eca6e371865424b374fc80bdb97c688fd0c,gurobi-mip,1,1,lex-cos,lex-overtime,2,0,583,2,2,0,583,2,0,0,0,0,23421d631ba25e8a6e9fc662d65c83fe6fccb717088483d568dab2b286aa89db,instances/corrected_v2_reduced_suite/evaluation_critical/evaluation/critical/instance_u40_a15_v4_seed1002_critical.txt,u40_seed1002,0.55,0.5498281786941581,0.7,False,0,0,0,False
instances/research_depth_load_sweep/rho0.55_normal0.7/instance_u40_a15_v4_seed1002_critical.txt,423cf73ce7edf75293598cf2c6a52eca6e371865424b374fc80bdb97c688fd0c,gurobi-mip,1,1,lex-cos,weighted,2,0,583,2,7,1,606,7,32,65,20,14,23421d631ba25e8a6e9fc662d65c83fe6fccb717088483d568dab2b286aa89db,instances/corrected_v2_reduced_suite/evaluation_critical/evaluation/critical/instance_u40_a15_v4_seed1002_critical.txt,u40_seed1002,0.55,0.5498281786941581,0.7,False,5,1,23,True
instances/research_depth_load_sweep/rho0.55_normal0.7/instance_u40_a15_v4_seed1002_critical.txt,423cf73ce7edf75293598cf2c6a52eca6e371865424b374fc80bdb97c688fd0c,gurobi-mip,1,1,lex-overtime,weighted,2,0,583,2,7,1,606,7,32,65,20,14,23421d631ba25e8a6e9fc662d65c83fe6fccb717088483d568dab2b286aa89db,instances/corrected_v2_reduced_suite/evaluation_critical/evaluation/critical/instance_u40_a15_v4_seed1002_critical.txt,u40_seed1002,0.55,0.5498281786941581,0.7,False,5,1,23,True
instances/research_depth_load_sweep/rho0.55_normal1/instance_u40_a15_v5_seed1003_critical.txt,608f9eb65edc0b159f22caaa1faa4756a8c9884de2f8333fd932a02d8704bfc4,gurobi-mip,1,1,lex-cos,lex-overtime,0,0,703,0,0,0,703,0,0,0,0,0,08c9dd197d381bb1f7911fb0a8737b245d2c574183b871f4ce8688d8a15bcd12,instances/corrected_v2_reduced_suite/evaluation_critical/evaluation/critical/instance_u40_a15_v5_seed1003_critical.txt,u40_seed1003,0.55,0.5494505494505495,1.0,False,0,0,0,False
instances/research_depth_load_sweep/rho0.55_normal1/instance_u40_a15_v5_seed1003_critical.txt,608f9eb65edc0b159f22caaa1faa4756a8c9884de2f8333fd932a02d8704bfc4,gurobi-mip,1,1,lex-cos,weighted,0,0,703,0,10,0,735,10,65,108,36,64,08c9dd197d381bb1f7911fb0a8737b245d2c574183b871f4ce8688d8a15bcd12,instances/corrected_v2_reduced_suite/evaluation_critical/evaluation/critical/instance_u40_a15_v5_seed1003_critical.txt,u40_seed1003,0.55,0.5494505494505495,1.0,False,10,0,32,True
instances/research_depth_load_sweep/rho0.55_normal1/instance_u40_a15_v5_seed1003_critical.txt,608f9eb65edc0b159f22caaa1faa4756a8c9884de2f8333fd932a02d8704bfc4,gurobi-mip,1,1,lex-overtime,weighted,0,0,703,0,10,0,735,10,65,108,36,64,08c9dd197d381bb1f7911fb0a8737b245d2c574183b871f4ce8688d8a15bcd12,instances/corrected_v2_reduced_suite/evaluation_critical/evaluation/critical/instance_u40_a15_v5_seed1003_critical.txt,u40_seed1003,0.55,0.5494505494505495,1.0,False,10,0,32,True
instances/research_depth_load_sweep/rho0.98_normal0.7/instance_u30_a15_v5_seed1003_critical.txt,34a15729ab2a1e19c6f5a34779fd556b4173cbbdc8177433f7e260733576bdc1,gurobi-mip,1,1,lex-cos,lex-overtime,0,42,493,0,0,42,493,0,0,0,0,0,64a7b2c2ff975f7b043d37a3b7cd606305b2dcbf5aed735f467f0ff6c51b422e,instances/corrected_v2_reduced_suite/evaluation_critical/evaluation/critical/instance_u30_a15_v5_seed1003_critical.txt,u30_seed1003,0.98,0.974025974025974,0.7,False,0,0,0,False
instances/research_depth_load_sweep/rho0.98_normal0.7/instance_u30_a15_v5_seed1003_critical.txt,34a15729ab2a1e19c6f5a34779fd556b4173cbbdc8177433f7e260733576bdc1,gurobi-mip,1,1,lex-cos,weighted,0,42,493,0,8,42,514,8,35,83,19,0,64a7b2c2ff975f7b043d37a3b7cd606305b2dcbf5aed735f467f0ff6c51b422e,instances/corrected_v2_reduced_suite/evaluation_critical/evaluation/critical/instance_u30_a15_v5_seed1003_critical.txt,u30_seed1003,0.98,0.974025974025974,0.7,False,8,0,21,True
instances/research_depth_load_sweep/rho0.98_normal0.7/instance_u30_a15_v5_seed1003_critical.txt,34a15729ab2a1e19c6f5a34779fd556b4173cbbdc8177433f7e260733576bdc1,gurobi-mip,1,1,lex-overtime,weighted,0,42,493,0,8,42,514,8,35,83,19,0,64a7b2c2ff975f7b043d37a3b7cd606305b2dcbf5aed735f467f0ff6c51b422e,instances/corrected_v2_reduced_suite/evaluation_critical/evaluation/critical/instance_u30_a15_v5_seed1003_critical.txt,u30_seed1003,0.98,0.974025974025974,0.7,False,8,0,21,True
instances/research_depth_load_sweep/rho0.55_normal1/instance_u30_a15_v5_seed1001_critical.txt,93f33447ffac3d8406e4df3da7d6ee5ea45d2519a2360c8b1bb26197464bd71f,gurobi-mip,1,1,lex-cos,lex-overtime,0,0,576,0,0,0,576,0,0,0,0,0,d905fad91222982a08a22ae863c33e30bfbfd97c54ac14ec4029959a98d9ffe3,instances/corrected_v2_reduced_suite/evaluation_critical/evaluation/critical/instance_u30_a15_v5_seed1001_critical.txt,u30_seed1001,0.55,0.5494505494505495,1.0,False,0,0,0,False
instances/research_depth_load_sweep/rho0.55_normal1/instance_u30_a15_v5_seed1001_critical.txt,93f33447ffac3d8406e4df3da7d6ee5ea45d2519a2360c8b1bb26197464bd71f,gurobi-mip,1,1,lex-cos,weighted,0,0,576,0,0,0,576,0,32,57,18,42,d905fad91222982a08a22ae863c33e30bfbfd97c54ac14ec4029959a98d9ffe3,instances/corrected_v2_reduced_suite/evaluation_critical/evaluation/critical/instance_u30_a15_v5_seed1001_critical.txt,u30_seed1001,0.55,0.5494505494505495,1.0,False,0,0,0,False
instances/research_depth_load_sweep/rho0.55_normal1/instance_u30_a15_v5_seed1001_critical.txt,93f33447ffac3d8406e4df3da7d6ee5ea45d2519a2360c8b1bb26197464bd71f,gurobi-mip,1,1,lex-overtime,weighted,0,0,576,0,0,0,576,0,32,57,18,42,d905fad91222982a08a22ae863c33e30bfbfd97c54ac14ec4029959a98d9ffe3,instances/corrected_v2_reduced_suite/evaluation_critical/evaluation/critical/instance_u30_a15_v5_seed1001_critical.txt,u30_seed1001,0.55,0.5494505494505495,1.0,False,0,0,0,False
instances/research_depth_load_sweep/rho0.98_normal0.85/instance_u40_a20_v5_seed1003_critical.txt,4d201f4b0cc66eae17b0b611e175ad7fac9b153177a30ec1fce0a9393c11176e,gurobi-mip,1,1,lex-cos,lex-overtime,1,26,653,1,1,26,653,1,0,0,0,0,d83d36c93f2b20d42d2082b908832af7a5bf6831774fa8060410156fd9f71c3d,instances/corrected_v2_reduced_suite/evaluation_critical/evaluation/critical/instance_u40_a20_v5_seed1003_critical.txt,u40_seed1003,0.98,0.975609756097561,0.85,False,0,0,0,False
instances/research_depth_load_sweep/rho0.98_normal0.85/instance_u40_a20_v5_seed1003_critical.txt,4d201f4b0cc66eae17b0b611e175ad7fac9b153177a30ec1fce0a9393c11176e,gurobi-mip,1,1,lex-cos,weighted,1,26,653,1,15,26,694,15,77,121,45,4,d83d36c93f2b20d42d2082b908832af7a5bf6831774fa8060410156fd9f71c3d,instances/corrected_v2_reduced_suite/evaluation_critical/evaluation/critical/instance_u40_a20_v5_seed1003_critical.txt,u40_seed1003,0.98,0.975609756097561,0.85,False,14,0,41,True
instances/research_depth_load_sweep/rho0.98_normal0.85/instance_u40_a20_v5_seed1003_critical.txt,4d201f4b0cc66eae17b0b611e175ad7fac9b153177a30ec1fce0a9393c11176e,gurobi-mip,1,1,lex-overtime,weighted,1,26,653,1,15,26,694,15,77,121,45,4,d83d36c93f2b20d42d2082b908832af7a5bf6831774fa8060410156fd9f71c3d,instances/corrected_v2_reduced_suite/evaluation_critical/evaluation/critical/instance_u40_a20_v5_seed1003_critical.txt,u40_seed1003,0.98,0.975609756097561,0.85,False,14,0,41,True
instances/research_depth_load_sweep/rho0.55_normal0.85/instance_u40_a15_v4_seed1003_critical.txt,bca144f408822badd60eba1860332963d3eeeea629cc8cbf79a61f0c1f0eee30,gurobi-mip,1,1,lex-cos,lex-overtime,0,0,569,0,0,0,569,0,0,0,0,0,60b67ddc948fc1382700a5f01082aad04d5d3d19d708c2351412f697e9f9ead7,instances/corrected_v2_reduced_suite/evaluation_critical/evaluation/critical/instance_u40_a15_v4_seed1003_critical.txt,u40_seed1003,0.55,0.5498281786941581,0.85,False,0,0,0,False
instances/research_depth_load_sweep/rho0.55_normal0.85/instance_u40_a15_v4_seed1003_critical.txt,bca144f408822badd60eba1860332963d3eeeea629cc8cbf79a61f0c1f0eee30,gurobi-mip,1,1,lex-cos,weighted,0,0,569,0,8,2,587,8,42,75,24,56,60b67ddc948fc1382700a5f01082aad04d5d3d19d708c2351412f697e9f9ead7,instances/corrected_v2_reduced_suite/evaluation_critical/evaluation/critical/instance_u40_a15_v4_seed1003_critical.txt,u40_seed1003,0.55,0.5498281786941581,0.85,False,8,2,18,True
instances/research_depth_load_sweep/rho0.55_normal0.85/instance_u40_a15_v4_seed1003_critical.txt,bca144f408822badd60eba1860332963d3eeeea629cc8cbf79a61f0c1f0eee30,gurobi-mip,1,1,lex-overtime,weighted,0,0,569,0,8,2,587,8,42,75,24,56,60b67ddc948fc1382700a5f01082aad04d5d3d19d708c2351412f697e9f9ead7,instances/corrected_v2_reduced_suite/evaluation_critical/evaluation/critical/instance_u40_a15_v4_seed1003_critical.txt,u40_seed1003,0.55,0.5498281786941581,0.85,False,8,2,18,True
instances/research_depth_load_sweep/rho0.98_normal0.7/instance_u30_a10_v4_seed1003_critical.txt,0cf2df8dafd81d00f5cfc5423d3b0937ce029014293d2ad09b87be150e850d1b,gurobi-mip,1,1,lex-cos,lex-overtime,0,34,408,0,0,34,408,0,0,0,0,0,ecef75f227343cde9e2c9dfd880ff2779326fa051917a8a437023079d7d1ee16,instances/corrected_v2_reduced_suite/evaluation_critical/evaluation/critical/instance_u30_a10_v4_seed1003_critical.txt,u30_seed1003,0.98,0.975609756097561,0.7,False,0,0,0,False
instances/research_depth_load_sweep/rho0.98_normal0.7/instance_u30_a10_v4_seed1003_critical.txt,0cf2df8dafd81d00f5cfc5423d3b0937ce029014293d2ad09b87be150e850d1b,gurobi-mip,1,1,lex-cos,weighted,0,34,408,0,5,34,416,5,20,64,14,0,ecef75f227343cde9e2c9dfd880ff2779326fa051917a8a437023079d7d1ee16,instances/corrected_v2_reduced_suite/evaluation_critical/evaluation/critical/instance_u30_a10_v4_seed1003_critical.txt,u30_seed1003,0.98,0.975609756097561,0.7,False,5,0,8,True
instances/research_depth_load_sweep/rho0.98_normal0.7/instance_u30_a10_v4_seed1003_critical.txt,0cf2df8dafd81d00f5cfc5423d3b0937ce029014293d2ad09b87be150e850d1b,gurobi-mip,1,1,lex-overtime,weighted,0,34,408,0,5,34,416,5,20,64,14,0,ecef75f227343cde9e2c9dfd880ff2779326fa051917a8a437023079d7d1ee16,instances/corrected_v2_reduced_suite/evaluation_critical/evaluation/critical/instance_u30_a10_v4_seed1003_critical.txt,u30_seed1003,0.98,0.975609756097561,0.7,False,5,0,8,True
instances/research_depth_load_sweep/rho0.55_normal0.85/instance_u30_a10_v5_seed1002_critical.txt,b7992335de536c8f578fbbd686335be81c02ab107e13cbf8ad88fb5c8ccab85b,gurobi-mip,1,1,lex-cos,lex-overtime,3,0,528,3,3,0,528,3,0,0,0,0,639577696bca853293d2ae7d38a7ba6a70e96d5c5a65dbe9dd57285b00a779ad,instances/corrected_v2_reduced_suite/evaluation_critical/evaluation/critical/instance_u30_a10_v5_seed1002_critical.txt,u30_seed1002,0.55,0.5494505494505495,0.85,False,0,0,0,False
instances/research_depth_load_sweep/rho0.55_normal0.85/instance_u30_a10_v5_seed1002_critical.txt,b7992335de536c8f578fbbd686335be81c02ab107e13cbf8ad88fb5c8ccab85b,gurobi-mip,1,1,lex-cos,weighted,3,0,528,3,9,0,552,9,38,68,20,26,639577696bca853293d2ae7d38a7ba6a70e96d5c5a65dbe9dd57285b00a779ad,instances/corrected_v2_reduced_suite/evaluation_critical/evaluation/critical/instance_u30_a10_v5_seed1002_critical.txt,u30_seed1002,0.55,0.5494505494505495,0.85,False,6,0,24,True
instances/research_depth_load_sweep/rho0.55_normal0.85/instance_u30_a10_v5_seed1002_critical.txt,b7992335de536c8f578fbbd686335be81c02ab107e13cbf8ad88fb5c8ccab85b,gurobi-mip,1,1,lex-overtime,weighted,3,0,528,3,9,0,552,9,38,68,20,26,639577696bca853293d2ae7d38a7ba6a70e96d5c5a65dbe9dd57285b00a779ad,instances/corrected_v2_reduced_suite/evaluation_critical/evaluation/critical/instance_u30_a10_v5_seed1002_critical.txt,u30_seed1002,0.55,0.5494505494505495,0.85,False,6,0,24,True
instances/research_depth_load_sweep/rho0.98_normal1/instance_u40_a10_v4_seed1002_critical.txt,f9369fd460db32ae3c3bae95443ee07e74e825b90b85629d4d83d472ec6c2539,gurobi-mip,1,1,lex-cos,lex-overtime,3,0,517,3,3,0,517,3,0,0,0,0,93e26e12184989f851e4f91e33046006e375b0bdc1069591b75e6f5d66e9d66b,instances/corrected_v2_reduced_suite/evaluation_critical/evaluation/critical/instance_u40_a10_v4_seed1002_critical.txt,u40_seed1002,0.98,0.975609756097561,1.0,False,0,0,0,False
instances/research_depth_load_sweep/rho0.98_normal1/instance_u40_a10_v4_seed1002_critical.txt,f9369fd460db32ae3c3bae95443ee07e74e825b90b85629d4d83d472ec6c2539,gurobi-mip,1,1,lex-cos,weighted,3,0,517,3,14,0,558,14,59,86,40,0,93e26e12184989f851e4f91e33046006e375b0bdc1069591b75e6f5d66e9d66b,instances/corrected_v2_reduced_suite/evaluation_critical/evaluation/critical/instance_u40_a10_v4_seed1002_critical.txt,u40_seed1002,0.98,0.975609756097561,1.0,False,11,0,41,True
instances/research_depth_load_sweep/rho0.98_normal1/instance_u40_a10_v4_seed1002_critical.txt,f9369fd460db32ae3c3bae95443ee07e74e825b90b85629d4d83d472ec6c2539,gurobi-mip,1,1,lex-overtime,weighted,3,0,517,3,14,0,558,14,59,86,40,0,93e26e12184989f851e4f91e33046006e375b0bdc1069591b75e6f5d66e9d66b,instances/corrected_v2_reduced_suite/evaluation_critical/evaluation/critical/instance_u40_a10_v4_seed1002_critical.txt,u40_seed1002,0.98,0.975609756097561,1.0,False,11,0,41,True
instances/research_depth_load_sweep/rho0.85_normal0.7/instance_u30_a15_v5_seed1001_critical.txt,8236e10a56207e7d8f5075edcac0dd889494b7685a7fa0483aea7d122d98f753,gurobi-mip,1,1,lex-cos,lex-overtime,0,26,549,0,0,26,549,0,0,0,0,0,d905fad91222982a08a22ae863c33e30bfbfd97c54ac14ec4029959a98d9ffe3,instances/corrected_v2_reduced_suite/evaluation_critical/evaluation/critical/instance_u30_a15_v5_seed1001_critical.txt,u30_seed1001,0.85,0.847457627118644,0.7,False,0,0,0,False
instances/research_depth_load_sweep/rho0.85_normal0.7/instance_u30_a15_v5_seed1001_critical.txt,8236e10a56207e7d8f5075edcac0dd889494b7685a7fa0483aea7d122d98f753,gurobi-mip,1,1,lex-cos,weighted,0,26,549,0,0,35,566,0,39,70,22,18,d905fad91222982a08a22ae863c33e30bfbfd97c54ac14ec4029959a98d9ffe3,instances/corrected_v2_reduced_suite/evaluation_critical/evaluation/critical/instance_u30_a15_v5_seed1001_critical.txt,u30_seed1001,0.85,0.847457627118644,0.7,False,0,9,17,True
instances/research_depth_load_sweep/rho0.85_normal0.7/instance_u30_a15_v5_seed1001_critical.txt,8236e10a56207e7d8f5075edcac0dd889494b7685a7fa0483aea7d122d98f753,gurobi-mip,1,1,lex-overtime,weighted,0,26,549,0,0,35,566,0,39,70,22,18,d905fad91222982a08a22ae863c33e30bfbfd97c54ac14ec4029959a98d9ffe3,instances/corrected_v2_reduced_suite/evaluation_critical/evaluation/critical/instance_u30_a15_v5_seed1001_critical.txt,u30_seed1001,0.85,0.847457627118644,0.7,False,0,9,17,True
instances/research_depth_load_sweep/rho0.55_normal0.85/instance_u30_a10_v5_seed1001_critical.txt,723041128acac0a1b821696a98d20dd97d9440acd756a96c4f1ff672f2220a9c,gurobi-mip,1,1,lex-cos,lex-overtime,0,0,567,0,0,0,567,0,0,0,0,0,f0260653f1c0ec8a84896f38a9bfdbc795d01316d5a47411bbb0a60f7a6e9958,instances/corrected_v2_reduced_suite/evaluation_critical/evaluation/critical/instance_u30_a10_v5_seed1001_critical.txt,u30_seed1001,0.55,0.5494505494505495,0.85,False,0,0,0,False
instances/research_depth_load_sweep/rho0.55_normal0.85/instance_u30_a10_v5_seed1001_critical.txt,723041128acac0a1b821696a98d20dd97d9440acd756a96c4f1ff672f2220a9c,gurobi-mip,1,1,lex-cos,weighted,0,0,567,0,0,0,567,0,29,63,18,16,f0260653f1c0ec8a84896f38a9bfdbc795d01316d5a47411bbb0a60f7a6e9958,instances/corrected_v2_reduced_suite/evaluation_critical/evaluation/critical/instance_u30_a10_v5_seed1001_critical.txt,u30_seed1001,0.55,0.5494505494505495,0.85,False,0,0,0,False
instances/research_depth_load_sweep/rho0.55_normal0.85/instance_u30_a10_v5_seed1001_critical.txt,723041128acac0a1b821696a98d20dd97d9440acd756a96c4f1ff672f2220a9c,gurobi-mip,1,1,lex-overtime,weighted,0,0,567,0,0,0,567,0,29,63,18,16,f0260653f1c0ec8a84896f38a9bfdbc795d01316d5a47411bbb0a60f7a6e9958,instances/corrected_v2_reduced_suite/evaluation_critical/evaluation/critical/instance_u30_a10_v5_seed1001_critical.txt,u30_seed1001,0.55,0.5494505494505495,0.85,False,0,0,0,False
instances/research_depth_load_sweep/rho0.55_normal0.7/instance_u40_a15_v5_seed1003_critical.txt,3c11e719b80cabe84a612e606e53f2148dbc4317975b422b638f56628790e067,gurobi-mip,1,1,lex-cos,lex-overtime,0,0,702,0,0,0,702,0,0,0,0,0,08c9dd197d381bb1f7911fb0a8737b245d2c574183b871f4ce8688d8a15bcd12,instances/corrected_v2_reduced_suite/evaluation_critical/evaluation/critical/instance_u40_a15_v5_seed1003_critical.txt,u40_seed1003,0.55,0.5494505494505495,0.7,False,0,0,0,False
instances/research_depth_load_sweep/rho0.55_normal0.7/instance_u40_a15_v5_seed1003_critical.txt,3c11e719b80cabe84a612e606e53f2148dbc4317975b422b638f56628790e067,gurobi-mip,1,1,lex-cos,weighted,0,0,702,0,10,5,734,10,55,101,24,28,08c9dd197d381bb1f7911fb0a8737b245d2c574183b871f4ce8688d8a15bcd12,instances/corrected_v2_reduced_suite/evaluation_critical/evaluation/critical/instance_u40_a15_v5_seed1003_critical.txt,u40_seed1003,0.55,0.5494505494505495,0.7,False,10,5,32,True
instances/research_depth_load_sweep/rho0.55_normal0.7/instance_u40_a15_v5_seed1003_critical.txt,3c11e719b80cabe84a612e606e53f2148dbc4317975b422b638f56628790e067,gurobi-mip,1,1,lex-overtime,weighted,0,0,702,0,10,5,734,10,55,101,24,28,08c9dd197d381bb1f7911fb0a8737b245d2c574183b871f4ce8688d8a15bcd12,instances/corrected_v2_reduced_suite/evaluation_critical/evaluation/critical/instance_u40_a15_v5_seed1003_critical.txt,u40_seed1003,0.55,0.5494505494505495,0.7,False,10,5,32,True
instances/research_depth_load_sweep/rho0.55_normal0.85/instance_u30_a15_v4_seed1001_critical.txt,a0a53bafe7c634a3aa7aa35643a7f4ffcaa75824c00a24f6b5ab32db98ed82ca,gurobi-mip,1,1,lex-cos,lex-overtime,0,0,460,0,0,0,460,0,0,0,0,0,cf5584e50c87aace73c609c7ad0a93612c40b8323ca8f8a5664aa14449736764,instances/corrected_v2_reduced_suite/evaluation_critical/evaluation/critical/instance_u30_a15_v4_seed1001_critical.txt,u30_seed1001,0.55,0.547945205479452,0.85,False,0,0,0,False
instances/research_depth_load_sweep/rho0.55_normal0.85/instance_u30_a15_v4_seed1001_critical.txt,a0a53bafe7c634a3aa7aa35643a7f4ffcaa75824c00a24f6b5ab32db98ed82ca,gurobi-mip,1,1,lex-cos,weighted,0,0,460,0,0,0,460,0,19,48,13,8,cf5584e50c87aace73c609c7ad0a93612c40b8323ca8f8a5664aa14449736764,instances/corrected_v2_reduced_suite/evaluation_critical/evaluation/critical/instance_u30_a15_v4_seed1001_critical.txt,u30_seed1001,0.55,0.547945205479452,0.85,False,0,0,0,False
instances/research_depth_load_sweep/rho0.55_normal0.85/instance_u30_a15_v4_seed1001_critical.txt,a0a53bafe7c634a3aa7aa35643a7f4ffcaa75824c00a24f6b5ab32db98ed82ca,gurobi-mip,1,1,lex-overtime,weighted,0,0,460,0,0,0,460,0,19,48,13,8,cf5584e50c87aace73c609c7ad0a93612c40b8323ca8f8a5664aa14449736764,instances/corrected_v2_reduced_suite/evaluation_critical/evaluation/critical/instance_u30_a15_v4_seed1001_critical.txt,u30_seed1001,0.55,0.547945205479452,0.85,False,0,0,0,False
instances/research_depth_load_sweep/rho0.85_normal0.7/instance_u40_a25_v5_seed1001_critical.txt,3eca75a5076cf86f3a527883c6ea3a5a3918b4141c2a54cb49fa3c62427fe633,gurobi-mip,1,1,lex-cos,lex-overtime,0,35,735,0,0,35,735,0,0,0,0,0,e045b0692d9963b967cc37f3afb3e58c3e9aff61a3ca6f5ab662629dc35b3201,instances/corrected_v2_reduced_suite/evaluation_critical/evaluation/critical/instance_u40_a25_v5_seed1001_critical.txt,u40_seed1001,0.85,0.847457627118644,0.7,False,0,0,0,False
instances/research_depth_load_sweep/rho0.85_normal0.7/instance_u40_a25_v5_seed1001_critical.txt,3eca75a5076cf86f3a527883c6ea3a5a3918b4141c2a54cb49fa3c62427fe633,gurobi-mip,1,1,lex-cos,weighted,0,35,735,0,4,41,761,4,61,107,39,18,e045b0692d9963b967cc37f3afb3e58c3e9aff61a3ca6f5ab662629dc35b3201,instances/corrected_v2_reduced_suite/evaluation_critical/evaluation/critical/instance_u40_a25_v5_seed1001_critical.txt,u40_seed1001,0.85,0.847457627118644,0.7,False,4,6,26,True
instances/research_depth_load_sweep/rho0.85_normal0.7/instance_u40_a25_v5_seed1001_critical.txt,3eca75a5076cf86f3a527883c6ea3a5a3918b4141c2a54cb49fa3c62427fe633,gurobi-mip,1,1,lex-overtime,weighted,0,35,735,0,4,41,761,4,61,107,39,18,e045b0692d9963b967cc37f3afb3e58c3e9aff61a3ca6f5ab662629dc35b3201,instances/corrected_v2_reduced_suite/evaluation_critical/evaluation/critical/instance_u40_a25_v5_seed1001_critical.txt,u40_seed1001,0.85,0.847457627118644,0.7,False,4,6,26,True
instances/research_depth_load_sweep/rho0.98_normal0.85/instance_u40_a15_v5_seed1002_critical.txt,e470a3616003ba0d5632d788bc272cd6632751068ae6bb3dc673fb8d557ed4d6,gurobi-mip,1,1,lex-cos,lex-overtime,4,26,674,4,4,26,674,4,0,0,0,0,fbf890b517ed96fe2ae987767a36e6554398d327dac819b9cc3837ab221b32da,instances/corrected_v2_reduced_suite/evaluation_critical/evaluation/critical/instance_u40_a15_v5_seed1002_critical.txt,u40_seed1002,0.98,0.975609756097561,0.85,False,0,0,0,False
instances/research_depth_load_sweep/rho0.98_normal0.85/instance_u40_a15_v5_seed1002_critical.txt,e470a3616003ba0d5632d788bc272cd6632751068ae6bb3dc673fb8d557ed4d6,gurobi-mip,1,1,lex-cos,weighted,4,26,674,4,20,26,715,20,62,102,41,0,fbf890b517ed96fe2ae987767a36e6554398d327dac819b9cc3837ab221b32da,instances/corrected_v2_reduced_suite/evaluation_critical/evaluation/critical/instance_u40_a15_v5_seed1002_critical.txt,u40_seed1002,0.98,0.975609756097561,0.85,False,16,0,41,True
instances/research_depth_load_sweep/rho0.98_normal0.85/instance_u40_a15_v5_seed1002_critical.txt,e470a3616003ba0d5632d788bc272cd6632751068ae6bb3dc673fb8d557ed4d6,gurobi-mip,1,1,lex-overtime,weighted,4,26,674,4,20,26,715,20,62,102,41,0,fbf890b517ed96fe2ae987767a36e6554398d327dac819b9cc3837ab221b32da,instances/corrected_v2_reduced_suite/evaluation_critical/evaluation/critical/instance_u40_a15_v5_seed1002_critical.txt,u40_seed1002,0.98,0.975609756097561,0.85,False,16,0,41,True
instances/research_depth_load_sweep/rho0.98_normal1/instance_u40_a10_v4_seed1003_critical.txt,8d8de2c93ce81a76989f0d463fe511419141e108d0e1a4f0608bb56ee2b023c7,gurobi-mip,1,1,lex-cos,lex-overtime,1,0,521,1,1,0,521,1,0,0,0,0,395a48f8a39788bea86b6f70fb9ec6a2a924a9f8f08e8639adaf51dba4e7ae85,instances/corrected_v2_reduced_suite/evaluation_critical/evaluation/critical/instance_u40_a10_v4_seed1003_critical.txt,u40_seed1003,0.98,0.975609756097561,1.0,False,0,0,0,False
instances/research_depth_load_sweep/rho0.98_normal1/instance_u40_a10_v4_seed1003_critical.txt,8d8de2c93ce81a76989f0d463fe511419141e108d0e1a4f0608bb56ee2b023c7,gurobi-mip,1,1,lex-cos,weighted,1,0,521,1,11,0,544,11,45,89,34,2,395a48f8a39788bea86b6f70fb9ec6a2a924a9f8f08e8639adaf51dba4e7ae85,instances/corrected_v2_reduced_suite/evaluation_critical/evaluation/critical/instance_u40_a10_v4_seed1003_critical.txt,u40_seed1003,0.98,0.975609756097561,1.0,False,10,0,23,True
instances/research_depth_load_sweep/rho0.98_normal1/instance_u40_a10_v4_seed1003_critical.txt,8d8de2c93ce81a76989f0d463fe511419141e108d0e1a4f0608bb56ee2b023c7,gurobi-mip,1,1,lex-overtime,weighted,1,0,521,1,11,0,544,11,45,89,34,2,395a48f8a39788bea86b6f70fb9ec6a2a924a9f8f08e8639adaf51dba4e7ae85,instances/corrected_v2_reduced_suite/evaluation_critical/evaluation/critical/instance_u40_a10_v4_seed1003_critical.txt,u40_seed1003,0.98,0.975609756097561,1.0,False,10,0,23,True
instances/research_depth_load_sweep/rho0.85_normal0.85/instance_u30_a25_v4_seed1002_critical.txt,de23508d979db3048be208918f8d51242d991165e80c2414fca7a3ce4ee5b17d,gurobi-mip,1,1,lex-cos,lex-overtime,1,1,422,1,2,0,422,2,21,50,18,2,de23508d979db3048be208918f8d51242d991165e80c2414fca7a3ce4ee5b17d,instances/corrected_v2_reduced_suite/evaluation_critical/evaluation/critical/instance_u30_a25_v4_seed1002_critical.txt,u30_seed1002,0.85,0.8450704225352113,0.85,True,1,-1,0,True
instances/research_depth_load_sweep/rho0.85_normal0.85/instance_u30_a25_v4_seed1002_critical.txt,de23508d979db3048be208918f8d51242d991165e80c2414fca7a3ce4ee5b17d,gurobi-mip,1,1,lex-cos,weighted,1,1,422,1,4,9,443,4,43,58,34,16,de23508d979db3048be208918f8d51242d991165e80c2414fca7a3ce4ee5b17d,instances/corrected_v2_reduced_suite/evaluation_critical/evaluation/critical/instance_u30_a25_v4_seed1002_critical.txt,u30_seed1002,0.85,0.8450704225352113,0.85,True,3,8,21,True
instances/research_depth_load_sweep/rho0.85_normal0.85/instance_u30_a25_v4_seed1002_critical.txt,de23508d979db3048be208918f8d51242d991165e80c2414fca7a3ce4ee5b17d,gurobi-mip,1,1,lex-overtime,weighted,2,0,422,2,4,9,443,4,40,69,32,18,de23508d979db3048be208918f8d51242d991165e80c2414fca7a3ce4ee5b17d,instances/corrected_v2_reduced_suite/evaluation_critical/evaluation/critical/instance_u30_a25_v4_seed1002_critical.txt,u30_seed1002,0.85,0.8450704225352113,0.85,True,2,9,21,True
instances/research_depth_load_sweep/rho0.85_normal1/instance_u30_a10_v5_seed1003_critical.txt,26040f3ce36583d9034fa34dbffd99e9fb6b0ed0fa41dca3aa55f79361c71c22,gurobi-mip,1,1,lex-cos,lex-overtime,0,0,502,0,0,0,502,0,0,0,0,0,f927ebb65ee27c08aa667987adf8f8a250da1264d79c4928cd88971e4a6b004e,instances/corrected_v2_reduced_suite/evaluation_critical/evaluation/critical/instance_u30_a10_v5_seed1003_critical.txt,u30_seed1003,0.85,0.847457627118644,1.0,False,0,0,0,False
instances/research_depth_load_sweep/rho0.85_normal1/instance_u30_a10_v5_seed1003_critical.txt,26040f3ce36583d9034fa34dbffd99e9fb6b0ed0fa41dca3aa55f79361c71c22,gurobi-mip,1,1,lex-cos,weighted,0,0,502,0,5,0,512,5,36,78,20,14,f927ebb65ee27c08aa667987adf8f8a250da1264d79c4928cd88971e4a6b004e,instances/corrected_v2_reduced_suite/evaluation_critical/evaluation/critical/instance_u30_a10_v5_seed1003_critical.txt,u30_seed1003,0.85,0.847457627118644,1.0,False,5,0,10,True
instances/research_depth_load_sweep/rho0.85_normal1/instance_u30_a10_v5_seed1003_critical.txt,26040f3ce36583d9034fa34dbffd99e9fb6b0ed0fa41dca3aa55f79361c71c22,gurobi-mip,1,1,lex-overtime,weighted,0,0,502,0,5,0,512,5,36,78,20,14,f927ebb65ee27c08aa667987adf8f8a250da1264d79c4928cd88971e4a6b004e,instances/corrected_v2_reduced_suite/evaluation_critical/evaluation/critical/instance_u30_a10_v5_seed1003_critical.txt,u30_seed1003,0.85,0.847457627118644,1.0,False,5,0,10,True
instances/research_depth_load_sweep/rho0.55_normal0.85/instance_u40_a20_v5_seed1001_critical.txt,26577de924aa449816e2152a8f0afaab0ca9b743badee4c718de839c2600e7f6,gurobi-mip,1,1,lex-cos,lex-overtime,0,0,774,0,0,0,774,0,0,0,0,0,9b4ded7517693f18fc14c67224a40507d9d4088119616e90b89f0bbcadb2445d,instances/corrected_v2_reduced_suite/evaluation_critical/evaluation/critical/instance_u40_a20_v5_seed1001_critical.txt,u40_seed1001,0.55,0.5494505494505495,0.85,False,0,0,0,False
instances/research_depth_load_sweep/rho0.55_normal0.85/instance_u40_a20_v5_seed1001_critical.txt,26577de924aa449816e2152a8f0afaab0ca9b743badee4c718de839c2600e7f6,gurobi-mip,1,1,lex-cos,weighted,0,0,774,0,5,1,787,5,68,103,43,56,9b4ded7517693f18fc14c67224a40507d9d4088119616e90b89f0bbcadb2445d,instances/corrected_v2_reduced_suite/evaluation_critical/evaluation/critical/instance_u40_a20_v5_seed1001_critical.txt,u40_seed1001,0.55,0.5494505494505495,0.85,False,5,1,13,True
instances/research_depth_load_sweep/rho0.55_normal0.85/instance_u40_a20_v5_seed1001_critical.txt,26577de924aa449816e2152a8f0afaab0ca9b743badee4c718de839c2600e7f6,gurobi-mip,1,1,lex-overtime,weighted,0,0,774,0,5,1,787,5,68,103,43,56,9b4ded7517693f18fc14c67224a40507d9d4088119616e90b89f0bbcadb2445d,instances/corrected_v2_reduced_suite/evaluation_critical/evaluation/critical/instance_u40_a20_v5_seed1001_critical.txt,u40_seed1001,0.55,0.5494505494505495,0.85,False,5,1,13,True
instances/research_depth_load_sweep/rho0.98_normal1/instance_u30_a25_v5_seed1003_critical.txt,183c0e9b6cfb57a7b5b08cbe313ca9ce6d4be973e60a9181a4dd8d8f65ec278b,gurobi-mip,1,1,lex-cos,lex-overtime,0,0,493,0,0,0,493,0,0,0,0,0,e90c35e7cece54d3787eeeb644bcf0edacb9c7c339799fb4aaa218f9d27dc487,instances/corrected_v2_reduced_suite/evaluation_critical/evaluation/critical/instance_u30_a25_v5_seed1003_critical.txt,u30_seed1003,0.98,0.974025974025974,1.0,False,0,0,0,False
instances/research_depth_load_sweep/rho0.98_normal1/instance_u30_a25_v5_seed1003_critical.txt,183c0e9b6cfb57a7b5b08cbe313ca9ce6d4be973e60a9181a4dd8d8f65ec278b,gurobi-mip,1,1,lex-cos,weighted,0,0,493,0,9,0,515,9,54,90,31,0,e90c35e7cece54d3787eeeb644bcf0edacb9c7c339799fb4aaa218f9d27dc487,instances/corrected_v2_reduced_suite/evaluation_critical/evaluation/critical/instance_u30_a25_v5_seed1003_critical.txt,u30_seed1003,0.98,0.974025974025974,1.0,False,9,0,22,True
instances/research_depth_load_sweep/rho0.98_normal1/instance_u30_a25_v5_seed1003_critical.txt,183c0e9b6cfb57a7b5b08cbe313ca9ce6d4be973e60a9181a4dd8d8f65ec278b,gurobi-mip,1,1,lex-overtime,weighted,0,0,493,0,9,0,515,9,54,90,31,0,e90c35e7cece54d3787eeeb644bcf0edacb9c7c339799fb4aaa218f9d27dc487,instances/corrected_v2_reduced_suite/evaluation_critical/evaluation/critical/instance_u30_a25_v5_seed1003_critical.txt,u30_seed1003,0.98,0.974025974025974,1.0,False,9,0,22,True
instances/research_depth_load_sweep/rho0.98_normal0.7/instance_u40_a25_v5_seed1002_critical.txt,21121d49c61cf7c623a5496fd099628d8cab06715ee02117cec9d7d4c125906a,gurobi-mip,1,1,lex-cos,lex-overtime,4,56,675,4,4,56,675,4,0,0,0,0,6a86d9e04419d5434a8ac83437d7b4c9067045575a2a45a9a29888e5d862b401,instances/corrected_v2_reduced_suite/evaluation_critical/evaluation/critical/instance_u40_a25_v5_seed1002_critical.txt,u40_seed1002,0.98,0.975609756097561,0.7,False,0,0,0,False
instances/research_depth_load_sweep/rho0.98_normal0.7/instance_u40_a25_v5_seed1002_critical.txt,21121d49c61cf7c623a5496fd099628d8cab06715ee02117cec9d7d4c125906a,gurobi-mip,1,1,lex-cos,weighted,4,56,675,4,20,56,719,20,65,107,42,2,6a86d9e04419d5434a8ac83437d7b4c9067045575a2a45a9a29888e5d862b401,instances/corrected_v2_reduced_suite/evaluation_critical/evaluation/critical/instance_u40_a25_v5_seed1002_critical.txt,u40_seed1002,0.98,0.975609756097561,0.7,False,16,0,44,True
instances/research_depth_load_sweep/rho0.98_normal0.7/instance_u40_a25_v5_seed1002_critical.txt,21121d49c61cf7c623a5496fd099628d8cab06715ee02117cec9d7d4c125906a,gurobi-mip,1,1,lex-overtime,weighted,4,56,675,4,20,56,719,20,65,107,42,2,6a86d9e04419d5434a8ac83437d7b4c9067045575a2a45a9a29888e5d862b401,instances/corrected_v2_reduced_suite/evaluation_critical/evaluation/critical/instance_u40_a25_v5_seed1002_critical.txt,u40_seed1002,0.98,0.975609756097561,0.7,False,16,0,44,True
instances/research_depth_load_sweep/rho0.55_normal0.7/instance_u40_a10_v4_seed1003_critical.txt,4642580bdadcf943487630bc19544a227948ec1a63145aeb796e5911a067fcac,gurobi-mip,1,1,lex-cos,lex-overtime,1,0,547,1,1,0,547,1,0,0,0,0,395a48f8a39788bea86b6f70fb9ec6a2a924a9f8f08e8639adaf51dba4e7ae85,instances/corrected_v2_reduced_suite/evaluation_critical/evaluation/critical/instance_u40_a10_v4_seed1003_critical.txt,u40_seed1003,0.55,0.5498281786941581,0.7,False,0,0,0,False
instances/research_depth_load_sweep/rho0.55_normal0.7/instance_u40_a10_v4_seed1003_critical.txt,4642580bdadcf943487630bc19544a227948ec1a63145aeb796e5911a067fcac,gurobi-mip,1,1,lex-cos,weighted,1,0,547,1,6,0,557,6,37,64,26,20,395a48f8a39788bea86b6f70fb9ec6a2a924a9f8f08e8639adaf51dba4e7ae85,instances/corrected_v2_reduced_suite/evaluation_critical/evaluation/critical/instance_u40_a10_v4_seed1003_critical.txt,u40_seed1003,0.55,0.5498281786941581,0.7,False,5,0,10,True
instances/research_depth_load_sweep/rho0.55_normal0.7/instance_u40_a10_v4_seed1003_critical.txt,4642580bdadcf943487630bc19544a227948ec1a63145aeb796e5911a067fcac,gurobi-mip,1,1,lex-overtime,weighted,1,0,547,1,6,0,557,6,37,64,26,20,395a48f8a39788bea86b6f70fb9ec6a2a924a9f8f08e8639adaf51dba4e7ae85,instances/corrected_v2_reduced_suite/evaluation_critical/evaluation/critical/instance_u40_a10_v4_seed1003_critical.txt,u40_seed1003,0.55,0.5498281786941581,0.7,False,5,0,10,True
instances/research_depth_load_sweep/rho0.55_normal0.85/instance_u40_a25_v5_seed1003_critical.txt,554045ef16a76bee2a221a7d11a847371850fd302c32fc61db2e45b762b924d5,gurobi-mip,1,1,lex-cos,lex-overtime,0,0,725,0,0,0,725,0,0,0,0,0,4e512df627d17612d29d4a3e5f36bd78eb17641a1923ef501751875f036a5ae9,instances/corrected_v2_reduced_suite/evaluation_critical/evaluation/critical/instance_u40_a25_v5_seed1003_critical.txt,u40_seed1003,0.55,0.5494505494505495,0.85,False,0,0,0,False
instances/research_depth_load_sweep/rho0.55_normal0.85/instance_u40_a25_v5_seed1003_critical.txt,554045ef16a76bee2a221a7d11a847371850fd302c32fc61db2e45b762b924d5,gurobi-mip,1,1,lex-cos,weighted,0,0,725,0,7,1,742,7,89,94,47,56,4e512df627d17612d29d4a3e5f36bd78eb17641a1923ef501751875f036a5ae9,instances/corrected_v2_reduced_suite/evaluation_critical/evaluation/critical/instance_u40_a25_v5_seed1003_critical.txt,u40_seed1003,0.55,0.5494505494505495,0.85,False,7,1,17,True
instances/research_depth_load_sweep/rho0.55_normal0.85/instance_u40_a25_v5_seed1003_critical.txt,554045ef16a76bee2a221a7d11a847371850fd302c32fc61db2e45b762b924d5,gurobi-mip,1,1,lex-overtime,weighted,0,0,725,0,7,1,742,7,89,94,47,56,4e512df627d17612d29d4a3e5f36bd78eb17641a1923ef501751875f036a5ae9,instances/corrected_v2_reduced_suite/evaluation_critical/evaluation/critical/instance_u40_a25_v5_seed1003_critical.txt,u40_seed1003,0.55,0.5494505494505495,0.85,False,7,1,17,True
instances/research_depth_load_sweep/rho0.55_normal1/instance_u30_a15_v4_seed1002_critical.txt,ff1d9ace29b35b60036171f679de7bf601bd9b7527bd4e170ec7631640178828,gurobi-mip,1,1,lex-cos,lex-overtime,1,0,433,1,1,0,433,1,0,0,0,0,148c8679adee389f3bfb69e52584b46bc596198bb5146008050adc703b39182e,instances/corrected_v2_reduced_suite/evaluation_critical/evaluation/critical/instance_u30_a15_v4_seed1002_critical.txt,u30_seed1002,0.55,0.547945205479452,1.0,False,0,0,0,False
instances/research_depth_load_sweep/rho0.55_normal1/instance_u30_a15_v4_seed1002_critical.txt,ff1d9ace29b35b60036171f679de7bf601bd9b7527bd4e170ec7631640178828,gurobi-mip,1,1,lex-cos,weighted,1,0,433,1,5,0,447,5,45,55,35,38,148c8679adee389f3bfb69e52584b46bc596198bb5146008050adc703b39182e,instances/corrected_v2_reduced_suite/evaluation_critical/evaluation/critical/instance_u30_a15_v4_seed1002_critical.txt,u30_seed1002,0.55,0.547945205479452,1.0,False,4,0,14,True
instances/research_depth_load_sweep/rho0.55_normal1/instance_u30_a15_v4_seed1002_critical.txt,ff1d9ace29b35b60036171f679de7bf601bd9b7527bd4e170ec7631640178828,gurobi-mip,1,1,lex-overtime,weighted,1,0,433,1,5,0,447,5,45,55,35,38,148c8679adee389f3bfb69e52584b46bc596198bb5146008050adc703b39182e,instances/corrected_v2_reduced_suite/evaluation_critical/evaluation/critical/instance_u30_a15_v4_seed1002_critical.txt,u30_seed1002,0.55,0.547945205479452,1.0,False,4,0,14,True
instances/research_depth_load_sweep/rho0.55_normal1/instance_u40_a20_v4_seed1003_critical.txt,e5a98e1d8c8a7c4140a81f66d8e8519a1ba9b6b110db8eebc23dba835418db6b,gurobi-mip,1,1,lex-cos,lex-overtime,0,0,581,0,0,0,581,0,0,0,0,0,2e89d655657e6565c5ecb975872229f2b89227e9d8d4becfc0d4e18894748b91,instances/corrected_v2_reduced_suite/evaluation_critical/evaluation/critical/instance_u40_a20_v4_seed1003_critical.txt,u40_seed1003,0.55,0.5498281786941581,1.0,False,0,0,0,False
instances/research_depth_load_sweep/rho0.55_normal1/instance_u40_a20_v4_seed1003_critical.txt,e5a98e1d8c8a7c4140a81f66d8e8519a1ba9b6b110db8eebc23dba835418db6b,gurobi-mip,1,1,lex-cos,weighted,0,0,581,0,6,0,594,6,61,91,41,52,2e89d655657e6565c5ecb975872229f2b89227e9d8d4becfc0d4e18894748b91,instances/corrected_v2_reduced_suite/evaluation_critical/evaluation/critical/instance_u40_a20_v4_seed1003_critical.txt,u40_seed1003,0.55,0.5498281786941581,1.0,False,6,0,13,True
instances/research_depth_load_sweep/rho0.55_normal1/instance_u40_a20_v4_seed1003_critical.txt,e5a98e1d8c8a7c4140a81f66d8e8519a1ba9b6b110db8eebc23dba835418db6b,gurobi-mip,1,1,lex-overtime,weighted,0,0,581,0,6,0,594,6,61,91,41,52,2e89d655657e6565c5ecb975872229f2b89227e9d8d4becfc0d4e18894748b91,instances/corrected_v2_reduced_suite/evaluation_critical/evaluation/critical/instance_u40_a20_v4_seed1003_critical.txt,u40_seed1003,0.55,0.5498281786941581,1.0,False,6,0,13,True
instances/research_depth_load_sweep/rho0.85_normal0.7/instance_u40_a20_v4_seed1002_critical.txt,88cab27f794bc4bcf7e6326e8671947f80b54fbc2362fa057263af0f6313fa03,gurobi-mip,1,1,lex-cos,lex-overtime,1,28,551,1,1,28,551,1,0,0,0,0,8fe397ee776a8cfb744bb77da0e91099c029a4cc2c05d5c45c831bea9ff5aa62,instances/corrected_v2_reduced_suite/evaluation_critical/evaluation/critical/instance_u40_a20_v4_seed1002_critical.txt,u40_seed1002,0.85,0.8465608465608465,0.7,False,0,0,0,False
instances/research_depth_load_sweep/rho0.85_normal0.7/instance_u40_a20_v4_seed1002_critical.txt,88cab27f794bc4bcf7e6326e8671947f80b54fbc2362fa057263af0f6313fa03,gurobi-mip,1,1,lex-cos,weighted,1,28,551,1,9,35,590,9,53,74,38,16,8fe397ee776a8cfb744bb77da0e91099c029a4cc2c05d5c45c831bea9ff5aa62,instances/corrected_v2_reduced_suite/evaluation_critical/evaluation/critical/instance_u40_a20_v4_seed1002_critical.txt,u40_seed1002,0.85,0.8465608465608465,0.7,False,8,7,39,True
instances/research_depth_load_sweep/rho0.85_normal0.7/instance_u40_a20_v4_seed1002_critical.txt,88cab27f794bc4bcf7e6326e8671947f80b54fbc2362fa057263af0f6313fa03,gurobi-mip,1,1,lex-overtime,weighted,1,28,551,1,9,35,590,9,53,74,38,16,8fe397ee776a8cfb744bb77da0e91099c029a4cc2c05d5c45c831bea9ff5aa62,instances/corrected_v2_reduced_suite/evaluation_critical/evaluation/critical/instance_u40_a20_v4_seed1002_critical.txt,u40_seed1002,0.85,0.8465608465608465,0.7,False,8,7,39,True
instances/research_depth_load_sweep/rho0.55_normal0.85/instance_u40_a25_v5_seed1002_critical.txt,89f0911c48aed9f73cef46c1dc1169a49e8584f4d2b98a34455022ecb8e63e56,gurobi-mip,1,1,lex-cos,lex-overtime,0,0,754,0,0,0,754,0,0,0,0,0,6a86d9e04419d5434a8ac83437d7b4c9067045575a2a45a9a29888e5d862b401,instances/corrected_v2_reduced_suite/evaluation_critical/evaluation/critical/instance_u40_a25_v5_seed1002_critical.txt,u40_seed1002,0.55,0.5494505494505495,0.85,False,0,0,0,False
instances/research_depth_load_sweep/rho0.55_normal0.85/instance_u40_a25_v5_seed1002_critical.txt,89f0911c48aed9f73cef46c1dc1169a49e8584f4d2b98a34455022ecb8e63e56,gurobi-mip,1,1,lex-cos,weighted,0,0,754,0,5,0,771,5,61,119,37,44,6a86d9e04419d5434a8ac83437d7b4c9067045575a2a45a9a29888e5d862b401,instances/corrected_v2_reduced_suite/evaluation_critical/evaluation/critical/instance_u40_a25_v5_seed1002_critical.txt,u40_seed1002,0.55,0.5494505494505495,0.85,False,5,0,17,True
instances/research_depth_load_sweep/rho0.55_normal0.85/instance_u40_a25_v5_seed1002_critical.txt,89f0911c48aed9f73cef46c1dc1169a49e8584f4d2b98a34455022ecb8e63e56,gurobi-mip,1,1,lex-overtime,weighted,0,0,754,0,5,0,771,5,61,119,37,44,6a86d9e04419d5434a8ac83437d7b4c9067045575a2a45a9a29888e5d862b401,instances/corrected_v2_reduced_suite/evaluation_critical/evaluation/critical/instance_u40_a25_v5_seed1002_critical.txt,u40_seed1002,0.55,0.5494505494505495,0.85,False,5,0,17,True
instances/research_depth_load_sweep/rho0.85_normal0.85/instance_u30_a15_v4_seed1001_critical.txt,cf5584e50c87aace73c609c7ad0a93612c40b8323ca8f8a5664aa14449736764,gurobi-mip,1,1,lex-cos,lex-overtime,0,0,416,0,0,0,416,0,0,0,0,0,cf5584e50c87aace73c609c7ad0a93612c40b8323ca8f8a5664aa14449736764,instances/corrected_v2_reduced_suite/evaluation_critical/evaluation/critical/instance_u30_a15_v4_seed1001_critical.txt,u30_seed1001,0.85,0.8450704225352113,0.85,True,0,0,0,False
instances/research_depth_load_sweep/rho0.85_normal0.85/instance_u30_a15_v4_seed1001_critical.txt,cf5584e50c87aace73c609c7ad0a93612c40b8323ca8f8a5664aa14449736764,gurobi-mip,1,1,lex-cos,weighted,0,0,416,0,1,11,443,1,35,53,25,24,cf5584e50c87aace73c609c7ad0a93612c40b8323ca8f8a5664aa14449736764,instances/corrected_v2_reduced_suite/evaluation_critical/evaluation/critical/instance_u30_a15_v4_seed1001_critical.txt,u30_seed1001,0.85,0.8450704225352113,0.85,True,1,11,27,True
instances/research_depth_load_sweep/rho0.85_normal0.85/instance_u30_a15_v4_seed1001_critical.txt,cf5584e50c87aace73c609c7ad0a93612c40b8323ca8f8a5664aa14449736764,gurobi-mip,1,1,lex-overtime,weighted,0,0,416,0,1,11,443,1,35,53,25,24,cf5584e50c87aace73c609c7ad0a93612c40b8323ca8f8a5664aa14449736764,instances/corrected_v2_reduced_suite/evaluation_critical/evaluation/critical/instance_u30_a15_v4_seed1001_critical.txt,u30_seed1001,0.85,0.8450704225352113,0.85,True,1,11,27,True
instances/research_depth_load_sweep/rho0.98_normal0.85/instance_u30_a20_v5_seed1002_critical.txt,c5ad31a14a03c3f47d088fa8f2fbbddc3c982ea1a35de9ef389274b13b632296,gurobi-mip,1,1,lex-cos,lex-overtime,3,19,496,3,3,19,496,3,0,0,0,0,89692a0adfe31e70296f9df2d93729e2d0d78b4a72a9014431a8e164a2608768,instances/corrected_v2_reduced_suite/evaluation_critical/evaluation/critical/instance_u30_a20_v5_seed1002_critical.txt,u30_seed1002,0.98,0.974025974025974,0.85,False,0,0,0,False
instances/research_depth_load_sweep/rho0.98_normal0.85/instance_u30_a20_v5_seed1002_critical.txt,c5ad31a14a03c3f47d088fa8f2fbbddc3c982ea1a35de9ef389274b13b632296,gurobi-mip,1,1,lex-cos,weighted,3,19,496,3,9,19,538,9,45,68,26,0,89692a0adfe31e70296f9df2d93729e2d0d78b4a72a9014431a8e164a2608768,instances/corrected_v2_reduced_suite/evaluation_critical/evaluation/critical/instance_u30_a20_v5_seed1002_critical.txt,u30_seed1002,0.98,0.974025974025974,0.85,False,6,0,42,True
instances/research_depth_load_sweep/rho0.98_normal0.85/instance_u30_a20_v5_seed1002_critical.txt,c5ad31a14a03c3f47d088fa8f2fbbddc3c982ea1a35de9ef389274b13b632296,gurobi-mip,1,1,lex-overtime,weighted,3,19,496,3,9,19,538,9,45,68,26,0,89692a0adfe31e70296f9df2d93729e2d0d78b4a72a9014431a8e164a2608768,instances/corrected_v2_reduced_suite/evaluation_critical/evaluation/critical/instance_u30_a20_v5_seed1002_critical.txt,u30_seed1002,0.98,0.974025974025974,0.85,False,6,0,42,True
instances/research_depth_load_sweep/rho0.55_normal0.85/instance_u30_a20_v4_seed1003_critical.txt,a9b859af5e93290a0413bbb44e0273a28ea3d1c5cf811bdf21d44ae367d44ae4,gurobi-mip,1,1,lex-cos,lex-overtime,0,0,435,0,0,0,435,0,0,0,0,0,68e2b74d850c1069e78bc56681e6d252a2a8df6699aceb2e6aaffeff722beca0,instances/corrected_v2_reduced_suite/evaluation_critical/evaluation/critical/instance_u30_a20_v4_seed1003_critical.txt,u30_seed1003,0.55,0.547945205479452,0.85,False,0,0,0,False
instances/research_depth_load_sweep/rho0.55_normal0.85/instance_u30_a20_v4_seed1003_critical.txt,a9b859af5e93290a0413bbb44e0273a28ea3d1c5cf811bdf21d44ae367d44ae4,gurobi-mip,1,1,lex-cos,weighted,0,0,435,0,3,1,442,3,49,71,32,28,68e2b74d850c1069e78bc56681e6d252a2a8df6699aceb2e6aaffeff722beca0,instances/corrected_v2_reduced_suite/evaluation_critical/evaluation/critical/instance_u30_a20_v4_seed1003_critical.txt,u30_seed1003,0.55,0.547945205479452,0.85,False,3,1,7,True
instances/research_depth_load_sweep/rho0.55_normal0.85/instance_u30_a20_v4_seed1003_critical.txt,a9b859af5e93290a0413bbb44e0273a28ea3d1c5cf811bdf21d44ae367d44ae4,gurobi-mip,1,1,lex-overtime,weighted,0,0,435,0,3,1,442,3,49,71,32,28,68e2b74d850c1069e78bc56681e6d252a2a8df6699aceb2e6aaffeff722beca0,instances/corrected_v2_reduced_suite/evaluation_critical/evaluation/critical/instance_u30_a20_v4_seed1003_critical.txt,u30_seed1003,0.55,0.547945205479452,0.85,False,3,1,7,True
instances/research_depth_load_sweep/rho0.55_normal0.85/instance_u40_a20_v5_seed1003_critical.txt,47506e7b47bbf530a90973ecfec15190e215c18530aa2f586fcab566e3709b8a,gurobi-mip,1,1,lex-cos,lex-overtime,0,0,719,0,0,0,719,0,0,0,0,0,d83d36c93f2b20d42d2082b908832af7a5bf6831774fa8060410156fd9f71c3d,instances/corrected_v2_reduced_suite/evaluation_critical/evaluation/critical/instance_u40_a20_v5_seed1003_critical.txt,u40_seed1003,0.55,0.5494505494505495,0.85,False,0,0,0,False
instances/research_depth_load_sweep/rho0.55_normal0.85/instance_u40_a20_v5_seed1003_critical.txt,47506e7b47bbf530a90973ecfec15190e215c18530aa2f586fcab566e3709b8a,gurobi-mip,1,1,lex-cos,weighted,0,0,719,0,10,2,745,10,73,98,44,54,d83d36c93f2b20d42d2082b908832af7a5bf6831774fa8060410156fd9f71c3d,instances/corrected_v2_reduced_suite/evaluation_critical/evaluation/critical/instance_u40_a20_v5_seed1003_critical.txt,u40_seed1003,0.55,0.5494505494505495,0.85,False,10,2,26,True
instances/research_depth_load_sweep/rho0.55_normal0.85/instance_u40_a20_v5_seed1003_critical.txt,47506e7b47bbf530a90973ecfec15190e215c18530aa2f586fcab566e3709b8a,gurobi-mip,1,1,lex-overtime,weighted,0,0,719,0,10,2,745,10,73,98,44,54,d83d36c93f2b20d42d2082b908832af7a5bf6831774fa8060410156fd9f71c3d,instances/corrected_v2_reduced_suite/evaluation_critical/evaluation/critical/instance_u40_a20_v5_seed1003_critical.txt,u40_seed1003,0.55,0.5494505494505495,0.85,False,10,2,26,True
instances/research_depth_load_sweep/rho0.98_normal0.7/instance_u30_a15_v5_seed1002_critical.txt,b2e61338fc7b05710b92f75cee4ba6b054da49e7b00d4a65d133448bb78af249,gurobi-mip,1,1,lex-cos,lex-overtime,3,42,501,3,3,42,501,3,0,0,0,0,62008dec11bbf59cff06c3683881ade351ca92418b870d35d1f1890238c858bd,instances/corrected_v2_reduced_suite/evaluation_critical/evaluation/critical/instance_u30_a15_v5_seed1002_critical.txt,u30_seed1002,0.98,0.974025974025974,0.7,False,0,0,0,False
instances/research_depth_load_sweep/rho0.98_normal0.7/instance_u30_a15_v5_seed1002_critical.txt,b2e61338fc7b05710b92f75cee4ba6b054da49e7b00d4a65d133448bb78af249,gurobi-mip,1,1,lex-cos,weighted,3,42,501,3,10,42,540,10,53,83,33,0,62008dec11bbf59cff06c3683881ade351ca92418b870d35d1f1890238c858bd,instances/corrected_v2_reduced_suite/evaluation_critical/evaluation/critical/instance_u30_a15_v5_seed1002_critical.txt,u30_seed1002,0.98,0.974025974025974,0.7,False,7,0,39,True
instances/research_depth_load_sweep/rho0.98_normal0.7/instance_u30_a15_v5_seed1002_critical.txt,b2e61338fc7b05710b92f75cee4ba6b054da49e7b00d4a65d133448bb78af249,gurobi-mip,1,1,lex-overtime,weighted,3,42,501,3,10,42,540,10,53,83,33,0,62008dec11bbf59cff06c3683881ade351ca92418b870d35d1f1890238c858bd,instances/corrected_v2_reduced_suite/evaluation_critical/evaluation/critical/instance_u30_a15_v5_seed1002_critical.txt,u30_seed1002,0.98,0.974025974025974,0.7,False,7,0,39,True
instances/research_depth_load_sweep/rho0.85_normal0.7/instance_u40_a25_v4_seed1002_critical.txt,91a56f2e1e35d6d9f4999d767ec45099ad9afb84c2662ecd3237db536aae78b0,gurobi-mip,1,1,lex-cos,lex-overtime,1,28,568,1,1,28,568,1,0,0,0,0,5c9a8a3dcc3d1fe985ff86f0f6765ea477a79927e1fcb4a8a0be3ecb89ce8cfe,instances/corrected_v2_reduced_suite/evaluation_critical/evaluation/critical/instance_u40_a25_v4_seed1002_critical.txt,u40_seed1002,0.85,0.8465608465608465,0.7,False,0,0,0,False
instances/research_depth_load_sweep/rho0.85_normal0.7/instance_u40_a25_v4_seed1002_critical.txt,91a56f2e1e35d6d9f4999d767ec45099ad9afb84c2662ecd3237db536aae78b0,gurobi-mip,1,1,lex-cos,weighted,1,28,568,1,8,34,598,8,61,82,45,14,5c9a8a3dcc3d1fe985ff86f0f6765ea477a79927e1fcb4a8a0be3ecb89ce8cfe,instances/corrected_v2_reduced_suite/evaluation_critical/evaluation/critical/instance_u40_a25_v4_seed1002_critical.txt,u40_seed1002,0.85,0.8465608465608465,0.7,False,7,6,30,True
instances/research_depth_load_sweep/rho0.85_normal0.7/instance_u40_a25_v4_seed1002_critical.txt,91a56f2e1e35d6d9f4999d767ec45099ad9afb84c2662ecd3237db536aae78b0,gurobi-mip,1,1,lex-overtime,weighted,1,28,568,1,8,34,598,8,61,82,45,14,5c9a8a3dcc3d1fe985ff86f0f6765ea477a79927e1fcb4a8a0be3ecb89ce8cfe,instances/corrected_v2_reduced_suite/evaluation_critical/evaluation/critical/instance_u40_a25_v4_seed1002_critical.txt,u40_seed1002,0.85,0.8465608465608465,0.7,False,7,6,30,True
instances/research_depth_load_sweep/rho0.55_normal0.85/instance_u40_a15_v5_seed1001_critical.txt,f5a83fe1e407c77365739d0ee9a511375ea0befd89d35ec08733626fa7726ac8,gurobi-mip,1,1,lex-cos,lex-overtime,0,0,755,0,0,0,755,0,0,0,0,0,addefcd65569a464f6ade877201060bec8b3edf54c9784bd4a2ce47e7fa65a0a,instances/corrected_v2_reduced_suite/evaluation_critical/evaluation/critical/instance_u40_a15_v5_seed1001_critical.txt,u40_seed1001,0.55,0.5494505494505495,0.85,False,0,0,0,False
instances/research_depth_load_sweep/rho0.55_normal0.85/instance_u40_a15_v5_seed1001_critical.txt,f5a83fe1e407c77365739d0ee9a511375ea0befd89d35ec08733626fa7726ac8,gurobi-mip,1,1,lex-cos,weighted,0,0,755,0,4,0,764,4,56,100,36,40,addefcd65569a464f6ade877201060bec8b3edf54c9784bd4a2ce47e7fa65a0a,instances/corrected_v2_reduced_suite/evaluation_critical/evaluation/critical/instance_u40_a15_v5_seed1001_critical.txt,u40_seed1001,0.55,0.5494505494505495,0.85,False,4,0,9,True
instances/research_depth_load_sweep/rho0.55_normal0.85/instance_u40_a15_v5_seed1001_critical.txt,f5a83fe1e407c77365739d0ee9a511375ea0befd89d35ec08733626fa7726ac8,gurobi-mip,1,1,lex-overtime,weighted,0,0,755,0,4,0,764,4,56,100,36,40,addefcd65569a464f6ade877201060bec8b3edf54c9784bd4a2ce47e7fa65a0a,instances/corrected_v2_reduced_suite/evaluation_critical/evaluation/critical/instance_u40_a15_v5_seed1001_critical.txt,u40_seed1001,0.55,0.5494505494505495,0.85,False,4,0,9,True
instances/research_depth_load_sweep/rho0.85_normal0.7/instance_u30_a10_v4_seed1001_critical.txt,75ff55208bdabd6c9db8df910f22fbb9bbd077148da39f4197d2a20110337e08,gurobi-mip,1,1,lex-cos,lex-overtime,0,21,429,0,0,21,429,0,0,0,0,0,0a4cc1c9eac79eca9e0861f05de893ae18e2c331afdb25b03c6efb933da1d71a,instances/corrected_v2_reduced_suite/evaluation_critical/evaluation/critical/instance_u30_a10_v4_seed1001_critical.txt,u30_seed1001,0.85,0.8450704225352113,0.7,False,0,0,0,False
instances/research_depth_load_sweep/rho0.85_normal0.7/instance_u30_a10_v4_seed1001_critical.txt,75ff55208bdabd6c9db8df910f22fbb9bbd077148da39f4197d2a20110337e08,gurobi-mip,1,1,lex-cos,weighted,0,21,429,0,1,29,441,1,35,53,21,16,0a4cc1c9eac79eca9e0861f05de893ae18e2c331afdb25b03c6efb933da1d71a,instances/corrected_v2_reduced_suite/evaluation_critical/evaluation/critical/instance_u30_a10_v4_seed1001_critical.txt,u30_seed1001,0.85,0.8450704225352113,0.7,False,1,8,12,True
instances/research_depth_load_sweep/rho0.85_normal0.7/instance_u30_a10_v4_seed1001_critical.txt,75ff55208bdabd6c9db8df910f22fbb9bbd077148da39f4197d2a20110337e08,gurobi-mip,1,1,lex-overtime,weighted,0,21,429,0,1,29,441,1,35,53,21,16,0a4cc1c9eac79eca9e0861f05de893ae18e2c331afdb25b03c6efb933da1d71a,instances/corrected_v2_reduced_suite/evaluation_critical/evaluation/critical/instance_u30_a10_v4_seed1001_critical.txt,u30_seed1001,0.85,0.8450704225352113,0.7,False,1,8,12,True
instances/research_depth_load_sweep/rho0.55_normal0.7/instance_u40_a20_v4_seed1002_critical.txt,6caee1da38f7e4ec8004e1691e076cf25c7b83a608f27b6c21b392a3014c9016,gurobi-mip,1,1,lex-cos,lex-overtime,0,0,587,0,0,0,587,0,0,0,0,0,8fe397ee776a8cfb744bb77da0e91099c029a4cc2c05d5c45c831bea9ff5aa62,instances/corrected_v2_reduced_suite/evaluation_critical/evaluation/critical/instance_u40_a20_v4_seed1002_critical.txt,u40_seed1002,0.55,0.5498281786941581,0.7,False,0,0,0,False
instances/research_depth_load_sweep/rho0.55_normal0.7/instance_u40_a20_v4_seed1002_critical.txt,6caee1da38f7e4ec8004e1691e076cf25c7b83a608f27b6c21b392a3014c9016,gurobi-mip,1,1,lex-cos,weighted,0,0,587,0,5,2,606,5,37,77,23,24,8fe397ee776a8cfb744bb77da0e91099c029a4cc2c05d5c45c831bea9ff5aa62,instances/corrected_v2_reduced_suite/evaluation_critical/evaluation/critical/instance_u40_a20_v4_seed1002_critical.txt,u40_seed1002,0.55,0.5498281786941581,0.7,False,5,2,19,True
instances/research_depth_load_sweep/rho0.55_normal0.7/instance_u40_a20_v4_seed1002_critical.txt,6caee1da38f7e4ec8004e1691e076cf25c7b83a608f27b6c21b392a3014c9016,gurobi-mip,1,1,lex-overtime,weighted,0,0,587,0,5,2,606,5,37,77,23,24,8fe397ee776a8cfb744bb77da0e91099c029a4cc2c05d5c45c831bea9ff5aa62,instances/corrected_v2_reduced_suite/evaluation_critical/evaluation/critical/instance_u40_a20_v4_seed1002_critical.txt,u40_seed1002,0.55,0.5498281786941581,0.7,False,5,2,19,True
instances/research_depth_load_sweep/rho0.98_normal1/instance_u30_a10_v5_seed1002_critical.txt,c6c7ebe2d8b0458b0f94805243f52431bfe2970e4964d8426fe9c314410c1cec,gurobi-mip,1,1,lex-cos,lex-overtime,3,0,497,3,3,0,497,3,0,0,0,0,639577696bca853293d2ae7d38a7ba6a70e96d5c5a65dbe9dd57285b00a779ad,instances/corrected_v2_reduced_suite/evaluation_critical/evaluation/critical/instance_u30_a10_v5_seed1002_critical.txt,u30_seed1002,0.98,0.974025974025974,1.0,False,0,0,0,False
instances/research_depth_load_sweep/rho0.98_normal1/instance_u30_a10_v5_seed1002_critical.txt,c6c7ebe2d8b0458b0f94805243f52431bfe2970e4964d8426fe9c314410c1cec,gurobi-mip,1,1,lex-cos,weighted,3,0,497,3,10,0,537,10,53,72,32,0,639577696bca853293d2ae7d38a7ba6a70e96d5c5a65dbe9dd57285b00a779ad,instances/corrected_v2_reduced_suite/evaluation_critical/evaluation/critical/instance_u30_a10_v5_seed1002_critical.txt,u30_seed1002,0.98,0.974025974025974,1.0,False,7,0,40,True
instances/research_depth_load_sweep/rho0.98_normal1/instance_u30_a10_v5_seed1002_critical.txt,c6c7ebe2d8b0458b0f94805243f52431bfe2970e4964d8426fe9c314410c1cec,gurobi-mip,1,1,lex-overtime,weighted,3,0,497,3,10,0,537,10,53,72,32,0,639577696bca853293d2ae7d38a7ba6a70e96d5c5a65dbe9dd57285b00a779ad,instances/corrected_v2_reduced_suite/evaluation_critical/evaluation/critical/instance_u30_a10_v5_seed1002_critical.txt,u30_seed1002,0.98,0.974025974025974,1.0,False,7,0,40,True
instances/research_depth_load_sweep/rho0.55_normal1/instance_u30_a25_v5_seed1001_critical.txt,5317bbbe1e5951f4c6b7f883e61c302093253ec87c81772248b17d53aa3c3932,gurobi-mip,1,1,lex-cos,lex-overtime,0,0,594,0,0,0,594,0,0,0,0,0,51df0f9f4a354e14ce203c3399ff72e9f90e0370b7b497467427e1d198dd119e,instances/corrected_v2_reduced_suite/evaluation_critical/evaluation/critical/instance_u30_a25_v5_seed1001_critical.txt,u30_seed1001,0.55,0.5494505494505495,1.0,False,0,0,0,False
instances/research_depth_load_sweep/rho0.55_normal1/instance_u30_a25_v5_seed1001_critical.txt,5317bbbe1e5951f4c6b7f883e61c302093253ec87c81772248b17d53aa3c3932,gurobi-mip,1,1,lex-cos,weighted,0,0,594,0,0,0,594,0,55,58,37,44,51df0f9f4a354e14ce203c3399ff72e9f90e0370b7b497467427e1d198dd119e,instances/corrected_v2_reduced_suite/evaluation_critical/evaluation/critical/instance_u30_a25_v5_seed1001_critical.txt,u30_seed1001,0.55,0.5494505494505495,1.0,False,0,0,0,False
instances/research_depth_load_sweep/rho0.55_normal1/instance_u30_a25_v5_seed1001_critical.txt,5317bbbe1e5951f4c6b7f883e61c302093253ec87c81772248b17d53aa3c3932,gurobi-mip,1,1,lex-overtime,weighted,0,0,594,0,0,0,594,0,55,58,37,44,51df0f9f4a354e14ce203c3399ff72e9f90e0370b7b497467427e1d198dd119e,instances/corrected_v2_reduced_suite/evaluation_critical/evaluation/critical/instance_u30_a25_v5_seed1001_critical.txt,u30_seed1001,0.55,0.5494505494505495,1.0,False,0,0,0,False
instances/research_depth_load_sweep/rho0.98_normal0.7/instance_u30_a20_v5_seed1003_critical.txt,5c5ef6118aff649e4c604ce400aeb52925c33b62378cd8d8e38deae20ee1b201,gurobi-mip,1,1,lex-cos,lex-overtime,0,42,493,0,0,42,493,0,0,0,0,0,65de3dfdc16f9c773e9874c2357071bf31732b49485a995a839ed1f4d259a558,instances/corrected_v2_reduced_suite/evaluation_critical/evaluation/critical/instance_u30_a20_v5_seed1003_critical.txt,u30_seed1003,0.98,0.974025974025974,0.7,False,0,0,0,False
instances/research_depth_load_sweep/rho0.98_normal0.7/instance_u30_a20_v5_seed1003_critical.txt,5c5ef6118aff649e4c604ce400aeb52925c33b62378cd8d8e38deae20ee1b201,gurobi-mip,1,1,lex-cos,weighted,0,42,493,0,8,42,514,8,37,74,22,0,65de3dfdc16f9c773e9874c2357071bf31732b49485a995a839ed1f4d259a558,instances/corrected_v2_reduced_suite/evaluation_critical/evaluation/critical/instance_u30_a20_v5_seed1003_critical.txt,u30_seed1003,0.98,0.974025974025974,0.7,False,8,0,21,True
instances/research_depth_load_sweep/rho0.98_normal0.7/instance_u30_a20_v5_seed1003_critical.txt,5c5ef6118aff649e4c604ce400aeb52925c33b62378cd8d8e38deae20ee1b201,gurobi-mip,1,1,lex-overtime,weighted,0,42,493,0,8,42,514,8,37,74,22,0,65de3dfdc16f9c773e9874c2357071bf31732b49485a995a839ed1f4d259a558,instances/corrected_v2_reduced_suite/evaluation_critical/evaluation/critical/instance_u30_a20_v5_seed1003_critical.txt,u30_seed1003,0.98,0.974025974025974,0.7,False,8,0,21,True
instances/research_depth_load_sweep/rho0.55_normal1/instance_u40_a15_v5_seed1002_critical.txt,e8a782e2ad4a4c01bdc984a26d712cdececd24a2ac9231ebe4ce72949f638ff9,gurobi-mip,1,1,lex-cos,lex-overtime,2,0,729,2,2,0,729,2,0,0,0,0,fbf890b517ed96fe2ae987767a36e6554398d327dac819b9cc3837ab221b32da,instances/corrected_v2_reduced_suite/evaluation_critical/evaluation/critical/instance_u40_a15_v5_seed1002_critical.txt,u40_seed1002,0.55,0.5494505494505495,1.0,False,0,0,0,False
instances/research_depth_load_sweep/rho0.55_normal1/instance_u40_a15_v5_seed1002_critical.txt,e8a782e2ad4a4c01bdc984a26d712cdececd24a2ac9231ebe4ce72949f638ff9,gurobi-mip,1,1,lex-cos,weighted,2,0,729,2,9,0,754,9,42,78,24,34,fbf890b517ed96fe2ae987767a36e6554398d327dac819b9cc3837ab221b32da,instances/corrected_v2_reduced_suite/evaluation_critical/evaluation/critical/instance_u40_a15_v5_seed1002_critical.txt,u40_seed1002,0.55,0.5494505494505495,1.0,False,7,0,25,True
instances/research_depth_load_sweep/rho0.55_normal1/instance_u40_a15_v5_seed1002_critical.txt,e8a782e2ad4a4c01bdc984a26d712cdececd24a2ac9231ebe4ce72949f638ff9,gurobi-mip,1,1,lex-overtime,weighted,2,0,729,2,9,0,754,9,42,78,24,34,fbf890b517ed96fe2ae987767a36e6554398d327dac819b9cc3837ab221b32da,instances/corrected_v2_reduced_suite/evaluation_critical/evaluation/critical/instance_u40_a15_v5_seed1002_critical.txt,u40_seed1002,0.55,0.5494505494505495,1.0,False,7,0,25,True
instances/research_depth_load_sweep/rho0.98_normal1/instance_u30_a10_v4_seed1003_critical.txt,037fbf5b75ac703fc89d0410659e3dd3327793c6a5b0ee67ad1b5e017e50cf4c,gurobi-mip,1,1,lex-cos,lex-overtime,0,0,408,0,0,0,408,0,0,0,0,0,ecef75f227343cde9e2c9dfd880ff2779326fa051917a8a437023079d7d1ee16,instances/corrected_v2_reduced_suite/evaluation_critical/evaluation/critical/instance_u30_a10_v4_seed1003_critical.txt,u30_seed1003,0.98,0.975609756097561,1.0,False,0,0,0,False
instances/research_depth_load_sweep/rho0.98_normal1/instance_u30_a10_v4_seed1003_critical.txt,037fbf5b75ac703fc89d0410659e3dd3327793c6a5b0ee67ad1b5e017e50cf4c,gurobi-mip,1,1,lex-cos,weighted,0,0,408,0,5,0,416,5,26,56,16,2,ecef75f227343cde9e2c9dfd880ff2779326fa051917a8a437023079d7d1ee16,instances/corrected_v2_reduced_suite/evaluation_critical/evaluation/critical/instance_u30_a10_v4_seed1003_critical.txt,u30_seed1003,0.98,0.975609756097561,1.0,False,5,0,8,True
instances/research_depth_load_sweep/rho0.98_normal1/instance_u30_a10_v4_seed1003_critical.txt,037fbf5b75ac703fc89d0410659e3dd3327793c6a5b0ee67ad1b5e017e50cf4c,gurobi-mip,1,1,lex-overtime,weighted,0,0,408,0,5,0,416,5,26,56,16,2,ecef75f227343cde9e2c9dfd880ff2779326fa051917a8a437023079d7d1ee16,instances/corrected_v2_reduced_suite/evaluation_critical/evaluation/critical/instance_u30_a10_v4_seed1003_critical.txt,u30_seed1003,0.98,0.975609756097561,1.0,False,5,0,8,True
instances/research_depth_load_sweep/rho0.55_normal0.7/instance_u30_a10_v5_seed1001_critical.txt,e96fdf18a6936385537233acd960292c13fc8ae9013b56d7d82acf805e279c9e,gurobi-mip,1,1,lex-cos,lex-overtime,0,0,567,0,0,0,567,0,0,0,0,0,f0260653f1c0ec8a84896f38a9bfdbc795d01316d5a47411bbb0a60f7a6e9958,instances/corrected_v2_reduced_suite/evaluation_critical/evaluation/critical/instance_u30_a10_v5_seed1001_critical.txt,u30_seed1001,0.55,0.5494505494505495,0.7,False,0,0,0,False
instances/research_depth_load_sweep/rho0.55_normal0.7/instance_u30_a10_v5_seed1001_critical.txt,e96fdf18a6936385537233acd960292c13fc8ae9013b56d7d82acf805e279c9e,gurobi-mip,1,1,lex-cos,weighted,0,0,567,0,0,0,567,0,14,81,13,14,f0260653f1c0ec8a84896f38a9bfdbc795d01316d5a47411bbb0a60f7a6e9958,instances/corrected_v2_reduced_suite/evaluation_critical/evaluation/critical/instance_u30_a10_v5_seed1001_critical.txt,u30_seed1001,0.55,0.5494505494505495,0.7,False,0,0,0,False
instances/research_depth_load_sweep/rho0.55_normal0.7/instance_u30_a10_v5_seed1001_critical.txt,e96fdf18a6936385537233acd960292c13fc8ae9013b56d7d82acf805e279c9e,gurobi-mip,1,1,lex-overtime,weighted,0,0,567,0,0,0,567,0,14,81,13,14,f0260653f1c0ec8a84896f38a9bfdbc795d01316d5a47411bbb0a60f7a6e9958,instances/corrected_v2_reduced_suite/evaluation_critical/evaluation/critical/instance_u30_a10_v5_seed1001_critical.txt,u30_seed1001,0.55,0.5494505494505495,0.7,False,0,0,0,False
instances/research_depth_load_sweep/rho0.98_normal0.7/instance_u30_a25_v4_seed1002_critical.txt,b265d273334dc9a68d5f6d8f2205f6450263160c741e34800ba7f88753d39c68,gurobi-mip,1,1,lex-cos,lex-overtime,2,34,415,2,2,34,415,2,0,0,0,0,de23508d979db3048be208918f8d51242d991165e80c2414fca7a3ce4ee5b17d,instances/corrected_v2_reduced_suite/evaluation_critical/evaluation/critical/instance_u30_a25_v4_seed1002_critical.txt,u30_seed1002,0.98,0.975609756097561,0.7,False,0,0,0,False
instances/research_depth_load_sweep/rho0.98_normal0.7/instance_u30_a25_v4_seed1002_critical.txt,b265d273334dc9a68d5f6d8f2205f6450263160c741e34800ba7f88753d39c68,gurobi-mip,1,1,lex-cos,weighted,2,34,415,2,5,34,426,5,27,55,19,0,de23508d979db3048be208918f8d51242d991165e80c2414fca7a3ce4ee5b17d,instances/corrected_v2_reduced_suite/evaluation_critical/evaluation/critical/instance_u30_a25_v4_seed1002_critical.txt,u30_seed1002,0.98,0.975609756097561,0.7,False,3,0,11,True
instances/research_depth_load_sweep/rho0.98_normal0.7/instance_u30_a25_v4_seed1002_critical.txt,b265d273334dc9a68d5f6d8f2205f6450263160c741e34800ba7f88753d39c68,gurobi-mip,1,1,lex-overtime,weighted,2,34,415,2,5,34,426,5,27,55,19,0,de23508d979db3048be208918f8d51242d991165e80c2414fca7a3ce4ee5b17d,instances/corrected_v2_reduced_suite/evaluation_critical/evaluation/critical/instance_u30_a25_v4_seed1002_critical.txt,u30_seed1002,0.98,0.975609756097561,0.7,False,3,0,11,True
instances/research_depth_load_sweep/rho0.98_normal1/instance_u30_a20_v5_seed1001_critical.txt,04532a09cdb8c009f12b11236d1cdd6ee98a8495dcea4badc278705c59e37a84,gurobi-mip,1,1,lex-cos,lex-overtime,0,0,537,0,0,0,537,0,0,0,0,0,22ee92263371ecea73d08de26b04d5edec6fc04579a52160b302a4510f99ac1e,instances/corrected_v2_reduced_suite/evaluation_critical/evaluation/critical/instance_u30_a20_v5_seed1001_critical.txt,u30_seed1001,0.98,0.974025974025974,1.0,False,0,0,0,False
instances/research_depth_load_sweep/rho0.98_normal1/instance_u30_a20_v5_seed1001_critical.txt,04532a09cdb8c009f12b11236d1cdd6ee98a8495dcea4badc278705c59e37a84,gurobi-mip,1,1,lex-cos,weighted,0,0,537,0,0,0,537,0,26,50,16,0,22ee92263371ecea73d08de26b04d5edec6fc04579a52160b302a4510f99ac1e,instances/corrected_v2_reduced_suite/evaluation_critical/evaluation/critical/instance_u30_a20_v5_seed1001_critical.txt,u30_seed1001,0.98,0.974025974025974,1.0,False,0,0,0,False
instances/research_depth_load_sweep/rho0.98_normal1/instance_u30_a20_v5_seed1001_critical.txt,04532a09cdb8c009f12b11236d1cdd6ee98a8495dcea4badc278705c59e37a84,gurobi-mip,1,1,lex-overtime,weighted,0,0,537,0,0,0,537,0,26,50,16,0,22ee92263371ecea73d08de26b04d5edec6fc04579a52160b302a4510f99ac1e,instances/corrected_v2_reduced_suite/evaluation_critical/evaluation/critical/instance_u30_a20_v5_seed1001_critical.txt,u30_seed1001,0.98,0.974025974025974,1.0,False,0,0,0,False
instances/research_depth_load_sweep/rho0.98_normal0.85/instance_u40_a20_v5_seed1001_critical.txt,0469b94e90eb8757ff1bd72eb5e439059bf28010b70a7c49cd60800c312a17fb,gurobi-mip,1,1,lex-cos,lex-overtime,0,26,707,0,0,26,707,0,0,0,0,0,9b4ded7517693f18fc14c67224a40507d9d4088119616e90b89f0bbcadb2445d,instances/corrected_v2_reduced_suite/evaluation_critical/evaluation/critical/instance_u40_a20_v5_seed1001_critical.txt,u40_seed1001,0.98,0.975609756097561,0.85,False,0,0,0,False
instances/research_depth_load_sweep/rho0.98_normal0.85/instance_u40_a20_v5_seed1001_critical.txt,0469b94e90eb8757ff1bd72eb5e439059bf28010b70a7c49cd60800c312a17fb,gurobi-mip,1,1,lex-cos,weighted,0,26,707,0,4,27,719,4,47,92,31,4,9b4ded7517693f18fc14c67224a40507d9d4088119616e90b89f0bbcadb2445d,instances/corrected_v2_reduced_suite/evaluation_critical/evaluation/critical/instance_u40_a20_v5_seed1001_critical.txt,u40_seed1001,0.98,0.975609756097561,0.85,False,4,1,12,True
instances/research_depth_load_sweep/rho0.98_normal0.85/instance_u40_a20_v5_seed1001_critical.txt,0469b94e90eb8757ff1bd72eb5e439059bf28010b70a7c49cd60800c312a17fb,gurobi-mip,1,1,lex-overtime,weighted,0,26,707,0,4,27,719,4,47,92,31,4,9b4ded7517693f18fc14c67224a40507d9d4088119616e90b89f0bbcadb2445d,instances/corrected_v2_reduced_suite/evaluation_critical/evaluation/critical/instance_u40_a20_v5_seed1001_critical.txt,u40_seed1001,0.98,0.975609756097561,0.85,False,4,1,12,True
instances/research_depth_load_sweep/rho0.98_normal1/instance_u40_a20_v5_seed1002_critical.txt,98163ca14c2f8b05745446b3d893f388595595f86355a79c029d60e5b5558f8b,gurobi-mip,1,1,lex-cos,lex-overtime,4,0,674,4,4,0,674,4,0,0,0,0,aee0a6b7ec9777049ee75f53a345d8b1b5d4d3de33e8d3f6c9559f510624b169,instances/corrected_v2_reduced_suite/evaluation_critical/evaluation/critical/instance_u40_a20_v5_seed1002_critical.txt,u40_seed1002,0.98,0.975609756097561,1.0,False,0,0,0,False
instances/research_depth_load_sweep/rho0.98_normal1/instance_u40_a20_v5_seed1002_critical.txt,98163ca14c2f8b05745446b3d893f388595595f86355a79c029d60e5b5558f8b,gurobi-mip,1,1,lex-cos,weighted,4,0,674,4,19,0,717,19,69,114,44,0,aee0a6b7ec9777049ee75f53a345d8b1b5d4d3de33e8d3f6c9559f510624b169,instances/corrected_v2_reduced_suite/evaluation_critical/evaluation/critical/instance_u40_a20_v5_seed1002_critical.txt,u40_seed1002,0.98,0.975609756097561,1.0,False,15,0,43,True
instances/research_depth_load_sweep/rho0.98_normal1/instance_u40_a20_v5_seed1002_critical.txt,98163ca14c2f8b05745446b3d893f388595595f86355a79c029d60e5b5558f8b,gurobi-mip,1,1,lex-overtime,weighted,4,0,674,4,19,0,717,19,69,114,44,0,aee0a6b7ec9777049ee75f53a345d8b1b5d4d3de33e8d3f6c9559f510624b169,instances/corrected_v2_reduced_suite/evaluation_critical/evaluation/critical/instance_u40_a20_v5_seed1002_critical.txt,u40_seed1002,0.98,0.975609756097561,1.0,False,15,0,43,True
instances/research_depth_load_sweep/rho0.55_normal0.7/instance_u30_a20_v4_seed1002_critical.txt,600c392b27b0c2e83d0803a077147ad310830ec7eea3c3d803dce355f4caff57,gurobi-mip,1,1,lex-cos,lex-overtime,0,0,430,0,0,0,430,0,0,0,0,0,34bd64e4677b21f310faa4406545db874dca6ae220c9a65e8a35f01abe1b0955,instances/corrected_v2_reduced_suite/evaluation_critical/evaluation/critical/instance_u30_a20_v4_seed1002_critical.txt,u30_seed1002,0.55,0.547945205479452,0.7,False,0,0,0,False
instances/research_depth_load_sweep/rho0.55_normal0.7/instance_u30_a20_v4_seed1002_critical.txt,600c392b27b0c2e83d0803a077147ad310830ec7eea3c3d803dce355f4caff57,gurobi-mip,1,1,lex-cos,weighted,0,0,430,0,4,0,446,4,37,38,28,18,34bd64e4677b21f310faa4406545db874dca6ae220c9a65e8a35f01abe1b0955,instances/corrected_v2_reduced_suite/evaluation_critical/evaluation/critical/instance_u30_a20_v4_seed1002_critical.txt,u30_seed1002,0.55,0.547945205479452,0.7,False,4,0,16,True
instances/research_depth_load_sweep/rho0.55_normal0.7/instance_u30_a20_v4_seed1002_critical.txt,600c392b27b0c2e83d0803a077147ad310830ec7eea3c3d803dce355f4caff57,gurobi-mip,1,1,lex-overtime,weighted,0,0,430,0,4,0,446,4,37,38,28,18,34bd64e4677b21f310faa4406545db874dca6ae220c9a65e8a35f01abe1b0955,instances/corrected_v2_reduced_suite/evaluation_critical/evaluation/critical/instance_u30_a20_v4_seed1002_critical.txt,u30_seed1002,0.55,0.547945205479452,0.7,False,4,0,16,True
instances/research_depth_load_sweep/rho0.85_normal1/instance_u40_a25_v5_seed1003_critical.txt,efaaa136b810c2b5feae13f41995ff5e25a8b386641c9eef9a4d9cb3d5cb719d,gurobi-mip,1,1,lex-cos,lex-overtime,0,0,698,0,0,0,698,0,0,0,0,0,4e512df627d17612d29d4a3e5f36bd78eb17641a1923ef501751875f036a5ae9,instances/corrected_v2_reduced_suite/evaluation_critical/evaluation/critical/instance_u40_a25_v5_seed1003_critical.txt,u40_seed1003,0.85,0.847457627118644,1.0,False,0,0,0,False
instances/research_depth_load_sweep/rho0.85_normal1/instance_u40_a25_v5_seed1003_critical.txt,efaaa136b810c2b5feae13f41995ff5e25a8b386641c9eef9a4d9cb3d5cb719d,gurobi-mip,1,1,lex-cos,weighted,0,0,698,0,11,0,724,11,72,122,43,20,4e512df627d17612d29d4a3e5f36bd78eb17641a1923ef501751875f036a5ae9,instances/corrected_v2_reduced_suite/evaluation_critical/evaluation/critical/instance_u40_a25_v5_seed1003_critical.txt,u40_seed1003,0.85,0.847457627118644,1.0,False,11,0,26,True
instances/research_depth_load_sweep/rho0.85_normal1/instance_u40_a25_v5_seed1003_critical.txt,efaaa136b810c2b5feae13f41995ff5e25a8b386641c9eef9a4d9cb3d5cb719d,gurobi-mip,1,1,lex-overtime,weighted,0,0,698,0,11,0,724,11,72,122,43,20,4e512df627d17612d29d4a3e5f36bd78eb17641a1923ef501751875f036a5ae9,instances/corrected_v2_reduced_suite/evaluation_critical/evaluation/critical/instance_u40_a25_v5_seed1003_critical.txt,u40_seed1003,0.85,0.847457627118644,1.0,False,11,0,26,True
instances/research_depth_load_sweep/rho0.85_normal1/instance_u40_a20_v5_seed1003_critical.txt,58c8d9641dd97d3238c0186a0fbab7fcc85e4602ab5f9fe0ac1f8a747e5fe120,gurobi-mip,1,1,lex-cos,lex-overtime,0,0,690,0,0,0,690,0,0,0,0,0,d83d36c93f2b20d42d2082b908832af7a5bf6831774fa8060410156fd9f71c3d,instances/corrected_v2_reduced_suite/evaluation_critical/evaluation/critical/instance_u40_a20_v5_seed1003_critical.txt,u40_seed1003,0.85,0.847457627118644,1.0,False,0,0,0,False
instances/research_depth_load_sweep/rho0.85_normal1/instance_u40_a20_v5_seed1003_critical.txt,58c8d9641dd97d3238c0186a0fbab7fcc85e4602ab5f9fe0ac1f8a747e5fe120,gurobi-mip,1,1,lex-cos,weighted,0,0,690,0,11,0,721,11,70,119,37,14,d83d36c93f2b20d42d2082b908832af7a5bf6831774fa8060410156fd9f71c3d,instances/corrected_v2_reduced_suite/evaluation_critical/evaluation/critical/instance_u40_a20_v5_seed1003_critical.txt,u40_seed1003,0.85,0.847457627118644,1.0,False,11,0,31,True
instances/research_depth_load_sweep/rho0.85_normal1/instance_u40_a20_v5_seed1003_critical.txt,58c8d9641dd97d3238c0186a0fbab7fcc85e4602ab5f9fe0ac1f8a747e5fe120,gurobi-mip,1,1,lex-overtime,weighted,0,0,690,0,11,0,721,11,70,119,37,14,d83d36c93f2b20d42d2082b908832af7a5bf6831774fa8060410156fd9f71c3d,instances/corrected_v2_reduced_suite/evaluation_critical/evaluation/critical/instance_u40_a20_v5_seed1003_critical.txt,u40_seed1003,0.85,0.847457627118644,1.0,False,11,0,31,True
instances/research_depth_load_sweep/rho0.85_normal0.7/instance_u40_a10_v4_seed1002_critical.txt,cb80d3a5fd2c2e72deaf4f7ef121e959e67762654db9156e1631b22f971d17b6,gurobi-mip,1,1,lex-cos,lex-overtime,3,28,548,3,3,28,548,3,0,0,0,0,93e26e12184989f851e4f91e33046006e375b0bdc1069591b75e6f5d66e9d66b,instances/corrected_v2_reduced_suite/evaluation_critical/evaluation/critical/instance_u40_a10_v4_seed1002_critical.txt,u40_seed1002,0.85,0.8465608465608465,0.7,False,0,0,0,False
instances/research_depth_load_sweep/rho0.85_normal0.7/instance_u40_a10_v4_seed1002_critical.txt,cb80d3a5fd2c2e72deaf4f7ef121e959e67762654db9156e1631b22f971d17b6,gurobi-mip,1,1,lex-cos,weighted,3,28,548,3,11,33,582,11,32,82,24,12,93e26e12184989f851e4f91e33046006e375b0bdc1069591b75e6f5d66e9d66b,instances/corrected_v2_reduced_suite/evaluation_critical/evaluation/critical/instance_u40_a10_v4_seed1002_critical.txt,u40_seed1002,0.85,0.8465608465608465,0.7,False,8,5,34,True
instances/research_depth_load_sweep/rho0.85_normal0.7/instance_u40_a10_v4_seed1002_critical.txt,cb80d3a5fd2c2e72deaf4f7ef121e959e67762654db9156e1631b22f971d17b6,gurobi-mip,1,1,lex-overtime,weighted,3,28,548,3,11,33,582,11,32,82,24,12,93e26e12184989f851e4f91e33046006e375b0bdc1069591b75e6f5d66e9d66b,instances/corrected_v2_reduced_suite/evaluation_critical/evaluation/critical/instance_u40_a10_v4_seed1002_critical.txt,u40_seed1002,0.85,0.8465608465608465,0.7,False,8,5,34,True
instances/research_depth_load_sweep/rho0.85_normal1/instance_u30_a15_v5_seed1003_critical.txt,3f0dc53033904782a078cf1d46ff14bc8021437f814c4f29ec4ebb968b37b466,gurobi-mip,1,1,lex-cos,lex-overtime,0,0,508,0,0,0,508,0,0,0,0,0,64a7b2c2ff975f7b043d37a3b7cd606305b2dcbf5aed735f467f0ff6c51b422e,instances/corrected_v2_reduced_suite/evaluation_critical/evaluation/critical/instance_u30_a15_v5_seed1003_critical.txt,u30_seed1003,0.85,0.847457627118644,1.0,False,0,0,0,False
instances/research_depth_load_sweep/rho0.85_normal1/instance_u30_a15_v5_seed1003_critical.txt,3f0dc53033904782a078cf1d46ff14bc8021437f814c4f29ec4ebb968b37b466,gurobi-mip,1,1,lex-cos,weighted,0,0,508,0,6,0,523,6,41,66,25,14,64a7b2c2ff975f7b043d37a3b7cd606305b2dcbf5aed735f467f0ff6c51b422e,instances/corrected_v2_reduced_suite/evaluation_critical/evaluation/critical/instance_u30_a15_v5_seed1003_critical.txt,u30_seed1003,0.85,0.847457627118644,1.0,False,6,0,15,True
instances/research_depth_load_sweep/rho0.85_normal1/instance_u30_a15_v5_seed1003_critical.txt,3f0dc53033904782a078cf1d46ff14bc8021437f814c4f29ec4ebb968b37b466,gurobi-mip,1,1,lex-overtime,weighted,0,0,508,0,6,0,523,6,41,66,25,14,64a7b2c2ff975f7b043d37a3b7cd606305b2dcbf5aed735f467f0ff6c51b422e,instances/corrected_v2_reduced_suite/evaluation_critical/evaluation/critical/instance_u30_a15_v5_seed1003_critical.txt,u30_seed1003,0.85,0.847457627118644,1.0,False,6,0,15,True
instances/research_depth_load_sweep/rho0.98_normal0.85/instance_u40_a15_v5_seed1003_critical.txt,25aa6bcca89643b53a54d3e25dc8945264913bb61b247b4d50a8f273cd55e85a,gurobi-mip,1,1,lex-cos,lex-overtime,1,26,654,1,1,26,654,1,0,0,0,0,08c9dd197d381bb1f7911fb0a8737b245d2c574183b871f4ce8688d8a15bcd12,instances/corrected_v2_reduced_suite/evaluation_critical/evaluation/critical/instance_u40_a15_v5_seed1003_critical.txt,u40_seed1003,0.98,0.975609756097561,0.85,False,0,0,0,False
instances/research_depth_load_sweep/rho0.98_normal0.85/instance_u40_a15_v5_seed1003_critical.txt,25aa6bcca89643b53a54d3e25dc8945264913bb61b247b4d50a8f273cd55e85a,gurobi-mip,1,1,lex-cos,weighted,1,26,654,1,15,26,694,15,67,113,40,4,08c9dd197d381bb1f7911fb0a8737b245d2c574183b871f4ce8688d8a15bcd12,instances/corrected_v2_reduced_suite/evaluation_critical/evaluation/critical/instance_u40_a15_v5_seed1003_critical.txt,u40_seed1003,0.98,0.975609756097561,0.85,False,14,0,40,True
instances/research_depth_load_sweep/rho0.98_normal0.85/instance_u40_a15_v5_seed1003_critical.txt,25aa6bcca89643b53a54d3e25dc8945264913bb61b247b4d50a8f273cd55e85a,gurobi-mip,1,1,lex-overtime,weighted,1,26,654,1,15,26,694,15,67,113,40,4,08c9dd197d381bb1f7911fb0a8737b245d2c574183b871f4ce8688d8a15bcd12,instances/corrected_v2_reduced_suite/evaluation_critical/evaluation/critical/instance_u40_a15_v5_seed1003_critical.txt,u40_seed1003,0.98,0.975609756097561,0.85,False,14,0,40,True
instances/research_depth_load_sweep/rho0.85_normal0.85/instance_u30_a25_v4_seed1001_critical.txt,7a04660fc90733bd70c078b57f1458a7d6d3407d9182f01d456779938bbe7cac,gurobi-mip,1,1,lex-cos,lex-overtime,0,0,419,0,0,0,419,0,0,0,0,0,7a04660fc90733bd70c078b57f1458a7d6d3407d9182f01d456779938bbe7cac,instances/corrected_v2_reduced_suite/evaluation_critical/evaluation/critical/instance_u30_a25_v4_seed1001_critical.txt,u30_seed1001,0.85,0.8450704225352113,0.85,True,0,0,0,False
instances/research_depth_load_sweep/rho0.85_normal0.85/instance_u30_a25_v4_seed1001_critical.txt,7a04660fc90733bd70c078b57f1458a7d6d3407d9182f01d456779938bbe7cac,gurobi-mip,1,1,lex-cos,weighted,0,0,419,0,2,11,450,2,37,60,27,22,7a04660fc90733bd70c078b57f1458a7d6d3407d9182f01d456779938bbe7cac,instances/corrected_v2_reduced_suite/evaluation_critical/evaluation/critical/instance_u30_a25_v4_seed1001_critical.txt,u30_seed1001,0.85,0.8450704225352113,0.85,True,2,11,31,True
instances/research_depth_load_sweep/rho0.85_normal0.85/instance_u30_a25_v4_seed1001_critical.txt,7a04660fc90733bd70c078b57f1458a7d6d3407d9182f01d456779938bbe7cac,gurobi-mip,1,1,lex-overtime,weighted,0,0,419,0,2,11,450,2,37,60,27,22,7a04660fc90733bd70c078b57f1458a7d6d3407d9182f01d456779938bbe7cac,instances/corrected_v2_reduced_suite/evaluation_critical/evaluation/critical/instance_u30_a25_v4_seed1001_critical.txt,u30_seed1001,0.85,0.8450704225352113,0.85,True,2,11,31,True
instances/research_depth_load_sweep/rho0.55_normal1/instance_u30_a20_v4_seed1001_critical.txt,6dce13df405e2b62a889bd6ffe60db29b9f92fc580afcea1e657de99b88362a4,gurobi-mip,1,1,lex-cos,lex-overtime,0,0,472,0,0,0,472,0,0,0,0,0,d4d3d128eb54871902a41a24c690d5559af2a39138098ef2902d8f1e4d8089a8,instances/corrected_v2_reduced_suite/evaluation_critical/evaluation/critical/instance_u30_a20_v4_seed1001_critical.txt,u30_seed1001,0.55,0.547945205479452,1.0,False,0,0,0,False
instances/research_depth_load_sweep/rho0.55_normal1/instance_u30_a20_v4_seed1001_critical.txt,6dce13df405e2b62a889bd6ffe60db29b9f92fc580afcea1e657de99b88362a4,gurobi-mip,1,1,lex-cos,weighted,0,0,472,0,0,0,472,0,28,43,19,14,d4d3d128eb54871902a41a24c690d5559af2a39138098ef2902d8f1e4d8089a8,instances/corrected_v2_reduced_suite/evaluation_critical/evaluation/critical/instance_u30_a20_v4_seed1001_critical.txt,u30_seed1001,0.55,0.547945205479452,1.0,False,0,0,0,False
instances/research_depth_load_sweep/rho0.55_normal1/instance_u30_a20_v4_seed1001_critical.txt,6dce13df405e2b62a889bd6ffe60db29b9f92fc580afcea1e657de99b88362a4,gurobi-mip,1,1,lex-overtime,weighted,0,0,472,0,0,0,472,0,28,43,19,14,d4d3d128eb54871902a41a24c690d5559af2a39138098ef2902d8f1e4d8089a8,instances/corrected_v2_reduced_suite/evaluation_critical/evaluation/critical/instance_u30_a20_v4_seed1001_critical.txt,u30_seed1001,0.55,0.547945205479452,1.0,False,0,0,0,False
instances/research_depth_load_sweep/rho0.98_normal0.85/instance_u40_a10_v5_seed1003_critical.txt,4972d58689dcd884bcebd86a5acbe67069bf6455d8489f72fd72a435e87f02ef,gurobi-mip,1,1,lex-cos,lex-overtime,1,26,651,1,1,26,651,1,0,0,0,0,017118e5960c7e18a239e77b1f198b44915ed895aea6f231bb872df91f90f0f2,instances/corrected_v2_reduced_suite/evaluation_critical/evaluation/critical/instance_u40_a10_v5_seed1003_critical.txt,u40_seed1003,0.98,0.975609756097561,0.85,False,0,0,0,False
instances/research_depth_load_sweep/rho0.98_normal0.85/instance_u40_a10_v5_seed1003_critical.txt,4972d58689dcd884bcebd86a5acbe67069bf6455d8489f72fd72a435e87f02ef,gurobi-mip,1,1,lex-cos,weighted,1,26,651,1,13,26,690,13,55,95,33,2,017118e5960c7e18a239e77b1f198b44915ed895aea6f231bb872df91f90f0f2,instances/corrected_v2_reduced_suite/evaluation_critical/evaluation/critical/instance_u40_a10_v5_seed1003_critical.txt,u40_seed1003,0.98,0.975609756097561,0.85,False,12,0,39,True
instances/research_depth_load_sweep/rho0.98_normal0.85/instance_u40_a10_v5_seed1003_critical.txt,4972d58689dcd884bcebd86a5acbe67069bf6455d8489f72fd72a435e87f02ef,gurobi-mip,1,1,lex-overtime,weighted,1,26,651,1,13,26,690,13,55,95,33,2,017118e5960c7e18a239e77b1f198b44915ed895aea6f231bb872df91f90f0f2,instances/corrected_v2_reduced_suite/evaluation_critical/evaluation/critical/instance_u40_a10_v5_seed1003_critical.txt,u40_seed1003,0.98,0.975609756097561,0.85,False,12,0,39,True
instances/research_depth_load_sweep/rho0.98_normal1/instance_u40_a20_v4_seed1001_critical.txt,4de115deacc3cdf96f6157fe90177fdd49b983fc4327bad7b3f92476f9531fa8,gurobi-mip,1,1,lex-cos,lex-overtime,0,0,572,0,0,0,572,0,0,0,0,0,f05bb4ba1ebe8ecf0e95e0508ba8cba7463abb6f7c5a573eafb693c49e861cc0,instances/corrected_v2_reduced_suite/evaluation_critical/evaluation/critical/instance_u40_a20_v4_seed1001_critical.txt,u40_seed1001,0.98,0.975609756097561,1.0,False,0,0,0,False
instances/research_depth_load_sweep/rho0.98_normal1/instance_u40_a20_v4_seed1001_critical.txt,4de115deacc3cdf96f6157fe90177fdd49b983fc4327bad7b3f92476f9531fa8,gurobi-mip,1,1,lex-cos,weighted,0,0,572,0,2,0,580,2,21,68,18,2,f05bb4ba1ebe8ecf0e95e0508ba8cba7463abb6f7c5a573eafb693c49e861cc0,instances/corrected_v2_reduced_suite/evaluation_critical/evaluation/critical/instance_u40_a20_v4_seed1001_critical.txt,u40_seed1001,0.98,0.975609756097561,1.0,False,2,0,8,True
instances/research_depth_load_sweep/rho0.98_normal1/instance_u40_a20_v4_seed1001_critical.txt,4de115deacc3cdf96f6157fe90177fdd49b983fc4327bad7b3f92476f9531fa8,gurobi-mip,1,1,lex-overtime,weighted,0,0,572,0,2,0,580,2,21,68,18,2,f05bb4ba1ebe8ecf0e95e0508ba8cba7463abb6f7c5a573eafb693c49e861cc0,instances/corrected_v2_reduced_suite/evaluation_critical/evaluation/critical/instance_u40_a20_v4_seed1001_critical.txt,u40_seed1001,0.98,0.975609756097561,1.0,False,2,0,8,True
instances/research_depth_load_sweep/rho0.98_normal0.85/instance_u30_a15_v5_seed1001_critical.txt,a9389e3f96926f6142a85073f5d0a6744bcdf2288110f6837699bf90664338a5,gurobi-mip,1,1,lex-cos,lex-overtime,0,19,536,0,0,19,536,0,0,0,0,0,d905fad91222982a08a22ae863c33e30bfbfd97c54ac14ec4029959a98d9ffe3,instances/corrected_v2_reduced_suite/evaluation_critical/evaluation/critical/instance_u30_a15_v5_seed1001_critical.txt,u30_seed1001,0.98,0.974025974025974,0.85,False,0,0,0,False
instances/research_depth_load_sweep/rho0.98_normal0.85/instance_u30_a15_v5_seed1001_critical.txt,a9389e3f96926f6142a85073f5d0a6744bcdf2288110f6837699bf90664338a5,gurobi-mip,1,1,lex-cos,weighted,0,19,536,0,1,19,537,1,18,78,9,0,d905fad91222982a08a22ae863c33e30bfbfd97c54ac14ec4029959a98d9ffe3,instances/corrected_v2_reduced_suite/evaluation_critical/evaluation/critical/instance_u30_a15_v5_seed1001_critical.txt,u30_seed1001,0.98,0.974025974025974,0.85,False,1,0,1,True
instances/research_depth_load_sweep/rho0.98_normal0.85/instance_u30_a15_v5_seed1001_critical.txt,a9389e3f96926f6142a85073f5d0a6744bcdf2288110f6837699bf90664338a5,gurobi-mip,1,1,lex-overtime,weighted,0,19,536,0,1,19,537,1,18,78,9,0,d905fad91222982a08a22ae863c33e30bfbfd97c54ac14ec4029959a98d9ffe3,instances/corrected_v2_reduced_suite/evaluation_critical/evaluation/critical/instance_u30_a15_v5_seed1001_critical.txt,u30_seed1001,0.98,0.974025974025974,0.85,False,1,0,1,True
instances/research_depth_load_sweep/rho0.55_normal0.7/instance_u40_a20_v4_seed1001_critical.txt,17363f811b2e3c36c7baec142ebfc4ecbbb10c566df4b1a3afd1a4a4a5ae876a,gurobi-mip,1,1,lex-cos,lex-overtime,0,0,620,0,0,0,620,0,0,0,0,0,f05bb4ba1ebe8ecf0e95e0508ba8cba7463abb6f7c5a573eafb693c49e861cc0,instances/corrected_v2_reduced_suite/evaluation_critical/evaluation/critical/instance_u40_a20_v4_seed1001_critical.txt,u40_seed1001,0.55,0.5498281786941581,0.7,False,0,0,0,False
instances/research_depth_load_sweep/rho0.55_normal0.7/instance_u40_a20_v4_seed1001_critical.txt,17363f811b2e3c36c7baec142ebfc4ecbbb10c566df4b1a3afd1a4a4a5ae876a,gurobi-mip,1,1,lex-cos,weighted,0,0,620,0,3,1,628,3,50,88,33,20,f05bb4ba1ebe8ecf0e95e0508ba8cba7463abb6f7c5a573eafb693c49e861cc0,instances/corrected_v2_reduced_suite/evaluation_critical/evaluation/critical/instance_u40_a20_v4_seed1001_critical.txt,u40_seed1001,0.55,0.5498281786941581,0.7,False,3,1,8,True
instances/research_depth_load_sweep/rho0.55_normal0.7/instance_u40_a20_v4_seed1001_critical.txt,17363f811b2e3c36c7baec142ebfc4ecbbb10c566df4b1a3afd1a4a4a5ae876a,gurobi-mip,1,1,lex-overtime,weighted,0,0,620,0,3,1,628,3,50,88,33,20,f05bb4ba1ebe8ecf0e95e0508ba8cba7463abb6f7c5a573eafb693c49e861cc0,instances/corrected_v2_reduced_suite/evaluation_critical/evaluation/critical/instance_u40_a20_v4_seed1001_critical.txt,u40_seed1001,0.55,0.5498281786941581,0.7,False,3,1,8,True
instances/research_depth_load_sweep/rho0.55_normal1/instance_u40_a20_v4_seed1002_critical.txt,34fb0983bf7d237048de219f01cd2e799b3424f132010a6d7746fd2726fd52f3,gurobi-mip,1,1,lex-cos,lex-overtime,0,0,593,0,0,0,593,0,0,0,0,0,8fe397ee776a8cfb744bb77da0e91099c029a4cc2c05d5c45c831bea9ff5aa62,instances/corrected_v2_reduced_suite/evaluation_critical/evaluation/critical/instance_u40_a20_v4_seed1002_critical.txt,u40_seed1002,0.55,0.5498281786941581,1.0,False,0,0,0,False
instances/research_depth_load_sweep/rho0.55_normal1/instance_u40_a20_v4_seed1002_critical.txt,34fb0983bf7d237048de219f01cd2e799b3424f132010a6d7746fd2726fd52f3,gurobi-mip,1,1,lex-cos,weighted,0,0,593,0,6,0,608,6,44,76,30,36,8fe397ee776a8cfb744bb77da0e91099c029a4cc2c05d5c45c831bea9ff5aa62,instances/corrected_v2_reduced_suite/evaluation_critical/evaluation/critical/instance_u40_a20_v4_seed1002_critical.txt,u40_seed1002,0.55,0.5498281786941581,1.0,False,6,0,15,True
instances/research_depth_load_sweep/rho0.55_normal1/instance_u40_a20_v4_seed1002_critical.txt,34fb0983bf7d237048de219f01cd2e799b3424f132010a6d7746fd2726fd52f3,gurobi-mip,1,1,lex-overtime,weighted,0,0,593,0,6,0,608,6,44,76,30,36,8fe397ee776a8cfb744bb77da0e91099c029a4cc2c05d5c45c831bea9ff5aa62,instances/corrected_v2_reduced_suite/evaluation_critical/evaluation/critical/instance_u40_a20_v4_seed1002_critical.txt,u40_seed1002,0.55,0.5498281786941581,1.0,False,6,0,15,True
instances/research_depth_load_sweep/rho0.98_normal0.7/instance_u40_a15_v4_seed1002_critical.txt,c18d7f8ab3d3fc7f7cc6b876cc26e57164d4ca142548e25dd19cd5c5e7743c03,gurobi-mip,1,1,lex-cos,lex-overtime,3,45,520,3,3,45,520,3,0,0,0,0,23421d631ba25e8a6e9fc662d65c83fe6fccb717088483d568dab2b286aa89db,instances/corrected_v2_reduced_suite/evaluation_critical/evaluation/critical/instance_u40_a15_v4_seed1002_critical.txt,u40_seed1002,0.98,0.975609756097561,0.7,False,0,0,0,False
instances/research_depth_load_sweep/rho0.98_normal0.7/instance_u40_a15_v4_seed1002_critical.txt,c18d7f8ab3d3fc7f7cc6b876cc26e57164d4ca142548e25dd19cd5c5e7743c03,gurobi-mip,1,1,lex-cos,weighted,3,45,520,3,15,45,562,15,58,73,43,0,23421d631ba25e8a6e9fc662d65c83fe6fccb717088483d568dab2b286aa89db,instances/corrected_v2_reduced_suite/evaluation_critical/evaluation/critical/instance_u40_a15_v4_seed1002_critical.txt,u40_seed1002,0.98,0.975609756097561,0.7,False,12,0,42,True
instances/research_depth_load_sweep/rho0.98_normal0.7/instance_u40_a15_v4_seed1002_critical.txt,c18d7f8ab3d3fc7f7cc6b876cc26e57164d4ca142548e25dd19cd5c5e7743c03,gurobi-mip,1,1,lex-overtime,weighted,3,45,520,3,15,45,562,15,58,73,43,0,23421d631ba25e8a6e9fc662d65c83fe6fccb717088483d568dab2b286aa89db,instances/corrected_v2_reduced_suite/evaluation_critical/evaluation/critical/instance_u40_a15_v4_seed1002_critical.txt,u40_seed1002,0.98,0.975609756097561,0.7,False,12,0,42,True
instances/research_depth_load_sweep/rho0.98_normal0.7/instance_u30_a15_v4_seed1003_critical.txt,5179c4de2616a74d4697a4b249aacc986e117daaf530372f0ec00fa1aa87e66f,gurobi-mip,1,1,lex-cos,lex-overtime,0,34,409,0,0,34,409,0,0,0,0,0,1a2fbafb2974a05729c7a458b27e009b17a67dbbf649967446361307f7e124a3,instances/corrected_v2_reduced_suite/evaluation_critical/evaluation/critical/instance_u30_a15_v4_seed1003_critical.txt,u30_seed1003,0.98,0.975609756097561,0.7,False,0,0,0,False
instances/research_depth_load_sweep/rho0.98_normal0.7/instance_u30_a15_v4_seed1003_critical.txt,5179c4de2616a74d4697a4b249aacc986e117daaf530372f0ec00fa1aa87e66f,gurobi-mip,1,1,lex-cos,weighted,0,34,409,0,6,34,418,6,26,62,16,2,1a2fbafb2974a05729c7a458b27e009b17a67dbbf649967446361307f7e124a3,instances/corrected_v2_reduced_suite/evaluation_critical/evaluation/critical/instance_u30_a15_v4_seed1003_critical.txt,u30_seed1003,0.98,0.975609756097561,0.7,False,6,0,9,True
instances/research_depth_load_sweep/rho0.98_normal0.7/instance_u30_a15_v4_seed1003_critical.txt,5179c4de2616a74d4697a4b249aacc986e117daaf530372f0ec00fa1aa87e66f,gurobi-mip,1,1,lex-overtime,weighted,0,34,409,0,6,34,418,6,26,62,16,2,1a2fbafb2974a05729c7a458b27e009b17a67dbbf649967446361307f7e124a3,instances/corrected_v2_reduced_suite/evaluation_critical/evaluation/critical/instance_u30_a15_v4_seed1003_critical.txt,u30_seed1003,0.98,0.975609756097561,0.7,False,6,0,9,True
instances/research_depth_load_sweep/rho0.55_normal0.85/instance_u30_a10_v4_seed1001_critical.txt,34f6e992e3cfe475282887b9f52ab1311e0c0f365437a94fd04e1997c669c604,gurobi-mip,1,1,lex-cos,lex-overtime,0,0,453,0,0,0,453,0,0,0,0,0,0a4cc1c9eac79eca9e0861f05de893ae18e2c331afdb25b03c6efb933da1d71a,instances/corrected_v2_reduced_suite/evaluation_critical/evaluation/critical/instance_u30_a10_v4_seed1001_critical.txt,u30_seed1001,0.55,0.547945205479452,0.85,False,0,0,0,False
instances/research_depth_load_sweep/rho0.55_normal0.85/instance_u30_a10_v4_seed1001_critical.txt,34f6e992e3cfe475282887b9f52ab1311e0c0f365437a94fd04e1997c669c604,gurobi-mip,1,1,lex-cos,weighted,0,0,453,0,0,0,453,0,21,50,11,20,0a4cc1c9eac79eca9e0861f05de893ae18e2c331afdb25b03c6efb933da1d71a,instances/corrected_v2_reduced_suite/evaluation_critical/evaluation/critical/instance_u30_a10_v4_seed1001_critical.txt,u30_seed1001,0.55,0.547945205479452,0.85,False,0,0,0,False
instances/research_depth_load_sweep/rho0.55_normal0.85/instance_u30_a10_v4_seed1001_critical.txt,34f6e992e3cfe475282887b9f52ab1311e0c0f365437a94fd04e1997c669c604,gurobi-mip,1,1,lex-overtime,weighted,0,0,453,0,0,0,453,0,21,50,11,20,0a4cc1c9eac79eca9e0861f05de893ae18e2c331afdb25b03c6efb933da1d71a,instances/corrected_v2_reduced_suite/evaluation_critical/evaluation/critical/instance_u30_a10_v4_seed1001_critical.txt,u30_seed1001,0.55,0.547945205479452,0.85,False,0,0,0,False
instances/research_depth_load_sweep/rho0.98_normal0.85/instance_u30_a25_v5_seed1001_critical.txt,d7abb784f07fa15c1d0479ad6b0c9f4b7366faec08441237879203939aa9bed8,gurobi-mip,1,1,lex-cos,lex-overtime,0,19,537,0,0,19,537,0,0,0,0,0,51df0f9f4a354e14ce203c3399ff72e9f90e0370b7b497467427e1d198dd119e,instances/corrected_v2_reduced_suite/evaluation_critical/evaluation/critical/instance_u30_a25_v5_seed1001_critical.txt,u30_seed1001,0.98,0.974025974025974,0.85,False,0,0,0,False
instances/research_depth_load_sweep/rho0.98_normal0.85/instance_u30_a25_v5_seed1001_critical.txt,d7abb784f07fa15c1d0479ad6b0c9f4b7366faec08441237879203939aa9bed8,gurobi-mip,1,1,lex-cos,weighted,0,19,537,0,1,19,538,1,30,68,15,2,51df0f9f4a354e14ce203c3399ff72e9f90e0370b7b497467427e1d198dd119e,instances/corrected_v2_reduced_suite/evaluation_critical/evaluation/critical/instance_u30_a25_v5_seed1001_critical.txt,u30_seed1001,0.98,0.974025974025974,0.85,False,1,0,1,True
instances/research_depth_load_sweep/rho0.98_normal0.85/instance_u30_a25_v5_seed1001_critical.txt,d7abb784f07fa15c1d0479ad6b0c9f4b7366faec08441237879203939aa9bed8,gurobi-mip,1,1,lex-overtime,weighted,0,19,537,0,1,19,538,1,30,68,15,2,51df0f9f4a354e14ce203c3399ff72e9f90e0370b7b497467427e1d198dd119e,instances/corrected_v2_reduced_suite/evaluation_critical/evaluation/critical/instance_u30_a25_v5_seed1001_critical.txt,u30_seed1001,0.98,0.974025974025974,0.85,False,1,0,1,True
instances/research_depth_load_sweep/rho0.85_normal0.7/instance_u40_a10_v5_seed1003_critical.txt,b85e362847ed4cb5689ac3ec5ec7a34ba938c84ed832f0eb8319a22ed83c3f02,gurobi-mip,1,1,lex-cos,lex-overtime,1,35,663,1,1,35,663,1,0,0,0,0,017118e5960c7e18a239e77b1f198b44915ed895aea6f231bb872df91f90f0f2,instances/corrected_v2_reduced_suite/evaluation_critical/evaluation/critical/instance_u40_a10_v5_seed1003_critical.txt,u40_seed1003,0.85,0.847457627118644,0.7,False,0,0,0,False
instances/research_depth_load_sweep/rho0.85_normal0.7/instance_u40_a10_v5_seed1003_critical.txt,b85e362847ed4cb5689ac3ec5ec7a34ba938c84ed832f0eb8319a22ed83c3f02,gurobi-mip,1,1,lex-cos,weighted,1,35,663,1,11,39,697,11,61,99,35,16,017118e5960c7e18a239e77b1f198b44915ed895aea6f231bb872df91f90f0f2,instances/corrected_v2_reduced_suite/evaluation_critical/evaluation/critical/instance_u40_a10_v5_seed1003_critical.txt,u40_seed1003,0.85,0.847457627118644,0.7,False,10,4,34,True
instances/research_depth_load_sweep/rho0.85_normal0.7/instance_u40_a10_v5_seed1003_critical.txt,b85e362847ed4cb5689ac3ec5ec7a34ba938c84ed832f0eb8319a22ed83c3f02,gurobi-mip,1,1,lex-overtime,weighted,1,35,663,1,11,39,697,11,61,99,35,16,017118e5960c7e18a239e77b1f198b44915ed895aea6f231bb872df91f90f0f2,instances/corrected_v2_reduced_suite/evaluation_critical/evaluation/critical/instance_u40_a10_v5_seed1003_critical.txt,u40_seed1003,0.85,0.847457627118644,0.7,False,10,4,34,True
instances/research_depth_load_sweep/rho0.55_normal0.85/instance_u30_a10_v4_seed1003_critical.txt,e831038aba311320f13a8e375a863e3c2cd11e7a4715f5521bb60d294d543c7d,gurobi-mip,1,1,lex-cos,lex-overtime,0,0,412,0,0,0,412,0,0,0,0,0,ecef75f227343cde9e2c9dfd880ff2779326fa051917a8a437023079d7d1ee16,instances/corrected_v2_reduced_suite/evaluation_critical/evaluation/critical/instance_u30_a10_v4_seed1003_critical.txt,u30_seed1003,0.55,0.547945205479452,0.85,False,0,0,0,False
instances/research_depth_load_sweep/rho0.55_normal0.85/instance_u30_a10_v4_seed1003_critical.txt,e831038aba311320f13a8e375a863e3c2cd11e7a4715f5521bb60d294d543c7d,gurobi-mip,1,1,lex-cos,weighted,0,0,412,0,2,0,415,2,24,43,16,22,ecef75f227343cde9e2c9dfd880ff2779326fa051917a8a437023079d7d1ee16,instances/corrected_v2_reduced_suite/evaluation_critical/evaluation/critical/instance_u30_a10_v4_seed1003_critical.txt,u30_seed1003,0.55,0.547945205479452,0.85,False,2,0,3,True
instances/research_depth_load_sweep/rho0.55_normal0.85/instance_u30_a10_v4_seed1003_critical.txt,e831038aba311320f13a8e375a863e3c2cd11e7a4715f5521bb60d294d543c7d,gurobi-mip,1,1,lex-overtime,weighted,0,0,412,0,2,0,415,2,24,43,16,22,ecef75f227343cde9e2c9dfd880ff2779326fa051917a8a437023079d7d1ee16,instances/corrected_v2_reduced_suite/evaluation_critical/evaluation/critical/instance_u30_a10_v4_seed1003_critical.txt,u30_seed1003,0.55,0.547945205479452,0.85,False,2,0,3,True
instances/research_depth_load_sweep/rho0.55_normal0.85/instance_u30_a25_v5_seed1003_critical.txt,84aa77e8c996e6d41e5379eead8ebd9e5ab15ace37901c85389e23af1e1af7ea,gurobi-mip,1,1,lex-cos,lex-overtime,0,0,536,0,0,0,536,0,0,0,0,0,e90c35e7cece54d3787eeeb644bcf0edacb9c7c339799fb4aaa218f9d27dc487,instances/corrected_v2_reduced_suite/evaluation_critical/evaluation/critical/instance_u30_a25_v5_seed1003_critical.txt,u30_seed1003,0.55,0.5494505494505495,0.85,False,0,0,0,False
instances/research_depth_load_sweep/rho0.55_normal0.85/instance_u30_a25_v5_seed1003_critical.txt,84aa77e8c996e6d41e5379eead8ebd9e5ab15ace37901c85389e23af1e1af7ea,gurobi-mip,1,1,lex-cos,weighted,0,0,536,0,3,1,547,3,69,81,40,44,e90c35e7cece54d3787eeeb644bcf0edacb9c7c339799fb4aaa218f9d27dc487,instances/corrected_v2_reduced_suite/evaluation_critical/evaluation/critical/instance_u30_a25_v5_seed1003_critical.txt,u30_seed1003,0.55,0.5494505494505495,0.85,False,3,1,11,True
instances/research_depth_load_sweep/rho0.55_normal0.85/instance_u30_a25_v5_seed1003_critical.txt,84aa77e8c996e6d41e5379eead8ebd9e5ab15ace37901c85389e23af1e1af7ea,gurobi-mip,1,1,lex-overtime,weighted,0,0,536,0,3,1,547,3,69,81,40,44,e90c35e7cece54d3787eeeb644bcf0edacb9c7c339799fb4aaa218f9d27dc487,instances/corrected_v2_reduced_suite/evaluation_critical/evaluation/critical/instance_u30_a25_v5_seed1003_critical.txt,u30_seed1003,0.55,0.5494505494505495,0.85,False,3,1,11,True
instances/research_depth_load_sweep/rho0.85_normal0.85/instance_u40_a20_v4_seed1001_critical.txt,f05bb4ba1ebe8ecf0e95e0508ba8cba7463abb6f7c5a573eafb693c49e861cc0,gurobi-mip,1,1,lex-cos,lex-overtime,0,0,576,0,0,0,576,0,0,0,0,0,f05bb4ba1ebe8ecf0e95e0508ba8cba7463abb6f7c5a573eafb693c49e861cc0,instances/corrected_v2_reduced_suite/evaluation_critical/evaluation/critical/instance_u40_a20_v4_seed1001_critical.txt,u40_seed1001,0.85,0.8465608465608465,0.85,True,0,0,0,False
instances/research_depth_load_sweep/rho0.85_normal0.85/instance_u40_a20_v4_seed1001_critical.txt,f05bb4ba1ebe8ecf0e95e0508ba8cba7463abb6f7c5a573eafb693c49e861cc0,gurobi-mip,1,1,lex-cos,weighted,0,0,576,0,3,12,608,3,48,70,39,24,f05bb4ba1ebe8ecf0e95e0508ba8cba7463abb6f7c5a573eafb693c49e861cc0,instances/corrected_v2_reduced_suite/evaluation_critical/evaluation/critical/instance_u40_a20_v4_seed1001_critical.txt,u40_seed1001,0.85,0.8465608465608465,0.85,True,3,12,32,True
instances/research_depth_load_sweep/rho0.85_normal0.85/instance_u40_a20_v4_seed1001_critical.txt,f05bb4ba1ebe8ecf0e95e0508ba8cba7463abb6f7c5a573eafb693c49e861cc0,gurobi-mip,1,1,lex-overtime,weighted,0,0,576,0,3,12,608,3,48,70,39,24,f05bb4ba1ebe8ecf0e95e0508ba8cba7463abb6f7c5a573eafb693c49e861cc0,instances/corrected_v2_reduced_suite/evaluation_critical/evaluation/critical/instance_u40_a20_v4_seed1001_critical.txt,u40_seed1001,0.85,0.8465608465608465,0.85,True,3,12,32,True
instances/research_depth_load_sweep/rho0.85_normal1/instance_u40_a10_v5_seed1003_critical.txt,41d2fcce8e6ab2959253236640e3bf98dd5e60c9326cc35e274b5822a2f31422,gurobi-mip,1,1,lex-cos,lex-overtime,1,0,679,1,1,0,679,1,0,0,0,0,017118e5960c7e18a239e77b1f198b44915ed895aea6f231bb872df91f90f0f2,instances/corrected_v2_reduced_suite/evaluation_critical/evaluation/critical/instance_u40_a10_v5_seed1003_critical.txt,u40_seed1003,0.85,0.847457627118644,1.0,False,0,0,0,False
instances/research_depth_load_sweep/rho0.85_normal1/instance_u40_a10_v5_seed1003_critical.txt,41d2fcce8e6ab2959253236640e3bf98dd5e60c9326cc35e274b5822a2f31422,gurobi-mip,1,1,lex-cos,weighted,1,0,679,1,10,0,701,10,54,107,28,20,017118e5960c7e18a239e77b1f198b44915ed895aea6f231bb872df91f90f0f2,instances/corrected_v2_reduced_suite/evaluation_critical/evaluation/critical/instance_u40_a10_v5_seed1003_critical.txt,u40_seed1003,0.85,0.847457627118644,1.0,False,9,0,22,True
instances/research_depth_load_sweep/rho0.85_normal1/instance_u40_a10_v5_seed1003_critical.txt,41d2fcce8e6ab2959253236640e3bf98dd5e60c9326cc35e274b5822a2f31422,gurobi-mip,1,1,lex-overtime,weighted,1,0,679,1,10,0,701,10,54,107,28,20,017118e5960c7e18a239e77b1f198b44915ed895aea6f231bb872df91f90f0f2,instances/corrected_v2_reduced_suite/evaluation_critical/evaluation/critical/instance_u40_a10_v5_seed1003_critical.txt,u40_seed1003,0.85,0.847457627118644,1.0,False,9,0,22,True
instances/research_depth_load_sweep/rho0.55_normal0.7/instance_u30_a10_v5_seed1002_critical.txt,205e718d212a1d0de7ee826965507c0b81b85d350b0e492d898ccffb9e26f543,gurobi-mip,1,1,lex-cos,lex-overtime,3,0,528,3,3,0,528,3,0,0,0,0,639577696bca853293d2ae7d38a7ba6a70e96d5c5a65dbe9dd57285b00a779ad,instances/corrected_v2_reduced_suite/evaluation_critical/evaluation/critical/instance_u30_a10_v5_seed1002_critical.txt,u30_seed1002,0.55,0.5494505494505495,0.7,False,0,0,0,False
instances/research_depth_load_sweep/rho0.55_normal0.7/instance_u30_a10_v5_seed1002_critical.txt,205e718d212a1d0de7ee826965507c0b81b85d350b0e492d898ccffb9e26f543,gurobi-mip,1,1,lex-cos,weighted,3,0,528,3,10,0,553,10,47,76,27,14,639577696bca853293d2ae7d38a7ba6a70e96d5c5a65dbe9dd57285b00a779ad,instances/corrected_v2_reduced_suite/evaluation_critical/evaluation/critical/instance_u30_a10_v5_seed1002_critical.txt,u30_seed1002,0.55,0.5494505494505495,0.7,False,7,0,25,True
instances/research_depth_load_sweep/rho0.55_normal0.7/instance_u30_a10_v5_seed1002_critical.txt,205e718d212a1d0de7ee826965507c0b81b85d350b0e492d898ccffb9e26f543,gurobi-mip,1,1,lex-overtime,weighted,3,0,528,3,10,0,553,10,47,76,27,14,639577696bca853293d2ae7d38a7ba6a70e96d5c5a65dbe9dd57285b00a779ad,instances/corrected_v2_reduced_suite/evaluation_critical/evaluation/critical/instance_u30_a10_v5_seed1002_critical.txt,u30_seed1002,0.55,0.5494505494505495,0.7,False,7,0,25,True
instances/research_depth_load_sweep/rho0.98_normal0.7/instance_u30_a20_v5_seed1002_critical.txt,63c630eca9572023688bde5f1556a5fd9870160f438ada1753e8c138e40f9ceb,gurobi-mip,1,1,lex-cos,lex-overtime,3,42,498,3,3,42,498,3,0,0,0,0,89692a0adfe31e70296f9df2d93729e2d0d78b4a72a9014431a8e164a2608768,instances/corrected_v2_reduced_suite/evaluation_critical/evaluation/critical/instance_u30_a20_v5_seed1002_critical.txt,u30_seed1002,0.98,0.974025974025974,0.7,False,0,0,0,False
instances/research_depth_load_sweep/rho0.98_normal0.7/instance_u30_a20_v5_seed1002_critical.txt,63c630eca9572023688bde5f1556a5fd9870160f438ada1753e8c138e40f9ceb,gurobi-mip,1,1,lex-cos,weighted,3,42,498,3,10,42,540,10,54,69,32,2,89692a0adfe31e70296f9df2d93729e2d0d78b4a72a9014431a8e164a2608768,instances/corrected_v2_reduced_suite/evaluation_critical/evaluation/critical/instance_u30_a20_v5_seed1002_critical.txt,u30_seed1002,0.98,0.974025974025974,0.7,False,7,0,42,True
instances/research_depth_load_sweep/rho0.98_normal0.7/instance_u30_a20_v5_seed1002_critical.txt,63c630eca9572023688bde5f1556a5fd9870160f438ada1753e8c138e40f9ceb,gurobi-mip,1,1,lex-overtime,weighted,3,42,498,3,10,42,540,10,54,69,32,2,89692a0adfe31e70296f9df2d93729e2d0d78b4a72a9014431a8e164a2608768,instances/corrected_v2_reduced_suite/evaluation_critical/evaluation/critical/instance_u30_a20_v5_seed1002_critical.txt,u30_seed1002,0.98,0.974025974025974,0.7,False,7,0,42,True
instances/research_depth_load_sweep/rho0.85_normal1/instance_u30_a25_v5_seed1001_critical.txt,119c6496a0bbde3210cad94c294edc8f05adb362cd2dc874f12b160c95430f6f,gurobi-mip,1,1,lex-cos,lex-overtime,0,0,574,0,0,0,574,0,0,0,0,0,51df0f9f4a354e14ce203c3399ff72e9f90e0370b7b497467427e1d198dd119e,instances/corrected_v2_reduced_suite/evaluation_critical/evaluation/critical/instance_u30_a25_v5_seed1001_critical.txt,u30_seed1001,0.85,0.847457627118644,1.0,False,0,0,0,False
instances/research_depth_load_sweep/rho0.85_normal1/instance_u30_a25_v5_seed1001_critical.txt,119c6496a0bbde3210cad94c294edc8f05adb362cd2dc874f12b160c95430f6f,gurobi-mip,1,1,lex-cos,weighted,0,0,574,0,2,0,576,2,35,61,21,6,51df0f9f4a354e14ce203c3399ff72e9f90e0370b7b497467427e1d198dd119e,instances/corrected_v2_reduced_suite/evaluation_critical/evaluation/critical/instance_u30_a25_v5_seed1001_critical.txt,u30_seed1001,0.85,0.847457627118644,1.0,False,2,0,2,True
instances/research_depth_load_sweep/rho0.85_normal1/instance_u30_a25_v5_seed1001_critical.txt,119c6496a0bbde3210cad94c294edc8f05adb362cd2dc874f12b160c95430f6f,gurobi-mip,1,1,lex-overtime,weighted,0,0,574,0,2,0,576,2,35,61,21,6,51df0f9f4a354e14ce203c3399ff72e9f90e0370b7b497467427e1d198dd119e,instances/corrected_v2_reduced_suite/evaluation_critical/evaluation/critical/instance_u30_a25_v5_seed1001_critical.txt,u30_seed1001,0.85,0.847457627118644,1.0,False,2,0,2,True
instances/research_depth_load_sweep/rho0.98_normal0.85/instance_u30_a20_v4_seed1002_critical.txt,dfadf29fe3d177caae54bfa970f86ec2f2581e66523ae5abe83d7ea265a7f77c,gurobi-mip,1,1,lex-cos,lex-overtime,2,15,413,2,2,15,413,2,0,0,0,0,34bd64e4677b21f310faa4406545db874dca6ae220c9a65e8a35f01abe1b0955,instances/corrected_v2_reduced_suite/evaluation_critical/evaluation/critical/instance_u30_a20_v4_seed1002_critical.txt,u30_seed1002,0.98,0.975609756097561,0.85,False,0,0,0,False
instances/research_depth_load_sweep/rho0.98_normal0.85/instance_u30_a20_v4_seed1002_critical.txt,dfadf29fe3d177caae54bfa970f86ec2f2581e66523ae5abe83d7ea265a7f77c,gurobi-mip,1,1,lex-cos,weighted,2,15,413,2,5,15,424,5,28,41,22,0,34bd64e4677b21f310faa4406545db874dca6ae220c9a65e8a35f01abe1b0955,instances/corrected_v2_reduced_suite/evaluation_critical/evaluation/critical/instance_u30_a20_v4_seed1002_critical.txt,u30_seed1002,0.98,0.975609756097561,0.85,False,3,0,11,True
instances/research_depth_load_sweep/rho0.98_normal0.85/instance_u30_a20_v4_seed1002_critical.txt,dfadf29fe3d177caae54bfa970f86ec2f2581e66523ae5abe83d7ea265a7f77c,gurobi-mip,1,1,lex-overtime,weighted,2,15,413,2,5,15,424,5,28,41,22,0,34bd64e4677b21f310faa4406545db874dca6ae220c9a65e8a35f01abe1b0955,instances/corrected_v2_reduced_suite/evaluation_critical/evaluation/critical/instance_u30_a20_v4_seed1002_critical.txt,u30_seed1002,0.98,0.975609756097561,0.85,False,3,0,11,True
instances/research_depth_load_sweep/rho0.85_normal0.85/instance_u30_a25_v5_seed1002_critical.txt,13d35da4af1d246d1dc9e9e69e18e81522824e99442b070094b3ee6de84cff54,gurobi-mip,1,1,lex-cos,lex-overtime,2,0,503,2,2,0,503,2,0,0,0,0,13d35da4af1d246d1dc9e9e69e18e81522824e99442b070094b3ee6de84cff54,instances/corrected_v2_reduced_suite/evaluation_critical/evaluation/critical/instance_u30_a25_v5_seed1002_critical.txt,u30_seed1002,0.85,0.847457627118644,0.85,True,0,0,0,False
instances/research_depth_load_sweep/rho0.85_normal0.85/instance_u30_a25_v5_seed1002_critical.txt,13d35da4af1d246d1dc9e9e69e18e81522824e99442b070094b3ee6de84cff54,gurobi-mip,1,1,lex-cos,weighted,2,0,503,2,9,14,563,9,75,81,49,28,13d35da4af1d246d1dc9e9e69e18e81522824e99442b070094b3ee6de84cff54,instances/corrected_v2_reduced_suite/evaluation_critical/evaluation/critical/instance_u30_a25_v5_seed1002_critical.txt,u30_seed1002,0.85,0.847457627118644,0.85,True,7,14,60,True
instances/research_depth_load_sweep/rho0.85_normal0.85/instance_u30_a25_v5_seed1002_critical.txt,13d35da4af1d246d1dc9e9e69e18e81522824e99442b070094b3ee6de84cff54,gurobi-mip,1,1,lex-overtime,weighted,2,0,503,2,9,14,563,9,75,81,49,28,13d35da4af1d246d1dc9e9e69e18e81522824e99442b070094b3ee6de84cff54,instances/corrected_v2_reduced_suite/evaluation_critical/evaluation/critical/instance_u30_a25_v5_seed1002_critical.txt,u30_seed1002,0.85,0.847457627118644,0.85,True,7,14,60,True
instances/research_depth_load_sweep/rho0.55_normal0.7/instance_u40_a10_v4_seed1001_critical.txt,683ca7526661d743c802fdd58b640c4c18fc26b9c8ac5369bbc23aff5922c9a4,gurobi-mip,1,1,lex-cos,lex-overtime,0,0,594,0,0,0,594,0,0,0,0,0,b98e75059c523562fbab64282673d9ea225242fe21209b5e428aee89aa625edd,instances/corrected_v2_reduced_suite/evaluation_critical/evaluation/critical/instance_u40_a10_v4_seed1001_critical.txt,u40_seed1001,0.55,0.5498281786941581,0.7,False,0,0,0,False
instances/research_depth_load_sweep/rho0.55_normal0.7/instance_u40_a10_v4_seed1001_critical.txt,683ca7526661d743c802fdd58b640c4c18fc26b9c8ac5369bbc23aff5922c9a4,gurobi-mip,1,1,lex-cos,weighted,0,0,594,0,1,0,597,1,30,93,24,28,b98e75059c523562fbab64282673d9ea225242fe21209b5e428aee89aa625edd,instances/corrected_v2_reduced_suite/evaluation_critical/evaluation/critical/instance_u40_a10_v4_seed1001_critical.txt,u40_seed1001,0.55,0.5498281786941581,0.7,False,1,0,3,True
instances/research_depth_load_sweep/rho0.55_normal0.7/instance_u40_a10_v4_seed1001_critical.txt,683ca7526661d743c802fdd58b640c4c18fc26b9c8ac5369bbc23aff5922c9a4,gurobi-mip,1,1,lex-overtime,weighted,0,0,594,0,1,0,597,1,30,93,24,28,b98e75059c523562fbab64282673d9ea225242fe21209b5e428aee89aa625edd,instances/corrected_v2_reduced_suite/evaluation_critical/evaluation/critical/instance_u40_a10_v4_seed1001_critical.txt,u40_seed1001,0.55,0.5498281786941581,0.7,False,1,0,3,True
instances/research_depth_load_sweep/rho0.85_normal1/instance_u40_a15_v5_seed1001_critical.txt,2618763d9b33b5c836807f24e5572c3e32288107dd226ef9490d3ad59707605e,gurobi-mip,1,1,lex-cos,lex-overtime,0,0,749,0,0,0,749,0,0,0,0,0,addefcd65569a464f6ade877201060bec8b3edf54c9784bd4a2ce47e7fa65a0a,instances/corrected_v2_reduced_suite/evaluation_critical/evaluation/critical/instance_u40_a15_v5_seed1001_critical.txt,u40_seed1001,0.85,0.847457627118644,1.0,False,0,0,0,False
instances/research_depth_load_sweep/rho0.85_normal1/instance_u40_a15_v5_seed1001_critical.txt,2618763d9b33b5c836807f24e5572c3e32288107dd226ef9490d3ad59707605e,gurobi-mip,1,1,lex-cos,weighted,0,0,749,0,3,0,756,3,43,85,26,8,addefcd65569a464f6ade877201060bec8b3edf54c9784bd4a2ce47e7fa65a0a,instances/corrected_v2_reduced_suite/evaluation_critical/evaluation/critical/instance_u40_a15_v5_seed1001_critical.txt,u40_seed1001,0.85,0.847457627118644,1.0,False,3,0,7,True
instances/research_depth_load_sweep/rho0.85_normal1/instance_u40_a15_v5_seed1001_critical.txt,2618763d9b33b5c836807f24e5572c3e32288107dd226ef9490d3ad59707605e,gurobi-mip,1,1,lex-overtime,weighted,0,0,749,0,3,0,756,3,43,85,26,8,addefcd65569a464f6ade877201060bec8b3edf54c9784bd4a2ce47e7fa65a0a,instances/corrected_v2_reduced_suite/evaluation_critical/evaluation/critical/instance_u40_a15_v5_seed1001_critical.txt,u40_seed1001,0.85,0.847457627118644,1.0,False,3,0,7,True
instances/research_depth_load_sweep/rho0.98_normal0.85/instance_u30_a15_v4_seed1003_critical.txt,4c1999ed93548ee2f58aca86bf92c6c2f2fb426598d1651fc4273bcc97919269,gurobi-mip,1,1,lex-cos,lex-overtime,0,15,409,0,0,15,409,0,0,0,0,0,1a2fbafb2974a05729c7a458b27e009b17a67dbbf649967446361307f7e124a3,instances/corrected_v2_reduced_suite/evaluation_critical/evaluation/critical/instance_u30_a15_v4_seed1003_critical.txt,u30_seed1003,0.98,0.975609756097561,0.85,False,0,0,0,False
instances/research_depth_load_sweep/rho0.98_normal0.85/instance_u30_a15_v4_seed1003_critical.txt,4c1999ed93548ee2f58aca86bf92c6c2f2fb426598d1651fc4273bcc97919269,gurobi-mip,1,1,lex-cos,weighted,0,15,409,0,6,15,417,6,34,67,22,0,1a2fbafb2974a05729c7a458b27e009b17a67dbbf649967446361307f7e124a3,instances/corrected_v2_reduced_suite/evaluation_critical/evaluation/critical/instance_u30_a15_v4_seed1003_critical.txt,u30_seed1003,0.98,0.975609756097561,0.85,False,6,0,8,True
instances/research_depth_load_sweep/rho0.98_normal0.85/instance_u30_a15_v4_seed1003_critical.txt,4c1999ed93548ee2f58aca86bf92c6c2f2fb426598d1651fc4273bcc97919269,gurobi-mip,1,1,lex-overtime,weighted,0,15,409,0,6,15,417,6,34,67,22,0,1a2fbafb2974a05729c7a458b27e009b17a67dbbf649967446361307f7e124a3,instances/corrected_v2_reduced_suite/evaluation_critical/evaluation/critical/instance_u30_a15_v4_seed1003_critical.txt,u30_seed1003,0.98,0.975609756097561,0.85,False,6,0,8,True
instances/research_depth_load_sweep/rho0.98_normal1/instance_u40_a25_v5_seed1001_critical.txt,6bacd5058851b412e490613e4533a9fc7446a9939c20e35757c2c05191690ee3,gurobi-mip,1,1,lex-cos,lex-overtime,0,0,709,0,0,0,709,0,0,0,0,0,e045b0692d9963b967cc37f3afb3e58c3e9aff61a3ca6f5ab662629dc35b3201,instances/corrected_v2_reduced_suite/evaluation_critical/evaluation/critical/instance_u40_a25_v5_seed1001_critical.txt,u40_seed1001,0.98,0.975609756097561,1.0,False,0,0,0,False
instances/research_depth_load_sweep/rho0.98_normal1/instance_u40_a25_v5_seed1001_critical.txt,6bacd5058851b412e490613e4533a9fc7446a9939c20e35757c2c05191690ee3,gurobi-mip,1,1,lex-cos,weighted,0,0,709,0,5,0,722,5,42,100,29,0,e045b0692d9963b967cc37f3afb3e58c3e9aff61a3ca6f5ab662629dc35b3201,instances/corrected_v2_reduced_suite/evaluation_critical/evaluation/critical/instance_u40_a25_v5_seed1001_critical.txt,u40_seed1001,0.98,0.975609756097561,1.0,False,5,0,13,True
instances/research_depth_load_sweep/rho0.98_normal1/instance_u40_a25_v5_seed1001_critical.txt,6bacd5058851b412e490613e4533a9fc7446a9939c20e35757c2c05191690ee3,gurobi-mip,1,1,lex-overtime,weighted,0,0,709,0,5,0,722,5,42,100,29,0,e045b0692d9963b967cc37f3afb3e58c3e9aff61a3ca6f5ab662629dc35b3201,instances/corrected_v2_reduced_suite/evaluation_critical/evaluation/critical/instance_u40_a25_v5_seed1001_critical.txt,u40_seed1001,0.98,0.975609756097561,1.0,False,5,0,13,True
instances/research_depth_load_sweep/rho0.85_normal0.7/instance_u30_a10_v5_seed1002_critical.txt,ac8d95ec2e7bba691a4b9134d8577deccf697eaa0736d9734314014f48685d2a,gurobi-mip,1,1,lex-cos,lex-overtime,3,26,510,3,3,26,510,3,0,0,0,0,639577696bca853293d2ae7d38a7ba6a70e96d5c5a65dbe9dd57285b00a779ad,instances/corrected_v2_reduced_suite/evaluation_critical/evaluation/critical/instance_u30_a10_v5_seed1002_critical.txt,u30_seed1002,0.85,0.847457627118644,0.7,False,0,0,0,False
instances/research_depth_load_sweep/rho0.85_normal0.7/instance_u30_a10_v5_seed1002_critical.txt,ac8d95ec2e7bba691a4b9134d8577deccf697eaa0736d9734314014f48685d2a,gurobi-mip,1,1,lex-cos,weighted,3,26,510,3,9,29,542,9,34,67,22,24,639577696bca853293d2ae7d38a7ba6a70e96d5c5a65dbe9dd57285b00a779ad,instances/corrected_v2_reduced_suite/evaluation_critical/evaluation/critical/instance_u30_a10_v5_seed1002_critical.txt,u30_seed1002,0.85,0.847457627118644,0.7,False,6,3,32,True
instances/research_depth_load_sweep/rho0.85_normal0.7/instance_u30_a10_v5_seed1002_critical.txt,ac8d95ec2e7bba691a4b9134d8577deccf697eaa0736d9734314014f48685d2a,gurobi-mip,1,1,lex-overtime,weighted,3,26,510,3,9,29,542,9,34,67,22,24,639577696bca853293d2ae7d38a7ba6a70e96d5c5a65dbe9dd57285b00a779ad,instances/corrected_v2_reduced_suite/evaluation_critical/evaluation/critical/instance_u30_a10_v5_seed1002_critical.txt,u30_seed1002,0.85,0.847457627118644,0.7,False,6,3,32,True
instances/research_depth_load_sweep/rho0.55_normal0.7/instance_u40_a20_v4_seed1003_critical.txt,49fd415da09e4c3553bebdda106f084cd6de89ef31b0e097ae1dd14b81a26bed,gurobi-mip,1,1,lex-cos,lex-overtime,0,0,573,0,0,0,573,0,0,0,0,0,2e89d655657e6565c5ecb975872229f2b89227e9d8d4becfc0d4e18894748b91,instances/corrected_v2_reduced_suite/evaluation_critical/evaluation/critical/instance_u40_a20_v4_seed1003_critical.txt,u40_seed1003,0.55,0.5498281786941581,0.7,False,0,0,0,False
instances/research_depth_load_sweep/rho0.55_normal0.7/instance_u40_a20_v4_seed1003_critical.txt,49fd415da09e4c3553bebdda106f084cd6de89ef31b0e097ae1dd14b81a26bed,gurobi-mip,1,1,lex-cos,weighted,0,0,573,0,6,3,592,6,69,83,46,28,2e89d655657e6565c5ecb975872229f2b89227e9d8d4becfc0d4e18894748b91,instances/corrected_v2_reduced_suite/evaluation_critical/evaluation/critical/instance_u40_a20_v4_seed1003_critical.txt,u40_seed1003,0.55,0.5498281786941581,0.7,False,6,3,19,True
instances/research_depth_load_sweep/rho0.55_normal0.7/instance_u40_a20_v4_seed1003_critical.txt,49fd415da09e4c3553bebdda106f084cd6de89ef31b0e097ae1dd14b81a26bed,gurobi-mip,1,1,lex-overtime,weighted,0,0,573,0,6,3,592,6,69,83,46,28,2e89d655657e6565c5ecb975872229f2b89227e9d8d4becfc0d4e18894748b91,instances/corrected_v2_reduced_suite/evaluation_critical/evaluation/critical/instance_u40_a20_v4_seed1003_critical.txt,u40_seed1003,0.55,0.5498281786941581,0.7,False,6,3,19,True
instances/research_depth_load_sweep/rho0.85_normal1/instance_u40_a15_v5_seed1003_critical.txt,5f15907f4c894b5a148dd5b21cde363a6b8b8272e4a37885ea7382b743b36678,gurobi-mip,1,1,lex-cos,lex-overtime,0,0,689,0,0,0,689,0,0,0,0,0,08c9dd197d381bb1f7911fb0a8737b245d2c574183b871f4ce8688d8a15bcd12,instances/corrected_v2_reduced_suite/evaluation_critical/evaluation/critical/instance_u40_a15_v5_seed1003_critical.txt,u40_seed1003,0.85,0.847457627118644,1.0,False,0,0,0,False
instances/research_depth_load_sweep/rho0.85_normal1/instance_u40_a15_v5_seed1003_critical.txt,5f15907f4c894b5a148dd5b21cde363a6b8b8272e4a37885ea7382b743b36678,gurobi-mip,1,1,lex-cos,weighted,0,0,689,0,10,0,719,10,51,108,31,20,08c9dd197d381bb1f7911fb0a8737b245d2c574183b871f4ce8688d8a15bcd12,instances/corrected_v2_reduced_suite/evaluation_critical/evaluation/critical/instance_u40_a15_v5_seed1003_critical.txt,u40_seed1003,0.85,0.847457627118644,1.0,False,10,0,30,True
instances/research_depth_load_sweep/rho0.85_normal1/instance_u40_a15_v5_seed1003_critical.txt,5f15907f4c894b5a148dd5b21cde363a6b8b8272e4a37885ea7382b743b36678,gurobi-mip,1,1,lex-overtime,weighted,0,0,689,0,10,0,719,10,51,108,31,20,08c9dd197d381bb1f7911fb0a8737b245d2c574183b871f4ce8688d8a15bcd12,instances/corrected_v2_reduced_suite/evaluation_critical/evaluation/critical/instance_u40_a15_v5_seed1003_critical.txt,u40_seed1003,0.85,0.847457627118644,1.0,False,10,0,30,True
instances/research_depth_load_sweep/rho0.98_normal1/instance_u30_a20_v5_seed1003_critical.txt,9bbb953e7fd8da6027221c49d9a16b2321b9aef9962293c354da094362ca3876,gurobi-mip,1,1,lex-cos,lex-overtime,0,0,493,0,0,0,493,0,0,0,0,0,65de3dfdc16f9c773e9874c2357071bf31732b49485a995a839ed1f4d259a558,instances/corrected_v2_reduced_suite/evaluation_critical/evaluation/critical/instance_u30_a20_v5_seed1003_critical.txt,u30_seed1003,0.98,0.974025974025974,1.0,False,0,0,0,False
instances/research_depth_load_sweep/rho0.98_normal1/instance_u30_a20_v5_seed1003_critical.txt,9bbb953e7fd8da6027221c49d9a16b2321b9aef9962293c354da094362ca3876,gurobi-mip,1,1,lex-cos,weighted,0,0,493,0,8,0,514,8,47,85,26,0,65de3dfdc16f9c773e9874c2357071bf31732b49485a995a839ed1f4d259a558,instances/corrected_v2_reduced_suite/evaluation_critical/evaluation/critical/instance_u30_a20_v5_seed1003_critical.txt,u30_seed1003,0.98,0.974025974025974,1.0,False,8,0,21,True
instances/research_depth_load_sweep/rho0.98_normal1/instance_u30_a20_v5_seed1003_critical.txt,9bbb953e7fd8da6027221c49d9a16b2321b9aef9962293c354da094362ca3876,gurobi-mip,1,1,lex-overtime,weighted,0,0,493,0,8,0,514,8,47,85,26,0,65de3dfdc16f9c773e9874c2357071bf31732b49485a995a839ed1f4d259a558,instances/corrected_v2_reduced_suite/evaluation_critical/evaluation/critical/instance_u30_a20_v5_seed1003_critical.txt,u30_seed1003,0.98,0.974025974025974,1.0,False,8,0,21,True
instances/research_depth_load_sweep/rho0.85_normal0.7/instance_u40_a15_v5_seed1002_critical.txt,6e8de4feba99025a4f3c5020c92a8aa35e57be3e41fa98888ec5f1ccda11f456,gurobi-mip,1,1,lex-cos,lex-overtime,3,35,699,3,3,35,699,3,0,0,0,0,fbf890b517ed96fe2ae987767a36e6554398d327dac819b9cc3837ab221b32da,instances/corrected_v2_reduced_suite/evaluation_critical/evaluation/critical/instance_u40_a15_v5_seed1002_critical.txt,u40_seed1002,0.85,0.847457627118644,0.7,False,0,0,0,False
instances/research_depth_load_sweep/rho0.85_normal0.7/instance_u40_a15_v5_seed1002_critical.txt,6e8de4feba99025a4f3c5020c92a8aa35e57be3e41fa98888ec5f1ccda11f456,gurobi-mip,1,1,lex-cos,weighted,3,35,699,3,16,38,743,16,58,108,38,10,fbf890b517ed96fe2ae987767a36e6554398d327dac819b9cc3837ab221b32da,instances/corrected_v2_reduced_suite/evaluation_critical/evaluation/critical/instance_u40_a15_v5_seed1002_critical.txt,u40_seed1002,0.85,0.847457627118644,0.7,False,13,3,44,True
instances/research_depth_load_sweep/rho0.85_normal0.7/instance_u40_a15_v5_seed1002_critical.txt,6e8de4feba99025a4f3c5020c92a8aa35e57be3e41fa98888ec5f1ccda11f456,gurobi-mip,1,1,lex-overtime,weighted,3,35,699,3,16,38,743,16,58,108,38,10,fbf890b517ed96fe2ae987767a36e6554398d327dac819b9cc3837ab221b32da,instances/corrected_v2_reduced_suite/evaluation_critical/evaluation/critical/instance_u40_a15_v5_seed1002_critical.txt,u40_seed1002,0.85,0.847457627118644,0.7,False,13,3,44,True
instances/research_depth_load_sweep/rho0.85_normal1/instance_u30_a20_v4_seed1002_critical.txt,17c073487fb43a0972b91d05a182a0356412ea37640e4a439252c56b21a3a4f6,gurobi-mip,1,1,lex-cos,lex-overtime,0,0,427,0,0,0,427,0,0,0,0,0,34bd64e4677b21f310faa4406545db874dca6ae220c9a65e8a35f01abe1b0955,instances/corrected_v2_reduced_suite/evaluation_critical/evaluation/critical/instance_u30_a20_v4_seed1002_critical.txt,u30_seed1002,0.85,0.8450704225352113,1.0,False,0,0,0,False
instances/research_depth_load_sweep/rho0.85_normal1/instance_u30_a20_v4_seed1002_critical.txt,17c073487fb43a0972b91d05a182a0356412ea37640e4a439252c56b21a3a4f6,gurobi-mip,1,1,lex-cos,weighted,0,0,427,0,5,0,444,5,37,77,26,8,34bd64e4677b21f310faa4406545db874dca6ae220c9a65e8a35f01abe1b0955,instances/corrected_v2_reduced_suite/evaluation_critical/evaluation/critical/instance_u30_a20_v4_seed1002_critical.txt,u30_seed1002,0.85,0.8450704225352113,1.0,False,5,0,17,True
instances/research_depth_load_sweep/rho0.85_normal1/instance_u30_a20_v4_seed1002_critical.txt,17c073487fb43a0972b91d05a182a0356412ea37640e4a439252c56b21a3a4f6,gurobi-mip,1,1,lex-overtime,weighted,0,0,427,0,5,0,444,5,37,77,26,8,34bd64e4677b21f310faa4406545db874dca6ae220c9a65e8a35f01abe1b0955,instances/corrected_v2_reduced_suite/evaluation_critical/evaluation/critical/instance_u30_a20_v4_seed1002_critical.txt,u30_seed1002,0.85,0.8450704225352113,1.0,False,5,0,17,True
instances/research_depth_load_sweep/rho0.55_normal1/instance_u40_a20_v5_seed1003_critical.txt,76651b1d34e4e3bacf4911cfc5d9512e0d389b05246e27affbd0e6740623fb1d,gurobi-mip,1,1,lex-cos,lex-overtime,0,0,721,0,0,0,721,0,0,0,0,0,d83d36c93f2b20d42d2082b908832af7a5bf6831774fa8060410156fd9f71c3d,instances/corrected_v2_reduced_suite/evaluation_critical/evaluation/critical/instance_u40_a20_v5_seed1003_critical.txt,u40_seed1003,0.55,0.5494505494505495,1.0,False,0,0,0,False
instances/research_depth_load_sweep/rho0.55_normal1/instance_u40_a20_v5_seed1003_critical.txt,76651b1d34e4e3bacf4911cfc5d9512e0d389b05246e27affbd0e6740623fb1d,gurobi-mip,1,1,lex-cos,weighted,0,0,721,0,9,0,747,9,75,101,40,52,d83d36c93f2b20d42d2082b908832af7a5bf6831774fa8060410156fd9f71c3d,instances/corrected_v2_reduced_suite/evaluation_critical/evaluation/critical/instance_u40_a20_v5_seed1003_critical.txt,u40_seed1003,0.55,0.5494505494505495,1.0,False,9,0,26,True
instances/research_depth_load_sweep/rho0.55_normal1/instance_u40_a20_v5_seed1003_critical.txt,76651b1d34e4e3bacf4911cfc5d9512e0d389b05246e27affbd0e6740623fb1d,gurobi-mip,1,1,lex-overtime,weighted,0,0,721,0,9,0,747,9,75,101,40,52,d83d36c93f2b20d42d2082b908832af7a5bf6831774fa8060410156fd9f71c3d,instances/corrected_v2_reduced_suite/evaluation_critical/evaluation/critical/instance_u40_a20_v5_seed1003_critical.txt,u40_seed1003,0.55,0.5494505494505495,1.0,False,9,0,26,True
instances/research_depth_load_sweep/rho0.85_normal0.7/instance_u40_a10_v5_seed1001_critical.txt,4d114c8205ac498868ef932f6760870cc7300b44241a5df12119171b19dc2d79,gurobi-mip,1,1,lex-cos,lex-overtime,0,35,719,0,0,35,719,0,0,0,0,0,0fa28a903cebd3a3dd85fef2874db9c94ef28e79ab436d5e05b1ed674d0dc046,instances/corrected_v2_reduced_suite/evaluation_critical/evaluation/critical/instance_u40_a10_v5_seed1001_critical.txt,u40_seed1001,0.85,0.847457627118644,0.7,False,0,0,0,False
instances/research_depth_load_sweep/rho0.85_normal0.7/instance_u40_a10_v5_seed1001_critical.txt,4d114c8205ac498868ef932f6760870cc7300b44241a5df12119171b19dc2d79,gurobi-mip,1,1,lex-cos,weighted,0,35,719,0,2,41,739,2,38,111,25,22,0fa28a903cebd3a3dd85fef2874db9c94ef28e79ab436d5e05b1ed674d0dc046,instances/corrected_v2_reduced_suite/evaluation_critical/evaluation/critical/instance_u40_a10_v5_seed1001_critical.txt,u40_seed1001,0.85,0.847457627118644,0.7,False,2,6,20,True
instances/research_depth_load_sweep/rho0.85_normal0.7/instance_u40_a10_v5_seed1001_critical.txt,4d114c8205ac498868ef932f6760870cc7300b44241a5df12119171b19dc2d79,gurobi-mip,1,1,lex-overtime,weighted,0,35,719,0,2,41,739,2,38,111,25,22,0fa28a903cebd3a3dd85fef2874db9c94ef28e79ab436d5e05b1ed674d0dc046,instances/corrected_v2_reduced_suite/evaluation_critical/evaluation/critical/instance_u40_a10_v5_seed1001_critical.txt,u40_seed1001,0.85,0.847457627118644,0.7,False,2,6,20,True
instances/research_depth_load_sweep/rho0.55_normal0.7/instance_u40_a20_v5_seed1002_critical.txt,e03c7809dcc6edaa0ab3e156fc26367cced633dcbc221f8fcf730eeb9262b341,gurobi-mip,1,1,lex-cos,lex-overtime,0,0,731,0,0,0,731,0,0,0,0,0,aee0a6b7ec9777049ee75f53a345d8b1b5d4d3de33e8d3f6c9559f510624b169,instances/corrected_v2_reduced_suite/evaluation_critical/evaluation/critical/instance_u40_a20_v5_seed1002_critical.txt,u40_seed1002,0.55,0.5494505494505495,0.7,False,0,0,0,False
instances/research_depth_load_sweep/rho0.55_normal0.7/instance_u40_a20_v5_seed1002_critical.txt,e03c7809dcc6edaa0ab3e156fc26367cced633dcbc221f8fcf730eeb9262b341,gurobi-mip,1,1,lex-cos,weighted,0,0,731,0,6,0,753,6,42,120,23,20,aee0a6b7ec9777049ee75f53a345d8b1b5d4d3de33e8d3f6c9559f510624b169,instances/corrected_v2_reduced_suite/evaluation_critical/evaluation/critical/instance_u40_a20_v5_seed1002_critical.txt,u40_seed1002,0.55,0.5494505494505495,0.7,False,6,0,22,True
instances/research_depth_load_sweep/rho0.55_normal0.7/instance_u40_a20_v5_seed1002_critical.txt,e03c7809dcc6edaa0ab3e156fc26367cced633dcbc221f8fcf730eeb9262b341,gurobi-mip,1,1,lex-overtime,weighted,0,0,731,0,6,0,753,6,42,120,23,20,aee0a6b7ec9777049ee75f53a345d8b1b5d4d3de33e8d3f6c9559f510624b169,instances/corrected_v2_reduced_suite/evaluation_critical/evaluation/critical/instance_u40_a20_v5_seed1002_critical.txt,u40_seed1002,0.55,0.5494505494505495,0.7,False,6,0,22,True
instances/research_depth_load_sweep/rho0.55_normal0.7/instance_u30_a15_v5_seed1003_critical.txt,1cf94b2d5e2554ae73d7b349bbeff950d376e0bbd71628298172365a24bbc469,gurobi-mip,1,1,lex-cos,lex-overtime,0,0,518,0,0,0,518,0,0,0,0,0,64a7b2c2ff975f7b043d37a3b7cd606305b2dcbf5aed735f467f0ff6c51b422e,instances/corrected_v2_reduced_suite/evaluation_critical/evaluation/critical/instance_u30_a15_v5_seed1003_critical.txt,u30_seed1003,0.55,0.5494505494505495,0.7,False,0,0,0,False
instances/research_depth_load_sweep/rho0.55_normal0.7/instance_u30_a15_v5_seed1003_critical.txt,1cf94b2d5e2554ae73d7b349bbeff950d376e0bbd71628298172365a24bbc469,gurobi-mip,1,1,lex-cos,weighted,0,0,518,0,5,3,533,5,34,62,18,16,64a7b2c2ff975f7b043d37a3b7cd606305b2dcbf5aed735f467f0ff6c51b422e,instances/corrected_v2_reduced_suite/evaluation_critical/evaluation/critical/instance_u30_a15_v5_seed1003_critical.txt,u30_seed1003,0.55,0.5494505494505495,0.7,False,5,3,15,True
instances/research_depth_load_sweep/rho0.55_normal0.7/instance_u30_a15_v5_seed1003_critical.txt,1cf94b2d5e2554ae73d7b349bbeff950d376e0bbd71628298172365a24bbc469,gurobi-mip,1,1,lex-overtime,weighted,0,0,518,0,5,3,533,5,34,62,18,16,64a7b2c2ff975f7b043d37a3b7cd606305b2dcbf5aed735f467f0ff6c51b422e,instances/corrected_v2_reduced_suite/evaluation_critical/evaluation/critical/instance_u30_a15_v5_seed1003_critical.txt,u30_seed1003,0.55,0.5494505494505495,0.7,False,5,3,15,True
instances/research_depth_load_sweep/rho0.85_normal1/instance_u30_a20_v5_seed1002_critical.txt,84472dde8dda554b5aba0bb53cd4e74c6c38706453cc796b5f890dfb00fcb594,gurobi-mip,1,1,lex-cos,lex-overtime,2,0,523,2,2,0,523,2,0,0,0,0,89692a0adfe31e70296f9df2d93729e2d0d78b4a72a9014431a8e164a2608768,instances/corrected_v2_reduced_suite/evaluation_critical/evaluation/critical/instance_u30_a20_v5_seed1002_critical.txt,u30_seed1002,0.85,0.847457627118644,1.0,False,0,0,0,False
instances/research_depth_load_sweep/rho0.85_normal1/instance_u30_a20_v5_seed1002_critical.txt,84472dde8dda554b5aba0bb53cd4e74c6c38706453cc796b5f890dfb00fcb594,gurobi-mip,1,1,lex-cos,weighted,2,0,523,2,10,0,558,10,57,76,35,10,89692a0adfe31e70296f9df2d93729e2d0d78b4a72a9014431a8e164a2608768,instances/corrected_v2_reduced_suite/evaluation_critical/evaluation/critical/instance_u30_a20_v5_seed1002_critical.txt,u30_seed1002,0.85,0.847457627118644,1.0,False,8,0,35,True
instances/research_depth_load_sweep/rho0.85_normal1/instance_u30_a20_v5_seed1002_critical.txt,84472dde8dda554b5aba0bb53cd4e74c6c38706453cc796b5f890dfb00fcb594,gurobi-mip,1,1,lex-overtime,weighted,2,0,523,2,10,0,558,10,57,76,35,10,89692a0adfe31e70296f9df2d93729e2d0d78b4a72a9014431a8e164a2608768,instances/corrected_v2_reduced_suite/evaluation_critical/evaluation/critical/instance_u30_a20_v5_seed1002_critical.txt,u30_seed1002,0.85,0.847457627118644,1.0,False,8,0,35,True
instances/research_depth_load_sweep/rho0.55_normal1/instance_u40_a15_v4_seed1002_critical.txt,6fa36d6c26f7b6493690143863bfae12152d51ef0e4a68a48aa0ce4174aae3f8,gurobi-mip,1,1,lex-cos,lex-overtime,2,0,593,2,2,0,593,2,0,0,0,0,23421d631ba25e8a6e9fc662d65c83fe6fccb717088483d568dab2b286aa89db,instances/corrected_v2_reduced_suite/evaluation_critical/evaluation/critical/instance_u40_a15_v4_seed1002_critical.txt,u40_seed1002,0.55,0.5498281786941581,1.0,False,0,0,0,False
instances/research_depth_load_sweep/rho0.55_normal1/instance_u40_a15_v4_seed1002_critical.txt,6fa36d6c26f7b6493690143863bfae12152d51ef0e4a68a48aa0ce4174aae3f8,gurobi-mip,1,1,lex-cos,weighted,2,0,593,2,6,0,607,6,35,77,23,36,23421d631ba25e8a6e9fc662d65c83fe6fccb717088483d568dab2b286aa89db,instances/corrected_v2_reduced_suite/evaluation_critical/evaluation/critical/instance_u40_a15_v4_seed1002_critical.txt,u40_seed1002,0.55,0.5498281786941581,1.0,False,4,0,14,True
instances/research_depth_load_sweep/rho0.55_normal1/instance_u40_a15_v4_seed1002_critical.txt,6fa36d6c26f7b6493690143863bfae12152d51ef0e4a68a48aa0ce4174aae3f8,gurobi-mip,1,1,lex-overtime,weighted,2,0,593,2,6,0,607,6,35,77,23,36,23421d631ba25e8a6e9fc662d65c83fe6fccb717088483d568dab2b286aa89db,instances/corrected_v2_reduced_suite/evaluation_critical/evaluation/critical/instance_u40_a15_v4_seed1002_critical.txt,u40_seed1002,0.55,0.5498281786941581,1.0,False,4,0,14,True
instances/research_depth_load_sweep/rho0.55_normal0.85/instance_u40_a10_v4_seed1003_critical.txt,bc734f41af72e65b3c6fd8ddd1da98fceb8d09772e5701a7532fba37dce127cd,gurobi-mip,1,1,lex-cos,lex-overtime,1,0,547,1,1,0,547,1,0,0,0,0,395a48f8a39788bea86b6f70fb9ec6a2a924a9f8f08e8639adaf51dba4e7ae85,instances/corrected_v2_reduced_suite/evaluation_critical/evaluation/critical/instance_u40_a10_v4_seed1003_critical.txt,u40_seed1003,0.55,0.5498281786941581,0.85,False,0,0,0,False
instances/research_depth_load_sweep/rho0.55_normal0.85/instance_u40_a10_v4_seed1003_critical.txt,bc734f41af72e65b3c6fd8ddd1da98fceb8d09772e5701a7532fba37dce127cd,gurobi-mip,1,1,lex-cos,weighted,1,0,547,1,7,0,558,7,43,80,27,34,395a48f8a39788bea86b6f70fb9ec6a2a924a9f8f08e8639adaf51dba4e7ae85,instances/corrected_v2_reduced_suite/evaluation_critical/evaluation/critical/instance_u40_a10_v4_seed1003_critical.txt,u40_seed1003,0.55,0.5498281786941581,0.85,False,6,0,11,True
instances/research_depth_load_sweep/rho0.55_normal0.85/instance_u40_a10_v4_seed1003_critical.txt,bc734f41af72e65b3c6fd8ddd1da98fceb8d09772e5701a7532fba37dce127cd,gurobi-mip,1,1,lex-overtime,weighted,1,0,547,1,7,0,558,7,43,80,27,34,395a48f8a39788bea86b6f70fb9ec6a2a924a9f8f08e8639adaf51dba4e7ae85,instances/corrected_v2_reduced_suite/evaluation_critical/evaluation/critical/instance_u40_a10_v4_seed1003_critical.txt,u40_seed1003,0.55,0.5498281786941581,0.85,False,6,0,11,True
instances/research_depth_load_sweep/rho0.98_normal1/instance_u40_a20_v4_seed1003_critical.txt,b572615da5ea2b69a66ef05d1d2f83c956af412eb1a49a9690b3183b558221b1,gurobi-mip,1,1,lex-cos,lex-overtime,1,0,520,1,1,0,520,1,0,0,0,0,2e89d655657e6565c5ecb975872229f2b89227e9d8d4becfc0d4e18894748b91,instances/corrected_v2_reduced_suite/evaluation_critical/evaluation/critical/instance_u40_a20_v4_seed1003_critical.txt,u40_seed1003,0.98,0.975609756097561,1.0,False,0,0,0,False
instances/research_depth_load_sweep/rho0.98_normal1/instance_u40_a20_v4_seed1003_critical.txt,b572615da5ea2b69a66ef05d1d2f83c956af412eb1a49a9690b3183b558221b1,gurobi-mip,1,1,lex-cos,weighted,1,0,520,1,10,0,544,10,51,80,37,2,2e89d655657e6565c5ecb975872229f2b89227e9d8d4becfc0d4e18894748b91,instances/corrected_v2_reduced_suite/evaluation_critical/evaluation/critical/instance_u40_a20_v4_seed1003_critical.txt,u40_seed1003,0.98,0.975609756097561,1.0,False,9,0,24,True
instances/research_depth_load_sweep/rho0.98_normal1/instance_u40_a20_v4_seed1003_critical.txt,b572615da5ea2b69a66ef05d1d2f83c956af412eb1a49a9690b3183b558221b1,gurobi-mip,1,1,lex-overtime,weighted,1,0,520,1,10,0,544,10,51,80,37,2,2e89d655657e6565c5ecb975872229f2b89227e9d8d4becfc0d4e18894748b91,instances/corrected_v2_reduced_suite/evaluation_critical/evaluation/critical/instance_u40_a20_v4_seed1003_critical.txt,u40_seed1003,0.98,0.975609756097561,1.0,False,9,0,24,True
instances/research_depth_load_sweep/rho0.85_normal1/instance_u30_a15_v4_seed1001_critical.txt,523568ae5ba6d858a7a8262b91a15b8498827a06f1de0eb79f4363291a5ba897,gurobi-mip,1,1,lex-cos,lex-overtime,0,0,443,0,0,0,443,0,0,0,0,0,cf5584e50c87aace73c609c7ad0a93612c40b8323ca8f8a5664aa14449736764,instances/corrected_v2_reduced_suite/evaluation_critical/evaluation/critical/instance_u30_a15_v4_seed1001_critical.txt,u30_seed1001,0.85,0.8450704225352113,1.0,False,0,0,0,False
instances/research_depth_load_sweep/rho0.85_normal1/instance_u30_a15_v4_seed1001_critical.txt,523568ae5ba6d858a7a8262b91a15b8498827a06f1de0eb79f4363291a5ba897,gurobi-mip,1,1,lex-cos,weighted,0,0,443,0,1,0,444,1,17,46,11,4,cf5584e50c87aace73c609c7ad0a93612c40b8323ca8f8a5664aa14449736764,instances/corrected_v2_reduced_suite/evaluation_critical/evaluation/critical/instance_u30_a15_v4_seed1001_critical.txt,u30_seed1001,0.85,0.8450704225352113,1.0,False,1,0,1,True
instances/research_depth_load_sweep/rho0.85_normal1/instance_u30_a15_v4_seed1001_critical.txt,523568ae5ba6d858a7a8262b91a15b8498827a06f1de0eb79f4363291a5ba897,gurobi-mip,1,1,lex-overtime,weighted,0,0,443,0,1,0,444,1,17,46,11,4,cf5584e50c87aace73c609c7ad0a93612c40b8323ca8f8a5664aa14449736764,instances/corrected_v2_reduced_suite/evaluation_critical/evaluation/critical/instance_u30_a15_v4_seed1001_critical.txt,u30_seed1001,0.85,0.8450704225352113,1.0,False,1,0,1,True
instances/research_depth_load_sweep/rho0.85_normal0.85/instance_u30_a15_v4_seed1003_critical.txt,1a2fbafb2974a05729c7a458b27e009b17a67dbbf649967446361307f7e124a3,gurobi-mip,1,1,lex-cos,lex-overtime,0,0,415,0,0,0,415,0,0,0,0,0,1a2fbafb2974a05729c7a458b27e009b17a67dbbf649967446361307f7e124a3,instances/corrected_v2_reduced_suite/evaluation_critical/evaluation/critical/instance_u30_a15_v4_seed1003_critical.txt,u30_seed1003,0.85,0.8450704225352113,0.85,True,0,0,0,False
instances/research_depth_load_sweep/rho0.85_normal0.85/instance_u30_a15_v4_seed1003_critical.txt,1a2fbafb2974a05729c7a458b27e009b17a67dbbf649967446361307f7e124a3,gurobi-mip,1,1,lex-cos,weighted,0,0,415,0,4,0,423,4,26,68,17,0,1a2fbafb2974a05729c7a458b27e009b17a67dbbf649967446361307f7e124a3,instances/corrected_v2_reduced_suite/evaluation_critical/evaluation/critical/instance_u30_a15_v4_seed1003_critical.txt,u30_seed1003,0.85,0.8450704225352113,0.85,True,4,0,8,True
instances/research_depth_load_sweep/rho0.85_normal0.85/instance_u30_a15_v4_seed1003_critical.txt,1a2fbafb2974a05729c7a458b27e009b17a67dbbf649967446361307f7e124a3,gurobi-mip,1,1,lex-overtime,weighted,0,0,415,0,4,0,423,4,26,68,17,0,1a2fbafb2974a05729c7a458b27e009b17a67dbbf649967446361307f7e124a3,instances/corrected_v2_reduced_suite/evaluation_critical/evaluation/critical/instance_u30_a15_v4_seed1003_critical.txt,u30_seed1003,0.85,0.8450704225352113,0.85,True,4,0,8,True
instances/research_depth_load_sweep/rho0.98_normal0.7/instance_u40_a20_v4_seed1002_critical.txt,1711adef638fbc7950d005006e68c42ac2dd8ae52be0556ba194dc9656e55c2d,gurobi-mip,1,1,lex-cos,lex-overtime,3,45,521,3,3,45,521,3,0,0,0,0,8fe397ee776a8cfb744bb77da0e91099c029a4cc2c05d5c45c831bea9ff5aa62,instances/corrected_v2_reduced_suite/evaluation_critical/evaluation/critical/instance_u40_a20_v4_seed1002_critical.txt,u40_seed1002,0.98,0.975609756097561,0.7,False,0,0,0,False
instances/research_depth_load_sweep/rho0.98_normal0.7/instance_u40_a20_v4_seed1002_critical.txt,1711adef638fbc7950d005006e68c42ac2dd8ae52be0556ba194dc9656e55c2d,gurobi-mip,1,1,lex-cos,weighted,3,45,521,3,14,45,561,14,59,74,42,2,8fe397ee776a8cfb744bb77da0e91099c029a4cc2c05d5c45c831bea9ff5aa62,instances/corrected_v2_reduced_suite/evaluation_critical/evaluation/critical/instance_u40_a20_v4_seed1002_critical.txt,u40_seed1002,0.98,0.975609756097561,0.7,False,11,0,40,True
instances/research_depth_load_sweep/rho0.98_normal0.7/instance_u40_a20_v4_seed1002_critical.txt,1711adef638fbc7950d005006e68c42ac2dd8ae52be0556ba194dc9656e55c2d,gurobi-mip,1,1,lex-overtime,weighted,3,45,521,3,14,45,561,14,59,74,42,2,8fe397ee776a8cfb744bb77da0e91099c029a4cc2c05d5c45c831bea9ff5aa62,instances/corrected_v2_reduced_suite/evaluation_critical/evaluation/critical/instance_u40_a20_v4_seed1002_critical.txt,u40_seed1002,0.98,0.975609756097561,0.7,False,11,0,40,True
instances/research_depth_load_sweep/rho0.55_normal0.85/instance_u40_a15_v5_seed1003_critical.txt,99a6c557a0e6c6c36535156917fa3857a7a0bc2e4b3edbc58850c3d72317282d,gurobi-mip,1,1,lex-cos,lex-overtime,0,0,703,0,0,0,703,0,0,0,0,0,08c9dd197d381bb1f7911fb0a8737b245d2c574183b871f4ce8688d8a15bcd12,instances/corrected_v2_reduced_suite/evaluation_critical/evaluation/critical/instance_u40_a15_v5_seed1003_critical.txt,u40_seed1003,0.55,0.5494505494505495,0.85,False,0,0,0,False
instances/research_depth_load_sweep/rho0.55_normal0.85/instance_u40_a15_v5_seed1003_critical.txt,99a6c557a0e6c6c36535156917fa3857a7a0bc2e4b3edbc58850c3d72317282d,gurobi-mip,1,1,lex-cos,weighted,0,0,703,0,11,1,736,11,45,115,22,50,08c9dd197d381bb1f7911fb0a8737b245d2c574183b871f4ce8688d8a15bcd12,instances/corrected_v2_reduced_suite/evaluation_critical/evaluation/critical/instance_u40_a15_v5_seed1003_critical.txt,u40_seed1003,0.55,0.5494505494505495,0.85,False,11,1,33,True
instances/research_depth_load_sweep/rho0.55_normal0.85/instance_u40_a15_v5_seed1003_critical.txt,99a6c557a0e6c6c36535156917fa3857a7a0bc2e4b3edbc58850c3d72317282d,gurobi-mip,1,1,lex-overtime,weighted,0,0,703,0,11,1,736,11,45,115,22,50,08c9dd197d381bb1f7911fb0a8737b245d2c574183b871f4ce8688d8a15bcd12,instances/corrected_v2_reduced_suite/evaluation_critical/evaluation/critical/instance_u40_a15_v5_seed1003_critical.txt,u40_seed1003,0.55,0.5494505494505495,0.85,False,11,1,33,True
instances/research_depth_load_sweep/rho0.98_normal1/instance_u40_a10_v5_seed1002_critical.txt,22ee329d7dd174f3bab42ad1e2f1568e0845f27358927ca988c0713da39056c4,gurobi-mip,1,1,lex-cos,lex-overtime,4,0,671,4,4,0,671,4,0,0,0,0,559a4cbe53b4c6b0b9bb730eba6ec962c70e2de70ab1b20d1f420367127f3bf9,instances/corrected_v2_reduced_suite/evaluation_critical/evaluation/critical/instance_u40_a10_v5_seed1002_critical.txt,u40_seed1002,0.98,0.975609756097561,1.0,False,0,0,0,False
instances/research_depth_load_sweep/rho0.98_normal1/instance_u40_a10_v5_seed1002_critical.txt,22ee329d7dd174f3bab42ad1e2f1568e0845f27358927ca988c0713da39056c4,gurobi-mip,1,1,lex-cos,weighted,4,0,671,4,20,0,712,20,74,101,49,2,559a4cbe53b4c6b0b9bb730eba6ec962c70e2de70ab1b20d1f420367127f3bf9,instances/corrected_v2_reduced_suite/evaluation_critical/evaluation/critical/instance_u40_a10_v5_seed1002_critical.txt,u40_seed1002,0.98,0.975609756097561,1.0,False,16,0,41,True
instances/research_depth_load_sweep/rho0.98_normal1/instance_u40_a10_v5_seed1002_critical.txt,22ee329d7dd174f3bab42ad1e2f1568e0845f27358927ca988c0713da39056c4,gurobi-mip,1,1,lex-overtime,weighted,4,0,671,4,20,0,712,20,74,101,49,2,559a4cbe53b4c6b0b9bb730eba6ec962c70e2de70ab1b20d1f420367127f3bf9,instances/corrected_v2_reduced_suite/evaluation_critical/evaluation/critical/instance_u40_a10_v5_seed1002_critical.txt,u40_seed1002,0.98,0.975609756097561,1.0,False,16,0,41,True
instances/research_depth_load_sweep/rho0.55_normal0.85/instance_u40_a15_v5_seed1002_critical.txt,d2c079e154f522b21facab62d8f48067857c36adad4283fe59e3c5d2a40eb4eb,gurobi-mip,1,1,lex-cos,lex-overtime,2,0,729,2,2,0,729,2,0,0,0,0,fbf890b517ed96fe2ae987767a36e6554398d327dac819b9cc3837ab221b32da,instances/corrected_v2_reduced_suite/evaluation_critical/evaluation/critical/instance_u40_a15_v5_seed1002_critical.txt,u40_seed1002,0.55,0.5494505494505495,0.85,False,0,0,0,False
instances/research_depth_load_sweep/rho0.55_normal0.85/instance_u40_a15_v5_seed1002_critical.txt,d2c079e154f522b21facab62d8f48067857c36adad4283fe59e3c5d2a40eb4eb,gurobi-mip,1,1,lex-cos,weighted,2,0,729,2,9,0,754,9,43,85,25,36,fbf890b517ed96fe2ae987767a36e6554398d327dac819b9cc3837ab221b32da,instances/corrected_v2_reduced_suite/evaluation_critical/evaluation/critical/instance_u40_a15_v5_seed1002_critical.txt,u40_seed1002,0.55,0.5494505494505495,0.85,False,7,0,25,True
instances/research_depth_load_sweep/rho0.55_normal0.85/instance_u40_a15_v5_seed1002_critical.txt,d2c079e154f522b21facab62d8f48067857c36adad4283fe59e3c5d2a40eb4eb,gurobi-mip,1,1,lex-overtime,weighted,2,0,729,2,9,0,754,9,43,85,25,36,fbf890b517ed96fe2ae987767a36e6554398d327dac819b9cc3837ab221b32da,instances/corrected_v2_reduced_suite/evaluation_critical/evaluation/critical/instance_u40_a15_v5_seed1002_critical.txt,u40_seed1002,0.55,0.5494505494505495,0.85,False,7,0,25,True
instances/research_depth_load_sweep/rho0.98_normal0.85/instance_u40_a25_v5_seed1002_critical.txt,cabc0c4d8fce8b132d938dcdba120b09bb2162ed6cb5e7e1a076690f087ad894,gurobi-mip,1,1,lex-cos,lex-overtime,4,26,675,4,4,26,675,4,0,0,0,0,6a86d9e04419d5434a8ac83437d7b4c9067045575a2a45a9a29888e5d862b401,instances/corrected_v2_reduced_suite/evaluation_critical/evaluation/critical/instance_u40_a25_v5_seed1002_critical.txt,u40_seed1002,0.98,0.975609756097561,0.85,False,0,0,0,False
instances/research_depth_load_sweep/rho0.98_normal0.85/instance_u40_a25_v5_seed1002_critical.txt,cabc0c4d8fce8b132d938dcdba120b09bb2162ed6cb5e7e1a076690f087ad894,gurobi-mip,1,1,lex-cos,weighted,4,26,675,4,20,26,719,20,65,105,43,0,6a86d9e04419d5434a8ac83437d7b4c9067045575a2a45a9a29888e5d862b401,instances/corrected_v2_reduced_suite/evaluation_critical/evaluation/critical/instance_u40_a25_v5_seed1002_critical.txt,u40_seed1002,0.98,0.975609756097561,0.85,False,16,0,44,True
instances/research_depth_load_sweep/rho0.98_normal0.85/instance_u40_a25_v5_seed1002_critical.txt,cabc0c4d8fce8b132d938dcdba120b09bb2162ed6cb5e7e1a076690f087ad894,gurobi-mip,1,1,lex-overtime,weighted,4,26,675,4,20,26,719,20,65,105,43,0,6a86d9e04419d5434a8ac83437d7b4c9067045575a2a45a9a29888e5d862b401,instances/corrected_v2_reduced_suite/evaluation_critical/evaluation/critical/instance_u40_a25_v5_seed1002_critical.txt,u40_seed1002,0.98,0.975609756097561,0.85,False,16,0,44,True
instances/research_depth_load_sweep/rho0.85_normal0.7/instance_u30_a25_v5_seed1002_critical.txt,a60582a75fb6c1ede48d004fb1c0823bcb8de8fee5df0791e7bf7a3c03ee5911,gurobi-mip,1,1,lex-cos,lex-overtime,2,26,520,2,2,26,520,2,0,0,0,0,13d35da4af1d246d1dc9e9e69e18e81522824e99442b070094b3ee6de84cff54,instances/corrected_v2_reduced_suite/evaluation_critical/evaluation/critical/instance_u30_a25_v5_seed1002_critical.txt,u30_seed1002,0.85,0.847457627118644,0.7,False,0,0,0,False
instances/research_depth_load_sweep/rho0.85_normal0.7/instance_u30_a25_v5_seed1002_critical.txt,a60582a75fb6c1ede48d004fb1c0823bcb8de8fee5df0791e7bf7a3c03ee5911,gurobi-mip,1,1,lex-cos,weighted,2,26,520,2,9,28,555,9,50,86,30,16,13d35da4af1d246d1dc9e9e69e18e81522824e99442b070094b3ee6de84cff54,instances/corrected_v2_reduced_suite/evaluation_critical/evaluation/critical/instance_u30_a25_v5_seed1002_critical.txt,u30_seed1002,0.85,0.847457627118644,0.7,False,7,2,35,True
instances/research_depth_load_sweep/rho0.85_normal0.7/instance_u30_a25_v5_seed1002_critical.txt,a60582a75fb6c1ede48d004fb1c0823bcb8de8fee5df0791e7bf7a3c03ee5911,gurobi-mip,1,1,lex-overtime,weighted,2,26,520,2,9,28,555,9,50,86,30,16,13d35da4af1d246d1dc9e9e69e18e81522824e99442b070094b3ee6de84cff54,instances/corrected_v2_reduced_suite/evaluation_critical/evaluation/critical/instance_u30_a25_v5_seed1002_critical.txt,u30_seed1002,0.85,0.847457627118644,0.7,False,7,2,35,True
instances/research_depth_load_sweep/rho0.85_normal0.85/instance_u40_a10_v4_seed1003_critical.txt,395a48f8a39788bea86b6f70fb9ec6a2a924a9f8f08e8639adaf51dba4e7ae85,gurobi-mip,1,1,lex-cos,lex-overtime,1,0,520,1,1,0,520,1,0,0,0,0,395a48f8a39788bea86b6f70fb9ec6a2a924a9f8f08e8639adaf51dba4e7ae85,instances/corrected_v2_reduced_suite/evaluation_critical/evaluation/critical/instance_u40_a10_v4_seed1003_critical.txt,u40_seed1003,0.85,0.8465608465608465,0.85,True,0,0,0,False
instances/research_depth_load_sweep/rho0.85_normal0.85/instance_u40_a10_v4_seed1003_critical.txt,395a48f8a39788bea86b6f70fb9ec6a2a924a9f8f08e8639adaf51dba4e7ae85,gurobi-mip,1,1,lex-cos,weighted,1,0,520,1,9,12,558,9,67,93,46,24,395a48f8a39788bea86b6f70fb9ec6a2a924a9f8f08e8639adaf51dba4e7ae85,instances/corrected_v2_reduced_suite/evaluation_critical/evaluation/critical/instance_u40_a10_v4_seed1003_critical.txt,u40_seed1003,0.85,0.8465608465608465,0.85,True,8,12,38,True
instances/research_depth_load_sweep/rho0.85_normal0.85/instance_u40_a10_v4_seed1003_critical.txt,395a48f8a39788bea86b6f70fb9ec6a2a924a9f8f08e8639adaf51dba4e7ae85,gurobi-mip,1,1,lex-overtime,weighted,1,0,520,1,9,12,558,9,67,93,46,24,395a48f8a39788bea86b6f70fb9ec6a2a924a9f8f08e8639adaf51dba4e7ae85,instances/corrected_v2_reduced_suite/evaluation_critical/evaluation/critical/instance_u40_a10_v4_seed1003_critical.txt,u40_seed1003,0.85,0.8465608465608465,0.85,True,8,12,38,True
instances/research_depth_load_sweep/rho0.55_normal0.85/instance_u30_a25_v4_seed1001_critical.txt,38669b3ce6ae949c1224b996251e03a5a08c31ef2e02d9944d8608de40083341,gurobi-mip,1,1,lex-cos,lex-overtime,0,0,474,0,0,0,474,0,0,0,0,0,7a04660fc90733bd70c078b57f1458a7d6d3407d9182f01d456779938bbe7cac,instances/corrected_v2_reduced_suite/evaluation_critical/evaluation/critical/instance_u30_a25_v4_seed1001_critical.txt,u30_seed1001,0.55,0.547945205479452,0.85,False,0,0,0,False
instances/research_depth_load_sweep/rho0.55_normal0.85/instance_u30_a25_v4_seed1001_critical.txt,38669b3ce6ae949c1224b996251e03a5a08c31ef2e02d9944d8608de40083341,gurobi-mip,1,1,lex-cos,weighted,0,0,474,0,0,0,474,0,31,49,21,22,7a04660fc90733bd70c078b57f1458a7d6d3407d9182f01d456779938bbe7cac,instances/corrected_v2_reduced_suite/evaluation_critical/evaluation/critical/instance_u30_a25_v4_seed1001_critical.txt,u30_seed1001,0.55,0.547945205479452,0.85,False,0,0,0,False
instances/research_depth_load_sweep/rho0.55_normal0.85/instance_u30_a25_v4_seed1001_critical.txt,38669b3ce6ae949c1224b996251e03a5a08c31ef2e02d9944d8608de40083341,gurobi-mip,1,1,lex-overtime,weighted,0,0,474,0,0,0,474,0,31,49,21,22,7a04660fc90733bd70c078b57f1458a7d6d3407d9182f01d456779938bbe7cac,instances/corrected_v2_reduced_suite/evaluation_critical/evaluation/critical/instance_u30_a25_v4_seed1001_critical.txt,u30_seed1001,0.55,0.547945205479452,0.85,False,0,0,0,False
instances/research_depth_load_sweep/rho0.98_normal1/instance_u40_a15_v4_seed1003_critical.txt,78a472dca2cbd90d1e212952121031e1336c773617c96c015bc449a901fea52e,gurobi-mip,1,1,lex-cos,lex-overtime,1,0,522,1,1,0,522,1,0,0,0,0,60b67ddc948fc1382700a5f01082aad04d5d3d19d708c2351412f697e9f9ead7,instances/corrected_v2_reduced_suite/evaluation_critical/evaluation/critical/instance_u40_a15_v4_seed1003_critical.txt,u40_seed1003,0.98,0.975609756097561,1.0,False,0,0,0,False
instances/research_depth_load_sweep/rho0.98_normal1/instance_u40_a15_v4_seed1003_critical.txt,78a472dca2cbd90d1e212952121031e1336c773617c96c015bc449a901fea52e,gurobi-mip,1,1,lex-cos,weighted,1,0,522,1,12,0,546,12,47,74,34,4,60b67ddc948fc1382700a5f01082aad04d5d3d19d708c2351412f697e9f9ead7,instances/corrected_v2_reduced_suite/evaluation_critical/evaluation/critical/instance_u40_a15_v4_seed1003_critical.txt,u40_seed1003,0.98,0.975609756097561,1.0,False,11,0,24,True
instances/research_depth_load_sweep/rho0.98_normal1/instance_u40_a15_v4_seed1003_critical.txt,78a472dca2cbd90d1e212952121031e1336c773617c96c015bc449a901fea52e,gurobi-mip,1,1,lex-overtime,weighted,1,0,522,1,12,0,546,12,47,74,34,4,60b67ddc948fc1382700a5f01082aad04d5d3d19d708c2351412f697e9f9ead7,instances/corrected_v2_reduced_suite/evaluation_critical/evaluation/critical/instance_u40_a15_v4_seed1003_critical.txt,u40_seed1003,0.98,0.975609756097561,1.0,False,11,0,24,True
instances/research_depth_load_sweep/rho0.85_normal0.85/instance_u40_a15_v4_seed1002_critical.txt,23421d631ba25e8a6e9fc662d65c83fe6fccb717088483d568dab2b286aa89db,gurobi-mip,1,1,lex-cos,lex-overtime,2,0,521,2,2,0,521,2,0,0,0,0,23421d631ba25e8a6e9fc662d65c83fe6fccb717088483d568dab2b286aa89db,instances/corrected_v2_reduced_suite/evaluation_critical/evaluation/critical/instance_u40_a15_v4_seed1002_critical.txt,u40_seed1002,0.85,0.8465608465608465,0.85,True,0,0,0,False
instances/research_depth_load_sweep/rho0.85_normal0.85/instance_u40_a15_v4_seed1002_critical.txt,23421d631ba25e8a6e9fc662d65c83fe6fccb717088483d568dab2b286aa89db,gurobi-mip,1,1,lex-cos,weighted,2,0,521,2,11,13,592,11,69,89,51,26,23421d631ba25e8a6e9fc662d65c83fe6fccb717088483d568dab2b286aa89db,instances/corrected_v2_reduced_suite/evaluation_critical/evaluation/critical/instance_u40_a15_v4_seed1002_critical.txt,u40_seed1002,0.85,0.8465608465608465,0.85,True,9,13,71,True
instances/research_depth_load_sweep/rho0.85_normal0.85/instance_u40_a15_v4_seed1002_critical.txt,23421d631ba25e8a6e9fc662d65c83fe6fccb717088483d568dab2b286aa89db,gurobi-mip,1,1,lex-overtime,weighted,2,0,521,2,11,13,592,11,69,89,51,26,23421d631ba25e8a6e9fc662d65c83fe6fccb717088483d568dab2b286aa89db,instances/corrected_v2_reduced_suite/evaluation_critical/evaluation/critical/instance_u40_a15_v4_seed1002_critical.txt,u40_seed1002,0.85,0.8465608465608465,0.85,True,9,13,71,True
instances/research_depth_load_sweep/rho0.98_normal1/instance_u40_a15_v5_seed1003_critical.txt,18b916730a8230d48e48a29ef653e27a434ddf806bef7f8e418bb8cc4529b70f,gurobi-mip,1,1,lex-cos,lex-overtime,1,0,656,1,1,0,656,1,0,0,0,0,08c9dd197d381bb1f7911fb0a8737b245d2c574183b871f4ce8688d8a15bcd12,instances/corrected_v2_reduced_suite/evaluation_critical/evaluation/critical/instance_u40_a15_v5_seed1003_critical.txt,u40_seed1003,0.98,0.975609756097561,1.0,False,0,0,0,False
instances/research_depth_load_sweep/rho0.98_normal1/instance_u40_a15_v5_seed1003_critical.txt,18b916730a8230d48e48a29ef653e27a434ddf806bef7f8e418bb8cc4529b70f,gurobi-mip,1,1,lex-cos,weighted,1,0,656,1,13,0,693,13,67,106,37,0,08c9dd197d381bb1f7911fb0a8737b245d2c574183b871f4ce8688d8a15bcd12,instances/corrected_v2_reduced_suite/evaluation_critical/evaluation/critical/instance_u40_a15_v5_seed1003_critical.txt,u40_seed1003,0.98,0.975609756097561,1.0,False,12,0,37,True
instances/research_depth_load_sweep/rho0.98_normal1/instance_u40_a15_v5_seed1003_critical.txt,18b916730a8230d48e48a29ef653e27a434ddf806bef7f8e418bb8cc4529b70f,gurobi-mip,1,1,lex-overtime,weighted,1,0,656,1,13,0,693,13,67,106,37,0,08c9dd197d381bb1f7911fb0a8737b245d2c574183b871f4ce8688d8a15bcd12,instances/corrected_v2_reduced_suite/evaluation_critical/evaluation/critical/instance_u40_a15_v5_seed1003_critical.txt,u40_seed1003,0.98,0.975609756097561,1.0,False,12,0,37,True
instances/research_depth_load_sweep/rho0.85_normal0.7/instance_u40_a15_v5_seed1001_critical.txt,dd4c033730d8cd6a558554b4aa9b33315367fbf5aa9dd95a837c169f9ff501dd,gurobi-mip,1,1,lex-cos,lex-overtime,0,35,729,0,0,35,729,0,0,0,0,0,addefcd65569a464f6ade877201060bec8b3edf54c9784bd4a2ce47e7fa65a0a,instances/corrected_v2_reduced_suite/evaluation_critical/evaluation/critical/instance_u40_a15_v5_seed1001_critical.txt,u40_seed1001,0.85,0.847457627118644,0.7,False,0,0,0,False
instances/research_depth_load_sweep/rho0.85_normal0.7/instance_u40_a15_v5_seed1001_critical.txt,dd4c033730d8cd6a558554b4aa9b33315367fbf5aa9dd95a837c169f9ff501dd,gurobi-mip,1,1,lex-cos,weighted,0,35,729,0,3,41,751,3,49,110,31,20,addefcd65569a464f6ade877201060bec8b3edf54c9784bd4a2ce47e7fa65a0a,instances/corrected_v2_reduced_suite/evaluation_critical/evaluation/critical/instance_u40_a15_v5_seed1001_critical.txt,u40_seed1001,0.85,0.847457627118644,0.7,False,3,6,22,True
instances/research_depth_load_sweep/rho0.85_normal0.7/instance_u40_a15_v5_seed1001_critical.txt,dd4c033730d8cd6a558554b4aa9b33315367fbf5aa9dd95a837c169f9ff501dd,gurobi-mip,1,1,lex-overtime,weighted,0,35,729,0,3,41,751,3,49,110,31,20,addefcd65569a464f6ade877201060bec8b3edf54c9784bd4a2ce47e7fa65a0a,instances/corrected_v2_reduced_suite/evaluation_critical/evaluation/critical/instance_u40_a15_v5_seed1001_critical.txt,u40_seed1001,0.85,0.847457627118644,0.7,False,3,6,22,True
instances/research_depth_load_sweep/rho0.98_normal1/instance_u40_a25_v4_seed1003_critical.txt,4186a9245828161f228d095928c72c3aafa5f081666400075362002153956de3,gurobi-mip,1,1,lex-cos,lex-overtime,1,0,521,1,1,0,521,1,0,0,0,0,3df9ad93fd31450b47bc05e23b939b69e8ff446e817f1dae19bc71c5f2d8d73d,instances/corrected_v2_reduced_suite/evaluation_critical/evaluation/critical/instance_u40_a25_v4_seed1003_critical.txt,u40_seed1003,0.98,0.975609756097561,1.0,False,0,0,0,False
instances/research_depth_load_sweep/rho0.98_normal1/instance_u40_a25_v4_seed1003_critical.txt,4186a9245828161f228d095928c72c3aafa5f081666400075362002153956de3,gurobi-mip,1,1,lex-cos,weighted,1,0,521,1,9,0,543,9,42,80,29,2,3df9ad93fd31450b47bc05e23b939b69e8ff446e817f1dae19bc71c5f2d8d73d,instances/corrected_v2_reduced_suite/evaluation_critical/evaluation/critical/instance_u40_a25_v4_seed1003_critical.txt,u40_seed1003,0.98,0.975609756097561,1.0,False,8,0,22,True
instances/research_depth_load_sweep/rho0.98_normal1/instance_u40_a25_v4_seed1003_critical.txt,4186a9245828161f228d095928c72c3aafa5f081666400075362002153956de3,gurobi-mip,1,1,lex-overtime,weighted,1,0,521,1,9,0,543,9,42,80,29,2,3df9ad93fd31450b47bc05e23b939b69e8ff446e817f1dae19bc71c5f2d8d73d,instances/corrected_v2_reduced_suite/evaluation_critical/evaluation/critical/instance_u40_a25_v4_seed1003_critical.txt,u40_seed1003,0.98,0.975609756097561,1.0,False,8,0,22,True
instances/research_depth_load_sweep/rho0.98_normal0.85/instance_u40_a25_v4_seed1001_critical.txt,3617699047504788dd58dd948091934960aff47ed8c1442d2a37f4643a9cbdd0,gurobi-mip,1,1,lex-cos,lex-overtime,0,21,570,0,0,21,570,0,0,0,0,0,03e563fb6290ae5b10f29c4bd69e140d46f5db64516b7ab5dad7e2186df2197b,instances/corrected_v2_reduced_suite/evaluation_critical/evaluation/critical/instance_u40_a25_v4_seed1001_critical.txt,u40_seed1001,0.98,0.975609756097561,0.85,False,0,0,0,False
instances/research_depth_load_sweep/rho0.98_normal0.85/instance_u40_a25_v4_seed1001_critical.txt,3617699047504788dd58dd948091934960aff47ed8c1442d2a37f4643a9cbdd0,gurobi-mip,1,1,lex-cos,weighted,0,21,570,0,2,21,579,2,33,79,27,0,03e563fb6290ae5b10f29c4bd69e140d46f5db64516b7ab5dad7e2186df2197b,instances/corrected_v2_reduced_suite/evaluation_critical/evaluation/critical/instance_u40_a25_v4_seed1001_critical.txt,u40_seed1001,0.98,0.975609756097561,0.85,False,2,0,9,True
instances/research_depth_load_sweep/rho0.98_normal0.85/instance_u40_a25_v4_seed1001_critical.txt,3617699047504788dd58dd948091934960aff47ed8c1442d2a37f4643a9cbdd0,gurobi-mip,1,1,lex-overtime,weighted,0,21,570,0,2,21,579,2,33,79,27,0,03e563fb6290ae5b10f29c4bd69e140d46f5db64516b7ab5dad7e2186df2197b,instances/corrected_v2_reduced_suite/evaluation_critical/evaluation/critical/instance_u40_a25_v4_seed1001_critical.txt,u40_seed1001,0.98,0.975609756097561,0.85,False,2,0,9,True
instances/research_depth_load_sweep/rho0.98_normal0.7/instance_u30_a10_v5_seed1002_critical.txt,74eebabe3bea8bb16068358cad822972e02e8b4022bf5809c75e17fce9010d12,gurobi-mip,1,1,lex-cos,lex-overtime,3,42,497,3,3,42,497,3,0,0,0,0,639577696bca853293d2ae7d38a7ba6a70e96d5c5a65dbe9dd57285b00a779ad,instances/corrected_v2_reduced_suite/evaluation_critical/evaluation/critical/instance_u30_a10_v5_seed1002_critical.txt,u30_seed1002,0.98,0.974025974025974,0.7,False,0,0,0,False
instances/research_depth_load_sweep/rho0.98_normal0.7/instance_u30_a10_v5_seed1002_critical.txt,74eebabe3bea8bb16068358cad822972e02e8b4022bf5809c75e17fce9010d12,gurobi-mip,1,1,lex-cos,weighted,3,42,497,3,10,42,537,10,52,75,31,0,639577696bca853293d2ae7d38a7ba6a70e96d5c5a65dbe9dd57285b00a779ad,instances/corrected_v2_reduced_suite/evaluation_critical/evaluation/critical/instance_u30_a10_v5_seed1002_critical.txt,u30_seed1002,0.98,0.974025974025974,0.7,False,7,0,40,True
instances/research_depth_load_sweep/rho0.98_normal0.7/instance_u30_a10_v5_seed1002_critical.txt,74eebabe3bea8bb16068358cad822972e02e8b4022bf5809c75e17fce9010d12,gurobi-mip,1,1,lex-overtime,weighted,3,42,497,3,10,42,537,10,52,75,31,0,639577696bca853293d2ae7d38a7ba6a70e96d5c5a65dbe9dd57285b00a779ad,instances/corrected_v2_reduced_suite/evaluation_critical/evaluation/critical/instance_u30_a10_v5_seed1002_critical.txt,u30_seed1002,0.98,0.974025974025974,0.7,False,7,0,40,True
instances/research_depth_load_sweep/rho0.98_normal0.7/instance_u40_a10_v4_seed1002_critical.txt,487850854a78534a850475b1411129d9cd2fe9b84360f828257c63d4e99bf530,gurobi-mip,1,1,lex-cos,lex-overtime,3,45,517,3,3,45,517,3,0,0,0,0,93e26e12184989f851e4f91e33046006e375b0bdc1069591b75e6f5d66e9d66b,instances/corrected_v2_reduced_suite/evaluation_critical/evaluation/critical/instance_u40_a10_v4_seed1002_critical.txt,u40_seed1002,0.98,0.975609756097561,0.7,False,0,0,0,False
instances/research_depth_load_sweep/rho0.98_normal0.7/instance_u40_a10_v4_seed1002_critical.txt,487850854a78534a850475b1411129d9cd2fe9b84360f828257c63d4e99bf530,gurobi-mip,1,1,lex-cos,weighted,3,45,517,3,14,45,558,14,53,83,37,4,93e26e12184989f851e4f91e33046006e375b0bdc1069591b75e6f5d66e9d66b,instances/corrected_v2_reduced_suite/evaluation_critical/evaluation/critical/instance_u40_a10_v4_seed1002_critical.txt,u40_seed1002,0.98,0.975609756097561,0.7,False,11,0,41,True
instances/research_depth_load_sweep/rho0.98_normal0.7/instance_u40_a10_v4_seed1002_critical.txt,487850854a78534a850475b1411129d9cd2fe9b84360f828257c63d4e99bf530,gurobi-mip,1,1,lex-overtime,weighted,3,45,517,3,14,45,558,14,53,83,37,4,93e26e12184989f851e4f91e33046006e375b0bdc1069591b75e6f5d66e9d66b,instances/corrected_v2_reduced_suite/evaluation_critical/evaluation/critical/instance_u40_a10_v4_seed1002_critical.txt,u40_seed1002,0.98,0.975609756097561,0.7,False,11,0,41,True
instances/research_depth_load_sweep/rho0.85_normal0.7/instance_u30_a25_v5_seed1003_critical.txt,f6e79bbb6df1ea3912d3ac9d058ed5bca8013b183853ac3f41bb8fd4d8973d56,gurobi-mip,1,1,lex-cos,lex-overtime,0,26,512,0,0,26,512,0,0,0,0,0,e90c35e7cece54d3787eeeb644bcf0edacb9c7c339799fb4aaa218f9d27dc487,instances/corrected_v2_reduced_suite/evaluation_critical/evaluation/critical/instance_u30_a25_v5_seed1003_critical.txt,u30_seed1003,0.85,0.847457627118644,0.7,False,0,0,0,False
instances/research_depth_load_sweep/rho0.85_normal0.7/instance_u30_a25_v5_seed1003_critical.txt,f6e79bbb6df1ea3912d3ac9d058ed5bca8013b183853ac3f41bb8fd4d8973d56,gurobi-mip,1,1,lex-cos,weighted,0,26,512,0,8,28,530,8,45,89,27,12,e90c35e7cece54d3787eeeb644bcf0edacb9c7c339799fb4aaa218f9d27dc487,instances/corrected_v2_reduced_suite/evaluation_critical/evaluation/critical/instance_u30_a25_v5_seed1003_critical.txt,u30_seed1003,0.85,0.847457627118644,0.7,False,8,2,18,True
instances/research_depth_load_sweep/rho0.85_normal0.7/instance_u30_a25_v5_seed1003_critical.txt,f6e79bbb6df1ea3912d3ac9d058ed5bca8013b183853ac3f41bb8fd4d8973d56,gurobi-mip,1,1,lex-overtime,weighted,0,26,512,0,8,28,530,8,45,89,27,12,e90c35e7cece54d3787eeeb644bcf0edacb9c7c339799fb4aaa218f9d27dc487,instances/corrected_v2_reduced_suite/evaluation_critical/evaluation/critical/instance_u30_a25_v5_seed1003_critical.txt,u30_seed1003,0.85,0.847457627118644,0.7,False,8,2,18,True
instances/research_depth_load_sweep/rho0.85_normal1/instance_u30_a15_v4_seed1003_critical.txt,4fe405d247da1c157b8360a2766bfdbdc1af744dfb0f001f6c11f39ba6381667,gurobi-mip,1,1,lex-cos,lex-overtime,0,0,420,0,0,0,420,0,0,0,0,0,1a2fbafb2974a05729c7a458b27e009b17a67dbbf649967446361307f7e124a3,instances/corrected_v2_reduced_suite/evaluation_critical/evaluation/critical/instance_u30_a15_v4_seed1003_critical.txt,u30_seed1003,0.85,0.8450704225352113,1.0,False,0,0,0,False
instances/research_depth_load_sweep/rho0.85_normal1/instance_u30_a15_v4_seed1003_critical.txt,4fe405d247da1c157b8360a2766bfdbdc1af744dfb0f001f6c11f39ba6381667,gurobi-mip,1,1,lex-cos,weighted,0,0,420,0,4,0,426,4,27,57,19,12,1a2fbafb2974a05729c7a458b27e009b17a67dbbf649967446361307f7e124a3,instances/corrected_v2_reduced_suite/evaluation_critical/evaluation/critical/instance_u30_a15_v4_seed1003_critical.txt,u30_seed1003,0.85,0.8450704225352113,1.0,False,4,0,6,True
instances/research_depth_load_sweep/rho0.85_normal1/instance_u30_a15_v4_seed1003_critical.txt,4fe405d247da1c157b8360a2766bfdbdc1af744dfb0f001f6c11f39ba6381667,gurobi-mip,1,1,lex-overtime,weighted,0,0,420,0,4,0,426,4,27,57,19,12,1a2fbafb2974a05729c7a458b27e009b17a67dbbf649967446361307f7e124a3,instances/corrected_v2_reduced_suite/evaluation_critical/evaluation/critical/instance_u30_a15_v4_seed1003_critical.txt,u30_seed1003,0.85,0.8450704225352113,1.0,False,4,0,6,True
instances/research_depth_load_sweep/rho0.55_normal1/instance_u30_a20_v5_seed1001_critical.txt,ffcf998caf48ef252ceac80b32cbed34f6e804943234b09cf3f0fe6c175228cd,gurobi-mip,1,1,lex-cos,lex-overtime,0,0,591,0,0,0,591,0,0,0,0,0,22ee92263371ecea73d08de26b04d5edec6fc04579a52160b302a4510f99ac1e,instances/corrected_v2_reduced_suite/evaluation_critical/evaluation/critical/instance_u30_a20_v5_seed1001_critical.txt,u30_seed1001,0.55,0.5494505494505495,1.0,False,0,0,0,False
instances/research_depth_load_sweep/rho0.55_normal1/instance_u30_a20_v5_seed1001_critical.txt,ffcf998caf48ef252ceac80b32cbed34f6e804943234b09cf3f0fe6c175228cd,gurobi-mip,1,1,lex-cos,weighted,0,0,591,0,0,0,591,0,25,68,19,30,22ee92263371ecea73d08de26b04d5edec6fc04579a52160b302a4510f99ac1e,instances/corrected_v2_reduced_suite/evaluation_critical/evaluation/critical/instance_u30_a20_v5_seed1001_critical.txt,u30_seed1001,0.55,0.5494505494505495,1.0,False,0,0,0,False
instances/research_depth_load_sweep/rho0.55_normal1/instance_u30_a20_v5_seed1001_critical.txt,ffcf998caf48ef252ceac80b32cbed34f6e804943234b09cf3f0fe6c175228cd,gurobi-mip,1,1,lex-overtime,weighted,0,0,591,0,0,0,591,0,25,68,19,30,22ee92263371ecea73d08de26b04d5edec6fc04579a52160b302a4510f99ac1e,instances/corrected_v2_reduced_suite/evaluation_critical/evaluation/critical/instance_u30_a20_v5_seed1001_critical.txt,u30_seed1001,0.55,0.5494505494505495,1.0,False,0,0,0,False
instances/research_depth_load_sweep/rho0.85_normal0.7/instance_u40_a20_v5_seed1001_critical.txt,10ce7bba87ec28b0092a30f53ecf324d82c33f53f203bb1545f175accf3e7bec,gurobi-mip,1,1,lex-cos,lex-overtime,0,35,734,0,0,35,734,0,0,0,0,0,9b4ded7517693f18fc14c67224a40507d9d4088119616e90b89f0bbcadb2445d,instances/corrected_v2_reduced_suite/evaluation_critical/evaluation/critical/instance_u40_a20_v5_seed1001_critical.txt,u40_seed1001,0.85,0.847457627118644,0.7,False,0,0,0,False
instances/research_depth_load_sweep/rho0.85_normal0.7/instance_u40_a20_v5_seed1001_critical.txt,10ce7bba87ec28b0092a30f53ecf324d82c33f53f203bb1545f175accf3e7bec,gurobi-mip,1,1,lex-cos,weighted,0,35,734,0,3,41,757,3,52,114,33,20,9b4ded7517693f18fc14c67224a40507d9d4088119616e90b89f0bbcadb2445d,instances/corrected_v2_reduced_suite/evaluation_critical/evaluation/critical/instance_u40_a20_v5_seed1001_critical.txt,u40_seed1001,0.85,0.847457627118644,0.7,False,3,6,23,True
instances/research_depth_load_sweep/rho0.85_normal0.7/instance_u40_a20_v5_seed1001_critical.txt,10ce7bba87ec28b0092a30f53ecf324d82c33f53f203bb1545f175accf3e7bec,gurobi-mip,1,1,lex-overtime,weighted,0,35,734,0,3,41,757,3,52,114,33,20,9b4ded7517693f18fc14c67224a40507d9d4088119616e90b89f0bbcadb2445d,instances/corrected_v2_reduced_suite/evaluation_critical/evaluation/critical/instance_u40_a20_v5_seed1001_critical.txt,u40_seed1001,0.85,0.847457627118644,0.7,False,3,6,23,True
instances/research_depth_load_sweep/rho0.55_normal0.85/instance_u40_a20_v4_seed1001_critical.txt,b99cdc9d5192e484b4f02e8b23b6c7a0e08fc622f10aef9c053ee3f8104140a3,gurobi-mip,1,1,lex-cos,lex-overtime,0,0,620,0,0,0,620,0,0,0,0,0,f05bb4ba1ebe8ecf0e95e0508ba8cba7463abb6f7c5a573eafb693c49e861cc0,instances/corrected_v2_reduced_suite/evaluation_critical/evaluation/critical/instance_u40_a20_v4_seed1001_critical.txt,u40_seed1001,0.55,0.5498281786941581,0.85,False,0,0,0,False
instances/research_depth_load_sweep/rho0.55_normal0.85/instance_u40_a20_v4_seed1001_critical.txt,b99cdc9d5192e484b4f02e8b23b6c7a0e08fc622f10aef9c053ee3f8104140a3,gurobi-mip,1,1,lex-cos,weighted,0,0,620,0,4,0,629,4,59,93,36,42,f05bb4ba1ebe8ecf0e95e0508ba8cba7463abb6f7c5a573eafb693c49e861cc0,instances/corrected_v2_reduced_suite/evaluation_critical/evaluation/critical/instance_u40_a20_v4_seed1001_critical.txt,u40_seed1001,0.55,0.5498281786941581,0.85,False,4,0,9,True
instances/research_depth_load_sweep/rho0.55_normal0.85/instance_u40_a20_v4_seed1001_critical.txt,b99cdc9d5192e484b4f02e8b23b6c7a0e08fc622f10aef9c053ee3f8104140a3,gurobi-mip,1,1,lex-overtime,weighted,0,0,620,0,4,0,629,4,59,93,36,42,f05bb4ba1ebe8ecf0e95e0508ba8cba7463abb6f7c5a573eafb693c49e861cc0,instances/corrected_v2_reduced_suite/evaluation_critical/evaluation/critical/instance_u40_a20_v4_seed1001_critical.txt,u40_seed1001,0.55,0.5498281786941581,0.85,False,4,0,9,True
instances/research_depth_load_sweep/rho0.55_normal0.7/instance_u30_a10_v4_seed1003_critical.txt,46a01998bcb2c64e69e5524c8ad5dffee0df232f8ae59afb133e3784ca328136,gurobi-mip,1,1,lex-cos,lex-overtime,0,0,412,0,0,0,412,0,0,0,0,0,ecef75f227343cde9e2c9dfd880ff2779326fa051917a8a437023079d7d1ee16,instances/corrected_v2_reduced_suite/evaluation_critical/evaluation/critical/instance_u30_a10_v4_seed1003_critical.txt,u30_seed1003,0.55,0.547945205479452,0.7,False,0,0,0,False
instances/research_depth_load_sweep/rho0.55_normal0.7/instance_u30_a10_v4_seed1003_critical.txt,46a01998bcb2c64e69e5524c8ad5dffee0df232f8ae59afb133e3784ca328136,gurobi-mip,1,1,lex-cos,weighted,0,0,412,0,3,0,416,3,38,56,24,24,ecef75f227343cde9e2c9dfd880ff2779326fa051917a8a437023079d7d1ee16,instances/corrected_v2_reduced_suite/evaluation_critical/evaluation/critical/instance_u30_a10_v4_seed1003_critical.txt,u30_seed1003,0.55,0.547945205479452,0.7,False,3,0,4,True
instances/research_depth_load_sweep/rho0.55_normal0.7/instance_u30_a10_v4_seed1003_critical.txt,46a01998bcb2c64e69e5524c8ad5dffee0df232f8ae59afb133e3784ca328136,gurobi-mip,1,1,lex-overtime,weighted,0,0,412,0,3,0,416,3,38,56,24,24,ecef75f227343cde9e2c9dfd880ff2779326fa051917a8a437023079d7d1ee16,instances/corrected_v2_reduced_suite/evaluation_critical/evaluation/critical/instance_u30_a10_v4_seed1003_critical.txt,u30_seed1003,0.55,0.547945205479452,0.7,False,3,0,4,True
instances/research_depth_load_sweep/rho0.85_normal0.7/instance_u30_a15_v4_seed1001_critical.txt,6b25465a5d6ca5a38a963b442c26646a34ca104efda76a4aa4902225ce328c94,gurobi-mip,1,1,lex-cos,lex-overtime,0,21,430,0,0,21,430,0,0,0,0,0,cf5584e50c87aace73c609c7ad0a93612c40b8323ca8f8a5664aa14449736764,instances/corrected_v2_reduced_suite/evaluation_critical/evaluation/critical/instance_u30_a15_v4_seed1001_critical.txt,u30_seed1001,0.85,0.8450704225352113,0.7,False,0,0,0,False
instances/research_depth_load_sweep/rho0.85_normal0.7/instance_u30_a15_v4_seed1001_critical.txt,6b25465a5d6ca5a38a963b442c26646a34ca104efda76a4aa4902225ce328c94,gurobi-mip,1,1,lex-cos,weighted,0,21,430,0,1,27,442,1,32,61,19,12,cf5584e50c87aace73c609c7ad0a93612c40b8323ca8f8a5664aa14449736764,instances/corrected_v2_reduced_suite/evaluation_critical/evaluation/critical/instance_u30_a15_v4_seed1001_critical.txt,u30_seed1001,0.85,0.8450704225352113,0.7,False,1,6,12,True
instances/research_depth_load_sweep/rho0.85_normal0.7/instance_u30_a15_v4_seed1001_critical.txt,6b25465a5d6ca5a38a963b442c26646a34ca104efda76a4aa4902225ce328c94,gurobi-mip,1,1,lex-overtime,weighted,0,21,430,0,1,27,442,1,32,61,19,12,cf5584e50c87aace73c609c7ad0a93612c40b8323ca8f8a5664aa14449736764,instances/corrected_v2_reduced_suite/evaluation_critical/evaluation/critical/instance_u30_a15_v4_seed1001_critical.txt,u30_seed1001,0.85,0.8450704225352113,0.7,False,1,6,12,True
instances/research_depth_load_sweep/rho0.55_normal1/instance_u30_a15_v5_seed1002_critical.txt,ad901d3a221c12e52479366e63925afc988ff2dadbf096431c493c48bf797820,gurobi-mip,1,1,lex-cos,lex-overtime,2,0,531,2,2,0,531,2,0,0,0,0,62008dec11bbf59cff06c3683881ade351ca92418b870d35d1f1890238c858bd,instances/corrected_v2_reduced_suite/evaluation_critical/evaluation/critical/instance_u30_a15_v5_seed1002_critical.txt,u30_seed1002,0.55,0.5494505494505495,1.0,False,0,0,0,False
instances/research_depth_load_sweep/rho0.55_normal1/instance_u30_a15_v5_seed1002_critical.txt,ad901d3a221c12e52479366e63925afc988ff2dadbf096431c493c48bf797820,gurobi-mip,1,1,lex-cos,weighted,2,0,531,2,9,0,561,9,49,74,27,48,62008dec11bbf59cff06c3683881ade351ca92418b870d35d1f1890238c858bd,instances/corrected_v2_reduced_suite/evaluation_critical/evaluation/critical/instance_u30_a15_v5_seed1002_critical.txt,u30_seed1002,0.55,0.5494505494505495,1.0,False,7,0,30,True
instances/research_depth_load_sweep/rho0.55_normal1/instance_u30_a15_v5_seed1002_critical.txt,ad901d3a221c12e52479366e63925afc988ff2dadbf096431c493c48bf797820,gurobi-mip,1,1,lex-overtime,weighted,2,0,531,2,9,0,561,9,49,74,27,48,62008dec11bbf59cff06c3683881ade351ca92418b870d35d1f1890238c858bd,instances/corrected_v2_reduced_suite/evaluation_critical/evaluation/critical/instance_u30_a15_v5_seed1002_critical.txt,u30_seed1002,0.55,0.5494505494505495,1.0,False,7,0,30,True
instances/research_depth_load_sweep/rho0.98_normal1/instance_u30_a15_v4_seed1001_critical.txt,eb47750fa037dcb777c8f5c38acd712f7f9f079fa87e7eab422021ea385f4da0,gurobi-mip,1,1,lex-cos,lex-overtime,0,0,415,0,0,0,415,0,0,0,0,0,cf5584e50c87aace73c609c7ad0a93612c40b8323ca8f8a5664aa14449736764,instances/corrected_v2_reduced_suite/evaluation_critical/evaluation/critical/instance_u30_a15_v4_seed1001_critical.txt,u30_seed1001,0.98,0.975609756097561,1.0,False,0,0,0,False
instances/research_depth_load_sweep/rho0.98_normal1/instance_u30_a15_v4_seed1001_critical.txt,eb47750fa037dcb777c8f5c38acd712f7f9f079fa87e7eab422021ea385f4da0,gurobi-mip,1,1,lex-cos,weighted,0,0,415,0,1,0,416,1,31,58,20,0,cf5584e50c87aace73c609c7ad0a93612c40b8323ca8f8a5664aa14449736764,instances/corrected_v2_reduced_suite/evaluation_critical/evaluation/critical/instance_u30_a15_v4_seed1001_critical.txt,u30_seed1001,0.98,0.975609756097561,1.0,False,1,0,1,True
instances/research_depth_load_sweep/rho0.98_normal1/instance_u30_a15_v4_seed1001_critical.txt,eb47750fa037dcb777c8f5c38acd712f7f9f079fa87e7eab422021ea385f4da0,gurobi-mip,1,1,lex-overtime,weighted,0,0,415,0,1,0,416,1,31,58,20,0,cf5584e50c87aace73c609c7ad0a93612c40b8323ca8f8a5664aa14449736764,instances/corrected_v2_reduced_suite/evaluation_critical/evaluation/critical/instance_u30_a15_v4_seed1001_critical.txt,u30_seed1001,0.98,0.975609756097561,1.0,False,1,0,1,True
instances/research_depth_load_sweep/rho0.85_normal1/instance_u30_a25_v4_seed1001_critical.txt,36a0142a2be44649f05dea6f38c4e45cafb282f91ac5a411b989479994996e61,gurobi-mip,1,1,lex-cos,lex-overtime,0,0,449,0,0,0,449,0,0,0,0,0,7a04660fc90733bd70c078b57f1458a7d6d3407d9182f01d456779938bbe7cac,instances/corrected_v2_reduced_suite/evaluation_critical/evaluation/critical/instance_u30_a25_v4_seed1001_critical.txt,u30_seed1001,0.85,0.8450704225352113,1.0,False,0,0,0,False
instances/research_depth_load_sweep/rho0.85_normal1/instance_u30_a25_v4_seed1001_critical.txt,36a0142a2be44649f05dea6f38c4e45cafb282f91ac5a411b989479994996e61,gurobi-mip,1,1,lex-cos,weighted,0,0,449,0,1,0,450,1,31,64,20,4,7a04660fc90733bd70c078b57f1458a7d6d3407d9182f01d456779938bbe7cac,instances/corrected_v2_reduced_suite/evaluation_critical/evaluation/critical/instance_u30_a25_v4_seed1001_critical.txt,u30_seed1001,0.85,0.8450704225352113,1.0,False,1,0,1,True
instances/research_depth_load_sweep/rho0.85_normal1/instance_u30_a25_v4_seed1001_critical.txt,36a0142a2be44649f05dea6f38c4e45cafb282f91ac5a411b989479994996e61,gurobi-mip,1,1,lex-overtime,weighted,0,0,449,0,1,0,450,1,31,64,20,4,7a04660fc90733bd70c078b57f1458a7d6d3407d9182f01d456779938bbe7cac,instances/corrected_v2_reduced_suite/evaluation_critical/evaluation/critical/instance_u30_a25_v4_seed1001_critical.txt,u30_seed1001,0.85,0.8450704225352113,1.0,False,1,0,1,True
instances/research_depth_load_sweep/rho0.98_normal1/instance_u40_a20_v4_seed1002_critical.txt,32deea76d0a78ac35908cb184dec69b9f81ff8d8b0ce0959a7a208ca5b117d1b,gurobi-mip,1,1,lex-cos,lex-overtime,3,0,521,3,3,0,521,3,0,0,0,0,8fe397ee776a8cfb744bb77da0e91099c029a4cc2c05d5c45c831bea9ff5aa62,instances/corrected_v2_reduced_suite/evaluation_critical/evaluation/critical/instance_u40_a20_v4_seed1002_critical.txt,u40_seed1002,0.98,0.975609756097561,1.0,False,0,0,0,False
instances/research_depth_load_sweep/rho0.98_normal1/instance_u40_a20_v4_seed1002_critical.txt,32deea76d0a78ac35908cb184dec69b9f81ff8d8b0ce0959a7a208ca5b117d1b,gurobi-mip,1,1,lex-cos,weighted,3,0,521,3,14,0,561,14,54,86,40,2,8fe397ee776a8cfb744bb77da0e91099c029a4cc2c05d5c45c831bea9ff5aa62,instances/corrected_v2_reduced_suite/evaluation_critical/evaluation/critical/instance_u40_a20_v4_seed1002_critical.txt,u40_seed1002,0.98,0.975609756097561,1.0,False,11,0,40,True
instances/research_depth_load_sweep/rho0.98_normal1/instance_u40_a20_v4_seed1002_critical.txt,32deea76d0a78ac35908cb184dec69b9f81ff8d8b0ce0959a7a208ca5b117d1b,gurobi-mip,1,1,lex-overtime,weighted,3,0,521,3,14,0,561,14,54,86,40,2,8fe397ee776a8cfb744bb77da0e91099c029a4cc2c05d5c45c831bea9ff5aa62,instances/corrected_v2_reduced_suite/evaluation_critical/evaluation/critical/instance_u40_a20_v4_seed1002_critical.txt,u40_seed1002,0.98,0.975609756097561,1.0,False,11,0,40,True
instances/research_depth_load_sweep/rho0.55_normal0.7/instance_u30_a20_v5_seed1003_critical.txt,1d58d1dda92f15851eb3c52ae4493a19fd037a1da611d677daddcd8a745518cb,gurobi-mip,1,1,lex-cos,lex-overtime,0,0,532,0,0,0,532,0,0,0,0,0,65de3dfdc16f9c773e9874c2357071bf31732b49485a995a839ed1f4d259a558,instances/corrected_v2_reduced_suite/evaluation_critical/evaluation/critical/instance_u30_a20_v5_seed1003_critical.txt,u30_seed1003,0.55,0.5494505494505495,0.7,False,0,0,0,False
instances/research_depth_load_sweep/rho0.55_normal0.7/instance_u30_a20_v5_seed1003_critical.txt,1d58d1dda92f15851eb3c52ae4493a19fd037a1da611d677daddcd8a745518cb,gurobi-mip,1,1,lex-cos,weighted,0,0,532,0,4,2,543,4,43,72,24,22,65de3dfdc16f9c773e9874c2357071bf31732b49485a995a839ed1f4d259a558,instances/corrected_v2_reduced_suite/evaluation_critical/evaluation/critical/instance_u30_a20_v5_seed1003_critical.txt,u30_seed1003,0.55,0.5494505494505495,0.7,False,4,2,11,True
instances/research_depth_load_sweep/rho0.55_normal0.7/instance_u30_a20_v5_seed1003_critical.txt,1d58d1dda92f15851eb3c52ae4493a19fd037a1da611d677daddcd8a745518cb,gurobi-mip,1,1,lex-overtime,weighted,0,0,532,0,4,2,543,4,43,72,24,22,65de3dfdc16f9c773e9874c2357071bf31732b49485a995a839ed1f4d259a558,instances/corrected_v2_reduced_suite/evaluation_critical/evaluation/critical/instance_u30_a20_v5_seed1003_critical.txt,u30_seed1003,0.55,0.5494505494505495,0.7,False,4,2,11,True
instances/research_depth_load_sweep/rho0.55_normal1/instance_u40_a25_v5_seed1002_critical.txt,ea2ee1f1a0ae76f2b7b271d0e6452b0e065f93cc33fe2f8cd8f58965c7042d59,gurobi-mip,1,1,lex-cos,lex-overtime,0,0,754,0,0,0,754,0,0,0,0,0,6a86d9e04419d5434a8ac83437d7b4c9067045575a2a45a9a29888e5d862b401,instances/corrected_v2_reduced_suite/evaluation_critical/evaluation/critical/instance_u40_a25_v5_seed1002_critical.txt,u40_seed1002,0.55,0.5494505494505495,1.0,False,0,0,0,False
instances/research_depth_load_sweep/rho0.55_normal1/instance_u40_a25_v5_seed1002_critical.txt,ea2ee1f1a0ae76f2b7b271d0e6452b0e065f93cc33fe2f8cd8f58965c7042d59,gurobi-mip,1,1,lex-cos,weighted,0,0,754,0,5,0,771,5,54,109,34,66,6a86d9e04419d5434a8ac83437d7b4c9067045575a2a45a9a29888e5d862b401,instances/corrected_v2_reduced_suite/evaluation_critical/evaluation/critical/instance_u40_a25_v5_seed1002_critical.txt,u40_seed1002,0.55,0.5494505494505495,1.0,False,5,0,17,True
instances/research_depth_load_sweep/rho0.55_normal1/instance_u40_a25_v5_seed1002_critical.txt,ea2ee1f1a0ae76f2b7b271d0e6452b0e065f93cc33fe2f8cd8f58965c7042d59,gurobi-mip,1,1,lex-overtime,weighted,0,0,754,0,5,0,771,5,54,109,34,66,6a86d9e04419d5434a8ac83437d7b4c9067045575a2a45a9a29888e5d862b401,instances/corrected_v2_reduced_suite/evaluation_critical/evaluation/critical/instance_u40_a25_v5_seed1002_critical.txt,u40_seed1002,0.55,0.5494505494505495,1.0,False,5,0,17,True
instances/research_depth_load_sweep/rho0.55_normal0.7/instance_u30_a25_v5_seed1003_critical.txt,20b49b12f921e748c357e300ca54cfd09949186b488ec500fdf3fadaa6dd2ab6,gurobi-mip,1,1,lex-cos,lex-overtime,0,0,535,0,0,0,535,0,0,0,0,0,e90c35e7cece54d3787eeeb644bcf0edacb9c7c339799fb4aaa218f9d27dc487,instances/corrected_v2_reduced_suite/evaluation_critical/evaluation/critical/instance_u30_a25_v5_seed1003_critical.txt,u30_seed1003,0.55,0.5494505494505495,0.7,False,0,0,0,False
instances/research_depth_load_sweep/rho0.55_normal0.7/instance_u30_a25_v5_seed1003_critical.txt,20b49b12f921e748c357e300ca54cfd09949186b488ec500fdf3fadaa6dd2ab6,gurobi-mip,1,1,lex-cos,weighted,0,0,535,0,3,2,547,3,57,72,32,30,e90c35e7cece54d3787eeeb644bcf0edacb9c7c339799fb4aaa218f9d27dc487,instances/corrected_v2_reduced_suite/evaluation_critical/evaluation/critical/instance_u30_a25_v5_seed1003_critical.txt,u30_seed1003,0.55,0.5494505494505495,0.7,False,3,2,12,True
instances/research_depth_load_sweep/rho0.55_normal0.7/instance_u30_a25_v5_seed1003_critical.txt,20b49b12f921e748c357e300ca54cfd09949186b488ec500fdf3fadaa6dd2ab6,gurobi-mip,1,1,lex-overtime,weighted,0,0,535,0,3,2,547,3,57,72,32,30,e90c35e7cece54d3787eeeb644bcf0edacb9c7c339799fb4aaa218f9d27dc487,instances/corrected_v2_reduced_suite/evaluation_critical/evaluation/critical/instance_u30_a25_v5_seed1003_critical.txt,u30_seed1003,0.55,0.5494505494505495,0.7,False,3,2,12,True
instances/research_depth_load_sweep/rho0.85_normal0.85/instance_u30_a20_v4_seed1003_critical.txt,68e2b74d850c1069e78bc56681e6d252a2a8df6699aceb2e6aaffeff722beca0,gurobi-mip,1,1,lex-cos,lex-overtime,0,0,415,0,0,0,415,0,0,0,0,0,68e2b74d850c1069e78bc56681e6d252a2a8df6699aceb2e6aaffeff722beca0,instances/corrected_v2_reduced_suite/evaluation_critical/evaluation/critical/instance_u30_a20_v4_seed1003_critical.txt,u30_seed1003,0.85,0.8450704225352113,0.85,True,0,0,0,False
instances/research_depth_load_sweep/rho0.85_normal0.85/instance_u30_a20_v4_seed1003_critical.txt,68e2b74d850c1069e78bc56681e6d252a2a8df6699aceb2e6aaffeff722beca0,gurobi-mip,1,1,lex-cos,weighted,0,0,415,0,6,2,429,6,38,66,25,4,68e2b74d850c1069e78bc56681e6d252a2a8df6699aceb2e6aaffeff722beca0,instances/corrected_v2_reduced_suite/evaluation_critical/evaluation/critical/instance_u30_a20_v4_seed1003_critical.txt,u30_seed1003,0.85,0.8450704225352113,0.85,True,6,2,14,True
instances/research_depth_load_sweep/rho0.85_normal0.85/instance_u30_a20_v4_seed1003_critical.txt,68e2b74d850c1069e78bc56681e6d252a2a8df6699aceb2e6aaffeff722beca0,gurobi-mip,1,1,lex-overtime,weighted,0,0,415,0,6,2,429,6,38,66,25,4,68e2b74d850c1069e78bc56681e6d252a2a8df6699aceb2e6aaffeff722beca0,instances/corrected_v2_reduced_suite/evaluation_critical/evaluation/critical/instance_u30_a20_v4_seed1003_critical.txt,u30_seed1003,0.85,0.8450704225352113,0.85,True,6,2,14,True
instances/research_depth_load_sweep/rho0.85_normal0.7/instance_u30_a10_v4_seed1002_critical.txt,d22a6682e232da6b4cea0ddf7776b1c6b980eb3820efdddf62f118788a1ba0ee,gurobi-mip,1,1,lex-cos,lex-overtime,2,21,414,2,2,21,414,2,0,0,0,0,bf02b641d1ae8d30c144fab0d28c5aca968d3331c2c020b30c1e45791af1e438,instances/corrected_v2_reduced_suite/evaluation_critical/evaluation/critical/instance_u30_a10_v4_seed1002_critical.txt,u30_seed1002,0.85,0.8450704225352113,0.7,False,0,0,0,False
instances/research_depth_load_sweep/rho0.85_normal0.7/instance_u30_a10_v4_seed1002_critical.txt,d22a6682e232da6b4cea0ddf7776b1c6b980eb3820efdddf62f118788a1ba0ee,gurobi-mip,1,1,lex-cos,weighted,2,21,414,2,5,24,429,5,37,54,28,16,bf02b641d1ae8d30c144fab0d28c5aca968d3331c2c020b30c1e45791af1e438,instances/corrected_v2_reduced_suite/evaluation_critical/evaluation/critical/instance_u30_a10_v4_seed1002_critical.txt,u30_seed1002,0.85,0.8450704225352113,0.7,False,3,3,15,True
instances/research_depth_load_sweep/rho0.85_normal0.7/instance_u30_a10_v4_seed1002_critical.txt,d22a6682e232da6b4cea0ddf7776b1c6b980eb3820efdddf62f118788a1ba0ee,gurobi-mip,1,1,lex-overtime,weighted,2,21,414,2,5,24,429,5,37,54,28,16,bf02b641d1ae8d30c144fab0d28c5aca968d3331c2c020b30c1e45791af1e438,instances/corrected_v2_reduced_suite/evaluation_critical/evaluation/critical/instance_u30_a10_v4_seed1002_critical.txt,u30_seed1002,0.85,0.8450704225352113,0.7,False,3,3,15,True
instances/research_depth_load_sweep/rho0.98_normal0.7/instance_u30_a25_v4_seed1001_critical.txt,152f06a1d33d2d40eab2670435b8ae7277f3061d95495acb9f1a10f264fb53eb,gurobi-mip,1,1,lex-cos,lex-overtime,0,34,414,0,0,34,414,0,0,0,0,0,7a04660fc90733bd70c078b57f1458a7d6d3407d9182f01d456779938bbe7cac,instances/corrected_v2_reduced_suite/evaluation_critical/evaluation/critical/instance_u30_a25_v4_seed1001_critical.txt,u30_seed1001,0.98,0.975609756097561,0.7,False,0,0,0,False
instances/research_depth_load_sweep/rho0.98_normal0.7/instance_u30_a25_v4_seed1001_critical.txt,152f06a1d33d2d40eab2670435b8ae7277f3061d95495acb9f1a10f264fb53eb,gurobi-mip,1,1,lex-cos,weighted,0,34,414,0,0,34,414,0,32,49,21,0,7a04660fc90733bd70c078b57f1458a7d6d3407d9182f01d456779938bbe7cac,instances/corrected_v2_reduced_suite/evaluation_critical/evaluation/critical/instance_u30_a25_v4_seed1001_critical.txt,u30_seed1001,0.98,0.975609756097561,0.7,False,0,0,0,False
instances/research_depth_load_sweep/rho0.98_normal0.7/instance_u30_a25_v4_seed1001_critical.txt,152f06a1d33d2d40eab2670435b8ae7277f3061d95495acb9f1a10f264fb53eb,gurobi-mip,1,1,lex-overtime,weighted,0,34,414,0,0,34,414,0,32,49,21,0,7a04660fc90733bd70c078b57f1458a7d6d3407d9182f01d456779938bbe7cac,instances/corrected_v2_reduced_suite/evaluation_critical/evaluation/critical/instance_u30_a25_v4_seed1001_critical.txt,u30_seed1001,0.98,0.975609756097561,0.7,False,0,0,0,False
instances/research_depth_load_sweep/rho0.85_normal0.85/instance_u30_a15_v5_seed1003_critical.txt,64a7b2c2ff975f7b043d37a3b7cd606305b2dcbf5aed735f467f0ff6c51b422e,gurobi-mip,1,1,lex-cos,lex-overtime,0,0,491,0,0,0,491,0,0,0,0,0,64a7b2c2ff975f7b043d37a3b7cd606305b2dcbf5aed735f467f0ff6c51b422e,instances/corrected_v2_reduced_suite/evaluation_critical/evaluation/critical/instance_u30_a15_v5_seed1003_critical.txt,u30_seed1003,0.85,0.847457627118644,0.85,True,0,0,0,False
instances/research_depth_load_sweep/rho0.85_normal0.85/instance_u30_a15_v5_seed1003_critical.txt,64a7b2c2ff975f7b043d37a3b7cd606305b2dcbf5aed735f467f0ff6c51b422e,gurobi-mip,1,1,lex-cos,weighted,0,0,491,0,6,7,522,6,57,87,32,14,64a7b2c2ff975f7b043d37a3b7cd606305b2dcbf5aed735f467f0ff6c51b422e,instances/corrected_v2_reduced_suite/evaluation_critical/evaluation/critical/instance_u30_a15_v5_seed1003_critical.txt,u30_seed1003,0.85,0.847457627118644,0.85,True,6,7,31,True
instances/research_depth_load_sweep/rho0.85_normal0.85/instance_u30_a15_v5_seed1003_critical.txt,64a7b2c2ff975f7b043d37a3b7cd606305b2dcbf5aed735f467f0ff6c51b422e,gurobi-mip,1,1,lex-overtime,weighted,0,0,491,0,6,7,522,6,57,87,32,14,64a7b2c2ff975f7b043d37a3b7cd606305b2dcbf5aed735f467f0ff6c51b422e,instances/corrected_v2_reduced_suite/evaluation_critical/evaluation/critical/instance_u30_a15_v5_seed1003_critical.txt,u30_seed1003,0.85,0.847457627118644,0.85,True,6,7,31,True
instances/research_depth_load_sweep/rho0.98_normal0.85/instance_u40_a10_v5_seed1002_critical.txt,a0b7476a15ea4c4bac744000e7b6a4158eaee0ac67a78664290823cd0246dfbc,gurobi-mip,1,1,lex-cos,lex-overtime,4,26,671,4,4,26,671,4,0,0,0,0,559a4cbe53b4c6b0b9bb730eba6ec962c70e2de70ab1b20d1f420367127f3bf9,instances/corrected_v2_reduced_suite/evaluation_critical/evaluation/critical/instance_u40_a10_v5_seed1002_critical.txt,u40_seed1002,0.98,0.975609756097561,0.85,False,0,0,0,False
instances/research_depth_load_sweep/rho0.98_normal0.85/instance_u40_a10_v5_seed1002_critical.txt,a0b7476a15ea4c4bac744000e7b6a4158eaee0ac67a78664290823cd0246dfbc,gurobi-mip,1,1,lex-cos,weighted,4,26,671,4,20,26,712,20,67,106,43,0,559a4cbe53b4c6b0b9bb730eba6ec962c70e2de70ab1b20d1f420367127f3bf9,instances/corrected_v2_reduced_suite/evaluation_critical/evaluation/critical/instance_u40_a10_v5_seed1002_critical.txt,u40_seed1002,0.98,0.975609756097561,0.85,False,16,0,41,True
instances/research_depth_load_sweep/rho0.98_normal0.85/instance_u40_a10_v5_seed1002_critical.txt,a0b7476a15ea4c4bac744000e7b6a4158eaee0ac67a78664290823cd0246dfbc,gurobi-mip,1,1,lex-overtime,weighted,4,26,671,4,20,26,712,20,67,106,43,0,559a4cbe53b4c6b0b9bb730eba6ec962c70e2de70ab1b20d1f420367127f3bf9,instances/corrected_v2_reduced_suite/evaluation_critical/evaluation/critical/instance_u40_a10_v5_seed1002_critical.txt,u40_seed1002,0.98,0.975609756097561,0.85,False,16,0,41,True
instances/research_depth_load_sweep/rho0.98_normal1/instance_u30_a15_v5_seed1003_critical.txt,31f53b21c237f4bf7402ecbcd635d90ed35b06017775e5ee1c9297e66a8e64c1,gurobi-mip,1,1,lex-cos,lex-overtime,0,0,493,0,0,0,493,0,0,0,0,0,64a7b2c2ff975f7b043d37a3b7cd606305b2dcbf5aed735f467f0ff6c51b422e,instances/corrected_v2_reduced_suite/evaluation_critical/evaluation/critical/instance_u30_a15_v5_seed1003_critical.txt,u30_seed1003,0.98,0.974025974025974,1.0,False,0,0,0,False
instances/research_depth_load_sweep/rho0.98_normal1/instance_u30_a15_v5_seed1003_critical.txt,31f53b21c237f4bf7402ecbcd635d90ed35b06017775e5ee1c9297e66a8e64c1,gurobi-mip,1,1,lex-cos,weighted,0,0,493,0,8,0,514,8,43,87,27,0,64a7b2c2ff975f7b043d37a3b7cd606305b2dcbf5aed735f467f0ff6c51b422e,instances/corrected_v2_reduced_suite/evaluation_critical/evaluation/critical/instance_u30_a15_v5_seed1003_critical.txt,u30_seed1003,0.98,0.974025974025974,1.0,False,8,0,21,True
instances/research_depth_load_sweep/rho0.98_normal1/instance_u30_a15_v5_seed1003_critical.txt,31f53b21c237f4bf7402ecbcd635d90ed35b06017775e5ee1c9297e66a8e64c1,gurobi-mip,1,1,lex-overtime,weighted,0,0,493,0,8,0,514,8,43,87,27,0,64a7b2c2ff975f7b043d37a3b7cd606305b2dcbf5aed735f467f0ff6c51b422e,instances/corrected_v2_reduced_suite/evaluation_critical/evaluation/critical/instance_u30_a15_v5_seed1003_critical.txt,u30_seed1003,0.98,0.974025974025974,1.0,False,8,0,21,True
instances/research_depth_load_sweep/rho0.55_normal1/instance_u30_a20_v5_seed1003_critical.txt,5bb43f4fbb486273fb416c010a8008e33efff7e2cb9c005fcf6ff44ef75efdca,gurobi-mip,1,1,lex-cos,lex-overtime,0,0,536,0,0,0,536,0,0,0,0,0,65de3dfdc16f9c773e9874c2357071bf31732b49485a995a839ed1f4d259a558,instances/corrected_v2_reduced_suite/evaluation_critical/evaluation/critical/instance_u30_a20_v5_seed1003_critical.txt,u30_seed1003,0.55,0.5494505494505495,1.0,False,0,0,0,False
instances/research_depth_load_sweep/rho0.55_normal1/instance_u30_a20_v5_seed1003_critical.txt,5bb43f4fbb486273fb416c010a8008e33efff7e2cb9c005fcf6ff44ef75efdca,gurobi-mip,1,1,lex-cos,weighted,0,0,536,0,6,0,549,6,63,64,36,36,65de3dfdc16f9c773e9874c2357071bf31732b49485a995a839ed1f4d259a558,instances/corrected_v2_reduced_suite/evaluation_critical/evaluation/critical/instance_u30_a20_v5_seed1003_critical.txt,u30_seed1003,0.55,0.5494505494505495,1.0,False,6,0,13,True
instances/research_depth_load_sweep/rho0.55_normal1/instance_u30_a20_v5_seed1003_critical.txt,5bb43f4fbb486273fb416c010a8008e33efff7e2cb9c005fcf6ff44ef75efdca,gurobi-mip,1,1,lex-overtime,weighted,0,0,536,0,6,0,549,6,63,64,36,36,65de3dfdc16f9c773e9874c2357071bf31732b49485a995a839ed1f4d259a558,instances/corrected_v2_reduced_suite/evaluation_critical/evaluation/critical/instance_u30_a20_v5_seed1003_critical.txt,u30_seed1003,0.55,0.5494505494505495,1.0,False,6,0,13,True
instances/research_depth_load_sweep/rho0.55_normal0.85/instance_u30_a25_v5_seed1001_critical.txt,bec5e338b442ffd2ad83486896dce7464bda8eeaa5710b4bc5eb955aa1adaf06,gurobi-mip,1,1,lex-cos,lex-overtime,0,0,593,0,0,0,593,0,0,0,0,0,51df0f9f4a354e14ce203c3399ff72e9f90e0370b7b497467427e1d198dd119e,instances/corrected_v2_reduced_suite/evaluation_critical/evaluation/critical/instance_u30_a25_v5_seed1001_critical.txt,u30_seed1001,0.55,0.5494505494505495,0.85,False,0,0,0,False
instances/research_depth_load_sweep/rho0.55_normal0.85/instance_u30_a25_v5_seed1001_critical.txt,bec5e338b442ffd2ad83486896dce7464bda8eeaa5710b4bc5eb955aa1adaf06,gurobi-mip,1,1,lex-cos,weighted,0,0,593,0,0,0,593,0,45,89,31,42,51df0f9f4a354e14ce203c3399ff72e9f90e0370b7b497467427e1d198dd119e,instances/corrected_v2_reduced_suite/evaluation_critical/evaluation/critical/instance_u30_a25_v5_seed1001_critical.txt,u30_seed1001,0.55,0.5494505494505495,0.85,False,0,0,0,False
instances/research_depth_load_sweep/rho0.55_normal0.85/instance_u30_a25_v5_seed1001_critical.txt,bec5e338b442ffd2ad83486896dce7464bda8eeaa5710b4bc5eb955aa1adaf06,gurobi-mip,1,1,lex-overtime,weighted,0,0,593,0,0,0,593,0,45,89,31,42,51df0f9f4a354e14ce203c3399ff72e9f90e0370b7b497467427e1d198dd119e,instances/corrected_v2_reduced_suite/evaluation_critical/evaluation/critical/instance_u30_a25_v5_seed1001_critical.txt,u30_seed1001,0.55,0.5494505494505495,0.85,False,0,0,0,False
instances/research_depth_load_sweep/rho0.98_normal0.85/instance_u40_a15_v4_seed1003_critical.txt,e137a56860e2da0199ab71670d9875d79726770ac4af4f719bbb07e295961f14,gurobi-mip,1,1,lex-cos,lex-overtime,1,21,522,1,1,21,522,1,0,0,0,0,60b67ddc948fc1382700a5f01082aad04d5d3d19d708c2351412f697e9f9ead7,instances/corrected_v2_reduced_suite/evaluation_critical/evaluation/critical/instance_u40_a15_v4_seed1003_critical.txt,u40_seed1003,0.98,0.975609756097561,0.85,False,0,0,0,False
instances/research_depth_load_sweep/rho0.98_normal0.85/instance_u40_a15_v4_seed1003_critical.txt,e137a56860e2da0199ab71670d9875d79726770ac4af4f719bbb07e295961f14,gurobi-mip,1,1,lex-cos,weighted,1,21,522,1,8,21,542,8,51,85,38,2,60b67ddc948fc1382700a5f01082aad04d5d3d19d708c2351412f697e9f9ead7,instances/corrected_v2_reduced_suite/evaluation_critical/evaluation/critical/instance_u40_a15_v4_seed1003_critical.txt,u40_seed1003,0.98,0.975609756097561,0.85,False,7,0,20,True
instances/research_depth_load_sweep/rho0.98_normal0.85/instance_u40_a15_v4_seed1003_critical.txt,e137a56860e2da0199ab71670d9875d79726770ac4af4f719bbb07e295961f14,gurobi-mip,1,1,lex-overtime,weighted,1,21,522,1,8,21,542,8,51,85,38,2,60b67ddc948fc1382700a5f01082aad04d5d3d19d708c2351412f697e9f9ead7,instances/corrected_v2_reduced_suite/evaluation_critical/evaluation/critical/instance_u40_a15_v4_seed1003_critical.txt,u40_seed1003,0.98,0.975609756097561,0.85,False,7,0,20,True
instances/research_depth_load_sweep/rho0.98_normal0.85/instance_u30_a25_v4_seed1003_critical.txt,cacdad3d4c0f1e3c483410e87f19a54fb6926f4ff1cafc12be4c05de29e94677,gurobi-mip,1,1,lex-cos,lex-overtime,0,15,410,0,0,15,410,0,0,0,0,0,1106683ff4d0a32c24be1898a1c47de6e406379be52c648767eb810adcb9134d,instances/corrected_v2_reduced_suite/evaluation_critical/evaluation/critical/instance_u30_a25_v4_seed1003_critical.txt,u30_seed1003,0.98,0.975609756097561,0.85,False,0,0,0,False
instances/research_depth_load_sweep/rho0.98_normal0.85/instance_u30_a25_v4_seed1003_critical.txt,cacdad3d4c0f1e3c483410e87f19a54fb6926f4ff1cafc12be4c05de29e94677,gurobi-mip,1,1,lex-cos,weighted,0,15,410,0,6,15,419,6,31,56,19,2,1106683ff4d0a32c24be1898a1c47de6e406379be52c648767eb810adcb9134d,instances/corrected_v2_reduced_suite/evaluation_critical/evaluation/critical/instance_u30_a25_v4_seed1003_critical.txt,u30_seed1003,0.98,0.975609756097561,0.85,False,6,0,9,True
instances/research_depth_load_sweep/rho0.98_normal0.85/instance_u30_a25_v4_seed1003_critical.txt,cacdad3d4c0f1e3c483410e87f19a54fb6926f4ff1cafc12be4c05de29e94677,gurobi-mip,1,1,lex-overtime,weighted,0,15,410,0,6,15,419,6,31,56,19,2,1106683ff4d0a32c24be1898a1c47de6e406379be52c648767eb810adcb9134d,instances/corrected_v2_reduced_suite/evaluation_critical/evaluation/critical/instance_u30_a25_v4_seed1003_critical.txt,u30_seed1003,0.98,0.975609756097561,0.85,False,6,0,9,True
instances/research_depth_load_sweep/rho0.85_normal0.85/instance_u40_a25_v4_seed1002_critical.txt,5c9a8a3dcc3d1fe985ff86f0f6765ea477a79927e1fcb4a8a0be3ecb89ce8cfe,gurobi-mip,1,1,lex-cos,lex-overtime,1,0,549,1,1,0,549,1,0,0,0,0,5c9a8a3dcc3d1fe985ff86f0f6765ea477a79927e1fcb4a8a0be3ecb89ce8cfe,instances/corrected_v2_reduced_suite/evaluation_critical/evaluation/critical/instance_u40_a25_v4_seed1002_critical.txt,u40_seed1002,0.85,0.8465608465608465,0.85,True,0,0,0,False
instances/research_depth_load_sweep/rho0.85_normal0.85/instance_u40_a25_v4_seed1002_critical.txt,5c9a8a3dcc3d1fe985ff86f0f6765ea477a79927e1fcb4a8a0be3ecb89ce8cfe,gurobi-mip,1,1,lex-cos,weighted,1,0,549,1,10,9,595,10,65,96,50,18,5c9a8a3dcc3d1fe985ff86f0f6765ea477a79927e1fcb4a8a0be3ecb89ce8cfe,instances/corrected_v2_reduced_suite/evaluation_critical/evaluation/critical/instance_u40_a25_v4_seed1002_critical.txt,u40_seed1002,0.85,0.8465608465608465,0.85,True,9,9,46,True
instances/research_depth_load_sweep/rho0.85_normal0.85/instance_u40_a25_v4_seed1002_critical.txt,5c9a8a3dcc3d1fe985ff86f0f6765ea477a79927e1fcb4a8a0be3ecb89ce8cfe,gurobi-mip,1,1,lex-overtime,weighted,1,0,549,1,10,9,595,10,65,96,50,18,5c9a8a3dcc3d1fe985ff86f0f6765ea477a79927e1fcb4a8a0be3ecb89ce8cfe,instances/corrected_v2_reduced_suite/evaluation_critical/evaluation/critical/instance_u40_a25_v4_seed1002_critical.txt,u40_seed1002,0.85,0.8465608465608465,0.85,True,9,9,46,True
instances/research_depth_load_sweep/rho0.85_normal0.85/instance_u30_a20_v5_seed1001_critical.txt,22ee92263371ecea73d08de26b04d5edec6fc04579a52160b302a4510f99ac1e,gurobi-mip,1,1,lex-cos,lex-overtime,0,0,539,0,0,0,539,0,0,0,0,0,22ee92263371ecea73d08de26b04d5edec6fc04579a52160b302a4510f99ac1e,instances/corrected_v2_reduced_suite/evaluation_critical/evaluation/critical/instance_u30_a20_v5_seed1001_critical.txt,u30_seed1001,0.85,0.847457627118644,0.85,True,0,0,0,False
instances/research_depth_load_sweep/rho0.85_normal0.85/instance_u30_a20_v5_seed1001_critical.txt,22ee92263371ecea73d08de26b04d5edec6fc04579a52160b302a4510f99ac1e,gurobi-mip,1,1,lex-cos,weighted,0,0,539,0,0,15,572,0,49,70,32,30,22ee92263371ecea73d08de26b04d5edec6fc04579a52160b302a4510f99ac1e,instances/corrected_v2_reduced_suite/evaluation_critical/evaluation/critical/instance_u30_a20_v5_seed1001_critical.txt,u30_seed1001,0.85,0.847457627118644,0.85,True,0,15,33,True
instances/research_depth_load_sweep/rho0.85_normal0.85/instance_u30_a20_v5_seed1001_critical.txt,22ee92263371ecea73d08de26b04d5edec6fc04579a52160b302a4510f99ac1e,gurobi-mip,1,1,lex-overtime,weighted,0,0,539,0,0,15,572,0,49,70,32,30,22ee92263371ecea73d08de26b04d5edec6fc04579a52160b302a4510f99ac1e,instances/corrected_v2_reduced_suite/evaluation_critical/evaluation/critical/instance_u30_a20_v5_seed1001_critical.txt,u30_seed1001,0.85,0.847457627118644,0.85,True,0,15,33,True
instances/research_depth_load_sweep/rho0.55_normal0.7/instance_u30_a15_v4_seed1003_critical.txt,fc18d6349fd3f6439d439a245f1f8d6a14685af124e216e6edebd6593ed7e0ed,gurobi-mip,1,1,lex-cos,lex-overtime,0,0,425,0,0,0,425,0,0,0,0,0,1a2fbafb2974a05729c7a458b27e009b17a67dbbf649967446361307f7e124a3,instances/corrected_v2_reduced_suite/evaluation_critical/evaluation/critical/instance_u30_a15_v4_seed1003_critical.txt,u30_seed1003,0.55,0.547945205479452,0.7,False,0,0,0,False
instances/research_depth_load_sweep/rho0.55_normal0.7/instance_u30_a15_v4_seed1003_critical.txt,fc18d6349fd3f6439d439a245f1f8d6a14685af124e216e6edebd6593ed7e0ed,gurobi-mip,1,1,lex-cos,weighted,0,0,425,0,3,2,432,3,23,60,17,14,1a2fbafb2974a05729c7a458b27e009b17a67dbbf649967446361307f7e124a3,instances/corrected_v2_reduced_suite/evaluation_critical/evaluation/critical/instance_u30_a15_v4_seed1003_critical.txt,u30_seed1003,0.55,0.547945205479452,0.7,False,3,2,7,True
instances/research_depth_load_sweep/rho0.55_normal0.7/instance_u30_a15_v4_seed1003_critical.txt,fc18d6349fd3f6439d439a245f1f8d6a14685af124e216e6edebd6593ed7e0ed,gurobi-mip,1,1,lex-overtime,weighted,0,0,425,0,3,2,432,3,23,60,17,14,1a2fbafb2974a05729c7a458b27e009b17a67dbbf649967446361307f7e124a3,instances/corrected_v2_reduced_suite/evaluation_critical/evaluation/critical/instance_u30_a15_v4_seed1003_critical.txt,u30_seed1003,0.55,0.547945205479452,0.7,False,3,2,7,True
instances/research_depth_load_sweep/rho0.98_normal0.85/instance_u40_a15_v5_seed1001_critical.txt,f9d3231f208ce1c7a74cb243e1a8b0d57de8eca9c911277cb4da9e0a2e28243a,gurobi-mip,1,1,lex-cos,lex-overtime,0,26,706,0,0,26,706,0,0,0,0,0,addefcd65569a464f6ade877201060bec8b3edf54c9784bd4a2ce47e7fa65a0a,instances/corrected_v2_reduced_suite/evaluation_critical/evaluation/critical/instance_u40_a15_v5_seed1001_critical.txt,u40_seed1001,0.98,0.975609756097561,0.85,False,0,0,0,False
instances/research_depth_load_sweep/rho0.98_normal0.85/instance_u40_a15_v5_seed1001_critical.txt,f9d3231f208ce1c7a74cb243e1a8b0d57de8eca9c911277cb4da9e0a2e28243a,gurobi-mip,1,1,lex-cos,weighted,0,26,706,0,4,27,718,4,49,108,30,2,addefcd65569a464f6ade877201060bec8b3edf54c9784bd4a2ce47e7fa65a0a,instances/corrected_v2_reduced_suite/evaluation_critical/evaluation/critical/instance_u40_a15_v5_seed1001_critical.txt,u40_seed1001,0.98,0.975609756097561,0.85,False,4,1,12,True
instances/research_depth_load_sweep/rho0.98_normal0.85/instance_u40_a15_v5_seed1001_critical.txt,f9d3231f208ce1c7a74cb243e1a8b0d57de8eca9c911277cb4da9e0a2e28243a,gurobi-mip,1,1,lex-overtime,weighted,0,26,706,0,4,27,718,4,49,108,30,2,addefcd65569a464f6ade877201060bec8b3edf54c9784bd4a2ce47e7fa65a0a,instances/corrected_v2_reduced_suite/evaluation_critical/evaluation/critical/instance_u40_a15_v5_seed1001_critical.txt,u40_seed1001,0.98,0.975609756097561,0.85,False,4,1,12,True
instances/research_depth_load_sweep/rho0.85_normal0.7/instance_u40_a15_v4_seed1001_critical.txt,0e3b0bbe4ef3ed4d17911f2bb3b65901771d5e164355a2e67c54c10ad7c4ddb8,gurobi-mip,1,1,lex-cos,lex-overtime,0,28,583,0,0,28,583,0,0,0,0,0,935abeb825bf65f5eb6f564d142868752b8f09cc140daeead539a193eee52b75,instances/corrected_v2_reduced_suite/evaluation_critical/evaluation/critical/instance_u40_a15_v4_seed1001_critical.txt,u40_seed1001,0.85,0.8465608465608465,0.7,False,0,0,0,False
instances/research_depth_load_sweep/rho0.85_normal0.7/instance_u40_a15_v4_seed1001_critical.txt,0e3b0bbe4ef3ed4d17911f2bb3b65901771d5e164355a2e67c54c10ad7c4ddb8,gurobi-mip,1,1,lex-cos,weighted,0,28,583,0,3,33,603,3,38,73,27,16,935abeb825bf65f5eb6f564d142868752b8f09cc140daeead539a193eee52b75,instances/corrected_v2_reduced_suite/evaluation_critical/evaluation/critical/instance_u40_a15_v4_seed1001_critical.txt,u40_seed1001,0.85,0.8465608465608465,0.7,False,3,5,20,True
instances/research_depth_load_sweep/rho0.85_normal0.7/instance_u40_a15_v4_seed1001_critical.txt,0e3b0bbe4ef3ed4d17911f2bb3b65901771d5e164355a2e67c54c10ad7c4ddb8,gurobi-mip,1,1,lex-overtime,weighted,0,28,583,0,3,33,603,3,38,73,27,16,935abeb825bf65f5eb6f564d142868752b8f09cc140daeead539a193eee52b75,instances/corrected_v2_reduced_suite/evaluation_critical/evaluation/critical/instance_u40_a15_v4_seed1001_critical.txt,u40_seed1001,0.85,0.8465608465608465,0.7,False,3,5,20,True
instances/research_depth_load_sweep/rho0.98_normal0.85/instance_u40_a20_v4_seed1002_critical.txt,ffa1d863cede76d499aabd7d8733fc6701c6521bcbb08ff38f7c926849a315f0,gurobi-mip,1,1,lex-cos,lex-overtime,3,21,521,3,3,21,521,3,0,0,0,0,8fe397ee776a8cfb744bb77da0e91099c029a4cc2c05d5c45c831bea9ff5aa62,instances/corrected_v2_reduced_suite/evaluation_critical/evaluation/critical/instance_u40_a20_v4_seed1002_critical.txt,u40_seed1002,0.98,0.975609756097561,0.85,False,0,0,0,False
instances/research_depth_load_sweep/rho0.98_normal0.85/instance_u40_a20_v4_seed1002_critical.txt,ffa1d863cede76d499aabd7d8733fc6701c6521bcbb08ff38f7c926849a315f0,gurobi-mip,1,1,lex-cos,weighted,3,21,521,3,14,21,561,14,50,81,37,2,8fe397ee776a8cfb744bb77da0e91099c029a4cc2c05d5c45c831bea9ff5aa62,instances/corrected_v2_reduced_suite/evaluation_critical/evaluation/critical/instance_u40_a20_v4_seed1002_critical.txt,u40_seed1002,0.98,0.975609756097561,0.85,False,11,0,40,True
instances/research_depth_load_sweep/rho0.98_normal0.85/instance_u40_a20_v4_seed1002_critical.txt,ffa1d863cede76d499aabd7d8733fc6701c6521bcbb08ff38f7c926849a315f0,gurobi-mip,1,1,lex-overtime,weighted,3,21,521,3,14,21,561,14,50,81,37,2,8fe397ee776a8cfb744bb77da0e91099c029a4cc2c05d5c45c831bea9ff5aa62,instances/corrected_v2_reduced_suite/evaluation_critical/evaluation/critical/instance_u40_a20_v4_seed1002_critical.txt,u40_seed1002,0.98,0.975609756097561,0.85,False,11,0,40,True
instances/research_depth_load_sweep/rho0.85_normal0.7/instance_u40_a10_v4_seed1001_critical.txt,12230b9a21379fdb44a7adc64052b282df883b90f1872c3efb17bb0bdf9b0f76,gurobi-mip,1,1,lex-cos,lex-overtime,0,28,575,0,0,28,575,0,0,0,0,0,b98e75059c523562fbab64282673d9ea225242fe21209b5e428aee89aa625edd,instances/corrected_v2_reduced_suite/evaluation_critical/evaluation/critical/instance_u40_a10_v4_seed1001_critical.txt,u40_seed1001,0.85,0.8465608465608465,0.7,False,0,0,0,False
instances/research_depth_load_sweep/rho0.85_normal0.7/instance_u40_a10_v4_seed1001_critical.txt,12230b9a21379fdb44a7adc64052b282df883b90f1872c3efb17bb0bdf9b0f76,gurobi-mip,1,1,lex-cos,weighted,0,28,575,0,1,34,594,1,25,83,19,14,b98e75059c523562fbab64282673d9ea225242fe21209b5e428aee89aa625edd,instances/corrected_v2_reduced_suite/evaluation_critical/evaluation/critical/instance_u40_a10_v4_seed1001_critical.txt,u40_seed1001,0.85,0.8465608465608465,0.7,False,1,6,19,True
instances/research_depth_load_sweep/rho0.85_normal0.7/instance_u40_a10_v4_seed1001_critical.txt,12230b9a21379fdb44a7adc64052b282df883b90f1872c3efb17bb0bdf9b0f76,gurobi-mip,1,1,lex-overtime,weighted,0,28,575,0,1,34,594,1,25,83,19,14,b98e75059c523562fbab64282673d9ea225242fe21209b5e428aee89aa625edd,instances/corrected_v2_reduced_suite/evaluation_critical/evaluation/critical/instance_u40_a10_v4_seed1001_critical.txt,u40_seed1001,0.85,0.8465608465608465,0.7,False,1,6,19,True
instances/research_depth_load_sweep/rho0.98_normal1/instance_u40_a10_v5_seed1003_critical.txt,5a436c774509e45c494d54ffb9dbb87164c1f2a713bac5a49086c99df3c55a98,gurobi-mip,1,1,lex-cos,lex-overtime,1,0,652,1,1,0,652,1,0,0,0,0,017118e5960c7e18a239e77b1f198b44915ed895aea6f231bb872df91f90f0f2,instances/corrected_v2_reduced_suite/evaluation_critical/evaluation/critical/instance_u40_a10_v5_seed1003_critical.txt,u40_seed1003,0.98,0.975609756097561,1.0,False,0,0,0,False
instances/research_depth_load_sweep/rho0.98_normal1/instance_u40_a10_v5_seed1003_critical.txt,5a436c774509e45c494d54ffb9dbb87164c1f2a713bac5a49086c99df3c55a98,gurobi-mip,1,1,lex-cos,weighted,1,0,652,1,14,0,691,14,62,107,36,4,017118e5960c7e18a239e77b1f198b44915ed895aea6f231bb872df91f90f0f2,instances/corrected_v2_reduced_suite/evaluation_critical/evaluation/critical/instance_u40_a10_v5_seed1003_critical.txt,u40_seed1003,0.98,0.975609756097561,1.0,False,13,0,39,True
instances/research_depth_load_sweep/rho0.98_normal1/instance_u40_a10_v5_seed1003_critical.txt,5a436c774509e45c494d54ffb9dbb87164c1f2a713bac5a49086c99df3c55a98,gurobi-mip,1,1,lex-overtime,weighted,1,0,652,1,14,0,691,14,62,107,36,4,017118e5960c7e18a239e77b1f198b44915ed895aea6f231bb872df91f90f0f2,instances/corrected_v2_reduced_suite/evaluation_critical/evaluation/critical/instance_u40_a10_v5_seed1003_critical.txt,u40_seed1003,0.98,0.975609756097561,1.0,False,13,0,39,True
instances/research_depth_load_sweep/rho0.85_normal0.7/instance_u30_a25_v4_seed1001_critical.txt,fa5bd2927361c95f23cbe1f6f5113c9cd79161932bdc6fbeea98d06c997cd310,gurobi-mip,1,1,lex-cos,lex-overtime,0,21,437,0,0,21,437,0,0,0,0,0,7a04660fc90733bd70c078b57f1458a7d6d3407d9182f01d456779938bbe7cac,instances/corrected_v2_reduced_suite/evaluation_critical/evaluation/critical/instance_u30_a25_v4_seed1001_critical.txt,u30_seed1001,0.85,0.8450704225352113,0.7,False,0,0,0,False
instances/research_depth_load_sweep/rho0.85_normal0.7/instance_u30_a25_v4_seed1001_critical.txt,fa5bd2927361c95f23cbe1f6f5113c9cd79161932bdc6fbeea98d06c997cd310,gurobi-mip,1,1,lex-cos,weighted,0,21,437,0,2,28,451,2,22,61,15,14,7a04660fc90733bd70c078b57f1458a7d6d3407d9182f01d456779938bbe7cac,instances/corrected_v2_reduced_suite/evaluation_critical/evaluation/critical/instance_u30_a25_v4_seed1001_critical.txt,u30_seed1001,0.85,0.8450704225352113,0.7,False,2,7,14,True
instances/research_depth_load_sweep/rho0.85_normal0.7/instance_u30_a25_v4_seed1001_critical.txt,fa5bd2927361c95f23cbe1f6f5113c9cd79161932bdc6fbeea98d06c997cd310,gurobi-mip,1,1,lex-overtime,weighted,0,21,437,0,2,28,451,2,22,61,15,14,7a04660fc90733bd70c078b57f1458a7d6d3407d9182f01d456779938bbe7cac,instances/corrected_v2_reduced_suite/evaluation_critical/evaluation/critical/instance_u30_a25_v4_seed1001_critical.txt,u30_seed1001,0.85,0.8450704225352113,0.7,False,2,7,14,True
instances/research_depth_load_sweep/rho0.98_normal0.7/instance_u30_a10_v5_seed1003_critical.txt,de013a26c99e1a8fa774d1e26cb543f216c991fc9299f3efbb3e8cad58ae180c,gurobi-mip,1,1,lex-cos,lex-overtime,0,42,491,0,0,42,491,0,0,0,0,0,f927ebb65ee27c08aa667987adf8f8a250da1264d79c4928cd88971e4a6b004e,instances/corrected_v2_reduced_suite/evaluation_critical/evaluation/critical/instance_u30_a10_v5_seed1003_critical.txt,u30_seed1003,0.98,0.974025974025974,0.7,False,0,0,0,False
instances/research_depth_load_sweep/rho0.98_normal0.7/instance_u30_a10_v5_seed1003_critical.txt,de013a26c99e1a8fa774d1e26cb543f216c991fc9299f3efbb3e8cad58ae180c,gurobi-mip,1,1,lex-cos,weighted,0,42,491,0,8,42,512,8,41,73,23,0,f927ebb65ee27c08aa667987adf8f8a250da1264d79c4928cd88971e4a6b004e,instances/corrected_v2_reduced_suite/evaluation_critical/evaluation/critical/instance_u30_a10_v5_seed1003_critical.txt,u30_seed1003,0.98,0.974025974025974,0.7,False,8,0,21,True
instances/research_depth_load_sweep/rho0.98_normal0.7/instance_u30_a10_v5_seed1003_critical.txt,de013a26c99e1a8fa774d1e26cb543f216c991fc9299f3efbb3e8cad58ae180c,gurobi-mip,1,1,lex-overtime,weighted,0,42,491,0,8,42,512,8,41,73,23,0,f927ebb65ee27c08aa667987adf8f8a250da1264d79c4928cd88971e4a6b004e,instances/corrected_v2_reduced_suite/evaluation_critical/evaluation/critical/instance_u30_a10_v5_seed1003_critical.txt,u30_seed1003,0.98,0.974025974025974,0.7,False,8,0,21,True
instances/research_depth_load_sweep/rho0.55_normal1/instance_u30_a20_v4_seed1002_critical.txt,2feda980517fedec37bd8ef4980f1532db7df9062dfbb9910504d1124d4f3f9c,gurobi-mip,1,1,lex-cos,lex-overtime,0,0,432,0,0,0,432,0,0,0,0,0,34bd64e4677b21f310faa4406545db874dca6ae220c9a65e8a35f01abe1b0955,instances/corrected_v2_reduced_suite/evaluation_critical/evaluation/critical/instance_u30_a20_v4_seed1002_critical.txt,u30_seed1002,0.55,0.547945205479452,1.0,False,0,0,0,False
instances/research_depth_load_sweep/rho0.55_normal1/instance_u30_a20_v4_seed1002_critical.txt,2feda980517fedec37bd8ef4980f1532db7df9062dfbb9910504d1124d4f3f9c,gurobi-mip,1,1,lex-cos,weighted,0,0,432,0,4,0,446,4,43,44,33,42,34bd64e4677b21f310faa4406545db874dca6ae220c9a65e8a35f01abe1b0955,instances/corrected_v2_reduced_suite/evaluation_critical/evaluation/critical/instance_u30_a20_v4_seed1002_critical.txt,u30_seed1002,0.55,0.547945205479452,1.0,False,4,0,14,True
instances/research_depth_load_sweep/rho0.55_normal1/instance_u30_a20_v4_seed1002_critical.txt,2feda980517fedec37bd8ef4980f1532db7df9062dfbb9910504d1124d4f3f9c,gurobi-mip,1,1,lex-overtime,weighted,0,0,432,0,4,0,446,4,43,44,33,42,34bd64e4677b21f310faa4406545db874dca6ae220c9a65e8a35f01abe1b0955,instances/corrected_v2_reduced_suite/evaluation_critical/evaluation/critical/instance_u30_a20_v4_seed1002_critical.txt,u30_seed1002,0.55,0.547945205479452,1.0,False,4,0,14,True
instances/research_depth_load_sweep/rho0.85_normal1/instance_u40_a10_v5_seed1001_critical.txt,35c0c0762aadac3dfb26f8d60e9f9a0c80dc183be23bb740fb40240b2877ea94,gurobi-mip,1,1,lex-cos,lex-overtime,0,0,737,0,0,0,737,0,0,0,0,0,0fa28a903cebd3a3dd85fef2874db9c94ef28e79ab436d5e05b1ed674d0dc046,instances/corrected_v2_reduced_suite/evaluation_critical/evaluation/critical/instance_u40_a10_v5_seed1001_critical.txt,u40_seed1001,0.85,0.847457627118644,1.0,False,0,0,0,False
instances/research_depth_load_sweep/rho0.85_normal1/instance_u40_a10_v5_seed1001_critical.txt,35c0c0762aadac3dfb26f8d60e9f9a0c80dc183be23bb740fb40240b2877ea94,gurobi-mip,1,1,lex-cos,weighted,0,0,737,0,2,0,741,2,42,115,26,8,0fa28a903cebd3a3dd85fef2874db9c94ef28e79ab436d5e05b1ed674d0dc046,instances/corrected_v2_reduced_suite/evaluation_critical/evaluation/critical/instance_u40_a10_v5_seed1001_critical.txt,u40_seed1001,0.85,0.847457627118644,1.0,False,2,0,4,True
instances/research_depth_load_sweep/rho0.85_normal1/instance_u40_a10_v5_seed1001_critical.txt,35c0c0762aadac3dfb26f8d60e9f9a0c80dc183be23bb740fb40240b2877ea94,gurobi-mip,1,1,lex-overtime,weighted,0,0,737,0,2,0,741,2,42,115,26,8,0fa28a903cebd3a3dd85fef2874db9c94ef28e79ab436d5e05b1ed674d0dc046,instances/corrected_v2_reduced_suite/evaluation_critical/evaluation/critical/instance_u40_a10_v5_seed1001_critical.txt,u40_seed1001,0.85,0.847457627118644,1.0,False,2,0,4,True
instances/research_depth_load_sweep/rho0.55_normal0.7/instance_u30_a25_v4_seed1001_critical.txt,43f359e2a2e660592f3bbf2aee41e325cde2149f5d5983d89176830d9de3d864,gurobi-mip,1,1,lex-cos,lex-overtime,0,0,471,0,0,0,471,0,0,0,0,0,7a04660fc90733bd70c078b57f1458a7d6d3407d9182f01d456779938bbe7cac,instances/corrected_v2_reduced_suite/evaluation_critical/evaluation/critical/instance_u30_a25_v4_seed1001_critical.txt,u30_seed1001,0.55,0.547945205479452,0.7,False,0,0,0,False
instances/research_depth_load_sweep/rho0.55_normal0.7/instance_u30_a25_v4_seed1001_critical.txt,43f359e2a2e660592f3bbf2aee41e325cde2149f5d5983d89176830d9de3d864,gurobi-mip,1,1,lex-cos,weighted,0,0,471,0,0,2,473,0,33,49,19,12,7a04660fc90733bd70c078b57f1458a7d6d3407d9182f01d456779938bbe7cac,instances/corrected_v2_reduced_suite/evaluation_critical/evaluation/critical/instance_u30_a25_v4_seed1001_critical.txt,u30_seed1001,0.55,0.547945205479452,0.7,False,0,2,2,True
instances/research_depth_load_sweep/rho0.55_normal0.7/instance_u30_a25_v4_seed1001_critical.txt,43f359e2a2e660592f3bbf2aee41e325cde2149f5d5983d89176830d9de3d864,gurobi-mip,1,1,lex-overtime,weighted,0,0,471,0,0,2,473,0,33,49,19,12,7a04660fc90733bd70c078b57f1458a7d6d3407d9182f01d456779938bbe7cac,instances/corrected_v2_reduced_suite/evaluation_critical/evaluation/critical/instance_u30_a25_v4_seed1001_critical.txt,u30_seed1001,0.55,0.547945205479452,0.7,False,0,2,2,True
instances/research_depth_load_sweep/rho0.85_normal1/instance_u40_a10_v4_seed1003_critical.txt,03a58d57d7ee5212c9fa1b140ba3de77820932ef35d7eec698986a1868235b2a,gurobi-mip,1,1,lex-cos,lex-overtime,1,0,545,1,1,0,545,1,0,0,0,0,395a48f8a39788bea86b6f70fb9ec6a2a924a9f8f08e8639adaf51dba4e7ae85,instances/corrected_v2_reduced_suite/evaluation_critical/evaluation/critical/instance_u40_a10_v4_seed1003_critical.txt,u40_seed1003,0.85,0.8465608465608465,1.0,False,0,0,0,False
instances/research_depth_load_sweep/rho0.85_normal1/instance_u40_a10_v4_seed1003_critical.txt,03a58d57d7ee5212c9fa1b140ba3de77820932ef35d7eec698986a1868235b2a,gurobi-mip,1,1,lex-cos,weighted,1,0,545,1,6,0,557,6,44,92,29,8,395a48f8a39788bea86b6f70fb9ec6a2a924a9f8f08e8639adaf51dba4e7ae85,instances/corrected_v2_reduced_suite/evaluation_critical/evaluation/critical/instance_u40_a10_v4_seed1003_critical.txt,u40_seed1003,0.85,0.8465608465608465,1.0,False,5,0,12,True
instances/research_depth_load_sweep/rho0.85_normal1/instance_u40_a10_v4_seed1003_critical.txt,03a58d57d7ee5212c9fa1b140ba3de77820932ef35d7eec698986a1868235b2a,gurobi-mip,1,1,lex-overtime,weighted,1,0,545,1,6,0,557,6,44,92,29,8,395a48f8a39788bea86b6f70fb9ec6a2a924a9f8f08e8639adaf51dba4e7ae85,instances/corrected_v2_reduced_suite/evaluation_critical/evaluation/critical/instance_u40_a10_v4_seed1003_critical.txt,u40_seed1003,0.85,0.8465608465608465,1.0,False,5,0,12,True
instances/research_depth_load_sweep/rho0.98_normal1/instance_u40_a25_v4_seed1001_critical.txt,c04ec13faef5575b75f9929746d812fe3530313b68afb6fb71ddbb19c299dc10,gurobi-mip,1,1,lex-cos,lex-overtime,0,0,572,0,0,0,572,0,0,0,0,0,03e563fb6290ae5b10f29c4bd69e140d46f5db64516b7ab5dad7e2186df2197b,instances/corrected_v2_reduced_suite/evaluation_critical/evaluation/critical/instance_u40_a25_v4_seed1001_critical.txt,u40_seed1001,0.98,0.975609756097561,1.0,False,0,0,0,False
instances/research_depth_load_sweep/rho0.98_normal1/instance_u40_a25_v4_seed1001_critical.txt,c04ec13faef5575b75f9929746d812fe3530313b68afb6fb71ddbb19c299dc10,gurobi-mip,1,1,lex-cos,weighted,0,0,572,0,2,0,580,2,23,83,17,2,03e563fb6290ae5b10f29c4bd69e140d46f5db64516b7ab5dad7e2186df2197b,instances/corrected_v2_reduced_suite/evaluation_critical/evaluation/critical/instance_u40_a25_v4_seed1001_critical.txt,u40_seed1001,0.98,0.975609756097561,1.0,False,2,0,8,True
instances/research_depth_load_sweep/rho0.98_normal1/instance_u40_a25_v4_seed1001_critical.txt,c04ec13faef5575b75f9929746d812fe3530313b68afb6fb71ddbb19c299dc10,gurobi-mip,1,1,lex-overtime,weighted,0,0,572,0,2,0,580,2,23,83,17,2,03e563fb6290ae5b10f29c4bd69e140d46f5db64516b7ab5dad7e2186df2197b,instances/corrected_v2_reduced_suite/evaluation_critical/evaluation/critical/instance_u40_a25_v4_seed1001_critical.txt,u40_seed1001,0.98,0.975609756097561,1.0,False,2,0,8,True
instances/research_depth_load_sweep/rho0.98_normal0.85/instance_u30_a10_v4_seed1001_critical.txt,a25a8d8420e798c3b583d54251273673b42ab53ed95a29e6847809fdfb827619,gurobi-mip,1,1,lex-cos,lex-overtime,0,15,415,0,0,15,415,0,0,0,0,0,0a4cc1c9eac79eca9e0861f05de893ae18e2c331afdb25b03c6efb933da1d71a,instances/corrected_v2_reduced_suite/evaluation_critical/evaluation/critical/instance_u30_a10_v4_seed1001_critical.txt,u30_seed1001,0.98,0.975609756097561,0.85,False,0,0,0,False
instances/research_depth_load_sweep/rho0.98_normal0.85/instance_u30_a10_v4_seed1001_critical.txt,a25a8d8420e798c3b583d54251273673b42ab53ed95a29e6847809fdfb827619,gurobi-mip,1,1,lex-cos,weighted,0,15,415,0,1,15,416,1,34,59,19,0,0a4cc1c9eac79eca9e0861f05de893ae18e2c331afdb25b03c6efb933da1d71a,instances/corrected_v2_reduced_suite/evaluation_critical/evaluation/critical/instance_u30_a10_v4_seed1001_critical.txt,u30_seed1001,0.98,0.975609756097561,0.85,False,1,0,1,True
instances/research_depth_load_sweep/rho0.98_normal0.85/instance_u30_a10_v4_seed1001_critical.txt,a25a8d8420e798c3b583d54251273673b42ab53ed95a29e6847809fdfb827619,gurobi-mip,1,1,lex-overtime,weighted,0,15,415,0,1,15,416,1,34,59,19,0,0a4cc1c9eac79eca9e0861f05de893ae18e2c331afdb25b03c6efb933da1d71a,instances/corrected_v2_reduced_suite/evaluation_critical/evaluation/critical/instance_u30_a10_v4_seed1001_critical.txt,u30_seed1001,0.98,0.975609756097561,0.85,False,1,0,1,True
instances/research_depth_load_sweep/rho0.55_normal1/instance_u40_a25_v5_seed1003_critical.txt,182dacda4ab96ca4a0f66f3278330b05b66b3a2e340a73d0789e22abb44f8558,gurobi-mip,1,1,lex-cos,lex-overtime,0,0,728,0,0,0,728,0,0,0,0,0,4e512df627d17612d29d4a3e5f36bd78eb17641a1923ef501751875f036a5ae9,instances/corrected_v2_reduced_suite/evaluation_critical/evaluation/critical/instance_u40_a25_v5_seed1003_critical.txt,u40_seed1003,0.55,0.5494505494505495,1.0,False,0,0,0,False
instances/research_depth_load_sweep/rho0.55_normal1/instance_u40_a25_v5_seed1003_critical.txt,182dacda4ab96ca4a0f66f3278330b05b66b3a2e340a73d0789e22abb44f8558,gurobi-mip,1,1,lex-cos,weighted,0,0,728,0,8,0,745,8,98,111,57,38,4e512df627d17612d29d4a3e5f36bd78eb17641a1923ef501751875f036a5ae9,instances/corrected_v2_reduced_suite/evaluation_critical/evaluation/critical/instance_u40_a25_v5_seed1003_critical.txt,u40_seed1003,0.55,0.5494505494505495,1.0,False,8,0,17,True
instances/research_depth_load_sweep/rho0.55_normal1/instance_u40_a25_v5_seed1003_critical.txt,182dacda4ab96ca4a0f66f3278330b05b66b3a2e340a73d0789e22abb44f8558,gurobi-mip,1,1,lex-overtime,weighted,0,0,728,0,8,0,745,8,98,111,57,38,4e512df627d17612d29d4a3e5f36bd78eb17641a1923ef501751875f036a5ae9,instances/corrected_v2_reduced_suite/evaluation_critical/evaluation/critical/instance_u40_a25_v5_seed1003_critical.txt,u40_seed1003,0.55,0.5494505494505495,1.0,False,8,0,17,True
instances/research_depth_load_sweep/rho0.55_normal0.7/instance_u30_a20_v4_seed1003_critical.txt,880db0e9b555eb8e7757bf9562ec8cb9495f0b07f62c229f1d66078d3b76a44c,gurobi-mip,1,1,lex-cos,lex-overtime,0,0,433,0,0,0,433,0,0,0,0,0,68e2b74d850c1069e78bc56681e6d252a2a8df6699aceb2e6aaffeff722beca0,instances/corrected_v2_reduced_suite/evaluation_critical/evaluation/critical/instance_u30_a20_v4_seed1003_critical.txt,u30_seed1003,0.55,0.547945205479452,0.7,False,0,0,0,False
instances/research_depth_load_sweep/rho0.55_normal0.7/instance_u30_a20_v4_seed1003_critical.txt,880db0e9b555eb8e7757bf9562ec8cb9495f0b07f62c229f1d66078d3b76a44c,gurobi-mip,1,1,lex-cos,weighted,0,0,433,0,3,1,441,3,31,57,20,18,68e2b74d850c1069e78bc56681e6d252a2a8df6699aceb2e6aaffeff722beca0,instances/corrected_v2_reduced_suite/evaluation_critical/evaluation/critical/instance_u30_a20_v4_seed1003_critical.txt,u30_seed1003,0.55,0.547945205479452,0.7,False,3,1,8,True
instances/research_depth_load_sweep/rho0.55_normal0.7/instance_u30_a20_v4_seed1003_critical.txt,880db0e9b555eb8e7757bf9562ec8cb9495f0b07f62c229f1d66078d3b76a44c,gurobi-mip,1,1,lex-overtime,weighted,0,0,433,0,3,1,441,3,31,57,20,18,68e2b74d850c1069e78bc56681e6d252a2a8df6699aceb2e6aaffeff722beca0,instances/corrected_v2_reduced_suite/evaluation_critical/evaluation/critical/instance_u30_a20_v4_seed1003_critical.txt,u30_seed1003,0.55,0.547945205479452,0.7,False,3,1,8,True
instances/research_depth_load_sweep/rho0.55_normal1/instance_u30_a25_v5_seed1003_critical.txt,df5baf7e48bac6173aa4450b4731e924dc6e9bde7cccdce3817d52cc5f5a5578,gurobi-mip,1,1,lex-cos,lex-overtime,0,0,539,0,0,0,539,0,0,0,0,0,e90c35e7cece54d3787eeeb644bcf0edacb9c7c339799fb4aaa218f9d27dc487,instances/corrected_v2_reduced_suite/evaluation_critical/evaluation/critical/instance_u30_a25_v5_seed1003_critical.txt,u30_seed1003,0.55,0.5494505494505495,1.0,False,0,0,0,False
instances/research_depth_load_sweep/rho0.55_normal1/instance_u30_a25_v5_seed1003_critical.txt,df5baf7e48bac6173aa4450b4731e924dc6e9bde7cccdce3817d52cc5f5a5578,gurobi-mip,1,1,lex-cos,weighted,0,0,539,0,5,0,550,5,63,77,32,48,e90c35e7cece54d3787eeeb644bcf0edacb9c7c339799fb4aaa218f9d27dc487,instances/corrected_v2_reduced_suite/evaluation_critical/evaluation/critical/instance_u30_a25_v5_seed1003_critical.txt,u30_seed1003,0.55,0.5494505494505495,1.0,False,5,0,11,True
instances/research_depth_load_sweep/rho0.55_normal1/instance_u30_a25_v5_seed1003_critical.txt,df5baf7e48bac6173aa4450b4731e924dc6e9bde7cccdce3817d52cc5f5a5578,gurobi-mip,1,1,lex-overtime,weighted,0,0,539,0,5,0,550,5,63,77,32,48,e90c35e7cece54d3787eeeb644bcf0edacb9c7c339799fb4aaa218f9d27dc487,instances/corrected_v2_reduced_suite/evaluation_critical/evaluation/critical/instance_u30_a25_v5_seed1003_critical.txt,u30_seed1003,0.55,0.5494505494505495,1.0,False,5,0,11,True
instances/research_depth_load_sweep/rho0.85_normal1/instance_u30_a10_v4_seed1001_critical.txt,df6aad149a624662947db6036401649fa4835a3c1083d5aeabde69fe20f972fc,gurobi-mip,1,1,lex-cos,lex-overtime,0,0,441,0,0,0,441,0,0,0,0,0,0a4cc1c9eac79eca9e0861f05de893ae18e2c331afdb25b03c6efb933da1d71a,instances/corrected_v2_reduced_suite/evaluation_critical/evaluation/critical/instance_u30_a10_v4_seed1001_critical.txt,u30_seed1001,0.85,0.8450704225352113,1.0,False,0,0,0,False
instances/research_depth_load_sweep/rho0.85_normal1/instance_u30_a10_v4_seed1001_critical.txt,df6aad149a624662947db6036401649fa4835a3c1083d5aeabde69fe20f972fc,gurobi-mip,1,1,lex-cos,weighted,0,0,441,0,0,0,441,0,24,66,16,2,0a4cc1c9eac79eca9e0861f05de893ae18e2c331afdb25b03c6efb933da1d71a,instances/corrected_v2_reduced_suite/evaluation_critical/evaluation/critical/instance_u30_a10_v4_seed1001_critical.txt,u30_seed1001,0.85,0.8450704225352113,1.0,False,0,0,0,False
instances/research_depth_load_sweep/rho0.85_normal1/instance_u30_a10_v4_seed1001_critical.txt,df6aad149a624662947db6036401649fa4835a3c1083d5aeabde69fe20f972fc,gurobi-mip,1,1,lex-overtime,weighted,0,0,441,0,0,0,441,0,24,66,16,2,0a4cc1c9eac79eca9e0861f05de893ae18e2c331afdb25b03c6efb933da1d71a,instances/corrected_v2_reduced_suite/evaluation_critical/evaluation/critical/instance_u30_a10_v4_seed1001_critical.txt,u30_seed1001,0.85,0.8450704225352113,1.0,False,0,0,0,False
instances/research_depth_load_sweep/rho0.55_normal0.7/instance_u40_a25_v4_seed1002_critical.txt,ab059018167360b31ae06388dccd7cfe89fbf40d4a53fcf76ca079f33c37b641,gurobi-mip,1,1,lex-cos,lex-overtime,0,0,599,0,0,0,599,0,0,0,0,0,5c9a8a3dcc3d1fe985ff86f0f6765ea477a79927e1fcb4a8a0be3ecb89ce8cfe,instances/corrected_v2_reduced_suite/evaluation_critical/evaluation/critical/instance_u40_a25_v4_seed1002_critical.txt,u40_seed1002,0.55,0.5498281786941581,0.7,False,0,0,0,False
instances/research_depth_load_sweep/rho0.55_normal0.7/instance_u40_a25_v4_seed1002_critical.txt,ab059018167360b31ae06388dccd7cfe89fbf40d4a53fcf76ca079f33c37b641,gurobi-mip,1,1,lex-cos,weighted,0,0,599,0,4,2,618,4,46,80,32,14,5c9a8a3dcc3d1fe985ff86f0f6765ea477a79927e1fcb4a8a0be3ecb89ce8cfe,instances/corrected_v2_reduced_suite/evaluation_critical/evaluation/critical/instance_u40_a25_v4_seed1002_critical.txt,u40_seed1002,0.55,0.5498281786941581,0.7,False,4,2,19,True
instances/research_depth_load_sweep/rho0.55_normal0.7/instance_u40_a25_v4_seed1002_critical.txt,ab059018167360b31ae06388dccd7cfe89fbf40d4a53fcf76ca079f33c37b641,gurobi-mip,1,1,lex-overtime,weighted,0,0,599,0,4,2,618,4,46,80,32,14,5c9a8a3dcc3d1fe985ff86f0f6765ea477a79927e1fcb4a8a0be3ecb89ce8cfe,instances/corrected_v2_reduced_suite/evaluation_critical/evaluation/critical/instance_u40_a25_v4_seed1002_critical.txt,u40_seed1002,0.55,0.5498281786941581,0.7,False,4,2,19,True
instances/research_depth_load_sweep/rho0.98_normal0.7/instance_u40_a10_v4_seed1001_critical.txt,8524bf5194706a81a5fa81f8ead7dd782307c717eefe0fc847e6cbbe891e9539,gurobi-mip,1,1,lex-cos,lex-overtime,0,45,568,0,0,45,568,0,0,0,0,0,b98e75059c523562fbab64282673d9ea225242fe21209b5e428aee89aa625edd,instances/corrected_v2_reduced_suite/evaluation_critical/evaluation/critical/instance_u40_a10_v4_seed1001_critical.txt,u40_seed1001,0.98,0.975609756097561,0.7,False,0,0,0,False
instances/research_depth_load_sweep/rho0.98_normal0.7/instance_u40_a10_v4_seed1001_critical.txt,8524bf5194706a81a5fa81f8ead7dd782307c717eefe0fc847e6cbbe891e9539,gurobi-mip,1,1,lex-cos,weighted,0,45,568,0,2,45,576,2,23,87,18,2,b98e75059c523562fbab64282673d9ea225242fe21209b5e428aee89aa625edd,instances/corrected_v2_reduced_suite/evaluation_critical/evaluation/critical/instance_u40_a10_v4_seed1001_critical.txt,u40_seed1001,0.98,0.975609756097561,0.7,False,2,0,8,True
instances/research_depth_load_sweep/rho0.98_normal0.7/instance_u40_a10_v4_seed1001_critical.txt,8524bf5194706a81a5fa81f8ead7dd782307c717eefe0fc847e6cbbe891e9539,gurobi-mip,1,1,lex-overtime,weighted,0,45,568,0,2,45,576,2,23,87,18,2,b98e75059c523562fbab64282673d9ea225242fe21209b5e428aee89aa625edd,instances/corrected_v2_reduced_suite/evaluation_critical/evaluation/critical/instance_u40_a10_v4_seed1001_critical.txt,u40_seed1001,0.98,0.975609756097561,0.7,False,2,0,8,True
instances/research_depth_load_sweep/rho0.85_normal0.7/instance_u30_a20_v5_seed1001_critical.txt,adf226ad8a1cf35a08cbda0b75182c1902253a305bf11009888a30e1ec392467,gurobi-mip,1,1,lex-cos,lex-overtime,0,26,555,0,0,26,555,0,0,0,0,0,22ee92263371ecea73d08de26b04d5edec6fc04579a52160b302a4510f99ac1e,instances/corrected_v2_reduced_suite/evaluation_critical/evaluation/critical/instance_u30_a20_v5_seed1001_critical.txt,u30_seed1001,0.85,0.847457627118644,0.7,False,0,0,0,False
instances/research_depth_load_sweep/rho0.85_normal0.7/instance_u30_a20_v5_seed1001_critical.txt,adf226ad8a1cf35a08cbda0b75182c1902253a305bf11009888a30e1ec392467,gurobi-mip,1,1,lex-cos,weighted,0,26,555,0,0,36,572,0,30,71,19,20,22ee92263371ecea73d08de26b04d5edec6fc04579a52160b302a4510f99ac1e,instances/corrected_v2_reduced_suite/evaluation_critical/evaluation/critical/instance_u30_a20_v5_seed1001_critical.txt,u30_seed1001,0.85,0.847457627118644,0.7,False,0,10,17,True
instances/research_depth_load_sweep/rho0.85_normal0.7/instance_u30_a20_v5_seed1001_critical.txt,adf226ad8a1cf35a08cbda0b75182c1902253a305bf11009888a30e1ec392467,gurobi-mip,1,1,lex-overtime,weighted,0,26,555,0,0,36,572,0,30,71,19,20,22ee92263371ecea73d08de26b04d5edec6fc04579a52160b302a4510f99ac1e,instances/corrected_v2_reduced_suite/evaluation_critical/evaluation/critical/instance_u30_a20_v5_seed1001_critical.txt,u30_seed1001,0.85,0.847457627118644,0.7,False,0,10,17,True
instances/research_depth_load_sweep/rho0.85_normal0.7/instance_u40_a25_v5_seed1002_critical.txt,8a7f62b5862975e82959941361adfeae999a24722fff2e86e70f3c29f3dcd47c,gurobi-mip,1,1,lex-cos,lex-overtime,1,35,710,1,1,35,710,1,0,0,0,0,6a86d9e04419d5434a8ac83437d7b4c9067045575a2a45a9a29888e5d862b401,instances/corrected_v2_reduced_suite/evaluation_critical/evaluation/critical/instance_u40_a25_v5_seed1002_critical.txt,u40_seed1002,0.85,0.847457627118644,0.7,False,0,0,0,False
instances/research_depth_load_sweep/rho0.85_normal0.7/instance_u40_a25_v5_seed1002_critical.txt,8a7f62b5862975e82959941361adfeae999a24722fff2e86e70f3c29f3dcd47c,gurobi-mip,1,1,lex-cos,weighted,1,35,710,1,12,38,750,12,65,101,43,10,6a86d9e04419d5434a8ac83437d7b4c9067045575a2a45a9a29888e5d862b401,instances/corrected_v2_reduced_suite/evaluation_critical/evaluation/critical/instance_u40_a25_v5_seed1002_critical.txt,u40_seed1002,0.85,0.847457627118644,0.7,False,11,3,40,True
instances/research_depth_load_sweep/rho0.85_normal0.7/instance_u40_a25_v5_seed1002_critical.txt,8a7f62b5862975e82959941361adfeae999a24722fff2e86e70f3c29f3dcd47c,gurobi-mip,1,1,lex-overtime,weighted,1,35,710,1,12,38,750,12,65,101,43,10,6a86d9e04419d5434a8ac83437d7b4c9067045575a2a45a9a29888e5d862b401,instances/corrected_v2_reduced_suite/evaluation_critical/evaluation/critical/instance_u40_a25_v5_seed1002_critical.txt,u40_seed1002,0.85,0.847457627118644,0.7,False,11,3,40,True
instances/research_depth_load_sweep/rho0.98_normal1/instance_u40_a10_v5_seed1001_critical.txt,e635225116585d3c1bd45570fcd7970f3625ce482a711da57db407a1fa6b01d6,gurobi-mip,1,1,lex-cos,lex-overtime,0,0,705,0,0,0,705,0,0,0,0,0,0fa28a903cebd3a3dd85fef2874db9c94ef28e79ab436d5e05b1ed674d0dc046,instances/corrected_v2_reduced_suite/evaluation_critical/evaluation/critical/instance_u40_a10_v5_seed1001_critical.txt,u40_seed1001,0.98,0.975609756097561,1.0,False,0,0,0,False
instances/research_depth_load_sweep/rho0.98_normal1/instance_u40_a10_v5_seed1001_critical.txt,e635225116585d3c1bd45570fcd7970f3625ce482a711da57db407a1fa6b01d6,gurobi-mip,1,1,lex-cos,weighted,0,0,705,0,3,0,715,3,34,95,19,2,0fa28a903cebd3a3dd85fef2874db9c94ef28e79ab436d5e05b1ed674d0dc046,instances/corrected_v2_reduced_suite/evaluation_critical/evaluation/critical/instance_u40_a10_v5_seed1001_critical.txt,u40_seed1001,0.98,0.975609756097561,1.0,False,3,0,10,True
instances/research_depth_load_sweep/rho0.98_normal1/instance_u40_a10_v5_seed1001_critical.txt,e635225116585d3c1bd45570fcd7970f3625ce482a711da57db407a1fa6b01d6,gurobi-mip,1,1,lex-overtime,weighted,0,0,705,0,3,0,715,3,34,95,19,2,0fa28a903cebd3a3dd85fef2874db9c94ef28e79ab436d5e05b1ed674d0dc046,instances/corrected_v2_reduced_suite/evaluation_critical/evaluation/critical/instance_u40_a10_v5_seed1001_critical.txt,u40_seed1001,0.98,0.975609756097561,1.0,False,3,0,10,True
instances/research_depth_load_sweep/rho0.98_normal1/instance_u40_a15_v5_seed1002_critical.txt,7806c5e36297a9522d7b6b27dc92c3c3233d9d22c01e8750a2433d13c06d9bb3,gurobi-mip,1,1,lex-cos,lex-overtime,4,0,674,4,4,0,674,4,0,0,0,0,fbf890b517ed96fe2ae987767a36e6554398d327dac819b9cc3837ab221b32da,instances/corrected_v2_reduced_suite/evaluation_critical/evaluation/critical/instance_u40_a15_v5_seed1002_critical.txt,u40_seed1002,0.98,0.975609756097561,1.0,False,0,0,0,False
instances/research_depth_load_sweep/rho0.98_normal1/instance_u40_a15_v5_seed1002_critical.txt,7806c5e36297a9522d7b6b27dc92c3c3233d9d22c01e8750a2433d13c06d9bb3,gurobi-mip,1,1,lex-cos,weighted,4,0,674,4,20,0,715,20,61,104,41,2,fbf890b517ed96fe2ae987767a36e6554398d327dac819b9cc3837ab221b32da,instances/corrected_v2_reduced_suite/evaluation_critical/evaluation/critical/instance_u40_a15_v5_seed1002_critical.txt,u40_seed1002,0.98,0.975609756097561,1.0,False,16,0,41,True
instances/research_depth_load_sweep/rho0.98_normal1/instance_u40_a15_v5_seed1002_critical.txt,7806c5e36297a9522d7b6b27dc92c3c3233d9d22c01e8750a2433d13c06d9bb3,gurobi-mip,1,1,lex-overtime,weighted,4,0,674,4,20,0,715,20,61,104,41,2,fbf890b517ed96fe2ae987767a36e6554398d327dac819b9cc3837ab221b32da,instances/corrected_v2_reduced_suite/evaluation_critical/evaluation/critical/instance_u40_a15_v5_seed1002_critical.txt,u40_seed1002,0.98,0.975609756097561,1.0,False,16,0,41,True
instances/research_depth_load_sweep/rho0.85_normal0.7/instance_u30_a10_v4_seed1003_critical.txt,c053a43aa8fd2563dd21e64d2ba5d1c899bd359d084897f198583300ea574cfc,gurobi-mip,1,1,lex-cos,lex-overtime,0,21,410,0,0,21,410,0,0,0,0,0,ecef75f227343cde9e2c9dfd880ff2779326fa051917a8a437023079d7d1ee16,instances/corrected_v2_reduced_suite/evaluation_critical/evaluation/critical/instance_u30_a10_v4_seed1003_critical.txt,u30_seed1003,0.85,0.8450704225352113,0.7,False,0,0,0,False
instances/research_depth_load_sweep/rho0.85_normal0.7/instance_u30_a10_v4_seed1003_critical.txt,c053a43aa8fd2563dd21e64d2ba5d1c899bd359d084897f198583300ea574cfc,gurobi-mip,1,1,lex-cos,weighted,0,21,410,0,5,21,416,5,21,60,15,12,ecef75f227343cde9e2c9dfd880ff2779326fa051917a8a437023079d7d1ee16,instances/corrected_v2_reduced_suite/evaluation_critical/evaluation/critical/instance_u30_a10_v4_seed1003_critical.txt,u30_seed1003,0.85,0.8450704225352113,0.7,False,5,0,6,True
instances/research_depth_load_sweep/rho0.85_normal0.7/instance_u30_a10_v4_seed1003_critical.txt,c053a43aa8fd2563dd21e64d2ba5d1c899bd359d084897f198583300ea574cfc,gurobi-mip,1,1,lex-overtime,weighted,0,21,410,0,5,21,416,5,21,60,15,12,ecef75f227343cde9e2c9dfd880ff2779326fa051917a8a437023079d7d1ee16,instances/corrected_v2_reduced_suite/evaluation_critical/evaluation/critical/instance_u30_a10_v4_seed1003_critical.txt,u30_seed1003,0.85,0.8450704225352113,0.7,False,5,0,6,True
instances/research_depth_load_sweep/rho0.98_normal0.85/instance_u40_a25_v5_seed1003_critical.txt,69db00e7f9c40c35d24dc66816a60cafcf7c59161104b38d3a1791248308f2ee,gurobi-mip,1,1,lex-cos,lex-overtime,1,26,652,1,1,26,652,1,0,0,0,0,4e512df627d17612d29d4a3e5f36bd78eb17641a1923ef501751875f036a5ae9,instances/corrected_v2_reduced_suite/evaluation_critical/evaluation/critical/instance_u40_a25_v5_seed1003_critical.txt,u40_seed1003,0.98,0.975609756097561,0.85,False,0,0,0,False
instances/research_depth_load_sweep/rho0.98_normal0.85/instance_u40_a25_v5_seed1003_critical.txt,69db00e7f9c40c35d24dc66816a60cafcf7c59161104b38d3a1791248308f2ee,gurobi-mip,1,1,lex-cos,weighted,1,26,652,1,15,26,694,15,63,105,39,2,4e512df627d17612d29d4a3e5f36bd78eb17641a1923ef501751875f036a5ae9,instances/corrected_v2_reduced_suite/evaluation_critical/evaluation/critical/instance_u40_a25_v5_seed1003_critical.txt,u40_seed1003,0.98,0.975609756097561,0.85,False,14,0,42,True
instances/research_depth_load_sweep/rho0.98_normal0.85/instance_u40_a25_v5_seed1003_critical.txt,69db00e7f9c40c35d24dc66816a60cafcf7c59161104b38d3a1791248308f2ee,gurobi-mip,1,1,lex-overtime,weighted,1,26,652,1,15,26,694,15,63,105,39,2,4e512df627d17612d29d4a3e5f36bd78eb17641a1923ef501751875f036a5ae9,instances/corrected_v2_reduced_suite/evaluation_critical/evaluation/critical/instance_u40_a25_v5_seed1003_critical.txt,u40_seed1003,0.98,0.975609756097561,0.85,False,14,0,42,True
instances/research_depth_load_sweep/rho0.55_normal1/instance_u40_a10_v4_seed1003_critical.txt,c16775ee84e453efb13d9514c946bb27b9b9d1d82143a09266be4e00bede0e43,gurobi-mip,1,1,lex-cos,lex-overtime,1,0,547,1,1,0,547,1,0,0,0,0,395a48f8a39788bea86b6f70fb9ec6a2a924a9f8f08e8639adaf51dba4e7ae85,instances/corrected_v2_reduced_suite/evaluation_critical/evaluation/critical/instance_u40_a10_v4_seed1003_critical.txt,u40_seed1003,0.55,0.5498281786941581,1.0,False,0,0,0,False
instances/research_depth_load_sweep/rho0.55_normal1/instance_u40_a10_v4_seed1003_critical.txt,c16775ee84e453efb13d9514c946bb27b9b9d1d82143a09266be4e00bede0e43,gurobi-mip,1,1,lex-cos,weighted,1,0,547,1,7,0,558,7,43,62,31,44,395a48f8a39788bea86b6f70fb9ec6a2a924a9f8f08e8639adaf51dba4e7ae85,instances/corrected_v2_reduced_suite/evaluation_critical/evaluation/critical/instance_u40_a10_v4_seed1003_critical.txt,u40_seed1003,0.55,0.5498281786941581,1.0,False,6,0,11,True
instances/research_depth_load_sweep/rho0.55_normal1/instance_u40_a10_v4_seed1003_critical.txt,c16775ee84e453efb13d9514c946bb27b9b9d1d82143a09266be4e00bede0e43,gurobi-mip,1,1,lex-overtime,weighted,1,0,547,1,7,0,558,7,43,62,31,44,395a48f8a39788bea86b6f70fb9ec6a2a924a9f8f08e8639adaf51dba4e7ae85,instances/corrected_v2_reduced_suite/evaluation_critical/evaluation/critical/instance_u40_a10_v4_seed1003_critical.txt,u40_seed1003,0.55,0.5498281786941581,1.0,False,6,0,11,True
instances/research_depth_load_sweep/rho0.85_normal0.85/instance_u40_a20_v4_seed1002_critical.txt,8fe397ee776a8cfb744bb77da0e91099c029a4cc2c05d5c45c831bea9ff5aa62,gurobi-mip,1,1,lex-cos,lex-overtime,1,0,529,1,1,0,529,1,0,0,0,0,8fe397ee776a8cfb744bb77da0e91099c029a4cc2c05d5c45c831bea9ff5aa62,instances/corrected_v2_reduced_suite/evaluation_critical/evaluation/critical/instance_u40_a20_v4_seed1002_critical.txt,u40_seed1002,0.85,0.8465608465608465,0.85,True,0,0,0,False
instances/research_depth_load_sweep/rho0.85_normal0.85/instance_u40_a20_v4_seed1002_critical.txt,8fe397ee776a8cfb744bb77da0e91099c029a4cc2c05d5c45c831bea9ff5aa62,gurobi-mip,1,1,lex-cos,weighted,1,0,529,1,9,12,588,9,62,81,46,24,8fe397ee776a8cfb744bb77da0e91099c029a4cc2c05d5c45c831bea9ff5aa62,instances/corrected_v2_reduced_suite/evaluation_critical/evaluation/critical/instance_u40_a20_v4_seed1002_critical.txt,u40_seed1002,0.85,0.8465608465608465,0.85,True,8,12,59,True
instances/research_depth_load_sweep/rho0.85_normal0.85/instance_u40_a20_v4_seed1002_critical.txt,8fe397ee776a8cfb744bb77da0e91099c029a4cc2c05d5c45c831bea9ff5aa62,gurobi-mip,1,1,lex-overtime,weighted,1,0,529,1,9,12,588,9,62,81,46,24,8fe397ee776a8cfb744bb77da0e91099c029a4cc2c05d5c45c831bea9ff5aa62,instances/corrected_v2_reduced_suite/evaluation_critical/evaluation/critical/instance_u40_a20_v4_seed1002_critical.txt,u40_seed1002,0.85,0.8465608465608465,0.85,True,8,12,59,True
instances/research_depth_load_sweep/rho0.85_normal0.7/instance_u40_a20_v5_seed1002_critical.txt,937d8ade9985b51178578a6b3d3245ab0c304fea9dfc9f413e8a69865b5741a8,gurobi-mip,1,1,lex-cos,lex-overtime,1,35,701,1,1,35,701,1,0,0,0,0,aee0a6b7ec9777049ee75f53a345d8b1b5d4d3de33e8d3f6c9559f510624b169,instances/corrected_v2_reduced_suite/evaluation_critical/evaluation/critical/instance_u40_a20_v5_seed1002_critical.txt,u40_seed1002,0.85,0.847457627118644,0.7,False,0,0,0,False
instances/research_depth_load_sweep/rho0.85_normal0.7/instance_u40_a20_v5_seed1002_critical.txt,937d8ade9985b51178578a6b3d3245ab0c304fea9dfc9f413e8a69865b5741a8,gurobi-mip,1,1,lex-cos,weighted,1,35,701,1,13,40,743,13,69,111,47,12,aee0a6b7ec9777049ee75f53a345d8b1b5d4d3de33e8d3f6c9559f510624b169,instances/corrected_v2_reduced_suite/evaluation_critical/evaluation/critical/instance_u40_a20_v5_seed1002_critical.txt,u40_seed1002,0.85,0.847457627118644,0.7,False,12,5,42,True
instances/research_depth_load_sweep/rho0.85_normal0.7/instance_u40_a20_v5_seed1002_critical.txt,937d8ade9985b51178578a6b3d3245ab0c304fea9dfc9f413e8a69865b5741a8,gurobi-mip,1,1,lex-overtime,weighted,1,35,701,1,13,40,743,13,69,111,47,12,aee0a6b7ec9777049ee75f53a345d8b1b5d4d3de33e8d3f6c9559f510624b169,instances/corrected_v2_reduced_suite/evaluation_critical/evaluation/critical/instance_u40_a20_v5_seed1002_critical.txt,u40_seed1002,0.85,0.847457627118644,0.7,False,12,5,42,True
instances/research_depth_load_sweep/rho0.55_normal0.7/instance_u30_a25_v5_seed1002_critical.txt,dc6f4635a10e76d9c5a09102959cbdfb74e62547e3720f7f6ed409bd1d4eeb17,gurobi-mip,1,1,lex-cos,lex-overtime,0,0,539,0,0,0,539,0,0,0,0,0,13d35da4af1d246d1dc9e9e69e18e81522824e99442b070094b3ee6de84cff54,instances/corrected_v2_reduced_suite/evaluation_critical/evaluation/critical/instance_u30_a25_v5_seed1002_critical.txt,u30_seed1002,0.55,0.5494505494505495,0.7,False,0,0,0,False
instances/research_depth_load_sweep/rho0.55_normal0.7/instance_u30_a25_v5_seed1002_critical.txt,dc6f4635a10e76d9c5a09102959cbdfb74e62547e3720f7f6ed409bd1d4eeb17,gurobi-mip,1,1,lex-cos,weighted,0,0,539,0,8,1,573,8,69,79,43,24,13d35da4af1d246d1dc9e9e69e18e81522824e99442b070094b3ee6de84cff54,instances/corrected_v2_reduced_suite/evaluation_critical/evaluation/critical/instance_u30_a25_v5_seed1002_critical.txt,u30_seed1002,0.55,0.5494505494505495,0.7,False,8,1,34,True
instances/research_depth_load_sweep/rho0.55_normal0.7/instance_u30_a25_v5_seed1002_critical.txt,dc6f4635a10e76d9c5a09102959cbdfb74e62547e3720f7f6ed409bd1d4eeb17,gurobi-mip,1,1,lex-overtime,weighted,0,0,539,0,8,1,573,8,69,79,43,24,13d35da4af1d246d1dc9e9e69e18e81522824e99442b070094b3ee6de84cff54,instances/corrected_v2_reduced_suite/evaluation_critical/evaluation/critical/instance_u30_a25_v5_seed1002_critical.txt,u30_seed1002,0.55,0.5494505494505495,0.7,False,8,1,34,True
instances/research_depth_load_sweep/rho0.55_normal0.7/instance_u40_a15_v5_seed1001_critical.txt,408a39e8398880087fc0ce7c70ab92e0d8b25d84cee777939140d18056151cfd,gurobi-mip,1,1,lex-cos,lex-overtime,0,0,755,0,0,0,755,0,0,0,0,0,addefcd65569a464f6ade877201060bec8b3edf54c9784bd4a2ce47e7fa65a0a,instances/corrected_v2_reduced_suite/evaluation_critical/evaluation/critical/instance_u40_a15_v5_seed1001_critical.txt,u40_seed1001,0.55,0.5494505494505495,0.7,False,0,0,0,False
instances/research_depth_load_sweep/rho0.55_normal0.7/instance_u40_a15_v5_seed1001_critical.txt,408a39e8398880087fc0ce7c70ab92e0d8b25d84cee777939140d18056151cfd,gurobi-mip,1,1,lex-cos,weighted,0,0,755,0,4,0,764,4,45,103,28,18,addefcd65569a464f6ade877201060bec8b3edf54c9784bd4a2ce47e7fa65a0a,instances/corrected_v2_reduced_suite/evaluation_critical/evaluation/critical/instance_u40_a15_v5_seed1001_critical.txt,u40_seed1001,0.55,0.5494505494505495,0.7,False,4,0,9,True
instances/research_depth_load_sweep/rho0.55_normal0.7/instance_u40_a15_v5_seed1001_critical.txt,408a39e8398880087fc0ce7c70ab92e0d8b25d84cee777939140d18056151cfd,gurobi-mip,1,1,lex-overtime,weighted,0,0,755,0,4,0,764,4,45,103,28,18,addefcd65569a464f6ade877201060bec8b3edf54c9784bd4a2ce47e7fa65a0a,instances/corrected_v2_reduced_suite/evaluation_critical/evaluation/critical/instance_u40_a15_v5_seed1001_critical.txt,u40_seed1001,0.55,0.5494505494505495,0.7,False,4,0,9,True
instances/research_depth_load_sweep/rho0.98_normal0.85/instance_u40_a25_v4_seed1002_critical.txt,e671aff021989c33eb97b38f204ebbef575de204a6ae86f7280dc4362eb9ac9c,gurobi-mip,1,1,lex-cos,lex-overtime,3,21,521,3,3,21,521,3,0,0,0,0,5c9a8a3dcc3d1fe985ff86f0f6765ea477a79927e1fcb4a8a0be3ecb89ce8cfe,instances/corrected_v2_reduced_suite/evaluation_critical/evaluation/critical/instance_u40_a25_v4_seed1002_critical.txt,u40_seed1002,0.98,0.975609756097561,0.85,False,0,0,0,False
instances/research_depth_load_sweep/rho0.98_normal0.85/instance_u40_a25_v4_seed1002_critical.txt,e671aff021989c33eb97b38f204ebbef575de204a6ae86f7280dc4362eb9ac9c,gurobi-mip,1,1,lex-cos,weighted,3,21,521,3,14,21,561,14,53,76,38,0,5c9a8a3dcc3d1fe985ff86f0f6765ea477a79927e1fcb4a8a0be3ecb89ce8cfe,instances/corrected_v2_reduced_suite/evaluation_critical/evaluation/critical/instance_u40_a25_v4_seed1002_critical.txt,u40_seed1002,0.98,0.975609756097561,0.85,False,11,0,40,True
instances/research_depth_load_sweep/rho0.98_normal0.85/instance_u40_a25_v4_seed1002_critical.txt,e671aff021989c33eb97b38f204ebbef575de204a6ae86f7280dc4362eb9ac9c,gurobi-mip,1,1,lex-overtime,weighted,3,21,521,3,14,21,561,14,53,76,38,0,5c9a8a3dcc3d1fe985ff86f0f6765ea477a79927e1fcb4a8a0be3ecb89ce8cfe,instances/corrected_v2_reduced_suite/evaluation_critical/evaluation/critical/instance_u40_a25_v4_seed1002_critical.txt,u40_seed1002,0.98,0.975609756097561,0.85,False,11,0,40,True
instances/research_depth_load_sweep/rho0.85_normal0.7/instance_u30_a20_v5_seed1003_critical.txt,883846ea906101b00f7b7f2fbc0a890b319e74f877ce0090ca0d33c52fcc21d7,gurobi-mip,1,1,lex-cos,lex-overtime,0,26,514,0,0,26,514,0,0,0,0,0,65de3dfdc16f9c773e9874c2357071bf31732b49485a995a839ed1f4d259a558,instances/corrected_v2_reduced_suite/evaluation_critical/evaluation/critical/instance_u30_a20_v5_seed1003_critical.txt,u30_seed1003,0.85,0.847457627118644,0.7,False,0,0,0,False
instances/research_depth_load_sweep/rho0.85_normal0.7/instance_u30_a20_v5_seed1003_critical.txt,883846ea906101b00f7b7f2fbc0a890b319e74f877ce0090ca0d33c52fcc21d7,gurobi-mip,1,1,lex-cos,weighted,0,26,514,0,7,27,528,7,34,73,21,18,65de3dfdc16f9c773e9874c2357071bf31732b49485a995a839ed1f4d259a558,instances/corrected_v2_reduced_suite/evaluation_critical/evaluation/critical/instance_u30_a20_v5_seed1003_critical.txt,u30_seed1003,0.85,0.847457627118644,0.7,False,7,1,14,True
instances/research_depth_load_sweep/rho0.85_normal0.7/instance_u30_a20_v5_seed1003_critical.txt,883846ea906101b00f7b7f2fbc0a890b319e74f877ce0090ca0d33c52fcc21d7,gurobi-mip,1,1,lex-overtime,weighted,0,26,514,0,7,27,528,7,34,73,21,18,65de3dfdc16f9c773e9874c2357071bf31732b49485a995a839ed1f4d259a558,instances/corrected_v2_reduced_suite/evaluation_critical/evaluation/critical/instance_u30_a20_v5_seed1003_critical.txt,u30_seed1003,0.85,0.847457627118644,0.7,False,7,1,14,True
instances/research_depth_load_sweep/rho0.98_normal0.85/instance_u30_a25_v5_seed1003_critical.txt,84703f1e959e73c9c0fcdc640c9079c853f50e74c7edc7910e617e59c74170b0,gurobi-mip,1,1,lex-cos,lex-overtime,0,19,492,0,0,19,492,0,0,0,0,0,e90c35e7cece54d3787eeeb644bcf0edacb9c7c339799fb4aaa218f9d27dc487,instances/corrected_v2_reduced_suite/evaluation_critical/evaluation/critical/instance_u30_a25_v5_seed1003_critical.txt,u30_seed1003,0.98,0.974025974025974,0.85,False,0,0,0,False
instances/research_depth_load_sweep/rho0.98_normal0.85/instance_u30_a25_v5_seed1003_critical.txt,84703f1e959e73c9c0fcdc640c9079c853f50e74c7edc7910e617e59c74170b0,gurobi-mip,1,1,lex-cos,weighted,0,19,492,0,10,19,515,10,44,82,26,0,e90c35e7cece54d3787eeeb644bcf0edacb9c7c339799fb4aaa218f9d27dc487,instances/corrected_v2_reduced_suite/evaluation_critical/evaluation/critical/instance_u30_a25_v5_seed1003_critical.txt,u30_seed1003,0.98,0.974025974025974,0.85,False,10,0,23,True
instances/research_depth_load_sweep/rho0.98_normal0.85/instance_u30_a25_v5_seed1003_critical.txt,84703f1e959e73c9c0fcdc640c9079c853f50e74c7edc7910e617e59c74170b0,gurobi-mip,1,1,lex-overtime,weighted,0,19,492,0,10,19,515,10,44,82,26,0,e90c35e7cece54d3787eeeb644bcf0edacb9c7c339799fb4aaa218f9d27dc487,instances/corrected_v2_reduced_suite/evaluation_critical/evaluation/critical/instance_u30_a25_v5_seed1003_critical.txt,u30_seed1003,0.98,0.974025974025974,0.85,False,10,0,23,True
instances/research_depth_load_sweep/rho0.55_normal0.7/instance_u40_a10_v5_seed1002_critical.txt,e2627d0882c4e1d2a551492800e7d7494fb0d23052690dda7c67d97f5faa1767,gurobi-mip,1,1,lex-cos,lex-overtime,4,0,722,4,4,0,722,4,0,0,0,0,559a4cbe53b4c6b0b9bb730eba6ec962c70e2de70ab1b20d1f420367127f3bf9,instances/corrected_v2_reduced_suite/evaluation_critical/evaluation/critical/instance_u40_a10_v5_seed1002_critical.txt,u40_seed1002,0.55,0.5494505494505495,0.7,False,0,0,0,False
instances/research_depth_load_sweep/rho0.55_normal0.7/instance_u40_a10_v5_seed1002_critical.txt,e2627d0882c4e1d2a551492800e7d7494fb0d23052690dda7c67d97f5faa1767,gurobi-mip,1,1,lex-cos,weighted,4,0,722,4,15,0,743,15,46,101,29,18,559a4cbe53b4c6b0b9bb730eba6ec962c70e2de70ab1b20d1f420367127f3bf9,instances/corrected_v2_reduced_suite/evaluation_critical/evaluation/critical/instance_u40_a10_v5_seed1002_critical.txt,u40_seed1002,0.55,0.5494505494505495,0.7,False,11,0,21,True
instances/research_depth_load_sweep/rho0.55_normal0.7/instance_u40_a10_v5_seed1002_critical.txt,e2627d0882c4e1d2a551492800e7d7494fb0d23052690dda7c67d97f5faa1767,gurobi-mip,1,1,lex-overtime,weighted,4,0,722,4,15,0,743,15,46,101,29,18,559a4cbe53b4c6b0b9bb730eba6ec962c70e2de70ab1b20d1f420367127f3bf9,instances/corrected_v2_reduced_suite/evaluation_critical/evaluation/critical/instance_u40_a10_v5_seed1002_critical.txt,u40_seed1002,0.55,0.5494505494505495,0.7,False,11,0,21,True
instances/research_depth_load_sweep/rho0.55_normal0.85/instance_u30_a25_v4_seed1003_critical.txt,b10ed824b5d50d7a08250c1ce7fb4cc0594d9a0f844a2fad5145236126449656,gurobi-mip,1,1,lex-cos,lex-overtime,0,0,435,0,0,0,435,0,0,0,0,0,1106683ff4d0a32c24be1898a1c47de6e406379be52c648767eb810adcb9134d,instances/corrected_v2_reduced_suite/evaluation_critical/evaluation/critical/instance_u30_a25_v4_seed1003_critical.txt,u30_seed1003,0.55,0.547945205479452,0.85,False,0,0,0,False
instances/research_depth_load_sweep/rho0.55_normal0.85/instance_u30_a25_v4_seed1003_critical.txt,b10ed824b5d50d7a08250c1ce7fb4cc0594d9a0f844a2fad5145236126449656,gurobi-mip,1,1,lex-cos,weighted,0,0,435,0,2,2,441,2,51,54,31,38,1106683ff4d0a32c24be1898a1c47de6e406379be52c648767eb810adcb9134d,instances/corrected_v2_reduced_suite/evaluation_critical/evaluation/critical/instance_u30_a25_v4_seed1003_critical.txt,u30_seed1003,0.55,0.547945205479452,0.85,False,2,2,6,True
instances/research_depth_load_sweep/rho0.55_normal0.85/instance_u30_a25_v4_seed1003_critical.txt,b10ed824b5d50d7a08250c1ce7fb4cc0594d9a0f844a2fad5145236126449656,gurobi-mip,1,1,lex-overtime,weighted,0,0,435,0,2,2,441,2,51,54,31,38,1106683ff4d0a32c24be1898a1c47de6e406379be52c648767eb810adcb9134d,instances/corrected_v2_reduced_suite/evaluation_critical/evaluation/critical/instance_u30_a25_v4_seed1003_critical.txt,u30_seed1003,0.55,0.547945205479452,0.85,False,2,2,6,True
instances/research_depth_load_sweep/rho0.55_normal0.7/instance_u40_a25_v5_seed1002_critical.txt,87144b249fe9cd734c0bce16b77a89120ec4653541c47994a162405871542f97,gurobi-mip,1,1,lex-cos,lex-overtime,0,0,754,0,0,0,754,0,0,0,0,0,6a86d9e04419d5434a8ac83437d7b4c9067045575a2a45a9a29888e5d862b401,instances/corrected_v2_reduced_suite/evaluation_critical/evaluation/critical/instance_u40_a25_v5_seed1002_critical.txt,u40_seed1002,0.55,0.5494505494505495,0.7,False,0,0,0,False
instances/research_depth_load_sweep/rho0.55_normal0.7/instance_u40_a25_v5_seed1002_critical.txt,87144b249fe9cd734c0bce16b77a89120ec4653541c47994a162405871542f97,gurobi-mip,1,1,lex-cos,weighted,0,0,754,0,4,0,770,4,38,113,26,20,6a86d9e04419d5434a8ac83437d7b4c9067045575a2a45a9a29888e5d862b401,instances/corrected_v2_reduced_suite/evaluation_critical/evaluation/critical/instance_u40_a25_v5_seed1002_critical.txt,u40_seed1002,0.55,0.5494505494505495,0.7,False,4,0,16,True
instances/research_depth_load_sweep/rho0.55_normal0.7/instance_u40_a25_v5_seed1002_critical.txt,87144b249fe9cd734c0bce16b77a89120ec4653541c47994a162405871542f97,gurobi-mip,1,1,lex-overtime,weighted,0,0,754,0,4,0,770,4,38,113,26,20,6a86d9e04419d5434a8ac83437d7b4c9067045575a2a45a9a29888e5d862b401,instances/corrected_v2_reduced_suite/evaluation_critical/evaluation/critical/instance_u40_a25_v5_seed1002_critical.txt,u40_seed1002,0.55,0.5494505494505495,0.7,False,4,0,16,True
instances/research_depth_load_sweep/rho0.55_normal0.85/instance_u40_a20_v4_seed1002_critical.txt,a58c8f98e6e9e5ad5920112f8d956d3cf4f03649a8769521e066e9b5010416a1,gurobi-mip,1,1,lex-cos,lex-overtime,0,0,593,0,0,0,593,0,0,0,0,0,8fe397ee776a8cfb744bb77da0e91099c029a4cc2c05d5c45c831bea9ff5aa62,instances/corrected_v2_reduced_suite/evaluation_critical/evaluation/critical/instance_u40_a20_v4_seed1002_critical.txt,u40_seed1002,0.55,0.5498281786941581,0.85,False,0,0,0,False
instances/research_depth_load_sweep/rho0.55_normal0.85/instance_u40_a20_v4_seed1002_critical.txt,a58c8f98e6e9e5ad5920112f8d956d3cf4f03649a8769521e066e9b5010416a1,gurobi-mip,1,1,lex-cos,weighted,0,0,593,0,5,0,607,5,28,90,18,26,8fe397ee776a8cfb744bb77da0e91099c029a4cc2c05d5c45c831bea9ff5aa62,instances/corrected_v2_reduced_suite/evaluation_critical/evaluation/critical/instance_u40_a20_v4_seed1002_critical.txt,u40_seed1002,0.55,0.5498281786941581,0.85,False,5,0,14,True
instances/research_depth_load_sweep/rho0.55_normal0.85/instance_u40_a20_v4_seed1002_critical.txt,a58c8f98e6e9e5ad5920112f8d956d3cf4f03649a8769521e066e9b5010416a1,gurobi-mip,1,1,lex-overtime,weighted,0,0,593,0,5,0,607,5,28,90,18,26,8fe397ee776a8cfb744bb77da0e91099c029a4cc2c05d5c45c831bea9ff5aa62,instances/corrected_v2_reduced_suite/evaluation_critical/evaluation/critical/instance_u40_a20_v4_seed1002_critical.txt,u40_seed1002,0.55,0.5498281786941581,0.85,False,5,0,14,True
instances/research_depth_load_sweep/rho0.85_normal1/instance_u30_a20_v5_seed1003_critical.txt,d6b74f5b68c0aa6b6845a4685bf028f6f78e045efe5447a7ffbfc0d4cf03951c,gurobi-mip,1,1,lex-cos,lex-overtime,0,0,515,0,0,0,515,0,0,0,0,0,65de3dfdc16f9c773e9874c2357071bf31732b49485a995a839ed1f4d259a558,instances/corrected_v2_reduced_suite/evaluation_critical/evaluation/critical/instance_u30_a20_v5_seed1003_critical.txt,u30_seed1003,0.85,0.847457627118644,1.0,False,0,0,0,False
instances/research_depth_load_sweep/rho0.85_normal1/instance_u30_a20_v5_seed1003_critical.txt,d6b74f5b68c0aa6b6845a4685bf028f6f78e045efe5447a7ffbfc0d4cf03951c,gurobi-mip,1,1,lex-cos,weighted,0,0,515,0,6,0,530,6,39,83,19,16,65de3dfdc16f9c773e9874c2357071bf31732b49485a995a839ed1f4d259a558,instances/corrected_v2_reduced_suite/evaluation_critical/evaluation/critical/instance_u30_a20_v5_seed1003_critical.txt,u30_seed1003,0.85,0.847457627118644,1.0,False,6,0,15,True
instances/research_depth_load_sweep/rho0.85_normal1/instance_u30_a20_v5_seed1003_critical.txt,d6b74f5b68c0aa6b6845a4685bf028f6f78e045efe5447a7ffbfc0d4cf03951c,gurobi-mip,1,1,lex-overtime,weighted,0,0,515,0,6,0,530,6,39,83,19,16,65de3dfdc16f9c773e9874c2357071bf31732b49485a995a839ed1f4d259a558,instances/corrected_v2_reduced_suite/evaluation_critical/evaluation/critical/instance_u30_a20_v5_seed1003_critical.txt,u30_seed1003,0.85,0.847457627118644,1.0,False,6,0,15,True
instances/research_depth_load_sweep/rho0.98_normal0.85/instance_u40_a20_v5_seed1002_critical.txt,94bdb8aadcbcb8d0d1e5fe92668e00a1cee8fea1519907ca15407b01a5936bdb,gurobi-mip,1,1,lex-cos,lex-overtime,4,26,674,4,4,26,674,4,0,0,0,0,aee0a6b7ec9777049ee75f53a345d8b1b5d4d3de33e8d3f6c9559f510624b169,instances/corrected_v2_reduced_suite/evaluation_critical/evaluation/critical/instance_u40_a20_v5_seed1002_critical.txt,u40_seed1002,0.98,0.975609756097561,0.85,False,0,0,0,False
instances/research_depth_load_sweep/rho0.98_normal0.85/instance_u40_a20_v5_seed1002_critical.txt,94bdb8aadcbcb8d0d1e5fe92668e00a1cee8fea1519907ca15407b01a5936bdb,gurobi-mip,1,1,lex-cos,weighted,4,26,674,4,20,26,718,20,71,114,46,0,aee0a6b7ec9777049ee75f53a345d8b1b5d4d3de33e8d3f6c9559f510624b169,instances/corrected_v2_reduced_suite/evaluation_critical/evaluation/critical/instance_u40_a20_v5_seed1002_critical.txt,u40_seed1002,0.98,0.975609756097561,0.85,False,16,0,44,True
instances/research_depth_load_sweep/rho0.98_normal0.85/instance_u40_a20_v5_seed1002_critical.txt,94bdb8aadcbcb8d0d1e5fe92668e00a1cee8fea1519907ca15407b01a5936bdb,gurobi-mip,1,1,lex-overtime,weighted,4,26,674,4,20,26,718,20,71,114,46,0,aee0a6b7ec9777049ee75f53a345d8b1b5d4d3de33e8d3f6c9559f510624b169,instances/corrected_v2_reduced_suite/evaluation_critical/evaluation/critical/instance_u40_a20_v5_seed1002_critical.txt,u40_seed1002,0.98,0.975609756097561,0.85,False,16,0,44,True
instances/research_depth_load_sweep/rho0.85_normal0.7/instance_u40_a25_v4_seed1003_critical.txt,3b4ed916814fee3ee5a27c773127c2defac7eb80f712df7c6b260bdbe96e5b67,gurobi-mip,1,1,lex-cos,lex-overtime,0,28,550,0,0,28,550,0,0,0,0,0,3df9ad93fd31450b47bc05e23b939b69e8ff446e817f1dae19bc71c5f2d8d73d,instances/corrected_v2_reduced_suite/evaluation_critical/evaluation/critical/instance_u40_a25_v4_seed1003_critical.txt,u40_seed1003,0.85,0.8465608465608465,0.7,False,0,0,0,False
instances/research_depth_load_sweep/rho0.85_normal0.7/instance_u40_a25_v4_seed1003_critical.txt,3b4ed916814fee3ee5a27c773127c2defac7eb80f712df7c6b260bdbe96e5b67,gurobi-mip,1,1,lex-cos,weighted,0,28,550,0,8,30,568,8,46,77,33,10,3df9ad93fd31450b47bc05e23b939b69e8ff446e817f1dae19bc71c5f2d8d73d,instances/corrected_v2_reduced_suite/evaluation_critical/evaluation/critical/instance_u40_a25_v4_seed1003_critical.txt,u40_seed1003,0.85,0.8465608465608465,0.7,False,8,2,18,True
instances/research_depth_load_sweep/rho0.85_normal0.7/instance_u40_a25_v4_seed1003_critical.txt,3b4ed916814fee3ee5a27c773127c2defac7eb80f712df7c6b260bdbe96e5b67,gurobi-mip,1,1,lex-overtime,weighted,0,28,550,0,8,30,568,8,46,77,33,10,3df9ad93fd31450b47bc05e23b939b69e8ff446e817f1dae19bc71c5f2d8d73d,instances/corrected_v2_reduced_suite/evaluation_critical/evaluation/critical/instance_u40_a25_v4_seed1003_critical.txt,u40_seed1003,0.85,0.8465608465608465,0.7,False,8,2,18,True
instances/research_depth_load_sweep/rho0.98_normal0.85/instance_u30_a20_v4_seed1001_critical.txt,93a73cf963d0c2f254fee6b8a0b26cb7a8579bf4e51805fecc8c4984662e1eb9,gurobi-mip,1,1,lex-cos,lex-overtime,0,15,414,0,0,15,414,0,0,0,0,0,d4d3d128eb54871902a41a24c690d5559af2a39138098ef2902d8f1e4d8089a8,instances/corrected_v2_reduced_suite/evaluation_critical/evaluation/critical/instance_u30_a20_v4_seed1001_critical.txt,u30_seed1001,0.98,0.975609756097561,0.85,False,0,0,0,False
instances/research_depth_load_sweep/rho0.98_normal0.85/instance_u30_a20_v4_seed1001_critical.txt,93a73cf963d0c2f254fee6b8a0b26cb7a8579bf4e51805fecc8c4984662e1eb9,gurobi-mip,1,1,lex-cos,weighted,0,15,414,0,2,15,416,2,27,48,20,0,d4d3d128eb54871902a41a24c690d5559af2a39138098ef2902d8f1e4d8089a8,instances/corrected_v2_reduced_suite/evaluation_critical/evaluation/critical/instance_u30_a20_v4_seed1001_critical.txt,u30_seed1001,0.98,0.975609756097561,0.85,False,2,0,2,True
instances/research_depth_load_sweep/rho0.98_normal0.85/instance_u30_a20_v4_seed1001_critical.txt,93a73cf963d0c2f254fee6b8a0b26cb7a8579bf4e51805fecc8c4984662e1eb9,gurobi-mip,1,1,lex-overtime,weighted,0,15,414,0,2,15,416,2,27,48,20,0,d4d3d128eb54871902a41a24c690d5559af2a39138098ef2902d8f1e4d8089a8,instances/corrected_v2_reduced_suite/evaluation_critical/evaluation/critical/instance_u30_a20_v4_seed1001_critical.txt,u30_seed1001,0.98,0.975609756097561,0.85,False,2,0,2,True
instances/research_depth_load_sweep/rho0.55_normal1/instance_u40_a25_v4_seed1002_critical.txt,51d409537ff12ee32d58a6113e40de969aadba6f2cc87571ce0e52179598ab4e,gurobi-mip,1,1,lex-cos,lex-overtime,0,0,608,0,0,0,608,0,0,0,0,0,5c9a8a3dcc3d1fe985ff86f0f6765ea477a79927e1fcb4a8a0be3ecb89ce8cfe,instances/corrected_v2_reduced_suite/evaluation_critical/evaluation/critical/instance_u40_a25_v4_seed1002_critical.txt,u40_seed1002,0.55,0.5498281786941581,1.0,False,0,0,0,False
instances/research_depth_load_sweep/rho0.55_normal1/instance_u40_a25_v4_seed1002_critical.txt,51d409537ff12ee32d58a6113e40de969aadba6f2cc87571ce0e52179598ab4e,gurobi-mip,1,1,lex-cos,weighted,0,0,608,0,5,0,620,5,37,74,21,38,5c9a8a3dcc3d1fe985ff86f0f6765ea477a79927e1fcb4a8a0be3ecb89ce8cfe,instances/corrected_v2_reduced_suite/evaluation_critical/evaluation/critical/instance_u40_a25_v4_seed1002_critical.txt,u40_seed1002,0.55,0.5498281786941581,1.0,False,5,0,12,True
instances/research_depth_load_sweep/rho0.55_normal1/instance_u40_a25_v4_seed1002_critical.txt,51d409537ff12ee32d58a6113e40de969aadba6f2cc87571ce0e52179598ab4e,gurobi-mip,1,1,lex-overtime,weighted,0,0,608,0,5,0,620,5,37,74,21,38,5c9a8a3dcc3d1fe985ff86f0f6765ea477a79927e1fcb4a8a0be3ecb89ce8cfe,instances/corrected_v2_reduced_suite/evaluation_critical/evaluation/critical/instance_u40_a25_v4_seed1002_critical.txt,u40_seed1002,0.55,0.5498281786941581,1.0,False,5,0,12,True
instances/research_depth_load_sweep/rho0.85_normal0.7/instance_u30_a15_v4_seed1002_critical.txt,f8961bb537ec52299d37fbd30de139813b77ac3d9922b6f59e59ab422c3a51bf,gurobi-mip,1,1,lex-cos,lex-overtime,1,21,414,1,1,21,414,1,0,0,0,0,148c8679adee389f3bfb69e52584b46bc596198bb5146008050adc703b39182e,instances/corrected_v2_reduced_suite/evaluation_critical/evaluation/critical/instance_u30_a15_v4_seed1002_critical.txt,u30_seed1002,0.85,0.8450704225352113,0.7,False,0,0,0,False
instances/research_depth_load_sweep/rho0.85_normal0.7/instance_u30_a15_v4_seed1002_critical.txt,f8961bb537ec52299d37fbd30de139813b77ac3d9922b6f59e59ab422c3a51bf,gurobi-mip,1,1,lex-cos,weighted,1,21,414,1,5,23,435,5,27,53,21,8,148c8679adee389f3bfb69e52584b46bc596198bb5146008050adc703b39182e,instances/corrected_v2_reduced_suite/evaluation_critical/evaluation/critical/instance_u30_a15_v4_seed1002_critical.txt,u30_seed1002,0.85,0.8450704225352113,0.7,False,4,2,21,True
instances/research_depth_load_sweep/rho0.85_normal0.7/instance_u30_a15_v4_seed1002_critical.txt,f8961bb537ec52299d37fbd30de139813b77ac3d9922b6f59e59ab422c3a51bf,gurobi-mip,1,1,lex-overtime,weighted,1,21,414,1,5,23,435,5,27,53,21,8,148c8679adee389f3bfb69e52584b46bc596198bb5146008050adc703b39182e,instances/corrected_v2_reduced_suite/evaluation_critical/evaluation/critical/instance_u30_a15_v4_seed1002_critical.txt,u30_seed1002,0.85,0.8450704225352113,0.7,False,4,2,21,True
instances/research_depth_load_sweep/rho0.98_normal1/instance_u30_a20_v4_seed1003_critical.txt,c535fbf6998f5dcb9ed1232398faafb54982e72c3bc82825b243db6dc9a79bf4,gurobi-mip,1,1,lex-cos,lex-overtime,0,0,408,0,0,0,408,0,0,0,0,0,68e2b74d850c1069e78bc56681e6d252a2a8df6699aceb2e6aaffeff722beca0,instances/corrected_v2_reduced_suite/evaluation_critical/evaluation/critical/instance_u30_a20_v4_seed1003_critical.txt,u30_seed1003,0.98,0.975609756097561,1.0,False,0,0,0,False
instances/research_depth_load_sweep/rho0.98_normal1/instance_u30_a20_v4_seed1003_critical.txt,c535fbf6998f5dcb9ed1232398faafb54982e72c3bc82825b243db6dc9a79bf4,gurobi-mip,1,1,lex-cos,weighted,0,0,408,0,6,0,417,6,31,69,20,2,68e2b74d850c1069e78bc56681e6d252a2a8df6699aceb2e6aaffeff722beca0,instances/corrected_v2_reduced_suite/evaluation_critical/evaluation/critical/instance_u30_a20_v4_seed1003_critical.txt,u30_seed1003,0.98,0.975609756097561,1.0,False,6,0,9,True
instances/research_depth_load_sweep/rho0.98_normal1/instance_u30_a20_v4_seed1003_critical.txt,c535fbf6998f5dcb9ed1232398faafb54982e72c3bc82825b243db6dc9a79bf4,gurobi-mip,1,1,lex-overtime,weighted,0,0,408,0,6,0,417,6,31,69,20,2,68e2b74d850c1069e78bc56681e6d252a2a8df6699aceb2e6aaffeff722beca0,instances/corrected_v2_reduced_suite/evaluation_critical/evaluation/critical/instance_u30_a20_v4_seed1003_critical.txt,u30_seed1003,0.98,0.975609756097561,1.0,False,6,0,9,True
instances/research_depth_load_sweep/rho0.98_normal0.85/instance_u40_a25_v5_seed1001_critical.txt,60f2ae6a8050b252744697d62ed392b66f1acecb8a0c2a77471914e71017f420,gurobi-mip,1,1,lex-cos,lex-overtime,0,26,708,0,0,26,708,0,0,0,0,0,e045b0692d9963b967cc37f3afb3e58c3e9aff61a3ca6f5ab662629dc35b3201,instances/corrected_v2_reduced_suite/evaluation_critical/evaluation/critical/instance_u40_a25_v5_seed1001_critical.txt,u40_seed1001,0.98,0.975609756097561,0.85,False,0,0,0,False
instances/research_depth_load_sweep/rho0.98_normal0.85/instance_u40_a25_v5_seed1001_critical.txt,60f2ae6a8050b252744697d62ed392b66f1acecb8a0c2a77471914e71017f420,gurobi-mip,1,1,lex-cos,weighted,0,26,708,0,4,26,720,4,53,99,32,2,e045b0692d9963b967cc37f3afb3e58c3e9aff61a3ca6f5ab662629dc35b3201,instances/corrected_v2_reduced_suite/evaluation_critical/evaluation/critical/instance_u40_a25_v5_seed1001_critical.txt,u40_seed1001,0.98,0.975609756097561,0.85,False,4,0,12,True
instances/research_depth_load_sweep/rho0.98_normal0.85/instance_u40_a25_v5_seed1001_critical.txt,60f2ae6a8050b252744697d62ed392b66f1acecb8a0c2a77471914e71017f420,gurobi-mip,1,1,lex-overtime,weighted,0,26,708,0,4,26,720,4,53,99,32,2,e045b0692d9963b967cc37f3afb3e58c3e9aff61a3ca6f5ab662629dc35b3201,instances/corrected_v2_reduced_suite/evaluation_critical/evaluation/critical/instance_u40_a25_v5_seed1001_critical.txt,u40_seed1001,0.98,0.975609756097561,0.85,False,4,0,12,True
instances/research_depth_load_sweep/rho0.85_normal1/instance_u40_a25_v5_seed1002_critical.txt,71df9ff6cf9e699fcfd85fee0b93a5a6208dd5799ba045a9b416def56a5b49f4,gurobi-mip,1,1,lex-cos,lex-overtime,1,0,723,1,1,0,723,1,0,0,0,0,6a86d9e04419d5434a8ac83437d7b4c9067045575a2a45a9a29888e5d862b401,instances/corrected_v2_reduced_suite/evaluation_critical/evaluation/critical/instance_u40_a25_v5_seed1002_critical.txt,u40_seed1002,0.85,0.847457627118644,1.0,False,0,0,0,False
instances/research_depth_load_sweep/rho0.85_normal1/instance_u40_a25_v5_seed1002_critical.txt,71df9ff6cf9e699fcfd85fee0b93a5a6208dd5799ba045a9b416def56a5b49f4,gurobi-mip,1,1,lex-cos,weighted,1,0,723,1,16,0,759,16,69,113,43,14,6a86d9e04419d5434a8ac83437d7b4c9067045575a2a45a9a29888e5d862b401,instances/corrected_v2_reduced_suite/evaluation_critical/evaluation/critical/instance_u40_a25_v5_seed1002_critical.txt,u40_seed1002,0.85,0.847457627118644,1.0,False,15,0,36,True
instances/research_depth_load_sweep/rho0.85_normal1/instance_u40_a25_v5_seed1002_critical.txt,71df9ff6cf9e699fcfd85fee0b93a5a6208dd5799ba045a9b416def56a5b49f4,gurobi-mip,1,1,lex-overtime,weighted,1,0,723,1,16,0,759,16,69,113,43,14,6a86d9e04419d5434a8ac83437d7b4c9067045575a2a45a9a29888e5d862b401,instances/corrected_v2_reduced_suite/evaluation_critical/evaluation/critical/instance_u40_a25_v5_seed1002_critical.txt,u40_seed1002,0.85,0.847457627118644,1.0,False,15,0,36,True
instances/research_depth_load_sweep/rho0.85_normal0.7/instance_u40_a10_v4_seed1003_critical.txt,f330bbbb60c263e9cca0d8fc5eed9ad3ad4f1974917f96b0ba2241fde756a39d,gurobi-mip,1,1,lex-cos,lex-overtime,1,28,534,1,1,28,534,1,0,0,0,0,395a48f8a39788bea86b6f70fb9ec6a2a924a9f8f08e8639adaf51dba4e7ae85,instances/corrected_v2_reduced_suite/evaluation_critical/evaluation/critical/instance_u40_a10_v4_seed1003_critical.txt,u40_seed1003,0.85,0.8465608465608465,0.7,False,0,0,0,False
instances/research_depth_load_sweep/rho0.85_normal0.7/instance_u40_a10_v4_seed1003_critical.txt,f330bbbb60c263e9cca0d8fc5eed9ad3ad4f1974917f96b0ba2241fde756a39d,gurobi-mip,1,1,lex-cos,weighted,1,28,534,1,8,29,551,8,34,76,24,14,395a48f8a39788bea86b6f70fb9ec6a2a924a9f8f08e8639adaf51dba4e7ae85,instances/corrected_v2_reduced_suite/evaluation_critical/evaluation/critical/instance_u40_a10_v4_seed1003_critical.txt,u40_seed1003,0.85,0.8465608465608465,0.7,False,7,1,17,True
instances/research_depth_load_sweep/rho0.85_normal0.7/instance_u40_a10_v4_seed1003_critical.txt,f330bbbb60c263e9cca0d8fc5eed9ad3ad4f1974917f96b0ba2241fde756a39d,gurobi-mip,1,1,lex-overtime,weighted,1,28,534,1,8,29,551,8,34,76,24,14,395a48f8a39788bea86b6f70fb9ec6a2a924a9f8f08e8639adaf51dba4e7ae85,instances/corrected_v2_reduced_suite/evaluation_critical/evaluation/critical/instance_u40_a10_v4_seed1003_critical.txt,u40_seed1003,0.85,0.8465608465608465,0.7,False,7,1,17,True
instances/research_depth_load_sweep/rho0.98_normal0.7/instance_u30_a10_v4_seed1002_critical.txt,14b0d544bab550dc8a98158ae21972ecd31f255206bea1ed4563db6e1841b9c2,gurobi-mip,1,1,lex-cos,lex-overtime,2,34,413,2,2,34,413,2,0,0,0,0,bf02b641d1ae8d30c144fab0d28c5aca968d3331c2c020b30c1e45791af1e438,instances/corrected_v2_reduced_suite/evaluation_critical/evaluation/critical/instance_u30_a10_v4_seed1002_critical.txt,u30_seed1002,0.98,0.975609756097561,0.7,False,0,0,0,False
instances/research_depth_load_sweep/rho0.98_normal0.7/instance_u30_a10_v4_seed1002_critical.txt,14b0d544bab550dc8a98158ae21972ecd31f255206bea1ed4563db6e1841b9c2,gurobi-mip,1,1,lex-cos,weighted,2,34,413,2,5,34,424,5,35,58,26,0,bf02b641d1ae8d30c144fab0d28c5aca968d3331c2c020b30c1e45791af1e438,instances/corrected_v2_reduced_suite/evaluation_critical/evaluation/critical/instance_u30_a10_v4_seed1002_critical.txt,u30_seed1002,0.98,0.975609756097561,0.7,False,3,0,11,True
instances/research_depth_load_sweep/rho0.98_normal0.7/instance_u30_a10_v4_seed1002_critical.txt,14b0d544bab550dc8a98158ae21972ecd31f255206bea1ed4563db6e1841b9c2,gurobi-mip,1,1,lex-overtime,weighted,2,34,413,2,5,34,424,5,35,58,26,0,bf02b641d1ae8d30c144fab0d28c5aca968d3331c2c020b30c1e45791af1e438,instances/corrected_v2_reduced_suite/evaluation_critical/evaluation/critical/instance_u30_a10_v4_seed1002_critical.txt,u30_seed1002,0.98,0.975609756097561,0.7,False,3,0,11,True
instances/research_depth_load_sweep/rho0.98_normal1/instance_u30_a10_v4_seed1001_critical.txt,03e6d99e5aab4523f039045f6e66d1cae1429913f08036d0434877b5d24ebc14,gurobi-mip,1,1,lex-cos,lex-overtime,0,0,415,0,0,0,415,0,0,0,0,0,0a4cc1c9eac79eca9e0861f05de893ae18e2c331afdb25b03c6efb933da1d71a,instances/corrected_v2_reduced_suite/evaluation_critical/evaluation/critical/instance_u30_a10_v4_seed1001_critical.txt,u30_seed1001,0.98,0.975609756097561,1.0,False,0,0,0,False
instances/research_depth_load_sweep/rho0.98_normal1/instance_u30_a10_v4_seed1001_critical.txt,03e6d99e5aab4523f039045f6e66d1cae1429913f08036d0434877b5d24ebc14,gurobi-mip,1,1,lex-cos,weighted,0,0,415,0,2,0,417,2,32,55,19,0,0a4cc1c9eac79eca9e0861f05de893ae18e2c331afdb25b03c6efb933da1d71a,instances/corrected_v2_reduced_suite/evaluation_critical/evaluation/critical/instance_u30_a10_v4_seed1001_critical.txt,u30_seed1001,0.98,0.975609756097561,1.0,False,2,0,2,True
instances/research_depth_load_sweep/rho0.98_normal1/instance_u30_a10_v4_seed1001_critical.txt,03e6d99e5aab4523f039045f6e66d1cae1429913f08036d0434877b5d24ebc14,gurobi-mip,1,1,lex-overtime,weighted,0,0,415,0,2,0,417,2,32,55,19,0,0a4cc1c9eac79eca9e0861f05de893ae18e2c331afdb25b03c6efb933da1d71a,instances/corrected_v2_reduced_suite/evaluation_critical/evaluation/critical/instance_u30_a10_v4_seed1001_critical.txt,u30_seed1001,0.98,0.975609756097561,1.0,False,2,0,2,True
instances/research_depth_load_sweep/rho0.85_normal1/instance_u40_a25_v4_seed1001_critical.txt,46e0d37158b8b3046933cb3129eb9e4d0498db971195ac3c93524d51284c3af7,gurobi-mip,1,1,lex-cos,lex-overtime,0,0,605,0,0,0,605,0,0,0,0,0,03e563fb6290ae5b10f29c4bd69e140d46f5db64516b7ab5dad7e2186df2197b,instances/corrected_v2_reduced_suite/evaluation_critical/evaluation/critical/instance_u40_a25_v4_seed1001_critical.txt,u40_seed1001,0.85,0.8465608465608465,1.0,False,0,0,0,False
instances/research_depth_load_sweep/rho0.85_normal1/instance_u40_a25_v4_seed1001_critical.txt,46e0d37158b8b3046933cb3129eb9e4d0498db971195ac3c93524d51284c3af7,gurobi-mip,1,1,lex-cos,weighted,0,0,605,0,3,0,613,3,47,96,32,14,03e563fb6290ae5b10f29c4bd69e140d46f5db64516b7ab5dad7e2186df2197b,instances/corrected_v2_reduced_suite/evaluation_critical/evaluation/critical/instance_u40_a25_v4_seed1001_critical.txt,u40_seed1001,0.85,0.8465608465608465,1.0,False,3,0,8,True
instances/research_depth_load_sweep/rho0.85_normal1/instance_u40_a25_v4_seed1001_critical.txt,46e0d37158b8b3046933cb3129eb9e4d0498db971195ac3c93524d51284c3af7,gurobi-mip,1,1,lex-overtime,weighted,0,0,605,0,3,0,613,3,47,96,32,14,03e563fb6290ae5b10f29c4bd69e140d46f5db64516b7ab5dad7e2186df2197b,instances/corrected_v2_reduced_suite/evaluation_critical/evaluation/critical/instance_u40_a25_v4_seed1001_critical.txt,u40_seed1001,0.85,0.8465608465608465,1.0,False,3,0,8,True
instances/research_depth_load_sweep/rho0.85_normal0.85/instance_u40_a25_v5_seed1003_critical.txt,4e512df627d17612d29d4a3e5f36bd78eb17641a1923ef501751875f036a5ae9,gurobi-mip,1,1,lex-cos,lex-overtime,0,0,666,0,0,0,666,0,0,0,0,0,4e512df627d17612d29d4a3e5f36bd78eb17641a1923ef501751875f036a5ae9,instances/corrected_v2_reduced_suite/evaluation_critical/evaluation/critical/instance_u40_a25_v5_seed1003_critical.txt,u40_seed1003,0.85,0.847457627118644,0.85,True,0,0,0,False
instances/research_depth_load_sweep/rho0.85_normal0.85/instance_u40_a25_v5_seed1003_critical.txt,4e512df627d17612d29d4a3e5f36bd78eb17641a1923ef501751875f036a5ae9,gurobi-mip,1,1,lex-cos,weighted,0,0,666,0,11,12,722,11,85,87,50,24,4e512df627d17612d29d4a3e5f36bd78eb17641a1923ef501751875f036a5ae9,instances/corrected_v2_reduced_suite/evaluation_critical/evaluation/critical/instance_u40_a25_v5_seed1003_critical.txt,u40_seed1003,0.85,0.847457627118644,0.85,True,11,12,56,True
instances/research_depth_load_sweep/rho0.85_normal0.85/instance_u40_a25_v5_seed1003_critical.txt,4e512df627d17612d29d4a3e5f36bd78eb17641a1923ef501751875f036a5ae9,gurobi-mip,1,1,lex-overtime,weighted,0,0,666,0,11,12,722,11,85,87,50,24,4e512df627d17612d29d4a3e5f36bd78eb17641a1923ef501751875f036a5ae9,instances/corrected_v2_reduced_suite/evaluation_critical/evaluation/critical/instance_u40_a25_v5_seed1003_critical.txt,u40_seed1003,0.85,0.847457627118644,0.85,True,11,12,56,True
instances/research_depth_load_sweep/rho0.85_normal0.85/instance_u30_a10_v5_seed1002_critical.txt,639577696bca853293d2ae7d38a7ba6a70e96d5c5a65dbe9dd57285b00a779ad,gurobi-mip,1,1,lex-cos,lex-overtime,3,0,491,3,3,0,491,3,0,0,0,0,639577696bca853293d2ae7d38a7ba6a70e96d5c5a65dbe9dd57285b00a779ad,instances/corrected_v2_reduced_suite/evaluation_critical/evaluation/critical/instance_u30_a10_v5_seed1002_critical.txt,u30_seed1002,0.85,0.847457627118644,0.85,True,0,0,0,False
instances/research_depth_load_sweep/rho0.85_normal0.85/instance_u30_a10_v5_seed1002_critical.txt,639577696bca853293d2ae7d38a7ba6a70e96d5c5a65dbe9dd57285b00a779ad,gurobi-mip,1,1,lex-cos,weighted,3,0,491,3,9,14,547,9,60,82,40,28,639577696bca853293d2ae7d38a7ba6a70e96d5c5a65dbe9dd57285b00a779ad,instances/corrected_v2_reduced_suite/evaluation_critical/evaluation/critical/instance_u30_a10_v5_seed1002_critical.txt,u30_seed1002,0.85,0.847457627118644,0.85,True,6,14,56,True
instances/research_depth_load_sweep/rho0.85_normal0.85/instance_u30_a10_v5_seed1002_critical.txt,639577696bca853293d2ae7d38a7ba6a70e96d5c5a65dbe9dd57285b00a779ad,gurobi-mip,1,1,lex-overtime,weighted,3,0,491,3,9,14,547,9,60,82,40,28,639577696bca853293d2ae7d38a7ba6a70e96d5c5a65dbe9dd57285b00a779ad,instances/corrected_v2_reduced_suite/evaluation_critical/evaluation/critical/instance_u30_a10_v5_seed1002_critical.txt,u30_seed1002,0.85,0.847457627118644,0.85,True,6,14,56,True
instances/research_depth_load_sweep/rho0.85_normal0.85/instance_u40_a10_v4_seed1002_critical.txt,93e26e12184989f851e4f91e33046006e375b0bdc1069591b75e6f5d66e9d66b,gurobi-mip,1,1,lex-cos,lex-overtime,3,0,523,3,3,0,523,3,0,0,0,0,93e26e12184989f851e4f91e33046006e375b0bdc1069591b75e6f5d66e9d66b,instances/corrected_v2_reduced_suite/evaluation_critical/evaluation/critical/instance_u40_a10_v4_seed1002_critical.txt,u40_seed1002,0.85,0.8465608465608465,0.85,True,0,0,0,False
instances/research_depth_load_sweep/rho0.85_normal0.85/instance_u40_a10_v4_seed1002_critical.txt,93e26e12184989f851e4f91e33046006e375b0bdc1069591b75e6f5d66e9d66b,gurobi-mip,1,1,lex-cos,weighted,3,0,523,3,10,14,582,10,49,86,36,28,93e26e12184989f851e4f91e33046006e375b0bdc1069591b75e6f5d66e9d66b,instances/corrected_v2_reduced_suite/evaluation_critical/evaluation/critical/instance_u40_a10_v4_seed1002_critical.txt,u40_seed1002,0.85,0.8465608465608465,0.85,True,7,14,59,True
instances/research_depth_load_sweep/rho0.85_normal0.85/instance_u40_a10_v4_seed1002_critical.txt,93e26e12184989f851e4f91e33046006e375b0bdc1069591b75e6f5d66e9d66b,gurobi-mip,1,1,lex-overtime,weighted,3,0,523,3,10,14,582,10,49,86,36,28,93e26e12184989f851e4f91e33046006e375b0bdc1069591b75e6f5d66e9d66b,instances/corrected_v2_reduced_suite/evaluation_critical/evaluation/critical/instance_u40_a10_v4_seed1002_critical.txt,u40_seed1002,0.85,0.8465608465608465,0.85,True,7,14,59,True
instances/research_depth_load_sweep/rho0.55_normal1/instance_u40_a10_v5_seed1001_critical.txt,74cd4d5c66624c7e6f4bfbe7e2db053dc4d414a93648e20746ce6935c6e17989,gurobi-mip,1,1,lex-cos,lex-overtime,0,0,737,0,0,0,737,0,0,0,0,0,0fa28a903cebd3a3dd85fef2874db9c94ef28e79ab436d5e05b1ed674d0dc046,instances/corrected_v2_reduced_suite/evaluation_critical/evaluation/critical/instance_u40_a10_v5_seed1001_critical.txt,u40_seed1001,0.55,0.5494505494505495,1.0,False,0,0,0,False
instances/research_depth_load_sweep/rho0.55_normal1/instance_u40_a10_v5_seed1001_critical.txt,74cd4d5c66624c7e6f4bfbe7e2db053dc4d414a93648e20746ce6935c6e17989,gurobi-mip,1,1,lex-cos,weighted,0,0,737,0,1,0,740,1,39,99,27,38,0fa28a903cebd3a3dd85fef2874db9c94ef28e79ab436d5e05b1ed674d0dc046,instances/corrected_v2_reduced_suite/evaluation_critical/evaluation/critical/instance_u40_a10_v5_seed1001_critical.txt,u40_seed1001,0.55,0.5494505494505495,1.0,False,1,0,3,True
instances/research_depth_load_sweep/rho0.55_normal1/instance_u40_a10_v5_seed1001_critical.txt,74cd4d5c66624c7e6f4bfbe7e2db053dc4d414a93648e20746ce6935c6e17989,gurobi-mip,1,1,lex-overtime,weighted,0,0,737,0,1,0,740,1,39,99,27,38,0fa28a903cebd3a3dd85fef2874db9c94ef28e79ab436d5e05b1ed674d0dc046,instances/corrected_v2_reduced_suite/evaluation_critical/evaluation/critical/instance_u40_a10_v5_seed1001_critical.txt,u40_seed1001,0.55,0.5494505494505495,1.0,False,1,0,3,True
instances/research_depth_load_sweep/rho0.98_normal1/instance_u30_a15_v5_seed1001_critical.txt,614b45636c8a79f82702dfc72b24b43e0f1668952d2b77c6ebd6b97437e80f8d,gurobi-mip,1,1,lex-cos,lex-overtime,0,0,536,0,0,0,536,0,0,0,0,0,d905fad91222982a08a22ae863c33e30bfbfd97c54ac14ec4029959a98d9ffe3,instances/corrected_v2_reduced_suite/evaluation_critical/evaluation/critical/instance_u30_a15_v5_seed1001_critical.txt,u30_seed1001,0.98,0.974025974025974,1.0,False,0,0,0,False
instances/research_depth_load_sweep/rho0.98_normal1/instance_u30_a15_v5_seed1001_critical.txt,614b45636c8a79f82702dfc72b24b43e0f1668952d2b77c6ebd6b97437e80f8d,gurobi-mip,1,1,lex-cos,weighted,0,0,536,0,0,0,536,0,28,82,18,2,d905fad91222982a08a22ae863c33e30bfbfd97c54ac14ec4029959a98d9ffe3,instances/corrected_v2_reduced_suite/evaluation_critical/evaluation/critical/instance_u30_a15_v5_seed1001_critical.txt,u30_seed1001,0.98,0.974025974025974,1.0,False,0,0,0,False
instances/research_depth_load_sweep/rho0.98_normal1/instance_u30_a15_v5_seed1001_critical.txt,614b45636c8a79f82702dfc72b24b43e0f1668952d2b77c6ebd6b97437e80f8d,gurobi-mip,1,1,lex-overtime,weighted,0,0,536,0,0,0,536,0,28,82,18,2,d905fad91222982a08a22ae863c33e30bfbfd97c54ac14ec4029959a98d9ffe3,instances/corrected_v2_reduced_suite/evaluation_critical/evaluation/critical/instance_u30_a15_v5_seed1001_critical.txt,u30_seed1001,0.98,0.974025974025974,1.0,False,0,0,0,False
instances/research_depth_load_sweep/rho0.55_normal1/instance_u40_a15_v5_seed1001_critical.txt,71bbb7c2d564124be1c2da89fb7077a1316b91ba8a6b02e0932e90cbe0589645,gurobi-mip,1,1,lex-cos,lex-overtime,0,0,755,0,0,0,755,0,0,0,0,0,addefcd65569a464f6ade877201060bec8b3edf54c9784bd4a2ce47e7fa65a0a,instances/corrected_v2_reduced_suite/evaluation_critical/evaluation/critical/instance_u40_a15_v5_seed1001_critical.txt,u40_seed1001,0.55,0.5494505494505495,1.0,False,0,0,0,False
instances/research_depth_load_sweep/rho0.55_normal1/instance_u40_a15_v5_seed1001_critical.txt,71bbb7c2d564124be1c2da89fb7077a1316b91ba8a6b02e0932e90cbe0589645,gurobi-mip,1,1,lex-cos,weighted,0,0,755,0,4,0,764,4,55,84,29,42,addefcd65569a464f6ade877201060bec8b3edf54c9784bd4a2ce47e7fa65a0a,instances/corrected_v2_reduced_suite/evaluation_critical/evaluation/critical/instance_u40_a15_v5_seed1001_critical.txt,u40_seed1001,0.55,0.5494505494505495,1.0,False,4,0,9,True
instances/research_depth_load_sweep/rho0.55_normal1/instance_u40_a15_v5_seed1001_critical.txt,71bbb7c2d564124be1c2da89fb7077a1316b91ba8a6b02e0932e90cbe0589645,gurobi-mip,1,1,lex-overtime,weighted,0,0,755,0,4,0,764,4,55,84,29,42,addefcd65569a464f6ade877201060bec8b3edf54c9784bd4a2ce47e7fa65a0a,instances/corrected_v2_reduced_suite/evaluation_critical/evaluation/critical/instance_u40_a15_v5_seed1001_critical.txt,u40_seed1001,0.55,0.5494505494505495,1.0,False,4,0,9,True
instances/research_depth_load_sweep/rho0.85_normal1/instance_u30_a15_v5_seed1001_critical.txt,36cf264e79287fd8b8772bb8fcd13b3a65a9a602458018e05b6c08c6ac1d6965,gurobi-mip,1,1,lex-cos,lex-overtime,0,0,566,0,0,0,566,0,0,0,0,0,d905fad91222982a08a22ae863c33e30bfbfd97c54ac14ec4029959a98d9ffe3,instances/corrected_v2_reduced_suite/evaluation_critical/evaluation/critical/instance_u30_a15_v5_seed1001_critical.txt,u30_seed1001,0.85,0.847457627118644,1.0,False,0,0,0,False
instances/research_depth_load_sweep/rho0.85_normal1/instance_u30_a15_v5_seed1001_critical.txt,36cf264e79287fd8b8772bb8fcd13b3a65a9a602458018e05b6c08c6ac1d6965,gurobi-mip,1,1,lex-cos,weighted,0,0,566,0,0,0,566,0,27,72,19,4,d905fad91222982a08a22ae863c33e30bfbfd97c54ac14ec4029959a98d9ffe3,instances/corrected_v2_reduced_suite/evaluation_critical/evaluation/critical/instance_u30_a15_v5_seed1001_critical.txt,u30_seed1001,0.85,0.847457627118644,1.0,False,0,0,0,False
instances/research_depth_load_sweep/rho0.85_normal1/instance_u30_a15_v5_seed1001_critical.txt,36cf264e79287fd8b8772bb8fcd13b3a65a9a602458018e05b6c08c6ac1d6965,gurobi-mip,1,1,lex-overtime,weighted,0,0,566,0,0,0,566,0,27,72,19,4,d905fad91222982a08a22ae863c33e30bfbfd97c54ac14ec4029959a98d9ffe3,instances/corrected_v2_reduced_suite/evaluation_critical/evaluation/critical/instance_u30_a15_v5_seed1001_critical.txt,u30_seed1001,0.85,0.847457627118644,1.0,False,0,0,0,False
instances/research_depth_load_sweep/rho0.85_normal0.7/instance_u30_a10_v5_seed1001_critical.txt,74e3ad2c2cdd9dd1ce860dca345be95a8f4ef9cee822863f4c0268678f23d3ff,gurobi-mip,1,1,lex-cos,lex-overtime,0,26,544,0,0,26,544,0,0,0,0,0,f0260653f1c0ec8a84896f38a9bfdbc795d01316d5a47411bbb0a60f7a6e9958,instances/corrected_v2_reduced_suite/evaluation_critical/evaluation/critical/instance_u30_a10_v5_seed1001_critical.txt,u30_seed1001,0.85,0.847457627118644,0.7,False,0,0,0,False
instances/research_depth_load_sweep/rho0.85_normal0.7/instance_u30_a10_v5_seed1001_critical.txt,74e3ad2c2cdd9dd1ce860dca345be95a8f4ef9cee822863f4c0268678f23d3ff,gurobi-mip,1,1,lex-cos,weighted,0,26,544,0,0,36,561,0,32,71,18,20,f0260653f1c0ec8a84896f38a9bfdbc795d01316d5a47411bbb0a60f7a6e9958,instances/corrected_v2_reduced_suite/evaluation_critical/evaluation/critical/instance_u30_a10_v5_seed1001_critical.txt,u30_seed1001,0.85,0.847457627118644,0.7,False,0,10,17,True
instances/research_depth_load_sweep/rho0.85_normal0.7/instance_u30_a10_v5_seed1001_critical.txt,74e3ad2c2cdd9dd1ce860dca345be95a8f4ef9cee822863f4c0268678f23d3ff,gurobi-mip,1,1,lex-overtime,weighted,0,26,544,0,0,36,561,0,32,71,18,20,f0260653f1c0ec8a84896f38a9bfdbc795d01316d5a47411bbb0a60f7a6e9958,instances/corrected_v2_reduced_suite/evaluation_critical/evaluation/critical/instance_u30_a10_v5_seed1001_critical.txt,u30_seed1001,0.85,0.847457627118644,0.7,False,0,10,17,True
instances/research_depth_load_sweep/rho0.55_normal1/instance_u30_a20_v5_seed1002_critical.txt,16dcf2f19a9b07154a07958a911944375f19717c1d216b7cc362ddef5efe9db0,gurobi-mip,1,1,lex-cos,lex-overtime,0,0,529,0,0,0,529,0,0,0,0,0,89692a0adfe31e70296f9df2d93729e2d0d78b4a72a9014431a8e164a2608768,instances/corrected_v2_reduced_suite/evaluation_critical/evaluation/critical/instance_u30_a20_v5_seed1002_critical.txt,u30_seed1002,0.55,0.5494505494505495,1.0,False,0,0,0,False
instances/research_depth_load_sweep/rho0.55_normal1/instance_u30_a20_v5_seed1002_critical.txt,16dcf2f19a9b07154a07958a911944375f19717c1d216b7cc362ddef5efe9db0,gurobi-mip,1,1,lex-cos,weighted,0,0,529,0,9,0,561,9,55,66,30,52,89692a0adfe31e70296f9df2d93729e2d0d78b4a72a9014431a8e164a2608768,instances/corrected_v2_reduced_suite/evaluation_critical/evaluation/critical/instance_u30_a20_v5_seed1002_critical.txt,u30_seed1002,0.55,0.5494505494505495,1.0,False,9,0,32,True
instances/research_depth_load_sweep/rho0.55_normal1/instance_u30_a20_v5_seed1002_critical.txt,16dcf2f19a9b07154a07958a911944375f19717c1d216b7cc362ddef5efe9db0,gurobi-mip,1,1,lex-overtime,weighted,0,0,529,0,9,0,561,9,55,66,30,52,89692a0adfe31e70296f9df2d93729e2d0d78b4a72a9014431a8e164a2608768,instances/corrected_v2_reduced_suite/evaluation_critical/evaluation/critical/instance_u30_a20_v5_seed1002_critical.txt,u30_seed1002,0.55,0.5494505494505495,1.0,False,9,0,32,True
instances/research_depth_load_sweep/rho0.98_normal1/instance_u40_a25_v5_seed1003_critical.txt,44bf938d5999bf7727e944fa80569f275d3c2f2d1cf66ebc227d12dc68f422e4,gurobi-mip,1,1,lex-cos,lex-overtime,1,0,654,1,1,0,654,1,0,0,0,0,4e512df627d17612d29d4a3e5f36bd78eb17641a1923ef501751875f036a5ae9,instances/corrected_v2_reduced_suite/evaluation_critical/evaluation/critical/instance_u40_a25_v5_seed1003_critical.txt,u40_seed1003,0.98,0.975609756097561,1.0,False,0,0,0,False
instances/research_depth_load_sweep/rho0.98_normal1/instance_u40_a25_v5_seed1003_critical.txt,44bf938d5999bf7727e944fa80569f275d3c2f2d1cf66ebc227d12dc68f422e4,gurobi-mip,1,1,lex-cos,weighted,1,0,654,1,14,0,694,14,73,100,42,2,4e512df627d17612d29d4a3e5f36bd78eb17641a1923ef501751875f036a5ae9,instances/corrected_v2_reduced_suite/evaluation_critical/evaluation/critical/instance_u40_a25_v5_seed1003_critical.txt,u40_seed1003,0.98,0.975609756097561,1.0,False,13,0,40,True
instances/research_depth_load_sweep/rho0.98_normal1/instance_u40_a25_v5_seed1003_critical.txt,44bf938d5999bf7727e944fa80569f275d3c2f2d1cf66ebc227d12dc68f422e4,gurobi-mip,1,1,lex-overtime,weighted,1,0,654,1,14,0,694,14,73,100,42,2,4e512df627d17612d29d4a3e5f36bd78eb17641a1923ef501751875f036a5ae9,instances/corrected_v2_reduced_suite/evaluation_critical/evaluation/critical/instance_u40_a25_v5_seed1003_critical.txt,u40_seed1003,0.98,0.975609756097561,1.0,False,13,0,40,True
instances/research_depth_load_sweep/rho0.85_normal1/instance_u30_a20_v4_seed1001_critical.txt,82428fa50d5a50b07191893bf24c7366261e3b25930c932affc579c793fc5dba,gurobi-mip,1,1,lex-cos,lex-overtime,0,0,447,0,0,0,447,0,0,0,0,0,d4d3d128eb54871902a41a24c690d5559af2a39138098ef2902d8f1e4d8089a8,instances/corrected_v2_reduced_suite/evaluation_critical/evaluation/critical/instance_u30_a20_v4_seed1001_critical.txt,u30_seed1001,0.85,0.8450704225352113,1.0,False,0,0,0,False
instances/research_depth_load_sweep/rho0.85_normal1/instance_u30_a20_v4_seed1001_critical.txt,82428fa50d5a50b07191893bf24c7366261e3b25930c932affc579c793fc5dba,gurobi-mip,1,1,lex-cos,weighted,0,0,447,0,1,0,448,1,38,67,25,8,d4d3d128eb54871902a41a24c690d5559af2a39138098ef2902d8f1e4d8089a8,instances/corrected_v2_reduced_suite/evaluation_critical/evaluation/critical/instance_u30_a20_v4_seed1001_critical.txt,u30_seed1001,0.85,0.8450704225352113,1.0,False,1,0,1,True
instances/research_depth_load_sweep/rho0.85_normal1/instance_u30_a20_v4_seed1001_critical.txt,82428fa50d5a50b07191893bf24c7366261e3b25930c932affc579c793fc5dba,gurobi-mip,1,1,lex-overtime,weighted,0,0,447,0,1,0,448,1,38,67,25,8,d4d3d128eb54871902a41a24c690d5559af2a39138098ef2902d8f1e4d8089a8,instances/corrected_v2_reduced_suite/evaluation_critical/evaluation/critical/instance_u30_a20_v4_seed1001_critical.txt,u30_seed1001,0.85,0.8450704225352113,1.0,False,1,0,1,True
instances/research_depth_load_sweep/rho0.55_normal1/instance_u30_a25_v4_seed1003_critical.txt,e0f041b7a82c09d83c9ba31ab49a9a541ede09ed7f294199cbb1cb83705e5779,gurobi-mip,1,1,lex-cos,lex-overtime,0,0,437,0,0,0,437,0,0,0,0,0,1106683ff4d0a32c24be1898a1c47de6e406379be52c648767eb810adcb9134d,instances/corrected_v2_reduced_suite/evaluation_critical/evaluation/critical/instance_u30_a25_v4_seed1003_critical.txt,u30_seed1003,0.55,0.547945205479452,1.0,False,0,0,0,False
instances/research_depth_load_sweep/rho0.55_normal1/instance_u30_a25_v4_seed1003_critical.txt,e0f041b7a82c09d83c9ba31ab49a9a541ede09ed7f294199cbb1cb83705e5779,gurobi-mip,1,1,lex-cos,weighted,0,0,437,0,3,0,443,3,56,66,34,40,1106683ff4d0a32c24be1898a1c47de6e406379be52c648767eb810adcb9134d,instances/corrected_v2_reduced_suite/evaluation_critical/evaluation/critical/instance_u30_a25_v4_seed1003_critical.txt,u30_seed1003,0.55,0.547945205479452,1.0,False,3,0,6,True
instances/research_depth_load_sweep/rho0.55_normal1/instance_u30_a25_v4_seed1003_critical.txt,e0f041b7a82c09d83c9ba31ab49a9a541ede09ed7f294199cbb1cb83705e5779,gurobi-mip,1,1,lex-overtime,weighted,0,0,437,0,3,0,443,3,56,66,34,40,1106683ff4d0a32c24be1898a1c47de6e406379be52c648767eb810adcb9134d,instances/corrected_v2_reduced_suite/evaluation_critical/evaluation/critical/instance_u30_a25_v4_seed1003_critical.txt,u30_seed1003,0.55,0.547945205479452,1.0,False,3,0,6,True
instances/research_depth_load_sweep/rho0.98_normal0.7/instance_u40_a20_v5_seed1001_critical.txt,2a085a2d622de21aaf30dab63a04fc42865514f53f93b09a4862d6496a7cc9fa,gurobi-mip,1,1,lex-cos,lex-overtime,0,56,708,0,0,56,708,0,0,0,0,0,9b4ded7517693f18fc14c67224a40507d9d4088119616e90b89f0bbcadb2445d,instances/corrected_v2_reduced_suite/evaluation_critical/evaluation/critical/instance_u40_a20_v5_seed1001_critical.txt,u40_seed1001,0.98,0.975609756097561,0.7,False,0,0,0,False
instances/research_depth_load_sweep/rho0.98_normal0.7/instance_u40_a20_v5_seed1001_critical.txt,2a085a2d622de21aaf30dab63a04fc42865514f53f93b09a4862d6496a7cc9fa,gurobi-mip,1,1,lex-cos,weighted,0,56,708,0,2,56,717,2,40,67,24,2,9b4ded7517693f18fc14c67224a40507d9d4088119616e90b89f0bbcadb2445d,instances/corrected_v2_reduced_suite/evaluation_critical/evaluation/critical/instance_u40_a20_v5_seed1001_critical.txt,u40_seed1001,0.98,0.975609756097561,0.7,False,2,0,9,True
instances/research_depth_load_sweep/rho0.98_normal0.7/instance_u40_a20_v5_seed1001_critical.txt,2a085a2d622de21aaf30dab63a04fc42865514f53f93b09a4862d6496a7cc9fa,gurobi-mip,1,1,lex-overtime,weighted,0,56,708,0,2,56,717,2,40,67,24,2,9b4ded7517693f18fc14c67224a40507d9d4088119616e90b89f0bbcadb2445d,instances/corrected_v2_reduced_suite/evaluation_critical/evaluation/critical/instance_u40_a20_v5_seed1001_critical.txt,u40_seed1001,0.98,0.975609756097561,0.7,False,2,0,9,True
instances/research_depth_load_sweep/rho0.55_normal1/instance_u30_a15_v5_seed1003_critical.txt,b2d760831571f6241ecbd073874d0103004298719200ef7600b7b9c694da2d9e,gurobi-mip,1,1,lex-cos,lex-overtime,0,0,525,0,0,0,525,0,0,0,0,0,64a7b2c2ff975f7b043d37a3b7cd606305b2dcbf5aed735f467f0ff6c51b422e,instances/corrected_v2_reduced_suite/evaluation_critical/evaluation/critical/instance_u30_a15_v5_seed1003_critical.txt,u30_seed1003,0.55,0.5494505494505495,1.0,False,0,0,0,False
instances/research_depth_load_sweep/rho0.55_normal1/instance_u30_a15_v5_seed1003_critical.txt,b2d760831571f6241ecbd073874d0103004298719200ef7600b7b9c694da2d9e,gurobi-mip,1,1,lex-cos,weighted,0,0,525,0,5,0,535,5,41,76,24,32,64a7b2c2ff975f7b043d37a3b7cd606305b2dcbf5aed735f467f0ff6c51b422e,instances/corrected_v2_reduced_suite/evaluation_critical/evaluation/critical/instance_u30_a15_v5_seed1003_critical.txt,u30_seed1003,0.55,0.5494505494505495,1.0,False,5,0,10,True
instances/research_depth_load_sweep/rho0.55_normal1/instance_u30_a15_v5_seed1003_critical.txt,b2d760831571f6241ecbd073874d0103004298719200ef7600b7b9c694da2d9e,gurobi-mip,1,1,lex-overtime,weighted,0,0,525,0,5,0,535,5,41,76,24,32,64a7b2c2ff975f7b043d37a3b7cd606305b2dcbf5aed735f467f0ff6c51b422e,instances/corrected_v2_reduced_suite/evaluation_critical/evaluation/critical/instance_u30_a15_v5_seed1003_critical.txt,u30_seed1003,0.55,0.5494505494505495,1.0,False,5,0,10,True
instances/research_depth_load_sweep/rho0.55_normal1/instance_u30_a10_v4_seed1001_critical.txt,c6d8fd7cccd65d329470d709080df58898c350059d1fd167fef5d444dc2bc6e2,gurobi-mip,1,1,lex-cos,lex-overtime,0,0,453,0,0,0,453,0,0,0,0,0,0a4cc1c9eac79eca9e0861f05de893ae18e2c331afdb25b03c6efb933da1d71a,instances/corrected_v2_reduced_suite/evaluation_critical/evaluation/critical/instance_u30_a10_v4_seed1001_critical.txt,u30_seed1001,0.55,0.547945205479452,1.0,False,0,0,0,False
instances/research_depth_load_sweep/rho0.55_normal1/instance_u30_a10_v4_seed1001_critical.txt,c6d8fd7cccd65d329470d709080df58898c350059d1fd167fef5d444dc2bc6e2,gurobi-mip,1,1,lex-cos,weighted,0,0,453,0,0,0,453,0,21,44,14,18,0a4cc1c9eac79eca9e0861f05de893ae18e2c331afdb25b03c6efb933da1d71a,instances/corrected_v2_reduced_suite/evaluation_critical/evaluation/critical/instance_u30_a10_v4_seed1001_critical.txt,u30_seed1001,0.55,0.547945205479452,1.0,False,0,0,0,False
instances/research_depth_load_sweep/rho0.55_normal1/instance_u30_a10_v4_seed1001_critical.txt,c6d8fd7cccd65d329470d709080df58898c350059d1fd167fef5d444dc2bc6e2,gurobi-mip,1,1,lex-overtime,weighted,0,0,453,0,0,0,453,0,21,44,14,18,0a4cc1c9eac79eca9e0861f05de893ae18e2c331afdb25b03c6efb933da1d71a,instances/corrected_v2_reduced_suite/evaluation_critical/evaluation/critical/instance_u30_a10_v4_seed1001_critical.txt,u30_seed1001,0.55,0.547945205479452,1.0,False,0,0,0,False
instances/research_depth_load_sweep/rho0.98_normal0.85/instance_u30_a15_v5_seed1002_critical.txt,6a54cf181e0b3a9b35139ee62ff79b61cd3981eec0a4bc26202bf87dd58b6e4b,gurobi-mip,1,1,lex-cos,lex-overtime,3,19,499,3,3,19,499,3,0,0,0,0,62008dec11bbf59cff06c3683881ade351ca92418b870d35d1f1890238c858bd,instances/corrected_v2_reduced_suite/evaluation_critical/evaluation/critical/instance_u30_a15_v5_seed1002_critical.txt,u30_seed1002,0.98,0.974025974025974,0.85,False,0,0,0,False
instances/research_depth_load_sweep/rho0.98_normal0.85/instance_u30_a15_v5_seed1002_critical.txt,6a54cf181e0b3a9b35139ee62ff79b61cd3981eec0a4bc26202bf87dd58b6e4b,gurobi-mip,1,1,lex-cos,weighted,3,19,499,3,9,20,539,9,56,86,35,2,62008dec11bbf59cff06c3683881ade351ca92418b870d35d1f1890238c858bd,instances/corrected_v2_reduced_suite/evaluation_critical/evaluation/critical/instance_u30_a15_v5_seed1002_critical.txt,u30_seed1002,0.98,0.974025974025974,0.85,False,6,1,40,True
instances/research_depth_load_sweep/rho0.98_normal0.85/instance_u30_a15_v5_seed1002_critical.txt,6a54cf181e0b3a9b35139ee62ff79b61cd3981eec0a4bc26202bf87dd58b6e4b,gurobi-mip,1,1,lex-overtime,weighted,3,19,499,3,9,20,539,9,56,86,35,2,62008dec11bbf59cff06c3683881ade351ca92418b870d35d1f1890238c858bd,instances/corrected_v2_reduced_suite/evaluation_critical/evaluation/critical/instance_u30_a15_v5_seed1002_critical.txt,u30_seed1002,0.98,0.974025974025974,0.85,False,6,1,40,True
instances/research_depth_load_sweep/rho0.85_normal0.85/instance_u30_a10_v5_seed1001_critical.txt,f0260653f1c0ec8a84896f38a9bfdbc795d01316d5a47411bbb0a60f7a6e9958,gurobi-mip,1,1,lex-cos,lex-overtime,0,1,531,0,1,0,528,1,17,79,9,2,f0260653f1c0ec8a84896f38a9bfdbc795d01316d5a47411bbb0a60f7a6e9958,instances/corrected_v2_reduced_suite/evaluation_critical/evaluation/critical/instance_u30_a10_v5_seed1001_critical.txt,u30_seed1001,0.85,0.847457627118644,0.85,True,1,-1,-3,True
instances/research_depth_load_sweep/rho0.85_normal0.85/instance_u30_a10_v5_seed1001_critical.txt,f0260653f1c0ec8a84896f38a9bfdbc795d01316d5a47411bbb0a60f7a6e9958,gurobi-mip,1,1,lex-cos,weighted,0,1,531,0,0,16,561,0,39,84,26,30,f0260653f1c0ec8a84896f38a9bfdbc795d01316d5a47411bbb0a60f7a6e9958,instances/corrected_v2_reduced_suite/evaluation_critical/evaluation/critical/instance_u30_a10_v5_seed1001_critical.txt,u30_seed1001,0.85,0.847457627118644,0.85,True,0,15,30,True
instances/research_depth_load_sweep/rho0.85_normal0.85/instance_u30_a10_v5_seed1001_critical.txt,f0260653f1c0ec8a84896f38a9bfdbc795d01316d5a47411bbb0a60f7a6e9958,gurobi-mip,1,1,lex-overtime,weighted,1,0,528,1,0,16,561,0,36,78,24,32,f0260653f1c0ec8a84896f38a9bfdbc795d01316d5a47411bbb0a60f7a6e9958,instances/corrected_v2_reduced_suite/evaluation_critical/evaluation/critical/instance_u30_a10_v5_seed1001_critical.txt,u30_seed1001,0.85,0.847457627118644,0.85,True,-1,16,33,True
instances/research_depth_load_sweep/rho0.55_normal0.7/instance_u30_a15_v5_seed1002_critical.txt,f298a049f768055fc4df8aedaf629bbc03b8ff139bba32b99a7cc54676176248,gurobi-mip,1,1,lex-cos,lex-overtime,2,0,529,2,2,0,529,2,0,0,0,0,62008dec11bbf59cff06c3683881ade351ca92418b870d35d1f1890238c858bd,instances/corrected_v2_reduced_suite/evaluation_critical/evaluation/critical/instance_u30_a15_v5_seed1002_critical.txt,u30_seed1002,0.55,0.5494505494505495,0.7,False,0,0,0,False
instances/research_depth_load_sweep/rho0.55_normal0.7/instance_u30_a15_v5_seed1002_critical.txt,f298a049f768055fc4df8aedaf629bbc03b8ff139bba32b99a7cc54676176248,gurobi-mip,1,1,lex-cos,weighted,2,0,529,2,8,0,560,8,51,85,30,18,62008dec11bbf59cff06c3683881ade351ca92418b870d35d1f1890238c858bd,instances/corrected_v2_reduced_suite/evaluation_critical/evaluation/critical/instance_u30_a15_v5_seed1002_critical.txt,u30_seed1002,0.55,0.5494505494505495,0.7,False,6,0,31,True
instances/research_depth_load_sweep/rho0.55_normal0.7/instance_u30_a15_v5_seed1002_critical.txt,f298a049f768055fc4df8aedaf629bbc03b8ff139bba32b99a7cc54676176248,gurobi-mip,1,1,lex-overtime,weighted,2,0,529,2,8,0,560,8,51,85,30,18,62008dec11bbf59cff06c3683881ade351ca92418b870d35d1f1890238c858bd,instances/corrected_v2_reduced_suite/evaluation_critical/evaluation/critical/instance_u30_a15_v5_seed1002_critical.txt,u30_seed1002,0.55,0.5494505494505495,0.7,False,6,0,31,True
instances/research_depth_load_sweep/rho0.85_normal1/instance_u30_a15_v4_seed1002_critical.txt,c62124525daaa331d6c653a97b2fead645f678eb923ed4b33f6ea5bb29067749,gurobi-mip,1,1,lex-cos,lex-overtime,1,0,426,1,1,0,426,1,0,0,0,0,148c8679adee389f3bfb69e52584b46bc596198bb5146008050adc703b39182e,instances/corrected_v2_reduced_suite/evaluation_critical/evaluation/critical/instance_u30_a15_v4_seed1002_critical.txt,u30_seed1002,0.85,0.8450704225352113,1.0,False,0,0,0,False
instances/research_depth_load_sweep/rho0.85_normal1/instance_u30_a15_v4_seed1002_critical.txt,c62124525daaa331d6c653a97b2fead645f678eb923ed4b33f6ea5bb29067749,gurobi-mip,1,1,lex-cos,weighted,1,0,426,1,4,0,443,4,35,44,26,2,148c8679adee389f3bfb69e52584b46bc596198bb5146008050adc703b39182e,instances/corrected_v2_reduced_suite/evaluation_critical/evaluation/critical/instance_u30_a15_v4_seed1002_critical.txt,u30_seed1002,0.85,0.8450704225352113,1.0,False,3,0,17,True
instances/research_depth_load_sweep/rho0.85_normal1/instance_u30_a15_v4_seed1002_critical.txt,c62124525daaa331d6c653a97b2fead645f678eb923ed4b33f6ea5bb29067749,gurobi-mip,1,1,lex-overtime,weighted,1,0,426,1,4,0,443,4,35,44,26,2,148c8679adee389f3bfb69e52584b46bc596198bb5146008050adc703b39182e,instances/corrected_v2_reduced_suite/evaluation_critical/evaluation/critical/instance_u30_a15_v4_seed1002_critical.txt,u30_seed1002,0.85,0.8450704225352113,1.0,False,3,0,17,True
instances/research_depth_load_sweep/rho0.98_normal0.7/instance_u30_a20_v4_seed1001_critical.txt,11e8b4621c4b065faeb61b9f0dae48825f56a245df0af9006e7bb3ef67049a5c,gurobi-mip,1,1,lex-cos,lex-overtime,0,34,414,0,0,34,414,0,0,0,0,0,d4d3d128eb54871902a41a24c690d5559af2a39138098ef2902d8f1e4d8089a8,instances/corrected_v2_reduced_suite/evaluation_critical/evaluation/critical/instance_u30_a20_v4_seed1001_critical.txt,u30_seed1001,0.98,0.975609756097561,0.7,False,0,0,0,False
instances/research_depth_load_sweep/rho0.98_normal0.7/instance_u30_a20_v4_seed1001_critical.txt,11e8b4621c4b065faeb61b9f0dae48825f56a245df0af9006e7bb3ef67049a5c,gurobi-mip,1,1,lex-cos,weighted,0,34,414,0,1,34,415,1,24,48,18,0,d4d3d128eb54871902a41a24c690d5559af2a39138098ef2902d8f1e4d8089a8,instances/corrected_v2_reduced_suite/evaluation_critical/evaluation/critical/instance_u30_a20_v4_seed1001_critical.txt,u30_seed1001,0.98,0.975609756097561,0.7,False,1,0,1,True
instances/research_depth_load_sweep/rho0.98_normal0.7/instance_u30_a20_v4_seed1001_critical.txt,11e8b4621c4b065faeb61b9f0dae48825f56a245df0af9006e7bb3ef67049a5c,gurobi-mip,1,1,lex-overtime,weighted,0,34,414,0,1,34,415,1,24,48,18,0,d4d3d128eb54871902a41a24c690d5559af2a39138098ef2902d8f1e4d8089a8,instances/corrected_v2_reduced_suite/evaluation_critical/evaluation/critical/instance_u30_a20_v4_seed1001_critical.txt,u30_seed1001,0.98,0.975609756097561,0.7,False,1,0,1,True
instances/research_depth_load_sweep/rho0.55_normal0.85/instance_u40_a10_v5_seed1002_critical.txt,acf3e7a2b92b4595f9fd30169ff0ef6cb8f47b15a64ad052c979f3418be8389f,gurobi-mip,1,1,lex-cos,lex-overtime,4,0,727,4,4,0,727,4,0,0,0,0,559a4cbe53b4c6b0b9bb730eba6ec962c70e2de70ab1b20d1f420367127f3bf9,instances/corrected_v2_reduced_suite/evaluation_critical/evaluation/critical/instance_u40_a10_v5_seed1002_critical.txt,u40_seed1002,0.55,0.5494505494505495,0.85,False,0,0,0,False
instances/research_depth_load_sweep/rho0.55_normal0.85/instance_u40_a10_v5_seed1002_critical.txt,acf3e7a2b92b4595f9fd30169ff0ef6cb8f47b15a64ad052c979f3418be8389f,gurobi-mip,1,1,lex-cos,weighted,4,0,727,4,12,0,742,12,44,102,26,20,559a4cbe53b4c6b0b9bb730eba6ec962c70e2de70ab1b20d1f420367127f3bf9,instances/corrected_v2_reduced_suite/evaluation_critical/evaluation/critical/instance_u40_a10_v5_seed1002_critical.txt,u40_seed1002,0.55,0.5494505494505495,0.85,False,8,0,15,True
instances/research_depth_load_sweep/rho0.55_normal0.85/instance_u40_a10_v5_seed1002_critical.txt,acf3e7a2b92b4595f9fd30169ff0ef6cb8f47b15a64ad052c979f3418be8389f,gurobi-mip,1,1,lex-overtime,weighted,4,0,727,4,12,0,742,12,44,102,26,20,559a4cbe53b4c6b0b9bb730eba6ec962c70e2de70ab1b20d1f420367127f3bf9,instances/corrected_v2_reduced_suite/evaluation_critical/evaluation/critical/instance_u40_a10_v5_seed1002_critical.txt,u40_seed1002,0.55,0.5494505494505495,0.85,False,8,0,15,True
instances/research_depth_load_sweep/rho0.98_normal0.85/instance_u30_a15_v4_seed1001_critical.txt,d82731765e8b112e7a681c4bf7a038905c1540d2b4d2caf30d3d833c2173d937,gurobi-mip,1,1,lex-cos,lex-overtime,0,15,415,0,0,15,415,0,0,0,0,0,cf5584e50c87aace73c609c7ad0a93612c40b8323ca8f8a5664aa14449736764,instances/corrected_v2_reduced_suite/evaluation_critical/evaluation/critical/instance_u30_a15_v4_seed1001_critical.txt,u30_seed1001,0.98,0.975609756097561,0.85,False,0,0,0,False
instances/research_depth_load_sweep/rho0.98_normal0.85/instance_u30_a15_v4_seed1001_critical.txt,d82731765e8b112e7a681c4bf7a038905c1540d2b4d2caf30d3d833c2173d937,gurobi-mip,1,1,lex-cos,weighted,0,15,415,0,1,15,416,1,13,59,10,0,cf5584e50c87aace73c609c7ad0a93612c40b8323ca8f8a5664aa14449736764,instances/corrected_v2_reduced_suite/evaluation_critical/evaluation/critical/instance_u30_a15_v4_seed1001_critical.txt,u30_seed1001,0.98,0.975609756097561,0.85,False,1,0,1,True
instances/research_depth_load_sweep/rho0.98_normal0.85/instance_u30_a15_v4_seed1001_critical.txt,d82731765e8b112e7a681c4bf7a038905c1540d2b4d2caf30d3d833c2173d937,gurobi-mip,1,1,lex-overtime,weighted,0,15,415,0,1,15,416,1,13,59,10,0,cf5584e50c87aace73c609c7ad0a93612c40b8323ca8f8a5664aa14449736764,instances/corrected_v2_reduced_suite/evaluation_critical/evaluation/critical/instance_u30_a15_v4_seed1001_critical.txt,u30_seed1001,0.98,0.975609756097561,0.85,False,1,0,1,True
instances/research_depth_load_sweep/rho0.98_normal1/instance_u30_a25_v4_seed1002_critical.txt,284291a20ec2d681469589cd84cbafc94198657a7e9bf57a4cd22ebaa0308bb4,gurobi-mip,1,1,lex-cos,lex-overtime,2,0,415,2,2,0,415,2,0,0,0,0,de23508d979db3048be208918f8d51242d991165e80c2414fca7a3ce4ee5b17d,instances/corrected_v2_reduced_suite/evaluation_critical/evaluation/critical/instance_u30_a25_v4_seed1002_critical.txt,u30_seed1002,0.98,0.975609756097561,1.0,False,0,0,0,False
instances/research_depth_load_sweep/rho0.98_normal1/instance_u30_a25_v4_seed1002_critical.txt,284291a20ec2d681469589cd84cbafc94198657a7e9bf57a4cd22ebaa0308bb4,gurobi-mip,1,1,lex-cos,weighted,2,0,415,2,5,0,426,5,28,51,21,0,de23508d979db3048be208918f8d51242d991165e80c2414fca7a3ce4ee5b17d,instances/corrected_v2_reduced_suite/evaluation_critical/evaluation/critical/instance_u30_a25_v4_seed1002_critical.txt,u30_seed1002,0.98,0.975609756097561,1.0,False,3,0,11,True
instances/research_depth_load_sweep/rho0.98_normal1/instance_u30_a25_v4_seed1002_critical.txt,284291a20ec2d681469589cd84cbafc94198657a7e9bf57a4cd22ebaa0308bb4,gurobi-mip,1,1,lex-overtime,weighted,2,0,415,2,5,0,426,5,28,51,21,0,de23508d979db3048be208918f8d51242d991165e80c2414fca7a3ce4ee5b17d,instances/corrected_v2_reduced_suite/evaluation_critical/evaluation/critical/instance_u30_a25_v4_seed1002_critical.txt,u30_seed1002,0.98,0.975609756097561,1.0,False,3,0,11,True
instances/research_depth_load_sweep/rho0.55_normal0.85/instance_u40_a10_v5_seed1003_critical.txt,9923c04820af1d79938bf73f3dae4e6ca8a25841a325fd9b179eb4486da76be5,gurobi-mip,1,1,lex-cos,lex-overtime,1,0,680,1,1,0,680,1,0,0,0,0,017118e5960c7e18a239e77b1f198b44915ed895aea6f231bb872df91f90f0f2,instances/corrected_v2_reduced_suite/evaluation_critical/evaluation/critical/instance_u40_a10_v5_seed1003_critical.txt,u40_seed1003,0.55,0.5494505494505495,0.85,False,0,0,0,False
instances/research_depth_load_sweep/rho0.55_normal0.85/instance_u40_a10_v5_seed1003_critical.txt,9923c04820af1d79938bf73f3dae4e6ca8a25841a325fd9b179eb4486da76be5,gurobi-mip,1,1,lex-cos,weighted,1,0,680,1,9,0,700,9,53,121,28,40,017118e5960c7e18a239e77b1f198b44915ed895aea6f231bb872df91f90f0f2,instances/corrected_v2_reduced_suite/evaluation_critical/evaluation/critical/instance_u40_a10_v5_seed1003_critical.txt,u40_seed1003,0.55,0.5494505494505495,0.85,False,8,0,20,True
instances/research_depth_load_sweep/rho0.55_normal0.85/instance_u40_a10_v5_seed1003_critical.txt,9923c04820af1d79938bf73f3dae4e6ca8a25841a325fd9b179eb4486da76be5,gurobi-mip,1,1,lex-overtime,weighted,1,0,680,1,9,0,700,9,53,121,28,40,017118e5960c7e18a239e77b1f198b44915ed895aea6f231bb872df91f90f0f2,instances/corrected_v2_reduced_suite/evaluation_critical/evaluation/critical/instance_u40_a10_v5_seed1003_critical.txt,u40_seed1003,0.55,0.5494505494505495,0.85,False,8,0,20,True
instances/research_depth_load_sweep/rho0.85_normal0.7/instance_u30_a10_v5_seed1003_critical.txt,c5d85a7cb410e3ba01a6fb5b16785cc9c6f0cff557eb4a810787139811624911,gurobi-mip,1,1,lex-cos,lex-overtime,0,26,498,0,0,26,498,0,0,0,0,0,f927ebb65ee27c08aa667987adf8f8a250da1264d79c4928cd88971e4a6b004e,instances/corrected_v2_reduced_suite/evaluation_critical/evaluation/critical/instance_u30_a10_v5_seed1003_critical.txt,u30_seed1003,0.85,0.847457627118644,0.7,False,0,0,0,False
instances/research_depth_load_sweep/rho0.85_normal0.7/instance_u30_a10_v5_seed1003_critical.txt,c5d85a7cb410e3ba01a6fb5b16785cc9c6f0cff557eb4a810787139811624911,gurobi-mip,1,1,lex-cos,weighted,0,26,498,0,5,29,511,5,33,72,19,16,f927ebb65ee27c08aa667987adf8f8a250da1264d79c4928cd88971e4a6b004e,instances/corrected_v2_reduced_suite/evaluation_critical/evaluation/critical/instance_u30_a10_v5_seed1003_critical.txt,u30_seed1003,0.85,0.847457627118644,0.7,False,5,3,13,True
instances/research_depth_load_sweep/rho0.85_normal0.7/instance_u30_a10_v5_seed1003_critical.txt,c5d85a7cb410e3ba01a6fb5b16785cc9c6f0cff557eb4a810787139811624911,gurobi-mip,1,1,lex-overtime,weighted,0,26,498,0,5,29,511,5,33,72,19,16,f927ebb65ee27c08aa667987adf8f8a250da1264d79c4928cd88971e4a6b004e,instances/corrected_v2_reduced_suite/evaluation_critical/evaluation/critical/instance_u30_a10_v5_seed1003_critical.txt,u30_seed1003,0.85,0.847457627118644,0.7,False,5,3,13,True
instances/research_depth_load_sweep/rho0.55_normal1/instance_u30_a10_v5_seed1002_critical.txt,d63a2794ffbf32aa1091188e04a0472ac18d4f901f94fd0626fc7fe74fba42e3,gurobi-mip,1,1,lex-cos,lex-overtime,3,0,528,3,3,0,528,3,0,0,0,0,639577696bca853293d2ae7d38a7ba6a70e96d5c5a65dbe9dd57285b00a779ad,instances/corrected_v2_reduced_suite/evaluation_critical/evaluation/critical/instance_u30_a10_v5_seed1002_critical.txt,u30_seed1002,0.55,0.5494505494505495,1.0,False,0,0,0,False
instances/research_depth_load_sweep/rho0.55_normal1/instance_u30_a10_v5_seed1002_critical.txt,d63a2794ffbf32aa1091188e04a0472ac18d4f901f94fd0626fc7fe74fba42e3,gurobi-mip,1,1,lex-cos,weighted,3,0,528,3,10,0,553,10,48,65,27,32,639577696bca853293d2ae7d38a7ba6a70e96d5c5a65dbe9dd57285b00a779ad,instances/corrected_v2_reduced_suite/evaluation_critical/evaluation/critical/instance_u30_a10_v5_seed1002_critical.txt,u30_seed1002,0.55,0.5494505494505495,1.0,False,7,0,25,True
instances/research_depth_load_sweep/rho0.55_normal1/instance_u30_a10_v5_seed1002_critical.txt,d63a2794ffbf32aa1091188e04a0472ac18d4f901f94fd0626fc7fe74fba42e3,gurobi-mip,1,1,lex-overtime,weighted,3,0,528,3,10,0,553,10,48,65,27,32,639577696bca853293d2ae7d38a7ba6a70e96d5c5a65dbe9dd57285b00a779ad,instances/corrected_v2_reduced_suite/evaluation_critical/evaluation/critical/instance_u30_a10_v5_seed1002_critical.txt,u30_seed1002,0.55,0.5494505494505495,1.0,False,7,0,25,True
instances/research_depth_load_sweep/rho0.55_normal1/instance_u30_a15_v4_seed1003_critical.txt,d319942d897b4a58d5f92cb383b18b749e22e740372092ce21f3c56f0bbdc095,gurobi-mip,1,1,lex-cos,lex-overtime,0,0,428,0,0,0,428,0,0,0,0,0,1a2fbafb2974a05729c7a458b27e009b17a67dbbf649967446361307f7e124a3,instances/corrected_v2_reduced_suite/evaluation_critical/evaluation/critical/instance_u30_a15_v4_seed1003_critical.txt,u30_seed1003,0.55,0.547945205479452,1.0,False,0,0,0,False
instances/research_depth_load_sweep/rho0.55_normal1/instance_u30_a15_v4_seed1003_critical.txt,d319942d897b4a58d5f92cb383b18b749e22e740372092ce21f3c56f0bbdc095,gurobi-mip,1,1,lex-cos,weighted,0,0,428,0,3,0,433,3,29,56,18,22,1a2fbafb2974a05729c7a458b27e009b17a67dbbf649967446361307f7e124a3,instances/corrected_v2_reduced_suite/evaluation_critical/evaluation/critical/instance_u30_a15_v4_seed1003_critical.txt,u30_seed1003,0.55,0.547945205479452,1.0,False,3,0,5,True
instances/research_depth_load_sweep/rho0.55_normal1/instance_u30_a15_v4_seed1003_critical.txt,d319942d897b4a58d5f92cb383b18b749e22e740372092ce21f3c56f0bbdc095,gurobi-mip,1,1,lex-overtime,weighted,0,0,428,0,3,0,433,3,29,56,18,22,1a2fbafb2974a05729c7a458b27e009b17a67dbbf649967446361307f7e124a3,instances/corrected_v2_reduced_suite/evaluation_critical/evaluation/critical/instance_u30_a15_v4_seed1003_critical.txt,u30_seed1003,0.55,0.547945205479452,1.0,False,3,0,5,True
instances/research_depth_load_sweep/rho0.98_normal1/instance_u40_a15_v4_seed1002_critical.txt,6d71f1b25d6fd73973d820c8f737665c02d959d73d4ba97de290900f2bb2e093,gurobi-mip,1,1,lex-cos,lex-overtime,3,0,520,3,3,0,520,3,0,0,0,0,23421d631ba25e8a6e9fc662d65c83fe6fccb717088483d568dab2b286aa89db,instances/corrected_v2_reduced_suite/evaluation_critical/evaluation/critical/instance_u40_a15_v4_seed1002_critical.txt,u40_seed1002,0.98,0.975609756097561,1.0,False,0,0,0,False
instances/research_depth_load_sweep/rho0.98_normal1/instance_u40_a15_v4_seed1002_critical.txt,6d71f1b25d6fd73973d820c8f737665c02d959d73d4ba97de290900f2bb2e093,gurobi-mip,1,1,lex-cos,weighted,3,0,520,3,14,0,561,14,54,82,39,2,23421d631ba25e8a6e9fc662d65c83fe6fccb717088483d568dab2b286aa89db,instances/corrected_v2_reduced_suite/evaluation_critical/evaluation/critical/instance_u40_a15_v4_seed1002_critical.txt,u40_seed1002,0.98,0.975609756097561,1.0,False,11,0,41,True
instances/research_depth_load_sweep/rho0.98_normal1/instance_u40_a15_v4_seed1002_critical.txt,6d71f1b25d6fd73973d820c8f737665c02d959d73d4ba97de290900f2bb2e093,gurobi-mip,1,1,lex-overtime,weighted,3,0,520,3,14,0,561,14,54,82,39,2,23421d631ba25e8a6e9fc662d65c83fe6fccb717088483d568dab2b286aa89db,instances/corrected_v2_reduced_suite/evaluation_critical/evaluation/critical/instance_u40_a15_v4_seed1002_critical.txt,u40_seed1002,0.98,0.975609756097561,1.0,False,11,0,41,True
instances/research_depth_load_sweep/rho0.55_normal0.85/instance_u30_a25_v5_seed1002_critical.txt,daeda71ce0fed296818950a1bce811d4745e33ba54a551ed953ac123c5d4f9e2,gurobi-mip,1,1,lex-cos,lex-overtime,0,0,544,0,0,0,544,0,0,0,0,0,13d35da4af1d246d1dc9e9e69e18e81522824e99442b070094b3ee6de84cff54,instances/corrected_v2_reduced_suite/evaluation_critical/evaluation/critical/instance_u30_a25_v5_seed1002_critical.txt,u30_seed1002,0.55,0.5494505494505495,0.85,False,0,0,0,False
instances/research_depth_load_sweep/rho0.55_normal0.85/instance_u30_a25_v5_seed1002_critical.txt,daeda71ce0fed296818950a1bce811d4745e33ba54a551ed953ac123c5d4f9e2,gurobi-mip,1,1,lex-cos,weighted,0,0,544,0,7,0,572,7,64,89,39,52,13d35da4af1d246d1dc9e9e69e18e81522824e99442b070094b3ee6de84cff54,instances/corrected_v2_reduced_suite/evaluation_critical/evaluation/critical/instance_u30_a25_v5_seed1002_critical.txt,u30_seed1002,0.55,0.5494505494505495,0.85,False,7,0,28,True
instances/research_depth_load_sweep/rho0.55_normal0.85/instance_u30_a25_v5_seed1002_critical.txt,daeda71ce0fed296818950a1bce811d4745e33ba54a551ed953ac123c5d4f9e2,gurobi-mip,1,1,lex-overtime,weighted,0,0,544,0,7,0,572,7,64,89,39,52,13d35da4af1d246d1dc9e9e69e18e81522824e99442b070094b3ee6de84cff54,instances/corrected_v2_reduced_suite/evaluation_critical/evaluation/critical/instance_u30_a25_v5_seed1002_critical.txt,u30_seed1002,0.55,0.5494505494505495,0.85,False,7,0,28,True
instances/research_depth_load_sweep/rho0.55_normal0.7/instance_u30_a25_v4_seed1002_critical.txt,e92d27d760d14f6476ec7e5ff1e004d739ea81d56e0f21d3e6da5cd631db0f46,gurobi-mip,1,1,lex-cos,lex-overtime,0,0,439,0,0,0,439,0,0,0,0,0,de23508d979db3048be208918f8d51242d991165e80c2414fca7a3ce4ee5b17d,instances/corrected_v2_reduced_suite/evaluation_critical/evaluation/critical/instance_u30_a25_v4_seed1002_critical.txt,u30_seed1002,0.55,0.547945205479452,0.7,False,0,0,0,False
instances/research_depth_load_sweep/rho0.55_normal0.7/instance_u30_a25_v4_seed1002_critical.txt,e92d27d760d14f6476ec7e5ff1e004d739ea81d56e0f21d3e6da5cd631db0f46,gurobi-mip,1,1,lex-cos,weighted,0,0,439,0,5,1,457,5,48,47,37,26,de23508d979db3048be208918f8d51242d991165e80c2414fca7a3ce4ee5b17d,instances/corrected_v2_reduced_suite/evaluation_critical/evaluation/critical/instance_u30_a25_v4_seed1002_critical.txt,u30_seed1002,0.55,0.547945205479452,0.7,False,5,1,18,True
instances/research_depth_load_sweep/rho0.55_normal0.7/instance_u30_a25_v4_seed1002_critical.txt,e92d27d760d14f6476ec7e5ff1e004d739ea81d56e0f21d3e6da5cd631db0f46,gurobi-mip,1,1,lex-overtime,weighted,0,0,439,0,5,1,457,5,48,47,37,26,de23508d979db3048be208918f8d51242d991165e80c2414fca7a3ce4ee5b17d,instances/corrected_v2_reduced_suite/evaluation_critical/evaluation/critical/instance_u30_a25_v4_seed1002_critical.txt,u30_seed1002,0.55,0.547945205479452,0.7,False,5,1,18,True
instances/research_depth_load_sweep/rho0.85_normal1/instance_u30_a25_v4_seed1002_critical.txt,35267963029727e1f8715b631b3fa16fd5ae854d8c6b43a461c5ba6f2e08aacf,gurobi-mip,1,1,lex-cos,lex-overtime,1,0,436,1,1,0,436,1,0,0,0,0,de23508d979db3048be208918f8d51242d991165e80c2414fca7a3ce4ee5b17d,instances/corrected_v2_reduced_suite/evaluation_critical/evaluation/critical/instance_u30_a25_v4_seed1002_critical.txt,u30_seed1002,0.85,0.8450704225352113,1.0,False,0,0,0,False
instances/research_depth_load_sweep/rho0.85_normal1/instance_u30_a25_v4_seed1002_critical.txt,35267963029727e1f8715b631b3fa16fd5ae854d8c6b43a461c5ba6f2e08aacf,gurobi-mip,1,1,lex-cos,weighted,1,0,436,1,4,0,447,4,38,64,30,8,de23508d979db3048be208918f8d51242d991165e80c2414fca7a3ce4ee5b17d,instances/corrected_v2_reduced_suite/evaluation_critical/evaluation/critical/instance_u30_a25_v4_seed1002_critical.txt,u30_seed1002,0.85,0.8450704225352113,1.0,False,3,0,11,True
instances/research_depth_load_sweep/rho0.85_normal1/instance_u30_a25_v4_seed1002_critical.txt,35267963029727e1f8715b631b3fa16fd5ae854d8c6b43a461c5ba6f2e08aacf,gurobi-mip,1,1,lex-overtime,weighted,1,0,436,1,4,0,447,4,38,64,30,8,de23508d979db3048be208918f8d51242d991165e80c2414fca7a3ce4ee5b17d,instances/corrected_v2_reduced_suite/evaluation_critical/evaluation/critical/instance_u30_a25_v4_seed1002_critical.txt,u30_seed1002,0.85,0.8450704225352113,1.0,False,3,0,11,True
instances/research_depth_load_sweep/rho0.85_normal0.85/instance_u40_a15_v4_seed1003_critical.txt,60b67ddc948fc1382700a5f01082aad04d5d3d19d708c2351412f697e9f9ead7,gurobi-mip,1,1,lex-cos,lex-overtime,0,0,524,0,0,0,524,0,0,0,0,0,60b67ddc948fc1382700a5f01082aad04d5d3d19d708c2351412f697e9f9ead7,instances/corrected_v2_reduced_suite/evaluation_critical/evaluation/critical/instance_u40_a15_v4_seed1003_critical.txt,u40_seed1003,0.85,0.8465608465608465,0.85,True,0,0,0,False
instances/research_depth_load_sweep/rho0.85_normal0.85/instance_u40_a15_v4_seed1003_critical.txt,60b67ddc948fc1382700a5f01082aad04d5d3d19d708c2351412f697e9f9ead7,gurobi-mip,1,1,lex-cos,weighted,0,0,524,0,8,13,569,8,56,101,40,26,60b67ddc948fc1382700a5f01082aad04d5d3d19d708c2351412f697e9f9ead7,instances/corrected_v2_reduced_suite/evaluation_critical/evaluation/critical/instance_u40_a15_v4_seed1003_critical.txt,u40_seed1003,0.85,0.8465608465608465,0.85,True,8,13,45,True
instances/research_depth_load_sweep/rho0.85_normal0.85/instance_u40_a15_v4_seed1003_critical.txt,60b67ddc948fc1382700a5f01082aad04d5d3d19d708c2351412f697e9f9ead7,gurobi-mip,1,1,lex-overtime,weighted,0,0,524,0,8,13,569,8,56,101,40,26,60b67ddc948fc1382700a5f01082aad04d5d3d19d708c2351412f697e9f9ead7,instances/corrected_v2_reduced_suite/evaluation_critical/evaluation/critical/instance_u40_a15_v4_seed1003_critical.txt,u40_seed1003,0.85,0.8465608465608465,0.85,True,8,13,45,True
instances/research_depth_load_sweep/rho0.85_normal0.85/instance_u30_a10_v5_seed1003_critical.txt,f927ebb65ee27c08aa667987adf8f8a250da1264d79c4928cd88971e4a6b004e,gurobi-mip,1,1,lex-cos,lex-overtime,0,0,487,0,0,0,487,0,0,0,0,0,f927ebb65ee27c08aa667987adf8f8a250da1264d79c4928cd88971e4a6b004e,instances/corrected_v2_reduced_suite/evaluation_critical/evaluation/critical/instance_u30_a10_v5_seed1003_critical.txt,u30_seed1003,0.85,0.847457627118644,0.85,True,0,0,0,False
instances/research_depth_load_sweep/rho0.85_normal0.85/instance_u30_a10_v5_seed1003_critical.txt,f927ebb65ee27c08aa667987adf8f8a250da1264d79c4928cd88971e4a6b004e,gurobi-mip,1,1,lex-cos,weighted,0,0,487,0,7,7,514,7,38,83,25,14,f927ebb65ee27c08aa667987adf8f8a250da1264d79c4928cd88971e4a6b004e,instances/corrected_v2_reduced_suite/evaluation_critical/evaluation/critical/instance_u30_a10_v5_seed1003_critical.txt,u30_seed1003,0.85,0.847457627118644,0.85,True,7,7,27,True
instances/research_depth_load_sweep/rho0.85_normal0.85/instance_u30_a10_v5_seed1003_critical.txt,f927ebb65ee27c08aa667987adf8f8a250da1264d79c4928cd88971e4a6b004e,gurobi-mip,1,1,lex-overtime,weighted,0,0,487,0,7,7,514,7,38,83,25,14,f927ebb65ee27c08aa667987adf8f8a250da1264d79c4928cd88971e4a6b004e,instances/corrected_v2_reduced_suite/evaluation_critical/evaluation/critical/instance_u30_a10_v5_seed1003_critical.txt,u30_seed1003,0.85,0.847457627118644,0.85,True,7,7,27,True
instances/research_depth_load_sweep/rho0.98_normal0.85/instance_u40_a15_v4_seed1002_critical.txt,579bc73e9328eca13bcd092babeed738358c2b798269c29dd265f02b11cd73a7,gurobi-mip,1,1,lex-cos,lex-overtime,3,21,520,3,3,21,520,3,0,0,0,0,23421d631ba25e8a6e9fc662d65c83fe6fccb717088483d568dab2b286aa89db,instances/corrected_v2_reduced_suite/evaluation_critical/evaluation/critical/instance_u40_a15_v4_seed1002_critical.txt,u40_seed1002,0.98,0.975609756097561,0.85,False,0,0,0,False
instances/research_depth_load_sweep/rho0.98_normal0.85/instance_u40_a15_v4_seed1002_critical.txt,579bc73e9328eca13bcd092babeed738358c2b798269c29dd265f02b11cd73a7,gurobi-mip,1,1,lex-cos,weighted,3,21,520,3,14,21,561,14,54,80,38,2,23421d631ba25e8a6e9fc662d65c83fe6fccb717088483d568dab2b286aa89db,instances/corrected_v2_reduced_suite/evaluation_critical/evaluation/critical/instance_u40_a15_v4_seed1002_critical.txt,u40_seed1002,0.98,0.975609756097561,0.85,False,11,0,41,True
instances/research_depth_load_sweep/rho0.98_normal0.85/instance_u40_a15_v4_seed1002_critical.txt,579bc73e9328eca13bcd092babeed738358c2b798269c29dd265f02b11cd73a7,gurobi-mip,1,1,lex-overtime,weighted,3,21,520,3,14,21,561,14,54,80,38,2,23421d631ba25e8a6e9fc662d65c83fe6fccb717088483d568dab2b286aa89db,instances/corrected_v2_reduced_suite/evaluation_critical/evaluation/critical/instance_u40_a15_v4_seed1002_critical.txt,u40_seed1002,0.98,0.975609756097561,0.85,False,11,0,41,True
instances/research_depth_load_sweep/rho0.98_normal1/instance_u40_a20_v5_seed1003_critical.txt,97324daf1e26df8a27603784d3b1ecdef6a73fcecc1e01aaa6cd1224022a3db6,gurobi-mip,1,1,lex-cos,lex-overtime,1,0,655,1,1,0,655,1,0,0,0,0,d83d36c93f2b20d42d2082b908832af7a5bf6831774fa8060410156fd9f71c3d,instances/corrected_v2_reduced_suite/evaluation_critical/evaluation/critical/instance_u40_a20_v5_seed1003_critical.txt,u40_seed1003,0.98,0.975609756097561,1.0,False,0,0,0,False
instances/research_depth_load_sweep/rho0.98_normal1/instance_u40_a20_v5_seed1003_critical.txt,97324daf1e26df8a27603784d3b1ecdef6a73fcecc1e01aaa6cd1224022a3db6,gurobi-mip,1,1,lex-cos,weighted,1,0,655,1,14,0,694,14,70,90,42,0,d83d36c93f2b20d42d2082b908832af7a5bf6831774fa8060410156fd9f71c3d,instances/corrected_v2_reduced_suite/evaluation_critical/evaluation/critical/instance_u40_a20_v5_seed1003_critical.txt,u40_seed1003,0.98,0.975609756097561,1.0,False,13,0,39,True
instances/research_depth_load_sweep/rho0.98_normal1/instance_u40_a20_v5_seed1003_critical.txt,97324daf1e26df8a27603784d3b1ecdef6a73fcecc1e01aaa6cd1224022a3db6,gurobi-mip,1,1,lex-overtime,weighted,1,0,655,1,14,0,694,14,70,90,42,0,d83d36c93f2b20d42d2082b908832af7a5bf6831774fa8060410156fd9f71c3d,instances/corrected_v2_reduced_suite/evaluation_critical/evaluation/critical/instance_u40_a20_v5_seed1003_critical.txt,u40_seed1003,0.98,0.975609756097561,1.0,False,13,0,39,True
instances/research_depth_load_sweep/rho0.98_normal0.7/instance_u40_a25_v5_seed1001_critical.txt,22dda67b72575de862cc6f8218f31fad52adf5592789aa365fcd09d930812ab5,gurobi-mip,1,1,lex-cos,lex-overtime,0,56,709,0,0,56,709,0,0,0,0,0,e045b0692d9963b967cc37f3afb3e58c3e9aff61a3ca6f5ab662629dc35b3201,instances/corrected_v2_reduced_suite/evaluation_critical/evaluation/critical/instance_u40_a25_v5_seed1001_critical.txt,u40_seed1001,0.98,0.975609756097561,0.7,False,0,0,0,False
instances/research_depth_load_sweep/rho0.98_normal0.7/instance_u40_a25_v5_seed1001_critical.txt,22dda67b72575de862cc6f8218f31fad52adf5592789aa365fcd09d930812ab5,gurobi-mip,1,1,lex-cos,weighted,0,56,709,0,4,56,721,4,44,103,23,0,e045b0692d9963b967cc37f3afb3e58c3e9aff61a3ca6f5ab662629dc35b3201,instances/corrected_v2_reduced_suite/evaluation_critical/evaluation/critical/instance_u40_a25_v5_seed1001_critical.txt,u40_seed1001,0.98,0.975609756097561,0.7,False,4,0,12,True
instances/research_depth_load_sweep/rho0.98_normal0.7/instance_u40_a25_v5_seed1001_critical.txt,22dda67b72575de862cc6f8218f31fad52adf5592789aa365fcd09d930812ab5,gurobi-mip,1,1,lex-overtime,weighted,0,56,709,0,4,56,721,4,44,103,23,0,e045b0692d9963b967cc37f3afb3e58c3e9aff61a3ca6f5ab662629dc35b3201,instances/corrected_v2_reduced_suite/evaluation_critical/evaluation/critical/instance_u40_a25_v5_seed1001_critical.txt,u40_seed1001,0.98,0.975609756097561,0.7,False,4,0,12,True
instances/research_depth_load_sweep/rho0.55_normal0.7/instance_u40_a10_v5_seed1003_critical.txt,f48a03d5f409552535a75e589c9f44ba52df5e04a3c57840ba8eb162d0778f29,gurobi-mip,1,1,lex-cos,lex-overtime,1,0,680,1,1,0,680,1,0,0,0,0,017118e5960c7e18a239e77b1f198b44915ed895aea6f231bb872df91f90f0f2,instances/corrected_v2_reduced_suite/evaluation_critical/evaluation/critical/instance_u40_a10_v5_seed1003_critical.txt,u40_seed1003,0.55,0.5494505494505495,0.7,False,0,0,0,False
instances/research_depth_load_sweep/rho0.55_normal0.7/instance_u40_a10_v5_seed1003_critical.txt,f48a03d5f409552535a75e589c9f44ba52df5e04a3c57840ba8eb162d0778f29,gurobi-mip,1,1,lex-cos,weighted,1,0,680,1,9,0,700,9,49,96,26,36,017118e5960c7e18a239e77b1f198b44915ed895aea6f231bb872df91f90f0f2,instances/corrected_v2_reduced_suite/evaluation_critical/evaluation/critical/instance_u40_a10_v5_seed1003_critical.txt,u40_seed1003,0.55,0.5494505494505495,0.7,False,8,0,20,True
instances/research_depth_load_sweep/rho0.55_normal0.7/instance_u40_a10_v5_seed1003_critical.txt,f48a03d5f409552535a75e589c9f44ba52df5e04a3c57840ba8eb162d0778f29,gurobi-mip,1,1,lex-overtime,weighted,1,0,680,1,9,0,700,9,49,96,26,36,017118e5960c7e18a239e77b1f198b44915ed895aea6f231bb872df91f90f0f2,instances/corrected_v2_reduced_suite/evaluation_critical/evaluation/critical/instance_u40_a10_v5_seed1003_critical.txt,u40_seed1003,0.55,0.5494505494505495,0.7,False,8,0,20,True
instances/research_depth_load_sweep/rho0.55_normal0.85/instance_u40_a25_v4_seed1003_critical.txt,b29997a4278c4db7b5538e648d41f31426f38b3d83a455b7f15b7f97a343ba5d,gurobi-mip,1,1,lex-cos,lex-overtime,0,0,586,0,0,0,586,0,0,0,0,0,3df9ad93fd31450b47bc05e23b939b69e8ff446e817f1dae19bc71c5f2d8d73d,instances/corrected_v2_reduced_suite/evaluation_critical/evaluation/critical/instance_u40_a25_v4_seed1003_critical.txt,u40_seed1003,0.55,0.5498281786941581,0.85,False,0,0,0,False
instances/research_depth_load_sweep/rho0.55_normal0.85/instance_u40_a25_v4_seed1003_critical.txt,b29997a4278c4db7b5538e648d41f31426f38b3d83a455b7f15b7f97a343ba5d,gurobi-mip,1,1,lex-cos,weighted,0,0,586,0,6,1,596,6,61,102,39,52,3df9ad93fd31450b47bc05e23b939b69e8ff446e817f1dae19bc71c5f2d8d73d,instances/corrected_v2_reduced_suite/evaluation_critical/evaluation/critical/instance_u40_a25_v4_seed1003_critical.txt,u40_seed1003,0.55,0.5498281786941581,0.85,False,6,1,10,True
instances/research_depth_load_sweep/rho0.55_normal0.85/instance_u40_a25_v4_seed1003_critical.txt,b29997a4278c4db7b5538e648d41f31426f38b3d83a455b7f15b7f97a343ba5d,gurobi-mip,1,1,lex-overtime,weighted,0,0,586,0,6,1,596,6,61,102,39,52,3df9ad93fd31450b47bc05e23b939b69e8ff446e817f1dae19bc71c5f2d8d73d,instances/corrected_v2_reduced_suite/evaluation_critical/evaluation/critical/instance_u40_a25_v4_seed1003_critical.txt,u40_seed1003,0.55,0.5498281786941581,0.85,False,6,1,10,True
instances/research_depth_load_sweep/rho0.55_normal1/instance_u40_a20_v4_seed1001_critical.txt,d45dd35c317cf344d926a0fc6f167bad0795401e9eb0012da7788a599fc94f33,gurobi-mip,1,1,lex-cos,lex-overtime,0,0,620,0,0,0,620,0,0,0,0,0,f05bb4ba1ebe8ecf0e95e0508ba8cba7463abb6f7c5a573eafb693c49e861cc0,instances/corrected_v2_reduced_suite/evaluation_critical/evaluation/critical/instance_u40_a20_v4_seed1001_critical.txt,u40_seed1001,0.55,0.5498281786941581,1.0,False,0,0,0,False
instances/research_depth_load_sweep/rho0.55_normal1/instance_u40_a20_v4_seed1001_critical.txt,d45dd35c317cf344d926a0fc6f167bad0795401e9eb0012da7788a599fc94f33,gurobi-mip,1,1,lex-cos,weighted,0,0,620,0,4,0,630,4,59,74,35,52,f05bb4ba1ebe8ecf0e95e0508ba8cba7463abb6f7c5a573eafb693c49e861cc0,instances/corrected_v2_reduced_suite/evaluation_critical/evaluation/critical/instance_u40_a20_v4_seed1001_critical.txt,u40_seed1001,0.55,0.5498281786941581,1.0,False,4,0,10,True
instances/research_depth_load_sweep/rho0.55_normal1/instance_u40_a20_v4_seed1001_critical.txt,d45dd35c317cf344d926a0fc6f167bad0795401e9eb0012da7788a599fc94f33,gurobi-mip,1,1,lex-overtime,weighted,0,0,620,0,4,0,630,4,59,74,35,52,f05bb4ba1ebe8ecf0e95e0508ba8cba7463abb6f7c5a573eafb693c49e861cc0,instances/corrected_v2_reduced_suite/evaluation_critical/evaluation/critical/instance_u40_a20_v4_seed1001_critical.txt,u40_seed1001,0.55,0.5498281786941581,1.0,False,4,0,10,True
instances/research_depth_load_sweep/rho0.55_normal1/instance_u30_a10_v4_seed1003_critical.txt,fd831320c0d164d3e561b662f38664c06f861596ba07189b34bb17ba9083c5f4,gurobi-mip,1,1,lex-cos,lex-overtime,0,0,412,0,0,0,412,0,0,0,0,0,ecef75f227343cde9e2c9dfd880ff2779326fa051917a8a437023079d7d1ee16,instances/corrected_v2_reduced_suite/evaluation_critical/evaluation/critical/instance_u30_a10_v4_seed1003_critical.txt,u30_seed1003,0.55,0.547945205479452,1.0,False,0,0,0,False
instances/research_depth_load_sweep/rho0.55_normal1/instance_u30_a10_v4_seed1003_critical.txt,fd831320c0d164d3e561b662f38664c06f861596ba07189b34bb17ba9083c5f4,gurobi-mip,1,1,lex-cos,weighted,0,0,412,0,1,0,414,1,28,54,17,24,ecef75f227343cde9e2c9dfd880ff2779326fa051917a8a437023079d7d1ee16,instances/corrected_v2_reduced_suite/evaluation_critical/evaluation/critical/instance_u30_a10_v4_seed1003_critical.txt,u30_seed1003,0.55,0.547945205479452,1.0,False,1,0,2,True
instances/research_depth_load_sweep/rho0.55_normal1/instance_u30_a10_v4_seed1003_critical.txt,fd831320c0d164d3e561b662f38664c06f861596ba07189b34bb17ba9083c5f4,gurobi-mip,1,1,lex-overtime,weighted,0,0,412,0,1,0,414,1,28,54,17,24,ecef75f227343cde9e2c9dfd880ff2779326fa051917a8a437023079d7d1ee16,instances/corrected_v2_reduced_suite/evaluation_critical/evaluation/critical/instance_u30_a10_v4_seed1003_critical.txt,u30_seed1003,0.55,0.547945205479452,1.0,False,1,0,2,True
instances/research_depth_load_sweep/rho0.55_normal1/instance_u30_a10_v5_seed1003_critical.txt,ae037f59741fcf096fd49032fe98417252b898b96cc923f7f5e28dbb838dc3c0,gurobi-mip,1,1,lex-cos,lex-overtime,0,0,503,0,0,0,503,0,0,0,0,0,f927ebb65ee27c08aa667987adf8f8a250da1264d79c4928cd88971e4a6b004e,instances/corrected_v2_reduced_suite/evaluation_critical/evaluation/critical/instance_u30_a10_v5_seed1003_critical.txt,u30_seed1003,0.55,0.5494505494505495,1.0,False,0,0,0,False
instances/research_depth_load_sweep/rho0.55_normal1/instance_u30_a10_v5_seed1003_critical.txt,ae037f59741fcf096fd49032fe98417252b898b96cc923f7f5e28dbb838dc3c0,gurobi-mip,1,1,lex-cos,weighted,0,0,503,0,4,0,511,4,37,67,21,40,f927ebb65ee27c08aa667987adf8f8a250da1264d79c4928cd88971e4a6b004e,instances/corrected_v2_reduced_suite/evaluation_critical/evaluation/critical/instance_u30_a10_v5_seed1003_critical.txt,u30_seed1003,0.55,0.5494505494505495,1.0,False,4,0,8,True
instances/research_depth_load_sweep/rho0.55_normal1/instance_u30_a10_v5_seed1003_critical.txt,ae037f59741fcf096fd49032fe98417252b898b96cc923f7f5e28dbb838dc3c0,gurobi-mip,1,1,lex-overtime,weighted,0,0,503,0,4,0,511,4,37,67,21,40,f927ebb65ee27c08aa667987adf8f8a250da1264d79c4928cd88971e4a6b004e,instances/corrected_v2_reduced_suite/evaluation_critical/evaluation/critical/instance_u30_a10_v5_seed1003_critical.txt,u30_seed1003,0.55,0.5494505494505495,1.0,False,4,0,8,True
instances/research_depth_load_sweep/rho0.55_normal1/instance_u30_a10_v4_seed1002_critical.txt,4c6e1c5d5336e194accbf4ccfbc65305e34d93e15975a83bbb08056baa3382c6,gurobi-mip,1,1,lex-cos,lex-overtime,2,0,429,2,2,0,429,2,0,0,0,0,bf02b641d1ae8d30c144fab0d28c5aca968d3331c2c020b30c1e45791af1e438,instances/corrected_v2_reduced_suite/evaluation_critical/evaluation/critical/instance_u30_a10_v4_seed1002_critical.txt,u30_seed1002,0.55,0.547945205479452,1.0,False,0,0,0,False
instances/research_depth_load_sweep/rho0.55_normal1/instance_u30_a10_v4_seed1002_critical.txt,4c6e1c5d5336e194accbf4ccfbc65305e34d93e15975a83bbb08056baa3382c6,gurobi-mip,1,1,lex-cos,weighted,2,0,429,2,5,0,439,5,41,46,31,26,bf02b641d1ae8d30c144fab0d28c5aca968d3331c2c020b30c1e45791af1e438,instances/corrected_v2_reduced_suite/evaluation_critical/evaluation/critical/instance_u30_a10_v4_seed1002_critical.txt,u30_seed1002,0.55,0.547945205479452,1.0,False,3,0,10,True
instances/research_depth_load_sweep/rho0.55_normal1/instance_u30_a10_v4_seed1002_critical.txt,4c6e1c5d5336e194accbf4ccfbc65305e34d93e15975a83bbb08056baa3382c6,gurobi-mip,1,1,lex-overtime,weighted,2,0,429,2,5,0,439,5,41,46,31,26,bf02b641d1ae8d30c144fab0d28c5aca968d3331c2c020b30c1e45791af1e438,instances/corrected_v2_reduced_suite/evaluation_critical/evaluation/critical/instance_u30_a10_v4_seed1002_critical.txt,u30_seed1002,0.55,0.547945205479452,1.0,False,3,0,10,True
instances/research_depth_load_sweep/rho0.98_normal1/instance_u40_a15_v5_seed1001_critical.txt,284b0201e05f1f1b878614b2e5a170aafd54da22dae117efa57fa13939cbb14d,gurobi-mip,1,1,lex-cos,lex-overtime,0,0,707,0,0,0,707,0,0,0,0,0,addefcd65569a464f6ade877201060bec8b3edf54c9784bd4a2ce47e7fa65a0a,instances/corrected_v2_reduced_suite/evaluation_critical/evaluation/critical/instance_u40_a15_v5_seed1001_critical.txt,u40_seed1001,0.98,0.975609756097561,1.0,False,0,0,0,False
instances/research_depth_load_sweep/rho0.98_normal1/instance_u40_a15_v5_seed1001_critical.txt,284b0201e05f1f1b878614b2e5a170aafd54da22dae117efa57fa13939cbb14d,gurobi-mip,1,1,lex-cos,weighted,0,0,707,0,4,0,718,4,45,86,27,2,addefcd65569a464f6ade877201060bec8b3edf54c9784bd4a2ce47e7fa65a0a,instances/corrected_v2_reduced_suite/evaluation_critical/evaluation/critical/instance_u40_a15_v5_seed1001_critical.txt,u40_seed1001,0.98,0.975609756097561,1.0,False,4,0,11,True
instances/research_depth_load_sweep/rho0.98_normal1/instance_u40_a15_v5_seed1001_critical.txt,284b0201e05f1f1b878614b2e5a170aafd54da22dae117efa57fa13939cbb14d,gurobi-mip,1,1,lex-overtime,weighted,0,0,707,0,4,0,718,4,45,86,27,2,addefcd65569a464f6ade877201060bec8b3edf54c9784bd4a2ce47e7fa65a0a,instances/corrected_v2_reduced_suite/evaluation_critical/evaluation/critical/instance_u40_a15_v5_seed1001_critical.txt,u40_seed1001,0.98,0.975609756097561,1.0,False,4,0,11,True
instances/research_depth_load_sweep/rho0.98_normal0.85/instance_u30_a20_v4_seed1003_critical.txt,a693ae04d3b5f8e16687d6fafb714b150a960993fc49a92438ab82819cbf5cfe,gurobi-mip,1,1,lex-cos,lex-overtime,0,15,408,0,0,15,408,0,0,0,0,0,68e2b74d850c1069e78bc56681e6d252a2a8df6699aceb2e6aaffeff722beca0,instances/corrected_v2_reduced_suite/evaluation_critical/evaluation/critical/instance_u30_a20_v4_seed1003_critical.txt,u30_seed1003,0.98,0.975609756097561,0.85,False,0,0,0,False
instances/research_depth_load_sweep/rho0.98_normal0.85/instance_u30_a20_v4_seed1003_critical.txt,a693ae04d3b5f8e16687d6fafb714b150a960993fc49a92438ab82819cbf5cfe,gurobi-mip,1,1,lex-cos,weighted,0,15,408,0,5,15,416,5,36,69,21,2,68e2b74d850c1069e78bc56681e6d252a2a8df6699aceb2e6aaffeff722beca0,instances/corrected_v2_reduced_suite/evaluation_critical/evaluation/critical/instance_u30_a20_v4_seed1003_critical.txt,u30_seed1003,0.98,0.975609756097561,0.85,False,5,0,8,True
instances/research_depth_load_sweep/rho0.98_normal0.85/instance_u30_a20_v4_seed1003_critical.txt,a693ae04d3b5f8e16687d6fafb714b150a960993fc49a92438ab82819cbf5cfe,gurobi-mip,1,1,lex-overtime,weighted,0,15,408,0,5,15,416,5,36,69,21,2,68e2b74d850c1069e78bc56681e6d252a2a8df6699aceb2e6aaffeff722beca0,instances/corrected_v2_reduced_suite/evaluation_critical/evaluation/critical/instance_u30_a20_v4_seed1003_critical.txt,u30_seed1003,0.98,0.975609756097561,0.85,False,5,0,8,True
instances/research_depth_load_sweep/rho0.98_normal0.85/instance_u30_a20_v5_seed1003_critical.txt,466c56887582dc9124254e4657012b8487e0867a5817e52f7c022c4a61a0cd0d,gurobi-mip,1,1,lex-cos,lex-overtime,0,19,491,0,0,19,491,0,0,0,0,0,65de3dfdc16f9c773e9874c2357071bf31732b49485a995a839ed1f4d259a558,instances/corrected_v2_reduced_suite/evaluation_critical/evaluation/critical/instance_u30_a20_v5_seed1003_critical.txt,u30_seed1003,0.98,0.974025974025974,0.85,False,0,0,0,False
instances/research_depth_load_sweep/rho0.98_normal0.85/instance_u30_a20_v5_seed1003_critical.txt,466c56887582dc9124254e4657012b8487e0867a5817e52f7c022c4a61a0cd0d,gurobi-mip,1,1,lex-cos,weighted,0,19,491,0,8,19,512,8,39,69,20,2,65de3dfdc16f9c773e9874c2357071bf31732b49485a995a839ed1f4d259a558,instances/corrected_v2_reduced_suite/evaluation_critical/evaluation/critical/instance_u30_a20_v5_seed1003_critical.txt,u30_seed1003,0.98,0.974025974025974,0.85,False,8,0,21,True
instances/research_depth_load_sweep/rho0.98_normal0.85/instance_u30_a20_v5_seed1003_critical.txt,466c56887582dc9124254e4657012b8487e0867a5817e52f7c022c4a61a0cd0d,gurobi-mip,1,1,lex-overtime,weighted,0,19,491,0,8,19,512,8,39,69,20,2,65de3dfdc16f9c773e9874c2357071bf31732b49485a995a839ed1f4d259a558,instances/corrected_v2_reduced_suite/evaluation_critical/evaluation/critical/instance_u30_a20_v5_seed1003_critical.txt,u30_seed1003,0.98,0.974025974025974,0.85,False,8,0,21,True
instances/research_depth_load_sweep/rho0.55_normal1/instance_u40_a25_v4_seed1001_critical.txt,9cc5f3b9eaaa1243429b59814722b36a03e3a0a409ca609ef7bc783b8a205629,gurobi-mip,1,1,lex-cos,lex-overtime,0,0,623,0,0,0,623,0,0,0,0,0,03e563fb6290ae5b10f29c4bd69e140d46f5db64516b7ab5dad7e2186df2197b,instances/corrected_v2_reduced_suite/evaluation_critical/evaluation/critical/instance_u40_a25_v4_seed1001_critical.txt,u40_seed1001,0.55,0.5498281786941581,1.0,False,0,0,0,False
instances/research_depth_load_sweep/rho0.55_normal1/instance_u40_a25_v4_seed1001_critical.txt,9cc5f3b9eaaa1243429b59814722b36a03e3a0a409ca609ef7bc783b8a205629,gurobi-mip,1,1,lex-cos,weighted,0,0,623,0,3,0,631,3,57,79,41,36,03e563fb6290ae5b10f29c4bd69e140d46f5db64516b7ab5dad7e2186df2197b,instances/corrected_v2_reduced_suite/evaluation_critical/evaluation/critical/instance_u40_a25_v4_seed1001_critical.txt,u40_seed1001,0.55,0.5498281786941581,1.0,False,3,0,8,True
instances/research_depth_load_sweep/rho0.55_normal1/instance_u40_a25_v4_seed1001_critical.txt,9cc5f3b9eaaa1243429b59814722b36a03e3a0a409ca609ef7bc783b8a205629,gurobi-mip,1,1,lex-overtime,weighted,0,0,623,0,3,0,631,3,57,79,41,36,03e563fb6290ae5b10f29c4bd69e140d46f5db64516b7ab5dad7e2186df2197b,instances/corrected_v2_reduced_suite/evaluation_critical/evaluation/critical/instance_u40_a25_v4_seed1001_critical.txt,u40_seed1001,0.55,0.5498281786941581,1.0,False,3,0,8,True
instances/research_depth_load_sweep/rho0.98_normal1/instance_u30_a20_v4_seed1001_critical.txt,a03602b8592997cf2b78967c93d1061e3022ebd6d56afc3389ec55db9f79402c,gurobi-mip,1,1,lex-cos,lex-overtime,0,0,414,0,0,0,414,0,0,0,0,0,d4d3d128eb54871902a41a24c690d5559af2a39138098ef2902d8f1e4d8089a8,instances/corrected_v2_reduced_suite/evaluation_critical/evaluation/critical/instance_u30_a20_v4_seed1001_critical.txt,u30_seed1001,0.98,0.975609756097561,1.0,False,0,0,0,False
instances/research_depth_load_sweep/rho0.98_normal1/instance_u30_a20_v4_seed1001_critical.txt,a03602b8592997cf2b78967c93d1061e3022ebd6d56afc3389ec55db9f79402c,gurobi-mip,1,1,lex-cos,weighted,0,0,414,0,1,0,415,1,23,67,16,2,d4d3d128eb54871902a41a24c690d5559af2a39138098ef2902d8f1e4d8089a8,instances/corrected_v2_reduced_suite/evaluation_critical/evaluation/critical/instance_u30_a20_v4_seed1001_critical.txt,u30_seed1001,0.98,0.975609756097561,1.0,False,1,0,1,True
instances/research_depth_load_sweep/rho0.98_normal1/instance_u30_a20_v4_seed1001_critical.txt,a03602b8592997cf2b78967c93d1061e3022ebd6d56afc3389ec55db9f79402c,gurobi-mip,1,1,lex-overtime,weighted,0,0,414,0,1,0,415,1,23,67,16,2,d4d3d128eb54871902a41a24c690d5559af2a39138098ef2902d8f1e4d8089a8,instances/corrected_v2_reduced_suite/evaluation_critical/evaluation/critical/instance_u30_a20_v4_seed1001_critical.txt,u30_seed1001,0.98,0.975609756097561,1.0,False,1,0,1,True
instances/research_depth_load_sweep/rho0.98_normal0.7/instance_u30_a25_v5_seed1001_critical.txt,870c236bac0c4c8438fcc9c83a32f9acfd90399c2e6bb49505a98fc7c51944e0,gurobi-mip,1,1,lex-cos,lex-overtime,0,42,537,0,0,42,537,0,0,0,0,0,51df0f9f4a354e14ce203c3399ff72e9f90e0370b7b497467427e1d198dd119e,instances/corrected_v2_reduced_suite/evaluation_critical/evaluation/critical/instance_u30_a25_v5_seed1001_critical.txt,u30_seed1001,0.98,0.974025974025974,0.7,False,0,0,0,False
instances/research_depth_load_sweep/rho0.98_normal0.7/instance_u30_a25_v5_seed1001_critical.txt,870c236bac0c4c8438fcc9c83a32f9acfd90399c2e6bb49505a98fc7c51944e0,gurobi-mip,1,1,lex-cos,weighted,0,42,537,0,1,42,538,1,46,67,23,2,51df0f9f4a354e14ce203c3399ff72e9f90e0370b7b497467427e1d198dd119e,instances/corrected_v2_reduced_suite/evaluation_critical/evaluation/critical/instance_u30_a25_v5_seed1001_critical.txt,u30_seed1001,0.98,0.974025974025974,0.7,False,1,0,1,True
instances/research_depth_load_sweep/rho0.98_normal0.7/instance_u30_a25_v5_seed1001_critical.txt,870c236bac0c4c8438fcc9c83a32f9acfd90399c2e6bb49505a98fc7c51944e0,gurobi-mip,1,1,lex-overtime,weighted,0,42,537,0,1,42,538,1,46,67,23,2,51df0f9f4a354e14ce203c3399ff72e9f90e0370b7b497467427e1d198dd119e,instances/corrected_v2_reduced_suite/evaluation_critical/evaluation/critical/instance_u30_a25_v5_seed1001_critical.txt,u30_seed1001,0.98,0.974025974025974,0.7,False,1,0,1,True
instances/research_depth_load_sweep/rho0.55_normal0.85/instance_u30_a20_v5_seed1001_critical.txt,5c4dd466f4c268217356647ddb8a3ffeae3885f9a16595269927421cc333e1d4,gurobi-mip,1,1,lex-cos,lex-overtime,0,0,591,0,0,0,591,0,0,0,0,0,22ee92263371ecea73d08de26b04d5edec6fc04579a52160b302a4510f99ac1e,instances/corrected_v2_reduced_suite/evaluation_critical/evaluation/critical/instance_u30_a20_v5_seed1001_critical.txt,u30_seed1001,0.55,0.5494505494505495,0.85,False,0,0,0,False
instances/research_depth_load_sweep/rho0.55_normal0.85/instance_u30_a20_v5_seed1001_critical.txt,5c4dd466f4c268217356647ddb8a3ffeae3885f9a16595269927421cc333e1d4,gurobi-mip,1,1,lex-cos,weighted,0,0,591,0,0,0,591,0,45,86,31,34,22ee92263371ecea73d08de26b04d5edec6fc04579a52160b302a4510f99ac1e,instances/corrected_v2_reduced_suite/evaluation_critical/evaluation/critical/instance_u30_a20_v5_seed1001_critical.txt,u30_seed1001,0.55,0.5494505494505495,0.85,False,0,0,0,False
instances/research_depth_load_sweep/rho0.55_normal0.85/instance_u30_a20_v5_seed1001_critical.txt,5c4dd466f4c268217356647ddb8a3ffeae3885f9a16595269927421cc333e1d4,gurobi-mip,1,1,lex-overtime,weighted,0,0,591,0,0,0,591,0,45,86,31,34,22ee92263371ecea73d08de26b04d5edec6fc04579a52160b302a4510f99ac1e,instances/corrected_v2_reduced_suite/evaluation_critical/evaluation/critical/instance_u30_a20_v5_seed1001_critical.txt,u30_seed1001,0.55,0.5494505494505495,0.85,False,0,0,0,False
instances/research_depth_load_sweep/rho0.85_normal1/instance_u30_a15_v5_seed1002_critical.txt,3cd5a8252949642073360256d01449449387eb4a8906de8f6218e2912a8a62d8,gurobi-mip,1,1,lex-cos,lex-overtime,2,0,516,2,2,0,516,2,0,0,0,0,62008dec11bbf59cff06c3683881ade351ca92418b870d35d1f1890238c858bd,instances/corrected_v2_reduced_suite/evaluation_critical/evaluation/critical/instance_u30_a15_v5_seed1002_critical.txt,u30_seed1002,0.85,0.847457627118644,1.0,False,0,0,0,False
instances/research_depth_load_sweep/rho0.85_normal1/instance_u30_a15_v5_seed1002_critical.txt,3cd5a8252949642073360256d01449449387eb4a8906de8f6218e2912a8a62d8,gurobi-mip,1,1,lex-cos,weighted,2,0,516,2,9,0,558,9,45,78,28,8,62008dec11bbf59cff06c3683881ade351ca92418b870d35d1f1890238c858bd,instances/corrected_v2_reduced_suite/evaluation_critical/evaluation/critical/instance_u30_a15_v5_seed1002_critical.txt,u30_seed1002,0.85,0.847457627118644,1.0,False,7,0,42,True
instances/research_depth_load_sweep/rho0.85_normal1/instance_u30_a15_v5_seed1002_critical.txt,3cd5a8252949642073360256d01449449387eb4a8906de8f6218e2912a8a62d8,gurobi-mip,1,1,lex-overtime,weighted,2,0,516,2,9,0,558,9,45,78,28,8,62008dec11bbf59cff06c3683881ade351ca92418b870d35d1f1890238c858bd,instances/corrected_v2_reduced_suite/evaluation_critical/evaluation/critical/instance_u30_a15_v5_seed1002_critical.txt,u30_seed1002,0.85,0.847457627118644,1.0,False,7,0,42,True
instances/research_depth_load_sweep/rho0.98_normal0.85/instance_u30_a10_v4_seed1002_critical.txt,521e6998d4b392072dbb0c9551cc94f402bd542ad2206829bd696167f390dc69,gurobi-mip,1,1,lex-cos,lex-overtime,2,15,412,2,2,15,412,2,0,0,0,0,bf02b641d1ae8d30c144fab0d28c5aca968d3331c2c020b30c1e45791af1e438,instances/corrected_v2_reduced_suite/evaluation_critical/evaluation/critical/instance_u30_a10_v4_seed1002_critical.txt,u30_seed1002,0.98,0.975609756097561,0.85,False,0,0,0,False
instances/research_depth_load_sweep/rho0.98_normal0.85/instance_u30_a10_v4_seed1002_critical.txt,521e6998d4b392072dbb0c9551cc94f402bd542ad2206829bd696167f390dc69,gurobi-mip,1,1,lex-cos,weighted,2,15,412,2,5,16,424,5,31,47,24,2,bf02b641d1ae8d30c144fab0d28c5aca968d3331c2c020b30c1e45791af1e438,instances/corrected_v2_reduced_suite/evaluation_critical/evaluation/critical/instance_u30_a10_v4_seed1002_critical.txt,u30_seed1002,0.98,0.975609756097561,0.85,False,3,1,12,True
instances/research_depth_load_sweep/rho0.98_normal0.85/instance_u30_a10_v4_seed1002_critical.txt,521e6998d4b392072dbb0c9551cc94f402bd542ad2206829bd696167f390dc69,gurobi-mip,1,1,lex-overtime,weighted,2,15,412,2,5,16,424,5,31,47,24,2,bf02b641d1ae8d30c144fab0d28c5aca968d3331c2c020b30c1e45791af1e438,instances/corrected_v2_reduced_suite/evaluation_critical/evaluation/critical/instance_u30_a10_v4_seed1002_critical.txt,u30_seed1002,0.98,0.975609756097561,0.85,False,3,1,12,True
instances/research_depth_load_sweep/rho0.98_normal0.7/instance_u40_a10_v5_seed1001_critical.txt,7858c7a1429a9850c47e0ed61f736292e0f1ea0f059f4a4417a6f768802bb43d,gurobi-mip,1,1,lex-cos,lex-overtime,0,56,705,0,0,56,705,0,0,0,0,0,0fa28a903cebd3a3dd85fef2874db9c94ef28e79ab436d5e05b1ed674d0dc046,instances/corrected_v2_reduced_suite/evaluation_critical/evaluation/critical/instance_u40_a10_v5_seed1001_critical.txt,u40_seed1001,0.98,0.975609756097561,0.7,False,0,0,0,False
instances/research_depth_load_sweep/rho0.98_normal0.7/instance_u40_a10_v5_seed1001_critical.txt,7858c7a1429a9850c47e0ed61f736292e0f1ea0f059f4a4417a6f768802bb43d,gurobi-mip,1,1,lex-cos,weighted,0,56,705,0,3,56,715,3,49,95,27,2,0fa28a903cebd3a3dd85fef2874db9c94ef28e79ab436d5e05b1ed674d0dc046,instances/corrected_v2_reduced_suite/evaluation_critical/evaluation/critical/instance_u40_a10_v5_seed1001_critical.txt,u40_seed1001,0.98,0.975609756097561,0.7,False,3,0,10,True
instances/research_depth_load_sweep/rho0.98_normal0.7/instance_u40_a10_v5_seed1001_critical.txt,7858c7a1429a9850c47e0ed61f736292e0f1ea0f059f4a4417a6f768802bb43d,gurobi-mip,1,1,lex-overtime,weighted,0,56,705,0,3,56,715,3,49,95,27,2,0fa28a903cebd3a3dd85fef2874db9c94ef28e79ab436d5e05b1ed674d0dc046,instances/corrected_v2_reduced_suite/evaluation_critical/evaluation/critical/instance_u40_a10_v5_seed1001_critical.txt,u40_seed1001,0.98,0.975609756097561,0.7,False,3,0,10,True
instances/research_depth_load_sweep/rho0.55_normal0.85/instance_u40_a20_v5_seed1002_critical.txt,c4f85515af71e063d75a1068930ca0403bd13697613f83b50d76883e0adb1ec1,gurobi-mip,1,1,lex-cos,lex-overtime,0,0,735,0,0,0,735,0,0,0,0,0,aee0a6b7ec9777049ee75f53a345d8b1b5d4d3de33e8d3f6c9559f510624b169,instances/corrected_v2_reduced_suite/evaluation_critical/evaluation/critical/instance_u40_a20_v5_seed1002_critical.txt,u40_seed1002,0.55,0.5494505494505495,0.85,False,0,0,0,False
instances/research_depth_load_sweep/rho0.55_normal0.85/instance_u40_a20_v5_seed1002_critical.txt,c4f85515af71e063d75a1068930ca0403bd13697613f83b50d76883e0adb1ec1,gurobi-mip,1,1,lex-cos,weighted,0,0,735,0,6,0,755,6,36,96,20,50,aee0a6b7ec9777049ee75f53a345d8b1b5d4d3de33e8d3f6c9559f510624b169,instances/corrected_v2_reduced_suite/evaluation_critical/evaluation/critical/instance_u40_a20_v5_seed1002_critical.txt,u40_seed1002,0.55,0.5494505494505495,0.85,False,6,0,20,True
instances/research_depth_load_sweep/rho0.55_normal0.85/instance_u40_a20_v5_seed1002_critical.txt,c4f85515af71e063d75a1068930ca0403bd13697613f83b50d76883e0adb1ec1,gurobi-mip,1,1,lex-overtime,weighted,0,0,735,0,6,0,755,6,36,96,20,50,aee0a6b7ec9777049ee75f53a345d8b1b5d4d3de33e8d3f6c9559f510624b169,instances/corrected_v2_reduced_suite/evaluation_critical/evaluation/critical/instance_u40_a20_v5_seed1002_critical.txt,u40_seed1002,0.55,0.5494505494505495,0.85,False,6,0,20,True
instances/research_depth_load_sweep/rho0.98_normal0.7/instance_u30_a10_v5_seed1001_critical.txt,c25d2fe0bf13780c018c83d8ad0e5e5fbcbf9febd94e57af3c01bda538f7b0a2,gurobi-mip,1,1,lex-cos,lex-overtime,0,42,534,0,0,42,534,0,0,0,0,0,f0260653f1c0ec8a84896f38a9bfdbc795d01316d5a47411bbb0a60f7a6e9958,instances/corrected_v2_reduced_suite/evaluation_critical/evaluation/critical/instance_u30_a10_v5_seed1001_critical.txt,u30_seed1001,0.98,0.974025974025974,0.7,False,0,0,0,False
instances/research_depth_load_sweep/rho0.98_normal0.7/instance_u30_a10_v5_seed1001_critical.txt,c25d2fe0bf13780c018c83d8ad0e5e5fbcbf9febd94e57af3c01bda538f7b0a2,gurobi-mip,1,1,lex-cos,weighted,0,42,534,0,1,42,535,1,30,77,18,2,f0260653f1c0ec8a84896f38a9bfdbc795d01316d5a47411bbb0a60f7a6e9958,instances/corrected_v2_reduced_suite/evaluation_critical/evaluation/critical/instance_u30_a10_v5_seed1001_critical.txt,u30_seed1001,0.98,0.974025974025974,0.7,False,1,0,1,True
instances/research_depth_load_sweep/rho0.98_normal0.7/instance_u30_a10_v5_seed1001_critical.txt,c25d2fe0bf13780c018c83d8ad0e5e5fbcbf9febd94e57af3c01bda538f7b0a2,gurobi-mip,1,1,lex-overtime,weighted,0,42,534,0,1,42,535,1,30,77,18,2,f0260653f1c0ec8a84896f38a9bfdbc795d01316d5a47411bbb0a60f7a6e9958,instances/corrected_v2_reduced_suite/evaluation_critical/evaluation/critical/instance_u30_a10_v5_seed1001_critical.txt,u30_seed1001,0.98,0.974025974025974,0.7,False,1,0,1,True
instances/research_depth_load_sweep/rho0.85_normal0.85/instance_u40_a20_v5_seed1001_critical.txt,9b4ded7517693f18fc14c67224a40507d9d4088119616e90b89f0bbcadb2445d,gurobi-mip,1,1,lex-cos,lex-overtime,0,0,715,0,0,0,715,0,0,0,0,0,9b4ded7517693f18fc14c67224a40507d9d4088119616e90b89f0bbcadb2445d,instances/corrected_v2_reduced_suite/evaluation_critical/evaluation/critical/instance_u40_a20_v5_seed1001_critical.txt,u40_seed1001,0.85,0.847457627118644,0.85,True,0,0,0,False
instances/research_depth_load_sweep/rho0.85_normal0.85/instance_u40_a20_v5_seed1001_critical.txt,9b4ded7517693f18fc14c67224a40507d9d4088119616e90b89f0bbcadb2445d,gurobi-mip,1,1,lex-cos,weighted,0,0,715,0,4,14,754,4,65,99,44,28,9b4ded7517693f18fc14c67224a40507d9d4088119616e90b89f0bbcadb2445d,instances/corrected_v2_reduced_suite/evaluation_critical/evaluation/critical/instance_u40_a20_v5_seed1001_critical.txt,u40_seed1001,0.85,0.847457627118644,0.85,True,4,14,39,True
instances/research_depth_load_sweep/rho0.85_normal0.85/instance_u40_a20_v5_seed1001_critical.txt,9b4ded7517693f18fc14c67224a40507d9d4088119616e90b89f0bbcadb2445d,gurobi-mip,1,1,lex-overtime,weighted,0,0,715,0,4,14,754,4,65,99,44,28,9b4ded7517693f18fc14c67224a40507d9d4088119616e90b89f0bbcadb2445d,instances/corrected_v2_reduced_suite/evaluation_critical/evaluation/critical/instance_u40_a20_v5_seed1001_critical.txt,u40_seed1001,0.85,0.847457627118644,0.85,True,4,14,39,True
instances/research_depth_load_sweep/rho0.98_normal0.85/instance_u30_a10_v4_seed1003_critical.txt,960a07f58b2e2fbf99594fcf33f22f12c00f1e140d5cefe01fbc2d7532df576f,gurobi-mip,1,1,lex-cos,lex-overtime,0,15,408,0,0,15,408,0,0,0,0,0,ecef75f227343cde9e2c9dfd880ff2779326fa051917a8a437023079d7d1ee16,instances/corrected_v2_reduced_suite/evaluation_critical/evaluation/critical/instance_u30_a10_v4_seed1003_critical.txt,u30_seed1003,0.98,0.975609756097561,0.85,False,0,0,0,False
instances/research_depth_load_sweep/rho0.98_normal0.85/instance_u30_a10_v4_seed1003_critical.txt,960a07f58b2e2fbf99594fcf33f22f12c00f1e140d5cefe01fbc2d7532df576f,gurobi-mip,1,1,lex-cos,weighted,0,15,408,0,6,15,416,6,25,68,18,4,ecef75f227343cde9e2c9dfd880ff2779326fa051917a8a437023079d7d1ee16,instances/corrected_v2_reduced_suite/evaluation_critical/evaluation/critical/instance_u30_a10_v4_seed1003_critical.txt,u30_seed1003,0.98,0.975609756097561,0.85,False,6,0,8,True
instances/research_depth_load_sweep/rho0.98_normal0.85/instance_u30_a10_v4_seed1003_critical.txt,960a07f58b2e2fbf99594fcf33f22f12c00f1e140d5cefe01fbc2d7532df576f,gurobi-mip,1,1,lex-overtime,weighted,0,15,408,0,6,15,416,6,25,68,18,4,ecef75f227343cde9e2c9dfd880ff2779326fa051917a8a437023079d7d1ee16,instances/corrected_v2_reduced_suite/evaluation_critical/evaluation/critical/instance_u30_a10_v4_seed1003_critical.txt,u30_seed1003,0.98,0.975609756097561,0.85,False,6,0,8,True
instances/research_depth_load_sweep/rho0.55_normal0.85/instance_u40_a10_v4_seed1002_critical.txt,30699ca1d4da1245730db4306d125f766c4b3e380d8101990c4eff7def5b15b3,gurobi-mip,1,1,lex-cos,lex-overtime,3,0,584,3,3,0,584,3,0,0,0,0,93e26e12184989f851e4f91e33046006e375b0bdc1069591b75e6f5d66e9d66b,instances/corrected_v2_reduced_suite/evaluation_critical/evaluation/critical/instance_u40_a10_v4_seed1002_critical.txt,u40_seed1002,0.55,0.5498281786941581,0.85,False,0,0,0,False
instances/research_depth_load_sweep/rho0.55_normal0.85/instance_u40_a10_v4_seed1002_critical.txt,30699ca1d4da1245730db4306d125f766c4b3e380d8101990c4eff7def5b15b3,gurobi-mip,1,1,lex-cos,weighted,3,0,584,3,7,0,597,7,26,78,17,12,93e26e12184989f851e4f91e33046006e375b0bdc1069591b75e6f5d66e9d66b,instances/corrected_v2_reduced_suite/evaluation_critical/evaluation/critical/instance_u40_a10_v4_seed1002_critical.txt,u40_seed1002,0.55,0.5498281786941581,0.85,False,4,0,13,True
instances/research_depth_load_sweep/rho0.55_normal0.85/instance_u40_a10_v4_seed1002_critical.txt,30699ca1d4da1245730db4306d125f766c4b3e380d8101990c4eff7def5b15b3,gurobi-mip,1,1,lex-overtime,weighted,3,0,584,3,7,0,597,7,26,78,17,12,93e26e12184989f851e4f91e33046006e375b0bdc1069591b75e6f5d66e9d66b,instances/corrected_v2_reduced_suite/evaluation_critical/evaluation/critical/instance_u40_a10_v4_seed1002_critical.txt,u40_seed1002,0.55,0.5498281786941581,0.85,False,4,0,13,True
instances/research_depth_load_sweep/rho0.85_normal1/instance_u30_a10_v4_seed1002_critical.txt,954c722b25ad3e9c26d833cc5cca87ea1c02f8616341a3f99ec52608fc6733c3,gurobi-mip,1,1,lex-cos,lex-overtime,2,0,428,2,2,0,428,2,0,0,0,0,bf02b641d1ae8d30c144fab0d28c5aca968d3331c2c020b30c1e45791af1e438,instances/corrected_v2_reduced_suite/evaluation_critical/evaluation/critical/instance_u30_a10_v4_seed1002_critical.txt,u30_seed1002,0.85,0.8450704225352113,1.0,False,0,0,0,False
instances/research_depth_load_sweep/rho0.85_normal1/instance_u30_a10_v4_seed1002_critical.txt,954c722b25ad3e9c26d833cc5cca87ea1c02f8616341a3f99ec52608fc6733c3,gurobi-mip,1,1,lex-cos,weighted,2,0,428,2,4,0,438,4,32,50,24,4,bf02b641d1ae8d30c144fab0d28c5aca968d3331c2c020b30c1e45791af1e438,instances/corrected_v2_reduced_suite/evaluation_critical/evaluation/critical/instance_u30_a10_v4_seed1002_critical.txt,u30_seed1002,0.85,0.8450704225352113,1.0,False,2,0,10,True
instances/research_depth_load_sweep/rho0.85_normal1/instance_u30_a10_v4_seed1002_critical.txt,954c722b25ad3e9c26d833cc5cca87ea1c02f8616341a3f99ec52608fc6733c3,gurobi-mip,1,1,lex-overtime,weighted,2,0,428,2,4,0,438,4,32,50,24,4,bf02b641d1ae8d30c144fab0d28c5aca968d3331c2c020b30c1e45791af1e438,instances/corrected_v2_reduced_suite/evaluation_critical/evaluation/critical/instance_u30_a10_v4_seed1002_critical.txt,u30_seed1002,0.85,0.8450704225352113,1.0,False,2,0,10,True
instances/research_depth_load_sweep/rho0.55_normal1/instance_u40_a10_v4_seed1002_critical.txt,775e969d8368ed26fbfb21865f0b96cdc817af25d8d5c0b885a22f6415df4c85,gurobi-mip,1,1,lex-cos,lex-overtime,3,0,587,3,3,0,587,3,0,0,0,0,93e26e12184989f851e4f91e33046006e375b0bdc1069591b75e6f5d66e9d66b,instances/corrected_v2_reduced_suite/evaluation_critical/evaluation/critical/instance_u40_a10_v4_seed1002_critical.txt,u40_seed1002,0.55,0.5498281786941581,1.0,False,0,0,0,False
instances/research_depth_load_sweep/rho0.55_normal1/instance_u40_a10_v4_seed1002_critical.txt,775e969d8368ed26fbfb21865f0b96cdc817af25d8d5c0b885a22f6415df4c85,gurobi-mip,1,1,lex-cos,weighted,3,0,587,3,6,0,596,6,29,65,22,14,93e26e12184989f851e4f91e33046006e375b0bdc1069591b75e6f5d66e9d66b,instances/corrected_v2_reduced_suite/evaluation_critical/evaluation/critical/instance_u40_a10_v4_seed1002_critical.txt,u40_seed1002,0.55,0.5498281786941581,1.0,False,3,0,9,True
instances/research_depth_load_sweep/rho0.55_normal1/instance_u40_a10_v4_seed1002_critical.txt,775e969d8368ed26fbfb21865f0b96cdc817af25d8d5c0b885a22f6415df4c85,gurobi-mip,1,1,lex-overtime,weighted,3,0,587,3,6,0,596,6,29,65,22,14,93e26e12184989f851e4f91e33046006e375b0bdc1069591b75e6f5d66e9d66b,instances/corrected_v2_reduced_suite/evaluation_critical/evaluation/critical/instance_u40_a10_v4_seed1002_critical.txt,u40_seed1002,0.55,0.5498281786941581,1.0,False,3,0,9,True
instances/research_depth_load_sweep/rho0.55_normal1/instance_u40_a20_v5_seed1001_critical.txt,433b7b3302057cf68eaa059951d0a939268f1880649676ff5de5847b2d02a119,gurobi-mip,1,1,lex-cos,lex-overtime,0,0,774,0,0,0,774,0,0,0,0,0,9b4ded7517693f18fc14c67224a40507d9d4088119616e90b89f0bbcadb2445d,instances/corrected_v2_reduced_suite/evaluation_critical/evaluation/critical/instance_u40_a20_v5_seed1001_critical.txt,u40_seed1001,0.55,0.5494505494505495,1.0,False,0,0,0,False
instances/research_depth_load_sweep/rho0.55_normal1/instance_u40_a20_v5_seed1001_critical.txt,433b7b3302057cf68eaa059951d0a939268f1880649676ff5de5847b2d02a119,gurobi-mip,1,1,lex-cos,weighted,0,0,774,0,4,0,786,4,47,83,24,36,9b4ded7517693f18fc14c67224a40507d9d4088119616e90b89f0bbcadb2445d,instances/corrected_v2_reduced_suite/evaluation_critical/evaluation/critical/instance_u40_a20_v5_seed1001_critical.txt,u40_seed1001,0.55,0.5494505494505495,1.0,False,4,0,12,True
instances/research_depth_load_sweep/rho0.55_normal1/instance_u40_a20_v5_seed1001_critical.txt,433b7b3302057cf68eaa059951d0a939268f1880649676ff5de5847b2d02a119,gurobi-mip,1,1,lex-overtime,weighted,0,0,774,0,4,0,786,4,47,83,24,36,9b4ded7517693f18fc14c67224a40507d9d4088119616e90b89f0bbcadb2445d,instances/corrected_v2_reduced_suite/evaluation_critical/evaluation/critical/instance_u40_a20_v5_seed1001_critical.txt,u40_seed1001,0.55,0.5494505494505495,1.0,False,4,0,12,True
instances/research_depth_load_sweep/rho0.55_normal0.7/instance_u40_a15_v4_seed1003_critical.txt,982bb0bf70ec8784e60b0e44d05ba409dd6e7a5627783f825bbf2a9c6c318066,gurobi-mip,1,1,lex-cos,lex-overtime,0,0,565,0,0,0,565,0,0,0,0,0,60b67ddc948fc1382700a5f01082aad04d5d3d19d708c2351412f697e9f9ead7,instances/corrected_v2_reduced_suite/evaluation_critical/evaluation/critical/instance_u40_a15_v4_seed1003_critical.txt,u40_seed1003,0.55,0.5498281786941581,0.7,False,0,0,0,False
instances/research_depth_load_sweep/rho0.55_normal0.7/instance_u40_a15_v4_seed1003_critical.txt,982bb0bf70ec8784e60b0e44d05ba409dd6e7a5627783f825bbf2a9c6c318066,gurobi-mip,1,1,lex-cos,weighted,0,0,565,0,7,3,585,7,36,93,23,32,60b67ddc948fc1382700a5f01082aad04d5d3d19d708c2351412f697e9f9ead7,instances/corrected_v2_reduced_suite/evaluation_critical/evaluation/critical/instance_u40_a15_v4_seed1003_critical.txt,u40_seed1003,0.55,0.5498281786941581,0.7,False,7,3,20,True
instances/research_depth_load_sweep/rho0.55_normal0.7/instance_u40_a15_v4_seed1003_critical.txt,982bb0bf70ec8784e60b0e44d05ba409dd6e7a5627783f825bbf2a9c6c318066,gurobi-mip,1,1,lex-overtime,weighted,0,0,565,0,7,3,585,7,36,93,23,32,60b67ddc948fc1382700a5f01082aad04d5d3d19d708c2351412f697e9f9ead7,instances/corrected_v2_reduced_suite/evaluation_critical/evaluation/critical/instance_u40_a15_v4_seed1003_critical.txt,u40_seed1003,0.55,0.5498281786941581,0.7,False,7,3,20,True
instances/research_depth_load_sweep/rho0.98_normal0.7/instance_u30_a20_v4_seed1003_critical.txt,bbe2e057299e1fa10dcc86a64d266a12ba0dba28fb28a6c4144395e0007b8a14,gurobi-mip,1,1,lex-cos,lex-overtime,0,34,408,0,0,34,408,0,0,0,0,0,68e2b74d850c1069e78bc56681e6d252a2a8df6699aceb2e6aaffeff722beca0,instances/corrected_v2_reduced_suite/evaluation_critical/evaluation/critical/instance_u30_a20_v4_seed1003_critical.txt,u30_seed1003,0.98,0.975609756097561,0.7,False,0,0,0,False
instances/research_depth_load_sweep/rho0.98_normal0.7/instance_u30_a20_v4_seed1003_critical.txt,bbe2e057299e1fa10dcc86a64d266a12ba0dba28fb28a6c4144395e0007b8a14,gurobi-mip,1,1,lex-cos,weighted,0,34,408,0,6,34,417,6,35,55,23,2,68e2b74d850c1069e78bc56681e6d252a2a8df6699aceb2e6aaffeff722beca0,instances/corrected_v2_reduced_suite/evaluation_critical/evaluation/critical/instance_u30_a20_v4_seed1003_critical.txt,u30_seed1003,0.98,0.975609756097561,0.7,False,6,0,9,True
instances/research_depth_load_sweep/rho0.98_normal0.7/instance_u30_a20_v4_seed1003_critical.txt,bbe2e057299e1fa10dcc86a64d266a12ba0dba28fb28a6c4144395e0007b8a14,gurobi-mip,1,1,lex-overtime,weighted,0,34,408,0,6,34,417,6,35,55,23,2,68e2b74d850c1069e78bc56681e6d252a2a8df6699aceb2e6aaffeff722beca0,instances/corrected_v2_reduced_suite/evaluation_critical/evaluation/critical/instance_u30_a20_v4_seed1003_critical.txt,u30_seed1003,0.98,0.975609756097561,0.7,False,6,0,9,True
instances/research_depth_load_sweep/rho0.98_normal1/instance_u30_a10_v4_seed1002_critical.txt,3fa7e09e1f6a9ccd5c8f922cdbb834601458088b5372cf8b45e12c668f735f3d,gurobi-mip,1,1,lex-cos,lex-overtime,2,0,413,2,2,0,413,2,0,0,0,0,bf02b641d1ae8d30c144fab0d28c5aca968d3331c2c020b30c1e45791af1e438,instances/corrected_v2_reduced_suite/evaluation_critical/evaluation/critical/instance_u30_a10_v4_seed1002_critical.txt,u30_seed1002,0.98,0.975609756097561,1.0,False,0,0,0,False
instances/research_depth_load_sweep/rho0.98_normal1/instance_u30_a10_v4_seed1002_critical.txt,3fa7e09e1f6a9ccd5c8f922cdbb834601458088b5372cf8b45e12c668f735f3d,gurobi-mip,1,1,lex-cos,weighted,2,0,413,2,5,0,424,5,26,39,18,0,bf02b641d1ae8d30c144fab0d28c5aca968d3331c2c020b30c1e45791af1e438,instances/corrected_v2_reduced_suite/evaluation_critical/evaluation/critical/instance_u30_a10_v4_seed1002_critical.txt,u30_seed1002,0.98,0.975609756097561,1.0,False,3,0,11,True
instances/research_depth_load_sweep/rho0.98_normal1/instance_u30_a10_v4_seed1002_critical.txt,3fa7e09e1f6a9ccd5c8f922cdbb834601458088b5372cf8b45e12c668f735f3d,gurobi-mip,1,1,lex-overtime,weighted,2,0,413,2,5,0,424,5,26,39,18,0,bf02b641d1ae8d30c144fab0d28c5aca968d3331c2c020b30c1e45791af1e438,instances/corrected_v2_reduced_suite/evaluation_critical/evaluation/critical/instance_u30_a10_v4_seed1002_critical.txt,u30_seed1002,0.98,0.975609756097561,1.0,False,3,0,11,True
instances/research_depth_load_sweep/rho0.55_normal1/instance_u40_a10_v5_seed1002_critical.txt,99816e5c5797bd8d3424ec365d270cbe624a51e6f86a1379024914d8adcddc42,gurobi-mip,1,1,lex-cos,lex-overtime,4,0,727,4,4,0,727,4,0,0,0,0,559a4cbe53b4c6b0b9bb730eba6ec962c70e2de70ab1b20d1f420367127f3bf9,instances/corrected_v2_reduced_suite/evaluation_critical/evaluation/critical/instance_u40_a10_v5_seed1002_critical.txt,u40_seed1002,0.55,0.5494505494505495,1.0,False,0,0,0,False
instances/research_depth_load_sweep/rho0.55_normal1/instance_u40_a10_v5_seed1002_critical.txt,99816e5c5797bd8d3424ec365d270cbe624a51e6f86a1379024914d8adcddc42,gurobi-mip,1,1,lex-cos,weighted,4,0,727,4,13,0,743,13,57,98,37,26,559a4cbe53b4c6b0b9bb730eba6ec962c70e2de70ab1b20d1f420367127f3bf9,instances/corrected_v2_reduced_suite/evaluation_critical/evaluation/critical/instance_u40_a10_v5_seed1002_critical.txt,u40_seed1002,0.55,0.5494505494505495,1.0,False,9,0,16,True
instances/research_depth_load_sweep/rho0.55_normal1/instance_u40_a10_v5_seed1002_critical.txt,99816e5c5797bd8d3424ec365d270cbe624a51e6f86a1379024914d8adcddc42,gurobi-mip,1,1,lex-overtime,weighted,4,0,727,4,13,0,743,13,57,98,37,26,559a4cbe53b4c6b0b9bb730eba6ec962c70e2de70ab1b20d1f420367127f3bf9,instances/corrected_v2_reduced_suite/evaluation_critical/evaluation/critical/instance_u40_a10_v5_seed1002_critical.txt,u40_seed1002,0.55,0.5494505494505495,1.0,False,9,0,16,True
instances/research_depth_load_sweep/rho0.98_normal0.7/instance_u40_a15_v4_seed1001_critical.txt,b751f7505bc1bcee036c96209fcf073156ac33767424c8ff292635cdc1abf472,gurobi-mip,1,1,lex-cos,lex-overtime,0,45,571,0,0,45,571,0,0,0,0,0,935abeb825bf65f5eb6f564d142868752b8f09cc140daeead539a193eee52b75,instances/corrected_v2_reduced_suite/evaluation_critical/evaluation/critical/instance_u40_a15_v4_seed1001_critical.txt,u40_seed1001,0.98,0.975609756097561,0.7,False,0,0,0,False
instances/research_depth_load_sweep/rho0.98_normal0.7/instance_u40_a15_v4_seed1001_critical.txt,b751f7505bc1bcee036c96209fcf073156ac33767424c8ff292635cdc1abf472,gurobi-mip,1,1,lex-cos,weighted,0,45,571,0,2,45,579,2,22,86,17,2,935abeb825bf65f5eb6f564d142868752b8f09cc140daeead539a193eee52b75,instances/corrected_v2_reduced_suite/evaluation_critical/evaluation/critical/instance_u40_a15_v4_seed1001_critical.txt,u40_seed1001,0.98,0.975609756097561,0.7,False,2,0,8,True
instances/research_depth_load_sweep/rho0.98_normal0.7/instance_u40_a15_v4_seed1001_critical.txt,b751f7505bc1bcee036c96209fcf073156ac33767424c8ff292635cdc1abf472,gurobi-mip,1,1,lex-overtime,weighted,0,45,571,0,2,45,579,2,22,86,17,2,935abeb825bf65f5eb6f564d142868752b8f09cc140daeead539a193eee52b75,instances/corrected_v2_reduced_suite/evaluation_critical/evaluation/critical/instance_u40_a15_v4_seed1001_critical.txt,u40_seed1001,0.98,0.975609756097561,0.7,False,2,0,8,True
instances/research_depth_load_sweep/rho0.55_normal0.85/instance_u40_a10_v4_seed1001_critical.txt,e9fc4b2760d6f759b8c33931d4256d113df5ab7e6ef57f862dbeca413d0353f6,gurobi-mip,1,1,lex-cos,lex-overtime,0,0,594,0,0,0,594,0,0,0,0,0,b98e75059c523562fbab64282673d9ea225242fe21209b5e428aee89aa625edd,instances/corrected_v2_reduced_suite/evaluation_critical/evaluation/critical/instance_u40_a10_v4_seed1001_critical.txt,u40_seed1001,0.55,0.5498281786941581,0.85,False,0,0,0,False
instances/research_depth_load_sweep/rho0.55_normal0.85/instance_u40_a10_v4_seed1001_critical.txt,e9fc4b2760d6f759b8c33931d4256d113df5ab7e6ef57f862dbeca413d0353f6,gurobi-mip,1,1,lex-cos,weighted,0,0,594,0,1,0,597,1,28,60,20,16,b98e75059c523562fbab64282673d9ea225242fe21209b5e428aee89aa625edd,instances/corrected_v2_reduced_suite/evaluation_critical/evaluation/critical/instance_u40_a10_v4_seed1001_critical.txt,u40_seed1001,0.55,0.5498281786941581,0.85,False,1,0,3,True
instances/research_depth_load_sweep/rho0.55_normal0.85/instance_u40_a10_v4_seed1001_critical.txt,e9fc4b2760d6f759b8c33931d4256d113df5ab7e6ef57f862dbeca413d0353f6,gurobi-mip,1,1,lex-overtime,weighted,0,0,594,0,1,0,597,1,28,60,20,16,b98e75059c523562fbab64282673d9ea225242fe21209b5e428aee89aa625edd,instances/corrected_v2_reduced_suite/evaluation_critical/evaluation/critical/instance_u40_a10_v4_seed1001_critical.txt,u40_seed1001,0.55,0.5498281786941581,0.85,False,1,0,3,True
instances/research_depth_load_sweep/rho0.98_normal0.85/instance_u40_a20_v4_seed1001_critical.txt,ea89b5d59b99a5415874f94eaab9a1cc16c2cf80701792e4492d4635bfc45164,gurobi-mip,1,1,lex-cos,lex-overtime,0,21,570,0,0,21,570,0,0,0,0,0,f05bb4ba1ebe8ecf0e95e0508ba8cba7463abb6f7c5a573eafb693c49e861cc0,instances/corrected_v2_reduced_suite/evaluation_critical/evaluation/critical/instance_u40_a20_v4_seed1001_critical.txt,u40_seed1001,0.98,0.975609756097561,0.85,False,0,0,0,False
instances/research_depth_load_sweep/rho0.98_normal0.85/instance_u40_a20_v4_seed1001_critical.txt,ea89b5d59b99a5415874f94eaab9a1cc16c2cf80701792e4492d4635bfc45164,gurobi-mip,1,1,lex-cos,weighted,0,21,570,0,2,22,580,2,22,78,18,4,f05bb4ba1ebe8ecf0e95e0508ba8cba7463abb6f7c5a573eafb693c49e861cc0,instances/corrected_v2_reduced_suite/evaluation_critical/evaluation/critical/instance_u40_a20_v4_seed1001_critical.txt,u40_seed1001,0.98,0.975609756097561,0.85,False,2,1,10,True
instances/research_depth_load_sweep/rho0.98_normal0.85/instance_u40_a20_v4_seed1001_critical.txt,ea89b5d59b99a5415874f94eaab9a1cc16c2cf80701792e4492d4635bfc45164,gurobi-mip,1,1,lex-overtime,weighted,0,21,570,0,2,22,580,2,22,78,18,4,f05bb4ba1ebe8ecf0e95e0508ba8cba7463abb6f7c5a573eafb693c49e861cc0,instances/corrected_v2_reduced_suite/evaluation_critical/evaluation/critical/instance_u40_a20_v4_seed1001_critical.txt,u40_seed1001,0.98,0.975609756097561,0.85,False,2,1,10,True
instances/research_depth_load_sweep/rho0.98_normal0.85/instance_u30_a10_v5_seed1001_critical.txt,c5f37990f64e5f2c86efe6ad445b1a1b64f1c4a19c8f51858a970ead93740b48,gurobi-mip,1,1,lex-cos,lex-overtime,0,19,534,0,0,19,534,0,0,0,0,0,f0260653f1c0ec8a84896f38a9bfdbc795d01316d5a47411bbb0a60f7a6e9958,instances/corrected_v2_reduced_suite/evaluation_critical/evaluation/critical/instance_u30_a10_v5_seed1001_critical.txt,u30_seed1001,0.98,0.974025974025974,0.85,False,0,0,0,False
instances/research_depth_load_sweep/rho0.98_normal0.85/instance_u30_a10_v5_seed1001_critical.txt,c5f37990f64e5f2c86efe6ad445b1a1b64f1c4a19c8f51858a970ead93740b48,gurobi-mip,1,1,lex-cos,weighted,0,19,534,0,1,19,535,1,29,81,18,0,f0260653f1c0ec8a84896f38a9bfdbc795d01316d5a47411bbb0a60f7a6e9958,instances/corrected_v2_reduced_suite/evaluation_critical/evaluation/critical/instance_u30_a10_v5_seed1001_critical.txt,u30_seed1001,0.98,0.974025974025974,0.85,False,1,0,1,True
instances/research_depth_load_sweep/rho0.98_normal0.85/instance_u30_a10_v5_seed1001_critical.txt,c5f37990f64e5f2c86efe6ad445b1a1b64f1c4a19c8f51858a970ead93740b48,gurobi-mip,1,1,lex-overtime,weighted,0,19,534,0,1,19,535,1,29,81,18,0,f0260653f1c0ec8a84896f38a9bfdbc795d01316d5a47411bbb0a60f7a6e9958,instances/corrected_v2_reduced_suite/evaluation_critical/evaluation/critical/instance_u30_a10_v5_seed1001_critical.txt,u30_seed1001,0.98,0.974025974025974,0.85,False,1,0,1,True
instances/research_depth_load_sweep/rho0.85_normal0.85/instance_u30_a10_v4_seed1002_critical.txt,bf02b641d1ae8d30c144fab0d28c5aca968d3331c2c020b30c1e45791af1e438,gurobi-mip,1,1,lex-cos,lex-overtime,2,0,409,2,2,0,409,2,0,0,0,0,bf02b641d1ae8d30c144fab0d28c5aca968d3331c2c020b30c1e45791af1e438,instances/corrected_v2_reduced_suite/evaluation_critical/evaluation/critical/instance_u30_a10_v4_seed1002_critical.txt,u30_seed1002,0.85,0.8450704225352113,0.85,True,0,0,0,False
instances/research_depth_load_sweep/rho0.85_normal0.85/instance_u30_a10_v4_seed1002_critical.txt,bf02b641d1ae8d30c144fab0d28c5aca968d3331c2c020b30c1e45791af1e438,gurobi-mip,1,1,lex-cos,weighted,2,0,409,2,5,10,433,5,41,53,30,20,bf02b641d1ae8d30c144fab0d28c5aca968d3331c2c020b30c1e45791af1e438,instances/corrected_v2_reduced_suite/evaluation_critical/evaluation/critical/instance_u30_a10_v4_seed1002_critical.txt,u30_seed1002,0.85,0.8450704225352113,0.85,True,3,10,24,True
instances/research_depth_load_sweep/rho0.85_normal0.85/instance_u30_a10_v4_seed1002_critical.txt,bf02b641d1ae8d30c144fab0d28c5aca968d3331c2c020b30c1e45791af1e438,gurobi-mip,1,1,lex-overtime,weighted,2,0,409,2,5,10,433,5,41,53,30,20,bf02b641d1ae8d30c144fab0d28c5aca968d3331c2c020b30c1e45791af1e438,instances/corrected_v2_reduced_suite/evaluation_critical/evaluation/critical/instance_u30_a10_v4_seed1002_critical.txt,u30_seed1002,0.85,0.8450704225352113,0.85,True,3,10,24,True
instances/research_depth_load_sweep/rho0.85_normal1/instance_u40_a15_v4_seed1003_critical.txt,192a296db392be725282599408af25e57c3f2ca9055766729252ddd832356872,gurobi-mip,1,1,lex-cos,lex-overtime,0,0,552,0,0,0,552,0,0,0,0,0,60b67ddc948fc1382700a5f01082aad04d5d3d19d708c2351412f697e9f9ead7,instances/corrected_v2_reduced_suite/evaluation_critical/evaluation/critical/instance_u40_a15_v4_seed1003_critical.txt,u40_seed1003,0.85,0.8465608465608465,1.0,False,0,0,0,False
instances/research_depth_load_sweep/rho0.85_normal1/instance_u40_a15_v4_seed1003_critical.txt,192a296db392be725282599408af25e57c3f2ca9055766729252ddd832356872,gurobi-mip,1,1,lex-cos,weighted,0,0,552,0,7,0,572,7,48,78,34,8,60b67ddc948fc1382700a5f01082aad04d5d3d19d708c2351412f697e9f9ead7,instances/corrected_v2_reduced_suite/evaluation_critical/evaluation/critical/instance_u40_a15_v4_seed1003_critical.txt,u40_seed1003,0.85,0.8465608465608465,1.0,False,7,0,20,True
instances/research_depth_load_sweep/rho0.85_normal1/instance_u40_a15_v4_seed1003_critical.txt,192a296db392be725282599408af25e57c3f2ca9055766729252ddd832356872,gurobi-mip,1,1,lex-overtime,weighted,0,0,552,0,7,0,572,7,48,78,34,8,60b67ddc948fc1382700a5f01082aad04d5d3d19d708c2351412f697e9f9ead7,instances/corrected_v2_reduced_suite/evaluation_critical/evaluation/critical/instance_u40_a15_v4_seed1003_critical.txt,u40_seed1003,0.85,0.8465608465608465,1.0,False,7,0,20,True
instances/research_depth_load_sweep/rho0.55_normal0.7/instance_u40_a15_v4_seed1001_critical.txt,983e71a0e23bd07911542cb4840d37bad74336d5f24d86825456c3ab1c0db778,gurobi-mip,1,1,lex-cos,lex-overtime,0,0,605,0,0,0,605,0,0,0,0,0,935abeb825bf65f5eb6f564d142868752b8f09cc140daeead539a193eee52b75,instances/corrected_v2_reduced_suite/evaluation_critical/evaluation/critical/instance_u40_a15_v4_seed1001_critical.txt,u40_seed1001,0.55,0.5498281786941581,0.7,False,0,0,0,False
instances/research_depth_load_sweep/rho0.55_normal0.7/instance_u40_a15_v4_seed1001_critical.txt,983e71a0e23bd07911542cb4840d37bad74336d5f24d86825456c3ab1c0db778,gurobi-mip,1,1,lex-cos,weighted,0,0,605,0,3,0,612,3,31,85,22,10,935abeb825bf65f5eb6f564d142868752b8f09cc140daeead539a193eee52b75,instances/corrected_v2_reduced_suite/evaluation_critical/evaluation/critical/instance_u40_a15_v4_seed1001_critical.txt,u40_seed1001,0.55,0.5498281786941581,0.7,False,3,0,7,True
instances/research_depth_load_sweep/rho0.55_normal0.7/instance_u40_a15_v4_seed1001_critical.txt,983e71a0e23bd07911542cb4840d37bad74336d5f24d86825456c3ab1c0db778,gurobi-mip,1,1,lex-overtime,weighted,0,0,605,0,3,0,612,3,31,85,22,10,935abeb825bf65f5eb6f564d142868752b8f09cc140daeead539a193eee52b75,instances/corrected_v2_reduced_suite/evaluation_critical/evaluation/critical/instance_u40_a15_v4_seed1001_critical.txt,u40_seed1001,0.55,0.5498281786941581,0.7,False,3,0,7,True
instances/research_depth_load_sweep/rho0.98_normal0.7/instance_u40_a20_v5_seed1002_critical.txt,d30d11805c87a01e584bcae9a4a7e30ee93655b1d415cf612e802f2df2624760,gurobi-mip,1,1,lex-cos,lex-overtime,4,56,674,4,4,56,674,4,0,0,0,0,aee0a6b7ec9777049ee75f53a345d8b1b5d4d3de33e8d3f6c9559f510624b169,instances/corrected_v2_reduced_suite/evaluation_critical/evaluation/critical/instance_u40_a20_v5_seed1002_critical.txt,u40_seed1002,0.98,0.975609756097561,0.7,False,0,0,0,False
instances/research_depth_load_sweep/rho0.98_normal0.7/instance_u40_a20_v5_seed1002_critical.txt,d30d11805c87a01e584bcae9a4a7e30ee93655b1d415cf612e802f2df2624760,gurobi-mip,1,1,lex-cos,weighted,4,56,674,4,19,56,717,19,74,121,48,0,aee0a6b7ec9777049ee75f53a345d8b1b5d4d3de33e8d3f6c9559f510624b169,instances/corrected_v2_reduced_suite/evaluation_critical/evaluation/critical/instance_u40_a20_v5_seed1002_critical.txt,u40_seed1002,0.98,0.975609756097561,0.7,False,15,0,43,True
instances/research_depth_load_sweep/rho0.98_normal0.7/instance_u40_a20_v5_seed1002_critical.txt,d30d11805c87a01e584bcae9a4a7e30ee93655b1d415cf612e802f2df2624760,gurobi-mip,1,1,lex-overtime,weighted,4,56,674,4,19,56,717,19,74,121,48,0,aee0a6b7ec9777049ee75f53a345d8b1b5d4d3de33e8d3f6c9559f510624b169,instances/corrected_v2_reduced_suite/evaluation_critical/evaluation/critical/instance_u40_a20_v5_seed1002_critical.txt,u40_seed1002,0.98,0.975609756097561,0.7,False,15,0,43,True
instances/research_depth_load_sweep/rho0.85_normal0.7/instance_u40_a25_v4_seed1001_critical.txt,8cb8b94855d7ac7673dd150aab7adcec50579425a23f7b25de676bb849a0c07a,gurobi-mip,1,1,lex-cos,lex-overtime,0,28,589,0,0,28,589,0,0,0,0,0,03e563fb6290ae5b10f29c4bd69e140d46f5db64516b7ab5dad7e2186df2197b,instances/corrected_v2_reduced_suite/evaluation_critical/evaluation/critical/instance_u40_a25_v4_seed1001_critical.txt,u40_seed1001,0.85,0.8465608465608465,0.7,False,0,0,0,False
instances/research_depth_load_sweep/rho0.85_normal0.7/instance_u40_a25_v4_seed1001_critical.txt,8cb8b94855d7ac7673dd150aab7adcec50579425a23f7b25de676bb849a0c07a,gurobi-mip,1,1,lex-cos,weighted,0,28,589,0,4,32,610,4,38,92,29,12,03e563fb6290ae5b10f29c4bd69e140d46f5db64516b7ab5dad7e2186df2197b,instances/corrected_v2_reduced_suite/evaluation_critical/evaluation/critical/instance_u40_a25_v4_seed1001_critical.txt,u40_seed1001,0.85,0.8465608465608465,0.7,False,4,4,21,True
instances/research_depth_load_sweep/rho0.85_normal0.7/instance_u40_a25_v4_seed1001_critical.txt,8cb8b94855d7ac7673dd150aab7adcec50579425a23f7b25de676bb849a0c07a,gurobi-mip,1,1,lex-overtime,weighted,0,28,589,0,4,32,610,4,38,92,29,12,03e563fb6290ae5b10f29c4bd69e140d46f5db64516b7ab5dad7e2186df2197b,instances/corrected_v2_reduced_suite/evaluation_critical/evaluation/critical/instance_u40_a25_v4_seed1001_critical.txt,u40_seed1001,0.85,0.8465608465608465,0.7,False,4,4,21,True
instances/research_depth_load_sweep/rho0.98_normal0.7/instance_u30_a15_v4_seed1002_critical.txt,b1bd5f5e40efe0585a476dbb74d398db3d0a446461bb4c06fd01c67879042a7d,gurobi-mip,1,1,lex-cos,lex-overtime,2,34,416,2,2,34,416,2,0,0,0,0,148c8679adee389f3bfb69e52584b46bc596198bb5146008050adc703b39182e,instances/corrected_v2_reduced_suite/evaluation_critical/evaluation/critical/instance_u30_a15_v4_seed1002_critical.txt,u30_seed1002,0.98,0.975609756097561,0.7,False,0,0,0,False
instances/research_depth_load_sweep/rho0.98_normal0.7/instance_u30_a15_v4_seed1002_critical.txt,b1bd5f5e40efe0585a476dbb74d398db3d0a446461bb4c06fd01c67879042a7d,gurobi-mip,1,1,lex-cos,weighted,2,34,416,2,5,34,427,5,31,63,24,0,148c8679adee389f3bfb69e52584b46bc596198bb5146008050adc703b39182e,instances/corrected_v2_reduced_suite/evaluation_critical/evaluation/critical/instance_u30_a15_v4_seed1002_critical.txt,u30_seed1002,0.98,0.975609756097561,0.7,False,3,0,11,True
instances/research_depth_load_sweep/rho0.98_normal0.7/instance_u30_a15_v4_seed1002_critical.txt,b1bd5f5e40efe0585a476dbb74d398db3d0a446461bb4c06fd01c67879042a7d,gurobi-mip,1,1,lex-overtime,weighted,2,34,416,2,5,34,427,5,31,63,24,0,148c8679adee389f3bfb69e52584b46bc596198bb5146008050adc703b39182e,instances/corrected_v2_reduced_suite/evaluation_critical/evaluation/critical/instance_u30_a15_v4_seed1002_critical.txt,u30_seed1002,0.98,0.975609756097561,0.7,False,3,0,11,True
instances/research_depth_load_sweep/rho0.85_normal0.85/instance_u30_a20_v4_seed1001_critical.txt,d4d3d128eb54871902a41a24c690d5559af2a39138098ef2902d8f1e4d8089a8,gurobi-mip,1,1,lex-cos,lex-overtime,0,0,417,0,0,0,417,0,0,0,0,0,d4d3d128eb54871902a41a24c690d5559af2a39138098ef2902d8f1e4d8089a8,instances/corrected_v2_reduced_suite/evaluation_critical/evaluation/critical/instance_u30_a20_v4_seed1001_critical.txt,u30_seed1001,0.85,0.8450704225352113,0.85,True,0,0,0,False
instances/research_depth_load_sweep/rho0.85_normal0.85/instance_u30_a20_v4_seed1001_critical.txt,d4d3d128eb54871902a41a24c690d5559af2a39138098ef2902d8f1e4d8089a8,gurobi-mip,1,1,lex-cos,weighted,0,0,417,0,2,10,446,2,26,50,19,20,d4d3d128eb54871902a41a24c690d5559af2a39138098ef2902d8f1e4d8089a8,instances/corrected_v2_reduced_suite/evaluation_critical/evaluation/critical/instance_u30_a20_v4_seed1001_critical.txt,u30_seed1001,0.85,0.8450704225352113,0.85,True,2,10,29,True
instances/research_depth_load_sweep/rho0.85_normal0.85/instance_u30_a20_v4_seed1001_critical.txt,d4d3d128eb54871902a41a24c690d5559af2a39138098ef2902d8f1e4d8089a8,gurobi-mip,1,1,lex-overtime,weighted,0,0,417,0,2,10,446,2,26,50,19,20,d4d3d128eb54871902a41a24c690d5559af2a39138098ef2902d8f1e4d8089a8,instances/corrected_v2_reduced_suite/evaluation_critical/evaluation/critical/instance_u30_a20_v4_seed1001_critical.txt,u30_seed1001,0.85,0.8450704225352113,0.85,True,2,10,29,True
instances/research_depth_load_sweep/rho0.85_normal0.7/instance_u40_a20_v5_seed1003_critical.txt,d04eb67710110926ac06c2b4dac081b63e943f94066eda1151c4ad897095c749,gurobi-mip,1,1,lex-cos,lex-overtime,0,35,679,0,0,35,679,0,0,0,0,0,d83d36c93f2b20d42d2082b908832af7a5bf6831774fa8060410156fd9f71c3d,instances/corrected_v2_reduced_suite/evaluation_critical/evaluation/critical/instance_u40_a20_v5_seed1003_critical.txt,u40_seed1003,0.85,0.847457627118644,0.7,False,0,0,0,False
instances/research_depth_load_sweep/rho0.85_normal0.7/instance_u40_a20_v5_seed1003_critical.txt,d04eb67710110926ac06c2b4dac081b63e943f94066eda1151c4ad897095c749,gurobi-mip,1,1,lex-cos,weighted,0,35,679,0,11,36,711,11,52,90,30,18,d83d36c93f2b20d42d2082b908832af7a5bf6831774fa8060410156fd9f71c3d,instances/corrected_v2_reduced_suite/evaluation_critical/evaluation/critical/instance_u40_a20_v5_seed1003_critical.txt,u40_seed1003,0.85,0.847457627118644,0.7,False,11,1,32,True
instances/research_depth_load_sweep/rho0.85_normal0.7/instance_u40_a20_v5_seed1003_critical.txt,d04eb67710110926ac06c2b4dac081b63e943f94066eda1151c4ad897095c749,gurobi-mip,1,1,lex-overtime,weighted,0,35,679,0,11,36,711,11,52,90,30,18,d83d36c93f2b20d42d2082b908832af7a5bf6831774fa8060410156fd9f71c3d,instances/corrected_v2_reduced_suite/evaluation_critical/evaluation/critical/instance_u40_a20_v5_seed1003_critical.txt,u40_seed1003,0.85,0.847457627118644,0.7,False,11,1,32,True
instances/research_depth_load_sweep/rho0.85_normal1/instance_u40_a20_v4_seed1002_critical.txt,3e263941933c7ef0ae36c45b696af2ab238fb0d73d7e4c04d523e4aa62ee89d3,gurobi-mip,1,1,lex-cos,lex-overtime,1,0,566,1,1,0,566,1,0,0,0,0,8fe397ee776a8cfb744bb77da0e91099c029a4cc2c05d5c45c831bea9ff5aa62,instances/corrected_v2_reduced_suite/evaluation_critical/evaluation/critical/instance_u40_a20_v4_seed1002_critical.txt,u40_seed1002,0.85,0.8465608465608465,1.0,False,0,0,0,False
instances/research_depth_load_sweep/rho0.85_normal1/instance_u40_a20_v4_seed1002_critical.txt,3e263941933c7ef0ae36c45b696af2ab238fb0d73d7e4c04d523e4aa62ee89d3,gurobi-mip,1,1,lex-cos,weighted,1,0,566,1,8,0,590,8,53,79,34,6,8fe397ee776a8cfb744bb77da0e91099c029a4cc2c05d5c45c831bea9ff5aa62,instances/corrected_v2_reduced_suite/evaluation_critical/evaluation/critical/instance_u40_a20_v4_seed1002_critical.txt,u40_seed1002,0.85,0.8465608465608465,1.0,False,7,0,24,True
instances/research_depth_load_sweep/rho0.85_normal1/instance_u40_a20_v4_seed1002_critical.txt,3e263941933c7ef0ae36c45b696af2ab238fb0d73d7e4c04d523e4aa62ee89d3,gurobi-mip,1,1,lex-overtime,weighted,1,0,566,1,8,0,590,8,53,79,34,6,8fe397ee776a8cfb744bb77da0e91099c029a4cc2c05d5c45c831bea9ff5aa62,instances/corrected_v2_reduced_suite/evaluation_critical/evaluation/critical/instance_u40_a20_v4_seed1002_critical.txt,u40_seed1002,0.85,0.8465608465608465,1.0,False,7,0,24,True
instances/research_depth_load_sweep/rho0.55_normal0.85/instance_u30_a15_v4_seed1002_critical.txt,604eab9f3aa879bcefda56ddba39e78ed42bf906c73fd13a0379514b90319900,gurobi-mip,1,1,lex-cos,lex-overtime,1,0,433,1,1,0,433,1,0,0,0,0,148c8679adee389f3bfb69e52584b46bc596198bb5146008050adc703b39182e,instances/corrected_v2_reduced_suite/evaluation_critical/evaluation/critical/instance_u30_a15_v4_seed1002_critical.txt,u30_seed1002,0.55,0.547945205479452,0.85,False,0,0,0,False
instances/research_depth_load_sweep/rho0.55_normal0.85/instance_u30_a15_v4_seed1002_critical.txt,604eab9f3aa879bcefda56ddba39e78ed42bf906c73fd13a0379514b90319900,gurobi-mip,1,1,lex-cos,weighted,1,0,433,1,5,0,447,5,28,45,22,22,148c8679adee389f3bfb69e52584b46bc596198bb5146008050adc703b39182e,instances/corrected_v2_reduced_suite/evaluation_critical/evaluation/critical/instance_u30_a15_v4_seed1002_critical.txt,u30_seed1002,0.55,0.547945205479452,0.85,False,4,0,14,True
instances/research_depth_load_sweep/rho0.55_normal0.85/instance_u30_a15_v4_seed1002_critical.txt,604eab9f3aa879bcefda56ddba39e78ed42bf906c73fd13a0379514b90319900,gurobi-mip,1,1,lex-overtime,weighted,1,0,433,1,5,0,447,5,28,45,22,22,148c8679adee389f3bfb69e52584b46bc596198bb5146008050adc703b39182e,instances/corrected_v2_reduced_suite/evaluation_critical/evaluation/critical/instance_u30_a15_v4_seed1002_critical.txt,u30_seed1002,0.55,0.547945205479452,0.85,False,4,0,14,True
instances/research_depth_load_sweep/rho0.98_normal0.85/instance_u40_a10_v4_seed1002_critical.txt,19a3b53425153683faff0e2eef345e63b2c3d24bbbde4ad797c419016333844d,gurobi-mip,1,1,lex-cos,lex-overtime,3,21,517,3,3,21,517,3,0,0,0,0,93e26e12184989f851e4f91e33046006e375b0bdc1069591b75e6f5d66e9d66b,instances/corrected_v2_reduced_suite/evaluation_critical/evaluation/critical/instance_u40_a10_v4_seed1002_critical.txt,u40_seed1002,0.98,0.975609756097561,0.85,False,0,0,0,False
instances/research_depth_load_sweep/rho0.98_normal0.85/instance_u40_a10_v4_seed1002_critical.txt,19a3b53425153683faff0e2eef345e63b2c3d24bbbde4ad797c419016333844d,gurobi-mip,1,1,lex-cos,weighted,3,21,517,3,15,21,559,15,55,82,39,0,93e26e12184989f851e4f91e33046006e375b0bdc1069591b75e6f5d66e9d66b,instances/corrected_v2_reduced_suite/evaluation_critical/evaluation/critical/instance_u40_a10_v4_seed1002_critical.txt,u40_seed1002,0.98,0.975609756097561,0.85,False,12,0,42,True
instances/research_depth_load_sweep/rho0.98_normal0.85/instance_u40_a10_v4_seed1002_critical.txt,19a3b53425153683faff0e2eef345e63b2c3d24bbbde4ad797c419016333844d,gurobi-mip,1,1,lex-overtime,weighted,3,21,517,3,15,21,559,15,55,82,39,0,93e26e12184989f851e4f91e33046006e375b0bdc1069591b75e6f5d66e9d66b,instances/corrected_v2_reduced_suite/evaluation_critical/evaluation/critical/instance_u40_a10_v4_seed1002_critical.txt,u40_seed1002,0.98,0.975609756097561,0.85,False,12,0,42,True
instances/research_depth_load_sweep/rho0.55_normal0.85/instance_u30_a25_v4_seed1002_critical.txt,e421c1bd4921fa741798810acbf916c2cdd2df36f89b0e4096df38102160f60a,gurobi-mip,1,1,lex-cos,lex-overtime,0,0,444,0,0,0,444,0,0,0,0,0,de23508d979db3048be208918f8d51242d991165e80c2414fca7a3ce4ee5b17d,instances/corrected_v2_reduced_suite/evaluation_critical/evaluation/critical/instance_u30_a25_v4_seed1002_critical.txt,u30_seed1002,0.55,0.547945205479452,0.85,False,0,0,0,False
instances/research_depth_load_sweep/rho0.55_normal0.85/instance_u30_a25_v4_seed1002_critical.txt,e421c1bd4921fa741798810acbf916c2cdd2df36f89b0e4096df38102160f60a,gurobi-mip,1,1,lex-cos,weighted,0,0,444,0,6,1,461,6,41,55,29,40,de23508d979db3048be208918f8d51242d991165e80c2414fca7a3ce4ee5b17d,instances/corrected_v2_reduced_suite/evaluation_critical/evaluation/critical/instance_u30_a25_v4_seed1002_critical.txt,u30_seed1002,0.55,0.547945205479452,0.85,False,6,1,17,True
instances/research_depth_load_sweep/rho0.55_normal0.85/instance_u30_a25_v4_seed1002_critical.txt,e421c1bd4921fa741798810acbf916c2cdd2df36f89b0e4096df38102160f60a,gurobi-mip,1,1,lex-overtime,weighted,0,0,444,0,6,1,461,6,41,55,29,40,de23508d979db3048be208918f8d51242d991165e80c2414fca7a3ce4ee5b17d,instances/corrected_v2_reduced_suite/evaluation_critical/evaluation/critical/instance_u30_a25_v4_seed1002_critical.txt,u30_seed1002,0.55,0.547945205479452,0.85,False,6,1,17,True
instances/research_depth_load_sweep/rho0.55_normal0.7/instance_u40_a20_v5_seed1003_critical.txt,65205187e9bb322ef8af1a8f69909b4ac4393e64fa84b2d8333bf1f4fd2723dc,gurobi-mip,1,1,lex-cos,lex-overtime,0,0,715,0,0,0,715,0,0,0,0,0,d83d36c93f2b20d42d2082b908832af7a5bf6831774fa8060410156fd9f71c3d,instances/corrected_v2_reduced_suite/evaluation_critical/evaluation/critical/instance_u40_a20_v5_seed1003_critical.txt,u40_seed1003,0.55,0.5494505494505495,0.7,False,0,0,0,False
instances/research_depth_load_sweep/rho0.55_normal0.7/instance_u40_a20_v5_seed1003_critical.txt,65205187e9bb322ef8af1a8f69909b4ac4393e64fa84b2d8333bf1f4fd2723dc,gurobi-mip,1,1,lex-cos,weighted,0,0,715,0,8,5,743,8,80,99,43,34,d83d36c93f2b20d42d2082b908832af7a5bf6831774fa8060410156fd9f71c3d,instances/corrected_v2_reduced_suite/evaluation_critical/evaluation/critical/instance_u40_a20_v5_seed1003_critical.txt,u40_seed1003,0.55,0.5494505494505495,0.7,False,8,5,28,True
instances/research_depth_load_sweep/rho0.55_normal0.7/instance_u40_a20_v5_seed1003_critical.txt,65205187e9bb322ef8af1a8f69909b4ac4393e64fa84b2d8333bf1f4fd2723dc,gurobi-mip,1,1,lex-overtime,weighted,0,0,715,0,8,5,743,8,80,99,43,34,d83d36c93f2b20d42d2082b908832af7a5bf6831774fa8060410156fd9f71c3d,instances/corrected_v2_reduced_suite/evaluation_critical/evaluation/critical/instance_u40_a20_v5_seed1003_critical.txt,u40_seed1003,0.55,0.5494505494505495,0.7,False,8,5,28,True
instances/research_depth_load_sweep/rho0.98_normal0.7/instance_u40_a10_v4_seed1003_critical.txt,b27995941f48581199ccdfa696c1a5e4ceb3d6d9cec6099e2d1d56d1d9c76271,gurobi-mip,1,1,lex-cos,lex-overtime,1,45,521,1,1,45,521,1,0,0,0,0,395a48f8a39788bea86b6f70fb9ec6a2a924a9f8f08e8639adaf51dba4e7ae85,instances/corrected_v2_reduced_suite/evaluation_critical/evaluation/critical/instance_u40_a10_v4_seed1003_critical.txt,u40_seed1003,0.98,0.975609756097561,0.7,False,0,0,0,False
instances/research_depth_load_sweep/rho0.98_normal0.7/instance_u40_a10_v4_seed1003_critical.txt,b27995941f48581199ccdfa696c1a5e4ceb3d6d9cec6099e2d1d56d1d9c76271,gurobi-mip,1,1,lex-cos,weighted,1,45,521,1,10,45,543,10,51,79,38,0,395a48f8a39788bea86b6f70fb9ec6a2a924a9f8f08e8639adaf51dba4e7ae85,instances/corrected_v2_reduced_suite/evaluation_critical/evaluation/critical/instance_u40_a10_v4_seed1003_critical.txt,u40_seed1003,0.98,0.975609756097561,0.7,False,9,0,22,True
instances/research_depth_load_sweep/rho0.98_normal0.7/instance_u40_a10_v4_seed1003_critical.txt,b27995941f48581199ccdfa696c1a5e4ceb3d6d9cec6099e2d1d56d1d9c76271,gurobi-mip,1,1,lex-overtime,weighted,1,45,521,1,10,45,543,10,51,79,38,0,395a48f8a39788bea86b6f70fb9ec6a2a924a9f8f08e8639adaf51dba4e7ae85,instances/corrected_v2_reduced_suite/evaluation_critical/evaluation/critical/instance_u40_a10_v4_seed1003_critical.txt,u40_seed1003,0.98,0.975609756097561,0.7,False,9,0,22,True
instances/research_depth_load_sweep/rho0.85_normal1/instance_u30_a10_v4_seed1003_critical.txt,d4ac8ec2bb567a134634975ee1e096f17ff891f679120821a4be80c40e61cb94,gurobi-mip,1,1,lex-cos,lex-overtime,0,0,412,0,0,0,412,0,0,0,0,0,ecef75f227343cde9e2c9dfd880ff2779326fa051917a8a437023079d7d1ee16,instances/corrected_v2_reduced_suite/evaluation_critical/evaluation/critical/instance_u30_a10_v4_seed1003_critical.txt,u30_seed1003,0.85,0.8450704225352113,1.0,False,0,0,0,False
instances/research_depth_load_sweep/rho0.85_normal1/instance_u30_a10_v4_seed1003_critical.txt,d4ac8ec2bb567a134634975ee1e096f17ff891f679120821a4be80c40e61cb94,gurobi-mip,1,1,lex-cos,weighted,0,0,412,0,3,0,416,3,27,59,18,22,ecef75f227343cde9e2c9dfd880ff2779326fa051917a8a437023079d7d1ee16,instances/corrected_v2_reduced_suite/evaluation_critical/evaluation/critical/instance_u30_a10_v4_seed1003_critical.txt,u30_seed1003,0.85,0.8450704225352113,1.0,False,3,0,4,True
instances/research_depth_load_sweep/rho0.85_normal1/instance_u30_a10_v4_seed1003_critical.txt,d4ac8ec2bb567a134634975ee1e096f17ff891f679120821a4be80c40e61cb94,gurobi-mip,1,1,lex-overtime,weighted,0,0,412,0,3,0,416,3,27,59,18,22,ecef75f227343cde9e2c9dfd880ff2779326fa051917a8a437023079d7d1ee16,instances/corrected_v2_reduced_suite/evaluation_critical/evaluation/critical/instance_u30_a10_v4_seed1003_critical.txt,u30_seed1003,0.85,0.8450704225352113,1.0,False,3,0,4,True
instances/research_depth_load_sweep/rho0.98_normal0.85/instance_u30_a25_v4_seed1001_critical.txt,5d51bfafc98537d6a33cf819fd20a9829433502a61a928c9c88ca7edf828d865,gurobi-mip,1,1,lex-cos,lex-overtime,0,15,414,0,0,15,414,0,0,0,0,0,7a04660fc90733bd70c078b57f1458a7d6d3407d9182f01d456779938bbe7cac,instances/corrected_v2_reduced_suite/evaluation_critical/evaluation/critical/instance_u30_a25_v4_seed1001_critical.txt,u30_seed1001,0.98,0.975609756097561,0.85,False,0,0,0,False
instances/research_depth_load_sweep/rho0.98_normal0.85/instance_u30_a25_v4_seed1001_critical.txt,5d51bfafc98537d6a33cf819fd20a9829433502a61a928c9c88ca7edf828d865,gurobi-mip,1,1,lex-cos,weighted,0,15,414,0,1,15,415,1,22,55,16,0,7a04660fc90733bd70c078b57f1458a7d6d3407d9182f01d456779938bbe7cac,instances/corrected_v2_reduced_suite/evaluation_critical/evaluation/critical/instance_u30_a25_v4_seed1001_critical.txt,u30_seed1001,0.98,0.975609756097561,0.85,False,1,0,1,True
instances/research_depth_load_sweep/rho0.98_normal0.85/instance_u30_a25_v4_seed1001_critical.txt,5d51bfafc98537d6a33cf819fd20a9829433502a61a928c9c88ca7edf828d865,gurobi-mip,1,1,lex-overtime,weighted,0,15,414,0,1,15,415,1,22,55,16,0,7a04660fc90733bd70c078b57f1458a7d6d3407d9182f01d456779938bbe7cac,instances/corrected_v2_reduced_suite/evaluation_critical/evaluation/critical/instance_u30_a25_v4_seed1001_critical.txt,u30_seed1001,0.98,0.975609756097561,0.85,False,1,0,1,True
instances/research_depth_load_sweep/rho0.98_normal0.85/instance_u30_a10_v5_seed1003_critical.txt,4666874e68c25d1223e027eb8ea84c5fe217e2065ceabf323f6a3d9558b14d6b,gurobi-mip,1,1,lex-cos,lex-overtime,0,19,490,0,0,19,490,0,0,0,0,0,f927ebb65ee27c08aa667987adf8f8a250da1264d79c4928cd88971e4a6b004e,instances/corrected_v2_reduced_suite/evaluation_critical/evaluation/critical/instance_u30_a10_v5_seed1003_critical.txt,u30_seed1003,0.98,0.974025974025974,0.85,False,0,0,0,False
instances/research_depth_load_sweep/rho0.98_normal0.85/instance_u30_a10_v5_seed1003_critical.txt,4666874e68c25d1223e027eb8ea84c5fe217e2065ceabf323f6a3d9558b14d6b,gurobi-mip,1,1,lex-cos,weighted,0,19,490,0,8,19,510,8,30,90,21,4,f927ebb65ee27c08aa667987adf8f8a250da1264d79c4928cd88971e4a6b004e,instances/corrected_v2_reduced_suite/evaluation_critical/evaluation/critical/instance_u30_a10_v5_seed1003_critical.txt,u30_seed1003,0.98,0.974025974025974,0.85,False,8,0,20,True
instances/research_depth_load_sweep/rho0.98_normal0.85/instance_u30_a10_v5_seed1003_critical.txt,4666874e68c25d1223e027eb8ea84c5fe217e2065ceabf323f6a3d9558b14d6b,gurobi-mip,1,1,lex-overtime,weighted,0,19,490,0,8,19,510,8,30,90,21,4,f927ebb65ee27c08aa667987adf8f8a250da1264d79c4928cd88971e4a6b004e,instances/corrected_v2_reduced_suite/evaluation_critical/evaluation/critical/instance_u30_a10_v5_seed1003_critical.txt,u30_seed1003,0.98,0.974025974025974,0.85,False,8,0,20,True
instances/research_depth_load_sweep/rho0.85_normal0.85/instance_u40_a25_v5_seed1001_critical.txt,e045b0692d9963b967cc37f3afb3e58c3e9aff61a3ca6f5ab662629dc35b3201,gurobi-mip,1,1,lex-cos,lex-overtime,0,0,713,0,0,0,713,0,0,0,0,0,e045b0692d9963b967cc37f3afb3e58c3e9aff61a3ca6f5ab662629dc35b3201,instances/corrected_v2_reduced_suite/evaluation_critical/evaluation/critical/instance_u40_a25_v5_seed1001_critical.txt,u40_seed1001,0.85,0.847457627118644,0.85,True,0,0,0,False
instances/research_depth_load_sweep/rho0.85_normal0.85/instance_u40_a25_v5_seed1001_critical.txt,e045b0692d9963b967cc37f3afb3e58c3e9aff61a3ca6f5ab662629dc35b3201,gurobi-mip,1,1,lex-cos,weighted,0,0,713,0,5,14,760,5,76,109,49,28,e045b0692d9963b967cc37f3afb3e58c3e9aff61a3ca6f5ab662629dc35b3201,instances/corrected_v2_reduced_suite/evaluation_critical/evaluation/critical/instance_u40_a25_v5_seed1001_critical.txt,u40_seed1001,0.85,0.847457627118644,0.85,True,5,14,47,True
instances/research_depth_load_sweep/rho0.85_normal0.85/instance_u40_a25_v5_seed1001_critical.txt,e045b0692d9963b967cc37f3afb3e58c3e9aff61a3ca6f5ab662629dc35b3201,gurobi-mip,1,1,lex-overtime,weighted,0,0,713,0,5,14,760,5,76,109,49,28,e045b0692d9963b967cc37f3afb3e58c3e9aff61a3ca6f5ab662629dc35b3201,instances/corrected_v2_reduced_suite/evaluation_critical/evaluation/critical/instance_u40_a25_v5_seed1001_critical.txt,u40_seed1001,0.85,0.847457627118644,0.85,True,5,14,47,True
instances/research_depth_load_sweep/rho0.55_normal0.7/instance_u40_a25_v5_seed1003_critical.txt,a8ffcd22d6886dc0f6cd6ccdc0eb360afdd0ded961f2646b4bde5fe2b5c05999,gurobi-mip,1,1,lex-cos,lex-overtime,0,0,723,0,0,0,723,0,0,0,0,0,4e512df627d17612d29d4a3e5f36bd78eb17641a1923ef501751875f036a5ae9,instances/corrected_v2_reduced_suite/evaluation_critical/evaluation/critical/instance_u40_a25_v5_seed1003_critical.txt,u40_seed1003,0.55,0.5494505494505495,0.7,False,0,0,0,False
instances/research_depth_load_sweep/rho0.55_normal0.7/instance_u40_a25_v5_seed1003_critical.txt,a8ffcd22d6886dc0f6cd6ccdc0eb360afdd0ded961f2646b4bde5fe2b5c05999,gurobi-mip,1,1,lex-cos,weighted,0,0,723,0,10,2,744,10,89,98,50,24,4e512df627d17612d29d4a3e5f36bd78eb17641a1923ef501751875f036a5ae9,instances/corrected_v2_reduced_suite/evaluation_critical/evaluation/critical/instance_u40_a25_v5_seed1003_critical.txt,u40_seed1003,0.55,0.5494505494505495,0.7,False,10,2,21,True
instances/research_depth_load_sweep/rho0.55_normal0.7/instance_u40_a25_v5_seed1003_critical.txt,a8ffcd22d6886dc0f6cd6ccdc0eb360afdd0ded961f2646b4bde5fe2b5c05999,gurobi-mip,1,1,lex-overtime,weighted,0,0,723,0,10,2,744,10,89,98,50,24,4e512df627d17612d29d4a3e5f36bd78eb17641a1923ef501751875f036a5ae9,instances/corrected_v2_reduced_suite/evaluation_critical/evaluation/critical/instance_u40_a25_v5_seed1003_critical.txt,u40_seed1003,0.55,0.5494505494505495,0.7,False,10,2,21,True
instances/research_depth_load_sweep/rho0.98_normal0.85/instance_u30_a25_v5_seed1002_critical.txt,68adbdf555f930e96454cdb8336a131d122c7e392e22223d8d16e882c96d147a,gurobi-mip,1,1,lex-cos,lex-overtime,3,19,500,3,3,19,500,3,0,0,0,0,13d35da4af1d246d1dc9e9e69e18e81522824e99442b070094b3ee6de84cff54,instances/corrected_v2_reduced_suite/evaluation_critical/evaluation/critical/instance_u30_a25_v5_seed1002_critical.txt,u30_seed1002,0.98,0.974025974025974,0.85,False,0,0,0,False
instances/research_depth_load_sweep/rho0.98_normal0.85/instance_u30_a25_v5_seed1002_critical.txt,68adbdf555f930e96454cdb8336a131d122c7e392e22223d8d16e882c96d147a,gurobi-mip,1,1,lex-cos,weighted,3,19,500,3,11,19,541,11,46,69,31,2,13d35da4af1d246d1dc9e9e69e18e81522824e99442b070094b3ee6de84cff54,instances/corrected_v2_reduced_suite/evaluation_critical/evaluation/critical/instance_u30_a25_v5_seed1002_critical.txt,u30_seed1002,0.98,0.974025974025974,0.85,False,8,0,41,True
instances/research_depth_load_sweep/rho0.98_normal0.85/instance_u30_a25_v5_seed1002_critical.txt,68adbdf555f930e96454cdb8336a131d122c7e392e22223d8d16e882c96d147a,gurobi-mip,1,1,lex-overtime,weighted,3,19,500,3,11,19,541,11,46,69,31,2,13d35da4af1d246d1dc9e9e69e18e81522824e99442b070094b3ee6de84cff54,instances/corrected_v2_reduced_suite/evaluation_critical/evaluation/critical/instance_u30_a25_v5_seed1002_critical.txt,u30_seed1002,0.98,0.974025974025974,0.85,False,8,0,41,True
instances/research_depth_load_sweep/rho0.85_normal0.7/instance_u40_a15_v4_seed1003_critical.txt,89dde9c05594e196ee6f3943b69721824d46dacf0bf9d761a98020095d1ba645,gurobi-mip,1,1,lex-cos,lex-overtime,0,28,542,0,0,28,542,0,0,0,0,0,60b67ddc948fc1382700a5f01082aad04d5d3d19d708c2351412f697e9f9ead7,instances/corrected_v2_reduced_suite/evaluation_critical/evaluation/critical/instance_u40_a15_v4_seed1003_critical.txt,u40_seed1003,0.85,0.8465608465608465,0.7,False,0,0,0,False
instances/research_depth_load_sweep/rho0.85_normal0.7/instance_u40_a15_v4_seed1003_critical.txt,89dde9c05594e196ee6f3943b69721824d46dacf0bf9d761a98020095d1ba645,gurobi-mip,1,1,lex-cos,weighted,0,28,542,0,9,32,566,9,49,93,34,20,60b67ddc948fc1382700a5f01082aad04d5d3d19d708c2351412f697e9f9ead7,instances/corrected_v2_reduced_suite/evaluation_critical/evaluation/critical/instance_u40_a15_v4_seed1003_critical.txt,u40_seed1003,0.85,0.8465608465608465,0.7,False,9,4,24,True
instances/research_depth_load_sweep/rho0.85_normal0.7/instance_u40_a15_v4_seed1003_critical.txt,89dde9c05594e196ee6f3943b69721824d46dacf0bf9d761a98020095d1ba645,gurobi-mip,1,1,lex-overtime,weighted,0,28,542,0,9,32,566,9,49,93,34,20,60b67ddc948fc1382700a5f01082aad04d5d3d19d708c2351412f697e9f9ead7,instances/corrected_v2_reduced_suite/evaluation_critical/evaluation/critical/instance_u40_a15_v4_seed1003_critical.txt,u40_seed1003,0.85,0.8465608465608465,0.7,False,9,4,24,True
instances/research_depth_load_sweep/rho0.55_normal0.7/instance_u30_a10_v4_seed1001_critical.txt,b69c370f8cd6dc2b95b1a9a3eb9ebae186d6a2ac423f80bbae5aca7bb9f19cbc,gurobi-mip,1,1,lex-cos,lex-overtime,0,0,453,0,0,0,453,0,0,0,0,0,0a4cc1c9eac79eca9e0861f05de893ae18e2c331afdb25b03c6efb933da1d71a,instances/corrected_v2_reduced_suite/evaluation_critical/evaluation/critical/instance_u30_a10_v4_seed1001_critical.txt,u30_seed1001,0.55,0.547945205479452,0.7,False,0,0,0,False
instances/research_depth_load_sweep/rho0.55_normal0.7/instance_u30_a10_v4_seed1001_critical.txt,b69c370f8cd6dc2b95b1a9a3eb9ebae186d6a2ac423f80bbae5aca7bb9f19cbc,gurobi-mip,1,1,lex-cos,weighted,0,0,453,0,0,0,453,0,22,61,14,6,0a4cc1c9eac79eca9e0861f05de893ae18e2c331afdb25b03c6efb933da1d71a,instances/corrected_v2_reduced_suite/evaluation_critical/evaluation/critical/instance_u30_a10_v4_seed1001_critical.txt,u30_seed1001,0.55,0.547945205479452,0.7,False,0,0,0,False
instances/research_depth_load_sweep/rho0.55_normal0.7/instance_u30_a10_v4_seed1001_critical.txt,b69c370f8cd6dc2b95b1a9a3eb9ebae186d6a2ac423f80bbae5aca7bb9f19cbc,gurobi-mip,1,1,lex-overtime,weighted,0,0,453,0,0,0,453,0,22,61,14,6,0a4cc1c9eac79eca9e0861f05de893ae18e2c331afdb25b03c6efb933da1d71a,instances/corrected_v2_reduced_suite/evaluation_critical/evaluation/critical/instance_u30_a10_v4_seed1001_critical.txt,u30_seed1001,0.55,0.547945205479452,0.7,False,0,0,0,False
instances/research_depth_load_sweep/rho0.85_normal0.85/instance_u40_a10_v5_seed1002_critical.txt,559a4cbe53b4c6b0b9bb730eba6ec962c70e2de70ab1b20d1f420367127f3bf9,gurobi-mip,1,1,lex-cos,lex-overtime,4,0,668,4,4,0,668,4,0,0,0,0,559a4cbe53b4c6b0b9bb730eba6ec962c70e2de70ab1b20d1f420367127f3bf9,instances/corrected_v2_reduced_suite/evaluation_critical/evaluation/critical/instance_u40_a10_v5_seed1002_critical.txt,u40_seed1002,0.85,0.847457627118644,0.85,True,0,0,0,False
instances/research_depth_load_sweep/rho0.85_normal0.85/instance_u40_a10_v5_seed1002_critical.txt,559a4cbe53b4c6b0b9bb730eba6ec962c70e2de70ab1b20d1f420367127f3bf9,gurobi-mip,1,1,lex-cos,weighted,4,0,668,4,16,15,732,16,73,122,48,30,559a4cbe53b4c6b0b9bb730eba6ec962c70e2de70ab1b20d1f420367127f3bf9,instances/corrected_v2_reduced_suite/evaluation_critical/evaluation/critical/instance_u40_a10_v5_seed1002_critical.txt,u40_seed1002,0.85,0.847457627118644,0.85,True,12,15,64,True
instances/research_depth_load_sweep/rho0.85_normal0.85/instance_u40_a10_v5_seed1002_critical.txt,559a4cbe53b4c6b0b9bb730eba6ec962c70e2de70ab1b20d1f420367127f3bf9,gurobi-mip,1,1,lex-overtime,weighted,4,0,668,4,16,15,732,16,73,122,48,30,559a4cbe53b4c6b0b9bb730eba6ec962c70e2de70ab1b20d1f420367127f3bf9,instances/corrected_v2_reduced_suite/evaluation_critical/evaluation/critical/instance_u40_a10_v5_seed1002_critical.txt,u40_seed1002,0.85,0.847457627118644,0.85,True,12,15,64,True
instances/research_depth_load_sweep/rho0.98_normal0.85/instance_u30_a15_v5_seed1003_critical.txt,8fa4d1d62964fe193290f4129253690c6b137adba9543dd102fa5692b32c2641,gurobi-mip,1,1,lex-cos,lex-overtime,0,19,492,0,0,19,492,0,0,0,0,0,64a7b2c2ff975f7b043d37a3b7cd606305b2dcbf5aed735f467f0ff6c51b422e,instances/corrected_v2_reduced_suite/evaluation_critical/evaluation/critical/instance_u30_a15_v5_seed1003_critical.txt,u30_seed1003,0.98,0.974025974025974,0.85,False,0,0,0,False
instances/research_depth_load_sweep/rho0.98_normal0.85/instance_u30_a15_v5_seed1003_critical.txt,8fa4d1d62964fe193290f4129253690c6b137adba9543dd102fa5692b32c2641,gurobi-mip,1,1,lex-cos,weighted,0,19,492,0,9,19,514,9,42,72,26,2,64a7b2c2ff975f7b043d37a3b7cd606305b2dcbf5aed735f467f0ff6c51b422e,instances/corrected_v2_reduced_suite/evaluation_critical/evaluation/critical/instance_u30_a15_v5_seed1003_critical.txt,u30_seed1003,0.98,0.974025974025974,0.85,False,9,0,22,True
instances/research_depth_load_sweep/rho0.98_normal0.85/instance_u30_a15_v5_seed1003_critical.txt,8fa4d1d62964fe193290f4129253690c6b137adba9543dd102fa5692b32c2641,gurobi-mip,1,1,lex-overtime,weighted,0,19,492,0,9,19,514,9,42,72,26,2,64a7b2c2ff975f7b043d37a3b7cd606305b2dcbf5aed735f467f0ff6c51b422e,instances/corrected_v2_reduced_suite/evaluation_critical/evaluation/critical/instance_u30_a15_v5_seed1003_critical.txt,u30_seed1003,0.98,0.974025974025974,0.85,False,9,0,22,True
instances/research_depth_load_sweep/rho0.98_normal0.7/instance_u30_a20_v5_seed1001_critical.txt,06496b949c3934a39bd648e295d261bc1734703658d2d5d7ebf9cff59843bd61,gurobi-mip,1,1,lex-cos,lex-overtime,0,42,537,0,0,42,537,0,0,0,0,0,22ee92263371ecea73d08de26b04d5edec6fc04579a52160b302a4510f99ac1e,instances/corrected_v2_reduced_suite/evaluation_critical/evaluation/critical/instance_u30_a20_v5_seed1001_critical.txt,u30_seed1001,0.98,0.974025974025974,0.7,False,0,0,0,False
instances/research_depth_load_sweep/rho0.98_normal0.7/instance_u30_a20_v5_seed1001_critical.txt,06496b949c3934a39bd648e295d261bc1734703658d2d5d7ebf9cff59843bd61,gurobi-mip,1,1,lex-cos,weighted,0,42,537,0,1,42,538,1,39,74,22,2,22ee92263371ecea73d08de26b04d5edec6fc04579a52160b302a4510f99ac1e,instances/corrected_v2_reduced_suite/evaluation_critical/evaluation/critical/instance_u30_a20_v5_seed1001_critical.txt,u30_seed1001,0.98,0.974025974025974,0.7,False,1,0,1,True
instances/research_depth_load_sweep/rho0.98_normal0.7/instance_u30_a20_v5_seed1001_critical.txt,06496b949c3934a39bd648e295d261bc1734703658d2d5d7ebf9cff59843bd61,gurobi-mip,1,1,lex-overtime,weighted,0,42,537,0,1,42,538,1,39,74,22,2,22ee92263371ecea73d08de26b04d5edec6fc04579a52160b302a4510f99ac1e,instances/corrected_v2_reduced_suite/evaluation_critical/evaluation/critical/instance_u30_a20_v5_seed1001_critical.txt,u30_seed1001,0.98,0.974025974025974,0.7,False,1,0,1,True
instances/research_depth_load_sweep/rho0.55_normal0.7/instance_u40_a25_v4_seed1001_critical.txt,7e5ab65725efffaa14ea1331e7aa67864fedd1027403ba57f1834282e3ac4aa3,gurobi-mip,1,1,lex-cos,lex-overtime,0,0,622,0,0,0,622,0,0,0,0,0,03e563fb6290ae5b10f29c4bd69e140d46f5db64516b7ab5dad7e2186df2197b,instances/corrected_v2_reduced_suite/evaluation_critical/evaluation/critical/instance_u40_a25_v4_seed1001_critical.txt,u40_seed1001,0.55,0.5498281786941581,0.7,False,0,0,0,False
instances/research_depth_load_sweep/rho0.55_normal0.7/instance_u40_a25_v4_seed1001_critical.txt,7e5ab65725efffaa14ea1331e7aa67864fedd1027403ba57f1834282e3ac4aa3,gurobi-mip,1,1,lex-cos,weighted,0,0,622,0,3,0,628,3,55,92,37,24,03e563fb6290ae5b10f29c4bd69e140d46f5db64516b7ab5dad7e2186df2197b,instances/corrected_v2_reduced_suite/evaluation_critical/evaluation/critical/instance_u40_a25_v4_seed1001_critical.txt,u40_seed1001,0.55,0.5498281786941581,0.7,False,3,0,6,True
instances/research_depth_load_sweep/rho0.55_normal0.7/instance_u40_a25_v4_seed1001_critical.txt,7e5ab65725efffaa14ea1331e7aa67864fedd1027403ba57f1834282e3ac4aa3,gurobi-mip,1,1,lex-overtime,weighted,0,0,622,0,3,0,628,3,55,92,37,24,03e563fb6290ae5b10f29c4bd69e140d46f5db64516b7ab5dad7e2186df2197b,instances/corrected_v2_reduced_suite/evaluation_critical/evaluation/critical/instance_u40_a25_v4_seed1001_critical.txt,u40_seed1001,0.55,0.5498281786941581,0.7,False,3,0,6,True
instances/research_depth_load_sweep/rho0.98_normal0.7/instance_u40_a20_v4_seed1001_critical.txt,5baa734600bc9c541e0b44c201034b9c61445edef4de90d47734c00d581166c8,gurobi-mip,1,1,lex-cos,lex-overtime,0,45,572,0,0,45,572,0,0,0,0,0,f05bb4ba1ebe8ecf0e95e0508ba8cba7463abb6f7c5a573eafb693c49e861cc0,instances/corrected_v2_reduced_suite/evaluation_critical/evaluation/critical/instance_u40_a20_v4_seed1001_critical.txt,u40_seed1001,0.98,0.975609756097561,0.7,False,0,0,0,False
instances/research_depth_load_sweep/rho0.98_normal0.7/instance_u40_a20_v4_seed1001_critical.txt,5baa734600bc9c541e0b44c201034b9c61445edef4de90d47734c00d581166c8,gurobi-mip,1,1,lex-cos,weighted,0,45,572,0,2,45,580,2,18,72,14,2,f05bb4ba1ebe8ecf0e95e0508ba8cba7463abb6f7c5a573eafb693c49e861cc0,instances/corrected_v2_reduced_suite/evaluation_critical/evaluation/critical/instance_u40_a20_v4_seed1001_critical.txt,u40_seed1001,0.98,0.975609756097561,0.7,False,2,0,8,True
instances/research_depth_load_sweep/rho0.98_normal0.7/instance_u40_a20_v4_seed1001_critical.txt,5baa734600bc9c541e0b44c201034b9c61445edef4de90d47734c00d581166c8,gurobi-mip,1,1,lex-overtime,weighted,0,45,572,0,2,45,580,2,18,72,14,2,f05bb4ba1ebe8ecf0e95e0508ba8cba7463abb6f7c5a573eafb693c49e861cc0,instances/corrected_v2_reduced_suite/evaluation_critical/evaluation/critical/instance_u40_a20_v4_seed1001_critical.txt,u40_seed1001,0.98,0.975609756097561,0.7,False,2,0,8,True
instances/research_depth_load_sweep/rho0.85_normal1/instance_u40_a20_v5_seed1001_critical.txt,b910ed77a417435793cede3d80a6f11f0e6ea7deca975c984f56fe8d912a0336,gurobi-mip,1,1,lex-cos,lex-overtime,0,0,754,0,0,0,754,0,0,0,0,0,9b4ded7517693f18fc14c67224a40507d9d4088119616e90b89f0bbcadb2445d,instances/corrected_v2_reduced_suite/evaluation_critical/evaluation/critical/instance_u40_a20_v5_seed1001_critical.txt,u40_seed1001,0.85,0.847457627118644,1.0,False,0,0,0,False
instances/research_depth_load_sweep/rho0.85_normal1/instance_u40_a20_v5_seed1001_critical.txt,b910ed77a417435793cede3d80a6f11f0e6ea7deca975c984f56fe8d912a0336,gurobi-mip,1,1,lex-cos,weighted,0,0,754,0,3,0,762,3,43,105,27,4,9b4ded7517693f18fc14c67224a40507d9d4088119616e90b89f0bbcadb2445d,instances/corrected_v2_reduced_suite/evaluation_critical/evaluation/critical/instance_u40_a20_v5_seed1001_critical.txt,u40_seed1001,0.85,0.847457627118644,1.0,False,3,0,8,True
instances/research_depth_load_sweep/rho0.85_normal1/instance_u40_a20_v5_seed1001_critical.txt,b910ed77a417435793cede3d80a6f11f0e6ea7deca975c984f56fe8d912a0336,gurobi-mip,1,1,lex-overtime,weighted,0,0,754,0,3,0,762,3,43,105,27,4,9b4ded7517693f18fc14c67224a40507d9d4088119616e90b89f0bbcadb2445d,instances/corrected_v2_reduced_suite/evaluation_critical/evaluation/critical/instance_u40_a20_v5_seed1001_critical.txt,u40_seed1001,0.85,0.847457627118644,1.0,False,3,0,8,True
instances/research_depth_load_sweep/rho0.85_normal1/instance_u30_a25_v5_seed1003_critical.txt,b0ae294a032c8c617178911209a35b04ce22599f06f170f3b34d812c07df3cd3,gurobi-mip,1,1,lex-cos,lex-overtime,0,0,515,0,0,0,515,0,0,0,0,0,e90c35e7cece54d3787eeeb644bcf0edacb9c7c339799fb4aaa218f9d27dc487,instances/corrected_v2_reduced_suite/evaluation_critical/evaluation/critical/instance_u30_a25_v5_seed1003_critical.txt,u30_seed1003,0.85,0.847457627118644,1.0,False,0,0,0,False
instances/research_depth_load_sweep/rho0.85_normal1/instance_u30_a25_v5_seed1003_critical.txt,b0ae294a032c8c617178911209a35b04ce22599f06f170f3b34d812c07df3cd3,gurobi-mip,1,1,lex-cos,weighted,0,0,515,0,7,0,531,7,62,64,33,20,e90c35e7cece54d3787eeeb644bcf0edacb9c7c339799fb4aaa218f9d27dc487,instances/corrected_v2_reduced_suite/evaluation_critical/evaluation/critical/instance_u30_a25_v5_seed1003_critical.txt,u30_seed1003,0.85,0.847457627118644,1.0,False,7,0,16,True
instances/research_depth_load_sweep/rho0.85_normal1/instance_u30_a25_v5_seed1003_critical.txt,b0ae294a032c8c617178911209a35b04ce22599f06f170f3b34d812c07df3cd3,gurobi-mip,1,1,lex-overtime,weighted,0,0,515,0,7,0,531,7,62,64,33,20,e90c35e7cece54d3787eeeb644bcf0edacb9c7c339799fb4aaa218f9d27dc487,instances/corrected_v2_reduced_suite/evaluation_critical/evaluation/critical/instance_u30_a25_v5_seed1003_critical.txt,u30_seed1003,0.85,0.847457627118644,1.0,False,7,0,16,True
instances/research_depth_load_sweep/rho0.85_normal0.85/instance_u30_a10_v4_seed1003_critical.txt,ecef75f227343cde9e2c9dfd880ff2779326fa051917a8a437023079d7d1ee16,gurobi-mip,1,1,lex-cos,lex-overtime,0,0,408,0,0,0,408,0,0,0,0,0,ecef75f227343cde9e2c9dfd880ff2779326fa051917a8a437023079d7d1ee16,instances/corrected_v2_reduced_suite/evaluation_critical/evaluation/critical/instance_u30_a10_v4_seed1003_critical.txt,u30_seed1003,0.85,0.8450704225352113,0.85,True,0,0,0,False
instances/research_depth_load_sweep/rho0.85_normal0.85/instance_u30_a10_v4_seed1003_critical.txt,ecef75f227343cde9e2c9dfd880ff2779326fa051917a8a437023079d7d1ee16,gurobi-mip,1,1,lex-cos,weighted,0,0,408,0,4,2,416,4,23,66,14,4,ecef75f227343cde9e2c9dfd880ff2779326fa051917a8a437023079d7d1ee16,instances/corrected_v2_reduced_suite/evaluation_critical/evaluation/critical/instance_u30_a10_v4_seed1003_critical.txt,u30_seed1003,0.85,0.8450704225352113,0.85,True,4,2,8,True
instances/research_depth_load_sweep/rho0.85_normal0.85/instance_u30_a10_v4_seed1003_critical.txt,ecef75f227343cde9e2c9dfd880ff2779326fa051917a8a437023079d7d1ee16,gurobi-mip,1,1,lex-overtime,weighted,0,0,408,0,4,2,416,4,23,66,14,4,ecef75f227343cde9e2c9dfd880ff2779326fa051917a8a437023079d7d1ee16,instances/corrected_v2_reduced_suite/evaluation_critical/evaluation/critical/instance_u30_a10_v4_seed1003_critical.txt,u30_seed1003,0.85,0.8450704225352113,0.85,True,4,2,8,True
instances/research_depth_load_sweep/rho0.98_normal0.85/instance_u30_a10_v5_seed1002_critical.txt,22de9647787e0336828c39e2c7efeb75fcaeb8b9af7e5bf0a97ccd802e57dd47,gurobi-mip,1,1,lex-cos,lex-overtime,3,19,495,3,3,19,495,3,0,0,0,0,639577696bca853293d2ae7d38a7ba6a70e96d5c5a65dbe9dd57285b00a779ad,instances/corrected_v2_reduced_suite/evaluation_critical/evaluation/critical/instance_u30_a10_v5_seed1002_critical.txt,u30_seed1002,0.98,0.974025974025974,0.85,False,0,0,0,False
instances/research_depth_load_sweep/rho0.98_normal0.85/instance_u30_a10_v5_seed1002_critical.txt,22de9647787e0336828c39e2c7efeb75fcaeb8b9af7e5bf0a97ccd802e57dd47,gurobi-mip,1,1,lex-cos,weighted,3,19,495,3,10,20,536,10,53,79,35,2,639577696bca853293d2ae7d38a7ba6a70e96d5c5a65dbe9dd57285b00a779ad,instances/corrected_v2_reduced_suite/evaluation_critical/evaluation/critical/instance_u30_a10_v5_seed1002_critical.txt,u30_seed1002,0.98,0.974025974025974,0.85,False,7,1,41,True
instances/research_depth_load_sweep/rho0.98_normal0.85/instance_u30_a10_v5_seed1002_critical.txt,22de9647787e0336828c39e2c7efeb75fcaeb8b9af7e5bf0a97ccd802e57dd47,gurobi-mip,1,1,lex-overtime,weighted,3,19,495,3,10,20,536,10,53,79,35,2,639577696bca853293d2ae7d38a7ba6a70e96d5c5a65dbe9dd57285b00a779ad,instances/corrected_v2_reduced_suite/evaluation_critical/evaluation/critical/instance_u30_a10_v5_seed1002_critical.txt,u30_seed1002,0.98,0.974025974025974,0.85,False,7,1,41,True
instances/research_depth_load_sweep/rho0.55_normal0.7/instance_u30_a10_v4_seed1002_critical.txt,fadc91f2b6e7736b814cc03a29c8328837f9897f7245f71c562531224b108533,gurobi-mip,1,1,lex-cos,lex-overtime,2,0,429,2,2,0,429,2,0,0,0,0,bf02b641d1ae8d30c144fab0d28c5aca968d3331c2c020b30c1e45791af1e438,instances/corrected_v2_reduced_suite/evaluation_critical/evaluation/critical/instance_u30_a10_v4_seed1002_critical.txt,u30_seed1002,0.55,0.547945205479452,0.7,False,0,0,0,False
instances/research_depth_load_sweep/rho0.55_normal0.7/instance_u30_a10_v4_seed1002_critical.txt,fadc91f2b6e7736b814cc03a29c8328837f9897f7245f71c562531224b108533,gurobi-mip,1,1,lex-cos,weighted,2,0,429,2,4,0,438,4,29,48,22,8,bf02b641d1ae8d30c144fab0d28c5aca968d3331c2c020b30c1e45791af1e438,instances/corrected_v2_reduced_suite/evaluation_critical/evaluation/critical/instance_u30_a10_v4_seed1002_critical.txt,u30_seed1002,0.55,0.547945205479452,0.7,False,2,0,9,True
instances/research_depth_load_sweep/rho0.55_normal0.7/instance_u30_a10_v4_seed1002_critical.txt,fadc91f2b6e7736b814cc03a29c8328837f9897f7245f71c562531224b108533,gurobi-mip,1,1,lex-overtime,weighted,2,0,429,2,4,0,438,4,29,48,22,8,bf02b641d1ae8d30c144fab0d28c5aca968d3331c2c020b30c1e45791af1e438,instances/corrected_v2_reduced_suite/evaluation_critical/evaluation/critical/instance_u30_a10_v4_seed1002_critical.txt,u30_seed1002,0.55,0.547945205479452,0.7,False,2,0,9,True
instances/research_depth_load_sweep/rho0.85_normal1/instance_u30_a25_v5_seed1002_critical.txt,6f07566483e74a2dd9d03fb598c05d4a43132460967f89ca3dcfdd2cabdade35,gurobi-mip,1,1,lex-cos,lex-overtime,2,0,531,2,2,0,531,2,0,0,0,0,13d35da4af1d246d1dc9e9e69e18e81522824e99442b070094b3ee6de84cff54,instances/corrected_v2_reduced_suite/evaluation_critical/evaluation/critical/instance_u30_a25_v5_seed1002_critical.txt,u30_seed1002,0.85,0.847457627118644,1.0,False,0,0,0,False
instances/research_depth_load_sweep/rho0.85_normal1/instance_u30_a25_v5_seed1002_critical.txt,6f07566483e74a2dd9d03fb598c05d4a43132460967f89ca3dcfdd2cabdade35,gurobi-mip,1,1,lex-cos,weighted,2,0,531,2,11,0,566,11,59,85,38,10,13d35da4af1d246d1dc9e9e69e18e81522824e99442b070094b3ee6de84cff54,instances/corrected_v2_reduced_suite/evaluation_critical/evaluation/critical/instance_u30_a25_v5_seed1002_critical.txt,u30_seed1002,0.85,0.847457627118644,1.0,False,9,0,35,True
instances/research_depth_load_sweep/rho0.85_normal1/instance_u30_a25_v5_seed1002_critical.txt,6f07566483e74a2dd9d03fb598c05d4a43132460967f89ca3dcfdd2cabdade35,gurobi-mip,1,1,lex-overtime,weighted,2,0,531,2,11,0,566,11,59,85,38,10,13d35da4af1d246d1dc9e9e69e18e81522824e99442b070094b3ee6de84cff54,instances/corrected_v2_reduced_suite/evaluation_critical/evaluation/critical/instance_u30_a25_v5_seed1002_critical.txt,u30_seed1002,0.85,0.847457627118644,1.0,False,9,0,35,True
instances/research_depth_load_sweep/rho0.55_normal0.7/instance_u30_a25_v4_seed1003_critical.txt,64ebeae450ce3ed785cc3261bbc698e77887d0479d240148363f1d2acd8be6a5,gurobi-mip,1,1,lex-cos,lex-overtime,0,0,434,0,0,0,434,0,0,0,0,0,1106683ff4d0a32c24be1898a1c47de6e406379be52c648767eb810adcb9134d,instances/corrected_v2_reduced_suite/evaluation_critical/evaluation/critical/instance_u30_a25_v4_seed1003_critical.txt,u30_seed1003,0.55,0.547945205479452,0.7,False,0,0,0,False
instances/research_depth_load_sweep/rho0.55_normal0.7/instance_u30_a25_v4_seed1003_critical.txt,64ebeae450ce3ed785cc3261bbc698e77887d0479d240148363f1d2acd8be6a5,gurobi-mip,1,1,lex-cos,weighted,0,0,434,0,4,1,442,4,49,64,33,18,1106683ff4d0a32c24be1898a1c47de6e406379be52c648767eb810adcb9134d,instances/corrected_v2_reduced_suite/evaluation_critical/evaluation/critical/instance_u30_a25_v4_seed1003_critical.txt,u30_seed1003,0.55,0.547945205479452,0.7,False,4,1,8,True
instances/research_depth_load_sweep/rho0.55_normal0.7/instance_u30_a25_v4_seed1003_critical.txt,64ebeae450ce3ed785cc3261bbc698e77887d0479d240148363f1d2acd8be6a5,gurobi-mip,1,1,lex-overtime,weighted,0,0,434,0,4,1,442,4,49,64,33,18,1106683ff4d0a32c24be1898a1c47de6e406379be52c648767eb810adcb9134d,instances/corrected_v2_reduced_suite/evaluation_critical/evaluation/critical/instance_u30_a25_v4_seed1003_critical.txt,u30_seed1003,0.55,0.547945205479452,0.7,False,4,1,8,True
instances/research_depth_load_sweep/rho0.85_normal1/instance_u40_a15_v4_seed1001_critical.txt,7a25610102cfb83c5fe0962295d89947546af0880375659e19617dd6bd030cb9,gurobi-mip,1,1,lex-cos,lex-overtime,0,0,598,0,0,0,598,0,0,0,0,0,935abeb825bf65f5eb6f564d142868752b8f09cc140daeead539a193eee52b75,instances/corrected_v2_reduced_suite/evaluation_critical/evaluation/critical/instance_u40_a15_v4_seed1001_critical.txt,u40_seed1001,0.85,0.8465608465608465,1.0,False,0,0,0,False
instances/research_depth_load_sweep/rho0.85_normal1/instance_u40_a15_v4_seed1001_critical.txt,7a25610102cfb83c5fe0962295d89947546af0880375659e19617dd6bd030cb9,gurobi-mip,1,1,lex-cos,weighted,0,0,598,0,3,0,605,3,40,96,29,12,935abeb825bf65f5eb6f564d142868752b8f09cc140daeead539a193eee52b75,instances/corrected_v2_reduced_suite/evaluation_critical/evaluation/critical/instance_u40_a15_v4_seed1001_critical.txt,u40_seed1001,0.85,0.8465608465608465,1.0,False,3,0,7,True
instances/research_depth_load_sweep/rho0.85_normal1/instance_u40_a15_v4_seed1001_critical.txt,7a25610102cfb83c5fe0962295d89947546af0880375659e19617dd6bd030cb9,gurobi-mip,1,1,lex-overtime,weighted,0,0,598,0,3,0,605,3,40,96,29,12,935abeb825bf65f5eb6f564d142868752b8f09cc140daeead539a193eee52b75,instances/corrected_v2_reduced_suite/evaluation_critical/evaluation/critical/instance_u40_a15_v4_seed1001_critical.txt,u40_seed1001,0.85,0.8465608465608465,1.0,False,3,0,7,True
instances/research_depth_load_sweep/rho0.55_normal0.85/instance_u40_a25_v4_seed1001_critical.txt,73908f3639fdaee27b15b099611f7144de89c900625e5fc80f0c93b63412a361,gurobi-mip,1,1,lex-cos,lex-overtime,0,0,623,0,0,0,623,0,0,0,0,0,03e563fb6290ae5b10f29c4bd69e140d46f5db64516b7ab5dad7e2186df2197b,instances/corrected_v2_reduced_suite/evaluation_critical/evaluation/critical/instance_u40_a25_v4_seed1001_critical.txt,u40_seed1001,0.55,0.5498281786941581,0.85,False,0,0,0,False
instances/research_depth_load_sweep/rho0.55_normal0.85/instance_u40_a25_v4_seed1001_critical.txt,73908f3639fdaee27b15b099611f7144de89c900625e5fc80f0c93b63412a361,gurobi-mip,1,1,lex-cos,weighted,0,0,623,0,3,0,629,3,43,76,29,42,03e563fb6290ae5b10f29c4bd69e140d46f5db64516b7ab5dad7e2186df2197b,instances/corrected_v2_reduced_suite/evaluation_critical/evaluation/critical/instance_u40_a25_v4_seed1001_critical.txt,u40_seed1001,0.55,0.5498281786941581,0.85,False,3,0,6,True
instances/research_depth_load_sweep/rho0.55_normal0.85/instance_u40_a25_v4_seed1001_critical.txt,73908f3639fdaee27b15b099611f7144de89c900625e5fc80f0c93b63412a361,gurobi-mip,1,1,lex-overtime,weighted,0,0,623,0,3,0,629,3,43,76,29,42,03e563fb6290ae5b10f29c4bd69e140d46f5db64516b7ab5dad7e2186df2197b,instances/corrected_v2_reduced_suite/evaluation_critical/evaluation/critical/instance_u40_a25_v4_seed1001_critical.txt,u40_seed1001,0.55,0.5498281786941581,0.85,False,3,0,6,True
instances/research_depth_load_sweep/rho0.55_normal0.85/instance_u30_a10_v5_seed1003_critical.txt,73657521174cd596ef13d9e8163c02f0a1aab0acd5eea74ac8f7670b94414dc1,gurobi-mip,1,1,lex-cos,lex-overtime,0,0,503,0,0,0,503,0,0,0,0,0,f927ebb65ee27c08aa667987adf8f8a250da1264d79c4928cd88971e4a6b004e,instances/corrected_v2_reduced_suite/evaluation_critical/evaluation/critical/instance_u30_a10_v5_seed1003_critical.txt,u30_seed1003,0.55,0.5494505494505495,0.85,False,0,0,0,False
instances/research_depth_load_sweep/rho0.55_normal0.85/instance_u30_a10_v5_seed1003_critical.txt,73657521174cd596ef13d9e8163c02f0a1aab0acd5eea74ac8f7670b94414dc1,gurobi-mip,1,1,lex-cos,weighted,0,0,503,0,6,0,513,6,55,90,31,24,f927ebb65ee27c08aa667987adf8f8a250da1264d79c4928cd88971e4a6b004e,instances/corrected_v2_reduced_suite/evaluation_critical/evaluation/critical/instance_u30_a10_v5_seed1003_critical.txt,u30_seed1003,0.55,0.5494505494505495,0.85,False,6,0,10,True
instances/research_depth_load_sweep/rho0.55_normal0.85/instance_u30_a10_v5_seed1003_critical.txt,73657521174cd596ef13d9e8163c02f0a1aab0acd5eea74ac8f7670b94414dc1,gurobi-mip,1,1,lex-overtime,weighted,0,0,503,0,6,0,513,6,55,90,31,24,f927ebb65ee27c08aa667987adf8f8a250da1264d79c4928cd88971e4a6b004e,instances/corrected_v2_reduced_suite/evaluation_critical/evaluation/critical/instance_u30_a10_v5_seed1003_critical.txt,u30_seed1003,0.55,0.5494505494505495,0.85,False,6,0,10,True
instances/research_depth_load_sweep/rho0.85_normal0.85/instance_u40_a10_v4_seed1001_critical.txt,b98e75059c523562fbab64282673d9ea225242fe21209b5e428aee89aa625edd,gurobi-mip,1,1,lex-cos,lex-overtime,0,0,561,0,0,0,561,0,0,0,0,0,b98e75059c523562fbab64282673d9ea225242fe21209b5e428aee89aa625edd,instances/corrected_v2_reduced_suite/evaluation_critical/evaluation/critical/instance_u40_a10_v4_seed1001_critical.txt,u40_seed1001,0.85,0.8465608465608465,0.85,True,0,0,0,False
instances/research_depth_load_sweep/rho0.85_normal0.85/instance_u40_a10_v4_seed1001_critical.txt,b98e75059c523562fbab64282673d9ea225242fe21209b5e428aee89aa625edd,gurobi-mip,1,1,lex-cos,weighted,0,0,561,0,1,12,593,1,37,82,29,24,b98e75059c523562fbab64282673d9ea225242fe21209b5e428aee89aa625edd,instances/corrected_v2_reduced_suite/evaluation_critical/evaluation/critical/instance_u40_a10_v4_seed1001_critical.txt,u40_seed1001,0.85,0.8465608465608465,0.85,True,1,12,32,True
instances/research_depth_load_sweep/rho0.85_normal0.85/instance_u40_a10_v4_seed1001_critical.txt,b98e75059c523562fbab64282673d9ea225242fe21209b5e428aee89aa625edd,gurobi-mip,1,1,lex-overtime,weighted,0,0,561,0,1,12,593,1,37,82,29,24,b98e75059c523562fbab64282673d9ea225242fe21209b5e428aee89aa625edd,instances/corrected_v2_reduced_suite/evaluation_critical/evaluation/critical/instance_u40_a10_v4_seed1001_critical.txt,u40_seed1001,0.85,0.8465608465608465,0.85,True,1,12,32,True
instances/research_depth_load_sweep/rho0.55_normal0.7/instance_u30_a15_v4_seed1002_critical.txt,f7400e6d96c51309c9693a7bd0ee7af67dfe0c136550a1f4cf909c7650f10b91,gurobi-mip,1,1,lex-cos,lex-overtime,1,0,433,1,1,0,433,1,0,0,0,0,148c8679adee389f3bfb69e52584b46bc596198bb5146008050adc703b39182e,instances/corrected_v2_reduced_suite/evaluation_critical/evaluation/critical/instance_u30_a15_v4_seed1002_critical.txt,u30_seed1002,0.55,0.547945205479452,0.7,False,0,0,0,False
instances/research_depth_load_sweep/rho0.55_normal0.7/instance_u30_a15_v4_seed1002_critical.txt,f7400e6d96c51309c9693a7bd0ee7af67dfe0c136550a1f4cf909c7650f10b91,gurobi-mip,1,1,lex-cos,weighted,1,0,433,1,5,0,447,5,40,44,29,16,148c8679adee389f3bfb69e52584b46bc596198bb5146008050adc703b39182e,instances/corrected_v2_reduced_suite/evaluation_critical/evaluation/critical/instance_u30_a15_v4_seed1002_critical.txt,u30_seed1002,0.55,0.547945205479452,0.7,False,4,0,14,True
instances/research_depth_load_sweep/rho0.55_normal0.7/instance_u30_a15_v4_seed1002_critical.txt,f7400e6d96c51309c9693a7bd0ee7af67dfe0c136550a1f4cf909c7650f10b91,gurobi-mip,1,1,lex-overtime,weighted,1,0,433,1,5,0,447,5,40,44,29,16,148c8679adee389f3bfb69e52584b46bc596198bb5146008050adc703b39182e,instances/corrected_v2_reduced_suite/evaluation_critical/evaluation/critical/instance_u30_a15_v4_seed1002_critical.txt,u30_seed1002,0.55,0.547945205479452,0.7,False,4,0,14,True
instances/research_depth_load_sweep/rho0.98_normal0.7/instance_u40_a15_v5_seed1001_critical.txt,1d455a8d1db80a72afd4b6189a2d7e56562f47aaaa11ce22fd8d2519179b2e1b,gurobi-mip,1,1,lex-cos,lex-overtime,0,56,707,0,0,56,707,0,0,0,0,0,addefcd65569a464f6ade877201060bec8b3edf54c9784bd4a2ce47e7fa65a0a,instances/corrected_v2_reduced_suite/evaluation_critical/evaluation/critical/instance_u40_a15_v5_seed1001_critical.txt,u40_seed1001,0.98,0.975609756097561,0.7,False,0,0,0,False
instances/research_depth_load_sweep/rho0.98_normal0.7/instance_u40_a15_v5_seed1001_critical.txt,1d455a8d1db80a72afd4b6189a2d7e56562f47aaaa11ce22fd8d2519179b2e1b,gurobi-mip,1,1,lex-cos,weighted,0,56,707,0,4,56,718,4,36,84,19,2,addefcd65569a464f6ade877201060bec8b3edf54c9784bd4a2ce47e7fa65a0a,instances/corrected_v2_reduced_suite/evaluation_critical/evaluation/critical/instance_u40_a15_v5_seed1001_critical.txt,u40_seed1001,0.98,0.975609756097561,0.7,False,4,0,11,True
instances/research_depth_load_sweep/rho0.98_normal0.7/instance_u40_a15_v5_seed1001_critical.txt,1d455a8d1db80a72afd4b6189a2d7e56562f47aaaa11ce22fd8d2519179b2e1b,gurobi-mip,1,1,lex-overtime,weighted,0,56,707,0,4,56,718,4,36,84,19,2,addefcd65569a464f6ade877201060bec8b3edf54c9784bd4a2ce47e7fa65a0a,instances/corrected_v2_reduced_suite/evaluation_critical/evaluation/critical/instance_u40_a15_v5_seed1001_critical.txt,u40_seed1001,0.98,0.975609756097561,0.7,False,4,0,11,True
instances/research_depth_load_sweep/rho0.85_normal0.85/instance_u30_a25_v5_seed1001_critical.txt,51df0f9f4a354e14ce203c3399ff72e9f90e0370b7b497467427e1d198dd119e,gurobi-mip,1,1,lex-cos,lex-overtime,0,0,537,0,0,0,537,0,0,0,0,0,51df0f9f4a354e14ce203c3399ff72e9f90e0370b7b497467427e1d198dd119e,instances/corrected_v2_reduced_suite/evaluation_critical/evaluation/critical/instance_u30_a25_v5_seed1001_critical.txt,u30_seed1001,0.85,0.847457627118644,0.85,True,0,0,0,False
instances/research_depth_load_sweep/rho0.85_normal0.85/instance_u30_a25_v5_seed1001_critical.txt,51df0f9f4a354e14ce203c3399ff72e9f90e0370b7b497467427e1d198dd119e,gurobi-mip,1,1,lex-cos,weighted,0,0,537,0,0,16,574,0,37,63,25,32,51df0f9f4a354e14ce203c3399ff72e9f90e0370b7b497467427e1d198dd119e,instances/corrected_v2_reduced_suite/evaluation_critical/evaluation/critical/instance_u30_a25_v5_seed1001_critical.txt,u30_seed1001,0.85,0.847457627118644,0.85,True,0,16,37,True
instances/research_depth_load_sweep/rho0.85_normal0.85/instance_u30_a25_v5_seed1001_critical.txt,51df0f9f4a354e14ce203c3399ff72e9f90e0370b7b497467427e1d198dd119e,gurobi-mip,1,1,lex-overtime,weighted,0,0,537,0,0,16,574,0,37,63,25,32,51df0f9f4a354e14ce203c3399ff72e9f90e0370b7b497467427e1d198dd119e,instances/corrected_v2_reduced_suite/evaluation_critical/evaluation/critical/instance_u30_a25_v5_seed1001_critical.txt,u30_seed1001,0.85,0.847457627118644,0.85,True,0,16,37,True
instances/research_depth_load_sweep/rho0.85_normal0.85/instance_u30_a15_v4_seed1002_critical.txt,148c8679adee389f3bfb69e52584b46bc596198bb5146008050adc703b39182e,gurobi-mip,1,1,lex-cos,lex-overtime,1,0,410,1,1,0,410,1,0,0,0,0,148c8679adee389f3bfb69e52584b46bc596198bb5146008050adc703b39182e,instances/corrected_v2_reduced_suite/evaluation_critical/evaluation/critical/instance_u30_a15_v4_seed1002_critical.txt,u30_seed1002,0.85,0.8450704225352113,0.85,True,0,0,0,False
instances/research_depth_load_sweep/rho0.85_normal0.85/instance_u30_a15_v4_seed1002_critical.txt,148c8679adee389f3bfb69e52584b46bc596198bb5146008050adc703b39182e,gurobi-mip,1,1,lex-cos,weighted,1,0,410,1,4,7,436,4,35,57,29,14,148c8679adee389f3bfb69e52584b46bc596198bb5146008050adc703b39182e,instances/corrected_v2_reduced_suite/evaluation_critical/evaluation/critical/instance_u30_a15_v4_seed1002_critical.txt,u30_seed1002,0.85,0.8450704225352113,0.85,True,3,7,26,True
instances/research_depth_load_sweep/rho0.85_normal0.85/instance_u30_a15_v4_seed1002_critical.txt,148c8679adee389f3bfb69e52584b46bc596198bb5146008050adc703b39182e,gurobi-mip,1,1,lex-overtime,weighted,1,0,410,1,4,7,436,4,35,57,29,14,148c8679adee389f3bfb69e52584b46bc596198bb5146008050adc703b39182e,instances/corrected_v2_reduced_suite/evaluation_critical/evaluation/critical/instance_u30_a15_v4_seed1002_critical.txt,u30_seed1002,0.85,0.8450704225352113,0.85,True,3,7,26,True
instances/research_depth_load_sweep/rho0.98_normal1/instance_u40_a25_v5_seed1002_critical.txt,8a58173ed1dcf7362edf63da5288035b1bdea3317082f16c61bd3a63d9c40271,gurobi-mip,1,1,lex-cos,lex-overtime,4,0,675,4,4,0,675,4,0,0,0,0,6a86d9e04419d5434a8ac83437d7b4c9067045575a2a45a9a29888e5d862b401,instances/corrected_v2_reduced_suite/evaluation_critical/evaluation/critical/instance_u40_a25_v5_seed1002_critical.txt,u40_seed1002,0.98,0.975609756097561,1.0,False,0,0,0,False
instances/research_depth_load_sweep/rho0.98_normal1/instance_u40_a25_v5_seed1002_critical.txt,8a58173ed1dcf7362edf63da5288035b1bdea3317082f16c61bd3a63d9c40271,gurobi-mip,1,1,lex-cos,weighted,4,0,675,4,20,0,719,20,71,96,48,0,6a86d9e04419d5434a8ac83437d7b4c9067045575a2a45a9a29888e5d862b401,instances/corrected_v2_reduced_suite/evaluation_critical/evaluation/critical/instance_u40_a25_v5_seed1002_critical.txt,u40_seed1002,0.98,0.975609756097561,1.0,False,16,0,44,True
instances/research_depth_load_sweep/rho0.98_normal1/instance_u40_a25_v5_seed1002_critical.txt,8a58173ed1dcf7362edf63da5288035b1bdea3317082f16c61bd3a63d9c40271,gurobi-mip,1,1,lex-overtime,weighted,4,0,675,4,20,0,719,20,71,96,48,0,6a86d9e04419d5434a8ac83437d7b4c9067045575a2a45a9a29888e5d862b401,instances/corrected_v2_reduced_suite/evaluation_critical/evaluation/critical/instance_u40_a25_v5_seed1002_critical.txt,u40_seed1002,0.98,0.975609756097561,1.0,False,16,0,44,True
instances/research_depth_load_sweep/rho0.55_normal1/instance_u30_a25_v4_seed1002_critical.txt,8b2e9fcc700e1d6e787993ea3ec62b9b8c62eb5e90f14cb3955ba9d87c117ad6,gurobi-mip,1,1,lex-cos,lex-overtime,0,0,444,0,0,0,444,0,0,0,0,0,de23508d979db3048be208918f8d51242d991165e80c2414fca7a3ce4ee5b17d,instances/corrected_v2_reduced_suite/evaluation_critical/evaluation/critical/instance_u30_a25_v4_seed1002_critical.txt,u30_seed1002,0.55,0.547945205479452,1.0,False,0,0,0,False
instances/research_depth_load_sweep/rho0.55_normal1/instance_u30_a25_v4_seed1002_critical.txt,8b2e9fcc700e1d6e787993ea3ec62b9b8c62eb5e90f14cb3955ba9d87c117ad6,gurobi-mip,1,1,lex-cos,weighted,0,0,444,0,4,0,459,4,45,51,33,40,de23508d979db3048be208918f8d51242d991165e80c2414fca7a3ce4ee5b17d,instances/corrected_v2_reduced_suite/evaluation_critical/evaluation/critical/instance_u30_a25_v4_seed1002_critical.txt,u30_seed1002,0.55,0.547945205479452,1.0,False,4,0,15,True
instances/research_depth_load_sweep/rho0.55_normal1/instance_u30_a25_v4_seed1002_critical.txt,8b2e9fcc700e1d6e787993ea3ec62b9b8c62eb5e90f14cb3955ba9d87c117ad6,gurobi-mip,1,1,lex-overtime,weighted,0,0,444,0,4,0,459,4,45,51,33,40,de23508d979db3048be208918f8d51242d991165e80c2414fca7a3ce4ee5b17d,instances/corrected_v2_reduced_suite/evaluation_critical/evaluation/critical/instance_u30_a25_v4_seed1002_critical.txt,u30_seed1002,0.55,0.547945205479452,1.0,False,4,0,15,True
instances/research_depth_load_sweep/rho0.85_normal0.7/instance_u30_a15_v5_seed1002_critical.txt,8e8eee1cfea26e849b07670717cf0722953967e1533fe4bf8bf65e2c786c83bf,gurobi-mip,1,1,lex-cos,lex-overtime,2,26,505,2,2,26,505,2,0,0,0,0,62008dec11bbf59cff06c3683881ade351ca92418b870d35d1f1890238c858bd,instances/corrected_v2_reduced_suite/evaluation_critical/evaluation/critical/instance_u30_a15_v5_seed1002_critical.txt,u30_seed1002,0.85,0.847457627118644,0.7,False,0,0,0,False
instances/research_depth_load_sweep/rho0.85_normal0.7/instance_u30_a15_v5_seed1002_critical.txt,8e8eee1cfea26e849b07670717cf0722953967e1533fe4bf8bf65e2c786c83bf,gurobi-mip,1,1,lex-cos,weighted,2,26,505,2,9,31,550,9,55,78,34,20,62008dec11bbf59cff06c3683881ade351ca92418b870d35d1f1890238c858bd,instances/corrected_v2_reduced_suite/evaluation_critical/evaluation/critical/instance_u30_a15_v5_seed1002_critical.txt,u30_seed1002,0.85,0.847457627118644,0.7,False,7,5,45,True
instances/research_depth_load_sweep/rho0.85_normal0.7/instance_u30_a15_v5_seed1002_critical.txt,8e8eee1cfea26e849b07670717cf0722953967e1533fe4bf8bf65e2c786c83bf,gurobi-mip,1,1,lex-overtime,weighted,2,26,505,2,9,31,550,9,55,78,34,20,62008dec11bbf59cff06c3683881ade351ca92418b870d35d1f1890238c858bd,instances/corrected_v2_reduced_suite/evaluation_critical/evaluation/critical/instance_u30_a15_v5_seed1002_critical.txt,u30_seed1002,0.85,0.847457627118644,0.7,False,7,5,45,True
instances/research_depth_load_sweep/rho0.85_normal1/instance_u40_a15_v5_seed1002_critical.txt,1265f851e1fa0897958b82251795bd4a2b56a58b66eb34a243e8d09f3d558763,gurobi-mip,1,1,lex-cos,lex-overtime,3,0,713,3,3,0,713,3,0,0,0,0,fbf890b517ed96fe2ae987767a36e6554398d327dac819b9cc3837ab221b32da,instances/corrected_v2_reduced_suite/evaluation_critical/evaluation/critical/instance_u40_a15_v5_seed1002_critical.txt,u40_seed1002,0.85,0.847457627118644,1.0,False,0,0,0,False
instances/research_depth_load_sweep/rho0.85_normal1/instance_u40_a15_v5_seed1002_critical.txt,1265f851e1fa0897958b82251795bd4a2b56a58b66eb34a243e8d09f3d558763,gurobi-mip,1,1,lex-cos,weighted,3,0,713,3,16,0,749,16,70,115,41,8,fbf890b517ed96fe2ae987767a36e6554398d327dac819b9cc3837ab221b32da,instances/corrected_v2_reduced_suite/evaluation_critical/evaluation/critical/instance_u40_a15_v5_seed1002_critical.txt,u40_seed1002,0.85,0.847457627118644,1.0,False,13,0,36,True
instances/research_depth_load_sweep/rho0.85_normal1/instance_u40_a15_v5_seed1002_critical.txt,1265f851e1fa0897958b82251795bd4a2b56a58b66eb34a243e8d09f3d558763,gurobi-mip,1,1,lex-overtime,weighted,3,0,713,3,16,0,749,16,70,115,41,8,fbf890b517ed96fe2ae987767a36e6554398d327dac819b9cc3837ab221b32da,instances/corrected_v2_reduced_suite/evaluation_critical/evaluation/critical/instance_u40_a15_v5_seed1002_critical.txt,u40_seed1002,0.85,0.847457627118644,1.0,False,13,0,36,True
instances/research_depth_load_sweep/rho0.85_normal1/instance_u40_a15_v4_seed1002_critical.txt,de5093b54de3b10272d95fcb04db9ff2862cb49037b2e8397dfe39b6d9368e4d,gurobi-mip,1,1,lex-cos,lex-overtime,2,0,562,2,2,0,562,2,0,0,0,0,23421d631ba25e8a6e9fc662d65c83fe6fccb717088483d568dab2b286aa89db,instances/corrected_v2_reduced_suite/evaluation_critical/evaluation/critical/instance_u40_a15_v4_seed1002_critical.txt,u40_seed1002,0.85,0.8465608465608465,1.0,False,0,0,0,False
instances/research_depth_load_sweep/rho0.85_normal1/instance_u40_a15_v4_seed1002_critical.txt,de5093b54de3b10272d95fcb04db9ff2862cb49037b2e8397dfe39b6d9368e4d,gurobi-mip,1,1,lex-cos,weighted,2,0,562,2,9,0,593,9,42,68,28,4,23421d631ba25e8a6e9fc662d65c83fe6fccb717088483d568dab2b286aa89db,instances/corrected_v2_reduced_suite/evaluation_critical/evaluation/critical/instance_u40_a15_v4_seed1002_critical.txt,u40_seed1002,0.85,0.8465608465608465,1.0,False,7,0,31,True
instances/research_depth_load_sweep/rho0.85_normal1/instance_u40_a15_v4_seed1002_critical.txt,de5093b54de3b10272d95fcb04db9ff2862cb49037b2e8397dfe39b6d9368e4d,gurobi-mip,1,1,lex-overtime,weighted,2,0,562,2,9,0,593,9,42,68,28,4,23421d631ba25e8a6e9fc662d65c83fe6fccb717088483d568dab2b286aa89db,instances/corrected_v2_reduced_suite/evaluation_critical/evaluation/critical/instance_u40_a15_v4_seed1002_critical.txt,u40_seed1002,0.85,0.8465608465608465,1.0,False,7,0,31,True
instances/research_depth_load_sweep/rho0.55_normal0.85/instance_u40_a15_v4_seed1002_critical.txt,d22a3adb1792bacd8445a618fcd938f0279b90706f7164dc4c2b95dcc7feaaf8,gurobi-mip,1,1,lex-cos,lex-overtime,2,0,591,2,2,0,591,2,0,0,0,0,23421d631ba25e8a6e9fc662d65c83fe6fccb717088483d568dab2b286aa89db,instances/corrected_v2_reduced_suite/evaluation_critical/evaluation/critical/instance_u40_a15_v4_seed1002_critical.txt,u40_seed1002,0.55,0.5498281786941581,0.85,False,0,0,0,False
instances/research_depth_load_sweep/rho0.55_normal0.85/instance_u40_a15_v4_seed1002_critical.txt,d22a3adb1792bacd8445a618fcd938f0279b90706f7164dc4c2b95dcc7feaaf8,gurobi-mip,1,1,lex-cos,weighted,2,0,591,2,7,0,607,7,41,65,27,28,23421d631ba25e8a6e9fc662d65c83fe6fccb717088483d568dab2b286aa89db,instances/corrected_v2_reduced_suite/evaluation_critical/evaluation/critical/instance_u40_a15_v4_seed1002_critical.txt,u40_seed1002,0.55,0.5498281786941581,0.85,False,5,0,16,True
instances/research_depth_load_sweep/rho0.55_normal0.85/instance_u40_a15_v4_seed1002_critical.txt,d22a3adb1792bacd8445a618fcd938f0279b90706f7164dc4c2b95dcc7feaaf8,gurobi-mip,1,1,lex-overtime,weighted,2,0,591,2,7,0,607,7,41,65,27,28,23421d631ba25e8a6e9fc662d65c83fe6fccb717088483d568dab2b286aa89db,instances/corrected_v2_reduced_suite/evaluation_critical/evaluation/critical/instance_u40_a15_v4_seed1002_critical.txt,u40_seed1002,0.55,0.5498281786941581,0.85,False,5,0,16,True
instances/research_depth_load_sweep/rho0.98_normal1/instance_u30_a25_v4_seed1003_critical.txt,0151e619fb8fb884e05a5de62d4775c9e7128d906868e7788e8c5cdffaeee268,gurobi-mip,1,1,lex-cos,lex-overtime,0,0,410,0,0,0,410,0,0,0,0,0,1106683ff4d0a32c24be1898a1c47de6e406379be52c648767eb810adcb9134d,instances/corrected_v2_reduced_suite/evaluation_critical/evaluation/critical/instance_u30_a25_v4_seed1003_critical.txt,u30_seed1003,0.98,0.975609756097561,1.0,False,0,0,0,False
instances/research_depth_load_sweep/rho0.98_normal1/instance_u30_a25_v4_seed1003_critical.txt,0151e619fb8fb884e05a5de62d4775c9e7128d906868e7788e8c5cdffaeee268,gurobi-mip,1,1,lex-cos,weighted,0,0,410,0,6,0,419,6,26,65,17,2,1106683ff4d0a32c24be1898a1c47de6e406379be52c648767eb810adcb9134d,instances/corrected_v2_reduced_suite/evaluation_critical/evaluation/critical/instance_u30_a25_v4_seed1003_critical.txt,u30_seed1003,0.98,0.975609756097561,1.0,False,6,0,9,True
instances/research_depth_load_sweep/rho0.98_normal1/instance_u30_a25_v4_seed1003_critical.txt,0151e619fb8fb884e05a5de62d4775c9e7128d906868e7788e8c5cdffaeee268,gurobi-mip,1,1,lex-overtime,weighted,0,0,410,0,6,0,419,6,26,65,17,2,1106683ff4d0a32c24be1898a1c47de6e406379be52c648767eb810adcb9134d,instances/corrected_v2_reduced_suite/evaluation_critical/evaluation/critical/instance_u30_a25_v4_seed1003_critical.txt,u30_seed1003,0.98,0.975609756097561,1.0,False,6,0,9,True
instances/research_depth_load_sweep/rho0.98_normal0.85/instance_u30_a25_v4_seed1002_critical.txt,797a3f45c561c191ddec233992c2b1f775bfd521d368fae2a62100233566a5dd,gurobi-mip,1,1,lex-cos,lex-overtime,2,15,414,2,2,15,414,2,0,0,0,0,de23508d979db3048be208918f8d51242d991165e80c2414fca7a3ce4ee5b17d,instances/corrected_v2_reduced_suite/evaluation_critical/evaluation/critical/instance_u30_a25_v4_seed1002_critical.txt,u30_seed1002,0.98,0.975609756097561,0.85,False,0,0,0,False
instances/research_depth_load_sweep/rho0.98_normal0.85/instance_u30_a25_v4_seed1002_critical.txt,797a3f45c561c191ddec233992c2b1f775bfd521d368fae2a62100233566a5dd,gurobi-mip,1,1,lex-cos,weighted,2,15,414,2,5,16,426,5,32,52,24,2,de23508d979db3048be208918f8d51242d991165e80c2414fca7a3ce4ee5b17d,instances/corrected_v2_reduced_suite/evaluation_critical/evaluation/critical/instance_u30_a25_v4_seed1002_critical.txt,u30_seed1002,0.98,0.975609756097561,0.85,False,3,1,12,True
instances/research_depth_load_sweep/rho0.98_normal0.85/instance_u30_a25_v4_seed1002_critical.txt,797a3f45c561c191ddec233992c2b1f775bfd521d368fae2a62100233566a5dd,gurobi-mip,1,1,lex-overtime,weighted,2,15,414,2,5,16,426,5,32,52,24,2,de23508d979db3048be208918f8d51242d991165e80c2414fca7a3ce4ee5b17d,instances/corrected_v2_reduced_suite/evaluation_critical/evaluation/critical/instance_u30_a25_v4_seed1002_critical.txt,u30_seed1002,0.98,0.975609756097561,0.85,False,3,1,12,True
instances/research_depth_load_sweep/rho0.98_normal0.85/instance_u40_a20_v4_seed1003_critical.txt,86619383b4b4da9e5d8e3f36f763904b7b828595396c469fd3572094e0e60f46,gurobi-mip,1,1,lex-cos,lex-overtime,1,21,520,1,1,21,520,1,0,0,0,0,2e89d655657e6565c5ecb975872229f2b89227e9d8d4becfc0d4e18894748b91,instances/corrected_v2_reduced_suite/evaluation_critical/evaluation/critical/instance_u40_a20_v4_seed1003_critical.txt,u40_seed1003,0.98,0.975609756097561,0.85,False,0,0,0,False
instances/research_depth_load_sweep/rho0.98_normal0.85/instance_u40_a20_v4_seed1003_critical.txt,86619383b4b4da9e5d8e3f36f763904b7b828595396c469fd3572094e0e60f46,gurobi-mip,1,1,lex-cos,weighted,1,21,520,1,9,21,543,9,52,84,38,4,2e89d655657e6565c5ecb975872229f2b89227e9d8d4becfc0d4e18894748b91,instances/corrected_v2_reduced_suite/evaluation_critical/evaluation/critical/instance_u40_a20_v4_seed1003_critical.txt,u40_seed1003,0.98,0.975609756097561,0.85,False,8,0,23,True
instances/research_depth_load_sweep/rho0.98_normal0.85/instance_u40_a20_v4_seed1003_critical.txt,86619383b4b4da9e5d8e3f36f763904b7b828595396c469fd3572094e0e60f46,gurobi-mip,1,1,lex-overtime,weighted,1,21,520,1,9,21,543,9,52,84,38,4,2e89d655657e6565c5ecb975872229f2b89227e9d8d4becfc0d4e18894748b91,instances/corrected_v2_reduced_suite/evaluation_critical/evaluation/critical/instance_u40_a20_v4_seed1003_critical.txt,u40_seed1003,0.98,0.975609756097561,0.85,False,8,0,23,True
instances/research_depth_load_sweep/rho0.98_normal0.7/instance_u40_a20_v5_seed1003_critical.txt,4b3da27a53747baa2a81a09e0cb853e5bb3745570824304ab40c4a2bb4f0a79b,gurobi-mip,1,1,lex-cos,lex-overtime,1,56,655,1,1,56,655,1,0,0,0,0,d83d36c93f2b20d42d2082b908832af7a5bf6831774fa8060410156fd9f71c3d,instances/corrected_v2_reduced_suite/evaluation_critical/evaluation/critical/instance_u40_a20_v5_seed1003_critical.txt,u40_seed1003,0.98,0.975609756097561,0.7,False,0,0,0,False
instances/research_depth_load_sweep/rho0.98_normal0.7/instance_u40_a20_v5_seed1003_critical.txt,4b3da27a53747baa2a81a09e0cb853e5bb3745570824304ab40c4a2bb4f0a79b,gurobi-mip,1,1,lex-cos,weighted,1,56,655,1,13,56,693,13,65,89,38,0,d83d36c93f2b20d42d2082b908832af7a5bf6831774fa8060410156fd9f71c3d,instances/corrected_v2_reduced_suite/evaluation_critical/evaluation/critical/instance_u40_a20_v5_seed1003_critical.txt,u40_seed1003,0.98,0.975609756097561,0.7,False,12,0,38,True
instances/research_depth_load_sweep/rho0.98_normal0.7/instance_u40_a20_v5_seed1003_critical.txt,4b3da27a53747baa2a81a09e0cb853e5bb3745570824304ab40c4a2bb4f0a79b,gurobi-mip,1,1,lex-overtime,weighted,1,56,655,1,13,56,693,13,65,89,38,0,d83d36c93f2b20d42d2082b908832af7a5bf6831774fa8060410156fd9f71c3d,instances/corrected_v2_reduced_suite/evaluation_critical/evaluation/critical/instance_u40_a20_v5_seed1003_critical.txt,u40_seed1003,0.98,0.975609756097561,0.7,False,12,0,38,True
instances/research_depth_load_sweep/rho0.98_normal0.85/instance_u40_a10_v4_seed1003_critical.txt,24e8c6232c1d7f3030abcc589015da0f5c7d8bd0cccbda947f75c6dc568852cc,gurobi-mip,1,1,lex-cos,lex-overtime,1,21,521,1,1,21,521,1,0,0,0,0,395a48f8a39788bea86b6f70fb9ec6a2a924a9f8f08e8639adaf51dba4e7ae85,instances/corrected_v2_reduced_suite/evaluation_critical/evaluation/critical/instance_u40_a10_v4_seed1003_critical.txt,u40_seed1003,0.98,0.975609756097561,0.85,False,0,0,0,False
instances/research_depth_load_sweep/rho0.98_normal0.85/instance_u40_a10_v4_seed1003_critical.txt,24e8c6232c1d7f3030abcc589015da0f5c7d8bd0cccbda947f75c6dc568852cc,gurobi-mip,1,1,lex-cos,weighted,1,21,521,1,9,21,542,9,51,86,35,2,395a48f8a39788bea86b6f70fb9ec6a2a924a9f8f08e8639adaf51dba4e7ae85,instances/corrected_v2_reduced_suite/evaluation_critical/evaluation/critical/instance_u40_a10_v4_seed1003_critical.txt,u40_seed1003,0.98,0.975609756097561,0.85,False,8,0,21,True
instances/research_depth_load_sweep/rho0.98_normal0.85/instance_u40_a10_v4_seed1003_critical.txt,24e8c6232c1d7f3030abcc589015da0f5c7d8bd0cccbda947f75c6dc568852cc,gurobi-mip,1,1,lex-overtime,weighted,1,21,521,1,9,21,542,9,51,86,35,2,395a48f8a39788bea86b6f70fb9ec6a2a924a9f8f08e8639adaf51dba4e7ae85,instances/corrected_v2_reduced_suite/evaluation_critical/evaluation/critical/instance_u40_a10_v4_seed1003_critical.txt,u40_seed1003,0.98,0.975609756097561,0.85,False,8,0,21,True
instances/research_depth_load_sweep/rho0.98_normal1/instance_u30_a25_v5_seed1002_critical.txt,00356a78620074967abe20fecae6dff9fceb5b1c94c27f6b854caeaa081ce0a7,gurobi-mip,1,1,lex-cos,lex-overtime,3,0,502,3,3,0,502,3,0,0,0,0,13d35da4af1d246d1dc9e9e69e18e81522824e99442b070094b3ee6de84cff54,instances/corrected_v2_reduced_suite/evaluation_critical/evaluation/critical/instance_u30_a25_v5_seed1002_critical.txt,u30_seed1002,0.98,0.974025974025974,1.0,False,0,0,0,False
instances/research_depth_load_sweep/rho0.98_normal1/instance_u30_a25_v5_seed1002_critical.txt,00356a78620074967abe20fecae6dff9fceb5b1c94c27f6b854caeaa081ce0a7,gurobi-mip,1,1,lex-cos,weighted,3,0,502,3,10,0,542,10,55,77,33,0,13d35da4af1d246d1dc9e9e69e18e81522824e99442b070094b3ee6de84cff54,instances/corrected_v2_reduced_suite/evaluation_critical/evaluation/critical/instance_u30_a25_v5_seed1002_critical.txt,u30_seed1002,0.98,0.974025974025974,1.0,False,7,0,40,True
instances/research_depth_load_sweep/rho0.98_normal1/instance_u30_a25_v5_seed1002_critical.txt,00356a78620074967abe20fecae6dff9fceb5b1c94c27f6b854caeaa081ce0a7,gurobi-mip,1,1,lex-overtime,weighted,3,0,502,3,10,0,542,10,55,77,33,0,13d35da4af1d246d1dc9e9e69e18e81522824e99442b070094b3ee6de84cff54,instances/corrected_v2_reduced_suite/evaluation_critical/evaluation/critical/instance_u30_a25_v5_seed1002_critical.txt,u30_seed1002,0.98,0.974025974025974,1.0,False,7,0,40,True
instances/research_depth_load_sweep/rho0.98_normal1/instance_u40_a20_v5_seed1001_critical.txt,3439c7b7ccce5db153e97844f3b50b787696328205f0a1ab4befce99a0a3206d,gurobi-mip,1,1,lex-cos,lex-overtime,0,0,708,0,0,0,708,0,0,0,0,0,9b4ded7517693f18fc14c67224a40507d9d4088119616e90b89f0bbcadb2445d,instances/corrected_v2_reduced_suite/evaluation_critical/evaluation/critical/instance_u40_a20_v5_seed1001_critical.txt,u40_seed1001,0.98,0.975609756097561,1.0,False,0,0,0,False
instances/research_depth_load_sweep/rho0.98_normal1/instance_u40_a20_v5_seed1001_critical.txt,3439c7b7ccce5db153e97844f3b50b787696328205f0a1ab4befce99a0a3206d,gurobi-mip,1,1,lex-cos,weighted,0,0,708,0,4,0,719,4,55,96,32,2,9b4ded7517693f18fc14c67224a40507d9d4088119616e90b89f0bbcadb2445d,instances/corrected_v2_reduced_suite/evaluation_critical/evaluation/critical/instance_u40_a20_v5_seed1001_critical.txt,u40_seed1001,0.98,0.975609756097561,1.0,False,4,0,11,True
instances/research_depth_load_sweep/rho0.98_normal1/instance_u40_a20_v5_seed1001_critical.txt,3439c7b7ccce5db153e97844f3b50b787696328205f0a1ab4befce99a0a3206d,gurobi-mip,1,1,lex-overtime,weighted,0,0,708,0,4,0,719,4,55,96,32,2,9b4ded7517693f18fc14c67224a40507d9d4088119616e90b89f0bbcadb2445d,instances/corrected_v2_reduced_suite/evaluation_critical/evaluation/critical/instance_u40_a20_v5_seed1001_critical.txt,u40_seed1001,0.98,0.975609756097561,1.0,False,4,0,11,True
instances/research_depth_load_sweep/rho0.98_normal0.7/instance_u40_a10_v5_seed1002_critical.txt,c1cb42b85eeafbb5f22e827c13397883c4748fa83f4e1828d327f1d38cfda327,gurobi-mip,1,1,lex-cos,lex-overtime,4,56,671,4,4,56,671,4,0,0,0,0,559a4cbe53b4c6b0b9bb730eba6ec962c70e2de70ab1b20d1f420367127f3bf9,instances/corrected_v2_reduced_suite/evaluation_critical/evaluation/critical/instance_u40_a10_v5_seed1002_critical.txt,u40_seed1002,0.98,0.975609756097561,0.7,False,0,0,0,False
instances/research_depth_load_sweep/rho0.98_normal0.7/instance_u40_a10_v5_seed1002_critical.txt,c1cb42b85eeafbb5f22e827c13397883c4748fa83f4e1828d327f1d38cfda327,gurobi-mip,1,1,lex-cos,weighted,4,56,671,4,18,56,710,18,62,101,41,0,559a4cbe53b4c6b0b9bb730eba6ec962c70e2de70ab1b20d1f420367127f3bf9,instances/corrected_v2_reduced_suite/evaluation_critical/evaluation/critical/instance_u40_a10_v5_seed1002_critical.txt,u40_seed1002,0.98,0.975609756097561,0.7,False,14,0,39,True
instances/research_depth_load_sweep/rho0.98_normal0.7/instance_u40_a10_v5_seed1002_critical.txt,c1cb42b85eeafbb5f22e827c13397883c4748fa83f4e1828d327f1d38cfda327,gurobi-mip,1,1,lex-overtime,weighted,4,56,671,4,18,56,710,18,62,101,41,0,559a4cbe53b4c6b0b9bb730eba6ec962c70e2de70ab1b20d1f420367127f3bf9,instances/corrected_v2_reduced_suite/evaluation_critical/evaluation/critical/instance_u40_a10_v5_seed1002_critical.txt,u40_seed1002,0.98,0.975609756097561,0.7,False,14,0,39,True
instances/research_depth_load_sweep/rho0.55_normal0.7/instance_u30_a15_v4_seed1001_critical.txt,29d242642e149bfb529925e8499249ea8094e3f5f1178d49e8b7e3318c5e7b87,gurobi-mip,1,1,lex-cos,lex-overtime,0,0,453,0,0,0,453,0,0,0,0,0,cf5584e50c87aace73c609c7ad0a93612c40b8323ca8f8a5664aa14449736764,instances/corrected_v2_reduced_suite/evaluation_critical/evaluation/critical/instance_u30_a15_v4_seed1001_critical.txt,u30_seed1001,0.55,0.547945205479452,0.7,False,0,0,0,False
instances/research_depth_load_sweep/rho0.55_normal0.7/instance_u30_a15_v4_seed1001_critical.txt,29d242642e149bfb529925e8499249ea8094e3f5f1178d49e8b7e3318c5e7b87,gurobi-mip,1,1,lex-cos,weighted,0,0,453,0,0,7,460,0,39,49,25,18,cf5584e50c87aace73c609c7ad0a93612c40b8323ca8f8a5664aa14449736764,instances/corrected_v2_reduced_suite/evaluation_critical/evaluation/critical/instance_u30_a15_v4_seed1001_critical.txt,u30_seed1001,0.55,0.547945205479452,0.7,False,0,7,7,True
instances/research_depth_load_sweep/rho0.55_normal0.7/instance_u30_a15_v4_seed1001_critical.txt,29d242642e149bfb529925e8499249ea8094e3f5f1178d49e8b7e3318c5e7b87,gurobi-mip,1,1,lex-overtime,weighted,0,0,453,0,0,7,460,0,39,49,25,18,cf5584e50c87aace73c609c7ad0a93612c40b8323ca8f8a5664aa14449736764,instances/corrected_v2_reduced_suite/evaluation_critical/evaluation/critical/instance_u30_a15_v4_seed1001_critical.txt,u30_seed1001,0.55,0.547945205479452,0.7,False,0,7,7,True
instances/research_depth_load_sweep/rho0.85_normal1/instance_u40_a20_v4_seed1001_critical.txt,a603a8fd371cdac287f146eac15e7673bbf3a415a801c29d14cc8ca8e43e3d64,gurobi-mip,1,1,lex-cos,lex-overtime,0,0,606,0,0,0,606,0,0,0,0,0,f05bb4ba1ebe8ecf0e95e0508ba8cba7463abb6f7c5a573eafb693c49e861cc0,instances/corrected_v2_reduced_suite/evaluation_critical/evaluation/critical/instance_u40_a20_v4_seed1001_critical.txt,u40_seed1001,0.85,0.8465608465608465,1.0,False,0,0,0,False
instances/research_depth_load_sweep/rho0.85_normal1/instance_u40_a20_v4_seed1001_critical.txt,a603a8fd371cdac287f146eac15e7673bbf3a415a801c29d14cc8ca8e43e3d64,gurobi-mip,1,1,lex-cos,weighted,0,0,606,0,1,0,611,1,24,77,21,6,f05bb4ba1ebe8ecf0e95e0508ba8cba7463abb6f7c5a573eafb693c49e861cc0,instances/corrected_v2_reduced_suite/evaluation_critical/evaluation/critical/instance_u40_a20_v4_seed1001_critical.txt,u40_seed1001,0.85,0.8465608465608465,1.0,False,1,0,5,True
instances/research_depth_load_sweep/rho0.85_normal1/instance_u40_a20_v4_seed1001_critical.txt,a603a8fd371cdac287f146eac15e7673bbf3a415a801c29d14cc8ca8e43e3d64,gurobi-mip,1,1,lex-overtime,weighted,0,0,606,0,1,0,611,1,24,77,21,6,f05bb4ba1ebe8ecf0e95e0508ba8cba7463abb6f7c5a573eafb693c49e861cc0,instances/corrected_v2_reduced_suite/evaluation_critical/evaluation/critical/instance_u40_a20_v4_seed1001_critical.txt,u40_seed1001,0.85,0.8465608465608465,1.0,False,1,0,5,True
instances/research_depth_load_sweep/rho0.98_normal0.85/instance_u40_a25_v4_seed1003_critical.txt,c38c3014ca20699279508c1a340d84e47dc866c7d5ad291a5b89bafa54386345,gurobi-mip,1,1,lex-cos,lex-overtime,1,21,521,1,1,21,521,1,0,0,0,0,3df9ad93fd31450b47bc05e23b939b69e8ff446e817f1dae19bc71c5f2d8d73d,instances/corrected_v2_reduced_suite/evaluation_critical/evaluation/critical/instance_u40_a25_v4_seed1003_critical.txt,u40_seed1003,0.98,0.975609756097561,0.85,False,0,0,0,False
instances/research_depth_load_sweep/rho0.98_normal0.85/instance_u40_a25_v4_seed1003_critical.txt,c38c3014ca20699279508c1a340d84e47dc866c7d5ad291a5b89bafa54386345,gurobi-mip,1,1,lex-cos,weighted,1,21,521,1,9,21,543,9,48,91,38,0,3df9ad93fd31450b47bc05e23b939b69e8ff446e817f1dae19bc71c5f2d8d73d,instances/corrected_v2_reduced_suite/evaluation_critical/evaluation/critical/instance_u40_a25_v4_seed1003_critical.txt,u40_seed1003,0.98,0.975609756097561,0.85,False,8,0,22,True
instances/research_depth_load_sweep/rho0.98_normal0.85/instance_u40_a25_v4_seed1003_critical.txt,c38c3014ca20699279508c1a340d84e47dc866c7d5ad291a5b89bafa54386345,gurobi-mip,1,1,lex-overtime,weighted,1,21,521,1,9,21,543,9,48,91,38,0,3df9ad93fd31450b47bc05e23b939b69e8ff446e817f1dae19bc71c5f2d8d73d,instances/corrected_v2_reduced_suite/evaluation_critical/evaluation/critical/instance_u40_a25_v4_seed1003_critical.txt,u40_seed1003,0.98,0.975609756097561,0.85,False,8,0,22,True
instances/research_depth_load_sweep/rho0.55_normal1/instance_u30_a15_v4_seed1001_critical.txt,ea3ee800cd3abe42be560700b58298bb799622e1e22896aa4531eed9571b5dd4,gurobi-mip,1,1,lex-cos,lex-overtime,0,0,460,0,0,0,460,0,0,0,0,0,cf5584e50c87aace73c609c7ad0a93612c40b8323ca8f8a5664aa14449736764,instances/corrected_v2_reduced_suite/evaluation_critical/evaluation/critical/instance_u30_a15_v4_seed1001_critical.txt,u30_seed1001,0.55,0.547945205479452,1.0,False,0,0,0,False
instances/research_depth_load_sweep/rho0.55_normal1/instance_u30_a15_v4_seed1001_critical.txt,ea3ee800cd3abe42be560700b58298bb799622e1e22896aa4531eed9571b5dd4,gurobi-mip,1,1,lex-cos,weighted,0,0,460,0,0,0,460,0,32,40,20,32,cf5584e50c87aace73c609c7ad0a93612c40b8323ca8f8a5664aa14449736764,instances/corrected_v2_reduced_suite/evaluation_critical/evaluation/critical/instance_u30_a15_v4_seed1001_critical.txt,u30_seed1001,0.55,0.547945205479452,1.0,False,0,0,0,False
instances/research_depth_load_sweep/rho0.55_normal1/instance_u30_a15_v4_seed1001_critical.txt,ea3ee800cd3abe42be560700b58298bb799622e1e22896aa4531eed9571b5dd4,gurobi-mip,1,1,lex-overtime,weighted,0,0,460,0,0,0,460,0,32,40,20,32,cf5584e50c87aace73c609c7ad0a93612c40b8323ca8f8a5664aa14449736764,instances/corrected_v2_reduced_suite/evaluation_critical/evaluation/critical/instance_u30_a15_v4_seed1001_critical.txt,u30_seed1001,0.55,0.547945205479452,1.0,False,0,0,0,False
instances/research_depth_load_sweep/rho0.85_normal0.85/instance_u40_a15_v5_seed1002_critical.txt,fbf890b517ed96fe2ae987767a36e6554398d327dac819b9cc3837ab221b32da,gurobi-mip,1,1,lex-cos,lex-overtime,3,0,669,3,3,0,669,3,0,0,0,0,fbf890b517ed96fe2ae987767a36e6554398d327dac819b9cc3837ab221b32da,instances/corrected_v2_reduced_suite/evaluation_critical/evaluation/critical/instance_u40_a15_v5_seed1002_critical.txt,u40_seed1002,0.85,0.847457627118644,0.85,True,0,0,0,False
instances/research_depth_load_sweep/rho0.85_normal0.85/instance_u40_a15_v5_seed1002_critical.txt,fbf890b517ed96fe2ae987767a36e6554398d327dac819b9cc3837ab221b32da,gurobi-mip,1,1,lex-cos,weighted,3,0,669,3,16,16,746,16,85,125,55,32,fbf890b517ed96fe2ae987767a36e6554398d327dac819b9cc3837ab221b32da,instances/corrected_v2_reduced_suite/evaluation_critical/evaluation/critical/instance_u40_a15_v5_seed1002_critical.txt,u40_seed1002,0.85,0.847457627118644,0.85,True,13,16,77,True
instances/research_depth_load_sweep/rho0.85_normal0.85/instance_u40_a15_v5_seed1002_critical.txt,fbf890b517ed96fe2ae987767a36e6554398d327dac819b9cc3837ab221b32da,gurobi-mip,1,1,lex-overtime,weighted,3,0,669,3,16,16,746,16,85,125,55,32,fbf890b517ed96fe2ae987767a36e6554398d327dac819b9cc3837ab221b32da,instances/corrected_v2_reduced_suite/evaluation_critical/evaluation/critical/instance_u40_a15_v5_seed1002_critical.txt,u40_seed1002,0.85,0.847457627118644,0.85,True,13,16,77,True
instances/research_depth_load_sweep/rho0.55_normal0.85/instance_u30_a20_v4_seed1002_critical.txt,03c0f7da18eeee476d3be0049a4548370f85e67c1a01f564f4d2eccb0de13beb,gurobi-mip,1,1,lex-cos,lex-overtime,0,0,431,0,0,0,431,0,0,0,0,0,34bd64e4677b21f310faa4406545db874dca6ae220c9a65e8a35f01abe1b0955,instances/corrected_v2_reduced_suite/evaluation_critical/evaluation/critical/instance_u30_a20_v4_seed1002_critical.txt,u30_seed1002,0.55,0.547945205479452,0.85,False,0,0,0,False
instances/research_depth_load_sweep/rho0.55_normal0.85/instance_u30_a20_v4_seed1002_critical.txt,03c0f7da18eeee476d3be0049a4548370f85e67c1a01f564f4d2eccb0de13beb,gurobi-mip,1,1,lex-cos,weighted,0,0,431,0,4,0,446,4,36,43,26,34,34bd64e4677b21f310faa4406545db874dca6ae220c9a65e8a35f01abe1b0955,instances/corrected_v2_reduced_suite/evaluation_critical/evaluation/critical/instance_u30_a20_v4_seed1002_critical.txt,u30_seed1002,0.55,0.547945205479452,0.85,False,4,0,15,True
instances/research_depth_load_sweep/rho0.55_normal0.85/instance_u30_a20_v4_seed1002_critical.txt,03c0f7da18eeee476d3be0049a4548370f85e67c1a01f564f4d2eccb0de13beb,gurobi-mip,1,1,lex-overtime,weighted,0,0,431,0,4,0,446,4,36,43,26,34,34bd64e4677b21f310faa4406545db874dca6ae220c9a65e8a35f01abe1b0955,instances/corrected_v2_reduced_suite/evaluation_critical/evaluation/critical/instance_u30_a20_v4_seed1002_critical.txt,u30_seed1002,0.55,0.547945205479452,0.85,False,4,0,15,True
instances/research_depth_load_sweep/rho0.85_normal1/instance_u40_a10_v4_seed1002_critical.txt,dac65e9eae2a68c7a715a25e9a7e372acd94d60d582c44a86f0d4feeb1ef9f6d,gurobi-mip,1,1,lex-cos,lex-overtime,3,0,561,3,3,0,561,3,0,0,0,0,93e26e12184989f851e4f91e33046006e375b0bdc1069591b75e6f5d66e9d66b,instances/corrected_v2_reduced_suite/evaluation_critical/evaluation/critical/instance_u40_a10_v4_seed1002_critical.txt,u40_seed1002,0.85,0.8465608465608465,1.0,False,0,0,0,False
instances/research_depth_load_sweep/rho0.85_normal1/instance_u40_a10_v4_seed1002_critical.txt,dac65e9eae2a68c7a715a25e9a7e372acd94d60d582c44a86f0d4feeb1ef9f6d,gurobi-mip,1,1,lex-cos,weighted,3,0,561,3,10,0,584,10,38,88,25,8,93e26e12184989f851e4f91e33046006e375b0bdc1069591b75e6f5d66e9d66b,instances/corrected_v2_reduced_suite/evaluation_critical/evaluation/critical/instance_u40_a10_v4_seed1002_critical.txt,u40_seed1002,0.85,0.8465608465608465,1.0,False,7,0,23,True
instances/research_depth_load_sweep/rho0.85_normal1/instance_u40_a10_v4_seed1002_critical.txt,dac65e9eae2a68c7a715a25e9a7e372acd94d60d582c44a86f0d4feeb1ef9f6d,gurobi-mip,1,1,lex-overtime,weighted,3,0,561,3,10,0,584,10,38,88,25,8,93e26e12184989f851e4f91e33046006e375b0bdc1069591b75e6f5d66e9d66b,instances/corrected_v2_reduced_suite/evaluation_critical/evaluation/critical/instance_u40_a10_v4_seed1002_critical.txt,u40_seed1002,0.85,0.8465608465608465,1.0,False,7,0,23,True
instances/research_depth_load_sweep/rho0.98_normal1/instance_u40_a15_v4_seed1001_critical.txt,ec218a6630a8448b02cd55828b6810336259b20434661c435b13c274b3c6b665,gurobi-mip,1,1,lex-cos,lex-overtime,0,0,571,0,0,0,571,0,0,0,0,0,935abeb825bf65f5eb6f564d142868752b8f09cc140daeead539a193eee52b75,instances/corrected_v2_reduced_suite/evaluation_critical/evaluation/critical/instance_u40_a15_v4_seed1001_critical.txt,u40_seed1001,0.98,0.975609756097561,1.0,False,0,0,0,False
instances/research_depth_load_sweep/rho0.98_normal1/instance_u40_a15_v4_seed1001_critical.txt,ec218a6630a8448b02cd55828b6810336259b20434661c435b13c274b3c6b665,gurobi-mip,1,1,lex-cos,weighted,0,0,571,0,2,0,579,2,24,79,20,2,935abeb825bf65f5eb6f564d142868752b8f09cc140daeead539a193eee52b75,instances/corrected_v2_reduced_suite/evaluation_critical/evaluation/critical/instance_u40_a15_v4_seed1001_critical.txt,u40_seed1001,0.98,0.975609756097561,1.0,False,2,0,8,True
instances/research_depth_load_sweep/rho0.98_normal1/instance_u40_a15_v4_seed1001_critical.txt,ec218a6630a8448b02cd55828b6810336259b20434661c435b13c274b3c6b665,gurobi-mip,1,1,lex-overtime,weighted,0,0,571,0,2,0,579,2,24,79,20,2,935abeb825bf65f5eb6f564d142868752b8f09cc140daeead539a193eee52b75,instances/corrected_v2_reduced_suite/evaluation_critical/evaluation/critical/instance_u40_a15_v4_seed1001_critical.txt,u40_seed1001,0.98,0.975609756097561,1.0,False,2,0,8,True
instances/research_depth_load_sweep/rho0.98_normal1/instance_u30_a15_v4_seed1002_critical.txt,824ea4e991137b4f206e10c7c8dc8aa8760b519ab32a9f160abaf988d63981a4,gurobi-mip,1,1,lex-cos,lex-overtime,2,0,416,2,2,0,416,2,0,0,0,0,148c8679adee389f3bfb69e52584b46bc596198bb5146008050adc703b39182e,instances/corrected_v2_reduced_suite/evaluation_critical/evaluation/critical/instance_u30_a15_v4_seed1002_critical.txt,u30_seed1002,0.98,0.975609756097561,1.0,False,0,0,0,False
instances/research_depth_load_sweep/rho0.98_normal1/instance_u30_a15_v4_seed1002_critical.txt,824ea4e991137b4f206e10c7c8dc8aa8760b519ab32a9f160abaf988d63981a4,gurobi-mip,1,1,lex-cos,weighted,2,0,416,2,4,0,426,4,27,46,21,0,148c8679adee389f3bfb69e52584b46bc596198bb5146008050adc703b39182e,instances/corrected_v2_reduced_suite/evaluation_critical/evaluation/critical/instance_u30_a15_v4_seed1002_critical.txt,u30_seed1002,0.98,0.975609756097561,1.0,False,2,0,10,True
instances/research_depth_load_sweep/rho0.98_normal1/instance_u30_a15_v4_seed1002_critical.txt,824ea4e991137b4f206e10c7c8dc8aa8760b519ab32a9f160abaf988d63981a4,gurobi-mip,1,1,lex-overtime,weighted,2,0,416,2,4,0,426,4,27,46,21,0,148c8679adee389f3bfb69e52584b46bc596198bb5146008050adc703b39182e,instances/corrected_v2_reduced_suite/evaluation_critical/evaluation/critical/instance_u30_a15_v4_seed1002_critical.txt,u30_seed1002,0.98,0.975609756097561,1.0,False,2,0,10,True
instances/research_depth_load_sweep/rho0.85_normal0.85/instance_u40_a10_v5_seed1003_critical.txt,017118e5960c7e18a239e77b1f198b44915ed895aea6f231bb872df91f90f0f2,gurobi-mip,1,1,lex-cos,lex-overtime,1,0,648,1,1,0,648,1,0,0,0,0,017118e5960c7e18a239e77b1f198b44915ed895aea6f231bb872df91f90f0f2,instances/corrected_v2_reduced_suite/evaluation_critical/evaluation/critical/instance_u40_a10_v5_seed1003_critical.txt,u40_seed1003,0.85,0.847457627118644,0.85,True,0,0,0,False
instances/research_depth_load_sweep/rho0.85_normal0.85/instance_u40_a10_v5_seed1003_critical.txt,017118e5960c7e18a239e77b1f198b44915ed895aea6f231bb872df91f90f0f2,gurobi-mip,1,1,lex-cos,weighted,1,0,648,1,10,15,701,10,78,108,43,30,017118e5960c7e18a239e77b1f198b44915ed895aea6f231bb872df91f90f0f2,instances/corrected_v2_reduced_suite/evaluation_critical/evaluation/critical/instance_u40_a10_v5_seed1003_critical.txt,u40_seed1003,0.85,0.847457627118644,0.85,True,9,15,53,True
instances/research_depth_load_sweep/rho0.85_normal0.85/instance_u40_a10_v5_seed1003_critical.txt,017118e5960c7e18a239e77b1f198b44915ed895aea6f231bb872df91f90f0f2,gurobi-mip,1,1,lex-overtime,weighted,1,0,648,1,10,15,701,10,78,108,43,30,017118e5960c7e18a239e77b1f198b44915ed895aea6f231bb872df91f90f0f2,instances/corrected_v2_reduced_suite/evaluation_critical/evaluation/critical/instance_u40_a10_v5_seed1003_critical.txt,u40_seed1003,0.85,0.847457627118644,0.85,True,9,15,53,True
instances/research_depth_load_sweep/rho0.55_normal1/instance_u40_a10_v4_seed1001_critical.txt,ccc84a7fd80e049021e673cd20fbe4bd30ca4c2a6c2767658122deb3ad6e0691,gurobi-mip,1,1,lex-cos,lex-overtime,0,0,594,0,0,0,594,0,0,0,0,0,b98e75059c523562fbab64282673d9ea225242fe21209b5e428aee89aa625edd,instances/corrected_v2_reduced_suite/evaluation_critical/evaluation/critical/instance_u40_a10_v4_seed1001_critical.txt,u40_seed1001,0.55,0.5498281786941581,1.0,False,0,0,0,False
instances/research_depth_load_sweep/rho0.55_normal1/instance_u40_a10_v4_seed1001_critical.txt,ccc84a7fd80e049021e673cd20fbe4bd30ca4c2a6c2767658122deb3ad6e0691,gurobi-mip,1,1,lex-cos,weighted,0,0,594,0,1,0,597,1,35,71,24,12,b98e75059c523562fbab64282673d9ea225242fe21209b5e428aee89aa625edd,instances/corrected_v2_reduced_suite/evaluation_critical/evaluation/critical/instance_u40_a10_v4_seed1001_critical.txt,u40_seed1001,0.55,0.5498281786941581,1.0,False,1,0,3,True
instances/research_depth_load_sweep/rho0.55_normal1/instance_u40_a10_v4_seed1001_critical.txt,ccc84a7fd80e049021e673cd20fbe4bd30ca4c2a6c2767658122deb3ad6e0691,gurobi-mip,1,1,lex-overtime,weighted,0,0,594,0,1,0,597,1,35,71,24,12,b98e75059c523562fbab64282673d9ea225242fe21209b5e428aee89aa625edd,instances/corrected_v2_reduced_suite/evaluation_critical/evaluation/critical/instance_u40_a10_v4_seed1001_critical.txt,u40_seed1001,0.55,0.5498281786941581,1.0,False,1,0,3,True
instances/research_depth_load_sweep/rho0.55_normal0.7/instance_u40_a20_v5_seed1001_critical.txt,def926ef54167820a417f5edd168eb51b9bea081e176d7751cb48d67317d262e,gurobi-mip,1,1,lex-cos,lex-overtime,0,0,774,0,0,0,774,0,0,0,0,0,9b4ded7517693f18fc14c67224a40507d9d4088119616e90b89f0bbcadb2445d,instances/corrected_v2_reduced_suite/evaluation_critical/evaluation/critical/instance_u40_a20_v5_seed1001_critical.txt,u40_seed1001,0.55,0.5494505494505495,0.7,False,0,0,0,False
instances/research_depth_load_sweep/rho0.55_normal0.7/instance_u40_a20_v5_seed1001_critical.txt,def926ef54167820a417f5edd168eb51b9bea081e176d7751cb48d67317d262e,gurobi-mip,1,1,lex-cos,weighted,0,0,774,0,3,0,783,3,84,108,48,28,9b4ded7517693f18fc14c67224a40507d9d4088119616e90b89f0bbcadb2445d,instances/corrected_v2_reduced_suite/evaluation_critical/evaluation/critical/instance_u40_a20_v5_seed1001_critical.txt,u40_seed1001,0.55,0.5494505494505495,0.7,False,3,0,9,True
instances/research_depth_load_sweep/rho0.55_normal0.7/instance_u40_a20_v5_seed1001_critical.txt,def926ef54167820a417f5edd168eb51b9bea081e176d7751cb48d67317d262e,gurobi-mip,1,1,lex-overtime,weighted,0,0,774,0,3,0,783,3,84,108,48,28,9b4ded7517693f18fc14c67224a40507d9d4088119616e90b89f0bbcadb2445d,instances/corrected_v2_reduced_suite/evaluation_critical/evaluation/critical/instance_u40_a20_v5_seed1001_critical.txt,u40_seed1001,0.55,0.5494505494505495,0.7,False,3,0,9,True
instances/research_depth_load_sweep/rho0.85_normal1/instance_u40_a25_v5_seed1001_critical.txt,6f7b53ebce417102778afbd91ad1c034646e62faef4cbd31ff7607e91229a3fe,gurobi-mip,1,1,lex-cos,lex-overtime,0,0,760,0,0,0,760,0,0,0,0,0,e045b0692d9963b967cc37f3afb3e58c3e9aff61a3ca6f5ab662629dc35b3201,instances/corrected_v2_reduced_suite/evaluation_critical/evaluation/critical/instance_u40_a25_v5_seed1001_critical.txt,u40_seed1001,0.85,0.847457627118644,1.0,False,0,0,0,False
instances/research_depth_load_sweep/rho0.85_normal1/instance_u40_a25_v5_seed1001_critical.txt,6f7b53ebce417102778afbd91ad1c034646e62faef4cbd31ff7607e91229a3fe,gurobi-mip,1,1,lex-cos,weighted,0,0,760,0,2,0,766,2,48,110,29,6,e045b0692d9963b967cc37f3afb3e58c3e9aff61a3ca6f5ab662629dc35b3201,instances/corrected_v2_reduced_suite/evaluation_critical/evaluation/critical/instance_u40_a25_v5_seed1001_critical.txt,u40_seed1001,0.85,0.847457627118644,1.0,False,2,0,6,True
instances/research_depth_load_sweep/rho0.85_normal1/instance_u40_a25_v5_seed1001_critical.txt,6f7b53ebce417102778afbd91ad1c034646e62faef4cbd31ff7607e91229a3fe,gurobi-mip,1,1,lex-overtime,weighted,0,0,760,0,2,0,766,2,48,110,29,6,e045b0692d9963b967cc37f3afb3e58c3e9aff61a3ca6f5ab662629dc35b3201,instances/corrected_v2_reduced_suite/evaluation_critical/evaluation/critical/instance_u40_a25_v5_seed1001_critical.txt,u40_seed1001,0.85,0.847457627118644,1.0,False,2,0,6,True
instances/research_depth_load_sweep/rho0.85_normal0.85/instance_u30_a10_v4_seed1001_critical.txt,0a4cc1c9eac79eca9e0861f05de893ae18e2c331afdb25b03c6efb933da1d71a,gurobi-mip,1,1,lex-cos,lex-overtime,0,0,410,0,0,0,410,0,0,0,0,0,0a4cc1c9eac79eca9e0861f05de893ae18e2c331afdb25b03c6efb933da1d71a,instances/corrected_v2_reduced_suite/evaluation_critical/evaluation/critical/instance_u30_a10_v4_seed1001_critical.txt,u30_seed1001,0.85,0.8450704225352113,0.85,True,0,0,0,False
instances/research_depth_load_sweep/rho0.85_normal0.85/instance_u30_a10_v4_seed1001_critical.txt,0a4cc1c9eac79eca9e0861f05de893ae18e2c331afdb25b03c6efb933da1d71a,gurobi-mip,1,1,lex-cos,weighted,0,0,410,0,0,12,439,0,30,51,20,24,0a4cc1c9eac79eca9e0861f05de893ae18e2c331afdb25b03c6efb933da1d71a,instances/corrected_v2_reduced_suite/evaluation_critical/evaluation/critical/instance_u30_a10_v4_seed1001_critical.txt,u30_seed1001,0.85,0.8450704225352113,0.85,True,0,12,29,True
instances/research_depth_load_sweep/rho0.85_normal0.85/instance_u30_a10_v4_seed1001_critical.txt,0a4cc1c9eac79eca9e0861f05de893ae18e2c331afdb25b03c6efb933da1d71a,gurobi-mip,1,1,lex-overtime,weighted,0,0,410,0,0,12,439,0,30,51,20,24,0a4cc1c9eac79eca9e0861f05de893ae18e2c331afdb25b03c6efb933da1d71a,instances/corrected_v2_reduced_suite/evaluation_critical/evaluation/critical/instance_u30_a10_v4_seed1001_critical.txt,u30_seed1001,0.85,0.8450704225352113,0.85,True,0,12,29,True
instances/research_depth_load_sweep/rho0.85_normal1/instance_u40_a10_v4_seed1001_critical.txt,dd10f4d5445d62df6869c27391f5477795ea1416500ba570f4aaae3c5a0ba71e,gurobi-mip,1,1,lex-cos,lex-overtime,0,0,592,0,0,0,592,0,0,0,0,0,b98e75059c523562fbab64282673d9ea225242fe21209b5e428aee89aa625edd,instances/corrected_v2_reduced_suite/evaluation_critical/evaluation/critical/instance_u40_a10_v4_seed1001_critical.txt,u40_seed1001,0.85,0.8465608465608465,1.0,False,0,0,0,False
instances/research_depth_load_sweep/rho0.85_normal1/instance_u40_a10_v4_seed1001_critical.txt,dd10f4d5445d62df6869c27391f5477795ea1416500ba570f4aaae3c5a0ba71e,gurobi-mip,1,1,lex-cos,weighted,0,0,592,0,1,0,597,1,41,76,26,4,b98e75059c523562fbab64282673d9ea225242fe21209b5e428aee89aa625edd,instances/corrected_v2_reduced_suite/evaluation_critical/evaluation/critical/instance_u40_a10_v4_seed1001_critical.txt,u40_seed1001,0.85,0.8465608465608465,1.0,False,1,0,5,True
instances/research_depth_load_sweep/rho0.85_normal1/instance_u40_a10_v4_seed1001_critical.txt,dd10f4d5445d62df6869c27391f5477795ea1416500ba570f4aaae3c5a0ba71e,gurobi-mip,1,1,lex-overtime,weighted,0,0,592,0,1,0,597,1,41,76,26,4,b98e75059c523562fbab64282673d9ea225242fe21209b5e428aee89aa625edd,instances/corrected_v2_reduced_suite/evaluation_critical/evaluation/critical/instance_u40_a10_v4_seed1001_critical.txt,u40_seed1001,0.85,0.8465608465608465,1.0,False,1,0,5,True
instances/research_depth_load_sweep/rho0.55_normal0.85/instance_u40_a10_v5_seed1001_critical.txt,4a6f24330f2aeff0fe27b3d17f5740215839a3b967c285af1fc3b4d80da813cb,gurobi-mip,1,1,lex-cos,lex-overtime,0,0,737,0,0,0,737,0,0,0,0,0,0fa28a903cebd3a3dd85fef2874db9c94ef28e79ab436d5e05b1ed674d0dc046,instances/corrected_v2_reduced_suite/evaluation_critical/evaluation/critical/instance_u40_a10_v5_seed1001_critical.txt,u40_seed1001,0.55,0.5494505494505495,0.85,False,0,0,0,False
instances/research_depth_load_sweep/rho0.55_normal0.85/instance_u40_a10_v5_seed1001_critical.txt,4a6f24330f2aeff0fe27b3d17f5740215839a3b967c285af1fc3b4d80da813cb,gurobi-mip,1,1,lex-cos,weighted,0,0,737,0,2,0,741,2,49,95,32,34,0fa28a903cebd3a3dd85fef2874db9c94ef28e79ab436d5e05b1ed674d0dc046,instances/corrected_v2_reduced_suite/evaluation_critical/evaluation/critical/instance_u40_a10_v5_seed1001_critical.txt,u40_seed1001,0.55,0.5494505494505495,0.85,False,2,0,4,True
instances/research_depth_load_sweep/rho0.55_normal0.85/instance_u40_a10_v5_seed1001_critical.txt,4a6f24330f2aeff0fe27b3d17f5740215839a3b967c285af1fc3b4d80da813cb,gurobi-mip,1,1,lex-overtime,weighted,0,0,737,0,2,0,741,2,49,95,32,34,0fa28a903cebd3a3dd85fef2874db9c94ef28e79ab436d5e05b1ed674d0dc046,instances/corrected_v2_reduced_suite/evaluation_critical/evaluation/critical/instance_u40_a10_v5_seed1001_critical.txt,u40_seed1001,0.55,0.5494505494505495,0.85,False,2,0,4,True
instances/research_depth_load_sweep/rho0.85_normal0.85/instance_u40_a15_v5_seed1001_critical.txt,addefcd65569a464f6ade877201060bec8b3edf54c9784bd4a2ce47e7fa65a0a,gurobi-mip,1,1,lex-cos,lex-overtime,0,0,712,0,0,0,712,0,0,0,0,0,addefcd65569a464f6ade877201060bec8b3edf54c9784bd4a2ce47e7fa65a0a,instances/corrected_v2_reduced_suite/evaluation_critical/evaluation/critical/instance_u40_a15_v5_seed1001_critical.txt,u40_seed1001,0.85,0.847457627118644,0.85,True,0,0,0,False
instances/research_depth_load_sweep/rho0.85_normal0.85/instance_u40_a15_v5_seed1001_critical.txt,addefcd65569a464f6ade877201060bec8b3edf54c9784bd4a2ce47e7fa65a0a,gurobi-mip,1,1,lex-cos,weighted,0,0,712,0,3,14,748,3,66,102,37,28,addefcd65569a464f6ade877201060bec8b3edf54c9784bd4a2ce47e7fa65a0a,instances/corrected_v2_reduced_suite/evaluation_critical/evaluation/critical/instance_u40_a15_v5_seed1001_critical.txt,u40_seed1001,0.85,0.847457627118644,0.85,True,3,14,36,True
instances/research_depth_load_sweep/rho0.85_normal0.85/instance_u40_a15_v5_seed1001_critical.txt,addefcd65569a464f6ade877201060bec8b3edf54c9784bd4a2ce47e7fa65a0a,gurobi-mip,1,1,lex-overtime,weighted,0,0,712,0,3,14,748,3,66,102,37,28,addefcd65569a464f6ade877201060bec8b3edf54c9784bd4a2ce47e7fa65a0a,instances/corrected_v2_reduced_suite/evaluation_critical/evaluation/critical/instance_u40_a15_v5_seed1001_critical.txt,u40_seed1001,0.85,0.847457627118644,0.85,True,3,14,36,True
instances/research_depth_load_sweep/rho0.85_normal0.85/instance_u30_a25_v4_seed1003_critical.txt,1106683ff4d0a32c24be1898a1c47de6e406379be52c648767eb810adcb9134d,gurobi-mip,1,1,lex-cos,lex-overtime,0,0,416,0,0,0,416,0,0,0,0,0,1106683ff4d0a32c24be1898a1c47de6e406379be52c648767eb810adcb9134d,instances/corrected_v2_reduced_suite/evaluation_critical/evaluation/critical/instance_u30_a25_v4_seed1003_critical.txt,u30_seed1003,0.85,0.8450704225352113,0.85,True,0,0,0,False
instances/research_depth_load_sweep/rho0.85_normal0.85/instance_u30_a25_v4_seed1003_critical.txt,1106683ff4d0a32c24be1898a1c47de6e406379be52c648767eb810adcb9134d,gurobi-mip,1,1,lex-cos,weighted,0,0,416,0,5,2,429,5,36,54,25,4,1106683ff4d0a32c24be1898a1c47de6e406379be52c648767eb810adcb9134d,instances/corrected_v2_reduced_suite/evaluation_critical/evaluation/critical/instance_u30_a25_v4_seed1003_critical.txt,u30_seed1003,0.85,0.8450704225352113,0.85,True,5,2,13,True
instances/research_depth_load_sweep/rho0.85_normal0.85/instance_u30_a25_v4_seed1003_critical.txt,1106683ff4d0a32c24be1898a1c47de6e406379be52c648767eb810adcb9134d,gurobi-mip,1,1,lex-overtime,weighted,0,0,416,0,5,2,429,5,36,54,25,4,1106683ff4d0a32c24be1898a1c47de6e406379be52c648767eb810adcb9134d,instances/corrected_v2_reduced_suite/evaluation_critical/evaluation/critical/instance_u30_a25_v4_seed1003_critical.txt,u30_seed1003,0.85,0.8450704225352113,0.85,True,5,2,13,True
instances/research_depth_load_sweep/rho0.55_normal1/instance_u40_a15_v4_seed1001_critical.txt,1e6c0ba41386a038029bf336201c332dd1972c2e05c000398499b5910ce7f0cd,gurobi-mip,1,1,lex-cos,lex-overtime,0,0,605,0,0,0,605,0,0,0,0,0,935abeb825bf65f5eb6f564d142868752b8f09cc140daeead539a193eee52b75,instances/corrected_v2_reduced_suite/evaluation_critical/evaluation/critical/instance_u40_a15_v4_seed1001_critical.txt,u40_seed1001,0.55,0.5498281786941581,1.0,False,0,0,0,False
instances/research_depth_load_sweep/rho0.55_normal1/instance_u40_a15_v4_seed1001_critical.txt,1e6c0ba41386a038029bf336201c332dd1972c2e05c000398499b5910ce7f0cd,gurobi-mip,1,1,lex-cos,weighted,0,0,605,0,4,0,613,4,53,69,32,30,935abeb825bf65f5eb6f564d142868752b8f09cc140daeead539a193eee52b75,instances/corrected_v2_reduced_suite/evaluation_critical/evaluation/critical/instance_u40_a15_v4_seed1001_critical.txt,u40_seed1001,0.55,0.5498281786941581,1.0,False,4,0,8,True
instances/research_depth_load_sweep/rho0.55_normal1/instance_u40_a15_v4_seed1001_critical.txt,1e6c0ba41386a038029bf336201c332dd1972c2e05c000398499b5910ce7f0cd,gurobi-mip,1,1,lex-overtime,weighted,0,0,605,0,4,0,613,4,53,69,32,30,935abeb825bf65f5eb6f564d142868752b8f09cc140daeead539a193eee52b75,instances/corrected_v2_reduced_suite/evaluation_critical/evaluation/critical/instance_u40_a15_v4_seed1001_critical.txt,u40_seed1001,0.55,0.5498281786941581,1.0,False,4,0,8,True
instances/research_depth_load_sweep/rho0.55_normal1/instance_u30_a25_v5_seed1002_critical.txt,1f1e5ffac95b9bc29d789d289405b7f33d06192d490bc0990408cb344e9aecde,gurobi-mip,1,1,lex-cos,lex-overtime,0,0,544,0,0,0,544,0,0,0,0,0,13d35da4af1d246d1dc9e9e69e18e81522824e99442b070094b3ee6de84cff54,instances/corrected_v2_reduced_suite/evaluation_critical/evaluation/critical/instance_u30_a25_v5_seed1002_critical.txt,u30_seed1002,0.55,0.5494505494505495,1.0,False,0,0,0,False
instances/research_depth_load_sweep/rho0.55_normal1/instance_u30_a25_v5_seed1002_critical.txt,1f1e5ffac95b9bc29d789d289405b7f33d06192d490bc0990408cb344e9aecde,gurobi-mip,1,1,lex-cos,weighted,0,0,544,0,7,0,573,7,63,75,37,50,13d35da4af1d246d1dc9e9e69e18e81522824e99442b070094b3ee6de84cff54,instances/corrected_v2_reduced_suite/evaluation_critical/evaluation/critical/instance_u30_a25_v5_seed1002_critical.txt,u30_seed1002,0.55,0.5494505494505495,1.0,False,7,0,29,True
instances/research_depth_load_sweep/rho0.55_normal1/instance_u30_a25_v5_seed1002_critical.txt,1f1e5ffac95b9bc29d789d289405b7f33d06192d490bc0990408cb344e9aecde,gurobi-mip,1,1,lex-overtime,weighted,0,0,544,0,7,0,573,7,63,75,37,50,13d35da4af1d246d1dc9e9e69e18e81522824e99442b070094b3ee6de84cff54,instances/corrected_v2_reduced_suite/evaluation_critical/evaluation/critical/instance_u30_a25_v5_seed1002_critical.txt,u30_seed1002,0.55,0.5494505494505495,1.0,False,7,0,29,True
instances/research_depth_load_sweep/rho0.98_normal0.7/instance_u30_a20_v4_seed1002_critical.txt,c98fdb45dd85590c09815520be43ac6361125aea8e9ab0b22f1638b06dd4024c,gurobi-mip,1,1,lex-cos,lex-overtime,2,34,414,2,2,34,414,2,0,0,0,0,34bd64e4677b21f310faa4406545db874dca6ae220c9a65e8a35f01abe1b0955,instances/corrected_v2_reduced_suite/evaluation_critical/evaluation/critical/instance_u30_a20_v4_seed1002_critical.txt,u30_seed1002,0.98,0.975609756097561,0.7,False,0,0,0,False
instances/research_depth_load_sweep/rho0.98_normal0.7/instance_u30_a20_v4_seed1002_critical.txt,c98fdb45dd85590c09815520be43ac6361125aea8e9ab0b22f1638b06dd4024c,gurobi-mip,1,1,lex-cos,weighted,2,34,414,2,5,34,425,5,30,44,22,0,34bd64e4677b21f310faa4406545db874dca6ae220c9a65e8a35f01abe1b0955,instances/corrected_v2_reduced_suite/evaluation_critical/evaluation/critical/instance_u30_a20_v4_seed1002_critical.txt,u30_seed1002,0.98,0.975609756097561,0.7,False,3,0,11,True
instances/research_depth_load_sweep/rho0.98_normal0.7/instance_u30_a20_v4_seed1002_critical.txt,c98fdb45dd85590c09815520be43ac6361125aea8e9ab0b22f1638b06dd4024c,gurobi-mip,1,1,lex-overtime,weighted,2,34,414,2,5,34,425,5,30,44,22,0,34bd64e4677b21f310faa4406545db874dca6ae220c9a65e8a35f01abe1b0955,instances/corrected_v2_reduced_suite/evaluation_critical/evaluation/critical/instance_u30_a20_v4_seed1002_critical.txt,u30_seed1002,0.98,0.975609756097561,0.7,False,3,0,11,True
instances/research_depth_load_sweep/rho0.55_normal0.7/instance_u30_a20_v4_seed1001_critical.txt,12edb0e6275552682079dd6de45a9519535ce1e4d0b47b487d7d07b99c883104,gurobi-mip,1,1,lex-cos,lex-overtime,0,0,464,0,0,0,464,0,0,0,0,0,d4d3d128eb54871902a41a24c690d5559af2a39138098ef2902d8f1e4d8089a8,instances/corrected_v2_reduced_suite/evaluation_critical/evaluation/critical/instance_u30_a20_v4_seed1001_critical.txt,u30_seed1001,0.55,0.547945205479452,0.7,False,0,0,0,False
instances/research_depth_load_sweep/rho0.55_normal0.7/instance_u30_a20_v4_seed1001_critical.txt,12edb0e6275552682079dd6de45a9519535ce1e4d0b47b487d7d07b99c883104,gurobi-mip,1,1,lex-cos,weighted,0,0,464,0,0,8,472,0,38,59,29,22,d4d3d128eb54871902a41a24c690d5559af2a39138098ef2902d8f1e4d8089a8,instances/corrected_v2_reduced_suite/evaluation_critical/evaluation/critical/instance_u30_a20_v4_seed1001_critical.txt,u30_seed1001,0.55,0.547945205479452,0.7,False,0,8,8,True
instances/research_depth_load_sweep/rho0.55_normal0.7/instance_u30_a20_v4_seed1001_critical.txt,12edb0e6275552682079dd6de45a9519535ce1e4d0b47b487d7d07b99c883104,gurobi-mip,1,1,lex-overtime,weighted,0,0,464,0,0,8,472,0,38,59,29,22,d4d3d128eb54871902a41a24c690d5559af2a39138098ef2902d8f1e4d8089a8,instances/corrected_v2_reduced_suite/evaluation_critical/evaluation/critical/instance_u30_a20_v4_seed1001_critical.txt,u30_seed1001,0.55,0.547945205479452,0.7,False,0,8,8,True
instances/research_depth_load_sweep/rho0.98_normal1/instance_u40_a25_v4_seed1002_critical.txt,bd4da7b59f093ec45c7c19f02595fc91d4336bfa0ecf379379e0dde4ccff8853,gurobi-mip,1,1,lex-cos,lex-overtime,3,0,521,3,3,0,521,3,0,0,0,0,5c9a8a3dcc3d1fe985ff86f0f6765ea477a79927e1fcb4a8a0be3ecb89ce8cfe,instances/corrected_v2_reduced_suite/evaluation_critical/evaluation/critical/instance_u40_a25_v4_seed1002_critical.txt,u40_seed1002,0.98,0.975609756097561,1.0,False,0,0,0,False
instances/research_depth_load_sweep/rho0.98_normal1/instance_u40_a25_v4_seed1002_critical.txt,bd4da7b59f093ec45c7c19f02595fc91d4336bfa0ecf379379e0dde4ccff8853,gurobi-mip,1,1,lex-cos,weighted,3,0,521,3,14,0,561,14,51,78,37,2,5c9a8a3dcc3d1fe985ff86f0f6765ea477a79927e1fcb4a8a0be3ecb89ce8cfe,instances/corrected_v2_reduced_suite/evaluation_critical/evaluation/critical/instance_u40_a25_v4_seed1002_critical.txt,u40_seed1002,0.98,0.975609756097561,1.0,False,11,0,40,True
instances/research_depth_load_sweep/rho0.98_normal1/instance_u40_a25_v4_seed1002_critical.txt,bd4da7b59f093ec45c7c19f02595fc91d4336bfa0ecf379379e0dde4ccff8853,gurobi-mip,1,1,lex-overtime,weighted,3,0,521,3,14,0,561,14,51,78,37,2,5c9a8a3dcc3d1fe985ff86f0f6765ea477a79927e1fcb4a8a0be3ecb89ce8cfe,instances/corrected_v2_reduced_suite/evaluation_critical/evaluation/critical/instance_u40_a25_v4_seed1002_critical.txt,u40_seed1002,0.98,0.975609756097561,1.0,False,11,0,40,True
instances/research_depth_load_sweep/rho0.55_normal0.7/instance_u30_a10_v5_seed1003_critical.txt,060a366c293c7baf6973ae526fc75fc013c339c93bd3dd6d224ce57906b10bfc,gurobi-mip,1,1,lex-cos,lex-overtime,0,0,503,0,0,0,503,0,0,0,0,0,f927ebb65ee27c08aa667987adf8f8a250da1264d79c4928cd88971e4a6b004e,instances/corrected_v2_reduced_suite/evaluation_critical/evaluation/critical/instance_u30_a10_v5_seed1003_critical.txt,u30_seed1003,0.55,0.5494505494505495,0.7,False,0,0,0,False
instances/research_depth_load_sweep/rho0.55_normal0.7/instance_u30_a10_v5_seed1003_critical.txt,060a366c293c7baf6973ae526fc75fc013c339c93bd3dd6d224ce57906b10bfc,gurobi-mip,1,1,lex-cos,weighted,0,0,503,0,5,0,512,5,38,84,21,16,f927ebb65ee27c08aa667987adf8f8a250da1264d79c4928cd88971e4a6b004e,instances/corrected_v2_reduced_suite/evaluation_critical/evaluation/critical/instance_u30_a10_v5_seed1003_critical.txt,u30_seed1003,0.55,0.5494505494505495,0.7,False,5,0,9,True
instances/research_depth_load_sweep/rho0.55_normal0.7/instance_u30_a10_v5_seed1003_critical.txt,060a366c293c7baf6973ae526fc75fc013c339c93bd3dd6d224ce57906b10bfc,gurobi-mip,1,1,lex-overtime,weighted,0,0,503,0,5,0,512,5,38,84,21,16,f927ebb65ee27c08aa667987adf8f8a250da1264d79c4928cd88971e4a6b004e,instances/corrected_v2_reduced_suite/evaluation_critical/evaluation/critical/instance_u30_a10_v5_seed1003_critical.txt,u30_seed1003,0.55,0.5494505494505495,0.7,False,5,0,9,True
instances/research_depth_load_sweep/rho0.85_normal0.85/instance_u30_a15_v5_seed1001_critical.txt,d905fad91222982a08a22ae863c33e30bfbfd97c54ac14ec4029959a98d9ffe3,gurobi-mip,1,1,lex-cos,lex-overtime,0,0,535,0,0,0,535,0,0,0,0,0,d905fad91222982a08a22ae863c33e30bfbfd97c54ac14ec4029959a98d9ffe3,instances/corrected_v2_reduced_suite/evaluation_critical/evaluation/critical/instance_u30_a15_v5_seed1001_critical.txt,u30_seed1001,0.85,0.847457627118644,0.85,True,0,0,0,False
instances/research_depth_load_sweep/rho0.85_normal0.85/instance_u30_a15_v5_seed1001_critical.txt,d905fad91222982a08a22ae863c33e30bfbfd97c54ac14ec4029959a98d9ffe3,gurobi-mip,1,1,lex-cos,weighted,0,0,535,0,0,14,565,0,42,57,26,28,d905fad91222982a08a22ae863c33e30bfbfd97c54ac14ec4029959a98d9ffe3,instances/corrected_v2_reduced_suite/evaluation_critical/evaluation/critical/instance_u30_a15_v5_seed1001_critical.txt,u30_seed1001,0.85,0.847457627118644,0.85,True,0,14,30,True
instances/research_depth_load_sweep/rho0.85_normal0.85/instance_u30_a15_v5_seed1001_critical.txt,d905fad91222982a08a22ae863c33e30bfbfd97c54ac14ec4029959a98d9ffe3,gurobi-mip,1,1,lex-overtime,weighted,0,0,535,0,0,14,565,0,42,57,26,28,d905fad91222982a08a22ae863c33e30bfbfd97c54ac14ec4029959a98d9ffe3,instances/corrected_v2_reduced_suite/evaluation_critical/evaluation/critical/instance_u30_a15_v5_seed1001_critical.txt,u30_seed1001,0.85,0.847457627118644,0.85,True,0,14,30,True
instances/research_depth_load_sweep/rho0.85_normal0.7/instance_u40_a20_v4_seed1003_critical.txt,eba5e01bbe30b9cdf5912deae7f8a11c9215c748689224c1bac53fe81dd2659e,gurobi-mip,1,1,lex-cos,lex-overtime,0,28,546,0,0,28,546,0,0,0,0,0,2e89d655657e6565c5ecb975872229f2b89227e9d8d4becfc0d4e18894748b91,instances/corrected_v2_reduced_suite/evaluation_critical/evaluation/critical/instance_u40_a20_v4_seed1003_critical.txt,u40_seed1003,0.85,0.8465608465608465,0.7,False,0,0,0,False
instances/research_depth_load_sweep/rho0.85_normal0.7/instance_u40_a20_v4_seed1003_critical.txt,eba5e01bbe30b9cdf5912deae7f8a11c9215c748689224c1bac53fe81dd2659e,gurobi-mip,1,1,lex-cos,weighted,0,28,546,0,10,30,569,10,53,79,37,16,2e89d655657e6565c5ecb975872229f2b89227e9d8d4becfc0d4e18894748b91,instances/corrected_v2_reduced_suite/evaluation_critical/evaluation/critical/instance_u40_a20_v4_seed1003_critical.txt,u40_seed1003,0.85,0.8465608465608465,0.7,False,10,2,23,True
instances/research_depth_load_sweep/rho0.85_normal0.7/instance_u40_a20_v4_seed1003_critical.txt,eba5e01bbe30b9cdf5912deae7f8a11c9215c748689224c1bac53fe81dd2659e,gurobi-mip,1,1,lex-overtime,weighted,0,28,546,0,10,30,569,10,53,79,37,16,2e89d655657e6565c5ecb975872229f2b89227e9d8d4becfc0d4e18894748b91,instances/corrected_v2_reduced_suite/evaluation_critical/evaluation/critical/instance_u40_a20_v4_seed1003_critical.txt,u40_seed1003,0.85,0.8465608465608465,0.7,False,10,2,23,True
instances/research_depth_load_sweep/rho0.85_normal0.85/instance_u40_a20_v5_seed1003_critical.txt,d83d36c93f2b20d42d2082b908832af7a5bf6831774fa8060410156fd9f71c3d,gurobi-mip,1,1,lex-cos,lex-overtime,0,0,660,0,0,0,660,0,0,0,0,0,d83d36c93f2b20d42d2082b908832af7a5bf6831774fa8060410156fd9f71c3d,instances/corrected_v2_reduced_suite/evaluation_critical/evaluation/critical/instance_u40_a20_v5_seed1003_critical.txt,u40_seed1003,0.85,0.847457627118644,0.85,True,0,0,0,False
instances/research_depth_load_sweep/rho0.85_normal0.85/instance_u40_a20_v5_seed1003_critical.txt,d83d36c93f2b20d42d2082b908832af7a5bf6831774fa8060410156fd9f71c3d,gurobi-mip,1,1,lex-cos,weighted,0,0,660,0,10,14,718,10,82,117,47,28,d83d36c93f2b20d42d2082b908832af7a5bf6831774fa8060410156fd9f71c3d,instances/corrected_v2_reduced_suite/evaluation_critical/evaluation/critical/instance_u40_a20_v5_seed1003_critical.txt,u40_seed1003,0.85,0.847457627118644,0.85,True,10,14,58,True
instances/research_depth_load_sweep/rho0.85_normal0.85/instance_u40_a20_v5_seed1003_critical.txt,d83d36c93f2b20d42d2082b908832af7a5bf6831774fa8060410156fd9f71c3d,gurobi-mip,1,1,lex-overtime,weighted,0,0,660,0,10,14,718,10,82,117,47,28,d83d36c93f2b20d42d2082b908832af7a5bf6831774fa8060410156fd9f71c3d,instances/corrected_v2_reduced_suite/evaluation_critical/evaluation/critical/instance_u40_a20_v5_seed1003_critical.txt,u40_seed1003,0.85,0.847457627118644,0.85,True,10,14,58,True
instances/research_depth_load_sweep/rho0.55_normal0.7/instance_u30_a15_v5_seed1001_critical.txt,d290a7d00c9b38488fbcdda3104d5f27fe372e198d096198cd4dde956242278d,gurobi-mip,1,1,lex-cos,lex-overtime,0,0,572,0,0,0,572,0,0,0,0,0,d905fad91222982a08a22ae863c33e30bfbfd97c54ac14ec4029959a98d9ffe3,instances/corrected_v2_reduced_suite/evaluation_critical/evaluation/critical/instance_u30_a15_v5_seed1001_critical.txt,u30_seed1001,0.55,0.5494505494505495,0.7,False,0,0,0,False
instances/research_depth_load_sweep/rho0.55_normal0.7/instance_u30_a15_v5_seed1001_critical.txt,d290a7d00c9b38488fbcdda3104d5f27fe372e198d096198cd4dde956242278d,gurobi-mip,1,1,lex-cos,weighted,0,0,572,0,0,4,576,0,35,85,20,18,d905fad91222982a08a22ae863c33e30bfbfd97c54ac14ec4029959a98d9ffe3,instances/corrected_v2_reduced_suite/evaluation_critical/evaluation/critical/instance_u30_a15_v5_seed1001_critical.txt,u30_seed1001,0.55,0.5494505494505495,0.7,False,0,4,4,True
instances/research_depth_load_sweep/rho0.55_normal0.7/instance_u30_a15_v5_seed1001_critical.txt,d290a7d00c9b38488fbcdda3104d5f27fe372e198d096198cd4dde956242278d,gurobi-mip,1,1,lex-overtime,weighted,0,0,572,0,0,4,576,0,35,85,20,18,d905fad91222982a08a22ae863c33e30bfbfd97c54ac14ec4029959a98d9ffe3,instances/corrected_v2_reduced_suite/evaluation_critical/evaluation/critical/instance_u30_a15_v5_seed1001_critical.txt,u30_seed1001,0.55,0.5494505494505495,0.7,False,0,4,4,True
instances/research_depth_load_sweep/rho0.98_normal0.85/instance_u30_a20_v5_seed1001_critical.txt,cfa1df183e29edcaf1502eec2800037def7baf0263187201ab544738c1fe16d1,gurobi-mip,1,1,lex-cos,lex-overtime,0,19,537,0,0,19,537,0,0,0,0,0,22ee92263371ecea73d08de26b04d5edec6fc04579a52160b302a4510f99ac1e,instances/corrected_v2_reduced_suite/evaluation_critical/evaluation/critical/instance_u30_a20_v5_seed1001_critical.txt,u30_seed1001,0.98,0.974025974025974,0.85,False,0,0,0,False
instances/research_depth_load_sweep/rho0.98_normal0.85/instance_u30_a20_v5_seed1001_critical.txt,cfa1df183e29edcaf1502eec2800037def7baf0263187201ab544738c1fe16d1,gurobi-mip,1,1,lex-cos,weighted,0,19,537,0,1,19,538,1,14,72,10,2,22ee92263371ecea73d08de26b04d5edec6fc04579a52160b302a4510f99ac1e,instances/corrected_v2_reduced_suite/evaluation_critical/evaluation/critical/instance_u30_a20_v5_seed1001_critical.txt,u30_seed1001,0.98,0.974025974025974,0.85,False,1,0,1,True
instances/research_depth_load_sweep/rho0.98_normal0.85/instance_u30_a20_v5_seed1001_critical.txt,cfa1df183e29edcaf1502eec2800037def7baf0263187201ab544738c1fe16d1,gurobi-mip,1,1,lex-overtime,weighted,0,19,537,0,1,19,538,1,14,72,10,2,22ee92263371ecea73d08de26b04d5edec6fc04579a52160b302a4510f99ac1e,instances/corrected_v2_reduced_suite/evaluation_critical/evaluation/critical/instance_u30_a20_v5_seed1001_critical.txt,u30_seed1001,0.98,0.974025974025974,0.85,False,1,0,1,True
instances/research_depth_load_sweep/rho0.55_normal0.7/instance_u40_a15_v5_seed1002_critical.txt,52c025ca556cf1b2e457b09b2de225e768d40c94045f7452a028cc70ddce463e,gurobi-mip,1,1,lex-cos,lex-overtime,2,0,720,2,2,0,720,2,0,0,0,0,fbf890b517ed96fe2ae987767a36e6554398d327dac819b9cc3837ab221b32da,instances/corrected_v2_reduced_suite/evaluation_critical/evaluation/critical/instance_u40_a15_v5_seed1002_critical.txt,u40_seed1002,0.55,0.5494505494505495,0.7,False,0,0,0,False
instances/research_depth_load_sweep/rho0.55_normal0.7/instance_u40_a15_v5_seed1002_critical.txt,52c025ca556cf1b2e457b09b2de225e768d40c94045f7452a028cc70ddce463e,gurobi-mip,1,1,lex-cos,weighted,2,0,720,2,13,0,755,13,51,94,26,16,fbf890b517ed96fe2ae987767a36e6554398d327dac819b9cc3837ab221b32da,instances/corrected_v2_reduced_suite/evaluation_critical/evaluation/critical/instance_u40_a15_v5_seed1002_critical.txt,u40_seed1002,0.55,0.5494505494505495,0.7,False,11,0,35,True
instances/research_depth_load_sweep/rho0.55_normal0.7/instance_u40_a15_v5_seed1002_critical.txt,52c025ca556cf1b2e457b09b2de225e768d40c94045f7452a028cc70ddce463e,gurobi-mip,1,1,lex-overtime,weighted,2,0,720,2,13,0,755,13,51,94,26,16,fbf890b517ed96fe2ae987767a36e6554398d327dac819b9cc3837ab221b32da,instances/corrected_v2_reduced_suite/evaluation_critical/evaluation/critical/instance_u40_a15_v5_seed1002_critical.txt,u40_seed1002,0.55,0.5494505494505495,0.7,False,11,0,35,True
instances/research_depth_load_sweep/rho0.85_normal0.7/instance_u30_a25_v4_seed1002_critical.txt,0b5f4fac9caa48b80b398aa750d6da05f327c67a0d2894d38d2b16f58b456cdd,gurobi-mip,1,1,lex-cos,lex-overtime,1,21,427,1,1,21,427,1,0,0,0,0,de23508d979db3048be208918f8d51242d991165e80c2414fca7a3ce4ee5b17d,instances/corrected_v2_reduced_suite/evaluation_critical/evaluation/critical/instance_u30_a25_v4_seed1002_critical.txt,u30_seed1002,0.85,0.8450704225352113,0.7,False,0,0,0,False
instances/research_depth_load_sweep/rho0.85_normal0.7/instance_u30_a25_v4_seed1002_critical.txt,0b5f4fac9caa48b80b398aa750d6da05f327c67a0d2894d38d2b16f58b456cdd,gurobi-mip,1,1,lex-cos,weighted,1,21,427,1,4,24,440,4,41,53,32,16,de23508d979db3048be208918f8d51242d991165e80c2414fca7a3ce4ee5b17d,instances/corrected_v2_reduced_suite/evaluation_critical/evaluation/critical/instance_u30_a25_v4_seed1002_critical.txt,u30_seed1002,0.85,0.8450704225352113,0.7,False,3,3,13,True
instances/research_depth_load_sweep/rho0.85_normal0.7/instance_u30_a25_v4_seed1002_critical.txt,0b5f4fac9caa48b80b398aa750d6da05f327c67a0d2894d38d2b16f58b456cdd,gurobi-mip,1,1,lex-overtime,weighted,1,21,427,1,4,24,440,4,41,53,32,16,de23508d979db3048be208918f8d51242d991165e80c2414fca7a3ce4ee5b17d,instances/corrected_v2_reduced_suite/evaluation_critical/evaluation/critical/instance_u30_a25_v4_seed1002_critical.txt,u30_seed1002,0.85,0.8450704225352113,0.7,False,3,3,13,True
instances/research_depth_load_sweep/rho0.98_normal1/instance_u30_a10_v5_seed1001_critical.txt,8aeddf21882f790be9e5c75533a284e7949acab18039de55a66b9b2f7341546f,gurobi-mip,1,1,lex-cos,lex-overtime,0,0,534,0,0,0,534,0,0,0,0,0,f0260653f1c0ec8a84896f38a9bfdbc795d01316d5a47411bbb0a60f7a6e9958,instances/corrected_v2_reduced_suite/evaluation_critical/evaluation/critical/instance_u30_a10_v5_seed1001_critical.txt,u30_seed1001,0.98,0.974025974025974,1.0,False,0,0,0,False
instances/research_depth_load_sweep/rho0.98_normal1/instance_u30_a10_v5_seed1001_critical.txt,8aeddf21882f790be9e5c75533a284e7949acab18039de55a66b9b2f7341546f,gurobi-mip,1,1,lex-cos,weighted,0,0,534,0,1,0,535,1,31,65,17,0,f0260653f1c0ec8a84896f38a9bfdbc795d01316d5a47411bbb0a60f7a6e9958,instances/corrected_v2_reduced_suite/evaluation_critical/evaluation/critical/instance_u30_a10_v5_seed1001_critical.txt,u30_seed1001,0.98,0.974025974025974,1.0,False,1,0,1,True
instances/research_depth_load_sweep/rho0.98_normal1/instance_u30_a10_v5_seed1001_critical.txt,8aeddf21882f790be9e5c75533a284e7949acab18039de55a66b9b2f7341546f,gurobi-mip,1,1,lex-overtime,weighted,0,0,534,0,1,0,535,1,31,65,17,0,f0260653f1c0ec8a84896f38a9bfdbc795d01316d5a47411bbb0a60f7a6e9958,instances/corrected_v2_reduced_suite/evaluation_critical/evaluation/critical/instance_u30_a10_v5_seed1001_critical.txt,u30_seed1001,0.98,0.974025974025974,1.0,False,1,0,1,True
instances/research_depth_load_sweep/rho0.85_normal0.85/instance_u40_a25_v4_seed1003_critical.txt,3df9ad93fd31450b47bc05e23b939b69e8ff446e817f1dae19bc71c5f2d8d73d,gurobi-mip,1,1,lex-cos,lex-overtime,0,0,537,0,0,0,537,0,0,0,0,0,3df9ad93fd31450b47bc05e23b939b69e8ff446e817f1dae19bc71c5f2d8d73d,instances/corrected_v2_reduced_suite/evaluation_critical/evaluation/critical/instance_u40_a25_v4_seed1003_critical.txt,u40_seed1003,0.85,0.8465608465608465,0.85,True,0,0,0,False
instances/research_depth_load_sweep/rho0.85_normal0.85/instance_u40_a25_v4_seed1003_critical.txt,3df9ad93fd31450b47bc05e23b939b69e8ff446e817f1dae19bc71c5f2d8d73d,gurobi-mip,1,1,lex-cos,weighted,0,0,537,0,6,13,573,6,58,98,43,26,3df9ad93fd31450b47bc05e23b939b69e8ff446e817f1dae19bc71c5f2d8d73d,instances/corrected_v2_reduced_suite/evaluation_critical/evaluation/critical/instance_u40_a25_v4_seed1003_critical.txt,u40_seed1003,0.85,0.8465608465608465,0.85,True,6,13,36,True
instances/research_depth_load_sweep/rho0.85_normal0.85/instance_u40_a25_v4_seed1003_critical.txt,3df9ad93fd31450b47bc05e23b939b69e8ff446e817f1dae19bc71c5f2d8d73d,gurobi-mip,1,1,lex-overtime,weighted,0,0,537,0,6,13,573,6,58,98,43,26,3df9ad93fd31450b47bc05e23b939b69e8ff446e817f1dae19bc71c5f2d8d73d,instances/corrected_v2_reduced_suite/evaluation_critical/evaluation/critical/instance_u40_a25_v4_seed1003_critical.txt,u40_seed1003,0.85,0.8465608465608465,0.85,True,6,13,36,True
instances/research_depth_load_sweep/rho0.55_normal1/instance_u40_a15_v4_seed1003_critical.txt,f01c09b8505702530c78103246cc3436be92ab236cbdf8957ae76d20bfa5f34f,gurobi-mip,1,1,lex-cos,lex-overtime,0,0,569,0,0,0,569,0,0,0,0,0,60b67ddc948fc1382700a5f01082aad04d5d3d19d708c2351412f697e9f9ead7,instances/corrected_v2_reduced_suite/evaluation_critical/evaluation/critical/instance_u40_a15_v4_seed1003_critical.txt,u40_seed1003,0.55,0.5498281786941581,1.0,False,0,0,0,False
instances/research_depth_load_sweep/rho0.55_normal1/instance_u40_a15_v4_seed1003_critical.txt,f01c09b8505702530c78103246cc3436be92ab236cbdf8957ae76d20bfa5f34f,gurobi-mip,1,1,lex-cos,weighted,0,0,569,0,8,0,588,8,43,83,26,34,60b67ddc948fc1382700a5f01082aad04d5d3d19d708c2351412f697e9f9ead7,instances/corrected_v2_reduced_suite/evaluation_critical/evaluation/critical/instance_u40_a15_v4_seed1003_critical.txt,u40_seed1003,0.55,0.5498281786941581,1.0,False,8,0,19,True
instances/research_depth_load_sweep/rho0.55_normal1/instance_u40_a15_v4_seed1003_critical.txt,f01c09b8505702530c78103246cc3436be92ab236cbdf8957ae76d20bfa5f34f,gurobi-mip,1,1,lex-overtime,weighted,0,0,569,0,8,0,588,8,43,83,26,34,60b67ddc948fc1382700a5f01082aad04d5d3d19d708c2351412f697e9f9ead7,instances/corrected_v2_reduced_suite/evaluation_critical/evaluation/critical/instance_u40_a15_v4_seed1003_critical.txt,u40_seed1003,0.55,0.5498281786941581,1.0,False,8,0,19,True
instances/research_depth_load_sweep/rho0.98_normal0.85/instance_u40_a15_v4_seed1001_critical.txt,f777cf0e24687e969d0b101e3a72767b6d17f0238fb4a202d4a2d1117662024a,gurobi-mip,1,1,lex-cos,lex-overtime,0,21,569,0,0,21,569,0,0,0,0,0,935abeb825bf65f5eb6f564d142868752b8f09cc140daeead539a193eee52b75,instances/corrected_v2_reduced_suite/evaluation_critical/evaluation/critical/instance_u40_a15_v4_seed1001_critical.txt,u40_seed1001,0.98,0.975609756097561,0.85,False,0,0,0,False
instances/research_depth_load_sweep/rho0.98_normal0.85/instance_u40_a15_v4_seed1001_critical.txt,f777cf0e24687e969d0b101e3a72767b6d17f0238fb4a202d4a2d1117662024a,gurobi-mip,1,1,lex-cos,weighted,0,21,569,0,2,21,578,2,30,82,25,2,935abeb825bf65f5eb6f564d142868752b8f09cc140daeead539a193eee52b75,instances/corrected_v2_reduced_suite/evaluation_critical/evaluation/critical/instance_u40_a15_v4_seed1001_critical.txt,u40_seed1001,0.98,0.975609756097561,0.85,False,2,0,9,True
instances/research_depth_load_sweep/rho0.98_normal0.85/instance_u40_a15_v4_seed1001_critical.txt,f777cf0e24687e969d0b101e3a72767b6d17f0238fb4a202d4a2d1117662024a,gurobi-mip,1,1,lex-overtime,weighted,0,21,569,0,2,21,578,2,30,82,25,2,935abeb825bf65f5eb6f564d142868752b8f09cc140daeead539a193eee52b75,instances/corrected_v2_reduced_suite/evaluation_critical/evaluation/critical/instance_u40_a15_v4_seed1001_critical.txt,u40_seed1001,0.98,0.975609756097561,0.85,False,2,0,9,True
instances/research_depth_load_sweep/rho0.55_normal0.7/instance_u40_a10_v4_seed1002_critical.txt,1283416f77786693ba53f26ebe334cefd859edaed74922e898f7cb6cb15e654e,gurobi-mip,1,1,lex-cos,lex-overtime,3,0,578,3,3,0,578,3,0,0,0,0,93e26e12184989f851e4f91e33046006e375b0bdc1069591b75e6f5d66e9d66b,instances/corrected_v2_reduced_suite/evaluation_critical/evaluation/critical/instance_u40_a10_v4_seed1002_critical.txt,u40_seed1002,0.55,0.5498281786941581,0.7,False,0,0,0,False
instances/research_depth_load_sweep/rho0.55_normal0.7/instance_u40_a10_v4_seed1002_critical.txt,1283416f77786693ba53f26ebe334cefd859edaed74922e898f7cb6cb15e654e,gurobi-mip,1,1,lex-cos,weighted,3,0,578,3,9,0,596,9,29,64,19,12,93e26e12184989f851e4f91e33046006e375b0bdc1069591b75e6f5d66e9d66b,instances/corrected_v2_reduced_suite/evaluation_critical/evaluation/critical/instance_u40_a10_v4_seed1002_critical.txt,u40_seed1002,0.55,0.5498281786941581,0.7,False,6,0,18,True
instances/research_depth_load_sweep/rho0.55_normal0.7/instance_u40_a10_v4_seed1002_critical.txt,1283416f77786693ba53f26ebe334cefd859edaed74922e898f7cb6cb15e654e,gurobi-mip,1,1,lex-overtime,weighted,3,0,578,3,9,0,596,9,29,64,19,12,93e26e12184989f851e4f91e33046006e375b0bdc1069591b75e6f5d66e9d66b,instances/corrected_v2_reduced_suite/evaluation_critical/evaluation/critical/instance_u40_a10_v4_seed1002_critical.txt,u40_seed1002,0.55,0.5498281786941581,0.7,False,6,0,18,True
instances/research_depth_load_sweep/rho0.98_normal0.7/instance_u40_a25_v5_seed1003_critical.txt,1ddad23e2abd0b06dd698e367bd3f439b34f10e95487cc1b912460492e1042bb,gurobi-mip,1,1,lex-cos,lex-overtime,1,56,654,1,1,56,654,1,0,0,0,0,4e512df627d17612d29d4a3e5f36bd78eb17641a1923ef501751875f036a5ae9,instances/corrected_v2_reduced_suite/evaluation_critical/evaluation/critical/instance_u40_a25_v5_seed1003_critical.txt,u40_seed1003,0.98,0.975609756097561,0.7,False,0,0,0,False
instances/research_depth_load_sweep/rho0.98_normal0.7/instance_u40_a25_v5_seed1003_critical.txt,1ddad23e2abd0b06dd698e367bd3f439b34f10e95487cc1b912460492e1042bb,gurobi-mip,1,1,lex-cos,weighted,1,56,654,1,14,56,694,14,67,101,41,2,4e512df627d17612d29d4a3e5f36bd78eb17641a1923ef501751875f036a5ae9,instances/corrected_v2_reduced_suite/evaluation_critical/evaluation/critical/instance_u40_a25_v5_seed1003_critical.txt,u40_seed1003,0.98,0.975609756097561,0.7,False,13,0,40,True
instances/research_depth_load_sweep/rho0.98_normal0.7/instance_u40_a25_v5_seed1003_critical.txt,1ddad23e2abd0b06dd698e367bd3f439b34f10e95487cc1b912460492e1042bb,gurobi-mip,1,1,lex-overtime,weighted,1,56,654,1,14,56,694,14,67,101,41,2,4e512df627d17612d29d4a3e5f36bd78eb17641a1923ef501751875f036a5ae9,instances/corrected_v2_reduced_suite/evaluation_critical/evaluation/critical/instance_u40_a25_v5_seed1003_critical.txt,u40_seed1003,0.98,0.975609756097561,0.7,False,13,0,40,True
instances/research_depth_load_sweep/rho0.55_normal0.85/instance_u30_a15_v5_seed1003_critical.txt,805b525d1ba3e9bfa73465ea7367fd7ad7f7bff2f570b1ee8173f8a1787180bc,gurobi-mip,1,1,lex-cos,lex-overtime,0,0,522,0,0,0,522,0,0,0,0,0,64a7b2c2ff975f7b043d37a3b7cd606305b2dcbf5aed735f467f0ff6c51b422e,instances/corrected_v2_reduced_suite/evaluation_critical/evaluation/critical/instance_u30_a15_v5_seed1003_critical.txt,u30_seed1003,0.55,0.5494505494505495,0.85,False,0,0,0,False
instances/research_depth_load_sweep/rho0.55_normal0.85/instance_u30_a15_v5_seed1003_critical.txt,805b525d1ba3e9bfa73465ea7367fd7ad7f7bff2f570b1ee8173f8a1787180bc,gurobi-mip,1,1,lex-cos,weighted,0,0,522,0,7,1,535,7,48,75,27,26,64a7b2c2ff975f7b043d37a3b7cd606305b2dcbf5aed735f467f0ff6c51b422e,instances/corrected_v2_reduced_suite/evaluation_critical/evaluation/critical/instance_u30_a15_v5_seed1003_critical.txt,u30_seed1003,0.55,0.5494505494505495,0.85,False,7,1,13,True
instances/research_depth_load_sweep/rho0.55_normal0.85/instance_u30_a15_v5_seed1003_critical.txt,805b525d1ba3e9bfa73465ea7367fd7ad7f7bff2f570b1ee8173f8a1787180bc,gurobi-mip,1,1,lex-overtime,weighted,0,0,522,0,7,1,535,7,48,75,27,26,64a7b2c2ff975f7b043d37a3b7cd606305b2dcbf5aed735f467f0ff6c51b422e,instances/corrected_v2_reduced_suite/evaluation_critical/evaluation/critical/instance_u30_a15_v5_seed1003_critical.txt,u30_seed1003,0.55,0.5494505494505495,0.85,False,7,1,13,True
instances/research_depth_load_sweep/rho0.85_normal0.7/instance_u30_a20_v4_seed1003_critical.txt,b687709906c841d12b8cd9f5d0a01059a24c3a01c5e1c087c4d4c0bdcdf91ce0,gurobi-mip,1,1,lex-cos,lex-overtime,0,21,421,0,0,21,421,0,0,0,0,0,68e2b74d850c1069e78bc56681e6d252a2a8df6699aceb2e6aaffeff722beca0,instances/corrected_v2_reduced_suite/evaluation_critical/evaluation/critical/instance_u30_a20_v4_seed1003_critical.txt,u30_seed1003,0.85,0.8450704225352113,0.7,False,0,0,0,False
instances/research_depth_load_sweep/rho0.85_normal0.7/instance_u30_a20_v4_seed1003_critical.txt,b687709906c841d12b8cd9f5d0a01059a24c3a01c5e1c087c4d4c0bdcdf91ce0,gurobi-mip,1,1,lex-cos,weighted,0,21,421,0,3,21,427,3,28,64,14,8,68e2b74d850c1069e78bc56681e6d252a2a8df6699aceb2e6aaffeff722beca0,instances/corrected_v2_reduced_suite/evaluation_critical/evaluation/critical/instance_u30_a20_v4_seed1003_critical.txt,u30_seed1003,0.85,0.8450704225352113,0.7,False,3,0,6,True
instances/research_depth_load_sweep/rho0.85_normal0.7/instance_u30_a20_v4_seed1003_critical.txt,b687709906c841d12b8cd9f5d0a01059a24c3a01c5e1c087c4d4c0bdcdf91ce0,gurobi-mip,1,1,lex-overtime,weighted,0,21,421,0,3,21,427,3,28,64,14,8,68e2b74d850c1069e78bc56681e6d252a2a8df6699aceb2e6aaffeff722beca0,instances/corrected_v2_reduced_suite/evaluation_critical/evaluation/critical/instance_u30_a20_v4_seed1003_critical.txt,u30_seed1003,0.85,0.8450704225352113,0.7,False,3,0,6,True
instances/research_depth_load_sweep/rho0.55_normal1/instance_u40_a25_v5_seed1001_critical.txt,74e4ab92f4bdc8255f14f44cee7e44c082659dcf11e65d941cb5017e5eac402b,gurobi-mip,1,1,lex-cos,lex-overtime,0,0,779,0,0,0,779,0,0,0,0,0,e045b0692d9963b967cc37f3afb3e58c3e9aff61a3ca6f5ab662629dc35b3201,instances/corrected_v2_reduced_suite/evaluation_critical/evaluation/critical/instance_u40_a25_v5_seed1001_critical.txt,u40_seed1001,0.55,0.5494505494505495,1.0,False,0,0,0,False
instances/research_depth_load_sweep/rho0.55_normal1/instance_u40_a25_v5_seed1001_critical.txt,74e4ab92f4bdc8255f14f44cee7e44c082659dcf11e65d941cb5017e5eac402b,gurobi-mip,1,1,lex-cos,weighted,0,0,779,0,4,0,790,4,59,103,32,52,e045b0692d9963b967cc37f3afb3e58c3e9aff61a3ca6f5ab662629dc35b3201,instances/corrected_v2_reduced_suite/evaluation_critical/evaluation/critical/instance_u40_a25_v5_seed1001_critical.txt,u40_seed1001,0.55,0.5494505494505495,1.0,False,4,0,11,True
instances/research_depth_load_sweep/rho0.55_normal1/instance_u40_a25_v5_seed1001_critical.txt,74e4ab92f4bdc8255f14f44cee7e44c082659dcf11e65d941cb5017e5eac402b,gurobi-mip,1,1,lex-overtime,weighted,0,0,779,0,4,0,790,4,59,103,32,52,e045b0692d9963b967cc37f3afb3e58c3e9aff61a3ca6f5ab662629dc35b3201,instances/corrected_v2_reduced_suite/evaluation_critical/evaluation/critical/instance_u40_a25_v5_seed1001_critical.txt,u40_seed1001,0.55,0.5494505494505495,1.0,False,4,0,11,True
instances/research_depth_load_sweep/rho0.85_normal1/instance_u30_a25_v4_seed1003_critical.txt,13cadb2348621e4316cafbbfb12a700dfcfdabfb55c4d8418fee741f9d9ee177,gurobi-mip,1,1,lex-cos,lex-overtime,0,0,422,0,0,0,422,0,0,0,0,0,1106683ff4d0a32c24be1898a1c47de6e406379be52c648767eb810adcb9134d,instances/corrected_v2_reduced_suite/evaluation_critical/evaluation/critical/instance_u30_a25_v4_seed1003_critical.txt,u30_seed1003,0.85,0.8450704225352113,1.0,False,0,0,0,False
instances/research_depth_load_sweep/rho0.85_normal1/instance_u30_a25_v4_seed1003_critical.txt,13cadb2348621e4316cafbbfb12a700dfcfdabfb55c4d8418fee741f9d9ee177,gurobi-mip,1,1,lex-cos,weighted,0,0,422,0,4,0,429,4,32,69,21,16,1106683ff4d0a32c24be1898a1c47de6e406379be52c648767eb810adcb9134d,instances/corrected_v2_reduced_suite/evaluation_critical/evaluation/critical/instance_u30_a25_v4_seed1003_critical.txt,u30_seed1003,0.85,0.8450704225352113,1.0,False,4,0,7,True
instances/research_depth_load_sweep/rho0.85_normal1/instance_u30_a25_v4_seed1003_critical.txt,13cadb2348621e4316cafbbfb12a700dfcfdabfb55c4d8418fee741f9d9ee177,gurobi-mip,1,1,lex-overtime,weighted,0,0,422,0,4,0,429,4,32,69,21,16,1106683ff4d0a32c24be1898a1c47de6e406379be52c648767eb810adcb9134d,instances/corrected_v2_reduced_suite/evaluation_critical/evaluation/critical/instance_u30_a25_v4_seed1003_critical.txt,u30_seed1003,0.85,0.8450704225352113,1.0,False,4,0,7,True
instances/research_depth_load_sweep/rho0.85_normal1/instance_u40_a10_v5_seed1002_critical.txt,1400e3fb7170af550e803b50f614023d4a6c774714cec9ec0140c199bc44d3c5,gurobi-mip,1,1,lex-cos,lex-overtime,4,0,711,4,4,0,711,4,0,0,0,0,559a4cbe53b4c6b0b9bb730eba6ec962c70e2de70ab1b20d1f420367127f3bf9,instances/corrected_v2_reduced_suite/evaluation_critical/evaluation/critical/instance_u40_a10_v5_seed1002_critical.txt,u40_seed1002,0.85,0.847457627118644,1.0,False,0,0,0,False
instances/research_depth_load_sweep/rho0.85_normal1/instance_u40_a10_v5_seed1002_critical.txt,1400e3fb7170af550e803b50f614023d4a6c774714cec9ec0140c199bc44d3c5,gurobi-mip,1,1,lex-cos,weighted,4,0,711,4,17,0,737,17,42,105,26,10,559a4cbe53b4c6b0b9bb730eba6ec962c70e2de70ab1b20d1f420367127f3bf9,instances/corrected_v2_reduced_suite/evaluation_critical/evaluation/critical/instance_u40_a10_v5_seed1002_critical.txt,u40_seed1002,0.85,0.847457627118644,1.0,False,13,0,26,True
instances/research_depth_load_sweep/rho0.85_normal1/instance_u40_a10_v5_seed1002_critical.txt,1400e3fb7170af550e803b50f614023d4a6c774714cec9ec0140c199bc44d3c5,gurobi-mip,1,1,lex-overtime,weighted,4,0,711,4,17,0,737,17,42,105,26,10,559a4cbe53b4c6b0b9bb730eba6ec962c70e2de70ab1b20d1f420367127f3bf9,instances/corrected_v2_reduced_suite/evaluation_critical/evaluation/critical/instance_u40_a10_v5_seed1002_critical.txt,u40_seed1002,0.85,0.847457627118644,1.0,False,13,0,26,True
instances/research_depth_load_sweep/rho0.55_normal0.85/instance_u30_a15_v4_seed1003_critical.txt,3f7544ef823f5c82d6df15b71658e8d0ade9d376f3e82b610eb40dcb96759278,gurobi-mip,1,1,lex-cos,lex-overtime,0,0,426,0,0,0,426,0,0,0,0,0,1a2fbafb2974a05729c7a458b27e009b17a67dbbf649967446361307f7e124a3,instances/corrected_v2_reduced_suite/evaluation_critical/evaluation/critical/instance_u30_a15_v4_seed1003_critical.txt,u30_seed1003,0.55,0.547945205479452,0.85,False,0,0,0,False
instances/research_depth_load_sweep/rho0.55_normal0.85/instance_u30_a15_v4_seed1003_critical.txt,3f7544ef823f5c82d6df15b71658e8d0ade9d376f3e82b610eb40dcb96759278,gurobi-mip,1,1,lex-cos,weighted,0,0,426,0,3,0,431,3,37,34,23,22,1a2fbafb2974a05729c7a458b27e009b17a67dbbf649967446361307f7e124a3,instances/corrected_v2_reduced_suite/evaluation_critical/evaluation/critical/instance_u30_a15_v4_seed1003_critical.txt,u30_seed1003,0.55,0.547945205479452,0.85,False,3,0,5,True
instances/research_depth_load_sweep/rho0.55_normal0.85/instance_u30_a15_v4_seed1003_critical.txt,3f7544ef823f5c82d6df15b71658e8d0ade9d376f3e82b610eb40dcb96759278,gurobi-mip,1,1,lex-overtime,weighted,0,0,426,0,3,0,431,3,37,34,23,22,1a2fbafb2974a05729c7a458b27e009b17a67dbbf649967446361307f7e124a3,instances/corrected_v2_reduced_suite/evaluation_critical/evaluation/critical/instance_u30_a15_v4_seed1003_critical.txt,u30_seed1003,0.55,0.547945205479452,0.85,False,3,0,5,True
