cfg_id;label;backend;formulation;method;delta;instance_name;status;elapsed_s;build_s;solve_s;verify_s;variables;constraints;explored;similarity;continuity;overtime;coverage;weighted_score
1;GUROBI-MIP;gurobi-mip;mip-e;weighted;-;instance_30_15_4_1;OPTIMUM;0.3635;0.0195;0.0699;0.0001;3371;3079;1;450;7;0;120;443
1;GUROBI-MIP;gurobi-mip;mip-e;weighted;-;instance_30_15_4_10;OPTIMUM;0.0403;0.0049;0.0332;0.0001;2858;2791;1;426;8;0;120;418
1;GUROBI-MIP;gurobi-mip;mip-e;weighted;-;instance_30_15_4_11;OPTIMUM;0.0443;0.0043;0.0382;0.0001;2559;2447;1;415;4;1;120;410
1;GUROBI-MIP;gurobi-mip;mip-e;weighted;-;instance_30_15_4_12;OPTIMUM;0.0423;0.0053;0.0350;0.0001;2802;2664;1;444;4;0;120;440
1;GUROBI-MIP;gurobi-mip;mip-e;weighted;-;instance_30_15_4_13;OPTIMUM;0.0643;0.0041;0.0584;0.0001;2204;2192;1;388;5;0;120;383
1;GUROBI-MIP;gurobi-mip;mip-e;weighted;-;instance_30_15_4_14;OPTIMUM;0.0440;0.0052;0.0366;0.0001;3089;2948;1;423;11;0;120;412
1;GUROBI-MIP;gurobi-mip;mip-e;weighted;-;instance_30_15_4_15;OPTIMUM;0.0500;0.0060;0.0419;0.0001;3341;3041;1;451;3;0;120;448
1;GUROBI-MIP;gurobi-mip;mip-e;weighted;-;instance_30_15_4_16;OPTIMUM;0.0332;0.0045;0.0267;0.0001;2300;2344;1;402;3;0;120;399
1;GUROBI-MIP;gurobi-mip;mip-e;weighted;-;instance_30_15_4_17;OPTIMUM;0.0407;0.0052;0.0335;0.0001;2875;2724;1;427;5;0;120;422
1;GUROBI-MIP;gurobi-mip;mip-e;weighted;-;instance_30_15_4_18;OPTIMUM;0.0611;0.0070;0.0518;0.0001;3959;3386;1;463;5;0;120;458
1;GUROBI-MIP;gurobi-mip;mip-e;weighted;-;instance_30_15_4_19;OPTIMUM;0.0356;0.0049;0.0288;0.0001;2623;2494;1;425;9;0;120;416
1;GUROBI-MIP;gurobi-mip;mip-e;weighted;-;instance_30_15_4_2;OPTIMUM;0.0428;0.0041;0.0368;0.0001;2165;2208;1;378;4;0;120;374
1;GUROBI-MIP;gurobi-mip;mip-e;weighted;-;instance_30_15_4_20;OPTIMUM;0.0356;0.0047;0.0291;0.0001;2444;2469;1;434;6;0;120;428
1;GUROBI-MIP;gurobi-mip;mip-e;weighted;-;instance_30_15_4_21;INFEASIBLE;0.0073;0.0037;0.0018;0.0000;1837;1922;0;;;;;
1;GUROBI-MIP;gurobi-mip;mip-e;weighted;-;instance_30_15_4_22;OPTIMUM;0.0379;0.0052;0.0307;0.0001;2720;2647;1;434;6;0;120;428
1;GUROBI-MIP;gurobi-mip;mip-e;weighted;-;instance_30_15_4_23;OPTIMUM;0.0502;0.0061;0.0420;0.0001;3361;3073;1;445;7;0;120;438
1;GUROBI-MIP;gurobi-mip;mip-e;weighted;-;instance_30_15_4_24;OPTIMUM;0.0466;0.0056;0.0391;0.0001;3343;3066;1;450;3;0;120;447
1;GUROBI-MIP;gurobi-mip;mip-e;weighted;-;instance_30_15_4_25;OPTIMUM;0.0317;0.0044;0.0254;0.0001;2287;2294;1;411;3;0;120;408
1;GUROBI-MIP;gurobi-mip;mip-e;weighted;-;instance_30_15_4_26;OPTIMUM;0.0466;0.0051;0.0397;0.0001;3064;2888;1;442;5;0;120;437
1;GUROBI-MIP;gurobi-mip;mip-e;weighted;-;instance_30_15_4_27;OPTIMUM;0.0423;0.0055;0.0349;0.0001;2917;2741;1;416;6;0;120;410
1;GUROBI-MIP;gurobi-mip;mip-e;weighted;-;instance_30_15_4_28;OPTIMUM;0.0482;0.0058;0.0403;0.0001;3117;2956;1;428;7;0;120;421
1;GUROBI-MIP;gurobi-mip;mip-e;weighted;-;instance_30_15_4_29;OPTIMUM;0.0268;0.0043;0.0205;0.0001;2095;2159;1;409;4;0;120;405
1;GUROBI-MIP;gurobi-mip;mip-e;weighted;-;instance_30_15_4_3;OPTIMUM;0.0481;0.0059;0.0402;0.0001;3366;3038;1;443;5;0;120;438
1;GUROBI-MIP;gurobi-mip;mip-e;weighted;-;instance_30_15_4_30;OPTIMUM;0.0517;0.0061;0.0435;0.0001;3307;3074;1;441;4;0;120;437
1;GUROBI-MIP;gurobi-mip;mip-e;weighted;-;instance_30_15_4_31;OPTIMUM;0.0493;0.0054;0.0419;0.0001;3331;3021;1;418;6;0;120;412
1;GUROBI-MIP;gurobi-mip;mip-e;weighted;-;instance_30_15_4_32;OPTIMUM;0.0487;0.0056;0.0410;0.0001;3155;2791;1;390;3;0;120;387
1;GUROBI-MIP;gurobi-mip;mip-e;weighted;-;instance_30_15_4_33;OPTIMUM;0.0456;0.0059;0.0376;0.0001;3223;2979;1;438;3;0;120;435
1;GUROBI-MIP;gurobi-mip;mip-e;weighted;-;instance_30_15_4_34;OPTIMUM;0.0462;0.0056;0.0386;0.0001;3322;2990;1;403;4;0;120;399
1;GUROBI-MIP;gurobi-mip;mip-e;weighted;-;instance_30_15_4_35;INFEASIBLE;0.0083;0.0046;0.0019;0.0000;2706;2659;0;;;;;
1;GUROBI-MIP;gurobi-mip;mip-e;weighted;-;instance_30_15_4_36;OPTIMUM;0.0432;0.0051;0.0362;0.0001;3184;2947;1;437;4;0;120;433
1;GUROBI-MIP;gurobi-mip;mip-e;weighted;-;instance_30_15_4_37;OPTIMUM;0.0399;0.0049;0.0330;0.0001;2865;2755;1;432;5;0;120;427
1;GUROBI-MIP;gurobi-mip;mip-e;weighted;-;instance_30_15_4_38;OPTIMUM;0.0412;0.0052;0.0340;0.0001;2845;2745;1;403;1;0;120;402
1;GUROBI-MIP;gurobi-mip;mip-e;weighted;-;instance_30_15_4_39;OPTIMUM;0.0470;0.0058;0.0392;0.0001;3288;3013;1;450;3;0;120;447
1;GUROBI-MIP;gurobi-mip;mip-e;weighted;-;instance_30_15_4_4;OPTIMUM;0.0563;0.0060;0.0482;0.0001;3686;3374;1;456;5;0;120;451
1;GUROBI-MIP;gurobi-mip;mip-e;weighted;-;instance_30_15_4_40;OPTIMUM;0.0534;0.0058;0.0453;0.0001;3126;2946;1;450;0;0;120;450
1;GUROBI-MIP;gurobi-mip;mip-e;weighted;-;instance_30_15_4_41;OPTIMUM;0.0611;0.0067;0.0521;0.0001;4145;3586;1;444;1;0;120;443
1;GUROBI-MIP;gurobi-mip;mip-e;weighted;-;instance_30_15_4_42;OPTIMUM;0.0565;0.0062;0.0481;0.0001;3363;3102;1;441;4;0;120;437
1;GUROBI-MIP;gurobi-mip;mip-e;weighted;-;instance_30_15_4_43;OPTIMUM;0.0661;0.0052;0.0589;0.0001;3163;2828;1;430;7;0;120;423
1;GUROBI-MIP;gurobi-mip;mip-e;weighted;-;instance_30_15_4_44;INFEASIBLE;0.0095;0.0053;0.0023;0.0000;2881;2803;0;;;;;
1;GUROBI-MIP;gurobi-mip;mip-e;weighted;-;instance_30_15_4_45;OPTIMUM;0.0515;0.0059;0.0436;0.0001;3586;3190;1;426;4;0;120;422
1;GUROBI-MIP;gurobi-mip;mip-e;weighted;-;instance_30_15_4_46;OPTIMUM;0.0468;0.0056;0.0392;0.0001;3478;3213;1;453;3;0;120;450
1;GUROBI-MIP;gurobi-mip;mip-e;weighted;-;instance_30_15_4_47;OPTIMUM;0.0379;0.0052;0.0307;0.0001;2811;2697;1;433;5;0;120;428
1;GUROBI-MIP;gurobi-mip;mip-e;weighted;-;instance_30_15_4_48;OPTIMUM;0.0424;0.0055;0.0349;0.0001;2913;2779;1;434;3;0;120;431
1;GUROBI-MIP;gurobi-mip;mip-e;weighted;-;instance_30_15_4_49;OPTIMUM;0.0395;0.0054;0.0320;0.0001;2912;2738;1;442;6;0;120;436
1;GUROBI-MIP;gurobi-mip;mip-e;weighted;-;instance_30_15_4_5;OPTIMUM;0.0410;0.0045;0.0347;0.0001;2772;2611;1;430;9;0;120;421
1;GUROBI-MIP;gurobi-mip;mip-e;weighted;-;instance_30_15_4_50;OPTIMUM;0.0310;0.0040;0.0251;0.0001;2294;2254;1;415;11;0;120;404
1;GUROBI-MIP;gurobi-mip;mip-e;weighted;-;instance_30_15_4_6;OPTIMUM;0.0378;0.0051;0.0307;0.0001;2621;2606;1;446;5;0;120;441
1;GUROBI-MIP;gurobi-mip;mip-e;weighted;-;instance_30_15_4_7;INFEASIBLE;0.0101;0.0057;0.0026;0.0000;3567;3241;0;;;;;
1;GUROBI-MIP;gurobi-mip;mip-e;weighted;-;instance_30_15_4_8;INFEASIBLE;0.0095;0.0056;0.0022;0.0000;3104;2911;0;;;;;
1;GUROBI-MIP;gurobi-mip;mip-e;weighted;-;instance_30_15_4_9;OPTIMUM;0.0398;0.0043;0.0334;0.0001;2364;2352;1;409;7;0;120;402
1;GUROBI-MIP;gurobi-mip;mip-e;weighted;-;instance_40_25_5_1;OPTIMUM;0.1367;0.0130;0.1173;0.0002;7806;6177;1;782;3;0;200;779
1;GUROBI-MIP;gurobi-mip;mip-e;weighted;-;instance_40_25_5_10;OPTIMUM;0.1384;0.0151;0.1192;0.0002;9156;7352;1;776;4;0;200;772
1;GUROBI-MIP;gurobi-mip;mip-e;weighted;-;instance_40_25_5_11;OPTIMUM;0.1247;0.0136;0.1070;0.0002;8366;6741;1;784;1;0;200;783
1;GUROBI-MIP;gurobi-mip;mip-e;weighted;-;instance_40_25_5_12;OPTIMUM;0.1172;0.0143;0.0983;0.0002;7935;6437;1;784;3;0;200;781
1;GUROBI-MIP;gurobi-mip;mip-e;weighted;-;instance_40_25_5_13;OPTIMUM;0.1332;0.0148;0.1138;0.0002;8187;6772;1;787;3;0;200;784
1;GUROBI-MIP;gurobi-mip;mip-e;weighted;-;instance_40_25_5_14;OPTIMUM;0.1649;0.0151;0.1454;0.0002;9031;7290;1;781;0;0;200;781
1;GUROBI-MIP;gurobi-mip;mip-e;weighted;-;instance_40_25_5_15;OPTIMUM;0.1278;0.0130;0.1100;0.0002;7991;6437;1;720;5;0;200;715
1;GUROBI-MIP;gurobi-mip;mip-e;weighted;-;instance_40_25_5_16;OPTIMUM;0.1145;0.0135;0.0966;0.0002;7425;6080;1;764;5;0;200;759
1;GUROBI-MIP;gurobi-mip;mip-e;weighted;-;instance_40_25_5_17;OPTIMUM;0.1234;0.0135;0.1055;0.0002;7867;6418;1;753;8;0;200;745
1;GUROBI-MIP;gurobi-mip;mip-e;weighted;-;instance_40_25_5_18;OPTIMUM;0.1290;0.0152;0.1091;0.0002;8262;6693;1;786;2;0;200;784
1;GUROBI-MIP;gurobi-mip;mip-e;weighted;-;instance_40_25_5_19;OPTIMUM;0.1026;0.0104;0.0881;0.0002;5910;5212;1;741;7;0;200;734
1;GUROBI-MIP;gurobi-mip;mip-e;weighted;-;instance_40_25_5_2;OPTIMUM;0.1269;0.0142;0.1083;0.0002;7933;6374;1;778;3;0;200;775
1;GUROBI-MIP;gurobi-mip;mip-e;weighted;-;instance_40_25_5_20;OPTIMUM;0.1935;0.0143;0.1746;0.0002;8180;6439;1;772;5;0;200;767
1;GUROBI-MIP;gurobi-mip;mip-e;weighted;-;instance_40_25_5_21;OPTIMUM;0.1295;0.0150;0.1098;0.0002;8490;6813;1;760;2;0;200;758
1;GUROBI-MIP;gurobi-mip;mip-e;weighted;-;instance_40_25_5_22;OPTIMUM;0.1299;0.0123;0.1131;0.0002;6757;5793;1;770;9;0;200;761
1;GUROBI-MIP;gurobi-mip;mip-e;weighted;-;instance_40_25_5_23;OPTIMUM;0.1827;0.0138;0.1645;0.0002;8030;6538;1;772;3;0;200;769
1;GUROBI-MIP;gurobi-mip;mip-e;weighted;-;instance_40_25_5_24;OPTIMUM;0.1081;0.0125;0.0913;0.0001;6415;5517;1;751;13;0;200;738
1;GUROBI-MIP;gurobi-mip;mip-e;weighted;-;instance_40_25_5_25;OPTIMUM;0.1057;0.0117;0.0902;0.0002;6367;5530;1;769;8;0;200;761
1;GUROBI-MIP;gurobi-mip;mip-e;weighted;-;instance_40_25_5_26;OPTIMUM;0.1349;0.0152;0.1152;0.0002;8367;6757;1;778;2;0;200;776
1;GUROBI-MIP;gurobi-mip;mip-e;weighted;-;instance_40_25_5_27;OPTIMUM;0.1167;0.0111;0.1013;0.0002;6288;5519;1;754;15;0;200;739
1;GUROBI-MIP;gurobi-mip;mip-e;weighted;-;instance_40_25_5_28;OPTIMUM;0.1237;0.0131;0.1064;0.0002;7869;6569;1;750;8;0;200;742
1;GUROBI-MIP;gurobi-mip;mip-e;weighted;-;instance_40_25_5_29;OPTIMUM;0.0981;0.0124;0.0812;0.0002;6686;5707;1;752;6;0;200;746
1;GUROBI-MIP;gurobi-mip;mip-e;weighted;-;instance_40_25_5_3;OPTIMUM;0.1223;0.0141;0.1034;0.0002;7655;6324;1;732;10;0;200;722
1;GUROBI-MIP;gurobi-mip;mip-e;weighted;-;instance_40_25_5_30;OPTIMUM;0.2983;0.0157;0.1121;0.0002;9104;7202;1;771;5;0;200;766
1;GUROBI-MIP;gurobi-mip;mip-e;weighted;-;instance_40_25_5_31;OPTIMUM;0.1460;0.0156;0.1256;0.0002;8936;7022;1;790;2;0;200;788
1;GUROBI-MIP;gurobi-mip;mip-e;weighted;-;instance_40_25_5_32;OPTIMUM;0.1236;0.0126;0.1065;0.0002;7826;6652;1;721;11;0;200;710
1;GUROBI-MIP;gurobi-mip;mip-e;weighted;-;instance_40_25_5_33;OPTIMUM;0.1023;0.0125;0.0848;0.0002;6418;5516;1;776;7;0;200;769
1;GUROBI-MIP;gurobi-mip;mip-e;weighted;-;instance_40_25_5_34;OPTIMUM;0.1386;0.0145;0.1193;0.0002;7980;6501;1;769;5;0;200;764
1;GUROBI-MIP;gurobi-mip;mip-e;weighted;-;instance_40_25_5_35;OPTIMUM;0.1196;0.0141;0.1011;0.0002;7728;6450;1;756;8;0;200;748
1;GUROBI-MIP;gurobi-mip;mip-e;weighted;-;instance_40_25_5_36;OPTIMUM;0.1371;0.0145;0.1185;0.0002;8531;6890;1;788;0;0;200;788
1;GUROBI-MIP;gurobi-mip;mip-e;weighted;-;instance_40_25_5_37;OPTIMUM;0.1177;0.0132;0.1002;0.0002;7699;6496;1;754;4;0;200;750
1;GUROBI-MIP;gurobi-mip;mip-e;weighted;-;instance_40_25_5_38;OPTIMUM;0.1356;0.0128;0.1187;0.0002;6726;5915;1;741;5;0;200;736
1;GUROBI-MIP;gurobi-mip;mip-e;weighted;-;instance_40_25_5_39;OPTIMUM;0.1111;0.0116;0.0950;0.0001;6492;5387;1;748;10;0;200;738
1;GUROBI-MIP;gurobi-mip;mip-e;weighted;-;instance_40_25_5_4;OPTIMUM;0.1176;0.0146;0.0988;0.0002;7698;6353;1;783;4;0;200;779
1;GUROBI-MIP;gurobi-mip;mip-e;weighted;-;instance_40_25_5_40;OPTIMUM;0.1124;0.0137;0.0940;0.0002;7792;6455;1;775;6;0;200;769
1;GUROBI-MIP;gurobi-mip;mip-e;weighted;-;instance_40_25_5_41;OPTIMUM;0.1436;0.0142;0.1227;0.0002;8669;6835;1;770;5;0;200;765
1;GUROBI-MIP;gurobi-mip;mip-e;weighted;-;instance_40_25_5_42;OPTIMUM;0.1068;0.0125;0.0903;0.0002;6886;5873;1;747;8;0;200;739
1;GUROBI-MIP;gurobi-mip;mip-e;weighted;-;instance_40_25_5_43;OPTIMUM;0.1169;0.0121;0.1005;0.0002;7248;5931;1;771;5;0;200;766
1;GUROBI-MIP;gurobi-mip;mip-e;weighted;-;instance_40_25_5_44;OPTIMUM;0.1331;0.0142;0.1147;0.0002;8468;6856;1;786;3;0;200;783
1;GUROBI-MIP;gurobi-mip;mip-e;weighted;-;instance_40_25_5_45;OPTIMUM;0.1404;0.0129;0.1227;0.0002;7993;6603;1;711;6;0;200;705
1;GUROBI-MIP;gurobi-mip;mip-e;weighted;-;instance_40_25_5_46;INFEASIBLE;0.0249;0.0158;0.0052;0.0000;8709;6987;0;;;;;
1;GUROBI-MIP;gurobi-mip;mip-e;weighted;-;instance_40_25_5_47;OPTIMUM;0.1262;0.0163;0.1055;0.0002;9002;7177;1;785;3;0;200;782
1;GUROBI-MIP;gurobi-mip;mip-e;weighted;-;instance_40_25_5_48;OPTIMUM;0.1306;0.0147;0.1115;0.0002;8403;6784;1;769;1;0;200;768
1;GUROBI-MIP;gurobi-mip;mip-e;weighted;-;instance_40_25_5_49;OPTIMUM;0.1439;0.0125;0.1274;0.0002;7358;6129;1;734;14;0;200;720
1;GUROBI-MIP;gurobi-mip;mip-e;weighted;-;instance_40_25_5_5;OPTIMUM;0.1169;0.0145;0.0979;0.0002;8268;6681;1;787;6;0;200;781
1;GUROBI-MIP;gurobi-mip;mip-e;weighted;-;instance_40_25_5_50;OPTIMUM;0.1384;0.0162;0.1174;0.0002;9009;7033;1;791;5;0;200;786
1;GUROBI-MIP;gurobi-mip;mip-e;weighted;-;instance_40_25_5_6;OPTIMUM;0.1552;0.0155;0.1352;0.0002;8737;7016;1;771;3;0;200;768
1;GUROBI-MIP;gurobi-mip;mip-e;weighted;-;instance_40_25_5_7;OPTIMUM;0.1324;0.0150;0.1122;0.0002;9134;7208;1;785;1;0;200;784
1;GUROBI-MIP;gurobi-mip;mip-e;weighted;-;instance_40_25_5_8;OPTIMUM;0.1706;0.0140;0.1518;0.0002;7559;6317;1;772;4;0;200;768
1;GUROBI-MIP;gurobi-mip;mip-e;weighted;-;instance_40_25_5_9;OPTIMUM;0.1281;0.0155;0.1079;0.0002;8465;6891;1;776;1;0;200;775
2;CPLEX-MIP;cplex-mip;mip-e;weighted;-;instance_30_15_4_1;OPTIMUM;0.0689;0.0065;0.0614;0.0001;3371;3079;0;450;7;0;120;443
2;CPLEX-MIP;cplex-mip;mip-e;weighted;-;instance_30_15_4_10;OPTIMUM;0.0615;0.0059;0.0545;0.0001;2858;2791;0;425;7;0;120;418
2;CPLEX-MIP;cplex-mip;mip-e;weighted;-;instance_30_15_4_11;OPTIMUM;0.0820;0.0053;0.0758;0.0001;2559;2447;0;412;2;0;120;410
2;CPLEX-MIP;cplex-mip;mip-e;weighted;-;instance_30_15_4_12;OPTIMUM;0.0931;0.0056;0.0866;0.0001;2802;2664;0;443;3;0;120;440
2;CPLEX-MIP;cplex-mip;mip-e;weighted;-;instance_30_15_4_13;OPTIMUM;0.0705;0.0049;0.0648;0.0001;2204;2192;0;386;3;0;120;383
2;CPLEX-MIP;cplex-mip;mip-e;weighted;-;instance_30_15_4_14;OPTIMUM;0.0730;0.0059;0.0662;0.0001;3089;2948;0;424;12;0;120;412
2;CPLEX-MIP;cplex-mip;mip-e;weighted;-;instance_30_15_4_15;OPTIMUM;0.0920;0.0065;0.0846;0.0001;3341;3041;0;452;4;0;120;448
2;CPLEX-MIP;cplex-mip;mip-e;weighted;-;instance_30_15_4_16;OPTIMUM;0.0520;0.0047;0.0465;0.0001;2300;2344;0;401;2;0;120;399
2;CPLEX-MIP;cplex-mip;mip-e;weighted;-;instance_30_15_4_17;OPTIMUM;0.0678;0.0057;0.0611;0.0001;2875;2724;0;427;5;0;120;422
2;CPLEX-MIP;cplex-mip;mip-e;weighted;-;instance_30_15_4_18;OPTIMUM;0.0926;0.0070;0.0846;0.0001;3959;3386;0;463;5;0;120;458
2;CPLEX-MIP;cplex-mip;mip-e;weighted;-;instance_30_15_4_19;OPTIMUM;0.0541;0.0056;0.0475;0.0001;2623;2494;0;425;9;0;120;416
2;CPLEX-MIP;cplex-mip;mip-e;weighted;-;instance_30_15_4_2;OPTIMUM;0.0552;0.0047;0.0497;0.0001;2165;2208;0;378;4;0;120;374
2;CPLEX-MIP;cplex-mip;mip-e;weighted;-;instance_30_15_4_20;OPTIMUM;0.0601;0.0051;0.0541;0.0001;2444;2469;0;434;6;0;120;428
2;CPLEX-MIP;cplex-mip;mip-e;weighted;-;instance_30_15_4_21;INFEASIBLE;0.0045;0.0034;0.0005;0.0000;1837;1922;0;;;;;
2;CPLEX-MIP;cplex-mip;mip-e;weighted;-;instance_30_15_4_22;OPTIMUM;0.0594;0.0052;0.0534;0.0001;2720;2647;0;435;7;0;120;428
2;CPLEX-MIP;cplex-mip;mip-e;weighted;-;instance_30_15_4_23;OPTIMUM;0.0687;0.0062;0.0616;0.0001;3361;3073;0;445;7;0;120;438
2;CPLEX-MIP;cplex-mip;mip-e;weighted;-;instance_30_15_4_24;OPTIMUM;0.0620;0.0055;0.0556;0.0001;3343;3066;0;449;2;0;120;447
2;CPLEX-MIP;cplex-mip;mip-e;weighted;-;instance_30_15_4_25;OPTIMUM;0.0518;0.0050;0.0460;0.0001;2287;2294;0;411;3;0;120;408
2;CPLEX-MIP;cplex-mip;mip-e;weighted;-;instance_30_15_4_26;OPTIMUM;0.0675;0.0058;0.0608;0.0001;3064;2888;0;440;3;0;120;437
2;CPLEX-MIP;cplex-mip;mip-e;weighted;-;instance_30_15_4_27;OPTIMUM;0.0622;0.0061;0.0552;0.0001;2917;2741;0;414;4;0;120;410
2;CPLEX-MIP;cplex-mip;mip-e;weighted;-;instance_30_15_4_28;OPTIMUM;0.0702;0.0056;0.0638;0.0001;3117;2956;0;427;6;0;120;421
2;CPLEX-MIP;cplex-mip;mip-e;weighted;-;instance_30_15_4_29;OPTIMUM;0.0493;0.0050;0.0435;0.0001;2095;2159;0;409;4;0;120;405
2;CPLEX-MIP;cplex-mip;mip-e;weighted;-;instance_30_15_4_3;OPTIMUM;0.0753;0.0058;0.0686;0.0001;3366;3038;0;443;5;0;120;438
2;CPLEX-MIP;cplex-mip;mip-e;weighted;-;instance_30_15_4_30;OPTIMUM;0.0742;0.0058;0.0675;0.0001;3307;3074;0;443;6;0;120;437
2;CPLEX-MIP;cplex-mip;mip-e;weighted;-;instance_30_15_4_31;OPTIMUM;0.0675;0.0066;0.0599;0.0001;3331;3021;0;419;7;0;120;412
2;CPLEX-MIP;cplex-mip;mip-e;weighted;-;instance_30_15_4_32;OPTIMUM;0.0880;0.0065;0.0806;0.0001;3155;2791;0;390;3;0;120;387
2;CPLEX-MIP;cplex-mip;mip-e;weighted;-;instance_30_15_4_33;OPTIMUM;0.0669;0.0055;0.0606;0.0001;3223;2979;0;437;2;0;120;435
2;CPLEX-MIP;cplex-mip;mip-e;weighted;-;instance_30_15_4_34;OPTIMUM;0.0722;0.0061;0.0652;0.0001;3322;2990;0;402;3;0;120;399
2;CPLEX-MIP;cplex-mip;mip-e;weighted;-;instance_30_15_4_35;INFEASIBLE;0.0069;0.0054;0.0007;0.0000;2706;2659;0;;;;;
2;CPLEX-MIP;cplex-mip;mip-e;weighted;-;instance_30_15_4_36;OPTIMUM;0.0671;0.0052;0.0611;0.0001;3184;2947;0;437;4;0;120;433
2;CPLEX-MIP;cplex-mip;mip-e;weighted;-;instance_30_15_4_37;OPTIMUM;0.0667;0.0057;0.0601;0.0001;2865;2755;0;432;5;0;120;427
2;CPLEX-MIP;cplex-mip;mip-e;weighted;-;instance_30_15_4_38;OPTIMUM;0.0869;0.0058;0.0802;0.0001;2845;2745;0;405;3;0;120;402
2;CPLEX-MIP;cplex-mip;mip-e;weighted;-;instance_30_15_4_39;OPTIMUM;0.0784;0.0055;0.0721;0.0001;3288;3013;0;450;3;0;120;447
2;CPLEX-MIP;cplex-mip;mip-e;weighted;-;instance_30_15_4_4;OPTIMUM;0.0869;0.0066;0.0794;0.0001;3686;3374;0;454;3;0;120;451
2;CPLEX-MIP;cplex-mip;mip-e;weighted;-;instance_30_15_4_40;OPTIMUM;0.0716;0.0059;0.0648;0.0001;3126;2946;0;450;0;0;120;450
2;CPLEX-MIP;cplex-mip;mip-e;weighted;-;instance_30_15_4_41;OPTIMUM;0.0913;0.0074;0.0830;0.0001;4145;3586;0;443;0;0;120;443
2;CPLEX-MIP;cplex-mip;mip-e;weighted;-;instance_30_15_4_42;OPTIMUM;0.0758;0.0066;0.0682;0.0001;3363;3102;0;441;4;0;120;437
2;CPLEX-MIP;cplex-mip;mip-e;weighted;-;instance_30_15_4_43;OPTIMUM;0.0730;0.0056;0.0666;0.0001;3163;2828;0;430;7;0;120;423
2;CPLEX-MIP;cplex-mip;mip-e;weighted;-;instance_30_15_4_44;INFEASIBLE;0.0077;0.0060;0.0008;0.0000;2881;2803;0;;;;;
2;CPLEX-MIP;cplex-mip;mip-e;weighted;-;instance_30_15_4_45;OPTIMUM;0.0820;0.0067;0.0743;0.0001;3586;3190;0;425;3;0;120;422
2;CPLEX-MIP;cplex-mip;mip-e;weighted;-;instance_30_15_4_46;OPTIMUM;0.0809;0.0065;0.0733;0.0001;3478;3213;0;452;2;0;120;450
2;CPLEX-MIP;cplex-mip;mip-e;weighted;-;instance_30_15_4_47;OPTIMUM;0.0516;0.0053;0.0454;0.0001;2811;2697;0;432;4;0;120;428
2;CPLEX-MIP;cplex-mip;mip-e;weighted;-;instance_30_15_4_48;OPTIMUM;0.0693;0.0053;0.0630;0.0001;2913;2779;0;434;3;0;120;431
2;CPLEX-MIP;cplex-mip;mip-e;weighted;-;instance_30_15_4_49;OPTIMUM;0.0671;0.0058;0.0604;0.0001;2912;2738;0;441;5;0;120;436
2;CPLEX-MIP;cplex-mip;mip-e;weighted;-;instance_30_15_4_5;OPTIMUM;0.0581;0.0050;0.0522;0.0001;2772;2611;0;428;7;0;120;421
2;CPLEX-MIP;cplex-mip;mip-e;weighted;-;instance_30_15_4_50;OPTIMUM;0.0493;0.0051;0.0434;0.0001;2294;2254;0;415;11;0;120;404
2;CPLEX-MIP;cplex-mip;mip-e;weighted;-;instance_30_15_4_6;OPTIMUM;0.0601;0.0054;0.0538;0.0001;2621;2606;0;446;5;0;120;441
2;CPLEX-MIP;cplex-mip;mip-e;weighted;-;instance_30_15_4_7;INFEASIBLE;0.0074;0.0058;0.0008;0.0000;3567;3241;0;;;;;
2;CPLEX-MIP;cplex-mip;mip-e;weighted;-;instance_30_15_4_8;INFEASIBLE;0.0078;0.0062;0.0008;0.0000;3104;2911;0;;;;;
2;CPLEX-MIP;cplex-mip;mip-e;weighted;-;instance_30_15_4_9;OPTIMUM;0.0525;0.0048;0.0468;0.0001;2364;2352;0;408;6;0;120;402
2;CPLEX-MIP;cplex-mip;mip-e;weighted;-;instance_40_25_5_1;OPTIMUM;0.2171;0.0142;0.2007;0.0002;7806;6177;0;781;2;0;200;779
2;CPLEX-MIP;cplex-mip;mip-e;weighted;-;instance_40_25_5_10;OPTIMUM;0.1818;0.0175;0.1619;0.0002;9156;7352;0;776;4;0;200;772
2;CPLEX-MIP;cplex-mip;mip-e;weighted;-;instance_40_25_5_11;OPTIMUM;0.1596;0.0147;0.1432;0.0002;8366;6741;0;784;1;0;200;783
2;CPLEX-MIP;cplex-mip;mip-e;weighted;-;instance_40_25_5_12;OPTIMUM;0.2109;0.0141;0.1948;0.0002;7935;6437;0;784;3;0;200;781
2;CPLEX-MIP;cplex-mip;mip-e;weighted;-;instance_40_25_5_13;OPTIMUM;0.1945;0.0154;0.1772;0.0002;8187;6772;0;786;2;0;200;784
2;CPLEX-MIP;cplex-mip;mip-e;weighted;-;instance_40_25_5_14;OPTIMUM;0.2043;0.0164;0.1855;0.0002;9031;7290;0;781;0;0;200;781
2;CPLEX-MIP;cplex-mip;mip-e;weighted;-;instance_40_25_5_15;OPTIMUM;0.2002;0.0146;0.1838;0.0002;7991;6437;0;719;4;0;200;715
2;CPLEX-MIP;cplex-mip;mip-e;weighted;-;instance_40_25_5_16;OPTIMUM;0.1701;0.0133;0.1550;0.0002;7425;6080;0;764;5;0;200;759
2;CPLEX-MIP;cplex-mip;mip-e;weighted;-;instance_40_25_5_17;OPTIMUM;0.2245;0.0158;0.2066;0.0002;7867;6418;0;753;8;0;200;745
2;CPLEX-MIP;cplex-mip;mip-e;weighted;-;instance_40_25_5_18;OPTIMUM;0.1786;0.0145;0.1624;0.0002;8262;6693;0;786;2;0;200;784
2;CPLEX-MIP;cplex-mip;mip-e;weighted;-;instance_40_25_5_19;OPTIMUM;0.1597;0.0112;0.1470;0.0001;5910;5212;0;742;8;0;200;734
2;CPLEX-MIP;cplex-mip;mip-e;weighted;-;instance_40_25_5_2;OPTIMUM;0.2143;0.0143;0.1978;0.0002;7933;6374;0;779;4;0;200;775
2;CPLEX-MIP;cplex-mip;mip-e;weighted;-;instance_40_25_5_20;OPTIMUM;0.2483;0.0156;0.2306;0.0002;8180;6439;0;772;5;0;200;767
2;CPLEX-MIP;cplex-mip;mip-e;weighted;-;instance_40_25_5_21;OPTIMUM;0.1955;0.0149;0.1785;0.0002;8490;6813;0;760;2;0;200;758
2;CPLEX-MIP;cplex-mip;mip-e;weighted;-;instance_40_25_5_22;OPTIMUM;0.1754;0.0134;0.1602;0.0002;6757;5793;0;770;9;0;200;761
2;CPLEX-MIP;cplex-mip;mip-e;weighted;-;instance_40_25_5_23;OPTIMUM;0.2437;0.0155;0.2261;0.0002;8030;6538;0;772;3;0;200;769
2;CPLEX-MIP;cplex-mip;mip-e;weighted;-;instance_40_25_5_24;OPTIMUM;0.1486;0.0127;0.1340;0.0002;6415;5517;0;751;13;0;200;738
2;CPLEX-MIP;cplex-mip;mip-e;weighted;-;instance_40_25_5_25;OPTIMUM;0.1499;0.0111;0.1372;0.0002;6367;5530;0;769;8;0;200;761
2;CPLEX-MIP;cplex-mip;mip-e;weighted;-;instance_40_25_5_26;OPTIMUM;0.2321;0.0166;0.2133;0.0002;8367;6757;0;777;1;0;200;776
2;CPLEX-MIP;cplex-mip;mip-e;weighted;-;instance_40_25_5_27;OPTIMUM;0.1742;0.0122;0.1603;0.0002;6288;5519;0;753;14;0;200;739
2;CPLEX-MIP;cplex-mip;mip-e;weighted;-;instance_40_25_5_28;OPTIMUM;0.1880;0.0146;0.1713;0.0002;7869;6569;0;750;8;0;200;742
2;CPLEX-MIP;cplex-mip;mip-e;weighted;-;instance_40_25_5_29;OPTIMUM;0.1818;0.0135;0.1662;0.0002;6686;5707;0;753;7;0;200;746
2;CPLEX-MIP;cplex-mip;mip-e;weighted;-;instance_40_25_5_3;OPTIMUM;0.1669;0.0146;0.1502;0.0002;7655;6324;0;733;11;0;200;722
2;CPLEX-MIP;cplex-mip;mip-e;weighted;-;instance_40_25_5_30;OPTIMUM;0.2080;0.0169;0.1889;0.0002;9104;7202;0;770;4;0;200;766
2;CPLEX-MIP;cplex-mip;mip-e;weighted;-;instance_40_25_5_31;OPTIMUM;0.2088;0.0166;0.1898;0.0002;8936;7022;0;790;2;0;200;788
2;CPLEX-MIP;cplex-mip;mip-e;weighted;-;instance_40_25_5_32;OPTIMUM;0.1785;0.0152;0.1611;0.0002;7826;6652;0;721;11;0;200;710
2;CPLEX-MIP;cplex-mip;mip-e;weighted;-;instance_40_25_5_33;OPTIMUM;0.1754;0.0122;0.1614;0.0002;6418;5516;0;774;5;0;200;769
2;CPLEX-MIP;cplex-mip;mip-e;weighted;-;instance_40_25_5_34;OPTIMUM;0.2031;0.0140;0.1872;0.0002;7980;6501;0;770;6;0;200;764
2;CPLEX-MIP;cplex-mip;mip-e;weighted;-;instance_40_25_5_35;OPTIMUM;0.1559;0.0137;0.1406;0.0002;7728;6450;0;755;7;0;200;748
2;CPLEX-MIP;cplex-mip;mip-e;weighted;-;instance_40_25_5_36;OPTIMUM;0.1720;0.0170;0.1528;0.0002;8531;6890;0;788;0;0;200;788
2;CPLEX-MIP;cplex-mip;mip-e;weighted;-;instance_40_25_5_37;OPTIMUM;0.1763;0.0141;0.1604;0.0002;7699;6496;0;755;5;0;200;750
2;CPLEX-MIP;cplex-mip;mip-e;weighted;-;instance_40_25_5_38;OPTIMUM;0.1877;0.0121;0.1737;0.0002;6726;5915;0;741;5;0;200;736
2;CPLEX-MIP;cplex-mip;mip-e;weighted;-;instance_40_25_5_39;OPTIMUM;0.1585;0.0123;0.1444;0.0001;6492;5387;0;747;9;0;200;738
2;CPLEX-MIP;cplex-mip;mip-e;weighted;-;instance_40_25_5_4;OPTIMUM;0.1682;0.0132;0.1534;0.0002;7698;6353;0;783;4;0;200;779
2;CPLEX-MIP;cplex-mip;mip-e;weighted;-;instance_40_25_5_40;OPTIMUM;0.1814;0.0147;0.1646;0.0002;7792;6455;0;774;5;0;200;769
2;CPLEX-MIP;cplex-mip;mip-e;weighted;-;instance_40_25_5_41;OPTIMUM;0.2158;0.0165;0.1968;0.0002;8669;6835;0;770;5;0;200;765
2;CPLEX-MIP;cplex-mip;mip-e;weighted;-;instance_40_25_5_42;OPTIMUM;0.1538;0.0121;0.1398;0.0002;6886;5873;0;745;6;0;200;739
2;CPLEX-MIP;cplex-mip;mip-e;weighted;-;instance_40_25_5_43;OPTIMUM;0.1884;0.0133;0.1729;0.0002;7248;5931;0;772;6;0;200;766
2;CPLEX-MIP;cplex-mip;mip-e;weighted;-;instance_40_25_5_44;OPTIMUM;0.2050;0.0147;0.1882;0.0002;8468;6856;0;786;3;0;200;783
2;CPLEX-MIP;cplex-mip;mip-e;weighted;-;instance_40_25_5_45;OPTIMUM;0.2036;0.0155;0.1858;0.0002;7993;6603;0;710;5;0;200;705
2;CPLEX-MIP;cplex-mip;mip-e;weighted;-;instance_40_25_5_46;INFEASIBLE;0.0206;0.0168;0.0019;0.0000;8709;6987;0;;;;;
2;CPLEX-MIP;cplex-mip;mip-e;weighted;-;instance_40_25_5_47;OPTIMUM;0.2028;0.0148;0.1861;0.0002;9002;7177;0;785;3;0;200;782
2;CPLEX-MIP;cplex-mip;mip-e;weighted;-;instance_40_25_5_48;OPTIMUM;0.1670;0.0145;0.1507;0.0002;8403;6784;0;769;1;0;200;768
2;CPLEX-MIP;cplex-mip;mip-e;weighted;-;instance_40_25_5_49;OPTIMUM;0.1890;0.0135;0.1739;0.0002;7358;6129;0;735;15;0;200;720
2;CPLEX-MIP;cplex-mip;mip-e;weighted;-;instance_40_25_5_5;OPTIMUM;0.1708;0.0145;0.1542;0.0002;8268;6681;0;787;6;0;200;781
2;CPLEX-MIP;cplex-mip;mip-e;weighted;-;instance_40_25_5_50;OPTIMUM;0.2496;0.0159;0.2315;0.0002;9009;7033;0;791;5;0;200;786
2;CPLEX-MIP;cplex-mip;mip-e;weighted;-;instance_40_25_5_6;OPTIMUM;0.1934;0.0150;0.1766;0.0002;8737;7016;0;771;3;0;200;768
2;CPLEX-MIP;cplex-mip;mip-e;weighted;-;instance_40_25_5_7;OPTIMUM;0.1827;0.0184;0.1621;0.0002;9134;7208;0;785;1;0;200;784
2;CPLEX-MIP;cplex-mip;mip-e;weighted;-;instance_40_25_5_8;OPTIMUM;0.1856;0.0139;0.1697;0.0002;7559;6317;0;772;4;0;200;768
2;CPLEX-MIP;cplex-mip;mip-e;weighted;-;instance_40_25_5_9;OPTIMUM;0.1854;0.0163;0.1673;0.0002;8465;6891;0;777;2;0;200;775
3;CPLEX-CP-T;cplex-cp;cp-t;weighted;-;instance_30_15_4_1;TIMEOUT_FEASIBLE;300.0045;0.0021;299.9982;0.0000;2114;2952;16106280;448;5;0;120;443
3;CPLEX-CP-T;cplex-cp;cp-t;weighted;-;instance_30_15_4_10;TIMEOUT_FEASIBLE;300.0033;0.0022;299.9971;0.0000;2110;2944;17363525;427;9;0;120;418
3;CPLEX-CP-T;cplex-cp;cp-t;weighted;-;instance_30_15_4_11;TIMEOUT_FEASIBLE;299.9972;0.0018;299.9919;0.0000;1941;2604;18728901;414;4;0;120;410
3;CPLEX-CP-T;cplex-cp;cp-t;weighted;-;instance_30_15_4_12;TIMEOUT_FEASIBLE;299.9982;0.0020;299.9926;0.0001;2046;2814;15842350;444;4;0;120;440
3;CPLEX-CP-T;cplex-cp;cp-t;weighted;-;instance_30_15_4_13;TIMEOUT_FEASIBLE;299.9985;0.0017;299.9933;0.0000;1921;2564;20647410;387;4;0;120;383
3;CPLEX-CP-T;cplex-cp;cp-t;weighted;-;instance_30_15_4_14;TIMEOUT_FEASIBLE;299.9983;0.0021;299.9922;0.0001;2144;3013;16120226;423;11;0;120;412
3;CPLEX-CP-T;cplex-cp;cp-t;weighted;-;instance_30_15_4_15;TIMEOUT_FEASIBLE;300.0056;0.0022;300.0000;0.0000;2057;2839;15971266;450;2;0;120;448
3;CPLEX-CP-T;cplex-cp;cp-t;weighted;-;instance_30_15_4_16;TIMEOUT_FEASIBLE;299.9964;0.0019;299.9910;0.0000;2119;2961;20252768;401;2;0;120;399
3;CPLEX-CP-T;cplex-cp;cp-t;weighted;-;instance_30_15_4_17;TIMEOUT_FEASIBLE;299.9978;0.0021;299.9918;0.0000;2114;2954;16978290;425;3;0;120;422
3;CPLEX-CP-T;cplex-cp;cp-t;weighted;-;instance_30_15_4_18;TIMEOUT_FEASIBLE;299.9967;0.0024;299.9903;0.0000;2108;2939;13995188;463;5;0;120;458
3;CPLEX-CP-T;cplex-cp;cp-t;weighted;-;instance_30_15_4_19;TIMEOUT_FEASIBLE;299.9959;0.0018;299.9905;0.0000;1988;2700;16135321;425;9;0;120;416
3;CPLEX-CP-T;cplex-cp;cp-t;weighted;-;instance_30_15_4_2;TIMEOUT_FEASIBLE;300.0059;0.0022;299.9998;0.0000;2143;3010;24694929;378;4;0;120;374
3;CPLEX-CP-T;cplex-cp;cp-t;weighted;-;instance_30_15_4_20;TIMEOUT_FEASIBLE;299.9971;0.0022;299.9913;0.0000;2179;3081;18561200;434;6;0;120;428
3;CPLEX-CP-T;cplex-cp;cp-t;weighted;-;instance_30_15_4_21;INFEASIBLE;0.0012;0.0000;0.0000;0.0000;720;3;0;;;;;
3;CPLEX-CP-T;cplex-cp;cp-t;weighted;-;instance_30_15_4_22;TIMEOUT_FEASIBLE;299.9957;0.0019;299.9903;0.0000;2041;2804;17151606;435;7;0;120;428
3;CPLEX-CP-T;cplex-cp;cp-t;weighted;-;instance_30_15_4_23;TIMEOUT_FEASIBLE;300.0055;0.0020;299.9997;0.0000;2071;2865;13602696;445;7;0;120;438
3;CPLEX-CP-T;cplex-cp;cp-t;weighted;-;instance_30_15_4_24;TIMEOUT_FEASIBLE;300.0065;0.0024;299.9999;0.0001;2152;3029;14986815;449;2;0;120;447
3;CPLEX-CP-T;cplex-cp;cp-t;weighted;-;instance_30_15_4_25;TIMEOUT_FEASIBLE;300.0055;0.0021;299.9997;0.0000;2100;2925;20578047;411;3;0;120;408
3;CPLEX-CP-T;cplex-cp;cp-t;weighted;-;instance_30_15_4_26;TIMEOUT_FEASIBLE;300.0046;0.0020;299.9988;0.0000;2052;2829;14643677;439;2;0;120;437
3;CPLEX-CP-T;cplex-cp;cp-t;weighted;-;instance_30_15_4_27;TIMEOUT_FEASIBLE;299.9961;0.0020;299.9905;0.0000;2133;2991;17299708;415;5;0;120;410
3;CPLEX-CP-T;cplex-cp;cp-t;weighted;-;instance_30_15_4_28;TIMEOUT_FEASIBLE;299.9966;0.0023;299.9906;0.0000;2096;2912;15937563;427;6;0;120;421
3;CPLEX-CP-T;cplex-cp;cp-t;weighted;-;instance_30_15_4_29;TIMEOUT_FEASIBLE;299.9961;0.0020;299.9907;0.0000;2021;2766;22733166;409;4;0;120;405
3;CPLEX-CP-T;cplex-cp;cp-t;weighted;-;instance_30_15_4_3;TIMEOUT_FEASIBLE;299.9993;0.0020;299.9934;0.0000;2150;3024;16926348;442;4;0;120;438
3;CPLEX-CP-T;cplex-cp;cp-t;weighted;-;instance_30_15_4_30;TIMEOUT_FEASIBLE;299.9965;0.0021;299.9906;0.0000;2119;2963;14591758;443;6;0;120;437
3;CPLEX-CP-T;cplex-cp;cp-t;weighted;-;instance_30_15_4_31;TIMEOUT_FEASIBLE;300.0061;0.0023;300.0000;0.0000;2042;2809;17639424;416;4;0;120;412
3;CPLEX-CP-T;cplex-cp;cp-t;weighted;-;instance_30_15_4_32;TIMEOUT_FEASIBLE;300.0048;0.0020;299.9992;0.0001;2073;2871;20792480;390;3;0;120;387
3;CPLEX-CP-T;cplex-cp;cp-t;weighted;-;instance_30_15_4_33;TIMEOUT_FEASIBLE;299.9975;0.0023;299.9916;0.0000;2120;2965;14795378;438;3;0;120;435
3;CPLEX-CP-T;cplex-cp;cp-t;weighted;-;instance_30_15_4_34;TIMEOUT_FEASIBLE;299.9969;0.0021;299.9910;0.0000;2144;3011;19373471;402;3;0;120;399
3;CPLEX-CP-T;cplex-cp;cp-t;weighted;-;instance_30_15_4_35;INFEASIBLE;0.0015;0.0003;0.0000;0.0000;720;74;0;;;;;
3;CPLEX-CP-T;cplex-cp;cp-t;weighted;-;instance_30_15_4_36;TIMEOUT_FEASIBLE;299.9976;0.0021;299.9918;0.0000;2002;2729;13589104;438;5;0;120;433
3;CPLEX-CP-T;cplex-cp;cp-t;weighted;-;instance_30_15_4_37;TIMEOUT_FEASIBLE;300.0063;0.0023;300.0002;0.0000;2192;3107;16678454;432;5;0;120;427
3;CPLEX-CP-T;cplex-cp;cp-t;weighted;-;instance_30_15_4_38;TIMEOUT_FEASIBLE;299.9968;0.0022;299.9909;0.0000;2086;2895;19573533;405;3;0;120;402
3;CPLEX-CP-T;cplex-cp;cp-t;weighted;-;instance_30_15_4_39;TIMEOUT_FEASIBLE;299.9969;0.0022;299.9911;0.0001;2056;2837;13890345;450;3;0;120;447
3;CPLEX-CP-T;cplex-cp;cp-t;weighted;-;instance_30_15_4_4;TIMEOUT_FEASIBLE;300.0061;0.0021;300.0000;0.0000;2226;3176;12452236;455;4;0;120;451
3;CPLEX-CP-T;cplex-cp;cp-t;weighted;-;instance_30_15_4_40;TIMEOUT_FEASIBLE;300.0052;0.0022;299.9991;0.0000;2087;2895;14281711;450;0;0;120;450
3;CPLEX-CP-T;cplex-cp;cp-t;weighted;-;instance_30_15_4_41;TIMEOUT_FEASIBLE;299.9971;0.0023;299.9909;0.0000;2128;2979;12687847;443;0;0;120;443
3;CPLEX-CP-T;cplex-cp;cp-t;weighted;-;instance_30_15_4_42;TIMEOUT_FEASIBLE;299.9965;0.0023;299.9905;0.0000;2098;2921;11468370;441;4;0;120;437
3;CPLEX-CP-T;cplex-cp;cp-t;weighted;-;instance_30_15_4_43;TIMEOUT_FEASIBLE;300.0044;0.0021;299.9986;0.0000;2047;2818;14115290;429;6;0;120;423
3;CPLEX-CP-T;cplex-cp;cp-t;weighted;-;instance_30_15_4_44;INFEASIBLE;0.0014;0.0001;0.0000;0.0000;720;8;0;;;;;
3;CPLEX-CP-T;cplex-cp;cp-t;weighted;-;instance_30_15_4_45;TIMEOUT_FEASIBLE;300.0019;0.0023;299.9956;0.0000;2134;2990;15483689;427;5;0;120;422
3;CPLEX-CP-T;cplex-cp;cp-t;weighted;-;instance_30_15_4_46;TIMEOUT_FEASIBLE;300.0059;0.0022;300.0000;0.0000;2123;2969;14474661;453;3;0;120;450
3;CPLEX-CP-T;cplex-cp;cp-t;weighted;-;instance_30_15_4_47;TIMEOUT_FEASIBLE;300.0053;0.0023;299.9990;0.0000;2189;3102;18607170;433;5;0;120;428
3;CPLEX-CP-T;cplex-cp;cp-t;weighted;-;instance_30_15_4_48;TIMEOUT_FEASIBLE;300.0048;0.0021;299.9990;0.0001;2024;2770;15810473;432;1;0;120;431
3;CPLEX-CP-T;cplex-cp;cp-t;weighted;-;instance_30_15_4_49;TIMEOUT_FEASIBLE;300.0048;0.0021;299.9990;0.0000;2005;2735;15215885;440;4;0;120;436
3;CPLEX-CP-T;cplex-cp;cp-t;weighted;-;instance_30_15_4_5;TIMEOUT_FEASIBLE;300.0052;0.0020;299.9988;0.0000;1977;2677;17035631;429;8;0;120;421
3;CPLEX-CP-T;cplex-cp;cp-t;weighted;-;instance_30_15_4_50;TIMEOUT_FEASIBLE;299.9960;0.0020;299.9903;0.0001;1952;2629;15887483;415;11;0;120;404
3;CPLEX-CP-T;cplex-cp;cp-t;weighted;-;instance_30_15_4_6;TIMEOUT_FEASIBLE;300.0048;0.0023;299.9986;0.0001;2146;3017;13355704;446;5;0;120;441
3;CPLEX-CP-T;cplex-cp;cp-t;weighted;-;instance_30_15_4_7;INFEASIBLE;0.0016;0.0003;0.0000;0.0000;720;55;0;;;;;
3;CPLEX-CP-T;cplex-cp;cp-t;weighted;-;instance_30_15_4_8;INFEASIBLE;0.0013;0.0000;0.0000;0.0000;720;5;0;;;;;
3;CPLEX-CP-T;cplex-cp;cp-t;weighted;-;instance_30_15_4_9;TIMEOUT_FEASIBLE;299.9987;0.0020;299.9926;0.0000;1983;2691;19308268;409;7;0;120;402
3;CPLEX-CP-T;cplex-cp;cp-t;weighted;-;instance_40_25_5_1;TIMEOUT_FEASIBLE;300.0096;0.0050;299.9975;0.0001;4493;6851;7018217;782;3;0;200;779
3;CPLEX-CP-T;cplex-cp;cp-t;weighted;-;instance_40_25_5_10;TIMEOUT_FEASIBLE;300.0081;0.0055;299.9945;0.0001;4416;6695;7152419;776;4;0;200;772
3;CPLEX-CP-T;cplex-cp;cp-t;weighted;-;instance_40_25_5_11;TIMEOUT_FEASIBLE;300.0053;0.0055;299.9922;0.0001;4565;6996;8472372;784;1;0;200;783
3;CPLEX-CP-T;cplex-cp;cp-t;weighted;-;instance_40_25_5_12;TIMEOUT_FEASIBLE;300.0061;0.0056;299.9931;0.0001;4417;6696;7898052;783;2;0;200;781
3;CPLEX-CP-T;cplex-cp;cp-t;weighted;-;instance_40_25_5_13;TIMEOUT_FEASIBLE;300.0069;0.0057;299.9930;0.0011;4675;7216;7351734;787;5;0;200;782
3;CPLEX-CP-T;cplex-cp;cp-t;weighted;-;instance_40_25_5_14;TIMEOUT_FEASIBLE;300.0049;0.0054;299.9931;0.0001;4826;7517;7052205;780;0;0;200;780
3;CPLEX-CP-T;cplex-cp;cp-t;weighted;-;instance_40_25_5_15;TIMEOUT_FEASIBLE;300.0061;0.0052;299.9942;0.0001;4527;6920;8412805;718;3;0;200;715
3;CPLEX-CP-T;cplex-cp;cp-t;weighted;-;instance_40_25_5_16;TIMEOUT_FEASIBLE;300.0060;0.0055;299.9938;0.0001;4604;7072;7557457;765;6;0;200;759
3;CPLEX-CP-T;cplex-cp;cp-t;weighted;-;instance_40_25_5_17;TIMEOUT_FEASIBLE;300.0062;0.0056;299.9940;0.0001;4530;6925;8297284;751;6;0;200;745
3;CPLEX-CP-T;cplex-cp;cp-t;weighted;-;instance_40_25_5_18;TIMEOUT_FEASIBLE;300.0061;0.0051;299.9935;0.0001;4499;6863;7919162;785;1;0;200;784
3;CPLEX-CP-T;cplex-cp;cp-t;weighted;-;instance_40_25_5_19;TIMEOUT_FEASIBLE;300.0065;0.0047;299.9956;0.0001;4527;6920;9643166;740;7;0;200;733
3;CPLEX-CP-T;cplex-cp;cp-t;weighted;-;instance_40_25_5_2;TIMEOUT_FEASIBLE;300.0058;0.0053;299.9936;0.0001;4443;6751;8691794;779;4;0;200;775
3;CPLEX-CP-T;cplex-cp;cp-t;weighted;-;instance_40_25_5_20;TIMEOUT_FEASIBLE;300.0072;0.0053;299.9947;0.0001;4251;6367;7722996;771;4;0;200;767
3;CPLEX-CP-T;cplex-cp;cp-t;weighted;-;instance_40_25_5_21;TIMEOUT_FEASIBLE;300.0077;0.0056;299.9940;0.0001;4607;7079;8282016;760;2;0;200;758
3;CPLEX-CP-T;cplex-cp;cp-t;weighted;-;instance_40_25_5_22;TIMEOUT_FEASIBLE;300.0048;0.0051;299.9923;0.0001;4447;6760;8775631;769;8;0;200;761
3;CPLEX-CP-T;cplex-cp;cp-t;weighted;-;instance_40_25_5_23;TIMEOUT_FEASIBLE;300.0063;0.0055;299.9939;0.0001;4411;6687;8262111;772;4;0;200;768
3;CPLEX-CP-T;cplex-cp;cp-t;weighted;-;instance_40_25_5_24;TIMEOUT_FEASIBLE;300.0051;0.0052;299.9927;0.0001;4580;7025;9219080;751;14;0;200;737
3;CPLEX-CP-T;cplex-cp;cp-t;weighted;-;instance_40_25_5_25;TIMEOUT_FEASIBLE;300.0047;0.0050;299.9939;0.0001;4580;7025;9436245;769;8;0;200;761
3;CPLEX-CP-T;cplex-cp;cp-t;weighted;-;instance_40_25_5_26;TIMEOUT_FEASIBLE;300.0067;0.0056;299.9940;0.0001;4536;6938;8300988;777;2;0;200;775
3;CPLEX-CP-T;cplex-cp;cp-t;weighted;-;instance_40_25_5_27;TIMEOUT_FEASIBLE;300.0050;0.0046;299.9936;0.0001;4481;6827;8008714;755;16;0;200;739
3;CPLEX-CP-T;cplex-cp;cp-t;weighted;-;instance_40_25_5_28;TIMEOUT_FEASIBLE;300.0057;0.0050;299.9931;0.0001;4603;7072;9638205;750;9;0;200;741
3;CPLEX-CP-T;cplex-cp;cp-t;weighted;-;instance_40_25_5_29;TIMEOUT_FEASIBLE;300.0056;0.0048;299.9936;0.0001;4611;7088;9843493;751;6;0;200;745
3;CPLEX-CP-T;cplex-cp;cp-t;weighted;-;instance_40_25_5_3;TIMEOUT_FEASIBLE;300.0091;0.0049;299.9964;0.0001;4515;6893;7931671;733;12;0;200;721
3;CPLEX-CP-T;cplex-cp;cp-t;weighted;-;instance_40_25_5_30;TIMEOUT_FEASIBLE;300.0063;0.0055;299.9931;0.0001;4536;6937;8289976;771;5;0;200;766
3;CPLEX-CP-T;cplex-cp;cp-t;weighted;-;instance_40_25_5_31;TIMEOUT_FEASIBLE;300.0045;0.0057;299.9908;0.0001;4627;7117;6834868;791;3;0;200;788
3;CPLEX-CP-T;cplex-cp;cp-t;weighted;-;instance_40_25_5_32;TIMEOUT_FEASIBLE;300.0043;0.0057;299.9909;0.0001;4628;7121;7954160;723;13;0;200;710
3;CPLEX-CP-T;cplex-cp;cp-t;weighted;-;instance_40_25_5_33;TIMEOUT_FEASIBLE;300.0040;0.0051;299.9923;0.0001;4319;6503;8322280;774;5;0;200;769
3;CPLEX-CP-T;cplex-cp;cp-t;weighted;-;instance_40_25_5_34;TIMEOUT_FEASIBLE;300.0074;0.0053;299.9943;0.0012;4384;6632;9290912;771;9;0;200;762
3;CPLEX-CP-T;cplex-cp;cp-t;weighted;-;instance_40_25_5_35;TIMEOUT_FEASIBLE;300.0067;0.0052;299.9947;0.0001;4359;6583;8593618;755;7;0;200;748
3;CPLEX-CP-T;cplex-cp;cp-t;weighted;-;instance_40_25_5_36;TIMEOUT_FEASIBLE;300.0062;0.0058;299.9921;0.0001;4709;7281;7766047;788;0;0;200;788
3;CPLEX-CP-T;cplex-cp;cp-t;weighted;-;instance_40_25_5_37;TIMEOUT_FEASIBLE;300.0041;0.0054;299.9917;0.0001;4637;7139;7972462;754;4;0;200;750
3;CPLEX-CP-T;cplex-cp;cp-t;weighted;-;instance_40_25_5_38;TIMEOUT_FEASIBLE;300.0038;0.0052;299.9912;0.0001;4328;6520;7773218;741;5;0;200;736
3;CPLEX-CP-T;cplex-cp;cp-t;weighted;-;instance_40_25_5_39;TIMEOUT_FEASIBLE;300.0040;0.0050;299.9925;0.0001;4448;6762;8095716;747;10;0;200;737
3;CPLEX-CP-T;cplex-cp;cp-t;weighted;-;instance_40_25_5_4;TIMEOUT_FEASIBLE;300.0052;0.0056;299.9919;0.0001;4522;6909;7722563;783;4;0;200;779
3;CPLEX-CP-T;cplex-cp;cp-t;weighted;-;instance_40_25_5_40;TIMEOUT_FEASIBLE;300.0039;0.0057;299.9914;0.0001;4717;7298;7533787;774;5;0;200;769
3;CPLEX-CP-T;cplex-cp;cp-t;weighted;-;instance_40_25_5_41;TIMEOUT_FEASIBLE;300.0038;0.0054;299.9912;0.0001;4330;6525;7442644;771;6;0;200;765
3;CPLEX-CP-T;cplex-cp;cp-t;weighted;-;instance_40_25_5_42;TIMEOUT_FEASIBLE;300.0042;0.0054;299.9912;0.0001;4543;6948;10343442;745;6;0;200;739
3;CPLEX-CP-T;cplex-cp;cp-t;weighted;-;instance_40_25_5_43;TIMEOUT_FEASIBLE;300.0132;0.0053;300.0005;0.0001;4299;6460;8620534;772;7;0;200;765
3;CPLEX-CP-T;cplex-cp;cp-t;weighted;-;instance_40_25_5_44;TIMEOUT_FEASIBLE;300.0043;0.0054;299.9916;0.0001;4516;6898;7559099;786;3;0;200;783
3;CPLEX-CP-T;cplex-cp;cp-t;weighted;-;instance_40_25_5_45;TIMEOUT_FEASIBLE;300.0152;0.0055;300.0016;0.0001;4617;7099;8259598;711;6;0;200;705
3;CPLEX-CP-T;cplex-cp;cp-t;weighted;-;instance_40_25_5_46;INFEASIBLE;0.0018;0.0003;0.0000;0.0000;1200;32;0;;;;;
3;CPLEX-CP-T;cplex-cp;cp-t;weighted;-;instance_40_25_5_47;TIMEOUT_FEASIBLE;300.0100;0.0054;299.9974;0.0001;4400;6664;6767725;785;3;0;200;782
3;CPLEX-CP-T;cplex-cp;cp-t;weighted;-;instance_40_25_5_48;TIMEOUT_FEASIBLE;300.0042;0.0056;299.9913;0.0001;4646;7156;7545792;769;1;0;200;768
3;CPLEX-CP-T;cplex-cp;cp-t;weighted;-;instance_40_25_5_49;TIMEOUT_FEASIBLE;300.0049;0.0051;299.9924;0.0001;4459;6783;10375200;734;16;0;200;718
3;CPLEX-CP-T;cplex-cp;cp-t;weighted;-;instance_40_25_5_5;TIMEOUT_FEASIBLE;300.0035;0.0055;299.9910;0.0001;4537;6938;7643313;787;7;0;200;780
3;CPLEX-CP-T;cplex-cp;cp-t;weighted;-;instance_40_25_5_50;TIMEOUT_FEASIBLE;300.0041;0.0050;299.9923;0.0004;4324;6513;6406486;790;4;0;200;786
3;CPLEX-CP-T;cplex-cp;cp-t;weighted;-;instance_40_25_5_6;TIMEOUT_FEASIBLE;300.0039;0.0056;299.9919;0.0001;4451;6765;7106703;768;0;0;200;768
3;CPLEX-CP-T;cplex-cp;cp-t;weighted;-;instance_40_25_5_7;TIMEOUT_FEASIBLE;300.0047;0.0055;299.9917;0.0001;4403;6671;7202598;785;1;0;200;784
3;CPLEX-CP-T;cplex-cp;cp-t;weighted;-;instance_40_25_5_8;TIMEOUT_FEASIBLE;300.0039;0.0055;299.9906;0.0001;4602;7070;8143541;771;4;0;200;767
3;CPLEX-CP-T;cplex-cp;cp-t;weighted;-;instance_40_25_5_9;TIMEOUT_FEASIBLE;300.0048;0.0057;299.9918;0.0001;4632;7130;6379688;776;1;0;200;775
4;CPLEX-CP-I;cplex-cp;cp-i;weighted;-;instance_30_15_4_1;TIMEOUT_FEASIBLE;299.9992;0.0044;299.9911;0.0001;1430;2153;13814635;451;8;0;120;443
4;CPLEX-CP-I;cplex-cp;cp-i;weighted;-;instance_30_15_4_10;TIMEOUT_FEASIBLE;300.0017;0.0037;299.9946;0.0001;1268;1920;17742097;428;10;0;120;418
4;CPLEX-CP-I;cplex-cp;cp-i;weighted;-;instance_30_15_4_11;TIMEOUT_FEASIBLE;300.0044;0.0034;299.9979;0.0000;1088;1621;18249929;415;5;0;120;410
4;CPLEX-CP-I;cplex-cp;cp-i;weighted;-;instance_30_15_4_12;TIMEOUT_FEASIBLE;300.0053;0.0032;299.9988;0.0000;1181;1781;16799704;444;4;0;120;440
4;CPLEX-CP-I;cplex-cp;cp-i;weighted;-;instance_30_15_4_13;TIMEOUT_FEASIBLE;300.0076;0.0033;300.0012;0.0000;976;1461;19080755;389;6;0;120;383
4;CPLEX-CP-I;cplex-cp;cp-i;weighted;-;instance_30_15_4_14;TIMEOUT_FEASIBLE;300.0043;0.0040;299.9968;0.0001;1339;2042;15518186;425;13;0;120;412
4;CPLEX-CP-I;cplex-cp;cp-i;weighted;-;instance_30_15_4_15;TIMEOUT_FEASIBLE;300.0045;0.0036;299.9974;0.0001;1372;2057;14802605;452;4;0;120;448
4;CPLEX-CP-I;cplex-cp;cp-i;weighted;-;instance_30_15_4_16;TIMEOUT_FEASIBLE;300.0047;0.0034;299.9981;0.0001;1050;1624;19939722;400;1;0;120;399
4;CPLEX-CP-I;cplex-cp;cp-i;weighted;-;instance_30_15_4_17;TIMEOUT_FEASIBLE;300.0052;0.0039;299.9979;0.0000;1219;1858;17577568;427;5;0;120;422
4;CPLEX-CP-I;cplex-cp;cp-i;weighted;-;instance_30_15_4_18;TIMEOUT_FEASIBLE;300.0055;0.0047;299.9969;0.0001;1553;2311;13224694;463;5;0;120;458
4;CPLEX-CP-I;cplex-cp;cp-i;weighted;-;instance_30_15_4_19;TIMEOUT_FEASIBLE;300.0039;0.0032;299.9973;0.0001;1088;1637;21273947;424;8;0;120;416
4;CPLEX-CP-I;cplex-cp;cp-i;weighted;-;instance_30_15_4_2;TIMEOUT_FEASIBLE;300.0048;0.0033;299.9984;0.0000;977;1505;23279938;378;4;0;120;374
4;CPLEX-CP-I;cplex-cp;cp-i;weighted;-;instance_30_15_4_20;TIMEOUT_FEASIBLE;300.0068;0.0032;300.0003;0.0000;1095;1678;19875486;434;6;0;120;428
4;CPLEX-CP-I;cplex-cp;cp-i;weighted;-;instance_30_15_4_21;INFEASIBLE;0.0014;0.0001;0.0000;0.0000;19;18;0;;;;;
4;CPLEX-CP-I;cplex-cp;cp-i;weighted;-;instance_30_15_4_22;TIMEOUT_FEASIBLE;300.0011;0.0035;299.9942;0.0001;1170;1765;18401563;436;8;0;120;428
4;CPLEX-CP-I;cplex-cp;cp-i;weighted;-;instance_30_15_4_23;TIMEOUT_FEASIBLE;300.0064;0.0040;299.9988;0.0000;1385;2084;14810256;445;7;0;120;438
4;CPLEX-CP-I;cplex-cp;cp-i;weighted;-;instance_30_15_4_24;TIMEOUT_FEASIBLE;300.0170;0.0040;300.0095;0.0001;1423;2140;16318138;450;3;0;120;447
4;CPLEX-CP-I;cplex-cp;cp-i;weighted;-;instance_30_15_4_25;TIMEOUT_FEASIBLE;300.0025;0.0034;299.9957;0.0001;1015;1549;21596382;411;3;0;120;408
4;CPLEX-CP-I;cplex-cp;cp-i;weighted;-;instance_30_15_4_26;TIMEOUT_FEASIBLE;300.0047;0.0037;299.9976;0.0001;1331;1999;15349218;440;3;0;120;437
4;CPLEX-CP-I;cplex-cp;cp-i;weighted;-;instance_30_15_4_27;TIMEOUT_FEASIBLE;300.0065;0.0037;299.9991;0.0001;1240;1895;15720098;416;6;0;120;410
4;CPLEX-CP-I;cplex-cp;cp-i;weighted;-;instance_30_15_4_28;TIMEOUT_FEASIBLE;300.0038;0.0039;299.9963;0.0001;1341;2027;14815554;429;8;0;120;421
4;CPLEX-CP-I;cplex-cp;cp-i;weighted;-;instance_30_15_4_29;TIMEOUT_FEASIBLE;300.0043;0.0030;299.9984;0.0001;925;1407;22594198;410;5;0;120;405
4;CPLEX-CP-I;cplex-cp;cp-i;weighted;-;instance_30_15_4_3;TIMEOUT_FEASIBLE;300.0069;0.0039;299.9995;0.0001;1401;2126;15245081;443;5;0;120;438
4;CPLEX-CP-I;cplex-cp;cp-i;weighted;-;instance_30_15_4_30;TIMEOUT_FEASIBLE;300.0055;0.0040;299.9980;0.0001;1411;2129;14120328;444;7;0;120;437
4;CPLEX-CP-I;cplex-cp;cp-i;weighted;-;instance_30_15_4_31;TIMEOUT_FEASIBLE;300.0060;0.0033;299.9992;0.0001;1389;2057;15488052;418;6;0;120;412
4;CPLEX-CP-I;cplex-cp;cp-i;weighted;-;instance_30_15_4_32;TIMEOUT_FEASIBLE;300.0051;0.0037;299.9980;0.0001;1246;1854;17247769;390;3;0;120;387
4;CPLEX-CP-I;cplex-cp;cp-i;weighted;-;instance_30_15_4_33;TIMEOUT_FEASIBLE;300.0046;0.0039;299.9973;0.0000;1359;2036;14214608;438;3;0;120;435
4;CPLEX-CP-I;cplex-cp;cp-i;weighted;-;instance_30_15_4_34;TIMEOUT_FEASIBLE;300.0079;0.0041;300.0002;0.0001;1356;2048;17048597;403;4;0;120;399
4;CPLEX-CP-I;cplex-cp;cp-i;weighted;-;instance_30_15_4_35;INFEASIBLE;0.0026;0.0013;0.0000;0.0000;405;404;0;;;;;
4;CPLEX-CP-I;cplex-cp;cp-i;weighted;-;instance_30_15_4_36;TIMEOUT_FEASIBLE;300.0012;0.0037;299.9940;0.0000;1301;1935;15728436;438;5;0;120;433
4;CPLEX-CP-I;cplex-cp;cp-i;weighted;-;instance_30_15_4_37;TIMEOUT_FEASIBLE;300.0043;0.0039;299.9970;0.0000;1286;1980;16435168;433;6;0;120;427
4;CPLEX-CP-I;cplex-cp;cp-i;weighted;-;instance_30_15_4_38;TIMEOUT_FEASIBLE;300.0105;0.0036;300.0032;0.0001;1246;1906;17572103;406;4;0;120;402
4;CPLEX-CP-I;cplex-cp;cp-i;weighted;-;instance_30_15_4_39;TIMEOUT_FEASIBLE;300.0053;0.0041;299.9977;0.0001;1398;2093;14251084;450;3;0;120;447
4;CPLEX-CP-I;cplex-cp;cp-i;weighted;-;instance_30_15_4_4;TIMEOUT_FEASIBLE;300.0008;0.0047;299.9921;0.0000;1583;2422;12830437;457;6;0;120;451
4;CPLEX-CP-I;cplex-cp;cp-i;weighted;-;instance_30_15_4_40;TIMEOUT_FEASIBLE;300.0038;0.0043;299.9959;0.0001;1316;2005;14754555;450;0;0;120;450
4;CPLEX-CP-I;cplex-cp;cp-i;weighted;-;instance_30_15_4_41;TIMEOUT_FEASIBLE;300.0051;0.0048;299.9963;0.0001;1630;2408;11110112;444;1;0;120;443
4;CPLEX-CP-I;cplex-cp;cp-i;weighted;-;instance_30_15_4_42;TIMEOUT_FEASIBLE;300.0041;0.0045;299.9959;0.0001;1445;2156;11824879;441;4;0;120;437
4;CPLEX-CP-I;cplex-cp;cp-i;weighted;-;instance_30_15_4_43;TIMEOUT_FEASIBLE;300.0054;0.0040;299.9980;0.0001;1270;1891;15792620;430;7;0;120;423
4;CPLEX-CP-I;cplex-cp;cp-i;weighted;-;instance_30_15_4_44;INFEASIBLE;0.0016;0.0002;0.0000;0.0000;48;47;0;;;;;
4;CPLEX-CP-I;cplex-cp;cp-i;weighted;-;instance_30_15_4_45;TIMEOUT_FEASIBLE;300.0023;0.0044;299.9943;0.0001;1447;2172;13790534;426;4;0;120;422
4;CPLEX-CP-I;cplex-cp;cp-i;weighted;-;instance_30_15_4_46;TIMEOUT_FEASIBLE;300.0044;0.0041;299.9966;0.0001;1482;2227;14427711;452;2;0;120;450
4;CPLEX-CP-I;cplex-cp;cp-i;weighted;-;instance_30_15_4_47;TIMEOUT_FEASIBLE;300.0051;0.0033;299.9984;0.0001;1230;1894;19763520;433;5;0;120;428
4;CPLEX-CP-I;cplex-cp;cp-i;weighted;-;instance_30_15_4_48;TIMEOUT_FEASIBLE;300.0053;0.0039;299.9979;0.0001;1250;1889;15278277;435;4;0;120;431
4;CPLEX-CP-I;cplex-cp;cp-i;weighted;-;instance_30_15_4_49;TIMEOUT_FEASIBLE;300.0051;0.0036;299.9981;0.0001;1242;1852;16430206;442;6;0;120;436
4;CPLEX-CP-I;cplex-cp;cp-i;weighted;-;instance_30_15_4_5;TIMEOUT_FEASIBLE;300.0046;0.0036;299.9978;0.0001;1163;1743;16722730;428;7;0;120;421
4;CPLEX-CP-I;cplex-cp;cp-i;weighted;-;instance_30_15_4_50;TIMEOUT_FEASIBLE;300.0057;0.0033;299.9993;0.0000;1018;1538;20947698;415;11;0;120;404
4;CPLEX-CP-I;cplex-cp;cp-i;weighted;-;instance_30_15_4_6;TIMEOUT_FEASIBLE;300.0048;0.0035;299.9979;0.0001;1157;1769;18286873;446;5;0;120;441
4;CPLEX-CP-I;cplex-cp;cp-i;weighted;-;instance_30_15_4_7;INFEASIBLE;0.0023;0.0010;0.0000;0.0000;366;365;0;;;;;
4;CPLEX-CP-I;cplex-cp;cp-i;weighted;-;instance_30_15_4_8;INFEASIBLE;0.0014;0.0001;0.0000;0.0000;31;30;0;;;;;
4;CPLEX-CP-I;cplex-cp;cp-i;weighted;-;instance_30_15_4_9;TIMEOUT_FEASIBLE;299.9992;0.0031;299.9930;0.0000;1054;1603;17701222;410;9;0;120;401
4;CPLEX-CP-I;cplex-cp;cp-i;weighted;-;instance_40_25_5_1;TIMEOUT_FEASIBLE;299.9990;0.0104;299.9828;0.0001;2924;4256;9372763;783;4;0;200;779
4;CPLEX-CP-I;cplex-cp;cp-i;weighted;-;instance_40_25_5_10;TIMEOUT_FEASIBLE;300.0046;0.0123;299.9857;0.0001;3577;5138;6305797;776;4;0;200;772
4;CPLEX-CP-I;cplex-cp;cp-i;weighted;-;instance_40_25_5_11;TIMEOUT_FEASIBLE;300.0036;0.0101;299.9876;0.0001;3242;4737;8541573;784;1;0;200;783
4;CPLEX-CP-I;cplex-cp;cp-i;weighted;-;instance_40_25_5_12;TIMEOUT_FEASIBLE;300.0047;0.0104;299.9885;0.0001;3081;4452;8754363;783;2;0;200;781
4;CPLEX-CP-I;cplex-cp;cp-i;weighted;-;instance_40_25_5_13;TIMEOUT_FEASIBLE;300.0038;0.0107;299.9867;0.0001;3307;4840;8189830;786;2;0;200;784
4;CPLEX-CP-I;cplex-cp;cp-i;weighted;-;instance_40_25_5_14;TIMEOUT_FEASIBLE;300.0036;0.0117;299.9856;0.0001;3615;5299;7703679;781;0;0;200;781
4;CPLEX-CP-I;cplex-cp;cp-i;weighted;-;instance_40_25_5_15;TIMEOUT_FEASIBLE;300.0032;0.0109;299.9863;0.0001;3045;4478;8949174;720;5;0;200;715
4;CPLEX-CP-I;cplex-cp;cp-i;weighted;-;instance_40_25_5_16;TIMEOUT_FEASIBLE;300.0029;0.0103;299.9870;0.0001;2949;4329;9695206;764;6;0;200;758
4;CPLEX-CP-I;cplex-cp;cp-i;weighted;-;instance_40_25_5_17;TIMEOUT_FEASIBLE;300.0031;0.0112;299.9860;0.0001;3083;4481;8425922;753;8;0;200;745
4;CPLEX-CP-I;cplex-cp;cp-i;weighted;-;instance_40_25_5_18;TIMEOUT_FEASIBLE;300.0033;0.0106;299.9869;0.0001;3222;4692;8746722;786;2;0;200;784
4;CPLEX-CP-I;cplex-cp;cp-i;weighted;-;instance_40_25_5_19;TIMEOUT_FEASIBLE;300.0009;0.0084;299.9873;0.0001;2449;3616;11070112;742;8;0;200;734
4;CPLEX-CP-I;cplex-cp;cp-i;weighted;-;instance_40_25_5_2;TIMEOUT_FEASIBLE;300.0049;0.0097;299.9895;0.0001;3080;4461;9228213;779;4;0;200;775
4;CPLEX-CP-I;cplex-cp;cp-i;weighted;-;instance_40_25_5_20;TIMEOUT_FEASIBLE;300.0042;0.0101;299.9882;0.0001;3091;4401;8259418;772;5;0;200;767
4;CPLEX-CP-I;cplex-cp;cp-i;weighted;-;instance_40_25_5_21;TIMEOUT_FEASIBLE;300.0029;0.0112;299.9853;0.0001;3280;4778;8407293;760;2;0;200;758
4;CPLEX-CP-I;cplex-cp;cp-i;weighted;-;instance_40_25_5_22;TIMEOUT_FEASIBLE;300.0025;0.0092;299.9879;0.0001;2721;4000;8910110;770;9;0;200;761
4;CPLEX-CP-I;cplex-cp;cp-i;weighted;-;instance_40_25_5_23;TIMEOUT_FEASIBLE;300.0043;0.0100;299.9883;0.0001;3154;4543;7914212;772;4;0;200;768
4;CPLEX-CP-I;cplex-cp;cp-i;weighted;-;instance_40_25_5_24;TIMEOUT_FEASIBLE;300.0435;0.0082;300.0299;0.0001;2599;3824;10932730;752;14;0;200;738
4;CPLEX-CP-I;cplex-cp;cp-i;weighted;-;instance_40_25_5_25;TIMEOUT_FEASIBLE;299.9964;0.0088;299.9826;0.0001;2636;3871;11052457;769;8;0;200;761
4;CPLEX-CP-I;cplex-cp;cp-i;weighted;-;instance_40_25_5_26;TIMEOUT_FEASIBLE;300.0066;0.0107;299.9901;0.0001;3262;4762;8206732;778;2;0;200;776
4;CPLEX-CP-I;cplex-cp;cp-i;weighted;-;instance_40_25_5_27;TIMEOUT_FEASIBLE;300.0047;0.0088;299.9908;0.0001;2621;3848;11868737;752;13;0;200;739
4;CPLEX-CP-I;cplex-cp;cp-i;weighted;-;instance_40_25_5_28;TIMEOUT_FEASIBLE;300.0066;0.0104;299.9905;0.0001;3173;4676;8974817;750;8;0;200;742
4;CPLEX-CP-I;cplex-cp;cp-i;weighted;-;instance_40_25_5_29;TIMEOUT_FEASIBLE;299.9957;0.0087;299.9818;0.0001;2759;4047;10779838;755;10;0;200;745
4;CPLEX-CP-I;cplex-cp;cp-i;weighted;-;instance_40_25_5_3;TIMEOUT_FEASIBLE;300.0063;0.0101;299.9904;0.0001;3073;4500;9204683;734;12;0;200;722
4;CPLEX-CP-I;cplex-cp;cp-i;weighted;-;instance_40_25_5_30;TIMEOUT_FEASIBLE;300.0059;0.0106;299.9889;0.0001;3553;5143;8192055;771;5;0;200;766
4;CPLEX-CP-I;cplex-cp;cp-i;weighted;-;instance_40_25_5_31;TIMEOUT_FEASIBLE;300.0038;0.0112;299.9862;0.0001;3431;4979;7499585;791;3;0;200;788
4;CPLEX-CP-I;cplex-cp;cp-i;weighted;-;instance_40_25_5_32;TIMEOUT_FEASIBLE;300.0060;0.0101;299.9900;0.0001;3251;4793;9853898;723;13;0;200;710
4;CPLEX-CP-I;cplex-cp;cp-i;weighted;-;instance_40_25_5_33;TIMEOUT_FEASIBLE;300.0053;0.0085;299.9915;0.0001;2591;3776;9995725;776;7;0;200;769
4;CPLEX-CP-I;cplex-cp;cp-i;weighted;-;instance_40_25_5_34;TIMEOUT_FEASIBLE;299.9978;0.0098;299.9824;0.0001;3117;4480;7551175;769;5;0;200;764
4;CPLEX-CP-I;cplex-cp;cp-i;weighted;-;instance_40_25_5_35;TIMEOUT_FEASIBLE;300.0044;0.0106;299.9879;0.0001;3116;4531;8726897;757;10;0;200;747
4;CPLEX-CP-I;cplex-cp;cp-i;weighted;-;instance_40_25_5_36;TIMEOUT_FEASIBLE;300.0033;0.0117;299.9855;0.0001;3286;4821;8004268;788;0;0;200;788
4;CPLEX-CP-I;cplex-cp;cp-i;weighted;-;instance_40_25_5_37;TIMEOUT_FEASIBLE;300.0025;0.0107;299.9858;0.0001;3151;4633;9310139;754;4;0;200;750
4;CPLEX-CP-I;cplex-cp;cp-i;weighted;-;instance_40_25_5_38;TIMEOUT_FEASIBLE;300.0024;0.0100;299.9869;0.0001;2820;4116;9684555;741;5;0;200;736
4;CPLEX-CP-I;cplex-cp;cp-i;weighted;-;instance_40_25_5_39;TIMEOUT_FEASIBLE;300.0033;0.0100;299.9879;0.0001;2563;3767;8982605;748;11;0;200;737
4;CPLEX-CP-I;cplex-cp;cp-i;weighted;-;instance_40_25_5_4;TIMEOUT_FEASIBLE;300.0059;0.0098;299.9905;0.0001;3083;4491;8750931;783;4;0;200;779
4;CPLEX-CP-I;cplex-cp;cp-i;weighted;-;instance_40_25_5_40;TIMEOUT_FEASIBLE;300.0034;0.0106;299.9870;0.0001;3076;4533;9409911;775;6;0;200;769
4;CPLEX-CP-I;cplex-cp;cp-i;weighted;-;instance_40_25_5_41;TIMEOUT_FEASIBLE;300.0038;0.0110;299.9866;0.0001;3241;4682;7998693;771;6;0;200;765
4;CPLEX-CP-I;cplex-cp;cp-i;weighted;-;instance_40_25_5_42;TIMEOUT_FEASIBLE;300.0024;0.0099;299.9870;0.0001;2735;4071;10011425;747;8;0;200;739
4;CPLEX-CP-I;cplex-cp;cp-i;weighted;-;instance_40_25_5_43;TIMEOUT_FEASIBLE;300.0043;0.0089;299.9901;0.0001;2839;4125;8000264;774;8;0;200;766
4;CPLEX-CP-I;cplex-cp;cp-i;weighted;-;instance_40_25_5_44;TIMEOUT_FEASIBLE;300.0123;0.0107;299.9952;0.0001;3287;4819;7706847;786;3;0;200;783
4;CPLEX-CP-I;cplex-cp;cp-i;weighted;-;instance_40_25_5_45;TIMEOUT_FEASIBLE;300.0043;0.0106;299.9875;0.0001;3187;4693;8998549;711;6;0;200;705
4;CPLEX-CP-I;cplex-cp;cp-i;weighted;-;instance_40_25_5_46;INFEASIBLE;0.0027;0.0010;0.0000;0.0000;317;316;0;;;;;
4;CPLEX-CP-I;cplex-cp;cp-i;weighted;-;instance_40_25_5_47;TIMEOUT_FEASIBLE;300.0091;0.0116;299.9912;0.0001;3472;5028;7381805;785;3;0;200;782
4;CPLEX-CP-I;cplex-cp;cp-i;weighted;-;instance_40_25_5_48;TIMEOUT_FEASIBLE;300.0031;0.0105;299.9865;0.0001;3247;4793;8479077;769;1;0;200;768
4;CPLEX-CP-I;cplex-cp;cp-i;weighted;-;instance_40_25_5_49;TIMEOUT_FEASIBLE;300.0026;0.0097;299.9873;0.0001;2951;4331;9950828;735;15;0;200;720
4;CPLEX-CP-I;cplex-cp;cp-i;weighted;-;instance_40_25_5_5;TIMEOUT_FEASIBLE;300.0042;0.0108;299.9873;0.0001;3263;4745;9203166;787;6;0;200;781
4;CPLEX-CP-I;cplex-cp;cp-i;weighted;-;instance_40_25_5_50;TIMEOUT_FEASIBLE;300.0035;0.0112;299.9860;0.0001;3408;4851;8226035;791;5;0;200;786
4;CPLEX-CP-I;cplex-cp;cp-i;weighted;-;instance_40_25_5_6;TIMEOUT_FEASIBLE;300.0025;0.0113;299.9848;0.0001;3371;4895;7649269;770;3;0;200;767
4;CPLEX-CP-I;cplex-cp;cp-i;weighted;-;instance_40_25_5_7;TIMEOUT_FEASIBLE;300.0033;0.0114;299.9856;0.0001;3454;4982;8462429;785;1;0;200;784
4;CPLEX-CP-I;cplex-cp;cp-i;weighted;-;instance_40_25_5_8;TIMEOUT_FEASIBLE;300.0029;0.0102;299.9868;0.0001;3015;4436;8673923;771;4;0;200;767
4;CPLEX-CP-I;cplex-cp;cp-i;weighted;-;instance_40_25_5_9;TIMEOUT_FEASIBLE;300.0044;0.0118;299.9860;0.0001;3326;4872;8475786;777;2;0;200;775
1;GUROBI-MIP;gurobi-mip;mip-e;lex-continuity;-;instance_30_15_4_1;OPTIMUM;0.3970;0.0171;0.1444;0.0002;3371;3079;1;438;0;0;120;438
1;GUROBI-MIP;gurobi-mip;mip-e;lex-continuity;-;instance_30_15_4_10;OPTIMUM;0.1260;0.0139;0.1092;0.0002;2858;2791;1;410;0;0;120;410
1;GUROBI-MIP;gurobi-mip;mip-e;lex-continuity;-;instance_30_15_4_11;OPTIMUM;0.1445;0.0133;0.1283;0.0002;2559;2447;1;411;0;5;120;406
1;GUROBI-MIP;gurobi-mip;mip-e;lex-continuity;-;instance_30_15_4_12;OPTIMUM;0.1374;0.0144;0.1197;0.0002;2802;2664;1;439;0;0;120;439
1;GUROBI-MIP;gurobi-mip;mip-e;lex-continuity;-;instance_30_15_4_13;OPTIMUM;0.1180;0.0117;0.1034;0.0002;2204;2192;1;386;3;0;120;383
1;GUROBI-MIP;gurobi-mip;mip-e;lex-continuity;-;instance_30_15_4_14;OPTIMUM;0.1490;0.0150;0.1307;0.0002;3089;2948;1;389;0;0;120;389
1;GUROBI-MIP;gurobi-mip;mip-e;lex-continuity;-;instance_30_15_4_15;OPTIMUM;0.2266;0.0170;0.2063;0.0002;3341;3041;1;446;0;0;120;446
1;GUROBI-MIP;gurobi-mip;mip-e;lex-continuity;-;instance_30_15_4_16;OPTIMUM;0.0990;0.0124;0.0837;0.0002;2300;2344;1;398;0;0;120;398
1;GUROBI-MIP;gurobi-mip;mip-e;lex-continuity;-;instance_30_15_4_17;OPTIMUM;0.1233;0.0146;0.1056;0.0002;2875;2724;1;417;0;0;120;417
1;GUROBI-MIP;gurobi-mip;mip-e;lex-continuity;-;instance_30_15_4_18;OPTIMUM;0.1858;0.0184;0.1640;0.0002;3959;3386;1;448;0;0;120;448
1;GUROBI-MIP;gurobi-mip;mip-e;lex-continuity;-;instance_30_15_4_19;OPTIMUM;0.1149;0.0134;0.0985;0.0002;2623;2494;1;392;1;0;120;391
1;GUROBI-MIP;gurobi-mip;mip-e;lex-continuity;-;instance_30_15_4_2;OPTIMUM;0.1078;0.0118;0.0932;0.0002;2165;2208;1;373;0;4;120;369
1;GUROBI-MIP;gurobi-mip;mip-e;lex-continuity;-;instance_30_15_4_20;OPTIMUM;0.1144;0.0130;0.0984;0.0002;2444;2469;1;420;0;0;120;420
1;GUROBI-MIP;gurobi-mip;mip-e;lex-continuity;-;instance_30_15_4_21;INFEASIBLE;0.0069;0.0033;0.0019;0.0000;1837;1922;0;;;;;
1;GUROBI-MIP;gurobi-mip;mip-e;lex-continuity;-;instance_30_15_4_22;OPTIMUM;0.1345;0.0140;0.1175;0.0002;2720;2647;1;413;0;0;120;413
1;GUROBI-MIP;gurobi-mip;mip-e;lex-continuity;-;instance_30_15_4_23;OPTIMUM;0.1672;0.0169;0.1469;0.0002;3361;3073;1;427;0;0;120;427
1;GUROBI-MIP;gurobi-mip;mip-e;lex-continuity;-;instance_30_15_4_24;OPTIMUM;0.1540;0.0166;0.1342;0.0002;3343;3066;1;444;0;0;120;444
1;GUROBI-MIP;gurobi-mip;mip-e;lex-continuity;-;instance_30_15_4_25;OPTIMUM;0.1015;0.0124;0.0860;0.0002;2287;2294;1;402;0;0;120;402
1;GUROBI-MIP;gurobi-mip;mip-e;lex-continuity;-;instance_30_15_4_26;OPTIMUM;0.1462;0.0154;0.1277;0.0002;3064;2888;1;436;0;0;120;436
1;GUROBI-MIP;gurobi-mip;mip-e;lex-continuity;-;instance_30_15_4_27;OPTIMUM;0.1349;0.0151;0.1166;0.0002;2917;2741;1;407;0;0;120;407
1;GUROBI-MIP;gurobi-mip;mip-e;lex-continuity;-;instance_30_15_4_28;OPTIMUM;0.1609;0.0159;0.1417;0.0002;3117;2956;1;410;0;0;120;410
1;GUROBI-MIP;gurobi-mip;mip-e;lex-continuity;-;instance_30_15_4_29;OPTIMUM;0.0957;0.0116;0.0813;0.0002;2095;2159;1;399;0;0;120;399
1;GUROBI-MIP;gurobi-mip;mip-e;lex-continuity;-;instance_30_15_4_3;OPTIMUM;0.1668;0.0166;0.1471;0.0002;3366;3038;1;431;0;0;120;431
1;GUROBI-MIP;gurobi-mip;mip-e;lex-continuity;-;instance_30_15_4_30;OPTIMUM;0.2403;0.0165;0.2206;0.0002;3307;3074;1;435;0;0;120;435
1;GUROBI-MIP;gurobi-mip;mip-e;lex-continuity;-;instance_30_15_4_31;OPTIMUM;0.1659;0.0163;0.1463;0.0002;3331;3021;1;407;0;0;120;407
1;GUROBI-MIP;gurobi-mip;mip-e;lex-continuity;-;instance_30_15_4_32;OPTIMUM;0.1558;0.0156;0.1370;0.0002;3155;2791;1;382;0;0;120;382
1;GUROBI-MIP;gurobi-mip;mip-e;lex-continuity;-;instance_30_15_4_33;OPTIMUM;0.1607;0.0163;0.1411;0.0002;3223;2979;1;429;0;0;120;429
1;GUROBI-MIP;gurobi-mip;mip-e;lex-continuity;-;instance_30_15_4_34;OPTIMUM;0.1591;0.0155;0.1402;0.0002;3322;2990;1;396;0;0;120;396
1;GUROBI-MIP;gurobi-mip;mip-e;lex-continuity;-;instance_30_15_4_35;INFEASIBLE;0.0095;0.0053;0.0024;0.0000;2706;2659;0;;;;;
1;GUROBI-MIP;gurobi-mip;mip-e;lex-continuity;-;instance_30_15_4_36;OPTIMUM;0.1540;0.0158;0.1350;0.0002;3184;2947;1;427;0;0;120;427
1;GUROBI-MIP;gurobi-mip;mip-e;lex-continuity;-;instance_30_15_4_37;OPTIMUM;0.1372;0.0148;0.1193;0.0002;2865;2755;1;420;0;0;120;420
1;GUROBI-MIP;gurobi-mip;mip-e;lex-continuity;-;instance_30_15_4_38;OPTIMUM;0.1401;0.0146;0.1224;0.0002;2845;2745;1;402;0;0;120;402
1;GUROBI-MIP;gurobi-mip;mip-e;lex-continuity;-;instance_30_15_4_39;OPTIMUM;0.1609;0.0163;0.1412;0.0002;3288;3013;1;437;0;0;120;437
1;GUROBI-MIP;gurobi-mip;mip-e;lex-continuity;-;instance_30_15_4_4;OPTIMUM;0.1683;0.0180;0.1468;0.0002;3686;3374;1;450;0;0;120;450
1;GUROBI-MIP;gurobi-mip;mip-e;lex-continuity;-;instance_30_15_4_40;OPTIMUM;0.1573;0.0157;0.1383;0.0002;3126;2946;1;450;0;0;120;450
1;GUROBI-MIP;gurobi-mip;mip-e;lex-continuity;-;instance_30_15_4_41;OPTIMUM;0.2052;0.0200;0.1815;0.0002;4145;3586;1;443;0;0;120;443
1;GUROBI-MIP;gurobi-mip;mip-e;lex-continuity;-;instance_30_15_4_42;OPTIMUM;0.1756;0.0168;0.1556;0.0002;3363;3102;1;432;0;0;120;432
1;GUROBI-MIP;gurobi-mip;mip-e;lex-continuity;-;instance_30_15_4_43;OPTIMUM;0.1664;0.0154;0.1478;0.0002;3163;2828;1;418;0;7;120;411
1;GUROBI-MIP;gurobi-mip;mip-e;lex-continuity;-;instance_30_15_4_44;INFEASIBLE;0.0095;0.0053;0.0023;0.0000;2881;2803;0;;;;;
1;GUROBI-MIP;gurobi-mip;mip-e;lex-continuity;-;instance_30_15_4_45;OPTIMUM;0.1748;0.0172;0.1542;0.0002;3586;3190;1;416;0;0;120;416
1;GUROBI-MIP;gurobi-mip;mip-e;lex-continuity;-;instance_30_15_4_46;OPTIMUM;0.1684;0.0172;0.1480;0.0002;3478;3213;1;446;0;0;120;446
1;GUROBI-MIP;gurobi-mip;mip-e;lex-continuity;-;instance_30_15_4_47;OPTIMUM;0.1951;0.0144;0.1776;0.0002;2811;2697;1;418;1;0;120;417
1;GUROBI-MIP;gurobi-mip;mip-e;lex-continuity;-;instance_30_15_4_48;OPTIMUM;0.1308;0.0149;0.1127;0.0002;2913;2779;1;430;0;0;120;430
1;GUROBI-MIP;gurobi-mip;mip-e;lex-continuity;-;instance_30_15_4_49;OPTIMUM;0.1375;0.0152;0.1191;0.0002;2912;2738;1;421;0;0;120;421
1;GUROBI-MIP;gurobi-mip;mip-e;lex-continuity;-;instance_30_15_4_5;OPTIMUM;0.1372;0.0139;0.1204;0.0002;2772;2611;1;401;1;0;120;400
1;GUROBI-MIP;gurobi-mip;mip-e;lex-continuity;-;instance_30_15_4_50;OPTIMUM;0.1055;0.0121;0.0906;0.0002;2294;2254;1;403;7;0;120;396
1;GUROBI-MIP;gurobi-mip;mip-e;lex-continuity;-;instance_30_15_4_6;OPTIMUM;0.1608;0.0132;0.1447;0.0002;2621;2606;1;436;0;0;120;436
1;GUROBI-MIP;gurobi-mip;mip-e;lex-continuity;-;instance_30_15_4_7;INFEASIBLE;0.0109;0.0063;0.0027;0.0000;3567;3241;0;;;;;
1;GUROBI-MIP;gurobi-mip;mip-e;lex-continuity;-;instance_30_15_4_8;INFEASIBLE;0.0097;0.0055;0.0024;0.0000;3104;2911;0;;;;;
1;GUROBI-MIP;gurobi-mip;mip-e;lex-continuity;-;instance_30_15_4_9;OPTIMUM;0.1384;0.0123;0.1234;0.0002;2364;2352;1;387;1;1;120;385
1;GUROBI-MIP;gurobi-mip;mip-e;lex-continuity;-;instance_40_25_5_1;OPTIMUM;0.4095;0.0369;0.3667;0.0003;7806;6177;1;777;0;0;200;777
1;GUROBI-MIP;gurobi-mip;mip-e;lex-continuity;-;instance_40_25_5_10;OPTIMUM;0.5552;0.0445;0.5040;0.0004;9156;7352;1;765;0;0;200;765
1;GUROBI-MIP;gurobi-mip;mip-e;lex-continuity;-;instance_40_25_5_11;OPTIMUM;0.4065;0.0401;0.3603;0.0004;8366;6741;1;783;0;0;200;783
1;GUROBI-MIP;gurobi-mip;mip-e;lex-continuity;-;instance_40_25_5_12;OPTIMUM;0.4436;0.0374;0.4006;0.0004;7935;6437;1;778;0;0;200;778
1;GUROBI-MIP;gurobi-mip;mip-e;lex-continuity;-;instance_40_25_5_13;OPTIMUM;0.4488;0.0394;0.4035;0.0004;8187;6772;1;783;0;0;200;783
1;GUROBI-MIP;gurobi-mip;mip-e;lex-continuity;-;instance_40_25_5_14;OPTIMUM;0.4593;0.0430;0.4101;0.0003;9031;7290;1;781;0;0;200;781
1;GUROBI-MIP;gurobi-mip;mip-e;lex-continuity;-;instance_40_25_5_15;OPTIMUM;0.4854;0.0380;0.4414;0.0004;7991;6437;1;710;0;0;200;710
1;GUROBI-MIP;gurobi-mip;mip-e;lex-continuity;-;instance_40_25_5_16;OPTIMUM;0.5972;0.0366;0.5549;0.0004;7425;6080;1;753;1;0;200;752
1;GUROBI-MIP;gurobi-mip;mip-e;lex-continuity;-;instance_40_25_5_17;OPTIMUM;0.3813;0.0385;0.3367;0.0003;7867;6418;1;741;0;0;200;741
1;GUROBI-MIP;gurobi-mip;mip-e;lex-continuity;-;instance_40_25_5_18;OPTIMUM;0.3943;0.0393;0.3491;0.0003;8262;6693;1;782;0;0;200;782
1;GUROBI-MIP;gurobi-mip;mip-e;lex-continuity;-;instance_40_25_5_19;OPTIMUM;0.3547;0.0299;0.3200;0.0003;5910;5212;1;715;0;2;200;713
1;GUROBI-MIP;gurobi-mip;mip-e;lex-continuity;-;instance_40_25_5_2;OPTIMUM;0.4177;0.0387;0.3730;0.0004;7933;6374;1;766;0;0;200;766
1;GUROBI-MIP;gurobi-mip;mip-e;lex-continuity;-;instance_40_25_5_20;OPTIMUM;0.5486;0.0379;0.5048;0.0004;8180;6439;1;759;0;0;200;759
1;GUROBI-MIP;gurobi-mip;mip-e;lex-continuity;-;instance_40_25_5_21;OPTIMUM;0.4803;0.0410;0.4333;0.0004;8490;6813;1;755;0;0;200;755
1;GUROBI-MIP;gurobi-mip;mip-e;lex-continuity;-;instance_40_25_5_22;OPTIMUM;0.4051;0.0324;0.3674;0.0003;6757;5793;1;754;0;1;200;753
1;GUROBI-MIP;gurobi-mip;mip-e;lex-continuity;-;instance_40_25_5_23;OPTIMUM;0.5800;0.0395;0.5347;0.0004;8030;6538;1;764;0;0;200;764
1;GUROBI-MIP;gurobi-mip;mip-e;lex-continuity;-;instance_40_25_5_24;OPTIMUM;0.3517;0.0325;0.3141;0.0003;6415;5517;1;724;0;0;200;724
1;GUROBI-MIP;gurobi-mip;mip-e;lex-continuity;-;instance_40_25_5_25;OPTIMUM;0.3449;0.0325;0.3074;0.0003;6367;5530;1;734;0;0;200;734
1;GUROBI-MIP;gurobi-mip;mip-e;lex-continuity;-;instance_40_25_5_26;OPTIMUM;0.4404;0.0394;0.3949;0.0003;8367;6757;1;775;0;0;200;775
1;GUROBI-MIP;gurobi-mip;mip-e;lex-continuity;-;instance_40_25_5_27;OPTIMUM;0.3941;0.0330;0.3559;0.0003;6288;5519;1;711;0;0;200;711
1;GUROBI-MIP;gurobi-mip;mip-e;lex-continuity;-;instance_40_25_5_28;OPTIMUM;0.4591;0.0388;0.4143;0.0004;7869;6569;1;715;0;0;200;715
1;GUROBI-MIP;gurobi-mip;mip-e;lex-continuity;-;instance_40_25_5_29;OPTIMUM;0.6243;0.0336;0.5856;0.0003;6686;5707;1;716;1;0;200;715
1;GUROBI-MIP;gurobi-mip;mip-e;lex-continuity;-;instance_40_25_5_3;OPTIMUM;0.5221;0.0378;0.4785;0.0004;7655;6324;1;704;1;0;200;703
1;GUROBI-MIP;gurobi-mip;mip-e;lex-continuity;-;instance_40_25_5_30;OPTIMUM;0.4670;0.0435;0.4169;0.0004;9104;7202;1;761;0;0;200;761
1;GUROBI-MIP;gurobi-mip;mip-e;lex-continuity;-;instance_40_25_5_31;OPTIMUM;0.4641;0.0415;0.4163;0.0004;8936;7022;1;784;0;0;200;784
1;GUROBI-MIP;gurobi-mip;mip-e;lex-continuity;-;instance_40_25_5_32;OPTIMUM;0.4672;0.0389;0.4223;0.0004;7826;6652;1;672;0;0;200;672
1;GUROBI-MIP;gurobi-mip;mip-e;lex-continuity;-;instance_40_25_5_33;OPTIMUM;0.3644;0.0331;0.3259;0.0003;6418;5516;1;760;0;0;200;760
1;GUROBI-MIP;gurobi-mip;mip-e;lex-continuity;-;instance_40_25_5_34;OPTIMUM;0.5269;0.0383;0.4828;0.0003;7980;6501;1;759;0;0;200;759
1;GUROBI-MIP;gurobi-mip;mip-e;lex-continuity;-;instance_40_25_5_35;OPTIMUM;0.4720;0.0371;0.4293;0.0003;7728;6450;1;737;0;0;200;737
1;GUROBI-MIP;gurobi-mip;mip-e;lex-continuity;-;instance_40_25_5_36;OPTIMUM;0.4849;0.0415;0.4372;0.0004;8531;6890;1;788;0;0;200;788
1;GUROBI-MIP;gurobi-mip;mip-e;lex-continuity;-;instance_40_25_5_37;OPTIMUM;0.4021;0.0379;0.3586;0.0003;7699;6496;1;747;0;0;200;747
1;GUROBI-MIP;gurobi-mip;mip-e;lex-continuity;-;instance_40_25_5_38;OPTIMUM;0.4148;0.0343;0.3753;0.0003;6726;5915;1;735;0;0;200;735
1;GUROBI-MIP;gurobi-mip;mip-e;lex-continuity;-;instance_40_25_5_39;OPTIMUM;0.3960;0.0320;0.3593;0.0003;6492;5387;1;723;0;3;200;720
1;GUROBI-MIP;gurobi-mip;mip-e;lex-continuity;-;instance_40_25_5_4;OPTIMUM;0.3696;0.0378;0.3261;0.0004;7698;6353;1;777;0;0;200;777
1;GUROBI-MIP;gurobi-mip;mip-e;lex-continuity;-;instance_40_25_5_40;OPTIMUM;0.4271;0.0384;0.3828;0.0004;7792;6455;1;766;0;0;200;766
1;GUROBI-MIP;gurobi-mip;mip-e;lex-continuity;-;instance_40_25_5_41;OPTIMUM;0.5826;0.0421;0.5334;0.0004;8669;6835;1;759;0;0;200;759
1;GUROBI-MIP;gurobi-mip;mip-e;lex-continuity;-;instance_40_25_5_42;OPTIMUM;0.3668;0.0340;0.3277;0.0003;6886;5873;1;729;0;0;200;729
1;GUROBI-MIP;gurobi-mip;mip-e;lex-continuity;-;instance_40_25_5_43;OPTIMUM;0.4066;0.0348;0.3664;0.0003;7248;5931;1;759;0;0;200;759
1;GUROBI-MIP;gurobi-mip;mip-e;lex-continuity;-;instance_40_25_5_44;OPTIMUM;0.4417;0.0411;0.3940;0.0004;8468;6856;1;780;0;0;200;780
1;GUROBI-MIP;gurobi-mip;mip-e;lex-continuity;-;instance_40_25_5_45;OPTIMUM;0.4221;0.0393;0.3767;0.0004;7993;6603;1;701;0;0;200;701
1;GUROBI-MIP;gurobi-mip;mip-e;lex-continuity;-;instance_40_25_5_46;INFEASIBLE;0.0238;0.0156;0.0054;0.0000;8709;6987;0;;;;;
1;GUROBI-MIP;gurobi-mip;mip-e;lex-continuity;-;instance_40_25_5_47;OPTIMUM;0.4617;0.0418;0.4132;0.0004;9002;7177;1;780;0;0;200;780
1;GUROBI-MIP;gurobi-mip;mip-e;lex-continuity;-;instance_40_25_5_48;OPTIMUM;0.4787;0.0393;0.4335;0.0004;8403;6784;1;766;0;0;200;766
1;GUROBI-MIP;gurobi-mip;mip-e;lex-continuity;-;instance_40_25_5_49;OPTIMUM;0.8342;0.0351;0.7934;0.0004;7358;6129;1;693;0;0;200;693
1;GUROBI-MIP;gurobi-mip;mip-e;lex-continuity;-;instance_40_25_5_5;OPTIMUM;0.4275;0.0390;0.3824;0.0004;8268;6681;1;772;0;0;200;772
1;GUROBI-MIP;gurobi-mip;mip-e;lex-continuity;-;instance_40_25_5_50;OPTIMUM;0.6059;0.0427;0.5569;0.0004;9009;7033;1;768;0;0;200;768
1;GUROBI-MIP;gurobi-mip;mip-e;lex-continuity;-;instance_40_25_5_6;OPTIMUM;0.5247;0.0416;0.4769;0.0004;8737;7016;1;768;0;0;200;768
1;GUROBI-MIP;gurobi-mip;mip-e;lex-continuity;-;instance_40_25_5_7;OPTIMUM;0.4602;0.0423;0.4114;0.0004;9134;7208;1;782;0;0;200;782
1;GUROBI-MIP;gurobi-mip;mip-e;lex-continuity;-;instance_40_25_5_8;OPTIMUM;0.3947;0.0360;0.3530;0.0003;7559;6317;1;763;0;0;200;763
1;GUROBI-MIP;gurobi-mip;mip-e;lex-continuity;-;instance_40_25_5_9;OPTIMUM;0.4743;0.0418;0.4261;0.0004;8465;6891;1;772;0;0;200;772
2;CPLEX-MIP;cplex-mip;mip-e;lex-continuity;-;instance_30_15_4_1;OPTIMUM;0.2295;0.0163;0.2108;0.0002;3371;3079;0;438;0;0;120;438
2;CPLEX-MIP;cplex-mip;mip-e;lex-continuity;-;instance_30_15_4_10;OPTIMUM;0.1690;0.0142;0.1525;0.0002;2858;2791;0;410;0;0;120;410
2;CPLEX-MIP;cplex-mip;mip-e;lex-continuity;-;instance_30_15_4_11;OPTIMUM;0.2440;0.0128;0.2291;0.0002;2559;2447;0;411;0;5;120;406
2;CPLEX-MIP;cplex-mip;mip-e;lex-continuity;-;instance_30_15_4_12;OPTIMUM;0.2301;0.0141;0.2138;0.0002;2802;2664;0;439;0;0;120;439
2;CPLEX-MIP;cplex-mip;mip-e;lex-continuity;-;instance_30_15_4_13;OPTIMUM;0.2383;0.0116;0.2246;0.0002;2204;2192;0;386;3;0;120;383
2;CPLEX-MIP;cplex-mip;mip-e;lex-continuity;-;instance_30_15_4_14;OPTIMUM;0.2277;0.0149;0.2104;0.0002;3089;2948;0;389;0;0;120;389
2;CPLEX-MIP;cplex-mip;mip-e;lex-continuity;-;instance_30_15_4_15;OPTIMUM;0.2427;0.0162;0.2240;0.0002;3341;3041;0;446;0;0;120;446
2;CPLEX-MIP;cplex-mip;mip-e;lex-continuity;-;instance_30_15_4_16;OPTIMUM;0.1461;0.0117;0.1325;0.0002;2300;2344;0;398;0;0;120;398
2;CPLEX-MIP;cplex-mip;mip-e;lex-continuity;-;instance_30_15_4_17;OPTIMUM;0.1652;0.0138;0.1493;0.0002;2875;2724;0;417;0;0;120;417
2;CPLEX-MIP;cplex-mip;mip-e;lex-continuity;-;instance_30_15_4_18;OPTIMUM;0.3351;0.0172;0.3153;0.0002;3959;3386;0;448;0;0;120;448
2;CPLEX-MIP;cplex-mip;mip-e;lex-continuity;-;instance_30_15_4_19;OPTIMUM;0.1671;0.0133;0.1515;0.0002;2623;2494;0;392;1;0;120;391
2;CPLEX-MIP;cplex-mip;mip-e;lex-continuity;-;instance_30_15_4_2;OPTIMUM;0.1743;0.0109;0.1614;0.0002;2165;2208;0;373;0;4;120;369
2;CPLEX-MIP;cplex-mip;mip-e;lex-continuity;-;instance_30_15_4_20;OPTIMUM;0.1922;0.0126;0.1775;0.0002;2444;2469;0;420;0;0;120;420
2;CPLEX-MIP;cplex-mip;mip-e;lex-continuity;-;instance_30_15_4_21;INFEASIBLE;0.0057;0.0042;0.0006;0.0000;1837;1922;0;;;;;
2;CPLEX-MIP;cplex-mip;mip-e;lex-continuity;-;instance_30_15_4_22;OPTIMUM;0.1740;0.0133;0.1586;0.0002;2720;2647;0;413;0;0;120;413
2;CPLEX-MIP;cplex-mip;mip-e;lex-continuity;-;instance_30_15_4_23;OPTIMUM;0.2101;0.0160;0.1917;0.0002;3361;3073;0;427;0;0;120;427
2;CPLEX-MIP;cplex-mip;mip-e;lex-continuity;-;instance_30_15_4_24;OPTIMUM;0.1989;0.0165;0.1798;0.0002;3343;3066;0;444;0;0;120;444
2;CPLEX-MIP;cplex-mip;mip-e;lex-continuity;-;instance_30_15_4_25;OPTIMUM;0.1460;0.0111;0.1328;0.0002;2287;2294;0;402;0;0;120;402
2;CPLEX-MIP;cplex-mip;mip-e;lex-continuity;-;instance_30_15_4_26;OPTIMUM;0.1866;0.0146;0.1697;0.0002;3064;2888;0;436;0;0;120;436
2;CPLEX-MIP;cplex-mip;mip-e;lex-continuity;-;instance_30_15_4_27;OPTIMUM;0.1849;0.0146;0.1677;0.0002;2917;2741;0;407;0;0;120;407
2;CPLEX-MIP;cplex-mip;mip-e;lex-continuity;-;instance_30_15_4_28;OPTIMUM;0.2804;0.0154;0.2615;0.0002;3117;2956;0;410;0;0;120;410
2;CPLEX-MIP;cplex-mip;mip-e;lex-continuity;-;instance_30_15_4_29;OPTIMUM;0.1719;0.0116;0.1580;0.0002;2095;2159;0;399;0;0;120;399
2;CPLEX-MIP;cplex-mip;mip-e;lex-continuity;-;instance_30_15_4_3;OPTIMUM;0.2309;0.0159;0.2123;0.0002;3366;3038;0;431;0;0;120;431
2;CPLEX-MIP;cplex-mip;mip-e;lex-continuity;-;instance_30_15_4_30;OPTIMUM;0.2203;0.0158;0.2020;0.0002;3307;3074;0;435;0;0;120;435
2;CPLEX-MIP;cplex-mip;mip-e;lex-continuity;-;instance_30_15_4_31;OPTIMUM;0.2051;0.0152;0.1876;0.0002;3331;3021;0;407;0;0;120;407
2;CPLEX-MIP;cplex-mip;mip-e;lex-continuity;-;instance_30_15_4_32;OPTIMUM;0.2326;0.0142;0.2161;0.0002;3155;2791;0;382;0;0;120;382
2;CPLEX-MIP;cplex-mip;mip-e;lex-continuity;-;instance_30_15_4_33;OPTIMUM;0.2074;0.0151;0.1900;0.0002;3223;2979;0;429;0;0;120;429
2;CPLEX-MIP;cplex-mip;mip-e;lex-continuity;-;instance_30_15_4_34;OPTIMUM;0.2061;0.0156;0.1881;0.0002;3322;2990;0;396;0;0;120;396
2;CPLEX-MIP;cplex-mip;mip-e;lex-continuity;-;instance_30_15_4_35;INFEASIBLE;0.0067;0.0052;0.0007;0.0000;2706;2659;0;;;;;
2;CPLEX-MIP;cplex-mip;mip-e;lex-continuity;-;instance_30_15_4_36;OPTIMUM;0.2687;0.0153;0.2510;0.0002;3184;2947;0;427;0;0;120;427
2;CPLEX-MIP;cplex-mip;mip-e;lex-continuity;-;instance_30_15_4_37;OPTIMUM;0.2045;0.0150;0.1869;0.0002;2865;2755;0;420;0;0;120;420
2;CPLEX-MIP;cplex-mip;mip-e;lex-continuity;-;instance_30_15_4_38;OPTIMUM;0.2314;0.0142;0.2150;0.0002;2845;2745;0;402;0;0;120;402
2;CPLEX-MIP;cplex-mip;mip-e;lex-continuity;-;instance_30_15_4_39;OPTIMUM;0.2236;0.0154;0.2061;0.0002;3288;3013;0;437;0;0;120;437
2;CPLEX-MIP;cplex-mip;mip-e;lex-continuity;-;instance_30_15_4_4;OPTIMUM;0.2211;0.0160;0.2028;0.0002;3686;3374;0;450;0;0;120;450
2;CPLEX-MIP;cplex-mip;mip-e;lex-continuity;-;instance_30_15_4_40;OPTIMUM;0.2796;0.0155;0.2618;0.0002;3126;2946;0;450;0;0;120;450
2;CPLEX-MIP;cplex-mip;mip-e;lex-continuity;-;instance_30_15_4_41;OPTIMUM;0.2935;0.0192;0.2708;0.0002;4145;3586;0;443;0;0;120;443
2;CPLEX-MIP;cplex-mip;mip-e;lex-continuity;-;instance_30_15_4_42;OPTIMUM;0.2189;0.0165;0.2000;0.0002;3363;3102;0;432;0;0;120;432
2;CPLEX-MIP;cplex-mip;mip-e;lex-continuity;-;instance_30_15_4_43;OPTIMUM;0.2366;0.0153;0.2192;0.0002;3163;2828;0;418;0;7;120;411
2;CPLEX-MIP;cplex-mip;mip-e;lex-continuity;-;instance_30_15_4_44;INFEASIBLE;0.0068;0.0053;0.0007;0.0000;2881;2803;0;;;;;
2;CPLEX-MIP;cplex-mip;mip-e;lex-continuity;-;instance_30_15_4_45;OPTIMUM;0.2475;0.0158;0.2292;0.0002;3586;3190;0;416;0;0;120;416
2;CPLEX-MIP;cplex-mip;mip-e;lex-continuity;-;instance_30_15_4_46;OPTIMUM;0.2257;0.0169;0.2063;0.0002;3478;3213;0;446;0;0;120;446
2;CPLEX-MIP;cplex-mip;mip-e;lex-continuity;-;instance_30_15_4_47;OPTIMUM;0.2417;0.0131;0.2265;0.0002;2811;2697;0;418;1;0;120;417
2;CPLEX-MIP;cplex-mip;mip-e;lex-continuity;-;instance_30_15_4_48;OPTIMUM;0.2146;0.0141;0.1984;0.0002;2913;2779;0;430;0;0;120;430
2;CPLEX-MIP;cplex-mip;mip-e;lex-continuity;-;instance_30_15_4_49;OPTIMUM;0.2679;0.0144;0.2512;0.0002;2912;2738;0;421;0;0;120;421
2;CPLEX-MIP;cplex-mip;mip-e;lex-continuity;-;instance_30_15_4_5;OPTIMUM;0.2223;0.0145;0.2053;0.0002;2772;2611;0;401;1;0;120;400
2;CPLEX-MIP;cplex-mip;mip-e;lex-continuity;-;instance_30_15_4_50;OPTIMUM;0.1795;0.0119;0.1658;0.0002;2294;2254;0;403;7;0;120;396
2;CPLEX-MIP;cplex-mip;mip-e;lex-continuity;-;instance_30_15_4_6;OPTIMUM;0.1841;0.0128;0.1691;0.0002;2621;2606;0;436;0;0;120;436
2;CPLEX-MIP;cplex-mip;mip-e;lex-continuity;-;instance_30_15_4_7;INFEASIBLE;0.0092;0.0072;0.0010;0.0000;3567;3241;0;;;;;
2;CPLEX-MIP;cplex-mip;mip-e;lex-continuity;-;instance_30_15_4_8;INFEASIBLE;0.0084;0.0066;0.0009;0.0000;3104;2911;0;;;;;
2;CPLEX-MIP;cplex-mip;mip-e;lex-continuity;-;instance_30_15_4_9;OPTIMUM;0.2360;0.0118;0.2224;0.0002;2364;2352;0;387;1;1;120;385
2;CPLEX-MIP;cplex-mip;mip-e;lex-continuity;-;instance_40_25_5_1;OPTIMUM;0.9115;0.0357;0.8692;0.0004;7806;6177;0;777;0;0;200;777
2;CPLEX-MIP;cplex-mip;mip-e;lex-continuity;-;instance_40_25_5_10;OPTIMUM;0.6472;0.0436;0.5965;0.0004;9156;7352;0;765;0;0;200;765
2;CPLEX-MIP;cplex-mip;mip-e;lex-continuity;-;instance_40_25_5_11;OPTIMUM;0.5272;0.0400;0.4811;0.0004;8366;6741;0;783;0;0;200;783
2;CPLEX-MIP;cplex-mip;mip-e;lex-continuity;-;instance_40_25_5_12;OPTIMUM;0.7731;0.0369;0.7302;0.0004;7935;6437;0;778;0;0;200;778
2;CPLEX-MIP;cplex-mip;mip-e;lex-continuity;-;instance_40_25_5_13;OPTIMUM;1.0431;0.0395;0.9963;0.0004;8187;6772;0;783;0;0;200;783
2;CPLEX-MIP;cplex-mip;mip-e;lex-continuity;-;instance_40_25_5_14;OPTIMUM;0.6037;0.0406;0.5570;0.0005;9031;7290;0;781;0;0;200;781
2;CPLEX-MIP;cplex-mip;mip-e;lex-continuity;-;instance_40_25_5_15;OPTIMUM;0.9082;0.0370;0.8652;0.0004;7991;6437;0;710;0;0;200;710
2;CPLEX-MIP;cplex-mip;mip-e;lex-continuity;-;instance_40_25_5_16;OPTIMUM;0.8052;0.0347;0.7651;0.0003;7425;6080;0;753;1;0;200;752
2;CPLEX-MIP;cplex-mip;mip-e;lex-continuity;-;instance_40_25_5_17;OPTIMUM;0.6524;0.0357;0.6110;0.0004;7867;6418;0;741;0;0;200;741
2;CPLEX-MIP;cplex-mip;mip-e;lex-continuity;-;instance_40_25_5_18;OPTIMUM;0.6118;0.0390;0.5668;0.0004;8262;6693;0;782;0;0;200;782
2;CPLEX-MIP;cplex-mip;mip-e;lex-continuity;-;instance_40_25_5_19;OPTIMUM;0.7115;0.0294;0.6775;0.0003;5910;5212;0;715;0;2;200;713
2;CPLEX-MIP;cplex-mip;mip-e;lex-continuity;-;instance_40_25_5_2;OPTIMUM;0.6817;0.0380;0.6369;0.0004;7933;6374;0;766;0;0;200;766
2;CPLEX-MIP;cplex-mip;mip-e;lex-continuity;-;instance_40_25_5_20;OPTIMUM;0.9458;0.0366;0.9031;0.0004;8180;6439;0;759;0;0;200;759
2;CPLEX-MIP;cplex-mip;mip-e;lex-continuity;-;instance_40_25_5_21;OPTIMUM;0.8828;0.0389;0.8381;0.0004;8490;6813;0;755;0;0;200;755
2;CPLEX-MIP;cplex-mip;mip-e;lex-continuity;-;instance_40_25_5_22;OPTIMUM;0.8796;0.0330;0.8411;0.0003;6757;5793;0;754;0;1;200;753
2;CPLEX-MIP;cplex-mip;mip-e;lex-continuity;-;instance_40_25_5_23;OPTIMUM;1.2128;0.0382;1.1672;0.0004;8030;6538;0;764;0;0;200;764
2;CPLEX-MIP;cplex-mip;mip-e;lex-continuity;-;instance_40_25_5_24;OPTIMUM;0.6693;0.0313;0.6329;0.0003;6415;5517;0;724;0;0;200;724
2;CPLEX-MIP;cplex-mip;mip-e;lex-continuity;-;instance_40_25_5_25;OPTIMUM;0.5106;0.0314;0.4746;0.0003;6367;5530;0;734;0;0;200;734
2;CPLEX-MIP;cplex-mip;mip-e;lex-continuity;-;instance_40_25_5_26;OPTIMUM;0.9517;0.0408;0.9029;0.0004;8367;6757;0;775;0;0;200;775
2;CPLEX-MIP;cplex-mip;mip-e;lex-continuity;-;instance_40_25_5_27;OPTIMUM;0.6966;0.0300;0.6616;0.0003;6288;5519;0;711;0;0;200;711
2;CPLEX-MIP;cplex-mip;mip-e;lex-continuity;-;instance_40_25_5_28;OPTIMUM;0.9197;0.0374;0.8756;0.0004;7869;6569;0;715;0;0;200;715
2;CPLEX-MIP;cplex-mip;mip-e;lex-continuity;-;instance_40_25_5_29;OPTIMUM;0.9605;0.0316;0.9235;0.0003;6686;5707;0;716;1;0;200;715
2;CPLEX-MIP;cplex-mip;mip-e;lex-continuity;-;instance_40_25_5_3;OPTIMUM;1.0213;0.0357;0.9794;0.0004;7655;6324;0;704;1;0;200;703
2;CPLEX-MIP;cplex-mip;mip-e;lex-continuity;-;instance_40_25_5_30;OPTIMUM;0.6255;0.0419;0.5777;0.0004;9104;7202;0;761;0;0;200;761
2;CPLEX-MIP;cplex-mip;mip-e;lex-continuity;-;instance_40_25_5_31;OPTIMUM;0.6654;0.0410;0.6171;0.0004;8936;7022;0;784;0;0;200;784
2;CPLEX-MIP;cplex-mip;mip-e;lex-continuity;-;instance_40_25_5_32;OPTIMUM;0.6814;0.0367;0.6388;0.0004;7826;6652;0;672;0;0;200;672
2;CPLEX-MIP;cplex-mip;mip-e;lex-continuity;-;instance_40_25_5_33;OPTIMUM;0.5441;0.0317;0.5074;0.0003;6418;5516;0;760;0;0;200;760
2;CPLEX-MIP;cplex-mip;mip-e;lex-continuity;-;instance_40_25_5_34;OPTIMUM;1.0953;0.0354;1.0539;0.0003;7980;6501;0;759;0;0;200;759
2;CPLEX-MIP;cplex-mip;mip-e;lex-continuity;-;instance_40_25_5_35;OPTIMUM;0.7771;0.0352;0.7356;0.0004;7728;6450;0;737;0;0;200;737
2;CPLEX-MIP;cplex-mip;mip-e;lex-continuity;-;instance_40_25_5_36;OPTIMUM;0.5309;0.0388;0.4843;0.0004;8531;6890;0;788;0;0;200;788
2;CPLEX-MIP;cplex-mip;mip-e;lex-continuity;-;instance_40_25_5_37;OPTIMUM;0.9473;0.0367;0.9028;0.0004;7699;6496;0;747;0;0;200;747
2;CPLEX-MIP;cplex-mip;mip-e;lex-continuity;-;instance_40_25_5_38;OPTIMUM;0.8082;0.0315;0.7706;0.0004;6726;5915;0;735;0;0;200;735
2;CPLEX-MIP;cplex-mip;mip-e;lex-continuity;-;instance_40_25_5_39;OPTIMUM;0.7417;0.0300;0.7064;0.0003;6492;5387;0;723;0;3;200;720
2;CPLEX-MIP;cplex-mip;mip-e;lex-continuity;-;instance_40_25_5_4;OPTIMUM;0.7171;0.0360;0.6754;0.0004;7698;6353;0;777;0;0;200;777
2;CPLEX-MIP;cplex-mip;mip-e;lex-continuity;-;instance_40_25_5_40;OPTIMUM;0.5666;0.0353;0.5263;0.0003;7792;6455;0;766;0;0;200;766
2;CPLEX-MIP;cplex-mip;mip-e;lex-continuity;-;instance_40_25_5_41;OPTIMUM;0.8154;0.0397;0.7693;0.0004;8669;6835;0;759;0;0;200;759
2;CPLEX-MIP;cplex-mip;mip-e;lex-continuity;-;instance_40_25_5_42;OPTIMUM;0.6748;0.0311;0.6388;0.0003;6886;5873;0;729;0;0;200;729
2;CPLEX-MIP;cplex-mip;mip-e;lex-continuity;-;instance_40_25_5_43;OPTIMUM;0.7798;0.0349;0.7396;0.0004;7248;5931;0;759;0;0;200;759
2;CPLEX-MIP;cplex-mip;mip-e;lex-continuity;-;instance_40_25_5_44;OPTIMUM;0.6667;0.0377;0.6224;0.0004;8468;6856;0;780;0;0;200;780
2;CPLEX-MIP;cplex-mip;mip-e;lex-continuity;-;instance_40_25_5_45;OPTIMUM;0.8382;0.0368;0.7951;0.0004;7993;6603;0;701;0;0;200;701
2;CPLEX-MIP;cplex-mip;mip-e;lex-continuity;-;instance_40_25_5_46;INFEASIBLE;0.0187;0.0153;0.0019;0.0000;8709;6987;0;;;;;
2;CPLEX-MIP;cplex-mip;mip-e;lex-continuity;-;instance_40_25_5_47;OPTIMUM;0.7439;0.0409;0.6959;0.0004;9002;7177;0;780;0;0;200;780
2;CPLEX-MIP;cplex-mip;mip-e;lex-continuity;-;instance_40_25_5_48;OPTIMUM;0.7673;0.0394;0.7215;0.0004;8403;6784;0;766;0;0;200;766
2;CPLEX-MIP;cplex-mip;mip-e;lex-continuity;-;instance_40_25_5_49;OPTIMUM;1.2225;0.0350;1.1813;0.0004;7358;6129;0;693;0;0;200;693
2;CPLEX-MIP;cplex-mip;mip-e;lex-continuity;-;instance_40_25_5_5;OPTIMUM;0.6110;0.0378;0.5677;0.0004;8268;6681;0;772;0;0;200;772
2;CPLEX-MIP;cplex-mip;mip-e;lex-continuity;-;instance_40_25_5_50;OPTIMUM;0.9576;0.0424;0.9077;0.0004;9009;7033;0;768;0;0;200;768
2;CPLEX-MIP;cplex-mip;mip-e;lex-continuity;-;instance_40_25_5_6;OPTIMUM;0.8153;0.0400;0.7692;0.0003;8737;7016;0;768;0;0;200;768
2;CPLEX-MIP;cplex-mip;mip-e;lex-continuity;-;instance_40_25_5_7;OPTIMUM;0.8065;0.0429;0.7565;0.0004;9134;7208;0;782;0;0;200;782
2;CPLEX-MIP;cplex-mip;mip-e;lex-continuity;-;instance_40_25_5_8;OPTIMUM;0.5536;0.0347;0.5137;0.0004;7559;6317;0;763;0;0;200;763
2;CPLEX-MIP;cplex-mip;mip-e;lex-continuity;-;instance_40_25_5_9;OPTIMUM;0.6721;0.0386;0.6273;0.0004;8465;6891;0;772;0;0;200;772
3;CPLEX-CP-T;cplex-cp;cp-t;lex-continuity;-;instance_30_15_4_1;TIMEOUT_FEASIBLE;300.0006;0.0023;299.9942;0.0000;2114;2952;28713787;271;0;0;120;271
3;CPLEX-CP-T;cplex-cp;cp-t;lex-continuity;-;instance_30_15_4_10;TIMEOUT_FEASIBLE;300.0039;0.0022;299.9978;0.0001;2110;2944;28762084;251;0;0;120;251
3;CPLEX-CP-T;cplex-cp;cp-t;lex-continuity;-;instance_30_15_4_11;TIMEOUT_FEASIBLE;300.0051;0.0020;299.9994;0.0000;1941;2604;30331421;299;0;0;120;299
3;CPLEX-CP-T;cplex-cp;cp-t;lex-continuity;-;instance_30_15_4_12;TIMEOUT_FEASIBLE;300.0051;0.0022;299.9991;0.0000;2046;2814;28219821;349;0;4;120;345
3;CPLEX-CP-T;cplex-cp;cp-t;lex-continuity;-;instance_30_15_4_13;TIMEOUT_FEASIBLE;300.0049;0.0019;299.9993;0.0000;1921;2564;30479518;295;3;0;120;292
3;CPLEX-CP-T;cplex-cp;cp-t;lex-continuity;-;instance_30_15_4_14;TIMEOUT_FEASIBLE;300.0045;0.0022;299.9981;0.0000;2144;3013;31618293;286;0;0;120;286
3;CPLEX-CP-T;cplex-cp;cp-t;lex-continuity;-;instance_30_15_4_15;TIMEOUT_FEASIBLE;299.9966;0.0022;299.9905;0.0000;2057;2839;28856484;304;0;0;120;304
3;CPLEX-CP-T;cplex-cp;cp-t;lex-continuity;-;instance_30_15_4_16;TIMEOUT_FEASIBLE;300.0040;0.0022;299.9979;0.0000;2119;2961;33202323;332;0;0;120;332
3;CPLEX-CP-T;cplex-cp;cp-t;lex-continuity;-;instance_30_15_4_17;TIMEOUT_FEASIBLE;300.0045;0.0023;299.9983;0.0000;2114;2954;31656868;311;0;0;120;311
3;CPLEX-CP-T;cplex-cp;cp-t;lex-continuity;-;instance_30_15_4_18;TIMEOUT_FEASIBLE;300.0036;0.0023;299.9971;0.0000;2108;2939;26394388;296;0;0;120;296
3;CPLEX-CP-T;cplex-cp;cp-t;lex-continuity;-;instance_30_15_4_19;TIMEOUT_FEASIBLE;300.0045;0.0020;299.9987;0.0001;1988;2700;29875884;306;1;0;120;305
3;CPLEX-CP-T;cplex-cp;cp-t;lex-continuity;-;instance_30_15_4_2;TIMEOUT_FEASIBLE;300.0054;0.0021;299.9992;0.0000;2143;3010;37252005;295;0;0;120;295
3;CPLEX-CP-T;cplex-cp;cp-t;lex-continuity;-;instance_30_15_4_20;TIMEOUT_FEASIBLE;300.0054;0.0022;299.9990;0.0000;2179;3081;34182809;282;0;0;120;282
3;CPLEX-CP-T;cplex-cp;cp-t;lex-continuity;-;instance_30_15_4_21;INFEASIBLE;0.0014;0.0000;0.0000;0.0000;720;3;0;;;;;
3;CPLEX-CP-T;cplex-cp;cp-t;lex-continuity;-;instance_30_15_4_22;TIMEOUT_FEASIBLE;300.0019;0.0020;299.9960;0.0000;2041;2804;29501924;258;0;0;120;258
3;CPLEX-CP-T;cplex-cp;cp-t;lex-continuity;-;instance_30_15_4_23;TIMEOUT_FEASIBLE;300.0059;0.0022;299.9999;0.0000;2071;2865;30210072;316;0;0;120;316
3;CPLEX-CP-T;cplex-cp;cp-t;lex-continuity;-;instance_30_15_4_24;TIMEOUT_FEASIBLE;300.0049;0.0023;299.9988;0.0000;2152;3029;27576246;280;0;0;120;280
3;CPLEX-CP-T;cplex-cp;cp-t;lex-continuity;-;instance_30_15_4_25;TIMEOUT_FEASIBLE;300.0049;0.0019;299.9995;0.0001;2100;2925;34910493;304;0;0;120;304
3;CPLEX-CP-T;cplex-cp;cp-t;lex-continuity;-;instance_30_15_4_26;TIMEOUT_FEASIBLE;300.0052;0.0021;299.9994;0.0000;2052;2829;28179242;245;0;2;120;243
3;CPLEX-CP-T;cplex-cp;cp-t;lex-continuity;-;instance_30_15_4_27;TIMEOUT_FEASIBLE;300.0052;0.0022;299.9991;0.0000;2133;2991;28218215;254;0;0;120;254
3;CPLEX-CP-T;cplex-cp;cp-t;lex-continuity;-;instance_30_15_4_28;TIMEOUT_FEASIBLE;300.0046;0.0022;299.9984;0.0000;2096;2912;30323826;299;0;0;120;299
3;CPLEX-CP-T;cplex-cp;cp-t;lex-continuity;-;instance_30_15_4_29;TIMEOUT_FEASIBLE;299.9967;0.0019;299.9908;0.0000;2021;2766;33570472;298;0;0;120;298
3;CPLEX-CP-T;cplex-cp;cp-t;lex-continuity;-;instance_30_15_4_3;TIMEOUT_FEASIBLE;300.0045;0.0023;299.9982;0.0000;2150;3024;29250453;293;0;0;120;293
3;CPLEX-CP-T;cplex-cp;cp-t;lex-continuity;-;instance_30_15_4_30;TIMEOUT_FEASIBLE;300.0057;0.0023;299.9992;0.0000;2119;2963;26699105;267;0;0;120;267
3;CPLEX-CP-T;cplex-cp;cp-t;lex-continuity;-;instance_30_15_4_31;TIMEOUT_FEASIBLE;300.0050;0.0022;299.9988;0.0000;2042;2809;30311556;297;0;0;120;297
3;CPLEX-CP-T;cplex-cp;cp-t;lex-continuity;-;instance_30_15_4_32;TIMEOUT_FEASIBLE;300.0052;0.0021;299.9993;0.0000;2073;2871;32153342;307;0;0;120;307
3;CPLEX-CP-T;cplex-cp;cp-t;lex-continuity;-;instance_30_15_4_33;TIMEOUT_FEASIBLE;300.0047;0.0023;299.9984;0.0000;2120;2965;26863259;264;0;0;120;264
3;CPLEX-CP-T;cplex-cp;cp-t;lex-continuity;-;instance_30_15_4_34;TIMEOUT_FEASIBLE;300.0041;0.0023;299.9978;0.0001;2144;3011;28045041;332;0;0;120;332
3;CPLEX-CP-T;cplex-cp;cp-t;lex-continuity;-;instance_30_15_4_35;INFEASIBLE;0.0017;0.0004;0.0000;0.0000;720;74;0;;;;;
3;CPLEX-CP-T;cplex-cp;cp-t;lex-continuity;-;instance_30_15_4_36;TIMEOUT_FEASIBLE;300.0017;0.0021;299.9958;0.0000;2002;2729;28027358;300;0;0;120;300
3;CPLEX-CP-T;cplex-cp;cp-t;lex-continuity;-;instance_30_15_4_37;TIMEOUT_FEASIBLE;300.0054;0.0023;299.9992;0.0001;2192;3107;33076729;306;0;0;120;306
3;CPLEX-CP-T;cplex-cp;cp-t;lex-continuity;-;instance_30_15_4_38;TIMEOUT_FEASIBLE;300.0056;0.0022;299.9994;0.0001;2086;2895;31695611;325;0;0;120;325
3;CPLEX-CP-T;cplex-cp;cp-t;lex-continuity;-;instance_30_15_4_39;TIMEOUT_FEASIBLE;300.0052;0.0022;299.9989;0.0000;2056;2837;29809959;337;0;0;120;337
3;CPLEX-CP-T;cplex-cp;cp-t;lex-continuity;-;instance_30_15_4_4;TIMEOUT_FEASIBLE;300.0055;0.0025;299.9988;0.0001;2226;3176;27198659;307;0;0;120;307
3;CPLEX-CP-T;cplex-cp;cp-t;lex-continuity;-;instance_30_15_4_40;TIMEOUT_FEASIBLE;300.0050;0.0022;299.9988;0.0000;2087;2895;27124894;290;0;0;120;290
3;CPLEX-CP-T;cplex-cp;cp-t;lex-continuity;-;instance_30_15_4_41;TIMEOUT_FEASIBLE;300.0047;0.0024;299.9982;0.0000;2128;2979;27600752;313;0;0;120;313
3;CPLEX-CP-T;cplex-cp;cp-t;lex-continuity;-;instance_30_15_4_42;TIMEOUT_FEASIBLE;300.0046;0.0024;299.9977;0.0000;2098;2921;23818861;301;0;0;120;301
3;CPLEX-CP-T;cplex-cp;cp-t;lex-continuity;-;instance_30_15_4_43;TIMEOUT_FEASIBLE;300.0053;0.0021;299.9992;0.0000;2047;2818;27983378;241;0;0;120;241
3;CPLEX-CP-T;cplex-cp;cp-t;lex-continuity;-;instance_30_15_4_44;INFEASIBLE;0.0014;0.0001;0.0000;0.0000;720;8;0;;;;;
3;CPLEX-CP-T;cplex-cp;cp-t;lex-continuity;-;instance_30_15_4_45;TIMEOUT_FEASIBLE;300.0026;0.0023;299.9966;0.0000;2134;2990;26830216;269;0;0;120;269
3;CPLEX-CP-T;cplex-cp;cp-t;lex-continuity;-;instance_30_15_4_46;TIMEOUT_FEASIBLE;300.0053;0.0022;299.9991;0.0000;2123;2969;30295661;273;0;0;120;273
3;CPLEX-CP-T;cplex-cp;cp-t;lex-continuity;-;instance_30_15_4_47;TIMEOUT_FEASIBLE;300.0059;0.0023;299.9997;0.0000;2189;3102;33134366;321;1;0;120;320
3;CPLEX-CP-T;cplex-cp;cp-t;lex-continuity;-;instance_30_15_4_48;TIMEOUT_FEASIBLE;300.0043;0.0021;299.9983;0.0000;2024;2770;28175107;294;0;0;120;294
3;CPLEX-CP-T;cplex-cp;cp-t;lex-continuity;-;instance_30_15_4_49;TIMEOUT_FEASIBLE;300.0051;0.0021;299.9991;0.0000;2005;2735;29552150;306;0;0;120;306
3;CPLEX-CP-T;cplex-cp;cp-t;lex-continuity;-;instance_30_15_4_5;TIMEOUT_FEASIBLE;300.0046;0.0021;299.9987;0.0000;1977;2677;30340493;290;1;0;120;289
3;CPLEX-CP-T;cplex-cp;cp-t;lex-continuity;-;instance_30_15_4_50;TIMEOUT_FEASIBLE;299.9971;0.0020;299.9914;0.0000;1952;2629;32529666;279;7;1;120;271
3;CPLEX-CP-T;cplex-cp;cp-t;lex-continuity;-;instance_30_15_4_6;TIMEOUT_FEASIBLE;300.0059;0.0021;299.9998;0.0000;2146;3017;33853623;350;0;0;120;350
3;CPLEX-CP-T;cplex-cp;cp-t;lex-continuity;-;instance_30_15_4_7;INFEASIBLE;0.0019;0.0004;0.0000;0.0000;720;55;0;;;;;
3;CPLEX-CP-T;cplex-cp;cp-t;lex-continuity;-;instance_30_15_4_8;INFEASIBLE;0.0013;0.0000;0.0000;0.0000;720;5;0;;;;;
3;CPLEX-CP-T;cplex-cp;cp-t;lex-continuity;-;instance_30_15_4_9;TIMEOUT_FEASIBLE;299.9973;0.0021;299.9916;0.0000;1983;2691;30752620;309;2;4;120;303
3;CPLEX-CP-T;cplex-cp;cp-t;lex-continuity;-;instance_40_25_5_1;TIMEOUT_FEASIBLE;300.0092;0.0055;299.9972;0.0001;4493;6851;15559810;456;0;0;200;456
3;CPLEX-CP-T;cplex-cp;cp-t;lex-continuity;-;instance_40_25_5_10;TIMEOUT_FEASIBLE;300.0057;0.0052;299.9937;0.0001;4416;6695;12617993;505;0;0;200;505
3;CPLEX-CP-T;cplex-cp;cp-t;lex-continuity;-;instance_40_25_5_11;TIMEOUT_FEASIBLE;300.0043;0.0056;299.9912;0.0001;4565;6996;13206430;454;0;0;200;454
3;CPLEX-CP-T;cplex-cp;cp-t;lex-continuity;-;instance_40_25_5_12;TIMEOUT_FEASIBLE;300.0042;0.0055;299.9914;0.0001;4417;6696;16131585;471;0;0;200;471
3;CPLEX-CP-T;cplex-cp;cp-t;lex-continuity;-;instance_40_25_5_13;TIMEOUT_FEASIBLE;300.0050;0.0055;299.9917;0.0001;4675;7216;13655874;449;0;0;200;449
3;CPLEX-CP-T;cplex-cp;cp-t;lex-continuity;-;instance_40_25_5_14;TIMEOUT_FEASIBLE;300.0040;0.0054;299.9911;0.0001;4826;7517;13382372;423;0;0;200;423
3;CPLEX-CP-T;cplex-cp;cp-t;lex-continuity;-;instance_40_25_5_15;TIMEOUT_FEASIBLE;300.0062;0.0055;299.9931;0.0001;4527;6920;15339139;443;0;3;200;440
3;CPLEX-CP-T;cplex-cp;cp-t;lex-continuity;-;instance_40_25_5_16;TIMEOUT_FEASIBLE;300.0063;0.0054;299.9934;0.0001;4604;7072;18264048;482;1;0;200;481
3;CPLEX-CP-T;cplex-cp;cp-t;lex-continuity;-;instance_40_25_5_17;TIMEOUT_FEASIBLE;300.0050;0.0054;299.9922;0.0001;4530;6925;14691194;440;0;0;200;440
3;CPLEX-CP-T;cplex-cp;cp-t;lex-continuity;-;instance_40_25_5_18;TIMEOUT_FEASIBLE;300.0068;0.0050;299.9947;0.0001;4499;6863;13939817;455;0;0;200;455
3;CPLEX-CP-T;cplex-cp;cp-t;lex-continuity;-;instance_40_25_5_19;TIMEOUT_FEASIBLE;300.0056;0.0052;299.9943;0.0001;4527;6920;16431875;471;0;0;200;471
3;CPLEX-CP-T;cplex-cp;cp-t;lex-continuity;-;instance_40_25_5_2;TIMEOUT_FEASIBLE;300.0066;0.0055;299.9935;0.0001;4443;6751;14495955;493;0;0;200;493
3;CPLEX-CP-T;cplex-cp;cp-t;lex-continuity;-;instance_40_25_5_20;TIMEOUT_FEASIBLE;300.0067;0.0046;299.9958;0.0001;4251;6367;14585544;442;0;0;200;442
3;CPLEX-CP-T;cplex-cp;cp-t;lex-continuity;-;instance_40_25_5_21;TIMEOUT_FEASIBLE;300.0062;0.0055;299.9940;0.0001;4607;7079;19893972;532;0;0;200;532
3;CPLEX-CP-T;cplex-cp;cp-t;lex-continuity;-;instance_40_25_5_22;TIMEOUT_FEASIBLE;300.0045;0.0052;299.9929;0.0001;4447;6760;16368349;481;0;0;200;481
3;CPLEX-CP-T;cplex-cp;cp-t;lex-continuity;-;instance_40_25_5_23;TIMEOUT_FEASIBLE;300.0069;0.0054;299.9944;0.0001;4411;6687;14286033;443;0;0;200;443
3;CPLEX-CP-T;cplex-cp;cp-t;lex-continuity;-;instance_40_25_5_24;TIMEOUT_FEASIBLE;300.0050;0.0058;299.9926;0.0001;4580;7025;16935385;501;0;1;200;500
3;CPLEX-CP-T;cplex-cp;cp-t;lex-continuity;-;instance_40_25_5_25;TIMEOUT_FEASIBLE;300.0041;0.0053;299.9917;0.0001;4580;7025;20844026;481;0;0;200;481
3;CPLEX-CP-T;cplex-cp;cp-t;lex-continuity;-;instance_40_25_5_26;TIMEOUT_FEASIBLE;300.0077;0.0049;299.9961;0.0001;4536;6938;15331568;455;0;0;200;455
3;CPLEX-CP-T;cplex-cp;cp-t;lex-continuity;-;instance_40_25_5_27;TIMEOUT_FEASIBLE;300.0055;0.0048;299.9937;0.0001;4481;6827;17862923;465;0;0;200;465
3;CPLEX-CP-T;cplex-cp;cp-t;lex-continuity;-;instance_40_25_5_28;TIMEOUT_FEASIBLE;300.0082;0.0050;299.9960;0.0001;4603;7072;17314128;499;0;0;200;499
3;CPLEX-CP-T;cplex-cp;cp-t;lex-continuity;-;instance_40_25_5_29;TIMEOUT_FEASIBLE;300.0040;0.0053;299.9925;0.0001;4611;7088;17956212;525;1;0;200;524
3;CPLEX-CP-T;cplex-cp;cp-t;lex-continuity;-;instance_40_25_5_3;TIMEOUT_FEASIBLE;300.0063;0.0054;299.9935;0.0001;4515;6893;16036027;445;2;0;200;443
3;CPLEX-CP-T;cplex-cp;cp-t;lex-continuity;-;instance_40_25_5_30;TIMEOUT_FEASIBLE;300.0074;0.0055;299.9941;0.0001;4536;6937;13268556;410;0;0;200;410
3;CPLEX-CP-T;cplex-cp;cp-t;lex-continuity;-;instance_40_25_5_31;TIMEOUT_FEASIBLE;300.0046;0.0058;299.9910;0.0001;4627;7117;13731995;467;0;0;200;467
3;CPLEX-CP-T;cplex-cp;cp-t;lex-continuity;-;instance_40_25_5_32;TIMEOUT_FEASIBLE;300.0068;0.0052;299.9940;0.0001;4628;7121;14567778;403;1;13;200;389
3;CPLEX-CP-T;cplex-cp;cp-t;lex-continuity;-;instance_40_25_5_33;TIMEOUT_FEASIBLE;300.0060;0.0043;299.9949;0.0001;4319;6503;17947699;503;0;0;200;503
3;CPLEX-CP-T;cplex-cp;cp-t;lex-continuity;-;instance_40_25_5_34;TIMEOUT_FEASIBLE;300.0058;0.0051;299.9935;0.0001;4384;6632;13764509;479;0;0;200;479
3;CPLEX-CP-T;cplex-cp;cp-t;lex-continuity;-;instance_40_25_5_35;TIMEOUT_FEASIBLE;300.0071;0.0045;299.9965;0.0001;4359;6583;16049986;550;0;0;200;550
3;CPLEX-CP-T;cplex-cp;cp-t;lex-continuity;-;instance_40_25_5_36;TIMEOUT_FEASIBLE;300.0050;0.0057;299.9917;0.0001;4709;7281;20675452;490;0;0;200;490
3;CPLEX-CP-T;cplex-cp;cp-t;lex-continuity;-;instance_40_25_5_37;TIMEOUT_FEASIBLE;300.0067;0.0052;299.9943;0.0001;4637;7139;15900285;449;0;0;200;449
3;CPLEX-CP-T;cplex-cp;cp-t;lex-continuity;-;instance_40_25_5_38;TIMEOUT_FEASIBLE;300.0034;0.0050;299.9924;0.0001;4328;6520;16041109;514;0;0;200;514
3;CPLEX-CP-T;cplex-cp;cp-t;lex-continuity;-;instance_40_25_5_39;TIMEOUT_FEASIBLE;300.0049;0.0046;299.9942;0.0001;4448;6762;16799149;434;0;0;200;434
3;CPLEX-CP-T;cplex-cp;cp-t;lex-continuity;-;instance_40_25_5_4;TIMEOUT_FEASIBLE;300.0053;0.0053;299.9935;0.0001;4522;6909;17550313;516;0;0;200;516
3;CPLEX-CP-T;cplex-cp;cp-t;lex-continuity;-;instance_40_25_5_40;TIMEOUT_FEASIBLE;300.0076;0.0057;299.9946;0.0001;4717;7298;16017984;424;0;0;200;424
3;CPLEX-CP-T;cplex-cp;cp-t;lex-continuity;-;instance_40_25_5_41;TIMEOUT_FEASIBLE;300.0066;0.0051;299.9941;0.0001;4330;6525;18765531;505;0;0;200;505
3;CPLEX-CP-T;cplex-cp;cp-t;lex-continuity;-;instance_40_25_5_42;TIMEOUT_FEASIBLE;300.0050;0.0046;299.9932;0.0001;4543;6948;17556928;545;0;0;200;545
3;CPLEX-CP-T;cplex-cp;cp-t;lex-continuity;-;instance_40_25_5_43;TIMEOUT_FEASIBLE;300.0034;0.0050;299.9923;0.0001;4299;6460;15802607;443;0;0;200;443
3;CPLEX-CP-T;cplex-cp;cp-t;lex-continuity;-;instance_40_25_5_44;TIMEOUT_FEASIBLE;300.0069;0.0052;299.9949;0.0001;4516;6898;16419688;549;0;10;200;539
3;CPLEX-CP-T;cplex-cp;cp-t;lex-continuity;-;instance_40_25_5_45;TIMEOUT_FEASIBLE;300.0059;0.0057;299.9934;0.0001;4617;7099;17448194;498;0;0;200;498
3;CPLEX-CP-T;cplex-cp;cp-t;lex-continuity;-;instance_40_25_5_46;INFEASIBLE;0.0019;0.0003;0.0000;0.0000;1200;32;0;;;;;
3;CPLEX-CP-T;cplex-cp;cp-t;lex-continuity;-;instance_40_25_5_47;TIMEOUT_FEASIBLE;300.0213;0.0054;300.0082;0.0001;4400;6664;13194323;462;0;0;200;462
3;CPLEX-CP-T;cplex-cp;cp-t;lex-continuity;-;instance_40_25_5_48;TIMEOUT_FEASIBLE;300.0048;0.0056;299.9922;0.0001;4646;7156;17052362;471;0;1;200;470
3;CPLEX-CP-T;cplex-cp;cp-t;lex-continuity;-;instance_40_25_5_49;TIMEOUT_FEASIBLE;300.0158;0.0053;300.0035;0.0001;4459;6783;14772076;452;2;2;200;448
3;CPLEX-CP-T;cplex-cp;cp-t;lex-continuity;-;instance_40_25_5_5;TIMEOUT_FEASIBLE;300.0089;0.0048;299.9970;0.0001;4537;6938;16059769;482;0;0;200;482
3;CPLEX-CP-T;cplex-cp;cp-t;lex-continuity;-;instance_40_25_5_50;TIMEOUT_FEASIBLE;300.0053;0.0053;299.9939;0.0001;4324;6513;14954674;480;0;2;200;478
3;CPLEX-CP-T;cplex-cp;cp-t;lex-continuity;-;instance_40_25_5_6;TIMEOUT_FEASIBLE;300.0061;0.0054;299.9929;0.0001;4451;6765;14182525;477;0;0;200;477
3;CPLEX-CP-T;cplex-cp;cp-t;lex-continuity;-;instance_40_25_5_7;TIMEOUT_FEASIBLE;300.0046;0.0054;299.9925;0.0001;4403;6671;13512553;452;0;0;200;452
3;CPLEX-CP-T;cplex-cp;cp-t;lex-continuity;-;instance_40_25_5_8;TIMEOUT_FEASIBLE;300.0047;0.0051;299.9932;0.0001;4602;7070;16202904;475;0;4;200;471
3;CPLEX-CP-T;cplex-cp;cp-t;lex-continuity;-;instance_40_25_5_9;TIMEOUT_FEASIBLE;300.0064;0.0056;299.9936;0.0001;4632;7130;14470015;424;0;0;200;424
4;CPLEX-CP-I;cplex-cp;cp-i;lex-continuity;-;instance_30_15_4_1;TIMEOUT_FEASIBLE;300.0015;0.0041;299.9938;0.0000;1430;2153;23159042;256;0;2;120;254
4;CPLEX-CP-I;cplex-cp;cp-i;lex-continuity;-;instance_30_15_4_10;TIMEOUT_FEASIBLE;300.0047;0.0033;299.9983;0.0000;1268;1920;25881663;287;0;0;120;287
4;CPLEX-CP-I;cplex-cp;cp-i;lex-continuity;-;instance_30_15_4_11;TIMEOUT_FEASIBLE;300.0057;0.0032;299.9993;0.0000;1088;1621;27091573;319;0;0;120;319
4;CPLEX-CP-I;cplex-cp;cp-i;lex-continuity;-;instance_30_15_4_12;TIMEOUT_FEASIBLE;300.0062;0.0037;299.9993;0.0000;1181;1781;25395172;332;0;0;120;332
4;CPLEX-CP-I;cplex-cp;cp-i;lex-continuity;-;instance_30_15_4_13;TIMEOUT_FEASIBLE;300.0057;0.0032;299.9994;0.0000;976;1461;27859286;305;3;0;120;302
4;CPLEX-CP-I;cplex-cp;cp-i;lex-continuity;-;instance_30_15_4_14;TIMEOUT_FEASIBLE;300.0053;0.0040;299.9980;0.0001;1339;2042;25131200;281;0;1;120;280
4;CPLEX-CP-I;cplex-cp;cp-i;lex-continuity;-;instance_30_15_4_15;TIMEOUT_FEASIBLE;300.0074;0.0039;300.0001;0.0000;1372;2057;24680696;323;0;0;120;323
4;CPLEX-CP-I;cplex-cp;cp-i;lex-continuity;-;instance_30_15_4_16;TIMEOUT_FEASIBLE;299.9973;0.0031;299.9912;0.0001;1050;1624;29071813;315;0;0;120;315
4;CPLEX-CP-I;cplex-cp;cp-i;lex-continuity;-;instance_30_15_4_17;TIMEOUT_FEASIBLE;299.9981;0.0035;299.9914;0.0000;1219;1858;29355183;292;0;0;120;292
4;CPLEX-CP-I;cplex-cp;cp-i;lex-continuity;-;instance_30_15_4_18;TIMEOUT_FEASIBLE;299.9981;0.0039;299.9908;0.0001;1553;2311;24562819;265;0;0;120;265
4;CPLEX-CP-I;cplex-cp;cp-i;lex-continuity;-;instance_30_15_4_19;TIMEOUT_FEASIBLE;300.0003;0.0028;299.9946;0.0000;1088;1637;31324951;289;1;0;120;288
4;CPLEX-CP-I;cplex-cp;cp-i;lex-continuity;-;instance_30_15_4_2;TIMEOUT_FEASIBLE;300.0002;0.0027;299.9948;0.0000;977;1505;33589632;312;0;1;120;311
4;CPLEX-CP-I;cplex-cp;cp-i;lex-continuity;-;instance_30_15_4_20;TIMEOUT_FEASIBLE;300.0014;0.0027;299.9958;0.0000;1095;1678;31166858;321;0;0;120;321
4;CPLEX-CP-I;cplex-cp;cp-i;lex-continuity;-;instance_30_15_4_21;INFEASIBLE;0.0012;0.0001;0.0000;0.0000;19;18;0;;;;;
4;CPLEX-CP-I;cplex-cp;cp-i;lex-continuity;-;instance_30_15_4_22;TIMEOUT_FEASIBLE;300.0053;0.0029;299.9997;0.0000;1170;1765;29350035;293;0;3;120;290
4;CPLEX-CP-I;cplex-cp;cp-i;lex-continuity;-;instance_30_15_4_23;TIMEOUT_FEASIBLE;300.0012;0.0036;299.9944;0.0000;1385;2084;26331040;313;0;0;120;313
4;CPLEX-CP-I;cplex-cp;cp-i;lex-continuity;-;instance_30_15_4_24;TIMEOUT_FEASIBLE;300.0012;0.0034;299.9948;0.0000;1423;2140;26740550;312;0;0;120;312
4;CPLEX-CP-I;cplex-cp;cp-i;lex-continuity;-;instance_30_15_4_25;TIMEOUT_FEASIBLE;300.0005;0.0025;299.9952;0.0000;1015;1549;34374124;295;0;0;120;295
4;CPLEX-CP-I;cplex-cp;cp-i;lex-continuity;-;instance_30_15_4_26;TIMEOUT_FEASIBLE;300.0046;0.0035;299.9979;0.0000;1331;1999;25827020;297;0;0;120;297
4;CPLEX-CP-I;cplex-cp;cp-i;lex-continuity;-;instance_30_15_4_27;TIMEOUT_FEASIBLE;300.0091;0.0034;300.0026;0.0000;1240;1895;26738643;295;0;0;120;295
4;CPLEX-CP-I;cplex-cp;cp-i;lex-continuity;-;instance_30_15_4_28;TIMEOUT_FEASIBLE;300.0013;0.0035;299.9947;0.0000;1341;2027;26483965;320;0;0;120;320
4;CPLEX-CP-I;cplex-cp;cp-i;lex-continuity;-;instance_30_15_4_29;TIMEOUT_FEASIBLE;300.0003;0.0027;299.9950;0.0000;925;1407;35739667;280;0;0;120;280
4;CPLEX-CP-I;cplex-cp;cp-i;lex-continuity;-;instance_30_15_4_3;TIMEOUT_FEASIBLE;300.0026;0.0035;299.9960;0.0000;1401;2126;26841216;333;0;0;120;333
4;CPLEX-CP-I;cplex-cp;cp-i;lex-continuity;-;instance_30_15_4_30;TIMEOUT_FEASIBLE;300.0010;0.0034;299.9946;0.0000;1411;2129;24682573;305;0;0;120;305
4;CPLEX-CP-I;cplex-cp;cp-i;lex-continuity;-;instance_30_15_4_31;TIMEOUT_FEASIBLE;300.0015;0.0035;299.9948;0.0001;1389;2057;26350786;319;0;0;120;319
4;CPLEX-CP-I;cplex-cp;cp-i;lex-continuity;-;instance_30_15_4_32;TIMEOUT_FEASIBLE;300.0006;0.0031;299.9945;0.0000;1246;1854;26424593;286;0;0;120;286
4;CPLEX-CP-I;cplex-cp;cp-i;lex-continuity;-;instance_30_15_4_33;TIMEOUT_FEASIBLE;300.0023;0.0031;299.9960;0.0000;1359;2036;26464377;309;0;0;120;309
4;CPLEX-CP-I;cplex-cp;cp-i;lex-continuity;-;instance_30_15_4_34;TIMEOUT_FEASIBLE;300.0003;0.0035;299.9937;0.0000;1356;2048;26298073;324;0;0;120;324
4;CPLEX-CP-I;cplex-cp;cp-i;lex-continuity;-;instance_30_15_4_35;INFEASIBLE;0.0022;0.0011;0.0000;0.0000;405;404;0;;;;;
4;CPLEX-CP-I;cplex-cp;cp-i;lex-continuity;-;instance_30_15_4_36;TIMEOUT_FEASIBLE;300.0024;0.0030;299.9965;0.0000;1301;1935;26936296;289;0;7;120;282
4;CPLEX-CP-I;cplex-cp;cp-i;lex-continuity;-;instance_30_15_4_37;TIMEOUT_FEASIBLE;300.0012;0.0032;299.9949;0.0000;1286;1980;27443282;292;0;0;120;292
4;CPLEX-CP-I;cplex-cp;cp-i;lex-continuity;-;instance_30_15_4_38;TIMEOUT_FEASIBLE;299.9994;0.0037;299.9924;0.0000;1246;1906;27706928;321;0;0;120;321
4;CPLEX-CP-I;cplex-cp;cp-i;lex-continuity;-;instance_30_15_4_39;TIMEOUT_FEASIBLE;300.0010;0.0035;299.9943;0.0001;1398;2093;25087057;296;0;0;120;296
4;CPLEX-CP-I;cplex-cp;cp-i;lex-continuity;-;instance_30_15_4_4;TIMEOUT_FEASIBLE;300.0010;0.0040;299.9936;0.0000;1583;2422;21599328;308;0;0;120;308
4;CPLEX-CP-I;cplex-cp;cp-i;lex-continuity;-;instance_30_15_4_40;TIMEOUT_FEASIBLE;300.0012;0.0038;299.9941;0.0000;1316;2005;24804332;315;0;0;120;315
4;CPLEX-CP-I;cplex-cp;cp-i;lex-continuity;-;instance_30_15_4_41;TIMEOUT_FEASIBLE;300.0017;0.0040;299.9943;0.0000;1630;2408;18898979;320;0;0;120;320
4;CPLEX-CP-I;cplex-cp;cp-i;lex-continuity;-;instance_30_15_4_42;TIMEOUT_FEASIBLE;300.0020;0.0035;299.9952;0.0000;1445;2156;21729553;295;0;0;120;295
4;CPLEX-CP-I;cplex-cp;cp-i;lex-continuity;-;instance_30_15_4_43;TIMEOUT_FEASIBLE;300.0096;0.0038;300.0024;0.0001;1270;1891;26958932;309;0;6;120;303
4;CPLEX-CP-I;cplex-cp;cp-i;lex-continuity;-;instance_30_15_4_44;INFEASIBLE;0.0013;0.0001;0.0000;0.0000;48;47;0;;;;;
4;CPLEX-CP-I;cplex-cp;cp-i;lex-continuity;-;instance_30_15_4_45;TIMEOUT_FEASIBLE;299.9989;0.0036;299.9922;0.0001;1447;2172;23769430;288;0;0;120;288
4;CPLEX-CP-I;cplex-cp;cp-i;lex-continuity;-;instance_30_15_4_46;TIMEOUT_FEASIBLE;300.0118;0.0034;300.0050;0.0000;1482;2227;26185475;299;0;0;120;299
4;CPLEX-CP-I;cplex-cp;cp-i;lex-continuity;-;instance_30_15_4_47;TIMEOUT_FEASIBLE;300.0000;0.0029;299.9942;0.0000;1230;1894;32149080;324;1;0;120;323
4;CPLEX-CP-I;cplex-cp;cp-i;lex-continuity;-;instance_30_15_4_48;TIMEOUT_FEASIBLE;300.0028;0.0031;299.9966;0.0000;1250;1889;26599298;291;0;0;120;291
4;CPLEX-CP-I;cplex-cp;cp-i;lex-continuity;-;instance_30_15_4_49;TIMEOUT_FEASIBLE;299.9990;0.0031;299.9929;0.0000;1242;1852;28198892;325;0;0;120;325
4;CPLEX-CP-I;cplex-cp;cp-i;lex-continuity;-;instance_30_15_4_5;TIMEOUT_FEASIBLE;300.0021;0.0029;299.9963;0.0000;1163;1743;27458098;296;1;0;120;295
4;CPLEX-CP-I;cplex-cp;cp-i;lex-continuity;-;instance_30_15_4_50;TIMEOUT_FEASIBLE;300.0011;0.0027;299.9956;0.0000;1018;1538;31835423;297;7;0;120;290
4;CPLEX-CP-I;cplex-cp;cp-i;lex-continuity;-;instance_30_15_4_6;TIMEOUT_FEASIBLE;300.0068;0.0031;300.0007;0.0001;1157;1769;28378499;333;0;0;120;333
4;CPLEX-CP-I;cplex-cp;cp-i;lex-continuity;-;instance_30_15_4_7;INFEASIBLE;0.0021;0.0009;0.0000;0.0000;366;365;0;;;;;
4;CPLEX-CP-I;cplex-cp;cp-i;lex-continuity;-;instance_30_15_4_8;INFEASIBLE;0.0012;0.0001;0.0000;0.0000;31;30;0;;;;;
4;CPLEX-CP-I;cplex-cp;cp-i;lex-continuity;-;instance_30_15_4_9;TIMEOUT_FEASIBLE;299.9966;0.0028;299.9911;0.0000;1054;1603;29635866;309;1;5;120;303
4;CPLEX-CP-I;cplex-cp;cp-i;lex-continuity;-;instance_40_25_5_1;TIMEOUT_FEASIBLE;300.0006;0.0110;299.9841;0.0001;2924;4256;15379842;521;0;0;200;521
4;CPLEX-CP-I;cplex-cp;cp-i;lex-continuity;-;instance_40_25_5_10;TIMEOUT_FEASIBLE;300.0290;0.0109;300.0121;0.0001;3577;5138;12021660;480;0;0;200;480
4;CPLEX-CP-I;cplex-cp;cp-i;lex-continuity;-;instance_40_25_5_11;TIMEOUT_FEASIBLE;300.0144;0.0094;299.9990;0.0001;3242;4737;14470404;524;0;0;200;524
4;CPLEX-CP-I;cplex-cp;cp-i;lex-continuity;-;instance_40_25_5_12;TIMEOUT_FEASIBLE;299.9953;0.0090;299.9811;0.0001;3081;4452;15323039;519;0;0;200;519
4;CPLEX-CP-I;cplex-cp;cp-i;lex-continuity;-;instance_40_25_5_13;TIMEOUT_FEASIBLE;300.0088;0.0085;299.9948;0.0001;3307;4840;14880300;507;0;0;200;507
4;CPLEX-CP-I;cplex-cp;cp-i;lex-continuity;-;instance_40_25_5_14;TIMEOUT_FEASIBLE;299.9996;0.0093;299.9847;0.0001;3615;5299;14523614;487;0;0;200;487
4;CPLEX-CP-I;cplex-cp;cp-i;lex-continuity;-;instance_40_25_5_15;TIMEOUT_FEASIBLE;299.9992;0.0089;299.9851;0.0001;3045;4478;15970366;525;0;0;200;525
4;CPLEX-CP-I;cplex-cp;cp-i;lex-continuity;-;instance_40_25_5_16;TIMEOUT_FEASIBLE;300.0196;0.0077;300.0065;0.0001;2949;4329;17366977;480;1;0;200;479
4;CPLEX-CP-I;cplex-cp;cp-i;lex-continuity;-;instance_40_25_5_17;TIMEOUT_FEASIBLE;300.0029;0.0094;299.9882;0.0001;3083;4481;15289929;497;0;0;200;497
4;CPLEX-CP-I;cplex-cp;cp-i;lex-continuity;-;instance_40_25_5_18;TIMEOUT_FEASIBLE;299.9983;0.0089;299.9840;0.0001;3222;4692;15184345;515;0;0;200;515
4;CPLEX-CP-I;cplex-cp;cp-i;lex-continuity;-;instance_40_25_5_19;TIMEOUT_FEASIBLE;300.0085;0.0071;299.9969;0.0001;2449;3616;19597893;467;0;0;200;467
4;CPLEX-CP-I;cplex-cp;cp-i;lex-continuity;-;instance_40_25_5_2;TIMEOUT_FEASIBLE;300.0015;0.0090;299.9874;0.0001;3080;4461;15940190;531;0;0;200;531
4;CPLEX-CP-I;cplex-cp;cp-i;lex-continuity;-;instance_40_25_5_20;TIMEOUT_FEASIBLE;300.0294;0.0083;300.0154;0.0001;3091;4401;14359030;482;0;0;200;482
4;CPLEX-CP-I;cplex-cp;cp-i;lex-continuity;-;instance_40_25_5_21;TIMEOUT_FEASIBLE;300.0002;0.0088;299.9860;0.0001;3280;4778;14269484;478;0;0;200;478
4;CPLEX-CP-I;cplex-cp;cp-i;lex-continuity;-;instance_40_25_5_22;TIMEOUT_FEASIBLE;300.0085;0.0085;299.9951;0.0001;2721;4000;18356281;474;0;1;200;473
4;CPLEX-CP-I;cplex-cp;cp-i;lex-continuity;-;instance_40_25_5_23;TIMEOUT_FEASIBLE;300.0007;0.0093;299.9860;0.0001;3154;4543;13653868;541;0;3;200;538
4;CPLEX-CP-I;cplex-cp;cp-i;lex-continuity;-;instance_40_25_5_24;TIMEOUT_FEASIBLE;300.0322;0.0077;300.0197;0.0001;2599;3824;19202969;502;0;0;200;502
4;CPLEX-CP-I;cplex-cp;cp-i;lex-continuity;-;instance_40_25_5_25;TIMEOUT_FEASIBLE;300.0068;0.0077;299.9944;0.0001;2636;3871;19968782;524;0;0;200;524
4;CPLEX-CP-I;cplex-cp;cp-i;lex-continuity;-;instance_40_25_5_26;TIMEOUT_FEASIBLE;300.0421;0.0087;300.0277;0.0001;3262;4762;14189786;494;0;0;200;494
4;CPLEX-CP-I;cplex-cp;cp-i;lex-continuity;-;instance_40_25_5_27;TIMEOUT_FEASIBLE;300.0081;0.0070;299.9966;0.0001;2621;3848;19846817;507;0;1;200;506
4;CPLEX-CP-I;cplex-cp;cp-i;lex-continuity;-;instance_40_25_5_28;TIMEOUT_FEASIBLE;300.0132;0.0093;299.9985;0.0001;3173;4676;15831035;504;0;0;200;504
4;CPLEX-CP-I;cplex-cp;cp-i;lex-continuity;-;instance_40_25_5_29;TIMEOUT_FEASIBLE;300.0076;0.0084;299.9944;0.0001;2759;4047;19139492;517;1;0;200;516
4;CPLEX-CP-I;cplex-cp;cp-i;lex-continuity;-;instance_40_25_5_3;TIMEOUT_FEASIBLE;300.0110;0.0083;299.9976;0.0001;3073;4500;16157312;511;1;0;200;510
4;CPLEX-CP-I;cplex-cp;cp-i;lex-continuity;-;instance_40_25_5_30;TIMEOUT_FEASIBLE;300.0010;0.0092;299.9861;0.0001;3553;5143;13087966;534;0;0;200;534
4;CPLEX-CP-I;cplex-cp;cp-i;lex-continuity;-;instance_40_25_5_31;TIMEOUT_FEASIBLE;299.9997;0.0093;299.9846;0.0001;3431;4979;13158269;516;0;0;200;516
4;CPLEX-CP-I;cplex-cp;cp-i;lex-continuity;-;instance_40_25_5_32;TIMEOUT_FEASIBLE;300.0091;0.0082;299.9957;0.0001;3251;4793;15953009;472;0;5;200;467
4;CPLEX-CP-I;cplex-cp;cp-i;lex-continuity;-;instance_40_25_5_33;TIMEOUT_FEASIBLE;300.0091;0.0083;299.9959;0.0001;2591;3776;17796415;519;0;0;200;519
4;CPLEX-CP-I;cplex-cp;cp-i;lex-continuity;-;instance_40_25_5_34;TIMEOUT_FEASIBLE;300.0011;0.0092;299.9866;0.0001;3117;4480;14469423;521;0;0;200;521
4;CPLEX-CP-I;cplex-cp;cp-i;lex-continuity;-;instance_40_25_5_35;TIMEOUT_FEASIBLE;299.9989;0.0094;299.9842;0.0001;3116;4531;14707789;550;0;0;200;550
4;CPLEX-CP-I;cplex-cp;cp-i;lex-continuity;-;instance_40_25_5_36;TIMEOUT_FEASIBLE;300.0637;0.0097;300.0485;0.0001;3286;4821;14847533;490;0;0;200;490
4;CPLEX-CP-I;cplex-cp;cp-i;lex-continuity;-;instance_40_25_5_37;TIMEOUT_FEASIBLE;300.0139;0.0085;300.0001;0.0001;3151;4633;16107574;488;0;0;200;488
4;CPLEX-CP-I;cplex-cp;cp-i;lex-continuity;-;instance_40_25_5_38;TIMEOUT_FEASIBLE;300.0097;0.0082;299.9968;0.0001;2820;4116;17336530;559;0;0;200;559
4;CPLEX-CP-I;cplex-cp;cp-i;lex-continuity;-;instance_40_25_5_39;TIMEOUT_FEASIBLE;300.0094;0.0076;299.9970;0.0001;2563;3767;18149982;470;0;0;200;470
4;CPLEX-CP-I;cplex-cp;cp-i;lex-continuity;-;instance_40_25_5_4;TIMEOUT_FEASIBLE;300.0104;0.0085;299.9968;0.0001;3083;4491;15889267;549;0;0;200;549
4;CPLEX-CP-I;cplex-cp;cp-i;lex-continuity;-;instance_40_25_5_40;TIMEOUT_FEASIBLE;300.0005;0.0089;299.9865;0.0001;3076;4533;16340356;491;0;3;200;488
4;CPLEX-CP-I;cplex-cp;cp-i;lex-continuity;-;instance_40_25_5_41;TIMEOUT_FEASIBLE;300.0015;0.0096;299.9864;0.0001;3241;4682;13542316;529;0;0;200;529
4;CPLEX-CP-I;cplex-cp;cp-i;lex-continuity;-;instance_40_25_5_42;TIMEOUT_FEASIBLE;300.0073;0.0077;299.9947;0.0001;2735;4071;17214434;491;0;0;200;491
4;CPLEX-CP-I;cplex-cp;cp-i;lex-continuity;-;instance_40_25_5_43;TIMEOUT_FEASIBLE;300.0100;0.0082;299.9968;0.0001;2839;4125;16279321;469;0;3;200;466
4;CPLEX-CP-I;cplex-cp;cp-i;lex-continuity;-;instance_40_25_5_44;TIMEOUT_FEASIBLE;300.0007;0.0090;299.9861;0.0001;3287;4819;13284669;526;0;0;200;526
4;CPLEX-CP-I;cplex-cp;cp-i;lex-continuity;-;instance_40_25_5_45;TIMEOUT_FEASIBLE;299.9990;0.0094;299.9842;0.0001;3187;4693;14605419;539;0;0;200;539
4;CPLEX-CP-I;cplex-cp;cp-i;lex-continuity;-;instance_40_25_5_46;INFEASIBLE;0.0022;0.0008;0.0000;0.0000;317;316;0;;;;;
4;CPLEX-CP-I;cplex-cp;cp-i;lex-continuity;-;instance_40_25_5_47;TIMEOUT_FEASIBLE;300.0387;0.0090;300.0240;0.0001;3472;5028;13323790;475;0;0;200;475
4;CPLEX-CP-I;cplex-cp;cp-i;lex-continuity;-;instance_40_25_5_48;TIMEOUT_FEASIBLE;300.0039;0.0087;299.9897;0.0001;3247;4793;15150300;551;0;0;200;551
4;CPLEX-CP-I;cplex-cp;cp-i;lex-continuity;-;instance_40_25_5_49;TIMEOUT_FEASIBLE;300.0111;0.0081;299.9980;0.0001;2951;4331;17005996;533;0;0;200;533
4;CPLEX-CP-I;cplex-cp;cp-i;lex-continuity;-;instance_40_25_5_5;TIMEOUT_FEASIBLE;300.0084;0.0084;299.9947;0.0001;3263;4745;16013628;484;0;0;200;484
4;CPLEX-CP-I;cplex-cp;cp-i;lex-continuity;-;instance_40_25_5_50;TIMEOUT_FEASIBLE;300.0455;0.0096;300.0300;0.0001;3408;4851;13421564;515;0;0;200;515
4;CPLEX-CP-I;cplex-cp;cp-i;lex-continuity;-;instance_40_25_5_6;TIMEOUT_FEASIBLE;300.0043;0.0096;299.9892;0.0001;3371;4895;14320167;459;0;0;200;459
4;CPLEX-CP-I;cplex-cp;cp-i;lex-continuity;-;instance_40_25_5_7;TIMEOUT_FEASIBLE;299.9992;0.0100;299.9835;0.0001;3454;4982;12606535;503;0;0;200;503
4;CPLEX-CP-I;cplex-cp;cp-i;lex-continuity;-;instance_40_25_5_8;TIMEOUT_FEASIBLE;300.0100;0.0082;299.9966;0.0001;3015;4436;15923223;500;0;0;200;500
4;CPLEX-CP-I;cplex-cp;cp-i;lex-continuity;-;instance_40_25_5_9;TIMEOUT_FEASIBLE;300.0001;0.0092;299.9854;0.0001;3326;4872;13886112;516;0;0;200;516
1;GUROBI-MIP;gurobi-mip;mip-e;lex-overtime;-;instance_30_15_4_1;OPTIMUM;0.3347;0.0139;0.0915;0.0002;3371;3079;0;438;0;0;120;438
1;GUROBI-MIP;gurobi-mip;mip-e;lex-overtime;-;instance_30_15_4_10;OPTIMUM;0.0881;0.0121;0.0734;0.0001;2858;2791;0;410;0;0;120;410
1;GUROBI-MIP;gurobi-mip;mip-e;lex-overtime;-;instance_30_15_4_11;OPTIMUM;0.0879;0.0109;0.0744;0.0001;2559;2447;0;406;0;0;120;406
1;GUROBI-MIP;gurobi-mip;mip-e;lex-overtime;-;instance_30_15_4_12;OPTIMUM;0.0986;0.0120;0.0841;0.0002;2802;2664;0;439;0;0;120;439
1;GUROBI-MIP;gurobi-mip;mip-e;lex-overtime;-;instance_30_15_4_13;OPTIMUM;0.0969;0.0097;0.0848;0.0001;2204;2192;1;386;3;0;120;383
1;GUROBI-MIP;gurobi-mip;mip-e;lex-overtime;-;instance_30_15_4_14;OPTIMUM;0.1047;0.0130;0.0891;0.0002;3089;2948;1;389;0;0;120;389
1;GUROBI-MIP;gurobi-mip;mip-e;lex-overtime;-;instance_30_15_4_15;OPTIMUM;0.1228;0.0136;0.1065;0.0002;3341;3041;0;446;0;0;120;446
1;GUROBI-MIP;gurobi-mip;mip-e;lex-overtime;-;instance_30_15_4_16;OPTIMUM;0.0717;0.0101;0.0592;0.0001;2300;2344;0;398;0;0;120;398
1;GUROBI-MIP;gurobi-mip;mip-e;lex-overtime;-;instance_30_15_4_17;OPTIMUM;0.0893;0.0120;0.0748;0.0001;2875;2724;0;417;0;0;120;417
1;GUROBI-MIP;gurobi-mip;mip-e;lex-overtime;-;instance_30_15_4_18;OPTIMUM;0.1267;0.0155;0.1082;0.0002;3959;3386;0;448;0;0;120;448
1;GUROBI-MIP;gurobi-mip;mip-e;lex-overtime;-;instance_30_15_4_19;OPTIMUM;0.0830;0.0110;0.0696;0.0001;2623;2494;0;392;1;0;120;391
1;GUROBI-MIP;gurobi-mip;mip-e;lex-overtime;-;instance_30_15_4_2;OPTIMUM;0.0710;0.0096;0.0592;0.0001;2165;2208;0;369;0;0;120;369
1;GUROBI-MIP;gurobi-mip;mip-e;lex-overtime;-;instance_30_15_4_20;OPTIMUM;0.0762;0.0109;0.0628;0.0001;2444;2469;0;420;0;0;120;420
1;GUROBI-MIP;gurobi-mip;mip-e;lex-overtime;-;instance_30_15_4_21;INFEASIBLE;0.0059;0.0030;0.0014;0.0000;1837;1922;0;;;;;
1;GUROBI-MIP;gurobi-mip;mip-e;lex-overtime;-;instance_30_15_4_22;OPTIMUM;0.0918;0.0115;0.0777;0.0002;2720;2647;0;413;0;0;120;413
1;GUROBI-MIP;gurobi-mip;mip-e;lex-overtime;-;instance_30_15_4_23;OPTIMUM;0.1139;0.0137;0.0974;0.0002;3361;3073;0;427;0;0;120;427
1;GUROBI-MIP;gurobi-mip;mip-e;lex-overtime;-;instance_30_15_4_24;OPTIMUM;0.1081;0.0138;0.0914;0.0002;3343;3066;0;444;0;0;120;444
1;GUROBI-MIP;gurobi-mip;mip-e;lex-overtime;-;instance_30_15_4_25;OPTIMUM;0.0724;0.0110;0.0588;0.0001;2287;2294;0;402;0;0;120;402
1;GUROBI-MIP;gurobi-mip;mip-e;lex-overtime;-;instance_30_15_4_26;OPTIMUM;0.0958;0.0128;0.0804;0.0002;3064;2888;0;436;0;0;120;436
1;GUROBI-MIP;gurobi-mip;mip-e;lex-overtime;-;instance_30_15_4_27;OPTIMUM;0.0919;0.0123;0.0769;0.0002;2917;2741;0;407;0;0;120;407
1;GUROBI-MIP;gurobi-mip;mip-e;lex-overtime;-;instance_30_15_4_28;OPTIMUM;0.1065;0.0129;0.0909;0.0002;3117;2956;0;410;0;0;120;410
1;GUROBI-MIP;gurobi-mip;mip-e;lex-overtime;-;instance_30_15_4_29;OPTIMUM;0.0670;0.0095;0.0551;0.0001;2095;2159;0;399;0;0;120;399
1;GUROBI-MIP;gurobi-mip;mip-e;lex-overtime;-;instance_30_15_4_3;OPTIMUM;0.1089;0.0135;0.0927;0.0002;3366;3038;0;431;0;0;120;431
1;GUROBI-MIP;gurobi-mip;mip-e;lex-overtime;-;instance_30_15_4_30;OPTIMUM;0.1113;0.0135;0.0953;0.0002;3307;3074;0;435;0;0;120;435
1;GUROBI-MIP;gurobi-mip;mip-e;lex-overtime;-;instance_30_15_4_31;OPTIMUM;0.1138;0.0135;0.0977;0.0002;3331;3021;0;407;0;0;120;407
1;GUROBI-MIP;gurobi-mip;mip-e;lex-overtime;-;instance_30_15_4_32;OPTIMUM;0.1028;0.0125;0.0876;0.0002;3155;2791;0;382;0;0;120;382
1;GUROBI-MIP;gurobi-mip;mip-e;lex-overtime;-;instance_30_15_4_33;OPTIMUM;0.1017;0.0134;0.0855;0.0002;3223;2979;0;429;0;0;120;429
1;GUROBI-MIP;gurobi-mip;mip-e;lex-overtime;-;instance_30_15_4_34;OPTIMUM;0.1016;0.0134;0.0855;0.0002;3322;2990;0;396;0;0;120;396
1;GUROBI-MIP;gurobi-mip;mip-e;lex-overtime;-;instance_30_15_4_35;INFEASIBLE;0.0079;0.0044;0.0019;0.0000;2706;2659;0;;;;;
1;GUROBI-MIP;gurobi-mip;mip-e;lex-overtime;-;instance_30_15_4_36;OPTIMUM;0.1043;0.0134;0.0882;0.0002;3184;2947;0;427;0;0;120;427
1;GUROBI-MIP;gurobi-mip;mip-e;lex-overtime;-;instance_30_15_4_37;OPTIMUM;0.0891;0.0121;0.0742;0.0002;2865;2755;0;420;0;0;120;420
1;GUROBI-MIP;gurobi-mip;mip-e;lex-overtime;-;instance_30_15_4_38;OPTIMUM;0.0924;0.0119;0.0779;0.0001;2845;2745;0;402;0;0;120;402
1;GUROBI-MIP;gurobi-mip;mip-e;lex-overtime;-;instance_30_15_4_39;OPTIMUM;0.1075;0.0134;0.0914;0.0002;3288;3013;0;437;0;0;120;437
1;GUROBI-MIP;gurobi-mip;mip-e;lex-overtime;-;instance_30_15_4_4;OPTIMUM;0.1086;0.0150;0.0909;0.0002;3686;3374;0;450;0;0;120;450
1;GUROBI-MIP;gurobi-mip;mip-e;lex-overtime;-;instance_30_15_4_40;OPTIMUM;0.0972;0.0129;0.0817;0.0002;3126;2946;0;450;0;0;120;450
1;GUROBI-MIP;gurobi-mip;mip-e;lex-overtime;-;instance_30_15_4_41;OPTIMUM;0.1285;0.0166;0.1089;0.0002;4145;3586;0;443;0;0;120;443
1;GUROBI-MIP;gurobi-mip;mip-e;lex-overtime;-;instance_30_15_4_42;OPTIMUM;0.1141;0.0138;0.0976;0.0002;3363;3102;0;432;0;0;120;432
1;GUROBI-MIP;gurobi-mip;mip-e;lex-overtime;-;instance_30_15_4_43;OPTIMUM;0.1081;0.0128;0.0927;0.0002;3163;2828;0;411;0;0;120;411
1;GUROBI-MIP;gurobi-mip;mip-e;lex-overtime;-;instance_30_15_4_44;INFEASIBLE;0.0077;0.0043;0.0018;0.0000;2881;2803;0;;;;;
1;GUROBI-MIP;gurobi-mip;mip-e;lex-overtime;-;instance_30_15_4_45;OPTIMUM;0.1206;0.0144;0.1033;0.0002;3586;3190;0;416;0;0;120;416
1;GUROBI-MIP;gurobi-mip;mip-e;lex-overtime;-;instance_30_15_4_46;OPTIMUM;0.1126;0.0142;0.0958;0.0002;3478;3213;0;446;0;0;120;446
1;GUROBI-MIP;gurobi-mip;mip-e;lex-overtime;-;instance_30_15_4_47;OPTIMUM;0.0907;0.0120;0.0762;0.0001;2811;2697;0;418;1;0;120;417
1;GUROBI-MIP;gurobi-mip;mip-e;lex-overtime;-;instance_30_15_4_48;OPTIMUM;0.0924;0.0123;0.0775;0.0001;2913;2779;0;430;0;0;120;430
1;GUROBI-MIP;gurobi-mip;mip-e;lex-overtime;-;instance_30_15_4_49;OPTIMUM;0.1060;0.0123;0.0912;0.0001;2912;2738;0;421;0;0;120;421
1;GUROBI-MIP;gurobi-mip;mip-e;lex-overtime;-;instance_30_15_4_5;OPTIMUM;0.0922;0.0118;0.0779;0.0001;2772;2611;0;401;1;0;120;400
1;GUROBI-MIP;gurobi-mip;mip-e;lex-overtime;-;instance_30_15_4_50;OPTIMUM;0.0749;0.0100;0.0626;0.0001;2294;2254;0;403;7;0;120;396
1;GUROBI-MIP;gurobi-mip;mip-e;lex-overtime;-;instance_30_15_4_6;OPTIMUM;0.0894;0.0112;0.0757;0.0001;2621;2606;0;436;0;0;120;436
1;GUROBI-MIP;gurobi-mip;mip-e;lex-overtime;-;instance_30_15_4_7;INFEASIBLE;0.0090;0.0052;0.0022;0.0000;3567;3241;0;;;;;
1;GUROBI-MIP;gurobi-mip;mip-e;lex-overtime;-;instance_30_15_4_8;INFEASIBLE;0.0101;0.0057;0.0024;0.0000;3104;2911;0;;;;;
1;GUROBI-MIP;gurobi-mip;mip-e;lex-overtime;-;instance_30_15_4_9;OPTIMUM;0.1036;0.0121;0.0888;0.0002;2364;2352;0;386;1;0;120;385
1;GUROBI-MIP;gurobi-mip;mip-e;lex-overtime;-;instance_40_25_5_1;OPTIMUM;0.2615;0.0312;0.2256;0.0003;7806;6177;0;777;0;0;200;777
1;GUROBI-MIP;gurobi-mip;mip-e;lex-overtime;-;instance_40_25_5_10;OPTIMUM;0.3327;0.0359;0.2917;0.0003;9156;7352;0;765;0;0;200;765
1;GUROBI-MIP;gurobi-mip;mip-e;lex-overtime;-;instance_40_25_5_11;OPTIMUM;0.2745;0.0357;0.2338;0.0003;8366;6741;0;783;0;0;200;783
1;GUROBI-MIP;gurobi-mip;mip-e;lex-overtime;-;instance_40_25_5_12;OPTIMUM;0.2746;0.0316;0.2383;0.0003;7935;6437;0;778;0;0;200;778
1;GUROBI-MIP;gurobi-mip;mip-e;lex-overtime;-;instance_40_25_5_13;OPTIMUM;0.2747;0.0333;0.2364;0.0003;8187;6772;1;783;0;0;200;783
1;GUROBI-MIP;gurobi-mip;mip-e;lex-overtime;-;instance_40_25_5_14;OPTIMUM;0.2941;0.0361;0.2526;0.0003;9031;7290;0;781;0;0;200;781
1;GUROBI-MIP;gurobi-mip;mip-e;lex-overtime;-;instance_40_25_5_15;OPTIMUM;0.2889;0.0318;0.2522;0.0003;7991;6437;0;710;0;0;200;710
1;GUROBI-MIP;gurobi-mip;mip-e;lex-overtime;-;instance_40_25_5_16;OPTIMUM;0.2651;0.0304;0.2302;0.0003;7425;6080;0;753;1;0;200;752
1;GUROBI-MIP;gurobi-mip;mip-e;lex-overtime;-;instance_40_25_5_17;OPTIMUM;0.2592;0.0314;0.2228;0.0003;7867;6418;1;741;0;0;200;741
1;GUROBI-MIP;gurobi-mip;mip-e;lex-overtime;-;instance_40_25_5_18;OPTIMUM;0.2549;0.0329;0.2171;0.0003;8262;6693;0;782;0;0;200;782
1;GUROBI-MIP;gurobi-mip;mip-e;lex-overtime;-;instance_40_25_5_19;OPTIMUM;0.2306;0.0249;0.2019;0.0002;5910;5212;0;713;0;0;200;713
1;GUROBI-MIP;gurobi-mip;mip-e;lex-overtime;-;instance_40_25_5_2;OPTIMUM;0.2622;0.0313;0.2264;0.0003;7933;6374;0;766;0;0;200;766
1;GUROBI-MIP;gurobi-mip;mip-e;lex-overtime;-;instance_40_25_5_20;OPTIMUM;0.3454;0.0322;0.3086;0.0003;8180;6439;0;759;0;0;200;759
1;GUROBI-MIP;gurobi-mip;mip-e;lex-overtime;-;instance_40_25_5_21;OPTIMUM;0.3024;0.0338;0.2637;0.0003;8490;6813;0;755;0;0;200;755
1;GUROBI-MIP;gurobi-mip;mip-e;lex-overtime;-;instance_40_25_5_22;OPTIMUM;0.2616;0.0281;0.2293;0.0003;6757;5793;0;752;0;0;200;752
1;GUROBI-MIP;gurobi-mip;mip-e;lex-overtime;-;instance_40_25_5_23;OPTIMUM;0.3166;0.0320;0.2799;0.0003;8030;6538;0;764;0;0;200;764
1;GUROBI-MIP;gurobi-mip;mip-e;lex-overtime;-;instance_40_25_5_24;OPTIMUM;0.2293;0.0269;0.1981;0.0003;6415;5517;1;724;0;0;200;724
1;GUROBI-MIP;gurobi-mip;mip-e;lex-overtime;-;instance_40_25_5_25;OPTIMUM;0.2228;0.0265;0.1923;0.0003;6367;5530;0;734;0;0;200;734
1;GUROBI-MIP;gurobi-mip;mip-e;lex-overtime;-;instance_40_25_5_26;OPTIMUM;0.2862;0.0343;0.2467;0.0003;8367;6757;0;775;0;0;200;775
1;GUROBI-MIP;gurobi-mip;mip-e;lex-overtime;-;instance_40_25_5_27;OPTIMUM;0.2433;0.0271;0.2119;0.0003;6288;5519;0;711;0;0;200;711
1;GUROBI-MIP;gurobi-mip;mip-e;lex-overtime;-;instance_40_25_5_28;OPTIMUM;0.2933;0.0347;0.2537;0.0003;7869;6569;0;715;0;0;200;715
1;GUROBI-MIP;gurobi-mip;mip-e;lex-overtime;-;instance_40_25_5_29;OPTIMUM;0.2910;0.0277;0.2591;0.0003;6686;5707;0;716;1;0;200;715
1;GUROBI-MIP;gurobi-mip;mip-e;lex-overtime;-;instance_40_25_5_3;OPTIMUM;0.3143;0.0307;0.2791;0.0003;7655;6324;1;704;1;0;200;703
1;GUROBI-MIP;gurobi-mip;mip-e;lex-overtime;-;instance_40_25_5_30;OPTIMUM;0.3006;0.0361;0.2593;0.0003;9104;7202;0;761;0;0;200;761
1;GUROBI-MIP;gurobi-mip;mip-e;lex-overtime;-;instance_40_25_5_31;OPTIMUM;0.3120;0.0354;0.2714;0.0003;8936;7022;0;784;0;0;200;784
1;GUROBI-MIP;gurobi-mip;mip-e;lex-overtime;-;instance_40_25_5_32;OPTIMUM;0.2756;0.0324;0.2383;0.0003;7826;6652;0;672;0;0;200;672
1;GUROBI-MIP;gurobi-mip;mip-e;lex-overtime;-;instance_40_25_5_33;OPTIMUM;0.2317;0.0265;0.2010;0.0003;6418;5516;0;760;0;0;200;760
1;GUROBI-MIP;gurobi-mip;mip-e;lex-overtime;-;instance_40_25_5_34;OPTIMUM;0.3075;0.0323;0.2703;0.0003;7980;6501;0;759;0;0;200;759
1;GUROBI-MIP;gurobi-mip;mip-e;lex-overtime;-;instance_40_25_5_35;OPTIMUM;0.2938;0.0312;0.2580;0.0003;7728;6450;0;737;0;0;200;737
1;GUROBI-MIP;gurobi-mip;mip-e;lex-overtime;-;instance_40_25_5_36;OPTIMUM;0.2673;0.0339;0.2284;0.0003;8531;6890;0;788;0;0;200;788
1;GUROBI-MIP;gurobi-mip;mip-e;lex-overtime;-;instance_40_25_5_37;OPTIMUM;0.2436;0.0315;0.2075;0.0003;7699;6496;0;747;0;0;200;747
1;GUROBI-MIP;gurobi-mip;mip-e;lex-overtime;-;instance_40_25_5_38;OPTIMUM;0.2475;0.0281;0.2150;0.0003;6726;5915;1;735;0;0;200;735
1;GUROBI-MIP;gurobi-mip;mip-e;lex-overtime;-;instance_40_25_5_39;OPTIMUM;0.3440;0.0271;0.3127;0.0003;6492;5387;1;720;0;0;200;720
1;GUROBI-MIP;gurobi-mip;mip-e;lex-overtime;-;instance_40_25_5_4;OPTIMUM;0.2247;0.0307;0.1895;0.0003;7698;6353;0;777;0;0;200;777
1;GUROBI-MIP;gurobi-mip;mip-e;lex-overtime;-;instance_40_25_5_40;OPTIMUM;0.2391;0.0318;0.2024;0.0003;7792;6455;0;766;0;0;200;766
1;GUROBI-MIP;gurobi-mip;mip-e;lex-overtime;-;instance_40_25_5_41;OPTIMUM;0.3315;0.0347;0.2914;0.0003;8669;6835;0;759;0;0;200;759
1;GUROBI-MIP;gurobi-mip;mip-e;lex-overtime;-;instance_40_25_5_42;OPTIMUM;0.2571;0.0300;0.2226;0.0003;6886;5873;0;729;0;0;200;729
1;GUROBI-MIP;gurobi-mip;mip-e;lex-overtime;-;instance_40_25_5_43;OPTIMUM;0.2728;0.0295;0.2386;0.0003;7248;5931;0;759;0;0;200;759
1;GUROBI-MIP;gurobi-mip;mip-e;lex-overtime;-;instance_40_25_5_44;OPTIMUM;0.2785;0.0337;0.2399;0.0003;8468;6856;0;780;0;0;200;780
1;GUROBI-MIP;gurobi-mip;mip-e;lex-overtime;-;instance_40_25_5_45;OPTIMUM;0.2549;0.0322;0.2178;0.0003;7993;6603;0;701;0;0;200;701
1;GUROBI-MIP;gurobi-mip;mip-e;lex-overtime;-;instance_40_25_5_46;INFEASIBLE;0.0189;0.0124;0.0043;0.0000;8709;6987;0;;;;;
1;GUROBI-MIP;gurobi-mip;mip-e;lex-overtime;-;instance_40_25_5_47;OPTIMUM;0.2966;0.0351;0.2565;0.0003;9002;7177;0;780;0;0;200;780
1;GUROBI-MIP;gurobi-mip;mip-e;lex-overtime;-;instance_40_25_5_48;OPTIMUM;0.2668;0.0329;0.2291;0.0003;8403;6784;0;766;0;0;200;766
1;GUROBI-MIP;gurobi-mip;mip-e;lex-overtime;-;instance_40_25_5_49;OPTIMUM;0.3874;0.0300;0.3528;0.0003;7358;6129;1;693;0;0;200;693
1;GUROBI-MIP;gurobi-mip;mip-e;lex-overtime;-;instance_40_25_5_5;OPTIMUM;0.2656;0.0333;0.2272;0.0003;8268;6681;0;772;0;0;200;772
1;GUROBI-MIP;gurobi-mip;mip-e;lex-overtime;-;instance_40_25_5_50;OPTIMUM;0.3890;0.0358;0.3478;0.0003;9009;7033;0;768;0;0;200;768
1;GUROBI-MIP;gurobi-mip;mip-e;lex-overtime;-;instance_40_25_5_6;OPTIMUM;0.3021;0.0342;0.2630;0.0003;8737;7016;0;768;0;0;200;768
1;GUROBI-MIP;gurobi-mip;mip-e;lex-overtime;-;instance_40_25_5_7;OPTIMUM;0.3140;0.0361;0.2725;0.0003;9134;7208;0;782;0;0;200;782
1;GUROBI-MIP;gurobi-mip;mip-e;lex-overtime;-;instance_40_25_5_8;OPTIMUM;0.2523;0.0305;0.2172;0.0003;7559;6317;1;763;0;0;200;763
1;GUROBI-MIP;gurobi-mip;mip-e;lex-overtime;-;instance_40_25_5_9;OPTIMUM;0.2863;0.0333;0.2480;0.0003;8465;6891;0;772;0;0;200;772
2;CPLEX-MIP;cplex-mip;mip-e;lex-overtime;-;instance_30_15_4_1;OPTIMUM;0.1531;0.0142;0.1369;0.0002;3371;3079;0;438;0;0;120;438
2;CPLEX-MIP;cplex-mip;mip-e;lex-overtime;-;instance_30_15_4_10;OPTIMUM;0.1243;0.0124;0.1099;0.0002;2858;2791;0;410;0;0;120;410
2;CPLEX-MIP;cplex-mip;mip-e;lex-overtime;-;instance_30_15_4_11;OPTIMUM;0.1491;0.0105;0.1368;0.0001;2559;2447;0;406;0;0;120;406
2;CPLEX-MIP;cplex-mip;mip-e;lex-overtime;-;instance_30_15_4_12;OPTIMUM;0.1569;0.0115;0.1436;0.0002;2802;2664;0;439;0;0;120;439
2;CPLEX-MIP;cplex-mip;mip-e;lex-overtime;-;instance_30_15_4_13;OPTIMUM;0.1306;0.0094;0.1196;0.0001;2204;2192;0;386;3;0;120;383
2;CPLEX-MIP;cplex-mip;mip-e;lex-overtime;-;instance_30_15_4_14;OPTIMUM;0.1477;0.0128;0.1329;0.0002;3089;2948;0;389;0;0;120;389
2;CPLEX-MIP;cplex-mip;mip-e;lex-overtime;-;instance_30_15_4_15;OPTIMUM;0.1701;0.0130;0.1551;0.0002;3341;3041;0;446;0;0;120;446
2;CPLEX-MIP;cplex-mip;mip-e;lex-overtime;-;instance_30_15_4_16;OPTIMUM;0.1033;0.0098;0.0919;0.0001;2300;2344;0;398;0;0;120;398
2;CPLEX-MIP;cplex-mip;mip-e;lex-overtime;-;instance_30_15_4_17;OPTIMUM;0.1299;0.0123;0.1156;0.0002;2875;2724;0;417;0;0;120;417
2;CPLEX-MIP;cplex-mip;mip-e;lex-overtime;-;instance_30_15_4_18;OPTIMUM;0.2190;0.0147;0.2021;0.0002;3959;3386;0;448;0;0;120;448
2;CPLEX-MIP;cplex-mip;mip-e;lex-overtime;-;instance_30_15_4_19;OPTIMUM;0.1238;0.0114;0.1105;0.0002;2623;2494;0;392;1;0;120;391
2;CPLEX-MIP;cplex-mip;mip-e;lex-overtime;-;instance_30_15_4_2;OPTIMUM;0.0995;0.0093;0.0887;0.0001;2165;2208;0;369;0;0;120;369
2;CPLEX-MIP;cplex-mip;mip-e;lex-overtime;-;instance_30_15_4_20;OPTIMUM;0.1234;0.0116;0.1100;0.0002;2444;2469;0;420;0;0;120;420
2;CPLEX-MIP;cplex-mip;mip-e;lex-overtime;-;instance_30_15_4_21;INFEASIBLE;0.0046;0.0034;0.0005;0.0000;1837;1922;0;;;;;
2;CPLEX-MIP;cplex-mip;mip-e;lex-overtime;-;instance_30_15_4_22;OPTIMUM;0.1352;0.0113;0.1221;0.0001;2720;2647;0;413;0;0;120;413
2;CPLEX-MIP;cplex-mip;mip-e;lex-overtime;-;instance_30_15_4_23;OPTIMUM;0.1361;0.0131;0.1210;0.0002;3361;3073;0;427;0;0;120;427
2;CPLEX-MIP;cplex-mip;mip-e;lex-overtime;-;instance_30_15_4_24;OPTIMUM;0.1423;0.0138;0.1263;0.0002;3343;3066;0;444;0;0;120;444
2;CPLEX-MIP;cplex-mip;mip-e;lex-overtime;-;instance_30_15_4_25;OPTIMUM;0.1048;0.0099;0.0933;0.0001;2287;2294;0;402;0;0;120;402
2;CPLEX-MIP;cplex-mip;mip-e;lex-overtime;-;instance_30_15_4_26;OPTIMUM;0.1289;0.0126;0.1143;0.0002;3064;2888;0;436;0;0;120;436
2;CPLEX-MIP;cplex-mip;mip-e;lex-overtime;-;instance_30_15_4_27;OPTIMUM;0.1278;0.0122;0.1137;0.0002;2917;2741;0;407;0;0;120;407
2;CPLEX-MIP;cplex-mip;mip-e;lex-overtime;-;instance_30_15_4_28;OPTIMUM;0.1513;0.0132;0.1361;0.0002;3117;2956;0;410;0;0;120;410
2;CPLEX-MIP;cplex-mip;mip-e;lex-overtime;-;instance_30_15_4_29;OPTIMUM;0.1198;0.0097;0.1085;0.0001;2095;2159;0;399;0;0;120;399
2;CPLEX-MIP;cplex-mip;mip-e;lex-overtime;-;instance_30_15_4_3;OPTIMUM;0.1553;0.0130;0.1403;0.0002;3366;3038;0;431;0;0;120;431
2;CPLEX-MIP;cplex-mip;mip-e;lex-overtime;-;instance_30_15_4_30;OPTIMUM;0.1584;0.0141;0.1420;0.0002;3307;3074;0;435;0;0;120;435
2;CPLEX-MIP;cplex-mip;mip-e;lex-overtime;-;instance_30_15_4_31;OPTIMUM;0.1468;0.0140;0.1307;0.0002;3331;3021;0;407;0;0;120;407
2;CPLEX-MIP;cplex-mip;mip-e;lex-overtime;-;instance_30_15_4_32;OPTIMUM;0.1543;0.0123;0.1401;0.0002;3155;2791;0;382;0;0;120;382
2;CPLEX-MIP;cplex-mip;mip-e;lex-overtime;-;instance_30_15_4_33;OPTIMUM;0.1577;0.0136;0.1420;0.0002;3223;2979;0;429;0;0;120;429
2;CPLEX-MIP;cplex-mip;mip-e;lex-overtime;-;instance_30_15_4_34;OPTIMUM;0.1364;0.0136;0.1208;0.0002;3322;2990;0;396;0;0;120;396
2;CPLEX-MIP;cplex-mip;mip-e;lex-overtime;-;instance_30_15_4_35;INFEASIBLE;0.0056;0.0044;0.0006;0.0000;2706;2659;0;;;;;
2;CPLEX-MIP;cplex-mip;mip-e;lex-overtime;-;instance_30_15_4_36;OPTIMUM;0.1466;0.0127;0.1319;0.0002;3184;2947;0;427;0;0;120;427
2;CPLEX-MIP;cplex-mip;mip-e;lex-overtime;-;instance_30_15_4_37;OPTIMUM;0.1316;0.0117;0.1181;0.0002;2865;2755;0;420;0;0;120;420
2;CPLEX-MIP;cplex-mip;mip-e;lex-overtime;-;instance_30_15_4_38;OPTIMUM;0.1499;0.0120;0.1360;0.0002;2845;2745;0;402;0;0;120;402
2;CPLEX-MIP;cplex-mip;mip-e;lex-overtime;-;instance_30_15_4_39;OPTIMUM;0.1523;0.0129;0.1375;0.0002;3288;3013;0;437;0;0;120;437
2;CPLEX-MIP;cplex-mip;mip-e;lex-overtime;-;instance_30_15_4_4;OPTIMUM;0.1654;0.0150;0.1481;0.0002;3686;3374;0;450;0;0;120;450
2;CPLEX-MIP;cplex-mip;mip-e;lex-overtime;-;instance_30_15_4_40;OPTIMUM;0.1622;0.0125;0.1479;0.0002;3126;2946;0;450;0;0;120;450
2;CPLEX-MIP;cplex-mip;mip-e;lex-overtime;-;instance_30_15_4_41;OPTIMUM;0.1987;0.0155;0.1810;0.0002;4145;3586;0;443;0;0;120;443
2;CPLEX-MIP;cplex-mip;mip-e;lex-overtime;-;instance_30_15_4_42;OPTIMUM;0.1456;0.0140;0.1296;0.0002;3363;3102;0;432;0;0;120;432
2;CPLEX-MIP;cplex-mip;mip-e;lex-overtime;-;instance_30_15_4_43;OPTIMUM;0.1451;0.0123;0.1309;0.0002;3163;2828;0;411;0;0;120;411
2;CPLEX-MIP;cplex-mip;mip-e;lex-overtime;-;instance_30_15_4_44;INFEASIBLE;0.0065;0.0051;0.0007;0.0000;2881;2803;0;;;;;
2;CPLEX-MIP;cplex-mip;mip-e;lex-overtime;-;instance_30_15_4_45;OPTIMUM;0.1660;0.0143;0.1496;0.0002;3586;3190;0;416;0;0;120;416
2;CPLEX-MIP;cplex-mip;mip-e;lex-overtime;-;instance_30_15_4_46;OPTIMUM;0.1730;0.0139;0.1571;0.0002;3478;3213;0;446;0;0;120;446
2;CPLEX-MIP;cplex-mip;mip-e;lex-overtime;-;instance_30_15_4_47;OPTIMUM;0.1115;0.0114;0.0984;0.0001;2811;2697;0;418;1;0;120;417
2;CPLEX-MIP;cplex-mip;mip-e;lex-overtime;-;instance_30_15_4_48;OPTIMUM;0.1383;0.0123;0.1240;0.0002;2913;2779;0;430;0;0;120;430
2;CPLEX-MIP;cplex-mip;mip-e;lex-overtime;-;instance_30_15_4_49;OPTIMUM;0.1578;0.0119;0.1440;0.0002;2912;2738;0;421;0;0;120;421
2;CPLEX-MIP;cplex-mip;mip-e;lex-overtime;-;instance_30_15_4_5;OPTIMUM;0.1425;0.0120;0.1286;0.0002;2772;2611;0;401;1;0;120;400
2;CPLEX-MIP;cplex-mip;mip-e;lex-overtime;-;instance_30_15_4_50;OPTIMUM;0.1147;0.0102;0.1029;0.0001;2294;2254;0;403;7;0;120;396
2;CPLEX-MIP;cplex-mip;mip-e;lex-overtime;-;instance_30_15_4_6;OPTIMUM;0.1073;0.0110;0.0946;0.0002;2621;2606;0;436;0;0;120;436
2;CPLEX-MIP;cplex-mip;mip-e;lex-overtime;-;instance_30_15_4_7;INFEASIBLE;0.0074;0.0058;0.0008;0.0000;3567;3241;0;;;;;
2;CPLEX-MIP;cplex-mip;mip-e;lex-overtime;-;instance_30_15_4_8;INFEASIBLE;0.0068;0.0053;0.0007;0.0000;3104;2911;0;;;;;
2;CPLEX-MIP;cplex-mip;mip-e;lex-overtime;-;instance_30_15_4_9;OPTIMUM;0.1762;0.0106;0.1639;0.0001;2364;2352;0;386;1;0;120;385
2;CPLEX-MIP;cplex-mip;mip-e;lex-overtime;-;instance_40_25_5_1;OPTIMUM;0.4617;0.0304;0.4269;0.0003;7806;6177;0;777;0;0;200;777
2;CPLEX-MIP;cplex-mip;mip-e;lex-overtime;-;instance_40_25_5_10;OPTIMUM;0.4527;0.0357;0.4123;0.0003;9156;7352;0;765;0;0;200;765
2;CPLEX-MIP;cplex-mip;mip-e;lex-overtime;-;instance_40_25_5_11;OPTIMUM;0.5057;0.0330;0.4676;0.0003;8366;6741;0;783;0;0;200;783
2;CPLEX-MIP;cplex-mip;mip-e;lex-overtime;-;instance_40_25_5_12;OPTIMUM;0.5780;0.0307;0.5431;0.0003;7935;6437;0;778;0;0;200;778
2;CPLEX-MIP;cplex-mip;mip-e;lex-overtime;-;instance_40_25_5_13;OPTIMUM;0.5325;0.0310;0.4974;0.0003;8187;6772;0;783;0;0;200;783
2;CPLEX-MIP;cplex-mip;mip-e;lex-overtime;-;instance_40_25_5_14;OPTIMUM;0.4660;0.0355;0.4256;0.0003;9031;7290;0;781;0;0;200;781
2;CPLEX-MIP;cplex-mip;mip-e;lex-overtime;-;instance_40_25_5_15;OPTIMUM;0.4346;0.0315;0.3988;0.0003;7991;6437;0;710;0;0;200;710
2;CPLEX-MIP;cplex-mip;mip-e;lex-overtime;-;instance_40_25_5_16;OPTIMUM;0.4714;0.0280;0.4397;0.0003;7425;6080;0;753;1;0;200;752
2;CPLEX-MIP;cplex-mip;mip-e;lex-overtime;-;instance_40_25_5_17;OPTIMUM;0.4363;0.0311;0.4008;0.0003;7867;6418;0;741;0;0;200;741
2;CPLEX-MIP;cplex-mip;mip-e;lex-overtime;-;instance_40_25_5_18;OPTIMUM;0.4107;0.0321;0.3743;0.0003;8262;6693;0;782;0;0;200;782
2;CPLEX-MIP;cplex-mip;mip-e;lex-overtime;-;instance_40_25_5_19;OPTIMUM;0.4448;0.0248;0.4166;0.0003;5910;5212;0;713;0;0;200;713
2;CPLEX-MIP;cplex-mip;mip-e;lex-overtime;-;instance_40_25_5_2;OPTIMUM;0.5418;0.0306;0.5072;0.0003;7933;6374;0;766;0;0;200;766
2;CPLEX-MIP;cplex-mip;mip-e;lex-overtime;-;instance_40_25_5_20;OPTIMUM;0.7459;0.0320;0.7089;0.0003;8180;6439;0;759;0;0;200;759
2;CPLEX-MIP;cplex-mip;mip-e;lex-overtime;-;instance_40_25_5_21;OPTIMUM;0.5027;0.0333;0.4649;0.0003;8490;6813;0;755;0;0;200;755
2;CPLEX-MIP;cplex-mip;mip-e;lex-overtime;-;instance_40_25_5_22;OPTIMUM;0.7154;0.0278;0.6837;0.0003;6757;5793;0;752;0;0;200;752
2;CPLEX-MIP;cplex-mip;mip-e;lex-overtime;-;instance_40_25_5_23;OPTIMUM;0.7176;0.0316;0.6816;0.0003;8030;6538;0;764;0;0;200;764
2;CPLEX-MIP;cplex-mip;mip-e;lex-overtime;-;instance_40_25_5_24;OPTIMUM;0.3255;0.0266;0.2953;0.0003;6415;5517;0;724;0;0;200;724
2;CPLEX-MIP;cplex-mip;mip-e;lex-overtime;-;instance_40_25_5_25;OPTIMUM;0.3779;0.0267;0.3474;0.0003;6367;5530;0;734;0;0;200;734
2;CPLEX-MIP;cplex-mip;mip-e;lex-overtime;-;instance_40_25_5_26;OPTIMUM;0.4651;0.0328;0.4278;0.0003;8367;6757;0;775;0;0;200;775
2;CPLEX-MIP;cplex-mip;mip-e;lex-overtime;-;instance_40_25_5_27;OPTIMUM;0.3896;0.0255;0.3606;0.0003;6288;5519;0;711;0;0;200;711
2;CPLEX-MIP;cplex-mip;mip-e;lex-overtime;-;instance_40_25_5_28;OPTIMUM;0.4345;0.0316;0.3986;0.0003;7869;6569;0;715;0;0;200;715
2;CPLEX-MIP;cplex-mip;mip-e;lex-overtime;-;instance_40_25_5_29;OPTIMUM;0.4802;0.0280;0.4481;0.0003;6686;5707;0;716;1;0;200;715
2;CPLEX-MIP;cplex-mip;mip-e;lex-overtime;-;instance_40_25_5_3;OPTIMUM;0.4929;0.0309;0.4579;0.0003;7655;6324;0;704;1;0;200;703
2;CPLEX-MIP;cplex-mip;mip-e;lex-overtime;-;instance_40_25_5_30;OPTIMUM;0.5104;0.0355;0.4701;0.0003;9104;7202;0;761;0;0;200;761
2;CPLEX-MIP;cplex-mip;mip-e;lex-overtime;-;instance_40_25_5_31;OPTIMUM;0.5679;0.0350;0.5280;0.0003;8936;7022;0;784;0;0;200;784
2;CPLEX-MIP;cplex-mip;mip-e;lex-overtime;-;instance_40_25_5_32;OPTIMUM;0.5381;0.0310;0.5028;0.0003;7826;6652;0;672;0;0;200;672
2;CPLEX-MIP;cplex-mip;mip-e;lex-overtime;-;instance_40_25_5_33;OPTIMUM;0.4541;0.0250;0.4255;0.0003;6418;5516;0;760;0;0;200;760
2;CPLEX-MIP;cplex-mip;mip-e;lex-overtime;-;instance_40_25_5_34;OPTIMUM;0.6371;0.0309;0.6019;0.0003;7980;6501;0;759;0;0;200;759
2;CPLEX-MIP;cplex-mip;mip-e;lex-overtime;-;instance_40_25_5_35;OPTIMUM;0.4628;0.0309;0.4278;0.0003;7728;6450;0;737;0;0;200;737
2;CPLEX-MIP;cplex-mip;mip-e;lex-overtime;-;instance_40_25_5_36;OPTIMUM;0.3917;0.0337;0.3534;0.0003;8531;6890;0;788;0;0;200;788
2;CPLEX-MIP;cplex-mip;mip-e;lex-overtime;-;instance_40_25_5_37;OPTIMUM;0.4495;0.0311;0.4140;0.0003;7699;6496;0;747;0;0;200;747
2;CPLEX-MIP;cplex-mip;mip-e;lex-overtime;-;instance_40_25_5_38;OPTIMUM;0.5043;0.0280;0.4726;0.0003;6726;5915;0;735;0;0;200;735
2;CPLEX-MIP;cplex-mip;mip-e;lex-overtime;-;instance_40_25_5_39;OPTIMUM;0.6120;0.0264;0.5818;0.0003;6492;5387;0;720;0;0;200;720
2;CPLEX-MIP;cplex-mip;mip-e;lex-overtime;-;instance_40_25_5_4;OPTIMUM;0.4373;0.0306;0.4024;0.0004;7698;6353;0;777;0;0;200;777
2;CPLEX-MIP;cplex-mip;mip-e;lex-overtime;-;instance_40_25_5_40;OPTIMUM;0.4515;0.0309;0.4166;0.0003;7792;6455;0;766;0;0;200;766
2;CPLEX-MIP;cplex-mip;mip-e;lex-overtime;-;instance_40_25_5_41;OPTIMUM;0.6011;0.0333;0.5632;0.0003;8669;6835;0;759;0;0;200;759
2;CPLEX-MIP;cplex-mip;mip-e;lex-overtime;-;instance_40_25_5_42;OPTIMUM;0.4452;0.0277;0.4137;0.0003;6886;5873;0;729;0;0;200;729
2;CPLEX-MIP;cplex-mip;mip-e;lex-overtime;-;instance_40_25_5_43;OPTIMUM;0.5638;0.0277;0.5325;0.0003;7248;5931;0;759;0;0;200;759
2;CPLEX-MIP;cplex-mip;mip-e;lex-overtime;-;instance_40_25_5_44;OPTIMUM;0.5249;0.0333;0.4870;0.0003;8468;6856;0;780;0;0;200;780
2;CPLEX-MIP;cplex-mip;mip-e;lex-overtime;-;instance_40_25_5_45;OPTIMUM;0.4453;0.0304;0.4108;0.0003;7993;6603;0;701;0;0;200;701
2;CPLEX-MIP;cplex-mip;mip-e;lex-overtime;-;instance_40_25_5_46;INFEASIBLE;0.0172;0.0141;0.0016;0.0000;8709;6987;0;;;;;
2;CPLEX-MIP;cplex-mip;mip-e;lex-overtime;-;instance_40_25_5_47;OPTIMUM;0.4523;0.0334;0.4146;0.0003;9002;7177;0;780;0;0;200;780
2;CPLEX-MIP;cplex-mip;mip-e;lex-overtime;-;instance_40_25_5_48;OPTIMUM;0.5054;0.0326;0.4684;0.0003;8403;6784;0;766;0;0;200;766
2;CPLEX-MIP;cplex-mip;mip-e;lex-overtime;-;instance_40_25_5_49;OPTIMUM;0.6449;0.0301;0.6105;0.0003;7358;6129;0;693;0;0;200;693
2;CPLEX-MIP;cplex-mip;mip-e;lex-overtime;-;instance_40_25_5_5;OPTIMUM;0.4635;0.0315;0.4276;0.0003;8268;6681;0;772;0;0;200;772
2;CPLEX-MIP;cplex-mip;mip-e;lex-overtime;-;instance_40_25_5_50;OPTIMUM;0.6262;0.0353;0.5863;0.0003;9009;7033;0;768;0;0;200;768
2;CPLEX-MIP;cplex-mip;mip-e;lex-overtime;-;instance_40_25_5_6;OPTIMUM;0.4251;0.0347;0.3856;0.0003;8737;7016;0;768;0;0;200;768
2;CPLEX-MIP;cplex-mip;mip-e;lex-overtime;-;instance_40_25_5_7;OPTIMUM;0.5111;0.0335;0.4731;0.0003;9134;7208;0;782;0;0;200;782
2;CPLEX-MIP;cplex-mip;mip-e;lex-overtime;-;instance_40_25_5_8;OPTIMUM;0.4463;0.0303;0.4119;0.0003;7559;6317;0;763;0;0;200;763
2;CPLEX-MIP;cplex-mip;mip-e;lex-overtime;-;instance_40_25_5_9;OPTIMUM;0.4679;0.0335;0.4298;0.0003;8465;6891;0;772;0;0;200;772
3;CPLEX-CP-T;cplex-cp;cp-t;lex-overtime;-;instance_30_15_4_1;TIMEOUT_FEASIBLE;300.0053;0.0034;299.9963;0.0001;2114;2952;1190;291;0;0;120;291
3;CPLEX-CP-T;cplex-cp;cp-t;lex-overtime;-;instance_30_15_4_10;TIMEOUT_FEASIBLE;299.9998;0.0033;299.9910;0.0001;2110;2944;437;292;0;0;120;292
3;CPLEX-CP-T;cplex-cp;cp-t;lex-overtime;-;instance_30_15_4_11;TIMEOUT_FEASIBLE;300.0105;0.0029;300.0027;0.0001;1941;2604;1688;303;0;0;120;303
3;CPLEX-CP-T;cplex-cp;cp-t;lex-overtime;-;instance_30_15_4_12;TIMEOUT_FEASIBLE;300.0018;0.0031;299.9937;0.0001;2046;2814;1263;310;0;0;120;310
3;CPLEX-CP-T;cplex-cp;cp-t;lex-overtime;-;instance_30_15_4_13;TIMEOUT_FEASIBLE;300.0110;0.0027;300.0035;0.0001;1921;2564;2239;304;3;0;120;301
3;CPLEX-CP-T;cplex-cp;cp-t;lex-overtime;-;instance_30_15_4_14;TIMEOUT_FEASIBLE;300.0015;0.0034;299.9926;0.0001;2144;3013;434;292;0;0;120;292
3;CPLEX-CP-T;cplex-cp;cp-t;lex-overtime;-;instance_30_15_4_15;TIMEOUT_FEASIBLE;300.0019;0.0032;299.9934;0.0001;2057;2839;1194;301;0;0;120;301
3;CPLEX-CP-T;cplex-cp;cp-t;lex-overtime;-;instance_30_15_4_16;TIMEOUT_FEASIBLE;300.0091;0.0031;300.0008;0.0001;2119;2961;1432;308;0;0;120;308
3;CPLEX-CP-T;cplex-cp;cp-t;lex-overtime;-;instance_30_15_4_17;TIMEOUT_FEASIBLE;300.0010;0.0033;299.9924;0.0001;2114;2954;796;295;0;0;120;295
3;CPLEX-CP-T;cplex-cp;cp-t;lex-overtime;-;instance_30_15_4_18;TIMEOUT_FEASIBLE;300.0087;0.0035;299.9998;0.0001;2108;2939;529;288;0;0;120;288
3;CPLEX-CP-T;cplex-cp;cp-t;lex-overtime;-;instance_30_15_4_19;TIMEOUT_FEASIBLE;300.0007;0.0030;299.9928;0.0001;1988;2700;1117;271;1;0;120;270
3;CPLEX-CP-T;cplex-cp;cp-t;lex-overtime;-;instance_30_15_4_2;TIMEOUT_FEASIBLE;300.0011;0.0032;299.9924;0.0001;2143;3010;315;274;0;0;120;274
3;CPLEX-CP-T;cplex-cp;cp-t;lex-overtime;-;instance_30_15_4_20;TIMEOUT_FEASIBLE;300.0022;0.0032;299.9934;0.0001;2179;3081;358;273;0;0;120;273
3;CPLEX-CP-T;cplex-cp;cp-t;lex-overtime;-;instance_30_15_4_21;INFEASIBLE;0.0012;0.0000;0.0000;0.0000;720;3;0;;;;;
3;CPLEX-CP-T;cplex-cp;cp-t;lex-overtime;-;instance_30_15_4_22;TIMEOUT_FEASIBLE;300.0041;0.0030;299.9961;0.0001;2041;2804;379;283;0;0;120;283
3;CPLEX-CP-T;cplex-cp;cp-t;lex-overtime;-;instance_30_15_4_23;TIMEOUT_FEASIBLE;300.0018;0.0032;299.9929;0.0001;2071;2865;467;296;0;0;120;296
3;CPLEX-CP-T;cplex-cp;cp-t;lex-overtime;-;instance_30_15_4_24;TIMEOUT_FEASIBLE;300.0012;0.0034;299.9921;0.0001;2152;3029;495;234;0;0;120;234
3;CPLEX-CP-T;cplex-cp;cp-t;lex-overtime;-;instance_30_15_4_25;TIMEOUT_FEASIBLE;300.0013;0.0031;299.9931;0.0001;2100;2925;350;310;0;0;120;310
3;CPLEX-CP-T;cplex-cp;cp-t;lex-overtime;-;instance_30_15_4_26;TIMEOUT_FEASIBLE;300.0014;0.0032;299.9929;0.0001;2052;2829;469;307;0;0;120;307
3;CPLEX-CP-T;cplex-cp;cp-t;lex-overtime;-;instance_30_15_4_27;TIMEOUT_FEASIBLE;300.0015;0.0032;299.9932;0.0001;2133;2991;1222;288;0;0;120;288
3;CPLEX-CP-T;cplex-cp;cp-t;lex-overtime;-;instance_30_15_4_28;TIMEOUT_FEASIBLE;300.0005;0.0033;299.9920;0.0001;2096;2912;419;291;0;0;120;291
3;CPLEX-CP-T;cplex-cp;cp-t;lex-overtime;-;instance_30_15_4_29;TIMEOUT_FEASIBLE;300.0016;0.0029;299.9938;0.0001;2021;2766;917;280;0;0;120;280
3;CPLEX-CP-T;cplex-cp;cp-t;lex-overtime;-;instance_30_15_4_3;TIMEOUT_FEASIBLE;300.0013;0.0034;299.9924;0.0001;2150;3024;479;285;0;0;120;285
3;CPLEX-CP-T;cplex-cp;cp-t;lex-overtime;-;instance_30_15_4_30;TIMEOUT_FEASIBLE;300.0005;0.0033;299.9919;0.0001;2119;2963;484;310;0;0;120;310
3;CPLEX-CP-T;cplex-cp;cp-t;lex-overtime;-;instance_30_15_4_31;TIMEOUT_FEASIBLE;300.0006;0.0033;299.9919;0.0001;2042;2809;476;292;0;0;120;292
3;CPLEX-CP-T;cplex-cp;cp-t;lex-overtime;-;instance_30_15_4_32;TIMEOUT_FEASIBLE;300.0014;0.0033;299.9929;0.0001;2073;2871;448;313;0;0;120;313
3;CPLEX-CP-T;cplex-cp;cp-t;lex-overtime;-;instance_30_15_4_33;TIMEOUT_FEASIBLE;300.0017;0.0033;299.9927;0.0001;2120;2965;628;280;0;0;120;280
3;CPLEX-CP-T;cplex-cp;cp-t;lex-overtime;-;instance_30_15_4_34;TIMEOUT_FEASIBLE;300.0012;0.0034;299.9923;0.0001;2144;3011;437;313;0;0;120;313
3;CPLEX-CP-T;cplex-cp;cp-t;lex-overtime;-;instance_30_15_4_35;INFEASIBLE;0.0015;0.0003;0.0000;0.0000;720;74;0;;;;;
3;CPLEX-CP-T;cplex-cp;cp-t;lex-overtime;-;instance_30_15_4_36;TIMEOUT_FEASIBLE;300.0043;0.0032;299.9960;0.0001;2002;2729;437;320;0;0;120;320
3;CPLEX-CP-T;cplex-cp;cp-t;lex-overtime;-;instance_30_15_4_37;TIMEOUT_FEASIBLE;300.0012;0.0034;299.9925;0.0001;2192;3107;1228;287;0;0;120;287
3;CPLEX-CP-T;cplex-cp;cp-t;lex-overtime;-;instance_30_15_4_38;TIMEOUT_FEASIBLE;300.0110;0.0032;300.0027;0.0001;2086;2895;1207;283;0;0;120;283
3;CPLEX-CP-T;cplex-cp;cp-t;lex-overtime;-;instance_30_15_4_39;TIMEOUT_FEASIBLE;300.0007;0.0032;299.9920;0.0001;2056;2837;466;283;0;0;120;283
3;CPLEX-CP-T;cplex-cp;cp-t;lex-overtime;-;instance_30_15_4_4;TIMEOUT_FEASIBLE;300.0116;0.0035;300.0027;0.0001;2226;3176;532;304;0;0;120;304
3;CPLEX-CP-T;cplex-cp;cp-t;lex-overtime;-;instance_30_15_4_40;TIMEOUT_FEASIBLE;300.0009;0.0032;299.9921;0.0001;2087;2895;405;259;0;0;120;259
3;CPLEX-CP-T;cplex-cp;cp-t;lex-overtime;-;instance_30_15_4_41;TIMEOUT_FEASIBLE;300.0014;0.0036;299.9918;0.0001;2128;2979;548;325;0;0;120;325
3;CPLEX-CP-T;cplex-cp;cp-t;lex-overtime;-;instance_30_15_4_42;TIMEOUT_FEASIBLE;300.0005;0.0033;299.9916;0.0001;2098;2921;1238;246;0;0;120;246
3;CPLEX-CP-T;cplex-cp;cp-t;lex-overtime;-;instance_30_15_4_43;TIMEOUT_FEASIBLE;300.0004;0.0032;299.9918;0.0001;2047;2818;438;259;0;0;120;259
3;CPLEX-CP-T;cplex-cp;cp-t;lex-overtime;-;instance_30_15_4_44;INFEASIBLE;0.0011;0.0000;0.0000;0.0000;720;8;0;;;;;
3;CPLEX-CP-T;cplex-cp;cp-t;lex-overtime;-;instance_30_15_4_45;TIMEOUT_FEASIBLE;300.0049;0.0033;299.9963;0.0001;2134;2990;479;249;0;0;120;249
3;CPLEX-CP-T;cplex-cp;cp-t;lex-overtime;-;instance_30_15_4_46;TIMEOUT_FEASIBLE;300.0028;0.0033;299.9943;0.0001;2123;2969;496;292;0;0;120;292
3;CPLEX-CP-T;cplex-cp;cp-t;lex-overtime;-;instance_30_15_4_47;TIMEOUT_FEASIBLE;300.0009;0.0033;299.9923;0.0001;2189;3102;1258;344;1;0;120;343
3;CPLEX-CP-T;cplex-cp;cp-t;lex-overtime;-;instance_30_15_4_48;TIMEOUT_FEASIBLE;300.0005;0.0031;299.9921;0.0001;2024;2770;430;264;0;0;120;264
3;CPLEX-CP-T;cplex-cp;cp-t;lex-overtime;-;instance_30_15_4_49;TIMEOUT_FEASIBLE;300.0011;0.0031;299.9928;0.0001;2005;2735;420;282;0;0;120;282
3;CPLEX-CP-T;cplex-cp;cp-t;lex-overtime;-;instance_30_15_4_5;TIMEOUT_FEASIBLE;300.0008;0.0030;299.9928;0.0001;1977;2677;396;297;1;0;120;296
3;CPLEX-CP-T;cplex-cp;cp-t;lex-overtime;-;instance_30_15_4_50;TIMEOUT_FEASIBLE;300.0110;0.0029;300.0031;0.0001;1952;2629;320;295;7;0;120;288
3;CPLEX-CP-T;cplex-cp;cp-t;lex-overtime;-;instance_30_15_4_6;TIMEOUT_FEASIBLE;300.0011;0.0033;299.9925;0.0001;2146;3017;372;311;0;0;120;311
3;CPLEX-CP-T;cplex-cp;cp-t;lex-overtime;-;instance_30_15_4_7;INFEASIBLE;0.0015;0.0003;0.0000;0.0000;720;55;0;;;;;
3;CPLEX-CP-T;cplex-cp;cp-t;lex-overtime;-;instance_30_15_4_8;INFEASIBLE;0.0011;0.0000;0.0000;0.0000;720;5;0;;;;;
3;CPLEX-CP-T;cplex-cp;cp-t;lex-overtime;-;instance_30_15_4_9;TIMEOUT_FEASIBLE;299.9978;0.0029;299.9902;0.0001;1983;2691;763;320;1;0;120;319
3;CPLEX-CP-T;cplex-cp;cp-t;lex-overtime;-;instance_40_25_5_1;TIMEOUT_FEASIBLE;300.0040;0.0079;299.9864;0.0001;4493;6851;986;449;0;0;200;449
3;CPLEX-CP-T;cplex-cp;cp-t;lex-overtime;-;instance_40_25_5_10;TIMEOUT_FEASIBLE;300.0008;0.0080;299.9820;0.0001;4416;6695;1219;511;0;0;200;511
3;CPLEX-CP-T;cplex-cp;cp-t;lex-overtime;-;instance_40_25_5_11;TIMEOUT_FEASIBLE;299.9999;0.0079;299.9824;0.0001;4565;6996;2096;501;0;0;200;501
3;CPLEX-CP-T;cplex-cp;cp-t;lex-overtime;-;instance_40_25_5_12;TIMEOUT_FEASIBLE;300.0099;0.0077;299.9924;0.0001;4417;6696;2078;520;0;0;200;520
3;CPLEX-CP-T;cplex-cp;cp-t;lex-overtime;-;instance_40_25_5_13;TIMEOUT_FEASIBLE;300.0091;0.0082;299.9908;0.0001;4675;7216;1140;479;0;0;200;479
3;CPLEX-CP-T;cplex-cp;cp-t;lex-overtime;-;instance_40_25_5_14;TIMEOUT_FEASIBLE;300.0115;0.0085;299.9913;0.0001;4826;7517;1283;516;0;0;200;516
3;CPLEX-CP-T;cplex-cp;cp-t;lex-overtime;-;instance_40_25_5_15;TIMEOUT_FEASIBLE;300.0043;0.0078;299.9870;0.0001;4527;6920;2407;475;0;0;200;475
3;CPLEX-CP-T;cplex-cp;cp-t;lex-overtime;-;instance_40_25_5_16;TIMEOUT_FEASIBLE;299.9999;0.0078;299.9817;0.0001;4604;7072;1049;455;1;0;200;454
3;CPLEX-CP-T;cplex-cp;cp-t;lex-overtime;-;instance_40_25_5_17;TIMEOUT_FEASIBLE;300.0096;0.0079;299.9919;0.0001;4530;6925;2143;455;0;0;200;455
3;CPLEX-CP-T;cplex-cp;cp-t;lex-overtime;-;instance_40_25_5_18;TIMEOUT_FEASIBLE;300.0107;0.0077;299.9924;0.0001;4499;6863;1227;535;0;0;200;535
3;CPLEX-CP-T;cplex-cp;cp-t;lex-overtime;-;instance_40_25_5_19;TIMEOUT_FEASIBLE;299.9984;0.0073;299.9812;0.0001;4527;6920;853;461;0;0;200;461
3;CPLEX-CP-T;cplex-cp;cp-t;lex-overtime;-;instance_40_25_5_2;TIMEOUT_FEASIBLE;300.0010;0.0079;299.9825;0.0001;4443;6751;1097;514;0;0;200;514
3;CPLEX-CP-T;cplex-cp;cp-t;lex-overtime;-;instance_40_25_5_20;TIMEOUT_FEASIBLE;300.0111;0.0075;299.9932;0.0001;4251;6367;1043;487;0;0;200;487
3;CPLEX-CP-T;cplex-cp;cp-t;lex-overtime;-;instance_40_25_5_21;TIMEOUT_FEASIBLE;300.0005;0.0080;299.9821;0.0001;4607;7079;1130;529;0;0;200;529
3;CPLEX-CP-T;cplex-cp;cp-t;lex-overtime;-;instance_40_25_5_22;TIMEOUT_FEASIBLE;299.9991;0.0074;299.9825;0.0001;4447;6760;910;492;0;0;200;492
3;CPLEX-CP-T;cplex-cp;cp-t;lex-overtime;-;instance_40_25_5_23;TIMEOUT_FEASIBLE;300.0099;0.0077;299.9925;0.0001;4411;6687;2210;478;0;0;200;478
3;CPLEX-CP-T;cplex-cp;cp-t;lex-overtime;-;instance_40_25_5_24;TIMEOUT_FEASIBLE;300.0099;0.0077;299.9919;0.0001;4580;7025;912;495;0;0;200;495
3;CPLEX-CP-T;cplex-cp;cp-t;lex-overtime;-;instance_40_25_5_25;TIMEOUT_FEASIBLE;299.9999;0.0075;299.9832;0.0001;4580;7025;960;489;0;0;200;489
3;CPLEX-CP-T;cplex-cp;cp-t;lex-overtime;-;instance_40_25_5_26;TIMEOUT_FEASIBLE;300.0015;0.0080;299.9821;0.0001;4536;6938;2156;479;0;0;200;479
3;CPLEX-CP-T;cplex-cp;cp-t;lex-overtime;-;instance_40_25_5_27;TIMEOUT_FEASIBLE;299.9991;0.0074;299.9827;0.0001;4481;6827;945;481;0;0;200;481
3;CPLEX-CP-T;cplex-cp;cp-t;lex-overtime;-;instance_40_25_5_28;TIMEOUT_FEASIBLE;299.9993;0.0079;299.9820;0.0001;4603;7072;2287;463;0;0;200;463
3;CPLEX-CP-T;cplex-cp;cp-t;lex-overtime;-;instance_40_25_5_29;TIMEOUT_FEASIBLE;300.0081;0.0078;299.9913;0.0001;4611;7088;964;502;1;0;200;501
3;CPLEX-CP-T;cplex-cp;cp-t;lex-overtime;-;instance_40_25_5_3;TIMEOUT_FEASIBLE;300.0104;0.0078;299.9930;0.0001;4515;6893;4117;469;1;0;200;468
3;CPLEX-CP-T;cplex-cp;cp-t;lex-overtime;-;instance_40_25_5_30;TIMEOUT_FEASIBLE;300.0019;0.0081;299.9827;0.0001;4536;6937;1255;413;0;0;200;413
3;CPLEX-CP-T;cplex-cp;cp-t;lex-overtime;-;instance_40_25_5_31;TIMEOUT_FEASIBLE;300.0000;0.0081;299.9821;0.0001;4627;7117;2360;431;0;0;200;431
3;CPLEX-CP-T;cplex-cp;cp-t;lex-overtime;-;instance_40_25_5_32;TIMEOUT_FEASIBLE;300.0010;0.0078;299.9827;0.0001;4628;7121;2126;425;0;0;200;425
3;CPLEX-CP-T;cplex-cp;cp-t;lex-overtime;-;instance_40_25_5_33;TIMEOUT_FEASIBLE;300.0092;0.0073;299.9925;0.0001;4319;6503;2056;482;0;0;200;482
3;CPLEX-CP-T;cplex-cp;cp-t;lex-overtime;-;instance_40_25_5_34;TIMEOUT_FEASIBLE;300.0006;0.0076;299.9829;0.0001;4384;6632;1044;517;0;0;200;517
3;CPLEX-CP-T;cplex-cp;cp-t;lex-overtime;-;instance_40_25_5_35;TIMEOUT_FEASIBLE;300.0000;0.0075;299.9834;0.0001;4359;6583;2065;512;0;0;200;512
3;CPLEX-CP-T;cplex-cp;cp-t;lex-overtime;-;instance_40_25_5_36;TIMEOUT_FEASIBLE;300.0116;0.0082;299.9928;0.0001;4709;7281;1128;489;0;0;200;489
3;CPLEX-CP-T;cplex-cp;cp-t;lex-overtime;-;instance_40_25_5_37;TIMEOUT_FEASIBLE;300.0109;0.0079;299.9929;0.0001;4637;7139;2304;432;0;0;200;432
3;CPLEX-CP-T;cplex-cp;cp-t;lex-overtime;-;instance_40_25_5_38;TIMEOUT_FEASIBLE;300.0002;0.0071;299.9838;0.0001;4328;6520;2714;482;0;0;200;482
3;CPLEX-CP-T;cplex-cp;cp-t;lex-overtime;-;instance_40_25_5_39;TIMEOUT_FEASIBLE;300.0108;0.0074;299.9935;0.0001;4448;6762;2135;428;0;0;200;428
3;CPLEX-CP-T;cplex-cp;cp-t;lex-overtime;-;instance_40_25_5_4;TIMEOUT_FEASIBLE;300.0007;0.0077;299.9832;0.0001;4522;6909;1099;467;0;0;200;467
3;CPLEX-CP-T;cplex-cp;cp-t;lex-overtime;-;instance_40_25_5_40;TIMEOUT_FEASIBLE;300.0106;0.0081;299.9921;0.0001;4717;7298;1110;495;0;0;200;495
3;CPLEX-CP-T;cplex-cp;cp-t;lex-overtime;-;instance_40_25_5_41;TIMEOUT_FEASIBLE;300.0002;0.0078;299.9815;0.0001;4330;6525;1086;512;0;0;200;512
3;CPLEX-CP-T;cplex-cp;cp-t;lex-overtime;-;instance_40_25_5_42;TIMEOUT_FEASIBLE;300.0101;0.0076;299.9923;0.0001;4543;6948;943;513;0;0;200;513
3;CPLEX-CP-T;cplex-cp;cp-t;lex-overtime;-;instance_40_25_5_43;TIMEOUT_FEASIBLE;300.0001;0.0073;299.9830;0.0001;4299;6460;1026;450;0;0;200;450
3;CPLEX-CP-T;cplex-cp;cp-t;lex-overtime;-;instance_40_25_5_44;TIMEOUT_FEASIBLE;300.0015;0.0080;299.9826;0.0001;4516;6898;1110;436;0;0;200;436
3;CPLEX-CP-T;cplex-cp;cp-t;lex-overtime;-;instance_40_25_5_45;TIMEOUT_FEASIBLE;300.0102;0.0082;299.9915;0.0001;4617;7099;1126;512;0;0;200;512
3;CPLEX-CP-T;cplex-cp;cp-t;lex-overtime;-;instance_40_25_5_46;INFEASIBLE;0.0016;0.0002;0.0000;0.0000;1200;32;0;;;;;
3;CPLEX-CP-T;cplex-cp;cp-t;lex-overtime;-;instance_40_25_5_47;TIMEOUT_FEASIBLE;300.0133;0.0078;299.9956;0.0001;4400;6664;1207;458;0;0;200;458
3;CPLEX-CP-T;cplex-cp;cp-t;lex-overtime;-;instance_40_25_5_48;TIMEOUT_FEASIBLE;300.0096;0.0082;299.9914;0.0001;4646;7156;1131;514;0;0;200;514
3;CPLEX-CP-T;cplex-cp;cp-t;lex-overtime;-;instance_40_25_5_49;TIMEOUT_FEASIBLE;300.0100;0.0076;299.9919;0.0001;4459;6783;9190;496;0;0;200;496
3;CPLEX-CP-T;cplex-cp;cp-t;lex-overtime;-;instance_40_25_5_5;TIMEOUT_FEASIBLE;300.0106;0.0081;299.9924;0.0001;4537;6938;1147;441;0;0;200;441
3;CPLEX-CP-T;cplex-cp;cp-t;lex-overtime;-;instance_40_25_5_50;TIMEOUT_FEASIBLE;300.0090;0.0079;299.9915;0.0001;4324;6513;1190;440;0;0;200;440
3;CPLEX-CP-T;cplex-cp;cp-t;lex-overtime;-;instance_40_25_5_6;TIMEOUT_FEASIBLE;300.0103;0.0080;299.9915;0.0001;4451;6765;1181;418;0;0;200;418
3;CPLEX-CP-T;cplex-cp;cp-t;lex-overtime;-;instance_40_25_5_7;TIMEOUT_FEASIBLE;300.0005;0.0082;299.9819;0.0001;4403;6671;1162;440;0;0;200;440
3;CPLEX-CP-T;cplex-cp;cp-t;lex-overtime;-;instance_40_25_5_8;TIMEOUT_FEASIBLE;299.9990;0.0079;299.9812;0.0001;4602;7070;1046;522;0;0;200;522
3;CPLEX-CP-T;cplex-cp;cp-t;lex-overtime;-;instance_40_25_5_9;TIMEOUT_FEASIBLE;300.0112;0.0082;299.9922;0.0001;4632;7130;1153;411;0;0;200;411
4;CPLEX-CP-I;cplex-cp;cp-i;lex-overtime;-;instance_30_15_4_1;TIMEOUT_FEASIBLE;300.0053;0.0058;299.9948;0.0001;1430;2153;594;272;0;0;120;272
4;CPLEX-CP-I;cplex-cp;cp-i;lex-overtime;-;instance_30_15_4_10;TIMEOUT_FEASIBLE;300.0006;0.0052;299.9910;0.0001;1268;1920;693;297;0;0;120;297
4;CPLEX-CP-I;cplex-cp;cp-i;lex-overtime;-;instance_30_15_4_11;TIMEOUT_FEASIBLE;300.0099;0.0045;300.0013;0.0001;1088;1621;384;313;0;0;120;313
4;CPLEX-CP-I;cplex-cp;cp-i;lex-overtime;-;instance_30_15_4_12;TIMEOUT_FEASIBLE;300.0002;0.0047;299.9912;0.0001;1181;1781;429;314;0;0;120;314
4;CPLEX-CP-I;cplex-cp;cp-i;lex-overtime;-;instance_30_15_4_13;TIMEOUT_FEASIBLE;300.0001;0.0040;299.9921;0.0001;976;1461;482;318;3;0;120;315
4;CPLEX-CP-I;cplex-cp;cp-i;lex-overtime;-;instance_30_15_4_14;TIMEOUT_FEASIBLE;300.0105;0.0053;300.0006;0.0001;1339;2042;497;278;0;0;120;278
4;CPLEX-CP-I;cplex-cp;cp-i;lex-overtime;-;instance_30_15_4_15;TIMEOUT_FEASIBLE;300.0007;0.0055;299.9905;0.0001;1372;2057;547;318;0;0;120;318
4;CPLEX-CP-I;cplex-cp;cp-i;lex-overtime;-;instance_30_15_4_16;TIMEOUT_FEASIBLE;300.0021;0.0044;299.9937;0.0001;1050;1624;568;303;0;0;120;303
4;CPLEX-CP-I;cplex-cp;cp-i;lex-overtime;-;instance_30_15_4_17;TIMEOUT_FEASIBLE;299.9993;0.0053;299.9896;0.0001;1219;1858;448;291;0;0;120;291
4;CPLEX-CP-I;cplex-cp;cp-i;lex-overtime;-;instance_30_15_4_18;TIMEOUT_FEASIBLE;300.0015;0.0058;299.9906;0.0001;1553;2311;637;301;0;0;120;301
4;CPLEX-CP-I;cplex-cp;cp-i;lex-overtime;-;instance_30_15_4_19;TIMEOUT_FEASIBLE;300.0142;0.0044;300.0058;0.0001;1088;1637;415;302;1;0;120;301
4;CPLEX-CP-I;cplex-cp;cp-i;lex-overtime;-;instance_30_15_4_2;TIMEOUT_FEASIBLE;300.0067;0.0043;299.9985;0.0001;977;1505;292;298;0;0;120;298
4;CPLEX-CP-I;cplex-cp;cp-i;lex-overtime;-;instance_30_15_4_20;TIMEOUT_FEASIBLE;300.0010;0.0046;299.9922;0.0001;1095;1678;391;304;0;0;120;304
4;CPLEX-CP-I;cplex-cp;cp-i;lex-overtime;-;instance_30_15_4_21;INFEASIBLE;0.0012;0.0001;0.0000;0.0000;19;18;0;;;;;
4;CPLEX-CP-I;cplex-cp;cp-i;lex-overtime;-;instance_30_15_4_22;TIMEOUT_FEASIBLE;300.0055;0.0050;299.9962;0.0001;1170;1765;446;315;0;0;120;315
4;CPLEX-CP-I;cplex-cp;cp-i;lex-overtime;-;instance_30_15_4_23;TIMEOUT_FEASIBLE;299.9997;0.0053;299.9898;0.0001;1385;2084;536;332;0;0;120;332
4;CPLEX-CP-I;cplex-cp;cp-i;lex-overtime;-;instance_30_15_4_24;TIMEOUT_FEASIBLE;300.0006;0.0055;299.9905;0.0001;1423;2140;548;316;0;0;120;316
4;CPLEX-CP-I;cplex-cp;cp-i;lex-overtime;-;instance_30_15_4_25;TIMEOUT_FEASIBLE;300.0011;0.0043;299.9928;0.0001;1015;1549;1424;314;0;0;120;314
4;CPLEX-CP-I;cplex-cp;cp-i;lex-overtime;-;instance_30_15_4_26;TIMEOUT_FEASIBLE;300.0050;0.0055;299.9948;0.0001;1331;1999;523;317;0;0;120;317
4;CPLEX-CP-I;cplex-cp;cp-i;lex-overtime;-;instance_30_15_4_27;TIMEOUT_FEASIBLE;299.9965;0.0054;299.9865;0.0001;1240;1895;665;314;0;0;120;314
4;CPLEX-CP-I;cplex-cp;cp-i;lex-overtime;-;instance_30_15_4_28;TIMEOUT_FEASIBLE;300.0016;0.0053;299.9918;0.0001;1341;2027;695;292;0;0;120;292
4;CPLEX-CP-I;cplex-cp;cp-i;lex-overtime;-;instance_30_15_4_29;TIMEOUT_FEASIBLE;300.0003;0.0038;299.9928;0.0001;925;1407;303;296;0;0;120;296
4;CPLEX-CP-I;cplex-cp;cp-i;lex-overtime;-;instance_30_15_4_3;TIMEOUT_FEASIBLE;300.0014;0.0053;299.9916;0.0001;1401;2126;534;293;0;0;120;293
4;CPLEX-CP-I;cplex-cp;cp-i;lex-overtime;-;instance_30_15_4_30;TIMEOUT_FEASIBLE;300.0012;0.0055;299.9911;0.0001;1411;2129;576;307;0;0;120;307
4;CPLEX-CP-I;cplex-cp;cp-i;lex-overtime;-;instance_30_15_4_31;TIMEOUT_FEASIBLE;300.0044;0.0052;299.9944;0.0001;1389;2057;584;295;0;0;120;295
4;CPLEX-CP-I;cplex-cp;cp-i;lex-overtime;-;instance_30_15_4_32;TIMEOUT_FEASIBLE;299.9960;0.0054;299.9861;0.0001;1246;1854;507;326;0;0;120;326
4;CPLEX-CP-I;cplex-cp;cp-i;lex-overtime;-;instance_30_15_4_33;TIMEOUT_FEASIBLE;300.0015;0.0053;299.9917;0.0001;1359;2036;504;286;0;0;120;286
4;CPLEX-CP-I;cplex-cp;cp-i;lex-overtime;-;instance_30_15_4_34;TIMEOUT_FEASIBLE;300.0005;0.0055;299.9903;0.0001;1356;2048;518;323;0;0;120;323
4;CPLEX-CP-I;cplex-cp;cp-i;lex-overtime;-;instance_30_15_4_35;INFEASIBLE;0.0024;0.0013;0.0000;0.0000;405;404;0;;;;;
4;CPLEX-CP-I;cplex-cp;cp-i;lex-overtime;-;instance_30_15_4_36;TIMEOUT_FEASIBLE;300.0015;0.0051;299.9921;0.0001;1301;1935;556;298;0;0;120;298
4;CPLEX-CP-I;cplex-cp;cp-i;lex-overtime;-;instance_30_15_4_37;TIMEOUT_FEASIBLE;300.0009;0.0051;299.9914;0.0001;1286;1980;450;261;0;0;120;261
4;CPLEX-CP-I;cplex-cp;cp-i;lex-overtime;-;instance_30_15_4_38;TIMEOUT_FEASIBLE;300.0006;0.0049;299.9912;0.0001;1246;1906;434;300;0;0;120;300
4;CPLEX-CP-I;cplex-cp;cp-i;lex-overtime;-;instance_30_15_4_39;TIMEOUT_FEASIBLE;300.0012;0.0056;299.9908;0.0001;1398;2093;537;334;0;0;120;334
4;CPLEX-CP-I;cplex-cp;cp-i;lex-overtime;-;instance_30_15_4_4;TIMEOUT_FEASIBLE;300.0007;0.0063;299.9892;0.0001;1583;2422;603;304;0;0;120;304
4;CPLEX-CP-I;cplex-cp;cp-i;lex-overtime;-;instance_30_15_4_40;TIMEOUT_FEASIBLE;300.0001;0.0059;299.9895;0.0001;1316;2005;482;339;0;0;120;339
4;CPLEX-CP-I;cplex-cp;cp-i;lex-overtime;-;instance_30_15_4_41;TIMEOUT_FEASIBLE;300.0021;0.0067;299.9901;0.0001;1630;2408;725;299;0;0;120;299
4;CPLEX-CP-I;cplex-cp;cp-i;lex-overtime;-;instance_30_15_4_42;TIMEOUT_FEASIBLE;299.9995;0.0058;299.9890;0.0001;1445;2156;578;299;0;0;120;299
4;CPLEX-CP-I;cplex-cp;cp-i;lex-overtime;-;instance_30_15_4_43;TIMEOUT_FEASIBLE;300.0011;0.0050;299.9917;0.0001;1270;1891;486;303;0;0;120;303
4;CPLEX-CP-I;cplex-cp;cp-i;lex-overtime;-;instance_30_15_4_44;INFEASIBLE;0.0013;0.0002;0.0000;0.0000;48;47;0;;;;;
4;CPLEX-CP-I;cplex-cp;cp-i;lex-overtime;-;instance_30_15_4_45;TIMEOUT_FEASIBLE;299.9939;0.0057;299.9834;0.0001;1447;2172;566;311;0;0;120;311
4;CPLEX-CP-I;cplex-cp;cp-i;lex-overtime;-;instance_30_15_4_46;TIMEOUT_FEASIBLE;300.0011;0.0056;299.9907;0.0001;1482;2227;569;312;0;0;120;312
4;CPLEX-CP-I;cplex-cp;cp-i;lex-overtime;-;instance_30_15_4_47;TIMEOUT_FEASIBLE;300.0101;0.0048;300.0011;0.0001;1230;1894;418;331;1;0;120;330
4;CPLEX-CP-I;cplex-cp;cp-i;lex-overtime;-;instance_30_15_4_48;TIMEOUT_FEASIBLE;300.0020;0.0052;299.9924;0.0001;1250;1889;467;282;0;0;120;282
4;CPLEX-CP-I;cplex-cp;cp-i;lex-overtime;-;instance_30_15_4_49;TIMEOUT_FEASIBLE;299.9999;0.0046;299.9911;0.0001;1242;1852;464;305;0;0;120;305
4;CPLEX-CP-I;cplex-cp;cp-i;lex-overtime;-;instance_30_15_4_5;TIMEOUT_FEASIBLE;300.0014;0.0047;299.9925;0.0001;1163;1743;417;296;1;0;120;295
4;CPLEX-CP-I;cplex-cp;cp-i;lex-overtime;-;instance_30_15_4_50;TIMEOUT_FEASIBLE;300.0012;0.0042;299.9931;0.0001;1018;1538;366;297;7;0;120;290
4;CPLEX-CP-I;cplex-cp;cp-i;lex-overtime;-;instance_30_15_4_6;TIMEOUT_FEASIBLE;300.0009;0.0048;299.9919;0.0001;1157;1769;420;308;0;0;120;308
4;CPLEX-CP-I;cplex-cp;cp-i;lex-overtime;-;instance_30_15_4_7;INFEASIBLE;0.0020;0.0009;0.0000;0.0000;366;365;0;;;;;
4;CPLEX-CP-I;cplex-cp;cp-i;lex-overtime;-;instance_30_15_4_8;INFEASIBLE;0.0012;0.0001;0.0000;0.0000;31;30;0;;;;;
4;CPLEX-CP-I;cplex-cp;cp-i;lex-overtime;-;instance_30_15_4_9;TIMEOUT_FEASIBLE;300.0064;0.0046;299.9978;0.0001;1054;1603;475;322;1;0;120;321
4;CPLEX-CP-I;cplex-cp;cp-i;lex-overtime;-;instance_40_25_5_1;TIMEOUT_FEASIBLE;300.0035;0.0141;299.9815;0.0001;2924;4256;1336;467;0;0;200;467
4;CPLEX-CP-I;cplex-cp;cp-i;lex-overtime;-;instance_40_25_5_10;TIMEOUT_FEASIBLE;300.0007;0.0158;299.9753;0.0001;3577;5138;1623;480;0;0;200;480
4;CPLEX-CP-I;cplex-cp;cp-i;lex-overtime;-;instance_40_25_5_11;TIMEOUT_FEASIBLE;300.0096;0.0150;299.9853;0.0002;3242;4737;1428;559;0;0;200;559
4;CPLEX-CP-I;cplex-cp;cp-i;lex-overtime;-;instance_40_25_5_12;TIMEOUT_FEASIBLE;299.9989;0.0141;299.9767;0.0001;3081;4452;1398;461;0;0;200;461
4;CPLEX-CP-I;cplex-cp;cp-i;lex-overtime;-;instance_40_25_5_13;TIMEOUT_FEASIBLE;299.9997;0.0146;299.9763;0.0001;3307;4840;1402;496;0;0;200;496
4;CPLEX-CP-I;cplex-cp;cp-i;lex-overtime;-;instance_40_25_5_14;TIMEOUT_FEASIBLE;300.0095;0.0157;299.9842;0.0001;3615;5299;1618;526;0;0;200;526
4;CPLEX-CP-I;cplex-cp;cp-i;lex-overtime;-;instance_40_25_5_15;TIMEOUT_FEASIBLE;300.0383;0.0141;300.0160;0.0001;3045;4478;1272;510;0;0;200;510
4;CPLEX-CP-I;cplex-cp;cp-i;lex-overtime;-;instance_40_25_5_16;TIMEOUT_FEASIBLE;299.9981;0.0129;299.9772;0.0004;2949;4329;1174;474;1;0;200;473
4;CPLEX-CP-I;cplex-cp;cp-i;lex-overtime;-;instance_40_25_5_17;TIMEOUT_FEASIBLE;300.0100;0.0142;299.9874;0.0001;3083;4481;1304;550;0;0;200;550
4;CPLEX-CP-I;cplex-cp;cp-i;lex-overtime;-;instance_40_25_5_18;TIMEOUT_FEASIBLE;299.9994;0.0142;299.9769;0.0001;3222;4692;1370;456;0;0;200;456
4;CPLEX-CP-I;cplex-cp;cp-i;lex-overtime;-;instance_40_25_5_19;TIMEOUT_FEASIBLE;300.0079;0.0117;299.9894;0.0001;2449;3616;899;494;0;0;200;494
4;CPLEX-CP-I;cplex-cp;cp-i;lex-overtime;-;instance_40_25_5_2;TIMEOUT_FEASIBLE;300.0007;0.0131;299.9794;0.0001;3080;4461;1318;479;0;0;200;479
4;CPLEX-CP-I;cplex-cp;cp-i;lex-overtime;-;instance_40_25_5_20;TIMEOUT_FEASIBLE;300.0102;0.0140;299.9879;0.0001;3091;4401;1752;529;0;0;200;529
4;CPLEX-CP-I;cplex-cp;cp-i;lex-overtime;-;instance_40_25_5_21;TIMEOUT_FEASIBLE;300.0064;0.0154;299.9813;0.0001;3280;4778;1279;493;0;0;200;493
4;CPLEX-CP-I;cplex-cp;cp-i;lex-overtime;-;instance_40_25_5_22;TIMEOUT_FEASIBLE;300.0074;0.0123;299.9876;0.0001;2721;4000;1123;491;0;0;200;491
4;CPLEX-CP-I;cplex-cp;cp-i;lex-overtime;-;instance_40_25_5_23;TIMEOUT_FEASIBLE;300.0109;0.0148;299.9870;0.0001;3154;4543;1421;474;0;0;200;474
4;CPLEX-CP-I;cplex-cp;cp-i;lex-overtime;-;instance_40_25_5_24;TIMEOUT_FEASIBLE;300.0064;0.0121;299.9867;0.0001;2599;3824;1371;535;0;0;200;535
4;CPLEX-CP-I;cplex-cp;cp-i;lex-overtime;-;instance_40_25_5_25;TIMEOUT_FEASIBLE;300.0008;0.0119;299.9815;0.0001;2636;3871;1108;512;0;0;200;512
4;CPLEX-CP-I;cplex-cp;cp-i;lex-overtime;-;instance_40_25_5_26;TIMEOUT_FEASIBLE;299.9989;0.0139;299.9761;0.0001;3262;4762;1444;539;0;0;200;539
4;CPLEX-CP-I;cplex-cp;cp-i;lex-overtime;-;instance_40_25_5_27;TIMEOUT_FEASIBLE;300.0024;0.0116;299.9835;0.0001;2621;3848;1061;484;0;0;200;484
4;CPLEX-CP-I;cplex-cp;cp-i;lex-overtime;-;instance_40_25_5_28;TIMEOUT_FEASIBLE;300.0049;0.0142;299.9826;0.0001;3173;4676;1374;530;0;0;200;530
4;CPLEX-CP-I;cplex-cp;cp-i;lex-overtime;-;instance_40_25_5_29;TIMEOUT_FEASIBLE;300.0079;0.0124;299.9884;0.0001;2759;4047;1152;490;1;0;200;489
4;CPLEX-CP-I;cplex-cp;cp-i;lex-overtime;-;instance_40_25_5_3;TIMEOUT_FEASIBLE;300.0110;0.0131;299.9898;0.0001;3073;4500;872;467;1;0;200;466
4;CPLEX-CP-I;cplex-cp;cp-i;lex-overtime;-;instance_40_25_5_30;TIMEOUT_FEASIBLE;300.0101;0.0156;299.9854;0.0001;3553;5143;1615;494;0;0;200;494
4;CPLEX-CP-I;cplex-cp;cp-i;lex-overtime;-;instance_40_25_5_31;TIMEOUT_FEASIBLE;300.0081;0.0154;299.9834;0.0001;3431;4979;1527;518;0;0;200;518
4;CPLEX-CP-I;cplex-cp;cp-i;lex-overtime;-;instance_40_25_5_32;TIMEOUT_FEASIBLE;300.0086;0.0138;299.9866;0.0001;3251;4793;1301;452;0;0;200;452
4;CPLEX-CP-I;cplex-cp;cp-i;lex-overtime;-;instance_40_25_5_33;TIMEOUT_FEASIBLE;299.9985;0.0118;299.9796;0.0001;2591;3776;1088;481;0;0;200;481
4;CPLEX-CP-I;cplex-cp;cp-i;lex-overtime;-;instance_40_25_5_34;TIMEOUT_FEASIBLE;300.0103;0.0142;299.9875;0.0001;3117;4480;1457;555;0;0;200;555
4;CPLEX-CP-I;cplex-cp;cp-i;lex-overtime;-;instance_40_25_5_35;TIMEOUT_FEASIBLE;299.9996;0.0138;299.9770;0.0001;3116;4531;1351;538;0;0;200;538
4;CPLEX-CP-I;cplex-cp;cp-i;lex-overtime;-;instance_40_25_5_36;TIMEOUT_FEASIBLE;300.0083;0.0149;299.9849;0.0001;3286;4821;1408;491;0;0;200;491
4;CPLEX-CP-I;cplex-cp;cp-i;lex-overtime;-;instance_40_25_5_37;TIMEOUT_FEASIBLE;300.0095;0.0140;299.9869;0.0001;3151;4633;1294;510;0;0;200;510
4;CPLEX-CP-I;cplex-cp;cp-i;lex-overtime;-;instance_40_25_5_38;TIMEOUT_FEASIBLE;299.9996;0.0124;299.9794;0.0001;2820;4116;1164;494;0;0;200;494
4;CPLEX-CP-I;cplex-cp;cp-i;lex-overtime;-;instance_40_25_5_39;TIMEOUT_FEASIBLE;300.0069;0.0120;299.9879;0.0001;2563;3767;995;463;0;0;200;463
4;CPLEX-CP-I;cplex-cp;cp-i;lex-overtime;-;instance_40_25_5_4;TIMEOUT_FEASIBLE;300.0105;0.0133;299.9893;0.0001;3083;4491;1317;551;0;0;200;551
4;CPLEX-CP-I;cplex-cp;cp-i;lex-overtime;-;instance_40_25_5_40;TIMEOUT_FEASIBLE;299.9997;0.0137;299.9776;0.0001;3076;4533;1287;461;0;0;200;461
4;CPLEX-CP-I;cplex-cp;cp-i;lex-overtime;-;instance_40_25_5_41;TIMEOUT_FEASIBLE;300.0100;0.0152;299.9853;0.0001;3241;4682;1434;521;0;0;200;521
4;CPLEX-CP-I;cplex-cp;cp-i;lex-overtime;-;instance_40_25_5_42;TIMEOUT_FEASIBLE;300.0081;0.0127;299.9879;0.0001;2735;4071;1099;493;0;0;200;493
4;CPLEX-CP-I;cplex-cp;cp-i;lex-overtime;-;instance_40_25_5_43;TIMEOUT_FEASIBLE;300.0070;0.0128;299.9863;0.0001;2839;4125;1182;492;0;0;200;492
4;CPLEX-CP-I;cplex-cp;cp-i;lex-overtime;-;instance_40_25_5_44;TIMEOUT_FEASIBLE;300.0097;0.0155;299.9851;0.0001;3287;4819;1422;532;0;0;200;532
4;CPLEX-CP-I;cplex-cp;cp-i;lex-overtime;-;instance_40_25_5_45;TIMEOUT_FEASIBLE;300.0099;0.0148;299.9863;0.0001;3187;4693;1158;504;0;0;200;504
4;CPLEX-CP-I;cplex-cp;cp-i;lex-overtime;-;instance_40_25_5_46;INFEASIBLE;0.0022;0.0009;0.0000;0.0000;317;316;0;;;;;
4;CPLEX-CP-I;cplex-cp;cp-i;lex-overtime;-;instance_40_25_5_47;TIMEOUT_FEASIBLE;300.0009;0.0152;299.9768;0.0001;3472;5028;1585;469;0;0;200;469
4;CPLEX-CP-I;cplex-cp;cp-i;lex-overtime;-;instance_40_25_5_48;TIMEOUT_FEASIBLE;300.0085;0.0145;299.9856;0.0001;3247;4793;1373;525;0;0;200;525
4;CPLEX-CP-I;cplex-cp;cp-i;lex-overtime;-;instance_40_25_5_49;TIMEOUT_FEASIBLE;300.0086;0.0129;299.9877;0.0001;2951;4331;1184;488;0;0;200;488
4;CPLEX-CP-I;cplex-cp;cp-i;lex-overtime;-;instance_40_25_5_5;TIMEOUT_FEASIBLE;299.9994;0.0137;299.9770;0.0001;3263;4745;1374;531;0;0;200;531
4;CPLEX-CP-I;cplex-cp;cp-i;lex-overtime;-;instance_40_25_5_50;TIMEOUT_FEASIBLE;300.0095;0.0145;299.9863;0.0001;3408;4851;1605;504;0;0;200;504
4;CPLEX-CP-I;cplex-cp;cp-i;lex-overtime;-;instance_40_25_5_6;TIMEOUT_FEASIBLE;300.0081;0.0147;299.9841;0.0001;3371;4895;1843;487;0;0;200;487
4;CPLEX-CP-I;cplex-cp;cp-i;lex-overtime;-;instance_40_25_5_7;TIMEOUT_FEASIBLE;300.0006;0.0158;299.9753;0.0001;3454;4982;1631;523;0;0;200;523
4;CPLEX-CP-I;cplex-cp;cp-i;lex-overtime;-;instance_40_25_5_8;TIMEOUT_FEASIBLE;300.0050;0.0134;299.9835;0.0001;3015;4436;1237;518;0;0;200;518
4;CPLEX-CP-I;cplex-cp;cp-i;lex-overtime;-;instance_40_25_5_9;TIMEOUT_FEASIBLE;300.0092;0.0151;299.9851;0.0001;3326;4872;1407;521;0;0;200;521
1;GUROBI-MIP;gurobi-mip;mip-e;epsilon;0;instance_30_15_4_1;OPTIMUM;0.4049;0.0184;0.1607;0.0002;3371;3079;1;451;8;0;120;443
1;GUROBI-MIP;gurobi-mip;mip-e;epsilon;0;instance_30_15_4_10;OPTIMUM;0.1526;0.0163;0.1332;0.0002;2858;2791;1;428;10;0;120;418
1;GUROBI-MIP;gurobi-mip;mip-e;epsilon;0;instance_30_15_4_11;OPTIMUM;0.1690;0.0145;0.1517;0.0002;2559;2447;1;415;4;1;120;410
1;GUROBI-MIP;gurobi-mip;mip-e;epsilon;0;instance_30_15_4_12;OPTIMUM;0.1640;0.0157;0.1455;0.0002;2802;2664;1;444;4;0;120;440
1;GUROBI-MIP;gurobi-mip;mip-e;epsilon;0;instance_30_15_4_13;OPTIMUM;0.1937;0.0131;0.1779;0.0002;2204;2192;1;389;6;0;120;383
1;GUROBI-MIP;gurobi-mip;mip-e;epsilon;0;instance_30_15_4_14;OPTIMUM;0.1637;0.0171;0.1436;0.0002;3089;2948;1;425;13;0;120;412
1;GUROBI-MIP;gurobi-mip;mip-e;epsilon;0;instance_30_15_4_15;OPTIMUM;0.1930;0.0180;0.1719;0.0002;3341;3041;1;452;4;0;120;448
1;GUROBI-MIP;gurobi-mip;mip-e;epsilon;0;instance_30_15_4_16;OPTIMUM;0.1127;0.0136;0.0963;0.0002;2300;2344;1;402;3;0;120;399
1;GUROBI-MIP;gurobi-mip;mip-e;epsilon;0;instance_30_15_4_17;OPTIMUM;0.1441;0.0158;0.1254;0.0002;2875;2724;1;428;7;0;120;421
1;GUROBI-MIP;gurobi-mip;mip-e;epsilon;0;instance_30_15_4_18;OPTIMUM;0.2272;0.0204;0.2035;0.0002;3959;3386;1;463;5;0;120;458
1;GUROBI-MIP;gurobi-mip;mip-e;epsilon;0;instance_30_15_4_19;OPTIMUM;0.1294;0.0147;0.1118;0.0002;2623;2494;1;425;9;0;120;416
1;GUROBI-MIP;gurobi-mip;mip-e;epsilon;0;instance_30_15_4_2;OPTIMUM;0.1256;0.0128;0.1101;0.0002;2165;2208;1;379;4;3;120;372
1;GUROBI-MIP;gurobi-mip;mip-e;epsilon;0;instance_30_15_4_20;OPTIMUM;0.1198;0.0142;0.1027;0.0002;2444;2469;1;434;6;0;120;428
1;GUROBI-MIP;gurobi-mip;mip-e;epsilon;0;instance_30_15_4_21;INFEASIBLE;0.0062;0.0031;0.0015;0.0000;1837;1922;0;;;;;
1;GUROBI-MIP;gurobi-mip;mip-e;epsilon;0;instance_30_15_4_22;OPTIMUM;0.1441;0.0152;0.1260;0.0002;2720;2647;1;436;8;0;120;428
1;GUROBI-MIP;gurobi-mip;mip-e;epsilon;0;instance_30_15_4_23;OPTIMUM;0.1968;0.0182;0.1754;0.0002;3361;3073;1;445;7;0;120;438
1;GUROBI-MIP;gurobi-mip;mip-e;epsilon;0;instance_30_15_4_24;OPTIMUM;0.1785;0.0180;0.1574;0.0002;3343;3066;1;450;3;0;120;447
1;GUROBI-MIP;gurobi-mip;mip-e;epsilon;0;instance_30_15_4_25;OPTIMUM;0.1123;0.0136;0.0961;0.0002;2287;2294;1;411;3;0;120;408
1;GUROBI-MIP;gurobi-mip;mip-e;epsilon;0;instance_30_15_4_26;OPTIMUM;0.1744;0.0169;0.1544;0.0002;3064;2888;1;443;6;0;120;437
1;GUROBI-MIP;gurobi-mip;mip-e;epsilon;0;instance_30_15_4_27;OPTIMUM;0.1591;0.0160;0.1401;0.0002;2917;2741;1;416;6;0;120;410
1;GUROBI-MIP;gurobi-mip;mip-e;epsilon;0;instance_30_15_4_28;OPTIMUM;0.1701;0.0172;0.1497;0.0002;3117;2956;1;429;8;0;120;421
1;GUROBI-MIP;gurobi-mip;mip-e;epsilon;0;instance_30_15_4_29;OPTIMUM;0.1073;0.0124;0.0923;0.0002;2095;2159;1;410;5;0;120;405
1;GUROBI-MIP;gurobi-mip;mip-e;epsilon;0;instance_30_15_4_3;OPTIMUM;0.1918;0.0179;0.1708;0.0002;3366;3038;1;443;5;0;120;438
1;GUROBI-MIP;gurobi-mip;mip-e;epsilon;0;instance_30_15_4_30;OPTIMUM;0.1872;0.0181;0.1659;0.0002;3307;3074;1;444;7;0;120;437
1;GUROBI-MIP;gurobi-mip;mip-e;epsilon;0;instance_30_15_4_31;OPTIMUM;0.2008;0.0181;0.1794;0.0002;3331;3021;1;419;7;0;120;412
1;GUROBI-MIP;gurobi-mip;mip-e;epsilon;0;instance_30_15_4_32;OPTIMUM;0.1705;0.0168;0.1506;0.0002;3155;2791;1;390;3;0;120;387
1;GUROBI-MIP;gurobi-mip;mip-e;epsilon;0;instance_30_15_4_33;OPTIMUM;0.1799;0.0177;0.1590;0.0002;3223;2979;1;438;3;0;120;435
1;GUROBI-MIP;gurobi-mip;mip-e;epsilon;0;instance_30_15_4_34;OPTIMUM;0.1807;0.0177;0.1598;0.0002;3322;2990;1;404;5;0;120;399
1;GUROBI-MIP;gurobi-mip;mip-e;epsilon;0;instance_30_15_4_35;INFEASIBLE;0.0075;0.0042;0.0018;0.0000;2706;2659;0;;;;;
1;GUROBI-MIP;gurobi-mip;mip-e;epsilon;0;instance_30_15_4_36;OPTIMUM;0.1782;0.0175;0.1576;0.0002;3184;2947;1;438;5;0;120;433
1;GUROBI-MIP;gurobi-mip;mip-e;epsilon;0;instance_30_15_4_37;OPTIMUM;0.1465;0.0158;0.1278;0.0002;2865;2755;1;433;6;0;120;427
1;GUROBI-MIP;gurobi-mip;mip-e;epsilon;0;instance_30_15_4_38;OPTIMUM;0.1640;0.0159;0.1451;0.0002;2845;2745;1;406;4;0;120;402
1;GUROBI-MIP;gurobi-mip;mip-e;epsilon;0;instance_30_15_4_39;OPTIMUM;0.1672;0.0178;0.1463;0.0002;3288;3013;1;450;3;0;120;447
1;GUROBI-MIP;gurobi-mip;mip-e;epsilon;0;instance_30_15_4_4;OPTIMUM;0.1963;0.0195;0.1734;0.0002;3686;3374;1;457;6;0;120;451
1;GUROBI-MIP;gurobi-mip;mip-e;epsilon;0;instance_30_15_4_40;OPTIMUM;0.1679;0.0171;0.1478;0.0002;3126;2946;1;450;0;0;120;450
1;GUROBI-MIP;gurobi-mip;mip-e;epsilon;0;instance_30_15_4_41;OPTIMUM;0.2393;0.0219;0.2137;0.0002;4145;3586;1;444;1;0;120;443
1;GUROBI-MIP;gurobi-mip;mip-e;epsilon;0;instance_30_15_4_42;OPTIMUM;0.1955;0.0182;0.1740;0.0002;3363;3102;1;443;6;0;120;437
1;GUROBI-MIP;gurobi-mip;mip-e;epsilon;0;instance_30_15_4_43;OPTIMUM;0.1901;0.0171;0.1700;0.0002;3163;2828;1;430;6;2;120;422
1;GUROBI-MIP;gurobi-mip;mip-e;epsilon;0;instance_30_15_4_44;INFEASIBLE;0.0081;0.0045;0.0020;0.0000;2881;2803;0;;;;;
1;GUROBI-MIP;gurobi-mip;mip-e;epsilon;0;instance_30_15_4_45;OPTIMUM;0.1951;0.0189;0.1728;0.0002;3586;3190;1;428;6;0;120;422
1;GUROBI-MIP;gurobi-mip;mip-e;epsilon;0;instance_30_15_4_46;OPTIMUM;0.1803;0.0188;0.1583;0.0002;3478;3213;1;453;3;0;120;450
1;GUROBI-MIP;gurobi-mip;mip-e;epsilon;0;instance_30_15_4_47;OPTIMUM;0.1334;0.0156;0.1148;0.0002;2811;2697;1;433;5;0;120;428
1;GUROBI-MIP;gurobi-mip;mip-e;epsilon;0;instance_30_15_4_48;OPTIMUM;0.1512;0.0161;0.1321;0.0002;2913;2779;1;437;6;0;120;431
1;GUROBI-MIP;gurobi-mip;mip-e;epsilon;0;instance_30_15_4_49;OPTIMUM;0.1527;0.0163;0.1334;0.0002;2912;2738;1;442;6;0;120;436
1;GUROBI-MIP;gurobi-mip;mip-e;epsilon;0;instance_30_15_4_5;OPTIMUM;0.1485;0.0154;0.1301;0.0002;2772;2611;1;431;11;0;120;420
1;GUROBI-MIP;gurobi-mip;mip-e;epsilon;0;instance_30_15_4_50;OPTIMUM;0.1114;0.0134;0.0954;0.0002;2294;2254;1;415;11;0;120;404
1;GUROBI-MIP;gurobi-mip;mip-e;epsilon;0;instance_30_15_4_6;OPTIMUM;0.1388;0.0150;0.1209;0.0002;2621;2606;1;446;5;0;120;441
1;GUROBI-MIP;gurobi-mip;mip-e;epsilon;0;instance_30_15_4_7;INFEASIBLE;0.0090;0.0052;0.0022;0.0000;3567;3241;0;;;;;
1;GUROBI-MIP;gurobi-mip;mip-e;epsilon;0;instance_30_15_4_8;INFEASIBLE;0.0083;0.0048;0.0019;0.0000;3104;2911;0;;;;;
1;GUROBI-MIP;gurobi-mip;mip-e;epsilon;0;instance_30_15_4_9;OPTIMUM;0.1300;0.0141;0.1131;0.0002;2364;2352;1;410;9;0;120;401
1;GUROBI-MIP;gurobi-mip;mip-e;epsilon;0;instance_40_25_5_1;OPTIMUM;0.5524;0.0411;0.5054;0.0004;7806;6177;1;783;4;0;200;779
1;GUROBI-MIP;gurobi-mip;mip-e;epsilon;0;instance_40_25_5_10;OPTIMUM;0.6474;0.0477;0.5932;0.0004;9156;7352;1;776;4;0;200;772
1;GUROBI-MIP;gurobi-mip;mip-e;epsilon;0;instance_40_25_5_11;OPTIMUM;0.5859;0.0433;0.5366;0.0003;8366;6741;1;784;1;0;200;783
1;GUROBI-MIP;gurobi-mip;mip-e;epsilon;0;instance_40_25_5_12;OPTIMUM;0.5289;0.0418;0.4812;0.0003;7935;6437;1;784;3;0;200;781
1;GUROBI-MIP;gurobi-mip;mip-e;epsilon;0;instance_40_25_5_13;OPTIMUM;0.5986;0.0437;0.5488;0.0003;8187;6772;1;787;3;0;200;784
1;GUROBI-MIP;gurobi-mip;mip-e;epsilon;0;instance_40_25_5_14;OPTIMUM;0.6516;0.0475;0.5979;0.0004;9031;7290;1;782;1;0;200;781
1;GUROBI-MIP;gurobi-mip;mip-e;epsilon;0;instance_40_25_5_15;OPTIMUM;0.5313;0.0435;0.4821;0.0003;7991;6437;1;721;6;0;200;715
1;GUROBI-MIP;gurobi-mip;mip-e;epsilon;0;instance_40_25_5_16;OPTIMUM;0.4945;0.0392;0.4499;0.0003;7425;6080;1;765;6;0;200;759
1;GUROBI-MIP;gurobi-mip;mip-e;epsilon;0;instance_40_25_5_17;OPTIMUM;0.5372;0.0419;0.4893;0.0003;7867;6418;1;753;8;0;200;745
1;GUROBI-MIP;gurobi-mip;mip-e;epsilon;0;instance_40_25_5_18;OPTIMUM;0.5561;0.0433;0.5068;0.0003;8262;6693;1;786;2;0;200;784
1;GUROBI-MIP;gurobi-mip;mip-e;epsilon;0;instance_40_25_5_19;OPTIMUM;0.4230;0.0333;0.3851;0.0003;5910;5212;1;745;11;1;200;733
1;GUROBI-MIP;gurobi-mip;mip-e;epsilon;0;instance_40_25_5_2;OPTIMUM;0.5459;0.0428;0.4971;0.0003;7933;6374;1;779;4;0;200;775
1;GUROBI-MIP;gurobi-mip;mip-e;epsilon;0;instance_40_25_5_20;OPTIMUM;0.6892;0.0430;0.6401;0.0003;8180;6439;1;772;5;0;200;767
1;GUROBI-MIP;gurobi-mip;mip-e;epsilon;0;instance_40_25_5_21;OPTIMUM;0.6128;0.0468;0.5599;0.0004;8490;6813;1;760;2;0;200;758
1;GUROBI-MIP;gurobi-mip;mip-e;epsilon;0;instance_40_25_5_22;OPTIMUM;0.5422;0.0369;0.5002;0.0003;6757;5793;1;771;10;0;200;761
1;GUROBI-MIP;gurobi-mip;mip-e;epsilon;0;instance_40_25_5_23;OPTIMUM;0.9903;0.0424;0.9421;0.0003;8030;6538;1;772;3;0;200;769
1;GUROBI-MIP;gurobi-mip;mip-e;epsilon;0;instance_40_25_5_24;OPTIMUM;0.4965;0.0359;0.4556;0.0003;6415;5517;1;752;14;0;200;738
1;GUROBI-MIP;gurobi-mip;mip-e;epsilon;0;instance_40_25_5_25;OPTIMUM;0.4410;0.0356;0.4004;0.0003;6367;5530;1;769;8;0;200;761
1;GUROBI-MIP;gurobi-mip;mip-e;epsilon;0;instance_40_25_5_26;OPTIMUM;0.6168;0.0442;0.5665;0.0004;8367;6757;1;778;2;0;200;776
1;GUROBI-MIP;gurobi-mip;mip-e;epsilon;0;instance_40_25_5_27;OPTIMUM;0.5041;0.0353;0.4639;0.0003;6288;5519;1;755;16;0;200;739
1;GUROBI-MIP;gurobi-mip;mip-e;epsilon;0;instance_40_25_5_28;OPTIMUM;0.5674;0.0423;0.5192;0.0004;7869;6569;1;752;11;0;200;741
1;GUROBI-MIP;gurobi-mip;mip-e;epsilon;0;instance_40_25_5_29;OPTIMUM;0.4285;0.0368;0.3864;0.0003;6686;5707;1;757;13;0;200;744
1;GUROBI-MIP;gurobi-mip;mip-e;epsilon;0;instance_40_25_5_3;OPTIMUM;0.4912;0.0409;0.4444;0.0003;7655;6324;1;734;12;0;200;722
1;GUROBI-MIP;gurobi-mip;mip-e;epsilon;0;instance_40_25_5_30;OPTIMUM;0.6613;0.0474;0.6076;0.0004;9104;7202;1;771;5;0;200;766
1;GUROBI-MIP;gurobi-mip;mip-e;epsilon;0;instance_40_25_5_31;OPTIMUM;0.6681;0.0459;0.6159;0.0003;8936;7022;1;791;3;0;200;788
1;GUROBI-MIP;gurobi-mip;mip-e;epsilon;0;instance_40_25_5_32;OPTIMUM;0.5151;0.0424;0.4667;0.0004;7826;6652;1;724;14;0;200;710
1;GUROBI-MIP;gurobi-mip;mip-e;epsilon;0;instance_40_25_5_33;OPTIMUM;0.4166;0.0357;0.3757;0.0003;6418;5516;1;776;7;0;200;769
1;GUROBI-MIP;gurobi-mip;mip-e;epsilon;0;instance_40_25_5_34;OPTIMUM;0.6051;0.0428;0.5562;0.0003;7980;6501;1;772;8;0;200;764
1;GUROBI-MIP;gurobi-mip;mip-e;epsilon;0;instance_40_25_5_35;OPTIMUM;0.5545;0.0411;0.5077;0.0003;7728;6450;1;757;9;0;200;748
1;GUROBI-MIP;gurobi-mip;mip-e;epsilon;0;instance_40_25_5_36;OPTIMUM;0.4811;0.0450;0.4300;0.0003;8531;6890;1;788;0;0;200;788
1;GUROBI-MIP;gurobi-mip;mip-e;epsilon;0;instance_40_25_5_37;OPTIMUM;0.5136;0.0415;0.4663;0.0003;7699;6496;1;755;5;0;200;750
1;GUROBI-MIP;gurobi-mip;mip-e;epsilon;0;instance_40_25_5_38;OPTIMUM;0.5272;0.0371;0.4851;0.0003;6726;5915;1;741;5;0;200;736
1;GUROBI-MIP;gurobi-mip;mip-e;epsilon;0;instance_40_25_5_39;OPTIMUM;0.4465;0.0350;0.4067;0.0003;6492;5387;1;749;11;0;200;738
1;GUROBI-MIP;gurobi-mip;mip-e;epsilon;0;instance_40_25_5_4;OPTIMUM;0.5014;0.0418;0.4537;0.0003;7698;6353;1;783;4;0;200;779
1;GUROBI-MIP;gurobi-mip;mip-e;epsilon;0;instance_40_25_5_40;OPTIMUM;0.4966;0.0417;0.4485;0.0003;7792;6455;1;775;6;0;200;769
1;GUROBI-MIP;gurobi-mip;mip-e;epsilon;0;instance_40_25_5_41;OPTIMUM;0.6797;0.0452;0.6283;0.0003;8669;6835;1;771;6;0;200;765
1;GUROBI-MIP;gurobi-mip;mip-e;epsilon;0;instance_40_25_5_42;OPTIMUM;0.4484;0.0371;0.4060;0.0003;6886;5873;1;747;8;0;200;739
1;GUROBI-MIP;gurobi-mip;mip-e;epsilon;0;instance_40_25_5_43;OPTIMUM;0.5259;0.0385;0.4820;0.0003;7248;5931;1;775;9;0;200;766
1;GUROBI-MIP;gurobi-mip;mip-e;epsilon;0;instance_40_25_5_44;OPTIMUM;0.5839;0.0438;0.5340;0.0003;8468;6856;1;786;3;0;200;783
1;GUROBI-MIP;gurobi-mip;mip-e;epsilon;0;instance_40_25_5_45;OPTIMUM;0.5557;0.0429;0.5069;0.0003;7993;6603;1;711;6;0;200;705
1;GUROBI-MIP;gurobi-mip;mip-e;epsilon;0;instance_40_25_5_46;INFEASIBLE;0.0193;0.0127;0.0044;0.0000;8709;6987;0;;;;;
1;GUROBI-MIP;gurobi-mip;mip-e;epsilon;0;instance_40_25_5_47;OPTIMUM;0.6558;0.0470;0.6025;0.0004;9002;7177;1;785;3;0;200;782
1;GUROBI-MIP;gurobi-mip;mip-e;epsilon;0;instance_40_25_5_48;OPTIMUM;0.5261;0.0448;0.4753;0.0003;8403;6784;1;769;1;0;200;768
1;GUROBI-MIP;gurobi-mip;mip-e;epsilon;0;instance_40_25_5_49;OPTIMUM;0.6086;0.0392;0.5642;0.0003;7358;6129;1;737;17;0;200;720
1;GUROBI-MIP;gurobi-mip;mip-e;epsilon;0;instance_40_25_5_5;OPTIMUM;0.5863;0.0440;0.5365;0.0004;8268;6681;1;787;6;0;200;781
1;GUROBI-MIP;gurobi-mip;mip-e;epsilon;0;instance_40_25_5_50;OPTIMUM;0.7395;0.0472;0.6856;0.0004;9009;7033;1;791;5;0;200;786
1;GUROBI-MIP;gurobi-mip;mip-e;epsilon;0;instance_40_25_5_6;OPTIMUM;0.7766;0.0461;0.7241;0.0004;8737;7016;1;771;3;0;200;768
1;GUROBI-MIP;gurobi-mip;mip-e;epsilon;0;instance_40_25_5_7;OPTIMUM;0.5967;0.0475;0.5425;0.0003;9134;7208;1;785;1;0;200;784
1;GUROBI-MIP;gurobi-mip;mip-e;epsilon;0;instance_40_25_5_8;OPTIMUM;0.5442;0.0405;0.4981;0.0003;7559;6317;1;772;4;0;200;768
1;GUROBI-MIP;gurobi-mip;mip-e;epsilon;0;instance_40_25_5_9;OPTIMUM;0.5667;0.0451;0.5154;0.0003;8465;6891;1;777;2;0;200;775
2;CPLEX-MIP;cplex-mip;mip-e;epsilon;0;instance_30_15_4_1;OPTIMUM;0.2474;0.0183;0.2261;0.0002;3371;3079;0;451;8;0;120;443
2;CPLEX-MIP;cplex-mip;mip-e;epsilon;0;instance_30_15_4_10;OPTIMUM;0.1973;0.0161;0.1786;0.0002;2858;2791;0;428;10;0;120;418
2;CPLEX-MIP;cplex-mip;mip-e;epsilon;0;instance_30_15_4_11;OPTIMUM;0.2459;0.0142;0.2293;0.0002;2559;2447;0;415;4;1;120;410
2;CPLEX-MIP;cplex-mip;mip-e;epsilon;0;instance_30_15_4_12;OPTIMUM;0.3085;0.0159;0.2899;0.0002;2802;2664;0;444;4;0;120;440
2;CPLEX-MIP;cplex-mip;mip-e;epsilon;0;instance_30_15_4_13;OPTIMUM;0.2852;0.0122;0.2709;0.0002;2204;2192;0;389;6;0;120;383
2;CPLEX-MIP;cplex-mip;mip-e;epsilon;0;instance_30_15_4_14;OPTIMUM;0.2469;0.0167;0.2275;0.0002;3089;2948;0;425;13;0;120;412
2;CPLEX-MIP;cplex-mip;mip-e;epsilon;0;instance_30_15_4_15;OPTIMUM;0.2589;0.0173;0.2388;0.0002;3341;3041;0;452;4;0;120;448
2;CPLEX-MIP;cplex-mip;mip-e;epsilon;0;instance_30_15_4_16;OPTIMUM;0.1783;0.0133;0.1626;0.0002;2300;2344;0;402;3;0;120;399
2;CPLEX-MIP;cplex-mip;mip-e;epsilon;0;instance_30_15_4_17;OPTIMUM;0.1981;0.0158;0.1797;0.0002;2875;2724;0;428;7;0;120;421
2;CPLEX-MIP;cplex-mip;mip-e;epsilon;0;instance_30_15_4_18;OPTIMUM;0.3277;0.0202;0.3042;0.0002;3959;3386;0;463;5;0;120;458
2;CPLEX-MIP;cplex-mip;mip-e;epsilon;0;instance_30_15_4_19;OPTIMUM;0.1860;0.0142;0.1693;0.0002;2623;2494;0;425;9;0;120;416
2;CPLEX-MIP;cplex-mip;mip-e;epsilon;0;instance_30_15_4_2;OPTIMUM;0.2012;0.0128;0.1861;0.0002;2165;2208;0;379;4;3;120;372
2;CPLEX-MIP;cplex-mip;mip-e;epsilon;0;instance_30_15_4_20;OPTIMUM;0.1768;0.0140;0.1604;0.0002;2444;2469;0;434;6;0;120;428
2;CPLEX-MIP;cplex-mip;mip-e;epsilon;0;instance_30_15_4_21;INFEASIBLE;0.0043;0.0032;0.0005;0.0000;1837;1922;0;;;;;
2;CPLEX-MIP;cplex-mip;mip-e;epsilon;0;instance_30_15_4_22;OPTIMUM;0.1919;0.0150;0.1743;0.0002;2720;2647;0;436;8;0;120;428
2;CPLEX-MIP;cplex-mip;mip-e;epsilon;0;instance_30_15_4_23;OPTIMUM;0.2639;0.0176;0.2434;0.0002;3361;3073;0;445;7;0;120;438
2;CPLEX-MIP;cplex-mip;mip-e;epsilon;0;instance_30_15_4_24;OPTIMUM;0.2247;0.0171;0.2048;0.0002;3343;3066;0;450;3;0;120;447
2;CPLEX-MIP;cplex-mip;mip-e;epsilon;0;instance_30_15_4_25;OPTIMUM;0.1675;0.0129;0.1524;0.0002;2287;2294;0;411;3;0;120;408
2;CPLEX-MIP;cplex-mip;mip-e;epsilon;0;instance_30_15_4_26;OPTIMUM;0.2169;0.0160;0.1983;0.0002;3064;2888;0;443;6;0;120;437
2;CPLEX-MIP;cplex-mip;mip-e;epsilon;0;instance_30_15_4_27;OPTIMUM;0.2072;0.0156;0.1890;0.0002;2917;2741;0;416;6;0;120;410
2;CPLEX-MIP;cplex-mip;mip-e;epsilon;0;instance_30_15_4_28;OPTIMUM;0.2943;0.0167;0.2748;0.0002;3117;2956;0;429;8;0;120;421
2;CPLEX-MIP;cplex-mip;mip-e;epsilon;0;instance_30_15_4_29;OPTIMUM;0.1786;0.0123;0.1641;0.0002;2095;2159;0;410;5;0;120;405
2;CPLEX-MIP;cplex-mip;mip-e;epsilon;0;instance_30_15_4_3;OPTIMUM;0.2765;0.0177;0.2559;0.0002;3366;3038;0;443;5;0;120;438
2;CPLEX-MIP;cplex-mip;mip-e;epsilon;0;instance_30_15_4_30;OPTIMUM;0.2672;0.0171;0.2473;0.0002;3307;3074;0;444;7;0;120;437
2;CPLEX-MIP;cplex-mip;mip-e;epsilon;0;instance_30_15_4_31;OPTIMUM;0.2964;0.0177;0.2757;0.0002;3331;3021;0;419;7;0;120;412
2;CPLEX-MIP;cplex-mip;mip-e;epsilon;0;instance_30_15_4_32;OPTIMUM;0.3068;0.0167;0.2871;0.0002;3155;2791;0;390;3;0;120;387
2;CPLEX-MIP;cplex-mip;mip-e;epsilon;0;instance_30_15_4_33;OPTIMUM;0.2521;0.0192;0.2297;0.0002;3223;2979;0;438;3;0;120;435
2;CPLEX-MIP;cplex-mip;mip-e;epsilon;0;instance_30_15_4_34;OPTIMUM;0.2438;0.0182;0.2226;0.0002;3322;2990;0;404;5;0;120;399
2;CPLEX-MIP;cplex-mip;mip-e;epsilon;0;instance_30_15_4_35;INFEASIBLE;0.0062;0.0048;0.0006;0.0000;2706;2659;0;;;;;
2;CPLEX-MIP;cplex-mip;mip-e;epsilon;0;instance_30_15_4_36;OPTIMUM;0.2475;0.0164;0.2285;0.0002;3184;2947;0;438;5;0;120;433
2;CPLEX-MIP;cplex-mip;mip-e;epsilon;0;instance_30_15_4_37;OPTIMUM;0.2137;0.0156;0.1954;0.0002;2865;2755;0;433;6;0;120;427
2;CPLEX-MIP;cplex-mip;mip-e;epsilon;0;instance_30_15_4_38;OPTIMUM;0.2615;0.0157;0.2431;0.0002;2845;2745;0;406;4;0;120;402
2;CPLEX-MIP;cplex-mip;mip-e;epsilon;0;instance_30_15_4_39;OPTIMUM;0.2417;0.0170;0.2219;0.0002;3288;3013;0;450;3;0;120;447
2;CPLEX-MIP;cplex-mip;mip-e;epsilon;0;instance_30_15_4_4;OPTIMUM;0.2797;0.0192;0.2573;0.0002;3686;3374;0;457;6;0;120;451
2;CPLEX-MIP;cplex-mip;mip-e;epsilon;0;instance_30_15_4_40;OPTIMUM;0.2777;0.0163;0.2587;0.0002;3126;2946;0;450;0;0;120;450
2;CPLEX-MIP;cplex-mip;mip-e;epsilon;0;instance_30_15_4_41;OPTIMUM;0.3224;0.0214;0.2973;0.0002;4145;3586;0;444;1;0;120;443
2;CPLEX-MIP;cplex-mip;mip-e;epsilon;0;instance_30_15_4_42;OPTIMUM;0.2505;0.0179;0.2297;0.0002;3363;3102;0;443;6;0;120;437
2;CPLEX-MIP;cplex-mip;mip-e;epsilon;0;instance_30_15_4_43;OPTIMUM;0.2654;0.0165;0.2462;0.0002;3163;2828;0;430;6;2;120;422
2;CPLEX-MIP;cplex-mip;mip-e;epsilon;0;instance_30_15_4_44;INFEASIBLE;0.0066;0.0052;0.0007;0.0000;2881;2803;0;;;;;
2;CPLEX-MIP;cplex-mip;mip-e;epsilon;0;instance_30_15_4_45;OPTIMUM;0.2772;0.0191;0.2548;0.0002;3586;3190;0;428;6;0;120;422
2;CPLEX-MIP;cplex-mip;mip-e;epsilon;0;instance_30_15_4_46;OPTIMUM;0.2633;0.0187;0.2416;0.0002;3478;3213;0;453;3;0;120;450
2;CPLEX-MIP;cplex-mip;mip-e;epsilon;0;instance_30_15_4_47;OPTIMUM;0.1831;0.0154;0.1650;0.0002;2811;2697;0;433;5;0;120;428
2;CPLEX-MIP;cplex-mip;mip-e;epsilon;0;instance_30_15_4_48;OPTIMUM;0.2298;0.0159;0.2112;0.0002;2913;2779;0;437;6;0;120;431
2;CPLEX-MIP;cplex-mip;mip-e;epsilon;0;instance_30_15_4_49;OPTIMUM;0.2349;0.0156;0.2167;0.0002;2912;2738;0;442;6;0;120;436
2;CPLEX-MIP;cplex-mip;mip-e;epsilon;0;instance_30_15_4_5;OPTIMUM;0.1980;0.0157;0.1796;0.0002;2772;2611;0;431;11;0;120;420
2;CPLEX-MIP;cplex-mip;mip-e;epsilon;0;instance_30_15_4_50;OPTIMUM;0.1703;0.0128;0.1553;0.0002;2294;2254;0;415;11;0;120;404
2;CPLEX-MIP;cplex-mip;mip-e;epsilon;0;instance_30_15_4_6;OPTIMUM;0.1852;0.0158;0.1668;0.0002;2621;2606;0;446;5;0;120;441
2;CPLEX-MIP;cplex-mip;mip-e;epsilon;0;instance_30_15_4_7;INFEASIBLE;0.0071;0.0056;0.0007;0.0000;3567;3241;0;;;;;
2;CPLEX-MIP;cplex-mip;mip-e;epsilon;0;instance_30_15_4_8;INFEASIBLE;0.0061;0.0048;0.0006;0.0000;3104;2911;0;;;;;
2;CPLEX-MIP;cplex-mip;mip-e;epsilon;0;instance_30_15_4_9;OPTIMUM;0.2238;0.0139;0.2073;0.0002;2364;2352;0;410;9;0;120;401
2;CPLEX-MIP;cplex-mip;mip-e;epsilon;0;instance_40_25_5_1;OPTIMUM;0.8423;0.0394;0.7971;0.0003;7806;6177;0;783;4;0;200;779
2;CPLEX-MIP;cplex-mip;mip-e;epsilon;0;instance_40_25_5_10;OPTIMUM;0.7432;0.0469;0.6894;0.0004;9156;7352;0;776;4;0;200;772
2;CPLEX-MIP;cplex-mip;mip-e;epsilon;0;instance_40_25_5_11;OPTIMUM;0.8988;0.0426;0.8499;0.0004;8366;6741;0;784;1;0;200;783
2;CPLEX-MIP;cplex-mip;mip-e;epsilon;0;instance_40_25_5_12;OPTIMUM;0.7138;0.0418;0.6657;0.0004;7935;6437;0;784;3;0;200;781
2;CPLEX-MIP;cplex-mip;mip-e;epsilon;0;instance_40_25_5_13;OPTIMUM;1.0629;0.0416;1.0145;0.0004;8187;6772;0;787;3;0;200;784
2;CPLEX-MIP;cplex-mip;mip-e;epsilon;0;instance_40_25_5_14;OPTIMUM;0.9969;0.0459;0.9440;0.0004;9031;7290;0;782;1;0;200;781
2;CPLEX-MIP;cplex-mip;mip-e;epsilon;0;instance_40_25_5_15;OPTIMUM;1.0059;0.0414;0.9580;0.0003;7991;6437;0;721;6;0;200;715
2;CPLEX-MIP;cplex-mip;mip-e;epsilon;0;instance_40_25_5_16;OPTIMUM;0.8880;0.0412;0.8392;0.0004;7425;6080;0;765;6;0;200;759
2;CPLEX-MIP;cplex-mip;mip-e;epsilon;0;instance_40_25_5_17;OPTIMUM;0.8653;0.0411;0.8181;0.0004;7867;6418;0;753;8;0;200;745
2;CPLEX-MIP;cplex-mip;mip-e;epsilon;0;instance_40_25_5_18;OPTIMUM;0.8545;0.0424;0.8059;0.0004;8262;6693;0;786;2;0;200;784
2;CPLEX-MIP;cplex-mip;mip-e;epsilon;0;instance_40_25_5_19;OPTIMUM;0.7787;0.0340;0.7397;0.0003;5910;5212;0;745;11;1;200;733
2;CPLEX-MIP;cplex-mip;mip-e;epsilon;0;instance_40_25_5_2;OPTIMUM;0.9619;0.0416;0.9140;0.0004;7933;6374;0;779;4;0;200;775
2;CPLEX-MIP;cplex-mip;mip-e;epsilon;0;instance_40_25_5_20;OPTIMUM;1.5194;0.0406;1.4725;0.0003;8180;6439;0;772;5;0;200;767
2;CPLEX-MIP;cplex-mip;mip-e;epsilon;0;instance_40_25_5_21;OPTIMUM;1.0896;0.0439;1.0390;0.0004;8490;6813;0;760;2;0;200;758
2;CPLEX-MIP;cplex-mip;mip-e;epsilon;0;instance_40_25_5_22;OPTIMUM;0.9523;0.0359;0.9111;0.0003;6757;5793;0;771;10;0;200;761
2;CPLEX-MIP;cplex-mip;mip-e;epsilon;0;instance_40_25_5_23;OPTIMUM;1.2921;0.0414;1.2444;0.0004;8030;6538;0;772;3;0;200;769
2;CPLEX-MIP;cplex-mip;mip-e;epsilon;0;instance_40_25_5_24;OPTIMUM;0.7703;0.0344;0.7307;0.0003;6415;5517;0;752;14;0;200;738
2;CPLEX-MIP;cplex-mip;mip-e;epsilon;0;instance_40_25_5_25;OPTIMUM;0.6202;0.0342;0.5807;0.0003;6367;5530;0;769;8;0;200;761
2;CPLEX-MIP;cplex-mip;mip-e;epsilon;0;instance_40_25_5_26;OPTIMUM;1.3470;0.0418;1.2990;0.0004;8367;6757;0;778;2;0;200;776
2;CPLEX-MIP;cplex-mip;mip-e;epsilon;0;instance_40_25_5_27;OPTIMUM;0.9159;0.0340;0.8770;0.0003;6288;5519;0;755;16;0;200;739
2;CPLEX-MIP;cplex-mip;mip-e;epsilon;0;instance_40_25_5_28;OPTIMUM;1.0049;0.0412;0.9574;0.0004;7869;6569;0;752;11;0;200;741
2;CPLEX-MIP;cplex-mip;mip-e;epsilon;0;instance_40_25_5_29;OPTIMUM;0.7916;0.0361;0.7499;0.0003;6686;5707;0;757;13;0;200;744
2;CPLEX-MIP;cplex-mip;mip-e;epsilon;0;instance_40_25_5_3;OPTIMUM;0.8280;0.0394;0.7826;0.0003;7655;6324;0;734;12;0;200;722
2;CPLEX-MIP;cplex-mip;mip-e;epsilon;0;instance_40_25_5_30;OPTIMUM;0.8984;0.0488;0.8427;0.0004;9104;7202;0;771;5;0;200;766
2;CPLEX-MIP;cplex-mip;mip-e;epsilon;0;instance_40_25_5_31;OPTIMUM;0.7903;0.0461;0.7373;0.0004;8936;7022;0;791;3;0;200;788
2;CPLEX-MIP;cplex-mip;mip-e;epsilon;0;instance_40_25_5_32;OPTIMUM;1.0110;0.0413;0.9633;0.0004;7826;6652;0;724;14;0;200;710
2;CPLEX-MIP;cplex-mip;mip-e;epsilon;0;instance_40_25_5_33;OPTIMUM;0.8386;0.0340;0.7995;0.0003;6418;5516;0;776;7;0;200;769
2;CPLEX-MIP;cplex-mip;mip-e;epsilon;0;instance_40_25_5_34;OPTIMUM;1.1244;0.0405;1.0779;0.0003;7980;6501;0;772;8;0;200;764
2;CPLEX-MIP;cplex-mip;mip-e;epsilon;0;instance_40_25_5_35;OPTIMUM;0.9548;0.0403;0.9086;0.0003;7728;6450;0;757;9;0;200;748
2;CPLEX-MIP;cplex-mip;mip-e;epsilon;0;instance_40_25_5_36;OPTIMUM;0.6950;0.0437;0.6449;0.0004;8531;6890;0;788;0;0;200;788
2;CPLEX-MIP;cplex-mip;mip-e;epsilon;0;instance_40_25_5_37;OPTIMUM;0.7819;0.0399;0.7361;0.0003;7699;6496;0;755;5;0;200;750
2;CPLEX-MIP;cplex-mip;mip-e;epsilon;0;instance_40_25_5_38;OPTIMUM;1.2033;0.0375;1.1602;0.0003;6726;5915;0;741;5;0;200;736
2;CPLEX-MIP;cplex-mip;mip-e;epsilon;0;instance_40_25_5_39;OPTIMUM;0.8400;0.0349;0.7998;0.0003;6492;5387;0;749;11;0;200;738
2;CPLEX-MIP;cplex-mip;mip-e;epsilon;0;instance_40_25_5_4;OPTIMUM;0.7007;0.0400;0.6545;0.0004;7698;6353;0;783;4;0;200;779
2;CPLEX-MIP;cplex-mip;mip-e;epsilon;0;instance_40_25_5_40;OPTIMUM;0.6771;0.0412;0.6297;0.0003;7792;6455;0;775;6;0;200;769
2;CPLEX-MIP;cplex-mip;mip-e;epsilon;0;instance_40_25_5_41;OPTIMUM;0.8696;0.0435;0.8197;0.0004;8669;6835;0;771;6;0;200;765
2;CPLEX-MIP;cplex-mip;mip-e;epsilon;0;instance_40_25_5_42;OPTIMUM;0.7527;0.0373;0.7098;0.0003;6886;5873;0;747;8;0;200;739
2;CPLEX-MIP;cplex-mip;mip-e;epsilon;0;instance_40_25_5_43;OPTIMUM;1.0962;0.0377;1.0529;0.0003;7248;5931;0;775;9;0;200;766
2;CPLEX-MIP;cplex-mip;mip-e;epsilon;0;instance_40_25_5_44;OPTIMUM;0.8100;0.0438;0.7594;0.0004;8468;6856;0;786;3;0;200;783
2;CPLEX-MIP;cplex-mip;mip-e;epsilon;0;instance_40_25_5_45;OPTIMUM;1.1880;0.0422;1.1389;0.0003;7993;6603;0;711;6;0;200;705
2;CPLEX-MIP;cplex-mip;mip-e;epsilon;0;instance_40_25_5_46;INFEASIBLE;0.0174;0.0141;0.0017;0.0000;8709;6987;0;;;;;
2;CPLEX-MIP;cplex-mip;mip-e;epsilon;0;instance_40_25_5_47;OPTIMUM;0.8700;0.0466;0.8165;0.0004;9002;7177;0;785;3;0;200;782
2;CPLEX-MIP;cplex-mip;mip-e;epsilon;0;instance_40_25_5_48;OPTIMUM;0.7825;0.0438;0.7320;0.0004;8403;6784;0;769;1;0;200;768
2;CPLEX-MIP;cplex-mip;mip-e;epsilon;0;instance_40_25_5_49;OPTIMUM;1.1634;0.0380;1.1192;0.0003;7358;6129;0;737;17;0;200;720
2;CPLEX-MIP;cplex-mip;mip-e;epsilon;0;instance_40_25_5_5;OPTIMUM;0.8966;0.0414;0.8492;0.0003;8268;6681;0;787;6;0;200;781
2;CPLEX-MIP;cplex-mip;mip-e;epsilon;0;instance_40_25_5_50;OPTIMUM;0.9134;0.0457;0.8610;0.0004;9009;7033;0;791;5;0;200;786
2;CPLEX-MIP;cplex-mip;mip-e;epsilon;0;instance_40_25_5_6;OPTIMUM;1.0220;0.0452;0.9700;0.0004;8737;7016;0;771;3;0;200;768
2;CPLEX-MIP;cplex-mip;mip-e;epsilon;0;instance_40_25_5_7;OPTIMUM;0.7616;0.0465;0.7082;0.0004;9134;7208;0;785;1;0;200;784
2;CPLEX-MIP;cplex-mip;mip-e;epsilon;0;instance_40_25_5_8;OPTIMUM;1.0979;0.0391;1.0530;0.0003;7559;6317;0;772;4;0;200;768
2;CPLEX-MIP;cplex-mip;mip-e;epsilon;0;instance_40_25_5_9;OPTIMUM;1.0239;0.0447;0.9724;0.0004;8465;6891;0;777;2;0;200;775
3;CPLEX-CP-T;cplex-cp;cp-t;epsilon;0;instance_30_15_4_1;TIMEOUT_FEASIBLE;300.0035;0.0034;299.9944;0.0001;2114;2952;749;451;8;0;120;443
3;CPLEX-CP-T;cplex-cp;cp-t;epsilon;0;instance_30_15_4_10;TIMEOUT_FEASIBLE;299.9997;0.0032;299.9912;0.0001;2110;2944;701;428;10;0;120;418
3;CPLEX-CP-T;cplex-cp;cp-t;epsilon;0;instance_30_15_4_11;TIMEOUT_FEASIBLE;300.0012;0.0031;299.9924;0.0001;1941;2604;23690114;415;4;4;120;407
3;CPLEX-CP-T;cplex-cp;cp-t;epsilon;0;instance_30_15_4_12;TIMEOUT_FEASIBLE;300.0010;0.0032;299.9928;0.0001;2046;2814;32052;444;4;0;120;440
3;CPLEX-CP-T;cplex-cp;cp-t;epsilon;0;instance_30_15_4_13;TIMEOUT_FEASIBLE;300.0114;0.0028;300.0036;0.0001;1921;2564;465;389;6;0;120;383
3;CPLEX-CP-T;cplex-cp;cp-t;epsilon;0;instance_30_15_4_14;TIMEOUT_FEASIBLE;300.0022;0.0034;299.9933;0.0001;2144;3013;26306;425;13;0;120;412
3;CPLEX-CP-T;cplex-cp;cp-t;epsilon;0;instance_30_15_4_15;TIMEOUT_FEASIBLE;300.0005;0.0033;299.9920;0.0001;2057;2839;20851;452;4;0;120;448
3;CPLEX-CP-T;cplex-cp;cp-t;epsilon;0;instance_30_15_4_16;TIMEOUT_FEASIBLE;300.0007;0.0032;299.9923;0.0001;2119;2961;16501;402;3;0;120;399
3;CPLEX-CP-T;cplex-cp;cp-t;epsilon;0;instance_30_15_4_17;TIMEOUT_FEASIBLE;300.0016;0.0032;299.9931;0.0001;2114;2954;19625;428;7;0;120;421
3;CPLEX-CP-T;cplex-cp;cp-t;epsilon;0;instance_30_15_4_18;TIMEOUT_FEASIBLE;300.0012;0.0035;299.9917;0.0001;2108;2939;24894;463;5;0;120;458
3;CPLEX-CP-T;cplex-cp;cp-t;epsilon;0;instance_30_15_4_19;TIMEOUT_FEASIBLE;300.0003;0.0030;299.9921;0.0001;1988;2700;243;425;9;0;120;416
3;CPLEX-CP-T;cplex-cp;cp-t;epsilon;0;instance_30_15_4_2;TIMEOUT_FEASIBLE;300.0015;0.0031;299.9932;0.0001;2143;3010;29378;379;4;12;120;363
3;CPLEX-CP-T;cplex-cp;cp-t;epsilon;0;instance_30_15_4_20;TIMEOUT_FEASIBLE;300.0008;0.0033;299.9923;0.0001;2179;3081;12124;434;6;0;120;428
3;CPLEX-CP-T;cplex-cp;cp-t;epsilon;0;instance_30_15_4_21;INFEASIBLE;0.0012;0.0000;0.0000;0.0000;720;3;0;;;;;
3;CPLEX-CP-T;cplex-cp;cp-t;epsilon;0;instance_30_15_4_22;TIMEOUT_FEASIBLE;300.0032;0.0031;299.9951;0.0001;2041;2804;608;436;8;0;120;428
3;CPLEX-CP-T;cplex-cp;cp-t;epsilon;0;instance_30_15_4_23;TIMEOUT_FEASIBLE;300.0016;0.0035;299.9930;0.0001;2071;2865;418;445;7;0;120;438
3;CPLEX-CP-T;cplex-cp;cp-t;epsilon;0;instance_30_15_4_24;TIMEOUT_FEASIBLE;300.0010;0.0034;299.9922;0.0001;2152;3029;224;450;3;0;120;447
3;CPLEX-CP-T;cplex-cp;cp-t;epsilon;0;instance_30_15_4_25;TIMEOUT_FEASIBLE;300.0110;0.0031;300.0027;0.0001;2100;2925;16144;411;3;0;120;408
3;CPLEX-CP-T;cplex-cp;cp-t;epsilon;0;instance_30_15_4_26;TIMEOUT_FEASIBLE;300.0015;0.0032;299.9932;0.0001;2052;2829;20823;443;6;0;120;437
3;CPLEX-CP-T;cplex-cp;cp-t;epsilon;0;instance_30_15_4_27;TIMEOUT_FEASIBLE;300.0007;0.0037;299.9915;0.0001;2133;2991;27100;416;6;0;120;410
3;CPLEX-CP-T;cplex-cp;cp-t;epsilon;0;instance_30_15_4_28;TIMEOUT_FEASIBLE;300.0009;0.0033;299.9924;0.0001;2096;2912;298;429;8;0;120;421
3;CPLEX-CP-T;cplex-cp;cp-t;epsilon;0;instance_30_15_4_29;TIMEOUT_FEASIBLE;300.0006;0.0030;299.9926;0.0001;2021;2766;167819;410;5;0;120;405
3;CPLEX-CP-T;cplex-cp;cp-t;epsilon;0;instance_30_15_4_3;TIMEOUT_FEASIBLE;300.0011;0.0034;299.9918;0.0001;2150;3024;203;443;5;0;120;438
3;CPLEX-CP-T;cplex-cp;cp-t;epsilon;0;instance_30_15_4_30;TIMEOUT_FEASIBLE;300.0010;0.0034;299.9925;0.0001;2119;2963;20226;444;7;0;120;437
3;CPLEX-CP-T;cplex-cp;cp-t;epsilon;0;instance_30_15_4_31;TIMEOUT_FEASIBLE;300.0016;0.0032;299.9933;0.0001;2042;2809;244;419;7;0;120;412
3;CPLEX-CP-T;cplex-cp;cp-t;epsilon;0;instance_30_15_4_32;TIMEOUT_FEASIBLE;300.0016;0.0034;299.9927;0.0001;2073;2871;210;390;3;0;120;387
3;CPLEX-CP-T;cplex-cp;cp-t;epsilon;0;instance_30_15_4_33;TIMEOUT_FEASIBLE;300.0113;0.0035;300.0016;0.0001;2120;2965;266843;438;3;0;120;435
3;CPLEX-CP-T;cplex-cp;cp-t;epsilon;0;instance_30_15_4_34;TIMEOUT_FEASIBLE;300.0004;0.0034;299.9916;0.0001;2144;3011;20258;404;5;0;120;399
3;CPLEX-CP-T;cplex-cp;cp-t;epsilon;0;instance_30_15_4_35;INFEASIBLE;0.0015;0.0003;0.0000;0.0000;720;74;0;;;;;
3;CPLEX-CP-T;cplex-cp;cp-t;epsilon;0;instance_30_15_4_36;TIMEOUT_FEASIBLE;300.0041;0.0031;299.9958;0.0001;2002;2729;417;438;5;0;120;433
3;CPLEX-CP-T;cplex-cp;cp-t;epsilon;0;instance_30_15_4_37;TIMEOUT_FEASIBLE;300.0116;0.0033;300.0029;0.0001;2192;3107;28641;433;6;0;120;427
3;CPLEX-CP-T;cplex-cp;cp-t;epsilon;0;instance_30_15_4_38;TIMEOUT_FEASIBLE;300.0017;0.0034;299.9923;0.0001;2086;2895;2386135;406;4;0;120;402
3;CPLEX-CP-T;cplex-cp;cp-t;epsilon;0;instance_30_15_4_39;TIMEOUT_FEASIBLE;300.0006;0.0032;299.9922;0.0001;2056;2837;20691;450;3;0;120;447
3;CPLEX-CP-T;cplex-cp;cp-t;epsilon;0;instance_30_15_4_4;TIMEOUT_FEASIBLE;300.0113;0.0036;300.0013;0.0001;2226;3176;200;457;6;0;120;451
3;CPLEX-CP-T;cplex-cp;cp-t;epsilon;0;instance_30_15_4_40;TIMEOUT_FEASIBLE;300.0006;0.0033;299.9921;0.0001;2087;2895;412;450;0;0;120;450
3;CPLEX-CP-T;cplex-cp;cp-t;epsilon;0;instance_30_15_4_41;TIMEOUT_FEASIBLE;300.0013;0.0036;299.9922;0.0001;2128;2979;204;444;1;0;120;443
3;CPLEX-CP-T;cplex-cp;cp-t;epsilon;0;instance_30_15_4_42;TIMEOUT_FEASIBLE;300.0013;0.0035;299.9921;0.0001;2098;2921;204519;443;6;0;120;437
3;CPLEX-CP-T;cplex-cp;cp-t;epsilon;0;instance_30_15_4_43;TIMEOUT_FEASIBLE;300.0076;0.0037;299.9978;0.0001;2047;2818;137447;430;6;6;120;418
3;CPLEX-CP-T;cplex-cp;cp-t;epsilon;0;instance_30_15_4_44;INFEASIBLE;0.0012;0.0001;0.0000;0.0000;720;8;0;;;;;
3;CPLEX-CP-T;cplex-cp;cp-t;epsilon;0;instance_30_15_4_45;TIMEOUT_FEASIBLE;300.0045;0.0035;299.9955;0.0001;2134;2990;178;428;6;0;120;422
3;CPLEX-CP-T;cplex-cp;cp-t;epsilon;0;instance_30_15_4_46;TIMEOUT_FEASIBLE;300.0011;0.0033;299.9923;0.0001;2123;2969;159;453;3;0;120;450
3;CPLEX-CP-T;cplex-cp;cp-t;epsilon;0;instance_30_15_4_47;TIMEOUT_FEASIBLE;300.0006;0.0036;299.9909;0.0001;2189;3102;9416223;433;5;0;120;428
3;CPLEX-CP-T;cplex-cp;cp-t;epsilon;0;instance_30_15_4_48;TIMEOUT_FEASIBLE;300.0017;0.0031;299.9931;0.0001;2024;2770;21794;437;6;0;120;431
3;CPLEX-CP-T;cplex-cp;cp-t;epsilon;0;instance_30_15_4_49;TIMEOUT_FEASIBLE;300.0013;0.0030;299.9933;0.0001;2005;2735;597;442;6;0;120;436
3;CPLEX-CP-T;cplex-cp;cp-t;epsilon;0;instance_30_15_4_5;TIMEOUT_FEASIBLE;300.0013;0.0030;299.9932;0.0001;1977;2677;22802;431;11;0;120;420
3;CPLEX-CP-T;cplex-cp;cp-t;epsilon;0;instance_30_15_4_50;TIMEOUT_FEASIBLE;300.0011;0.0029;299.9932;0.0001;1952;2629;14655;415;11;0;120;404
3;CPLEX-CP-T;cplex-cp;cp-t;epsilon;0;instance_30_15_4_6;TIMEOUT_FEASIBLE;300.0014;0.0033;299.9929;0.0001;2146;3017;151;446;5;0;120;441
3;CPLEX-CP-T;cplex-cp;cp-t;epsilon;0;instance_30_15_4_7;INFEASIBLE;0.0015;0.0003;0.0000;0.0000;720;55;0;;;;;
3;CPLEX-CP-T;cplex-cp;cp-t;epsilon;0;instance_30_15_4_8;INFEASIBLE;0.0011;0.0000;0.0000;0.0000;720;5;0;;;;;
3;CPLEX-CP-T;cplex-cp;cp-t;epsilon;0;instance_30_15_4_9;OPTIMUM;129.4425;0.0057;129.4281;0.0001;1983;2691;26000;410;9;0;120;401
3;CPLEX-CP-T;cplex-cp;cp-t;epsilon;0;instance_40_25_5_1;TIMEOUT_FEASIBLE;300.0006;0.0080;299.9817;0.0001;4493;6851;43335;783;4;0;200;779
3;CPLEX-CP-T;cplex-cp;cp-t;epsilon;0;instance_40_25_5_10;TIMEOUT_FEASIBLE;300.0010;0.0079;299.9828;0.0001;4416;6695;399;776;4;0;200;772
3;CPLEX-CP-T;cplex-cp;cp-t;epsilon;0;instance_40_25_5_11;TIMEOUT_FEASIBLE;299.9998;0.0079;299.9825;0.0001;4565;6996;400;784;1;0;200;783
3;CPLEX-CP-T;cplex-cp;cp-t;epsilon;0;instance_40_25_5_12;TIMEOUT_FEASIBLE;300.0111;0.0078;299.9929;0.0001;4417;6696;465;784;3;0;200;781
3;CPLEX-CP-T;cplex-cp;cp-t;epsilon;0;instance_40_25_5_13;TIMEOUT_FEASIBLE;300.0018;0.0082;299.9818;0.0001;4675;7216;51726;787;3;0;200;784
3;CPLEX-CP-T;cplex-cp;cp-t;epsilon;0;instance_40_25_5_14;TIMEOUT_FEASIBLE;300.0000;0.0084;299.9815;0.0001;4826;7517;50690;782;1;0;200;781
3;CPLEX-CP-T;cplex-cp;cp-t;epsilon;0;instance_40_25_5_15;TIMEOUT_FEASIBLE;300.0007;0.0079;299.9805;0.0001;4527;6920;42323;721;6;0;200;715
3;CPLEX-CP-T;cplex-cp;cp-t;epsilon;0;instance_40_25_5_16;TIMEOUT_FEASIBLE;299.9996;0.0078;299.9819;0.0001;4604;7072;48868;765;6;0;200;759
3;CPLEX-CP-T;cplex-cp;cp-t;epsilon;0;instance_40_25_5_17;TIMEOUT_FEASIBLE;300.0088;0.0078;299.9877;0.0015;4530;6925;77597;753;8;0;200;745
3;CPLEX-CP-T;cplex-cp;cp-t;epsilon;0;instance_40_25_5_18;TIMEOUT_FEASIBLE;300.0108;0.0079;299.9913;0.0001;4499;6863;60290;786;2;0;200;784
3;CPLEX-CP-T;cplex-cp;cp-t;epsilon;0;instance_40_25_5_19;TIMEOUT_FEASIBLE;300.0001;0.0075;299.9810;0.0001;4527;6920;180956;745;11;3;200;731
3;CPLEX-CP-T;cplex-cp;cp-t;epsilon;0;instance_40_25_5_2;TIMEOUT_FEASIBLE;300.0111;0.0078;299.9922;0.0001;4443;6751;49520;779;4;0;200;775
3;CPLEX-CP-T;cplex-cp;cp-t;epsilon;0;instance_40_25_5_20;TIMEOUT_FEASIBLE;300.0115;0.0075;299.9938;0.0001;4251;6367;462;772;5;7;200;760
3;CPLEX-CP-T;cplex-cp;cp-t;epsilon;0;instance_40_25_5_21;TIMEOUT_FEASIBLE;300.0016;0.0080;299.9821;0.0001;4607;7079;54066;760;2;0;200;758
3;CPLEX-CP-T;cplex-cp;cp-t;epsilon;0;instance_40_25_5_22;TIMEOUT_FEASIBLE;300.0110;0.0076;299.9899;0.0001;4447;6760;232744;771;10;3;200;758
3;CPLEX-CP-T;cplex-cp;cp-t;epsilon;0;instance_40_25_5_23;TIMEOUT_FEASIBLE;300.0109;0.0078;299.9915;0.0001;4411;6687;60401;772;3;0;200;769
3;CPLEX-CP-T;cplex-cp;cp-t;epsilon;0;instance_40_25_5_24;TIMEOUT_FEASIBLE;300.0099;0.0081;299.9891;0.0001;4580;7025;308346;752;14;0;200;738
3;CPLEX-CP-T;cplex-cp;cp-t;epsilon;0;instance_40_25_5_25;TIMEOUT_FEASIBLE;299.9992;0.0077;299.9822;0.0001;4580;7025;968;769;8;0;200;761
3;CPLEX-CP-T;cplex-cp;cp-t;epsilon;0;instance_40_25_5_26;TIMEOUT_FEASIBLE;300.0115;0.0082;299.9921;0.0001;4536;6938;49522;778;2;1;200;775
3;CPLEX-CP-T;cplex-cp;cp-t;epsilon;0;instance_40_25_5_27;TIMEOUT_FEASIBLE;300.0005;0.0076;299.9803;0.0001;4481;6827;228726;755;16;0;200;739
3;CPLEX-CP-T;cplex-cp;cp-t;epsilon;0;instance_40_25_5_28;TIMEOUT_FEASIBLE;300.0106;0.0046;299.9989;0.0001;4603;7072;4745644;752;25;0;200;727
3;CPLEX-CP-T;cplex-cp;cp-t;epsilon;0;instance_40_25_5_29;TIMEOUT_FEASIBLE;300.0107;0.0077;299.9937;0.0001;4611;7088;549;757;13;0;200;744
3;CPLEX-CP-T;cplex-cp;cp-t;epsilon;0;instance_40_25_5_3;TIMEOUT_FEASIBLE;300.0103;0.0046;299.9989;0.0001;4515;6893;4747530;734;24;0;200;710
3;CPLEX-CP-T;cplex-cp;cp-t;epsilon;0;instance_40_25_5_30;TIMEOUT_FEASIBLE;300.0096;0.0083;299.9908;0.0001;4536;6937;433;771;5;0;200;766
3;CPLEX-CP-T;cplex-cp;cp-t;epsilon;0;instance_40_25_5_31;TIMEOUT_FEASIBLE;300.0012;0.0082;299.9824;0.0001;4627;7117;359;791;3;0;200;788
3;CPLEX-CP-T;cplex-cp;cp-t;epsilon;0;instance_40_25_5_32;TIMEOUT_FEASIBLE;300.0102;0.0081;299.9883;0.0026;4628;7121;302402;724;14;0;200;710
3;CPLEX-CP-T;cplex-cp;cp-t;epsilon;0;instance_40_25_5_33;TIMEOUT_FEASIBLE;300.0005;0.0074;299.9812;0.0001;4319;6503;157399;776;7;0;200;769
3;CPLEX-CP-T;cplex-cp;cp-t;epsilon;0;instance_40_25_5_34;TIMEOUT_FEASIBLE;300.0005;0.0077;299.9808;0.0001;4384;6632;276354;772;8;0;200;764
3;CPLEX-CP-T;cplex-cp;cp-t;epsilon;0;instance_40_25_5_35;TIMEOUT_FEASIBLE;300.0104;0.0077;299.9905;0.0006;4359;6583;72096;757;9;0;200;748
3;CPLEX-CP-T;cplex-cp;cp-t;epsilon;0;instance_40_25_5_36;TIMEOUT_FEASIBLE;299.9993;0.0084;299.9810;0.0001;4709;7281;1065;788;0;0;200;788
3;CPLEX-CP-T;cplex-cp;cp-t;epsilon;0;instance_40_25_5_37;TIMEOUT_FEASIBLE;300.0012;0.0080;299.9818;0.0001;4637;7139;50683;755;5;0;200;750
3;CPLEX-CP-T;cplex-cp;cp-t;epsilon;0;instance_40_25_5_38;TIMEOUT_FEASIBLE;300.0097;0.0076;299.9924;0.0001;4328;6520;46925;741;5;0;200;736
3;CPLEX-CP-T;cplex-cp;cp-t;epsilon;0;instance_40_25_5_39;TIMEOUT_FEASIBLE;300.0008;0.0078;299.9800;0.0001;4448;6762;265098;749;11;9;200;729
3;CPLEX-CP-T;cplex-cp;cp-t;epsilon;0;instance_40_25_5_4;TIMEOUT_FEASIBLE;300.0111;0.0078;299.9924;0.0001;4522;6909;55224;783;4;0;200;779
3;CPLEX-CP-T;cplex-cp;cp-t;epsilon;0;instance_40_25_5_40;TIMEOUT_FEASIBLE;300.0009;0.0080;299.9831;0.0001;4717;7298;402;775;6;0;200;769
3;CPLEX-CP-T;cplex-cp;cp-t;epsilon;0;instance_40_25_5_41;TIMEOUT_FEASIBLE;300.0094;0.0078;299.9912;0.0001;4330;6525;43971;771;6;0;200;765
3;CPLEX-CP-T;cplex-cp;cp-t;epsilon;0;instance_40_25_5_42;TIMEOUT_FEASIBLE;299.9995;0.0077;299.9823;0.0001;4543;6948;43314;747;8;0;200;739
3;CPLEX-CP-T;cplex-cp;cp-t;epsilon;0;instance_40_25_5_43;TIMEOUT_FEASIBLE;300.0107;0.0043;299.9993;0.0001;4299;6460;6463605;775;41;9;200;725
3;CPLEX-CP-T;cplex-cp;cp-t;epsilon;0;instance_40_25_5_44;TIMEOUT_FEASIBLE;300.0110;0.0078;299.9928;0.0001;4516;6898;1165;786;3;0;200;783
3;CPLEX-CP-T;cplex-cp;cp-t;epsilon;0;instance_40_25_5_45;TIMEOUT_FEASIBLE;300.0106;0.0080;299.9922;0.0001;4617;7099;53135;711;6;0;200;705
3;CPLEX-CP-T;cplex-cp;cp-t;epsilon;0;instance_40_25_5_46;INFEASIBLE;0.0016;0.0002;0.0000;0.0000;1200;32;0;;;;;
3;CPLEX-CP-T;cplex-cp;cp-t;epsilon;0;instance_40_25_5_47;TIMEOUT_FEASIBLE;300.0029;0.0079;299.9839;0.0001;4400;6664;52298;785;3;0;200;782
3;CPLEX-CP-T;cplex-cp;cp-t;epsilon;0;instance_40_25_5_48;TIMEOUT_FEASIBLE;300.0004;0.0082;299.9824;0.0001;4646;7156;398;769;1;0;200;768
3;CPLEX-CP-T;cplex-cp;cp-t;epsilon;0;instance_40_25_5_49;TIMEOUT_FEASIBLE;300.0096;0.0044;299.9974;0.0001;4459;6783;4924742;737;27;0;200;710
3;CPLEX-CP-T;cplex-cp;cp-t;epsilon;0;instance_40_25_5_5;TIMEOUT_FEASIBLE;300.0008;0.0079;299.9825;0.0001;4537;6938;363;787;6;0;200;781
3;CPLEX-CP-T;cplex-cp;cp-t;epsilon;0;instance_40_25_5_50;TIMEOUT_FEASIBLE;300.0014;0.0077;299.9832;0.0001;4324;6513;435;791;5;7;200;779
3;CPLEX-CP-T;cplex-cp;cp-t;epsilon;0;instance_40_25_5_6;TIMEOUT_FEASIBLE;300.0010;0.0078;299.9824;0.0001;4451;6765;58141;771;3;0;200;768
3;CPLEX-CP-T;cplex-cp;cp-t;epsilon;0;instance_40_25_5_7;TIMEOUT_FEASIBLE;300.0009;0.0078;299.9823;0.0001;4403;6671;392;785;1;0;200;784
3;CPLEX-CP-T;cplex-cp;cp-t;epsilon;0;instance_40_25_5_8;TIMEOUT_FEASIBLE;299.9991;0.0079;299.9816;0.0001;4602;7070;354;772;4;0;200;768
3;CPLEX-CP-T;cplex-cp;cp-t;epsilon;0;instance_40_25_5_9;TIMEOUT_FEASIBLE;300.0116;0.0082;299.9926;0.0001;4632;7130;754;777;2;0;200;775
4;CPLEX-CP-I;cplex-cp;cp-i;epsilon;0;instance_30_15_4_1;TIMEOUT_FEASIBLE;299.9955;0.0058;299.9845;0.0001;1430;2153;170;451;8;0;120;443
4;CPLEX-CP-I;cplex-cp;cp-i;epsilon;0;instance_30_15_4_10;TIMEOUT_FEASIBLE;300.0089;0.0050;299.9994;0.0001;1268;1920;176;428;10;0;120;418
4;CPLEX-CP-I;cplex-cp;cp-i;epsilon;0;instance_30_15_4_11;TIMEOUT_FEASIBLE;300.0012;0.0046;299.9923;0.0001;1088;1621;64385;415;4;3;120;408
4;CPLEX-CP-I;cplex-cp;cp-i;epsilon;0;instance_30_15_4_12;TIMEOUT_FEASIBLE;300.0005;0.0051;299.9910;0.0001;1181;1781;12380;444;4;0;120;440
4;CPLEX-CP-I;cplex-cp;cp-i;epsilon;0;instance_30_15_4_13;TIMEOUT_FEASIBLE;300.0003;0.0041;299.9921;0.0001;976;1461;158;389;6;0;120;383
4;CPLEX-CP-I;cplex-cp;cp-i;epsilon;0;instance_30_15_4_14;TIMEOUT_FEASIBLE;300.0019;0.0056;299.9918;0.0001;1339;2042;12124;425;13;0;120;412
4;CPLEX-CP-I;cplex-cp;cp-i;epsilon;0;instance_30_15_4_15;TIMEOUT_FEASIBLE;300.0006;0.0055;299.9903;0.0001;1372;2057;13664;452;4;2;120;446
4;CPLEX-CP-I;cplex-cp;cp-i;epsilon;0;instance_30_15_4_16;TIMEOUT_FEASIBLE;300.0000;0.0044;299.9913;0.0001;1050;1624;17140;402;3;0;120;399
4;CPLEX-CP-I;cplex-cp;cp-i;epsilon;0;instance_30_15_4_17;TIMEOUT_FEASIBLE;300.0015;0.0051;299.9922;0.0001;1219;1858;9196;428;7;0;120;421
4;CPLEX-CP-I;cplex-cp;cp-i;epsilon;0;instance_30_15_4_18;TIMEOUT_FEASIBLE;300.0020;0.0060;299.9909;0.0001;1553;2311;13216;463;5;0;120;458
4;CPLEX-CP-I;cplex-cp;cp-i;epsilon;0;instance_30_15_4_19;TIMEOUT_FEASIBLE;299.9978;0.0048;299.9889;0.0001;1088;1637;3536;425;9;0;120;416
4;CPLEX-CP-I;cplex-cp;cp-i;epsilon;0;instance_30_15_4_2;TIMEOUT_FEASIBLE;300.0024;0.0042;299.9942;0.0001;977;1505;31264;379;4;6;120;369
4;CPLEX-CP-I;cplex-cp;cp-i;epsilon;0;instance_30_15_4_20;TIMEOUT_FEASIBLE;300.0095;0.0047;300.0005;0.0001;1095;1678;8530;434;6;0;120;428
4;CPLEX-CP-I;cplex-cp;cp-i;epsilon;0;instance_30_15_4_21;INFEASIBLE;0.0012;0.0001;0.0000;0.0000;19;18;0;;;;;
4;CPLEX-CP-I;cplex-cp;cp-i;epsilon;0;instance_30_15_4_22;TIMEOUT_FEASIBLE;300.0040;0.0050;299.9947;0.0001;1170;1765;160;436;8;0;120;428
4;CPLEX-CP-I;cplex-cp;cp-i;epsilon;0;instance_30_15_4_23;TIMEOUT_FEASIBLE;300.0011;0.0056;299.9907;0.0001;1385;2084;167;445;7;0;120;438
4;CPLEX-CP-I;cplex-cp;cp-i;epsilon;0;instance_30_15_4_24;TIMEOUT_FEASIBLE;300.0005;0.0056;299.9902;0.0001;1423;2140;4285;450;3;0;120;447
4;CPLEX-CP-I;cplex-cp;cp-i;epsilon;0;instance_30_15_4_25;TIMEOUT_FEASIBLE;300.0104;0.0045;300.0019;0.0001;1015;1549;17715;411;3;0;120;408
4;CPLEX-CP-I;cplex-cp;cp-i;epsilon;0;instance_30_15_4_26;TIMEOUT_FEASIBLE;300.0013;0.0055;299.9912;0.0001;1331;1999;15111;443;6;0;120;437
4;CPLEX-CP-I;cplex-cp;cp-i;epsilon;0;instance_30_15_4_27;TIMEOUT_FEASIBLE;300.0004;0.0055;299.9904;0.0001;1240;1895;23778;416;6;0;120;410
4;CPLEX-CP-I;cplex-cp;cp-i;epsilon;0;instance_30_15_4_28;TIMEOUT_FEASIBLE;300.0008;0.0052;299.9911;0.0001;1341;2027;13678;429;8;0;120;421
4;CPLEX-CP-I;cplex-cp;cp-i;epsilon;0;instance_30_15_4_29;TIMEOUT_FEASIBLE;299.9998;0.0041;299.9918;0.0001;925;1407;16459;410;5;0;120;405
4;CPLEX-CP-I;cplex-cp;cp-i;epsilon;0;instance_30_15_4_3;TIMEOUT_FEASIBLE;300.0112;0.0054;300.0012;0.0001;1401;2126;7457;443;5;0;120;438
4;CPLEX-CP-I;cplex-cp;cp-i;epsilon;0;instance_30_15_4_30;TIMEOUT_FEASIBLE;300.0004;0.0056;299.9901;0.0001;1411;2129;21288;444;7;1;120;436
4;CPLEX-CP-I;cplex-cp;cp-i;epsilon;0;instance_30_15_4_31;TIMEOUT_FEASIBLE;300.0005;0.0054;299.9904;0.0001;1389;2057;195;419;7;0;120;412
4;CPLEX-CP-I;cplex-cp;cp-i;epsilon;0;instance_30_15_4_32;TIMEOUT_FEASIBLE;300.0105;0.0051;300.0010;0.0001;1246;1854;20090;390;3;0;120;387
4;CPLEX-CP-I;cplex-cp;cp-i;epsilon;0;instance_30_15_4_33;TIMEOUT_FEASIBLE;300.0008;0.0056;299.9904;0.0001;1359;2036;75122;438;3;0;120;435
4;CPLEX-CP-I;cplex-cp;cp-i;epsilon;0;instance_30_15_4_34;TIMEOUT_FEASIBLE;300.0004;0.0055;299.9902;0.0001;1356;2048;10741;404;5;0;120;399
4;CPLEX-CP-I;cplex-cp;cp-i;epsilon;0;instance_30_15_4_35;INFEASIBLE;0.0023;0.0011;0.0000;0.0000;405;404;0;;;;;
4;CPLEX-CP-I;cplex-cp;cp-i;epsilon;0;instance_30_15_4_36;TIMEOUT_FEASIBLE;300.0020;0.0052;299.9923;0.0001;1301;1935;180;438;5;0;120;433
4;CPLEX-CP-I;cplex-cp;cp-i;epsilon;0;instance_30_15_4_37;TIMEOUT_FEASIBLE;300.0008;0.0049;299.9914;0.0001;1286;1980;42000;433;6;0;120;427
4;CPLEX-CP-I;cplex-cp;cp-i;epsilon;0;instance_30_15_4_38;TIMEOUT_FEASIBLE;300.0006;0.0051;299.9908;0.0001;1246;1906;109422;406;4;0;120;402
4;CPLEX-CP-I;cplex-cp;cp-i;epsilon;0;instance_30_15_4_39;TIMEOUT_FEASIBLE;300.0008;0.0056;299.9904;0.0001;1398;2093;7848;450;3;0;120;447
4;CPLEX-CP-I;cplex-cp;cp-i;epsilon;0;instance_30_15_4_4;TIMEOUT_FEASIBLE;300.0005;0.0065;299.9887;0.0001;1583;2422;6848;457;6;0;120;451
4;CPLEX-CP-I;cplex-cp;cp-i;epsilon;0;instance_30_15_4_40;TIMEOUT_FEASIBLE;300.0096;0.0060;299.9988;0.0001;1316;2005;173;450;0;1;120;449
4;CPLEX-CP-I;cplex-cp;cp-i;epsilon;0;instance_30_15_4_41;TIMEOUT_FEASIBLE;300.0000;0.0069;299.9878;0.0001;1630;2408;218;444;1;0;120;443
4;CPLEX-CP-I;cplex-cp;cp-i;epsilon;0;instance_30_15_4_42;TIMEOUT_FEASIBLE;300.0100;0.0062;299.9986;0.0001;1445;2156;74131;443;6;0;120;437
4;CPLEX-CP-I;cplex-cp;cp-i;epsilon;0;instance_30_15_4_43;TIMEOUT_FEASIBLE;300.0106;0.0051;300.0011;0.0001;1270;1891;56252;430;6;5;120;419
4;CPLEX-CP-I;cplex-cp;cp-i;epsilon;0;instance_30_15_4_44;INFEASIBLE;0.0013;0.0002;0.0000;0.0000;48;47;0;;;;;
4;CPLEX-CP-I;cplex-cp;cp-i;epsilon;0;instance_30_15_4_45;TIMEOUT_FEASIBLE;300.0047;0.0060;299.9939;0.0001;1447;2172;4457;428;6;0;120;422
4;CPLEX-CP-I;cplex-cp;cp-i;epsilon;0;instance_30_15_4_46;TIMEOUT_FEASIBLE;300.0004;0.0060;299.9892;0.0001;1482;2227;5190;453;3;0;120;450
4;CPLEX-CP-I;cplex-cp;cp-i;epsilon;0;instance_30_15_4_47;TIMEOUT_FEASIBLE;300.0090;0.0053;299.9989;0.0001;1230;1894;3070644;433;5;0;120;428
4;CPLEX-CP-I;cplex-cp;cp-i;epsilon;0;instance_30_15_4_48;TIMEOUT_FEASIBLE;300.0010;0.0054;299.9911;0.0001;1250;1889;9869;437;6;1;120;430
4;CPLEX-CP-I;cplex-cp;cp-i;epsilon;0;instance_30_15_4_49;TIMEOUT_FEASIBLE;300.0103;0.0048;300.0011;0.0001;1242;1852;181;442;6;0;120;436
4;CPLEX-CP-I;cplex-cp;cp-i;epsilon;0;instance_30_15_4_5;TIMEOUT_FEASIBLE;300.0000;0.0049;299.9909;0.0001;1163;1743;19228;431;11;0;120;420
4;CPLEX-CP-I;cplex-cp;cp-i;epsilon;0;instance_30_15_4_50;TIMEOUT_FEASIBLE;300.0015;0.0042;299.9932;0.0001;1018;1538;4574;415;11;0;120;404
4;CPLEX-CP-I;cplex-cp;cp-i;epsilon;0;instance_30_15_4_6;TIMEOUT_FEASIBLE;300.0028;0.0050;299.9934;0.0001;1157;1769;153;446;5;0;120;441
4;CPLEX-CP-I;cplex-cp;cp-i;epsilon;0;instance_30_15_4_7;INFEASIBLE;0.0021;0.0009;0.0000;0.0000;366;365;0;;;;;
4;CPLEX-CP-I;cplex-cp;cp-i;epsilon;0;instance_30_15_4_8;INFEASIBLE;0.0011;0.0001;0.0000;0.0000;31;30;0;;;;;
4;CPLEX-CP-I;cplex-cp;cp-i;epsilon;0;instance_30_15_4_9;OPTIMUM;24.6771;0.0084;24.6606;0.0002;1054;1603;12465;410;9;0;120;401
4;CPLEX-CP-I;cplex-cp;cp-i;epsilon;0;instance_40_25_5_1;TIMEOUT_FEASIBLE;300.0104;0.0146;299.9876;0.0001;2924;4256;371;783;4;0;200;779
4;CPLEX-CP-I;cplex-cp;cp-i;epsilon;0;instance_40_25_5_10;TIMEOUT_FEASIBLE;300.0006;0.0157;299.9754;0.0001;3577;5138;421;776;4;0;200;772
4;CPLEX-CP-I;cplex-cp;cp-i;epsilon;0;instance_40_25_5_11;TIMEOUT_FEASIBLE;300.0076;0.0148;299.9841;0.0001;3242;4737;410;784;1;0;200;783
4;CPLEX-CP-I;cplex-cp;cp-i;epsilon;0;instance_40_25_5_12;TIMEOUT_FEASIBLE;300.0091;0.0137;299.9872;0.0001;3081;4452;406;784;3;0;200;781
4;CPLEX-CP-I;cplex-cp;cp-i;epsilon;0;instance_40_25_5_13;TIMEOUT_FEASIBLE;299.9984;0.0149;299.9746;0.0001;3307;4840;383;787;3;1;200;783
4;CPLEX-CP-I;cplex-cp;cp-i;epsilon;0;instance_40_25_5_14;TIMEOUT_FEASIBLE;300.0097;0.0155;299.9847;0.0001;3615;5299;22692;782;1;0;200;781
4;CPLEX-CP-I;cplex-cp;cp-i;epsilon;0;instance_40_25_5_15;TIMEOUT_FEASIBLE;300.0084;0.0152;299.9841;0.0001;3045;4478;24084;721;6;0;200;715
4;CPLEX-CP-I;cplex-cp;cp-i;epsilon;0;instance_40_25_5_16;TIMEOUT_FEASIBLE;300.0082;0.0136;299.9864;0.0001;2949;4329;22977;765;6;0;200;759
4;CPLEX-CP-I;cplex-cp;cp-i;epsilon;0;instance_40_25_5_17;TIMEOUT_FEASIBLE;300.0090;0.0150;299.9843;0.0001;3083;4481;47556;753;8;0;200;745
4;CPLEX-CP-I;cplex-cp;cp-i;epsilon;0;instance_40_25_5_18;TIMEOUT_FEASIBLE;300.0079;0.0150;299.9842;0.0001;3222;4692;22490;786;2;0;200;784
4;CPLEX-CP-I;cplex-cp;cp-i;epsilon;0;instance_40_25_5_19;TIMEOUT_FEASIBLE;300.0053;0.0123;299.9855;0.0001;2449;3616;57243;745;11;1;200;733
4;CPLEX-CP-I;cplex-cp;cp-i;epsilon;0;instance_40_25_5_2;TIMEOUT_FEASIBLE;300.0003;0.0139;299.9782;0.0001;3080;4461;21878;779;4;0;200;775
4;CPLEX-CP-I;cplex-cp;cp-i;epsilon;0;instance_40_25_5_20;TIMEOUT_FEASIBLE;300.0093;0.0145;299.9860;0.0001;3091;4401;28079;772;5;14;200;753
4;CPLEX-CP-I;cplex-cp;cp-i;epsilon;0;instance_40_25_5_21;TIMEOUT_FEASIBLE;299.9993;0.0158;299.9735;0.0001;3280;4778;12304;760;2;0;200;758
4;CPLEX-CP-I;cplex-cp;cp-i;epsilon;0;instance_40_25_5_22;TIMEOUT_FEASIBLE;300.0075;0.0135;299.9853;0.0001;2721;4000;85416;771;10;2;200;759
4;CPLEX-CP-I;cplex-cp;cp-i;epsilon;0;instance_40_25_5_23;TIMEOUT_FEASIBLE;300.0098;0.0153;299.9846;0.0001;3154;4543;30897;772;3;0;200;769
4;CPLEX-CP-I;cplex-cp;cp-i;epsilon;0;instance_40_25_5_24;TIMEOUT_FEASIBLE;300.0087;0.0136;299.9864;0.0001;2599;3824;134641;752;14;0;200;738
4;CPLEX-CP-I;cplex-cp;cp-i;epsilon;0;instance_40_25_5_25;TIMEOUT_FEASIBLE;299.9986;0.0121;299.9791;0.0001;2636;3871;7146;769;8;0;200;761
4;CPLEX-CP-I;cplex-cp;cp-i;epsilon;0;instance_40_25_5_26;TIMEOUT_FEASIBLE;299.9994;0.0145;299.9762;0.0001;3262;4762;407;778;2;2;200;774
4;CPLEX-CP-I;cplex-cp;cp-i;epsilon;0;instance_40_25_5_27;TIMEOUT_FEASIBLE;300.0085;0.0124;299.9875;0.0002;2621;3848;110478;755;16;0;200;739
4;CPLEX-CP-I;cplex-cp;cp-i;epsilon;0;instance_40_25_5_28;TIMEOUT_FEASIBLE;300.0001;0.0096;299.9850;0.0001;3173;4676;2781209;752;44;0;200;708
4;CPLEX-CP-I;cplex-cp;cp-i;epsilon;0;instance_40_25_5_29;TIMEOUT_FEASIBLE;300.0092;0.0129;299.9887;0.0001;2759;4047;35273;757;13;2;200;742
4;CPLEX-CP-I;cplex-cp;cp-i;epsilon;0;instance_40_25_5_3;TIMEOUT_FEASIBLE;299.9995;0.0087;299.9853;0.0001;3073;4500;2317407;734;39;0;200;695
4;CPLEX-CP-I;cplex-cp;cp-i;epsilon;0;instance_40_25_5_30;TIMEOUT_FEASIBLE;300.0109;0.0158;299.9861;0.0001;3553;5143;466;771;5;0;200;766
4;CPLEX-CP-I;cplex-cp;cp-i;epsilon;0;instance_40_25_5_31;TIMEOUT_FEASIBLE;300.0087;0.0162;299.9834;0.0001;3431;4979;369;791;3;0;200;788
4;CPLEX-CP-I;cplex-cp;cp-i;epsilon;0;instance_40_25_5_32;TIMEOUT_FEASIBLE;300.0085;0.0144;299.9843;0.0001;3251;4793;70419;724;14;0;200;710
4;CPLEX-CP-I;cplex-cp;cp-i;epsilon;0;instance_40_25_5_33;TIMEOUT_FEASIBLE;300.0074;0.0123;299.9874;0.0001;2591;3776;52115;776;7;0;200;769
4;CPLEX-CP-I;cplex-cp;cp-i;epsilon;0;instance_40_25_5_34;TIMEOUT_FEASIBLE;300.0002;0.0151;299.9747;0.0001;3117;4480;192118;772;8;0;200;764
4;CPLEX-CP-I;cplex-cp;cp-i;epsilon;0;instance_40_25_5_35;TIMEOUT_FEASIBLE;300.0091;0.0144;299.9857;0.0001;3116;4531;23469;757;9;4;200;744
4;CPLEX-CP-I;cplex-cp;cp-i;epsilon;0;instance_40_25_5_36;TIMEOUT_FEASIBLE;300.0094;0.0154;299.9848;0.0001;3286;4821;8317;788;0;0;200;788
4;CPLEX-CP-I;cplex-cp;cp-i;epsilon;0;instance_40_25_5_37;TIMEOUT_FEASIBLE;299.9984;0.0146;299.9748;0.0001;3151;4633;27964;755;5;0;200;750
4;CPLEX-CP-I;cplex-cp;cp-i;epsilon;0;instance_40_25_5_38;TIMEOUT_FEASIBLE;300.0197;0.0135;299.9975;0.0001;2820;4116;52885;741;5;0;200;736
4;CPLEX-CP-I;cplex-cp;cp-i;epsilon;0;instance_40_25_5_39;TIMEOUT_FEASIBLE;300.0087;0.0132;299.9867;0.0001;2563;3767;167023;749;11;5;200;733
4;CPLEX-CP-I;cplex-cp;cp-i;epsilon;0;instance_40_25_5_4;TIMEOUT_FEASIBLE;300.0000;0.0139;299.9772;0.0001;3083;4491;41713;783;4;0;200;779
4;CPLEX-CP-I;cplex-cp;cp-i;epsilon;0;instance_40_25_5_40;TIMEOUT_FEASIBLE;300.0094;0.0146;299.9863;0.0001;3076;4533;11623;775;6;0;200;769
4;CPLEX-CP-I;cplex-cp;cp-i;epsilon;0;instance_40_25_5_41;TIMEOUT_FEASIBLE;300.0169;0.0155;299.9924;0.0001;3241;4682;422;771;6;0;200;765
4;CPLEX-CP-I;cplex-cp;cp-i;epsilon;0;instance_40_25_5_42;TIMEOUT_FEASIBLE;300.0099;0.0140;299.9870;0.0001;2735;4071;55069;747;8;2;200;737
4;CPLEX-CP-I;cplex-cp;cp-i;epsilon;0;instance_40_25_5_43;TIMEOUT_FEASIBLE;300.0083;0.0083;299.9949;0.0001;2839;4125;6998581;775;33;4;200;738
4;CPLEX-CP-I;cplex-cp;cp-i;epsilon;0;instance_40_25_5_44;TIMEOUT_FEASIBLE;300.0018;0.0169;299.9753;0.0001;3287;4819;32682;786;3;2;200;781
4;CPLEX-CP-I;cplex-cp;cp-i;epsilon;0;instance_40_25_5_45;TIMEOUT_FEASIBLE;299.9986;0.0157;299.9731;0.0001;3187;4693;24535;711;6;0;200;705
4;CPLEX-CP-I;cplex-cp;cp-i;epsilon;0;instance_40_25_5_46;INFEASIBLE;0.0022;0.0008;0.0000;0.0000;317;316;0;;;;;
4;CPLEX-CP-I;cplex-cp;cp-i;epsilon;0;instance_40_25_5_47;TIMEOUT_FEASIBLE;300.0095;0.0162;299.9831;0.0001;3472;5028;29082;785;3;0;200;782
4;CPLEX-CP-I;cplex-cp;cp-i;epsilon;0;instance_40_25_5_48;TIMEOUT_FEASIBLE;300.0092;0.0152;299.9850;0.0001;3247;4793;19739;769;1;3;200;765
4;CPLEX-CP-I;cplex-cp;cp-i;epsilon;0;instance_40_25_5_49;TIMEOUT_FEASIBLE;299.9965;0.0087;299.9827;0.0001;2951;4331;10349547;737;44;0;200;693
4;CPLEX-CP-I;cplex-cp;cp-i;epsilon;0;instance_40_25_5_5;TIMEOUT_FEASIBLE;300.0120;0.0139;299.9896;0.0001;3263;4745;13516;787;6;2;200;779
4;CPLEX-CP-I;cplex-cp;cp-i;epsilon;0;instance_40_25_5_50;TIMEOUT_FEASIBLE;300.0086;0.0156;299.9837;0.0001;3408;4851;20249;791;5;0;200;786
4;CPLEX-CP-I;cplex-cp;cp-i;epsilon;0;instance_40_25_5_6;TIMEOUT_FEASIBLE;300.0078;0.0163;299.9811;0.0001;3371;4895;47257;771;3;1;200;767
4;CPLEX-CP-I;cplex-cp;cp-i;epsilon;0;instance_40_25_5_7;TIMEOUT_FEASIBLE;300.0087;0.0159;299.9836;0.0001;3454;4982;452;785;1;1;200;783
4;CPLEX-CP-I;cplex-cp;cp-i;epsilon;0;instance_40_25_5_8;TIMEOUT_FEASIBLE;300.0076;0.0133;299.9860;0.0001;3015;4436;385;772;4;0;200;768
4;CPLEX-CP-I;cplex-cp;cp-i;epsilon;0;instance_40_25_5_9;TIMEOUT_FEASIBLE;299.9991;0.0168;299.9722;0.0001;3326;4872;26093;777;2;0;200;775
1;GUROBI-MIP;gurobi-mip;mip-e;epsilon;0.01;instance_30_15_4_1;OPTIMUM;0.3994;0.0185;0.1608;0.0002;3371;3079;1;447;4;0;120;443
1;GUROBI-MIP;gurobi-mip;mip-e;epsilon;0.01;instance_30_15_4_10;OPTIMUM;0.1545;0.0165;0.1349;0.0002;2858;2791;1;424;6;0;120;418
1;GUROBI-MIP;gurobi-mip;mip-e;epsilon;0.01;instance_30_15_4_11;OPTIMUM;0.1699;0.0146;0.1524;0.0002;2559;2447;1;411;0;5;120;406
1;GUROBI-MIP;gurobi-mip;mip-e;epsilon;0.01;instance_30_15_4_12;OPTIMUM;0.1637;0.0155;0.1453;0.0002;2802;2664;1;441;1;0;120;440
1;GUROBI-MIP;gurobi-mip;mip-e;epsilon;0.01;instance_30_15_4_13;OPTIMUM;0.1387;0.0133;0.1227;0.0002;2204;2192;1;386;3;0;120;383
1;GUROBI-MIP;gurobi-mip;mip-e;epsilon;0.01;instance_30_15_4_14;OPTIMUM;0.1645;0.0171;0.1443;0.0002;3089;2948;1;421;9;0;120;412
1;GUROBI-MIP;gurobi-mip;mip-e;epsilon;0.01;instance_30_15_4_15;OPTIMUM;0.2300;0.0182;0.2086;0.0002;3341;3041;1;448;1;0;120;447
1;GUROBI-MIP;gurobi-mip;mip-e;epsilon;0.01;instance_30_15_4_16;OPTIMUM;0.1040;0.0134;0.0879;0.0002;2300;2344;1;398;0;0;120;398
1;GUROBI-MIP;gurobi-mip;mip-e;epsilon;0.01;instance_30_15_4_17;OPTIMUM;0.1357;0.0160;0.1168;0.0002;2875;2724;1;425;3;0;120;422
1;GUROBI-MIP;gurobi-mip;mip-e;epsilon;0.01;instance_30_15_4_18;OPTIMUM;0.2868;0.0221;0.2612;0.0002;3959;3386;1;460;3;0;120;457
1;GUROBI-MIP;gurobi-mip;mip-e;epsilon;0.01;instance_30_15_4_19;OPTIMUM;0.1256;0.0147;0.1081;0.0002;2623;2494;1;421;6;0;120;415
1;GUROBI-MIP;gurobi-mip;mip-e;epsilon;0.01;instance_30_15_4_2;OPTIMUM;0.1292;0.0127;0.1138;0.0002;2165;2208;1;376;2;1;120;373
1;GUROBI-MIP;gurobi-mip;mip-e;epsilon;0.01;instance_30_15_4_20;OPTIMUM;0.1217;0.0143;0.1046;0.0002;2444;2469;1;430;4;0;120;426
1;GUROBI-MIP;gurobi-mip;mip-e;epsilon;0.01;instance_30_15_4_21;INFEASIBLE;0.0059;0.0030;0.0014;0.0000;1837;1922;0;;;;;
1;GUROBI-MIP;gurobi-mip;mip-e;epsilon;0.01;instance_30_15_4_22;OPTIMUM;0.1393;0.0153;0.1211;0.0002;2720;2647;1;432;4;0;120;428
1;GUROBI-MIP;gurobi-mip;mip-e;epsilon;0.01;instance_30_15_4_23;OPTIMUM;0.1878;0.0180;0.1667;0.0002;3361;3073;1;441;4;0;120;437
1;GUROBI-MIP;gurobi-mip;mip-e;epsilon;0.01;instance_30_15_4_24;OPTIMUM;0.1750;0.0183;0.1534;0.0002;3343;3066;1;447;1;0;120;446
1;GUROBI-MIP;gurobi-mip;mip-e;epsilon;0.01;instance_30_15_4_25;OPTIMUM;0.1177;0.0134;0.1016;0.0002;2287;2294;1;409;2;0;120;407
1;GUROBI-MIP;gurobi-mip;mip-e;epsilon;0.01;instance_30_15_4_26;OPTIMUM;0.1734;0.0167;0.1537;0.0002;3064;2888;1;439;2;0;120;437
1;GUROBI-MIP;gurobi-mip;mip-e;epsilon;0.01;instance_30_15_4_27;OPTIMUM;0.1554;0.0160;0.1364;0.0002;2917;2741;1;412;2;0;120;410
1;GUROBI-MIP;gurobi-mip;mip-e;epsilon;0.01;instance_30_15_4_28;OPTIMUM;0.1768;0.0173;0.1565;0.0002;3117;2956;1;425;5;0;120;420
1;GUROBI-MIP;gurobi-mip;mip-e;epsilon;0.01;instance_30_15_4_29;OPTIMUM;0.1130;0.0124;0.0980;0.0002;2095;2159;1;407;3;0;120;404
1;GUROBI-MIP;gurobi-mip;mip-e;epsilon;0.01;instance_30_15_4_3;OPTIMUM;0.2275;0.0181;0.2063;0.0002;3366;3038;1;439;2;0;120;437
1;GUROBI-MIP;gurobi-mip;mip-e;epsilon;0.01;instance_30_15_4_30;OPTIMUM;0.2408;0.0181;0.2195;0.0002;3307;3074;1;440;3;0;120;437
1;GUROBI-MIP;gurobi-mip;mip-e;epsilon;0.01;instance_30_15_4_31;OPTIMUM;0.2024;0.0180;0.1812;0.0002;3331;3021;1;416;4;0;120;412
1;GUROBI-MIP;gurobi-mip;mip-e;epsilon;0.01;instance_30_15_4_32;OPTIMUM;0.1582;0.0169;0.1381;0.0002;3155;2791;1;387;1;0;120;386
1;GUROBI-MIP;gurobi-mip;mip-e;epsilon;0.01;instance_30_15_4_33;OPTIMUM;0.1651;0.0176;0.1443;0.0002;3223;2979;1;434;1;0;120;433
1;GUROBI-MIP;gurobi-mip;mip-e;epsilon;0.01;instance_30_15_4_34;OPTIMUM;0.1631;0.0178;0.1422;0.0002;3322;2990;1;400;1;0;120;399
1;GUROBI-MIP;gurobi-mip;mip-e;epsilon;0.01;instance_30_15_4_35;INFEASIBLE;0.0074;0.0041;0.0018;0.0000;2706;2659;0;;;;;
1;GUROBI-MIP;gurobi-mip;mip-e;epsilon;0.01;instance_30_15_4_36;OPTIMUM;0.1851;0.0175;0.1643;0.0002;3184;2947;1;435;3;0;120;432
1;GUROBI-MIP;gurobi-mip;mip-e;epsilon;0.01;instance_30_15_4_37;OPTIMUM;0.1433;0.0160;0.1243;0.0002;2865;2755;1;429;3;0;120;426
1;GUROBI-MIP;gurobi-mip;mip-e;epsilon;0.01;instance_30_15_4_38;OPTIMUM;0.1469;0.0158;0.1282;0.0002;2845;2745;1;402;0;0;120;402
1;GUROBI-MIP;gurobi-mip;mip-e;epsilon;0.01;instance_30_15_4_39;OPTIMUM;0.1675;0.0180;0.1463;0.0002;3288;3013;1;446;2;0;120;444
1;GUROBI-MIP;gurobi-mip;mip-e;epsilon;0.01;instance_30_15_4_4;OPTIMUM;0.1965;0.0195;0.1735;0.0002;3686;3374;1;453;2;0;120;451
1;GUROBI-MIP;gurobi-mip;mip-e;epsilon;0.01;instance_30_15_4_40;OPTIMUM;0.1949;0.0172;0.1746;0.0002;3126;2946;1;450;0;0;120;450
1;GUROBI-MIP;gurobi-mip;mip-e;epsilon;0.01;instance_30_15_4_41;OPTIMUM;0.2138;0.0215;0.1886;0.0002;4145;3586;1;443;0;0;120;443
1;GUROBI-MIP;gurobi-mip;mip-e;epsilon;0.01;instance_30_15_4_42;OPTIMUM;0.1975;0.0194;0.1746;0.0002;3363;3102;1;439;2;0;120;437
1;GUROBI-MIP;gurobi-mip;mip-e;epsilon;0.01;instance_30_15_4_43;OPTIMUM;0.1920;0.0171;0.1718;0.0002;3163;2828;1;426;3;4;120;419
1;GUROBI-MIP;gurobi-mip;mip-e;epsilon;0.01;instance_30_15_4_44;INFEASIBLE;0.0080;0.0044;0.0020;0.0000;2881;2803;0;;;;;
1;GUROBI-MIP;gurobi-mip;mip-e;epsilon;0.01;instance_30_15_4_45;OPTIMUM;0.1820;0.0189;0.1597;0.0002;3586;3190;1;424;2;0;120;422
1;GUROBI-MIP;gurobi-mip;mip-e;epsilon;0.01;instance_30_15_4_46;OPTIMUM;0.1769;0.0189;0.1548;0.0002;3478;3213;1;450;1;0;120;449
1;GUROBI-MIP;gurobi-mip;mip-e;epsilon;0.01;instance_30_15_4_47;OPTIMUM;0.1406;0.0158;0.1219;0.0002;2811;2697;1;432;4;0;120;428
1;GUROBI-MIP;gurobi-mip;mip-e;epsilon;0.01;instance_30_15_4_48;OPTIMUM;0.1506;0.0160;0.1316;0.0002;2913;2779;1;433;2;0;120;431
1;GUROBI-MIP;gurobi-mip;mip-e;epsilon;0.01;instance_30_15_4_49;OPTIMUM;0.1411;0.0162;0.1219;0.0002;2912;2738;1;438;3;0;120;435
1;GUROBI-MIP;gurobi-mip;mip-e;epsilon;0.01;instance_30_15_4_5;OPTIMUM;0.1386;0.0153;0.1204;0.0002;2772;2611;1;427;6;0;120;421
1;GUROBI-MIP;gurobi-mip;mip-e;epsilon;0.01;instance_30_15_4_50;OPTIMUM;0.1302;0.0135;0.1141;0.0002;2294;2254;1;412;9;0;120;403
1;GUROBI-MIP;gurobi-mip;mip-e;epsilon;0.01;instance_30_15_4_6;OPTIMUM;0.1723;0.0150;0.1544;0.0002;2621;2606;1;442;2;0;120;440
1;GUROBI-MIP;gurobi-mip;mip-e;epsilon;0.01;instance_30_15_4_7;INFEASIBLE;0.0091;0.0053;0.0023;0.0000;3567;3241;0;;;;;
1;GUROBI-MIP;gurobi-mip;mip-e;epsilon;0.01;instance_30_15_4_8;INFEASIBLE;0.0081;0.0046;0.0019;0.0000;3104;2911;0;;;;;
1;GUROBI-MIP;gurobi-mip;mip-e;epsilon;0.01;instance_30_15_4_9;OPTIMUM;0.1180;0.0136;0.1018;0.0002;2364;2352;1;406;5;0;120;401
1;GUROBI-MIP;gurobi-mip;mip-e;epsilon;0.01;instance_40_25_5_1;OPTIMUM;0.4908;0.0410;0.4439;0.0003;7806;6177;1;777;0;0;200;777
1;GUROBI-MIP;gurobi-mip;mip-e;epsilon;0.01;instance_40_25_5_10;OPTIMUM;0.5792;0.0472;0.5256;0.0004;9156;7352;1;770;1;0;200;769
1;GUROBI-MIP;gurobi-mip;mip-e;epsilon;0.01;instance_40_25_5_11;OPTIMUM;0.4613;0.0443;0.4105;0.0004;8366;6741;1;783;0;0;200;783
1;GUROBI-MIP;gurobi-mip;mip-e;epsilon;0.01;instance_40_25_5_12;OPTIMUM;0.5088;0.0415;0.4617;0.0003;7935;6437;1;778;0;0;200;778
1;GUROBI-MIP;gurobi-mip;mip-e;epsilon;0.01;instance_40_25_5_13;OPTIMUM;0.7762;0.0429;0.7275;0.0003;8187;6772;1;783;0;0;200;783
1;GUROBI-MIP;gurobi-mip;mip-e;epsilon;0.01;instance_40_25_5_14;OPTIMUM;0.5198;0.0466;0.4670;0.0004;9031;7290;1;781;0;0;200;781
1;GUROBI-MIP;gurobi-mip;mip-e;epsilon;0.01;instance_40_25_5_15;OPTIMUM;0.4828;0.0422;0.4350;0.0003;7991;6437;1;714;1;0;200;713
1;GUROBI-MIP;gurobi-mip;mip-e;epsilon;0.01;instance_40_25_5_16;OPTIMUM;0.4434;0.0396;0.3985;0.0003;7425;6080;1;760;2;0;200;758
1;GUROBI-MIP;gurobi-mip;mip-e;epsilon;0.01;instance_40_25_5_17;OPTIMUM;0.5565;0.0413;0.5097;0.0003;7867;6418;1;747;3;0;200;744
1;GUROBI-MIP;gurobi-mip;mip-e;epsilon;0.01;instance_40_25_5_18;OPTIMUM;0.4646;0.0439;0.4148;0.0003;8262;6693;1;782;0;0;200;782
1;GUROBI-MIP;gurobi-mip;mip-e;epsilon;0.01;instance_40_25_5_19;OPTIMUM;0.3358;0.0329;0.2981;0.0003;5910;5212;1;738;5;0;200;733
1;GUROBI-MIP;gurobi-mip;mip-e;epsilon;0.01;instance_40_25_5_2;OPTIMUM;0.4960;0.0414;0.4491;0.0003;7933;6374;1;774;2;0;200;772
1;GUROBI-MIP;gurobi-mip;mip-e;epsilon;0.01;instance_40_25_5_20;OPTIMUM;0.6220;0.0424;0.5738;0.0003;8180;6439;1;767;2;0;200;765
1;GUROBI-MIP;gurobi-mip;mip-e;epsilon;0.01;instance_40_25_5_21;OPTIMUM;0.5489;0.0439;0.4991;0.0003;8490;6813;1;755;0;0;200;755
1;GUROBI-MIP;gurobi-mip;mip-e;epsilon;0.01;instance_40_25_5_22;OPTIMUM;1.2056;0.0365;1.1639;0.0003;6757;5793;1;765;5;0;200;760
1;GUROBI-MIP;gurobi-mip;mip-e;epsilon;0.01;instance_40_25_5_23;OPTIMUM;0.9664;0.0430;0.9175;0.0004;8030;6538;1;767;1;0;200;766
1;GUROBI-MIP;gurobi-mip;mip-e;epsilon;0.01;instance_40_25_5_24;OPTIMUM;0.6031;0.0353;0.5628;0.0003;6415;5517;1;745;7;0;200;738
1;GUROBI-MIP;gurobi-mip;mip-e;epsilon;0.01;instance_40_25_5_25;OPTIMUM;0.4140;0.0356;0.3735;0.0003;6367;5530;1;762;5;0;200;757
1;GUROBI-MIP;gurobi-mip;mip-e;epsilon;0.01;instance_40_25_5_26;OPTIMUM;0.5751;0.0442;0.5249;0.0003;8367;6757;1;775;0;0;200;775
1;GUROBI-MIP;gurobi-mip;mip-e;epsilon;0.01;instance_40_25_5_27;OPTIMUM;0.5254;0.0349;0.4857;0.0003;6288;5519;1;749;10;0;200;739
1;GUROBI-MIP;gurobi-mip;mip-e;epsilon;0.01;instance_40_25_5_28;OPTIMUM;0.6130;0.0420;0.5653;0.0003;7869;6569;1;746;5;0;200;741
1;GUROBI-MIP;gurobi-mip;mip-e;epsilon;0.01;instance_40_25_5_29;OPTIMUM;0.4326;0.0361;0.3915;0.0003;6686;5707;1;751;5;0;200;746
1;GUROBI-MIP;gurobi-mip;mip-e;epsilon;0.01;instance_40_25_5_3;OPTIMUM;0.5302;0.0408;0.4837;0.0003;7655;6324;1;727;7;0;200;720
1;GUROBI-MIP;gurobi-mip;mip-e;epsilon;0.01;instance_40_25_5_30;OPTIMUM;0.6035;0.0469;0.5504;0.0003;9104;7202;1;764;1;0;200;763
1;GUROBI-MIP;gurobi-mip;mip-e;epsilon;0.01;instance_40_25_5_31;OPTIMUM;0.5463;0.0459;0.4941;0.0003;8936;7022;1;784;0;0;200;784
1;GUROBI-MIP;gurobi-mip;mip-e;epsilon;0.01;instance_40_25_5_32;OPTIMUM;0.6186;0.0423;0.5707;0.0004;7826;6652;1;718;9;0;200;709
1;GUROBI-MIP;gurobi-mip;mip-e;epsilon;0.01;instance_40_25_5_33;OPTIMUM;0.3805;0.0350;0.3404;0.0003;6418;5516;1;769;2;0;200;767
1;GUROBI-MIP;gurobi-mip;mip-e;epsilon;0.01;instance_40_25_5_34;OPTIMUM;0.5799;0.0420;0.5322;0.0003;7980;6501;1;765;2;0;200;763
1;GUROBI-MIP;gurobi-mip;mip-e;epsilon;0.01;instance_40_25_5_35;OPTIMUM;0.5144;0.0413;0.4673;0.0003;7728;6450;1;750;3;0;200;747
1;GUROBI-MIP;gurobi-mip;mip-e;epsilon;0.01;instance_40_25_5_36;OPTIMUM;0.4806;0.0450;0.4294;0.0004;8531;6890;1;788;0;0;200;788
1;GUROBI-MIP;gurobi-mip;mip-e;epsilon;0.01;instance_40_25_5_37;OPTIMUM;0.4555;0.0411;0.4089;0.0003;7699;6496;1;750;1;0;200;749
1;GUROBI-MIP;gurobi-mip;mip-e;epsilon;0.01;instance_40_25_5_38;OPTIMUM;0.4211;0.0391;0.3770;0.0003;6726;5915;1;735;0;0;200;735
1;GUROBI-MIP;gurobi-mip;mip-e;epsilon;0.01;instance_40_25_5_39;OPTIMUM;0.5161;0.0384;0.4727;0.0003;6492;5387;1;742;6;0;200;736
1;GUROBI-MIP;gurobi-mip;mip-e;epsilon;0.01;instance_40_25_5_4;OPTIMUM;0.4459;0.0441;0.3961;0.0003;7698;6353;1;777;0;0;200;777
1;GUROBI-MIP;gurobi-mip;mip-e;epsilon;0.01;instance_40_25_5_40;OPTIMUM;0.4809;0.0412;0.4341;0.0003;7792;6455;1;769;1;0;200;768
1;GUROBI-MIP;gurobi-mip;mip-e;epsilon;0.01;instance_40_25_5_41;OPTIMUM;0.6658;0.0446;0.6153;0.0003;8669;6835;1;765;2;0;200;763
1;GUROBI-MIP;gurobi-mip;mip-e;epsilon;0.01;instance_40_25_5_42;OPTIMUM;0.4190;0.0374;0.3762;0.0003;6886;5873;1;741;4;0;200;737
1;GUROBI-MIP;gurobi-mip;mip-e;epsilon;0.01;instance_40_25_5_43;OPTIMUM;0.4850;0.0383;0.4415;0.0003;7248;5931;1;768;3;0;200;765
1;GUROBI-MIP;gurobi-mip;mip-e;epsilon;0.01;instance_40_25_5_44;OPTIMUM;0.4834;0.0449;0.4322;0.0004;8468;6856;1;780;0;0;200;780
1;GUROBI-MIP;gurobi-mip;mip-e;epsilon;0.01;instance_40_25_5_45;OPTIMUM;0.5140;0.0427;0.4655;0.0003;7993;6603;1;704;1;0;200;703
1;GUROBI-MIP;gurobi-mip;mip-e;epsilon;0.01;instance_40_25_5_46;INFEASIBLE;0.0201;0.0131;0.0046;0.0000;8709;6987;0;;;;;
1;GUROBI-MIP;gurobi-mip;mip-e;epsilon;0.01;instance_40_25_5_47;OPTIMUM;0.5308;0.0470;0.4774;0.0003;9002;7177;1;780;0;0;200;780
1;GUROBI-MIP;gurobi-mip;mip-e;epsilon;0.01;instance_40_25_5_48;OPTIMUM;0.5466;0.0434;0.4974;0.0003;8403;6784;1;766;0;0;200;766
1;GUROBI-MIP;gurobi-mip;mip-e;epsilon;0.01;instance_40_25_5_49;OPTIMUM;0.7130;0.0397;0.6679;0.0003;7358;6129;1;730;10;0;200;720
1;GUROBI-MIP;gurobi-mip;mip-e;epsilon;0.01;instance_40_25_5_5;OPTIMUM;0.5546;0.0442;0.5046;0.0003;8268;6681;1;781;3;0;200;778
1;GUROBI-MIP;gurobi-mip;mip-e;epsilon;0.01;instance_40_25_5_50;OPTIMUM;0.6594;0.0467;0.6068;0.0004;9009;7033;1;785;2;0;200;783
1;GUROBI-MIP;gurobi-mip;mip-e;epsilon;0.01;instance_40_25_5_6;OPTIMUM;0.6244;0.0461;0.5720;0.0004;8737;7016;1;768;0;0;200;768
1;GUROBI-MIP;gurobi-mip;mip-e;epsilon;0.01;instance_40_25_5_7;OPTIMUM;0.5120;0.0473;0.4579;0.0004;9134;7208;1;782;0;0;200;782
1;GUROBI-MIP;gurobi-mip;mip-e;epsilon;0.01;instance_40_25_5_8;OPTIMUM;0.4629;0.0408;0.4163;0.0003;7559;6317;1;767;1;0;200;766
1;GUROBI-MIP;gurobi-mip;mip-e;epsilon;0.01;instance_40_25_5_9;OPTIMUM;0.5508;0.0448;0.4997;0.0004;8465;6891;1;772;0;0;200;772
2;CPLEX-MIP;cplex-mip;mip-e;epsilon;0.01;instance_30_15_4_1;OPTIMUM;0.2444;0.0174;0.2242;0.0002;3371;3079;0;447;4;0;120;443
2;CPLEX-MIP;cplex-mip;mip-e;epsilon;0.01;instance_30_15_4_10;OPTIMUM;0.1978;0.0152;0.1801;0.0002;2858;2791;0;424;6;0;120;418
2;CPLEX-MIP;cplex-mip;mip-e;epsilon;0.01;instance_30_15_4_11;OPTIMUM;0.3200;0.0143;0.3033;0.0002;2559;2447;0;411;0;5;120;406
2;CPLEX-MIP;cplex-mip;mip-e;epsilon;0.01;instance_30_15_4_12;OPTIMUM;0.2840;0.0157;0.2655;0.0002;2802;2664;0;441;1;0;120;440
2;CPLEX-MIP;cplex-mip;mip-e;epsilon;0.01;instance_30_15_4_13;OPTIMUM;0.2465;0.0128;0.2315;0.0002;2204;2192;0;386;3;0;120;383
2;CPLEX-MIP;cplex-mip;mip-e;epsilon;0.01;instance_30_15_4_14;OPTIMUM;0.2610;0.0169;0.2413;0.0002;3089;2948;0;421;9;0;120;412
2;CPLEX-MIP;cplex-mip;mip-e;epsilon;0.01;instance_30_15_4_15;OPTIMUM;0.3328;0.0186;0.3110;0.0002;3341;3041;0;448;1;0;120;447
2;CPLEX-MIP;cplex-mip;mip-e;epsilon;0.01;instance_30_15_4_16;OPTIMUM;0.1679;0.0133;0.1522;0.0002;2300;2344;0;398;0;0;120;398
2;CPLEX-MIP;cplex-mip;mip-e;epsilon;0.01;instance_30_15_4_17;OPTIMUM;0.2000;0.0159;0.1814;0.0002;2875;2724;0;425;3;0;120;422
2;CPLEX-MIP;cplex-mip;mip-e;epsilon;0.01;instance_30_15_4_18;OPTIMUM;0.4235;0.0201;0.4000;0.0002;3959;3386;0;460;3;0;120;457
2;CPLEX-MIP;cplex-mip;mip-e;epsilon;0.01;instance_30_15_4_19;OPTIMUM;0.1884;0.0148;0.1711;0.0002;2623;2494;0;421;6;0;120;415
2;CPLEX-MIP;cplex-mip;mip-e;epsilon;0.01;instance_30_15_4_2;OPTIMUM;0.2051;0.0123;0.1906;0.0002;2165;2208;0;376;2;1;120;373
2;CPLEX-MIP;cplex-mip;mip-e;epsilon;0.01;instance_30_15_4_20;OPTIMUM;0.1786;0.0142;0.1619;0.0002;2444;2469;0;430;4;0;120;426
2;CPLEX-MIP;cplex-mip;mip-e;epsilon;0.01;instance_30_15_4_21;INFEASIBLE;0.0044;0.0032;0.0005;0.0000;1837;1922;0;;;;;
2;CPLEX-MIP;cplex-mip;mip-e;epsilon;0.01;instance_30_15_4_22;OPTIMUM;0.1921;0.0149;0.1747;0.0002;2720;2647;0;432;4;0;120;428
2;CPLEX-MIP;cplex-mip;mip-e;epsilon;0.01;instance_30_15_4_23;OPTIMUM;0.2960;0.0183;0.2745;0.0002;3361;3073;0;441;4;0;120;437
2;CPLEX-MIP;cplex-mip;mip-e;epsilon;0.01;instance_30_15_4_24;OPTIMUM;0.2917;0.0185;0.2702;0.0002;3343;3066;0;447;1;0;120;446
2;CPLEX-MIP;cplex-mip;mip-e;epsilon;0.01;instance_30_15_4_25;OPTIMUM;0.1909;0.0126;0.1760;0.0002;2287;2294;0;409;2;0;120;407
2;CPLEX-MIP;cplex-mip;mip-e;epsilon;0.01;instance_30_15_4_26;OPTIMUM;0.2228;0.0169;0.2031;0.0002;3064;2888;0;439;2;0;120;437
2;CPLEX-MIP;cplex-mip;mip-e;epsilon;0.01;instance_30_15_4_27;OPTIMUM;0.2100;0.0160;0.1914;0.0002;2917;2741;0;412;2;0;120;410
2;CPLEX-MIP;cplex-mip;mip-e;epsilon;0.01;instance_30_15_4_28;OPTIMUM;0.2956;0.0171;0.2756;0.0002;3117;2956;0;425;5;0;120;420
2;CPLEX-MIP;cplex-mip;mip-e;epsilon;0.01;instance_30_15_4_29;OPTIMUM;0.1982;0.0123;0.1838;0.0002;2095;2159;0;407;3;0;120;404
2;CPLEX-MIP;cplex-mip;mip-e;epsilon;0.01;instance_30_15_4_3;OPTIMUM;0.3344;0.0172;0.3145;0.0002;3366;3038;0;439;2;0;120;437
2;CPLEX-MIP;cplex-mip;mip-e;epsilon;0.01;instance_30_15_4_30;OPTIMUM;0.2964;0.0174;0.2758;0.0002;3307;3074;0;440;3;0;120;437
2;CPLEX-MIP;cplex-mip;mip-e;epsilon;0.01;instance_30_15_4_31;OPTIMUM;0.3573;0.0184;0.3358;0.0002;3331;3021;0;416;4;0;120;412
2;CPLEX-MIP;cplex-mip;mip-e;epsilon;0.01;instance_30_15_4_32;OPTIMUM;0.2687;0.0168;0.2490;0.0002;3155;2791;0;387;1;0;120;386
2;CPLEX-MIP;cplex-mip;mip-e;epsilon;0.01;instance_30_15_4_33;OPTIMUM;0.2444;0.0171;0.2246;0.0002;3223;2979;0;434;1;0;120;433
2;CPLEX-MIP;cplex-mip;mip-e;epsilon;0.01;instance_30_15_4_34;OPTIMUM;0.2447;0.0176;0.2242;0.0002;3322;2990;0;400;1;0;120;399
2;CPLEX-MIP;cplex-mip;mip-e;epsilon;0.01;instance_30_15_4_35;INFEASIBLE;0.0060;0.0047;0.0006;0.0000;2706;2659;0;;;;;
2;CPLEX-MIP;cplex-mip;mip-e;epsilon;0.01;instance_30_15_4_36;OPTIMUM;0.3036;0.0171;0.2838;0.0002;3184;2947;0;435;3;0;120;432
2;CPLEX-MIP;cplex-mip;mip-e;epsilon;0.01;instance_30_15_4_37;OPTIMUM;0.2089;0.0153;0.1911;0.0002;2865;2755;0;429;3;0;120;426
2;CPLEX-MIP;cplex-mip;mip-e;epsilon;0.01;instance_30_15_4_38;OPTIMUM;0.2857;0.0163;0.2666;0.0002;2845;2745;0;402;0;0;120;402
2;CPLEX-MIP;cplex-mip;mip-e;epsilon;0.01;instance_30_15_4_39;OPTIMUM;0.2689;0.0172;0.2488;0.0002;3288;3013;0;446;2;0;120;444
2;CPLEX-MIP;cplex-mip;mip-e;epsilon;0.01;instance_30_15_4_4;OPTIMUM;0.2783;0.0188;0.2564;0.0002;3686;3374;0;453;2;0;120;451
2;CPLEX-MIP;cplex-mip;mip-e;epsilon;0.01;instance_30_15_4_40;OPTIMUM;0.3251;0.0169;0.3055;0.0002;3126;2946;0;450;0;0;120;450
2;CPLEX-MIP;cplex-mip;mip-e;epsilon;0.01;instance_30_15_4_41;OPTIMUM;0.4086;0.0209;0.3844;0.0002;4145;3586;0;443;0;0;120;443
2;CPLEX-MIP;cplex-mip;mip-e;epsilon;0.01;instance_30_15_4_42;OPTIMUM;0.2512;0.0181;0.2302;0.0002;3363;3102;0;439;2;0;120;437
2;CPLEX-MIP;cplex-mip;mip-e;epsilon;0.01;instance_30_15_4_43;OPTIMUM;0.2685;0.0176;0.2478;0.0002;3163;2828;0;426;3;4;120;419
2;CPLEX-MIP;cplex-mip;mip-e;epsilon;0.01;instance_30_15_4_44;INFEASIBLE;0.0060;0.0047;0.0006;0.0000;2881;2803;0;;;;;
2;CPLEX-MIP;cplex-mip;mip-e;epsilon;0.01;instance_30_15_4_45;OPTIMUM;0.2639;0.0183;0.2426;0.0002;3586;3190;0;424;2;0;120;422
2;CPLEX-MIP;cplex-mip;mip-e;epsilon;0.01;instance_30_15_4_46;OPTIMUM;0.3303;0.0186;0.3086;0.0002;3478;3213;0;450;1;0;120;449
2;CPLEX-MIP;cplex-mip;mip-e;epsilon;0.01;instance_30_15_4_47;OPTIMUM;0.2613;0.0159;0.2427;0.0002;2811;2697;0;432;4;0;120;428
2;CPLEX-MIP;cplex-mip;mip-e;epsilon;0.01;instance_30_15_4_48;OPTIMUM;0.2317;0.0161;0.2129;0.0002;2913;2779;0;433;2;0;120;431
2;CPLEX-MIP;cplex-mip;mip-e;epsilon;0.01;instance_30_15_4_49;OPTIMUM;0.2235;0.0161;0.2047;0.0002;2912;2738;0;438;3;0;120;435
2;CPLEX-MIP;cplex-mip;mip-e;epsilon;0.01;instance_30_15_4_5;OPTIMUM;0.2101;0.0156;0.1919;0.0002;2772;2611;0;427;6;0;120;421
2;CPLEX-MIP;cplex-mip;mip-e;epsilon;0.01;instance_30_15_4_50;OPTIMUM;0.2082;0.0130;0.1930;0.0002;2294;2254;0;412;9;0;120;403
2;CPLEX-MIP;cplex-mip;mip-e;epsilon;0.01;instance_30_15_4_6;OPTIMUM;0.2038;0.0151;0.1861;0.0002;2621;2606;0;442;2;0;120;440
2;CPLEX-MIP;cplex-mip;mip-e;epsilon;0.01;instance_30_15_4_7;INFEASIBLE;0.0074;0.0059;0.0008;0.0000;3567;3241;0;;;;;
2;CPLEX-MIP;cplex-mip;mip-e;epsilon;0.01;instance_30_15_4_8;INFEASIBLE;0.0069;0.0055;0.0007;0.0000;3104;2911;0;;;;;
2;CPLEX-MIP;cplex-mip;mip-e;epsilon;0.01;instance_30_15_4_9;OPTIMUM;0.1792;0.0134;0.1634;0.0002;2364;2352;0;406;5;0;120;401
2;CPLEX-MIP;cplex-mip;mip-e;epsilon;0.01;instance_40_25_5_1;OPTIMUM;1.0410;0.0399;0.9951;0.0004;7806;6177;0;777;0;0;200;777
2;CPLEX-MIP;cplex-mip;mip-e;epsilon;0.01;instance_40_25_5_10;OPTIMUM;0.9696;0.0473;0.9151;0.0004;9156;7352;0;770;1;0;200;769
2;CPLEX-MIP;cplex-mip;mip-e;epsilon;0.01;instance_40_25_5_11;OPTIMUM;0.8460;0.0430;0.7965;0.0004;8366;6741;0;783;0;0;200;783
2;CPLEX-MIP;cplex-mip;mip-e;epsilon;0.01;instance_40_25_5_12;OPTIMUM;1.0520;0.0408;1.0050;0.0004;7935;6437;0;778;0;0;200;778
2;CPLEX-MIP;cplex-mip;mip-e;epsilon;0.01;instance_40_25_5_13;OPTIMUM;1.0057;0.0403;0.9594;0.0004;8187;6772;0;783;0;0;200;783
2;CPLEX-MIP;cplex-mip;mip-e;epsilon;0.01;instance_40_25_5_14;OPTIMUM;0.7979;0.0443;0.7474;0.0004;9031;7290;0;781;0;0;200;781
2;CPLEX-MIP;cplex-mip;mip-e;epsilon;0.01;instance_40_25_5_15;OPTIMUM;1.0395;0.0388;0.9952;0.0003;7991;6437;0;714;1;0;200;713
2;CPLEX-MIP;cplex-mip;mip-e;epsilon;0.01;instance_40_25_5_16;OPTIMUM;0.9121;0.0400;0.8661;0.0003;7425;6080;0;760;2;0;200;758
2;CPLEX-MIP;cplex-mip;mip-e;epsilon;0.01;instance_40_25_5_17;OPTIMUM;0.8056;0.0406;0.7591;0.0003;7867;6418;0;747;3;0;200;744
2;CPLEX-MIP;cplex-mip;mip-e;epsilon;0.01;instance_40_25_5_18;OPTIMUM;0.8877;0.0431;0.8380;0.0004;8262;6693;0;782;0;0;200;782
2;CPLEX-MIP;cplex-mip;mip-e;epsilon;0.01;instance_40_25_5_19;OPTIMUM;0.6852;0.0316;0.6489;0.0003;5910;5212;0;738;5;0;200;733
2;CPLEX-MIP;cplex-mip;mip-e;epsilon;0.01;instance_40_25_5_2;OPTIMUM;0.7812;0.0410;0.7341;0.0003;7933;6374;0;774;2;0;200;772
2;CPLEX-MIP;cplex-mip;mip-e;epsilon;0.01;instance_40_25_5_20;OPTIMUM;1.5891;0.0422;1.5398;0.0003;8180;6439;0;767;2;0;200;765
2;CPLEX-MIP;cplex-mip;mip-e;epsilon;0.01;instance_40_25_5_21;OPTIMUM;1.1978;0.0436;1.1477;0.0004;8490;6813;0;755;0;0;200;755
2;CPLEX-MIP;cplex-mip;mip-e;epsilon;0.01;instance_40_25_5_22;OPTIMUM;0.8293;0.0357;0.7880;0.0003;6757;5793;0;765;5;0;200;760
2;CPLEX-MIP;cplex-mip;mip-e;epsilon;0.01;instance_40_25_5_23;OPTIMUM;1.9661;0.0418;1.9174;0.0004;8030;6538;0;767;1;0;200;766
2;CPLEX-MIP;cplex-mip;mip-e;epsilon;0.01;instance_40_25_5_24;OPTIMUM;0.8963;0.0332;0.8581;0.0003;6415;5517;0;745;7;0;200;738
2;CPLEX-MIP;cplex-mip;mip-e;epsilon;0.01;instance_40_25_5_25;OPTIMUM;0.7355;0.0346;0.6955;0.0003;6367;5530;0;762;5;0;200;757
2;CPLEX-MIP;cplex-mip;mip-e;epsilon;0.01;instance_40_25_5_26;OPTIMUM;0.9614;0.0420;0.9133;0.0003;8367;6757;0;775;0;0;200;775
2;CPLEX-MIP;cplex-mip;mip-e;epsilon;0.01;instance_40_25_5_27;OPTIMUM;0.8463;0.0345;0.8067;0.0003;6288;5519;0;749;10;0;200;739
2;CPLEX-MIP;cplex-mip;mip-e;epsilon;0.01;instance_40_25_5_28;OPTIMUM;0.7460;0.0403;0.7000;0.0004;7869;6569;0;746;5;0;200;741
2;CPLEX-MIP;cplex-mip;mip-e;epsilon;0.01;instance_40_25_5_29;OPTIMUM;0.8419;0.0352;0.8016;0.0003;6686;5707;0;751;5;0;200;746
2;CPLEX-MIP;cplex-mip;mip-e;epsilon;0.01;instance_40_25_5_3;OPTIMUM;1.0789;0.0393;1.0337;0.0004;7655;6324;0;727;7;0;200;720
2;CPLEX-MIP;cplex-mip;mip-e;epsilon;0.01;instance_40_25_5_30;OPTIMUM;1.1821;0.0441;1.1315;0.0004;9104;7202;0;764;1;0;200;763
2;CPLEX-MIP;cplex-mip;mip-e;epsilon;0.01;instance_40_25_5_31;OPTIMUM;0.8122;0.0452;0.7605;0.0004;8936;7022;0;784;0;0;200;784
2;CPLEX-MIP;cplex-mip;mip-e;epsilon;0.01;instance_40_25_5_32;OPTIMUM;1.0715;0.0409;1.0243;0.0004;7826;6652;0;718;9;0;200;709
2;CPLEX-MIP;cplex-mip;mip-e;epsilon;0.01;instance_40_25_5_33;OPTIMUM;0.6951;0.0352;0.6547;0.0003;6418;5516;0;769;2;0;200;767
2;CPLEX-MIP;cplex-mip;mip-e;epsilon;0.01;instance_40_25_5_34;OPTIMUM;1.2614;0.0417;1.2133;0.0003;7980;6501;0;765;2;0;200;763
2;CPLEX-MIP;cplex-mip;mip-e;epsilon;0.01;instance_40_25_5_35;OPTIMUM;0.8900;0.0406;0.8434;0.0003;7728;6450;0;750;3;0;200;747
2;CPLEX-MIP;cplex-mip;mip-e;epsilon;0.01;instance_40_25_5_36;OPTIMUM;1.0014;0.0416;0.9536;0.0004;8531;6890;0;788;0;0;200;788
2;CPLEX-MIP;cplex-mip;mip-e;epsilon;0.01;instance_40_25_5_37;OPTIMUM;0.9939;0.0408;0.9464;0.0004;7699;6496;0;750;1;0;200;749
2;CPLEX-MIP;cplex-mip;mip-e;epsilon;0.01;instance_40_25_5_38;OPTIMUM;0.9132;0.0363;0.8716;0.0003;6726;5915;0;735;0;0;200;735
2;CPLEX-MIP;cplex-mip;mip-e;epsilon;0.01;instance_40_25_5_39;OPTIMUM;0.8489;0.0346;0.8092;0.0003;6492;5387;0;742;6;0;200;736
2;CPLEX-MIP;cplex-mip;mip-e;epsilon;0.01;instance_40_25_5_4;OPTIMUM;0.8911;0.0405;0.8445;0.0004;7698;6353;0;777;0;0;200;777
2;CPLEX-MIP;cplex-mip;mip-e;epsilon;0.01;instance_40_25_5_40;OPTIMUM;0.6587;0.0401;0.6122;0.0004;7792;6455;0;769;1;0;200;768
2;CPLEX-MIP;cplex-mip;mip-e;epsilon;0.01;instance_40_25_5_41;OPTIMUM;0.9326;0.0422;0.8843;0.0003;8669;6835;0;765;2;0;200;763
2;CPLEX-MIP;cplex-mip;mip-e;epsilon;0.01;instance_40_25_5_42;OPTIMUM;0.7798;0.0390;0.7352;0.0003;6886;5873;0;741;4;0;200;737
2;CPLEX-MIP;cplex-mip;mip-e;epsilon;0.01;instance_40_25_5_43;OPTIMUM;1.0337;0.0381;0.9893;0.0003;7248;5931;0;768;3;0;200;765
2;CPLEX-MIP;cplex-mip;mip-e;epsilon;0.01;instance_40_25_5_44;OPTIMUM;0.9600;0.0438;0.9062;0.0004;8468;6856;0;780;0;0;200;780
2;CPLEX-MIP;cplex-mip;mip-e;epsilon;0.01;instance_40_25_5_45;OPTIMUM;0.9294;0.0411;0.8804;0.0004;7993;6603;0;704;1;0;200;703
2;CPLEX-MIP;cplex-mip;mip-e;epsilon;0.01;instance_40_25_5_46;INFEASIBLE;0.0176;0.0144;0.0017;0.0000;8709;6987;0;;;;;
2;CPLEX-MIP;cplex-mip;mip-e;epsilon;0.01;instance_40_25_5_47;OPTIMUM;1.0617;0.0451;1.0097;0.0004;9002;7177;0;780;0;0;200;780
2;CPLEX-MIP;cplex-mip;mip-e;epsilon;0.01;instance_40_25_5_48;OPTIMUM;0.9864;0.0430;0.9370;0.0004;8403;6784;0;766;0;0;200;766
2;CPLEX-MIP;cplex-mip;mip-e;epsilon;0.01;instance_40_25_5_49;OPTIMUM;0.9431;0.0393;0.8977;0.0004;7358;6129;0;730;10;0;200;720
2;CPLEX-MIP;cplex-mip;mip-e;epsilon;0.01;instance_40_25_5_5;OPTIMUM;0.7620;0.0437;0.7117;0.0004;8268;6681;0;781;3;0;200;778
2;CPLEX-MIP;cplex-mip;mip-e;epsilon;0.01;instance_40_25_5_50;OPTIMUM;0.9641;0.0459;0.9111;0.0004;9009;7033;0;785;2;0;200;783
2;CPLEX-MIP;cplex-mip;mip-e;epsilon;0.01;instance_40_25_5_6;OPTIMUM;1.1744;0.0439;1.1240;0.0004;8737;7016;0;768;0;0;200;768
2;CPLEX-MIP;cplex-mip;mip-e;epsilon;0.01;instance_40_25_5_7;OPTIMUM;0.8067;0.0463;0.7537;0.0004;9134;7208;0;782;0;0;200;782
2;CPLEX-MIP;cplex-mip;mip-e;epsilon;0.01;instance_40_25_5_8;OPTIMUM;1.1154;0.0408;1.0687;0.0004;7559;6317;0;767;1;0;200;766
2;CPLEX-MIP;cplex-mip;mip-e;epsilon;0.01;instance_40_25_5_9;OPTIMUM;1.0039;0.0443;0.9525;0.0004;8465;6891;0;772;0;0;200;772
3;CPLEX-CP-T;cplex-cp;cp-t;epsilon;0.01;instance_30_15_4_1;TIMEOUT_FEASIBLE;300.0038;0.0034;299.9949;0.0001;2114;2952;749;447;4;0;120;443
3;CPLEX-CP-T;cplex-cp;cp-t;epsilon;0.01;instance_30_15_4_10;TIMEOUT_FEASIBLE;300.0002;0.0033;299.9916;0.0001;2110;2944;701;424;6;0;120;418
3;CPLEX-CP-T;cplex-cp;cp-t;epsilon;0.01;instance_30_15_4_11;TIMEOUT_FEASIBLE;300.0108;0.0032;300.0019;0.0001;1941;2604;23690114;411;0;5;120;406
3;CPLEX-CP-T;cplex-cp;cp-t;epsilon;0.01;instance_30_15_4_12;TIMEOUT_FEASIBLE;300.0017;0.0031;299.9931;0.0001;2046;2814;32052;440;1;6;120;433
3;CPLEX-CP-T;cplex-cp;cp-t;epsilon;0.01;instance_30_15_4_13;TIMEOUT_FEASIBLE;300.0099;0.0028;300.0021;0.0001;1921;2564;465;386;3;0;120;383
3;CPLEX-CP-T;cplex-cp;cp-t;epsilon;0.01;instance_30_15_4_14;TIMEOUT_FEASIBLE;300.0023;0.0033;299.9938;0.0001;2144;3013;26306;421;9;0;120;412
3;CPLEX-CP-T;cplex-cp;cp-t;epsilon;0.01;instance_30_15_4_15;TIMEOUT_FEASIBLE;300.0009;0.0033;299.9923;0.0001;2057;2839;20851;448;1;0;120;447
3;CPLEX-CP-T;cplex-cp;cp-t;epsilon;0.01;instance_30_15_4_16;TIMEOUT_FEASIBLE;299.9991;0.0031;299.9909;0.0001;2119;2961;16501;398;0;2;120;396
3;CPLEX-CP-T;cplex-cp;cp-t;epsilon;0.01;instance_30_15_4_17;TIMEOUT_FEASIBLE;300.0113;0.0033;300.0028;0.0001;2114;2954;19625;425;3;0;120;422
3;CPLEX-CP-T;cplex-cp;cp-t;epsilon;0.01;instance_30_15_4_18;TIMEOUT_FEASIBLE;300.0104;0.0035;300.0015;0.0001;2108;2939;24894;459;3;0;120;456
3;CPLEX-CP-T;cplex-cp;cp-t;epsilon;0.01;instance_30_15_4_19;TIMEOUT_FEASIBLE;300.0006;0.0030;299.9925;0.0001;1988;2700;243;421;6;0;120;415
3;CPLEX-CP-T;cplex-cp;cp-t;epsilon;0.01;instance_30_15_4_2;TIMEOUT_FEASIBLE;300.0006;0.0031;299.9926;0.0001;2143;3010;29378;376;2;2;120;372
3;CPLEX-CP-T;cplex-cp;cp-t;epsilon;0.01;instance_30_15_4_20;TIMEOUT_FEASIBLE;300.0013;0.0032;299.9926;0.0001;2179;3081;12124;430;4;0;120;426
3;CPLEX-CP-T;cplex-cp;cp-t;epsilon;0.01;instance_30_15_4_21;INFEASIBLE;0.0011;0.0000;0.0000;0.0000;720;3;0;;;;;
3;CPLEX-CP-T;cplex-cp;cp-t;epsilon;0.01;instance_30_15_4_22;TIMEOUT_FEASIBLE;300.0038;0.0031;299.9957;0.0001;2041;2804;608;432;4;0;120;428
3;CPLEX-CP-T;cplex-cp;cp-t;epsilon;0.01;instance_30_15_4_23;TIMEOUT_FEASIBLE;300.0010;0.0033;299.9923;0.0001;2071;2865;418;441;4;0;120;437
3;CPLEX-CP-T;cplex-cp;cp-t;epsilon;0.01;instance_30_15_4_24;TIMEOUT_FEASIBLE;300.0007;0.0034;299.9918;0.0001;2152;3029;224;446;1;0;120;445
3;CPLEX-CP-T;cplex-cp;cp-t;epsilon;0.01;instance_30_15_4_25;TIMEOUT_FEASIBLE;300.0008;0.0031;299.9925;0.0001;2100;2925;16144;408;2;0;120;406
3;CPLEX-CP-T;cplex-cp;cp-t;epsilon;0.01;instance_30_15_4_26;TIMEOUT_FEASIBLE;300.0007;0.0032;299.9922;0.0001;2052;2829;20823;439;2;0;120;437
3;CPLEX-CP-T;cplex-cp;cp-t;epsilon;0.01;instance_30_15_4_27;TIMEOUT_FEASIBLE;300.0003;0.0033;299.9918;0.0001;2133;2991;27100;412;2;0;120;410
3;CPLEX-CP-T;cplex-cp;cp-t;epsilon;0.01;instance_30_15_4_28;TIMEOUT_FEASIBLE;300.0012;0.0033;299.9926;0.0001;2096;2912;298;425;5;0;120;420
3;CPLEX-CP-T;cplex-cp;cp-t;epsilon;0.01;instance_30_15_4_29;TIMEOUT_FEASIBLE;300.0013;0.0030;299.9930;0.0001;2021;2766;167819;406;3;0;120;403
3;CPLEX-CP-T;cplex-cp;cp-t;epsilon;0.01;instance_30_15_4_3;TIMEOUT_FEASIBLE;300.0013;0.0034;299.9926;0.0001;2150;3024;203;439;2;0;120;437
3;CPLEX-CP-T;cplex-cp;cp-t;epsilon;0.01;instance_30_15_4_30;TIMEOUT_FEASIBLE;300.0016;0.0034;299.9927;0.0001;2119;2963;20226;440;3;0;120;437
3;CPLEX-CP-T;cplex-cp;cp-t;epsilon;0.01;instance_30_15_4_31;TIMEOUT_FEASIBLE;300.0004;0.0032;299.9919;0.0001;2042;2809;244;415;4;0;120;411
3;CPLEX-CP-T;cplex-cp;cp-t;epsilon;0.01;instance_30_15_4_32;TIMEOUT_FEASIBLE;300.0009;0.0032;299.9925;0.0001;2073;2871;210;387;1;0;120;386
3;CPLEX-CP-T;cplex-cp;cp-t;epsilon;0.01;instance_30_15_4_33;TIMEOUT_FEASIBLE;300.0010;0.0035;299.9914;0.0001;2120;2965;266843;434;1;0;120;433
3;CPLEX-CP-T;cplex-cp;cp-t;epsilon;0.01;instance_30_15_4_34;TIMEOUT_FEASIBLE;300.0015;0.0036;299.9925;0.0001;2144;3011;20258;400;1;0;120;399
3;CPLEX-CP-T;cplex-cp;cp-t;epsilon;0.01;instance_30_15_4_35;INFEASIBLE;0.0015;0.0003;0.0000;0.0000;720;74;0;;;;;
3;CPLEX-CP-T;cplex-cp;cp-t;epsilon;0.01;instance_30_15_4_36;TIMEOUT_FEASIBLE;300.0034;0.0030;299.9954;0.0001;2002;2729;417;434;3;0;120;431
3;CPLEX-CP-T;cplex-cp;cp-t;epsilon;0.01;instance_30_15_4_37;TIMEOUT_FEASIBLE;300.0021;0.0034;299.9929;0.0001;2192;3107;28641;429;3;0;120;426
3;CPLEX-CP-T;cplex-cp;cp-t;epsilon;0.01;instance_30_15_4_38;TIMEOUT_FEASIBLE;300.0012;0.0034;299.9918;0.0001;2086;2895;2386135;402;0;0;120;402
3;CPLEX-CP-T;cplex-cp;cp-t;epsilon;0.01;instance_30_15_4_39;TIMEOUT_FEASIBLE;300.0012;0.0032;299.9930;0.0001;2056;2837;20691;446;2;0;120;444
3;CPLEX-CP-T;cplex-cp;cp-t;epsilon;0.01;instance_30_15_4_4;TIMEOUT_FEASIBLE;300.0111;0.0039;300.0011;0.0001;2226;3176;200;453;2;0;120;451
3;CPLEX-CP-T;cplex-cp;cp-t;epsilon;0.01;instance_30_15_4_40;TIMEOUT_FEASIBLE;300.0008;0.0031;299.9923;0.0001;2087;2895;412;448;0;0;120;448
3;CPLEX-CP-T;cplex-cp;cp-t;epsilon;0.01;instance_30_15_4_41;TIMEOUT_FEASIBLE;299.9994;0.0035;299.9903;0.0001;2128;2979;204;441;0;0;120;441
3;CPLEX-CP-T;cplex-cp;cp-t;epsilon;0.01;instance_30_15_4_42;TIMEOUT_FEASIBLE;300.0017;0.0035;299.9922;0.0001;2098;2921;204519;439;2;0;120;437
3;CPLEX-CP-T;cplex-cp;cp-t;epsilon;0.01;instance_30_15_4_43;TIMEOUT_FEASIBLE;300.0038;0.0037;299.9939;0.0001;2047;2818;137447;426;3;11;120;412
3;CPLEX-CP-T;cplex-cp;cp-t;epsilon;0.01;instance_30_15_4_44;INFEASIBLE;0.0011;0.0000;0.0000;0.0000;720;8;0;;;;;
3;CPLEX-CP-T;cplex-cp;cp-t;epsilon;0.01;instance_30_15_4_45;TIMEOUT_FEASIBLE;300.0046;0.0034;299.9956;0.0001;2134;2990;178;424;2;0;120;422
3;CPLEX-CP-T;cplex-cp;cp-t;epsilon;0.01;instance_30_15_4_46;TIMEOUT_FEASIBLE;300.0012;0.0034;299.9923;0.0001;2123;2969;159;449;1;0;120;448
3;CPLEX-CP-T;cplex-cp;cp-t;epsilon;0.01;instance_30_15_4_47;TIMEOUT_FEASIBLE;300.0004;0.0036;299.9909;0.0001;2189;3102;9416223;429;4;0;120;425
3;CPLEX-CP-T;cplex-cp;cp-t;epsilon;0.01;instance_30_15_4_48;TIMEOUT_FEASIBLE;300.0107;0.0032;300.0024;0.0001;2024;2770;21794;433;2;0;120;431
3;CPLEX-CP-T;cplex-cp;cp-t;epsilon;0.01;instance_30_15_4_49;TIMEOUT_FEASIBLE;300.0007;0.0031;299.9921;0.0001;2005;2735;597;438;3;0;120;435
3;CPLEX-CP-T;cplex-cp;cp-t;epsilon;0.01;instance_30_15_4_5;TIMEOUT_FEASIBLE;300.0107;0.0031;300.0024;0.0001;1977;2677;22802;427;6;0;120;421
3;CPLEX-CP-T;cplex-cp;cp-t;epsilon;0.01;instance_30_15_4_50;TIMEOUT_FEASIBLE;300.0102;0.0029;300.0025;0.0001;1952;2629;14655;411;9;0;120;402
3;CPLEX-CP-T;cplex-cp;cp-t;epsilon;0.01;instance_30_15_4_6;TIMEOUT_FEASIBLE;300.0011;0.0032;299.9926;0.0001;2146;3017;151;442;2;0;120;440
3;CPLEX-CP-T;cplex-cp;cp-t;epsilon;0.01;instance_30_15_4_7;INFEASIBLE;0.0014;0.0003;0.0000;0.0000;720;55;0;;;;;
3;CPLEX-CP-T;cplex-cp;cp-t;epsilon;0.01;instance_30_15_4_8;INFEASIBLE;0.0011;0.0000;0.0000;0.0000;720;5;0;;;;;
3;CPLEX-CP-T;cplex-cp;cp-t;epsilon;0.01;instance_30_15_4_9;TIMEOUT_FEASIBLE;300.0082;0.0029;300.0006;0.0001;1983;2691;26000;406;5;0;120;401
3;CPLEX-CP-T;cplex-cp;cp-t;epsilon;0.01;instance_40_25_5_1;TIMEOUT_FEASIBLE;300.0048;0.0077;299.9864;0.0001;4493;6851;43335;776;1;0;200;775
3;CPLEX-CP-T;cplex-cp;cp-t;epsilon;0.01;instance_40_25_5_10;TIMEOUT_FEASIBLE;300.0018;0.0078;299.9830;0.0001;4416;6695;399;769;1;0;200;768
3;CPLEX-CP-T;cplex-cp;cp-t;epsilon;0.01;instance_40_25_5_11;TIMEOUT_FEASIBLE;300.0095;0.0080;299.9915;0.0001;4565;6996;400;777;0;0;200;777
3;CPLEX-CP-T;cplex-cp;cp-t;epsilon;0.01;instance_40_25_5_12;TIMEOUT_FEASIBLE;300.0100;0.0077;299.9918;0.0001;4417;6696;465;778;1;0;200;777
3;CPLEX-CP-T;cplex-cp;cp-t;epsilon;0.01;instance_40_25_5_13;TIMEOUT_FEASIBLE;300.0006;0.0082;299.9803;0.0001;4675;7216;51726;780;1;2;200;777
3;CPLEX-CP-T;cplex-cp;cp-t;epsilon;0.01;instance_40_25_5_14;TIMEOUT_FEASIBLE;299.9990;0.0087;299.9790;0.0001;4826;7517;50690;775;0;0;200;775
3;CPLEX-CP-T;cplex-cp;cp-t;epsilon;0.01;instance_40_25_5_15;TIMEOUT_FEASIBLE;300.0002;0.0080;299.9803;0.0001;4527;6920;42323;714;2;0;200;712
3;CPLEX-CP-T;cplex-cp;cp-t;epsilon;0.01;instance_40_25_5_16;TIMEOUT_FEASIBLE;300.0096;0.0079;299.9915;0.0001;4604;7072;48868;758;2;0;200;756
3;CPLEX-CP-T;cplex-cp;cp-t;epsilon;0.01;instance_40_25_5_17;TIMEOUT_FEASIBLE;300.0101;0.0079;299.9897;0.0016;4530;6925;77597;746;4;0;200;742
3;CPLEX-CP-T;cplex-cp;cp-t;epsilon;0.01;instance_40_25_5_18;TIMEOUT_FEASIBLE;299.9997;0.0078;299.9809;0.0001;4499;6863;60290;779;0;0;200;779
3;CPLEX-CP-T;cplex-cp;cp-t;epsilon;0.01;instance_40_25_5_19;TIMEOUT_FEASIBLE;299.9986;0.0076;299.9805;0.0001;4527;6920;180956;738;6;0;200;732
3;CPLEX-CP-T;cplex-cp;cp-t;epsilon;0.01;instance_40_25_5_2;TIMEOUT_FEASIBLE;300.0003;0.0077;299.9817;0.0001;4443;6751;49520;772;3;0;200;769
3;CPLEX-CP-T;cplex-cp;cp-t;epsilon;0.01;instance_40_25_5_20;TIMEOUT_FEASIBLE;300.0099;0.0076;299.9920;0.0001;4251;6367;462;765;2;8;200;755
3;CPLEX-CP-T;cplex-cp;cp-t;epsilon;0.01;instance_40_25_5_21;TIMEOUT_FEASIBLE;300.0115;0.0081;299.9916;0.0001;4607;7079;54066;753;0;0;200;753
3;CPLEX-CP-T;cplex-cp;cp-t;epsilon;0.01;instance_40_25_5_22;TIMEOUT_FEASIBLE;299.9996;0.0077;299.9796;0.0001;4447;6760;232744;764;5;0;200;759
3;CPLEX-CP-T;cplex-cp;cp-t;epsilon;0.01;instance_40_25_5_23;TIMEOUT_FEASIBLE;300.0101;0.0079;299.9905;0.0001;4411;6687;60401;765;3;0;200;762
3;CPLEX-CP-T;cplex-cp;cp-t;epsilon;0.01;instance_40_25_5_24;TIMEOUT_FEASIBLE;300.0105;0.0077;299.9892;0.0001;4580;7025;308346;745;7;0;200;738
3;CPLEX-CP-T;cplex-cp;cp-t;epsilon;0.01;instance_40_25_5_25;TIMEOUT_FEASIBLE;300.0009;0.0076;299.9835;0.0001;4580;7025;968;762;6;0;200;756
3;CPLEX-CP-T;cplex-cp;cp-t;epsilon;0.01;instance_40_25_5_26;TIMEOUT_FEASIBLE;300.0107;0.0081;299.9909;0.0001;4536;6938;49522;771;0;0;200;771
3;CPLEX-CP-T;cplex-cp;cp-t;epsilon;0.01;instance_40_25_5_27;TIMEOUT_FEASIBLE;300.0105;0.0075;299.9895;0.0001;4481;6827;228726;748;10;0;200;738
3;CPLEX-CP-T;cplex-cp;cp-t;epsilon;0.01;instance_40_25_5_28;TIMEOUT_FEASIBLE;300.0094;0.0046;299.9977;0.0001;4603;7072;4766223;752;25;0;200;727
3;CPLEX-CP-T;cplex-cp;cp-t;epsilon;0.01;instance_40_25_5_29;TIMEOUT_FEASIBLE;300.0100;0.0075;299.9934;0.0001;4611;7088;549;750;5;3;200;742
3;CPLEX-CP-T;cplex-cp;cp-t;epsilon;0.01;instance_40_25_5_3;TIMEOUT_FEASIBLE;300.0100;0.0043;299.9989;0.0001;4515;6893;4778871;734;24;0;200;710
3;CPLEX-CP-T;cplex-cp;cp-t;epsilon;0.01;instance_40_25_5_30;TIMEOUT_FEASIBLE;300.0096;0.0082;299.9907;0.0001;4536;6937;433;764;1;0;200;763
3;CPLEX-CP-T;cplex-cp;cp-t;epsilon;0.01;instance_40_25_5_31;TIMEOUT_FEASIBLE;300.0101;0.0082;299.9911;0.0001;4627;7117;359;784;1;0;200;783
3;CPLEX-CP-T;cplex-cp;cp-t;epsilon;0.01;instance_40_25_5_32;TIMEOUT_FEASIBLE;300.0104;0.0082;299.9884;0.0025;4628;7121;302402;717;9;0;200;708
3;CPLEX-CP-T;cplex-cp;cp-t;epsilon;0.01;instance_40_25_5_33;TIMEOUT_FEASIBLE;300.0093;0.0074;299.9905;0.0001;4319;6503;157399;769;3;0;200;766
3;CPLEX-CP-T;cplex-cp;cp-t;epsilon;0.01;instance_40_25_5_34;TIMEOUT_FEASIBLE;300.0004;0.0078;299.9807;0.0001;4384;6632;276354;765;3;9;200;753
3;CPLEX-CP-T;cplex-cp;cp-t;epsilon;0.01;instance_40_25_5_35;TIMEOUT_FEASIBLE;300.0111;0.0076;299.9910;0.0005;4359;6583;72096;750;4;0;200;746
3;CPLEX-CP-T;cplex-cp;cp-t;epsilon;0.01;instance_40_25_5_36;TIMEOUT_FEASIBLE;300.0008;0.0082;299.9825;0.0001;4709;7281;1065;781;0;0;200;781
3;CPLEX-CP-T;cplex-cp;cp-t;epsilon;0.01;instance_40_25_5_37;TIMEOUT_FEASIBLE;300.0111;0.0081;299.9913;0.0001;4637;7139;50683;748;1;0;200;747
3;CPLEX-CP-T;cplex-cp;cp-t;epsilon;0.01;instance_40_25_5_38;TIMEOUT_FEASIBLE;300.0109;0.0077;299.9923;0.0001;4328;6520;46925;734;2;0;200;732
3;CPLEX-CP-T;cplex-cp;cp-t;epsilon;0.01;instance_40_25_5_39;TIMEOUT_FEASIBLE;300.0108;0.0075;299.9898;0.0001;4448;6762;265098;742;7;5;200;730
3;CPLEX-CP-T;cplex-cp;cp-t;epsilon;0.01;instance_40_25_5_4;TIMEOUT_FEASIBLE;300.0108;0.0078;299.9918;0.0001;4522;6909;55224;776;1;0;200;775
3;CPLEX-CP-T;cplex-cp;cp-t;epsilon;0.01;instance_40_25_5_40;TIMEOUT_FEASIBLE;300.0114;0.0079;299.9924;0.0001;4717;7298;402;768;1;0;200;767
3;CPLEX-CP-T;cplex-cp;cp-t;epsilon;0.01;instance_40_25_5_41;TIMEOUT_FEASIBLE;300.0110;0.0077;299.9918;0.0001;4330;6525;43971;764;2;0;200;762
3;CPLEX-CP-T;cplex-cp;cp-t;epsilon;0.01;instance_40_25_5_42;TIMEOUT_FEASIBLE;300.0012;0.0076;299.9831;0.0001;4543;6948;43314;740;4;0;200;736
3;CPLEX-CP-T;cplex-cp;cp-t;epsilon;0.01;instance_40_25_5_43;TIMEOUT_FEASIBLE;300.0104;0.0042;299.9991;0.0001;4299;6460;6522570;775;41;9;200;725
3;CPLEX-CP-T;cplex-cp;cp-t;epsilon;0.01;instance_40_25_5_44;TIMEOUT_FEASIBLE;300.0121;0.0076;299.9939;0.0001;4516;6898;1165;779;1;3;200;775
3;CPLEX-CP-T;cplex-cp;cp-t;epsilon;0.01;instance_40_25_5_45;TIMEOUT_FEASIBLE;300.0115;0.0082;299.9912;0.0001;4617;7099;53135;704;1;0;200;703
3;CPLEX-CP-T;cplex-cp;cp-t;epsilon;0.01;instance_40_25_5_46;INFEASIBLE;0.0016;0.0002;0.0000;0.0000;1200;32;0;;;;;
3;CPLEX-CP-T;cplex-cp;cp-t;epsilon;0.01;instance_40_25_5_47;TIMEOUT_FEASIBLE;300.0038;0.0079;299.9850;0.0001;4400;6664;52298;778;1;0;200;777
3;CPLEX-CP-T;cplex-cp;cp-t;epsilon;0.01;instance_40_25_5_48;TIMEOUT_FEASIBLE;300.0000;0.0081;299.9820;0.0001;4646;7156;398;762;0;0;200;762
3;CPLEX-CP-T;cplex-cp;cp-t;epsilon;0.01;instance_40_25_5_49;TIMEOUT_FEASIBLE;300.0108;0.0044;299.9985;0.0001;4459;6783;4918599;737;27;0;200;710
3;CPLEX-CP-T;cplex-cp;cp-t;epsilon;0.01;instance_40_25_5_5;TIMEOUT_FEASIBLE;300.0008;0.0087;299.9810;0.0001;4537;6938;363;781;4;4;200;773
3;CPLEX-CP-T;cplex-cp;cp-t;epsilon;0.01;instance_40_25_5_50;TIMEOUT_FEASIBLE;300.0104;0.0077;299.9921;0.0001;4324;6513;435;785;3;0;200;782
3;CPLEX-CP-T;cplex-cp;cp-t;epsilon;0.01;instance_40_25_5_6;TIMEOUT_FEASIBLE;300.0100;0.0081;299.9911;0.0001;4451;6765;58141;764;0;3;200;761
3;CPLEX-CP-T;cplex-cp;cp-t;epsilon;0.01;instance_40_25_5_7;TIMEOUT_FEASIBLE;300.0006;0.0079;299.9820;0.0001;4403;6671;392;779;1;0;200;778
3;CPLEX-CP-T;cplex-cp;cp-t;epsilon;0.01;instance_40_25_5_8;TIMEOUT_FEASIBLE;300.0101;0.0078;299.9923;0.0001;4602;7070;354;765;2;0;200;763
3;CPLEX-CP-T;cplex-cp;cp-t;epsilon;0.01;instance_40_25_5_9;TIMEOUT_FEASIBLE;300.0113;0.0081;299.9917;0.0001;4632;7130;754;770;1;0;200;769
4;CPLEX-CP-I;cplex-cp;cp-i;epsilon;0.01;instance_30_15_4_1;TIMEOUT_FEASIBLE;299.9949;0.0060;299.9840;0.0001;1430;2153;170;447;4;0;120;443
4;CPLEX-CP-I;cplex-cp;cp-i;epsilon;0.01;instance_30_15_4_10;TIMEOUT_FEASIBLE;300.0077;0.0052;299.9978;0.0001;1268;1920;176;424;6;0;120;418
4;CPLEX-CP-I;cplex-cp;cp-i;epsilon;0.01;instance_30_15_4_11;TIMEOUT_FEASIBLE;299.9994;0.0044;299.9906;0.0001;1088;1621;64385;411;2;4;120;405
4;CPLEX-CP-I;cplex-cp;cp-i;epsilon;0.01;instance_30_15_4_12;TIMEOUT_FEASIBLE;300.0008;0.0048;299.9918;0.0001;1181;1781;12380;440;1;6;120;433
4;CPLEX-CP-I;cplex-cp;cp-i;epsilon;0.01;instance_30_15_4_13;TIMEOUT_FEASIBLE;299.9998;0.0041;299.9917;0.0001;976;1461;158;386;3;0;120;383
4;CPLEX-CP-I;cplex-cp;cp-i;epsilon;0.01;instance_30_15_4_14;TIMEOUT_FEASIBLE;300.0014;0.0054;299.9914;0.0001;1339;2042;12124;421;9;0;120;412
4;CPLEX-CP-I;cplex-cp;cp-i;epsilon;0.01;instance_30_15_4_15;TIMEOUT_FEASIBLE;300.0008;0.0056;299.9906;0.0001;1372;2057;13664;448;1;4;120;443
4;CPLEX-CP-I;cplex-cp;cp-i;epsilon;0.01;instance_30_15_4_16;TIMEOUT_FEASIBLE;300.0002;0.0046;299.9914;0.0001;1050;1624;17140;398;0;0;120;398
4;CPLEX-CP-I;cplex-cp;cp-i;epsilon;0.01;instance_30_15_4_17;TIMEOUT_FEASIBLE;300.0111;0.0051;300.0018;0.0001;1219;1858;9196;425;3;0;120;422
4;CPLEX-CP-I;cplex-cp;cp-i;epsilon;0.01;instance_30_15_4_18;TIMEOUT_FEASIBLE;300.0111;0.0061;299.9999;0.0001;1553;2311;13216;459;3;0;120;456
4;CPLEX-CP-I;cplex-cp;cp-i;epsilon;0.01;instance_30_15_4_19;TIMEOUT_FEASIBLE;300.0004;0.0046;299.9916;0.0001;1088;1637;3536;421;6;0;120;415
4;CPLEX-CP-I;cplex-cp;cp-i;epsilon;0.01;instance_30_15_4_2;TIMEOUT_FEASIBLE;300.0007;0.0043;299.9922;0.0001;977;1505;31264;376;2;10;120;364
4;CPLEX-CP-I;cplex-cp;cp-i;epsilon;0.01;instance_30_15_4_20;TIMEOUT_FEASIBLE;300.0108;0.0048;300.0016;0.0001;1095;1678;8530;430;4;0;120;426
4;CPLEX-CP-I;cplex-cp;cp-i;epsilon;0.01;instance_30_15_4_21;INFEASIBLE;0.0012;0.0001;0.0000;0.0000;19;18;0;;;;;
4;CPLEX-CP-I;cplex-cp;cp-i;epsilon;0.01;instance_30_15_4_22;TIMEOUT_FEASIBLE;300.0041;0.0050;299.9948;0.0001;1170;1765;160;432;4;0;120;428
4;CPLEX-CP-I;cplex-cp;cp-i;epsilon;0.01;instance_30_15_4_23;TIMEOUT_FEASIBLE;300.0007;0.0057;299.9902;0.0001;1385;2084;167;441;4;0;120;437
4;CPLEX-CP-I;cplex-cp;cp-i;epsilon;0.01;instance_30_15_4_24;TIMEOUT_FEASIBLE;300.0007;0.0054;299.9907;0.0001;1423;2140;4285;446;1;0;120;445
4;CPLEX-CP-I;cplex-cp;cp-i;epsilon;0.01;instance_30_15_4_25;TIMEOUT_FEASIBLE;299.9997;0.0042;299.9914;0.0001;1015;1549;17715;407;2;0;120;405
4;CPLEX-CP-I;cplex-cp;cp-i;epsilon;0.01;instance_30_15_4_26;TIMEOUT_FEASIBLE;300.0013;0.0056;299.9911;0.0001;1331;1999;15111;439;2;0;120;437
4;CPLEX-CP-I;cplex-cp;cp-i;epsilon;0.01;instance_30_15_4_27;TIMEOUT_FEASIBLE;300.0119;0.0055;300.0018;0.0001;1240;1895;23778;412;2;0;120;410
4;CPLEX-CP-I;cplex-cp;cp-i;epsilon;0.01;instance_30_15_4_28;TIMEOUT_FEASIBLE;300.0005;0.0053;299.9907;0.0001;1341;2027;13678;425;5;0;120;420
4;CPLEX-CP-I;cplex-cp;cp-i;epsilon;0.01;instance_30_15_4_29;TIMEOUT_FEASIBLE;300.0098;0.0040;300.0020;0.0001;925;1407;16459;406;3;0;120;403
4;CPLEX-CP-I;cplex-cp;cp-i;epsilon;0.01;instance_30_15_4_3;TIMEOUT_FEASIBLE;300.0029;0.0055;299.9925;0.0001;1401;2126;7457;439;3;0;120;436
4;CPLEX-CP-I;cplex-cp;cp-i;epsilon;0.01;instance_30_15_4_30;TIMEOUT_FEASIBLE;300.0081;0.0057;299.9975;0.0001;1411;2129;21288;440;3;0;120;437
4;CPLEX-CP-I;cplex-cp;cp-i;epsilon;0.01;instance_30_15_4_31;TIMEOUT_FEASIBLE;300.0015;0.0052;299.9914;0.0001;1389;2057;195;415;4;0;120;411
4;CPLEX-CP-I;cplex-cp;cp-i;epsilon;0.01;instance_30_15_4_32;TIMEOUT_FEASIBLE;300.0099;0.0054;300.0000;0.0001;1246;1854;20090;387;1;0;120;386
4;CPLEX-CP-I;cplex-cp;cp-i;epsilon;0.01;instance_30_15_4_33;TIMEOUT_FEASIBLE;300.0012;0.0058;299.9901;0.0001;1359;2036;75122;434;1;0;120;433
4;CPLEX-CP-I;cplex-cp;cp-i;epsilon;0.01;instance_30_15_4_34;TIMEOUT_FEASIBLE;300.0002;0.0056;299.9899;0.0001;1356;2048;10741;400;1;0;120;399
4;CPLEX-CP-I;cplex-cp;cp-i;epsilon;0.01;instance_30_15_4_35;INFEASIBLE;0.0023;0.0012;0.0000;0.0000;405;404;0;;;;;
4;CPLEX-CP-I;cplex-cp;cp-i;epsilon;0.01;instance_30_15_4_36;TIMEOUT_FEASIBLE;300.0020;0.0053;299.9921;0.0001;1301;1935;180;434;3;0;120;431
4;CPLEX-CP-I;cplex-cp;cp-i;epsilon;0.01;instance_30_15_4_37;TIMEOUT_FEASIBLE;300.0015;0.0054;299.9913;0.0001;1286;1980;42000;429;3;0;120;426
4;CPLEX-CP-I;cplex-cp;cp-i;epsilon;0.01;instance_30_15_4_38;TIMEOUT_FEASIBLE;300.0007;0.0054;299.9904;0.0001;1246;1906;109422;402;0;0;120;402
4;CPLEX-CP-I;cplex-cp;cp-i;epsilon;0.01;instance_30_15_4_39;TIMEOUT_FEASIBLE;300.0017;0.0055;299.9915;0.0001;1398;2093;7848;446;2;0;120;444
4;CPLEX-CP-I;cplex-cp;cp-i;epsilon;0.01;instance_30_15_4_4;TIMEOUT_FEASIBLE;300.0097;0.0068;299.9978;0.0001;1583;2422;6848;453;2;0;120;451
4;CPLEX-CP-I;cplex-cp;cp-i;epsilon;0.01;instance_30_15_4_40;TIMEOUT_FEASIBLE;300.0101;0.0061;299.9992;0.0001;1316;2005;173;446;0;3;120;443
4;CPLEX-CP-I;cplex-cp;cp-i;epsilon;0.01;instance_30_15_4_41;TIMEOUT_FEASIBLE;300.0010;0.0070;299.9886;0.0001;1630;2408;218;440;0;0;120;440
4;CPLEX-CP-I;cplex-cp;cp-i;epsilon;0.01;instance_30_15_4_42;TIMEOUT_FEASIBLE;300.0005;0.0063;299.9886;0.0001;1445;2156;74131;439;2;0;120;437
4;CPLEX-CP-I;cplex-cp;cp-i;epsilon;0.01;instance_30_15_4_43;TIMEOUT_FEASIBLE;300.0100;0.0052;300.0001;0.0001;1270;1891;56252;426;3;12;120;411
4;CPLEX-CP-I;cplex-cp;cp-i;epsilon;0.01;instance_30_15_4_44;INFEASIBLE;0.0014;0.0002;0.0000;0.0000;48;47;0;;;;;
4;CPLEX-CP-I;cplex-cp;cp-i;epsilon;0.01;instance_30_15_4_45;TIMEOUT_FEASIBLE;300.0011;0.0058;299.9906;0.0001;1447;2172;4457;424;2;0;120;422
4;CPLEX-CP-I;cplex-cp;cp-i;epsilon;0.01;instance_30_15_4_46;TIMEOUT_FEASIBLE;300.0102;0.0061;299.9990;0.0001;1482;2227;5190;449;1;0;120;448
4;CPLEX-CP-I;cplex-cp;cp-i;epsilon;0.01;instance_30_15_4_47;TIMEOUT_FEASIBLE;300.0095;0.0053;299.9992;0.0001;1230;1894;3070644;429;4;0;120;425
4;CPLEX-CP-I;cplex-cp;cp-i;epsilon;0.01;instance_30_15_4_48;TIMEOUT_FEASIBLE;300.0160;0.0054;300.0059;0.0001;1250;1889;9869;433;2;0;120;431
4;CPLEX-CP-I;cplex-cp;cp-i;epsilon;0.01;instance_30_15_4_49;TIMEOUT_FEASIBLE;300.0059;0.0049;299.9967;0.0001;1242;1852;181;438;3;0;120;435
4;CPLEX-CP-I;cplex-cp;cp-i;epsilon;0.01;instance_30_15_4_5;TIMEOUT_FEASIBLE;300.0005;0.0049;299.9911;0.0001;1163;1743;19228;427;6;0;120;421
4;CPLEX-CP-I;cplex-cp;cp-i;epsilon;0.01;instance_30_15_4_50;TIMEOUT_FEASIBLE;300.0007;0.0043;299.9923;0.0001;1018;1538;4574;411;9;0;120;402
4;CPLEX-CP-I;cplex-cp;cp-i;epsilon;0.01;instance_30_15_4_6;TIMEOUT_FEASIBLE;300.0006;0.0050;299.9911;0.0001;1157;1769;153;442;2;0;120;440
4;CPLEX-CP-I;cplex-cp;cp-i;epsilon;0.01;instance_30_15_4_7;INFEASIBLE;0.0022;0.0010;0.0000;0.0000;366;365;0;;;;;
4;CPLEX-CP-I;cplex-cp;cp-i;epsilon;0.01;instance_30_15_4_8;INFEASIBLE;0.0011;0.0001;0.0000;0.0000;31;30;0;;;;;
4;CPLEX-CP-I;cplex-cp;cp-i;epsilon;0.01;instance_30_15_4_9;TIMEOUT_FEASIBLE;300.0069;0.0044;299.9984;0.0001;1054;1603;12465;406;5;0;120;401
4;CPLEX-CP-I;cplex-cp;cp-i;epsilon;0.01;instance_40_25_5_1;TIMEOUT_FEASIBLE;300.0130;0.0149;299.9898;0.0001;2924;4256;371;777;0;0;200;777
4;CPLEX-CP-I;cplex-cp;cp-i;epsilon;0.01;instance_40_25_5_10;TIMEOUT_FEASIBLE;300.0101;0.0157;299.9844;0.0001;3577;5138;421;769;1;0;200;768
4;CPLEX-CP-I;cplex-cp;cp-i;epsilon;0.01;instance_40_25_5_11;TIMEOUT_FEASIBLE;300.0076;0.0147;299.9840;0.0001;3242;4737;410;777;0;0;200;777
4;CPLEX-CP-I;cplex-cp;cp-i;epsilon;0.01;instance_40_25_5_12;TIMEOUT_FEASIBLE;300.0083;0.0136;299.9861;0.0001;3081;4452;406;777;0;0;200;777
4;CPLEX-CP-I;cplex-cp;cp-i;epsilon;0.01;instance_40_25_5_13;TIMEOUT_FEASIBLE;300.0097;0.0144;299.9864;0.0001;3307;4840;383;780;0;0;200;780
4;CPLEX-CP-I;cplex-cp;cp-i;epsilon;0.01;instance_40_25_5_14;TIMEOUT_FEASIBLE;300.0087;0.0159;299.9828;0.0001;3615;5299;22692;775;0;0;200;775
4;CPLEX-CP-I;cplex-cp;cp-i;epsilon;0.01;instance_40_25_5_15;TIMEOUT_FEASIBLE;299.9977;0.0152;299.9729;0.0001;3045;4478;24084;714;1;0;200;713
4;CPLEX-CP-I;cplex-cp;cp-i;epsilon;0.01;instance_40_25_5_16;TIMEOUT_FEASIBLE;299.9990;0.0140;299.9765;0.0001;2949;4329;22977;758;2;0;200;756
4;CPLEX-CP-I;cplex-cp;cp-i;epsilon;0.01;instance_40_25_5_17;TIMEOUT_FEASIBLE;300.0092;0.0156;299.9840;0.0001;3083;4481;47556;746;3;0;200;743
4;CPLEX-CP-I;cplex-cp;cp-i;epsilon;0.01;instance_40_25_5_18;TIMEOUT_FEASIBLE;299.9999;0.0146;299.9765;0.0001;3222;4692;22490;779;0;0;200;779
4;CPLEX-CP-I;cplex-cp;cp-i;epsilon;0.01;instance_40_25_5_19;TIMEOUT_FEASIBLE;299.9972;0.0122;299.9774;0.0001;2449;3616;57243;738;5;0;200;733
4;CPLEX-CP-I;cplex-cp;cp-i;epsilon;0.01;instance_40_25_5_2;TIMEOUT_FEASIBLE;300.0002;0.0141;299.9777;0.0001;3080;4461;21878;772;3;0;200;769
4;CPLEX-CP-I;cplex-cp;cp-i;epsilon;0.01;instance_40_25_5_20;TIMEOUT_FEASIBLE;300.0620;0.0155;300.0367;0.0002;3091;4401;28079;765;2;10;200;753
4;CPLEX-CP-I;cplex-cp;cp-i;epsilon;0.01;instance_40_25_5_21;TIMEOUT_FEASIBLE;300.0067;0.0154;299.9820;0.0001;3280;4778;12304;753;0;0;200;753
4;CPLEX-CP-I;cplex-cp;cp-i;epsilon;0.01;instance_40_25_5_22;TIMEOUT_FEASIBLE;300.0076;0.0134;299.9852;0.0001;2721;4000;85416;764;5;1;200;758
4;CPLEX-CP-I;cplex-cp;cp-i;epsilon;0.01;instance_40_25_5_23;TIMEOUT_FEASIBLE;300.0010;0.0150;299.9764;0.0001;3154;4543;30897;765;2;4;200;759
4;CPLEX-CP-I;cplex-cp;cp-i;epsilon;0.01;instance_40_25_5_24;TIMEOUT_FEASIBLE;300.0067;0.0131;299.9850;0.0002;2599;3824;134641;745;8;0;200;737
4;CPLEX-CP-I;cplex-cp;cp-i;epsilon;0.01;instance_40_25_5_25;TIMEOUT_FEASIBLE;300.0080;0.0134;299.9869;0.0001;2636;3871;7146;762;6;0;200;756
4;CPLEX-CP-I;cplex-cp;cp-i;epsilon;0.01;instance_40_25_5_26;TIMEOUT_FEASIBLE;300.0021;0.0146;299.9784;0.0001;3262;4762;407;771;0;6;200;765
4;CPLEX-CP-I;cplex-cp;cp-i;epsilon;0.01;instance_40_25_5_27;TIMEOUT_FEASIBLE;300.0076;0.0123;299.9867;0.0002;2621;3848;110478;748;10;0;200;738
4;CPLEX-CP-I;cplex-cp;cp-i;epsilon;0.01;instance_40_25_5_28;TIMEOUT_FEASIBLE;300.0445;0.0092;300.0299;0.0001;3173;4676;2763791;752;44;0;200;708
4;CPLEX-CP-I;cplex-cp;cp-i;epsilon;0.01;instance_40_25_5_29;TIMEOUT_FEASIBLE;300.0046;0.0122;299.9847;0.0001;2759;4047;35273;750;5;0;200;745
4;CPLEX-CP-I;cplex-cp;cp-i;epsilon;0.01;instance_40_25_5_3;TIMEOUT_FEASIBLE;300.0097;0.0084;299.9959;0.0001;3073;4500;2392967;734;39;0;200;695
4;CPLEX-CP-I;cplex-cp;cp-i;epsilon;0.01;instance_40_25_5_30;TIMEOUT_FEASIBLE;300.0126;0.0160;299.9875;0.0001;3553;5143;466;764;2;0;200;762
4;CPLEX-CP-I;cplex-cp;cp-i;epsilon;0.01;instance_40_25_5_31;TIMEOUT_FEASIBLE;300.0062;0.0161;299.9809;0.0001;3431;4979;369;784;1;0;200;783
4;CPLEX-CP-I;cplex-cp;cp-i;epsilon;0.01;instance_40_25_5_32;TIMEOUT_FEASIBLE;300.0081;0.0144;299.9837;0.0001;3251;4793;70419;717;9;0;200;708
4;CPLEX-CP-I;cplex-cp;cp-i;epsilon;0.01;instance_40_25_5_33;TIMEOUT_FEASIBLE;299.9985;0.0128;299.9775;0.0001;2591;3776;52115;769;2;0;200;767
4;CPLEX-CP-I;cplex-cp;cp-i;epsilon;0.01;instance_40_25_5_34;TIMEOUT_FEASIBLE;300.0009;0.0151;299.9756;0.0001;3117;4480;192118;765;3;0;200;762
4;CPLEX-CP-I;cplex-cp;cp-i;epsilon;0.01;instance_40_25_5_35;TIMEOUT_FEASIBLE;300.0092;0.0151;299.9845;0.0001;3116;4531;23469;750;3;1;200;746
4;CPLEX-CP-I;cplex-cp;cp-i;epsilon;0.01;instance_40_25_5_36;TIMEOUT_FEASIBLE;299.9991;0.0154;299.9743;0.0001;3286;4821;8317;782;0;0;200;782
4;CPLEX-CP-I;cplex-cp;cp-i;epsilon;0.01;instance_40_25_5_37;TIMEOUT_FEASIBLE;299.9980;0.0147;299.9739;0.0001;3151;4633;27964;748;1;0;200;747
4;CPLEX-CP-I;cplex-cp;cp-i;epsilon;0.01;instance_40_25_5_38;TIMEOUT_FEASIBLE;300.0089;0.0130;299.9871;0.0001;2820;4116;52885;734;0;0;200;734
4;CPLEX-CP-I;cplex-cp;cp-i;epsilon;0.01;instance_40_25_5_39;TIMEOUT_FEASIBLE;300.0085;0.0134;299.9865;0.0001;2563;3767;167023;742;7;3;200;732
4;CPLEX-CP-I;cplex-cp;cp-i;epsilon;0.01;instance_40_25_5_4;TIMEOUT_FEASIBLE;300.0097;0.0147;299.9858;0.0001;3083;4491;41713;776;1;0;200;775
4;CPLEX-CP-I;cplex-cp;cp-i;epsilon;0.01;instance_40_25_5_40;TIMEOUT_FEASIBLE;300.0094;0.0140;299.9871;0.0001;3076;4533;11623;768;1;0;200;767
4;CPLEX-CP-I;cplex-cp;cp-i;epsilon;0.01;instance_40_25_5_41;TIMEOUT_FEASIBLE;299.9998;0.0152;299.9753;0.0001;3241;4682;422;764;2;0;200;762
4;CPLEX-CP-I;cplex-cp;cp-i;epsilon;0.01;instance_40_25_5_42;TIMEOUT_FEASIBLE;300.0174;0.0133;299.9955;0.0001;2735;4071;55069;740;4;5;200;731
4;CPLEX-CP-I;cplex-cp;cp-i;epsilon;0.01;instance_40_25_5_43;TIMEOUT_FEASIBLE;300.0082;0.0084;299.9947;0.0001;2839;4125;6993721;775;33;4;200;738
4;CPLEX-CP-I;cplex-cp;cp-i;epsilon;0.01;instance_40_25_5_44;TIMEOUT_FEASIBLE;300.0024;0.0157;299.9766;0.0001;3287;4819;32682;779;0;3;200;776
4;CPLEX-CP-I;cplex-cp;cp-i;epsilon;0.01;instance_40_25_5_45;TIMEOUT_FEASIBLE;300.0094;0.0153;299.9840;0.0001;3187;4693;24535;704;2;0;200;702
4;CPLEX-CP-I;cplex-cp;cp-i;epsilon;0.01;instance_40_25_5_46;INFEASIBLE;0.0022;0.0008;0.0000;0.0000;317;316;0;;;;;
4;CPLEX-CP-I;cplex-cp;cp-i;epsilon;0.01;instance_40_25_5_47;TIMEOUT_FEASIBLE;300.0111;0.0162;299.9848;0.0001;3472;5028;29082;778;0;0;200;778
4;CPLEX-CP-I;cplex-cp;cp-i;epsilon;0.01;instance_40_25_5_48;TIMEOUT_FEASIBLE;299.9993;0.0156;299.9748;0.0001;3247;4793;19739;762;0;0;200;762
4;CPLEX-CP-I;cplex-cp;cp-i;epsilon;0.01;instance_40_25_5_49;TIMEOUT_FEASIBLE;299.9963;0.0088;299.9824;0.0001;2951;4331;10447547;737;44;0;200;693
4;CPLEX-CP-I;cplex-cp;cp-i;epsilon;0.01;instance_40_25_5_5;TIMEOUT_FEASIBLE;300.0322;0.0143;300.0092;0.0001;3263;4745;13516;780;3;4;200;773
4;CPLEX-CP-I;cplex-cp;cp-i;epsilon;0.01;instance_40_25_5_50;TIMEOUT_FEASIBLE;300.0088;0.0151;299.9837;0.0001;3408;4851;20249;784;2;0;200;782
4;CPLEX-CP-I;cplex-cp;cp-i;epsilon;0.01;instance_40_25_5_6;TIMEOUT_FEASIBLE;299.9998;0.0164;299.9730;0.0001;3371;4895;47257;765;0;0;200;765
4;CPLEX-CP-I;cplex-cp;cp-i;epsilon;0.01;instance_40_25_5_7;TIMEOUT_FEASIBLE;300.0079;0.0158;299.9823;0.0001;3454;4982;452;778;0;0;200;778
4;CPLEX-CP-I;cplex-cp;cp-i;epsilon;0.01;instance_40_25_5_8;TIMEOUT_FEASIBLE;300.0090;0.0136;299.9869;0.0001;3015;4436;385;765;1;0;200;764
4;CPLEX-CP-I;cplex-cp;cp-i;epsilon;0.01;instance_40_25_5_9;TIMEOUT_FEASIBLE;300.0092;0.0154;299.9835;0.0001;3326;4872;26093;770;1;0;200;769
1;GUROBI-MIP;gurobi-mip;mip-e;epsilon;0.025;instance_30_15_4_1;OPTIMUM;0.4479;0.0183;0.2074;0.0002;3371;3079;1;443;1;0;120;442
1;GUROBI-MIP;gurobi-mip;mip-e;epsilon;0.025;instance_30_15_4_10;OPTIMUM;0.1551;0.0161;0.1360;0.0002;2858;2791;1;420;3;0;120;417
1;GUROBI-MIP;gurobi-mip;mip-e;epsilon;0.025;instance_30_15_4_11;OPTIMUM;0.1526;0.0146;0.1350;0.0002;2559;2447;1;406;0;0;120;406
1;GUROBI-MIP;gurobi-mip;mip-e;epsilon;0.025;instance_30_15_4_12;OPTIMUM;0.1647;0.0156;0.1463;0.0002;2802;2664;1;439;0;0;120;439
1;GUROBI-MIP;gurobi-mip;mip-e;epsilon;0.025;instance_30_15_4_13;OPTIMUM;0.1398;0.0129;0.1243;0.0002;2204;2192;1;386;3;0;120;383
1;GUROBI-MIP;gurobi-mip;mip-e;epsilon;0.025;instance_30_15_4_14;OPTIMUM;0.1623;0.0172;0.1419;0.0002;3089;2948;1;415;5;0;120;410
1;GUROBI-MIP;gurobi-mip;mip-e;epsilon;0.025;instance_30_15_4_15;OPTIMUM;0.2565;0.0180;0.2355;0.0002;3341;3041;1;446;0;0;120;446
1;GUROBI-MIP;gurobi-mip;mip-e;epsilon;0.025;instance_30_15_4_16;OPTIMUM;0.1065;0.0136;0.0902;0.0002;2300;2344;1;398;0;0;120;398
1;GUROBI-MIP;gurobi-mip;mip-e;epsilon;0.025;instance_30_15_4_17;OPTIMUM;0.1411;0.0161;0.1221;0.0002;2875;2724;1;421;1;0;120;420
1;GUROBI-MIP;gurobi-mip;mip-e;epsilon;0.025;instance_30_15_4_18;OPTIMUM;0.2022;0.0204;0.1785;0.0002;3959;3386;1;454;1;0;120;453
1;GUROBI-MIP;gurobi-mip;mip-e;epsilon;0.025;instance_30_15_4_19;OPTIMUM;0.1487;0.0147;0.1311;0.0002;2623;2494;1;417;5;0;120;412
1;GUROBI-MIP;gurobi-mip;mip-e;epsilon;0.025;instance_30_15_4_2;OPTIMUM;0.1162;0.0128;0.1008;0.0002;2165;2208;1;370;0;1;120;369
1;GUROBI-MIP;gurobi-mip;mip-e;epsilon;0.025;instance_30_15_4_20;OPTIMUM;0.1210;0.0142;0.1040;0.0002;2444;2469;1;426;2;0;120;424
1;GUROBI-MIP;gurobi-mip;mip-e;epsilon;0.025;instance_30_15_4_21;INFEASIBLE;0.0062;0.0031;0.0015;0.0000;1837;1922;0;;;;;
1;GUROBI-MIP;gurobi-mip;mip-e;epsilon;0.025;instance_30_15_4_22;OPTIMUM;0.1410;0.0152;0.1230;0.0002;2720;2647;1;427;2;0;120;425
1;GUROBI-MIP;gurobi-mip;mip-e;epsilon;0.025;instance_30_15_4_23;OPTIMUM;0.2030;0.0192;0.1804;0.0002;3361;3073;1;436;2;0;120;434
1;GUROBI-MIP;gurobi-mip;mip-e;epsilon;0.025;instance_30_15_4_24;OPTIMUM;0.1732;0.0180;0.1521;0.0002;3343;3066;1;444;0;0;120;444
1;GUROBI-MIP;gurobi-mip;mip-e;epsilon;0.025;instance_30_15_4_25;OPTIMUM;0.1179;0.0133;0.1020;0.0002;2287;2294;1;402;0;0;120;402
1;GUROBI-MIP;gurobi-mip;mip-e;epsilon;0.025;instance_30_15_4_26;OPTIMUM;0.1666;0.0168;0.1468;0.0002;3064;2888;1;436;0;0;120;436
1;GUROBI-MIP;gurobi-mip;mip-e;epsilon;0.025;instance_30_15_4_27;OPTIMUM;0.1522;0.0161;0.1331;0.0002;2917;2741;1;407;0;0;120;407
1;GUROBI-MIP;gurobi-mip;mip-e;epsilon;0.025;instance_30_15_4_28;OPTIMUM;0.1831;0.0177;0.1621;0.0002;3117;2956;1;421;3;0;120;418
1;GUROBI-MIP;gurobi-mip;mip-e;epsilon;0.025;instance_30_15_4_29;OPTIMUM;0.1076;0.0127;0.0923;0.0002;2095;2159;1;402;1;0;120;401
1;GUROBI-MIP;gurobi-mip;mip-e;epsilon;0.025;instance_30_15_4_3;OPTIMUM;0.2114;0.0184;0.1900;0.0002;3366;3038;1;436;1;0;120;435
1;GUROBI-MIP;gurobi-mip;mip-e;epsilon;0.025;instance_30_15_4_30;OPTIMUM;0.1888;0.0182;0.1675;0.0002;3307;3074;1;435;0;0;120;435
1;GUROBI-MIP;gurobi-mip;mip-e;epsilon;0.025;instance_30_15_4_31;OPTIMUM;0.1878;0.0181;0.1664;0.0002;3331;3021;1;410;1;0;120;409
1;GUROBI-MIP;gurobi-mip;mip-e;epsilon;0.025;instance_30_15_4_32;OPTIMUM;0.2099;0.0169;0.1900;0.0002;3155;2791;1;382;0;0;120;382
1;GUROBI-MIP;gurobi-mip;mip-e;epsilon;0.025;instance_30_15_4_33;OPTIMUM;0.1794;0.0175;0.1588;0.0002;3223;2979;1;429;0;0;120;429
1;GUROBI-MIP;gurobi-mip;mip-e;epsilon;0.025;instance_30_15_4_34;OPTIMUM;0.1957;0.0177;0.1748;0.0002;3322;2990;1;396;0;0;120;396
1;GUROBI-MIP;gurobi-mip;mip-e;epsilon;0.025;instance_30_15_4_35;INFEASIBLE;0.0075;0.0042;0.0018;0.0000;2706;2659;0;;;;;
1;GUROBI-MIP;gurobi-mip;mip-e;epsilon;0.025;instance_30_15_4_36;OPTIMUM;0.1795;0.0172;0.1592;0.0002;3184;2947;1;430;1;0;120;429
1;GUROBI-MIP;gurobi-mip;mip-e;epsilon;0.025;instance_30_15_4_37;OPTIMUM;0.1491;0.0161;0.1301;0.0002;2865;2755;1;424;1;0;120;423
1;GUROBI-MIP;gurobi-mip;mip-e;epsilon;0.025;instance_30_15_4_38;OPTIMUM;0.1509;0.0159;0.1321;0.0002;2845;2745;1;402;0;0;120;402
1;GUROBI-MIP;gurobi-mip;mip-e;epsilon;0.025;instance_30_15_4_39;OPTIMUM;0.1825;0.0178;0.1617;0.0002;3288;3013;1;442;1;0;120;441
1;GUROBI-MIP;gurobi-mip;mip-e;epsilon;0.025;instance_30_15_4_4;OPTIMUM;0.1970;0.0199;0.1735;0.0002;3686;3374;1;450;0;0;120;450
1;GUROBI-MIP;gurobi-mip;mip-e;epsilon;0.025;instance_30_15_4_40;OPTIMUM;0.1725;0.0173;0.1520;0.0002;3126;2946;1;450;0;0;120;450
1;GUROBI-MIP;gurobi-mip;mip-e;epsilon;0.025;instance_30_15_4_41;OPTIMUM;0.2291;0.0216;0.2039;0.0002;4145;3586;1;443;0;0;120;443
1;GUROBI-MIP;gurobi-mip;mip-e;epsilon;0.025;instance_30_15_4_42;OPTIMUM;0.1898;0.0184;0.1682;0.0002;3363;3102;1;432;0;0;120;432
1;GUROBI-MIP;gurobi-mip;mip-e;epsilon;0.025;instance_30_15_4_43;OPTIMUM;0.2145;0.0170;0.1945;0.0002;3163;2828;1;420;1;4;120;415
1;GUROBI-MIP;gurobi-mip;mip-e;epsilon;0.025;instance_30_15_4_44;INFEASIBLE;0.0076;0.0043;0.0018;0.0000;2881;2803;0;;;;;
1;GUROBI-MIP;gurobi-mip;mip-e;epsilon;0.025;instance_30_15_4_45;OPTIMUM;0.2243;0.0193;0.2017;0.0002;3586;3190;1;422;1;0;120;421
1;GUROBI-MIP;gurobi-mip;mip-e;epsilon;0.025;instance_30_15_4_46;OPTIMUM;0.1807;0.0188;0.1587;0.0002;3478;3213;1;446;0;0;120;446
1;GUROBI-MIP;gurobi-mip;mip-e;epsilon;0.025;instance_30_15_4_47;OPTIMUM;0.1537;0.0156;0.1352;0.0002;2811;2697;1;424;2;0;120;422
1;GUROBI-MIP;gurobi-mip;mip-e;epsilon;0.025;instance_30_15_4_48;OPTIMUM;0.1468;0.0162;0.1278;0.0002;2913;2779;1;430;0;0;120;430
1;GUROBI-MIP;gurobi-mip;mip-e;epsilon;0.025;instance_30_15_4_49;OPTIMUM;0.1545;0.0163;0.1354;0.0002;2912;2738;1;434;2;0;120;432
1;GUROBI-MIP;gurobi-mip;mip-e;epsilon;0.025;instance_30_15_4_5;OPTIMUM;0.1896;0.0154;0.1713;0.0002;2772;2611;1;424;5;0;120;419
1;GUROBI-MIP;gurobi-mip;mip-e;epsilon;0.025;instance_30_15_4_50;OPTIMUM;0.1208;0.0135;0.1047;0.0002;2294;2254;1;409;8;0;120;401
1;GUROBI-MIP;gurobi-mip;mip-e;epsilon;0.025;instance_30_15_4_6;OPTIMUM;0.1495;0.0150;0.1317;0.0002;2621;2606;1;436;0;0;120;436
1;GUROBI-MIP;gurobi-mip;mip-e;epsilon;0.025;instance_30_15_4_7;INFEASIBLE;0.0089;0.0052;0.0021;0.0000;3567;3241;0;;;;;
1;GUROBI-MIP;gurobi-mip;mip-e;epsilon;0.025;instance_30_15_4_8;INFEASIBLE;0.0082;0.0047;0.0019;0.0000;3104;2911;0;;;;;
1;GUROBI-MIP;gurobi-mip;mip-e;epsilon;0.025;instance_30_15_4_9;OPTIMUM;0.1213;0.0138;0.1047;0.0002;2364;2352;1;402;3;0;120;399
1;GUROBI-MIP;gurobi-mip;mip-e;epsilon;0.025;instance_40_25_5_1;OPTIMUM;0.4823;0.0423;0.4339;0.0003;7806;6177;1;777;0;0;200;777
1;GUROBI-MIP;gurobi-mip;mip-e;epsilon;0.025;instance_40_25_5_10;OPTIMUM;0.5713;0.0487;0.5156;0.0004;9156;7352;1;765;0;0;200;765
1;GUROBI-MIP;gurobi-mip;mip-e;epsilon;0.025;instance_40_25_5_11;OPTIMUM;0.4564;0.0442;0.4056;0.0004;8366;6741;1;783;0;0;200;783
1;GUROBI-MIP;gurobi-mip;mip-e;epsilon;0.025;instance_40_25_5_12;OPTIMUM;0.4982;0.0425;0.4494;0.0003;7935;6437;1;778;0;0;200;778
1;GUROBI-MIP;gurobi-mip;mip-e;epsilon;0.025;instance_40_25_5_13;OPTIMUM;0.4940;0.0435;0.4444;0.0003;8187;6772;1;783;0;0;200;783
1;GUROBI-MIP;gurobi-mip;mip-e;epsilon;0.025;instance_40_25_5_14;OPTIMUM;0.4962;0.0482;0.4417;0.0004;9031;7290;1;781;0;0;200;781
1;GUROBI-MIP;gurobi-mip;mip-e;epsilon;0.025;instance_40_25_5_15;OPTIMUM;0.5397;0.0424;0.4916;0.0003;7991;6437;1;710;0;0;200;710
1;GUROBI-MIP;gurobi-mip;mip-e;epsilon;0.025;instance_40_25_5_16;OPTIMUM;0.5072;0.0398;0.4619;0.0003;7425;6080;1;753;1;0;200;752
1;GUROBI-MIP;gurobi-mip;mip-e;epsilon;0.025;instance_40_25_5_17;OPTIMUM;0.4909;0.0418;0.4434;0.0003;7867;6418;1;741;0;0;200;741
1;GUROBI-MIP;gurobi-mip;mip-e;epsilon;0.025;instance_40_25_5_18;OPTIMUM;0.4698;0.0444;0.4193;0.0004;8262;6693;1;782;0;0;200;782
1;GUROBI-MIP;gurobi-mip;mip-e;epsilon;0.025;instance_40_25_5_19;OPTIMUM;0.5175;0.0334;0.4795;0.0003;5910;5212;1;729;2;0;200;727
1;GUROBI-MIP;gurobi-mip;mip-e;epsilon;0.025;instance_40_25_5_2;OPTIMUM;0.4697;0.0419;0.4220;0.0003;7933;6374;1;766;0;0;200;766
1;GUROBI-MIP;gurobi-mip;mip-e;epsilon;0.025;instance_40_25_5_20;OPTIMUM;0.7060;0.0430;0.6571;0.0003;8180;6439;1;759;0;0;200;759
1;GUROBI-MIP;gurobi-mip;mip-e;epsilon;0.025;instance_40_25_5_21;OPTIMUM;0.5565;0.0449;0.5053;0.0004;8490;6813;1;755;0;0;200;755
1;GUROBI-MIP;gurobi-mip;mip-e;epsilon;0.025;instance_40_25_5_22;OPTIMUM;1.6305;0.0373;1.5878;0.0003;6757;5793;1;752;0;0;200;752
1;GUROBI-MIP;gurobi-mip;mip-e;epsilon;0.025;instance_40_25_5_23;OPTIMUM;1.1974;0.0430;1.1481;0.0004;8030;6538;1;764;0;0;200;764
1;GUROBI-MIP;gurobi-mip;mip-e;epsilon;0.025;instance_40_25_5_24;OPTIMUM;0.6343;0.0358;0.5934;0.0003;6415;5517;1;734;2;0;200;732
1;GUROBI-MIP;gurobi-mip;mip-e;epsilon;0.025;instance_40_25_5_25;OPTIMUM;0.5057;0.0352;0.4657;0.0003;6367;5530;1;754;3;0;200;751
1;GUROBI-MIP;gurobi-mip;mip-e;epsilon;0.025;instance_40_25_5_26;OPTIMUM;0.4939;0.0445;0.4431;0.0003;8367;6757;1;775;0;0;200;775
1;GUROBI-MIP;gurobi-mip;mip-e;epsilon;0.025;instance_40_25_5_27;OPTIMUM;0.4850;0.0356;0.4443;0.0003;6288;5519;1;738;5;0;200;733
1;GUROBI-MIP;gurobi-mip;mip-e;epsilon;0.025;instance_40_25_5_28;OPTIMUM;0.6985;0.0421;0.6505;0.0004;7869;6569;1;737;3;0;200;734
1;GUROBI-MIP;gurobi-mip;mip-e;epsilon;0.025;instance_40_25_5_29;OPTIMUM;0.4650;0.0370;0.4229;0.0003;6686;5707;1;739;3;0;200;736
1;GUROBI-MIP;gurobi-mip;mip-e;epsilon;0.025;instance_40_25_5_3;OPTIMUM;0.5818;0.0410;0.5352;0.0003;7655;6324;1;717;4;0;200;713
1;GUROBI-MIP;gurobi-mip;mip-e;epsilon;0.025;instance_40_25_5_30;OPTIMUM;0.5051;0.0468;0.4524;0.0003;9104;7202;1;761;0;0;200;761
1;GUROBI-MIP;gurobi-mip;mip-e;epsilon;0.025;instance_40_25_5_31;OPTIMUM;0.5499;0.0483;0.4950;0.0004;8936;7022;1;784;0;0;200;784
1;GUROBI-MIP;gurobi-mip;mip-e;epsilon;0.025;instance_40_25_5_32;OPTIMUM;0.4112;0.0424;0.3629;0.0003;7826;6652;1;706;4;0;200;702
1;GUROBI-MIP;gurobi-mip;mip-e;epsilon;0.025;instance_40_25_5_33;OPTIMUM;0.4129;0.0353;0.3722;0.0003;6418;5516;1;760;0;0;200;760
1;GUROBI-MIP;gurobi-mip;mip-e;epsilon;0.025;instance_40_25_5_34;OPTIMUM;0.6016;0.0418;0.5541;0.0003;7980;6501;1;759;0;0;200;759
1;GUROBI-MIP;gurobi-mip;mip-e;epsilon;0.025;instance_40_25_5_35;OPTIMUM;0.5054;0.0422;0.4576;0.0003;7728;6450;1;745;1;0;200;744
1;GUROBI-MIP;gurobi-mip;mip-e;epsilon;0.025;instance_40_25_5_36;OPTIMUM;0.4867;0.0449;0.4355;0.0004;8531;6890;1;788;0;0;200;788
1;GUROBI-MIP;gurobi-mip;mip-e;epsilon;0.025;instance_40_25_5_37;OPTIMUM;0.4357;0.0408;0.3892;0.0003;7699;6496;1;747;0;0;200;747
1;GUROBI-MIP;gurobi-mip;mip-e;epsilon;0.025;instance_40_25_5_38;OPTIMUM;0.4080;0.0377;0.3652;0.0003;6726;5915;1;735;0;0;200;735
1;GUROBI-MIP;gurobi-mip;mip-e;epsilon;0.025;instance_40_25_5_39;OPTIMUM;0.7431;0.0357;0.7025;0.0003;6492;5387;1;732;2;0;200;730
1;GUROBI-MIP;gurobi-mip;mip-e;epsilon;0.025;instance_40_25_5_4;OPTIMUM;0.4402;0.0411;0.3935;0.0003;7698;6353;1;777;0;0;200;777
1;GUROBI-MIP;gurobi-mip;mip-e;epsilon;0.025;instance_40_25_5_40;OPTIMUM;0.4954;0.0414;0.4484;0.0003;7792;6455;1;766;0;0;200;766
1;GUROBI-MIP;gurobi-mip;mip-e;epsilon;0.025;instance_40_25_5_41;OPTIMUM;0.6024;0.0454;0.5508;0.0003;8669;6835;1;759;0;0;200;759
1;GUROBI-MIP;gurobi-mip;mip-e;epsilon;0.025;instance_40_25_5_42;OPTIMUM;0.3977;0.0376;0.3546;0.0003;6886;5873;1;729;0;0;200;729
1;GUROBI-MIP;gurobi-mip;mip-e;epsilon;0.025;instance_40_25_5_43;OPTIMUM;0.6078;0.0392;0.5634;0.0003;7248;5931;1;759;0;0;200;759
1;GUROBI-MIP;gurobi-mip;mip-e;epsilon;0.025;instance_40_25_5_44;OPTIMUM;0.4896;0.0439;0.4397;0.0003;8468;6856;1;780;0;0;200;780
1;GUROBI-MIP;gurobi-mip;mip-e;epsilon;0.025;instance_40_25_5_45;OPTIMUM;0.4977;0.0425;0.4493;0.0003;7993;6603;1;701;0;0;200;701
1;GUROBI-MIP;gurobi-mip;mip-e;epsilon;0.025;instance_40_25_5_46;INFEASIBLE;0.0201;0.0131;0.0046;0.0000;8709;6987;0;;;;;
1;GUROBI-MIP;gurobi-mip;mip-e;epsilon;0.025;instance_40_25_5_47;OPTIMUM;0.5743;0.0465;0.5216;0.0003;9002;7177;1;780;0;0;200;780
1;GUROBI-MIP;gurobi-mip;mip-e;epsilon;0.025;instance_40_25_5_48;OPTIMUM;0.5168;0.0441;0.4668;0.0003;8403;6784;1;766;0;0;200;766
1;GUROBI-MIP;gurobi-mip;mip-e;epsilon;0.025;instance_40_25_5_49;OPTIMUM;0.8119;0.0390;0.7677;0.0003;7358;6129;1;721;5;0;200;716
1;GUROBI-MIP;gurobi-mip;mip-e;epsilon;0.025;instance_40_25_5_5;OPTIMUM;0.4680;0.0431;0.4192;0.0003;8268;6681;1;772;0;0;200;772
1;GUROBI-MIP;gurobi-mip;mip-e;epsilon;0.025;instance_40_25_5_50;OPTIMUM;0.6288;0.0472;0.5752;0.0004;9009;7033;1;782;1;0;200;781
1;GUROBI-MIP;gurobi-mip;mip-e;epsilon;0.025;instance_40_25_5_6;OPTIMUM;0.6703;0.0452;0.6192;0.0003;8737;7016;1;768;0;0;200;768
1;GUROBI-MIP;gurobi-mip;mip-e;epsilon;0.025;instance_40_25_5_7;OPTIMUM;0.5111;0.0477;0.4566;0.0004;9134;7208;1;782;0;0;200;782
1;GUROBI-MIP;gurobi-mip;mip-e;epsilon;0.025;instance_40_25_5_8;OPTIMUM;0.4754;0.0408;0.4291;0.0003;7559;6317;1;763;0;0;200;763
1;GUROBI-MIP;gurobi-mip;mip-e;epsilon;0.025;instance_40_25_5_9;OPTIMUM;0.5306;0.0444;0.4801;0.0003;8465;6891;1;772;0;0;200;772
2;CPLEX-MIP;cplex-mip;mip-e;epsilon;0.025;instance_30_15_4_1;OPTIMUM;0.2877;0.0180;0.2668;0.0002;3371;3079;0;443;1;0;120;442
2;CPLEX-MIP;cplex-mip;mip-e;epsilon;0.025;instance_30_15_4_10;OPTIMUM;0.2142;0.0162;0.1953;0.0002;2858;2791;0;420;3;0;120;417
2;CPLEX-MIP;cplex-mip;mip-e;epsilon;0.025;instance_30_15_4_11;OPTIMUM;0.2641;0.0144;0.2473;0.0002;2559;2447;0;406;0;0;120;406
2;CPLEX-MIP;cplex-mip;mip-e;epsilon;0.025;instance_30_15_4_12;OPTIMUM;0.2878;0.0159;0.2692;0.0002;2802;2664;0;439;0;0;120;439
2;CPLEX-MIP;cplex-mip;mip-e;epsilon;0.025;instance_30_15_4_13;OPTIMUM;0.2760;0.0128;0.2610;0.0002;2204;2192;0;386;3;0;120;383
2;CPLEX-MIP;cplex-mip;mip-e;epsilon;0.025;instance_30_15_4_14;OPTIMUM;0.2435;0.0167;0.2242;0.0002;3089;2948;0;415;5;0;120;410
2;CPLEX-MIP;cplex-mip;mip-e;epsilon;0.025;instance_30_15_4_15;OPTIMUM;0.3635;0.0175;0.3432;0.0002;3341;3041;0;446;0;0;120;446
2;CPLEX-MIP;cplex-mip;mip-e;epsilon;0.025;instance_30_15_4_16;OPTIMUM;0.1919;0.0132;0.1764;0.0002;2300;2344;0;398;0;0;120;398
2;CPLEX-MIP;cplex-mip;mip-e;epsilon;0.025;instance_30_15_4_17;OPTIMUM;0.2267;0.0158;0.2082;0.0002;2875;2724;0;421;1;0;120;420
2;CPLEX-MIP;cplex-mip;mip-e;epsilon;0.025;instance_30_15_4_18;OPTIMUM;0.3222;0.0202;0.2987;0.0002;3959;3386;0;454;1;0;120;453
2;CPLEX-MIP;cplex-mip;mip-e;epsilon;0.025;instance_30_15_4_19;OPTIMUM;0.2792;0.0145;0.2622;0.0002;2623;2494;0;417;5;0;120;412
2;CPLEX-MIP;cplex-mip;mip-e;epsilon;0.025;instance_30_15_4_2;OPTIMUM;0.2044;0.0128;0.1893;0.0002;2165;2208;0;370;0;1;120;369
2;CPLEX-MIP;cplex-mip;mip-e;epsilon;0.025;instance_30_15_4_20;OPTIMUM;0.2161;0.0133;0.2006;0.0002;2444;2469;0;426;2;0;120;424
2;CPLEX-MIP;cplex-mip;mip-e;epsilon;0.025;instance_30_15_4_21;INFEASIBLE;0.0046;0.0034;0.0005;0.0000;1837;1922;0;;;;;
2;CPLEX-MIP;cplex-mip;mip-e;epsilon;0.025;instance_30_15_4_22;OPTIMUM;0.1963;0.0154;0.1782;0.0002;2720;2647;0;427;2;0;120;425
2;CPLEX-MIP;cplex-mip;mip-e;epsilon;0.025;instance_30_15_4_23;OPTIMUM;0.3005;0.0181;0.2794;0.0002;3361;3073;0;436;2;0;120;434
2;CPLEX-MIP;cplex-mip;mip-e;epsilon;0.025;instance_30_15_4_24;OPTIMUM;0.2339;0.0183;0.2125;0.0002;3343;3066;0;444;0;0;120;444
2;CPLEX-MIP;cplex-mip;mip-e;epsilon;0.025;instance_30_15_4_25;OPTIMUM;0.1921;0.0126;0.1773;0.0002;2287;2294;0;402;0;0;120;402
2;CPLEX-MIP;cplex-mip;mip-e;epsilon;0.025;instance_30_15_4_26;OPTIMUM;0.2503;0.0171;0.2303;0.0002;3064;2888;0;436;0;0;120;436
2;CPLEX-MIP;cplex-mip;mip-e;epsilon;0.025;instance_30_15_4_27;OPTIMUM;0.2487;0.0159;0.2299;0.0002;2917;2741;0;407;0;0;120;407
2;CPLEX-MIP;cplex-mip;mip-e;epsilon;0.025;instance_30_15_4_28;OPTIMUM;0.3171;0.0172;0.2970;0.0002;3117;2956;0;421;3;0;120;418
2;CPLEX-MIP;cplex-mip;mip-e;epsilon;0.025;instance_30_15_4_29;OPTIMUM;0.2208;0.0124;0.2062;0.0002;2095;2159;0;402;1;0;120;401
2;CPLEX-MIP;cplex-mip;mip-e;epsilon;0.025;instance_30_15_4_3;OPTIMUM;0.3364;0.0181;0.3154;0.0002;3366;3038;0;436;1;0;120;435
2;CPLEX-MIP;cplex-mip;mip-e;epsilon;0.025;instance_30_15_4_30;OPTIMUM;0.3030;0.0169;0.2833;0.0002;3307;3074;0;435;0;0;120;435
2;CPLEX-MIP;cplex-mip;mip-e;epsilon;0.025;instance_30_15_4_31;OPTIMUM;0.2461;0.0172;0.2260;0.0002;3331;3021;0;410;1;0;120;409
2;CPLEX-MIP;cplex-mip;mip-e;epsilon;0.025;instance_30_15_4_32;OPTIMUM;0.3633;0.0170;0.3434;0.0002;3155;2791;0;382;0;0;120;382
2;CPLEX-MIP;cplex-mip;mip-e;epsilon;0.025;instance_30_15_4_33;OPTIMUM;0.2704;0.0170;0.2506;0.0002;3223;2979;0;429;0;0;120;429
2;CPLEX-MIP;cplex-mip;mip-e;epsilon;0.025;instance_30_15_4_34;OPTIMUM;0.2839;0.0177;0.2633;0.0002;3322;2990;0;396;0;0;120;396
2;CPLEX-MIP;cplex-mip;mip-e;epsilon;0.025;instance_30_15_4_35;INFEASIBLE;0.0057;0.0044;0.0006;0.0000;2706;2659;0;;;;;
2;CPLEX-MIP;cplex-mip;mip-e;epsilon;0.025;instance_30_15_4_36;OPTIMUM;0.2846;0.0172;0.2646;0.0002;3184;2947;0;430;1;0;120;429
2;CPLEX-MIP;cplex-mip;mip-e;epsilon;0.025;instance_30_15_4_37;OPTIMUM;0.2139;0.0155;0.1958;0.0002;2865;2755;0;424;1;0;120;423
2;CPLEX-MIP;cplex-mip;mip-e;epsilon;0.025;instance_30_15_4_38;OPTIMUM;0.3170;0.0162;0.2981;0.0002;2845;2745;0;402;0;0;120;402
2;CPLEX-MIP;cplex-mip;mip-e;epsilon;0.025;instance_30_15_4_39;OPTIMUM;0.3124;0.0167;0.2929;0.0002;3288;3013;0;442;1;0;120;441
2;CPLEX-MIP;cplex-mip;mip-e;epsilon;0.025;instance_30_15_4_4;OPTIMUM;0.2803;0.0192;0.2579;0.0002;3686;3374;0;450;0;0;120;450
2;CPLEX-MIP;cplex-mip;mip-e;epsilon;0.025;instance_30_15_4_40;OPTIMUM;0.2412;0.0170;0.2214;0.0002;3126;2946;0;450;0;0;120;450
2;CPLEX-MIP;cplex-mip;mip-e;epsilon;0.025;instance_30_15_4_41;OPTIMUM;0.4304;0.0213;0.4056;0.0002;4145;3586;0;443;0;0;120;443
2;CPLEX-MIP;cplex-mip;mip-e;epsilon;0.025;instance_30_15_4_42;OPTIMUM;0.2574;0.0179;0.2366;0.0002;3363;3102;0;432;0;0;120;432
2;CPLEX-MIP;cplex-mip;mip-e;epsilon;0.025;instance_30_15_4_43;OPTIMUM;0.3341;0.0170;0.3143;0.0002;3163;2828;0;420;1;4;120;415
2;CPLEX-MIP;cplex-mip;mip-e;epsilon;0.025;instance_30_15_4_44;INFEASIBLE;0.0058;0.0045;0.0006;0.0000;2881;2803;0;;;;;
2;CPLEX-MIP;cplex-mip;mip-e;epsilon;0.025;instance_30_15_4_45;OPTIMUM;0.4152;0.0188;0.3934;0.0002;3586;3190;0;422;1;0;120;421
2;CPLEX-MIP;cplex-mip;mip-e;epsilon;0.025;instance_30_15_4_46;OPTIMUM;0.3368;0.0180;0.3160;0.0002;3478;3213;0;446;0;0;120;446
2;CPLEX-MIP;cplex-mip;mip-e;epsilon;0.025;instance_30_15_4_47;OPTIMUM;0.2298;0.0158;0.2114;0.0002;2811;2697;0;424;2;0;120;422
2;CPLEX-MIP;cplex-mip;mip-e;epsilon;0.025;instance_30_15_4_48;OPTIMUM;0.2767;0.0158;0.2582;0.0002;2913;2779;0;430;0;0;120;430
2;CPLEX-MIP;cplex-mip;mip-e;epsilon;0.025;instance_30_15_4_49;OPTIMUM;0.2832;0.0165;0.2639;0.0002;2912;2738;0;434;2;0;120;432
2;CPLEX-MIP;cplex-mip;mip-e;epsilon;0.025;instance_30_15_4_5;OPTIMUM;0.2019;0.0156;0.1838;0.0002;2772;2611;0;424;5;0;120;419
2;CPLEX-MIP;cplex-mip;mip-e;epsilon;0.025;instance_30_15_4_50;OPTIMUM;0.2099;0.0133;0.1942;0.0002;2294;2254;0;409;8;0;120;401
2;CPLEX-MIP;cplex-mip;mip-e;epsilon;0.025;instance_30_15_4_6;OPTIMUM;0.2410;0.0156;0.2227;0.0002;2621;2606;0;436;0;0;120;436
2;CPLEX-MIP;cplex-mip;mip-e;epsilon;0.025;instance_30_15_4_7;INFEASIBLE;0.0069;0.0055;0.0007;0.0000;3567;3241;0;;;;;
2;CPLEX-MIP;cplex-mip;mip-e;epsilon;0.025;instance_30_15_4_8;INFEASIBLE;0.0063;0.0049;0.0007;0.0000;3104;2911;0;;;;;
2;CPLEX-MIP;cplex-mip;mip-e;epsilon;0.025;instance_30_15_4_9;OPTIMUM;0.2402;0.0131;0.2247;0.0002;2364;2352;0;402;3;0;120;399
2;CPLEX-MIP;cplex-mip;mip-e;epsilon;0.025;instance_40_25_5_1;OPTIMUM;0.9274;0.0402;0.8808;0.0003;7806;6177;0;777;0;0;200;777
2;CPLEX-MIP;cplex-mip;mip-e;epsilon;0.025;instance_40_25_5_10;OPTIMUM;0.9450;0.0466;0.8912;0.0004;9156;7352;0;765;0;0;200;765
2;CPLEX-MIP;cplex-mip;mip-e;epsilon;0.025;instance_40_25_5_11;OPTIMUM;0.7459;0.0426;0.6971;0.0004;8366;6741;0;783;0;0;200;783
2;CPLEX-MIP;cplex-mip;mip-e;epsilon;0.025;instance_40_25_5_12;OPTIMUM;0.8435;0.0411;0.7961;0.0004;7935;6437;0;778;0;0;200;778
2;CPLEX-MIP;cplex-mip;mip-e;epsilon;0.025;instance_40_25_5_13;OPTIMUM;0.9756;0.0419;0.9276;0.0004;8187;6772;0;783;0;0;200;783
2;CPLEX-MIP;cplex-mip;mip-e;epsilon;0.025;instance_40_25_5_14;OPTIMUM;1.0225;0.0456;0.9699;0.0004;9031;7290;0;781;0;0;200;781
2;CPLEX-MIP;cplex-mip;mip-e;epsilon;0.025;instance_40_25_5_15;OPTIMUM;1.0431;0.0413;0.9956;0.0003;7991;6437;0;710;0;0;200;710
2;CPLEX-MIP;cplex-mip;mip-e;epsilon;0.025;instance_40_25_5_16;OPTIMUM;1.1416;0.0394;1.0962;0.0003;7425;6080;0;753;1;0;200;752
2;CPLEX-MIP;cplex-mip;mip-e;epsilon;0.025;instance_40_25_5_17;OPTIMUM;1.1984;0.0409;1.1514;0.0004;7867;6418;0;741;0;0;200;741
2;CPLEX-MIP;cplex-mip;mip-e;epsilon;0.025;instance_40_25_5_18;OPTIMUM;0.7914;0.0438;0.7409;0.0004;8262;6693;0;782;0;0;200;782
2;CPLEX-MIP;cplex-mip;mip-e;epsilon;0.025;instance_40_25_5_19;OPTIMUM;0.9905;0.0329;0.9525;0.0003;5910;5212;0;729;2;0;200;727
2;CPLEX-MIP;cplex-mip;mip-e;epsilon;0.025;instance_40_25_5_2;OPTIMUM;1.1145;0.0406;1.0681;0.0003;7933;6374;0;766;0;0;200;766
2;CPLEX-MIP;cplex-mip;mip-e;epsilon;0.025;instance_40_25_5_20;OPTIMUM;1.5460;0.0429;1.4962;0.0003;8180;6439;0;759;0;0;200;759
2;CPLEX-MIP;cplex-mip;mip-e;epsilon;0.025;instance_40_25_5_21;OPTIMUM;1.3528;0.0437;1.3023;0.0004;8490;6813;0;755;0;0;200;755
2;CPLEX-MIP;cplex-mip;mip-e;epsilon;0.025;instance_40_25_5_22;OPTIMUM;1.2891;0.0359;1.2477;0.0003;6757;5793;0;752;0;0;200;752
2;CPLEX-MIP;cplex-mip;mip-e;epsilon;0.025;instance_40_25_5_23;OPTIMUM;1.2136;0.0395;1.1682;0.0003;8030;6538;0;764;0;0;200;764
2;CPLEX-MIP;cplex-mip;mip-e;epsilon;0.025;instance_40_25_5_24;OPTIMUM;0.9339;0.0332;0.8959;0.0003;6415;5517;0;734;2;0;200;732
2;CPLEX-MIP;cplex-mip;mip-e;epsilon;0.025;instance_40_25_5_25;OPTIMUM;0.9337;0.0348;0.8935;0.0003;6367;5530;0;754;3;0;200;751
2;CPLEX-MIP;cplex-mip;mip-e;epsilon;0.025;instance_40_25_5_26;OPTIMUM;0.9217;0.0444;0.8704;0.0004;8367;6757;0;775;0;0;200;775
2;CPLEX-MIP;cplex-mip;mip-e;epsilon;0.025;instance_40_25_5_27;OPTIMUM;0.8537;0.0344;0.8140;0.0003;6288;5519;0;738;5;0;200;733
2;CPLEX-MIP;cplex-mip;mip-e;epsilon;0.025;instance_40_25_5_28;OPTIMUM;1.2310;0.0415;1.1828;0.0004;7869;6569;0;737;3;0;200;734
2;CPLEX-MIP;cplex-mip;mip-e;epsilon;0.025;instance_40_25_5_29;OPTIMUM;1.0046;0.0359;0.9634;0.0003;6686;5707;0;739;3;0;200;736
2;CPLEX-MIP;cplex-mip;mip-e;epsilon;0.025;instance_40_25_5_3;OPTIMUM;1.1202;0.0394;1.0749;0.0004;7655;6324;0;717;4;0;200;713
2;CPLEX-MIP;cplex-mip;mip-e;epsilon;0.025;instance_40_25_5_30;OPTIMUM;1.1735;0.0460;1.1206;0.0004;9104;7202;0;761;0;0;200;761
2;CPLEX-MIP;cplex-mip;mip-e;epsilon;0.025;instance_40_25_5_31;OPTIMUM;0.9708;0.0455;0.9187;0.0004;8936;7022;0;784;0;0;200;784
2;CPLEX-MIP;cplex-mip;mip-e;epsilon;0.025;instance_40_25_5_32;OPTIMUM;0.9906;0.0407;0.9442;0.0003;7826;6652;0;706;4;0;200;702
2;CPLEX-MIP;cplex-mip;mip-e;epsilon;0.025;instance_40_25_5_33;OPTIMUM;0.6467;0.0348;0.6067;0.0004;6418;5516;0;760;0;0;200;760
2;CPLEX-MIP;cplex-mip;mip-e;epsilon;0.025;instance_40_25_5_34;OPTIMUM;1.0864;0.0409;1.0394;0.0003;7980;6501;0;759;0;0;200;759
2;CPLEX-MIP;cplex-mip;mip-e;epsilon;0.025;instance_40_25_5_35;OPTIMUM;0.9812;0.0394;0.9363;0.0003;7728;6450;0;745;1;0;200;744
2;CPLEX-MIP;cplex-mip;mip-e;epsilon;0.025;instance_40_25_5_36;OPTIMUM;0.9153;0.0459;0.8625;0.0004;8531;6890;0;788;0;0;200;788
2;CPLEX-MIP;cplex-mip;mip-e;epsilon;0.025;instance_40_25_5_37;OPTIMUM;0.9200;0.0393;0.8749;0.0004;7699;6496;0;747;0;0;200;747
2;CPLEX-MIP;cplex-mip;mip-e;epsilon;0.025;instance_40_25_5_38;OPTIMUM;0.8689;0.0370;0.8265;0.0003;6726;5915;0;735;0;0;200;735
2;CPLEX-MIP;cplex-mip;mip-e;epsilon;0.025;instance_40_25_5_39;OPTIMUM;1.4032;0.0338;1.3642;0.0003;6492;5387;0;732;2;0;200;730
2;CPLEX-MIP;cplex-mip;mip-e;epsilon;0.025;instance_40_25_5_4;OPTIMUM;0.7330;0.0412;0.6858;0.0004;7698;6353;0;777;0;0;200;777
2;CPLEX-MIP;cplex-mip;mip-e;epsilon;0.025;instance_40_25_5_40;OPTIMUM;0.7371;0.0411;0.6897;0.0004;7792;6455;0;766;0;0;200;766
2;CPLEX-MIP;cplex-mip;mip-e;epsilon;0.025;instance_40_25_5_41;OPTIMUM;0.8573;0.0441;0.8066;0.0004;8669;6835;0;759;0;0;200;759
2;CPLEX-MIP;cplex-mip;mip-e;epsilon;0.025;instance_40_25_5_42;OPTIMUM;0.7542;0.0387;0.7099;0.0003;6886;5873;0;729;0;0;200;729
2;CPLEX-MIP;cplex-mip;mip-e;epsilon;0.025;instance_40_25_5_43;OPTIMUM;1.1622;0.0383;1.1181;0.0003;7248;5931;0;759;0;0;200;759
2;CPLEX-MIP;cplex-mip;mip-e;epsilon;0.025;instance_40_25_5_44;OPTIMUM;0.8574;0.0434;0.8077;0.0004;8468;6856;0;780;0;0;200;780
2;CPLEX-MIP;cplex-mip;mip-e;epsilon;0.025;instance_40_25_5_45;OPTIMUM;1.0688;0.0408;1.0218;0.0004;7993;6603;0;701;0;0;200;701
2;CPLEX-MIP;cplex-mip;mip-e;epsilon;0.025;instance_40_25_5_46;INFEASIBLE;0.0162;0.0132;0.0017;0.0000;8709;6987;0;;;;;
2;CPLEX-MIP;cplex-mip;mip-e;epsilon;0.025;instance_40_25_5_47;OPTIMUM;1.4090;0.0440;1.3585;0.0004;9002;7177;0;780;0;0;200;780
2;CPLEX-MIP;cplex-mip;mip-e;epsilon;0.025;instance_40_25_5_48;OPTIMUM;1.1026;0.0438;1.0518;0.0004;8403;6784;0;766;0;0;200;766
2;CPLEX-MIP;cplex-mip;mip-e;epsilon;0.025;instance_40_25_5_49;OPTIMUM;1.2168;0.0382;1.1726;0.0003;7358;6129;0;721;5;0;200;716
2;CPLEX-MIP;cplex-mip;mip-e;epsilon;0.025;instance_40_25_5_5;OPTIMUM;0.7935;0.0438;0.7433;0.0003;8268;6681;0;772;0;0;200;772
2;CPLEX-MIP;cplex-mip;mip-e;epsilon;0.025;instance_40_25_5_50;OPTIMUM;1.4597;0.0439;1.4094;0.0004;9009;7033;0;782;1;0;200;781
2;CPLEX-MIP;cplex-mip;mip-e;epsilon;0.025;instance_40_25_5_6;OPTIMUM;0.9419;0.0445;0.8907;0.0004;8737;7016;0;768;0;0;200;768
2;CPLEX-MIP;cplex-mip;mip-e;epsilon;0.025;instance_40_25_5_7;OPTIMUM;1.3160;0.0468;1.2620;0.0004;9134;7208;0;782;0;0;200;782
2;CPLEX-MIP;cplex-mip;mip-e;epsilon;0.025;instance_40_25_5_8;OPTIMUM;0.8607;0.0402;0.8144;0.0004;7559;6317;0;763;0;0;200;763
2;CPLEX-MIP;cplex-mip;mip-e;epsilon;0.025;instance_40_25_5_9;OPTIMUM;0.9487;0.0422;0.9002;0.0004;8465;6891;0;772;0;0;200;772
3;CPLEX-CP-T;cplex-cp;cp-t;epsilon;0.025;instance_30_15_4_1;TIMEOUT_FEASIBLE;300.0064;0.0034;299.9976;0.0001;2114;2952;749;440;1;0;120;439
3;CPLEX-CP-T;cplex-cp;cp-t;epsilon;0.025;instance_30_15_4_10;TIMEOUT_FEASIBLE;300.0000;0.0033;299.9915;0.0001;2110;2944;701;418;3;0;120;415
3;CPLEX-CP-T;cplex-cp;cp-t;epsilon;0.025;instance_30_15_4_11;TIMEOUT_FEASIBLE;300.0009;0.0031;299.9920;0.0001;1941;2604;23690114;407;0;2;120;405
3;CPLEX-CP-T;cplex-cp;cp-t;epsilon;0.025;instance_30_15_4_12;TIMEOUT_FEASIBLE;300.0019;0.0032;299.9937;0.0001;2046;2814;32052;433;0;6;120;427
3;CPLEX-CP-T;cplex-cp;cp-t;epsilon;0.025;instance_30_15_4_13;TIMEOUT_FEASIBLE;300.0107;0.0028;300.0031;0.0001;1921;2564;465;380;3;0;120;377
3;CPLEX-CP-T;cplex-cp;cp-t;epsilon;0.025;instance_30_15_4_14;TIMEOUT_FEASIBLE;300.0019;0.0032;299.9936;0.0001;2144;3013;26306;415;5;0;120;410
3;CPLEX-CP-T;cplex-cp;cp-t;epsilon;0.025;instance_30_15_4_15;TIMEOUT_FEASIBLE;300.0013;0.0033;299.9929;0.0001;2057;2839;20851;441;0;1;120;440
3;CPLEX-CP-T;cplex-cp;cp-t;epsilon;0.025;instance_30_15_4_16;TIMEOUT_FEASIBLE;300.0006;0.0031;299.9927;0.0001;2119;2961;16501;392;0;0;120;392
3;CPLEX-CP-T;cplex-cp;cp-t;epsilon;0.025;instance_30_15_4_17;TIMEOUT_FEASIBLE;300.0109;0.0033;300.0023;0.0001;2114;2954;19625;418;1;0;120;417
3;CPLEX-CP-T;cplex-cp;cp-t;epsilon;0.025;instance_30_15_4_18;TIMEOUT_FEASIBLE;300.0013;0.0035;299.9925;0.0001;2108;2939;24894;452;1;0;120;451
3;CPLEX-CP-T;cplex-cp;cp-t;epsilon;0.025;instance_30_15_4_19;TIMEOUT_FEASIBLE;300.0009;0.0030;299.9929;0.0001;1988;2700;243;415;5;0;120;410
3;CPLEX-CP-T;cplex-cp;cp-t;epsilon;0.025;instance_30_15_4_2;TIMEOUT_FEASIBLE;300.0010;0.0032;299.9928;0.0001;2143;3010;29378;370;0;5;120;365
3;CPLEX-CP-T;cplex-cp;cp-t;epsilon;0.025;instance_30_15_4_20;TIMEOUT_FEASIBLE;300.0014;0.0032;299.9931;0.0001;2179;3081;12124;424;2;0;120;422
3;CPLEX-CP-T;cplex-cp;cp-t;epsilon;0.025;instance_30_15_4_21;INFEASIBLE;0.0011;0.0000;0.0000;0.0000;720;3;0;;;;;
3;CPLEX-CP-T;cplex-cp;cp-t;epsilon;0.025;instance_30_15_4_22;TIMEOUT_FEASIBLE;300.0040;0.0031;299.9956;0.0001;2041;2804;608;426;2;0;120;424
3;CPLEX-CP-T;cplex-cp;cp-t;epsilon;0.025;instance_30_15_4_23;TIMEOUT_FEASIBLE;300.0008;0.0033;299.9917;0.0001;2071;2865;418;434;2;0;120;432
3;CPLEX-CP-T;cplex-cp;cp-t;epsilon;0.025;instance_30_15_4_24;TIMEOUT_FEASIBLE;300.0006;0.0033;299.9920;0.0001;2152;3029;224;439;0;0;120;439
3;CPLEX-CP-T;cplex-cp;cp-t;epsilon;0.025;instance_30_15_4_25;TIMEOUT_FEASIBLE;300.0110;0.0031;300.0028;0.0001;2100;2925;16144;402;0;0;120;402
3;CPLEX-CP-T;cplex-cp;cp-t;epsilon;0.025;instance_30_15_4_26;TIMEOUT_FEASIBLE;300.0012;0.0032;299.9929;0.0001;2052;2829;20823;433;0;0;120;433
3;CPLEX-CP-T;cplex-cp;cp-t;epsilon;0.025;instance_30_15_4_27;TIMEOUT_FEASIBLE;300.0003;0.0032;299.9922;0.0001;2133;2991;27100;407;0;0;120;407
3;CPLEX-CP-T;cplex-cp;cp-t;epsilon;0.025;instance_30_15_4_28;TIMEOUT_FEASIBLE;300.0011;0.0033;299.9924;0.0001;2096;2912;298;419;3;0;120;416
3;CPLEX-CP-T;cplex-cp;cp-t;epsilon;0.025;instance_30_15_4_29;TIMEOUT_FEASIBLE;300.0011;0.0030;299.9930;0.0001;2021;2766;167819;400;1;0;120;399
3;CPLEX-CP-T;cplex-cp;cp-t;epsilon;0.025;instance_30_15_4_3;TIMEOUT_FEASIBLE;300.0015;0.0034;299.9925;0.0001;2150;3024;203;432;1;0;120;431
3;CPLEX-CP-T;cplex-cp;cp-t;epsilon;0.025;instance_30_15_4_30;TIMEOUT_FEASIBLE;300.0011;0.0034;299.9925;0.0001;2119;2963;20226;434;0;0;120;434
3;CPLEX-CP-T;cplex-cp;cp-t;epsilon;0.025;instance_30_15_4_31;TIMEOUT_FEASIBLE;300.0011;0.0032;299.9923;0.0001;2042;2809;244;409;1;0;120;408
3;CPLEX-CP-T;cplex-cp;cp-t;epsilon;0.025;instance_30_15_4_32;TIMEOUT_FEASIBLE;300.0007;0.0033;299.9921;0.0001;2073;2871;210;381;0;0;120;381
3;CPLEX-CP-T;cplex-cp;cp-t;epsilon;0.025;instance_30_15_4_33;TIMEOUT_FEASIBLE;300.0015;0.0036;299.9916;0.0001;2120;2965;266843;428;0;0;120;428
3;CPLEX-CP-T;cplex-cp;cp-t;epsilon;0.025;instance_30_15_4_34;TIMEOUT_FEASIBLE;300.0003;0.0034;299.9915;0.0001;2144;3011;20258;394;0;0;120;394
3;CPLEX-CP-T;cplex-cp;cp-t;epsilon;0.025;instance_30_15_4_35;INFEASIBLE;0.0014;0.0003;0.0000;0.0000;720;74;0;;;;;
3;CPLEX-CP-T;cplex-cp;cp-t;epsilon;0.025;instance_30_15_4_36;TIMEOUT_FEASIBLE;300.0050;0.0031;299.9969;0.0001;2002;2729;417;428;1;0;120;427
3;CPLEX-CP-T;cplex-cp;cp-t;epsilon;0.025;instance_30_15_4_37;TIMEOUT_FEASIBLE;300.0014;0.0034;299.9923;0.0001;2192;3107;28641;423;1;0;120;422
3;CPLEX-CP-T;cplex-cp;cp-t;epsilon;0.025;instance_30_15_4_38;TIMEOUT_FEASIBLE;300.0010;0.0034;299.9917;0.0001;2086;2895;2386135;396;0;0;120;396
3;CPLEX-CP-T;cplex-cp;cp-t;epsilon;0.025;instance_30_15_4_39;TIMEOUT_FEASIBLE;299.9993;0.0034;299.9906;0.0001;2056;2837;20691;439;1;0;120;438
3;CPLEX-CP-T;cplex-cp;cp-t;epsilon;0.025;instance_30_15_4_4;TIMEOUT_FEASIBLE;300.0018;0.0035;299.9927;0.0001;2226;3176;200;447;0;0;120;447
3;CPLEX-CP-T;cplex-cp;cp-t;epsilon;0.025;instance_30_15_4_40;TIMEOUT_FEASIBLE;300.0006;0.0032;299.9920;0.0001;2087;2895;412;439;0;0;120;439
3;CPLEX-CP-T;cplex-cp;cp-t;epsilon;0.025;instance_30_15_4_41;TIMEOUT_FEASIBLE;300.0013;0.0036;299.9921;0.0001;2128;2979;204;433;0;0;120;433
3;CPLEX-CP-T;cplex-cp;cp-t;epsilon;0.025;instance_30_15_4_42;TIMEOUT_FEASIBLE;300.0004;0.0036;299.9910;0.0001;2098;2921;204519;432;1;0;120;431
3;CPLEX-CP-T;cplex-cp;cp-t;epsilon;0.025;instance_30_15_4_43;TIMEOUT_FEASIBLE;300.0003;0.0033;299.9912;0.0001;2047;2818;137447;421;1;12;120;408
3;CPLEX-CP-T;cplex-cp;cp-t;epsilon;0.025;instance_30_15_4_44;INFEASIBLE;0.0012;0.0000;0.0000;0.0000;720;8;0;;;;;
3;CPLEX-CP-T;cplex-cp;cp-t;epsilon;0.025;instance_30_15_4_45;TIMEOUT_FEASIBLE;300.0047;0.0035;299.9959;0.0001;2134;2990;178;418;1;0;120;417
3;CPLEX-CP-T;cplex-cp;cp-t;epsilon;0.025;instance_30_15_4_46;TIMEOUT_FEASIBLE;300.0018;0.0034;299.9927;0.0001;2123;2969;159;442;0;0;120;442
3;CPLEX-CP-T;cplex-cp;cp-t;epsilon;0.025;instance_30_15_4_47;TIMEOUT_FEASIBLE;300.0009;0.0036;299.9915;0.0001;2189;3102;9416223;423;4;0;120;419
3;CPLEX-CP-T;cplex-cp;cp-t;epsilon;0.025;instance_30_15_4_48;TIMEOUT_FEASIBLE;300.0016;0.0032;299.9934;0.0001;2024;2770;21794;427;0;0;120;427
3;CPLEX-CP-T;cplex-cp;cp-t;epsilon;0.025;instance_30_15_4_49;TIMEOUT_FEASIBLE;300.0008;0.0031;299.9926;0.0001;2005;2735;597;432;2;0;120;430
3;CPLEX-CP-T;cplex-cp;cp-t;epsilon;0.025;instance_30_15_4_5;TIMEOUT_FEASIBLE;300.0107;0.0030;300.0027;0.0001;1977;2677;22802;421;5;0;120;416
3;CPLEX-CP-T;cplex-cp;cp-t;epsilon;0.025;instance_30_15_4_50;TIMEOUT_FEASIBLE;300.0013;0.0030;299.9934;0.0001;1952;2629;14655;405;8;0;120;397
3;CPLEX-CP-T;cplex-cp;cp-t;epsilon;0.025;instance_30_15_4_6;TIMEOUT_FEASIBLE;300.0006;0.0033;299.9922;0.0001;2146;3017;151;435;0;0;120;435
3;CPLEX-CP-T;cplex-cp;cp-t;epsilon;0.025;instance_30_15_4_7;INFEASIBLE;0.0014;0.0003;0.0000;0.0000;720;55;0;;;;;
3;CPLEX-CP-T;cplex-cp;cp-t;epsilon;0.025;instance_30_15_4_8;INFEASIBLE;0.0011;0.0000;0.0000;0.0000;720;5;0;;;;;
3;CPLEX-CP-T;cplex-cp;cp-t;epsilon;0.025;instance_30_15_4_9;TIMEOUT_FEASIBLE;299.9988;0.0029;299.9910;0.0001;1983;2691;26000;400;3;0;120;397
3;CPLEX-CP-T;cplex-cp;cp-t;epsilon;0.025;instance_40_25_5_1;TIMEOUT_FEASIBLE;300.0048;0.0078;299.9864;0.0001;4493;6851;43335;764;0;0;200;764
3;CPLEX-CP-T;cplex-cp;cp-t;epsilon;0.025;instance_40_25_5_10;TIMEOUT_FEASIBLE;299.9992;0.0080;299.9815;0.0001;4416;6695;399;757;1;0;200;756
3;CPLEX-CP-T;cplex-cp;cp-t;epsilon;0.025;instance_40_25_5_11;TIMEOUT_FEASIBLE;299.9992;0.0079;299.9818;0.0001;4565;6996;400;765;0;0;200;765
3;CPLEX-CP-T;cplex-cp;cp-t;epsilon;0.025;instance_40_25_5_12;TIMEOUT_FEASIBLE;300.0005;0.0076;299.9825;0.0001;4417;6696;465;765;1;0;200;764
3;CPLEX-CP-T;cplex-cp;cp-t;epsilon;0.025;instance_40_25_5_13;TIMEOUT_FEASIBLE;300.0011;0.0080;299.9816;0.0001;4675;7216;51726;769;0;0;200;769
3;CPLEX-CP-T;cplex-cp;cp-t;epsilon;0.025;instance_40_25_5_14;TIMEOUT_FEASIBLE;300.0107;0.0087;299.9909;0.0001;4826;7517;50690;767;0;0;200;767
3;CPLEX-CP-T;cplex-cp;cp-t;epsilon;0.025;instance_40_25_5_15;TIMEOUT_FEASIBLE;300.0001;0.0080;299.9804;0.0001;4527;6920;42323;703;1;0;200;702
3;CPLEX-CP-T;cplex-cp;cp-t;epsilon;0.025;instance_40_25_5_16;TIMEOUT_FEASIBLE;300.0093;0.0079;299.9914;0.0001;4604;7072;48868;746;2;0;200;744
3;CPLEX-CP-T;cplex-cp;cp-t;epsilon;0.025;instance_40_25_5_17;TIMEOUT_FEASIBLE;300.0108;0.0079;299.9892;0.0019;4530;6925;77597;736;1;0;200;735
3;CPLEX-CP-T;cplex-cp;cp-t;epsilon;0.025;instance_40_25_5_18;TIMEOUT_FEASIBLE;300.0094;0.0081;299.9909;0.0001;4499;6863;60290;769;0;0;200;769
3;CPLEX-CP-T;cplex-cp;cp-t;epsilon;0.025;instance_40_25_5_19;TIMEOUT_FEASIBLE;299.9996;0.0075;299.9812;0.0001;4527;6920;180956;727;4;6;200;717
3;CPLEX-CP-T;cplex-cp;cp-t;epsilon;0.025;instance_40_25_5_2;TIMEOUT_FEASIBLE;300.0115;0.0077;299.9925;0.0001;4443;6751;49520;760;1;0;200;759
3;CPLEX-CP-T;cplex-cp;cp-t;epsilon;0.025;instance_40_25_5_20;TIMEOUT_FEASIBLE;300.0109;0.0075;299.9930;0.0001;4251;6367;462;753;2;6;200;745
3;CPLEX-CP-T;cplex-cp;cp-t;epsilon;0.025;instance_40_25_5_21;TIMEOUT_FEASIBLE;300.0080;0.0083;299.9878;0.0001;4607;7079;54066;741;0;0;200;741
3;CPLEX-CP-T;cplex-cp;cp-t;epsilon;0.025;instance_40_25_5_22;TIMEOUT_FEASIBLE;300.0002;0.0076;299.9792;0.0001;4447;6760;232744;752;1;0;200;751
3;CPLEX-CP-T;cplex-cp;cp-t;epsilon;0.025;instance_40_25_5_23;TIMEOUT_FEASIBLE;300.0113;0.0077;299.9917;0.0001;4411;6687;60401;753;1;0;200;752
3;CPLEX-CP-T;cplex-cp;cp-t;epsilon;0.025;instance_40_25_5_24;TIMEOUT_FEASIBLE;300.0108;0.0079;299.9887;0.0001;4580;7025;308346;734;4;0;200;730
3;CPLEX-CP-T;cplex-cp;cp-t;epsilon;0.025;instance_40_25_5_25;TIMEOUT_FEASIBLE;300.0014;0.0078;299.9836;0.0001;4580;7025;968;750;5;0;200;745
3;CPLEX-CP-T;cplex-cp;cp-t;epsilon;0.025;instance_40_25_5_26;TIMEOUT_FEASIBLE;300.0099;0.0080;299.9916;0.0001;4536;6938;49522;759;0;0;200;759
3;CPLEX-CP-T;cplex-cp;cp-t;epsilon;0.025;instance_40_25_5_27;TIMEOUT_FEASIBLE;300.0102;0.0076;299.9890;0.0001;4481;6827;228726;737;8;0;200;729
3;CPLEX-CP-T;cplex-cp;cp-t;epsilon;0.025;instance_40_25_5_28;TIMEOUT_FEASIBLE;300.0112;0.0044;299.9996;0.0001;4603;7072;4783068;752;25;0;200;727
3;CPLEX-CP-T;cplex-cp;cp-t;epsilon;0.025;instance_40_25_5_29;TIMEOUT_FEASIBLE;300.0100;0.0076;299.9929;0.0001;4611;7088;549;739;5;1;200;733
3;CPLEX-CP-T;cplex-cp;cp-t;epsilon;0.025;instance_40_25_5_3;TIMEOUT_FEASIBLE;300.0093;0.0046;299.9978;0.0001;4515;6893;4758441;734;24;0;200;710
3;CPLEX-CP-T;cplex-cp;cp-t;epsilon;0.025;instance_40_25_5_30;TIMEOUT_FEASIBLE;300.0092;0.0083;299.9901;0.0001;4536;6937;433;752;1;0;200;751
3;CPLEX-CP-T;cplex-cp;cp-t;epsilon;0.025;instance_40_25_5_31;TIMEOUT_FEASIBLE;300.0002;0.0081;299.9816;0.0001;4627;7117;359;776;0;0;200;776
3;CPLEX-CP-T;cplex-cp;cp-t;epsilon;0.025;instance_40_25_5_32;TIMEOUT_FEASIBLE;300.0091;0.0081;299.9871;0.0026;4628;7121;302402;706;7;0;200;699
3;CPLEX-CP-T;cplex-cp;cp-t;epsilon;0.025;instance_40_25_5_33;TIMEOUT_FEASIBLE;300.0104;0.0075;299.9902;0.0001;4319;6503;157399;757;1;0;200;756
3;CPLEX-CP-T;cplex-cp;cp-t;epsilon;0.025;instance_40_25_5_34;TIMEOUT_FEASIBLE;300.0020;0.0077;299.9809;0.0001;4384;6632;276354;753;1;0;200;752
3;CPLEX-CP-T;cplex-cp;cp-t;epsilon;0.025;instance_40_25_5_35;TIMEOUT_FEASIBLE;300.0086;0.0075;299.9887;0.0005;4359;6583;72096;739;2;0;200;737
3;CPLEX-CP-T;cplex-cp;cp-t;epsilon;0.025;instance_40_25_5_36;TIMEOUT_FEASIBLE;299.9998;0.0080;299.9817;0.0001;4709;7281;1065;769;0;0;200;769
3;CPLEX-CP-T;cplex-cp;cp-t;epsilon;0.025;instance_40_25_5_37;TIMEOUT_FEASIBLE;300.0091;0.0081;299.9905;0.0001;4637;7139;50683;737;0;0;200;737
3;CPLEX-CP-T;cplex-cp;cp-t;epsilon;0.025;instance_40_25_5_38;TIMEOUT_FEASIBLE;300.0103;0.0075;299.9918;0.0001;4328;6520;46925;723;1;0;200;722
3;CPLEX-CP-T;cplex-cp;cp-t;epsilon;0.025;instance_40_25_5_39;TIMEOUT_FEASIBLE;300.0110;0.0075;299.9903;0.0001;4448;6762;265098;731;5;4;200;722
3;CPLEX-CP-T;cplex-cp;cp-t;epsilon;0.025;instance_40_25_5_4;TIMEOUT_FEASIBLE;300.0016;0.0077;299.9827;0.0001;4522;6909;55224;764;0;0;200;764
3;CPLEX-CP-T;cplex-cp;cp-t;epsilon;0.025;instance_40_25_5_40;TIMEOUT_FEASIBLE;300.0111;0.0080;299.9921;0.0001;4717;7298;402;756;1;0;200;755
3;CPLEX-CP-T;cplex-cp;cp-t;epsilon;0.025;instance_40_25_5_41;TIMEOUT_FEASIBLE;300.0095;0.0082;299.9902;0.0001;4330;6525;43971;752;1;0;200;751
3;CPLEX-CP-T;cplex-cp;cp-t;epsilon;0.025;instance_40_25_5_42;TIMEOUT_FEASIBLE;300.0010;0.0077;299.9827;0.0001;4543;6948;43314;729;1;0;200;728
3;CPLEX-CP-T;cplex-cp;cp-t;epsilon;0.025;instance_40_25_5_43;TIMEOUT_FEASIBLE;300.0105;0.0044;299.9990;0.0001;4299;6460;6563943;775;41;9;200;725
3;CPLEX-CP-T;cplex-cp;cp-t;epsilon;0.025;instance_40_25_5_44;TIMEOUT_FEASIBLE;300.0115;0.0077;299.9933;0.0001;4516;6898;1165;767;0;0;200;767
3;CPLEX-CP-T;cplex-cp;cp-t;epsilon;0.025;instance_40_25_5_45;TIMEOUT_FEASIBLE;300.0008;0.0082;299.9803;0.0001;4617;7099;53135;694;1;0;200;693
3;CPLEX-CP-T;cplex-cp;cp-t;epsilon;0.025;instance_40_25_5_46;INFEASIBLE;0.0016;0.0002;0.0000;0.0000;1200;32;0;;;;;
3;CPLEX-CP-T;cplex-cp;cp-t;epsilon;0.025;instance_40_25_5_47;TIMEOUT_FEASIBLE;300.0037;0.0083;299.9840;0.0001;4400;6664;52298;767;0;0;200;767
3;CPLEX-CP-T;cplex-cp;cp-t;epsilon;0.025;instance_40_25_5_48;TIMEOUT_FEASIBLE;300.0091;0.0080;299.9906;0.0001;4646;7156;398;750;0;0;200;750
3;CPLEX-CP-T;cplex-cp;cp-t;epsilon;0.025;instance_40_25_5_49;TIMEOUT_FEASIBLE;300.0105;0.0044;299.9985;0.0001;4459;6783;4912341;737;27;0;200;710
3;CPLEX-CP-T;cplex-cp;cp-t;epsilon;0.025;instance_40_25_5_5;TIMEOUT_FEASIBLE;300.0010;0.0079;299.9823;0.0001;4537;6938;363;768;3;6;200;759
3;CPLEX-CP-T;cplex-cp;cp-t;epsilon;0.025;instance_40_25_5_50;TIMEOUT_FEASIBLE;300.0112;0.0076;299.9933;0.0001;4324;6513;435;773;3;0;200;770
3;CPLEX-CP-T;cplex-cp;cp-t;epsilon;0.025;instance_40_25_5_6;TIMEOUT_FEASIBLE;300.0103;0.0081;299.9918;0.0001;4451;6765;58141;753;0;0;200;753
3;CPLEX-CP-T;cplex-cp;cp-t;epsilon;0.025;instance_40_25_5_7;TIMEOUT_FEASIBLE;299.9998;0.0079;299.9825;0.0001;4403;6671;392;766;0;0;200;766
3;CPLEX-CP-T;cplex-cp;cp-t;epsilon;0.025;instance_40_25_5_8;TIMEOUT_FEASIBLE;300.0102;0.0078;299.9926;0.0001;4602;7070;354;753;1;1;200;751
3;CPLEX-CP-T;cplex-cp;cp-t;epsilon;0.025;instance_40_25_5_9;TIMEOUT_FEASIBLE;300.0108;0.0082;299.9915;0.0001;4632;7130;754;761;1;0;200;760
4;CPLEX-CP-I;cplex-cp;cp-i;epsilon;0.025;instance_30_15_4_1;TIMEOUT_FEASIBLE;299.9955;0.0056;299.9849;0.0001;1430;2153;170;440;1;0;120;439
4;CPLEX-CP-I;cplex-cp;cp-i;epsilon;0.025;instance_30_15_4_10;TIMEOUT_FEASIBLE;300.0022;0.0054;299.9921;0.0001;1268;1920;176;418;3;0;120;415
4;CPLEX-CP-I;cplex-cp;cp-i;epsilon;0.025;instance_30_15_4_11;TIMEOUT_FEASIBLE;300.0005;0.0045;299.9917;0.0001;1088;1621;64385;405;0;6;120;399
4;CPLEX-CP-I;cplex-cp;cp-i;epsilon;0.025;instance_30_15_4_12;TIMEOUT_FEASIBLE;300.0114;0.0051;300.0017;0.0001;1181;1781;12380;433;0;5;120;428
4;CPLEX-CP-I;cplex-cp;cp-i;epsilon;0.025;instance_30_15_4_13;TIMEOUT_FEASIBLE;300.0097;0.0040;300.0016;0.0001;976;1461;158;380;3;0;120;377
4;CPLEX-CP-I;cplex-cp;cp-i;epsilon;0.025;instance_30_15_4_14;TIMEOUT_FEASIBLE;300.0012;0.0053;299.9913;0.0001;1339;2042;12124;415;5;0;120;410
4;CPLEX-CP-I;cplex-cp;cp-i;epsilon;0.025;instance_30_15_4_15;TIMEOUT_FEASIBLE;300.0001;0.0055;299.9900;0.0001;1372;2057;13664;441;0;0;120;441
4;CPLEX-CP-I;cplex-cp;cp-i;epsilon;0.025;instance_30_15_4_16;TIMEOUT_FEASIBLE;300.0002;0.0045;299.9916;0.0001;1050;1624;17140;392;0;0;120;392
4;CPLEX-CP-I;cplex-cp;cp-i;epsilon;0.025;instance_30_15_4_17;TIMEOUT_FEASIBLE;300.0055;0.0053;299.9958;0.0001;1219;1858;9196;418;1;0;120;417
4;CPLEX-CP-I;cplex-cp;cp-i;epsilon;0.025;instance_30_15_4_18;TIMEOUT_FEASIBLE;300.0069;0.0062;299.9957;0.0001;1553;2311;13216;452;1;0;120;451
4;CPLEX-CP-I;cplex-cp;cp-i;epsilon;0.025;instance_30_15_4_19;TIMEOUT_FEASIBLE;299.9991;0.0045;299.9905;0.0001;1088;1637;3536;415;5;0;120;410
4;CPLEX-CP-I;cplex-cp;cp-i;epsilon;0.025;instance_30_15_4_2;TIMEOUT_FEASIBLE;300.0107;0.0044;300.0022;0.0001;977;1505;31264;370;0;6;120;364
4;CPLEX-CP-I;cplex-cp;cp-i;epsilon;0.025;instance_30_15_4_20;TIMEOUT_FEASIBLE;300.0008;0.0047;299.9920;0.0001;1095;1678;8530;424;2;0;120;422
4;CPLEX-CP-I;cplex-cp;cp-i;epsilon;0.025;instance_30_15_4_21;INFEASIBLE;0.0013;0.0001;0.0000;0.0000;19;18;0;;;;;
4;CPLEX-CP-I;cplex-cp;cp-i;epsilon;0.025;instance_30_15_4_22;TIMEOUT_FEASIBLE;300.0081;0.0049;299.9989;0.0001;1170;1765;160;426;2;0;120;424
4;CPLEX-CP-I;cplex-cp;cp-i;epsilon;0.025;instance_30_15_4_23;TIMEOUT_FEASIBLE;300.0055;0.0054;299.9953;0.0001;1385;2084;167;434;2;0;120;432
4;CPLEX-CP-I;cplex-cp;cp-i;epsilon;0.025;instance_30_15_4_24;TIMEOUT_FEASIBLE;300.0007;0.0056;299.9904;0.0001;1423;2140;4285;439;0;0;120;439
4;CPLEX-CP-I;cplex-cp;cp-i;epsilon;0.025;instance_30_15_4_25;TIMEOUT_FEASIBLE;300.0000;0.0043;299.9915;0.0001;1015;1549;17715;401;0;0;120;401
4;CPLEX-CP-I;cplex-cp;cp-i;epsilon;0.025;instance_30_15_4_26;TIMEOUT_FEASIBLE;300.0003;0.0055;299.9901;0.0001;1331;1999;15111;433;0;0;120;433
4;CPLEX-CP-I;cplex-cp;cp-i;epsilon;0.025;instance_30_15_4_27;TIMEOUT_FEASIBLE;300.0100;0.0053;300.0001;0.0001;1240;1895;23778;406;0;0;120;406
4;CPLEX-CP-I;cplex-cp;cp-i;epsilon;0.025;instance_30_15_4_28;TIMEOUT_FEASIBLE;300.0004;0.0054;299.9903;0.0001;1341;2027;13678;419;3;0;120;416
4;CPLEX-CP-I;cplex-cp;cp-i;epsilon;0.025;instance_30_15_4_29;TIMEOUT_FEASIBLE;300.0001;0.0041;299.9920;0.0001;925;1407;16459;400;1;0;120;399
4;CPLEX-CP-I;cplex-cp;cp-i;epsilon;0.025;instance_30_15_4_3;TIMEOUT_FEASIBLE;300.0111;0.0055;300.0008;0.0001;1401;2126;7457;432;1;0;120;431
4;CPLEX-CP-I;cplex-cp;cp-i;epsilon;0.025;instance_30_15_4_30;TIMEOUT_FEASIBLE;300.0004;0.0057;299.9899;0.0001;1411;2129;21288;433;0;0;120;433
4;CPLEX-CP-I;cplex-cp;cp-i;epsilon;0.025;instance_30_15_4_31;TIMEOUT_FEASIBLE;300.0002;0.0053;299.9900;0.0001;1389;2057;195;409;1;0;120;408
4;CPLEX-CP-I;cplex-cp;cp-i;epsilon;0.025;instance_30_15_4_32;TIMEOUT_FEASIBLE;300.0010;0.0053;299.9907;0.0001;1246;1854;20090;381;1;1;120;379
4;CPLEX-CP-I;cplex-cp;cp-i;epsilon;0.025;instance_30_15_4_33;TIMEOUT_FEASIBLE;300.0100;0.0056;299.9990;0.0001;1359;2036;75122;429;1;0;120;428
4;CPLEX-CP-I;cplex-cp;cp-i;epsilon;0.025;instance_30_15_4_34;TIMEOUT_FEASIBLE;300.0045;0.0057;299.9938;0.0001;1356;2048;10741;394;0;0;120;394
4;CPLEX-CP-I;cplex-cp;cp-i;epsilon;0.025;instance_30_15_4_35;INFEASIBLE;0.0023;0.0011;0.0000;0.0000;405;404;0;;;;;
4;CPLEX-CP-I;cplex-cp;cp-i;epsilon;0.025;instance_30_15_4_36;TIMEOUT_FEASIBLE;299.9997;0.0053;299.9899;0.0001;1301;1935;180;428;1;0;120;427
4;CPLEX-CP-I;cplex-cp;cp-i;epsilon;0.025;instance_30_15_4_37;TIMEOUT_FEASIBLE;299.9995;0.0055;299.9890;0.0001;1286;1980;42000;423;2;0;120;421
4;CPLEX-CP-I;cplex-cp;cp-i;epsilon;0.025;instance_30_15_4_38;TIMEOUT_FEASIBLE;300.0006;0.0053;299.9903;0.0001;1246;1906;109422;396;0;1;120;395
4;CPLEX-CP-I;cplex-cp;cp-i;epsilon;0.025;instance_30_15_4_39;TIMEOUT_FEASIBLE;300.0103;0.0059;299.9996;0.0001;1398;2093;7848;439;1;0;120;438
4;CPLEX-CP-I;cplex-cp;cp-i;epsilon;0.025;instance_30_15_4_4;TIMEOUT_FEASIBLE;300.0115;0.0072;299.9991;0.0001;1583;2422;6848;446;0;0;120;446
4;CPLEX-CP-I;cplex-cp;cp-i;epsilon;0.025;instance_30_15_4_40;TIMEOUT_FEASIBLE;300.0034;0.0058;299.9928;0.0001;1316;2005;173;439;0;0;120;439
4;CPLEX-CP-I;cplex-cp;cp-i;epsilon;0.025;instance_30_15_4_41;TIMEOUT_FEASIBLE;299.9980;0.0069;299.9857;0.0001;1630;2408;218;433;0;0;120;433
4;CPLEX-CP-I;cplex-cp;cp-i;epsilon;0.025;instance_30_15_4_42;TIMEOUT_FEASIBLE;299.9992;0.0063;299.9875;0.0001;1445;2156;74131;432;1;0;120;431
4;CPLEX-CP-I;cplex-cp;cp-i;epsilon;0.025;instance_30_15_4_43;TIMEOUT_FEASIBLE;300.0004;0.0051;299.9905;0.0001;1270;1891;56252;420;1;9;120;410
4;CPLEX-CP-I;cplex-cp;cp-i;epsilon;0.025;instance_30_15_4_44;INFEASIBLE;0.0013;0.0002;0.0000;0.0000;48;47;0;;;;;
4;CPLEX-CP-I;cplex-cp;cp-i;epsilon;0.025;instance_30_15_4_45;TIMEOUT_FEASIBLE;300.0044;0.0058;299.9939;0.0001;1447;2172;4457;418;1;0;120;417
4;CPLEX-CP-I;cplex-cp;cp-i;epsilon;0.025;instance_30_15_4_46;TIMEOUT_FEASIBLE;300.0104;0.0059;299.9996;0.0001;1482;2227;5190;442;0;0;120;442
4;CPLEX-CP-I;cplex-cp;cp-i;epsilon;0.025;instance_30_15_4_47;TIMEOUT_FEASIBLE;299.9987;0.0054;299.9884;0.0001;1230;1894;3070644;423;3;0;120;420
4;CPLEX-CP-I;cplex-cp;cp-i;epsilon;0.025;instance_30_15_4_48;TIMEOUT_FEASIBLE;300.0012;0.0053;299.9914;0.0001;1250;1889;9869;427;0;0;120;427
4;CPLEX-CP-I;cplex-cp;cp-i;epsilon;0.025;instance_30_15_4_49;TIMEOUT_FEASIBLE;300.0109;0.0052;300.0011;0.0001;1242;1852;181;431;2;0;120;429
4;CPLEX-CP-I;cplex-cp;cp-i;epsilon;0.025;instance_30_15_4_5;TIMEOUT_FEASIBLE;300.0013;0.0048;299.9919;0.0001;1163;1743;19228;421;5;0;120;416
4;CPLEX-CP-I;cplex-cp;cp-i;epsilon;0.025;instance_30_15_4_50;TIMEOUT_FEASIBLE;300.0002;0.0042;299.9919;0.0001;1018;1538;4574;405;8;0;120;397
4;CPLEX-CP-I;cplex-cp;cp-i;epsilon;0.025;instance_30_15_4_6;TIMEOUT_FEASIBLE;300.0012;0.0049;299.9917;0.0001;1157;1769;153;435;0;0;120;435
4;CPLEX-CP-I;cplex-cp;cp-i;epsilon;0.025;instance_30_15_4_7;INFEASIBLE;0.0020;0.0009;0.0000;0.0000;366;365;0;;;;;
4;CPLEX-CP-I;cplex-cp;cp-i;epsilon;0.025;instance_30_15_4_8;INFEASIBLE;0.0012;0.0001;0.0000;0.0000;31;30;0;;;;;
4;CPLEX-CP-I;cplex-cp;cp-i;epsilon;0.025;instance_30_15_4_9;TIMEOUT_FEASIBLE;299.9959;0.0044;299.9875;0.0001;1054;1603;12465;400;3;0;120;397
4;CPLEX-CP-I;cplex-cp;cp-i;epsilon;0.025;instance_40_25_5_1;TIMEOUT_FEASIBLE;300.0132;0.0145;299.9903;0.0001;2924;4256;371;764;0;0;200;764
4;CPLEX-CP-I;cplex-cp;cp-i;epsilon;0.025;instance_40_25_5_10;TIMEOUT_FEASIBLE;300.0095;0.0159;299.9839;0.0001;3577;5138;421;757;0;0;200;757
4;CPLEX-CP-I;cplex-cp;cp-i;epsilon;0.025;instance_40_25_5_11;TIMEOUT_FEASIBLE;300.0074;0.0147;299.9839;0.0001;3242;4737;410;765;0;0;200;765
4;CPLEX-CP-I;cplex-cp;cp-i;epsilon;0.025;instance_40_25_5_12;TIMEOUT_FEASIBLE;300.0093;0.0141;299.9863;0.0001;3081;4452;406;766;0;0;200;766
4;CPLEX-CP-I;cplex-cp;cp-i;epsilon;0.025;instance_40_25_5_13;TIMEOUT_FEASIBLE;300.0099;0.0144;299.9861;0.0001;3307;4840;383;769;0;1;200;768
4;CPLEX-CP-I;cplex-cp;cp-i;epsilon;0.025;instance_40_25_5_14;TIMEOUT_FEASIBLE;300.0461;0.0160;300.0193;0.0002;3615;5299;22692;763;0;0;200;763
4;CPLEX-CP-I;cplex-cp;cp-i;epsilon;0.025;instance_40_25_5_15;TIMEOUT_FEASIBLE;300.0109;0.0145;299.9865;0.0001;3045;4478;24084;703;0;0;200;703
4;CPLEX-CP-I;cplex-cp;cp-i;epsilon;0.025;instance_40_25_5_16;TIMEOUT_FEASIBLE;300.0093;0.0137;299.9869;0.0001;2949;4329;22977;746;2;0;200;744
4;CPLEX-CP-I;cplex-cp;cp-i;epsilon;0.025;instance_40_25_5_17;TIMEOUT_FEASIBLE;300.0095;0.0149;299.9849;0.0001;3083;4481;47556;735;0;0;200;735
4;CPLEX-CP-I;cplex-cp;cp-i;epsilon;0.025;instance_40_25_5_18;TIMEOUT_FEASIBLE;300.0088;0.0158;299.9834;0.0001;3222;4692;22490;767;0;0;200;767
4;CPLEX-CP-I;cplex-cp;cp-i;epsilon;0.025;instance_40_25_5_19;TIMEOUT_FEASIBLE;300.0071;0.0129;299.9863;0.0001;2449;3616;57243;727;4;3;200;720
4;CPLEX-CP-I;cplex-cp;cp-i;epsilon;0.025;instance_40_25_5_2;TIMEOUT_FEASIBLE;300.0105;0.0141;299.9874;0.0001;3080;4461;21878;760;1;0;200;759
4;CPLEX-CP-I;cplex-cp;cp-i;epsilon;0.025;instance_40_25_5_20;TIMEOUT_FEASIBLE;300.0085;0.0150;299.9844;0.0001;3091;4401;28079;754;0;7;200;747
4;CPLEX-CP-I;cplex-cp;cp-i;epsilon;0.025;instance_40_25_5_21;TIMEOUT_FEASIBLE;300.0108;0.0151;299.9865;0.0001;3280;4778;12304;741;0;0;200;741
4;CPLEX-CP-I;cplex-cp;cp-i;epsilon;0.025;instance_40_25_5_22;TIMEOUT_FEASIBLE;300.0080;0.0134;299.9855;0.0002;2721;4000;85416;752;1;5;200;746
4;CPLEX-CP-I;cplex-cp;cp-i;epsilon;0.025;instance_40_25_5_23;TIMEOUT_FEASIBLE;300.0106;0.0153;299.9855;0.0001;3154;4543;30897;753;1;3;200;749
4;CPLEX-CP-I;cplex-cp;cp-i;epsilon;0.025;instance_40_25_5_24;TIMEOUT_FEASIBLE;300.0067;0.0130;299.9850;0.0002;2599;3824;134641;734;3;0;200;731
4;CPLEX-CP-I;cplex-cp;cp-i;epsilon;0.025;instance_40_25_5_25;TIMEOUT_FEASIBLE;299.9990;0.0124;299.9790;0.0001;2636;3871;7146;750;4;0;200;746
4;CPLEX-CP-I;cplex-cp;cp-i;epsilon;0.025;instance_40_25_5_26;TIMEOUT_FEASIBLE;300.0105;0.0143;299.9872;0.0001;3262;4762;407;759;0;0;200;759
4;CPLEX-CP-I;cplex-cp;cp-i;epsilon;0.025;instance_40_25_5_27;TIMEOUT_FEASIBLE;300.0052;0.0129;299.9834;0.0001;2621;3848;110478;737;6;0;200;731
4;CPLEX-CP-I;cplex-cp;cp-i;epsilon;0.025;instance_40_25_5_28;TIMEOUT_FEASIBLE;299.9992;0.0092;299.9847;0.0001;3173;4676;2807384;752;44;0;200;708
4;CPLEX-CP-I;cplex-cp;cp-i;epsilon;0.025;instance_40_25_5_29;TIMEOUT_FEASIBLE;300.0093;0.0122;299.9894;0.0001;2759;4047;35273;739;4;0;200;735
4;CPLEX-CP-I;cplex-cp;cp-i;epsilon;0.025;instance_40_25_5_3;TIMEOUT_FEASIBLE;300.0096;0.0083;299.9960;0.0001;3073;4500;2370832;734;39;0;200;695
4;CPLEX-CP-I;cplex-cp;cp-i;epsilon;0.025;instance_40_25_5_30;TIMEOUT_FEASIBLE;300.0115;0.0151;299.9872;0.0001;3553;5143;466;752;1;0;200;751
4;CPLEX-CP-I;cplex-cp;cp-i;epsilon;0.025;instance_40_25_5_31;TIMEOUT_FEASIBLE;300.0081;0.0165;299.9822;0.0001;3431;4979;369;772;0;0;200;772
4;CPLEX-CP-I;cplex-cp;cp-i;epsilon;0.025;instance_40_25_5_32;TIMEOUT_FEASIBLE;300.0067;0.0158;299.9807;0.0001;3251;4793;70419;706;5;0;200;701
4;CPLEX-CP-I;cplex-cp;cp-i;epsilon;0.025;instance_40_25_5_33;TIMEOUT_FEASIBLE;300.0072;0.0128;299.9862;0.0001;2591;3776;52115;757;1;0;200;756
4;CPLEX-CP-I;cplex-cp;cp-i;epsilon;0.025;instance_40_25_5_34;TIMEOUT_FEASIBLE;300.0110;0.0153;299.9851;0.0001;3117;4480;192118;753;1;0;200;752
4;CPLEX-CP-I;cplex-cp;cp-i;epsilon;0.025;instance_40_25_5_35;TIMEOUT_FEASIBLE;299.9984;0.0148;299.9743;0.0001;3116;4531;23469;739;2;0;200;737
4;CPLEX-CP-I;cplex-cp;cp-i;epsilon;0.025;instance_40_25_5_36;TIMEOUT_FEASIBLE;300.0088;0.0154;299.9843;0.0001;3286;4821;8317;770;0;0;200;770
4;CPLEX-CP-I;cplex-cp;cp-i;epsilon;0.025;instance_40_25_5_37;TIMEOUT_FEASIBLE;300.0084;0.0144;299.9847;0.0001;3151;4633;27964;737;0;0;200;737
4;CPLEX-CP-I;cplex-cp;cp-i;epsilon;0.025;instance_40_25_5_38;TIMEOUT_FEASIBLE;299.9981;0.0127;299.9766;0.0001;2820;4116;52885;723;0;0;200;723
4;CPLEX-CP-I;cplex-cp;cp-i;epsilon;0.025;instance_40_25_5_39;TIMEOUT_FEASIBLE;300.0094;0.0133;299.9873;0.0001;2563;3767;167023;731;3;8;200;720
4;CPLEX-CP-I;cplex-cp;cp-i;epsilon;0.025;instance_40_25_5_4;TIMEOUT_FEASIBLE;300.0118;0.0141;299.9882;0.0001;3083;4491;41713;764;0;0;200;764
4;CPLEX-CP-I;cplex-cp;cp-i;epsilon;0.025;instance_40_25_5_40;TIMEOUT_FEASIBLE;300.0070;0.0143;299.9837;0.0001;3076;4533;11623;757;0;0;200;757
4;CPLEX-CP-I;cplex-cp;cp-i;epsilon;0.025;instance_40_25_5_41;TIMEOUT_FEASIBLE;300.0655;0.0149;300.0416;0.0001;3241;4682;422;752;0;1;200;751
4;CPLEX-CP-I;cplex-cp;cp-i;epsilon;0.025;instance_40_25_5_42;TIMEOUT_FEASIBLE;300.0018;0.0132;299.9801;0.0001;2735;4071;55069;729;1;1;200;727
4;CPLEX-CP-I;cplex-cp;cp-i;epsilon;0.025;instance_40_25_5_43;TIMEOUT_FEASIBLE;299.9987;0.0089;299.9838;0.0001;2839;4125;7002424;775;33;4;200;738
4;CPLEX-CP-I;cplex-cp;cp-i;epsilon;0.025;instance_40_25_5_44;TIMEOUT_FEASIBLE;300.0126;0.0166;299.9861;0.0001;3287;4819;32682;767;0;0;200;767
4;CPLEX-CP-I;cplex-cp;cp-i;epsilon;0.025;instance_40_25_5_45;TIMEOUT_FEASIBLE;300.0075;0.0156;299.9821;0.0001;3187;4693;24535;694;0;0;200;694
4;CPLEX-CP-I;cplex-cp;cp-i;epsilon;0.025;instance_40_25_5_46;INFEASIBLE;0.0022;0.0008;0.0000;0.0000;317;316;0;;;;;
4;CPLEX-CP-I;cplex-cp;cp-i;epsilon;0.025;instance_40_25_5_47;TIMEOUT_FEASIBLE;300.0017;0.0160;299.9752;0.0001;3472;5028;29082;766;0;1;200;765
4;CPLEX-CP-I;cplex-cp;cp-i;epsilon;0.025;instance_40_25_5_48;TIMEOUT_FEASIBLE;300.0079;0.0157;299.9828;0.0001;3247;4793;19739;752;0;5;200;747
4;CPLEX-CP-I;cplex-cp;cp-i;epsilon;0.025;instance_40_25_5_49;TIMEOUT_FEASIBLE;300.0079;0.0085;299.9944;0.0001;2951;4331;10391575;737;44;0;200;693
4;CPLEX-CP-I;cplex-cp;cp-i;epsilon;0.025;instance_40_25_5_5;TIMEOUT_FEASIBLE;300.0108;0.0139;299.9885;0.0001;3263;4745;13516;768;1;0;200;767
4;CPLEX-CP-I;cplex-cp;cp-i;epsilon;0.025;instance_40_25_5_50;TIMEOUT_FEASIBLE;300.0092;0.0147;299.9850;0.0001;3408;4851;20249;772;1;0;200;771
4;CPLEX-CP-I;cplex-cp;cp-i;epsilon;0.025;instance_40_25_5_6;TIMEOUT_FEASIBLE;299.9978;0.0161;299.9712;0.0001;3371;4895;47257;752;0;0;200;752
4;CPLEX-CP-I;cplex-cp;cp-i;epsilon;0.025;instance_40_25_5_7;TIMEOUT_FEASIBLE;299.9982;0.0155;299.9734;0.0001;3454;4982;452;766;0;0;200;766
4;CPLEX-CP-I;cplex-cp;cp-i;epsilon;0.025;instance_40_25_5_8;TIMEOUT_FEASIBLE;300.0070;0.0136;299.9851;0.0001;3015;4436;385;753;0;0;200;753
4;CPLEX-CP-I;cplex-cp;cp-i;epsilon;0.025;instance_40_25_5_9;TIMEOUT_FEASIBLE;300.0000;0.0161;299.9738;0.0001;3326;4872;26093;758;1;0;200;757
1;GUROBI-MIP;gurobi-mip;mip-e;epsilon;0.05;instance_30_15_4_1;OPTIMUM;0.4128;0.0186;0.1642;0.0002;3371;3079;1;438;0;0;120;438
1;GUROBI-MIP;gurobi-mip;mip-e;epsilon;0.05;instance_30_15_4_10;OPTIMUM;0.1524;0.0161;0.1334;0.0002;2858;2791;1;410;0;0;120;410
1;GUROBI-MIP;gurobi-mip;mip-e;epsilon;0.05;instance_30_15_4_11;OPTIMUM;0.1677;0.0146;0.1502;0.0002;2559;2447;1;406;0;0;120;406
1;GUROBI-MIP;gurobi-mip;mip-e;epsilon;0.05;instance_30_15_4_12;OPTIMUM;0.1726;0.0156;0.1541;0.0002;2802;2664;1;439;0;0;120;439
1;GUROBI-MIP;gurobi-mip;mip-e;epsilon;0.05;instance_30_15_4_13;OPTIMUM;0.1570;0.0129;0.1415;0.0002;2204;2192;1;386;3;0;120;383
1;GUROBI-MIP;gurobi-mip;mip-e;epsilon;0.05;instance_30_15_4_14;OPTIMUM;0.1617;0.0169;0.1417;0.0002;3089;2948;1;404;2;0;120;402
1;GUROBI-MIP;gurobi-mip;mip-e;epsilon;0.05;instance_30_15_4_15;OPTIMUM;0.2170;0.0180;0.1960;0.0002;3341;3041;1;446;0;0;120;446
1;GUROBI-MIP;gurobi-mip;mip-e;epsilon;0.05;instance_30_15_4_16;OPTIMUM;0.1067;0.0134;0.0905;0.0002;2300;2344;1;398;0;0;120;398
1;GUROBI-MIP;gurobi-mip;mip-e;epsilon;0.05;instance_30_15_4_17;OPTIMUM;0.1414;0.0159;0.1225;0.0002;2875;2724;1;417;0;0;120;417
1;GUROBI-MIP;gurobi-mip;mip-e;epsilon;0.05;instance_30_15_4_18;OPTIMUM;0.2060;0.0208;0.1817;0.0002;3959;3386;1;448;0;0;120;448
1;GUROBI-MIP;gurobi-mip;mip-e;epsilon;0.05;instance_30_15_4_19;OPTIMUM;0.1488;0.0146;0.1314;0.0002;2623;2494;1;408;3;0;120;405
1;GUROBI-MIP;gurobi-mip;mip-e;epsilon;0.05;instance_30_15_4_2;OPTIMUM;0.1148;0.0130;0.0991;0.0002;2165;2208;1;369;0;0;120;369
1;GUROBI-MIP;gurobi-mip;mip-e;epsilon;0.05;instance_30_15_4_20;OPTIMUM;0.1224;0.0143;0.1052;0.0002;2444;2469;1;420;0;0;120;420
1;GUROBI-MIP;gurobi-mip;mip-e;epsilon;0.05;instance_30_15_4_21;INFEASIBLE;0.0060;0.0030;0.0015;0.0000;1837;1922;0;;;;;
1;GUROBI-MIP;gurobi-mip;mip-e;epsilon;0.05;instance_30_15_4_22;OPTIMUM;0.1448;0.0153;0.1265;0.0002;2720;2647;1;424;1;0;120;423
1;GUROBI-MIP;gurobi-mip;mip-e;epsilon;0.05;instance_30_15_4_23;OPTIMUM;0.1999;0.0181;0.1786;0.0002;3361;3073;1;427;0;0;120;427
1;GUROBI-MIP;gurobi-mip;mip-e;epsilon;0.05;instance_30_15_4_24;OPTIMUM;0.1833;0.0181;0.1620;0.0002;3343;3066;1;444;0;0;120;444
1;GUROBI-MIP;gurobi-mip;mip-e;epsilon;0.05;instance_30_15_4_25;OPTIMUM;0.1159;0.0134;0.0998;0.0002;2287;2294;1;402;0;0;120;402
1;GUROBI-MIP;gurobi-mip;mip-e;epsilon;0.05;instance_30_15_4_26;OPTIMUM;0.1786;0.0168;0.1588;0.0002;3064;2888;1;436;0;0;120;436
1;GUROBI-MIP;gurobi-mip;mip-e;epsilon;0.05;instance_30_15_4_27;OPTIMUM;0.1543;0.0162;0.1350;0.0002;2917;2741;1;407;0;0;120;407
1;GUROBI-MIP;gurobi-mip;mip-e;epsilon;0.05;instance_30_15_4_28;OPTIMUM;0.1669;0.0171;0.1467;0.0002;3117;2956;1;410;0;0;120;410
1;GUROBI-MIP;gurobi-mip;mip-e;epsilon;0.05;instance_30_15_4_29;OPTIMUM;0.1059;0.0124;0.0909;0.0002;2095;2159;1;399;0;0;120;399
1;GUROBI-MIP;gurobi-mip;mip-e;epsilon;0.05;instance_30_15_4_3;OPTIMUM;0.1821;0.0180;0.1609;0.0002;3366;3038;1;431;0;0;120;431
1;GUROBI-MIP;gurobi-mip;mip-e;epsilon;0.05;instance_30_15_4_30;OPTIMUM;0.1808;0.0181;0.1597;0.0002;3307;3074;1;435;0;0;120;435
1;GUROBI-MIP;gurobi-mip;mip-e;epsilon;0.05;instance_30_15_4_31;OPTIMUM;0.1850;0.0180;0.1639;0.0002;3331;3021;1;407;0;0;120;407
1;GUROBI-MIP;gurobi-mip;mip-e;epsilon;0.05;instance_30_15_4_32;OPTIMUM;0.1642;0.0169;0.1441;0.0002;3155;2791;1;382;0;0;120;382
1;GUROBI-MIP;gurobi-mip;mip-e;epsilon;0.05;instance_30_15_4_33;OPTIMUM;0.1847;0.0178;0.1636;0.0002;3223;2979;1;429;0;0;120;429
1;GUROBI-MIP;gurobi-mip;mip-e;epsilon;0.05;instance_30_15_4_34;OPTIMUM;0.1749;0.0179;0.1537;0.0002;3322;2990;1;396;0;0;120;396
1;GUROBI-MIP;gurobi-mip;mip-e;epsilon;0.05;instance_30_15_4_35;INFEASIBLE;0.0076;0.0042;0.0019;0.0000;2706;2659;0;;;;;
1;GUROBI-MIP;gurobi-mip;mip-e;epsilon;0.05;instance_30_15_4_36;OPTIMUM;0.1737;0.0173;0.1532;0.0002;3184;2947;1;427;0;0;120;427
1;GUROBI-MIP;gurobi-mip;mip-e;epsilon;0.05;instance_30_15_4_37;OPTIMUM;0.1467;0.0160;0.1278;0.0002;2865;2755;1;420;0;0;120;420
1;GUROBI-MIP;gurobi-mip;mip-e;epsilon;0.05;instance_30_15_4_38;OPTIMUM;0.1558;0.0158;0.1372;0.0002;2845;2745;1;402;0;0;120;402
1;GUROBI-MIP;gurobi-mip;mip-e;epsilon;0.05;instance_30_15_4_39;OPTIMUM;0.1780;0.0178;0.1571;0.0002;3288;3013;1;437;0;0;120;437
1;GUROBI-MIP;gurobi-mip;mip-e;epsilon;0.05;instance_30_15_4_4;OPTIMUM;0.1959;0.0198;0.1727;0.0002;3686;3374;1;450;0;0;120;450
1;GUROBI-MIP;gurobi-mip;mip-e;epsilon;0.05;instance_30_15_4_40;OPTIMUM;0.1722;0.0169;0.1522;0.0002;3126;2946;1;450;0;0;120;450
1;GUROBI-MIP;gurobi-mip;mip-e;epsilon;0.05;instance_30_15_4_41;OPTIMUM;0.2208;0.0220;0.1951;0.0002;4145;3586;1;443;0;0;120;443
1;GUROBI-MIP;gurobi-mip;mip-e;epsilon;0.05;instance_30_15_4_42;OPTIMUM;0.1950;0.0181;0.1736;0.0002;3363;3102;1;432;0;0;120;432
1;GUROBI-MIP;gurobi-mip;mip-e;epsilon;0.05;instance_30_15_4_43;OPTIMUM;0.1751;0.0171;0.1551;0.0002;3163;2828;1;411;0;0;120;411
1;GUROBI-MIP;gurobi-mip;mip-e;epsilon;0.05;instance_30_15_4_44;INFEASIBLE;0.0082;0.0046;0.0020;0.0000;2881;2803;0;;;;;
1;GUROBI-MIP;gurobi-mip;mip-e;epsilon;0.05;instance_30_15_4_45;OPTIMUM;0.2001;0.0191;0.1776;0.0002;3586;3190;1;416;0;0;120;416
1;GUROBI-MIP;gurobi-mip;mip-e;epsilon;0.05;instance_30_15_4_46;OPTIMUM;0.1870;0.0189;0.1649;0.0002;3478;3213;1;446;0;0;120;446
1;GUROBI-MIP;gurobi-mip;mip-e;epsilon;0.05;instance_30_15_4_47;OPTIMUM;0.1696;0.0158;0.1509;0.0002;2811;2697;1;418;1;0;120;417
1;GUROBI-MIP;gurobi-mip;mip-e;epsilon;0.05;instance_30_15_4_48;OPTIMUM;0.1496;0.0161;0.1305;0.0002;2913;2779;1;430;0;0;120;430
1;GUROBI-MIP;gurobi-mip;mip-e;epsilon;0.05;instance_30_15_4_49;OPTIMUM;0.1720;0.0162;0.1529;0.0002;2912;2738;1;421;0;0;120;421
1;GUROBI-MIP;gurobi-mip;mip-e;epsilon;0.05;instance_30_15_4_5;OPTIMUM;0.2059;0.0154;0.1878;0.0002;2772;2611;1;416;3;0;120;413
1;GUROBI-MIP;gurobi-mip;mip-e;epsilon;0.05;instance_30_15_4_50;OPTIMUM;0.1231;0.0134;0.1072;0.0002;2294;2254;1;403;7;0;120;396
1;GUROBI-MIP;gurobi-mip;mip-e;epsilon;0.05;instance_30_15_4_6;OPTIMUM;0.1529;0.0152;0.1349;0.0002;2621;2606;1;436;0;0;120;436
1;GUROBI-MIP;gurobi-mip;mip-e;epsilon;0.05;instance_30_15_4_7;INFEASIBLE;0.0088;0.0051;0.0021;0.0000;3567;3241;0;;;;;
1;GUROBI-MIP;gurobi-mip;mip-e;epsilon;0.05;instance_30_15_4_8;INFEASIBLE;0.0083;0.0047;0.0020;0.0000;3104;2911;0;;;;;
1;GUROBI-MIP;gurobi-mip;mip-e;epsilon;0.05;instance_30_15_4_9;OPTIMUM;0.1291;0.0135;0.1130;0.0002;2364;2352;1;399;2;0;120;397
1;GUROBI-MIP;gurobi-mip;mip-e;epsilon;0.05;instance_40_25_5_1;OPTIMUM;0.5106;0.0415;0.4631;0.0003;7806;6177;1;777;0;0;200;777
1;GUROBI-MIP;gurobi-mip;mip-e;epsilon;0.05;instance_40_25_5_10;OPTIMUM;0.6017;0.0481;0.5471;0.0004;9156;7352;1;765;0;0;200;765
1;GUROBI-MIP;gurobi-mip;mip-e;epsilon;0.05;instance_40_25_5_11;OPTIMUM;0.4542;0.0469;0.4008;0.0004;8366;6741;1;783;0;0;200;783
1;GUROBI-MIP;gurobi-mip;mip-e;epsilon;0.05;instance_40_25_5_12;OPTIMUM;0.5197;0.0420;0.4718;0.0003;7935;6437;1;778;0;0;200;778
1;GUROBI-MIP;gurobi-mip;mip-e;epsilon;0.05;instance_40_25_5_13;OPTIMUM;0.5105;0.0436;0.4605;0.0003;8187;6772;1;783;0;0;200;783
1;GUROBI-MIP;gurobi-mip;mip-e;epsilon;0.05;instance_40_25_5_14;OPTIMUM;0.5857;0.0477;0.5316;0.0004;9031;7290;1;781;0;0;200;781
1;GUROBI-MIP;gurobi-mip;mip-e;epsilon;0.05;instance_40_25_5_15;OPTIMUM;0.5333;0.0416;0.4860;0.0003;7991;6437;1;710;0;0;200;710
1;GUROBI-MIP;gurobi-mip;mip-e;epsilon;0.05;instance_40_25_5_16;OPTIMUM;0.4907;0.0401;0.4451;0.0003;7425;6080;1;753;1;0;200;752
1;GUROBI-MIP;gurobi-mip;mip-e;epsilon;0.05;instance_40_25_5_17;OPTIMUM;0.4833;0.0416;0.4358;0.0003;7867;6418;1;741;0;0;200;741
1;GUROBI-MIP;gurobi-mip;mip-e;epsilon;0.05;instance_40_25_5_18;OPTIMUM;0.4948;0.0434;0.4456;0.0003;8262;6693;1;782;0;0;200;782
1;GUROBI-MIP;gurobi-mip;mip-e;epsilon;0.05;instance_40_25_5_19;OPTIMUM;0.5500;0.0333;0.5121;0.0003;5910;5212;1;713;0;0;200;713
1;GUROBI-MIP;gurobi-mip;mip-e;epsilon;0.05;instance_40_25_5_2;OPTIMUM;0.5147;0.0422;0.4666;0.0003;7933;6374;1;766;0;0;200;766
1;GUROBI-MIP;gurobi-mip;mip-e;epsilon;0.05;instance_40_25_5_20;OPTIMUM;0.6318;0.0434;0.5825;0.0003;8180;6439;1;759;0;0;200;759
1;GUROBI-MIP;gurobi-mip;mip-e;epsilon;0.05;instance_40_25_5_21;OPTIMUM;0.5805;0.0442;0.5303;0.0003;8490;6813;1;755;0;0;200;755
1;GUROBI-MIP;gurobi-mip;mip-e;epsilon;0.05;instance_40_25_5_22;OPTIMUM;0.4472;0.0368;0.4052;0.0003;6757;5793;1;752;0;0;200;752
1;GUROBI-MIP;gurobi-mip;mip-e;epsilon;0.05;instance_40_25_5_23;OPTIMUM;0.5720;0.0430;0.5230;0.0003;8030;6538;1;764;0;0;200;764
1;GUROBI-MIP;gurobi-mip;mip-e;epsilon;0.05;instance_40_25_5_24;OPTIMUM;0.4092;0.0358;0.3682;0.0003;6415;5517;1;724;0;0;200;724
1;GUROBI-MIP;gurobi-mip;mip-e;epsilon;0.05;instance_40_25_5_25;OPTIMUM;0.4309;0.0352;0.3907;0.0003;6367;5530;1;734;0;0;200;734
1;GUROBI-MIP;gurobi-mip;mip-e;epsilon;0.05;instance_40_25_5_26;OPTIMUM;0.5912;0.0448;0.5401;0.0003;8367;6757;1;775;0;0;200;775
1;GUROBI-MIP;gurobi-mip;mip-e;epsilon;0.05;instance_40_25_5_27;OPTIMUM;0.5261;0.0353;0.4858;0.0003;6288;5519;1;719;1;0;200;718
1;GUROBI-MIP;gurobi-mip;mip-e;epsilon;0.05;instance_40_25_5_28;OPTIMUM;0.5189;0.0424;0.4703;0.0004;7869;6569;1;715;0;0;200;715
1;GUROBI-MIP;gurobi-mip;mip-e;epsilon;0.05;instance_40_25_5_29;OPTIMUM;0.7833;0.0361;0.7422;0.0003;6686;5707;1;729;2;0;200;727
1;GUROBI-MIP;gurobi-mip;mip-e;epsilon;0.05;instance_40_25_5_3;OPTIMUM;0.5276;0.0411;0.4805;0.0004;7655;6324;1;704;1;0;200;703
1;GUROBI-MIP;gurobi-mip;mip-e;epsilon;0.05;instance_40_25_5_30;OPTIMUM;0.6023;0.0470;0.5491;0.0003;9104;7202;1;761;0;0;200;761
1;GUROBI-MIP;gurobi-mip;mip-e;epsilon;0.05;instance_40_25_5_31;OPTIMUM;0.5845;0.0460;0.5322;0.0003;8936;7022;1;784;0;0;200;784
1;GUROBI-MIP;gurobi-mip;mip-e;epsilon;0.05;instance_40_25_5_32;OPTIMUM;0.5496;0.0417;0.5023;0.0003;7826;6652;1;698;2;0;200;696
1;GUROBI-MIP;gurobi-mip;mip-e;epsilon;0.05;instance_40_25_5_33;OPTIMUM;0.4173;0.0352;0.3771;0.0003;6418;5516;1;760;0;0;200;760
1;GUROBI-MIP;gurobi-mip;mip-e;epsilon;0.05;instance_40_25_5_34;OPTIMUM;0.6102;0.0422;0.5623;0.0003;7980;6501;1;759;0;0;200;759
1;GUROBI-MIP;gurobi-mip;mip-e;epsilon;0.05;instance_40_25_5_35;OPTIMUM;0.5095;0.0412;0.4625;0.0003;7728;6450;1;737;0;0;200;737
1;GUROBI-MIP;gurobi-mip;mip-e;epsilon;0.05;instance_40_25_5_36;OPTIMUM;0.4864;0.0451;0.4351;0.0003;8531;6890;1;788;0;0;200;788
1;GUROBI-MIP;gurobi-mip;mip-e;epsilon;0.05;instance_40_25_5_37;OPTIMUM;0.4898;0.0430;0.4409;0.0004;7699;6496;1;747;0;0;200;747
1;GUROBI-MIP;gurobi-mip;mip-e;epsilon;0.05;instance_40_25_5_38;OPTIMUM;0.4728;0.0381;0.4294;0.0003;6726;5915;1;735;0;0;200;735
1;GUROBI-MIP;gurobi-mip;mip-e;epsilon;0.05;instance_40_25_5_39;OPTIMUM;0.5091;0.0351;0.4691;0.0003;6492;5387;1;720;0;0;200;720
1;GUROBI-MIP;gurobi-mip;mip-e;epsilon;0.05;instance_40_25_5_4;OPTIMUM;0.4743;0.0411;0.4277;0.0003;7698;6353;1;777;0;0;200;777
1;GUROBI-MIP;gurobi-mip;mip-e;epsilon;0.05;instance_40_25_5_40;OPTIMUM;0.5951;0.0415;0.5477;0.0003;7792;6455;1;766;0;0;200;766
1;GUROBI-MIP;gurobi-mip;mip-e;epsilon;0.05;instance_40_25_5_41;OPTIMUM;0.5771;0.0454;0.5256;0.0004;8669;6835;1;759;0;0;200;759
1;GUROBI-MIP;gurobi-mip;mip-e;epsilon;0.05;instance_40_25_5_42;OPTIMUM;0.3999;0.0371;0.3575;0.0003;6886;5873;1;729;0;0;200;729
1;GUROBI-MIP;gurobi-mip;mip-e;epsilon;0.05;instance_40_25_5_43;OPTIMUM;0.5374;0.0383;0.4939;0.0003;7248;5931;1;759;0;0;200;759
1;GUROBI-MIP;gurobi-mip;mip-e;epsilon;0.05;instance_40_25_5_44;OPTIMUM;0.5174;0.0447;0.4665;0.0004;8468;6856;1;780;0;0;200;780
1;GUROBI-MIP;gurobi-mip;mip-e;epsilon;0.05;instance_40_25_5_45;OPTIMUM;0.4874;0.0430;0.4384;0.0004;7993;6603;1;701;0;0;200;701
1;GUROBI-MIP;gurobi-mip;mip-e;epsilon;0.05;instance_40_25_5_46;INFEASIBLE;0.0198;0.0130;0.0045;0.0000;8709;6987;0;;;;;
1;GUROBI-MIP;gurobi-mip;mip-e;epsilon;0.05;instance_40_25_5_47;OPTIMUM;0.5871;0.0472;0.5334;0.0004;9002;7177;1;780;0;0;200;780
1;GUROBI-MIP;gurobi-mip;mip-e;epsilon;0.05;instance_40_25_5_48;OPTIMUM;0.5614;0.0445;0.5107;0.0003;8403;6784;1;766;0;0;200;766
1;GUROBI-MIP;gurobi-mip;mip-e;epsilon;0.05;instance_40_25_5_49;OPTIMUM;0.7871;0.0395;0.7423;0.0003;7358;6129;1;705;1;0;200;704
1;GUROBI-MIP;gurobi-mip;mip-e;epsilon;0.05;instance_40_25_5_5;OPTIMUM;0.5120;0.0462;0.4598;0.0004;8268;6681;1;772;0;0;200;772
1;GUROBI-MIP;gurobi-mip;mip-e;epsilon;0.05;instance_40_25_5_50;OPTIMUM;0.7634;0.0481;0.7085;0.0004;9009;7033;1;768;0;0;200;768
1;GUROBI-MIP;gurobi-mip;mip-e;epsilon;0.05;instance_40_25_5_6;OPTIMUM;0.6072;0.0461;0.5547;0.0004;8737;7016;1;768;0;0;200;768
1;GUROBI-MIP;gurobi-mip;mip-e;epsilon;0.05;instance_40_25_5_7;OPTIMUM;0.5545;0.0482;0.4991;0.0004;9134;7208;1;782;0;0;200;782
1;GUROBI-MIP;gurobi-mip;mip-e;epsilon;0.05;instance_40_25_5_8;OPTIMUM;0.4798;0.0418;0.4322;0.0003;7559;6317;1;763;0;0;200;763
1;GUROBI-MIP;gurobi-mip;mip-e;epsilon;0.05;instance_40_25_5_9;OPTIMUM;0.5503;0.0440;0.5003;0.0003;8465;6891;1;772;0;0;200;772
2;CPLEX-MIP;cplex-mip;mip-e;epsilon;0.05;instance_30_15_4_1;OPTIMUM;0.2594;0.0186;0.2378;0.0002;3371;3079;0;438;0;0;120;438
2;CPLEX-MIP;cplex-mip;mip-e;epsilon;0.05;instance_30_15_4_10;OPTIMUM;0.2365;0.0159;0.2179;0.0002;2858;2791;0;410;0;0;120;410
2;CPLEX-MIP;cplex-mip;mip-e;epsilon;0.05;instance_30_15_4_11;OPTIMUM;0.3257;0.0140;0.3093;0.0002;2559;2447;0;406;0;0;120;406
2;CPLEX-MIP;cplex-mip;mip-e;epsilon;0.05;instance_30_15_4_12;OPTIMUM;0.2767;0.0158;0.2581;0.0002;2802;2664;0;439;0;0;120;439
2;CPLEX-MIP;cplex-mip;mip-e;epsilon;0.05;instance_30_15_4_13;OPTIMUM;0.2308;0.0130;0.2156;0.0002;2204;2192;0;386;3;0;120;383
2;CPLEX-MIP;cplex-mip;mip-e;epsilon;0.05;instance_30_15_4_14;OPTIMUM;0.2491;0.0165;0.2299;0.0002;3089;2948;0;404;2;0;120;402
2;CPLEX-MIP;cplex-mip;mip-e;epsilon;0.05;instance_30_15_4_15;OPTIMUM;0.2771;0.0177;0.2566;0.0002;3341;3041;0;446;0;0;120;446
2;CPLEX-MIP;cplex-mip;mip-e;epsilon;0.05;instance_30_15_4_16;OPTIMUM;0.2142;0.0131;0.1988;0.0002;2300;2344;0;398;0;0;120;398
2;CPLEX-MIP;cplex-mip;mip-e;epsilon;0.05;instance_30_15_4_17;OPTIMUM;0.1980;0.0153;0.1802;0.0002;2875;2724;0;417;0;0;120;417
2;CPLEX-MIP;cplex-mip;mip-e;epsilon;0.05;instance_30_15_4_18;OPTIMUM;0.3904;0.0202;0.3669;0.0002;3959;3386;0;448;0;0;120;448
2;CPLEX-MIP;cplex-mip;mip-e;epsilon;0.05;instance_30_15_4_19;OPTIMUM;0.2645;0.0151;0.2468;0.0002;2623;2494;0;408;3;0;120;405
2;CPLEX-MIP;cplex-mip;mip-e;epsilon;0.05;instance_30_15_4_2;OPTIMUM;0.1937;0.0126;0.1788;0.0002;2165;2208;0;369;0;0;120;369
2;CPLEX-MIP;cplex-mip;mip-e;epsilon;0.05;instance_30_15_4_20;OPTIMUM;0.2090;0.0134;0.1932;0.0002;2444;2469;0;420;0;0;120;420
2;CPLEX-MIP;cplex-mip;mip-e;epsilon;0.05;instance_30_15_4_21;INFEASIBLE;0.0046;0.0034;0.0005;0.0000;1837;1922;0;;;;;
2;CPLEX-MIP;cplex-mip;mip-e;epsilon;0.05;instance_30_15_4_22;OPTIMUM;0.2921;0.0147;0.2748;0.0002;2720;2647;0;424;1;0;120;423
2;CPLEX-MIP;cplex-mip;mip-e;epsilon;0.05;instance_30_15_4_23;OPTIMUM;0.2590;0.0185;0.2373;0.0002;3361;3073;0;427;0;0;120;427
2;CPLEX-MIP;cplex-mip;mip-e;epsilon;0.05;instance_30_15_4_24;OPTIMUM;0.2323;0.0171;0.2123;0.0002;3343;3066;0;444;0;0;120;444
2;CPLEX-MIP;cplex-mip;mip-e;epsilon;0.05;instance_30_15_4_25;OPTIMUM;0.1952;0.0127;0.1803;0.0002;2287;2294;0;402;0;0;120;402
2;CPLEX-MIP;cplex-mip;mip-e;epsilon;0.05;instance_30_15_4_26;OPTIMUM;0.2237;0.0166;0.2043;0.0002;3064;2888;0;436;0;0;120;436
2;CPLEX-MIP;cplex-mip;mip-e;epsilon;0.05;instance_30_15_4_27;OPTIMUM;0.2484;0.0161;0.2297;0.0002;2917;2741;0;407;0;0;120;407
2;CPLEX-MIP;cplex-mip;mip-e;epsilon;0.05;instance_30_15_4_28;OPTIMUM;0.3116;0.0165;0.2925;0.0002;3117;2956;0;410;0;0;120;410
2;CPLEX-MIP;cplex-mip;mip-e;epsilon;0.05;instance_30_15_4_29;OPTIMUM;0.1822;0.0123;0.1677;0.0002;2095;2159;0;399;0;0;120;399
2;CPLEX-MIP;cplex-mip;mip-e;epsilon;0.05;instance_30_15_4_3;OPTIMUM;0.3035;0.0172;0.2834;0.0002;3366;3038;0;431;0;0;120;431
2;CPLEX-MIP;cplex-mip;mip-e;epsilon;0.05;instance_30_15_4_30;OPTIMUM;0.2817;0.0172;0.2616;0.0002;3307;3074;0;435;0;0;120;435
2;CPLEX-MIP;cplex-mip;mip-e;epsilon;0.05;instance_30_15_4_31;OPTIMUM;0.2962;0.0175;0.2758;0.0002;3331;3021;0;407;0;0;120;407
2;CPLEX-MIP;cplex-mip;mip-e;epsilon;0.05;instance_30_15_4_32;OPTIMUM;0.2895;0.0163;0.2704;0.0002;3155;2791;0;382;0;0;120;382
2;CPLEX-MIP;cplex-mip;mip-e;epsilon;0.05;instance_30_15_4_33;OPTIMUM;0.2478;0.0166;0.2284;0.0002;3223;2979;0;429;0;0;120;429
2;CPLEX-MIP;cplex-mip;mip-e;epsilon;0.05;instance_30_15_4_34;OPTIMUM;0.2447;0.0171;0.2247;0.0002;3322;2990;0;396;0;0;120;396
2;CPLEX-MIP;cplex-mip;mip-e;epsilon;0.05;instance_30_15_4_35;INFEASIBLE;0.0062;0.0048;0.0007;0.0000;2706;2659;0;;;;;
2;CPLEX-MIP;cplex-mip;mip-e;epsilon;0.05;instance_30_15_4_36;OPTIMUM;0.2941;0.0172;0.2741;0.0002;3184;2947;0;427;0;0;120;427
2;CPLEX-MIP;cplex-mip;mip-e;epsilon;0.05;instance_30_15_4_37;OPTIMUM;0.2792;0.0158;0.2607;0.0002;2865;2755;0;420;0;0;120;420
2;CPLEX-MIP;cplex-mip;mip-e;epsilon;0.05;instance_30_15_4_38;OPTIMUM;0.2881;0.0158;0.2698;0.0002;2845;2745;0;402;0;0;120;402
2;CPLEX-MIP;cplex-mip;mip-e;epsilon;0.05;instance_30_15_4_39;OPTIMUM;0.2534;0.0171;0.2333;0.0002;3288;3013;0;437;0;0;120;437
2;CPLEX-MIP;cplex-mip;mip-e;epsilon;0.05;instance_30_15_4_4;OPTIMUM;0.3230;0.0195;0.3003;0.0003;3686;3374;0;450;0;0;120;450
2;CPLEX-MIP;cplex-mip;mip-e;epsilon;0.05;instance_30_15_4_40;OPTIMUM;0.2545;0.0165;0.2353;0.0002;3126;2946;0;450;0;0;120;450
2;CPLEX-MIP;cplex-mip;mip-e;epsilon;0.05;instance_30_15_4_41;OPTIMUM;0.3851;0.0204;0.3614;0.0002;4145;3586;0;443;0;0;120;443
2;CPLEX-MIP;cplex-mip;mip-e;epsilon;0.05;instance_30_15_4_42;OPTIMUM;0.2652;0.0181;0.2440;0.0002;3363;3102;0;432;0;0;120;432
2;CPLEX-MIP;cplex-mip;mip-e;epsilon;0.05;instance_30_15_4_43;OPTIMUM;0.2600;0.0173;0.2398;0.0002;3163;2828;0;411;0;0;120;411
2;CPLEX-MIP;cplex-mip;mip-e;epsilon;0.05;instance_30_15_4_44;INFEASIBLE;0.0060;0.0047;0.0006;0.0000;2881;2803;0;;;;;
2;CPLEX-MIP;cplex-mip;mip-e;epsilon;0.05;instance_30_15_4_45;OPTIMUM;0.2752;0.0189;0.2533;0.0002;3586;3190;0;416;0;0;120;416
2;CPLEX-MIP;cplex-mip;mip-e;epsilon;0.05;instance_30_15_4_46;OPTIMUM;0.3122;0.0188;0.2903;0.0002;3478;3213;0;446;0;0;120;446
2;CPLEX-MIP;cplex-mip;mip-e;epsilon;0.05;instance_30_15_4_47;OPTIMUM;0.2022;0.0158;0.1837;0.0002;2811;2697;0;418;1;0;120;417
2;CPLEX-MIP;cplex-mip;mip-e;epsilon;0.05;instance_30_15_4_48;OPTIMUM;0.2710;0.0154;0.2530;0.0002;2913;2779;0;430;0;0;120;430
2;CPLEX-MIP;cplex-mip;mip-e;epsilon;0.05;instance_30_15_4_49;OPTIMUM;0.3021;0.0156;0.2840;0.0002;2912;2738;0;421;0;0;120;421
2;CPLEX-MIP;cplex-mip;mip-e;epsilon;0.05;instance_30_15_4_5;OPTIMUM;0.2898;0.0158;0.2714;0.0002;2772;2611;0;416;3;0;120;413
2;CPLEX-MIP;cplex-mip;mip-e;epsilon;0.05;instance_30_15_4_50;OPTIMUM;0.2192;0.0133;0.2035;0.0002;2294;2254;0;403;7;0;120;396
2;CPLEX-MIP;cplex-mip;mip-e;epsilon;0.05;instance_30_15_4_6;OPTIMUM;0.2082;0.0143;0.1914;0.0002;2621;2606;0;436;0;0;120;436
2;CPLEX-MIP;cplex-mip;mip-e;epsilon;0.05;instance_30_15_4_7;INFEASIBLE;0.0069;0.0055;0.0007;0.0000;3567;3241;0;;;;;
2;CPLEX-MIP;cplex-mip;mip-e;epsilon;0.05;instance_30_15_4_8;INFEASIBLE;0.0061;0.0048;0.0007;0.0000;3104;2911;0;;;;;
2;CPLEX-MIP;cplex-mip;mip-e;epsilon;0.05;instance_30_15_4_9;OPTIMUM;0.2888;0.0130;0.2736;0.0002;2364;2352;0;399;2;0;120;397
2;CPLEX-MIP;cplex-mip;mip-e;epsilon;0.05;instance_40_25_5_1;OPTIMUM;1.0653;0.0399;1.0193;0.0004;7806;6177;0;777;0;0;200;777
2;CPLEX-MIP;cplex-mip;mip-e;epsilon;0.05;instance_40_25_5_10;OPTIMUM;0.7628;0.0474;0.7083;0.0004;9156;7352;0;765;0;0;200;765
2;CPLEX-MIP;cplex-mip;mip-e;epsilon;0.05;instance_40_25_5_11;OPTIMUM;0.7518;0.0417;0.7040;0.0003;8366;6741;0;783;0;0;200;783
2;CPLEX-MIP;cplex-mip;mip-e;epsilon;0.05;instance_40_25_5_12;OPTIMUM;1.0247;0.0402;0.9783;0.0004;7935;6437;0;778;0;0;200;778
2;CPLEX-MIP;cplex-mip;mip-e;epsilon;0.05;instance_40_25_5_13;OPTIMUM;1.0856;0.0434;1.0332;0.0004;8187;6772;0;783;0;0;200;783
2;CPLEX-MIP;cplex-mip;mip-e;epsilon;0.05;instance_40_25_5_14;OPTIMUM;1.0396;0.0455;0.9871;0.0004;9031;7290;0;781;0;0;200;781
2;CPLEX-MIP;cplex-mip;mip-e;epsilon;0.05;instance_40_25_5_15;OPTIMUM;1.0963;0.0404;1.0499;0.0003;7991;6437;0;710;0;0;200;710
2;CPLEX-MIP;cplex-mip;mip-e;epsilon;0.05;instance_40_25_5_16;OPTIMUM;1.0405;0.0374;0.9977;0.0003;7425;6080;0;753;1;0;200;752
2;CPLEX-MIP;cplex-mip;mip-e;epsilon;0.05;instance_40_25_5_17;OPTIMUM;0.9912;0.0405;0.9445;0.0003;7867;6418;0;741;0;0;200;741
2;CPLEX-MIP;cplex-mip;mip-e;epsilon;0.05;instance_40_25_5_18;OPTIMUM;0.8405;0.0430;0.7909;0.0004;8262;6693;0;782;0;0;200;782
2;CPLEX-MIP;cplex-mip;mip-e;epsilon;0.05;instance_40_25_5_19;OPTIMUM;0.9648;0.0321;0.9280;0.0003;5910;5212;0;713;0;0;200;713
2;CPLEX-MIP;cplex-mip;mip-e;epsilon;0.05;instance_40_25_5_2;OPTIMUM;0.8828;0.0407;0.8361;0.0003;7933;6374;0;766;0;0;200;766
2;CPLEX-MIP;cplex-mip;mip-e;epsilon;0.05;instance_40_25_5_20;OPTIMUM;1.3397;0.0398;1.2938;0.0003;8180;6439;0;759;0;0;200;759
2;CPLEX-MIP;cplex-mip;mip-e;epsilon;0.05;instance_40_25_5_21;OPTIMUM;1.3263;0.0423;1.2765;0.0004;8490;6813;0;755;0;0;200;755
2;CPLEX-MIP;cplex-mip;mip-e;epsilon;0.05;instance_40_25_5_22;OPTIMUM;0.9228;0.0365;0.8804;0.0003;6757;5793;0;752;0;0;200;752
2;CPLEX-MIP;cplex-mip;mip-e;epsilon;0.05;instance_40_25_5_23;OPTIMUM;1.4503;0.0400;1.4042;0.0003;8030;6538;0;764;0;0;200;764
2;CPLEX-MIP;cplex-mip;mip-e;epsilon;0.05;instance_40_25_5_24;OPTIMUM;0.5933;0.0347;0.5534;0.0003;6415;5517;0;724;0;0;200;724
2;CPLEX-MIP;cplex-mip;mip-e;epsilon;0.05;instance_40_25_5_25;OPTIMUM;0.6880;0.0329;0.6502;0.0003;6367;5530;0;734;0;0;200;734
2;CPLEX-MIP;cplex-mip;mip-e;epsilon;0.05;instance_40_25_5_26;OPTIMUM;1.0452;0.0426;0.9961;0.0004;8367;6757;0;775;0;0;200;775
2;CPLEX-MIP;cplex-mip;mip-e;epsilon;0.05;instance_40_25_5_27;OPTIMUM;0.9550;0.0353;0.9144;0.0003;6288;5519;0;719;1;0;200;718
2;CPLEX-MIP;cplex-mip;mip-e;epsilon;0.05;instance_40_25_5_28;OPTIMUM;0.9243;0.0427;0.8755;0.0004;7869;6569;0;715;0;0;200;715
2;CPLEX-MIP;cplex-mip;mip-e;epsilon;0.05;instance_40_25_5_29;OPTIMUM;1.7171;0.0364;1.6752;0.0003;6686;5707;0;729;2;0;200;727
2;CPLEX-MIP;cplex-mip;mip-e;epsilon;0.05;instance_40_25_5_3;OPTIMUM;1.2443;0.0406;1.1975;0.0005;7655;6324;0;704;1;0;200;703
2;CPLEX-MIP;cplex-mip;mip-e;epsilon;0.05;instance_40_25_5_30;OPTIMUM;1.3963;0.0467;1.3413;0.0004;9104;7202;0;761;0;0;200;761
2;CPLEX-MIP;cplex-mip;mip-e;epsilon;0.05;instance_40_25_5_31;OPTIMUM;0.8384;0.0458;0.7850;0.0004;8936;7022;0;784;0;0;200;784
2;CPLEX-MIP;cplex-mip;mip-e;epsilon;0.05;instance_40_25_5_32;OPTIMUM;1.2419;0.0415;1.1934;0.0004;7826;6652;0;698;2;0;200;696
2;CPLEX-MIP;cplex-mip;mip-e;epsilon;0.05;instance_40_25_5_33;OPTIMUM;0.8619;0.0346;0.8219;0.0003;6418;5516;0;760;0;0;200;760
2;CPLEX-MIP;cplex-mip;mip-e;epsilon;0.05;instance_40_25_5_34;OPTIMUM;1.1147;0.0401;1.0685;0.0003;7980;6501;0;759;0;0;200;759
2;CPLEX-MIP;cplex-mip;mip-e;epsilon;0.05;instance_40_25_5_35;OPTIMUM;1.1107;0.0405;1.0640;0.0003;7728;6450;0;737;0;0;200;737
2;CPLEX-MIP;cplex-mip;mip-e;epsilon;0.05;instance_40_25_5_36;OPTIMUM;0.9698;0.0439;0.9194;0.0004;8531;6890;0;788;0;0;200;788
2;CPLEX-MIP;cplex-mip;mip-e;epsilon;0.05;instance_40_25_5_37;OPTIMUM;1.2144;0.0414;1.1669;0.0004;7699;6496;0;747;0;0;200;747
2;CPLEX-MIP;cplex-mip;mip-e;epsilon;0.05;instance_40_25_5_38;OPTIMUM;0.8057;0.0373;0.7627;0.0003;6726;5915;0;735;0;0;200;735
2;CPLEX-MIP;cplex-mip;mip-e;epsilon;0.05;instance_40_25_5_39;OPTIMUM;1.0281;0.0348;0.9882;0.0003;6492;5387;0;720;0;0;200;720
2;CPLEX-MIP;cplex-mip;mip-e;epsilon;0.05;instance_40_25_5_4;OPTIMUM;0.8546;0.0409;0.8077;0.0004;7698;6353;0;777;0;0;200;777
2;CPLEX-MIP;cplex-mip;mip-e;epsilon;0.05;instance_40_25_5_40;OPTIMUM;1.0681;0.0412;1.0206;0.0003;7792;6455;0;766;0;0;200;766
2;CPLEX-MIP;cplex-mip;mip-e;epsilon;0.05;instance_40_25_5_41;OPTIMUM;0.9724;0.0461;0.9194;0.0004;8669;6835;0;759;0;0;200;759
2;CPLEX-MIP;cplex-mip;mip-e;epsilon;0.05;instance_40_25_5_42;OPTIMUM;0.8949;0.0374;0.8520;0.0003;6886;5873;0;729;0;0;200;729
2;CPLEX-MIP;cplex-mip;mip-e;epsilon;0.05;instance_40_25_5_43;OPTIMUM;1.0358;0.0393;0.9904;0.0003;7248;5931;0;759;0;0;200;759
2;CPLEX-MIP;cplex-mip;mip-e;epsilon;0.05;instance_40_25_5_44;OPTIMUM;1.0908;0.0417;1.0429;0.0004;8468;6856;0;780;0;0;200;780
2;CPLEX-MIP;cplex-mip;mip-e;epsilon;0.05;instance_40_25_5_45;OPTIMUM;0.8649;0.0418;0.8169;0.0004;7993;6603;0;701;0;0;200;701
2;CPLEX-MIP;cplex-mip;mip-e;epsilon;0.05;instance_40_25_5_46;INFEASIBLE;0.0154;0.0126;0.0015;0.0000;8709;6987;0;;;;;
2;CPLEX-MIP;cplex-mip;mip-e;epsilon;0.05;instance_40_25_5_47;OPTIMUM;1.1303;0.0467;1.0758;0.0004;9002;7177;0;780;0;0;200;780
2;CPLEX-MIP;cplex-mip;mip-e;epsilon;0.05;instance_40_25_5_48;OPTIMUM;1.0293;0.0442;0.9754;0.0004;8403;6784;0;766;0;0;200;766
2;CPLEX-MIP;cplex-mip;mip-e;epsilon;0.05;instance_40_25_5_49;OPTIMUM;1.1691;0.0399;1.1216;0.0004;7358;6129;0;705;1;0;200;704
2;CPLEX-MIP;cplex-mip;mip-e;epsilon;0.05;instance_40_25_5_5;OPTIMUM;0.8063;0.0434;0.7565;0.0004;8268;6681;0;772;0;0;200;772
2;CPLEX-MIP;cplex-mip;mip-e;epsilon;0.05;instance_40_25_5_50;OPTIMUM;1.1975;0.0445;1.1463;0.0004;9009;7033;0;768;0;0;200;768
2;CPLEX-MIP;cplex-mip;mip-e;epsilon;0.05;instance_40_25_5_6;OPTIMUM;1.2484;0.0448;1.1966;0.0004;8737;7016;0;768;0;0;200;768
2;CPLEX-MIP;cplex-mip;mip-e;epsilon;0.05;instance_40_25_5_7;OPTIMUM;1.2150;0.0483;1.1594;0.0004;9134;7208;0;782;0;0;200;782
2;CPLEX-MIP;cplex-mip;mip-e;epsilon;0.05;instance_40_25_5_8;OPTIMUM;1.0995;0.0408;1.0522;0.0004;7559;6317;0;763;0;0;200;763
2;CPLEX-MIP;cplex-mip;mip-e;epsilon;0.05;instance_40_25_5_9;OPTIMUM;1.1130;0.0445;1.0616;0.0004;8465;6891;0;772;0;0;200;772
3;CPLEX-CP-T;cplex-cp;cp-t;epsilon;0.05;instance_30_15_4_1;TIMEOUT_FEASIBLE;300.0049;0.0034;299.9961;0.0001;2114;2952;749;429;0;0;120;429
3;CPLEX-CP-T;cplex-cp;cp-t;epsilon;0.05;instance_30_15_4_10;TIMEOUT_FEASIBLE;300.0006;0.0032;299.9920;0.0001;2110;2944;701;408;0;0;120;408
3;CPLEX-CP-T;cplex-cp;cp-t;epsilon;0.05;instance_30_15_4_11;TIMEOUT_FEASIBLE;300.0003;0.0031;299.9916;0.0001;1941;2604;23690114;396;0;4;120;392
3;CPLEX-CP-T;cplex-cp;cp-t;epsilon;0.05;instance_30_15_4_12;TIMEOUT_FEASIBLE;300.0004;0.0032;299.9921;0.0001;2046;2814;32052;423;0;5;120;418
3;CPLEX-CP-T;cplex-cp;cp-t;epsilon;0.05;instance_30_15_4_13;TIMEOUT_FEASIBLE;300.0111;0.0028;300.0031;0.0001;1921;2564;465;370;3;0;120;367
3;CPLEX-CP-T;cplex-cp;cp-t;epsilon;0.05;instance_30_15_4_14;TIMEOUT_FEASIBLE;300.0017;0.0032;299.9933;0.0001;2144;3013;26306;404;3;0;120;401
3;CPLEX-CP-T;cplex-cp;cp-t;epsilon;0.05;instance_30_15_4_15;TIMEOUT_FEASIBLE;300.0004;0.0032;299.9920;0.0001;2057;2839;20851;430;0;0;120;430
3;CPLEX-CP-T;cplex-cp;cp-t;epsilon;0.05;instance_30_15_4_16;TIMEOUT_FEASIBLE;300.0007;0.0031;299.9925;0.0001;2119;2961;16501;385;0;0;120;385
3;CPLEX-CP-T;cplex-cp;cp-t;epsilon;0.05;instance_30_15_4_17;TIMEOUT_FEASIBLE;300.0112;0.0033;300.0025;0.0001;2114;2954;19625;407;0;0;120;407
3;CPLEX-CP-T;cplex-cp;cp-t;epsilon;0.05;instance_30_15_4_18;TIMEOUT_FEASIBLE;300.0011;0.0035;299.9921;0.0001;2108;2939;24894;440;1;0;120;439
3;CPLEX-CP-T;cplex-cp;cp-t;epsilon;0.05;instance_30_15_4_19;TIMEOUT_FEASIBLE;300.0007;0.0030;299.9922;0.0001;1988;2700;243;406;4;0;120;402
3;CPLEX-CP-T;cplex-cp;cp-t;epsilon;0.05;instance_30_15_4_2;TIMEOUT_FEASIBLE;300.0112;0.0032;300.0028;0.0001;2143;3010;29378;361;0;7;120;354
3;CPLEX-CP-T;cplex-cp;cp-t;epsilon;0.05;instance_30_15_4_20;TIMEOUT_FEASIBLE;300.0009;0.0032;299.9929;0.0001;2179;3081;12124;413;0;0;120;413
3;CPLEX-CP-T;cplex-cp;cp-t;epsilon;0.05;instance_30_15_4_21;INFEASIBLE;0.0012;0.0000;0.0000;0.0000;720;3;0;;;;;
3;CPLEX-CP-T;cplex-cp;cp-t;epsilon;0.05;instance_30_15_4_22;TIMEOUT_FEASIBLE;300.0050;0.0031;299.9969;0.0001;2041;2804;608;415;1;0;120;414
3;CPLEX-CP-T;cplex-cp;cp-t;epsilon;0.05;instance_30_15_4_23;TIMEOUT_FEASIBLE;300.0011;0.0033;299.9926;0.0001;2071;2865;418;424;1;0;120;423
3;CPLEX-CP-T;cplex-cp;cp-t;epsilon;0.05;instance_30_15_4_24;TIMEOUT_FEASIBLE;300.0010;0.0035;299.9921;0.0001;2152;3029;224;428;0;0;120;428
3;CPLEX-CP-T;cplex-cp;cp-t;epsilon;0.05;instance_30_15_4_25;TIMEOUT_FEASIBLE;300.0103;0.0031;300.0022;0.0001;2100;2925;16144;395;0;0;120;395
3;CPLEX-CP-T;cplex-cp;cp-t;epsilon;0.05;instance_30_15_4_26;TIMEOUT_FEASIBLE;300.0057;0.0031;299.9975;0.0001;2052;2829;20823;422;0;0;120;422
3;CPLEX-CP-T;cplex-cp;cp-t;epsilon;0.05;instance_30_15_4_27;TIMEOUT_FEASIBLE;300.0007;0.0037;299.9913;0.0001;2133;2991;27100;396;0;0;120;396
3;CPLEX-CP-T;cplex-cp;cp-t;epsilon;0.05;instance_30_15_4_28;TIMEOUT_FEASIBLE;300.0002;0.0032;299.9913;0.0001;2096;2912;298;408;1;0;120;407
3;CPLEX-CP-T;cplex-cp;cp-t;epsilon;0.05;instance_30_15_4_29;TIMEOUT_FEASIBLE;300.0019;0.0029;299.9939;0.0001;2021;2766;167819;390;0;0;120;390
3;CPLEX-CP-T;cplex-cp;cp-t;epsilon;0.05;instance_30_15_4_3;TIMEOUT_FEASIBLE;300.0017;0.0033;299.9928;0.0001;2150;3024;203;421;0;0;120;421
3;CPLEX-CP-T;cplex-cp;cp-t;epsilon;0.05;instance_30_15_4_30;TIMEOUT_FEASIBLE;300.0014;0.0033;299.9930;0.0001;2119;2963;20226;422;0;1;120;421
3;CPLEX-CP-T;cplex-cp;cp-t;epsilon;0.05;instance_30_15_4_31;TIMEOUT_FEASIBLE;299.9996;0.0032;299.9911;0.0001;2042;2809;244;399;0;0;120;399
3;CPLEX-CP-T;cplex-cp;cp-t;epsilon;0.05;instance_30_15_4_32;TIMEOUT_FEASIBLE;300.0005;0.0033;299.9920;0.0001;2073;2871;210;373;0;0;120;373
3;CPLEX-CP-T;cplex-cp;cp-t;epsilon;0.05;instance_30_15_4_33;TIMEOUT_FEASIBLE;300.0008;0.0037;299.9907;0.0001;2120;2965;266843;417;0;0;120;417
3;CPLEX-CP-T;cplex-cp;cp-t;epsilon;0.05;instance_30_15_4_34;TIMEOUT_FEASIBLE;299.9999;0.0035;299.9905;0.0001;2144;3011;20258;384;0;0;120;384
3;CPLEX-CP-T;cplex-cp;cp-t;epsilon;0.05;instance_30_15_4_35;INFEASIBLE;0.0014;0.0003;0.0000;0.0000;720;74;0;;;;;
3;CPLEX-CP-T;cplex-cp;cp-t;epsilon;0.05;instance_30_15_4_36;TIMEOUT_FEASIBLE;300.0040;0.0030;299.9960;0.0001;2002;2729;417;417;0;0;120;417
3;CPLEX-CP-T;cplex-cp;cp-t;epsilon;0.05;instance_30_15_4_37;TIMEOUT_FEASIBLE;300.0106;0.0033;300.0021;0.0001;2192;3107;28641;412;0;0;120;412
3;CPLEX-CP-T;cplex-cp;cp-t;epsilon;0.05;instance_30_15_4_38;TIMEOUT_FEASIBLE;300.0104;0.0033;300.0013;0.0001;2086;2895;2386135;389;0;0;120;389
3;CPLEX-CP-T;cplex-cp;cp-t;epsilon;0.05;instance_30_15_4_39;TIMEOUT_FEASIBLE;300.0012;0.0032;299.9928;0.0001;2056;2837;20691;428;0;0;120;428
3;CPLEX-CP-T;cplex-cp;cp-t;epsilon;0.05;instance_30_15_4_4;TIMEOUT_FEASIBLE;300.0102;0.0036;300.0008;0.0001;2226;3176;200;437;0;0;120;437
3;CPLEX-CP-T;cplex-cp;cp-t;epsilon;0.05;instance_30_15_4_40;TIMEOUT_FEASIBLE;300.0008;0.0032;299.9923;0.0001;2087;2895;412;428;0;0;120;428
3;CPLEX-CP-T;cplex-cp;cp-t;epsilon;0.05;instance_30_15_4_41;TIMEOUT_FEASIBLE;300.0011;0.0035;299.9921;0.0001;2128;2979;204;422;0;0;120;422
3;CPLEX-CP-T;cplex-cp;cp-t;epsilon;0.05;instance_30_15_4_42;TIMEOUT_FEASIBLE;300.0011;0.0035;299.9919;0.0001;2098;2921;204519;423;0;0;120;423
3;CPLEX-CP-T;cplex-cp;cp-t;epsilon;0.05;instance_30_15_4_43;TIMEOUT_FEASIBLE;300.0010;0.0033;299.9919;0.0001;2047;2818;137447;409;1;11;120;397
3;CPLEX-CP-T;cplex-cp;cp-t;epsilon;0.05;instance_30_15_4_44;INFEASIBLE;0.0011;0.0001;0.0000;0.0000;720;8;0;;;;;
3;CPLEX-CP-T;cplex-cp;cp-t;epsilon;0.05;instance_30_15_4_45;TIMEOUT_FEASIBLE;300.0045;0.0034;299.9959;0.0001;2134;2990;178;407;0;0;120;407
3;CPLEX-CP-T;cplex-cp;cp-t;epsilon;0.05;instance_30_15_4_46;TIMEOUT_FEASIBLE;300.0016;0.0033;299.9930;0.0001;2123;2969;159;432;0;0;120;432
3;CPLEX-CP-T;cplex-cp;cp-t;epsilon;0.05;instance_30_15_4_47;TIMEOUT_FEASIBLE;300.0015;0.0036;299.9918;0.0001;2189;3102;9416223;415;3;0;120;412
3;CPLEX-CP-T;cplex-cp;cp-t;epsilon;0.05;instance_30_15_4_48;TIMEOUT_FEASIBLE;300.0010;0.0031;299.9928;0.0001;2024;2770;21794;416;0;0;120;416
3;CPLEX-CP-T;cplex-cp;cp-t;epsilon;0.05;instance_30_15_4_49;TIMEOUT_FEASIBLE;300.0009;0.0031;299.9924;0.0001;2005;2735;597;420;2;0;120;418
3;CPLEX-CP-T;cplex-cp;cp-t;epsilon;0.05;instance_30_15_4_5;TIMEOUT_FEASIBLE;300.0104;0.0031;300.0022;0.0001;1977;2677;22802;410;4;0;120;406
3;CPLEX-CP-T;cplex-cp;cp-t;epsilon;0.05;instance_30_15_4_50;TIMEOUT_FEASIBLE;300.0012;0.0029;299.9933;0.0001;1952;2629;14655;395;7;0;120;388
3;CPLEX-CP-T;cplex-cp;cp-t;epsilon;0.05;instance_30_15_4_6;TIMEOUT_FEASIBLE;300.0015;0.0033;299.9927;0.0001;2146;3017;151;424;0;0;120;424
3;CPLEX-CP-T;cplex-cp;cp-t;epsilon;0.05;instance_30_15_4_7;INFEASIBLE;0.0014;0.0003;0.0000;0.0000;720;55;0;;;;;
3;CPLEX-CP-T;cplex-cp;cp-t;epsilon;0.05;instance_30_15_4_8;INFEASIBLE;0.0011;0.0000;0.0000;0.0000;720;5;0;;;;;
3;CPLEX-CP-T;cplex-cp;cp-t;epsilon;0.05;instance_30_15_4_9;TIMEOUT_FEASIBLE;300.0076;0.0029;300.0000;0.0001;1983;2691;26000;390;2;1;120;387
3;CPLEX-CP-T;cplex-cp;cp-t;epsilon;0.05;instance_40_25_5_1;TIMEOUT_FEASIBLE;300.0139;0.0077;299.9956;0.0001;4493;6851;43335;744;0;0;200;744
3;CPLEX-CP-T;cplex-cp;cp-t;epsilon;0.05;instance_40_25_5_10;TIMEOUT_FEASIBLE;299.9999;0.0081;299.9817;0.0001;4416;6695;399;742;1;0;200;741
3;CPLEX-CP-T;cplex-cp;cp-t;epsilon;0.05;instance_40_25_5_11;TIMEOUT_FEASIBLE;299.9977;0.0078;299.9801;0.0001;4565;6996;400;753;0;0;200;753
3;CPLEX-CP-T;cplex-cp;cp-t;epsilon;0.05;instance_40_25_5_12;TIMEOUT_FEASIBLE;300.0093;0.0076;299.9920;0.0001;4417;6696;465;746;0;0;200;746
3;CPLEX-CP-T;cplex-cp;cp-t;epsilon;0.05;instance_40_25_5_13;TIMEOUT_FEASIBLE;300.0018;0.0083;299.9814;0.0001;4675;7216;51726;751;1;0;200;750
3;CPLEX-CP-T;cplex-cp;cp-t;epsilon;0.05;instance_40_25_5_14;TIMEOUT_FEASIBLE;300.0007;0.0085;299.9814;0.0001;4826;7517;50690;752;0;0;200;752
3;CPLEX-CP-T;cplex-cp;cp-t;epsilon;0.05;instance_40_25_5_15;TIMEOUT_FEASIBLE;300.0100;0.0078;299.9906;0.0001;4527;6920;42323;686;0;0;200;686
3;CPLEX-CP-T;cplex-cp;cp-t;epsilon;0.05;instance_40_25_5_16;TIMEOUT_FEASIBLE;300.0097;0.0080;299.9906;0.0001;4604;7072;48868;727;2;0;200;725
3;CPLEX-CP-T;cplex-cp;cp-t;epsilon;0.05;instance_40_25_5_17;TIMEOUT_FEASIBLE;300.0007;0.0079;299.9799;0.0016;4530;6925;77597;716;1;0;200;715
3;CPLEX-CP-T;cplex-cp;cp-t;epsilon;0.05;instance_40_25_5_18;TIMEOUT_FEASIBLE;300.0101;0.0078;299.9918;0.0001;4499;6863;60290;747;0;0;200;747
3;CPLEX-CP-T;cplex-cp;cp-t;epsilon;0.05;instance_40_25_5_19;TIMEOUT_FEASIBLE;300.0092;0.0080;299.9902;0.0001;4527;6920;180956;708;3;1;200;704
3;CPLEX-CP-T;cplex-cp;cp-t;epsilon;0.05;instance_40_25_5_2;TIMEOUT_FEASIBLE;300.0013;0.0079;299.9817;0.0001;4443;6751;49520;745;0;0;200;745
3;CPLEX-CP-T;cplex-cp;cp-t;epsilon;0.05;instance_40_25_5_20;TIMEOUT_FEASIBLE;300.0101;0.0076;299.9919;0.0001;4251;6367;462;735;1;5;200;729
3;CPLEX-CP-T;cplex-cp;cp-t;epsilon;0.05;instance_40_25_5_21;TIMEOUT_FEASIBLE;300.0109;0.0080;299.9911;0.0001;4607;7079;54066;722;0;0;200;722
3;CPLEX-CP-T;cplex-cp;cp-t;epsilon;0.05;instance_40_25_5_22;TIMEOUT_FEASIBLE;300.0095;0.0077;299.9893;0.0001;4447;6760;232744;734;1;3;200;730
3;CPLEX-CP-T;cplex-cp;cp-t;epsilon;0.05;instance_40_25_5_23;TIMEOUT_FEASIBLE;300.0098;0.0078;299.9908;0.0001;4411;6687;60401;734;0;0;200;734
3;CPLEX-CP-T;cplex-cp;cp-t;epsilon;0.05;instance_40_25_5_24;TIMEOUT_FEASIBLE;300.0002;0.0078;299.9787;0.0001;4580;7025;308346;715;3;0;200;712
3;CPLEX-CP-T;cplex-cp;cp-t;epsilon;0.05;instance_40_25_5_25;TIMEOUT_FEASIBLE;300.0010;0.0075;299.9835;0.0001;4580;7025;968;731;4;0;200;727
3;CPLEX-CP-T;cplex-cp;cp-t;epsilon;0.05;instance_40_25_5_26;TIMEOUT_FEASIBLE;300.0111;0.0080;299.9913;0.0001;4536;6938;49522;740;0;0;200;740
3;CPLEX-CP-T;cplex-cp;cp-t;epsilon;0.05;instance_40_25_5_27;TIMEOUT_FEASIBLE;300.0098;0.0077;299.9887;0.0001;4481;6827;228726;718;5;0;200;713
3;CPLEX-CP-T;cplex-cp;cp-t;epsilon;0.05;instance_40_25_5_28;TIMEOUT_FEASIBLE;300.0109;0.0046;299.9989;0.0001;4603;7072;4762272;752;25;0;200;727
3;CPLEX-CP-T;cplex-cp;cp-t;epsilon;0.05;instance_40_25_5_29;TIMEOUT_FEASIBLE;300.0116;0.0078;299.9929;0.0001;4611;7088;549;720;4;0;200;716
3;CPLEX-CP-T;cplex-cp;cp-t;epsilon;0.05;instance_40_25_5_3;TIMEOUT_FEASIBLE;300.0099;0.0045;299.9985;0.0001;4515;6893;4770705;734;24;0;200;710
3;CPLEX-CP-T;cplex-cp;cp-t;epsilon;0.05;instance_40_25_5_30;TIMEOUT_FEASIBLE;300.0094;0.0082;299.9903;0.0001;4536;6937;433;735;1;0;200;734
3;CPLEX-CP-T;cplex-cp;cp-t;epsilon;0.05;instance_40_25_5_31;TIMEOUT_FEASIBLE;300.0002;0.0082;299.9810;0.0001;4627;7117;359;755;0;0;200;755
3;CPLEX-CP-T;cplex-cp;cp-t;epsilon;0.05;instance_40_25_5_32;TIMEOUT_FEASIBLE;300.0096;0.0081;299.9878;0.0026;4628;7121;302402;688;4;0;200;684
3;CPLEX-CP-T;cplex-cp;cp-t;epsilon;0.05;instance_40_25_5_33;TIMEOUT_FEASIBLE;300.0093;0.0073;299.9900;0.0001;4319;6503;157399;738;1;0;200;737
3;CPLEX-CP-T;cplex-cp;cp-t;epsilon;0.05;instance_40_25_5_34;TIMEOUT_FEASIBLE;300.0118;0.0078;299.9902;0.0001;4384;6632;276354;736;0;9;200;727
3;CPLEX-CP-T;cplex-cp;cp-t;epsilon;0.05;instance_40_25_5_35;TIMEOUT_FEASIBLE;299.9994;0.0075;299.9805;0.0004;4359;6583;72096;720;2;0;200;718
3;CPLEX-CP-T;cplex-cp;cp-t;epsilon;0.05;instance_40_25_5_36;TIMEOUT_FEASIBLE;299.9997;0.0083;299.9813;0.0001;4709;7281;1065;751;0;0;200;751
3;CPLEX-CP-T;cplex-cp;cp-t;epsilon;0.05;instance_40_25_5_37;TIMEOUT_FEASIBLE;300.0004;0.0079;299.9817;0.0001;4637;7139;50683;718;0;0;200;718
3;CPLEX-CP-T;cplex-cp;cp-t;epsilon;0.05;instance_40_25_5_38;TIMEOUT_FEASIBLE;299.9999;0.0075;299.9815;0.0001;4328;6520;46925;710;1;2;200;707
3;CPLEX-CP-T;cplex-cp;cp-t;epsilon;0.05;instance_40_25_5_39;TIMEOUT_FEASIBLE;300.0095;0.0076;299.9899;0.0001;4448;6762;265098;712;2;6;200;704
3;CPLEX-CP-T;cplex-cp;cp-t;epsilon;0.05;instance_40_25_5_4;TIMEOUT_FEASIBLE;299.9996;0.0079;299.9814;0.0001;4522;6909;55224;744;0;0;200;744
3;CPLEX-CP-T;cplex-cp;cp-t;epsilon;0.05;instance_40_25_5_40;TIMEOUT_FEASIBLE;300.0100;0.0078;299.9924;0.0001;4717;7298;402;737;0;0;200;737
3;CPLEX-CP-T;cplex-cp;cp-t;epsilon;0.05;instance_40_25_5_41;TIMEOUT_FEASIBLE;300.0093;0.0078;299.9906;0.0001;4330;6525;43971;735;0;1;200;734
3;CPLEX-CP-T;cplex-cp;cp-t;epsilon;0.05;instance_40_25_5_42;TIMEOUT_FEASIBLE;299.9988;0.0077;299.9813;0.0001;4543;6948;43314;710;0;0;200;710
3;CPLEX-CP-T;cplex-cp;cp-t;epsilon;0.05;instance_40_25_5_43;TIMEOUT_FEASIBLE;300.0098;0.0044;299.9983;0.0001;4299;6460;6540600;775;41;9;200;725
3;CPLEX-CP-T;cplex-cp;cp-t;epsilon;0.05;instance_40_25_5_44;TIMEOUT_FEASIBLE;300.0104;0.0080;299.9927;0.0001;4516;6898;1165;747;0;0;200;747
3;CPLEX-CP-T;cplex-cp;cp-t;epsilon;0.05;instance_40_25_5_45;TIMEOUT_FEASIBLE;300.0097;0.0080;299.9909;0.0001;4617;7099;53135;676;0;2;200;674
3;CPLEX-CP-T;cplex-cp;cp-t;epsilon;0.05;instance_40_25_5_46;INFEASIBLE;0.0016;0.0002;0.0000;0.0000;1200;32;0;;;;;
3;CPLEX-CP-T;cplex-cp;cp-t;epsilon;0.05;instance_40_25_5_47;TIMEOUT_FEASIBLE;300.0123;0.0079;299.9941;0.0001;4400;6664;52298;749;0;0;200;749
3;CPLEX-CP-T;cplex-cp;cp-t;epsilon;0.05;instance_40_25_5_48;TIMEOUT_FEASIBLE;299.9992;0.0082;299.9807;0.0001;4646;7156;398;731;0;0;200;731
3;CPLEX-CP-T;cplex-cp;cp-t;epsilon;0.05;instance_40_25_5_49;TIMEOUT_FEASIBLE;300.0110;0.0044;299.9987;0.0001;4459;6783;4928855;737;27;0;200;710
3;CPLEX-CP-T;cplex-cp;cp-t;epsilon;0.05;instance_40_25_5_5;TIMEOUT_FEASIBLE;300.0009;0.0078;299.9818;0.0001;4537;6938;363;748;4;0;200;744
3;CPLEX-CP-T;cplex-cp;cp-t;epsilon;0.05;instance_40_25_5_50;TIMEOUT_FEASIBLE;300.0009;0.0078;299.9821;0.0001;4324;6513;435;752;2;0;200;750
3;CPLEX-CP-T;cplex-cp;cp-t;epsilon;0.05;instance_40_25_5_6;TIMEOUT_FEASIBLE;300.0099;0.0079;299.9920;0.0001;4451;6765;58141;733;0;0;200;733
3;CPLEX-CP-T;cplex-cp;cp-t;epsilon;0.05;instance_40_25_5_7;TIMEOUT_FEASIBLE;300.0009;0.0077;299.9823;0.0001;4403;6671;392;747;0;0;200;747
3;CPLEX-CP-T;cplex-cp;cp-t;epsilon;0.05;instance_40_25_5_8;TIMEOUT_FEASIBLE;300.0008;0.0079;299.9825;0.0001;4602;7070;354;737;0;0;200;737
3;CPLEX-CP-T;cplex-cp;cp-t;epsilon;0.05;instance_40_25_5_9;TIMEOUT_FEASIBLE;300.0110;0.0080;299.9927;0.0001;4632;7130;754;741;0;0;200;741
4;CPLEX-CP-I;cplex-cp;cp-i;epsilon;0.05;instance_30_15_4_1;TIMEOUT_FEASIBLE;300.0006;0.0058;299.9897;0.0001;1430;2153;170;430;0;0;120;430
4;CPLEX-CP-I;cplex-cp;cp-i;epsilon;0.05;instance_30_15_4_10;TIMEOUT_FEASIBLE;300.0105;0.0051;300.0010;0.0001;1268;1920;176;407;0;0;120;407
4;CPLEX-CP-I;cplex-cp;cp-i;epsilon;0.05;instance_30_15_4_11;TIMEOUT_FEASIBLE;300.0007;0.0045;299.9920;0.0001;1088;1621;64385;396;0;5;120;391
4;CPLEX-CP-I;cplex-cp;cp-i;epsilon;0.05;instance_30_15_4_12;TIMEOUT_FEASIBLE;300.0000;0.0050;299.9907;0.0001;1181;1781;12380;422;0;4;120;418
4;CPLEX-CP-I;cplex-cp;cp-i;epsilon;0.05;instance_30_15_4_13;TIMEOUT_FEASIBLE;299.9996;0.0042;299.9915;0.0001;976;1461;158;370;3;0;120;367
4;CPLEX-CP-I;cplex-cp;cp-i;epsilon;0.05;instance_30_15_4_14;TIMEOUT_FEASIBLE;300.0016;0.0054;299.9916;0.0001;1339;2042;12124;404;3;0;120;401
4;CPLEX-CP-I;cplex-cp;cp-i;epsilon;0.05;instance_30_15_4_15;TIMEOUT_FEASIBLE;300.0027;0.0055;299.9925;0.0001;1372;2057;13664;430;0;0;120;430
4;CPLEX-CP-I;cplex-cp;cp-i;epsilon;0.05;instance_30_15_4_16;TIMEOUT_FEASIBLE;299.9978;0.0047;299.9890;0.0001;1050;1624;17140;383;0;0;120;383
4;CPLEX-CP-I;cplex-cp;cp-i;epsilon;0.05;instance_30_15_4_17;TIMEOUT_FEASIBLE;300.0002;0.0052;299.9906;0.0001;1219;1858;9196;407;0;0;120;407
4;CPLEX-CP-I;cplex-cp;cp-i;epsilon;0.05;instance_30_15_4_18;TIMEOUT_FEASIBLE;300.0011;0.0061;299.9899;0.0001;1553;2311;13216;440;0;0;120;440
4;CPLEX-CP-I;cplex-cp;cp-i;epsilon;0.05;instance_30_15_4_19;TIMEOUT_FEASIBLE;299.9993;0.0046;299.9906;0.0001;1088;1637;3536;404;3;0;120;401
4;CPLEX-CP-I;cplex-cp;cp-i;epsilon;0.05;instance_30_15_4_2;TIMEOUT_FEASIBLE;300.0007;0.0042;299.9926;0.0001;977;1505;31264;361;0;8;120;353
4;CPLEX-CP-I;cplex-cp;cp-i;epsilon;0.05;instance_30_15_4_20;TIMEOUT_FEASIBLE;300.0107;0.0048;300.0016;0.0001;1095;1678;8530;413;0;0;120;413
4;CPLEX-CP-I;cplex-cp;cp-i;epsilon;0.05;instance_30_15_4_21;INFEASIBLE;0.0013;0.0001;0.0000;0.0000;19;18;0;;;;;
4;CPLEX-CP-I;cplex-cp;cp-i;epsilon;0.05;instance_30_15_4_22;TIMEOUT_FEASIBLE;300.0039;0.0049;299.9948;0.0001;1170;1765;160;415;1;0;120;414
4;CPLEX-CP-I;cplex-cp;cp-i;epsilon;0.05;instance_30_15_4_23;TIMEOUT_FEASIBLE;300.0009;0.0056;299.9905;0.0001;1385;2084;167;423;0;0;120;423
4;CPLEX-CP-I;cplex-cp;cp-i;epsilon;0.05;instance_30_15_4_24;TIMEOUT_FEASIBLE;300.0101;0.0054;299.9999;0.0001;1423;2140;4285;428;0;0;120;428
4;CPLEX-CP-I;cplex-cp;cp-i;epsilon;0.05;instance_30_15_4_25;TIMEOUT_FEASIBLE;300.0004;0.0040;299.9923;0.0001;1015;1549;17715;391;0;0;120;391
4;CPLEX-CP-I;cplex-cp;cp-i;epsilon;0.05;instance_30_15_4_26;TIMEOUT_FEASIBLE;300.0015;0.0054;299.9916;0.0001;1331;1999;15111;421;0;0;120;421
4;CPLEX-CP-I;cplex-cp;cp-i;epsilon;0.05;instance_30_15_4_27;TIMEOUT_FEASIBLE;300.0018;0.0055;299.9917;0.0001;1240;1895;23778;396;0;0;120;396
4;CPLEX-CP-I;cplex-cp;cp-i;epsilon;0.05;instance_30_15_4_28;TIMEOUT_FEASIBLE;300.0026;0.0053;299.9926;0.0001;1341;2027;13678;409;1;0;120;408
4;CPLEX-CP-I;cplex-cp;cp-i;epsilon;0.05;instance_30_15_4_29;TIMEOUT_FEASIBLE;300.0070;0.0041;299.9991;0.0001;925;1407;16459;390;0;0;120;390
4;CPLEX-CP-I;cplex-cp;cp-i;epsilon;0.05;instance_30_15_4_3;TIMEOUT_FEASIBLE;300.0044;0.0056;299.9940;0.0001;1401;2126;7457;421;0;0;120;421
4;CPLEX-CP-I;cplex-cp;cp-i;epsilon;0.05;instance_30_15_4_30;TIMEOUT_FEASIBLE;299.9982;0.0056;299.9879;0.0001;1411;2129;21288;423;0;0;120;423
4;CPLEX-CP-I;cplex-cp;cp-i;epsilon;0.05;instance_30_15_4_31;TIMEOUT_FEASIBLE;300.0019;0.0053;299.9919;0.0001;1389;2057;195;401;0;0;120;401
4;CPLEX-CP-I;cplex-cp;cp-i;epsilon;0.05;instance_30_15_4_32;TIMEOUT_FEASIBLE;300.0094;0.0050;299.9999;0.0001;1246;1854;20090;371;0;0;120;371
4;CPLEX-CP-I;cplex-cp;cp-i;epsilon;0.05;instance_30_15_4_33;TIMEOUT_FEASIBLE;300.0007;0.0058;299.9898;0.0001;1359;2036;75122;418;0;0;120;418
4;CPLEX-CP-I;cplex-cp;cp-i;epsilon;0.05;instance_30_15_4_34;TIMEOUT_FEASIBLE;300.0000;0.0057;299.9895;0.0001;1356;2048;10741;384;0;0;120;384
4;CPLEX-CP-I;cplex-cp;cp-i;epsilon;0.05;instance_30_15_4_35;INFEASIBLE;0.0023;0.0011;0.0000;0.0000;405;404;0;;;;;
4;CPLEX-CP-I;cplex-cp;cp-i;epsilon;0.05;instance_30_15_4_36;TIMEOUT_FEASIBLE;300.0046;0.0050;299.9950;0.0001;1301;1935;180;417;0;0;120;417
4;CPLEX-CP-I;cplex-cp;cp-i;epsilon;0.05;instance_30_15_4_37;TIMEOUT_FEASIBLE;300.0008;0.0053;299.9907;0.0001;1286;1980;42000;412;0;0;120;412
4;CPLEX-CP-I;cplex-cp;cp-i;epsilon;0.05;instance_30_15_4_38;TIMEOUT_FEASIBLE;300.0005;0.0055;299.9901;0.0001;1246;1906;109422;386;0;1;120;385
4;CPLEX-CP-I;cplex-cp;cp-i;epsilon;0.05;instance_30_15_4_39;TIMEOUT_FEASIBLE;300.0006;0.0055;299.9904;0.0001;1398;2093;7848;428;0;0;120;428
4;CPLEX-CP-I;cplex-cp;cp-i;epsilon;0.05;instance_30_15_4_4;TIMEOUT_FEASIBLE;300.0106;0.0068;299.9986;0.0001;1583;2422;6848;435;0;0;120;435
4;CPLEX-CP-I;cplex-cp;cp-i;epsilon;0.05;instance_30_15_4_40;TIMEOUT_FEASIBLE;299.9997;0.0058;299.9892;0.0001;1316;2005;173;428;0;0;120;428
4;CPLEX-CP-I;cplex-cp;cp-i;epsilon;0.05;instance_30_15_4_41;TIMEOUT_FEASIBLE;300.0014;0.0066;299.9893;0.0001;1630;2408;218;422;0;0;120;422
4;CPLEX-CP-I;cplex-cp;cp-i;epsilon;0.05;instance_30_15_4_42;TIMEOUT_FEASIBLE;300.0096;0.0063;299.9978;0.0001;1445;2156;74131;421;0;0;120;421
4;CPLEX-CP-I;cplex-cp;cp-i;epsilon;0.05;instance_30_15_4_43;TIMEOUT_FEASIBLE;300.0006;0.0055;299.9904;0.0001;1270;1891;56252;410;0;10;120;400
4;CPLEX-CP-I;cplex-cp;cp-i;epsilon;0.05;instance_30_15_4_44;INFEASIBLE;0.0013;0.0002;0.0000;0.0000;48;47;0;;;;;
4;CPLEX-CP-I;cplex-cp;cp-i;epsilon;0.05;instance_30_15_4_45;TIMEOUT_FEASIBLE;300.0051;0.0060;299.9943;0.0001;1447;2172;4457;407;0;0;120;407
4;CPLEX-CP-I;cplex-cp;cp-i;epsilon;0.05;instance_30_15_4_46;TIMEOUT_FEASIBLE;300.0101;0.0058;299.9994;0.0001;1482;2227;5190;433;0;0;120;433
4;CPLEX-CP-I;cplex-cp;cp-i;epsilon;0.05;instance_30_15_4_47;TIMEOUT_FEASIBLE;300.0016;0.0051;299.9916;0.0001;1230;1894;3070644;414;2;0;120;412
4;CPLEX-CP-I;cplex-cp;cp-i;epsilon;0.05;instance_30_15_4_48;TIMEOUT_FEASIBLE;300.0201;0.0052;300.0104;0.0001;1250;1889;9869;416;0;1;120;415
4;CPLEX-CP-I;cplex-cp;cp-i;epsilon;0.05;instance_30_15_4_49;TIMEOUT_FEASIBLE;300.0191;0.0048;300.0099;0.0001;1242;1852;181;420;1;0;120;419
4;CPLEX-CP-I;cplex-cp;cp-i;epsilon;0.05;instance_30_15_4_5;TIMEOUT_FEASIBLE;300.0003;0.0050;299.9908;0.0001;1163;1743;19228;410;3;0;120;407
4;CPLEX-CP-I;cplex-cp;cp-i;epsilon;0.05;instance_30_15_4_50;TIMEOUT_FEASIBLE;300.0004;0.0044;299.9919;0.0001;1018;1538;4574;395;7;0;120;388
4;CPLEX-CP-I;cplex-cp;cp-i;epsilon;0.05;instance_30_15_4_6;TIMEOUT_FEASIBLE;300.0016;0.0047;299.9926;0.0001;1157;1769;153;424;0;0;120;424
4;CPLEX-CP-I;cplex-cp;cp-i;epsilon;0.05;instance_30_15_4_7;INFEASIBLE;0.0020;0.0009;0.0000;0.0000;366;365;0;;;;;
4;CPLEX-CP-I;cplex-cp;cp-i;epsilon;0.05;instance_30_15_4_8;INFEASIBLE;0.0012;0.0001;0.0000;0.0000;31;30;0;;;;;
4;CPLEX-CP-I;cplex-cp;cp-i;epsilon;0.05;instance_30_15_4_9;TIMEOUT_FEASIBLE;300.0053;0.0046;299.9967;0.0001;1054;1603;12465;390;2;1;120;387
4;CPLEX-CP-I;cplex-cp;cp-i;epsilon;0.05;instance_40_25_5_1;TIMEOUT_FEASIBLE;300.0041;0.0144;299.9814;0.0001;2924;4256;371;744;0;0;200;744
4;CPLEX-CP-I;cplex-cp;cp-i;epsilon;0.05;instance_40_25_5_10;TIMEOUT_FEASIBLE;300.0009;0.0158;299.9755;0.0001;3577;5138;421;739;0;0;200;739
4;CPLEX-CP-I;cplex-cp;cp-i;epsilon;0.05;instance_40_25_5_11;TIMEOUT_FEASIBLE;300.0086;0.0147;299.9851;0.0001;3242;4737;410;745;0;0;200;745
4;CPLEX-CP-I;cplex-cp;cp-i;epsilon;0.05;instance_40_25_5_12;TIMEOUT_FEASIBLE;300.0075;0.0137;299.9848;0.0001;3081;4452;406;746;0;0;200;746
4;CPLEX-CP-I;cplex-cp;cp-i;epsilon;0.05;instance_40_25_5_13;TIMEOUT_FEASIBLE;299.9994;0.0145;299.9758;0.0001;3307;4840;383;748;0;2;200;746
4;CPLEX-CP-I;cplex-cp;cp-i;epsilon;0.05;instance_40_25_5_14;TIMEOUT_FEASIBLE;300.0094;0.0161;299.9834;0.0001;3615;5299;22692;743;0;0;200;743
4;CPLEX-CP-I;cplex-cp;cp-i;epsilon;0.05;instance_40_25_5_15;TIMEOUT_FEASIBLE;300.0080;0.0147;299.9835;0.0001;3045;4478;24084;686;0;1;200;685
4;CPLEX-CP-I;cplex-cp;cp-i;epsilon;0.05;instance_40_25_5_16;TIMEOUT_FEASIBLE;300.0086;0.0137;299.9863;0.0001;2949;4329;22977;727;1;1;200;725
4;CPLEX-CP-I;cplex-cp;cp-i;epsilon;0.05;instance_40_25_5_17;TIMEOUT_FEASIBLE;300.0098;0.0149;299.9855;0.0002;3083;4481;47556;718;0;0;200;718
4;CPLEX-CP-I;cplex-cp;cp-i;epsilon;0.05;instance_40_25_5_18;TIMEOUT_FEASIBLE;300.0086;0.0151;299.9843;0.0001;3222;4692;22490;747;0;0;200;747
4;CPLEX-CP-I;cplex-cp;cp-i;epsilon;0.05;instance_40_25_5_19;TIMEOUT_FEASIBLE;300.0075;0.0121;299.9878;0.0001;2449;3616;57243;708;1;1;200;706
4;CPLEX-CP-I;cplex-cp;cp-i;epsilon;0.05;instance_40_25_5_2;TIMEOUT_FEASIBLE;300.0599;0.0138;300.0373;0.0001;3080;4461;21878;743;0;0;200;743
4;CPLEX-CP-I;cplex-cp;cp-i;epsilon;0.05;instance_40_25_5_20;TIMEOUT_FEASIBLE;300.0179;0.0149;299.9937;0.0001;3091;4401;28079;734;0;16;200;718
4;CPLEX-CP-I;cplex-cp;cp-i;epsilon;0.05;instance_40_25_5_21;TIMEOUT_FEASIBLE;300.0101;0.0152;299.9856;0.0001;3280;4778;12304;722;0;0;200;722
4;CPLEX-CP-I;cplex-cp;cp-i;epsilon;0.05;instance_40_25_5_22;TIMEOUT_FEASIBLE;300.0066;0.0135;299.9843;0.0001;2721;4000;85416;733;1;3;200;729
4;CPLEX-CP-I;cplex-cp;cp-i;epsilon;0.05;instance_40_25_5_23;TIMEOUT_FEASIBLE;300.0110;0.0168;299.9839;0.0001;3154;4543;30897;734;0;0;200;734
4;CPLEX-CP-I;cplex-cp;cp-i;epsilon;0.05;instance_40_25_5_24;TIMEOUT_FEASIBLE;300.0064;0.0129;299.9848;0.0001;2599;3824;134641;715;1;0;200;714
4;CPLEX-CP-I;cplex-cp;cp-i;epsilon;0.05;instance_40_25_5_25;TIMEOUT_FEASIBLE;299.9988;0.0120;299.9795;0.0001;2636;3871;7146;731;2;0;200;729
4;CPLEX-CP-I;cplex-cp;cp-i;epsilon;0.05;instance_40_25_5_26;TIMEOUT_FEASIBLE;300.0010;0.0144;299.9776;0.0001;3262;4762;407;740;0;0;200;740
4;CPLEX-CP-I;cplex-cp;cp-i;epsilon;0.05;instance_40_25_5_27;TIMEOUT_FEASIBLE;299.9973;0.0125;299.9764;0.0001;2621;3848;110478;718;3;0;200;715
4;CPLEX-CP-I;cplex-cp;cp-i;epsilon;0.05;instance_40_25_5_28;TIMEOUT_FEASIBLE;299.9990;0.0090;299.9847;0.0001;3173;4676;2792383;752;44;0;200;708
4;CPLEX-CP-I;cplex-cp;cp-i;epsilon;0.05;instance_40_25_5_29;TIMEOUT_FEASIBLE;299.9992;0.0125;299.9790;0.0001;2759;4047;35273;721;3;3;200;715
4;CPLEX-CP-I;cplex-cp;cp-i;epsilon;0.05;instance_40_25_5_3;TIMEOUT_FEASIBLE;299.9995;0.0091;299.9851;0.0001;3073;4500;2378150;734;39;0;200;695
4;CPLEX-CP-I;cplex-cp;cp-i;epsilon;0.05;instance_40_25_5_30;TIMEOUT_FEASIBLE;300.0016;0.0155;299.9768;0.0001;3553;5143;466;734;0;0;200;734
4;CPLEX-CP-I;cplex-cp;cp-i;epsilon;0.05;instance_40_25_5_31;TIMEOUT_FEASIBLE;300.0090;0.0157;299.9837;0.0001;3431;4979;369;752;0;0;200;752
4;CPLEX-CP-I;cplex-cp;cp-i;epsilon;0.05;instance_40_25_5_32;TIMEOUT_FEASIBLE;300.0074;0.0143;299.9832;0.0001;3251;4793;70419;688;4;0;200;684
4;CPLEX-CP-I;cplex-cp;cp-i;epsilon;0.05;instance_40_25_5_33;TIMEOUT_FEASIBLE;300.0085;0.0126;299.9875;0.0001;2591;3776;52115;738;0;3;200;735
4;CPLEX-CP-I;cplex-cp;cp-i;epsilon;0.05;instance_40_25_5_34;TIMEOUT_FEASIBLE;300.0103;0.0154;299.9845;0.0002;3117;4480;192118;734;0;0;200;734
4;CPLEX-CP-I;cplex-cp;cp-i;epsilon;0.05;instance_40_25_5_35;TIMEOUT_FEASIBLE;300.0089;0.0148;299.9850;0.0001;3116;4531;23469;720;0;0;200;720
4;CPLEX-CP-I;cplex-cp;cp-i;epsilon;0.05;instance_40_25_5_36;TIMEOUT_FEASIBLE;300.0088;0.0152;299.9843;0.0001;3286;4821;8317;751;0;0;200;751
4;CPLEX-CP-I;cplex-cp;cp-i;epsilon;0.05;instance_40_25_5_37;TIMEOUT_FEASIBLE;300.0084;0.0142;299.9851;0.0001;3151;4633;27964;718;0;0;200;718
4;CPLEX-CP-I;cplex-cp;cp-i;epsilon;0.05;instance_40_25_5_38;TIMEOUT_FEASIBLE;300.0091;0.0129;299.9877;0.0001;2820;4116;52885;707;0;0;200;707
4;CPLEX-CP-I;cplex-cp;cp-i;epsilon;0.05;instance_40_25_5_39;TIMEOUT_FEASIBLE;300.0066;0.0135;299.9844;0.0001;2563;3767;167023;712;1;4;200;707
4;CPLEX-CP-I;cplex-cp;cp-i;epsilon;0.05;instance_40_25_5_4;TIMEOUT_FEASIBLE;300.0102;0.0140;299.9871;0.0001;3083;4491;41713;744;0;0;200;744
4;CPLEX-CP-I;cplex-cp;cp-i;epsilon;0.05;instance_40_25_5_40;TIMEOUT_FEASIBLE;300.0087;0.0143;299.9860;0.0001;3076;4533;11623;737;0;0;200;737
4;CPLEX-CP-I;cplex-cp;cp-i;epsilon;0.05;instance_40_25_5_41;TIMEOUT_FEASIBLE;299.9991;0.0151;299.9749;0.0001;3241;4682;422;733;0;1;200;732
4;CPLEX-CP-I;cplex-cp;cp-i;epsilon;0.05;instance_40_25_5_42;TIMEOUT_FEASIBLE;299.9976;0.0132;299.9757;0.0001;2735;4071;55069;710;0;1;200;709
4;CPLEX-CP-I;cplex-cp;cp-i;epsilon;0.05;instance_40_25_5_43;TIMEOUT_FEASIBLE;300.0081;0.0086;299.9944;0.0001;2839;4125;6995518;775;33;4;200;738
4;CPLEX-CP-I;cplex-cp;cp-i;epsilon;0.05;instance_40_25_5_44;TIMEOUT_FEASIBLE;300.0171;0.0156;299.9911;0.0001;3287;4819;32682;747;0;0;200;747
4;CPLEX-CP-I;cplex-cp;cp-i;epsilon;0.05;instance_40_25_5_45;TIMEOUT_FEASIBLE;300.0027;0.0164;299.9759;0.0001;3187;4693;24535;676;0;0;200;676
4;CPLEX-CP-I;cplex-cp;cp-i;epsilon;0.05;instance_40_25_5_46;INFEASIBLE;0.0023;0.0009;0.0000;0.0000;317;316;0;;;;;
4;CPLEX-CP-I;cplex-cp;cp-i;epsilon;0.05;instance_40_25_5_47;TIMEOUT_FEASIBLE;300.0108;0.0162;299.9844;0.0002;3472;5028;29082;746;0;0;200;746
4;CPLEX-CP-I;cplex-cp;cp-i;epsilon;0.05;instance_40_25_5_48;TIMEOUT_FEASIBLE;300.0092;0.0155;299.9839;0.0002;3247;4793;19739;732;0;2;200;730
4;CPLEX-CP-I;cplex-cp;cp-i;epsilon;0.05;instance_40_25_5_49;TIMEOUT_FEASIBLE;300.0054;0.0085;299.9919;0.0001;2951;4331;10465938;737;44;0;200;693
4;CPLEX-CP-I;cplex-cp;cp-i;epsilon;0.05;instance_40_25_5_5;TIMEOUT_FEASIBLE;300.0123;0.0139;299.9893;0.0002;3263;4745;13516;748;0;0;200;748
4;CPLEX-CP-I;cplex-cp;cp-i;epsilon;0.05;instance_40_25_5_50;TIMEOUT_FEASIBLE;300.0656;0.0152;300.0403;0.0001;3408;4851;20249;752;1;1;200;750
4;CPLEX-CP-I;cplex-cp;cp-i;epsilon;0.05;instance_40_25_5_6;TIMEOUT_FEASIBLE;300.0126;0.0163;299.9857;0.0001;3371;4895;47257;733;0;0;200;733
4;CPLEX-CP-I;cplex-cp;cp-i;epsilon;0.05;instance_40_25_5_7;TIMEOUT_FEASIBLE;299.9992;0.0158;299.9736;0.0001;3454;4982;452;746;0;0;200;746
4;CPLEX-CP-I;cplex-cp;cp-i;epsilon;0.05;instance_40_25_5_8;TIMEOUT_FEASIBLE;300.0069;0.0140;299.9845;0.0001;3015;4436;385;734;0;0;200;734
4;CPLEX-CP-I;cplex-cp;cp-i;epsilon;0.05;instance_40_25_5_9;TIMEOUT_FEASIBLE;300.0005;0.0154;299.9745;0.0001;3326;4872;26093;742;0;0;200;742
1;GUROBI-MIP;gurobi-mip;mip-e;epsilon;0.10;instance_30_15_4_1;OPTIMUM;0.4322;0.0184;0.1661;0.0002;3371;3079;1;438;0;0;120;438
1;GUROBI-MIP;gurobi-mip;mip-e;epsilon;0.10;instance_30_15_4_10;OPTIMUM;0.1526;0.0163;0.1333;0.0002;2858;2791;1;410;0;0;120;410
1;GUROBI-MIP;gurobi-mip;mip-e;epsilon;0.10;instance_30_15_4_11;OPTIMUM;0.1629;0.0144;0.1457;0.0002;2559;2447;1;406;0;0;120;406
1;GUROBI-MIP;gurobi-mip;mip-e;epsilon;0.10;instance_30_15_4_12;OPTIMUM;0.1816;0.0158;0.1628;0.0002;2802;2664;1;439;0;0;120;439
1;GUROBI-MIP;gurobi-mip;mip-e;epsilon;0.10;instance_30_15_4_13;OPTIMUM;0.1434;0.0130;0.1277;0.0002;2204;2192;1;386;3;0;120;383
1;GUROBI-MIP;gurobi-mip;mip-e;epsilon;0.10;instance_30_15_4_14;OPTIMUM;0.1732;0.0170;0.1530;0.0002;3089;2948;1;389;0;0;120;389
1;GUROBI-MIP;gurobi-mip;mip-e;epsilon;0.10;instance_30_15_4_15;OPTIMUM;0.2060;0.0180;0.1848;0.0002;3341;3041;1;446;0;0;120;446
1;GUROBI-MIP;gurobi-mip;mip-e;epsilon;0.10;instance_30_15_4_16;OPTIMUM;0.1080;0.0134;0.0919;0.0002;2300;2344;1;398;0;0;120;398
1;GUROBI-MIP;gurobi-mip;mip-e;epsilon;0.10;instance_30_15_4_17;OPTIMUM;0.1395;0.0161;0.1204;0.0002;2875;2724;1;417;0;0;120;417
1;GUROBI-MIP;gurobi-mip;mip-e;epsilon;0.10;instance_30_15_4_18;OPTIMUM;0.2007;0.0206;0.1766;0.0002;3959;3386;1;448;0;0;120;448
1;GUROBI-MIP;gurobi-mip;mip-e;epsilon;0.10;instance_30_15_4_19;OPTIMUM;0.1364;0.0151;0.1184;0.0002;2623;2494;1;392;1;0;120;391
1;GUROBI-MIP;gurobi-mip;mip-e;epsilon;0.10;instance_30_15_4_2;OPTIMUM;0.1160;0.0127;0.1008;0.0002;2165;2208;1;369;0;0;120;369
1;GUROBI-MIP;gurobi-mip;mip-e;epsilon;0.10;instance_30_15_4_20;OPTIMUM;0.1236;0.0142;0.1065;0.0002;2444;2469;1;420;0;0;120;420
1;GUROBI-MIP;gurobi-mip;mip-e;epsilon;0.10;instance_30_15_4_21;INFEASIBLE;0.0060;0.0030;0.0015;0.0000;1837;1922;0;;;;;
1;GUROBI-MIP;gurobi-mip;mip-e;epsilon;0.10;instance_30_15_4_22;OPTIMUM;0.1457;0.0154;0.1275;0.0002;2720;2647;1;413;0;0;120;413
1;GUROBI-MIP;gurobi-mip;mip-e;epsilon;0.10;instance_30_15_4_23;OPTIMUM;0.1873;0.0180;0.1661;0.0002;3361;3073;1;427;0;0;120;427
1;GUROBI-MIP;gurobi-mip;mip-e;epsilon;0.10;instance_30_15_4_24;OPTIMUM;0.1877;0.0181;0.1665;0.0002;3343;3066;1;444;0;0;120;444
1;GUROBI-MIP;gurobi-mip;mip-e;epsilon;0.10;instance_30_15_4_25;OPTIMUM;0.1167;0.0135;0.1005;0.0002;2287;2294;1;402;0;0;120;402
1;GUROBI-MIP;gurobi-mip;mip-e;epsilon;0.10;instance_30_15_4_26;OPTIMUM;0.1743;0.0169;0.1544;0.0002;3064;2888;1;436;0;0;120;436
1;GUROBI-MIP;gurobi-mip;mip-e;epsilon;0.10;instance_30_15_4_27;OPTIMUM;0.1571;0.0160;0.1382;0.0002;2917;2741;1;407;0;0;120;407
1;GUROBI-MIP;gurobi-mip;mip-e;epsilon;0.10;instance_30_15_4_28;OPTIMUM;0.1719;0.0170;0.1519;0.0002;3117;2956;1;410;0;0;120;410
1;GUROBI-MIP;gurobi-mip;mip-e;epsilon;0.10;instance_30_15_4_29;OPTIMUM;0.1054;0.0124;0.0906;0.0002;2095;2159;1;399;0;0;120;399
1;GUROBI-MIP;gurobi-mip;mip-e;epsilon;0.10;instance_30_15_4_3;OPTIMUM;0.1801;0.0182;0.1586;0.0002;3366;3038;1;431;0;0;120;431
1;GUROBI-MIP;gurobi-mip;mip-e;epsilon;0.10;instance_30_15_4_30;OPTIMUM;0.1834;0.0180;0.1622;0.0002;3307;3074;1;435;0;0;120;435
1;GUROBI-MIP;gurobi-mip;mip-e;epsilon;0.10;instance_30_15_4_31;OPTIMUM;0.1858;0.0183;0.1643;0.0002;3331;3021;1;407;0;0;120;407
1;GUROBI-MIP;gurobi-mip;mip-e;epsilon;0.10;instance_30_15_4_32;OPTIMUM;0.1707;0.0170;0.1506;0.0002;3155;2791;1;382;0;0;120;382
1;GUROBI-MIP;gurobi-mip;mip-e;epsilon;0.10;instance_30_15_4_33;OPTIMUM;0.1757;0.0176;0.1548;0.0002;3223;2979;1;429;0;0;120;429
1;GUROBI-MIP;gurobi-mip;mip-e;epsilon;0.10;instance_30_15_4_34;OPTIMUM;0.1711;0.0177;0.1503;0.0002;3322;2990;1;396;0;0;120;396
1;GUROBI-MIP;gurobi-mip;mip-e;epsilon;0.10;instance_30_15_4_35;INFEASIBLE;0.0076;0.0042;0.0019;0.0000;2706;2659;0;;;;;
1;GUROBI-MIP;gurobi-mip;mip-e;epsilon;0.10;instance_30_15_4_36;OPTIMUM;0.1723;0.0174;0.1517;0.0002;3184;2947;1;427;0;0;120;427
1;GUROBI-MIP;gurobi-mip;mip-e;epsilon;0.10;instance_30_15_4_37;OPTIMUM;0.1461;0.0160;0.1271;0.0002;2865;2755;1;420;0;0;120;420
1;GUROBI-MIP;gurobi-mip;mip-e;epsilon;0.10;instance_30_15_4_38;OPTIMUM;0.1572;0.0161;0.1381;0.0002;2845;2745;1;402;0;0;120;402
1;GUROBI-MIP;gurobi-mip;mip-e;epsilon;0.10;instance_30_15_4_39;OPTIMUM;0.1864;0.0180;0.1653;0.0002;3288;3013;1;437;0;0;120;437
1;GUROBI-MIP;gurobi-mip;mip-e;epsilon;0.10;instance_30_15_4_4;OPTIMUM;0.2002;0.0196;0.1772;0.0002;3686;3374;1;450;0;0;120;450
1;GUROBI-MIP;gurobi-mip;mip-e;epsilon;0.10;instance_30_15_4_40;OPTIMUM;0.1639;0.0172;0.1435;0.0002;3126;2946;1;450;0;0;120;450
1;GUROBI-MIP;gurobi-mip;mip-e;epsilon;0.10;instance_30_15_4_41;OPTIMUM;0.2430;0.0219;0.2173;0.0002;4145;3586;1;443;0;0;120;443
1;GUROBI-MIP;gurobi-mip;mip-e;epsilon;0.10;instance_30_15_4_42;OPTIMUM;0.2137;0.0183;0.1923;0.0002;3363;3102;1;432;0;0;120;432
1;GUROBI-MIP;gurobi-mip;mip-e;epsilon;0.10;instance_30_15_4_43;OPTIMUM;0.1758;0.0169;0.1559;0.0002;3163;2828;1;411;0;0;120;411
1;GUROBI-MIP;gurobi-mip;mip-e;epsilon;0.10;instance_30_15_4_44;INFEASIBLE;0.0079;0.0043;0.0020;0.0000;2881;2803;0;;;;;
1;GUROBI-MIP;gurobi-mip;mip-e;epsilon;0.10;instance_30_15_4_45;OPTIMUM;0.1951;0.0191;0.1726;0.0002;3586;3190;1;416;0;0;120;416
1;GUROBI-MIP;gurobi-mip;mip-e;epsilon;0.10;instance_30_15_4_46;OPTIMUM;0.1908;0.0194;0.1681;0.0002;3478;3213;1;446;0;0;120;446
1;GUROBI-MIP;gurobi-mip;mip-e;epsilon;0.10;instance_30_15_4_47;OPTIMUM;0.1646;0.0156;0.1461;0.0002;2811;2697;1;418;1;0;120;417
1;GUROBI-MIP;gurobi-mip;mip-e;epsilon;0.10;instance_30_15_4_48;OPTIMUM;0.1507;0.0162;0.1314;0.0002;2913;2779;1;430;0;0;120;430
1;GUROBI-MIP;gurobi-mip;mip-e;epsilon;0.10;instance_30_15_4_49;OPTIMUM;0.1634;0.0165;0.1439;0.0002;2912;2738;1;421;0;0;120;421
1;GUROBI-MIP;gurobi-mip;mip-e;epsilon;0.10;instance_30_15_4_5;OPTIMUM;0.1558;0.0155;0.1374;0.0002;2772;2611;1;401;1;0;120;400
1;GUROBI-MIP;gurobi-mip;mip-e;epsilon;0.10;instance_30_15_4_50;OPTIMUM;0.1191;0.0133;0.1032;0.0002;2294;2254;1;403;7;0;120;396
1;GUROBI-MIP;gurobi-mip;mip-e;epsilon;0.10;instance_30_15_4_6;OPTIMUM;0.1455;0.0148;0.1279;0.0002;2621;2606;1;436;0;0;120;436
1;GUROBI-MIP;gurobi-mip;mip-e;epsilon;0.10;instance_30_15_4_7;INFEASIBLE;0.0091;0.0053;0.0022;0.0000;3567;3241;0;;;;;
1;GUROBI-MIP;gurobi-mip;mip-e;epsilon;0.10;instance_30_15_4_8;INFEASIBLE;0.0083;0.0047;0.0020;0.0000;3104;2911;0;;;;;
1;GUROBI-MIP;gurobi-mip;mip-e;epsilon;0.10;instance_30_15_4_9;OPTIMUM;0.1317;0.0137;0.1154;0.0002;2364;2352;1;386;1;0;120;385
1;GUROBI-MIP;gurobi-mip;mip-e;epsilon;0.10;instance_40_25_5_1;OPTIMUM;0.5029;0.0409;0.4563;0.0003;7806;6177;1;777;0;0;200;777
1;GUROBI-MIP;gurobi-mip;mip-e;epsilon;0.10;instance_40_25_5_10;OPTIMUM;0.6306;0.0475;0.5770;0.0004;9156;7352;1;765;0;0;200;765
1;GUROBI-MIP;gurobi-mip;mip-e;epsilon;0.10;instance_40_25_5_11;OPTIMUM;0.5782;0.0444;0.5277;0.0003;8366;6741;1;783;0;0;200;783
1;GUROBI-MIP;gurobi-mip;mip-e;epsilon;0.10;instance_40_25_5_12;OPTIMUM;0.5086;0.0425;0.4601;0.0004;7935;6437;1;778;0;0;200;778
1;GUROBI-MIP;gurobi-mip;mip-e;epsilon;0.10;instance_40_25_5_13;OPTIMUM;0.5257;0.0458;0.4739;0.0004;8187;6772;1;783;0;0;200;783
1;GUROBI-MIP;gurobi-mip;mip-e;epsilon;0.10;instance_40_25_5_14;OPTIMUM;0.5854;0.0475;0.5314;0.0004;9031;7290;1;781;0;0;200;781
1;GUROBI-MIP;gurobi-mip;mip-e;epsilon;0.10;instance_40_25_5_15;OPTIMUM;0.5485;0.0433;0.4996;0.0003;7991;6437;1;710;0;0;200;710
1;GUROBI-MIP;gurobi-mip;mip-e;epsilon;0.10;instance_40_25_5_16;OPTIMUM;0.4628;0.0392;0.4182;0.0003;7425;6080;1;753;1;0;200;752
1;GUROBI-MIP;gurobi-mip;mip-e;epsilon;0.10;instance_40_25_5_17;OPTIMUM;0.5184;0.0418;0.4708;0.0003;7867;6418;1;741;0;0;200;741
1;GUROBI-MIP;gurobi-mip;mip-e;epsilon;0.10;instance_40_25_5_18;OPTIMUM;0.4867;0.0433;0.4374;0.0003;8262;6693;1;782;0;0;200;782
1;GUROBI-MIP;gurobi-mip;mip-e;epsilon;0.10;instance_40_25_5_19;OPTIMUM;0.4231;0.0332;0.3851;0.0003;5910;5212;1;713;0;0;200;713
1;GUROBI-MIP;gurobi-mip;mip-e;epsilon;0.10;instance_40_25_5_2;OPTIMUM;0.4862;0.0423;0.4378;0.0003;7933;6374;1;766;0;0;200;766
1;GUROBI-MIP;gurobi-mip;mip-e;epsilon;0.10;instance_40_25_5_20;OPTIMUM;0.5946;0.0431;0.5457;0.0003;8180;6439;1;759;0;0;200;759
1;GUROBI-MIP;gurobi-mip;mip-e;epsilon;0.10;instance_40_25_5_21;OPTIMUM;0.5975;0.0448;0.5465;0.0004;8490;6813;1;755;0;0;200;755
1;GUROBI-MIP;gurobi-mip;mip-e;epsilon;0.10;instance_40_25_5_22;OPTIMUM;0.4547;0.0368;0.4127;0.0003;6757;5793;1;752;0;0;200;752
1;GUROBI-MIP;gurobi-mip;mip-e;epsilon;0.10;instance_40_25_5_23;OPTIMUM;0.5996;0.0452;0.5484;0.0004;8030;6538;1;764;0;0;200;764
1;GUROBI-MIP;gurobi-mip;mip-e;epsilon;0.10;instance_40_25_5_24;OPTIMUM;0.4013;0.0353;0.3610;0.0003;6415;5517;1;724;0;0;200;724
1;GUROBI-MIP;gurobi-mip;mip-e;epsilon;0.10;instance_40_25_5_25;OPTIMUM;0.3834;0.0350;0.3436;0.0003;6367;5530;1;734;0;0;200;734
1;GUROBI-MIP;gurobi-mip;mip-e;epsilon;0.10;instance_40_25_5_26;OPTIMUM;0.5372;0.0436;0.4876;0.0003;8367;6757;1;775;0;0;200;775
1;GUROBI-MIP;gurobi-mip;mip-e;epsilon;0.10;instance_40_25_5_27;OPTIMUM;0.4494;0.0354;0.4091;0.0003;6288;5519;1;711;0;0;200;711
1;GUROBI-MIP;gurobi-mip;mip-e;epsilon;0.10;instance_40_25_5_28;OPTIMUM;0.5502;0.0426;0.5015;0.0003;7869;6569;1;715;0;0;200;715
1;GUROBI-MIP;gurobi-mip;mip-e;epsilon;0.10;instance_40_25_5_29;OPTIMUM;0.5356;0.0371;0.4935;0.0003;6686;5707;1;716;1;0;200;715
1;GUROBI-MIP;gurobi-mip;mip-e;epsilon;0.10;instance_40_25_5_3;OPTIMUM;0.5367;0.0412;0.4897;0.0003;7655;6324;1;704;1;0;200;703
1;GUROBI-MIP;gurobi-mip;mip-e;epsilon;0.10;instance_40_25_5_30;OPTIMUM;0.6665;0.0474;0.6128;0.0004;9104;7202;1;761;0;0;200;761
1;GUROBI-MIP;gurobi-mip;mip-e;epsilon;0.10;instance_40_25_5_31;OPTIMUM;0.5821;0.0460;0.5296;0.0004;8936;7022;1;784;0;0;200;784
1;GUROBI-MIP;gurobi-mip;mip-e;epsilon;0.10;instance_40_25_5_32;OPTIMUM;0.4958;0.0425;0.4473;0.0003;7826;6652;1;672;0;0;200;672
1;GUROBI-MIP;gurobi-mip;mip-e;epsilon;0.10;instance_40_25_5_33;OPTIMUM;0.4313;0.0351;0.3910;0.0003;6418;5516;1;760;0;0;200;760
1;GUROBI-MIP;gurobi-mip;mip-e;epsilon;0.10;instance_40_25_5_34;OPTIMUM;0.5723;0.0455;0.5205;0.0003;7980;6501;1;759;0;0;200;759
1;GUROBI-MIP;gurobi-mip;mip-e;epsilon;0.10;instance_40_25_5_35;OPTIMUM;0.5691;0.0410;0.5225;0.0003;7728;6450;1;737;0;0;200;737
1;GUROBI-MIP;gurobi-mip;mip-e;epsilon;0.10;instance_40_25_5_36;OPTIMUM;0.4950;0.0453;0.4432;0.0004;8531;6890;1;788;0;0;200;788
1;GUROBI-MIP;gurobi-mip;mip-e;epsilon;0.10;instance_40_25_5_37;OPTIMUM;0.4837;0.0416;0.4362;0.0003;7699;6496;1;747;0;0;200;747
1;GUROBI-MIP;gurobi-mip;mip-e;epsilon;0.10;instance_40_25_5_38;OPTIMUM;0.4353;0.0370;0.3933;0.0003;6726;5915;1;735;0;0;200;735
1;GUROBI-MIP;gurobi-mip;mip-e;epsilon;0.10;instance_40_25_5_39;OPTIMUM;0.6397;0.0359;0.5987;0.0003;6492;5387;1;720;0;0;200;720
1;GUROBI-MIP;gurobi-mip;mip-e;epsilon;0.10;instance_40_25_5_4;OPTIMUM;0.4488;0.0413;0.4019;0.0003;7698;6353;1;777;0;0;200;777
1;GUROBI-MIP;gurobi-mip;mip-e;epsilon;0.10;instance_40_25_5_40;OPTIMUM;0.5389;0.0417;0.4913;0.0003;7792;6455;1;766;0;0;200;766
1;GUROBI-MIP;gurobi-mip;mip-e;epsilon;0.10;instance_40_25_5_41;OPTIMUM;0.5542;0.0447;0.5036;0.0003;8669;6835;1;759;0;0;200;759
1;GUROBI-MIP;gurobi-mip;mip-e;epsilon;0.10;instance_40_25_5_42;OPTIMUM;0.4464;0.0378;0.4029;0.0004;6886;5873;1;729;0;0;200;729
1;GUROBI-MIP;gurobi-mip;mip-e;epsilon;0.10;instance_40_25_5_43;OPTIMUM;0.5961;0.0391;0.5515;0.0003;7248;5931;1;759;0;0;200;759
1;GUROBI-MIP;gurobi-mip;mip-e;epsilon;0.10;instance_40_25_5_44;OPTIMUM;0.5180;0.0456;0.4659;0.0004;8468;6856;1;780;0;0;200;780
1;GUROBI-MIP;gurobi-mip;mip-e;epsilon;0.10;instance_40_25_5_45;OPTIMUM;0.4604;0.0426;0.4117;0.0004;7993;6603;1;701;0;0;200;701
1;GUROBI-MIP;gurobi-mip;mip-e;epsilon;0.10;instance_40_25_5_46;INFEASIBLE;0.0202;0.0132;0.0046;0.0000;8709;6987;0;;;;;
1;GUROBI-MIP;gurobi-mip;mip-e;epsilon;0.10;instance_40_25_5_47;OPTIMUM;0.6296;0.0478;0.5752;0.0004;9002;7177;1;780;0;0;200;780
1;GUROBI-MIP;gurobi-mip;mip-e;epsilon;0.10;instance_40_25_5_48;OPTIMUM;0.5400;0.0439;0.4901;0.0003;8403;6784;1;766;0;0;200;766
1;GUROBI-MIP;gurobi-mip;mip-e;epsilon;0.10;instance_40_25_5_49;OPTIMUM;0.6813;0.0399;0.6360;0.0003;7358;6129;1;693;0;0;200;693
1;GUROBI-MIP;gurobi-mip;mip-e;epsilon;0.10;instance_40_25_5_5;OPTIMUM;0.5180;0.0438;0.4683;0.0004;8268;6681;1;772;0;0;200;772
1;GUROBI-MIP;gurobi-mip;mip-e;epsilon;0.10;instance_40_25_5_50;OPTIMUM;0.7435;0.0471;0.6900;0.0004;9009;7033;1;768;0;0;200;768
1;GUROBI-MIP;gurobi-mip;mip-e;epsilon;0.10;instance_40_25_5_6;OPTIMUM;0.6644;0.0460;0.6122;0.0004;8737;7016;1;768;0;0;200;768
1;GUROBI-MIP;gurobi-mip;mip-e;epsilon;0.10;instance_40_25_5_7;OPTIMUM;0.6201;0.0478;0.5656;0.0004;9134;7208;1;782;0;0;200;782
1;GUROBI-MIP;gurobi-mip;mip-e;epsilon;0.10;instance_40_25_5_8;OPTIMUM;0.4935;0.0401;0.4478;0.0003;7559;6317;1;763;0;0;200;763
1;GUROBI-MIP;gurobi-mip;mip-e;epsilon;0.10;instance_40_25_5_9;OPTIMUM;0.5627;0.0442;0.5125;0.0003;8465;6891;1;772;0;0;200;772
2;CPLEX-MIP;cplex-mip;mip-e;epsilon;0.10;instance_30_15_4_1;OPTIMUM;0.3058;0.0181;0.2846;0.0002;3371;3079;0;438;0;0;120;438
2;CPLEX-MIP;cplex-mip;mip-e;epsilon;0.10;instance_30_15_4_10;OPTIMUM;0.2407;0.0156;0.2225;0.0002;2858;2791;0;410;0;0;120;410
2;CPLEX-MIP;cplex-mip;mip-e;epsilon;0.10;instance_30_15_4_11;OPTIMUM;0.2983;0.0143;0.2815;0.0002;2559;2447;0;406;0;0;120;406
2;CPLEX-MIP;cplex-mip;mip-e;epsilon;0.10;instance_30_15_4_12;OPTIMUM;0.2782;0.0154;0.2603;0.0002;2802;2664;0;439;0;0;120;439
2;CPLEX-MIP;cplex-mip;mip-e;epsilon;0.10;instance_30_15_4_13;OPTIMUM;0.2379;0.0122;0.2235;0.0002;2204;2192;0;386;3;0;120;383
2;CPLEX-MIP;cplex-mip;mip-e;epsilon;0.10;instance_30_15_4_14;OPTIMUM;0.3376;0.0167;0.3180;0.0002;3089;2948;0;389;0;0;120;389
2;CPLEX-MIP;cplex-mip;mip-e;epsilon;0.10;instance_30_15_4_15;OPTIMUM;0.3199;0.0177;0.2994;0.0002;3341;3041;0;446;0;0;120;446
2;CPLEX-MIP;cplex-mip;mip-e;epsilon;0.10;instance_30_15_4_16;OPTIMUM;0.1920;0.0128;0.1768;0.0002;2300;2344;0;398;0;0;120;398
2;CPLEX-MIP;cplex-mip;mip-e;epsilon;0.10;instance_30_15_4_17;OPTIMUM;0.2010;0.0159;0.1824;0.0002;2875;2724;0;417;0;0;120;417
2;CPLEX-MIP;cplex-mip;mip-e;epsilon;0.10;instance_30_15_4_18;OPTIMUM;0.3709;0.0201;0.3475;0.0002;3959;3386;0;448;0;0;120;448
2;CPLEX-MIP;cplex-mip;mip-e;epsilon;0.10;instance_30_15_4_19;OPTIMUM;0.2281;0.0142;0.2116;0.0002;2623;2494;0;392;1;0;120;391
2;CPLEX-MIP;cplex-mip;mip-e;epsilon;0.10;instance_30_15_4_2;OPTIMUM;0.1916;0.0125;0.1770;0.0002;2165;2208;0;369;0;0;120;369
2;CPLEX-MIP;cplex-mip;mip-e;epsilon;0.10;instance_30_15_4_20;OPTIMUM;0.2142;0.0137;0.1981;0.0002;2444;2469;0;420;0;0;120;420
2;CPLEX-MIP;cplex-mip;mip-e;epsilon;0.10;instance_30_15_4_21;INFEASIBLE;0.0044;0.0033;0.0005;0.0000;1837;1922;0;;;;;
2;CPLEX-MIP;cplex-mip;mip-e;epsilon;0.10;instance_30_15_4_22;OPTIMUM;0.2507;0.0147;0.2336;0.0002;2720;2647;0;413;0;0;120;413
2;CPLEX-MIP;cplex-mip;mip-e;epsilon;0.10;instance_30_15_4_23;OPTIMUM;0.2550;0.0185;0.2334;0.0002;3361;3073;0;427;0;0;120;427
2;CPLEX-MIP;cplex-mip;mip-e;epsilon;0.10;instance_30_15_4_24;OPTIMUM;0.2727;0.0183;0.2514;0.0002;3343;3066;0;444;0;0;120;444
2;CPLEX-MIP;cplex-mip;mip-e;epsilon;0.10;instance_30_15_4_25;OPTIMUM;0.1704;0.0130;0.1552;0.0002;2287;2294;0;402;0;0;120;402
2;CPLEX-MIP;cplex-mip;mip-e;epsilon;0.10;instance_30_15_4_26;OPTIMUM;0.2656;0.0171;0.2458;0.0002;3064;2888;0;436;0;0;120;436
2;CPLEX-MIP;cplex-mip;mip-e;epsilon;0.10;instance_30_15_4_27;OPTIMUM;0.2311;0.0156;0.2128;0.0002;2917;2741;0;407;0;0;120;407
2;CPLEX-MIP;cplex-mip;mip-e;epsilon;0.10;instance_30_15_4_28;OPTIMUM;0.2929;0.0168;0.2733;0.0002;3117;2956;0;410;0;0;120;410
2;CPLEX-MIP;cplex-mip;mip-e;epsilon;0.10;instance_30_15_4_29;OPTIMUM;0.1808;0.0125;0.1662;0.0002;2095;2159;0;399;0;0;120;399
2;CPLEX-MIP;cplex-mip;mip-e;epsilon;0.10;instance_30_15_4_3;OPTIMUM;0.3219;0.0172;0.3019;0.0002;3366;3038;0;431;0;0;120;431
2;CPLEX-MIP;cplex-mip;mip-e;epsilon;0.10;instance_30_15_4_30;OPTIMUM;0.3214;0.0173;0.3012;0.0002;3307;3074;0;435;0;0;120;435
2;CPLEX-MIP;cplex-mip;mip-e;epsilon;0.10;instance_30_15_4_31;OPTIMUM;0.3321;0.0179;0.3113;0.0002;3331;3021;0;407;0;0;120;407
2;CPLEX-MIP;cplex-mip;mip-e;epsilon;0.10;instance_30_15_4_32;OPTIMUM;0.3675;0.0168;0.3480;0.0002;3155;2791;0;382;0;0;120;382
2;CPLEX-MIP;cplex-mip;mip-e;epsilon;0.10;instance_30_15_4_33;OPTIMUM;0.2487;0.0173;0.2285;0.0002;3223;2979;0;429;0;0;120;429
2;CPLEX-MIP;cplex-mip;mip-e;epsilon;0.10;instance_30_15_4_34;OPTIMUM;0.2478;0.0175;0.2274;0.0002;3322;2990;0;396;0;0;120;396
2;CPLEX-MIP;cplex-mip;mip-e;epsilon;0.10;instance_30_15_4_35;INFEASIBLE;0.0056;0.0043;0.0006;0.0000;2706;2659;0;;;;;
2;CPLEX-MIP;cplex-mip;mip-e;epsilon;0.10;instance_30_15_4_36;OPTIMUM;0.2659;0.0168;0.2463;0.0002;3184;2947;0;427;0;0;120;427
2;CPLEX-MIP;cplex-mip;mip-e;epsilon;0.10;instance_30_15_4_37;OPTIMUM;0.2720;0.0157;0.2537;0.0002;2865;2755;0;420;0;0;120;420
2;CPLEX-MIP;cplex-mip;mip-e;epsilon;0.10;instance_30_15_4_38;OPTIMUM;0.2946;0.0163;0.2756;0.0002;2845;2745;0;402;0;0;120;402
2;CPLEX-MIP;cplex-mip;mip-e;epsilon;0.10;instance_30_15_4_39;OPTIMUM;0.3351;0.0174;0.3148;0.0002;3288;3013;0;437;0;0;120;437
2;CPLEX-MIP;cplex-mip;mip-e;epsilon;0.10;instance_30_15_4_4;OPTIMUM;0.2851;0.0196;0.2624;0.0002;3686;3374;0;450;0;0;120;450
2;CPLEX-MIP;cplex-mip;mip-e;epsilon;0.10;instance_30_15_4_40;OPTIMUM;0.2615;0.0176;0.2409;0.0002;3126;2946;0;450;0;0;120;450
2;CPLEX-MIP;cplex-mip;mip-e;epsilon;0.10;instance_30_15_4_41;OPTIMUM;0.3833;0.0219;0.3580;0.0002;4145;3586;0;443;0;0;120;443
2;CPLEX-MIP;cplex-mip;mip-e;epsilon;0.10;instance_30_15_4_42;OPTIMUM;0.2967;0.0181;0.2756;0.0002;3363;3102;0;432;0;0;120;432
2;CPLEX-MIP;cplex-mip;mip-e;epsilon;0.10;instance_30_15_4_43;OPTIMUM;0.2274;0.0172;0.2073;0.0002;3163;2828;0;411;0;0;120;411
2;CPLEX-MIP;cplex-mip;mip-e;epsilon;0.10;instance_30_15_4_44;INFEASIBLE;0.0062;0.0048;0.0006;0.0000;2881;2803;0;;;;;
2;CPLEX-MIP;cplex-mip;mip-e;epsilon;0.10;instance_30_15_4_45;OPTIMUM;0.3332;0.0192;0.3109;0.0002;3586;3190;0;416;0;0;120;416
2;CPLEX-MIP;cplex-mip;mip-e;epsilon;0.10;instance_30_15_4_46;OPTIMUM;0.2730;0.0188;0.2510;0.0002;3478;3213;0;446;0;0;120;446
2;CPLEX-MIP;cplex-mip;mip-e;epsilon;0.10;instance_30_15_4_47;OPTIMUM;0.2155;0.0155;0.1975;0.0002;2811;2697;0;418;1;0;120;417
2;CPLEX-MIP;cplex-mip;mip-e;epsilon;0.10;instance_30_15_4_48;OPTIMUM;0.2295;0.0164;0.2103;0.0002;2913;2779;0;430;0;0;120;430
2;CPLEX-MIP;cplex-mip;mip-e;epsilon;0.10;instance_30_15_4_49;OPTIMUM;0.2986;0.0155;0.2805;0.0002;2912;2738;0;421;0;0;120;421
2;CPLEX-MIP;cplex-mip;mip-e;epsilon;0.10;instance_30_15_4_5;OPTIMUM;0.2379;0.0151;0.2203;0.0002;2772;2611;0;401;1;0;120;400
2;CPLEX-MIP;cplex-mip;mip-e;epsilon;0.10;instance_30_15_4_50;OPTIMUM;0.2342;0.0136;0.2182;0.0002;2294;2254;0;403;7;0;120;396
2;CPLEX-MIP;cplex-mip;mip-e;epsilon;0.10;instance_30_15_4_6;OPTIMUM;0.2327;0.0150;0.2151;0.0002;2621;2606;0;436;0;0;120;436
2;CPLEX-MIP;cplex-mip;mip-e;epsilon;0.10;instance_30_15_4_7;INFEASIBLE;0.0071;0.0056;0.0007;0.0000;3567;3241;0;;;;;
2;CPLEX-MIP;cplex-mip;mip-e;epsilon;0.10;instance_30_15_4_8;INFEASIBLE;0.0064;0.0050;0.0007;0.0000;3104;2911;0;;;;;
2;CPLEX-MIP;cplex-mip;mip-e;epsilon;0.10;instance_30_15_4_9;OPTIMUM;0.2048;0.0129;0.1895;0.0002;2364;2352;0;386;1;0;120;385
2;CPLEX-MIP;cplex-mip;mip-e;epsilon;0.10;instance_40_25_5_1;OPTIMUM;0.9897;0.0396;0.9442;0.0003;7806;6177;0;777;0;0;200;777
2;CPLEX-MIP;cplex-mip;mip-e;epsilon;0.10;instance_40_25_5_10;OPTIMUM;0.7999;0.0463;0.7466;0.0004;9156;7352;0;765;0;0;200;765
2;CPLEX-MIP;cplex-mip;mip-e;epsilon;0.10;instance_40_25_5_11;OPTIMUM;0.9601;0.0417;0.9122;0.0004;8366;6741;0;783;0;0;200;783
2;CPLEX-MIP;cplex-mip;mip-e;epsilon;0.10;instance_40_25_5_12;OPTIMUM;0.8542;0.0434;0.8042;0.0004;7935;6437;0;778;0;0;200;778
2;CPLEX-MIP;cplex-mip;mip-e;epsilon;0.10;instance_40_25_5_13;OPTIMUM;0.9257;0.0404;0.8795;0.0003;8187;6772;0;783;0;0;200;783
2;CPLEX-MIP;cplex-mip;mip-e;epsilon;0.10;instance_40_25_5_14;OPTIMUM;0.7976;0.0470;0.7436;0.0004;9031;7290;0;781;0;0;200;781
2;CPLEX-MIP;cplex-mip;mip-e;epsilon;0.10;instance_40_25_5_15;OPTIMUM;1.1816;0.0406;1.1348;0.0003;7991;6437;0;710;0;0;200;710
2;CPLEX-MIP;cplex-mip;mip-e;epsilon;0.10;instance_40_25_5_16;OPTIMUM;1.1136;0.0370;1.0709;0.0004;7425;6080;0;753;1;0;200;752
2;CPLEX-MIP;cplex-mip;mip-e;epsilon;0.10;instance_40_25_5_17;OPTIMUM;0.9434;0.0399;0.8977;0.0003;7867;6418;0;741;0;0;200;741
2;CPLEX-MIP;cplex-mip;mip-e;epsilon;0.10;instance_40_25_5_18;OPTIMUM;1.0687;0.0455;1.0166;0.0004;8262;6693;0;782;0;0;200;782
2;CPLEX-MIP;cplex-mip;mip-e;epsilon;0.10;instance_40_25_5_19;OPTIMUM;0.8150;0.0322;0.7778;0.0003;5910;5212;0;713;0;0;200;713
2;CPLEX-MIP;cplex-mip;mip-e;epsilon;0.10;instance_40_25_5_2;OPTIMUM;1.1440;0.0425;1.0949;0.0004;7933;6374;0;766;0;0;200;766
2;CPLEX-MIP;cplex-mip;mip-e;epsilon;0.10;instance_40_25_5_20;OPTIMUM;1.5866;0.0410;1.5386;0.0003;8180;6439;0;759;0;0;200;759
2;CPLEX-MIP;cplex-mip;mip-e;epsilon;0.10;instance_40_25_5_21;OPTIMUM;1.2188;0.0427;1.1695;0.0004;8490;6813;0;755;0;0;200;755
2;CPLEX-MIP;cplex-mip;mip-e;epsilon;0.10;instance_40_25_5_22;OPTIMUM;0.9754;0.0352;0.9351;0.0003;6757;5793;0;752;0;0;200;752
2;CPLEX-MIP;cplex-mip;mip-e;epsilon;0.10;instance_40_25_5_23;OPTIMUM;1.3330;0.0417;1.2849;0.0003;8030;6538;0;764;0;0;200;764
2;CPLEX-MIP;cplex-mip;mip-e;epsilon;0.10;instance_40_25_5_24;OPTIMUM;0.8169;0.0332;0.7787;0.0003;6415;5517;0;724;0;0;200;724
2;CPLEX-MIP;cplex-mip;mip-e;epsilon;0.10;instance_40_25_5_25;OPTIMUM;0.8031;0.0333;0.7648;0.0003;6367;5530;0;734;0;0;200;734
2;CPLEX-MIP;cplex-mip;mip-e;epsilon;0.10;instance_40_25_5_26;OPTIMUM;0.9083;0.0439;0.8578;0.0004;8367;6757;0;775;0;0;200;775
2;CPLEX-MIP;cplex-mip;mip-e;epsilon;0.10;instance_40_25_5_27;OPTIMUM;0.9186;0.0342;0.8792;0.0003;6288;5519;0;711;0;0;200;711
2;CPLEX-MIP;cplex-mip;mip-e;epsilon;0.10;instance_40_25_5_28;OPTIMUM;1.0871;0.0417;1.0393;0.0003;7869;6569;0;715;0;0;200;715
2;CPLEX-MIP;cplex-mip;mip-e;epsilon;0.10;instance_40_25_5_29;OPTIMUM;1.1139;0.0365;1.0720;0.0003;6686;5707;0;716;1;0;200;715
2;CPLEX-MIP;cplex-mip;mip-e;epsilon;0.10;instance_40_25_5_3;OPTIMUM;1.1629;0.0400;1.1166;0.0003;7655;6324;0;704;1;0;200;703
2;CPLEX-MIP;cplex-mip;mip-e;epsilon;0.10;instance_40_25_5_30;OPTIMUM;1.1954;0.0467;1.1416;0.0004;9104;7202;0;761;0;0;200;761
2;CPLEX-MIP;cplex-mip;mip-e;epsilon;0.10;instance_40_25_5_31;OPTIMUM;0.9687;0.0433;0.9188;0.0004;8936;7022;0;784;0;0;200;784
2;CPLEX-MIP;cplex-mip;mip-e;epsilon;0.10;instance_40_25_5_32;OPTIMUM;0.9526;0.0414;0.9050;0.0004;7826;6652;0;672;0;0;200;672
2;CPLEX-MIP;cplex-mip;mip-e;epsilon;0.10;instance_40_25_5_33;OPTIMUM;0.8697;0.0347;0.8298;0.0003;6418;5516;0;760;0;0;200;760
2;CPLEX-MIP;cplex-mip;mip-e;epsilon;0.10;instance_40_25_5_34;OPTIMUM;1.4147;0.0426;1.3652;0.0003;7980;6501;0;759;0;0;200;759
2;CPLEX-MIP;cplex-mip;mip-e;epsilon;0.10;instance_40_25_5_35;OPTIMUM;1.0257;0.0401;0.9796;0.0004;7728;6450;0;737;0;0;200;737
2;CPLEX-MIP;cplex-mip;mip-e;epsilon;0.10;instance_40_25_5_36;OPTIMUM;0.9838;0.0437;0.9329;0.0004;8531;6890;0;788;0;0;200;788
2;CPLEX-MIP;cplex-mip;mip-e;epsilon;0.10;instance_40_25_5_37;OPTIMUM;1.1180;0.0410;1.0703;0.0004;7699;6496;0;747;0;0;200;747
2;CPLEX-MIP;cplex-mip;mip-e;epsilon;0.10;instance_40_25_5_38;OPTIMUM;0.8325;0.0377;0.7890;0.0003;6726;5915;0;735;0;0;200;735
2;CPLEX-MIP;cplex-mip;mip-e;epsilon;0.10;instance_40_25_5_39;OPTIMUM;0.9903;0.0340;0.9508;0.0003;6492;5387;0;720;0;0;200;720
2;CPLEX-MIP;cplex-mip;mip-e;epsilon;0.10;instance_40_25_5_4;OPTIMUM;0.8947;0.0407;0.8471;0.0004;7698;6353;0;777;0;0;200;777
2;CPLEX-MIP;cplex-mip;mip-e;epsilon;0.10;instance_40_25_5_40;OPTIMUM;0.7830;0.0402;0.7365;0.0004;7792;6455;0;766;0;0;200;766
2;CPLEX-MIP;cplex-mip;mip-e;epsilon;0.10;instance_40_25_5_41;OPTIMUM;1.1957;0.0422;1.1473;0.0004;8669;6835;0;759;0;0;200;759
2;CPLEX-MIP;cplex-mip;mip-e;epsilon;0.10;instance_40_25_5_42;OPTIMUM;0.7284;0.0371;0.6859;0.0003;6886;5873;0;729;0;0;200;729
2;CPLEX-MIP;cplex-mip;mip-e;epsilon;0.10;instance_40_25_5_43;OPTIMUM;1.1295;0.0387;1.0850;0.0003;7248;5931;0;759;0;0;200;759
2;CPLEX-MIP;cplex-mip;mip-e;epsilon;0.10;instance_40_25_5_44;OPTIMUM;0.9902;0.0437;0.9398;0.0004;8468;6856;0;780;0;0;200;780
2;CPLEX-MIP;cplex-mip;mip-e;epsilon;0.10;instance_40_25_5_45;OPTIMUM;1.1046;0.0425;1.0556;0.0004;7993;6603;0;701;0;0;200;701
2;CPLEX-MIP;cplex-mip;mip-e;epsilon;0.10;instance_40_25_5_46;INFEASIBLE;0.0159;0.0130;0.0016;0.0000;8709;6987;0;;;;;
2;CPLEX-MIP;cplex-mip;mip-e;epsilon;0.10;instance_40_25_5_47;OPTIMUM;1.0789;0.0468;1.0246;0.0005;9002;7177;0;780;0;0;200;780
2;CPLEX-MIP;cplex-mip;mip-e;epsilon;0.10;instance_40_25_5_48;OPTIMUM;0.9033;0.0434;0.8534;0.0004;8403;6784;0;766;0;0;200;766
2;CPLEX-MIP;cplex-mip;mip-e;epsilon;0.10;instance_40_25_5_49;OPTIMUM;1.1125;0.0384;1.0683;0.0003;7358;6129;0;693;0;0;200;693
2;CPLEX-MIP;cplex-mip;mip-e;epsilon;0.10;instance_40_25_5_5;OPTIMUM;0.9667;0.0410;0.9197;0.0003;8268;6681;0;772;0;0;200;772
2;CPLEX-MIP;cplex-mip;mip-e;epsilon;0.10;instance_40_25_5_50;OPTIMUM;1.1637;0.0462;1.1106;0.0004;9009;7033;0;768;0;0;200;768
2;CPLEX-MIP;cplex-mip;mip-e;epsilon;0.10;instance_40_25_5_6;OPTIMUM;1.2550;0.0449;1.2031;0.0004;8737;7016;0;768;0;0;200;768
2;CPLEX-MIP;cplex-mip;mip-e;epsilon;0.10;instance_40_25_5_7;OPTIMUM;1.1230;0.0444;1.0721;0.0004;9134;7208;0;782;0;0;200;782
2;CPLEX-MIP;cplex-mip;mip-e;epsilon;0.10;instance_40_25_5_8;OPTIMUM;0.8814;0.0400;0.8353;0.0003;7559;6317;0;763;0;0;200;763
2;CPLEX-MIP;cplex-mip;mip-e;epsilon;0.10;instance_40_25_5_9;OPTIMUM;0.8786;0.0443;0.8275;0.0004;8465;6891;0;772;0;0;200;772
3;CPLEX-CP-T;cplex-cp;cp-t;epsilon;0.10;instance_30_15_4_1;TIMEOUT_FEASIBLE;300.0015;0.0035;299.9925;0.0001;2114;2952;749;406;0;0;120;406
3;CPLEX-CP-T;cplex-cp;cp-t;epsilon;0.10;instance_30_15_4_10;TIMEOUT_FEASIBLE;300.0004;0.0032;299.9915;0.0001;2110;2944;701;386;0;0;120;386
3;CPLEX-CP-T;cplex-cp;cp-t;epsilon;0.10;instance_30_15_4_11;TIMEOUT_FEASIBLE;300.0009;0.0031;299.9922;0.0001;1941;2604;23690114;374;0;3;120;371
3;CPLEX-CP-T;cplex-cp;cp-t;epsilon;0.10;instance_30_15_4_12;TIMEOUT_FEASIBLE;300.0016;0.0031;299.9933;0.0001;2046;2814;32052;401;0;9;120;392
3;CPLEX-CP-T;cplex-cp;cp-t;epsilon;0.10;instance_30_15_4_13;TIMEOUT_FEASIBLE;300.0106;0.0029;300.0029;0.0001;1921;2564;465;352;3;0;120;349
3;CPLEX-CP-T;cplex-cp;cp-t;epsilon;0.10;instance_30_15_4_14;TIMEOUT_FEASIBLE;300.0010;0.0033;299.9926;0.0001;2144;3013;26306;383;1;0;120;382
3;CPLEX-CP-T;cplex-cp;cp-t;epsilon;0.10;instance_30_15_4_15;TIMEOUT_FEASIBLE;300.0005;0.0033;299.9922;0.0001;2057;2839;20851;407;0;0;120;407
3;CPLEX-CP-T;cplex-cp;cp-t;epsilon;0.10;instance_30_15_4_16;TIMEOUT_FEASIBLE;300.0004;0.0030;299.9924;0.0001;2119;2961;16501;363;0;0;120;363
3;CPLEX-CP-T;cplex-cp;cp-t;epsilon;0.10;instance_30_15_4_17;TIMEOUT_FEASIBLE;300.0010;0.0033;299.9926;0.0001;2114;2954;19625;386;0;0;120;386
3;CPLEX-CP-T;cplex-cp;cp-t;epsilon;0.10;instance_30_15_4_18;TIMEOUT_FEASIBLE;300.0013;0.0035;299.9924;0.0001;2108;2939;24894;418;0;0;120;418
3;CPLEX-CP-T;cplex-cp;cp-t;epsilon;0.10;instance_30_15_4_19;TIMEOUT_FEASIBLE;300.0003;0.0030;299.9921;0.0001;1988;2700;243;383;3;0;120;380
3;CPLEX-CP-T;cplex-cp;cp-t;epsilon;0.10;instance_30_15_4_2;TIMEOUT_FEASIBLE;300.0012;0.0032;299.9929;0.0001;2143;3010;29378;345;0;8;120;337
3;CPLEX-CP-T;cplex-cp;cp-t;epsilon;0.10;instance_30_15_4_20;TIMEOUT_FEASIBLE;300.0111;0.0033;300.0024;0.0001;2179;3081;12124;391;0;0;120;391
3;CPLEX-CP-T;cplex-cp;cp-t;epsilon;0.10;instance_30_15_4_21;INFEASIBLE;0.0011;0.0000;0.0000;0.0000;720;3;0;;;;;
3;CPLEX-CP-T;cplex-cp;cp-t;epsilon;0.10;instance_30_15_4_22;TIMEOUT_FEASIBLE;300.0041;0.0031;299.9958;0.0001;2041;2804;608;394;1;0;120;393
3;CPLEX-CP-T;cplex-cp;cp-t;epsilon;0.10;instance_30_15_4_23;TIMEOUT_FEASIBLE;300.0012;0.0033;299.9926;0.0001;2071;2865;418;401;0;0;120;401
3;CPLEX-CP-T;cplex-cp;cp-t;epsilon;0.10;instance_30_15_4_24;TIMEOUT_FEASIBLE;300.0020;0.0035;299.9924;0.0001;2152;3029;224;406;0;0;120;406
3;CPLEX-CP-T;cplex-cp;cp-t;epsilon;0.10;instance_30_15_4_25;TIMEOUT_FEASIBLE;300.0110;0.0031;300.0030;0.0001;2100;2925;16144;371;0;0;120;371
3;CPLEX-CP-T;cplex-cp;cp-t;epsilon;0.10;instance_30_15_4_26;TIMEOUT_FEASIBLE;300.0008;0.0032;299.9925;0.0001;2052;2829;20823;405;0;0;120;405
3;CPLEX-CP-T;cplex-cp;cp-t;epsilon;0.10;instance_30_15_4_27;TIMEOUT_FEASIBLE;300.0010;0.0033;299.9924;0.0001;2133;2991;27100;380;0;0;120;380
3;CPLEX-CP-T;cplex-cp;cp-t;epsilon;0.10;instance_30_15_4_28;TIMEOUT_FEASIBLE;300.0014;0.0032;299.9928;0.0001;2096;2912;298;387;0;0;120;387
3;CPLEX-CP-T;cplex-cp;cp-t;epsilon;0.10;instance_30_15_4_29;TIMEOUT_FEASIBLE;300.0004;0.0030;299.9921;0.0001;2021;2766;167819;369;0;0;120;369
3;CPLEX-CP-T;cplex-cp;cp-t;epsilon;0.10;instance_30_15_4_3;TIMEOUT_FEASIBLE;300.0013;0.0033;299.9927;0.0001;2150;3024;203;399;0;0;120;399
3;CPLEX-CP-T;cplex-cp;cp-t;epsilon;0.10;instance_30_15_4_30;TIMEOUT_FEASIBLE;300.0006;0.0034;299.9921;0.0001;2119;2963;20226;400;0;0;120;400
3;CPLEX-CP-T;cplex-cp;cp-t;epsilon;0.10;instance_30_15_4_31;TIMEOUT_FEASIBLE;300.0009;0.0033;299.9922;0.0001;2042;2809;244;378;0;0;120;378
3;CPLEX-CP-T;cplex-cp;cp-t;epsilon;0.10;instance_30_15_4_32;TIMEOUT_FEASIBLE;300.0008;0.0033;299.9924;0.0001;2073;2871;210;351;0;0;120;351
3;CPLEX-CP-T;cplex-cp;cp-t;epsilon;0.10;instance_30_15_4_33;TIMEOUT_FEASIBLE;300.0012;0.0035;299.9919;0.0001;2120;2965;266843;395;0;0;120;395
