cfg_id;label;instance_name;method;objective_mode;objective_policy;delta;similarity_reference_optimum;similarity_lower_bound;similarity_realized_loss_absolute;similarity_realized_loss_fraction;similarity_realized_loss_ratio;cardinality;ic;sb;status;elapsed_s;timeout_seconds;solve_s;solver_calls;variables;hard_clauses;soft_clauses;best_value;weighted_reference_score;similarity;continuity;overtime;coverage;stage_objectives;stage_optima
1;ORIGINAL;instance_30_10_4_1;epsilon;epsilon-constraint;similarity-budget;0;;;;;;sorting-network;none;none;TIMEOUT;300.1285261;300.0;8.691269973;1;15458;60139;532;;;;;;;similarity_reference;421
1;TOT-none-none;instance_30_10_4_1;epsilon;epsilon-constraint;similarity-budget;0;421;421;;;;totalizer;none;none;TIMEOUT;300.1193904;300.0;7.420033314;2;6161;62317;532;;;;;;;similarity_reference;421
1;TOT-none-none;instance_30_10_4_1;epsilon;epsilon-constraint;similarity-budget;0.01;421;417;;;;totalizer;none;none;TIMEOUT;300.1306342;300.0;9.353423232;2;6161;62317;532;;;;;;;similarity_reference;421
1;TOT-none-none;instance_30_10_4_1;epsilon;epsilon-constraint;similarity-budget;0.025;421;411;;;;totalizer;none;none;TIMEOUT;300.1261183;300.0;8.406987332;2;6161;62317;532;;;;;;;similarity_reference;421
1;TOT-none-none;instance_30_10_4_1;epsilon;epsilon-constraint;similarity-budget;0.05;421;400;;;;totalizer;none;none;TIMEOUT;300.1254514;300.0;9.380827703;2;6161;62317;532;;;;;;;similarity_reference;421
1;TOT-none-none;instance_30_10_4_1;epsilon;epsilon-constraint;similarity-budget;0.10;421;379;;;;totalizer;none;none;TIMEOUT;300.1263435;300.0;8.360140158;2;6161;62317;532;;;;;;;similarity_reference;421
2;TOT-none-ss;instance_30_10_4_1;epsilon;epsilon-constraint;similarity-budget;0;421;421;;;;totalizer;none;slot-service;TIMEOUT;300.1220466;300.0;9.318644658;2;6167;62343;532;;;;;;;similarity_reference;421
2;TOT-none-ss;instance_30_10_4_1;epsilon;epsilon-constraint;similarity-budget;0.01;421;417;;;;totalizer;none;slot-service;TIMEOUT;300.1202297;300.0;9.355619616;2;6167;62343;532;;;;;;;similarity_reference;421
2;TOT-none-ss;instance_30_10_4_1;epsilon;epsilon-constraint;similarity-budget;0.025;421;411;;;;totalizer;none;slot-service;TIMEOUT;300.1258847;300.0;8.368632356;2;6167;62343;532;;;;;;;similarity_reference;421
2;TOT-none-ss;instance_30_10_4_1;epsilon;epsilon-constraint;similarity-budget;0.05;421;400;;;;totalizer;none;slot-service;TIMEOUT;300.1218134;300.0;8.40565361;2;6167;62343;532;;;;;;;similarity_reference;421
2;TOT-none-ss;instance_30_10_4_1;epsilon;epsilon-constraint;similarity-budget;0.10;421;379;;;;totalizer;none;slot-service;TIMEOUT;300.1218221;300.0;9.364728128;2;6167;62343;532;;;;;;;similarity_reference;421
3;TOT-both-none;instance_30_10_4_1;epsilon;epsilon-constraint;similarity-budget;0;421;421;;;;totalizer;both;none;TIMEOUT;300.1243194;300.0;7.51892036;2;9576;78887;532;;;;;;;similarity_reference;421
3;TOT-both-none;instance_30_10_4_1;epsilon;epsilon-constraint;similarity-budget;0.01;421;417;;;;totalizer;both;none;TIMEOUT;300.1307634;300.0;7.6333336;2;9576;78887;532;;;;;;;similarity_reference;421
3;TOT-both-none;instance_30_10_4_1;epsilon;epsilon-constraint;similarity-budget;0.025;421;411;;;;totalizer;both;none;TIMEOUT;300.1212778;300.0;7.579565805;2;9576;78887;532;;;;;;;similarity_reference;421
3;TOT-both-none;instance_30_10_4_1;epsilon;epsilon-constraint;similarity-budget;0.05;421;400;;;;totalizer;both;none;TIMEOUT;300.1341501;300.0;7.599954999;2;9576;78887;532;;;;;;;similarity_reference;421
3;TOT-both-none;instance_30_10_4_1;epsilon;epsilon-constraint;similarity-budget;0.10;421;379;;;;totalizer;both;none;TIMEOUT;300.123678;300.0;7.570615674;2;9576;78887;532;;;;;;;similarity_reference;421
4;TOT-both-ss;instance_30_10_4_1;epsilon;epsilon-constraint;similarity-budget;0;421;421;;;;totalizer;both;slot-service;TIMEOUT;300.1245912;300.0;6.514088367;2;9582;78913;532;;;;;;;similarity_reference;421
4;TOT-both-ss;instance_30_10_4_1;epsilon;epsilon-constraint;similarity-budget;0.01;421;417;;;;totalizer;both;slot-service;TIMEOUT;300.1276975;300.0;6.563667678;2;9582;78913;532;;;;;;;similarity_reference;421
4;TOT-both-ss;instance_30_10_4_1;epsilon;epsilon-constraint;similarity-budget;0.025;421;411;;;;totalizer;both;slot-service;TIMEOUT;300.1278659;300.0;6.566052296;2;9582;78913;532;;;;;;;similarity_reference;421
4;TOT-both-ss;instance_30_10_4_1;epsilon;epsilon-constraint;similarity-budget;0.05;421;400;;;;totalizer;both;slot-service;TIMEOUT;300.1336573;300.0;8.599166275;2;9582;78913;532;;;;;;;similarity_reference;421
4;TOT-both-ss;instance_30_10_4_1;epsilon;epsilon-constraint;similarity-budget;0.10;421;379;;;;totalizer;both;slot-service;TIMEOUT;300.1285915;300.0;7.633283229;2;9582;78913;532;;;;;;;similarity_reference;421
5;ORIGINAL;instance_30_10_4_1;epsilon;epsilon-constraint;similarity-budget;0;421;421;;;;sorting-network;none;none;TIMEOUT;300.1241665;300.0;6.683210948;2;15458;60139;532;;;;;;;similarity_reference;421
5;ORIGINAL;instance_30_10_4_1;epsilon;epsilon-constraint;similarity-budget;0.01;421;417;;;;sorting-network;none;none;TIMEOUT;300.1305401;300.0;7.814857002;2;15458;60139;532;;;;;;;similarity_reference;421
5;ORIGINAL;instance_30_10_4_1;epsilon;epsilon-constraint;similarity-budget;0.025;421;411;;;;sorting-network;none;none;TIMEOUT;300.1278665;300.0;5.81168367;2;15458;60139;532;;;;;;;similarity_reference;421
5;ORIGINAL;instance_30_10_4_1;epsilon;epsilon-constraint;similarity-budget;0.05;421;400;;;;sorting-network;none;none;TIMEOUT;300.124435;300.0;6.875359143;2;15458;60139;532;;;;;;;similarity_reference;421
5;ORIGINAL;instance_30_10_4_1;epsilon;epsilon-constraint;similarity-budget;0.10;421;379;;;;sorting-network;none;none;TIMEOUT;300.1296568;300.0;5.809752331;2;15458;60139;532;;;;;;;similarity_reference;421
6;SN-none-ss;instance_30_10_4_1;epsilon;epsilon-constraint;similarity-budget;0;421;421;;;;sorting-network;none;slot-service;TIMEOUT;300.1271814;300.0;8.67592989;2;15464;60165;532;;;;;;;similarity_reference;421
6;SN-none-ss;instance_30_10_4_1;epsilon;epsilon-constraint;similarity-budget;0.01;421;417;;;;sorting-network;none;slot-service;TIMEOUT;300.123589;300.0;8.731286319;2;15464;60165;532;;;;;;;similarity_reference;421
6;SN-none-ss;instance_30_10_4_1;epsilon;epsilon-constraint;similarity-budget;0.025;421;411;;;;sorting-network;none;slot-service;TIMEOUT;300.1237307;300.0;8.738992606;2;15464;60165;532;;;;;;;similarity_reference;421
6;SN-none-ss;instance_30_10_4_1;epsilon;epsilon-constraint;similarity-budget;0.05;421;400;;;;sorting-network;none;slot-service;TIMEOUT;300.1296772;300.0;8.787675396;2;15464;60165;532;;;;;;;similarity_reference;421
6;SN-none-ss;instance_30_10_4_1;epsilon;epsilon-constraint;similarity-budget;0.10;421;379;;;;sorting-network;none;slot-service;TIMEOUT;300.1212725;300.0;8.782594272;2;15464;60165;532;;;;;;;similarity_reference;421
7;SN-both-none;instance_30_10_4_1;epsilon;epsilon-constraint;similarity-budget;0;421;421;;;;sorting-network;both;none;TIMEOUT;300.1240363;300.0;7.922183345;2;22401;81401;532;;;;;;;similarity_reference;421
7;SN-both-none;instance_30_10_4_1;epsilon;epsilon-constraint;similarity-budget;0.01;421;417;;;;sorting-network;both;none;TIMEOUT;300.1229646;300.0;8.08844145;2;22401;81401;532;;;;;;;similarity_reference;421
7;SN-both-none;instance_30_10_4_1;epsilon;epsilon-constraint;similarity-budget;0.025;421;411;;;;sorting-network;both;none;TIMEOUT;300.1217921;300.0;7.984885532;2;22401;81401;532;;;;;;;similarity_reference;421
7;SN-both-none;instance_30_10_4_1;epsilon;epsilon-constraint;similarity-budget;0.05;421;400;;;;sorting-network;both;none;TIMEOUT;300.130574;300.0;8.021593139;2;22401;81401;532;;;;;;;similarity_reference;421
7;SN-both-none;instance_30_10_4_1;epsilon;epsilon-constraint;similarity-budget;0.10;421;379;;;;sorting-network;both;none;TIMEOUT;300.1254694;300.0;8.052664923;2;22401;81401;532;;;;;;;similarity_reference;421
8;SN-both-ss;instance_30_10_4_1;epsilon;epsilon-constraint;similarity-budget;0;421;421;;;;sorting-network;both;slot-service;TIMEOUT;300.1271921;300.0;9.298477122;2;22407;81427;532;;;;;;;similarity_reference;421
8;SN-both-ss;instance_30_10_4_1;epsilon;epsilon-constraint;similarity-budget;0.01;421;417;;;;sorting-network;both;slot-service;TIMEOUT;300.1261321;300.0;8.176493092;2;22407;81427;532;;;;;;;similarity_reference;421
8;SN-both-ss;instance_30_10_4_1;epsilon;epsilon-constraint;similarity-budget;0.025;421;411;;;;sorting-network;both;slot-service;TIMEOUT;300.1234887;300.0;8.055813334;2;22407;81427;532;;;;;;;similarity_reference;421
8;SN-both-ss;instance_30_10_4_1;epsilon;epsilon-constraint;similarity-budget;0.05;421;400;;;;sorting-network;both;slot-service;TIMEOUT;300.126707;300.0;8.01378106;2;22407;81427;532;;;;;;;similarity_reference;421
8;SN-both-ss;instance_30_10_4_1;epsilon;epsilon-constraint;similarity-budget;0.10;421;379;;;;sorting-network;both;slot-service;TIMEOUT;300.1222949;300.0;8.126961313;2;22407;81427;532;;;;;;;similarity_reference;421
1;ORIGINAL;instance_30_10_4_10;epsilon;epsilon-constraint;similarity-budget;0;;;;;;sorting-network;none;none;TIMEOUT;300.1262229;300.0;7.553027292;1;17109;59733;533;;;;;;;similarity_reference;414
1;TOT-none-none;instance_30_10_4_10;epsilon;epsilon-constraint;similarity-budget;0;414;414;;;;totalizer;none;none;TIMEOUT;300.1241723;300.0;7.297525607;2;5936;57797;533;;;;;;;similarity_reference;414
1;TOT-none-none;instance_30_10_4_10;epsilon;epsilon-constraint;similarity-budget;0.01;414;410;;;;totalizer;none;none;TIMEOUT;300.1214958;300.0;8.195327509;2;5936;57797;533;;;;;;;similarity_reference;414
1;TOT-none-none;instance_30_10_4_10;epsilon;epsilon-constraint;similarity-budget;0.025;414;404;;;;totalizer;none;none;TIMEOUT;300.1294839;300.0;7.278210665;2;5936;57797;533;;;;;;;similarity_reference;414
1;TOT-none-none;instance_30_10_4_10;epsilon;epsilon-constraint;similarity-budget;0.05;414;394;;;;totalizer;none;none;TIMEOUT;300.1305365;300.0;7.298515361;2;5936;57797;533;;;;;;;similarity_reference;414
1;TOT-none-none;instance_30_10_4_10;epsilon;epsilon-constraint;similarity-budget;0.10;414;373;;;;totalizer;none;none;TIMEOUT;300.1198239;300.0;8.236731538;2;5936;57797;533;;;;;;;similarity_reference;414
2;TOT-none-ss;instance_30_10_4_10;epsilon;epsilon-constraint;similarity-budget;0;414;414;;;;totalizer;none;slot-service;TIMEOUT;300.1207469;300.0;6.252607024;2;6342;59467;533;;;;;;;similarity_reference;414
2;TOT-none-ss;instance_30_10_4_10;epsilon;epsilon-constraint;similarity-budget;0.01;414;410;;;;totalizer;none;slot-service;TIMEOUT;300.129828;300.0;6.273407306;2;6342;59467;533;;;;;;;similarity_reference;414
2;TOT-none-ss;instance_30_10_4_10;epsilon;epsilon-constraint;similarity-budget;0.025;414;404;;;;totalizer;none;slot-service;TIMEOUT;300.1216337;300.0;6.28404231;2;6342;59467;533;;;;;;;similarity_reference;414
2;TOT-none-ss;instance_30_10_4_10;epsilon;epsilon-constraint;similarity-budget;0.05;414;394;;;;totalizer;none;slot-service;TIMEOUT;300.130895;300.0;6.292185177;2;6342;59467;533;;;;;;;similarity_reference;414
2;TOT-none-ss;instance_30_10_4_10;epsilon;epsilon-constraint;similarity-budget;0.10;414;373;;;;totalizer;none;slot-service;TIMEOUT;300.1272587;300.0;6.273273967;2;6342;59467;533;;;;;;;similarity_reference;414
3;TOT-both-none;instance_30_10_4_10;epsilon;epsilon-constraint;similarity-budget;0;414;414;;;;totalizer;both;none;TIMEOUT;300.1243137;300.0;7.390663744;2;9291;73761;533;;;;;;;similarity_reference;414
3;TOT-both-none;instance_30_10_4_10;epsilon;epsilon-constraint;similarity-budget;0.01;414;410;;;;totalizer;both;none;TIMEOUT;300.1290335;300.0;6.432286718;2;9291;73761;533;;;;;;;similarity_reference;414
3;TOT-both-none;instance_30_10_4_10;epsilon;epsilon-constraint;similarity-budget;0.025;414;404;;;;totalizer;both;none;TIMEOUT;300.123243;300.0;7.541070561;2;9291;73761;533;;;;;;;similarity_reference;414
3;TOT-both-none;instance_30_10_4_10;epsilon;epsilon-constraint;similarity-budget;0.05;414;394;;;;totalizer;both;none;TIMEOUT;300.1297345;300.0;7.46358515;2;9291;73761;533;;;;;;;similarity_reference;414
3;TOT-both-none;instance_30_10_4_10;epsilon;epsilon-constraint;similarity-budget;0.10;414;373;;;;totalizer;both;none;TIMEOUT;300.1250569;300.0;5.426391825;2;9291;73761;533;;;;;;;similarity_reference;414
4;TOT-both-ss;instance_30_10_4_10;epsilon;epsilon-constraint;similarity-budget;0;414;414;;;;totalizer;both;slot-service;TIMEOUT;300.1272377;300.0;8.383374846;2;9292;73768;533;;;;;;;similarity_reference;414
4;TOT-both-ss;instance_30_10_4_10;epsilon;epsilon-constraint;similarity-budget;0.01;414;410;;;;totalizer;both;slot-service;TIMEOUT;300.1314315;300.0;6.445195115;2;9292;73768;533;;;;;;;similarity_reference;414
4;TOT-both-ss;instance_30_10_4_10;epsilon;epsilon-constraint;similarity-budget;0.025;414;404;;;;totalizer;both;slot-service;TIMEOUT;300.1330684;300.0;8.422156704;2;9292;73768;533;;;;;;;similarity_reference;414
4;TOT-both-ss;instance_30_10_4_10;epsilon;epsilon-constraint;similarity-budget;0.05;414;394;;;;totalizer;both;slot-service;TIMEOUT;300.1292314;300.0;8.488868344;2;9292;73768;533;;;;;;;similarity_reference;414
4;TOT-both-ss;instance_30_10_4_10;epsilon;epsilon-constraint;similarity-budget;0.10;414;373;;;;totalizer;both;slot-service;TIMEOUT;300.1309956;300.0;8.448715751;2;9292;73768;533;;;;;;;similarity_reference;414
5;ORIGINAL;instance_30_10_4_10;epsilon;epsilon-constraint;similarity-budget;0;414;414;;;;sorting-network;none;none;TIMEOUT;300.1211677;300.0;7.52139372;2;17109;59733;533;;;;;;;similarity_reference;414
5;ORIGINAL;instance_30_10_4_10;epsilon;epsilon-constraint;similarity-budget;0.01;414;410;;;;sorting-network;none;none;TIMEOUT;300.1324252;300.0;8.572940581;2;17109;59733;533;;;;;;;similarity_reference;414
5;ORIGINAL;instance_30_10_4_10;epsilon;epsilon-constraint;similarity-budget;0.025;414;404;;;;sorting-network;none;none;TIMEOUT;300.1255514;300.0;7.553884189;2;17109;59733;533;;;;;;;similarity_reference;414
5;ORIGINAL;instance_30_10_4_10;epsilon;epsilon-constraint;similarity-budget;0.05;414;394;;;;sorting-network;none;none;TIMEOUT;300.1201538;300.0;8.597939397;2;17109;59733;533;;;;;;;similarity_reference;414
5;ORIGINAL;instance_30_10_4_10;epsilon;epsilon-constraint;similarity-budget;0.10;414;373;;;;sorting-network;none;none;TIMEOUT;300.1285478;300.0;8.561137368;2;17109;59733;533;;;;;;;similarity_reference;414
6;SN-none-ss;instance_30_10_4_10;epsilon;epsilon-constraint;similarity-budget;0;414;414;;;;sorting-network;none;slot-service;TIMEOUT;300.1250681;300.0;8.546309632;2;17515;61403;533;;;;;;;similarity_reference;414
6;SN-none-ss;instance_30_10_4_10;epsilon;epsilon-constraint;similarity-budget;0.01;414;410;;;;sorting-network;none;slot-service;TIMEOUT;300.1277698;300.0;7.643054203;2;17515;61403;533;;;;;;;similarity_reference;414
6;SN-none-ss;instance_30_10_4_10;epsilon;epsilon-constraint;similarity-budget;0.025;414;404;;;;sorting-network;none;slot-service;TIMEOUT;300.1258721;300.0;8.588238096;2;17515;61403;533;;;;;;;similarity_reference;414
6;SN-none-ss;instance_30_10_4_10;epsilon;epsilon-constraint;similarity-budget;0.05;414;394;;;;sorting-network;none;slot-service;TIMEOUT;300.1292729;300.0;8.609998624;2;17515;61403;533;;;;;;;similarity_reference;414
6;SN-none-ss;instance_30_10_4_10;epsilon;epsilon-constraint;similarity-budget;0.10;414;373;;;;sorting-network;none;slot-service;TIMEOUT;300.1305803;300.0;8.592187519;2;17515;61403;533;;;;;;;similarity_reference;414
7;SN-both-none;instance_30_10_4_10;epsilon;epsilon-constraint;similarity-budget;0;414;414;;;;sorting-network;both;none;TIMEOUT;300.1277742;300.0;7.831680083;2;23901;80337;533;;;;;;;similarity_reference;414
7;SN-both-none;instance_30_10_4_10;epsilon;epsilon-constraint;similarity-budget;0.01;414;410;;;;sorting-network;both;none;TIMEOUT;300.1249343;300.0;7.885030558;2;23901;80337;533;;;;;;;similarity_reference;414
7;SN-both-none;instance_30_10_4_10;epsilon;epsilon-constraint;similarity-budget;0.025;414;404;;;;sorting-network;both;none;TIMEOUT;300.124357;300.0;7.826955572;2;23901;80337;533;;;;;;;similarity_reference;414
7;SN-both-none;instance_30_10_4_10;epsilon;epsilon-constraint;similarity-budget;0.05;414;394;;;;sorting-network;both;none;TIMEOUT;300.1219313;300.0;7.844667993;2;23901;80337;533;;;;;;;similarity_reference;414
7;SN-both-none;instance_30_10_4_10;epsilon;epsilon-constraint;similarity-budget;0.10;414;373;;;;sorting-network;both;none;TIMEOUT;300.1276758;300.0;7.810509583;2;23901;80337;533;;;;;;;similarity_reference;414
8;SN-both-ss;instance_30_10_4_10;epsilon;epsilon-constraint;similarity-budget;0;414;414;;;;sorting-network;both;slot-service;TIMEOUT;300.1245427;300.0;7.893132845;2;23902;80344;533;;;;;;;similarity_reference;414
8;SN-both-ss;instance_30_10_4_10;epsilon;epsilon-constraint;similarity-budget;0.01;414;410;;;;sorting-network;both;slot-service;TIMEOUT;300.1255383;300.0;7.87522046;2;23902;80344;533;;;;;;;similarity_reference;414
8;SN-both-ss;instance_30_10_4_10;epsilon;epsilon-constraint;similarity-budget;0.025;414;404;;;;sorting-network;both;slot-service;TIMEOUT;300.1304806;300.0;8.848302433;2;23902;80344;533;;;;;;;similarity_reference;414
8;SN-both-ss;instance_30_10_4_10;epsilon;epsilon-constraint;similarity-budget;0.05;414;394;;;;sorting-network;both;slot-service;TIMEOUT;300.1282775;300.0;7.834755693;2;23902;80344;533;;;;;;;similarity_reference;414
8;SN-both-ss;instance_30_10_4_10;epsilon;epsilon-constraint;similarity-budget;0.10;414;373;;;;sorting-network;both;slot-service;TIMEOUT;300.130127;300.0;9.894656417;2;23902;80344;533;;;;;;;similarity_reference;414
1;TOT-none-none;instance_30_10_4_11;epsilon;epsilon-constraint;similarity-budget;0;402;402;;;;totalizer;none;none;TIMEOUT;300.1168581;300.0;9.863117503;2;5726;54938;520;;;;;;;similarity_reference;402
1;TOT-none-none;instance_30_10_4_11;epsilon;epsilon-constraint;similarity-budget;0.01;402;398;;;;totalizer;none;none;TIMEOUT;300.1221636;300.0;10.98657703;2;5726;54938;520;;;;;;;similarity_reference;402
1;TOT-none-none;instance_30_10_4_11;epsilon;epsilon-constraint;similarity-budget;0.025;402;392;;;;totalizer;none;none;TIMEOUT;300.121122;300.0;10.96113372;2;5726;54938;520;;;;;;;similarity_reference;402
1;TOT-none-none;instance_30_10_4_11;epsilon;epsilon-constraint;similarity-budget;0.05;402;382;;;;totalizer;none;none;TIMEOUT;300.1230043;300.0;10.15905557;2;5726;54938;520;;;;;;;similarity_reference;402
1;TOT-none-none;instance_30_10_4_11;epsilon;epsilon-constraint;similarity-budget;0.10;402;362;;;;totalizer;none;none;TIMEOUT;300.1240246;300.0;10.94608977;2;5726;54938;520;;;;;;;similarity_reference;402
2;TOT-none-ss;instance_30_10_4_11;epsilon;epsilon-constraint;similarity-budget;0;402;402;;;;totalizer;none;slot-service;TIMEOUT;300.1243788;300.0;9.120036037;2;6135;56471;520;;;;;;;similarity_reference;402
2;TOT-none-ss;instance_30_10_4_11;epsilon;epsilon-constraint;similarity-budget;0.01;402;398;;;;totalizer;none;slot-service;TIMEOUT;300.1263332;300.0;9.168364071;2;6135;56471;520;;;;;;;similarity_reference;402
2;TOT-none-ss;instance_30_10_4_11;epsilon;epsilon-constraint;similarity-budget;0.025;402;392;;;;totalizer;none;slot-service;TIMEOUT;300.1208141;300.0;9.197396486;2;6135;56471;520;;;;;;;similarity_reference;402
2;TOT-none-ss;instance_30_10_4_11;epsilon;epsilon-constraint;similarity-budget;0.05;402;382;;;;totalizer;none;slot-service;TIMEOUT;300.1212823;300.0;8.21760741;2;6135;56471;520;;;;;;;similarity_reference;402
2;TOT-none-ss;instance_30_10_4_11;epsilon;epsilon-constraint;similarity-budget;0.10;402;362;;;;totalizer;none;slot-service;TIMEOUT;300.120184;300.0;8.185662792;2;6135;56471;520;;;;;;;similarity_reference;402
3;TOT-both-none;instance_30_10_4_11;epsilon;epsilon-constraint;similarity-budget;0;402;402;;;;totalizer;both;none;TIMEOUT;300.1298733;300.0;10.2165613;2;9038;70474;520;;;;;;;similarity_reference;402
3;TOT-both-none;instance_30_10_4_11;epsilon;epsilon-constraint;similarity-budget;0.01;402;398;;;;totalizer;both;none;TIMEOUT;300.1284959;300.0;9.252759196;2;9038;70474;520;;;;;;;similarity_reference;402
3;TOT-both-none;instance_30_10_4_11;epsilon;epsilon-constraint;similarity-budget;0.025;402;392;;;;totalizer;both;none;TIMEOUT;300.129714;300.0;10.24976811;2;9038;70474;520;;;;;;;similarity_reference;402
3;TOT-both-none;instance_30_10_4_11;epsilon;epsilon-constraint;similarity-budget;0.05;402;382;;;;totalizer;both;none;TIMEOUT;300.125476;300.0;10.26018969;2;9038;70474;520;;;;;;;similarity_reference;402
3;TOT-both-none;instance_30_10_4_11;epsilon;epsilon-constraint;similarity-budget;0.10;402;362;;;;totalizer;both;none;TIMEOUT;300.1214978;300.0;9.252374553;2;9038;70474;520;;;;;;;similarity_reference;402
4;TOT-both-ss;instance_30_10_4_11;epsilon;epsilon-constraint;similarity-budget;0;402;402;;;;totalizer;both;slot-service;TIMEOUT;300.123295;300.0;9.240508975;2;9038;70477;520;;;;;;;similarity_reference;402
4;TOT-both-ss;instance_30_10_4_11;epsilon;epsilon-constraint;similarity-budget;0.01;402;398;;;;totalizer;both;slot-service;TIMEOUT;300.1212753;300.0;8.29608389;2;9038;70477;520;;;;;;;similarity_reference;402
4;TOT-both-ss;instance_30_10_4_11;epsilon;epsilon-constraint;similarity-budget;0.025;402;392;;;;totalizer;both;slot-service;TIMEOUT;300.1264257;300.0;9.285097048;2;9038;70477;520;;;;;;;similarity_reference;402
4;TOT-both-ss;instance_30_10_4_11;epsilon;epsilon-constraint;similarity-budget;0.05;402;382;;;;totalizer;both;slot-service;TIMEOUT;300.1290384;300.0;9.293740933;2;9038;70477;520;;;;;;;similarity_reference;402
4;TOT-both-ss;instance_30_10_4_11;epsilon;epsilon-constraint;similarity-budget;0.10;402;362;;;;totalizer;both;slot-service;TIMEOUT;300.124834;300.0;8.295593808;2;9038;70477;520;;;;;;;similarity_reference;402
5;ORIGINAL;instance_30_10_4_11;epsilon;epsilon-constraint;similarity-budget;0;402;402;;;;sorting-network;none;none;TIMEOUT;300.1223963;300.0;8.366553555;2;16332;56268;520;;;;;;;similarity_reference;402
5;ORIGINAL;instance_30_10_4_11;epsilon;epsilon-constraint;similarity-budget;0.01;402;398;;;;sorting-network;none;none;TIMEOUT;300.1190929;300.0;8.465688693;2;16332;56268;520;;;;;;;similarity_reference;402
5;ORIGINAL;instance_30_10_4_11;epsilon;epsilon-constraint;similarity-budget;0.025;402;392;;;;sorting-network;none;none;TIMEOUT;300.1240267;300.0;8.438002026;2;16332;56268;520;;;;;;;similarity_reference;402
5;ORIGINAL;instance_30_10_4_11;epsilon;epsilon-constraint;similarity-budget;0.05;402;382;;;;sorting-network;none;none;TIMEOUT;300.1180276;300.0;8.446503697;2;16332;56268;520;;;;;;;similarity_reference;402
5;ORIGINAL;instance_30_10_4_11;epsilon;epsilon-constraint;similarity-budget;0.10;402;362;;;;sorting-network;none;none;TIMEOUT;300.1241124;300.0;8.451115816;2;16332;56268;520;;;;;;;similarity_reference;402
6;SN-none-ss;instance_30_10_4_11;epsilon;epsilon-constraint;similarity-budget;0;402;402;;;;sorting-network;none;slot-service;TIMEOUT;300.1184162;300.0;7.467345195;2;16741;57801;520;;;;;;;similarity_reference;402
6;SN-none-ss;instance_30_10_4_11;epsilon;epsilon-constraint;similarity-budget;0.01;402;398;;;;sorting-network;none;slot-service;TIMEOUT;300.1269436;300.0;7.514112277;2;16741;57801;520;;;;;;;similarity_reference;402
6;SN-none-ss;instance_30_10_4_11;epsilon;epsilon-constraint;similarity-budget;0.025;402;392;;;;sorting-network;none;slot-service;TIMEOUT;300.126957;300.0;7.453591435;2;16741;57801;520;;;;;;;similarity_reference;402
6;SN-none-ss;instance_30_10_4_11;epsilon;epsilon-constraint;similarity-budget;0.05;402;382;;;;sorting-network;none;slot-service;TIMEOUT;300.1220919;300.0;7.533235947;2;16741;57801;520;;;;;;;similarity_reference;402
6;SN-none-ss;instance_30_10_4_11;epsilon;epsilon-constraint;similarity-budget;0.10;402;362;;;;sorting-network;none;slot-service;TIMEOUT;300.118834;300.0;7.49045844;2;16741;57801;520;;;;;;;similarity_reference;402
7;SN-both-none;instance_30_10_4_11;epsilon;epsilon-constraint;similarity-budget;0;402;402;;;;sorting-network;both;none;TIMEOUT;300.1275974;300.0;9.763551656;2;22993;76322;520;;;;;;;similarity_reference;402
7;SN-both-none;instance_30_10_4_11;epsilon;epsilon-constraint;similarity-budget;0.01;402;398;;;;sorting-network;both;none;TIMEOUT;300.1334434;300.0;9.816937723;2;22993;76322;520;;;;;;;similarity_reference;402
7;SN-both-none;instance_30_10_4_11;epsilon;epsilon-constraint;similarity-budget;0.025;402;392;;;;sorting-network;both;none;TIMEOUT;300.1278573;300.0;9.706313732;2;22993;76322;520;;;;;;;similarity_reference;402
7;SN-both-none;instance_30_10_4_11;epsilon;epsilon-constraint;similarity-budget;0.05;402;382;;;;sorting-network;both;none;TIMEOUT;300.1258872;300.0;9.749831117;2;22993;76322;520;;;;;;;similarity_reference;402
7;SN-both-none;instance_30_10_4_11;epsilon;epsilon-constraint;similarity-budget;0.10;402;362;;;;sorting-network;both;none;TIMEOUT;300.1278397;300.0;9.716115765;2;22993;76322;520;;;;;;;similarity_reference;402
8;SN-both-ss;instance_30_10_4_11;epsilon;epsilon-constraint;similarity-budget;0;402;402;;;;sorting-network;both;slot-service;TIMEOUT;300.122809;300.0;8.838522843;2;22993;76325;520;;;;;;;similarity_reference;402
8;SN-both-ss;instance_30_10_4_11;epsilon;epsilon-constraint;similarity-budget;0.01;402;398;;;;sorting-network;both;slot-service;TIMEOUT;300.1243003;300.0;9.146768353;2;22993;76325;520;;;;;;;similarity_reference;402
8;SN-both-ss;instance_30_10_4_11;epsilon;epsilon-constraint;similarity-budget;0.025;402;392;;;;sorting-network;both;slot-service;TIMEOUT;300.1288829;300.0;9.004037425;2;22993;76325;520;;;;;;;similarity_reference;402
8;SN-both-ss;instance_30_10_4_11;epsilon;epsilon-constraint;similarity-budget;0.05;402;382;;;;sorting-network;both;slot-service;TIMEOUT;300.1297103;300.0;8.679098283;2;22993;76325;520;;;;;;;similarity_reference;402
8;SN-both-ss;instance_30_10_4_11;epsilon;epsilon-constraint;similarity-budget;0.10;402;362;;;;sorting-network;both;slot-service;TIMEOUT;300.1279705;300.0;9.163904185;2;22993;76325;520;;;;;;;similarity_reference;402
1;TOT-none-none;instance_30_10_4_12;epsilon;epsilon-constraint;similarity-budget;0;397;397;;;;totalizer;none;none;TIMEOUT;300.1233684;300.0;5.385300903;2;6048;62607;535;;;;;;;similarity_reference;397
1;TOT-none-none;instance_30_10_4_12;epsilon;epsilon-constraint;similarity-budget;0.01;397;394;;;;totalizer;none;none;TIMEOUT;300.1291314;300.0;5.45829621;2;6048;62607;535;;;;;;;similarity_reference;397
1;TOT-none-none;instance_30_10_4_12;epsilon;epsilon-constraint;similarity-budget;0.025;397;388;;;;totalizer;none;none;TIMEOUT;300.1248869;300.0;5.457112785;2;6048;62607;535;;;;;;;similarity_reference;397
1;TOT-none-none;instance_30_10_4_12;epsilon;epsilon-constraint;similarity-budget;0.05;397;378;;;;totalizer;none;none;TIMEOUT;300.128202;300.0;5.497306091;2;6048;62607;535;;;;;;;similarity_reference;397
1;TOT-none-none;instance_30_10_4_12;epsilon;epsilon-constraint;similarity-budget;0.10;397;358;;;;totalizer;none;none;TIMEOUT;300.1237713;300.0;5.408757424;2;6048;62607;535;;;;;;;similarity_reference;397
2;TOT-none-ss;instance_30_10_4_12;epsilon;epsilon-constraint;similarity-budget;0;397;397;;;;totalizer;none;slot-service;TIMEOUT;300.1203507;300.0;15.2395496;2;6469;64416;535;;;;;;;similarity_reference;397
2;TOT-none-ss;instance_30_10_4_12;epsilon;epsilon-constraint;similarity-budget;0.01;397;394;;;;totalizer;none;slot-service;TIMEOUT;300.1249787;300.0;16.2545109;2;6469;64416;535;;;;;;;similarity_reference;397
2;TOT-none-ss;instance_30_10_4_12;epsilon;epsilon-constraint;similarity-budget;0.025;397;388;;;;totalizer;none;slot-service;TIMEOUT;300.1205842;300.0;17.22838531;2;6469;64416;535;;;;;;;similarity_reference;397
2;TOT-none-ss;instance_30_10_4_12;epsilon;epsilon-constraint;similarity-budget;0.05;397;378;;;;totalizer;none;slot-service;TIMEOUT;300.1212231;300.0;17.85785536;2;6469;64416;535;;;;;;;similarity_reference;397
2;TOT-none-ss;instance_30_10_4_12;epsilon;epsilon-constraint;similarity-budget;0.10;397;358;;;;totalizer;none;slot-service;TIMEOUT;300.1260377;300.0;15.27993344;2;6469;64416;535;;;;;;;similarity_reference;397
3;TOT-both-none;instance_30_10_4_12;epsilon;epsilon-constraint;similarity-budget;0;397;397;;;;totalizer;both;none;TIMEOUT;300.1246809;300.0;12.5761141;2;9578;79760;535;;;;;;;similarity_reference;397
3;TOT-both-none;instance_30_10_4_12;epsilon;epsilon-constraint;similarity-budget;0.01;397;394;;;;totalizer;both;none;TIMEOUT;300.1299924;300.0;11.63478724;2;9578;79760;535;;;;;;;similarity_reference;397
3;TOT-both-none;instance_30_10_4_12;epsilon;epsilon-constraint;similarity-budget;0.025;397;388;;;;totalizer;both;none;TIMEOUT;300.1222325;300.0;11.64100607;2;9578;79760;535;;;;;;;similarity_reference;397
3;TOT-both-none;instance_30_10_4_12;epsilon;epsilon-constraint;similarity-budget;0.05;397;378;;;;totalizer;both;none;TIMEOUT;300.1228521;300.0;12.70316888;2;9578;79760;535;;;;;;;similarity_reference;397
3;TOT-both-none;instance_30_10_4_12;epsilon;epsilon-constraint;similarity-budget;0.10;397;358;;;;totalizer;both;none;TIMEOUT;300.1306122;300.0;12.64442933;2;9578;79760;535;;;;;;;similarity_reference;397
4;TOT-both-ss;instance_30_10_4_12;epsilon;epsilon-constraint;similarity-budget;0;397;397;;;;totalizer;both;slot-service;TIMEOUT;300.1276112;300.0;11.60625774;2;9578;79761;535;;;;;;;similarity_reference;397
4;TOT-both-ss;instance_30_10_4_12;epsilon;epsilon-constraint;similarity-budget;0.01;397;394;;;;totalizer;both;slot-service;TIMEOUT;300.1301815;300.0;11.65744361;2;9578;79761;535;;;;;;;similarity_reference;397
4;TOT-both-ss;instance_30_10_4_12;epsilon;epsilon-constraint;similarity-budget;0.025;397;388;;;;totalizer;both;slot-service;TIMEOUT;300.1307724;300.0;12.63009226;2;9578;79761;535;;;;;;;similarity_reference;397
4;TOT-both-ss;instance_30_10_4_12;epsilon;epsilon-constraint;similarity-budget;0.05;397;378;;;;totalizer;both;slot-service;TIMEOUT;300.1240256;300.0;11.71802262;2;9578;79761;535;;;;;;;similarity_reference;397
4;TOT-both-ss;instance_30_10_4_12;epsilon;epsilon-constraint;similarity-budget;0.10;397;358;;;;totalizer;both;slot-service;TIMEOUT;300.1309816;300.0;12.7033443;2;9578;79761;535;;;;;;;similarity_reference;397
5;ORIGINAL;instance_30_10_4_12;epsilon;epsilon-constraint;similarity-budget;0;397;397;;;;sorting-network;none;none;TIMEOUT;300.1217317;300.0;5.888684891;2;16412;60849;535;;;;;;;similarity_reference;397
5;ORIGINAL;instance_30_10_4_12;epsilon;epsilon-constraint;similarity-budget;0.01;397;394;;;;sorting-network;none;none;TIMEOUT;300.122462;300.0;7.060468287;2;16412;60849;535;;;;;;;similarity_reference;397
5;ORIGINAL;instance_30_10_4_12;epsilon;epsilon-constraint;similarity-budget;0.025;397;388;;;;sorting-network;none;none;TIMEOUT;300.1268295;300.0;7.037223096;2;16412;60849;535;;;;;;;similarity_reference;397
5;ORIGINAL;instance_30_10_4_12;epsilon;epsilon-constraint;similarity-budget;0.05;397;378;;;;sorting-network;none;none;TIMEOUT;300.1240542;300.0;6.090971775;2;16412;60849;535;;;;;;;similarity_reference;397
5;ORIGINAL;instance_30_10_4_12;epsilon;epsilon-constraint;similarity-budget;0.10;397;358;;;;sorting-network;none;none;TIMEOUT;300.1227039;300.0;7.998381085;2;16412;60849;535;;;;;;;similarity_reference;397
6;SN-none-ss;instance_30_10_4_12;epsilon;epsilon-constraint;similarity-budget;0;397;397;;;;sorting-network;none;slot-service;TIMEOUT;300.1264386;300.0;16.33786352;2;16833;62658;535;;;;;;;similarity_reference;397
6;SN-none-ss;instance_30_10_4_12;epsilon;epsilon-constraint;similarity-budget;0.01;397;394;;;;sorting-network;none;slot-service;TIMEOUT;300.120879;300.0;15.58577855;2;16833;62658;535;;;;;;;similarity_reference;397
6;SN-none-ss;instance_30_10_4_12;epsilon;epsilon-constraint;similarity-budget;0.025;397;388;;;;sorting-network;none;slot-service;TIMEOUT;300.1211145;300.0;15.45788342;2;16833;62658;535;;;;;;;similarity_reference;397
6;SN-none-ss;instance_30_10_4_12;epsilon;epsilon-constraint;similarity-budget;0.05;397;378;;;;sorting-network;none;slot-service;TIMEOUT;300.1204677;300.0;15.58767765;2;16833;62658;535;;;;;;;similarity_reference;397
6;SN-none-ss;instance_30_10_4_12;epsilon;epsilon-constraint;similarity-budget;0.10;397;358;;;;sorting-network;none;slot-service;TIMEOUT;300.1236461;300.0;14.60960022;2;16833;62658;535;;;;;;;similarity_reference;397
7;SN-both-none;instance_30_10_4_12;epsilon;epsilon-constraint;similarity-budget;0;397;397;;;;sorting-network;both;none;TIMEOUT;300.1207133;300.0;6.321289676;2;23897;83618;535;;;;;;;similarity_reference;397
7;SN-both-none;instance_30_10_4_12;epsilon;epsilon-constraint;similarity-budget;0.01;397;394;;;;sorting-network;both;none;TIMEOUT;300.1238698;300.0;6.467109588;2;23897;83618;535;;;;;;;similarity_reference;397
7;SN-both-none;instance_30_10_4_12;epsilon;epsilon-constraint;similarity-budget;0.025;397;388;;;;sorting-network;both;none;TIMEOUT;300.1217428;300.0;6.334845296;2;23897;83618;535;;;;;;;similarity_reference;397
7;SN-both-none;instance_30_10_4_12;epsilon;epsilon-constraint;similarity-budget;0.05;397;378;;;;sorting-network;both;none;TIMEOUT;300.1270829;300.0;6.352871069;2;23897;83618;535;;;;;;;similarity_reference;397
7;SN-both-none;instance_30_10_4_12;epsilon;epsilon-constraint;similarity-budget;0.10;397;358;;;;sorting-network;both;none;TIMEOUT;300.1302672;300.0;6.322399952;2;23897;83618;535;;;;;;;similarity_reference;397
8;SN-both-ss;instance_30_10_4_12;epsilon;epsilon-constraint;similarity-budget;0;397;397;;;;sorting-network;both;slot-service;TIMEOUT;300.1294841;300.0;12.28813377;2;23897;83619;535;;;;;;;similarity_reference;397
8;SN-both-ss;instance_30_10_4_12;epsilon;epsilon-constraint;similarity-budget;0.01;397;394;;;;sorting-network;both;slot-service;TIMEOUT;300.1241206;300.0;11.37397969;2;23897;83619;535;;;;;;;similarity_reference;397
8;SN-both-ss;instance_30_10_4_12;epsilon;epsilon-constraint;similarity-budget;0.025;397;388;;;;sorting-network;both;slot-service;TIMEOUT;300.1312422;300.0;9.504449393;2;23897;83619;535;;;;;;;similarity_reference;397
8;SN-both-ss;instance_30_10_4_12;epsilon;epsilon-constraint;similarity-budget;0.05;397;378;;;;sorting-network;both;slot-service;TIMEOUT;300.129601;300.0;11.26782922;2;23897;83619;535;;;;;;;similarity_reference;397
8;SN-both-ss;instance_30_10_4_12;epsilon;epsilon-constraint;similarity-budget;0.10;397;358;;;;sorting-network;both;slot-service;TIMEOUT;300.1278857;300.0;11.57858171;2;23897;83619;535;;;;;;;similarity_reference;397
1;TOT-none-none;instance_30_10_4_13;epsilon;epsilon-constraint;similarity-budget;0;;;;;;totalizer;none;none;UNSATISFIABLE;0.030797973;300.0;0;1;0;0;0;;;;;;;;
1;TOT-none-none;instance_30_10_4_13;epsilon;epsilon-constraint;similarity-budget;0.01;;;;;;totalizer;none;none;UNSATISFIABLE;0.035214141;300.0;0;1;0;0;0;;;;;;;;
1;TOT-none-none;instance_30_10_4_13;epsilon;epsilon-constraint;similarity-budget;0.025;;;;;;totalizer;none;none;UNSATISFIABLE;0.034849539;300.0;0;1;0;0;0;;;;;;;;
1;TOT-none-none;instance_30_10_4_13;epsilon;epsilon-constraint;similarity-budget;0.05;;;;;;totalizer;none;none;UNSATISFIABLE;0.035379265;300.0;0;1;0;0;0;;;;;;;;
1;TOT-none-none;instance_30_10_4_13;epsilon;epsilon-constraint;similarity-budget;0.10;;;;;;totalizer;none;none;UNSATISFIABLE;0.034252624;300.0;0;1;0;0;0;;;;;;;;
2;TOT-none-ss;instance_30_10_4_13;epsilon;epsilon-constraint;similarity-budget;0;;;;;;totalizer;none;slot-service;UNSATISFIABLE;0.034116285;300.0;0;1;0;0;0;;;;;;;;
2;TOT-none-ss;instance_30_10_4_13;epsilon;epsilon-constraint;similarity-budget;0.01;;;;;;totalizer;none;slot-service;UNSATISFIABLE;0.036892472;300.0;0;1;0;0;0;;;;;;;;
2;TOT-none-ss;instance_30_10_4_13;epsilon;epsilon-constraint;similarity-budget;0.025;;;;;;totalizer;none;slot-service;UNSATISFIABLE;0.036806553;300.0;0;1;0;0;0;;;;;;;;
2;TOT-none-ss;instance_30_10_4_13;epsilon;epsilon-constraint;similarity-budget;0.05;;;;;;totalizer;none;slot-service;UNSATISFIABLE;0.037187239;300.0;0;1;0;0;0;;;;;;;;
2;TOT-none-ss;instance_30_10_4_13;epsilon;epsilon-constraint;similarity-budget;0.10;;;;;;totalizer;none;slot-service;UNSATISFIABLE;0.036041776;300.0;0;1;0;0;0;;;;;;;;
3;TOT-both-none;instance_30_10_4_13;epsilon;epsilon-constraint;similarity-budget;0;;;;;;totalizer;both;none;UNSATISFIABLE;0.03671416;300.0;0;1;0;0;0;;;;;;;;
3;TOT-both-none;instance_30_10_4_13;epsilon;epsilon-constraint;similarity-budget;0.01;;;;;;totalizer;both;none;UNSATISFIABLE;0.040222185;300.0;0;1;0;0;0;;;;;;;;
3;TOT-both-none;instance_30_10_4_13;epsilon;epsilon-constraint;similarity-budget;0.025;;;;;;totalizer;both;none;UNSATISFIABLE;0.040995606;300.0;0;1;0;0;0;;;;;;;;
3;TOT-both-none;instance_30_10_4_13;epsilon;epsilon-constraint;similarity-budget;0.05;;;;;;totalizer;both;none;UNSATISFIABLE;0.051667222;300.0;0;1;0;0;0;;;;;;;;
3;TOT-both-none;instance_30_10_4_13;epsilon;epsilon-constraint;similarity-budget;0.10;;;;;;totalizer;both;none;UNSATISFIABLE;0.042526701;300.0;0;1;0;0;0;;;;;;;;
4;TOT-both-ss;instance_30_10_4_13;epsilon;epsilon-constraint;similarity-budget;0;;;;;;totalizer;both;slot-service;UNSATISFIABLE;0.037512094;300.0;0;1;0;0;0;;;;;;;;
4;TOT-both-ss;instance_30_10_4_13;epsilon;epsilon-constraint;similarity-budget;0.01;;;;;;totalizer;both;slot-service;UNSATISFIABLE;0.052985848;300.0;0;1;0;0;0;;;;;;;;
4;TOT-both-ss;instance_30_10_4_13;epsilon;epsilon-constraint;similarity-budget;0.025;;;;;;totalizer;both;slot-service;UNSATISFIABLE;0.042873054;300.0;0;1;0;0;0;;;;;;;;
4;TOT-both-ss;instance_30_10_4_13;epsilon;epsilon-constraint;similarity-budget;0.05;;;;;;totalizer;both;slot-service;UNSATISFIABLE;0.053779739;300.0;0;1;0;0;0;;;;;;;;
4;TOT-both-ss;instance_30_10_4_13;epsilon;epsilon-constraint;similarity-budget;0.10;;;;;;totalizer;both;slot-service;UNSATISFIABLE;0.053593483;300.0;0;1;0;0;0;;;;;;;;
5;ORIGINAL;instance_30_10_4_13;epsilon;epsilon-constraint;similarity-budget;0;;;;;;sorting-network;none;none;UNSATISFIABLE;0.031357431;300.0;0;1;0;0;0;;;;;;;;
5;ORIGINAL;instance_30_10_4_13;epsilon;epsilon-constraint;similarity-budget;0.01;;;;;;sorting-network;none;none;UNSATISFIABLE;0.034211628;300.0;0;1;0;0;0;;;;;;;;
5;ORIGINAL;instance_30_10_4_13;epsilon;epsilon-constraint;similarity-budget;0.025;;;;;;sorting-network;none;none;UNSATISFIABLE;0.033144317;300.0;0;1;0;0;0;;;;;;;;
5;ORIGINAL;instance_30_10_4_13;epsilon;epsilon-constraint;similarity-budget;0.05;;;;;;sorting-network;none;none;UNSATISFIABLE;0.034595764;300.0;0;1;0;0;0;;;;;;;;
5;ORIGINAL;instance_30_10_4_13;epsilon;epsilon-constraint;similarity-budget;0.10;;;;;;sorting-network;none;none;UNSATISFIABLE;0.033723683;300.0;0;1;0;0;0;;;;;;;;
6;SN-none-ss;instance_30_10_4_13;epsilon;epsilon-constraint;similarity-budget;0;;;;;;sorting-network;none;slot-service;UNSATISFIABLE;0.033569712;300.0;0;1;0;0;0;;;;;;;;
6;SN-none-ss;instance_30_10_4_13;epsilon;epsilon-constraint;similarity-budget;0.01;;;;;;sorting-network;none;slot-service;UNSATISFIABLE;0.036645201;300.0;0;1;0;0;0;;;;;;;;
6;SN-none-ss;instance_30_10_4_13;epsilon;epsilon-constraint;similarity-budget;0.025;;;;;;sorting-network;none;slot-service;UNSATISFIABLE;0.037017826;300.0;0;1;0;0;0;;;;;;;;
6;SN-none-ss;instance_30_10_4_13;epsilon;epsilon-constraint;similarity-budget;0.05;;;;;;sorting-network;none;slot-service;UNSATISFIABLE;0.035812131;300.0;0;1;0;0;0;;;;;;;;
6;SN-none-ss;instance_30_10_4_13;epsilon;epsilon-constraint;similarity-budget;0.10;;;;;;sorting-network;none;slot-service;UNSATISFIABLE;0.034538998;300.0;0;1;0;0;0;;;;;;;;
7;SN-both-none;instance_30_10_4_13;epsilon;epsilon-constraint;similarity-budget;0;;;;;;sorting-network;both;none;UNSATISFIABLE;0.051043517;300.0;0;1;0;0;0;;;;;;;;
7;SN-both-none;instance_30_10_4_13;epsilon;epsilon-constraint;similarity-budget;0.01;;;;;;sorting-network;both;none;UNSATISFIABLE;0.056260382;300.0;0;1;0;0;0;;;;;;;;
7;SN-both-none;instance_30_10_4_13;epsilon;epsilon-constraint;similarity-budget;0.025;;;;;;sorting-network;both;none;UNSATISFIABLE;0.05449513;300.0;0;1;0;0;0;;;;;;;;
7;SN-both-none;instance_30_10_4_13;epsilon;epsilon-constraint;similarity-budget;0.05;;;;;;sorting-network;both;none;UNSATISFIABLE;0.055658608;300.0;0;1;0;0;0;;;;;;;;
7;SN-both-none;instance_30_10_4_13;epsilon;epsilon-constraint;similarity-budget;0.10;;;;;;sorting-network;both;none;UNSATISFIABLE;0.056057994;300.0;0;1;0;0;0;;;;;;;;
8;SN-both-ss;instance_30_10_4_13;epsilon;epsilon-constraint;similarity-budget;0;;;;;;sorting-network;both;slot-service;UNSATISFIABLE;0.056183222;300.0;0;1;0;0;0;;;;;;;;
8;SN-both-ss;instance_30_10_4_13;epsilon;epsilon-constraint;similarity-budget;0.01;;;;;;sorting-network;both;slot-service;UNSATISFIABLE;0.056543975;300.0;0;1;0;0;0;;;;;;;;
8;SN-both-ss;instance_30_10_4_13;epsilon;epsilon-constraint;similarity-budget;0.025;;;;;;sorting-network;both;slot-service;UNSATISFIABLE;0.054615654;300.0;0;1;0;0;0;;;;;;;;
8;SN-both-ss;instance_30_10_4_13;epsilon;epsilon-constraint;similarity-budget;0.05;;;;;;sorting-network;both;slot-service;UNSATISFIABLE;0.055041514;300.0;0;1;0;0;0;;;;;;;;
8;SN-both-ss;instance_30_10_4_13;epsilon;epsilon-constraint;similarity-budget;0.10;;;;;;sorting-network;both;slot-service;UNSATISFIABLE;0.056353069;300.0;0;1;0;0;0;;;;;;;;
1;TOT-none-none;instance_30_10_4_14;epsilon;epsilon-constraint;similarity-budget;0;;;;;;totalizer;none;none;UNSATISFIABLE;0.030589847;300.0;0;1;0;0;0;;;;;;;;
1;TOT-none-none;instance_30_10_4_14;epsilon;epsilon-constraint;similarity-budget;0.01;;;;;;totalizer;none;none;UNSATISFIABLE;0.035836828;300.0;0;1;0;0;0;;;;;;;;
1;TOT-none-none;instance_30_10_4_14;epsilon;epsilon-constraint;similarity-budget;0.025;;;;;;totalizer;none;none;UNSATISFIABLE;0.036511729;300.0;0;1;0;0;0;;;;;;;;
1;TOT-none-none;instance_30_10_4_14;epsilon;epsilon-constraint;similarity-budget;0.05;;;;;;totalizer;none;none;UNSATISFIABLE;0.036710471;300.0;0;1;0;0;0;;;;;;;;
1;TOT-none-none;instance_30_10_4_14;epsilon;epsilon-constraint;similarity-budget;0.10;;;;;;totalizer;none;none;UNSATISFIABLE;0.033555586;300.0;0;1;0;0;0;;;;;;;;
2;TOT-none-ss;instance_30_10_4_14;epsilon;epsilon-constraint;similarity-budget;0;;;;;;totalizer;none;slot-service;UNSATISFIABLE;0.032306354;300.0;0;1;0;0;0;;;;;;;;
2;TOT-none-ss;instance_30_10_4_14;epsilon;epsilon-constraint;similarity-budget;0.01;;;;;;totalizer;none;slot-service;UNSATISFIABLE;0.038410869;300.0;0;1;0;0;0;;;;;;;;
2;TOT-none-ss;instance_30_10_4_14;epsilon;epsilon-constraint;similarity-budget;0.025;;;;;;totalizer;none;slot-service;UNSATISFIABLE;0.036298388;300.0;0;1;0;0;0;;;;;;;;
2;TOT-none-ss;instance_30_10_4_14;epsilon;epsilon-constraint;similarity-budget;0.05;;;;;;totalizer;none;slot-service;UNSATISFIABLE;0.046308639;300.0;0;1;0;0;0;;;;;;;;
2;TOT-none-ss;instance_30_10_4_14;epsilon;epsilon-constraint;similarity-budget;0.10;;;;;;totalizer;none;slot-service;UNSATISFIABLE;0.034437444;300.0;0;1;0;0;0;;;;;;;;
3;TOT-both-none;instance_30_10_4_14;epsilon;epsilon-constraint;similarity-budget;0;;;;;;totalizer;both;none;UNSATISFIABLE;0.04771554;300.0;0;1;0;0;0;;;;;;;;
3;TOT-both-none;instance_30_10_4_14;epsilon;epsilon-constraint;similarity-budget;0.01;;;;;;totalizer;both;none;UNSATISFIABLE;0.050516629;300.0;0;1;0;0;0;;;;;;;;
3;TOT-both-none;instance_30_10_4_14;epsilon;epsilon-constraint;similarity-budget;0.025;;;;;;totalizer;both;none;UNSATISFIABLE;0.051951229;300.0;0;1;0;0;0;;;;;;;;
3;TOT-both-none;instance_30_10_4_14;epsilon;epsilon-constraint;similarity-budget;0.05;;;;;;totalizer;both;none;UNSATISFIABLE;0.054285163;300.0;0;1;0;0;0;;;;;;;;
3;TOT-both-none;instance_30_10_4_14;epsilon;epsilon-constraint;similarity-budget;0.10;;;;;;totalizer;both;none;UNSATISFIABLE;0.048164372;300.0;0;1;0;0;0;;;;;;;;
4;TOT-both-ss;instance_30_10_4_14;epsilon;epsilon-constraint;similarity-budget;0;;;;;;totalizer;both;slot-service;UNSATISFIABLE;0.037333342;300.0;0;1;0;0;0;;;;;;;;
4;TOT-both-ss;instance_30_10_4_14;epsilon;epsilon-constraint;similarity-budget;0.01;;;;;;totalizer;both;slot-service;UNSATISFIABLE;0.05145991;300.0;0;1;0;0;0;;;;;;;;
4;TOT-both-ss;instance_30_10_4_14;epsilon;epsilon-constraint;similarity-budget;0.025;;;;;;totalizer;both;slot-service;UNSATISFIABLE;0.053086567;300.0;0;1;0;0;0;;;;;;;;
4;TOT-both-ss;instance_30_10_4_14;epsilon;epsilon-constraint;similarity-budget;0.05;;;;;;totalizer;both;slot-service;UNSATISFIABLE;0.053295352;300.0;0;1;0;0;0;;;;;;;;
4;TOT-both-ss;instance_30_10_4_14;epsilon;epsilon-constraint;similarity-budget;0.10;;;;;;totalizer;both;slot-service;UNSATISFIABLE;0.053353323;300.0;0;1;0;0;0;;;;;;;;
5;ORIGINAL;instance_30_10_4_14;epsilon;epsilon-constraint;similarity-budget;0;;;;;;sorting-network;none;none;UNSATISFIABLE;0.032340724;300.0;0;1;0;0;0;;;;;;;;
5;ORIGINAL;instance_30_10_4_14;epsilon;epsilon-constraint;similarity-budget;0.01;;;;;;sorting-network;none;none;UNSATISFIABLE;0.046312348;300.0;0;1;0;0;0;;;;;;;;
5;ORIGINAL;instance_30_10_4_14;epsilon;epsilon-constraint;similarity-budget;0.025;;;;;;sorting-network;none;none;UNSATISFIABLE;0.035381109;300.0;0;1;0;0;0;;;;;;;;
5;ORIGINAL;instance_30_10_4_14;epsilon;epsilon-constraint;similarity-budget;0.05;;;;;;sorting-network;none;none;UNSATISFIABLE;0.047300668;300.0;0;1;0;0;0;;;;;;;;
5;ORIGINAL;instance_30_10_4_14;epsilon;epsilon-constraint;similarity-budget;0.10;;;;;;sorting-network;none;none;UNSATISFIABLE;0.046811461;300.0;0;1;0;0;0;;;;;;;;
6;SN-none-ss;instance_30_10_4_14;epsilon;epsilon-constraint;similarity-budget;0;;;;;;sorting-network;none;slot-service;UNSATISFIABLE;0.03535678;300.0;0;1;0;0;0;;;;;;;;
6;SN-none-ss;instance_30_10_4_14;epsilon;epsilon-constraint;similarity-budget;0.01;;;;;;sorting-network;none;slot-service;UNSATISFIABLE;0.049704018;300.0;0;1;0;0;0;;;;;;;;
6;SN-none-ss;instance_30_10_4_14;epsilon;epsilon-constraint;similarity-budget;0.025;;;;;;sorting-network;none;slot-service;UNSATISFIABLE;0.047725751;300.0;0;1;0;0;0;;;;;;;;
6;SN-none-ss;instance_30_10_4_14;epsilon;epsilon-constraint;similarity-budget;0.05;;;;;;sorting-network;none;slot-service;UNSATISFIABLE;0.048589471;300.0;0;1;0;0;0;;;;;;;;
6;SN-none-ss;instance_30_10_4_14;epsilon;epsilon-constraint;similarity-budget;0.10;;;;;;sorting-network;none;slot-service;UNSATISFIABLE;0.049460156;300.0;0;1;0;0;0;;;;;;;;
7;SN-both-none;instance_30_10_4_14;epsilon;epsilon-constraint;similarity-budget;0;;;;;;sorting-network;both;none;UNSATISFIABLE;0.049157096;300.0;0;1;0;0;0;;;;;;;;
7;SN-both-none;instance_30_10_4_14;epsilon;epsilon-constraint;similarity-budget;0.01;;;;;;sorting-network;both;none;UNSATISFIABLE;0.057860994;300.0;0;1;0;0;0;;;;;;;;
7;SN-both-none;instance_30_10_4_14;epsilon;epsilon-constraint;similarity-budget;0.025;;;;;;sorting-network;both;none;UNSATISFIABLE;0.053865412;300.0;0;1;0;0;0;;;;;;;;
7;SN-both-none;instance_30_10_4_14;epsilon;epsilon-constraint;similarity-budget;0.05;;;;;;sorting-network;both;none;UNSATISFIABLE;0.056360419;300.0;0;1;0;0;0;;;;;;;;
7;SN-both-none;instance_30_10_4_14;epsilon;epsilon-constraint;similarity-budget;0.10;;;;;;sorting-network;both;none;UNSATISFIABLE;0.055843108;300.0;0;1;0;0;0;;;;;;;;
8;SN-both-ss;instance_30_10_4_14;epsilon;epsilon-constraint;similarity-budget;0;;;;;;sorting-network;both;slot-service;UNSATISFIABLE;0.056475146;300.0;0;1;0;0;0;;;;;;;;
8;SN-both-ss;instance_30_10_4_14;epsilon;epsilon-constraint;similarity-budget;0.01;;;;;;sorting-network;both;slot-service;UNSATISFIABLE;0.0546543;300.0;0;1;0;0;0;;;;;;;;
8;SN-both-ss;instance_30_10_4_14;epsilon;epsilon-constraint;similarity-budget;0.025;;;;;;sorting-network;both;slot-service;UNSATISFIABLE;0.056751378;300.0;0;1;0;0;0;;;;;;;;
8;SN-both-ss;instance_30_10_4_14;epsilon;epsilon-constraint;similarity-budget;0.05;;;;;;sorting-network;both;slot-service;UNSATISFIABLE;0.059160997;300.0;0;1;0;0;0;;;;;;;;
8;SN-both-ss;instance_30_10_4_14;epsilon;epsilon-constraint;similarity-budget;0.10;;;;;;sorting-network;both;slot-service;UNSATISFIABLE;0.055042936;300.0;0;1;0;0;0;;;;;;;;
1;TOT-none-none;instance_30_10_4_15;epsilon;epsilon-constraint;similarity-budget;0;;;;;;totalizer;none;none;UNSATISFIABLE;0.022899292;300.0;0;1;0;0;0;;;;;;;;
1;TOT-none-none;instance_30_10_4_15;epsilon;epsilon-constraint;similarity-budget;0.01;;;;;;totalizer;none;none;UNSATISFIABLE;0.02435452;300.0;0;1;0;0;0;;;;;;;;
1;TOT-none-none;instance_30_10_4_15;epsilon;epsilon-constraint;similarity-budget;0.025;;;;;;totalizer;none;none;UNSATISFIABLE;0.026030295;300.0;0;1;0;0;0;;;;;;;;
1;TOT-none-none;instance_30_10_4_15;epsilon;epsilon-constraint;similarity-budget;0.05;;;;;;totalizer;none;none;UNSATISFIABLE;0.025748572;300.0;0;1;0;0;0;;;;;;;;
1;TOT-none-none;instance_30_10_4_15;epsilon;epsilon-constraint;similarity-budget;0.10;;;;;;totalizer;none;none;UNSATISFIABLE;0.025616081;300.0;0;1;0;0;0;;;;;;;;
2;TOT-none-ss;instance_30_10_4_15;epsilon;epsilon-constraint;similarity-budget;0;;;;;;totalizer;none;slot-service;UNSATISFIABLE;0.024478436;300.0;0;1;0;0;0;;;;;;;;
2;TOT-none-ss;instance_30_10_4_15;epsilon;epsilon-constraint;similarity-budget;0.01;;;;;;totalizer;none;slot-service;UNSATISFIABLE;0.027441694;300.0;0;1;0;0;0;;;;;;;;
2;TOT-none-ss;instance_30_10_4_15;epsilon;epsilon-constraint;similarity-budget;0.025;;;;;;totalizer;none;slot-service;UNSATISFIABLE;0.027074377;300.0;0;1;0;0;0;;;;;;;;
2;TOT-none-ss;instance_30_10_4_15;epsilon;epsilon-constraint;similarity-budget;0.05;;;;;;totalizer;none;slot-service;UNSATISFIABLE;0.028107009;300.0;0;1;0;0;0;;;;;;;;
2;TOT-none-ss;instance_30_10_4_15;epsilon;epsilon-constraint;similarity-budget;0.10;;;;;;totalizer;none;slot-service;UNSATISFIABLE;0.026936174;300.0;0;1;0;0;0;;;;;;;;
3;TOT-both-none;instance_30_10_4_15;epsilon;epsilon-constraint;similarity-budget;0;;;;;;totalizer;both;none;UNSATISFIABLE;0.032524603;300.0;0;1;0;0;0;;;;;;;;
3;TOT-both-none;instance_30_10_4_15;epsilon;epsilon-constraint;similarity-budget;0.01;;;;;;totalizer;both;none;UNSATISFIABLE;0.034760955;300.0;0;1;0;0;0;;;;;;;;
3;TOT-both-none;instance_30_10_4_15;epsilon;epsilon-constraint;similarity-budget;0.025;;;;;;totalizer;both;none;UNSATISFIABLE;0.034256007;300.0;0;1;0;0;0;;;;;;;;
3;TOT-both-none;instance_30_10_4_15;epsilon;epsilon-constraint;similarity-budget;0.05;;;;;;totalizer;both;none;UNSATISFIABLE;0.034157201;300.0;0;1;0;0;0;;;;;;;;
3;TOT-both-none;instance_30_10_4_15;epsilon;epsilon-constraint;similarity-budget;0.10;;;;;;totalizer;both;none;UNSATISFIABLE;0.036769891;300.0;0;1;0;0;0;;;;;;;;
4;TOT-both-ss;instance_30_10_4_15;epsilon;epsilon-constraint;similarity-budget;0;;;;;;totalizer;both;slot-service;UNSATISFIABLE;0.03179936;300.0;0;1;0;0;0;;;;;;;;
4;TOT-both-ss;instance_30_10_4_15;epsilon;epsilon-constraint;similarity-budget;0.01;;;;;;totalizer;both;slot-service;UNSATISFIABLE;0.035295738;300.0;0;1;0;0;0;;;;;;;;
4;TOT-both-ss;instance_30_10_4_15;epsilon;epsilon-constraint;similarity-budget;0.025;;;;;;totalizer;both;slot-service;UNSATISFIABLE;0.035229869;300.0;0;1;0;0;0;;;;;;;;
4;TOT-both-ss;instance_30_10_4_15;epsilon;epsilon-constraint;similarity-budget;0.05;;;;;;totalizer;both;slot-service;UNSATISFIABLE;0.03696992;300.0;0;1;0;0;0;;;;;;;;
4;TOT-both-ss;instance_30_10_4_15;epsilon;epsilon-constraint;similarity-budget;0.10;;;;;;totalizer;both;slot-service;UNSATISFIABLE;0.035164258;300.0;0;1;0;0;0;;;;;;;;
5;ORIGINAL;instance_30_10_4_15;epsilon;epsilon-constraint;similarity-budget;0;;;;;;sorting-network;none;none;UNSATISFIABLE;0.02389707;300.0;0;1;0;0;0;;;;;;;;
5;ORIGINAL;instance_30_10_4_15;epsilon;epsilon-constraint;similarity-budget;0.01;;;;;;sorting-network;none;none;UNSATISFIABLE;0.027167498;300.0;0;1;0;0;0;;;;;;;;
5;ORIGINAL;instance_30_10_4_15;epsilon;epsilon-constraint;similarity-budget;0.025;;;;;;sorting-network;none;none;UNSATISFIABLE;0.025044842;300.0;0;1;0;0;0;;;;;;;;
5;ORIGINAL;instance_30_10_4_15;epsilon;epsilon-constraint;similarity-budget;0.05;;;;;;sorting-network;none;none;UNSATISFIABLE;0.0271166;300.0;0;1;0;0;0;;;;;;;;
5;ORIGINAL;instance_30_10_4_15;epsilon;epsilon-constraint;similarity-budget;0.10;;;;;;sorting-network;none;none;UNSATISFIABLE;0.026342052;300.0;0;1;0;0;0;;;;;;;;
6;SN-none-ss;instance_30_10_4_15;epsilon;epsilon-constraint;similarity-budget;0;;;;;;sorting-network;none;slot-service;UNSATISFIABLE;0.025493584;300.0;0;1;0;0;0;;;;;;;;
6;SN-none-ss;instance_30_10_4_15;epsilon;epsilon-constraint;similarity-budget;0.01;;;;;;sorting-network;none;slot-service;UNSATISFIABLE;0.029599803;300.0;0;1;0;0;0;;;;;;;;
6;SN-none-ss;instance_30_10_4_15;epsilon;epsilon-constraint;similarity-budget;0.025;;;;;;sorting-network;none;slot-service;UNSATISFIABLE;0.026520596;300.0;0;1;0;0;0;;;;;;;;
6;SN-none-ss;instance_30_10_4_15;epsilon;epsilon-constraint;similarity-budget;0.05;;;;;;sorting-network;none;slot-service;UNSATISFIABLE;0.028079827;300.0;0;1;0;0;0;;;;;;;;
6;SN-none-ss;instance_30_10_4_15;epsilon;epsilon-constraint;similarity-budget;0.10;;;;;;sorting-network;none;slot-service;UNSATISFIABLE;0.028240304;300.0;0;1;0;0;0;;;;;;;;
7;SN-both-none;instance_30_10_4_15;epsilon;epsilon-constraint;similarity-budget;0;;;;;;sorting-network;both;none;UNSATISFIABLE;0.034809527;300.0;0;1;0;0;0;;;;;;;;
7;SN-both-none;instance_30_10_4_15;epsilon;epsilon-constraint;similarity-budget;0.01;;;;;;sorting-network;both;none;UNSATISFIABLE;0.038530099;300.0;0;1;0;0;0;;;;;;;;
7;SN-both-none;instance_30_10_4_15;epsilon;epsilon-constraint;similarity-budget;0.025;;;;;;sorting-network;both;none;UNSATISFIABLE;0.036144193;300.0;0;1;0;0;0;;;;;;;;
7;SN-both-none;instance_30_10_4_15;epsilon;epsilon-constraint;similarity-budget;0.05;;;;;;sorting-network;both;none;UNSATISFIABLE;0.034773131;300.0;0;1;0;0;0;;;;;;;;
7;SN-both-none;instance_30_10_4_15;epsilon;epsilon-constraint;similarity-budget;0.10;;;;;;sorting-network;both;none;UNSATISFIABLE;0.036307677;300.0;0;1;0;0;0;;;;;;;;
8;SN-both-ss;instance_30_10_4_15;epsilon;epsilon-constraint;similarity-budget;0;;;;;;sorting-network;both;slot-service;UNSATISFIABLE;0.038367104;300.0;0;1;0;0;0;;;;;;;;
8;SN-both-ss;instance_30_10_4_15;epsilon;epsilon-constraint;similarity-budget;0.01;;;;;;sorting-network;both;slot-service;UNSATISFIABLE;0.03730126;300.0;0;1;0;0;0;;;;;;;;
8;SN-both-ss;instance_30_10_4_15;epsilon;epsilon-constraint;similarity-budget;0.025;;;;;;sorting-network;both;slot-service;UNSATISFIABLE;0.037950103;300.0;0;1;0;0;0;;;;;;;;
8;SN-both-ss;instance_30_10_4_15;epsilon;epsilon-constraint;similarity-budget;0.05;;;;;;sorting-network;both;slot-service;UNSATISFIABLE;0.036263508;300.0;0;1;0;0;0;;;;;;;;
8;SN-both-ss;instance_30_10_4_15;epsilon;epsilon-constraint;similarity-budget;0.10;;;;;;sorting-network;both;slot-service;UNSATISFIABLE;0.03655675;300.0;0;1;0;0;0;;;;;;;;
1;TOT-none-none;instance_30_10_4_16;epsilon;epsilon-constraint;similarity-budget;0;436;436;;;;totalizer;none;none;TIMEOUT;300.127269;300.0;6.362924183;2;6555;68091;565;;;;;;;similarity_reference;436
1;TOT-none-none;instance_30_10_4_16;epsilon;epsilon-constraint;similarity-budget;0.01;436;432;;;;totalizer;none;none;TIMEOUT;300.1269206;300.0;6.392960837;2;6555;68091;565;;;;;;;similarity_reference;436
1;TOT-none-none;instance_30_10_4_16;epsilon;epsilon-constraint;similarity-budget;0.025;436;426;;;;totalizer;none;none;TIMEOUT;300.1309202;300.0;6.382830394;2;6555;68091;565;;;;;;;similarity_reference;436
1;TOT-none-none;instance_30_10_4_16;epsilon;epsilon-constraint;similarity-budget;0.05;436;415;;;;totalizer;none;none;TIMEOUT;300.1331413;300.0;6.414446788;2;6555;68091;565;;;;;;;similarity_reference;436
1;TOT-none-none;instance_30_10_4_16;epsilon;epsilon-constraint;similarity-budget;0.10;436;393;;;;totalizer;none;none;TIMEOUT;300.1254154;300.0;6.3744837;2;6555;68091;565;;;;;;;similarity_reference;436
2;TOT-none-ss;instance_30_10_4_16;epsilon;epsilon-constraint;similarity-budget;0;436;436;;;;totalizer;none;slot-service;TIMEOUT;300.1259935;300.0;4.399612736;2;6971;70082;565;;;;;;;similarity_reference;436
2;TOT-none-ss;instance_30_10_4_16;epsilon;epsilon-constraint;similarity-budget;0.01;436;432;;;;totalizer;none;slot-service;TIMEOUT;300.1222737;300.0;4.431406695;2;6971;70082;565;;;;;;;similarity_reference;436
2;TOT-none-ss;instance_30_10_4_16;epsilon;epsilon-constraint;similarity-budget;0.025;436;426;;;;totalizer;none;slot-service;TIMEOUT;300.1258025;300.0;4.439510428;2;6971;70082;565;;;;;;;similarity_reference;436
2;TOT-none-ss;instance_30_10_4_16;epsilon;epsilon-constraint;similarity-budget;0.05;436;415;;;;totalizer;none;slot-service;TIMEOUT;300.1269064;300.0;4.470092524;2;6971;70082;565;;;;;;;similarity_reference;436
2;TOT-none-ss;instance_30_10_4_16;epsilon;epsilon-constraint;similarity-budget;0.10;436;393;;;;totalizer;none;slot-service;TIMEOUT;300.1297068;300.0;4.441067465;2;6971;70082;565;;;;;;;similarity_reference;436
3;TOT-both-none;instance_30_10_4_16;epsilon;epsilon-constraint;similarity-budget;0;436;436;;;;totalizer;both;none;TIMEOUT;300.1265717;300.0;3.553335005;2;9903;84083;565;;;;;;;similarity_reference;436
3;TOT-both-none;instance_30_10_4_16;epsilon;epsilon-constraint;similarity-budget;0.01;436;432;;;;totalizer;both;none;TIMEOUT;300.1287167;300.0;3.593888158;2;9903;84083;565;;;;;;;similarity_reference;436
3;TOT-both-none;instance_30_10_4_16;epsilon;epsilon-constraint;similarity-budget;0.025;436;426;;;;totalizer;both;none;TIMEOUT;300.1271003;300.0;3.595580812;2;9903;84083;565;;;;;;;similarity_reference;436
3;TOT-both-none;instance_30_10_4_16;epsilon;epsilon-constraint;similarity-budget;0.05;436;415;;;;totalizer;both;none;TIMEOUT;300.1321854;300.0;3.64530987;2;9903;84083;565;;;;;;;similarity_reference;436
3;TOT-both-none;instance_30_10_4_16;epsilon;epsilon-constraint;similarity-budget;0.10;436;393;;;;totalizer;both;none;TIMEOUT;300.1254515;300.0;3.603805625;2;9903;84083;565;;;;;;;similarity_reference;436
4;TOT-both-ss;instance_30_10_4_16;epsilon;epsilon-constraint;similarity-budget;0;436;436;;;;totalizer;both;slot-service;TIMEOUT;300.1284256;300.0;4.589255613;2;9909;84109;565;;;;;;;similarity_reference;436
4;TOT-both-ss;instance_30_10_4_16;epsilon;epsilon-constraint;similarity-budget;0.01;436;432;;;;totalizer;both;slot-service;TIMEOUT;300.132863;300.0;4.632712516;2;9909;84109;565;;;;;;;similarity_reference;436
4;TOT-both-ss;instance_30_10_4_16;epsilon;epsilon-constraint;similarity-budget;0.025;436;426;;;;totalizer;both;slot-service;TIMEOUT;300.1307741;300.0;4.630345614;2;9909;84109;565;;;;;;;similarity_reference;436
4;TOT-both-ss;instance_30_10_4_16;epsilon;epsilon-constraint;similarity-budget;0.05;436;415;;;;totalizer;both;slot-service;TIMEOUT;300.1288565;300.0;4.673886967;2;9909;84109;565;;;;;;;similarity_reference;436
4;TOT-both-ss;instance_30_10_4_16;epsilon;epsilon-constraint;similarity-budget;0.10;436;393;;;;totalizer;both;slot-service;TIMEOUT;300.1327606;300.0;4.673135802;2;9909;84109;565;;;;;;;similarity_reference;436
5;ORIGINAL;instance_30_10_4_16;epsilon;epsilon-constraint;similarity-budget;0;436;436;;;;sorting-network;none;none;TIMEOUT;300.1299002;300.0;5.818468418;2;17677;67347;565;;;;;;;similarity_reference;436
5;ORIGINAL;instance_30_10_4_16;epsilon;epsilon-constraint;similarity-budget;0.01;436;432;;;;sorting-network;none;none;TIMEOUT;300.1288389;300.0;5.95861227;2;17677;67347;565;;;;;;;similarity_reference;436
5;ORIGINAL;instance_30_10_4_16;epsilon;epsilon-constraint;similarity-budget;0.025;436;426;;;;sorting-network;none;none;TIMEOUT;300.1254287;300.0;5.899582781;2;17677;67347;565;;;;;;;similarity_reference;436
5;ORIGINAL;instance_30_10_4_16;epsilon;epsilon-constraint;similarity-budget;0.05;436;415;;;;sorting-network;none;none;TIMEOUT;300.1290942;300.0;5.979171297;2;17677;67347;565;;;;;;;similarity_reference;436
5;ORIGINAL;instance_30_10_4_16;epsilon;epsilon-constraint;similarity-budget;0.10;436;393;;;;sorting-network;none;none;TIMEOUT;300.1235347;300.0;5.952224666;2;17677;67347;565;;;;;;;similarity_reference;436
6;SN-none-ss;instance_30_10_4_16;epsilon;epsilon-constraint;similarity-budget;0;436;436;;;;sorting-network;none;slot-service;TIMEOUT;300.1252104;300.0;5.969223655;2;18093;69338;565;;;;;;;similarity_reference;436
6;SN-none-ss;instance_30_10_4_16;epsilon;epsilon-constraint;similarity-budget;0.01;436;432;;;;sorting-network;none;slot-service;TIMEOUT;300.1301414;300.0;4.100235541;2;18093;69338;565;;;;;;;similarity_reference;436
6;SN-none-ss;instance_30_10_4_16;epsilon;epsilon-constraint;similarity-budget;0.025;436;426;;;;sorting-network;none;slot-service;TIMEOUT;300.1228455;300.0;4.953470582;2;18093;69338;565;;;;;;;similarity_reference;436
6;SN-none-ss;instance_30_10_4_16;epsilon;epsilon-constraint;similarity-budget;0.05;436;415;;;;sorting-network;none;slot-service;TIMEOUT;300.128627;300.0;7.026658826;2;18093;69338;565;;;;;;;similarity_reference;436
6;SN-none-ss;instance_30_10_4_16;epsilon;epsilon-constraint;similarity-budget;0.10;436;393;;;;sorting-network;none;slot-service;TIMEOUT;300.124648;300.0;7.059699943;2;18093;69338;565;;;;;;;similarity_reference;436
7;SN-both-none;instance_30_10_4_16;epsilon;epsilon-constraint;similarity-budget;0;436;436;;;;sorting-network;both;none;TIMEOUT;300.1240961;300.0;4.0475617;2;24538;88421;565;;;;;;;similarity_reference;436
7;SN-both-none;instance_30_10_4_16;epsilon;epsilon-constraint;similarity-budget;0.01;436;432;;;;sorting-network;both;none;TIMEOUT;300.1336515;300.0;4.189273828;2;24538;88421;565;;;;;;;similarity_reference;436
7;SN-both-none;instance_30_10_4_16;epsilon;epsilon-constraint;similarity-budget;0.025;436;426;;;;sorting-network;both;none;TIMEOUT;300.1288519;300.0;4.158136038;2;24538;88421;565;;;;;;;similarity_reference;436
7;SN-both-none;instance_30_10_4_16;epsilon;epsilon-constraint;similarity-budget;0.05;436;415;;;;sorting-network;both;none;TIMEOUT;300.1314632;300.0;4.110905435;2;24538;88421;565;;;;;;;similarity_reference;436
7;SN-both-none;instance_30_10_4_16;epsilon;epsilon-constraint;similarity-budget;0.10;436;393;;;;sorting-network;both;none;TIMEOUT;300.1279602;300.0;4.148646519;2;24538;88421;565;;;;;;;similarity_reference;436
8;SN-both-ss;instance_30_10_4_16;epsilon;epsilon-constraint;similarity-budget;0;436;436;;;;sorting-network;both;slot-service;TIMEOUT;300.1339841;300.0;9.256071376;2;24544;88447;565;;;;;;;similarity_reference;436
8;SN-both-ss;instance_30_10_4_16;epsilon;epsilon-constraint;similarity-budget;0.01;436;432;;;;sorting-network;both;slot-service;TIMEOUT;300.1256108;300.0;9.100491273;2;24544;88447;565;;;;;;;similarity_reference;436
8;SN-both-ss;instance_30_10_4_16;epsilon;epsilon-constraint;similarity-budget;0.025;436;426;;;;sorting-network;both;slot-service;TIMEOUT;300.1327173;300.0;7.060191673;2;24544;88447;565;;;;;;;similarity_reference;436
8;SN-both-ss;instance_30_10_4_16;epsilon;epsilon-constraint;similarity-budget;0.05;436;415;;;;sorting-network;both;slot-service;TIMEOUT;300.1289973;300.0;8.088701195;2;24544;88447;565;;;;;;;similarity_reference;436
8;SN-both-ss;instance_30_10_4_16;epsilon;epsilon-constraint;similarity-budget;0.10;436;393;;;;sorting-network;both;slot-service;TIMEOUT;300.1278599;300.0;9.112573788;2;24544;88447;565;;;;;;;similarity_reference;436
1;TOT-none-none;instance_30_10_4_17;epsilon;epsilon-constraint;similarity-budget;0;402;402;;;;totalizer;none;none;TIMEOUT;300.1206445;300.0;5.00456075;2;4770;39967;399;;;;;;;similarity_reference;402
1;TOT-none-none;instance_30_10_4_17;epsilon;epsilon-constraint;similarity-budget;0.01;402;398;;;;totalizer;none;none;TIMEOUT;300.1242609;300.0;5.124385419;2;4770;39967;399;;;;;;;similarity_reference;402
1;TOT-none-none;instance_30_10_4_17;epsilon;epsilon-constraint;similarity-budget;0.025;402;392;;;;totalizer;none;none;TIMEOUT;300.1150316;300.0;5.095831123;2;4770;39967;399;;;;;;;similarity_reference;402
1;TOT-none-none;instance_30_10_4_17;epsilon;epsilon-constraint;similarity-budget;0.05;402;382;;;;totalizer;none;none;TIMEOUT;300.1183699;300.0;5.196380773;2;4770;39967;399;;;;;;;similarity_reference;402
1;TOT-none-none;instance_30_10_4_17;epsilon;epsilon-constraint;similarity-budget;0.10;402;362;;;;totalizer;none;none;TIMEOUT;300.1276336;300.0;264.397840454;4;129451;289330;847;;;;;;;similarity_reference | continuity | overtime;402 | 0 | 0
2;TOT-none-ss;instance_30_10_4_17;epsilon;epsilon-constraint;similarity-budget;0;402;402;;;;totalizer;none;slot-service;TIMEOUT;300.1231759;300.0;3.212230446;2;5208;41584;399;;;;;;;similarity_reference;402
2;TOT-none-ss;instance_30_10_4_17;epsilon;epsilon-constraint;similarity-budget;0.01;402;398;;;;totalizer;none;slot-service;TIMEOUT;300.1172039;300.0;3.231825116;2;5208;41584;399;;;;;;;similarity_reference;402
2;TOT-none-ss;instance_30_10_4_17;epsilon;epsilon-constraint;similarity-budget;0.025;402;392;;;;totalizer;none;slot-service;TIMEOUT;300.1171535;300.0;3.230870809;2;5208;41584;399;;;;;;;similarity_reference;402
2;TOT-none-ss;instance_30_10_4_17;epsilon;epsilon-constraint;similarity-budget;0.05;402;382;;;;totalizer;none;slot-service;TIMEOUT;300.1201229;300.0;3.25190055;2;5208;41584;399;;;;;;;similarity_reference;402
2;TOT-none-ss;instance_30_10_4_17;epsilon;epsilon-constraint;similarity-budget;0.10;402;362;;;;totalizer;none;slot-service;TIMEOUT;300.1343922;300.0;243.64938992900002;4;129889;290947;847;;;;;;;similarity_reference | continuity | overtime;402 | 0 | 0
3;TOT-both-none;instance_30_10_4_17;epsilon;epsilon-constraint;similarity-budget;0;402;402;;;;totalizer;both;none;TIMEOUT;300.1231464;300.0;6.30333866;2;8318;56985;399;;;;;;;similarity_reference;402
3;TOT-both-none;instance_30_10_4_17;epsilon;epsilon-constraint;similarity-budget;0.01;402;398;;;;totalizer;both;none;TIMEOUT;300.1173478;300.0;6.324701518;2;8318;56985;399;;;;;;;similarity_reference;402
3;TOT-both-none;instance_30_10_4_17;epsilon;epsilon-constraint;similarity-budget;0.025;402;392;;;;totalizer;both;none;TIMEOUT;300.1185397;300.0;5.357737652;2;8318;56985;399;;;;;;;similarity_reference;402
3;TOT-both-none;instance_30_10_4_17;epsilon;epsilon-constraint;similarity-budget;0.05;402;382;;;;totalizer;both;none;TIMEOUT;300.1201896;300.0;5.396118694;2;8318;56985;399;;;;;;;similarity_reference;402
3;TOT-both-none;instance_30_10_4_17;epsilon;epsilon-constraint;similarity-budget;0.10;402;362;;;;totalizer;both;none;TIMEOUT;300.1164523;300.0;5.378408337;2;8318;56985;399;;;;;;;similarity_reference;402
4;TOT-both-ss;instance_30_10_4_17;epsilon;epsilon-constraint;similarity-budget;0;402;402;;;;totalizer;both;slot-service;TIMEOUT;300.1150432;300.0;6.282377413;2;8327;57024;399;;;;;;;similarity_reference;402
4;TOT-both-ss;instance_30_10_4_17;epsilon;epsilon-constraint;similarity-budget;0.01;402;398;;;;totalizer;both;slot-service;TIMEOUT;300.1175791;300.0;6.292422066;2;8327;57024;399;;;;;;;similarity_reference;402
4;TOT-both-ss;instance_30_10_4_17;epsilon;epsilon-constraint;similarity-budget;0.025;402;392;;;;totalizer;both;slot-service;TIMEOUT;300.1241827;300.0;6.294441964;2;8327;57024;399;;;;;;;similarity_reference;402
4;TOT-both-ss;instance_30_10_4_17;epsilon;epsilon-constraint;similarity-budget;0.05;402;382;;;;totalizer;both;slot-service;TIMEOUT;300.115407;300.0;6.342871595;2;8327;57024;399;;;;;;;similarity_reference;402
4;TOT-both-ss;instance_30_10_4_17;epsilon;epsilon-constraint;similarity-budget;0.10;402;362;;;;totalizer;both;slot-service;TIMEOUT;300.1269929;300.0;289.81471124;4;133008;306387;847;;;;;;;similarity_reference | continuity | overtime;402 | 0 | 0
5;ORIGINAL;instance_30_10_4_17;epsilon;epsilon-constraint;similarity-budget;0;402;402;;;;sorting-network;none;none;TIMEOUT;300.1191404;300.0;6.270688317;2;10648;38043;399;;;;;;;similarity_reference;402
5;ORIGINAL;instance_30_10_4_17;epsilon;epsilon-constraint;similarity-budget;0.01;402;398;;;;sorting-network;none;none;TIMEOUT;300.1205485;300.0;6.314406751;2;10648;38043;399;;;;;;;similarity_reference;402
5;ORIGINAL;instance_30_10_4_17;epsilon;epsilon-constraint;similarity-budget;0.025;402;392;;;;sorting-network;none;none;TIMEOUT;300.1140515;300.0;6.294136313;2;10648;38043;399;;;;;;;similarity_reference;402
5;ORIGINAL;instance_30_10_4_17;epsilon;epsilon-constraint;similarity-budget;0.05;402;382;;;;sorting-network;none;none;TIMEOUT;300.1220966;300.0;6.324157187;2;10648;38043;399;;;;;;;similarity_reference;402
5;ORIGINAL;instance_30_10_4_17;epsilon;epsilon-constraint;similarity-budget;0.10;402;362;;;;sorting-network;none;none;TIMEOUT;300.1268593;300.0;237.810325367;4;135329;287406;847;;;;;;;similarity_reference | continuity | overtime;402 | 0 | 0
6;SN-none-ss;instance_30_10_4_17;epsilon;epsilon-constraint;similarity-budget;0;402;402;;;;sorting-network;none;slot-service;TIMEOUT;300.1192996;300.0;6.441206231;2;11086;39660;399;;;;;;;similarity_reference;402
6;SN-none-ss;instance_30_10_4_17;epsilon;epsilon-constraint;similarity-budget;0.01;402;398;;;;sorting-network;none;slot-service;TIMEOUT;300.1156206;300.0;6.434348293;2;11086;39660;399;;;;;;;similarity_reference;402
6;SN-none-ss;instance_30_10_4_17;epsilon;epsilon-constraint;similarity-budget;0.025;402;392;;;;sorting-network;none;slot-service;TIMEOUT;300.1144876;300.0;6.422122752;2;11086;39660;399;;;;;;;similarity_reference;402
6;SN-none-ss;instance_30_10_4_17;epsilon;epsilon-constraint;similarity-budget;0.05;402;382;;;;sorting-network;none;slot-service;TIMEOUT;300.1133424;300.0;6.434619241;2;11086;39660;399;;;;;;;similarity_reference;402
6;SN-none-ss;instance_30_10_4_17;epsilon;epsilon-constraint;similarity-budget;0.10;402;362;;;;sorting-network;none;slot-service;TIMEOUT;300.1219358;300.0;6.46357806;2;11086;39660;399;;;;;;;similarity_reference;402
7;SN-both-none;instance_30_10_4_17;epsilon;epsilon-constraint;similarity-budget;0;402;402;;;;sorting-network;both;none;TIMEOUT;300.1218739;300.0;5.637214895;2;17923;59901;399;;;;;;;similarity_reference;402
7;SN-both-none;instance_30_10_4_17;epsilon;epsilon-constraint;similarity-budget;0.01;402;398;;;;sorting-network;both;none;TIMEOUT;300.1178683;300.0;5.639163417;2;17923;59901;399;;;;;;;similarity_reference;402
7;SN-both-none;instance_30_10_4_17;epsilon;epsilon-constraint;similarity-budget;0.025;402;392;;;;sorting-network;both;none;TIMEOUT;300.1191399;300.0;5.58784316;2;17923;59901;399;;;;;;;similarity_reference;402
7;SN-both-none;instance_30_10_4_17;epsilon;epsilon-constraint;similarity-budget;0.05;402;382;;;;sorting-network;both;none;TIMEOUT;300.1326016;300.0;239.139527595;3;84092;192239;847;;;;;;;similarity_reference | continuity;402 | 0
7;SN-both-none;instance_30_10_4_17;epsilon;epsilon-constraint;similarity-budget;0.10;402;362;;;;sorting-network;both;none;TIMEOUT;300.1235423;300.0;5.638392034;2;17923;59901;399;;;;;;;similarity_reference;402
8;SN-both-ss;instance_30_10_4_17;epsilon;epsilon-constraint;similarity-budget;0;402;402;;;;sorting-network;both;slot-service;TIMEOUT;300.1199567;300.0;4.602219657;2;17932;59940;399;;;;;;;similarity_reference;402
8;SN-both-ss;instance_30_10_4_17;epsilon;epsilon-constraint;similarity-budget;0.01;402;398;;;;sorting-network;both;slot-service;TIMEOUT;300.118839;300.0;4.571372526;2;17932;59940;399;;;;;;;similarity_reference;402
8;SN-both-ss;instance_30_10_4_17;epsilon;epsilon-constraint;similarity-budget;0.025;402;392;;;;sorting-network;both;slot-service;TIMEOUT;300.1249953;300.0;4.590670774;2;17932;59940;399;;;;;;;similarity_reference;402
8;SN-both-ss;instance_30_10_4_17;epsilon;epsilon-constraint;similarity-budget;0.05;402;382;;;;sorting-network;both;slot-service;TIMEOUT;300.1262943;300.0;4.571157371;2;17932;59940;399;;;;;;;similarity_reference;402
8;SN-both-ss;instance_30_10_4_17;epsilon;epsilon-constraint;similarity-budget;0.10;402;362;;;;sorting-network;both;slot-service;TIMEOUT;300.1258356;300.0;244.385709254;3;82553;189182;847;;;;;;;similarity_reference | continuity;402 | 0
1;TOT-none-none;instance_30_10_4_18;epsilon;epsilon-constraint;similarity-budget;0;414;414;;;;totalizer;none;none;TIMEOUT;300.1275367;300.0;6.251095388;2;5430;48777;484;;;;;;;similarity_reference;414
1;TOT-none-none;instance_30_10_4_18;epsilon;epsilon-constraint;similarity-budget;0.01;414;410;;;;totalizer;none;none;TIMEOUT;300.1268793;300.0;6.685892123;2;5430;48777;484;;;;;;;similarity_reference;414
1;TOT-none-none;instance_30_10_4_18;epsilon;epsilon-constraint;similarity-budget;0.025;414;404;;;;totalizer;none;none;TIMEOUT;300.1205748;300.0;6.687505994;2;5430;48777;484;;;;;;;similarity_reference;414
1;TOT-none-none;instance_30_10_4_18;epsilon;epsilon-constraint;similarity-budget;0.05;414;394;;;;totalizer;none;none;TIMEOUT;300.1180886;300.0;7.076522847;2;5430;48777;484;;;;;;;similarity_reference;414
1;TOT-none-none;instance_30_10_4_18;epsilon;epsilon-constraint;similarity-budget;0.10;414;373;;;;totalizer;none;none;TIMEOUT;300.1346833;300.0;227.887352655;3;92307;222531;858;;;;;;;similarity_reference | continuity;414 | 0
2;TOT-none-ss;instance_30_10_4_18;epsilon;epsilon-constraint;similarity-budget;0;414;414;;;;totalizer;none;slot-service;TIMEOUT;300.1234606;300.0;6.241033321;2;5430;48777;484;;;;;;;similarity_reference;414
2;TOT-none-ss;instance_30_10_4_18;epsilon;epsilon-constraint;similarity-budget;0.01;414;410;;;;totalizer;none;slot-service;TIMEOUT;300.1281509;300.0;6.706878073;2;5430;48777;484;;;;;;;similarity_reference;414
2;TOT-none-ss;instance_30_10_4_18;epsilon;epsilon-constraint;similarity-budget;0.025;414;404;;;;totalizer;none;slot-service;TIMEOUT;300.1221806;300.0;6.695354184;2;5430;48777;484;;;;;;;similarity_reference;414
2;TOT-none-ss;instance_30_10_4_18;epsilon;epsilon-constraint;similarity-budget;0.05;414;394;;;;totalizer;none;slot-service;TIMEOUT;300.1282546;300.0;7.078909993;2;5430;48777;484;;;;;;;similarity_reference;414
2;TOT-none-ss;instance_30_10_4_18;epsilon;epsilon-constraint;similarity-budget;0.10;414;373;;;;totalizer;none;slot-service;TIMEOUT;300.1297751;300.0;281.29403285300003;3;92307;222531;858;;;;;;;similarity_reference | continuity;414 | 0
3;TOT-both-none;instance_30_10_4_18;epsilon;epsilon-constraint;similarity-budget;0;414;414;;;;totalizer;both;none;TIMEOUT;300.1247593;300.0;5.366046325;2;8848;65084;484;;;;;;;similarity_reference;414
3;TOT-both-none;instance_30_10_4_18;epsilon;epsilon-constraint;similarity-budget;0.01;414;410;;;;totalizer;both;none;TIMEOUT;300.1185396;300.0;5.39481124;2;8848;65084;484;;;;;;;similarity_reference;414
3;TOT-both-none;instance_30_10_4_18;epsilon;epsilon-constraint;similarity-budget;0.025;414;404;;;;totalizer;both;none;TIMEOUT;300.1246032;300.0;4.411126531;2;8848;65084;484;;;;;;;similarity_reference;414
3;TOT-both-none;instance_30_10_4_18;epsilon;epsilon-constraint;similarity-budget;0.05;414;394;;;;totalizer;both;none;TIMEOUT;300.1268039;300.0;5.438042366;2;8848;65084;484;;;;;;;similarity_reference;414
3;TOT-both-none;instance_30_10_4_18;epsilon;epsilon-constraint;similarity-budget;0.10;414;373;;;;totalizer;both;none;TIMEOUT;300.1204593;300.0;4.420210671;2;8848;65084;484;;;;;;;similarity_reference;414
4;TOT-both-ss;instance_30_10_4_18;epsilon;epsilon-constraint;similarity-budget;0;414;414;;;;totalizer;both;slot-service;TIMEOUT;300.1204389;300.0;4.378740143;2;8848;65084;484;;;;;;;similarity_reference;414
4;TOT-both-ss;instance_30_10_4_18;epsilon;epsilon-constraint;similarity-budget;0.01;414;410;;;;totalizer;both;slot-service;TIMEOUT;300.1272149;300.0;4.410265042;2;8848;65084;484;;;;;;;similarity_reference;414
4;TOT-both-ss;instance_30_10_4_18;epsilon;epsilon-constraint;similarity-budget;0.025;414;404;;;;totalizer;both;slot-service;TIMEOUT;300.1258001;300.0;5.395799105;2;8848;65084;484;;;;;;;similarity_reference;414
4;TOT-both-ss;instance_30_10_4_18;epsilon;epsilon-constraint;similarity-budget;0.05;414;394;;;;totalizer;both;slot-service;TIMEOUT;300.126214;300.0;5.426122014;2;8848;65084;484;;;;;;;similarity_reference;414
4;TOT-both-ss;instance_30_10_4_18;epsilon;epsilon-constraint;similarity-budget;0.10;414;373;;;;totalizer;both;slot-service;TIMEOUT;300.1287227;300.0;294.285220241;3;95725;238838;858;;;;;;;similarity_reference | continuity;414 | 0
5;ORIGINAL;instance_30_10_4_18;epsilon;epsilon-constraint;similarity-budget;0;414;414;;;;sorting-network;none;none;TIMEOUT;300.1255817;300.0;3.382554919;2;11434;40931;484;;;;;;;similarity_reference;414
5;ORIGINAL;instance_30_10_4_18;epsilon;epsilon-constraint;similarity-budget;0.01;414;410;;;;sorting-network;none;none;TIMEOUT;300.1253779;300.0;3.443593157;2;11434;40931;484;;;;;;;similarity_reference;414
5;ORIGINAL;instance_30_10_4_18;epsilon;epsilon-constraint;similarity-budget;0.025;414;404;;;;sorting-network;none;none;TIMEOUT;300.1254752;300.0;3.413823363;2;11434;40931;484;;;;;;;similarity_reference;414
5;ORIGINAL;instance_30_10_4_18;epsilon;epsilon-constraint;similarity-budget;0.05;414;394;;;;sorting-network;none;none;TIMEOUT;300.118027;300.0;3.443732341;2;11434;40931;484;;;;;;;similarity_reference;414
5;ORIGINAL;instance_30_10_4_18;epsilon;epsilon-constraint;similarity-budget;0.10;414;373;;;;sorting-network;none;none;TIMEOUT;300.1338962;300.0;292.48604011;4;159931;337926;858;;;;;;;similarity_reference | continuity | overtime;414 | 0 | 0
6;SN-none-ss;instance_30_10_4_18;epsilon;epsilon-constraint;similarity-budget;0;414;414;;;;sorting-network;none;slot-service;TIMEOUT;300.1215505;300.0;3.392536436;2;11434;40931;484;;;;;;;similarity_reference;414
6;SN-none-ss;instance_30_10_4_18;epsilon;epsilon-constraint;similarity-budget;0.01;414;410;;;;sorting-network;none;slot-service;TIMEOUT;300.1248108;300.0;3.443804352;2;11434;40931;484;;;;;;;similarity_reference;414
6;SN-none-ss;instance_30_10_4_18;epsilon;epsilon-constraint;similarity-budget;0.025;414;404;;;;sorting-network;none;slot-service;TIMEOUT;300.1209887;300.0;3.414429925;2;11434;40931;484;;;;;;;similarity_reference;414
6;SN-none-ss;instance_30_10_4_18;epsilon;epsilon-constraint;similarity-budget;0.05;414;394;;;;sorting-network;none;slot-service;TIMEOUT;300.1159579;300.0;3.42255625;2;11434;40931;484;;;;;;;similarity_reference;414
6;SN-none-ss;instance_30_10_4_18;epsilon;epsilon-constraint;similarity-budget;0.10;414;373;;;;sorting-network;none;slot-service;TIMEOUT;300.1313757;300.0;294.33165966400003;3;98311;214685;858;;;;;;;similarity_reference | continuity;414 | 0
7;SN-both-none;instance_30_10_4_18;epsilon;epsilon-constraint;similarity-budget;0;414;414;;;;sorting-network;both;none;TIMEOUT;300.1200762;300.0;5.751496988;2;18227;61386;484;;;;;;;similarity_reference;414
7;SN-both-none;instance_30_10_4_18;epsilon;epsilon-constraint;similarity-budget;0.01;414;410;;;;sorting-network;both;none;TIMEOUT;300.126394;300.0;5.730401819;2;18227;61386;484;;;;;;;similarity_reference;414
7;SN-both-none;instance_30_10_4_18;epsilon;epsilon-constraint;similarity-budget;0.025;414;404;;;;sorting-network;both;none;TIMEOUT;300.1251904;300.0;5.669629538;2;18227;61386;484;;;;;;;similarity_reference;414
7;SN-both-none;instance_30_10_4_18;epsilon;epsilon-constraint;similarity-budget;0.05;414;394;;;;sorting-network;both;none;TIMEOUT;300.1251516;300.0;5.697172007;2;18227;61386;484;;;;;;;similarity_reference;414
7;SN-both-none;instance_30_10_4_18;epsilon;epsilon-constraint;similarity-budget;0.10;414;373;;;;sorting-network;both;none;TIMEOUT;300.1265218;300.0;240.688213527;4;166724;358381;858;;;;;;;similarity_reference | continuity | overtime;414 | 0 | 0
8;SN-both-ss;instance_30_10_4_18;epsilon;epsilon-constraint;similarity-budget;0;414;414;;;;sorting-network;both;slot-service;TIMEOUT;300.122341;300.0;5.721732628;2;18227;61386;484;;;;;;;similarity_reference;414
8;SN-both-ss;instance_30_10_4_18;epsilon;epsilon-constraint;similarity-budget;0.01;414;410;;;;sorting-network;both;slot-service;TIMEOUT;300.1253136;300.0;5.701004259;2;18227;61386;484;;;;;;;similarity_reference;414
8;SN-both-ss;instance_30_10_4_18;epsilon;epsilon-constraint;similarity-budget;0.025;414;404;;;;sorting-network;both;slot-service;TIMEOUT;300.1224227;300.0;5.737631989;2;18227;61386;484;;;;;;;similarity_reference;414
8;SN-both-ss;instance_30_10_4_18;epsilon;epsilon-constraint;similarity-budget;0.05;414;394;;;;sorting-network;both;slot-service;TIMEOUT;300.1204593;300.0;5.688956945;2;18227;61386;484;;;;;;;similarity_reference;414
8;SN-both-ss;instance_30_10_4_18;epsilon;epsilon-constraint;similarity-budget;0.10;414;373;;;;sorting-network;both;slot-service;TIMEOUT;300.1289612;300.0;276.70474338200006;4;166724;358381;858;;;;;;;similarity_reference | continuity | overtime;414 | 0 | 0
1;TOT-none-none;instance_30_10_4_19;epsilon;epsilon-constraint;similarity-budget;0;;;;;;totalizer;none;none;UNSATISFIABLE;0.042084265;300.0;0;1;0;0;0;;;;;;;;
1;TOT-none-none;instance_30_10_4_19;epsilon;epsilon-constraint;similarity-budget;0.01;;;;;;totalizer;none;none;UNSATISFIABLE;0.043263748;300.0;0;1;0;0;0;;;;;;;;
1;TOT-none-none;instance_30_10_4_19;epsilon;epsilon-constraint;similarity-budget;0.025;;;;;;totalizer;none;none;UNSATISFIABLE;0.053371827;300.0;0;1;0;0;0;;;;;;;;
1;TOT-none-none;instance_30_10_4_19;epsilon;epsilon-constraint;similarity-budget;0.05;;;;;;totalizer;none;none;UNSATISFIABLE;0.055749889;300.0;0;1;0;0;0;;;;;;;;
1;TOT-none-none;instance_30_10_4_19;epsilon;epsilon-constraint;similarity-budget;0.10;;;;;;totalizer;none;none;UNSATISFIABLE;0.052855713;300.0;0;1;0;0;0;;;;;;;;
2;TOT-none-ss;instance_30_10_4_19;epsilon;epsilon-constraint;similarity-budget;0;;;;;;totalizer;none;slot-service;UNSATISFIABLE;0.042958362;300.0;0;1;0;0;0;;;;;;;;
2;TOT-none-ss;instance_30_10_4_19;epsilon;epsilon-constraint;similarity-budget;0.01;;;;;;totalizer;none;slot-service;UNSATISFIABLE;0.046306046;300.0;0;1;0;0;0;;;;;;;;
2;TOT-none-ss;instance_30_10_4_19;epsilon;epsilon-constraint;similarity-budget;0.025;;;;;;totalizer;none;slot-service;UNSATISFIABLE;0.046318684;300.0;0;1;0;0;0;;;;;;;;
2;TOT-none-ss;instance_30_10_4_19;epsilon;epsilon-constraint;similarity-budget;0.05;;;;;;totalizer;none;slot-service;UNSATISFIABLE;0.047465545;300.0;0;1;0;0;0;;;;;;;;
2;TOT-none-ss;instance_30_10_4_19;epsilon;epsilon-constraint;similarity-budget;0.10;;;;;;totalizer;none;slot-service;UNSATISFIABLE;0.045979983;300.0;0;1;0;0;0;;;;;;;;
3;TOT-both-none;instance_30_10_4_19;epsilon;epsilon-constraint;similarity-budget;0;;;;;;totalizer;both;none;UNSATISFIABLE;0.055865782;300.0;0;1;0;0;0;;;;;;;;
3;TOT-both-none;instance_30_10_4_19;epsilon;epsilon-constraint;similarity-budget;0.01;;;;;;totalizer;both;none;UNSATISFIABLE;0.060509999;300.0;0;1;0;0;0;;;;;;;;
3;TOT-both-none;instance_30_10_4_19;epsilon;epsilon-constraint;similarity-budget;0.025;;;;;;totalizer;both;none;UNSATISFIABLE;0.060625653;300.0;0;1;0;0;0;;;;;;;;
3;TOT-both-none;instance_30_10_4_19;epsilon;epsilon-constraint;similarity-budget;0.05;;;;;;totalizer;both;none;UNSATISFIABLE;0.062797971;300.0;0;1;0;0;0;;;;;;;;
3;TOT-both-none;instance_30_10_4_19;epsilon;epsilon-constraint;similarity-budget;0.10;;;;;;totalizer;both;none;UNSATISFIABLE;0.061027734;300.0;0;1;0;0;0;;;;;;;;
4;TOT-both-ss;instance_30_10_4_19;epsilon;epsilon-constraint;similarity-budget;0;;;;;;totalizer;both;slot-service;UNSATISFIABLE;0.057289237;300.0;0;1;0;0;0;;;;;;;;
4;TOT-both-ss;instance_30_10_4_19;epsilon;epsilon-constraint;similarity-budget;0.01;;;;;;totalizer;both;slot-service;UNSATISFIABLE;0.061773533;300.0;0;1;0;0;0;;;;;;;;
4;TOT-both-ss;instance_30_10_4_19;epsilon;epsilon-constraint;similarity-budget;0.025;;;;;;totalizer;both;slot-service;UNSATISFIABLE;0.060473314;300.0;0;1;0;0;0;;;;;;;;
4;TOT-both-ss;instance_30_10_4_19;epsilon;epsilon-constraint;similarity-budget;0.05;;;;;;totalizer;both;slot-service;UNSATISFIABLE;0.06360632;300.0;0;1;0;0;0;;;;;;;;
4;TOT-both-ss;instance_30_10_4_19;epsilon;epsilon-constraint;similarity-budget;0.10;;;;;;totalizer;both;slot-service;UNSATISFIABLE;0.062520374;300.0;0;1;0;0;0;;;;;;;;
5;ORIGINAL;instance_30_10_4_19;epsilon;epsilon-constraint;similarity-budget;0;;;;;;sorting-network;none;none;UNSATISFIABLE;0.040555648;300.0;0;1;0;0;0;;;;;;;;
5;ORIGINAL;instance_30_10_4_19;epsilon;epsilon-constraint;similarity-budget;0.01;;;;;;sorting-network;none;none;UNSATISFIABLE;0.045179427;300.0;0;1;0;0;0;;;;;;;;
5;ORIGINAL;instance_30_10_4_19;epsilon;epsilon-constraint;similarity-budget;0.025;;;;;;sorting-network;none;none;UNSATISFIABLE;0.044674556;300.0;0;1;0;0;0;;;;;;;;
5;ORIGINAL;instance_30_10_4_19;epsilon;epsilon-constraint;similarity-budget;0.05;;;;;;sorting-network;none;none;UNSATISFIABLE;0.045214096;300.0;0;1;0;0;0;;;;;;;;
5;ORIGINAL;instance_30_10_4_19;epsilon;epsilon-constraint;similarity-budget;0.10;;;;;;sorting-network;none;none;UNSATISFIABLE;0.044958332;300.0;0;1;0;0;0;;;;;;;;
6;SN-none-ss;instance_30_10_4_19;epsilon;epsilon-constraint;similarity-budget;0;;;;;;sorting-network;none;slot-service;UNSATISFIABLE;0.044660417;300.0;0;1;0;0;0;;;;;;;;
6;SN-none-ss;instance_30_10_4_19;epsilon;epsilon-constraint;similarity-budget;0.01;;;;;;sorting-network;none;slot-service;UNSATISFIABLE;0.046964959;300.0;0;1;0;0;0;;;;;;;;
6;SN-none-ss;instance_30_10_4_19;epsilon;epsilon-constraint;similarity-budget;0.025;;;;;;sorting-network;none;slot-service;UNSATISFIABLE;0.047710858;300.0;0;1;0;0;0;;;;;;;;
6;SN-none-ss;instance_30_10_4_19;epsilon;epsilon-constraint;similarity-budget;0.05;;;;;;sorting-network;none;slot-service;UNSATISFIABLE;0.046058092;300.0;0;1;0;0;0;;;;;;;;
6;SN-none-ss;instance_30_10_4_19;epsilon;epsilon-constraint;similarity-budget;0.10;;;;;;sorting-network;none;slot-service;UNSATISFIABLE;0.046758242;300.0;0;1;0;0;0;;;;;;;;
7;SN-both-none;instance_30_10_4_19;epsilon;epsilon-constraint;similarity-budget;0;;;;;;sorting-network;both;none;UNSATISFIABLE;0.064743109;300.0;0;1;0;0;0;;;;;;;;
7;SN-both-none;instance_30_10_4_19;epsilon;epsilon-constraint;similarity-budget;0.01;;;;;;sorting-network;both;none;UNSATISFIABLE;0.064190273;300.0;0;1;0;0;0;;;;;;;;
7;SN-both-none;instance_30_10_4_19;epsilon;epsilon-constraint;similarity-budget;0.025;;;;;;sorting-network;both;none;UNSATISFIABLE;0.064014434;300.0;0;1;0;0;0;;;;;;;;
7;SN-both-none;instance_30_10_4_19;epsilon;epsilon-constraint;similarity-budget;0.05;;;;;;sorting-network;both;none;UNSATISFIABLE;0.064478563;300.0;0;1;0;0;0;;;;;;;;
7;SN-both-none;instance_30_10_4_19;epsilon;epsilon-constraint;similarity-budget;0.10;;;;;;sorting-network;both;none;UNSATISFIABLE;0.064064562;300.0;0;1;0;0;0;;;;;;;;
8;SN-both-ss;instance_30_10_4_19;epsilon;epsilon-constraint;similarity-budget;0;;;;;;sorting-network;both;slot-service;UNSATISFIABLE;0.065110678;300.0;0;1;0;0;0;;;;;;;;
8;SN-both-ss;instance_30_10_4_19;epsilon;epsilon-constraint;similarity-budget;0.01;;;;;;sorting-network;both;slot-service;UNSATISFIABLE;0.063754342;300.0;0;1;0;0;0;;;;;;;;
8;SN-both-ss;instance_30_10_4_19;epsilon;epsilon-constraint;similarity-budget;0.025;;;;;;sorting-network;both;slot-service;UNSATISFIABLE;0.063181207;300.0;0;1;0;0;0;;;;;;;;
8;SN-both-ss;instance_30_10_4_19;epsilon;epsilon-constraint;similarity-budget;0.05;;;;;;sorting-network;both;slot-service;UNSATISFIABLE;0.064553869;300.0;0;1;0;0;0;;;;;;;;
8;SN-both-ss;instance_30_10_4_19;epsilon;epsilon-constraint;similarity-budget;0.10;;;;;;sorting-network;both;slot-service;UNSATISFIABLE;0.065355618;300.0;0;1;0;0;0;;;;;;;;
1;TOT-none-none;instance_30_10_4_2;epsilon;epsilon-constraint;similarity-budget;0;;;;;;totalizer;none;none;UNSATISFIABLE;0.041485406;300.0;0;1;0;0;0;;;;;;;;
1;TOT-none-none;instance_30_10_4_2;epsilon;epsilon-constraint;similarity-budget;0.01;;;;;;totalizer;none;none;UNSATISFIABLE;0.044684149;300.0;0;1;0;0;0;;;;;;;;
1;TOT-none-none;instance_30_10_4_2;epsilon;epsilon-constraint;similarity-budget;0.025;;;;;;totalizer;none;none;UNSATISFIABLE;0.044782158;300.0;0;1;0;0;0;;;;;;;;
1;TOT-none-none;instance_30_10_4_2;epsilon;epsilon-constraint;similarity-budget;0.05;;;;;;totalizer;none;none;UNSATISFIABLE;0.043632034;300.0;0;1;0;0;0;;;;;;;;
1;TOT-none-none;instance_30_10_4_2;epsilon;epsilon-constraint;similarity-budget;0.10;;;;;;totalizer;none;none;UNSATISFIABLE;0.042165529;300.0;0;1;0;0;0;;;;;;;;
2;TOT-none-ss;instance_30_10_4_2;epsilon;epsilon-constraint;similarity-budget;0;;;;;;totalizer;none;slot-service;UNSATISFIABLE;0.043221033;300.0;0;1;0;0;0;;;;;;;;
2;TOT-none-ss;instance_30_10_4_2;epsilon;epsilon-constraint;similarity-budget;0.01;;;;;;totalizer;none;slot-service;UNSATISFIABLE;0.046620885;300.0;0;1;0;0;0;;;;;;;;
2;TOT-none-ss;instance_30_10_4_2;epsilon;epsilon-constraint;similarity-budget;0.025;;;;;;totalizer;none;slot-service;UNSATISFIABLE;0.045533006;300.0;0;1;0;0;0;;;;;;;;
2;TOT-none-ss;instance_30_10_4_2;epsilon;epsilon-constraint;similarity-budget;0.05;;;;;;totalizer;none;slot-service;UNSATISFIABLE;0.045398836;300.0;0;1;0;0;0;;;;;;;;
2;TOT-none-ss;instance_30_10_4_2;epsilon;epsilon-constraint;similarity-budget;0.10;;;;;;totalizer;none;slot-service;UNSATISFIABLE;0.046446712;300.0;0;1;0;0;0;;;;;;;;
3;TOT-both-none;instance_30_10_4_2;epsilon;epsilon-constraint;similarity-budget;0;;;;;;totalizer;both;none;UNSATISFIABLE;0.04529819;300.0;0;1;0;0;0;;;;;;;;
3;TOT-both-none;instance_30_10_4_2;epsilon;epsilon-constraint;similarity-budget;0.01;;;;;;totalizer;both;none;UNSATISFIABLE;0.061579205;300.0;0;1;0;0;0;;;;;;;;
3;TOT-both-none;instance_30_10_4_2;epsilon;epsilon-constraint;similarity-budget;0.025;;;;;;totalizer;both;none;UNSATISFIABLE;0.062064234;300.0;0;1;0;0;0;;;;;;;;
3;TOT-both-none;instance_30_10_4_2;epsilon;epsilon-constraint;similarity-budget;0.05;;;;;;totalizer;both;none;UNSATISFIABLE;0.062964259;300.0;0;1;0;0;0;;;;;;;;
3;TOT-both-none;instance_30_10_4_2;epsilon;epsilon-constraint;similarity-budget;0.10;;;;;;totalizer;both;none;UNSATISFIABLE;0.060140506;300.0;0;1;0;0;0;;;;;;;;
4;TOT-both-ss;instance_30_10_4_2;epsilon;epsilon-constraint;similarity-budget;0;;;;;;totalizer;both;slot-service;UNSATISFIABLE;0.048351085;300.0;0;1;0;0;0;;;;;;;;
4;TOT-both-ss;instance_30_10_4_2;epsilon;epsilon-constraint;similarity-budget;0.01;;;;;;totalizer;both;slot-service;UNSATISFIABLE;0.062913214;300.0;0;1;0;0;0;;;;;;;;
4;TOT-both-ss;instance_30_10_4_2;epsilon;epsilon-constraint;similarity-budget;0.025;;;;;;totalizer;both;slot-service;UNSATISFIABLE;0.060024942;300.0;0;1;0;0;0;;;;;;;;
4;TOT-both-ss;instance_30_10_4_2;epsilon;epsilon-constraint;similarity-budget;0.05;;;;;;totalizer;both;slot-service;UNSATISFIABLE;0.063695599;300.0;0;1;0;0;0;;;;;;;;
4;TOT-both-ss;instance_30_10_4_2;epsilon;epsilon-constraint;similarity-budget;0.10;;;;;;totalizer;both;slot-service;UNSATISFIABLE;0.062347559;300.0;0;1;0;0;0;;;;;;;;
5;ORIGINAL;instance_30_10_4_2;epsilon;epsilon-constraint;similarity-budget;0;;;;;;sorting-network;none;none;UNSATISFIABLE;0.052331857;300.0;0;1;0;0;0;;;;;;;;
5;ORIGINAL;instance_30_10_4_2;epsilon;epsilon-constraint;similarity-budget;0.01;;;;;;sorting-network;none;none;UNSATISFIABLE;0.055373315;300.0;0;1;0;0;0;;;;;;;;
5;ORIGINAL;instance_30_10_4_2;epsilon;epsilon-constraint;similarity-budget;0.025;;;;;;sorting-network;none;none;UNSATISFIABLE;0.054867315;300.0;0;1;0;0;0;;;;;;;;
5;ORIGINAL;instance_30_10_4_2;epsilon;epsilon-constraint;similarity-budget;0.05;;;;;;sorting-network;none;none;UNSATISFIABLE;0.056490194;300.0;0;1;0;0;0;;;;;;;;
5;ORIGINAL;instance_30_10_4_2;epsilon;epsilon-constraint;similarity-budget;0.10;;;;;;sorting-network;none;none;UNSATISFIABLE;0.055774505;300.0;0;1;0;0;0;;;;;;;;
6;SN-none-ss;instance_30_10_4_2;epsilon;epsilon-constraint;similarity-budget;0;;;;;;sorting-network;none;slot-service;UNSATISFIABLE;0.053036653;300.0;0;1;0;0;0;;;;;;;;
6;SN-none-ss;instance_30_10_4_2;epsilon;epsilon-constraint;similarity-budget;0.01;;;;;;sorting-network;none;slot-service;UNSATISFIABLE;0.058432231;300.0;0;1;0;0;0;;;;;;;;
6;SN-none-ss;instance_30_10_4_2;epsilon;epsilon-constraint;similarity-budget;0.025;;;;;;sorting-network;none;slot-service;UNSATISFIABLE;0.056925415;300.0;0;1;0;0;0;;;;;;;;
6;SN-none-ss;instance_30_10_4_2;epsilon;epsilon-constraint;similarity-budget;0.05;;;;;;sorting-network;none;slot-service;UNSATISFIABLE;0.057434824;300.0;0;1;0;0;0;;;;;;;;
6;SN-none-ss;instance_30_10_4_2;epsilon;epsilon-constraint;similarity-budget;0.10;;;;;;sorting-network;none;slot-service;UNSATISFIABLE;0.056005012;300.0;0;1;0;0;0;;;;;;;;
7;SN-both-none;instance_30_10_4_2;epsilon;epsilon-constraint;similarity-budget;0;;;;;;sorting-network;both;none;UNSATISFIABLE;0.073406514;300.0;0;1;0;0;0;;;;;;;;
7;SN-both-none;instance_30_10_4_2;epsilon;epsilon-constraint;similarity-budget;0.01;;;;;;sorting-network;both;none;UNSATISFIABLE;0.075685194;300.0;0;1;0;0;0;;;;;;;;
7;SN-both-none;instance_30_10_4_2;epsilon;epsilon-constraint;similarity-budget;0.025;;;;;;sorting-network;both;none;UNSATISFIABLE;0.072421949;300.0;0;1;0;0;0;;;;;;;;
7;SN-both-none;instance_30_10_4_2;epsilon;epsilon-constraint;similarity-budget;0.05;;;;;;sorting-network;both;none;UNSATISFIABLE;0.072615777;300.0;0;1;0;0;0;;;;;;;;
7;SN-both-none;instance_30_10_4_2;epsilon;epsilon-constraint;similarity-budget;0.10;;;;;;sorting-network;both;none;UNSATISFIABLE;0.058519085;300.0;0;1;0;0;0;;;;;;;;
8;SN-both-ss;instance_30_10_4_2;epsilon;epsilon-constraint;similarity-budget;0;;;;;;sorting-network;both;slot-service;UNSATISFIABLE;0.071973165;300.0;0;1;0;0;0;;;;;;;;
8;SN-both-ss;instance_30_10_4_2;epsilon;epsilon-constraint;similarity-budget;0.01;;;;;;sorting-network;both;slot-service;UNSATISFIABLE;0.075304596;300.0;0;1;0;0;0;;;;;;;;
8;SN-both-ss;instance_30_10_4_2;epsilon;epsilon-constraint;similarity-budget;0.025;;;;;;sorting-network;both;slot-service;UNSATISFIABLE;0.075187026;300.0;0;1;0;0;0;;;;;;;;
8;SN-both-ss;instance_30_10_4_2;epsilon;epsilon-constraint;similarity-budget;0.05;;;;;;sorting-network;both;slot-service;UNSATISFIABLE;0.074130224;300.0;0;1;0;0;0;;;;;;;;
8;SN-both-ss;instance_30_10_4_2;epsilon;epsilon-constraint;similarity-budget;0.10;;;;;;sorting-network;both;slot-service;UNSATISFIABLE;0.074092568;300.0;0;1;0;0;0;;;;;;;;
1;TOT-none-none;instance_30_10_4_20;epsilon;epsilon-constraint;similarity-budget;0;;;;;;totalizer;none;none;UNSATISFIABLE;0.034497888;300.0;0;1;0;0;0;;;;;;;;
1;TOT-none-none;instance_30_10_4_20;epsilon;epsilon-constraint;similarity-budget;0.01;;;;;;totalizer;none;none;UNSATISFIABLE;0.035510414;300.0;0;1;0;0;0;;;;;;;;
1;TOT-none-none;instance_30_10_4_20;epsilon;epsilon-constraint;similarity-budget;0.025;;;;;;totalizer;none;none;UNSATISFIABLE;0.03496518;300.0;0;1;0;0;0;;;;;;;;
1;TOT-none-none;instance_30_10_4_20;epsilon;epsilon-constraint;similarity-budget;0.05;;;;;;totalizer;none;none;UNSATISFIABLE;0.039798121;300.0;0;1;0;0;0;;;;;;;;
1;TOT-none-none;instance_30_10_4_20;epsilon;epsilon-constraint;similarity-budget;0.10;;;;;;totalizer;none;none;UNSATISFIABLE;0.038716727;300.0;0;1;0;0;0;;;;;;;;
2;TOT-none-ss;instance_30_10_4_20;epsilon;epsilon-constraint;similarity-budget;0;;;;;;totalizer;none;slot-service;UNSATISFIABLE;0.036322186;300.0;0;1;0;0;0;;;;;;;;
2;TOT-none-ss;instance_30_10_4_20;epsilon;epsilon-constraint;similarity-budget;0.01;;;;;;totalizer;none;slot-service;UNSATISFIABLE;0.037463667;300.0;0;1;0;0;0;;;;;;;;
2;TOT-none-ss;instance_30_10_4_20;epsilon;epsilon-constraint;similarity-budget;0.025;;;;;;totalizer;none;slot-service;UNSATISFIABLE;0.041201582;300.0;0;1;0;0;0;;;;;;;;
2;TOT-none-ss;instance_30_10_4_20;epsilon;epsilon-constraint;similarity-budget;0.05;;;;;;totalizer;none;slot-service;UNSATISFIABLE;0.038535721;300.0;0;1;0;0;0;;;;;;;;
2;TOT-none-ss;instance_30_10_4_20;epsilon;epsilon-constraint;similarity-budget;0.10;;;;;;totalizer;none;slot-service;UNSATISFIABLE;0.040005658;300.0;0;1;0;0;0;;;;;;;;
3;TOT-both-none;instance_30_10_4_20;epsilon;epsilon-constraint;similarity-budget;0;;;;;;totalizer;both;none;UNSATISFIABLE;0.037035189;300.0;0;1;0;0;0;;;;;;;;
3;TOT-both-none;instance_30_10_4_20;epsilon;epsilon-constraint;similarity-budget;0.01;;;;;;totalizer;both;none;UNSATISFIABLE;0.052624326;300.0;0;1;0;0;0;;;;;;;;
3;TOT-both-none;instance_30_10_4_20;epsilon;epsilon-constraint;similarity-budget;0.025;;;;;;totalizer;both;none;UNSATISFIABLE;0.052146528;300.0;0;1;0;0;0;;;;;;;;
3;TOT-both-none;instance_30_10_4_20;epsilon;epsilon-constraint;similarity-budget;0.05;;;;;;totalizer;both;none;UNSATISFIABLE;0.054395429;300.0;0;1;0;0;0;;;;;;;;
3;TOT-both-none;instance_30_10_4_20;epsilon;epsilon-constraint;similarity-budget;0.10;;;;;;totalizer;both;none;UNSATISFIABLE;0.053257309;300.0;0;1;0;0;0;;;;;;;;
4;TOT-both-ss;instance_30_10_4_20;epsilon;epsilon-constraint;similarity-budget;0;;;;;;totalizer;both;slot-service;UNSATISFIABLE;0.038015897;300.0;0;1;0;0;0;;;;;;;;
4;TOT-both-ss;instance_30_10_4_20;epsilon;epsilon-constraint;similarity-budget;0.01;;;;;;totalizer;both;slot-service;UNSATISFIABLE;0.052212752;300.0;0;1;0;0;0;;;;;;;;
4;TOT-both-ss;instance_30_10_4_20;epsilon;epsilon-constraint;similarity-budget;0.025;;;;;;totalizer;both;slot-service;UNSATISFIABLE;0.056042671;300.0;0;1;0;0;0;;;;;;;;
4;TOT-both-ss;instance_30_10_4_20;epsilon;epsilon-constraint;similarity-budget;0.05;;;;;;totalizer;both;slot-service;UNSATISFIABLE;0.053975871;300.0;0;1;0;0;0;;;;;;;;
4;TOT-both-ss;instance_30_10_4_20;epsilon;epsilon-constraint;similarity-budget;0.10;;;;;;totalizer;both;slot-service;UNSATISFIABLE;0.043759598;300.0;0;1;0;0;0;;;;;;;;
5;ORIGINAL;instance_30_10_4_20;epsilon;epsilon-constraint;similarity-budget;0;;;;;;sorting-network;none;none;UNSATISFIABLE;0.033751567;300.0;0;1;0;0;0;;;;;;;;
5;ORIGINAL;instance_30_10_4_20;epsilon;epsilon-constraint;similarity-budget;0.01;;;;;;sorting-network;none;none;UNSATISFIABLE;0.048576887;300.0;0;1;0;0;0;;;;;;;;
5;ORIGINAL;instance_30_10_4_20;epsilon;epsilon-constraint;similarity-budget;0.025;;;;;;sorting-network;none;none;UNSATISFIABLE;0.036253468;300.0;0;1;0;0;0;;;;;;;;
5;ORIGINAL;instance_30_10_4_20;epsilon;epsilon-constraint;similarity-budget;0.05;;;;;;sorting-network;none;none;UNSATISFIABLE;0.038437657;300.0;0;1;0;0;0;;;;;;;;
5;ORIGINAL;instance_30_10_4_20;epsilon;epsilon-constraint;similarity-budget;0.10;;;;;;sorting-network;none;none;UNSATISFIABLE;0.045940058;300.0;0;1;0;0;0;;;;;;;;
6;SN-none-ss;instance_30_10_4_20;epsilon;epsilon-constraint;similarity-budget;0;;;;;;sorting-network;none;slot-service;UNSATISFIABLE;0.034622975;300.0;0;1;0;0;0;;;;;;;;
6;SN-none-ss;instance_30_10_4_20;epsilon;epsilon-constraint;similarity-budget;0.01;;;;;;sorting-network;none;slot-service;UNSATISFIABLE;0.040113689;300.0;0;1;0;0;0;;;;;;;;
6;SN-none-ss;instance_30_10_4_20;epsilon;epsilon-constraint;similarity-budget;0.025;;;;;;sorting-network;none;slot-service;UNSATISFIABLE;0.048140608;300.0;0;1;0;0;0;;;;;;;;
6;SN-none-ss;instance_30_10_4_20;epsilon;epsilon-constraint;similarity-budget;0.05;;;;;;sorting-network;none;slot-service;UNSATISFIABLE;0.037732442;300.0;0;1;0;0;0;;;;;;;;
6;SN-none-ss;instance_30_10_4_20;epsilon;epsilon-constraint;similarity-budget;0.10;;;;;;sorting-network;none;slot-service;UNSATISFIABLE;0.03830963;300.0;0;1;0;0;0;;;;;;;;
7;SN-both-none;instance_30_10_4_20;epsilon;epsilon-constraint;similarity-budget;0;;;;;;sorting-network;both;none;UNSATISFIABLE;0.057601847;300.0;0;1;0;0;0;;;;;;;;
7;SN-both-none;instance_30_10_4_20;epsilon;epsilon-constraint;similarity-budget;0.01;;;;;;sorting-network;both;none;UNSATISFIABLE;0.055902247;300.0;0;1;0;0;0;;;;;;;;
7;SN-both-none;instance_30_10_4_20;epsilon;epsilon-constraint;similarity-budget;0.025;;;;;;sorting-network;both;none;UNSATISFIABLE;0.056454809;300.0;0;1;0;0;0;;;;;;;;
7;SN-both-none;instance_30_10_4_20;epsilon;epsilon-constraint;similarity-budget;0.05;;;;;;sorting-network;both;none;UNSATISFIABLE;0.054158839;300.0;0;1;0;0;0;;;;;;;;
7;SN-both-none;instance_30_10_4_20;epsilon;epsilon-constraint;similarity-budget;0.10;;;;;;sorting-network;both;none;UNSATISFIABLE;0.051690067;300.0;0;1;0;0;0;;;;;;;;
8;SN-both-ss;instance_30_10_4_20;epsilon;epsilon-constraint;similarity-budget;0;;;;;;sorting-network;both;slot-service;UNSATISFIABLE;0.057171555;300.0;0;1;0;0;0;;;;;;;;
8;SN-both-ss;instance_30_10_4_20;epsilon;epsilon-constraint;similarity-budget;0.01;;;;;;sorting-network;both;slot-service;UNSATISFIABLE;0.055080657;300.0;0;1;0;0;0;;;;;;;;
8;SN-both-ss;instance_30_10_4_20;epsilon;epsilon-constraint;similarity-budget;0.025;;;;;;sorting-network;both;slot-service;UNSATISFIABLE;0.054702294;300.0;0;1;0;0;0;;;;;;;;
8;SN-both-ss;instance_30_10_4_20;epsilon;epsilon-constraint;similarity-budget;0.05;;;;;;sorting-network;both;slot-service;UNSATISFIABLE;0.05492724;300.0;0;1;0;0;0;;;;;;;;
8;SN-both-ss;instance_30_10_4_20;epsilon;epsilon-constraint;similarity-budget;0.10;;;;;;sorting-network;both;slot-service;UNSATISFIABLE;0.05265698;300.0;0;1;0;0;0;;;;;;;;
1;TOT-none-none;instance_30_10_4_21;epsilon;epsilon-constraint;similarity-budget;0;;;;;;totalizer;none;none;UNSATISFIABLE;0.04172449;300.0;0;1;0;0;0;;;;;;;;
1;TOT-none-none;instance_30_10_4_21;epsilon;epsilon-constraint;similarity-budget;0.01;;;;;;totalizer;none;none;UNSATISFIABLE;0.04541067;300.0;0;1;0;0;0;;;;;;;;
1;TOT-none-none;instance_30_10_4_21;epsilon;epsilon-constraint;similarity-budget;0.025;;;;;;totalizer;none;none;UNSATISFIABLE;0.047069893;300.0;0;1;0;0;0;;;;;;;;
1;TOT-none-none;instance_30_10_4_21;epsilon;epsilon-constraint;similarity-budget;0.05;;;;;;totalizer;none;none;UNSATISFIABLE;0.047269757;300.0;0;1;0;0;0;;;;;;;;
1;TOT-none-none;instance_30_10_4_21;epsilon;epsilon-constraint;similarity-budget;0.10;;;;;;totalizer;none;none;UNSATISFIABLE;0.043746065;300.0;0;1;0;0;0;;;;;;;;
2;TOT-none-ss;instance_30_10_4_21;epsilon;epsilon-constraint;similarity-budget;0;;;;;;totalizer;none;slot-service;UNSATISFIABLE;0.044024771;300.0;0;1;0;0;0;;;;;;;;
2;TOT-none-ss;instance_30_10_4_21;epsilon;epsilon-constraint;similarity-budget;0.01;;;;;;totalizer;none;slot-service;UNSATISFIABLE;0.046563126;300.0;0;1;0;0;0;;;;;;;;
2;TOT-none-ss;instance_30_10_4_21;epsilon;epsilon-constraint;similarity-budget;0.025;;;;;;totalizer;none;slot-service;UNSATISFIABLE;0.049692312;300.0;0;1;0;0;0;;;;;;;;
2;TOT-none-ss;instance_30_10_4_21;epsilon;epsilon-constraint;similarity-budget;0.05;;;;;;totalizer;none;slot-service;UNSATISFIABLE;0.050084793;300.0;0;1;0;0;0;;;;;;;;
2;TOT-none-ss;instance_30_10_4_21;epsilon;epsilon-constraint;similarity-budget;0.10;;;;;;totalizer;none;slot-service;UNSATISFIABLE;0.045974742;300.0;0;1;0;0;0;;;;;;;;
3;TOT-both-none;instance_30_10_4_21;epsilon;epsilon-constraint;similarity-budget;0;;;;;;totalizer;both;none;UNSATISFIABLE;0.0610702;300.0;0;1;0;0;0;;;;;;;;
3;TOT-both-none;instance_30_10_4_21;epsilon;epsilon-constraint;similarity-budget;0.01;;;;;;totalizer;both;none;UNSATISFIABLE;0.063195618;300.0;0;1;0;0;0;;;;;;;;
3;TOT-both-none;instance_30_10_4_21;epsilon;epsilon-constraint;similarity-budget;0.025;;;;;;totalizer;both;none;UNSATISFIABLE;0.064033557;300.0;0;1;0;0;0;;;;;;;;
3;TOT-both-none;instance_30_10_4_21;epsilon;epsilon-constraint;similarity-budget;0.05;;;;;;totalizer;both;none;UNSATISFIABLE;0.063848003;300.0;0;1;0;0;0;;;;;;;;
3;TOT-both-none;instance_30_10_4_21;epsilon;epsilon-constraint;similarity-budget;0.10;;;;;;totalizer;both;none;UNSATISFIABLE;0.066241791;300.0;0;1;0;0;0;;;;;;;;
4;TOT-both-ss;instance_30_10_4_21;epsilon;epsilon-constraint;similarity-budget;0;;;;;;totalizer;both;slot-service;UNSATISFIABLE;0.060367246;300.0;0;1;0;0;0;;;;;;;;
4;TOT-both-ss;instance_30_10_4_21;epsilon;epsilon-constraint;similarity-budget;0.01;;;;;;totalizer;both;slot-service;UNSATISFIABLE;0.065996992;300.0;0;1;0;0;0;;;;;;;;
4;TOT-both-ss;instance_30_10_4_21;epsilon;epsilon-constraint;similarity-budget;0.025;;;;;;totalizer;both;slot-service;UNSATISFIABLE;0.063623881;300.0;0;1;0;0;0;;;;;;;;
4;TOT-both-ss;instance_30_10_4_21;epsilon;epsilon-constraint;similarity-budget;0.05;;;;;;totalizer;both;slot-service;UNSATISFIABLE;0.065046588;300.0;0;1;0;0;0;;;;;;;;
4;TOT-both-ss;instance_30_10_4_21;epsilon;epsilon-constraint;similarity-budget;0.10;;;;;;totalizer;both;slot-service;UNSATISFIABLE;0.065821542;300.0;0;1;0;0;0;;;;;;;;
5;ORIGINAL;instance_30_10_4_21;epsilon;epsilon-constraint;similarity-budget;0;;;;;;sorting-network;none;none;UNSATISFIABLE;0.041335449;300.0;0;1;0;0;0;;;;;;;;
5;ORIGINAL;instance_30_10_4_21;epsilon;epsilon-constraint;similarity-budget;0.01;;;;;;sorting-network;none;none;UNSATISFIABLE;0.057338311;300.0;0;1;0;0;0;;;;;;;;
5;ORIGINAL;instance_30_10_4_21;epsilon;epsilon-constraint;similarity-budget;0.025;;;;;;sorting-network;none;none;UNSATISFIABLE;0.044761527;300.0;0;1;0;0;0;;;;;;;;
5;ORIGINAL;instance_30_10_4_21;epsilon;epsilon-constraint;similarity-budget;0.05;;;;;;sorting-network;none;none;UNSATISFIABLE;0.057889699;300.0;0;1;0;0;0;;;;;;;;
5;ORIGINAL;instance_30_10_4_21;epsilon;epsilon-constraint;similarity-budget;0.10;;;;;;sorting-network;none;none;UNSATISFIABLE;0.057657653;300.0;0;1;0;0;0;;;;;;;;
6;SN-none-ss;instance_30_10_4_21;epsilon;epsilon-constraint;similarity-budget;0;;;;;;sorting-network;none;slot-service;UNSATISFIABLE;0.053175926;300.0;0;1;0;0;0;;;;;;;;
6;SN-none-ss;instance_30_10_4_21;epsilon;epsilon-constraint;similarity-budget;0.01;;;;;;sorting-network;none;slot-service;UNSATISFIABLE;0.059692395;300.0;0;1;0;0;0;;;;;;;;
6;SN-none-ss;instance_30_10_4_21;epsilon;epsilon-constraint;similarity-budget;0.025;;;;;;sorting-network;none;slot-service;UNSATISFIABLE;0.058730261;300.0;0;1;0;0;0;;;;;;;;
6;SN-none-ss;instance_30_10_4_21;epsilon;epsilon-constraint;similarity-budget;0.05;;;;;;sorting-network;none;slot-service;UNSATISFIABLE;0.057426207;300.0;0;1;0;0;0;;;;;;;;
6;SN-none-ss;instance_30_10_4_21;epsilon;epsilon-constraint;similarity-budget;0.10;;;;;;sorting-network;none;slot-service;UNSATISFIABLE;0.058515594;300.0;0;1;0;0;0;;;;;;;;
7;SN-both-none;instance_30_10_4_21;epsilon;epsilon-constraint;similarity-budget;0;;;;;;sorting-network;both;none;UNSATISFIABLE;0.075316934;300.0;0;1;0;0;0;;;;;;;;
7;SN-both-none;instance_30_10_4_21;epsilon;epsilon-constraint;similarity-budget;0.01;;;;;;sorting-network;both;none;UNSATISFIABLE;0.078519245;300.0;0;1;0;0;0;;;;;;;;
7;SN-both-none;instance_30_10_4_21;epsilon;epsilon-constraint;similarity-budget;0.025;;;;;;sorting-network;both;none;UNSATISFIABLE;0.064711556;300.0;0;1;0;0;0;;;;;;;;
7;SN-both-none;instance_30_10_4_21;epsilon;epsilon-constraint;similarity-budget;0.05;;;;;;sorting-network;both;none;UNSATISFIABLE;0.065176405;300.0;0;1;0;0;0;;;;;;;;
7;SN-both-none;instance_30_10_4_21;epsilon;epsilon-constraint;similarity-budget;0.10;;;;;;sorting-network;both;none;UNSATISFIABLE;0.063537318;300.0;0;1;0;0;0;;;;;;;;
8;SN-both-ss;instance_30_10_4_21;epsilon;epsilon-constraint;similarity-budget;0;;;;;;sorting-network;both;slot-service;UNSATISFIABLE;0.08661776;300.0;0;1;0;0;0;;;;;;;;
8;SN-both-ss;instance_30_10_4_21;epsilon;epsilon-constraint;similarity-budget;0.01;;;;;;sorting-network;both;slot-service;UNSATISFIABLE;0.084926386;300.0;0;1;0;0;0;;;;;;;;
8;SN-both-ss;instance_30_10_4_21;epsilon;epsilon-constraint;similarity-budget;0.025;;;;;;sorting-network;both;slot-service;UNSATISFIABLE;0.087395447;300.0;0;1;0;0;0;;;;;;;;
8;SN-both-ss;instance_30_10_4_21;epsilon;epsilon-constraint;similarity-budget;0.05;;;;;;sorting-network;both;slot-service;UNSATISFIABLE;0.084652723;300.0;0;1;0;0;0;;;;;;;;
8;SN-both-ss;instance_30_10_4_21;epsilon;epsilon-constraint;similarity-budget;0.10;;;;;;sorting-network;both;slot-service;UNSATISFIABLE;0.076592347;300.0;0;1;0;0;0;;;;;;;;
1;TOT-none-none;instance_30_10_4_22;epsilon;epsilon-constraint;similarity-budget;0;;;;;;totalizer;none;none;UNSATISFIABLE;0.036727126;300.0;0;1;0;0;0;;;;;;;;
1;TOT-none-none;instance_30_10_4_22;epsilon;epsilon-constraint;similarity-budget;0.01;;;;;;totalizer;none;none;UNSATISFIABLE;0.036650472;300.0;0;1;0;0;0;;;;;;;;
1;TOT-none-none;instance_30_10_4_22;epsilon;epsilon-constraint;similarity-budget;0.025;;;;;;totalizer;none;none;UNSATISFIABLE;0.049230392;300.0;0;1;0;0;0;;;;;;;;
1;TOT-none-none;instance_30_10_4_22;epsilon;epsilon-constraint;similarity-budget;0.05;;;;;;totalizer;none;none;UNSATISFIABLE;0.052734114;300.0;0;1;0;0;0;;;;;;;;
1;TOT-none-none;instance_30_10_4_22;epsilon;epsilon-constraint;similarity-budget;0.10;;;;;;totalizer;none;none;UNSATISFIABLE;0.040238843;300.0;0;1;0;0;0;;;;;;;;
2;TOT-none-ss;instance_30_10_4_22;epsilon;epsilon-constraint;similarity-budget;0;;;;;;totalizer;none;slot-service;UNSATISFIABLE;0.039951259;300.0;0;1;0;0;0;;;;;;;;
2;TOT-none-ss;instance_30_10_4_22;epsilon;epsilon-constraint;similarity-budget;0.01;;;;;;totalizer;none;slot-service;UNSATISFIABLE;0.042579023;300.0;0;1;0;0;0;;;;;;;;
2;TOT-none-ss;instance_30_10_4_22;epsilon;epsilon-constraint;similarity-budget;0.025;;;;;;totalizer;none;slot-service;UNSATISFIABLE;0.051810402;300.0;0;1;0;0;0;;;;;;;;
2;TOT-none-ss;instance_30_10_4_22;epsilon;epsilon-constraint;similarity-budget;0.05;;;;;;totalizer;none;slot-service;UNSATISFIABLE;0.055092151;300.0;0;1;0;0;0;;;;;;;;
2;TOT-none-ss;instance_30_10_4_22;epsilon;epsilon-constraint;similarity-budget;0.10;;;;;;totalizer;none;slot-service;UNSATISFIABLE;0.043396894;300.0;0;1;0;0;0;;;;;;;;
3;TOT-both-none;instance_30_10_4_22;epsilon;epsilon-constraint;similarity-budget;0;;;;;;totalizer;both;none;UNSATISFIABLE;0.056295391;300.0;0;1;0;0;0;;;;;;;;
3;TOT-both-none;instance_30_10_4_22;epsilon;epsilon-constraint;similarity-budget;0.01;;;;;;totalizer;both;none;UNSATISFIABLE;0.063386137;300.0;0;1;0;0;0;;;;;;;;
3;TOT-both-none;instance_30_10_4_22;epsilon;epsilon-constraint;similarity-budget;0.025;;;;;;totalizer;both;none;UNSATISFIABLE;0.06329057;300.0;0;1;0;0;0;;;;;;;;
3;TOT-both-none;instance_30_10_4_22;epsilon;epsilon-constraint;similarity-budget;0.05;;;;;;totalizer;both;none;UNSATISFIABLE;0.06485636;300.0;0;1;0;0;0;;;;;;;;
3;TOT-both-none;instance_30_10_4_22;epsilon;epsilon-constraint;similarity-budget;0.10;;;;;;totalizer;both;none;UNSATISFIABLE;0.064094392;300.0;0;1;0;0;0;;;;;;;;
4;TOT-both-ss;instance_30_10_4_22;epsilon;epsilon-constraint;similarity-budget;0;;;;;;totalizer;both;slot-service;UNSATISFIABLE;0.057584232;300.0;0;1;0;0;0;;;;;;;;
4;TOT-both-ss;instance_30_10_4_22;epsilon;epsilon-constraint;similarity-budget;0.01;;;;;;totalizer;both;slot-service;UNSATISFIABLE;0.062143252;300.0;0;1;0;0;0;;;;;;;;
4;TOT-both-ss;instance_30_10_4_22;epsilon;epsilon-constraint;similarity-budget;0.025;;;;;;totalizer;both;slot-service;UNSATISFIABLE;0.063943681;300.0;0;1;0;0;0;;;;;;;;
4;TOT-both-ss;instance_30_10_4_22;epsilon;epsilon-constraint;similarity-budget;0.05;;;;;;totalizer;both;slot-service;UNSATISFIABLE;0.067974051;300.0;0;1;0;0;0;;;;;;;;
4;TOT-both-ss;instance_30_10_4_22;epsilon;epsilon-constraint;similarity-budget;0.10;;;;;;totalizer;both;slot-service;UNSATISFIABLE;0.065132339;300.0;0;1;0;0;0;;;;;;;;
5;ORIGINAL;instance_30_10_4_22;epsilon;epsilon-constraint;similarity-budget;0;;;;;;sorting-network;none;none;UNSATISFIABLE;0.045678683;300.0;0;1;0;0;0;;;;;;;;
5;ORIGINAL;instance_30_10_4_22;epsilon;epsilon-constraint;similarity-budget;0.01;;;;;;sorting-network;none;none;UNSATISFIABLE;0.050869398;300.0;0;1;0;0;0;;;;;;;;
5;ORIGINAL;instance_30_10_4_22;epsilon;epsilon-constraint;similarity-budget;0.025;;;;;;sorting-network;none;none;UNSATISFIABLE;0.051348704;300.0;0;1;0;0;0;;;;;;;;
5;ORIGINAL;instance_30_10_4_22;epsilon;epsilon-constraint;similarity-budget;0.05;;;;;;sorting-network;none;none;UNSATISFIABLE;0.05106444;300.0;0;1;0;0;0;;;;;;;;
5;ORIGINAL;instance_30_10_4_22;epsilon;epsilon-constraint;similarity-budget;0.10;;;;;;sorting-network;none;none;UNSATISFIABLE;0.051201787;300.0;0;1;0;0;0;;;;;;;;
6;SN-none-ss;instance_30_10_4_22;epsilon;epsilon-constraint;similarity-budget;0;;;;;;sorting-network;none;slot-service;UNSATISFIABLE;0.049039453;300.0;0;1;0;0;0;;;;;;;;
6;SN-none-ss;instance_30_10_4_22;epsilon;epsilon-constraint;similarity-budget;0.01;;;;;;sorting-network;none;slot-service;UNSATISFIABLE;0.055966581;300.0;0;1;0;0;0;;;;;;;;
6;SN-none-ss;instance_30_10_4_22;epsilon;epsilon-constraint;similarity-budget;0.025;;;;;;sorting-network;none;slot-service;UNSATISFIABLE;0.050267702;300.0;0;1;0;0;0;;;;;;;;
6;SN-none-ss;instance_30_10_4_22;epsilon;epsilon-constraint;similarity-budget;0.05;;;;;;sorting-network;none;slot-service;UNSATISFIABLE;0.054500267;300.0;0;1;0;0;0;;;;;;;;
6;SN-none-ss;instance_30_10_4_22;epsilon;epsilon-constraint;similarity-budget;0.10;;;;;;sorting-network;none;slot-service;UNSATISFIABLE;0.052199604;300.0;0;1;0;0;0;;;;;;;;
7;SN-both-none;instance_30_10_4_22;epsilon;epsilon-constraint;similarity-budget;0;;;;;;sorting-network;both;none;UNSATISFIABLE;0.067215245;300.0;0;1;0;0;0;;;;;;;;
7;SN-both-none;instance_30_10_4_22;epsilon;epsilon-constraint;similarity-budget;0.01;;;;;;sorting-network;both;none;UNSATISFIABLE;0.069286449;300.0;0;1;0;0;0;;;;;;;;
7;SN-both-none;instance_30_10_4_22;epsilon;epsilon-constraint;similarity-budget;0.025;;;;;;sorting-network;both;none;UNSATISFIABLE;0.065496451;300.0;0;1;0;0;0;;;;;;;;
7;SN-both-none;instance_30_10_4_22;epsilon;epsilon-constraint;similarity-budget;0.05;;;;;;sorting-network;both;none;UNSATISFIABLE;0.06416371;300.0;0;1;0;0;0;;;;;;;;
7;SN-both-none;instance_30_10_4_22;epsilon;epsilon-constraint;similarity-budget;0.10;;;;;;sorting-network;both;none;UNSATISFIABLE;0.066159432;300.0;0;1;0;0;0;;;;;;;;
8;SN-both-ss;instance_30_10_4_22;epsilon;epsilon-constraint;similarity-budget;0;;;;;;sorting-network;both;slot-service;UNSATISFIABLE;0.069755049;300.0;0;1;0;0;0;;;;;;;;
8;SN-both-ss;instance_30_10_4_22;epsilon;epsilon-constraint;similarity-budget;0.01;;;;;;sorting-network;both;slot-service;UNSATISFIABLE;0.067776097;300.0;0;1;0;0;0;;;;;;;;
8;SN-both-ss;instance_30_10_4_22;epsilon;epsilon-constraint;similarity-budget;0.025;;;;;;sorting-network;both;slot-service;UNSATISFIABLE;0.068937829;300.0;0;1;0;0;0;;;;;;;;
8;SN-both-ss;instance_30_10_4_22;epsilon;epsilon-constraint;similarity-budget;0.05;;;;;;sorting-network;both;slot-service;UNSATISFIABLE;0.068394408;300.0;0;1;0;0;0;;;;;;;;
8;SN-both-ss;instance_30_10_4_22;epsilon;epsilon-constraint;similarity-budget;0.10;;;;;;sorting-network;both;slot-service;UNSATISFIABLE;0.065091267;300.0;0;1;0;0;0;;;;;;;;
1;TOT-none-none;instance_30_10_4_23;epsilon;epsilon-constraint;similarity-budget;0;382;382;;;;totalizer;none;none;TIMEOUT;300.1286145;300.0;9.936054009;2;6257;63444;563;;;;;;;similarity_reference;382
1;TOT-none-none;instance_30_10_4_23;epsilon;epsilon-constraint;similarity-budget;0.01;382;379;;;;totalizer;none;none;TIMEOUT;300.1263305;300.0;10.09938871;2;6257;63444;563;;;;;;;similarity_reference;382
1;TOT-none-none;instance_30_10_4_23;epsilon;epsilon-constraint;similarity-budget;0.025;382;373;;;;totalizer;none;none;TIMEOUT;300.1296308;300.0;10.10028307;2;6257;63444;563;;;;;;;similarity_reference;382
1;TOT-none-none;instance_30_10_4_23;epsilon;epsilon-constraint;similarity-budget;0.05;382;363;;;;totalizer;none;none;TIMEOUT;300.1242166;300.0;10.17205627;2;6257;63444;563;;;;;;;similarity_reference;382
1;TOT-none-none;instance_30_10_4_23;epsilon;epsilon-constraint;similarity-budget;0.10;382;344;;;;totalizer;none;none;TIMEOUT;300.1375349;300.0;260.00805299;4;173335;397601;891;;;;;;;similarity_reference | continuity | overtime;382 | 0 | 0
2;TOT-none-ss;instance_30_10_4_23;epsilon;epsilon-constraint;similarity-budget;0;382;382;;;;totalizer;none;slot-service;TIMEOUT;300.1235044;300.0;10.17654106;2;6676;65131;563;;;;;;;similarity_reference;382
2;TOT-none-ss;instance_30_10_4_23;epsilon;epsilon-constraint;similarity-budget;0.01;382;379;;;;totalizer;none;slot-service;TIMEOUT;300.1313033;300.0;11.25679439;2;6676;65131;563;;;;;;;similarity_reference;382
2;TOT-none-ss;instance_30_10_4_23;epsilon;epsilon-constraint;similarity-budget;0.025;382;373;;;;totalizer;none;slot-service;TIMEOUT;300.1215824;300.0;10.28135274;2;6676;65131;563;;;;;;;similarity_reference;382
2;TOT-none-ss;instance_30_10_4_23;epsilon;epsilon-constraint;similarity-budget;0.05;382;363;;;;totalizer;none;slot-service;TIMEOUT;300.127646;300.0;9.463663209;2;6676;65131;563;;;;;;;similarity_reference;382
2;TOT-none-ss;instance_30_10_4_23;epsilon;epsilon-constraint;similarity-budget;0.10;382;344;4;2/191;0.010471204188481676;totalizer;none;slot-service;OPTIMUM;245.9436461;300.0;245.167996152;4;173754;399333;891;378.0;378.0;378.0;0.0;0.0;120.0;similarity_reference | continuity | overtime | similarity_tiebreak;382 | 0 | 0 | 378
3;TOT-both-none;instance_30_10_4_23;epsilon;epsilon-constraint;similarity-budget;0;382;382;;;;totalizer;both;none;TIMEOUT;300.121792;300.0;11.55388251;2;9751;80290;563;;;;;;;similarity_reference;382
3;TOT-both-none;instance_30_10_4_23;epsilon;epsilon-constraint;similarity-budget;0.01;382;379;;;;totalizer;both;none;TIMEOUT;300.1247524;300.0;12.40871786;2;9751;80290;563;;;;;;;similarity_reference;382
3;TOT-both-none;instance_30_10_4_23;epsilon;epsilon-constraint;similarity-budget;0.025;382;373;;;;totalizer;both;none;TIMEOUT;300.1277081;300.0;12.99830876;2;9751;80290;563;;;;;;;similarity_reference;382
3;TOT-both-none;instance_30_10_4_23;epsilon;epsilon-constraint;similarity-budget;0.05;382;363;;;;totalizer;both;none;TIMEOUT;300.1309998;300.0;11.56760509;2;9751;80290;563;;;;;;;similarity_reference;382
3;TOT-both-none;instance_30_10_4_23;epsilon;epsilon-constraint;similarity-budget;0.10;382;344;;;;totalizer;both;none;TIMEOUT;300.1423175;300.0;254.64868911899998;4;176829;414447;891;;;;;;;similarity_reference | continuity | overtime;382 | 0 | 0
4;TOT-both-ss;instance_30_10_4_23;epsilon;epsilon-constraint;similarity-budget;0;382;382;;;;totalizer;both;slot-service;TIMEOUT;300.13224;300.0;12.42217658;2;9752;80296;563;;;;;;;similarity_reference;382
4;TOT-both-ss;instance_30_10_4_23;epsilon;epsilon-constraint;similarity-budget;0.01;382;379;;;;totalizer;both;slot-service;TIMEOUT;300.1256062;300.0;12.51068388;2;9752;80296;563;;;;;;;similarity_reference;382
4;TOT-both-ss;instance_30_10_4_23;epsilon;epsilon-constraint;similarity-budget;0.025;382;373;;;;totalizer;both;slot-service;TIMEOUT;300.130702;300.0;12.71780395;2;9752;80296;563;;;;;;;similarity_reference;382
4;TOT-both-ss;instance_30_10_4_23;epsilon;epsilon-constraint;similarity-budget;0.05;382;363;;;;totalizer;both;slot-service;TIMEOUT;300.1287294;300.0;10.70275661;2;9752;80296;563;;;;;;;similarity_reference;382
4;TOT-both-ss;instance_30_10_4_23;epsilon;epsilon-constraint;similarity-budget;0.10;382;344;;;;totalizer;both;slot-service;TIMEOUT;300.1384697;300.0;295.59243303;3;110410;281612;891;;;;;;;similarity_reference | continuity;382 | 0
5;ORIGINAL;instance_30_10_4_23;epsilon;epsilon-constraint;similarity-budget;0;382;382;;;;sorting-network;none;none;TIMEOUT;300.1254134;300.0;6.743377842;2;17744;62868;563;;;;;;;similarity_reference;382
5;ORIGINAL;instance_30_10_4_23;epsilon;epsilon-constraint;similarity-budget;0.01;382;379;;;;sorting-network;none;none;TIMEOUT;300.1213923;300.0;7.0181389;2;17744;62868;563;;;;;;;similarity_reference;382
5;ORIGINAL;instance_30_10_4_23;epsilon;epsilon-constraint;similarity-budget;0.025;382;373;;;;sorting-network;none;none;TIMEOUT;300.1245028;300.0;6.778758721;2;17744;62868;563;;;;;;;similarity_reference;382
5;ORIGINAL;instance_30_10_4_23;epsilon;epsilon-constraint;similarity-budget;0.05;382;363;;;;sorting-network;none;none;TIMEOUT;300.1250408;300.0;8.840144354;2;17744;62868;563;;;;;;;similarity_reference;382
5;ORIGINAL;instance_30_10_4_23;epsilon;epsilon-constraint;similarity-budget;0.10;382;344;;;;sorting-network;none;none;TIMEOUT;300.1328996;300.0;265.733111091;4;184822;397025;891;;;;;;;similarity_reference | continuity | overtime;382 | 0 | 0
6;SN-none-ss;instance_30_10_4_23;epsilon;epsilon-constraint;similarity-budget;0;382;382;;;;sorting-network;none;slot-service;TIMEOUT;300.1212091;300.0;8.77532493;2;18163;64555;563;;;;;;;similarity_reference;382
6;SN-none-ss;instance_30_10_4_23;epsilon;epsilon-constraint;similarity-budget;0.01;382;379;;;;sorting-network;none;slot-service;TIMEOUT;300.1209065;300.0;8.922557415;2;18163;64555;563;;;;;;;similarity_reference;382
6;SN-none-ss;instance_30_10_4_23;epsilon;epsilon-constraint;similarity-budget;0.025;382;373;;;;sorting-network;none;slot-service;TIMEOUT;300.1289007;300.0;8.003864274;2;18163;64555;563;;;;;;;similarity_reference;382
6;SN-none-ss;instance_30_10_4_23;epsilon;epsilon-constraint;similarity-budget;0.05;382;363;;;;sorting-network;none;slot-service;TIMEOUT;300.1254383;300.0;7.018689968;2;18163;64555;563;;;;;;;similarity_reference;382
6;SN-none-ss;instance_30_10_4_23;epsilon;epsilon-constraint;similarity-budget;0.10;382;344;;;;sorting-network;none;slot-service;TIMEOUT;300.1315951;300.0;288.914711736;4;185241;398712;891;;;;;;;similarity_reference | continuity | overtime;382 | 0 | 0
7;SN-both-none;instance_30_10_4_23;epsilon;epsilon-constraint;similarity-budget;0;382;382;;;;sorting-network;both;none;TIMEOUT;300.1271277;300.0;10.27501859;2;25135;85242;563;;;;;;;similarity_reference;382
7;SN-both-none;instance_30_10_4_23;epsilon;epsilon-constraint;similarity-budget;0.01;382;379;;;;sorting-network;both;none;TIMEOUT;300.1276098;300.0;7.339881033;2;25135;85242;563;;;;;;;similarity_reference;382
7;SN-both-none;instance_30_10_4_23;epsilon;epsilon-constraint;similarity-budget;0.025;382;373;;;;sorting-network;both;none;TIMEOUT;300.1214884;300.0;9.182204596;2;25135;85242;563;;;;;;;similarity_reference;382
7;SN-both-none;instance_30_10_4_23;epsilon;epsilon-constraint;similarity-budget;0.05;382;363;;;;sorting-network;both;none;TIMEOUT;300.1323542;300.0;267.55387840400005;3;129187;293346;891;;;;;;;similarity_reference | continuity;382 | 0
7;SN-both-none;instance_30_10_4_23;epsilon;epsilon-constraint;similarity-budget;0.10;382;344;;;;sorting-network;both;none;TIMEOUT;300.1306551;300.0;222.79268226099998;4;192213;419399;891;;;;;;;similarity_reference | continuity | overtime;382 | 0 | 0
8;SN-both-ss;instance_30_10_4_23;epsilon;epsilon-constraint;similarity-budget;0;382;382;;;;sorting-network;both;slot-service;TIMEOUT;300.1251422;300.0;6.405595289;2;25136;85248;563;;;;;;;similarity_reference;382
8;SN-both-ss;instance_30_10_4_23;epsilon;epsilon-constraint;similarity-budget;0.01;382;379;;;;sorting-network;both;slot-service;TIMEOUT;300.1246783;300.0;7.131934527;2;25136;85248;563;;;;;;;similarity_reference;382
8;SN-both-ss;instance_30_10_4_23;epsilon;epsilon-constraint;similarity-budget;0.025;382;373;;;;sorting-network;both;slot-service;TIMEOUT;300.1274471;300.0;6.407556141;2;25136;85248;563;;;;;;;similarity_reference;382
8;SN-both-ss;instance_30_10_4_23;epsilon;epsilon-constraint;similarity-budget;0.05;382;363;;;;sorting-network;both;slot-service;TIMEOUT;300.1285428;300.0;6.022765015;2;25136;85248;563;;;;;;;similarity_reference;382
8;SN-both-ss;instance_30_10_4_23;epsilon;epsilon-constraint;similarity-budget;0.10;382;344;;;;sorting-network;both;slot-service;TIMEOUT;300.1381626;300.0;249.105631609;3;125794;286564;891;;;;;;;similarity_reference | continuity;382 | 0
1;TOT-none-none;instance_30_10_4_24;epsilon;epsilon-constraint;similarity-budget;0;396;396;;;;totalizer;none;none;TIMEOUT;300.1191734;300.0;15.65185775;2;5370;48224;463;;;;;;;similarity_reference;396
1;TOT-none-none;instance_30_10_4_24;epsilon;epsilon-constraint;similarity-budget;0.01;396;393;;;;totalizer;none;none;TIMEOUT;300.1224882;300.0;14.20544442;2;5370;48224;463;;;;;;;similarity_reference;396
1;TOT-none-none;instance_30_10_4_24;epsilon;epsilon-constraint;similarity-budget;0.025;396;387;;;;totalizer;none;none;TIMEOUT;300.1227555;300.0;16.11671749;2;5370;48224;463;;;;;;;similarity_reference;396
1;TOT-none-none;instance_30_10_4_24;epsilon;epsilon-constraint;similarity-budget;0.05;396;377;;;;totalizer;none;none;TIMEOUT;300.1231881;300.0;18.11625888;2;5370;48224;463;;;;;;;similarity_reference;396
1;TOT-none-none;instance_30_10_4_24;epsilon;epsilon-constraint;similarity-budget;0.10;396;357;;;;totalizer;none;none;TIMEOUT;300.1211064;300.0;16.08218479;2;5370;48224;463;;;;;;;similarity_reference;396
2;TOT-none-ss;instance_30_10_4_24;epsilon;epsilon-constraint;similarity-budget;0;396;396;;;;totalizer;none;slot-service;TIMEOUT;300.1178701;300.0;10.25934005;2;5790;49932;463;;;;;;;similarity_reference;396
2;TOT-none-ss;instance_30_10_4_24;epsilon;epsilon-constraint;similarity-budget;0.01;396;393;;;;totalizer;none;slot-service;TIMEOUT;300.121868;300.0;10.34128764;2;5790;49932;463;;;;;;;similarity_reference;396
2;TOT-none-ss;instance_30_10_4_24;epsilon;epsilon-constraint;similarity-budget;0.025;396;387;;;;totalizer;none;slot-service;TIMEOUT;300.1217004;300.0;11.2495031;2;5790;49932;463;;;;;;;similarity_reference;396
2;TOT-none-ss;instance_30_10_4_24;epsilon;epsilon-constraint;similarity-budget;0.05;396;377;;;;totalizer;none;slot-service;TIMEOUT;300.1259513;300.0;11.33663258;2;5790;49932;463;;;;;;;similarity_reference;396
2;TOT-none-ss;instance_30_10_4_24;epsilon;epsilon-constraint;similarity-budget;0.10;396;357;;;;totalizer;none;slot-service;TIMEOUT;300.12012;300.0;9.284868405;2;5790;49932;463;;;;;;;similarity_reference;396
3;TOT-both-none;instance_30_10_4_24;epsilon;epsilon-constraint;similarity-budget;0;396;396;;;;totalizer;both;none;TIMEOUT;300.1264311;300.0;6.402659218;2;8812;65114;463;;;;;;;similarity_reference;396
3;TOT-both-none;instance_30_10_4_24;epsilon;epsilon-constraint;similarity-budget;0.01;396;393;;;;totalizer;both;none;TIMEOUT;300.1185335;300.0;6.466904555;2;8812;65114;463;;;;;;;similarity_reference;396
3;TOT-both-none;instance_30_10_4_24;epsilon;epsilon-constraint;similarity-budget;0.025;396;387;;;;totalizer;both;none;TIMEOUT;300.1188609;300.0;5.469918848;2;8812;65114;463;;;;;;;similarity_reference;396
3;TOT-both-none;instance_30_10_4_24;epsilon;epsilon-constraint;similarity-budget;0.05;396;377;;;;totalizer;both;none;TIMEOUT;300.1241875;300.0;7.481474325;2;8812;65114;463;;;;;;;similarity_reference;396
3;TOT-both-none;instance_30_10_4_24;epsilon;epsilon-constraint;similarity-budget;0.10;396;357;;;;totalizer;both;none;TIMEOUT;300.1354197;300.0;292.519580957;4;149198;345887;847;;;;;;;similarity_reference | continuity | overtime;396 | 1 | 0
4;TOT-both-ss;instance_30_10_4_24;epsilon;epsilon-constraint;similarity-budget;0;396;396;;;;totalizer;both;slot-service;TIMEOUT;300.1213123;300.0;11.4033088;2;8815;65130;463;;;;;;;similarity_reference;396
4;TOT-both-ss;instance_30_10_4_24;epsilon;epsilon-constraint;similarity-budget;0.01;396;393;;;;totalizer;both;slot-service;TIMEOUT;300.1166316;300.0;8.880310806;2;8815;65130;463;;;;;;;similarity_reference;396
4;TOT-both-ss;instance_30_10_4_24;epsilon;epsilon-constraint;similarity-budget;0.025;396;387;;;;totalizer;both;slot-service;TIMEOUT;300.1286206;300.0;10.4915342;2;8815;65130;463;;;;;;;similarity_reference;396
4;TOT-both-ss;instance_30_10_4_24;epsilon;epsilon-constraint;similarity-budget;0.05;396;377;;;;totalizer;both;slot-service;TIMEOUT;300.1199651;300.0;7.53016545;2;8815;65130;463;;;;;;;similarity_reference;396
4;TOT-both-ss;instance_30_10_4_24;epsilon;epsilon-constraint;similarity-budget;0.10;396;357;;;;totalizer;both;slot-service;TIMEOUT;300.1216909;300.0;6.56709093;2;8815;65130;463;;;;;;;similarity_reference;396
5;ORIGINAL;instance_30_10_4_24;epsilon;epsilon-constraint;similarity-budget;0;396;396;;;;sorting-network;none;none;TIMEOUT;300.117198;300.0;10.61909292;2;13402;49470;463;;;;;;;similarity_reference;396
5;ORIGINAL;instance_30_10_4_24;epsilon;epsilon-constraint;similarity-budget;0.01;396;393;;;;sorting-network;none;none;TIMEOUT;300.118704;300.0;11.76691539;2;13402;49470;463;;;;;;;similarity_reference;396
5;ORIGINAL;instance_30_10_4_24;epsilon;epsilon-constraint;similarity-budget;0.025;396;387;;;;sorting-network;none;none;TIMEOUT;300.1217132;300.0;10.61313396;2;13402;49470;463;;;;;;;similarity_reference;396
5;ORIGINAL;instance_30_10_4_24;epsilon;epsilon-constraint;similarity-budget;0.05;396;377;;;;sorting-network;none;none;TIMEOUT;300.1174267;300.0;10.68541435;2;13402;49470;463;;;;;;;similarity_reference;396
5;ORIGINAL;instance_30_10_4_24;epsilon;epsilon-constraint;similarity-budget;0.10;396;357;;;;sorting-network;none;none;TIMEOUT;300.1209928;300.0;10.80694635;2;13402;49470;463;;;;;;;similarity_reference;396
6;SN-none-ss;instance_30_10_4_24;epsilon;epsilon-constraint;similarity-budget;0;396;396;;;;sorting-network;none;slot-service;TIMEOUT;300.1191163;300.0;10.42083174;2;13822;51178;463;;;;;;;similarity_reference;396
6;SN-none-ss;instance_30_10_4_24;epsilon;epsilon-constraint;similarity-budget;0.01;396;393;;;;sorting-network;none;slot-service;TIMEOUT;300.1203577;300.0;9.51498558;2;13822;51178;463;;;;;;;similarity_reference;396
6;SN-none-ss;instance_30_10_4_24;epsilon;epsilon-constraint;similarity-budget;0.025;396;387;;;;sorting-network;none;slot-service;TIMEOUT;300.1175283;300.0;10.50366087;2;13822;51178;463;;;;;;;similarity_reference;396
6;SN-none-ss;instance_30_10_4_24;epsilon;epsilon-constraint;similarity-budget;0.05;396;377;;;;sorting-network;none;slot-service;TIMEOUT;300.1195206;300.0;9.477139923;2;13822;51178;463;;;;;;;similarity_reference;396
6;SN-none-ss;instance_30_10_4_24;epsilon;epsilon-constraint;similarity-budget;0.10;396;357;;;;sorting-network;none;slot-service;TIMEOUT;300.1246211;300.0;11.48623263;2;13822;51178;463;;;;;;;similarity_reference;396
7;SN-both-none;instance_30_10_4_24;epsilon;epsilon-constraint;similarity-budget;0;396;396;;;;sorting-network;both;none;TIMEOUT;300.118119;300.0;15.80565197;2;20930;72284;463;;;;;;;similarity_reference;396
7;SN-both-none;instance_30_10_4_24;epsilon;epsilon-constraint;similarity-budget;0.01;396;393;;;;sorting-network;both;none;TIMEOUT;300.1209927;300.0;15.84920705;2;20930;72284;463;;;;;;;similarity_reference;396
7;SN-both-none;instance_30_10_4_24;epsilon;epsilon-constraint;similarity-budget;0.025;396;387;;;;sorting-network;both;none;TIMEOUT;300.1268012;300.0;15.73652939;2;20930;72284;463;;;;;;;similarity_reference;396
7;SN-both-none;instance_30_10_4_24;epsilon;epsilon-constraint;similarity-budget;0.05;396;377;;;;sorting-network;both;none;TIMEOUT;300.1231145;300.0;14.81224771;2;20930;72284;463;;;;;;;similarity_reference;396
7;SN-both-none;instance_30_10_4_24;epsilon;epsilon-constraint;similarity-budget;0.10;396;357;;;;sorting-network;both;none;TIMEOUT;300.1306518;300.0;299.36240848;3;100565;231554;847;;;;;;;similarity_reference | continuity;396 | 1
8;SN-both-ss;instance_30_10_4_24;epsilon;epsilon-constraint;similarity-budget;0;396;396;;;;sorting-network;both;slot-service;TIMEOUT;300.1200253;300.0;9.871594993;2;20933;72300;463;;;;;;;similarity_reference;396
8;SN-both-ss;instance_30_10_4_24;epsilon;epsilon-constraint;similarity-budget;0.01;396;393;;;;sorting-network;both;slot-service;TIMEOUT;300.1256585;300.0;10.77196312;2;20933;72300;463;;;;;;;similarity_reference;396
8;SN-both-ss;instance_30_10_4_24;epsilon;epsilon-constraint;similarity-budget;0.025;396;387;;;;sorting-network;both;slot-service;TIMEOUT;300.1211377;300.0;9.908828249;2;20933;72300;463;;;;;;;similarity_reference;396
8;SN-both-ss;instance_30_10_4_24;epsilon;epsilon-constraint;similarity-budget;0.05;396;377;;;;sorting-network;both;slot-service;TIMEOUT;300.1190741;300.0;9.833678278;2;20933;72300;463;;;;;;;similarity_reference;396
8;SN-both-ss;instance_30_10_4_24;epsilon;epsilon-constraint;similarity-budget;0.10;396;357;;;;sorting-network;both;slot-service;TIMEOUT;300.1345738;300.0;284.972196573;4;161319;353073;847;;;;;;;similarity_reference | continuity | overtime;396 | 1 | 0
1;TOT-none-none;instance_30_10_4_25;epsilon;epsilon-constraint;similarity-budget;0;446;446;;;;totalizer;none;none;TIMEOUT;300.1365826;300.0;2.436744852;2;6809;73557;614;;;;;;;similarity_reference;446
1;TOT-none-none;instance_30_10_4_25;epsilon;epsilon-constraint;similarity-budget;0.01;446;442;;;;totalizer;none;none;TIMEOUT;300.1299026;300.0;2.467708435;2;6809;73557;614;;;;;;;similarity_reference;446
1;TOT-none-none;instance_30_10_4_25;epsilon;epsilon-constraint;similarity-budget;0.025;446;435;;;;totalizer;none;none;TIMEOUT;300.1353204;300.0;2.476310074;2;6809;73557;614;;;;;;;similarity_reference;446
1;TOT-none-none;instance_30_10_4_25;epsilon;epsilon-constraint;similarity-budget;0.05;446;424;;;;totalizer;none;none;TIMEOUT;300.1317596;300.0;2.497756558;2;6809;73557;614;;;;;;;similarity_reference;446
1;TOT-none-none;instance_30_10_4_25;epsilon;epsilon-constraint;similarity-budget;0.10;446;402;;;;totalizer;none;none;TIMEOUT;300.1368885;300.0;3.472769474;2;6809;73557;614;;;;;;;similarity_reference;446
2;TOT-none-ss;instance_30_10_4_25;epsilon;epsilon-constraint;similarity-budget;0;446;446;;;;totalizer;none;slot-service;TIMEOUT;300.132103;300.0;5.436659556;2;7237;75581;614;;;;;;;similarity_reference;446
2;TOT-none-ss;instance_30_10_4_25;epsilon;epsilon-constraint;similarity-budget;0.01;446;442;;;;totalizer;none;slot-service;TIMEOUT;300.1309892;300.0;5.469919315;2;7237;75581;614;;;;;;;similarity_reference;446
2;TOT-none-ss;instance_30_10_4_25;epsilon;epsilon-constraint;similarity-budget;0.025;446;435;;;;totalizer;none;slot-service;TIMEOUT;300.128212;300.0;5.467252682;2;7237;75581;614;;;;;;;similarity_reference;446
2;TOT-none-ss;instance_30_10_4_25;epsilon;epsilon-constraint;similarity-budget;0.05;446;424;;;;totalizer;none;slot-service;TIMEOUT;300.130197;300.0;5.517297358;2;7237;75581;614;;;;;;;similarity_reference;446
2;TOT-none-ss;instance_30_10_4_25;epsilon;epsilon-constraint;similarity-budget;0.10;446;402;;;;totalizer;none;slot-service;TIMEOUT;300.1317461;300.0;5.486208664;2;7237;75581;614;;;;;;;similarity_reference;446
3;TOT-both-none;instance_30_10_4_25;epsilon;epsilon-constraint;similarity-budget;0;446;446;;;;totalizer;both;none;TIMEOUT;300.130392;300.0;3.743283959;2;10405;91318;614;;;;;;;similarity_reference;446
3;TOT-both-none;instance_30_10_4_25;epsilon;epsilon-constraint;similarity-budget;0.01;446;442;;;;totalizer;both;none;TIMEOUT;300.1342402;300.0;3.917475443;2;10405;91318;614;;;;;;;similarity_reference;446
3;TOT-both-none;instance_30_10_4_25;epsilon;epsilon-constraint;similarity-budget;0.025;446;435;;;;totalizer;both;none;TIMEOUT;300.1290933;300.0;3.715970834;2;10405;91318;614;;;;;;;similarity_reference;446
3;TOT-both-none;instance_30_10_4_25;epsilon;epsilon-constraint;similarity-budget;0.05;446;424;;;;totalizer;both;none;TIMEOUT;300.136447;300.0;4.530028072;2;10405;91318;614;;;;;;;similarity_reference;446
3;TOT-both-none;instance_30_10_4_25;epsilon;epsilon-constraint;similarity-budget;0.10;446;402;;;;totalizer;both;none;TIMEOUT;300.1380619;300.0;2.728752705;2;10405;91318;614;;;;;;;similarity_reference;446
4;TOT-both-ss;instance_30_10_4_25;epsilon;epsilon-constraint;similarity-budget;0;446;446;;;;totalizer;both;slot-service;TIMEOUT;300.1334092;300.0;3.684192846;2;10408;91338;614;;;;;;;similarity_reference;446
4;TOT-both-ss;instance_30_10_4_25;epsilon;epsilon-constraint;similarity-budget;0.01;446;442;;;;totalizer;both;slot-service;TIMEOUT;300.1347595;300.0;4.63306252;2;10408;91338;614;;;;;;;similarity_reference;446
4;TOT-both-ss;instance_30_10_4_25;epsilon;epsilon-constraint;similarity-budget;0.025;446;435;;;;totalizer;both;slot-service;TIMEOUT;300.1311453;300.0;3.664548149;2;10408;91338;614;;;;;;;similarity_reference;446
4;TOT-both-ss;instance_30_10_4_25;epsilon;epsilon-constraint;similarity-budget;0.05;446;424;;;;totalizer;both;slot-service;TIMEOUT;300.1354331;300.0;3.766396929;2;10408;91338;614;;;;;;;similarity_reference;446
4;TOT-both-ss;instance_30_10_4_25;epsilon;epsilon-constraint;similarity-budget;0.10;446;402;;;;totalizer;both;slot-service;TIMEOUT;300.1271378;300.0;3.736845222;2;10408;91338;614;;;;;;;similarity_reference;446
5;ORIGINAL;instance_30_10_4_25;epsilon;epsilon-constraint;similarity-budget;0;446;446;;;;sorting-network;none;none;TIMEOUT;300.1234856;300.0;5.760549819;2;17704;68453;614;;;;;;;similarity_reference;446
5;ORIGINAL;instance_30_10_4_25;epsilon;epsilon-constraint;similarity-budget;0.01;446;442;;;;sorting-network;none;none;TIMEOUT;300.13265;300.0;5.861107849;2;17704;68453;614;;;;;;;similarity_reference;446
5;ORIGINAL;instance_30_10_4_25;epsilon;epsilon-constraint;similarity-budget;0.025;446;435;;;;sorting-network;none;none;TIMEOUT;300.1239726;300.0;5.801625529;2;17704;68453;614;;;;;;;similarity_reference;446
5;ORIGINAL;instance_30_10_4_25;epsilon;epsilon-constraint;similarity-budget;0.05;446;424;;;;sorting-network;none;none;TIMEOUT;300.1242512;300.0;5.872600946;2;17704;68453;614;;;;;;;similarity_reference;446
5;ORIGINAL;instance_30_10_4_25;epsilon;epsilon-constraint;similarity-budget;0.10;446;402;;;;sorting-network;none;none;TIMEOUT;300.1246874;300.0;5.850167965;2;17704;68453;614;;;;;;;similarity_reference;446
6;SN-none-ss;instance_30_10_4_25;epsilon;epsilon-constraint;similarity-budget;0;446;446;;;;sorting-network;none;slot-service;TIMEOUT;300.1319383;300.0;4.932128477;2;18132;70477;614;;;;;;;similarity_reference;446
6;SN-none-ss;instance_30_10_4_25;epsilon;epsilon-constraint;similarity-budget;0.01;446;442;;;;sorting-network;none;slot-service;TIMEOUT;300.1332539;300.0;6.07167841;2;18132;70477;614;;;;;;;similarity_reference;446
6;SN-none-ss;instance_30_10_4_25;epsilon;epsilon-constraint;similarity-budget;0.025;446;435;;;;sorting-network;none;slot-service;TIMEOUT;300.1315174;300.0;6.002041665;2;18132;70477;614;;;;;;;similarity_reference;446
6;SN-none-ss;instance_30_10_4_25;epsilon;epsilon-constraint;similarity-budget;0.05;446;424;;;;sorting-network;none;slot-service;TIMEOUT;300.1354309;300.0;6.041310851;2;18132;70477;614;;;;;;;similarity_reference;446
6;SN-none-ss;instance_30_10_4_25;epsilon;epsilon-constraint;similarity-budget;0.10;446;402;;;;sorting-network;none;slot-service;TIMEOUT;300.1322058;300.0;6.072529233;2;18132;70477;614;;;;;;;similarity_reference;446
7;SN-both-none;instance_30_10_4_25;epsilon;epsilon-constraint;similarity-budget;0;446;446;;;;sorting-network;both;none;TIMEOUT;300.1326339;300.0;6.432077981;2;25018;90848;614;;;;;;;similarity_reference;446
7;SN-both-none;instance_30_10_4_25;epsilon;epsilon-constraint;similarity-budget;0.01;446;442;;;;sorting-network;both;none;TIMEOUT;300.1277066;300.0;6.745624994;2;25018;90848;614;;;;;;;similarity_reference;446
7;SN-both-none;instance_30_10_4_25;epsilon;epsilon-constraint;similarity-budget;0.025;446;435;;;;sorting-network;both;none;TIMEOUT;300.1300223;300.0;6.413984612;2;25018;90848;614;;;;;;;similarity_reference;446
7;SN-both-none;instance_30_10_4_25;epsilon;epsilon-constraint;similarity-budget;0.05;446;424;;;;sorting-network;both;none;TIMEOUT;300.133179;300.0;6.272129499;2;25018;90848;614;;;;;;;similarity_reference;446
7;SN-both-none;instance_30_10_4_25;epsilon;epsilon-constraint;similarity-budget;0.10;446;402;;;;sorting-network;both;none;TIMEOUT;300.1341521;300.0;6.294667715;2;25018;90848;614;;;;;;;similarity_reference;446
8;SN-both-ss;instance_30_10_4_25;epsilon;epsilon-constraint;similarity-budget;0;446;446;;;;sorting-network;both;slot-service;TIMEOUT;300.1340495;300.0;6.415144137;2;25021;90868;614;;;;;;;similarity_reference;446
8;SN-both-ss;instance_30_10_4_25;epsilon;epsilon-constraint;similarity-budget;0.01;446;442;;;;sorting-network;both;slot-service;TIMEOUT;300.1368745;300.0;6.322755271;2;25021;90868;614;;;;;;;similarity_reference;446
8;SN-both-ss;instance_30_10_4_25;epsilon;epsilon-constraint;similarity-budget;0.025;446;435;;;;sorting-network;both;slot-service;TIMEOUT;300.135734;300.0;6.636411574;2;25021;90868;614;;;;;;;similarity_reference;446
8;SN-both-ss;instance_30_10_4_25;epsilon;epsilon-constraint;similarity-budget;0.05;446;424;;;;sorting-network;both;slot-service;TIMEOUT;300.1333295;300.0;5.266003005;2;25021;90868;614;;;;;;;similarity_reference;446
8;SN-both-ss;instance_30_10_4_25;epsilon;epsilon-constraint;similarity-budget;0.10;446;402;;;;sorting-network;both;slot-service;TIMEOUT;300.1312815;300.0;6.321829259;2;25021;90868;614;;;;;;;similarity_reference;446
1;TOT-none-none;instance_30_10_4_26;epsilon;epsilon-constraint;similarity-budget;0;;;;;;totalizer;none;none;UNSATISFIABLE;0.044179798;300.0;0;1;0;0;0;;;;;;;;
1;TOT-none-none;instance_30_10_4_26;epsilon;epsilon-constraint;similarity-budget;0.01;;;;;;totalizer;none;none;UNSATISFIABLE;0.049138987;300.0;0;1;0;0;0;;;;;;;;
1;TOT-none-none;instance_30_10_4_26;epsilon;epsilon-constraint;similarity-budget;0.025;;;;;;totalizer;none;none;UNSATISFIABLE;0.057591352;300.0;0;1;0;0;0;;;;;;;;
1;TOT-none-none;instance_30_10_4_26;epsilon;epsilon-constraint;similarity-budget;0.05;;;;;;totalizer;none;none;UNSATISFIABLE;0.059339967;300.0;0;1;0;0;0;;;;;;;;
1;TOT-none-none;instance_30_10_4_26;epsilon;epsilon-constraint;similarity-budget;0.10;;;;;;totalizer;none;none;UNSATISFIABLE;0.046073041;300.0;0;1;0;0;0;;;;;;;;
2;TOT-none-ss;instance_30_10_4_26;epsilon;epsilon-constraint;similarity-budget;0;;;;;;totalizer;none;slot-service;UNSATISFIABLE;0.045864869;300.0;0;1;0;0;0;;;;;;;;
2;TOT-none-ss;instance_30_10_4_26;epsilon;epsilon-constraint;similarity-budget;0.01;;;;;;totalizer;none;slot-service;UNSATISFIABLE;0.059057671;300.0;0;1;0;0;0;;;;;;;;
2;TOT-none-ss;instance_30_10_4_26;epsilon;epsilon-constraint;similarity-budget;0.025;;;;;;totalizer;none;slot-service;UNSATISFIABLE;0.050369951;300.0;0;1;0;0;0;;;;;;;;
2;TOT-none-ss;instance_30_10_4_26;epsilon;epsilon-constraint;similarity-budget;0.05;;;;;;totalizer;none;slot-service;UNSATISFIABLE;0.061145957;300.0;0;1;0;0;0;;;;;;;;
2;TOT-none-ss;instance_30_10_4_26;epsilon;epsilon-constraint;similarity-budget;0.10;;;;;;totalizer;none;slot-service;UNSATISFIABLE;0.060321148;300.0;0;1;0;0;0;;;;;;;;
3;TOT-both-none;instance_30_10_4_26;epsilon;epsilon-constraint;similarity-budget;0;;;;;;totalizer;both;none;UNSATISFIABLE;0.068200736;300.0;0;1;0;0;0;;;;;;;;
3;TOT-both-none;instance_30_10_4_26;epsilon;epsilon-constraint;similarity-budget;0.01;;;;;;totalizer;both;none;UNSATISFIABLE;0.072643048;300.0;0;1;0;0;0;;;;;;;;
3;TOT-both-none;instance_30_10_4_26;epsilon;epsilon-constraint;similarity-budget;0.025;;;;;;totalizer;both;none;UNSATISFIABLE;0.073164296;300.0;0;1;0;0;0;;;;;;;;
3;TOT-both-none;instance_30_10_4_26;epsilon;epsilon-constraint;similarity-budget;0.05;;;;;;totalizer;both;none;UNSATISFIABLE;0.074644627;300.0;0;1;0;0;0;;;;;;;;
3;TOT-both-none;instance_30_10_4_26;epsilon;epsilon-constraint;similarity-budget;0.10;;;;;;totalizer;both;none;UNSATISFIABLE;0.071872811;300.0;0;1;0;0;0;;;;;;;;
4;TOT-both-ss;instance_30_10_4_26;epsilon;epsilon-constraint;similarity-budget;0;;;;;;totalizer;both;slot-service;UNSATISFIABLE;0.069076112;300.0;0;1;0;0;0;;;;;;;;
4;TOT-both-ss;instance_30_10_4_26;epsilon;epsilon-constraint;similarity-budget;0.01;;;;;;totalizer;both;slot-service;UNSATISFIABLE;0.073159472;300.0;0;1;0;0;0;;;;;;;;
4;TOT-both-ss;instance_30_10_4_26;epsilon;epsilon-constraint;similarity-budget;0.025;;;;;;totalizer;both;slot-service;UNSATISFIABLE;0.075218829;300.0;0;1;0;0;0;;;;;;;;
4;TOT-both-ss;instance_30_10_4_26;epsilon;epsilon-constraint;similarity-budget;0.05;;;;;;totalizer;both;slot-service;UNSATISFIABLE;0.074695755;300.0;0;1;0;0;0;;;;;;;;
4;TOT-both-ss;instance_30_10_4_26;epsilon;epsilon-constraint;similarity-budget;0.10;;;;;;totalizer;both;slot-service;UNSATISFIABLE;0.076088718;300.0;0;1;0;0;0;;;;;;;;
5;ORIGINAL;instance_30_10_4_26;epsilon;epsilon-constraint;similarity-budget;0;;;;;;sorting-network;none;none;UNSATISFIABLE;0.055843828;300.0;0;1;0;0;0;;;;;;;;
5;ORIGINAL;instance_30_10_4_26;epsilon;epsilon-constraint;similarity-budget;0.01;;;;;;sorting-network;none;none;UNSATISFIABLE;0.059187874;300.0;0;1;0;0;0;;;;;;;;
5;ORIGINAL;instance_30_10_4_26;epsilon;epsilon-constraint;similarity-budget;0.025;;;;;;sorting-network;none;none;UNSATISFIABLE;0.058745735;300.0;0;1;0;0;0;;;;;;;;
5;ORIGINAL;instance_30_10_4_26;epsilon;epsilon-constraint;similarity-budget;0.05;;;;;;sorting-network;none;none;UNSATISFIABLE;0.059959575;300.0;0;1;0;0;0;;;;;;;;
5;ORIGINAL;instance_30_10_4_26;epsilon;epsilon-constraint;similarity-budget;0.10;;;;;;sorting-network;none;none;UNSATISFIABLE;0.059764312;300.0;0;1;0;0;0;;;;;;;;
6;SN-none-ss;instance_30_10_4_26;epsilon;epsilon-constraint;similarity-budget;0;;;;;;sorting-network;none;slot-service;UNSATISFIABLE;0.058597319;300.0;0;1;0;0;0;;;;;;;;
6;SN-none-ss;instance_30_10_4_26;epsilon;epsilon-constraint;similarity-budget;0.01;;;;;;sorting-network;none;slot-service;UNSATISFIABLE;0.062938889;300.0;0;1;0;0;0;;;;;;;;
6;SN-none-ss;instance_30_10_4_26;epsilon;epsilon-constraint;similarity-budget;0.025;;;;;;sorting-network;none;slot-service;UNSATISFIABLE;0.060596327;300.0;0;1;0;0;0;;;;;;;;
6;SN-none-ss;instance_30_10_4_26;epsilon;epsilon-constraint;similarity-budget;0.05;;;;;;sorting-network;none;slot-service;UNSATISFIABLE;0.063252378;300.0;0;1;0;0;0;;;;;;;;
6;SN-none-ss;instance_30_10_4_26;epsilon;epsilon-constraint;similarity-budget;0.10;;;;;;sorting-network;none;slot-service;UNSATISFIABLE;0.061447812;300.0;0;1;0;0;0;;;;;;;;
7;SN-both-none;instance_30_10_4_26;epsilon;epsilon-constraint;similarity-budget;0;;;;;;sorting-network;both;none;UNSATISFIABLE;0.087512547;300.0;0;1;0;0;0;;;;;;;;
7;SN-both-none;instance_30_10_4_26;epsilon;epsilon-constraint;similarity-budget;0.01;;;;;;sorting-network;both;none;UNSATISFIABLE;0.085856646;300.0;0;1;0;0;0;;;;;;;;
7;SN-both-none;instance_30_10_4_26;epsilon;epsilon-constraint;similarity-budget;0.025;;;;;;sorting-network;both;none;UNSATISFIABLE;0.086536899;300.0;0;1;0;0;0;;;;;;;;
7;SN-both-none;instance_30_10_4_26;epsilon;epsilon-constraint;similarity-budget;0.05;;;;;;sorting-network;both;none;UNSATISFIABLE;0.086975165;300.0;0;1;0;0;0;;;;;;;;
7;SN-both-none;instance_30_10_4_26;epsilon;epsilon-constraint;similarity-budget;0.10;;;;;;sorting-network;both;none;UNSATISFIABLE;0.085925139;300.0;0;1;0;0;0;;;;;;;;
8;SN-both-ss;instance_30_10_4_26;epsilon;epsilon-constraint;similarity-budget;0;;;;;;sorting-network;both;slot-service;UNSATISFIABLE;0.088110304;300.0;0;1;0;0;0;;;;;;;;
8;SN-both-ss;instance_30_10_4_26;epsilon;epsilon-constraint;similarity-budget;0.01;;;;;;sorting-network;both;slot-service;UNSATISFIABLE;0.08779471;300.0;0;1;0;0;0;;;;;;;;
8;SN-both-ss;instance_30_10_4_26;epsilon;epsilon-constraint;similarity-budget;0.025;;;;;;sorting-network;both;slot-service;UNSATISFIABLE;0.087573735;300.0;0;1;0;0;0;;;;;;;;
8;SN-both-ss;instance_30_10_4_26;epsilon;epsilon-constraint;similarity-budget;0.05;;;;;;sorting-network;both;slot-service;UNSATISFIABLE;0.086620169;300.0;0;1;0;0;0;;;;;;;;
8;SN-both-ss;instance_30_10_4_26;epsilon;epsilon-constraint;similarity-budget;0.10;;;;;;sorting-network;both;slot-service;UNSATISFIABLE;0.084880132;300.0;0;1;0;0;0;;;;;;;;
1;TOT-none-none;instance_30_10_4_27;epsilon;epsilon-constraint;similarity-budget;0;405;405;;;;totalizer;none;none;TIMEOUT;300.1219083;300.0;9.121667264;2;5189;43780;480;;;;;;;similarity_reference;405
1;TOT-none-none;instance_30_10_4_27;epsilon;epsilon-constraint;similarity-budget;0.01;405;401;;;;totalizer;none;none;TIMEOUT;300.1264923;300.0;9.394601204;2;5189;43780;480;;;;;;;similarity_reference;405
1;TOT-none-none;instance_30_10_4_27;epsilon;epsilon-constraint;similarity-budget;0.025;405;395;;;;totalizer;none;none;TIMEOUT;300.1192171;300.0;9.349037128;2;5189;43780;480;;;;;;;similarity_reference;405
1;TOT-none-none;instance_30_10_4_27;epsilon;epsilon-constraint;similarity-budget;0.05;405;385;;;;totalizer;none;none;TIMEOUT;300.1275946;300.0;9.697430866;2;5189;43780;480;;;;;;;similarity_reference;405
1;TOT-none-none;instance_30_10_4_27;epsilon;epsilon-constraint;similarity-budget;0.10;405;365;;;;totalizer;none;none;TIMEOUT;300.1211734;300.0;9.364658981;2;5189;43780;480;;;;;;;similarity_reference;405
2;TOT-none-ss;instance_30_10_4_27;epsilon;epsilon-constraint;similarity-budget;0;405;405;;;;totalizer;none;slot-service;TIMEOUT;300.1221703;300.0;7.640152825;2;5616;45152;480;;;;;;;similarity_reference;405
2;TOT-none-ss;instance_30_10_4_27;epsilon;epsilon-constraint;similarity-budget;0.01;405;401;;;;totalizer;none;slot-service;TIMEOUT;300.1258339;300.0;7.742697012;2;5616;45152;480;;;;;;;similarity_reference;405
2;TOT-none-ss;instance_30_10_4_27;epsilon;epsilon-constraint;similarity-budget;0.025;405;395;;;;totalizer;none;slot-service;TIMEOUT;300.1264275;300.0;8.703444179;2;5616;45152;480;;;;;;;similarity_reference;405
2;TOT-none-ss;instance_30_10_4_27;epsilon;epsilon-constraint;similarity-budget;0.05;405;385;;;;totalizer;none;slot-service;TIMEOUT;300.1191655;300.0;8.979348846;2;5616;45152;480;;;;;;;similarity_reference;405
2;TOT-none-ss;instance_30_10_4_27;epsilon;epsilon-constraint;similarity-budget;0.10;405;365;;;;totalizer;none;slot-service;TIMEOUT;300.1202044;300.0;8.689166023;2;5616;45152;480;;;;;;;similarity_reference;405
3;TOT-both-none;instance_30_10_4_27;epsilon;epsilon-constraint;similarity-budget;0;405;405;;;;totalizer;both;none;TIMEOUT;300.11774;300.0;13.21534084;2;8639;59749;480;;;;;;;similarity_reference;405
3;TOT-both-none;instance_30_10_4_27;epsilon;epsilon-constraint;similarity-budget;0.01;405;401;;;;totalizer;both;none;TIMEOUT;300.1250475;300.0;12.38468009;2;8639;59749;480;;;;;;;similarity_reference;405
3;TOT-both-none;instance_30_10_4_27;epsilon;epsilon-constraint;similarity-budget;0.025;405;395;;;;totalizer;both;none;TIMEOUT;300.1209452;300.0;11.80132181;2;8639;59749;480;;;;;;;similarity_reference;405
3;TOT-both-none;instance_30_10_4_27;epsilon;epsilon-constraint;similarity-budget;0.05;405;385;;;;totalizer;both;none;TIMEOUT;300.1255258;300.0;14.03745001;2;8639;59749;480;;;;;;;similarity_reference;405
3;TOT-both-none;instance_30_10_4_27;epsilon;epsilon-constraint;similarity-budget;0.10;405;365;;;;totalizer;both;none;TIMEOUT;300.1196499;300.0;12.24889003;2;8639;59749;480;;;;;;;similarity_reference;405
4;TOT-both-ss;instance_30_10_4_27;epsilon;epsilon-constraint;similarity-budget;0;405;405;;;;totalizer;both;slot-service;TIMEOUT;300.1195457;300.0;11.26298886;2;8644;59774;480;;;;;;;similarity_reference;405
4;TOT-both-ss;instance_30_10_4_27;epsilon;epsilon-constraint;similarity-budget;0.01;405;401;;;;totalizer;both;slot-service;TIMEOUT;300.1236806;300.0;12.91545514;2;8644;59774;480;;;;;;;similarity_reference;405
4;TOT-both-ss;instance_30_10_4_27;epsilon;epsilon-constraint;similarity-budget;0.025;405;395;;;;totalizer;both;slot-service;TIMEOUT;300.1296279;300.0;10.71848912;2;8644;59774;480;;;;;;;similarity_reference;405
4;TOT-both-ss;instance_30_10_4_27;epsilon;epsilon-constraint;similarity-budget;0.05;405;385;;;;totalizer;both;slot-service;TIMEOUT;300.1232474;300.0;11.19504497;2;8644;59774;480;;;;;;;similarity_reference;405
4;TOT-both-ss;instance_30_10_4_27;epsilon;epsilon-constraint;similarity-budget;0.10;405;365;;;;totalizer;both;slot-service;TIMEOUT;300.122655;300.0;11.2065019;2;8644;59774;480;;;;;;;similarity_reference;405
5;ORIGINAL;instance_30_10_4_27;epsilon;epsilon-constraint;similarity-budget;0;405;405;;;;sorting-network;none;none;TIMEOUT;300.1194399;300.0;9.260042679;2;13839;44708;480;;;;;;;similarity_reference;405
5;ORIGINAL;instance_30_10_4_27;epsilon;epsilon-constraint;similarity-budget;0.01;405;401;;;;sorting-network;none;none;TIMEOUT;300.1238561;300.0;9.277960697;2;13839;44708;480;;;;;;;similarity_reference;405
5;ORIGINAL;instance_30_10_4_27;epsilon;epsilon-constraint;similarity-budget;0.025;405;395;;;;sorting-network;none;none;TIMEOUT;300.1224676;300.0;9.370715027;2;13839;44708;480;;;;;;;similarity_reference;405
5;ORIGINAL;instance_30_10_4_27;epsilon;epsilon-constraint;similarity-budget;0.05;405;385;;;;sorting-network;none;none;TIMEOUT;300.123244;300.0;8.53739618;2;13839;44708;480;;;;;;;similarity_reference;405
5;ORIGINAL;instance_30_10_4_27;epsilon;epsilon-constraint;similarity-budget;0.10;405;365;;;;sorting-network;none;none;TIMEOUT;300.1174577;300.0;9.323765345;2;13839;44708;480;;;;;;;similarity_reference;405
6;SN-none-ss;instance_30_10_4_27;epsilon;epsilon-constraint;similarity-budget;0;405;405;;;;sorting-network;none;slot-service;TIMEOUT;300.1244528;300.0;8.417408979;2;14266;46080;480;;;;;;;similarity_reference;405
6;SN-none-ss;instance_30_10_4_27;epsilon;epsilon-constraint;similarity-budget;0.01;405;401;;;;sorting-network;none;slot-service;TIMEOUT;300.1232946;300.0;10.30079895;2;14266;46080;480;;;;;;;similarity_reference;405
6;SN-none-ss;instance_30_10_4_27;epsilon;epsilon-constraint;similarity-budget;0.025;405;395;;;;sorting-network;none;slot-service;TIMEOUT;300.1250022;300.0;9.745430456;2;14266;46080;480;;;;;;;similarity_reference;405
6;SN-none-ss;instance_30_10_4_27;epsilon;epsilon-constraint;similarity-budget;0.05;405;385;;;;sorting-network;none;slot-service;TIMEOUT;300.1199215;300.0;8.294840111;2;14266;46080;480;;;;;;;similarity_reference;405
6;SN-none-ss;instance_30_10_4_27;epsilon;epsilon-constraint;similarity-budget;0.10;405;365;;;;sorting-network;none;slot-service;TIMEOUT;300.1203098;300.0;9.798643261;2;14266;46080;480;;;;;;;similarity_reference;405
7;SN-both-none;instance_30_10_4_27;epsilon;epsilon-constraint;similarity-budget;0;405;405;;;;sorting-network;both;none;TIMEOUT;300.1194299;300.0;10.49599659;2;20862;65639;480;;;;;;;similarity_reference;405
7;SN-both-none;instance_30_10_4_27;epsilon;epsilon-constraint;similarity-budget;0.01;405;401;;;;sorting-network;both;none;TIMEOUT;300.1192069;300.0;9.454111525;2;20862;65639;480;;;;;;;similarity_reference;405
7;SN-both-none;instance_30_10_4_27;epsilon;epsilon-constraint;similarity-budget;0.025;405;395;;;;sorting-network;both;none;TIMEOUT;300.1191359;300.0;10.3816427;2;20862;65639;480;;;;;;;similarity_reference;405
7;SN-both-none;instance_30_10_4_27;epsilon;epsilon-constraint;similarity-budget;0.05;405;385;;;;sorting-network;both;none;TIMEOUT;300.1231047;300.0;8.498566934;2;20862;65639;480;;;;;;;similarity_reference;405
7;SN-both-none;instance_30_10_4_27;epsilon;epsilon-constraint;similarity-budget;0.10;405;365;;;;sorting-network;both;none;TIMEOUT;300.1225954;300.0;10.42300328;2;20862;65639;480;;;;;;;similarity_reference;405
8;SN-both-ss;instance_30_10_4_27;epsilon;epsilon-constraint;similarity-budget;0;405;405;;;;sorting-network;both;slot-service;TIMEOUT;300.1248543;300.0;9.727804045;2;20867;65664;480;;;;;;;similarity_reference;405
8;SN-both-ss;instance_30_10_4_27;epsilon;epsilon-constraint;similarity-budget;0.01;405;401;;;;sorting-network;both;slot-service;TIMEOUT;300.1261261;300.0;9.151031858;2;20867;65664;480;;;;;;;similarity_reference;405
8;SN-both-ss;instance_30_10_4_27;epsilon;epsilon-constraint;similarity-budget;0.025;405;395;;;;sorting-network;both;slot-service;TIMEOUT;300.1191505;300.0;8.698341517;2;20867;65664;480;;;;;;;similarity_reference;405
8;SN-both-ss;instance_30_10_4_27;epsilon;epsilon-constraint;similarity-budget;0.05;405;385;;;;sorting-network;both;slot-service;TIMEOUT;300.1220087;300.0;10.37264747;2;20867;65664;480;;;;;;;similarity_reference;405
8;SN-both-ss;instance_30_10_4_27;epsilon;epsilon-constraint;similarity-budget;0.10;405;365;;;;sorting-network;both;slot-service;TIMEOUT;300.1207506;300.0;8.851456965;2;20867;65664;480;;;;;;;similarity_reference;405
1;TOT-none-none;instance_30_10_4_28;epsilon;epsilon-constraint;similarity-budget;0;;;;;;totalizer;none;none;UNSATISFIABLE;0.023777828;300.0;0;1;0;0;0;;;;;;;;
1;TOT-none-none;instance_30_10_4_28;epsilon;epsilon-constraint;similarity-budget;0.01;;;;;;totalizer;none;none;UNSATISFIABLE;0.025604087;300.0;0;1;0;0;0;;;;;;;;
1;TOT-none-none;instance_30_10_4_28;epsilon;epsilon-constraint;similarity-budget;0.025;;;;;;totalizer;none;none;UNSATISFIABLE;0.027202815;300.0;0;1;0;0;0;;;;;;;;
1;TOT-none-none;instance_30_10_4_28;epsilon;epsilon-constraint;similarity-budget;0.05;;;;;;totalizer;none;none;UNSATISFIABLE;0.027861072;300.0;0;1;0;0;0;;;;;;;;
1;TOT-none-none;instance_30_10_4_28;epsilon;epsilon-constraint;similarity-budget;0.10;;;;;;totalizer;none;none;UNSATISFIABLE;0.026534551;300.0;0;1;0;0;0;;;;;;;;
2;TOT-none-ss;instance_30_10_4_28;epsilon;epsilon-constraint;similarity-budget;0;;;;;;totalizer;none;slot-service;UNSATISFIABLE;0.026860025;300.0;0;1;0;0;0;;;;;;;;
2;TOT-none-ss;instance_30_10_4_28;epsilon;epsilon-constraint;similarity-budget;0.01;;;;;;totalizer;none;slot-service;UNSATISFIABLE;0.026950796;300.0;0;1;0;0;0;;;;;;;;
2;TOT-none-ss;instance_30_10_4_28;epsilon;epsilon-constraint;similarity-budget;0.025;;;;;;totalizer;none;slot-service;UNSATISFIABLE;0.028408089;300.0;0;1;0;0;0;;;;;;;;
2;TOT-none-ss;instance_30_10_4_28;epsilon;epsilon-constraint;similarity-budget;0.05;;;;;;totalizer;none;slot-service;UNSATISFIABLE;0.029208255;300.0;0;1;0;0;0;;;;;;;;
2;TOT-none-ss;instance_30_10_4_28;epsilon;epsilon-constraint;similarity-budget;0.10;;;;;;totalizer;none;slot-service;UNSATISFIABLE;0.029002661;300.0;0;1;0;0;0;;;;;;;;
3;TOT-both-none;instance_30_10_4_28;epsilon;epsilon-constraint;similarity-budget;0;;;;;;totalizer;both;none;UNSATISFIABLE;0.03137536;300.0;0;1;0;0;0;;;;;;;;
3;TOT-both-none;instance_30_10_4_28;epsilon;epsilon-constraint;similarity-budget;0.01;;;;;;totalizer;both;none;UNSATISFIABLE;0.034327129;300.0;0;1;0;0;0;;;;;;;;
3;TOT-both-none;instance_30_10_4_28;epsilon;epsilon-constraint;similarity-budget;0.025;;;;;;totalizer;both;none;UNSATISFIABLE;0.035324203;300.0;0;1;0;0;0;;;;;;;;
3;TOT-both-none;instance_30_10_4_28;epsilon;epsilon-constraint;similarity-budget;0.05;;;;;;totalizer;both;none;UNSATISFIABLE;0.035159004;300.0;0;1;0;0;0;;;;;;;;
3;TOT-both-none;instance_30_10_4_28;epsilon;epsilon-constraint;similarity-budget;0.10;;;;;;totalizer;both;none;UNSATISFIABLE;0.03441061;300.0;0;1;0;0;0;;;;;;;;
4;TOT-both-ss;instance_30_10_4_28;epsilon;epsilon-constraint;similarity-budget;0;;;;;;totalizer;both;slot-service;UNSATISFIABLE;0.03221004;300.0;0;1;0;0;0;;;;;;;;
4;TOT-both-ss;instance_30_10_4_28;epsilon;epsilon-constraint;similarity-budget;0.01;;;;;;totalizer;both;slot-service;UNSATISFIABLE;0.036419587;300.0;0;1;0;0;0;;;;;;;;
4;TOT-both-ss;instance_30_10_4_28;epsilon;epsilon-constraint;similarity-budget;0.025;;;;;;totalizer;both;slot-service;UNSATISFIABLE;0.035745333;300.0;0;1;0;0;0;;;;;;;;
4;TOT-both-ss;instance_30_10_4_28;epsilon;epsilon-constraint;similarity-budget;0.05;;;;;;totalizer;both;slot-service;UNSATISFIABLE;0.036172825;300.0;0;1;0;0;0;;;;;;;;
4;TOT-both-ss;instance_30_10_4_28;epsilon;epsilon-constraint;similarity-budget;0.10;;;;;;totalizer;both;slot-service;UNSATISFIABLE;0.036231626;300.0;0;1;0;0;0;;;;;;;;
5;ORIGINAL;instance_30_10_4_28;epsilon;epsilon-constraint;similarity-budget;0;;;;;;sorting-network;none;none;UNSATISFIABLE;0.025423347;300.0;0;1;0;0;0;;;;;;;;
5;ORIGINAL;instance_30_10_4_28;epsilon;epsilon-constraint;similarity-budget;0.01;;;;;;sorting-network;none;none;UNSATISFIABLE;0.027989952;300.0;0;1;0;0;0;;;;;;;;
5;ORIGINAL;instance_30_10_4_28;epsilon;epsilon-constraint;similarity-budget;0.025;;;;;;sorting-network;none;none;UNSATISFIABLE;0.027069119;300.0;0;1;0;0;0;;;;;;;;
5;ORIGINAL;instance_30_10_4_28;epsilon;epsilon-constraint;similarity-budget;0.05;;;;;;sorting-network;none;none;UNSATISFIABLE;0.027606396;300.0;0;1;0;0;0;;;;;;;;
5;ORIGINAL;instance_30_10_4_28;epsilon;epsilon-constraint;similarity-budget;0.10;;;;;;sorting-network;none;none;UNSATISFIABLE;0.028236773;300.0;0;1;0;0;0;;;;;;;;
6;SN-none-ss;instance_30_10_4_28;epsilon;epsilon-constraint;similarity-budget;0;;;;;;sorting-network;none;slot-service;UNSATISFIABLE;0.027171514;300.0;0;1;0;0;0;;;;;;;;
6;SN-none-ss;instance_30_10_4_28;epsilon;epsilon-constraint;similarity-budget;0.01;;;;;;sorting-network;none;slot-service;UNSATISFIABLE;0.031060793;300.0;0;1;0;0;0;;;;;;;;
6;SN-none-ss;instance_30_10_4_28;epsilon;epsilon-constraint;similarity-budget;0.025;;;;;;sorting-network;none;slot-service;UNSATISFIABLE;0.030164861;300.0;0;1;0;0;0;;;;;;;;
6;SN-none-ss;instance_30_10_4_28;epsilon;epsilon-constraint;similarity-budget;0.05;;;;;;sorting-network;none;slot-service;UNSATISFIABLE;0.029036199;300.0;0;1;0;0;0;;;;;;;;
6;SN-none-ss;instance_30_10_4_28;epsilon;epsilon-constraint;similarity-budget;0.10;;;;;;sorting-network;none;slot-service;UNSATISFIABLE;0.028943723;300.0;0;1;0;0;0;;;;;;;;
7;SN-both-none;instance_30_10_4_28;epsilon;epsilon-constraint;similarity-budget;0;;;;;;sorting-network;both;none;UNSATISFIABLE;0.037561285;300.0;0;1;0;0;0;;;;;;;;
7;SN-both-none;instance_30_10_4_28;epsilon;epsilon-constraint;similarity-budget;0.01;;;;;;sorting-network;both;none;UNSATISFIABLE;0.037570442;300.0;0;1;0;0;0;;;;;;;;
7;SN-both-none;instance_30_10_4_28;epsilon;epsilon-constraint;similarity-budget;0.025;;;;;;sorting-network;both;none;UNSATISFIABLE;0.034925588;300.0;0;1;0;0;0;;;;;;;;
7;SN-both-none;instance_30_10_4_28;epsilon;epsilon-constraint;similarity-budget;0.05;;;;;;sorting-network;both;none;UNSATISFIABLE;0.035663296;300.0;0;1;0;0;0;;;;;;;;
7;SN-both-none;instance_30_10_4_28;epsilon;epsilon-constraint;similarity-budget;0.10;;;;;;sorting-network;both;none;UNSATISFIABLE;0.035179661;300.0;0;1;0;0;0;;;;;;;;
8;SN-both-ss;instance_30_10_4_28;epsilon;epsilon-constraint;similarity-budget;0;;;;;;sorting-network;both;slot-service;UNSATISFIABLE;0.038267821;300.0;0;1;0;0;0;;;;;;;;
8;SN-both-ss;instance_30_10_4_28;epsilon;epsilon-constraint;similarity-budget;0.01;;;;;;sorting-network;both;slot-service;UNSATISFIABLE;0.038087294;300.0;0;1;0;0;0;;;;;;;;
8;SN-both-ss;instance_30_10_4_28;epsilon;epsilon-constraint;similarity-budget;0.025;;;;;;sorting-network;both;slot-service;UNSATISFIABLE;0.03730387;300.0;0;1;0;0;0;;;;;;;;
8;SN-both-ss;instance_30_10_4_28;epsilon;epsilon-constraint;similarity-budget;0.05;;;;;;sorting-network;both;slot-service;UNSATISFIABLE;0.035556725;300.0;0;1;0;0;0;;;;;;;;
8;SN-both-ss;instance_30_10_4_28;epsilon;epsilon-constraint;similarity-budget;0.10;;;;;;sorting-network;both;slot-service;UNSATISFIABLE;0.036584134;300.0;0;1;0;0;0;;;;;;;;
1;TOT-none-none;instance_30_10_4_29;epsilon;epsilon-constraint;similarity-budget;0;;;;;;totalizer;none;none;UNSATISFIABLE;0.034108487;300.0;0;1;0;0;0;;;;;;;;
1;TOT-none-none;instance_30_10_4_29;epsilon;epsilon-constraint;similarity-budget;0.01;;;;;;totalizer;none;none;UNSATISFIABLE;0.037848564;300.0;0;1;0;0;0;;;;;;;;
1;TOT-none-none;instance_30_10_4_29;epsilon;epsilon-constraint;similarity-budget;0.025;;;;;;totalizer;none;none;UNSATISFIABLE;0.037720845;300.0;0;1;0;0;0;;;;;;;;
1;TOT-none-none;instance_30_10_4_29;epsilon;epsilon-constraint;similarity-budget;0.05;;;;;;totalizer;none;none;UNSATISFIABLE;0.048747228;300.0;0;1;0;0;0;;;;;;;;
1;TOT-none-none;instance_30_10_4_29;epsilon;epsilon-constraint;similarity-budget;0.10;;;;;;totalizer;none;none;UNSATISFIABLE;0.034707072;300.0;0;1;0;0;0;;;;;;;;
2;TOT-none-ss;instance_30_10_4_29;epsilon;epsilon-constraint;similarity-budget;0;;;;;;totalizer;none;slot-service;UNSATISFIABLE;0.036084627;300.0;0;1;0;0;0;;;;;;;;
2;TOT-none-ss;instance_30_10_4_29;epsilon;epsilon-constraint;similarity-budget;0.01;;;;;;totalizer;none;slot-service;UNSATISFIABLE;0.039163629;300.0;0;1;0;0;0;;;;;;;;
2;TOT-none-ss;instance_30_10_4_29;epsilon;epsilon-constraint;similarity-budget;0.025;;;;;;totalizer;none;slot-service;UNSATISFIABLE;0.041211268;300.0;0;1;0;0;0;;;;;;;;
2;TOT-none-ss;instance_30_10_4_29;epsilon;epsilon-constraint;similarity-budget;0.05;;;;;;totalizer;none;slot-service;UNSATISFIABLE;0.050627542;300.0;0;1;0;0;0;;;;;;;;
2;TOT-none-ss;instance_30_10_4_29;epsilon;epsilon-constraint;similarity-budget;0.10;;;;;;totalizer;none;slot-service;UNSATISFIABLE;0.041449076;300.0;0;1;0;0;0;;;;;;;;
3;TOT-both-none;instance_30_10_4_29;epsilon;epsilon-constraint;similarity-budget;0;;;;;;totalizer;both;none;UNSATISFIABLE;0.03767769;300.0;0;1;0;0;0;;;;;;;;
3;TOT-both-none;instance_30_10_4_29;epsilon;epsilon-constraint;similarity-budget;0.01;;;;;;totalizer;both;none;UNSATISFIABLE;0.054456352;300.0;0;1;0;0;0;;;;;;;;
3;TOT-both-none;instance_30_10_4_29;epsilon;epsilon-constraint;similarity-budget;0.025;;;;;;totalizer;both;none;UNSATISFIABLE;0.054694419;300.0;0;1;0;0;0;;;;;;;;
3;TOT-both-none;instance_30_10_4_29;epsilon;epsilon-constraint;similarity-budget;0.05;;;;;;totalizer;both;none;UNSATISFIABLE;0.055538309;300.0;0;1;0;0;0;;;;;;;;
3;TOT-both-none;instance_30_10_4_29;epsilon;epsilon-constraint;similarity-budget;0.10;;;;;;totalizer;both;none;UNSATISFIABLE;0.054057869;300.0;0;1;0;0;0;;;;;;;;
4;TOT-both-ss;instance_30_10_4_29;epsilon;epsilon-constraint;similarity-budget;0;;;;;;totalizer;both;slot-service;UNSATISFIABLE;0.04101559;300.0;0;1;0;0;0;;;;;;;;
4;TOT-both-ss;instance_30_10_4_29;epsilon;epsilon-constraint;similarity-budget;0.01;;;;;;totalizer;both;slot-service;UNSATISFIABLE;0.054580447;300.0;0;1;0;0;0;;;;;;;;
4;TOT-both-ss;instance_30_10_4_29;epsilon;epsilon-constraint;similarity-budget;0.025;;;;;;totalizer;both;slot-service;UNSATISFIABLE;0.053644025;300.0;0;1;0;0;0;;;;;;;;
4;TOT-both-ss;instance_30_10_4_29;epsilon;epsilon-constraint;similarity-budget;0.05;;;;;;totalizer;both;slot-service;UNSATISFIABLE;0.055581664;300.0;0;1;0;0;0;;;;;;;;
4;TOT-both-ss;instance_30_10_4_29;epsilon;epsilon-constraint;similarity-budget;0.10;;;;;;totalizer;both;slot-service;UNSATISFIABLE;0.055451433;300.0;0;1;0;0;0;;;;;;;;
5;ORIGINAL;instance_30_10_4_29;epsilon;epsilon-constraint;similarity-budget;0;;;;;;sorting-network;none;none;UNSATISFIABLE;0.033593322;300.0;0;1;0;0;0;;;;;;;;
5;ORIGINAL;instance_30_10_4_29;epsilon;epsilon-constraint;similarity-budget;0.01;;;;;;sorting-network;none;none;UNSATISFIABLE;0.04954505;300.0;0;1;0;0;0;;;;;;;;
5;ORIGINAL;instance_30_10_4_29;epsilon;epsilon-constraint;similarity-budget;0.025;;;;;;sorting-network;none;none;UNSATISFIABLE;0.037868656;300.0;0;1;0;0;0;;;;;;;;
5;ORIGINAL;instance_30_10_4_29;epsilon;epsilon-constraint;similarity-budget;0.05;;;;;;sorting-network;none;none;UNSATISFIABLE;0.038721954;300.0;0;1;0;0;0;;;;;;;;
5;ORIGINAL;instance_30_10_4_29;epsilon;epsilon-constraint;similarity-budget;0.10;;;;;;sorting-network;none;none;UNSATISFIABLE;0.048693832;300.0;0;1;0;0;0;;;;;;;;
6;SN-none-ss;instance_30_10_4_29;epsilon;epsilon-constraint;similarity-budget;0;;;;;;sorting-network;none;slot-service;UNSATISFIABLE;0.036566496;300.0;0;1;0;0;0;;;;;;;;
6;SN-none-ss;instance_30_10_4_29;epsilon;epsilon-constraint;similarity-budget;0.01;;;;;;sorting-network;none;slot-service;UNSATISFIABLE;0.051622081;300.0;0;1;0;0;0;;;;;;;;
6;SN-none-ss;instance_30_10_4_29;epsilon;epsilon-constraint;similarity-budget;0.025;;;;;;sorting-network;none;slot-service;UNSATISFIABLE;0.040298451;300.0;0;1;0;0;0;;;;;;;;
6;SN-none-ss;instance_30_10_4_29;epsilon;epsilon-constraint;similarity-budget;0.05;;;;;;sorting-network;none;slot-service;UNSATISFIABLE;0.040661212;300.0;0;1;0;0;0;;;;;;;;
6;SN-none-ss;instance_30_10_4_29;epsilon;epsilon-constraint;similarity-budget;0.10;;;;;;sorting-network;none;slot-service;UNSATISFIABLE;0.051426337;300.0;0;1;0;0;0;;;;;;;;
7;SN-both-none;instance_30_10_4_29;epsilon;epsilon-constraint;similarity-budget;0;;;;;;sorting-network;both;none;UNSATISFIABLE;0.063404022;300.0;0;1;0;0;0;;;;;;;;
7;SN-both-none;instance_30_10_4_29;epsilon;epsilon-constraint;similarity-budget;0.01;;;;;;sorting-network;both;none;UNSATISFIABLE;0.064541197;300.0;0;1;0;0;0;;;;;;;;
7;SN-both-none;instance_30_10_4_29;epsilon;epsilon-constraint;similarity-budget;0.025;;;;;;sorting-network;both;none;UNSATISFIABLE;0.061972837;300.0;0;1;0;0;0;;;;;;;;
7;SN-both-none;instance_30_10_4_29;epsilon;epsilon-constraint;similarity-budget;0.05;;;;;;sorting-network;both;none;UNSATISFIABLE;0.061211338;300.0;0;1;0;0;0;;;;;;;;
7;SN-both-none;instance_30_10_4_29;epsilon;epsilon-constraint;similarity-budget;0.10;;;;;;sorting-network;both;none;UNSATISFIABLE;0.058272393;300.0;0;1;0;0;0;;;;;;;;
8;SN-both-ss;instance_30_10_4_29;epsilon;epsilon-constraint;similarity-budget;0;;;;;;sorting-network;both;slot-service;UNSATISFIABLE;0.064738336;300.0;0;1;0;0;0;;;;;;;;
8;SN-both-ss;instance_30_10_4_29;epsilon;epsilon-constraint;similarity-budget;0.01;;;;;;sorting-network;both;slot-service;UNSATISFIABLE;0.063994514;300.0;0;1;0;0;0;;;;;;;;
8;SN-both-ss;instance_30_10_4_29;epsilon;epsilon-constraint;similarity-budget;0.025;;;;;;sorting-network;both;slot-service;UNSATISFIABLE;0.065003951;300.0;0;1;0;0;0;;;;;;;;
8;SN-both-ss;instance_30_10_4_29;epsilon;epsilon-constraint;similarity-budget;0.05;;;;;;sorting-network;both;slot-service;UNSATISFIABLE;0.063647079;300.0;0;1;0;0;0;;;;;;;;
8;SN-both-ss;instance_30_10_4_29;epsilon;epsilon-constraint;similarity-budget;0.10;;;;;;sorting-network;both;slot-service;UNSATISFIABLE;0.064165032;300.0;0;1;0;0;0;;;;;;;;
1;TOT-none-none;instance_30_10_4_3;epsilon;epsilon-constraint;similarity-budget;0;;;;;;totalizer;none;none;UNSATISFIABLE;0.034200206;300.0;0;1;0;0;0;;;;;;;;
1;TOT-none-none;instance_30_10_4_3;epsilon;epsilon-constraint;similarity-budget;0.01;;;;;;totalizer;none;none;UNSATISFIABLE;0.036629528;300.0;0;1;0;0;0;;;;;;;;
1;TOT-none-none;instance_30_10_4_3;epsilon;epsilon-constraint;similarity-budget;0.025;;;;;;totalizer;none;none;UNSATISFIABLE;0.038166087;300.0;0;1;0;0;0;;;;;;;;
1;TOT-none-none;instance_30_10_4_3;epsilon;epsilon-constraint;similarity-budget;0.05;;;;;;totalizer;none;none;UNSATISFIABLE;0.039347385;300.0;0;1;0;0;0;;;;;;;;
1;TOT-none-none;instance_30_10_4_3;epsilon;epsilon-constraint;similarity-budget;0.10;;;;;;totalizer;none;none;UNSATISFIABLE;0.036162419;300.0;0;1;0;0;0;;;;;;;;
2;TOT-none-ss;instance_30_10_4_3;epsilon;epsilon-constraint;similarity-budget;0;;;;;;totalizer;none;slot-service;UNSATISFIABLE;0.034638017;300.0;0;1;0;0;0;;;;;;;;
2;TOT-none-ss;instance_30_10_4_3;epsilon;epsilon-constraint;similarity-budget;0.01;;;;;;totalizer;none;slot-service;UNSATISFIABLE;0.040580391;300.0;0;1;0;0;0;;;;;;;;
2;TOT-none-ss;instance_30_10_4_3;epsilon;epsilon-constraint;similarity-budget;0.025;;;;;;totalizer;none;slot-service;UNSATISFIABLE;0.039146082;300.0;0;1;0;0;0;;;;;;;;
2;TOT-none-ss;instance_30_10_4_3;epsilon;epsilon-constraint;similarity-budget;0.05;;;;;;totalizer;none;slot-service;UNSATISFIABLE;0.039825298;300.0;0;1;0;0;0;;;;;;;;
2;TOT-none-ss;instance_30_10_4_3;epsilon;epsilon-constraint;similarity-budget;0.10;;;;;;totalizer;none;slot-service;UNSATISFIABLE;0.040251054;300.0;0;1;0;0;0;;;;;;;;
3;TOT-both-none;instance_30_10_4_3;epsilon;epsilon-constraint;similarity-budget;0;;;;;;totalizer;both;none;UNSATISFIABLE;0.039491786;300.0;0;1;0;0;0;;;;;;;;
3;TOT-both-none;instance_30_10_4_3;epsilon;epsilon-constraint;similarity-budget;0.01;;;;;;totalizer;both;none;UNSATISFIABLE;0.055116485;300.0;0;1;0;0;0;;;;;;;;
3;TOT-both-none;instance_30_10_4_3;epsilon;epsilon-constraint;similarity-budget;0.025;;;;;;totalizer;both;none;UNSATISFIABLE;0.055032401;300.0;0;1;0;0;0;;;;;;;;
3;TOT-both-none;instance_30_10_4_3;epsilon;epsilon-constraint;similarity-budget;0.05;;;;;;totalizer;both;none;UNSATISFIABLE;0.052769703;300.0;0;1;0;0;0;;;;;;;;
3;TOT-both-none;instance_30_10_4_3;epsilon;epsilon-constraint;similarity-budget;0.10;;;;;;totalizer;both;none;UNSATISFIABLE;0.052540808;300.0;0;1;0;0;0;;;;;;;;
4;TOT-both-ss;instance_30_10_4_3;epsilon;epsilon-constraint;similarity-budget;0;;;;;;totalizer;both;slot-service;UNSATISFIABLE;0.040275009;300.0;0;1;0;0;0;;;;;;;;
4;TOT-both-ss;instance_30_10_4_3;epsilon;epsilon-constraint;similarity-budget;0.01;;;;;;totalizer;both;slot-service;UNSATISFIABLE;0.053503911;300.0;0;1;0;0;0;;;;;;;;
4;TOT-both-ss;instance_30_10_4_3;epsilon;epsilon-constraint;similarity-budget;0.025;;;;;;totalizer;both;slot-service;UNSATISFIABLE;0.053507601;300.0;0;1;0;0;0;;;;;;;;
4;TOT-both-ss;instance_30_10_4_3;epsilon;epsilon-constraint;similarity-budget;0.05;;;;;;totalizer;both;slot-service;UNSATISFIABLE;0.056810217;300.0;0;1;0;0;0;;;;;;;;
4;TOT-both-ss;instance_30_10_4_3;epsilon;epsilon-constraint;similarity-budget;0.10;;;;;;totalizer;both;slot-service;UNSATISFIABLE;0.056237472;300.0;0;1;0;0;0;;;;;;;;
5;ORIGINAL;instance_30_10_4_3;epsilon;epsilon-constraint;similarity-budget;0;;;;;;sorting-network;none;none;UNSATISFIABLE;0.035240767;300.0;0;1;0;0;0;;;;;;;;
5;ORIGINAL;instance_30_10_4_3;epsilon;epsilon-constraint;similarity-budget;0.01;;;;;;sorting-network;none;none;UNSATISFIABLE;0.03747691;300.0;0;1;0;0;0;;;;;;;;
5;ORIGINAL;instance_30_10_4_3;epsilon;epsilon-constraint;similarity-budget;0.025;;;;;;sorting-network;none;none;UNSATISFIABLE;0.046397835;300.0;0;1;0;0;0;;;;;;;;
5;ORIGINAL;instance_30_10_4_3;epsilon;epsilon-constraint;similarity-budget;0.05;;;;;;sorting-network;none;none;UNSATISFIABLE;0.049294654;300.0;0;1;0;0;0;;;;;;;;
5;ORIGINAL;instance_30_10_4_3;epsilon;epsilon-constraint;similarity-budget;0.10;;;;;;sorting-network;none;none;UNSATISFIABLE;0.039665609;300.0;0;1;0;0;0;;;;;;;;
6;SN-none-ss;instance_30_10_4_3;epsilon;epsilon-constraint;similarity-budget;0;;;;;;sorting-network;none;slot-service;UNSATISFIABLE;0.035078521;300.0;0;1;0;0;0;;;;;;;;
6;SN-none-ss;instance_30_10_4_3;epsilon;epsilon-constraint;similarity-budget;0.01;;;;;;sorting-network;none;slot-service;UNSATISFIABLE;0.050549565;300.0;0;1;0;0;0;;;;;;;;
6;SN-none-ss;instance_30_10_4_3;epsilon;epsilon-constraint;similarity-budget;0.025;;;;;;sorting-network;none;slot-service;UNSATISFIABLE;0.039688579;300.0;0;1;0;0;0;;;;;;;;
6;SN-none-ss;instance_30_10_4_3;epsilon;epsilon-constraint;similarity-budget;0.05;;;;;;sorting-network;none;slot-service;UNSATISFIABLE;0.052085745;300.0;0;1;0;0;0;;;;;;;;
6;SN-none-ss;instance_30_10_4_3;epsilon;epsilon-constraint;similarity-budget;0.10;;;;;;sorting-network;none;slot-service;UNSATISFIABLE;0.041217322;300.0;0;1;0;0;0;;;;;;;;
7;SN-both-none;instance_30_10_4_3;epsilon;epsilon-constraint;similarity-budget;0;;;;;;sorting-network;both;none;UNSATISFIABLE;0.064048955;300.0;0;1;0;0;0;;;;;;;;
7;SN-both-none;instance_30_10_4_3;epsilon;epsilon-constraint;similarity-budget;0.01;;;;;;sorting-network;both;none;UNSATISFIABLE;0.065169998;300.0;0;1;0;0;0;;;;;;;;
7;SN-both-none;instance_30_10_4_3;epsilon;epsilon-constraint;similarity-budget;0.025;;;;;;sorting-network;both;none;UNSATISFIABLE;0.064962897;300.0;0;1;0;0;0;;;;;;;;
7;SN-both-none;instance_30_10_4_3;epsilon;epsilon-constraint;similarity-budget;0.05;;;;;;sorting-network;both;none;UNSATISFIABLE;0.063693184;300.0;0;1;0;0;0;;;;;;;;
7;SN-both-none;instance_30_10_4_3;epsilon;epsilon-constraint;similarity-budget;0.10;;;;;;sorting-network;both;none;UNSATISFIABLE;0.06341297;300.0;0;1;0;0;0;;;;;;;;
8;SN-both-ss;instance_30_10_4_3;epsilon;epsilon-constraint;similarity-budget;0;;;;;;sorting-network;both;slot-service;UNSATISFIABLE;0.067509156;300.0;0;1;0;0;0;;;;;;;;
8;SN-both-ss;instance_30_10_4_3;epsilon;epsilon-constraint;similarity-budget;0.01;;;;;;sorting-network;both;slot-service;UNSATISFIABLE;0.063018788;300.0;0;1;0;0;0;;;;;;;;
8;SN-both-ss;instance_30_10_4_3;epsilon;epsilon-constraint;similarity-budget;0.025;;;;;;sorting-network;both;slot-service;UNSATISFIABLE;0.067622887;300.0;0;1;0;0;0;;;;;;;;
8;SN-both-ss;instance_30_10_4_3;epsilon;epsilon-constraint;similarity-budget;0.05;;;;;;sorting-network;both;slot-service;UNSATISFIABLE;0.061969848;300.0;0;1;0;0;0;;;;;;;;
8;SN-both-ss;instance_30_10_4_3;epsilon;epsilon-constraint;similarity-budget;0.10;;;;;;sorting-network;both;slot-service;UNSATISFIABLE;0.06208258;300.0;0;1;0;0;0;;;;;;;;
1;TOT-none-none;instance_30_10_4_30;epsilon;epsilon-constraint;similarity-budget;0;407;407;;;;totalizer;none;none;TIMEOUT;300.1234236;300.0;13.1759835;2;6420;66246;606;;;;;;;similarity_reference;407
1;TOT-none-none;instance_30_10_4_30;epsilon;epsilon-constraint;similarity-budget;0.01;407;403;;;;totalizer;none;none;TIMEOUT;300.1264553;300.0;15.63750037;2;6420;66246;606;;;;;;;similarity_reference;407
1;TOT-none-none;instance_30_10_4_30;epsilon;epsilon-constraint;similarity-budget;0.025;407;397;;;;totalizer;none;none;TIMEOUT;300.1239915;300.0;12.22018784;2;6420;66246;606;;;;;;;similarity_reference;407
1;TOT-none-none;instance_30_10_4_30;epsilon;epsilon-constraint;similarity-budget;0.05;407;387;;;;totalizer;none;none;TIMEOUT;300.1310798;300.0;13.34116831;2;6420;66246;606;;;;;;;similarity_reference;407
1;TOT-none-none;instance_30_10_4_30;epsilon;epsilon-constraint;similarity-budget;0.10;407;367;;;;totalizer;none;none;TIMEOUT;300.13341;300.0;12.62780325;2;6420;66246;606;;;;;;;similarity_reference;407
2;TOT-none-ss;instance_30_10_4_30;epsilon;epsilon-constraint;similarity-budget;0;407;407;;;;totalizer;none;slot-service;TIMEOUT;300.1234792;300.0;11.92743876;2;6832;67783;606;;;;;;;similarity_reference;407
2;TOT-none-ss;instance_30_10_4_30;epsilon;epsilon-constraint;similarity-budget;0.01;407;403;;;;totalizer;none;slot-service;TIMEOUT;300.1337153;300.0;12.23467629;2;6832;67783;606;;;;;;;similarity_reference;407
2;TOT-none-ss;instance_30_10_4_30;epsilon;epsilon-constraint;similarity-budget;0.025;407;397;;;;totalizer;none;slot-service;TIMEOUT;300.1294209;300.0;13.12342886;2;6832;67783;606;;;;;;;similarity_reference;407
2;TOT-none-ss;instance_30_10_4_30;epsilon;epsilon-constraint;similarity-budget;0.05;407;387;;;;totalizer;none;slot-service;TIMEOUT;300.1327927;300.0;9.301481024;2;6832;67783;606;;;;;;;similarity_reference;407
2;TOT-none-ss;instance_30_10_4_30;epsilon;epsilon-constraint;similarity-budget;0.10;407;367;;;;totalizer;none;slot-service;TIMEOUT;300.1266523;300.0;12.14420379;2;6832;67783;606;;;;;;;similarity_reference;407
3;TOT-both-none;instance_30_10_4_30;epsilon;epsilon-constraint;similarity-budget;0;407;407;;;;totalizer;both;none;TIMEOUT;300.1238411;300.0;11.37635829;2;9751;81937;606;;;;;;;similarity_reference;407
3;TOT-both-none;instance_30_10_4_30;epsilon;epsilon-constraint;similarity-budget;0.01;407;403;;;;totalizer;both;none;TIMEOUT;300.134892;300.0;13.35130829;2;9751;81937;606;;;;;;;similarity_reference;407
3;TOT-both-none;instance_30_10_4_30;epsilon;epsilon-constraint;similarity-budget;0.025;407;397;;;;totalizer;both;none;TIMEOUT;300.1304191;300.0;10.52272914;2;9751;81937;606;;;;;;;similarity_reference;407
3;TOT-both-none;instance_30_10_4_30;epsilon;epsilon-constraint;similarity-budget;0.05;407;387;;;;totalizer;both;none;TIMEOUT;300.1352933;300.0;11.40706846;2;9751;81937;606;;;;;;;similarity_reference;407
3;TOT-both-none;instance_30_10_4_30;epsilon;epsilon-constraint;similarity-budget;0.10;407;367;;;;totalizer;both;none;TIMEOUT;300.1267003;300.0;13.57172065;2;9751;81937;606;;;;;;;similarity_reference;407
4;TOT-both-ss;instance_30_10_4_30;epsilon;epsilon-constraint;similarity-budget;0;407;407;;;;totalizer;both;slot-service;TIMEOUT;300.1239715;300.0;13.33569174;2;9751;81939;606;;;;;;;similarity_reference;407
4;TOT-both-ss;instance_30_10_4_30;epsilon;epsilon-constraint;similarity-budget;0.01;407;403;;;;totalizer;both;slot-service;TIMEOUT;300.1322072;300.0;15.31018685;2;9751;81939;606;;;;;;;similarity_reference;407
4;TOT-both-ss;instance_30_10_4_30;epsilon;epsilon-constraint;similarity-budget;0.025;407;397;;;;totalizer;both;slot-service;TIMEOUT;300.1327201;300.0;12.85720255;2;9751;81939;606;;;;;;;similarity_reference;407
4;TOT-both-ss;instance_30_10_4_30;epsilon;epsilon-constraint;similarity-budget;0.05;407;387;;;;totalizer;both;slot-service;TIMEOUT;300.1260128;300.0;14.38813865;2;9751;81939;606;;;;;;;similarity_reference;407
4;TOT-both-ss;instance_30_10_4_30;epsilon;epsilon-constraint;similarity-budget;0.10;407;367;;;;totalizer;both;slot-service;TIMEOUT;300.1249705;300.0;13.50566679;2;9751;81939;606;;;;;;;similarity_reference;407
5;ORIGINAL;instance_30_10_4_30;epsilon;epsilon-constraint;similarity-budget;0;407;407;;;;sorting-network;none;none;TIMEOUT;300.1256732;300.0;11.41341721;2;18708;63200;606;;;;;;;similarity_reference;407
5;ORIGINAL;instance_30_10_4_30;epsilon;epsilon-constraint;similarity-budget;0.01;407;403;;;;sorting-network;none;none;TIMEOUT;300.1274485;300.0;12.43814186;2;18708;63200;606;;;;;;;similarity_reference;407
5;ORIGINAL;instance_30_10_4_30;epsilon;epsilon-constraint;similarity-budget;0.025;407;397;;;;sorting-network;none;none;TIMEOUT;300.127119;300.0;10.45790519;2;18708;63200;606;;;;;;;similarity_reference;407
5;ORIGINAL;instance_30_10_4_30;epsilon;epsilon-constraint;similarity-budget;0.05;407;387;;;;sorting-network;none;none;TIMEOUT;300.1309253;300.0;11.51138763;2;18708;63200;606;;;;;;;similarity_reference;407
5;ORIGINAL;instance_30_10_4_30;epsilon;epsilon-constraint;similarity-budget;0.10;407;367;;;;sorting-network;none;none;TIMEOUT;300.1242515;300.0;10.576052;2;18708;63200;606;;;;;;;similarity_reference;407
6;SN-none-ss;instance_30_10_4_30;epsilon;epsilon-constraint;similarity-budget;0;407;407;;;;sorting-network;none;slot-service;TIMEOUT;300.1210509;300.0;10.73298399;2;19120;64737;606;;;;;;;similarity_reference;407
6;SN-none-ss;instance_30_10_4_30;epsilon;epsilon-constraint;similarity-budget;0.01;407;403;;;;sorting-network;none;slot-service;TIMEOUT;300.132201;300.0;8.226024261;2;19120;64737;606;;;;;;;similarity_reference;407
6;SN-none-ss;instance_30_10_4_30;epsilon;epsilon-constraint;similarity-budget;0.025;407;397;;;;sorting-network;none;slot-service;TIMEOUT;300.1280685;300.0;10.98491244;2;19120;64737;606;;;;;;;similarity_reference;407
6;SN-none-ss;instance_30_10_4_30;epsilon;epsilon-constraint;similarity-budget;0.05;407;387;;;;sorting-network;none;slot-service;TIMEOUT;300.1326882;300.0;10.21859447;2;19120;64737;606;;;;;;;similarity_reference;407
6;SN-none-ss;instance_30_10_4_30;epsilon;epsilon-constraint;similarity-budget;0.10;407;367;;;;sorting-network;none;slot-service;TIMEOUT;300.1226919;300.0;11.83556066;2;19120;64737;606;;;;;;;similarity_reference;407
7;SN-both-none;instance_30_10_4_30;epsilon;epsilon-constraint;similarity-budget;0;407;407;;;;sorting-network;both;none;TIMEOUT;300.1347238;300.0;11.93190732;2;25475;83591;606;;;;;;;similarity_reference;407
7;SN-both-none;instance_30_10_4_30;epsilon;epsilon-constraint;similarity-budget;0.01;407;403;;;;sorting-network;both;none;TIMEOUT;300.1274;300.0;10.99481814;2;25475;83591;606;;;;;;;similarity_reference;407
7;SN-both-none;instance_30_10_4_30;epsilon;epsilon-constraint;similarity-budget;0.025;407;397;;;;sorting-network;both;none;TIMEOUT;300.1306415;300.0;7.259364692;2;25475;83591;606;;;;;;;similarity_reference;407
7;SN-both-none;instance_30_10_4_30;epsilon;epsilon-constraint;similarity-budget;0.05;407;387;;;;sorting-network;both;none;TIMEOUT;300.1285157;300.0;10.52406853;2;25475;83591;606;;;;;;;similarity_reference;407
7;SN-both-none;instance_30_10_4_30;epsilon;epsilon-constraint;similarity-budget;0.10;407;367;;;;sorting-network;both;none;TIMEOUT;300.1320746;300.0;10.52420591;2;25475;83591;606;;;;;;;similarity_reference;407
8;SN-both-ss;instance_30_10_4_30;epsilon;epsilon-constraint;similarity-budget;0;407;407;;;;sorting-network;both;slot-service;TIMEOUT;300.1301254;300.0;10.90044359;2;25475;83593;606;;;;;;;similarity_reference;407
8;SN-both-ss;instance_30_10_4_30;epsilon;epsilon-constraint;similarity-budget;0.01;407;403;;;;sorting-network;both;slot-service;TIMEOUT;300.1326509;300.0;8.814654628;2;25475;83593;606;;;;;;;similarity_reference;407
8;SN-both-ss;instance_30_10_4_30;epsilon;epsilon-constraint;similarity-budget;0.025;407;397;;;;sorting-network;both;slot-service;TIMEOUT;300.1350981;300.0;11.89894941;2;25475;83593;606;;;;;;;similarity_reference;407
8;SN-both-ss;instance_30_10_4_30;epsilon;epsilon-constraint;similarity-budget;0.05;407;387;;;;sorting-network;both;slot-service;TIMEOUT;300.1251428;300.0;8.821315094;2;25475;83593;606;;;;;;;similarity_reference;407
8;SN-both-ss;instance_30_10_4_30;epsilon;epsilon-constraint;similarity-budget;0.10;407;367;;;;sorting-network;both;slot-service;TIMEOUT;300.127855;300.0;10.86950657;2;25475;83593;606;;;;;;;similarity_reference;407
1;TOT-none-none;instance_30_10_4_31;epsilon;epsilon-constraint;similarity-budget;0;381;381;;;;totalizer;none;none;TIMEOUT;300.125067;300.0;2.979926404;2;5510;52622;496;;;;;;;similarity_reference;381
1;TOT-none-none;instance_30_10_4_31;epsilon;epsilon-constraint;similarity-budget;0.01;381;378;;;;totalizer;none;none;TIMEOUT;300.1207608;300.0;3.09143076;2;5510;52622;496;;;;;;;similarity_reference;381
1;TOT-none-none;instance_30_10_4_31;epsilon;epsilon-constraint;similarity-budget;0.025;381;372;;;;totalizer;none;none;TIMEOUT;300.118875;300.0;3.121656888;2;5510;52622;496;;;;;;;similarity_reference;381
1;TOT-none-none;instance_30_10_4_31;epsilon;epsilon-constraint;similarity-budget;0.05;381;362;;;;totalizer;none;none;TIMEOUT;300.124328;300.0;3.17320274;2;5510;52622;496;;;;;;;similarity_reference;381
1;TOT-none-none;instance_30_10_4_31;epsilon;epsilon-constraint;similarity-budget;0.10;381;343;;;;totalizer;none;none;TIMEOUT;300.1283567;300.0;247.254758595;4;150650;342903;803;;;;;;;similarity_reference | continuity | overtime;381 | 6 | 0
2;TOT-none-ss;instance_30_10_4_31;epsilon;epsilon-constraint;similarity-budget;0;381;381;;;;totalizer;none;slot-service;TIMEOUT;300.1289863;300.0;3.975452939;2;5960;54262;496;;;;;;;similarity_reference;381
2;TOT-none-ss;instance_30_10_4_31;epsilon;epsilon-constraint;similarity-budget;0.01;381;378;;;;totalizer;none;slot-service;TIMEOUT;300.1202801;300.0;4.108990836;2;5960;54262;496;;;;;;;similarity_reference;381
2;TOT-none-ss;instance_30_10_4_31;epsilon;epsilon-constraint;similarity-budget;0.025;381;372;;;;totalizer;none;slot-service;TIMEOUT;300.1211303;300.0;4.128578584;2;5960;54262;496;;;;;;;similarity_reference;381
2;TOT-none-ss;instance_30_10_4_31;epsilon;epsilon-constraint;similarity-budget;0.05;381;362;;;;totalizer;none;slot-service;TIMEOUT;300.1237805;300.0;4.189248062;2;5960;54262;496;;;;;;;similarity_reference;381
2;TOT-none-ss;instance_30_10_4_31;epsilon;epsilon-constraint;similarity-budget;0.10;381;343;6;2/127;0.015748031496062992;totalizer;none;slot-service;OPTIMUM;242.5272583;300.0;241.834824847;4;151100;344562;803;369.0;369.0;375.0;6.0;0.0;120.0;similarity_reference | continuity | overtime | similarity_tiebreak;381 | 6 | 0 | 375
3;TOT-both-none;instance_30_10_4_31;epsilon;epsilon-constraint;similarity-budget;0;381;381;;;;totalizer;both;none;TIMEOUT;300.1202159;300.0;4.258933799;2;9183;70266;496;;;;;;;similarity_reference;381
3;TOT-both-none;instance_30_10_4_31;epsilon;epsilon-constraint;similarity-budget;0.01;381;378;;;;totalizer;both;none;TIMEOUT;300.1233786;300.0;4.278302828;2;9183;70266;496;;;;;;;similarity_reference;381
3;TOT-both-none;instance_30_10_4_31;epsilon;epsilon-constraint;similarity-budget;0.025;381;372;;;;totalizer;both;none;TIMEOUT;300.1247642;300.0;4.299413093;2;9183;70266;496;;;;;;;similarity_reference;381
3;TOT-both-none;instance_30_10_4_31;epsilon;epsilon-constraint;similarity-budget;0.05;381;362;;;;totalizer;both;none;TIMEOUT;300.1240788;300.0;4.310118705;2;9183;70266;496;;;;;;;similarity_reference;381
3;TOT-both-none;instance_30_10_4_31;epsilon;epsilon-constraint;similarity-budget;0.10;381;343;6;2/127;0.015748031496062992;totalizer;both;none;OPTIMUM;286.6208563;300.0;285.935937447;4;154323;360566;803;369.0;369.0;375.0;6.0;0.0;120.0;similarity_reference | continuity | overtime | similarity_tiebreak;381 | 6 | 0 | 375
4;TOT-both-ss;instance_30_10_4_31;epsilon;epsilon-constraint;similarity-budget;0;381;381;;;;totalizer;both;slot-service;TIMEOUT;300.1230512;300.0;4.247689897;2;9195;70321;496;;;;;;;similarity_reference;381
4;TOT-both-ss;instance_30_10_4_31;epsilon;epsilon-constraint;similarity-budget;0.01;381;378;;;;totalizer;both;slot-service;TIMEOUT;300.1266094;300.0;4.278766543;2;9195;70321;496;;;;;;;similarity_reference;381
4;TOT-both-ss;instance_30_10_4_31;epsilon;epsilon-constraint;similarity-budget;0.025;381;372;;;;totalizer;both;slot-service;TIMEOUT;300.1281045;300.0;4.269790651;2;9195;70321;496;;;;;;;similarity_reference;381
4;TOT-both-ss;instance_30_10_4_31;epsilon;epsilon-constraint;similarity-budget;0.05;381;362;;;;totalizer;both;slot-service;TIMEOUT;300.1286106;300.0;4.30022728;2;9195;70321;496;;;;;;;similarity_reference;381
4;TOT-both-ss;instance_30_10_4_31;epsilon;epsilon-constraint;similarity-budget;0.10;381;343;;;;totalizer;both;slot-service;TIMEOUT;300.1278306;300.0;269.28088011799997;4;154335;360602;803;;;;;;;similarity_reference | continuity | overtime;381 | 6 | 0
5;ORIGINAL;instance_30_10_4_31;epsilon;epsilon-constraint;similarity-budget;0;381;381;;;;sorting-network;none;none;TIMEOUT;300.1235204;300.0;3.311331427;2;14443;50532;496;;;;;;;similarity_reference;381
5;ORIGINAL;instance_30_10_4_31;epsilon;epsilon-constraint;similarity-budget;0.01;381;378;;;;sorting-network;none;none;TIMEOUT;300.1205343;300.0;3.333716214;2;14443;50532;496;;;;;;;similarity_reference;381
5;ORIGINAL;instance_30_10_4_31;epsilon;epsilon-constraint;similarity-budget;0.025;381;372;;;;sorting-network;none;none;TIMEOUT;300.1233786;300.0;3.313542019;2;14443;50532;496;;;;;;;similarity_reference;381
5;ORIGINAL;instance_30_10_4_31;epsilon;epsilon-constraint;similarity-budget;0.05;381;362;;;;sorting-network;none;none;TIMEOUT;300.125872;300.0;273.89149569;3;104400;230446;803;;;;;;;similarity_reference | continuity;381 | 6
5;ORIGINAL;instance_30_10_4_31;epsilon;epsilon-constraint;similarity-budget;0.10;381;343;;;;sorting-network;none;none;TIMEOUT;300.1303111;300.0;209.234654554;4;159583;340813;803;;;;;;;similarity_reference | continuity | overtime;381 | 6 | 0
6;SN-none-ss;instance_30_10_4_31;epsilon;epsilon-constraint;similarity-budget;0;381;381;;;;sorting-network;none;slot-service;TIMEOUT;300.1193271;300.0;3.3212524;2;14893;52172;496;;;;;;;similarity_reference;381
6;SN-none-ss;instance_30_10_4_31;epsilon;epsilon-constraint;similarity-budget;0.01;381;378;;;;sorting-network;none;slot-service;TIMEOUT;300.1277155;300.0;3.365568937;2;14893;52172;496;;;;;;;similarity_reference;381
6;SN-none-ss;instance_30_10_4_31;epsilon;epsilon-constraint;similarity-budget;0.025;381;372;;;;sorting-network;none;slot-service;TIMEOUT;300.1201249;300.0;3.34628128;2;14893;52172;496;;;;;;;similarity_reference;381
6;SN-none-ss;instance_30_10_4_31;epsilon;epsilon-constraint;similarity-budget;0.05;381;362;;;;sorting-network;none;slot-service;TIMEOUT;300.1251715;300.0;3.352387298;2;14893;52172;496;;;;;;;similarity_reference;381
6;SN-none-ss;instance_30_10_4_31;epsilon;epsilon-constraint;similarity-budget;0.10;381;343;;;;sorting-network;none;slot-service;TIMEOUT;300.1256465;300.0;234.30477252000003;4;160033;342453;803;;;;;;;similarity_reference | continuity | overtime;381 | 6 | 0
7;SN-both-none;instance_30_10_4_31;epsilon;epsilon-constraint;similarity-budget;0;381;381;;;;sorting-network;both;none;TIMEOUT;300.1215449;300.0;3.596265169;2;22300;74140;496;;;;;;;similarity_reference;381
7;SN-both-none;instance_30_10_4_31;epsilon;epsilon-constraint;similarity-budget;0.01;381;378;;;;sorting-network;both;none;TIMEOUT;300.1274679;300.0;3.575195477;2;22300;74140;496;;;;;;;similarity_reference;381
7;SN-both-none;instance_30_10_4_31;epsilon;epsilon-constraint;similarity-budget;0.025;381;372;;;;sorting-network;both;none;TIMEOUT;300.1216888;300.0;3.545280629;2;22300;74140;496;;;;;;;similarity_reference;381
7;SN-both-none;instance_30_10_4_31;epsilon;epsilon-constraint;similarity-budget;0.05;381;362;;;;sorting-network;both;none;TIMEOUT;300.1200587;300.0;3.545516418;2;22300;74140;496;;;;;;;similarity_reference;381
7;SN-both-none;instance_30_10_4_31;epsilon;epsilon-constraint;similarity-budget;0.10;381;343;;;;sorting-network;both;none;TIMEOUT;300.130766;300.0;204.13913539499998;4;167440;364421;803;;;;;;;similarity_reference | continuity | overtime;381 | 6 | 0
8;SN-both-ss;instance_30_10_4_31;epsilon;epsilon-constraint;similarity-budget;0;381;381;;;;sorting-network;both;slot-service;TIMEOUT;300.1247346;300.0;4.575126799;2;22312;74195;496;;;;;;;similarity_reference;381
8;SN-both-ss;instance_30_10_4_31;epsilon;epsilon-constraint;similarity-budget;0.01;381;378;;;;sorting-network;both;slot-service;TIMEOUT;300.1205082;300.0;4.571048731;2;22312;74195;496;;;;;;;similarity_reference;381
8;SN-both-ss;instance_30_10_4_31;epsilon;epsilon-constraint;similarity-budget;0.025;381;372;;;;sorting-network;both;slot-service;TIMEOUT;300.1209053;300.0;4.591321476;2;22312;74195;496;;;;;;;similarity_reference;381
8;SN-both-ss;instance_30_10_4_31;epsilon;epsilon-constraint;similarity-budget;0.05;381;362;;;;sorting-network;both;slot-service;TIMEOUT;300.1213152;300.0;4.560276218;2;22312;74195;496;;;;;;;similarity_reference;381
8;SN-both-ss;instance_30_10_4_31;epsilon;epsilon-constraint;similarity-budget;0.10;381;343;;;;sorting-network;both;slot-service;TIMEOUT;300.1309318;300.0;208.43145691;4;167452;364476;803;;;;;;;similarity_reference | continuity | overtime;381 | 6 | 0
1;TOT-none-none;instance_30_10_4_32;epsilon;epsilon-constraint;similarity-budget;0;424;424;;;;totalizer;none;none;TIMEOUT;300.121741;300.0;6.330358103;2;6090;61899;527;;;;;;;similarity_reference;424
1;TOT-none-none;instance_30_10_4_32;epsilon;epsilon-constraint;similarity-budget;0.01;424;420;;;;totalizer;none;none;TIMEOUT;300.1250476;300.0;6.383355696;2;6090;61899;527;;;;;;;similarity_reference;424
1;TOT-none-none;instance_30_10_4_32;epsilon;epsilon-constraint;similarity-budget;0.025;424;414;;;;totalizer;none;none;TIMEOUT;300.1270994;300.0;6.342587704;2;6090;61899;527;;;;;;;similarity_reference;424
1;TOT-none-none;instance_30_10_4_32;epsilon;epsilon-constraint;similarity-budget;0.05;424;403;;;;totalizer;none;none;TIMEOUT;300.1300233;300.0;6.362969259;2;6090;61899;527;;;;;;;similarity_reference;424
1;TOT-none-none;instance_30_10_4_32;epsilon;epsilon-constraint;similarity-budget;0.10;424;382;;;;totalizer;none;none;TIMEOUT;300.1222621;300.0;6.373363337;2;6090;61899;527;;;;;;;similarity_reference;424
2;TOT-none-ss;instance_30_10_4_32;epsilon;epsilon-constraint;similarity-budget;0;424;424;;;;totalizer;none;slot-service;TIMEOUT;300.1210163;300.0;6.330814584;2;6106;61965;527;;;;;;;similarity_reference;424
2;TOT-none-ss;instance_30_10_4_32;epsilon;epsilon-constraint;similarity-budget;0.01;424;420;;;;totalizer;none;slot-service;TIMEOUT;300.128837;300.0;6.364187448;2;6106;61965;527;;;;;;;similarity_reference;424
2;TOT-none-ss;instance_30_10_4_32;epsilon;epsilon-constraint;similarity-budget;0.025;424;414;;;;totalizer;none;slot-service;TIMEOUT;300.1232082;300.0;6.344934444;2;6106;61965;527;;;;;;;similarity_reference;424
2;TOT-none-ss;instance_30_10_4_32;epsilon;epsilon-constraint;similarity-budget;0.05;424;403;;;;totalizer;none;slot-service;TIMEOUT;300.1275745;300.0;6.384723358;2;6106;61965;527;;;;;;;similarity_reference;424
2;TOT-none-ss;instance_30_10_4_32;epsilon;epsilon-constraint;similarity-budget;0.10;424;382;;;;totalizer;none;slot-service;TIMEOUT;300.1246992;300.0;6.382565858;2;6106;61965;527;;;;;;;similarity_reference;424
3;TOT-both-none;instance_30_10_4_32;epsilon;epsilon-constraint;similarity-budget;0;424;424;;;;totalizer;both;none;TIMEOUT;300.1253723;300.0;6.641988365;2;9509;78350;527;;;;;;;similarity_reference;424
3;TOT-both-none;instance_30_10_4_32;epsilon;epsilon-constraint;similarity-budget;0.01;424;420;;;;totalizer;both;none;TIMEOUT;300.1265007;300.0;6.654262904;2;9509;78350;527;;;;;;;similarity_reference;424
3;TOT-both-none;instance_30_10_4_32;epsilon;epsilon-constraint;similarity-budget;0.025;424;414;;;;totalizer;both;none;TIMEOUT;300.1289977;300.0;6.672323008;2;9509;78350;527;;;;;;;similarity_reference;424
3;TOT-both-none;instance_30_10_4_32;epsilon;epsilon-constraint;similarity-budget;0.05;424;403;;;;totalizer;both;none;TIMEOUT;300.1263322;300.0;6.844656499;2;9509;78350;527;;;;;;;similarity_reference;424
3;TOT-both-none;instance_30_10_4_32;epsilon;epsilon-constraint;similarity-budget;0.10;424;382;;;;totalizer;both;none;TIMEOUT;300.123398;300.0;6.636932847;2;9509;78350;527;;;;;;;similarity_reference;424
4;TOT-both-ss;instance_30_10_4_32;epsilon;epsilon-constraint;similarity-budget;0;424;424;;;;totalizer;both;slot-service;TIMEOUT;300.1265915;300.0;6.522983902;2;9525;78416;527;;;;;;;similarity_reference;424
4;TOT-both-ss;instance_30_10_4_32;epsilon;epsilon-constraint;similarity-budget;0.01;424;420;;;;totalizer;both;slot-service;TIMEOUT;300.1226548;300.0;6.56389337;2;9525;78416;527;;;;;;;similarity_reference;424
4;TOT-both-ss;instance_30_10_4_32;epsilon;epsilon-constraint;similarity-budget;0.025;424;414;;;;totalizer;both;slot-service;TIMEOUT;300.1238426;300.0;6.515556602;2;9525;78416;527;;;;;;;similarity_reference;424
4;TOT-both-ss;instance_30_10_4_32;epsilon;epsilon-constraint;similarity-budget;0.05;424;403;;;;totalizer;both;slot-service;TIMEOUT;300.1270863;300.0;6.654335345;2;9525;78416;527;;;;;;;similarity_reference;424
4;TOT-both-ss;instance_30_10_4_32;epsilon;epsilon-constraint;similarity-budget;0.10;424;382;;;;totalizer;both;slot-service;TIMEOUT;300.1280521;300.0;6.554941135;2;9525;78416;527;;;;;;;similarity_reference;424
5;ORIGINAL;instance_30_10_4_32;epsilon;epsilon-constraint;similarity-budget;0;424;424;;;;sorting-network;none;none;TIMEOUT;300.1240465;300.0;6.683853555;2;15717;58369;527;;;;;;;similarity_reference;424
5;ORIGINAL;instance_30_10_4_32;epsilon;epsilon-constraint;similarity-budget;0.01;424;420;;;;sorting-network;none;none;TIMEOUT;300.127921;300.0;6.850214733;2;15717;58369;527;;;;;;;similarity_reference;424
5;ORIGINAL;instance_30_10_4_32;epsilon;epsilon-constraint;similarity-budget;0.025;424;414;;;;sorting-network;none;none;TIMEOUT;300.1257571;300.0;6.738334226;2;15717;58369;527;;;;;;;similarity_reference;424
5;ORIGINAL;instance_30_10_4_32;epsilon;epsilon-constraint;similarity-budget;0.05;424;403;;;;sorting-network;none;none;TIMEOUT;300.1232568;300.0;6.867670604;2;15717;58369;527;;;;;;;similarity_reference;424
5;ORIGINAL;instance_30_10_4_32;epsilon;epsilon-constraint;similarity-budget;0.10;424;382;;;;sorting-network;none;none;TIMEOUT;300.123519;300.0;6.806976749;2;15717;58369;527;;;;;;;similarity_reference;424
6;SN-none-ss;instance_30_10_4_32;epsilon;epsilon-constraint;similarity-budget;0;424;424;;;;sorting-network;none;slot-service;TIMEOUT;300.1189239;300.0;6.684535542;2;15733;58435;527;;;;;;;similarity_reference;424
6;SN-none-ss;instance_30_10_4_32;epsilon;epsilon-constraint;similarity-budget;0.01;424;420;;;;sorting-network;none;slot-service;TIMEOUT;300.1225722;300.0;6.728986897;2;15733;58435;527;;;;;;;similarity_reference;424
6;SN-none-ss;instance_30_10_4_32;epsilon;epsilon-constraint;similarity-budget;0.025;424;414;;;;sorting-network;none;slot-service;TIMEOUT;300.123606;300.0;6.655885437;2;15733;58435;527;;;;;;;similarity_reference;424
6;SN-none-ss;instance_30_10_4_32;epsilon;epsilon-constraint;similarity-budget;0.05;424;403;;;;sorting-network;none;slot-service;TIMEOUT;300.1245519;300.0;6.716206412;2;15733;58435;527;;;;;;;similarity_reference;424
6;SN-none-ss;instance_30_10_4_32;epsilon;epsilon-constraint;similarity-budget;0.10;424;382;;;;sorting-network;none;slot-service;TIMEOUT;300.1240432;300.0;6.720530074;2;15733;58435;527;;;;;;;similarity_reference;424
7;SN-both-none;instance_30_10_4_32;epsilon;epsilon-constraint;similarity-budget;0;424;424;;;;sorting-network;both;none;TIMEOUT;300.1312917;300.0;7.364160553;2;22795;79896;527;;;;;;;similarity_reference;424
7;SN-both-none;instance_30_10_4_32;epsilon;epsilon-constraint;similarity-budget;0.01;424;420;;;;sorting-network;both;none;TIMEOUT;300.1237985;300.0;7.212694241;2;22795;79896;527;;;;;;;similarity_reference;424
7;SN-both-none;instance_30_10_4_32;epsilon;epsilon-constraint;similarity-budget;0.025;424;414;;;;sorting-network;both;none;TIMEOUT;300.1238536;300.0;7.160238067;2;22795;79896;527;;;;;;;similarity_reference;424
7;SN-both-none;instance_30_10_4_32;epsilon;epsilon-constraint;similarity-budget;0.05;424;403;;;;sorting-network;both;none;TIMEOUT;300.1243667;300.0;8.265499199;2;22795;79896;527;;;;;;;similarity_reference;424
7;SN-both-none;instance_30_10_4_32;epsilon;epsilon-constraint;similarity-budget;0.10;424;382;;;;sorting-network;both;none;TIMEOUT;300.1277411;300.0;8.275331242;2;22795;79896;527;;;;;;;similarity_reference;424
8;SN-both-ss;instance_30_10_4_32;epsilon;epsilon-constraint;similarity-budget;0;424;424;;;;sorting-network;both;slot-service;TIMEOUT;300.1246647;300.0;7.122844716;2;22811;79962;527;;;;;;;similarity_reference;424
8;SN-both-ss;instance_30_10_4_32;epsilon;epsilon-constraint;similarity-budget;0.01;424;420;;;;sorting-network;both;slot-service;TIMEOUT;300.1287095;300.0;7.009565996;2;22811;79962;527;;;;;;;similarity_reference;424
8;SN-both-ss;instance_30_10_4_32;epsilon;epsilon-constraint;similarity-budget;0.025;424;414;;;;sorting-network;both;slot-service;TIMEOUT;300.129681;300.0;7.068537503;2;22811;79962;527;;;;;;;similarity_reference;424
8;SN-both-ss;instance_30_10_4_32;epsilon;epsilon-constraint;similarity-budget;0.05;424;403;;;;sorting-network;both;slot-service;TIMEOUT;300.1252486;300.0;6.958717675;2;22811;79962;527;;;;;;;similarity_reference;424
8;SN-both-ss;instance_30_10_4_32;epsilon;epsilon-constraint;similarity-budget;0.10;424;382;;;;sorting-network;both;slot-service;TIMEOUT;300.124722;300.0;7.056504208;2;22811;79962;527;;;;;;;similarity_reference;424
1;TOT-none-none;instance_30_10_4_33;epsilon;epsilon-constraint;similarity-budget;0;436;436;;;;totalizer;none;none;TIMEOUT;300.1273143;300.0;10.63751081;2;6159;63611;538;;;;;;;similarity_reference;436
1;TOT-none-none;instance_30_10_4_33;epsilon;epsilon-constraint;similarity-budget;0.01;436;432;;;;totalizer;none;none;TIMEOUT;300.1230347;300.0;10.96538251;2;6159;63611;538;;;;;;;similarity_reference;436
1;TOT-none-none;instance_30_10_4_33;epsilon;epsilon-constraint;similarity-budget;0.025;436;426;;;;totalizer;none;none;TIMEOUT;300.1241738;300.0;11.61970466;2;6159;63611;538;;;;;;;similarity_reference;436
1;TOT-none-none;instance_30_10_4_33;epsilon;epsilon-constraint;similarity-budget;0.05;436;415;;;;totalizer;none;none;TIMEOUT;300.1288813;300.0;10.78463625;2;6159;63611;538;;;;;;;similarity_reference;436
1;TOT-none-none;instance_30_10_4_33;epsilon;epsilon-constraint;similarity-budget;0.10;436;393;;;;totalizer;none;none;TIMEOUT;300.121234;300.0;11.69697566;2;6159;63611;538;;;;;;;similarity_reference;436
2;TOT-none-ss;instance_30_10_4_33;epsilon;epsilon-constraint;similarity-budget;0;436;436;;;;totalizer;none;slot-service;TIMEOUT;300.1236208;300.0;12.25896082;2;6600;65499;538;;;;;;;similarity_reference;436
2;TOT-none-ss;instance_30_10_4_33;epsilon;epsilon-constraint;similarity-budget;0.01;436;432;;;;totalizer;none;slot-service;TIMEOUT;300.1228461;300.0;12.33276884;2;6600;65499;538;;;;;;;similarity_reference;436
2;TOT-none-ss;instance_30_10_4_33;epsilon;epsilon-constraint;similarity-budget;0.025;436;426;;;;totalizer;none;slot-service;TIMEOUT;300.1227767;300.0;12.59736175;2;6600;65499;538;;;;;;;similarity_reference;436
2;TOT-none-ss;instance_30_10_4_33;epsilon;epsilon-constraint;similarity-budget;0.05;436;415;;;;totalizer;none;slot-service;TIMEOUT;300.1305155;300.0;12.32496272;2;6600;65499;538;;;;;;;similarity_reference;436
2;TOT-none-ss;instance_30_10_4_33;epsilon;epsilon-constraint;similarity-budget;0.10;436;393;;;;totalizer;none;slot-service;TIMEOUT;300.1237002;300.0;12.28987315;2;6600;65499;538;;;;;;;similarity_reference;436
3;TOT-both-none;instance_30_10_4_33;epsilon;epsilon-constraint;similarity-budget;0;436;436;;;;totalizer;both;none;TIMEOUT;300.1249637;300.0;12.03806474;2;9905;82009;538;;;;;;;similarity_reference;436
3;TOT-both-none;instance_30_10_4_33;epsilon;epsilon-constraint;similarity-budget;0.01;436;432;;;;totalizer;both;none;TIMEOUT;300.1324935;300.0;13.1273496;2;9905;82009;538;;;;;;;similarity_reference;436
3;TOT-both-none;instance_30_10_4_33;epsilon;epsilon-constraint;similarity-budget;0.025;436;426;;;;totalizer;both;none;TIMEOUT;300.1247089;300.0;13.77260921;2;9905;82009;538;;;;;;;similarity_reference;436
3;TOT-both-none;instance_30_10_4_33;epsilon;epsilon-constraint;similarity-budget;0.05;436;415;;;;totalizer;both;none;TIMEOUT;300.1280839;300.0;13.71027109;2;9905;82009;538;;;;;;;similarity_reference;436
3;TOT-both-none;instance_30_10_4_33;epsilon;epsilon-constraint;similarity-budget;0.10;436;393;;;;totalizer;both;none;TIMEOUT;300.1260604;300.0;13.38307036;2;9905;82009;538;;;;;;;similarity_reference;436
4;TOT-both-ss;instance_30_10_4_33;epsilon;epsilon-constraint;similarity-budget;0;436;436;;;;totalizer;both;slot-service;TIMEOUT;300.1277647;300.0;12.0383563;2;9905;82011;538;;;;;;;similarity_reference;436
4;TOT-both-ss;instance_30_10_4_33;epsilon;epsilon-constraint;similarity-budget;0.01;436;432;;;;totalizer;both;slot-service;TIMEOUT;300.1268854;300.0;13.19310917;2;9905;82011;538;;;;;;;similarity_reference;436
4;TOT-both-ss;instance_30_10_4_33;epsilon;epsilon-constraint;similarity-budget;0.025;436;426;;;;totalizer;both;slot-service;TIMEOUT;300.1271626;300.0;13.3420881;2;9905;82011;538;;;;;;;similarity_reference;436
4;TOT-both-ss;instance_30_10_4_33;epsilon;epsilon-constraint;similarity-budget;0.05;436;415;;;;totalizer;both;slot-service;TIMEOUT;300.1233451;300.0;13.21774744;2;9905;82011;538;;;;;;;similarity_reference;436
4;TOT-both-ss;instance_30_10_4_33;epsilon;epsilon-constraint;similarity-budget;0.10;436;393;;;;totalizer;both;slot-service;TIMEOUT;300.1228811;300.0;13.18190075;2;9905;82011;538;;;;;;;similarity_reference;436
5;ORIGINAL;instance_30_10_4_33;epsilon;epsilon-constraint;similarity-budget;0;436;436;;;;sorting-network;none;none;TIMEOUT;300.1246347;300.0;8.475443693;2;14662;56321;538;;;;;;;similarity_reference;436
5;ORIGINAL;instance_30_10_4_33;epsilon;epsilon-constraint;similarity-budget;0.01;436;432;;;;sorting-network;none;none;TIMEOUT;300.1268587;300.0;8.538520547;2;14662;56321;538;;;;;;;similarity_reference;436
5;ORIGINAL;instance_30_10_4_33;epsilon;epsilon-constraint;similarity-budget;0.025;436;426;;;;sorting-network;none;none;TIMEOUT;300.1298928;300.0;8.517247321;2;14662;56321;538;;;;;;;similarity_reference;436
5;ORIGINAL;instance_30_10_4_33;epsilon;epsilon-constraint;similarity-budget;0.05;436;415;;;;sorting-network;none;none;TIMEOUT;300.124704;300.0;8.547639572;2;14662;56321;538;;;;;;;similarity_reference;436
5;ORIGINAL;instance_30_10_4_33;epsilon;epsilon-constraint;similarity-budget;0.10;436;393;;;;sorting-network;none;none;TIMEOUT;300.1297558;300.0;8.537603159;2;14662;56321;538;;;;;;;similarity_reference;436
6;SN-none-ss;instance_30_10_4_33;epsilon;epsilon-constraint;similarity-budget;0;436;436;;;;sorting-network;none;slot-service;TIMEOUT;300.1199981;300.0;16.82838824;2;15103;58209;538;;;;;;;similarity_reference;436
6;SN-none-ss;instance_30_10_4_33;epsilon;epsilon-constraint;similarity-budget;0.01;436;432;;;;sorting-network;none;slot-service;TIMEOUT;300.1285671;300.0;17.80400778;2;15103;58209;538;;;;;;;similarity_reference;436
6;SN-none-ss;instance_30_10_4_33;epsilon;epsilon-constraint;similarity-budget;0.025;436;426;;;;sorting-network;none;slot-service;TIMEOUT;300.1202128;300.0;15.97861871;2;15103;58209;538;;;;;;;similarity_reference;436
6;SN-none-ss;instance_30_10_4_33;epsilon;epsilon-constraint;similarity-budget;0.05;436;415;;;;sorting-network;none;slot-service;TIMEOUT;300.1289703;300.0;14.4217409;2;15103;58209;538;;;;;;;similarity_reference;436
6;SN-none-ss;instance_30_10_4_33;epsilon;epsilon-constraint;similarity-budget;0.10;436;393;;;;sorting-network;none;slot-service;TIMEOUT;300.1219799;300.0;17.30115106;2;15103;58209;538;;;;;;;similarity_reference;436
7;SN-both-none;instance_30_10_4_33;epsilon;epsilon-constraint;similarity-budget;0;436;436;;;;sorting-network;both;none;TIMEOUT;300.1230931;300.0;23.08833398;2;22909;81373;538;;;;;;;similarity_reference;436
7;SN-both-none;instance_30_10_4_33;epsilon;epsilon-constraint;similarity-budget;0.01;436;432;;;;sorting-network;both;none;TIMEOUT;300.1272485;300.0;22.81582147;2;22909;81373;538;;;;;;;similarity_reference;436
7;SN-both-none;instance_30_10_4_33;epsilon;epsilon-constraint;similarity-budget;0.025;436;426;;;;sorting-network;both;none;TIMEOUT;300.1271846;300.0;23.41816165;2;22909;81373;538;;;;;;;similarity_reference;436
7;SN-both-none;instance_30_10_4_33;epsilon;epsilon-constraint;similarity-budget;0.05;436;415;;;;sorting-network;both;none;TIMEOUT;300.1279486;300.0;21.99174542;2;22909;81373;538;;;;;;;similarity_reference;436
7;SN-both-none;instance_30_10_4_33;epsilon;epsilon-constraint;similarity-budget;0.10;436;393;;;;sorting-network;both;none;TIMEOUT;300.123988;300.0;21.69863291;2;22909;81373;538;;;;;;;similarity_reference;436
8;SN-both-ss;instance_30_10_4_33;epsilon;epsilon-constraint;similarity-budget;0;436;436;;;;sorting-network;both;slot-service;TIMEOUT;300.1316764;300.0;11.92701857;2;22909;81375;538;;;;;;;similarity_reference;436
8;SN-both-ss;instance_30_10_4_33;epsilon;epsilon-constraint;similarity-budget;0.01;436;432;;;;sorting-network;both;slot-service;TIMEOUT;300.1286274;300.0;11.87801929;2;22909;81375;538;;;;;;;similarity_reference;436
8;SN-both-ss;instance_30_10_4_33;epsilon;epsilon-constraint;similarity-budget;0.025;436;426;;;;sorting-network;both;slot-service;TIMEOUT;300.1244212;300.0;10.93680079;2;22909;81375;538;;;;;;;similarity_reference;436
8;SN-both-ss;instance_30_10_4_33;epsilon;epsilon-constraint;similarity-budget;0.05;436;415;;;;sorting-network;both;slot-service;TIMEOUT;300.126021;300.0;11.83370794;2;22909;81375;538;;;;;;;similarity_reference;436
8;SN-both-ss;instance_30_10_4_33;epsilon;epsilon-constraint;similarity-budget;0.10;436;393;;;;sorting-network;both;slot-service;TIMEOUT;300.1223765;300.0;13.06539789;2;22909;81375;538;;;;;;;similarity_reference;436
1;TOT-none-none;instance_30_10_4_34;epsilon;epsilon-constraint;similarity-budget;0;;;;;;totalizer;none;none;UNSATISFIABLE;0.037478464;300.0;0;1;0;0;0;;;;;;;;
1;TOT-none-none;instance_30_10_4_34;epsilon;epsilon-constraint;similarity-budget;0.01;;;;;;totalizer;none;none;UNSATISFIABLE;0.050548531;300.0;0;1;0;0;0;;;;;;;;
1;TOT-none-none;instance_30_10_4_34;epsilon;epsilon-constraint;similarity-budget;0.025;;;;;;totalizer;none;none;UNSATISFIABLE;0.038714202;300.0;0;1;0;0;0;;;;;;;;
1;TOT-none-none;instance_30_10_4_34;epsilon;epsilon-constraint;similarity-budget;0.05;;;;;;totalizer;none;none;UNSATISFIABLE;0.052185557;300.0;0;1;0;0;0;;;;;;;;
1;TOT-none-none;instance_30_10_4_34;epsilon;epsilon-constraint;similarity-budget;0.10;;;;;;totalizer;none;none;UNSATISFIABLE;0.052077;300.0;0;1;0;0;0;;;;;;;;
2;TOT-none-ss;instance_30_10_4_34;epsilon;epsilon-constraint;similarity-budget;0;;;;;;totalizer;none;slot-service;UNSATISFIABLE;0.038861435;300.0;0;1;0;0;0;;;;;;;;
2;TOT-none-ss;instance_30_10_4_34;epsilon;epsilon-constraint;similarity-budget;0.01;;;;;;totalizer;none;slot-service;UNSATISFIABLE;0.053746699;300.0;0;1;0;0;0;;;;;;;;
2;TOT-none-ss;instance_30_10_4_34;epsilon;epsilon-constraint;similarity-budget;0.025;;;;;;totalizer;none;slot-service;UNSATISFIABLE;0.052330856;300.0;0;1;0;0;0;;;;;;;;
2;TOT-none-ss;instance_30_10_4_34;epsilon;epsilon-constraint;similarity-budget;0.05;;;;;;totalizer;none;slot-service;UNSATISFIABLE;0.054268513;300.0;0;1;0;0;0;;;;;;;;
2;TOT-none-ss;instance_30_10_4_34;epsilon;epsilon-constraint;similarity-budget;0.10;;;;;;totalizer;none;slot-service;UNSATISFIABLE;0.051718803;300.0;0;1;0;0;0;;;;;;;;
3;TOT-both-none;instance_30_10_4_34;epsilon;epsilon-constraint;similarity-budget;0;;;;;;totalizer;both;none;UNSATISFIABLE;0.058173322;300.0;0;1;0;0;0;;;;;;;;
3;TOT-both-none;instance_30_10_4_34;epsilon;epsilon-constraint;similarity-budget;0.01;;;;;;totalizer;both;none;UNSATISFIABLE;0.065183574;300.0;0;1;0;0;0;;;;;;;;
3;TOT-both-none;instance_30_10_4_34;epsilon;epsilon-constraint;similarity-budget;0.025;;;;;;totalizer;both;none;UNSATISFIABLE;0.064273411;300.0;0;1;0;0;0;;;;;;;;
3;TOT-both-none;instance_30_10_4_34;epsilon;epsilon-constraint;similarity-budget;0.05;;;;;;totalizer;both;none;UNSATISFIABLE;0.065286072;300.0;0;1;0;0;0;;;;;;;;
3;TOT-both-none;instance_30_10_4_34;epsilon;epsilon-constraint;similarity-budget;0.10;;;;;;totalizer;both;none;UNSATISFIABLE;0.063884974;300.0;0;1;0;0;0;;;;;;;;
4;TOT-both-ss;instance_30_10_4_34;epsilon;epsilon-constraint;similarity-budget;0;;;;;;totalizer;both;slot-service;UNSATISFIABLE;0.059954356;300.0;0;1;0;0;0;;;;;;;;
4;TOT-both-ss;instance_30_10_4_34;epsilon;epsilon-constraint;similarity-budget;0.01;;;;;;totalizer;both;slot-service;UNSATISFIABLE;0.065380216;300.0;0;1;0;0;0;;;;;;;;
4;TOT-both-ss;instance_30_10_4_34;epsilon;epsilon-constraint;similarity-budget;0.025;;;;;;totalizer;both;slot-service;UNSATISFIABLE;0.065341615;300.0;0;1;0;0;0;;;;;;;;
4;TOT-both-ss;instance_30_10_4_34;epsilon;epsilon-constraint;similarity-budget;0.05;;;;;;totalizer;both;slot-service;UNSATISFIABLE;0.066194247;300.0;0;1;0;0;0;;;;;;;;
4;TOT-both-ss;instance_30_10_4_34;epsilon;epsilon-constraint;similarity-budget;0.10;;;;;;totalizer;both;slot-service;UNSATISFIABLE;0.065177188;300.0;0;1;0;0;0;;;;;;;;
5;ORIGINAL;instance_30_10_4_34;epsilon;epsilon-constraint;similarity-budget;0;;;;;;sorting-network;none;none;UNSATISFIABLE;0.037224406;300.0;0;1;0;0;0;;;;;;;;
5;ORIGINAL;instance_30_10_4_34;epsilon;epsilon-constraint;similarity-budget;0.01;;;;;;sorting-network;none;none;UNSATISFIABLE;0.050727378;300.0;0;1;0;0;0;;;;;;;;
5;ORIGINAL;instance_30_10_4_34;epsilon;epsilon-constraint;similarity-budget;0.025;;;;;;sorting-network;none;none;UNSATISFIABLE;0.050727228;300.0;0;1;0;0;0;;;;;;;;
5;ORIGINAL;instance_30_10_4_34;epsilon;epsilon-constraint;similarity-budget;0.05;;;;;;sorting-network;none;none;UNSATISFIABLE;0.051084126;300.0;0;1;0;0;0;;;;;;;;
5;ORIGINAL;instance_30_10_4_34;epsilon;epsilon-constraint;similarity-budget;0.10;;;;;;sorting-network;none;none;UNSATISFIABLE;0.051328703;300.0;0;1;0;0;0;;;;;;;;
6;SN-none-ss;instance_30_10_4_34;epsilon;epsilon-constraint;similarity-budget;0;;;;;;sorting-network;none;slot-service;UNSATISFIABLE;0.038277473;300.0;0;1;0;0;0;;;;;;;;
6;SN-none-ss;instance_30_10_4_34;epsilon;epsilon-constraint;similarity-budget;0.01;;;;;;sorting-network;none;slot-service;UNSATISFIABLE;0.053467327;300.0;0;1;0;0;0;;;;;;;;
6;SN-none-ss;instance_30_10_4_34;epsilon;epsilon-constraint;similarity-budget;0.025;;;;;;sorting-network;none;slot-service;UNSATISFIABLE;0.051258869;300.0;0;1;0;0;0;;;;;;;;
6;SN-none-ss;instance_30_10_4_34;epsilon;epsilon-constraint;similarity-budget;0.05;;;;;;sorting-network;none;slot-service;UNSATISFIABLE;0.051028046;300.0;0;1;0;0;0;;;;;;;;
6;SN-none-ss;instance_30_10_4_34;epsilon;epsilon-constraint;similarity-budget;0.10;;;;;;sorting-network;none;slot-service;UNSATISFIABLE;0.052467003;300.0;0;1;0;0;0;;;;;;;;
7;SN-both-none;instance_30_10_4_34;epsilon;epsilon-constraint;similarity-budget;0;;;;;;sorting-network;both;none;UNSATISFIABLE;0.064637327;300.0;0;1;0;0;0;;;;;;;;
7;SN-both-none;instance_30_10_4_34;epsilon;epsilon-constraint;similarity-budget;0.01;;;;;;sorting-network;both;none;UNSATISFIABLE;0.065545901;300.0;0;1;0;0;0;;;;;;;;
7;SN-both-none;instance_30_10_4_34;epsilon;epsilon-constraint;similarity-budget;0.025;;;;;;sorting-network;both;none;UNSATISFIABLE;0.063420515;300.0;0;1;0;0;0;;;;;;;;
7;SN-both-none;instance_30_10_4_34;epsilon;epsilon-constraint;similarity-budget;0.05;;;;;;sorting-network;both;none;UNSATISFIABLE;0.06458035;300.0;0;1;0;0;0;;;;;;;;
7;SN-both-none;instance_30_10_4_34;epsilon;epsilon-constraint;similarity-budget;0.10;;;;;;sorting-network;both;none;UNSATISFIABLE;0.06428474;300.0;0;1;0;0;0;;;;;;;;
8;SN-both-ss;instance_30_10_4_34;epsilon;epsilon-constraint;similarity-budget;0;;;;;;sorting-network;both;slot-service;UNSATISFIABLE;0.067185326;300.0;0;1;0;0;0;;;;;;;;
8;SN-both-ss;instance_30_10_4_34;epsilon;epsilon-constraint;similarity-budget;0.01;;;;;;sorting-network;both;slot-service;UNSATISFIABLE;0.063643806;300.0;0;1;0;0;0;;;;;;;;
8;SN-both-ss;instance_30_10_4_34;epsilon;epsilon-constraint;similarity-budget;0.025;;;;;;sorting-network;both;slot-service;UNSATISFIABLE;0.065912237;300.0;0;1;0;0;0;;;;;;;;
8;SN-both-ss;instance_30_10_4_34;epsilon;epsilon-constraint;similarity-budget;0.05;;;;;;sorting-network;both;slot-service;UNSATISFIABLE;0.066814472;300.0;0;1;0;0;0;;;;;;;;
8;SN-both-ss;instance_30_10_4_34;epsilon;epsilon-constraint;similarity-budget;0.10;;;;;;sorting-network;both;slot-service;UNSATISFIABLE;0.065242065;300.0;0;1;0;0;0;;;;;;;;
1;TOT-none-none;instance_30_10_4_35;epsilon;epsilon-constraint;similarity-budget;0;;;;;;totalizer;none;none;UNSATISFIABLE;0.032274204;300.0;0;1;0;0;0;;;;;;;;
1;TOT-none-none;instance_30_10_4_35;epsilon;epsilon-constraint;similarity-budget;0.01;;;;;;totalizer;none;none;UNSATISFIABLE;0.031303686;300.0;0;1;0;0;0;;;;;;;;
1;TOT-none-none;instance_30_10_4_35;epsilon;epsilon-constraint;similarity-budget;0.025;;;;;;totalizer;none;none;UNSATISFIABLE;0.034623398;300.0;0;1;0;0;0;;;;;;;;
1;TOT-none-none;instance_30_10_4_35;epsilon;epsilon-constraint;similarity-budget;0.05;;;;;;totalizer;none;none;UNSATISFIABLE;0.03524689;300.0;0;1;0;0;0;;;;;;;;
1;TOT-none-none;instance_30_10_4_35;epsilon;epsilon-constraint;similarity-budget;0.10;;;;;;totalizer;none;none;UNSATISFIABLE;0.03244819;300.0;0;1;0;0;0;;;;;;;;
2;TOT-none-ss;instance_30_10_4_35;epsilon;epsilon-constraint;similarity-budget;0;;;;;;totalizer;none;slot-service;UNSATISFIABLE;0.031988793;300.0;0;1;0;0;0;;;;;;;;
2;TOT-none-ss;instance_30_10_4_35;epsilon;epsilon-constraint;similarity-budget;0.01;;;;;;totalizer;none;slot-service;UNSATISFIABLE;0.035527572;300.0;0;1;0;0;0;;;;;;;;
2;TOT-none-ss;instance_30_10_4_35;epsilon;epsilon-constraint;similarity-budget;0.025;;;;;;totalizer;none;slot-service;UNSATISFIABLE;0.036937909;300.0;0;1;0;0;0;;;;;;;;
2;TOT-none-ss;instance_30_10_4_35;epsilon;epsilon-constraint;similarity-budget;0.05;;;;;;totalizer;none;slot-service;UNSATISFIABLE;0.037690464;300.0;0;1;0;0;0;;;;;;;;
2;TOT-none-ss;instance_30_10_4_35;epsilon;epsilon-constraint;similarity-budget;0.10;;;;;;totalizer;none;slot-service;UNSATISFIABLE;0.036811457;300.0;0;1;0;0;0;;;;;;;;
3;TOT-both-none;instance_30_10_4_35;epsilon;epsilon-constraint;similarity-budget;0;;;;;;totalizer;both;none;UNSATISFIABLE;0.036939283;300.0;0;1;0;0;0;;;;;;;;
3;TOT-both-none;instance_30_10_4_35;epsilon;epsilon-constraint;similarity-budget;0.01;;;;;;totalizer;both;none;UNSATISFIABLE;0.041816726;300.0;0;1;0;0;0;;;;;;;;
3;TOT-both-none;instance_30_10_4_35;epsilon;epsilon-constraint;similarity-budget;0.025;;;;;;totalizer;both;none;UNSATISFIABLE;0.051120143;300.0;0;1;0;0;0;;;;;;;;
3;TOT-both-none;instance_30_10_4_35;epsilon;epsilon-constraint;similarity-budget;0.05;;;;;;totalizer;both;none;UNSATISFIABLE;0.053380098;300.0;0;1;0;0;0;;;;;;;;
3;TOT-both-none;instance_30_10_4_35;epsilon;epsilon-constraint;similarity-budget;0.10;;;;;;totalizer;both;none;UNSATISFIABLE;0.041820242;300.0;0;1;0;0;0;;;;;;;;
4;TOT-both-ss;instance_30_10_4_35;epsilon;epsilon-constraint;similarity-budget;0;;;;;;totalizer;both;slot-service;UNSATISFIABLE;0.038996076;300.0;0;1;0;0;0;;;;;;;;
4;TOT-both-ss;instance_30_10_4_35;epsilon;epsilon-constraint;similarity-budget;0.01;;;;;;totalizer;both;slot-service;UNSATISFIABLE;0.054170707;300.0;0;1;0;0;0;;;;;;;;
4;TOT-both-ss;instance_30_10_4_35;epsilon;epsilon-constraint;similarity-budget;0.025;;;;;;totalizer;both;slot-service;UNSATISFIABLE;0.053383932;300.0;0;1;0;0;0;;;;;;;;
4;TOT-both-ss;instance_30_10_4_35;epsilon;epsilon-constraint;similarity-budget;0.05;;;;;;totalizer;both;slot-service;UNSATISFIABLE;0.054311676;300.0;0;1;0;0;0;;;;;;;;
4;TOT-both-ss;instance_30_10_4_35;epsilon;epsilon-constraint;similarity-budget;0.10;;;;;;totalizer;both;slot-service;UNSATISFIABLE;0.051781477;300.0;0;1;0;0;0;;;;;;;;
5;ORIGINAL;instance_30_10_4_35;epsilon;epsilon-constraint;similarity-budget;0;;;;;;sorting-network;none;none;UNSATISFIABLE;0.032037067;300.0;0;1;0;0;0;;;;;;;;
5;ORIGINAL;instance_30_10_4_35;epsilon;epsilon-constraint;similarity-budget;0.01;;;;;;sorting-network;none;none;UNSATISFIABLE;0.037052182;300.0;0;1;0;0;0;;;;;;;;
5;ORIGINAL;instance_30_10_4_35;epsilon;epsilon-constraint;similarity-budget;0.025;;;;;;sorting-network;none;none;UNSATISFIABLE;0.032052123;300.0;0;1;0;0;0;;;;;;;;
5;ORIGINAL;instance_30_10_4_35;epsilon;epsilon-constraint;similarity-budget;0.05;;;;;;sorting-network;none;none;UNSATISFIABLE;0.036403167;300.0;0;1;0;0;0;;;;;;;;
5;ORIGINAL;instance_30_10_4_35;epsilon;epsilon-constraint;similarity-budget;0.10;;;;;;sorting-network;none;none;UNSATISFIABLE;0.035120129;300.0;0;1;0;0;0;;;;;;;;
6;SN-none-ss;instance_30_10_4_35;epsilon;epsilon-constraint;similarity-budget;0;;;;;;sorting-network;none;slot-service;UNSATISFIABLE;0.032491835;300.0;0;1;0;0;0;;;;;;;;
6;SN-none-ss;instance_30_10_4_35;epsilon;epsilon-constraint;similarity-budget;0.01;;;;;;sorting-network;none;slot-service;UNSATISFIABLE;0.05014662;300.0;0;1;0;0;0;;;;;;;;
6;SN-none-ss;instance_30_10_4_35;epsilon;epsilon-constraint;similarity-budget;0.025;;;;;;sorting-network;none;slot-service;UNSATISFIABLE;0.03700202;300.0;0;1;0;0;0;;;;;;;;
6;SN-none-ss;instance_30_10_4_35;epsilon;epsilon-constraint;similarity-budget;0.05;;;;;;sorting-network;none;slot-service;UNSATISFIABLE;0.037424774;300.0;0;1;0;0;0;;;;;;;;
6;SN-none-ss;instance_30_10_4_35;epsilon;epsilon-constraint;similarity-budget;0.10;;;;;;sorting-network;none;slot-service;UNSATISFIABLE;0.035530267;300.0;0;1;0;0;0;;;;;;;;
7;SN-both-none;instance_30_10_4_35;epsilon;epsilon-constraint;similarity-budget;0;;;;;;sorting-network;both;none;UNSATISFIABLE;0.055096934;300.0;0;1;0;0;0;;;;;;;;
7;SN-both-none;instance_30_10_4_35;epsilon;epsilon-constraint;similarity-budget;0.01;;;;;;sorting-network;both;none;UNSATISFIABLE;0.056104918;300.0;0;1;0;0;0;;;;;;;;
7;SN-both-none;instance_30_10_4_35;epsilon;epsilon-constraint;similarity-budget;0.025;;;;;;sorting-network;both;none;UNSATISFIABLE;0.055036961;300.0;0;1;0;0;0;;;;;;;;
7;SN-both-none;instance_30_10_4_35;epsilon;epsilon-constraint;similarity-budget;0.05;;;;;;sorting-network;both;none;UNSATISFIABLE;0.055710369;300.0;0;1;0;0;0;;;;;;;;
7;SN-both-none;instance_30_10_4_35;epsilon;epsilon-constraint;similarity-budget;0.10;;;;;;sorting-network;both;none;UNSATISFIABLE;0.052308386;300.0;0;1;0;0;0;;;;;;;;
8;SN-both-ss;instance_30_10_4_35;epsilon;epsilon-constraint;similarity-budget;0;;;;;;sorting-network;both;slot-service;UNSATISFIABLE;0.056596406;300.0;0;1;0;0;0;;;;;;;;
8;SN-both-ss;instance_30_10_4_35;epsilon;epsilon-constraint;similarity-budget;0.01;;;;;;sorting-network;both;slot-service;UNSATISFIABLE;0.055521013;300.0;0;1;0;0;0;;;;;;;;
8;SN-both-ss;instance_30_10_4_35;epsilon;epsilon-constraint;similarity-budget;0.025;;;;;;sorting-network;both;slot-service;UNSATISFIABLE;0.057017847;300.0;0;1;0;0;0;;;;;;;;
8;SN-both-ss;instance_30_10_4_35;epsilon;epsilon-constraint;similarity-budget;0.05;;;;;;sorting-network;both;slot-service;UNSATISFIABLE;0.055492099;300.0;0;1;0;0;0;;;;;;;;
8;SN-both-ss;instance_30_10_4_35;epsilon;epsilon-constraint;similarity-budget;0.10;;;;;;sorting-network;both;slot-service;UNSATISFIABLE;0.054263058;300.0;0;1;0;0;0;;;;;;;;
1;TOT-none-none;instance_30_10_4_36;epsilon;epsilon-constraint;similarity-budget;0;410;410;;;;totalizer;none;none;TIMEOUT;300.1257283;300.0;15.23975387;2;6893;76672;644;;;;;;;similarity_reference;410
1;TOT-none-none;instance_30_10_4_36;epsilon;epsilon-constraint;similarity-budget;0.01;410;406;;;;totalizer;none;none;TIMEOUT;300.1312483;300.0;15.20202193;2;6893;76672;644;;;;;;;similarity_reference;410
1;TOT-none-none;instance_30_10_4_36;epsilon;epsilon-constraint;similarity-budget;0.025;410;400;;;;totalizer;none;none;TIMEOUT;300.1333585;300.0;13.2328556;2;6893;76672;644;;;;;;;similarity_reference;410
1;TOT-none-none;instance_30_10_4_36;epsilon;epsilon-constraint;similarity-budget;0.05;410;390;;;;totalizer;none;none;TIMEOUT;300.1348116;300.0;13.37086123;2;6893;76672;644;;;;;;;similarity_reference;410
1;TOT-none-none;instance_30_10_4_36;epsilon;epsilon-constraint;similarity-budget;0.10;410;369;;;;totalizer;none;none;TIMEOUT;300.1362329;300.0;14.26426527;2;6893;76672;644;;;;;;;similarity_reference;410
2;TOT-none-ss;instance_30_10_4_36;epsilon;epsilon-constraint;similarity-budget;0;410;410;;;;totalizer;none;slot-service;TIMEOUT;300.1285828;300.0;14.26339356;2;7285;78390;644;;;;;;;similarity_reference;410
2;TOT-none-ss;instance_30_10_4_36;epsilon;epsilon-constraint;similarity-budget;0.01;410;406;;;;totalizer;none;slot-service;TIMEOUT;300.1322257;300.0;16.22190907;2;7285;78390;644;;;;;;;similarity_reference;410
2;TOT-none-ss;instance_30_10_4_36;epsilon;epsilon-constraint;similarity-budget;0.025;410;400;;;;totalizer;none;slot-service;TIMEOUT;300.1366189;300.0;13.33391798;2;7285;78390;644;;;;;;;similarity_reference;410
2;TOT-none-ss;instance_30_10_4_36;epsilon;epsilon-constraint;similarity-budget;0.05;410;390;;;;totalizer;none;slot-service;TIMEOUT;300.1311842;300.0;15.27967512;2;7285;78390;644;;;;;;;similarity_reference;410
2;TOT-none-ss;instance_30_10_4_36;epsilon;epsilon-constraint;similarity-budget;0.10;410;369;;;;totalizer;none;slot-service;TIMEOUT;300.1341741;300.0;13.27110992;2;7285;78390;644;;;;;;;similarity_reference;410
3;TOT-both-none;instance_30_10_4_36;epsilon;epsilon-constraint;similarity-budget;0;410;410;;;;totalizer;both;none;TIMEOUT;300.1316547;300.0;16.38626552;2;9912;90716;644;;;;;;;similarity_reference;410
3;TOT-both-none;instance_30_10_4_36;epsilon;epsilon-constraint;similarity-budget;0.01;410;406;;;;totalizer;both;none;TIMEOUT;300.1405574;300.0;18.36989125;2;9912;90716;644;;;;;;;similarity_reference;410
3;TOT-both-none;instance_30_10_4_36;epsilon;epsilon-constraint;similarity-budget;0.025;410;400;;;;totalizer;both;none;TIMEOUT;300.1298432;300.0;17.57845473;2;9912;90716;644;;;;;;;similarity_reference;410
3;TOT-both-none;instance_30_10_4_36;epsilon;epsilon-constraint;similarity-budget;0.05;410;390;;;;totalizer;both;none;TIMEOUT;300.1383953;300.0;18.56328851;2;9912;90716;644;;;;;;;similarity_reference;410
3;TOT-both-none;instance_30_10_4_36;epsilon;epsilon-constraint;similarity-budget;0.10;410;369;;;;totalizer;both;none;TIMEOUT;300.1276787;300.0;18.73008782;2;9912;90716;644;;;;;;;similarity_reference;410
4;TOT-both-ss;instance_30_10_4_36;epsilon;epsilon-constraint;similarity-budget;0;410;410;;;;totalizer;both;slot-service;TIMEOUT;300.1280625;300.0;14.37538273;2;9923;90766;644;;;;;;;similarity_reference;410
4;TOT-both-ss;instance_30_10_4_36;epsilon;epsilon-constraint;similarity-budget;0.01;410;406;;;;totalizer;both;slot-service;TIMEOUT;300.1378322;300.0;14.45053103;2;9923;90766;644;;;;;;;similarity_reference;410
4;TOT-both-ss;instance_30_10_4_36;epsilon;epsilon-constraint;similarity-budget;0.025;410;400;;;;totalizer;both;slot-service;TIMEOUT;300.1272437;300.0;14.39482242;2;9923;90766;644;;;;;;;similarity_reference;410
4;TOT-both-ss;instance_30_10_4_36;epsilon;epsilon-constraint;similarity-budget;0.05;410;390;;;;totalizer;both;slot-service;TIMEOUT;300.128238;300.0;14.71145981;2;9923;90766;644;;;;;;;similarity_reference;410
4;TOT-both-ss;instance_30_10_4_36;epsilon;epsilon-constraint;similarity-budget;0.10;410;369;;;;totalizer;both;slot-service;TIMEOUT;300.1348328;300.0;14.48165696;2;9923;90766;644;;;;;;;similarity_reference;410
5;ORIGINAL;instance_30_10_4_36;epsilon;epsilon-constraint;similarity-budget;0;410;410;;;;sorting-network;none;none;TIMEOUT;300.1292013;300.0;11.70520667;2;17953;64090;644;;;;;;;similarity_reference;410
5;ORIGINAL;instance_30_10_4_36;epsilon;epsilon-constraint;similarity-budget;0.01;410;406;;;;sorting-network;none;none;TIMEOUT;300.1321333;300.0;11.90679096;2;17953;64090;644;;;;;;;similarity_reference;410
5;ORIGINAL;instance_30_10_4_36;epsilon;epsilon-constraint;similarity-budget;0.025;410;400;;;;sorting-network;none;none;TIMEOUT;300.1256894;300.0;12.73461289;2;17953;64090;644;;;;;;;similarity_reference;410
5;ORIGINAL;instance_30_10_4_36;epsilon;epsilon-constraint;similarity-budget;0.05;410;390;;;;sorting-network;none;none;TIMEOUT;300.1268448;300.0;11.73733383;2;17953;64090;644;;;;;;;similarity_reference;410
5;ORIGINAL;instance_30_10_4_36;epsilon;epsilon-constraint;similarity-budget;0.10;410;369;;;;sorting-network;none;none;TIMEOUT;300.1232502;300.0;11.70742449;2;17953;64090;644;;;;;;;similarity_reference;410
6;SN-none-ss;instance_30_10_4_36;epsilon;epsilon-constraint;similarity-budget;0;410;410;;;;sorting-network;none;slot-service;TIMEOUT;300.1280038;300.0;15.61650683;2;18345;65808;644;;;;;;;similarity_reference;410
6;SN-none-ss;instance_30_10_4_36;epsilon;epsilon-constraint;similarity-budget;0.01;410;406;;;;sorting-network;none;slot-service;TIMEOUT;300.1321595;300.0;11.66954673;2;18345;65808;644;;;;;;;similarity_reference;410
6;SN-none-ss;instance_30_10_4_36;epsilon;epsilon-constraint;similarity-budget;0.025;410;400;;;;sorting-network;none;slot-service;TIMEOUT;300.1365724;300.0;11.58368378;2;18345;65808;644;;;;;;;similarity_reference;410
6;SN-none-ss;instance_30_10_4_36;epsilon;epsilon-constraint;similarity-budget;0.05;410;390;;;;sorting-network;none;slot-service;TIMEOUT;300.1256754;300.0;12.23101783;2;18345;65808;644;;;;;;;similarity_reference;410
6;SN-none-ss;instance_30_10_4_36;epsilon;epsilon-constraint;similarity-budget;0.10;410;369;;;;sorting-network;none;slot-service;TIMEOUT;300.1314055;300.0;11.71245153;2;18345;65808;644;;;;;;;similarity_reference;410
7;SN-both-none;instance_30_10_4_36;epsilon;epsilon-constraint;similarity-budget;0;410;410;;;;sorting-network;both;none;TIMEOUT;300.1362266;300.0;15.05284253;2;24128;82944;644;;;;;;;similarity_reference;410
7;SN-both-none;instance_30_10_4_36;epsilon;epsilon-constraint;similarity-budget;0.01;410;406;;;;sorting-network;both;none;TIMEOUT;300.1268087;300.0;14.87657107;2;24128;82944;644;;;;;;;similarity_reference;410
7;SN-both-none;instance_30_10_4_36;epsilon;epsilon-constraint;similarity-budget;0.025;410;400;;;;sorting-network;both;none;TIMEOUT;300.1303089;300.0;14.84977861;2;24128;82944;644;;;;;;;similarity_reference;410
7;SN-both-none;instance_30_10_4_36;epsilon;epsilon-constraint;similarity-budget;0.05;410;390;;;;sorting-network;both;none;TIMEOUT;300.1319777;300.0;14.7682648;2;24128;82944;644;;;;;;;similarity_reference;410
7;SN-both-none;instance_30_10_4_36;epsilon;epsilon-constraint;similarity-budget;0.10;410;369;;;;sorting-network;both;none;TIMEOUT;300.12719;300.0;15.97662895;2;24128;82944;644;;;;;;;similarity_reference;410
8;SN-both-ss;instance_30_10_4_36;epsilon;epsilon-constraint;similarity-budget;0;410;410;;;;sorting-network;both;slot-service;TIMEOUT;300.1274633;300.0;14.78715124;2;24139;82994;644;;;;;;;similarity_reference;410
8;SN-both-ss;instance_30_10_4_36;epsilon;epsilon-constraint;similarity-budget;0.01;410;406;;;;sorting-network;both;slot-service;TIMEOUT;300.1253787;300.0;13.85899531;2;24139;82994;644;;;;;;;similarity_reference;410
8;SN-both-ss;instance_30_10_4_36;epsilon;epsilon-constraint;similarity-budget;0.025;410;400;;;;sorting-network;both;slot-service;TIMEOUT;300.1332717;300.0;14.47127249;2;24139;82994;644;;;;;;;similarity_reference;410
8;SN-both-ss;instance_30_10_4_36;epsilon;epsilon-constraint;similarity-budget;0.05;410;390;;;;sorting-network;both;slot-service;TIMEOUT;300.1332174;300.0;14.58018819;2;24139;82994;644;;;;;;;similarity_reference;410
8;SN-both-ss;instance_30_10_4_36;epsilon;epsilon-constraint;similarity-budget;0.10;410;369;;;;sorting-network;both;slot-service;TIMEOUT;300.1326843;300.0;14.90566867;2;24139;82994;644;;;;;;;similarity_reference;410
1;TOT-none-none;instance_30_10_4_37;epsilon;epsilon-constraint;similarity-budget;0;444;444;;;;totalizer;none;none;TIMEOUT;300.1289012;300.0;6.402067878;2;6318;66181;555;;;;;;;similarity_reference;444
1;TOT-none-none;instance_30_10_4_37;epsilon;epsilon-constraint;similarity-budget;0.01;444;440;;;;totalizer;none;none;TIMEOUT;300.1307252;300.0;5.476478455;2;6318;66181;555;;;;;;;similarity_reference;444
1;TOT-none-none;instance_30_10_4_37;epsilon;epsilon-constraint;similarity-budget;0.025;444;433;;;;totalizer;none;none;TIMEOUT;300.1328634;300.0;5.395517883;2;6318;66181;555;;;;;;;similarity_reference;444
1;TOT-none-none;instance_30_10_4_37;epsilon;epsilon-constraint;similarity-budget;0.05;444;422;;;;totalizer;none;none;TIMEOUT;300.1253141;300.0;7.491540458;2;6318;66181;555;;;;;;;similarity_reference;444
1;TOT-none-none;instance_30_10_4_37;epsilon;epsilon-constraint;similarity-budget;0.10;444;400;;;;totalizer;none;none;TIMEOUT;300.1226676;300.0;5.416907045;2;6318;66181;555;;;;;;;similarity_reference;444
2;TOT-none-ss;instance_30_10_4_37;epsilon;epsilon-constraint;similarity-budget;0;444;444;;;;totalizer;none;slot-service;TIMEOUT;300.1244511;300.0;10.32889806;2;6739;68080;555;;;;;;;similarity_reference;444
2;TOT-none-ss;instance_30_10_4_37;epsilon;epsilon-constraint;similarity-budget;0.01;444;440;;;;totalizer;none;slot-service;TIMEOUT;300.1320106;300.0;10.3308104;2;6739;68080;555;;;;;;;similarity_reference;444
2;TOT-none-ss;instance_30_10_4_37;epsilon;epsilon-constraint;similarity-budget;0.025;444;433;;;;totalizer;none;slot-service;TIMEOUT;300.1289024;300.0;8.356437248;2;6739;68080;555;;;;;;;similarity_reference;444
2;TOT-none-ss;instance_30_10_4_37;epsilon;epsilon-constraint;similarity-budget;0.05;444;422;;;;totalizer;none;slot-service;TIMEOUT;300.1309698;300.0;10.35937623;2;6739;68080;555;;;;;;;similarity_reference;444
2;TOT-none-ss;instance_30_10_4_37;epsilon;epsilon-constraint;similarity-budget;0.10;444;400;;;;totalizer;none;slot-service;TIMEOUT;300.1313967;300.0;11.31200092;2;6739;68080;555;;;;;;;similarity_reference;444
3;TOT-both-none;instance_30_10_4_37;epsilon;epsilon-constraint;similarity-budget;0;444;444;;;;totalizer;both;none;TIMEOUT;300.1264058;300.0;10.71173301;2;9813;83360;555;;;;;;;similarity_reference;444
3;TOT-both-none;instance_30_10_4_37;epsilon;epsilon-constraint;similarity-budget;0.01;444;440;;;;totalizer;both;none;TIMEOUT;300.1254466;300.0;12.68372865;2;9813;83360;555;;;;;;;similarity_reference;444
3;TOT-both-none;instance_30_10_4_37;epsilon;epsilon-constraint;similarity-budget;0.025;444;433;;;;totalizer;both;none;TIMEOUT;300.1341332;300.0;12.52487896;2;9813;83360;555;;;;;;;similarity_reference;444
3;TOT-both-none;instance_30_10_4_37;epsilon;epsilon-constraint;similarity-budget;0.05;444;422;;;;totalizer;both;none;TIMEOUT;300.1269695;300.0;13.59855225;2;9813;83360;555;;;;;;;similarity_reference;444
3;TOT-both-none;instance_30_10_4_37;epsilon;epsilon-constraint;similarity-budget;0.10;444;400;;;;totalizer;both;none;TIMEOUT;300.132757;300.0;14.61164329;2;9813;83360;555;;;;;;;similarity_reference;444
4;TOT-both-ss;instance_30_10_4_37;epsilon;epsilon-constraint;similarity-budget;0;444;444;;;;totalizer;both;slot-service;TIMEOUT;300.13418;300.0;15.5474178;2;9813;83361;555;;;;;;;similarity_reference;444
4;TOT-both-ss;instance_30_10_4_37;epsilon;epsilon-constraint;similarity-budget;0.01;444;440;;;;totalizer;both;slot-service;TIMEOUT;300.1239979;300.0;10.76274441;2;9813;83361;555;;;;;;;similarity_reference;444
4;TOT-both-ss;instance_30_10_4_37;epsilon;epsilon-constraint;similarity-budget;0.025;444;433;;;;totalizer;both;slot-service;TIMEOUT;300.1324871;300.0;13.51087697;2;9813;83361;555;;;;;;;similarity_reference;444
4;TOT-both-ss;instance_30_10_4_37;epsilon;epsilon-constraint;similarity-budget;0.05;444;422;;;;totalizer;both;slot-service;TIMEOUT;300.1246024;300.0;11.63414255;2;9813;83361;555;;;;;;;similarity_reference;444
4;TOT-both-ss;instance_30_10_4_37;epsilon;epsilon-constraint;similarity-budget;0.10;444;400;;;;totalizer;both;slot-service;TIMEOUT;300.131633;300.0;12.82177384;2;9813;83361;555;;;;;;;similarity_reference;444
5;ORIGINAL;instance_30_10_4_37;epsilon;epsilon-constraint;similarity-budget;0;444;444;;;;sorting-network;none;none;TIMEOUT;300.1300637;300.0;9.620935596;2;15129;59689;555;;;;;;;similarity_reference;444
5;ORIGINAL;instance_30_10_4_37;epsilon;epsilon-constraint;similarity-budget;0.01;444;440;;;;sorting-network;none;none;TIMEOUT;300.128746;300.0;10.87539701;2;15129;59689;555;;;;;;;similarity_reference;444
5;ORIGINAL;instance_30_10_4_37;epsilon;epsilon-constraint;similarity-budget;0.025;444;433;;;;sorting-network;none;none;TIMEOUT;300.1319731;300.0;8.662082792;2;15129;59689;555;;;;;;;similarity_reference;444
5;ORIGINAL;instance_30_10_4_37;epsilon;epsilon-constraint;similarity-budget;0.05;444;422;;;;sorting-network;none;none;TIMEOUT;300.1296028;300.0;8.730957523;2;15129;59689;555;;;;;;;similarity_reference;444
5;ORIGINAL;instance_30_10_4_37;epsilon;epsilon-constraint;similarity-budget;0.10;444;400;;;;sorting-network;none;none;TIMEOUT;300.1295704;300.0;8.737851563;2;15129;59689;555;;;;;;;similarity_reference;444
6;SN-none-ss;instance_30_10_4_37;epsilon;epsilon-constraint;similarity-budget;0;444;444;;;;sorting-network;none;slot-service;TIMEOUT;300.1278846;300.0;10.64921445;2;15550;61588;555;;;;;;;similarity_reference;444
6;SN-none-ss;instance_30_10_4_37;epsilon;epsilon-constraint;similarity-budget;0.01;444;440;;;;sorting-network;none;slot-service;TIMEOUT;300.1259444;300.0;11.71270776;2;15550;61588;555;;;;;;;similarity_reference;444
6;SN-none-ss;instance_30_10_4_37;epsilon;epsilon-constraint;similarity-budget;0.025;444;433;;;;sorting-network;none;slot-service;TIMEOUT;300.1242034;300.0;11.6407449;2;15550;61588;555;;;;;;;similarity_reference;444
6;SN-none-ss;instance_30_10_4_37;epsilon;epsilon-constraint;similarity-budget;0.05;444;422;;;;sorting-network;none;slot-service;TIMEOUT;300.1227765;300.0;11.84515911;2;15550;61588;555;;;;;;;similarity_reference;444
6;SN-none-ss;instance_30_10_4_37;epsilon;epsilon-constraint;similarity-budget;0.10;444;400;;;;sorting-network;none;slot-service;TIMEOUT;300.1319851;300.0;9.716296279;2;15550;61588;555;;;;;;;similarity_reference;444
7;SN-both-none;instance_30_10_4_37;epsilon;epsilon-constraint;similarity-budget;0;444;444;;;;sorting-network;both;none;TIMEOUT;300.1271061;300.0;17.4936951;2;22366;81788;555;;;;;;;similarity_reference;444
7;SN-both-none;instance_30_10_4_37;epsilon;epsilon-constraint;similarity-budget;0.01;444;440;;;;sorting-network;both;none;TIMEOUT;300.1298953;300.0;15.93600098;2;22366;81788;555;;;;;;;similarity_reference;444
7;SN-both-none;instance_30_10_4_37;epsilon;epsilon-constraint;similarity-budget;0.025;444;433;;;;sorting-network;both;none;TIMEOUT;300.1322726;300.0;16.54299693;2;22366;81788;555;;;;;;;similarity_reference;444
7;SN-both-none;instance_30_10_4_37;epsilon;epsilon-constraint;similarity-budget;0.05;444;422;;;;sorting-network;both;none;TIMEOUT;300.1305217;300.0;15.47052765;2;22366;81788;555;;;;;;;similarity_reference;444
7;SN-both-none;instance_30_10_4_37;epsilon;epsilon-constraint;similarity-budget;0.10;444;400;;;;sorting-network;both;none;TIMEOUT;300.1298386;300.0;15.70143691;2;22366;81788;555;;;;;;;similarity_reference;444
8;SN-both-ss;instance_30_10_4_37;epsilon;epsilon-constraint;similarity-budget;0;444;444;;;;sorting-network;both;slot-service;TIMEOUT;300.1301232;300.0;15.53684113;2;22366;81789;555;;;;;;;similarity_reference;444
8;SN-both-ss;instance_30_10_4_37;epsilon;epsilon-constraint;similarity-budget;0.01;444;440;;;;sorting-network;both;slot-service;TIMEOUT;300.1262526;300.0;16.68249615;2;22366;81789;555;;;;;;;similarity_reference;444
8;SN-both-ss;instance_30_10_4_37;epsilon;epsilon-constraint;similarity-budget;0.025;444;433;;;;sorting-network;both;slot-service;TIMEOUT;300.1313845;300.0;16.71390947;2;22366;81789;555;;;;;;;similarity_reference;444
8;SN-both-ss;instance_30_10_4_37;epsilon;epsilon-constraint;similarity-budget;0.05;444;422;;;;sorting-network;both;slot-service;TIMEOUT;300.1237597;300.0;15.7779914;2;22366;81789;555;;;;;;;similarity_reference;444
8;SN-both-ss;instance_30_10_4_37;epsilon;epsilon-constraint;similarity-budget;0.10;444;400;;;;sorting-network;both;slot-service;TIMEOUT;300.1288649;300.0;16.65512454;2;22366;81789;555;;;;;;;similarity_reference;444
1;TOT-none-none;instance_30_10_4_38;epsilon;epsilon-constraint;similarity-budget;0;;;;;;totalizer;none;none;UNSATISFIABLE;0.037658952;300.0;0;1;0;0;0;;;;;;;;
1;TOT-none-none;instance_30_10_4_38;epsilon;epsilon-constraint;similarity-budget;0.01;;;;;;totalizer;none;none;UNSATISFIABLE;0.041295386;300.0;0;1;0;0;0;;;;;;;;
1;TOT-none-none;instance_30_10_4_38;epsilon;epsilon-constraint;similarity-budget;0.025;;;;;;totalizer;none;none;UNSATISFIABLE;0.040914507;300.0;0;1;0;0;0;;;;;;;;
1;TOT-none-none;instance_30_10_4_38;epsilon;epsilon-constraint;similarity-budget;0.05;;;;;;totalizer;none;none;UNSATISFIABLE;0.052165523;300.0;0;1;0;0;0;;;;;;;;
1;TOT-none-none;instance_30_10_4_38;epsilon;epsilon-constraint;similarity-budget;0.10;;;;;;totalizer;none;none;UNSATISFIABLE;0.051131605;300.0;0;1;0;0;0;;;;;;;;
2;TOT-none-ss;instance_30_10_4_38;epsilon;epsilon-constraint;similarity-budget;0;;;;;;totalizer;none;slot-service;UNSATISFIABLE;0.039030416;300.0;0;1;0;0;0;;;;;;;;
2;TOT-none-ss;instance_30_10_4_38;epsilon;epsilon-constraint;similarity-budget;0.01;;;;;;totalizer;none;slot-service;UNSATISFIABLE;0.051571146;300.0;0;1;0;0;0;;;;;;;;
2;TOT-none-ss;instance_30_10_4_38;epsilon;epsilon-constraint;similarity-budget;0.025;;;;;;totalizer;none;slot-service;UNSATISFIABLE;0.054180206;300.0;0;1;0;0;0;;;;;;;;
2;TOT-none-ss;instance_30_10_4_38;epsilon;epsilon-constraint;similarity-budget;0.05;;;;;;totalizer;none;slot-service;UNSATISFIABLE;0.053963959;300.0;0;1;0;0;0;;;;;;;;
2;TOT-none-ss;instance_30_10_4_38;epsilon;epsilon-constraint;similarity-budget;0.10;;;;;;totalizer;none;slot-service;UNSATISFIABLE;0.051786379;300.0;0;1;0;0;0;;;;;;;;
3;TOT-both-none;instance_30_10_4_38;epsilon;epsilon-constraint;similarity-budget;0;;;;;;totalizer;both;none;UNSATISFIABLE;0.057420383;300.0;0;1;0;0;0;;;;;;;;
3;TOT-both-none;instance_30_10_4_38;epsilon;epsilon-constraint;similarity-budget;0.01;;;;;;totalizer;both;none;UNSATISFIABLE;0.064291962;300.0;0;1;0;0;0;;;;;;;;
3;TOT-both-none;instance_30_10_4_38;epsilon;epsilon-constraint;similarity-budget;0.025;;;;;;totalizer;both;none;UNSATISFIABLE;0.063903567;300.0;0;1;0;0;0;;;;;;;;
3;TOT-both-none;instance_30_10_4_38;epsilon;epsilon-constraint;similarity-budget;0.05;;;;;;totalizer;both;none;UNSATISFIABLE;0.068990126;300.0;0;1;0;0;0;;;;;;;;
3;TOT-both-none;instance_30_10_4_38;epsilon;epsilon-constraint;similarity-budget;0.10;;;;;;totalizer;both;none;UNSATISFIABLE;0.064168022;300.0;0;1;0;0;0;;;;;;;;
4;TOT-both-ss;instance_30_10_4_38;epsilon;epsilon-constraint;similarity-budget;0;;;;;;totalizer;both;slot-service;UNSATISFIABLE;0.059958618;300.0;0;1;0;0;0;;;;;;;;
4;TOT-both-ss;instance_30_10_4_38;epsilon;epsilon-constraint;similarity-budget;0.01;;;;;;totalizer;both;slot-service;UNSATISFIABLE;0.064791965;300.0;0;1;0;0;0;;;;;;;;
4;TOT-both-ss;instance_30_10_4_38;epsilon;epsilon-constraint;similarity-budget;0.025;;;;;;totalizer;both;slot-service;UNSATISFIABLE;0.062378901;300.0;0;1;0;0;0;;;;;;;;
4;TOT-both-ss;instance_30_10_4_38;epsilon;epsilon-constraint;similarity-budget;0.05;;;;;;totalizer;both;slot-service;UNSATISFIABLE;0.067430548;300.0;0;1;0;0;0;;;;;;;;
4;TOT-both-ss;instance_30_10_4_38;epsilon;epsilon-constraint;similarity-budget;0.10;;;;;;totalizer;both;slot-service;UNSATISFIABLE;0.067469717;300.0;0;1;0;0;0;;;;;;;;
5;ORIGINAL;instance_30_10_4_38;epsilon;epsilon-constraint;similarity-budget;0;;;;;;sorting-network;none;none;UNSATISFIABLE;0.038223059;300.0;0;1;0;0;0;;;;;;;;
5;ORIGINAL;instance_30_10_4_38;epsilon;epsilon-constraint;similarity-budget;0.01;;;;;;sorting-network;none;none;UNSATISFIABLE;0.052247229;300.0;0;1;0;0;0;;;;;;;;
5;ORIGINAL;instance_30_10_4_38;epsilon;epsilon-constraint;similarity-budget;0.025;;;;;;sorting-network;none;none;UNSATISFIABLE;0.05206557;300.0;0;1;0;0;0;;;;;;;;
5;ORIGINAL;instance_30_10_4_38;epsilon;epsilon-constraint;similarity-budget;0.05;;;;;;sorting-network;none;none;UNSATISFIABLE;0.053410451;300.0;0;1;0;0;0;;;;;;;;
5;ORIGINAL;instance_30_10_4_38;epsilon;epsilon-constraint;similarity-budget;0.10;;;;;;sorting-network;none;none;UNSATISFIABLE;0.05271507;300.0;0;1;0;0;0;;;;;;;;
6;SN-none-ss;instance_30_10_4_38;epsilon;epsilon-constraint;similarity-budget;0;;;;;;sorting-network;none;slot-service;UNSATISFIABLE;0.049814853;300.0;0;1;0;0;0;;;;;;;;
6;SN-none-ss;instance_30_10_4_38;epsilon;epsilon-constraint;similarity-budget;0.01;;;;;;sorting-network;none;slot-service;UNSATISFIABLE;0.054843664;300.0;0;1;0;0;0;;;;;;;;
6;SN-none-ss;instance_30_10_4_38;epsilon;epsilon-constraint;similarity-budget;0.025;;;;;;sorting-network;none;slot-service;UNSATISFIABLE;0.0546222;300.0;0;1;0;0;0;;;;;;;;
6;SN-none-ss;instance_30_10_4_38;epsilon;epsilon-constraint;similarity-budget;0.05;;;;;;sorting-network;none;slot-service;UNSATISFIABLE;0.052914474;300.0;0;1;0;0;0;;;;;;;;
6;SN-none-ss;instance_30_10_4_38;epsilon;epsilon-constraint;similarity-budget;0.10;;;;;;sorting-network;none;slot-service;UNSATISFIABLE;0.054337628;300.0;0;1;0;0;0;;;;;;;;
7;SN-both-none;instance_30_10_4_38;epsilon;epsilon-constraint;similarity-budget;0;;;;;;sorting-network;both;none;UNSATISFIABLE;0.06817746;300.0;0;1;0;0;0;;;;;;;;
7;SN-both-none;instance_30_10_4_38;epsilon;epsilon-constraint;similarity-budget;0.01;;;;;;sorting-network;both;none;UNSATISFIABLE;0.066689241;300.0;0;1;0;0;0;;;;;;;;
7;SN-both-none;instance_30_10_4_38;epsilon;epsilon-constraint;similarity-budget;0.025;;;;;;sorting-network;both;none;UNSATISFIABLE;0.067105533;300.0;0;1;0;0;0;;;;;;;;
7;SN-both-none;instance_30_10_4_38;epsilon;epsilon-constraint;similarity-budget;0.05;;;;;;sorting-network;both;none;UNSATISFIABLE;0.068554988;300.0;0;1;0;0;0;;;;;;;;
7;SN-both-none;instance_30_10_4_38;epsilon;epsilon-constraint;similarity-budget;0.10;;;;;;sorting-network;both;none;UNSATISFIABLE;0.065199034;300.0;0;1;0;0;0;;;;;;;;
8;SN-both-ss;instance_30_10_4_38;epsilon;epsilon-constraint;similarity-budget;0;;;;;;sorting-network;both;slot-service;UNSATISFIABLE;0.067858272;300.0;0;1;0;0;0;;;;;;;;
8;SN-both-ss;instance_30_10_4_38;epsilon;epsilon-constraint;similarity-budget;0.01;;;;;;sorting-network;both;slot-service;UNSATISFIABLE;0.067003236;300.0;0;1;0;0;0;;;;;;;;
8;SN-both-ss;instance_30_10_4_38;epsilon;epsilon-constraint;similarity-budget;0.025;;;;;;sorting-network;both;slot-service;UNSATISFIABLE;0.069172192;300.0;0;1;0;0;0;;;;;;;;
8;SN-both-ss;instance_30_10_4_38;epsilon;epsilon-constraint;similarity-budget;0.05;;;;;;sorting-network;both;slot-service;UNSATISFIABLE;0.065551136;300.0;0;1;0;0;0;;;;;;;;
8;SN-both-ss;instance_30_10_4_38;epsilon;epsilon-constraint;similarity-budget;0.10;;;;;;sorting-network;both;slot-service;UNSATISFIABLE;0.068126527;300.0;0;1;0;0;0;;;;;;;;
1;TOT-none-none;instance_30_10_4_39;epsilon;epsilon-constraint;similarity-budget;0;;;;;;totalizer;none;none;UNSATISFIABLE;0.033754009;300.0;0;1;0;0;0;;;;;;;;
1;TOT-none-none;instance_30_10_4_39;epsilon;epsilon-constraint;similarity-budget;0.01;;;;;;totalizer;none;none;UNSATISFIABLE;0.033464283;300.0;0;1;0;0;0;;;;;;;;
1;TOT-none-none;instance_30_10_4_39;epsilon;epsilon-constraint;similarity-budget;0.025;;;;;;totalizer;none;none;UNSATISFIABLE;0.037984156;300.0;0;1;0;0;0;;;;;;;;
1;TOT-none-none;instance_30_10_4_39;epsilon;epsilon-constraint;similarity-budget;0.05;;;;;;totalizer;none;none;UNSATISFIABLE;0.03783316;300.0;0;1;0;0;0;;;;;;;;
1;TOT-none-none;instance_30_10_4_39;epsilon;epsilon-constraint;similarity-budget;0.10;;;;;;totalizer;none;none;UNSATISFIABLE;0.036651479;300.0;0;1;0;0;0;;;;;;;;
2;TOT-none-ss;instance_30_10_4_39;epsilon;epsilon-constraint;similarity-budget;0;;;;;;totalizer;none;slot-service;UNSATISFIABLE;0.035343317;300.0;0;1;0;0;0;;;;;;;;
2;TOT-none-ss;instance_30_10_4_39;epsilon;epsilon-constraint;similarity-budget;0.01;;;;;;totalizer;none;slot-service;UNSATISFIABLE;0.049629309;300.0;0;1;0;0;0;;;;;;;;
2;TOT-none-ss;instance_30_10_4_39;epsilon;epsilon-constraint;similarity-budget;0.025;;;;;;totalizer;none;slot-service;UNSATISFIABLE;0.049883226;300.0;0;1;0;0;0;;;;;;;;
2;TOT-none-ss;instance_30_10_4_39;epsilon;epsilon-constraint;similarity-budget;0.05;;;;;;totalizer;none;slot-service;UNSATISFIABLE;0.05043589;300.0;0;1;0;0;0;;;;;;;;
2;TOT-none-ss;instance_30_10_4_39;epsilon;epsilon-constraint;similarity-budget;0.10;;;;;;totalizer;none;slot-service;UNSATISFIABLE;0.051269005;300.0;0;1;0;0;0;;;;;;;;
3;TOT-both-none;instance_30_10_4_39;epsilon;epsilon-constraint;similarity-budget;0;;;;;;totalizer;both;none;UNSATISFIABLE;0.050547836;300.0;0;1;0;0;0;;;;;;;;
3;TOT-both-none;instance_30_10_4_39;epsilon;epsilon-constraint;similarity-budget;0.01;;;;;;totalizer;both;none;UNSATISFIABLE;0.0553432;300.0;0;1;0;0;0;;;;;;;;
3;TOT-both-none;instance_30_10_4_39;epsilon;epsilon-constraint;similarity-budget;0.025;;;;;;totalizer;both;none;UNSATISFIABLE;0.051695629;300.0;0;1;0;0;0;;;;;;;;
3;TOT-both-none;instance_30_10_4_39;epsilon;epsilon-constraint;similarity-budget;0.05;;;;;;totalizer;both;none;UNSATISFIABLE;0.055159975;300.0;0;1;0;0;0;;;;;;;;
3;TOT-both-none;instance_30_10_4_39;epsilon;epsilon-constraint;similarity-budget;0.10;;;;;;totalizer;both;none;UNSATISFIABLE;0.054987081;300.0;0;1;0;0;0;;;;;;;;
4;TOT-both-ss;instance_30_10_4_39;epsilon;epsilon-constraint;similarity-budget;0;;;;;;totalizer;both;slot-service;UNSATISFIABLE;0.050531417;300.0;0;1;0;0;0;;;;;;;;
4;TOT-both-ss;instance_30_10_4_39;epsilon;epsilon-constraint;similarity-budget;0.01;;;;;;totalizer;both;slot-service;UNSATISFIABLE;0.054146705;300.0;0;1;0;0;0;;;;;;;;
4;TOT-both-ss;instance_30_10_4_39;epsilon;epsilon-constraint;similarity-budget;0.025;;;;;;totalizer;both;slot-service;UNSATISFIABLE;0.054578424;300.0;0;1;0;0;0;;;;;;;;
4;TOT-both-ss;instance_30_10_4_39;epsilon;epsilon-constraint;similarity-budget;0.05;;;;;;totalizer;both;slot-service;UNSATISFIABLE;0.054163454;300.0;0;1;0;0;0;;;;;;;;
4;TOT-both-ss;instance_30_10_4_39;epsilon;epsilon-constraint;similarity-budget;0.10;;;;;;totalizer;both;slot-service;UNSATISFIABLE;0.0555703;300.0;0;1;0;0;0;;;;;;;;
5;ORIGINAL;instance_30_10_4_39;epsilon;epsilon-constraint;similarity-budget;0;;;;;;sorting-network;none;none;UNSATISFIABLE;0.032835777;300.0;0;1;0;0;0;;;;;;;;
5;ORIGINAL;instance_30_10_4_39;epsilon;epsilon-constraint;similarity-budget;0.01;;;;;;sorting-network;none;none;UNSATISFIABLE;0.045737048;300.0;0;1;0;0;0;;;;;;;;
5;ORIGINAL;instance_30_10_4_39;epsilon;epsilon-constraint;similarity-budget;0.025;;;;;;sorting-network;none;none;UNSATISFIABLE;0.036367057;300.0;0;1;0;0;0;;;;;;;;
5;ORIGINAL;instance_30_10_4_39;epsilon;epsilon-constraint;similarity-budget;0.05;;;;;;sorting-network;none;none;UNSATISFIABLE;0.045055943;300.0;0;1;0;0;0;;;;;;;;
5;ORIGINAL;instance_30_10_4_39;epsilon;epsilon-constraint;similarity-budget;0.10;;;;;;sorting-network;none;none;UNSATISFIABLE;0.034598278;300.0;0;1;0;0;0;;;;;;;;
6;SN-none-ss;instance_30_10_4_39;epsilon;epsilon-constraint;similarity-budget;0;;;;;;sorting-network;none;slot-service;UNSATISFIABLE;0.033843458;300.0;0;1;0;0;0;;;;;;;;
6;SN-none-ss;instance_30_10_4_39;epsilon;epsilon-constraint;similarity-budget;0.01;;;;;;sorting-network;none;slot-service;UNSATISFIABLE;0.038940626;300.0;0;1;0;0;0;;;;;;;;
6;SN-none-ss;instance_30_10_4_39;epsilon;epsilon-constraint;similarity-budget;0.025;;;;;;sorting-network;none;slot-service;UNSATISFIABLE;0.045952354;300.0;0;1;0;0;0;;;;;;;;
6;SN-none-ss;instance_30_10_4_39;epsilon;epsilon-constraint;similarity-budget;0.05;;;;;;sorting-network;none;slot-service;UNSATISFIABLE;0.039018246;300.0;0;1;0;0;0;;;;;;;;
6;SN-none-ss;instance_30_10_4_39;epsilon;epsilon-constraint;similarity-budget;0.10;;;;;;sorting-network;none;slot-service;UNSATISFIABLE;0.04766549;300.0;0;1;0;0;0;;;;;;;;
7;SN-both-none;instance_30_10_4_39;epsilon;epsilon-constraint;similarity-budget;0;;;;;;sorting-network;both;none;UNSATISFIABLE;0.056165805;300.0;0;1;0;0;0;;;;;;;;
7;SN-both-none;instance_30_10_4_39;epsilon;epsilon-constraint;similarity-budget;0.01;;;;;;sorting-network;both;none;UNSATISFIABLE;0.055920807;300.0;0;1;0;0;0;;;;;;;;
7;SN-both-none;instance_30_10_4_39;epsilon;epsilon-constraint;similarity-budget;0.025;;;;;;sorting-network;both;none;UNSATISFIABLE;0.053473362;300.0;0;1;0;0;0;;;;;;;;
7;SN-both-none;instance_30_10_4_39;epsilon;epsilon-constraint;similarity-budget;0.05;;;;;;sorting-network;both;none;UNSATISFIABLE;0.052610451;300.0;0;1;0;0;0;;;;;;;;
7;SN-both-none;instance_30_10_4_39;epsilon;epsilon-constraint;similarity-budget;0.10;;;;;;sorting-network;both;none;UNSATISFIABLE;0.056827212;300.0;0;1;0;0;0;;;;;;;;
8;SN-both-ss;instance_30_10_4_39;epsilon;epsilon-constraint;similarity-budget;0;;;;;;sorting-network;both;slot-service;UNSATISFIABLE;0.057968912;300.0;0;1;0;0;0;;;;;;;;
8;SN-both-ss;instance_30_10_4_39;epsilon;epsilon-constraint;similarity-budget;0.01;;;;;;sorting-network;both;slot-service;UNSATISFIABLE;0.055202676;300.0;0;1;0;0;0;;;;;;;;
8;SN-both-ss;instance_30_10_4_39;epsilon;epsilon-constraint;similarity-budget;0.025;;;;;;sorting-network;both;slot-service;UNSATISFIABLE;0.05665711;300.0;0;1;0;0;0;;;;;;;;
8;SN-both-ss;instance_30_10_4_39;epsilon;epsilon-constraint;similarity-budget;0.05;;;;;;sorting-network;both;slot-service;UNSATISFIABLE;0.056440853;300.0;0;1;0;0;0;;;;;;;;
8;SN-both-ss;instance_30_10_4_39;epsilon;epsilon-constraint;similarity-budget;0.10;;;;;;sorting-network;both;slot-service;UNSATISFIABLE;0.057232783;300.0;0;1;0;0;0;;;;;;;;
1;TOT-none-none;instance_30_10_4_4;epsilon;epsilon-constraint;similarity-budget;0;431;431;;;;totalizer;none;none;TIMEOUT;300.1217413;300.0;6.331247209;2;5914;59551;500;;;;;;;similarity_reference;431
1;TOT-none-none;instance_30_10_4_4;epsilon;epsilon-constraint;similarity-budget;0.01;431;427;;;;totalizer;none;none;TIMEOUT;300.1211035;300.0;5.376720377;2;5914;59551;500;;;;;;;similarity_reference;431
1;TOT-none-none;instance_30_10_4_4;epsilon;epsilon-constraint;similarity-budget;0.025;431;421;;;;totalizer;none;none;TIMEOUT;300.1226388;300.0;5.403974571;2;5914;59551;500;;;;;;;similarity_reference;431
1;TOT-none-none;instance_30_10_4_4;epsilon;epsilon-constraint;similarity-budget;0.05;431;410;;;;totalizer;none;none;TIMEOUT;300.118003;300.0;5.385281319;2;5914;59551;500;;;;;;;similarity_reference;431
1;TOT-none-none;instance_30_10_4_4;epsilon;epsilon-constraint;similarity-budget;0.10;431;388;;;;totalizer;none;none;TIMEOUT;300.1240832;300.0;6.433211161;2;5914;59551;500;;;;;;;similarity_reference;431
2;TOT-none-ss;instance_30_10_4_4;epsilon;epsilon-constraint;similarity-budget;0;431;431;;;;totalizer;none;slot-service;TIMEOUT;300.1213448;300.0;10.31563194;2;6351;61515;500;;;;;;;similarity_reference;431
2;TOT-none-ss;instance_30_10_4_4;epsilon;epsilon-constraint;similarity-budget;0.01;431;427;;;;totalizer;none;slot-service;TIMEOUT;300.1209831;300.0;9.373371145;2;6351;61515;500;;;;;;;similarity_reference;431
2;TOT-none-ss;instance_30_10_4_4;epsilon;epsilon-constraint;similarity-budget;0.025;431;421;;;;totalizer;none;slot-service;TIMEOUT;300.1263834;300.0;8.366791476;2;6351;61515;500;;;;;;;similarity_reference;431
2;TOT-none-ss;instance_30_10_4_4;epsilon;epsilon-constraint;similarity-budget;0.05;431;410;;;;totalizer;none;slot-service;TIMEOUT;300.1247525;300.0;6.445183503;2;6351;61515;500;;;;;;;similarity_reference;431
2;TOT-none-ss;instance_30_10_4_4;epsilon;epsilon-constraint;similarity-budget;0.10;431;388;;;;totalizer;none;slot-service;TIMEOUT;300.1306512;300.0;7.392109401;2;6351;61515;500;;;;;;;similarity_reference;431
3;TOT-both-none;instance_30_10_4_4;epsilon;epsilon-constraint;similarity-budget;0;431;431;;;;totalizer;both;none;TIMEOUT;300.1254568;300.0;7.588937352;2;9388;76372;500;;;;;;;similarity_reference;431
3;TOT-both-none;instance_30_10_4_4;epsilon;epsilon-constraint;similarity-budget;0.01;431;427;;;;totalizer;both;none;TIMEOUT;300.121159;300.0;7.623810998;2;9388;76372;500;;;;;;;similarity_reference;431
3;TOT-both-none;instance_30_10_4_4;epsilon;epsilon-constraint;similarity-budget;0.025;431;421;;;;totalizer;both;none;TIMEOUT;300.1324825;300.0;7.634961345;2;9388;76372;500;;;;;;;similarity_reference;431
3;TOT-both-none;instance_30_10_4_4;epsilon;epsilon-constraint;similarity-budget;0.05;431;410;;;;totalizer;both;none;TIMEOUT;300.1281184;300.0;7.633922762;2;9388;76372;500;;;;;;;similarity_reference;431
3;TOT-both-none;instance_30_10_4_4;epsilon;epsilon-constraint;similarity-budget;0.10;431;388;;;;totalizer;both;none;TIMEOUT;300.1292224;300.0;7.583947337;2;9388;76372;500;;;;;;;similarity_reference;431
4;TOT-both-ss;instance_30_10_4_4;epsilon;epsilon-constraint;similarity-budget;0;431;431;;;;totalizer;both;slot-service;TIMEOUT;300.1223323;300.0;7.549714533;2;9408;76460;500;;;;;;;similarity_reference;431
4;TOT-both-ss;instance_30_10_4_4;epsilon;epsilon-constraint;similarity-budget;0.01;431;427;;;;totalizer;both;slot-service;TIMEOUT;300.1297253;300.0;7.570133481;2;9408;76460;500;;;;;;;similarity_reference;431
4;TOT-both-ss;instance_30_10_4_4;epsilon;epsilon-constraint;similarity-budget;0.025;431;421;;;;totalizer;both;slot-service;TIMEOUT;300.1289958;300.0;7.564515289;2;9408;76460;500;;;;;;;similarity_reference;431
4;TOT-both-ss;instance_30_10_4_4;epsilon;epsilon-constraint;similarity-budget;0.05;431;410;;;;totalizer;both;slot-service;TIMEOUT;300.1240818;300.0;7.731912311;2;9408;76460;500;;;;;;;similarity_reference;431
4;TOT-both-ss;instance_30_10_4_4;epsilon;epsilon-constraint;similarity-budget;0.10;431;388;;;;totalizer;both;slot-service;TIMEOUT;300.123703;300.0;6.607841429;2;9408;76460;500;;;;;;;similarity_reference;431
5;ORIGINAL;instance_30_10_4_4;epsilon;epsilon-constraint;similarity-budget;0;431;431;;;;sorting-network;none;none;TIMEOUT;300.1240456;300.0;10.99148865;2;14595;56747;500;;;;;;;similarity_reference;431
5;ORIGINAL;instance_30_10_4_4;epsilon;epsilon-constraint;similarity-budget;0.01;431;427;;;;sorting-network;none;none;TIMEOUT;300.1254562;300.0;11.13548724;2;14595;56747;500;;;;;;;similarity_reference;431
5;ORIGINAL;instance_30_10_4_4;epsilon;epsilon-constraint;similarity-budget;0.025;431;421;;;;sorting-network;none;none;TIMEOUT;300.1266735;300.0;9.979866406;2;14595;56747;500;;;;;;;similarity_reference;431
5;ORIGINAL;instance_30_10_4_4;epsilon;epsilon-constraint;similarity-budget;0.05;431;410;;;;sorting-network;none;none;TIMEOUT;300.1190524;300.0;11.01481134;2;14595;56747;500;;;;;;;similarity_reference;431
5;ORIGINAL;instance_30_10_4_4;epsilon;epsilon-constraint;similarity-budget;0.10;431;388;;;;sorting-network;none;none;TIMEOUT;300.1188675;300.0;10.11442985;2;14595;56747;500;;;;;;;similarity_reference;431
6;SN-none-ss;instance_30_10_4_4;epsilon;epsilon-constraint;similarity-budget;0;431;431;;;;sorting-network;none;slot-service;TIMEOUT;300.1247911;300.0;9.934692125;2;15032;58711;500;;;;;;;similarity_reference;431
6;SN-none-ss;instance_30_10_4_4;epsilon;epsilon-constraint;similarity-budget;0.01;431;427;;;;sorting-network;none;slot-service;TIMEOUT;300.1258345;300.0;11.08389866;2;15032;58711;500;;;;;;;similarity_reference;431
6;SN-none-ss;instance_30_10_4_4;epsilon;epsilon-constraint;similarity-budget;0.025;431;421;;;;sorting-network;none;slot-service;TIMEOUT;300.119214;300.0;11.02292255;2;15032;58711;500;;;;;;;similarity_reference;431
6;SN-none-ss;instance_30_10_4_4;epsilon;epsilon-constraint;similarity-budget;0.05;431;410;;;;sorting-network;none;slot-service;TIMEOUT;300.1235975;300.0;10.22452614;2;15032;58711;500;;;;;;;similarity_reference;431
6;SN-none-ss;instance_30_10_4_4;epsilon;epsilon-constraint;similarity-budget;0.10;431;388;;;;sorting-network;none;slot-service;TIMEOUT;300.1208272;300.0;11.07665148;2;15032;58711;500;;;;;;;similarity_reference;431
7;SN-both-none;instance_30_10_4_4;epsilon;epsilon-constraint;similarity-budget;0;431;431;;;;sorting-network;both;none;TIMEOUT;300.1304648;300.0;7.330193689;2;21770;78668;500;;;;;;;similarity_reference;431
7;SN-both-none;instance_30_10_4_4;epsilon;epsilon-constraint;similarity-budget;0.01;431;427;;;;sorting-network;both;none;TIMEOUT;300.1249706;300.0;8.458695031;2;21770;78668;500;;;;;;;similarity_reference;431
7;SN-both-none;instance_30_10_4_4;epsilon;epsilon-constraint;similarity-budget;0.025;431;421;;;;sorting-network;both;none;TIMEOUT;300.1280673;300.0;10.35197254;2;21770;78668;500;;;;;;;similarity_reference;431
7;SN-both-none;instance_30_10_4_4;epsilon;epsilon-constraint;similarity-budget;0.05;431;410;;;;sorting-network;both;none;TIMEOUT;300.1290571;300.0;9.148139669;2;21770;78668;500;;;;;;;similarity_reference;431
7;SN-both-none;instance_30_10_4_4;epsilon;epsilon-constraint;similarity-budget;0.10;431;388;;;;sorting-network;both;none;TIMEOUT;300.1275559;300.0;9.230510442;2;21770;78668;500;;;;;;;similarity_reference;431
8;SN-both-ss;instance_30_10_4_4;epsilon;epsilon-constraint;similarity-budget;0;431;431;;;;sorting-network;both;slot-service;TIMEOUT;300.124189;300.0;8.366477121;2;21790;78756;500;;;;;;;similarity_reference;431
8;SN-both-ss;instance_30_10_4_4;epsilon;epsilon-constraint;similarity-budget;0.01;431;427;;;;sorting-network;both;slot-service;TIMEOUT;300.1204585;300.0;8.338032516;2;21790;78756;500;;;;;;;similarity_reference;431
8;SN-both-ss;instance_30_10_4_4;epsilon;epsilon-constraint;similarity-budget;0.025;431;421;;;;sorting-network;both;slot-service;TIMEOUT;300.1272972;300.0;8.340897061;2;21790;78756;500;;;;;;;similarity_reference;431
8;SN-both-ss;instance_30_10_4_4;epsilon;epsilon-constraint;similarity-budget;0.05;431;410;;;;sorting-network;both;slot-service;TIMEOUT;300.1209732;300.0;7.289709427;2;21790;78756;500;;;;;;;similarity_reference;431
8;SN-both-ss;instance_30_10_4_4;epsilon;epsilon-constraint;similarity-budget;0.10;431;388;;;;sorting-network;both;slot-service;TIMEOUT;300.1254606;300.0;8.205905638;2;21790;78756;500;;;;;;;similarity_reference;431
1;TOT-none-none;instance_30_10_4_40;epsilon;epsilon-constraint;similarity-budget;0;;;;;;totalizer;none;none;UNSATISFIABLE;0.036392152;300.0;0;1;0;0;0;;;;;;;;
1;TOT-none-none;instance_30_10_4_40;epsilon;epsilon-constraint;similarity-budget;0.01;;;;;;totalizer;none;none;UNSATISFIABLE;0.037356975;300.0;0;1;0;0;0;;;;;;;;
1;TOT-none-none;instance_30_10_4_40;epsilon;epsilon-constraint;similarity-budget;0.025;;;;;;totalizer;none;none;UNSATISFIABLE;0.037596888;300.0;0;1;0;0;0;;;;;;;;
1;TOT-none-none;instance_30_10_4_40;epsilon;epsilon-constraint;similarity-budget;0.05;;;;;;totalizer;none;none;UNSATISFIABLE;0.038420891;300.0;0;1;0;0;0;;;;;;;;
1;TOT-none-none;instance_30_10_4_40;epsilon;epsilon-constraint;similarity-budget;0.10;;;;;;totalizer;none;none;UNSATISFIABLE;0.038020472;300.0;0;1;0;0;0;;;;;;;;
2;TOT-none-ss;instance_30_10_4_40;epsilon;epsilon-constraint;similarity-budget;0;;;;;;totalizer;none;slot-service;UNSATISFIABLE;0.036971625;300.0;0;1;0;0;0;;;;;;;;
2;TOT-none-ss;instance_30_10_4_40;epsilon;epsilon-constraint;similarity-budget;0.01;;;;;;totalizer;none;slot-service;UNSATISFIABLE;0.039677351;300.0;0;1;0;0;0;;;;;;;;
2;TOT-none-ss;instance_30_10_4_40;epsilon;epsilon-constraint;similarity-budget;0.025;;;;;;totalizer;none;slot-service;UNSATISFIABLE;0.039156533;300.0;0;1;0;0;0;;;;;;;;
2;TOT-none-ss;instance_30_10_4_40;epsilon;epsilon-constraint;similarity-budget;0.05;;;;;;totalizer;none;slot-service;UNSATISFIABLE;0.039834627;300.0;0;1;0;0;0;;;;;;;;
2;TOT-none-ss;instance_30_10_4_40;epsilon;epsilon-constraint;similarity-budget;0.10;;;;;;totalizer;none;slot-service;UNSATISFIABLE;0.039254262;300.0;0;1;0;0;0;;;;;;;;
3;TOT-both-none;instance_30_10_4_40;epsilon;epsilon-constraint;similarity-budget;0;;;;;;totalizer;both;none;UNSATISFIABLE;0.055224998;300.0;0;1;0;0;0;;;;;;;;
3;TOT-both-none;instance_30_10_4_40;epsilon;epsilon-constraint;similarity-budget;0.01;;;;;;totalizer;both;none;UNSATISFIABLE;0.059032174;300.0;0;1;0;0;0;;;;;;;;
3;TOT-both-none;instance_30_10_4_40;epsilon;epsilon-constraint;similarity-budget;0.025;;;;;;totalizer;both;none;UNSATISFIABLE;0.058757965;300.0;0;1;0;0;0;;;;;;;;
3;TOT-both-none;instance_30_10_4_40;epsilon;epsilon-constraint;similarity-budget;0.05;;;;;;totalizer;both;none;UNSATISFIABLE;0.059647808;300.0;0;1;0;0;0;;;;;;;;
3;TOT-both-none;instance_30_10_4_40;epsilon;epsilon-constraint;similarity-budget;0.10;;;;;;totalizer;both;none;UNSATISFIABLE;0.059455981;300.0;0;1;0;0;0;;;;;;;;
4;TOT-both-ss;instance_30_10_4_40;epsilon;epsilon-constraint;similarity-budget;0;;;;;;totalizer;both;slot-service;UNSATISFIABLE;0.056375186;300.0;0;1;0;0;0;;;;;;;;
4;TOT-both-ss;instance_30_10_4_40;epsilon;epsilon-constraint;similarity-budget;0.01;;;;;;totalizer;both;slot-service;UNSATISFIABLE;0.060677782;300.0;0;1;0;0;0;;;;;;;;
4;TOT-both-ss;instance_30_10_4_40;epsilon;epsilon-constraint;similarity-budget;0.025;;;;;;totalizer;both;slot-service;UNSATISFIABLE;0.058241078;300.0;0;1;0;0;0;;;;;;;;
4;TOT-both-ss;instance_30_10_4_40;epsilon;epsilon-constraint;similarity-budget;0.05;;;;;;totalizer;both;slot-service;UNSATISFIABLE;0.060247295;300.0;0;1;0;0;0;;;;;;;;
4;TOT-both-ss;instance_30_10_4_40;epsilon;epsilon-constraint;similarity-budget;0.10;;;;;;totalizer;both;slot-service;UNSATISFIABLE;0.059419016;300.0;0;1;0;0;0;;;;;;;;
5;ORIGINAL;instance_30_10_4_40;epsilon;epsilon-constraint;similarity-budget;0;;;;;;sorting-network;none;none;UNSATISFIABLE;0.036160171;300.0;0;1;0;0;0;;;;;;;;
5;ORIGINAL;instance_30_10_4_40;epsilon;epsilon-constraint;similarity-budget;0.01;;;;;;sorting-network;none;none;UNSATISFIABLE;0.048290732;300.0;0;1;0;0;0;;;;;;;;
5;ORIGINAL;instance_30_10_4_40;epsilon;epsilon-constraint;similarity-budget;0.025;;;;;;sorting-network;none;none;UNSATISFIABLE;0.046551256;300.0;0;1;0;0;0;;;;;;;;
5;ORIGINAL;instance_30_10_4_40;epsilon;epsilon-constraint;similarity-budget;0.05;;;;;;sorting-network;none;none;UNSATISFIABLE;0.048780093;300.0;0;1;0;0;0;;;;;;;;
5;ORIGINAL;instance_30_10_4_40;epsilon;epsilon-constraint;similarity-budget;0.10;;;;;;sorting-network;none;none;UNSATISFIABLE;0.048147775;300.0;0;1;0;0;0;;;;;;;;
6;SN-none-ss;instance_30_10_4_40;epsilon;epsilon-constraint;similarity-budget;0;;;;;;sorting-network;none;slot-service;UNSATISFIABLE;0.03737892;300.0;0;1;0;0;0;;;;;;;;
6;SN-none-ss;instance_30_10_4_40;epsilon;epsilon-constraint;similarity-budget;0.01;;;;;;sorting-network;none;slot-service;UNSATISFIABLE;0.040329721;300.0;0;1;0;0;0;;;;;;;;
6;SN-none-ss;instance_30_10_4_40;epsilon;epsilon-constraint;similarity-budget;0.025;;;;;;sorting-network;none;slot-service;UNSATISFIABLE;0.040781233;300.0;0;1;0;0;0;;;;;;;;
6;SN-none-ss;instance_30_10_4_40;epsilon;epsilon-constraint;similarity-budget;0.05;;;;;;sorting-network;none;slot-service;UNSATISFIABLE;0.040302226;300.0;0;1;0;0;0;;;;;;;;
6;SN-none-ss;instance_30_10_4_40;epsilon;epsilon-constraint;similarity-budget;0.10;;;;;;sorting-network;none;slot-service;UNSATISFIABLE;0.04081595;300.0;0;1;0;0;0;;;;;;;;
7;SN-both-none;instance_30_10_4_40;epsilon;epsilon-constraint;similarity-budget;0;;;;;;sorting-network;both;none;UNSATISFIABLE;0.072382529;300.0;0;1;0;0;0;;;;;;;;
7;SN-both-none;instance_30_10_4_40;epsilon;epsilon-constraint;similarity-budget;0.01;;;;;;sorting-network;both;none;UNSATISFIABLE;0.073334641;300.0;0;1;0;0;0;;;;;;;;
7;SN-both-none;instance_30_10_4_40;epsilon;epsilon-constraint;similarity-budget;0.025;;;;;;sorting-network;both;none;UNSATISFIABLE;0.07209964;300.0;0;1;0;0;0;;;;;;;;
7;SN-both-none;instance_30_10_4_40;epsilon;epsilon-constraint;similarity-budget;0.05;;;;;;sorting-network;both;none;UNSATISFIABLE;0.071520724;300.0;0;1;0;0;0;;;;;;;;
7;SN-both-none;instance_30_10_4_40;epsilon;epsilon-constraint;similarity-budget;0.10;;;;;;sorting-network;both;none;UNSATISFIABLE;0.072080425;300.0;0;1;0;0;0;;;;;;;;
8;SN-both-ss;instance_30_10_4_40;epsilon;epsilon-constraint;similarity-budget;0;;;;;;sorting-network;both;slot-service;UNSATISFIABLE;0.073599713;300.0;0;1;0;0;0;;;;;;;;
8;SN-both-ss;instance_30_10_4_40;epsilon;epsilon-constraint;similarity-budget;0.01;;;;;;sorting-network;both;slot-service;UNSATISFIABLE;0.063186284;300.0;0;1;0;0;0;;;;;;;;
8;SN-both-ss;instance_30_10_4_40;epsilon;epsilon-constraint;similarity-budget;0.025;;;;;;sorting-network;both;slot-service;UNSATISFIABLE;0.073982509;300.0;0;1;0;0;0;;;;;;;;
8;SN-both-ss;instance_30_10_4_40;epsilon;epsilon-constraint;similarity-budget;0.05;;;;;;sorting-network;both;slot-service;UNSATISFIABLE;0.061713794;300.0;0;1;0;0;0;;;;;;;;
8;SN-both-ss;instance_30_10_4_40;epsilon;epsilon-constraint;similarity-budget;0.10;;;;;;sorting-network;both;slot-service;UNSATISFIABLE;0.072781248;300.0;0;1;0;0;0;;;;;;;;
1;TOT-none-none;instance_30_10_4_41;epsilon;epsilon-constraint;similarity-budget;0;358;358;;;;totalizer;none;none;TIMEOUT;300.1183075;300.0;1.298756366;2;4270;31226;384;;;;;;;similarity_reference;358
1;TOT-none-none;instance_30_10_4_41;epsilon;epsilon-constraint;similarity-budget;0.01;358;355;;;;totalizer;none;none;TIMEOUT;300.1138692;300.0;1.380013841;2;4270;31226;384;;;;;;;similarity_reference;358
1;TOT-none-none;instance_30_10_4_41;epsilon;epsilon-constraint;similarity-budget;0.025;358;350;;;;totalizer;none;none;TIMEOUT;300.1198562;300.0;1.409975356;2;4270;31226;384;;;;;;;similarity_reference;358
1;TOT-none-none;instance_30_10_4_41;epsilon;epsilon-constraint;similarity-budget;0.05;358;341;;;;totalizer;none;none;TIMEOUT;300.1271974;300.0;291.20206057900003;3;63687;150060;836;;;;;;;similarity_reference | continuity;358 | 2
1;TOT-none-none;instance_30_10_4_41;epsilon;epsilon-constraint;similarity-budget;0.10;358;323;18;9/179;0.05027932960893855;totalizer;none;none;OPTIMUM;186.875659;300.0;186.347749865;4;122023;266749;836;338.0;338.0;340.0;2.0;0.0;120.0;similarity_reference | continuity | overtime | similarity_tiebreak;358 | 2 | 0 | 340
2;TOT-none-ss;instance_30_10_4_41;epsilon;epsilon-constraint;similarity-budget;0;358;358;;;;totalizer;none;slot-service;TIMEOUT;300.1210698;300.0;4.458990478;2;4696;32554;384;;;;;;;similarity_reference;358
2;TOT-none-ss;instance_30_10_4_41;epsilon;epsilon-constraint;similarity-budget;0.01;358;355;;;;totalizer;none;slot-service;TIMEOUT;300.1167166;300.0;4.782590381;2;4696;32554;384;;;;;;;similarity_reference;358
2;TOT-none-ss;instance_30_10_4_41;epsilon;epsilon-constraint;similarity-budget;0.025;358;350;;;;totalizer;none;slot-service;TIMEOUT;300.1235878;300.0;4.821440508;2;4696;32554;384;;;;;;;similarity_reference;358
2;TOT-none-ss;instance_30_10_4_41;epsilon;epsilon-constraint;similarity-budget;0.05;358;341;;;;totalizer;none;slot-service;TIMEOUT;300.1215582;300.0;5.336019591;2;4696;32554;384;;;;;;;similarity_reference;358
2;TOT-none-ss;instance_30_10_4_41;epsilon;epsilon-constraint;similarity-budget;0.10;358;323;18;9/179;0.05027932960893855;totalizer;none;slot-service;OPTIMUM;197.1413204;300.0;196.599228391;4;122449;268077;836;338.0;338.0;340.0;2.0;0.0;120.0;similarity_reference | continuity | overtime | similarity_tiebreak;358 | 2 | 0 | 340
3;TOT-both-none;instance_30_10_4_41;epsilon;epsilon-constraint;similarity-budget;0;358;358;;;;totalizer;both;none;TIMEOUT;300.1149258;300.0;2.184284769;2;7617;46554;384;;;;;;;similarity_reference;358
3;TOT-both-none;instance_30_10_4_41;epsilon;epsilon-constraint;similarity-budget;0.01;358;355;;;;totalizer;both;none;TIMEOUT;300.1197893;300.0;3.172102871;2;7617;46554;384;;;;;;;similarity_reference;358
3;TOT-both-none;instance_30_10_4_41;epsilon;epsilon-constraint;similarity-budget;0.025;358;350;;;;totalizer;both;none;TIMEOUT;300.1227483;300.0;3.183305962;2;7617;46554;384;;;;;;;similarity_reference;358
3;TOT-both-none;instance_30_10_4_41;epsilon;epsilon-constraint;similarity-budget;0.05;358;341;;;;totalizer;both;none;TIMEOUT;300.1195169;300.0;2.206367491;2;7617;46554;384;;;;;;;similarity_reference;358
3;TOT-both-none;instance_30_10_4_41;epsilon;epsilon-constraint;similarity-budget;0.10;358;323;18;9/179;0.05027932960893855;totalizer;both;none;OPTIMUM;157.1475377;300.0;156.566575806;4;125370;282077;836;338.0;338.0;340.0;2.0;0.0;120.0;similarity_reference | continuity | overtime | similarity_tiebreak;358 | 2 | 0 | 340
4;TOT-both-ss;instance_30_10_4_41;epsilon;epsilon-constraint;similarity-budget;0;358;358;;;;totalizer;both;slot-service;TIMEOUT;300.1207823;300.0;2.153607489;2;7641;46661;384;;;;;;;similarity_reference;358
4;TOT-both-ss;instance_30_10_4_41;epsilon;epsilon-constraint;similarity-budget;0.01;358;355;;;;totalizer;both;slot-service;TIMEOUT;300.1224063;300.0;2.17384078;2;7641;46661;384;;;;;;;similarity_reference;358
4;TOT-both-ss;instance_30_10_4_41;epsilon;epsilon-constraint;similarity-budget;0.025;358;350;;;;totalizer;both;slot-service;TIMEOUT;300.115905;300.0;2.165934796;2;7641;46661;384;;;;;;;similarity_reference;358
4;TOT-both-ss;instance_30_10_4_41;epsilon;epsilon-constraint;similarity-budget;0.05;358;341;;;;totalizer;both;slot-service;TIMEOUT;300.1147464;300.0;2.175079588;2;7641;46661;384;;;;;;;similarity_reference;358
4;TOT-both-ss;instance_30_10_4_41;epsilon;epsilon-constraint;similarity-budget;0.10;358;323;18;9/179;0.05027932960893855;totalizer;both;slot-service;OPTIMUM;227.6111683;300.0;227.0325006;4;125394;282184;836;338.0;338.0;340.0;2.0;0.0;120.0;similarity_reference | continuity | overtime | similarity_tiebreak;358 | 2 | 0 | 340
5;ORIGINAL;instance_30_10_4_41;epsilon;epsilon-constraint;similarity-budget;0;358;358;;;;sorting-network;none;none;TIMEOUT;300.11804;300.0;2.143739956;2;8502;27704;384;;;;;;;similarity_reference;358
5;ORIGINAL;instance_30_10_4_41;epsilon;epsilon-constraint;similarity-budget;0.01;358;355;;;;sorting-network;none;none;TIMEOUT;300.1222787;300.0;2.164898022;2;8502;27704;384;;;;;;;similarity_reference;358
5;ORIGINAL;instance_30_10_4_41;epsilon;epsilon-constraint;similarity-budget;0.025;358;350;;;;sorting-network;none;none;TIMEOUT;300.121421;300.0;2.155126099;2;8502;27704;384;;;;;;;similarity_reference;358
5;ORIGINAL;instance_30_10_4_41;epsilon;epsilon-constraint;similarity-budget;0.05;358;341;;;;sorting-network;none;none;TIMEOUT;300.1151252;300.0;2.175617624;2;8502;27704;384;;;;;;;similarity_reference;358
5;ORIGINAL;instance_30_10_4_41;epsilon;epsilon-constraint;similarity-budget;0.10;358;323;18;9/179;0.05027932960893855;sorting-network;none;none;OPTIMUM;166.8954144;300.0;166.340569635;4;126255;263227;836;338.0;338.0;340.0;2.0;0.0;120.0;similarity_reference | continuity | overtime | similarity_tiebreak;358 | 2 | 0 | 340
6;SN-none-ss;instance_30_10_4_41;epsilon;epsilon-constraint;similarity-budget;0;358;358;;;;sorting-network;none;slot-service;TIMEOUT;300.1131006;300.0;2.134066776;2;8928;29032;384;;;;;;;similarity_reference;358
6;SN-none-ss;instance_30_10_4_41;epsilon;epsilon-constraint;similarity-budget;0.01;358;355;;;;sorting-network;none;slot-service;TIMEOUT;300.1176855;300.0;2.17549777;2;8928;29032;384;;;;;;;similarity_reference;358
6;SN-none-ss;instance_30_10_4_41;epsilon;epsilon-constraint;similarity-budget;0.025;358;350;;;;sorting-network;none;slot-service;TIMEOUT;300.1113217;300.0;2.156035601;2;8928;29032;384;;;;;;;similarity_reference;358
6;SN-none-ss;instance_30_10_4_41;epsilon;epsilon-constraint;similarity-budget;0.05;358;341;;;;sorting-network;none;slot-service;TIMEOUT;300.1184847;300.0;2.15477514;2;8928;29032;384;;;;;;;similarity_reference;358
6;SN-none-ss;instance_30_10_4_41;epsilon;epsilon-constraint;similarity-budget;0.10;358;323;18;9/179;0.05027932960893855;sorting-network;none;slot-service;OPTIMUM;153.1655691;300.0;152.645872177;4;126681;264555;836;338.0;338.0;340.0;2.0;0.0;120.0;similarity_reference | continuity | overtime | similarity_tiebreak;358 | 2 | 0 | 340
7;SN-both-none;instance_30_10_4_41;epsilon;epsilon-constraint;similarity-budget;0;358;358;;;;sorting-network;both;none;TIMEOUT;300.1182157;300.0;2.308364284;2;15610;48836;384;;;;;;;similarity_reference;358
7;SN-both-none;instance_30_10_4_41;epsilon;epsilon-constraint;similarity-budget;0.01;358;355;;;;sorting-network;both;none;TIMEOUT;300.1180693;300.0;2.316645573;2;15610;48836;384;;;;;;;similarity_reference;358
7;SN-both-none;instance_30_10_4_41;epsilon;epsilon-constraint;similarity-budget;0.025;358;350;;;;sorting-network;both;none;TIMEOUT;300.1199704;300.0;2.376709041;2;15610;48836;384;;;;;;;similarity_reference;358
7;SN-both-none;instance_30_10_4_41;epsilon;epsilon-constraint;similarity-budget;0.05;358;341;;;;sorting-network;both;none;TIMEOUT;300.1264629;300.0;182.476215677;3;75027;167670;836;;;;;;;similarity_reference | continuity;358 | 2
7;SN-both-none;instance_30_10_4_41;epsilon;epsilon-constraint;similarity-budget;0.10;358;323;18;9/179;0.05027932960893855;sorting-network;both;none;OPTIMUM;222.0001764;300.0;221.45021540599998;4;133363;284359;836;338.0;338.0;340.0;2.0;0.0;120.0;similarity_reference | continuity | overtime | similarity_tiebreak;358 | 2 | 0 | 340
8;SN-both-ss;instance_30_10_4_41;epsilon;epsilon-constraint;similarity-budget;0;358;358;;;;sorting-network;both;slot-service;TIMEOUT;300.1182298;300.0;2.267088358;2;15634;48943;384;;;;;;;similarity_reference;358
8;SN-both-ss;instance_30_10_4_41;epsilon;epsilon-constraint;similarity-budget;0.01;358;355;;;;sorting-network;both;slot-service;TIMEOUT;300.1181012;300.0;2.26452792;2;15634;48943;384;;;;;;;similarity_reference;358
8;SN-both-ss;instance_30_10_4_41;epsilon;epsilon-constraint;similarity-budget;0.025;358;350;;;;sorting-network;both;slot-service;TIMEOUT;300.1151968;300.0;2.286065255;2;15634;48943;384;;;;;;;similarity_reference;358
8;SN-both-ss;instance_30_10_4_41;epsilon;epsilon-constraint;similarity-budget;0.05;358;341;;;;sorting-network;both;slot-service;TIMEOUT;300.1270128;300.0;162.665353317;3;75051;167777;836;;;;;;;similarity_reference | continuity;358 | 2
8;SN-both-ss;instance_30_10_4_41;epsilon;epsilon-constraint;similarity-budget;0.10;358;323;18;9/179;0.05027932960893855;sorting-network;both;slot-service;OPTIMUM;184.0829948;300.0;183.52447416799998;4;133387;284466;836;338.0;338.0;340.0;2.0;0.0;120.0;similarity_reference | continuity | overtime | similarity_tiebreak;358 | 2 | 0 | 340
1;TOT-none-none;instance_30_10_4_42;epsilon;epsilon-constraint;similarity-budget;0;;;;;;totalizer;none;none;UNSATISFIABLE;0.036674732;300.0;0;1;0;0;0;;;;;;;;
1;TOT-none-none;instance_30_10_4_42;epsilon;epsilon-constraint;similarity-budget;0.01;;;;;;totalizer;none;none;UNSATISFIABLE;0.039959293;300.0;0;1;0;0;0;;;;;;;;
1;TOT-none-none;instance_30_10_4_42;epsilon;epsilon-constraint;similarity-budget;0.025;;;;;;totalizer;none;none;UNSATISFIABLE;0.040675591;300.0;0;1;0;0;0;;;;;;;;
1;TOT-none-none;instance_30_10_4_42;epsilon;epsilon-constraint;similarity-budget;0.05;;;;;;totalizer;none;none;UNSATISFIABLE;0.051219853;300.0;0;1;0;0;0;;;;;;;;
1;TOT-none-none;instance_30_10_4_42;epsilon;epsilon-constraint;similarity-budget;0.10;;;;;;totalizer;none;none;UNSATISFIABLE;0.049432962;300.0;0;1;0;0;0;;;;;;;;
2;TOT-none-ss;instance_30_10_4_42;epsilon;epsilon-constraint;similarity-budget;0;;;;;;totalizer;none;slot-service;UNSATISFIABLE;0.038064844;300.0;0;1;0;0;0;;;;;;;;
2;TOT-none-ss;instance_30_10_4_42;epsilon;epsilon-constraint;similarity-budget;0.01;;;;;;totalizer;none;slot-service;UNSATISFIABLE;0.054301882;300.0;0;1;0;0;0;;;;;;;;
2;TOT-none-ss;instance_30_10_4_42;epsilon;epsilon-constraint;similarity-budget;0.025;;;;;;totalizer;none;slot-service;UNSATISFIABLE;0.052913946;300.0;0;1;0;0;0;;;;;;;;
2;TOT-none-ss;instance_30_10_4_42;epsilon;epsilon-constraint;similarity-budget;0.05;;;;;;totalizer;none;slot-service;UNSATISFIABLE;0.053970233;300.0;0;1;0;0;0;;;;;;;;
2;TOT-none-ss;instance_30_10_4_42;epsilon;epsilon-constraint;similarity-budget;0.10;;;;;;totalizer;none;slot-service;UNSATISFIABLE;0.041522369;300.0;0;1;0;0;0;;;;;;;;
3;TOT-both-none;instance_30_10_4_42;epsilon;epsilon-constraint;similarity-budget;0;;;;;;totalizer;both;none;UNSATISFIABLE;0.057699434;300.0;0;1;0;0;0;;;;;;;;
3;TOT-both-none;instance_30_10_4_42;epsilon;epsilon-constraint;similarity-budget;0.01;;;;;;totalizer;both;none;UNSATISFIABLE;0.067243447;300.0;0;1;0;0;0;;;;;;;;
3;TOT-both-none;instance_30_10_4_42;epsilon;epsilon-constraint;similarity-budget;0.025;;;;;;totalizer;both;none;UNSATISFIABLE;0.063559341;300.0;0;1;0;0;0;;;;;;;;
3;TOT-both-none;instance_30_10_4_42;epsilon;epsilon-constraint;similarity-budget;0.05;;;;;;totalizer;both;none;UNSATISFIABLE;0.065334838;300.0;0;1;0;0;0;;;;;;;;
3;TOT-both-none;instance_30_10_4_42;epsilon;epsilon-constraint;similarity-budget;0.10;;;;;;totalizer;both;none;UNSATISFIABLE;0.064756414;300.0;0;1;0;0;0;;;;;;;;
4;TOT-both-ss;instance_30_10_4_42;epsilon;epsilon-constraint;similarity-budget;0;;;;;;totalizer;both;slot-service;UNSATISFIABLE;0.059708333;300.0;0;1;0;0;0;;;;;;;;
4;TOT-both-ss;instance_30_10_4_42;epsilon;epsilon-constraint;similarity-budget;0.01;;;;;;totalizer;both;slot-service;UNSATISFIABLE;0.065404952;300.0;0;1;0;0;0;;;;;;;;
4;TOT-both-ss;instance_30_10_4_42;epsilon;epsilon-constraint;similarity-budget;0.025;;;;;;totalizer;both;slot-service;UNSATISFIABLE;0.064274218;300.0;0;1;0;0;0;;;;;;;;
4;TOT-both-ss;instance_30_10_4_42;epsilon;epsilon-constraint;similarity-budget;0.05;;;;;;totalizer;both;slot-service;UNSATISFIABLE;0.066378194;300.0;0;1;0;0;0;;;;;;;;
4;TOT-both-ss;instance_30_10_4_42;epsilon;epsilon-constraint;similarity-budget;0.10;;;;;;totalizer;both;slot-service;UNSATISFIABLE;0.066562975;300.0;0;1;0;0;0;;;;;;;;
5;ORIGINAL;instance_30_10_4_42;epsilon;epsilon-constraint;similarity-budget;0;;;;;;sorting-network;none;none;UNSATISFIABLE;0.035376327;300.0;0;1;0;0;0;;;;;;;;
5;ORIGINAL;instance_30_10_4_42;epsilon;epsilon-constraint;similarity-budget;0.01;;;;;;sorting-network;none;none;UNSATISFIABLE;0.049646246;300.0;0;1;0;0;0;;;;;;;;
5;ORIGINAL;instance_30_10_4_42;epsilon;epsilon-constraint;similarity-budget;0.025;;;;;;sorting-network;none;none;UNSATISFIABLE;0.048563805;300.0;0;1;0;0;0;;;;;;;;
5;ORIGINAL;instance_30_10_4_42;epsilon;epsilon-constraint;similarity-budget;0.05;;;;;;sorting-network;none;none;UNSATISFIABLE;0.049672706;300.0;0;1;0;0;0;;;;;;;;
5;ORIGINAL;instance_30_10_4_42;epsilon;epsilon-constraint;similarity-budget;0.10;;;;;;sorting-network;none;none;UNSATISFIABLE;0.048435748;300.0;0;1;0;0;0;;;;;;;;
6;SN-none-ss;instance_30_10_4_42;epsilon;epsilon-constraint;similarity-budget;0;;;;;;sorting-network;none;slot-service;UNSATISFIABLE;0.037811892;300.0;0;1;0;0;0;;;;;;;;
6;SN-none-ss;instance_30_10_4_42;epsilon;epsilon-constraint;similarity-budget;0.01;;;;;;sorting-network;none;slot-service;UNSATISFIABLE;0.051534948;300.0;0;1;0;0;0;;;;;;;;
6;SN-none-ss;instance_30_10_4_42;epsilon;epsilon-constraint;similarity-budget;0.025;;;;;;sorting-network;none;slot-service;UNSATISFIABLE;0.049498285;300.0;0;1;0;0;0;;;;;;;;
6;SN-none-ss;instance_30_10_4_42;epsilon;epsilon-constraint;similarity-budget;0.05;;;;;;sorting-network;none;slot-service;UNSATISFIABLE;0.051694352;300.0;0;1;0;0;0;;;;;;;;
6;SN-none-ss;instance_30_10_4_42;epsilon;epsilon-constraint;similarity-budget;0.10;;;;;;sorting-network;none;slot-service;UNSATISFIABLE;0.051238811;300.0;0;1;0;0;0;;;;;;;;
7;SN-both-none;instance_30_10_4_42;epsilon;epsilon-constraint;similarity-budget;0;;;;;;sorting-network;both;none;UNSATISFIABLE;0.065338829;300.0;0;1;0;0;0;;;;;;;;
7;SN-both-none;instance_30_10_4_42;epsilon;epsilon-constraint;similarity-budget;0.01;;;;;;sorting-network;both;none;UNSATISFIABLE;0.066162866;300.0;0;1;0;0;0;;;;;;;;
7;SN-both-none;instance_30_10_4_42;epsilon;epsilon-constraint;similarity-budget;0.025;;;;;;sorting-network;both;none;UNSATISFIABLE;0.063930611;300.0;0;1;0;0;0;;;;;;;;
7;SN-both-none;instance_30_10_4_42;epsilon;epsilon-constraint;similarity-budget;0.05;;;;;;sorting-network;both;none;UNSATISFIABLE;0.064824651;300.0;0;1;0;0;0;;;;;;;;
7;SN-both-none;instance_30_10_4_42;epsilon;epsilon-constraint;similarity-budget;0.10;;;;;;sorting-network;both;none;UNSATISFIABLE;0.065596087;300.0;0;1;0;0;0;;;;;;;;
8;SN-both-ss;instance_30_10_4_42;epsilon;epsilon-constraint;similarity-budget;0;;;;;;sorting-network;both;slot-service;UNSATISFIABLE;0.067438903;300.0;0;1;0;0;0;;;;;;;;
8;SN-both-ss;instance_30_10_4_42;epsilon;epsilon-constraint;similarity-budget;0.01;;;;;;sorting-network;both;slot-service;UNSATISFIABLE;0.064447892;300.0;0;1;0;0;0;;;;;;;;
8;SN-both-ss;instance_30_10_4_42;epsilon;epsilon-constraint;similarity-budget;0.025;;;;;;sorting-network;both;slot-service;UNSATISFIABLE;0.068302372;300.0;0;1;0;0;0;;;;;;;;
8;SN-both-ss;instance_30_10_4_42;epsilon;epsilon-constraint;similarity-budget;0.05;;;;;;sorting-network;both;slot-service;UNSATISFIABLE;0.064860162;300.0;0;1;0;0;0;;;;;;;;
8;SN-both-ss;instance_30_10_4_42;epsilon;epsilon-constraint;similarity-budget;0.10;;;;;;sorting-network;both;slot-service;UNSATISFIABLE;0.065480368;300.0;0;1;0;0;0;;;;;;;;
1;TOT-none-none;instance_30_10_4_43;epsilon;epsilon-constraint;similarity-budget;0;419;419;;;;totalizer;none;none;TIMEOUT;300.127056;300.0;12.93484594;2;6319;65912;596;;;;;;;similarity_reference;419
1;TOT-none-none;instance_30_10_4_43;epsilon;epsilon-constraint;similarity-budget;0.01;419;415;;;;totalizer;none;none;TIMEOUT;300.1254284;300.0;13.37764955;2;6319;65912;596;;;;;;;similarity_reference;419
1;TOT-none-none;instance_30_10_4_43;epsilon;epsilon-constraint;similarity-budget;0.025;419;409;;;;totalizer;none;none;TIMEOUT;300.1289829;300.0;14.69029735;2;6319;65912;596;;;;;;;similarity_reference;419
1;TOT-none-none;instance_30_10_4_43;epsilon;epsilon-constraint;similarity-budget;0.05;419;399;;;;totalizer;none;none;TIMEOUT;300.1315672;300.0;13.98463563;2;6319;65912;596;;;;;;;similarity_reference;419
1;TOT-none-none;instance_30_10_4_43;epsilon;epsilon-constraint;similarity-budget;0.10;419;378;;;;totalizer;none;none;TIMEOUT;300.131967;300.0;12.61006668;2;6319;65912;596;;;;;;;similarity_reference;419
2;TOT-none-ss;instance_30_10_4_43;epsilon;epsilon-constraint;similarity-budget;0;419;419;;;;totalizer;none;slot-service;TIMEOUT;300.125655;300.0;11.06249987;2;6719;67467;596;;;;;;;similarity_reference;419
2;TOT-none-ss;instance_30_10_4_43;epsilon;epsilon-constraint;similarity-budget;0.01;419;415;;;;totalizer;none;slot-service;TIMEOUT;300.1311163;300.0;12.14591023;2;6719;67467;596;;;;;;;similarity_reference;419
2;TOT-none-ss;instance_30_10_4_43;epsilon;epsilon-constraint;similarity-budget;0.025;419;409;;;;totalizer;none;slot-service;TIMEOUT;300.1247491;300.0;12.23321489;2;6719;67467;596;;;;;;;similarity_reference;419
2;TOT-none-ss;instance_30_10_4_43;epsilon;epsilon-constraint;similarity-budget;0.05;419;399;;;;totalizer;none;slot-service;TIMEOUT;300.1301005;300.0;11.17508206;2;6719;67467;596;;;;;;;similarity_reference;419
2;TOT-none-ss;instance_30_10_4_43;epsilon;epsilon-constraint;similarity-budget;0.10;419;378;;;;totalizer;none;slot-service;TIMEOUT;300.1329774;300.0;13.26155793;2;6719;67467;596;;;;;;;similarity_reference;419
3;TOT-both-none;instance_30_10_4_43;epsilon;epsilon-constraint;similarity-budget;0;419;419;;;;totalizer;both;none;TIMEOUT;300.1268761;300.0;15.18347684;2;9509;80775;596;;;;;;;similarity_reference;419
3;TOT-both-none;instance_30_10_4_43;epsilon;epsilon-constraint;similarity-budget;0.01;419;415;;;;totalizer;both;none;TIMEOUT;300.1278293;300.0;14.22678931;2;9509;80775;596;;;;;;;similarity_reference;419
3;TOT-both-none;instance_30_10_4_43;epsilon;epsilon-constraint;similarity-budget;0.025;419;409;;;;totalizer;both;none;TIMEOUT;300.1355825;300.0;14.74569777;2;9509;80775;596;;;;;;;similarity_reference;419
3;TOT-both-none;instance_30_10_4_43;epsilon;epsilon-constraint;similarity-budget;0.05;419;399;;;;totalizer;both;none;TIMEOUT;300.1252873;300.0;16.41430496;2;9509;80775;596;;;;;;;similarity_reference;419
3;TOT-both-none;instance_30_10_4_43;epsilon;epsilon-constraint;similarity-budget;0.10;419;378;;;;totalizer;both;none;TIMEOUT;300.1298222;300.0;15.16752447;2;9509;80775;596;;;;;;;similarity_reference;419
4;TOT-both-ss;instance_30_10_4_43;epsilon;epsilon-constraint;similarity-budget;0;419;419;;;;totalizer;both;slot-service;TIMEOUT;300.1256735;300.0;16.15080726;2;9515;80803;596;;;;;;;similarity_reference;419
4;TOT-both-ss;instance_30_10_4_43;epsilon;epsilon-constraint;similarity-budget;0.01;419;415;;;;totalizer;both;slot-service;TIMEOUT;300.1275435;300.0;15.18103203;2;9515;80803;596;;;;;;;similarity_reference;419
4;TOT-both-ss;instance_30_10_4_43;epsilon;epsilon-constraint;similarity-budget;0.025;419;409;;;;totalizer;both;slot-service;TIMEOUT;300.1314254;300.0;15.15220825;2;9515;80803;596;;;;;;;similarity_reference;419
4;TOT-both-ss;instance_30_10_4_43;epsilon;epsilon-constraint;similarity-budget;0.05;419;399;;;;totalizer;both;slot-service;TIMEOUT;300.1333084;300.0;17.31032616;2;9515;80803;596;;;;;;;similarity_reference;419
4;TOT-both-ss;instance_30_10_4_43;epsilon;epsilon-constraint;similarity-budget;0.10;419;378;;;;totalizer;both;slot-service;TIMEOUT;300.1368576;300.0;17.16261552;2;9515;80803;596;;;;;;;similarity_reference;419
5;ORIGINAL;instance_30_10_4_43;epsilon;epsilon-constraint;similarity-budget;0;419;419;;;;sorting-network;none;none;TIMEOUT;300.1262177;300.0;14.532495;2;18422;61900;596;;;;;;;similarity_reference;419
5;ORIGINAL;instance_30_10_4_43;epsilon;epsilon-constraint;similarity-budget;0.01;419;415;;;;sorting-network;none;none;TIMEOUT;300.1291029;300.0;18.40016355;2;18422;61900;596;;;;;;;similarity_reference;419
5;ORIGINAL;instance_30_10_4_43;epsilon;epsilon-constraint;similarity-budget;0.025;419;409;;;;sorting-network;none;none;TIMEOUT;300.122795;300.0;14.63472216;2;18422;61900;596;;;;;;;similarity_reference;419
5;ORIGINAL;instance_30_10_4_43;epsilon;epsilon-constraint;similarity-budget;0.05;419;399;;;;sorting-network;none;none;TIMEOUT;300.1245206;300.0;17.77375203;2;18422;61900;596;;;;;;;similarity_reference;419
5;ORIGINAL;instance_30_10_4_43;epsilon;epsilon-constraint;similarity-budget;0.10;419;378;;;;sorting-network;none;none;TIMEOUT;300.122846;300.0;15.77236963;2;18422;61900;596;;;;;;;similarity_reference;419
6;SN-none-ss;instance_30_10_4_43;epsilon;epsilon-constraint;similarity-budget;0;419;419;;;;sorting-network;none;slot-service;TIMEOUT;300.1300469;300.0;21.33497093;2;18822;63455;596;;;;;;;similarity_reference;419
6;SN-none-ss;instance_30_10_4_43;epsilon;epsilon-constraint;similarity-budget;0.01;419;415;;;;sorting-network;none;slot-service;TIMEOUT;300.1261769;300.0;15.39262548;2;18822;63455;596;;;;;;;similarity_reference;419
6;SN-none-ss;instance_30_10_4_43;epsilon;epsilon-constraint;similarity-budget;0.025;419;409;;;;sorting-network;none;slot-service;TIMEOUT;300.1275756;300.0;19.33299594;2;18822;63455;596;;;;;;;similarity_reference;419
6;SN-none-ss;instance_30_10_4_43;epsilon;epsilon-constraint;similarity-budget;0.05;419;399;;;;sorting-network;none;slot-service;TIMEOUT;300.1285825;300.0;20.22284058;2;18822;63455;596;;;;;;;similarity_reference;419
6;SN-none-ss;instance_30_10_4_43;epsilon;epsilon-constraint;similarity-budget;0.10;419;378;;;;sorting-network;none;slot-service;TIMEOUT;300.129175;300.0;18.52193808;2;18822;63455;596;;;;;;;similarity_reference;419
7;SN-both-none;instance_30_10_4_43;epsilon;epsilon-constraint;similarity-budget;0;419;419;;;;sorting-network;both;none;TIMEOUT;300.1304839;300.0;13.67514676;2;24965;81653;596;;;;;;;similarity_reference;419
7;SN-both-none;instance_30_10_4_43;epsilon;epsilon-constraint;similarity-budget;0.01;419;415;;;;sorting-network;both;none;TIMEOUT;300.129516;300.0;14.61003213;2;24965;81653;596;;;;;;;similarity_reference;419
7;SN-both-none;instance_30_10_4_43;epsilon;epsilon-constraint;similarity-budget;0.025;419;409;;;;sorting-network;both;none;TIMEOUT;300.1250143;300.0;11.69871199;2;24965;81653;596;;;;;;;similarity_reference;419
7;SN-both-none;instance_30_10_4_43;epsilon;epsilon-constraint;similarity-budget;0.05;419;399;;;;sorting-network;both;none;TIMEOUT;300.1251145;300.0;10.83652898;2;24965;81653;596;;;;;;;similarity_reference;419
7;SN-both-none;instance_30_10_4_43;epsilon;epsilon-constraint;similarity-budget;0.10;419;378;;;;sorting-network;both;none;TIMEOUT;300.1308066;300.0;10.91500517;2;24965;81653;596;;;;;;;similarity_reference;419
8;SN-both-ss;instance_30_10_4_43;epsilon;epsilon-constraint;similarity-budget;0;419;419;;;;sorting-network;both;slot-service;TIMEOUT;300.1293955;300.0;14.71002865;2;24971;81681;596;;;;;;;similarity_reference;419
8;SN-both-ss;instance_30_10_4_43;epsilon;epsilon-constraint;similarity-budget;0.01;419;415;;;;sorting-network;both;slot-service;TIMEOUT;300.126143;300.0;16.47090458;2;24971;81681;596;;;;;;;similarity_reference;419
8;SN-both-ss;instance_30_10_4_43;epsilon;epsilon-constraint;similarity-budget;0.025;419;409;;;;sorting-network;both;slot-service;TIMEOUT;300.1282464;300.0;21.304632;2;24971;81681;596;;;;;;;similarity_reference;419
8;SN-both-ss;instance_30_10_4_43;epsilon;epsilon-constraint;similarity-budget;0.05;419;399;;;;sorting-network;both;slot-service;TIMEOUT;300.1269038;300.0;15.98295525;2;24971;81681;596;;;;;;;similarity_reference;419
8;SN-both-ss;instance_30_10_4_43;epsilon;epsilon-constraint;similarity-budget;0.10;419;378;;;;sorting-network;both;slot-service;TIMEOUT;300.1265062;300.0;15.97224636;2;24971;81681;596;;;;;;;similarity_reference;419
1;TOT-none-none;instance_30_10_4_44;epsilon;epsilon-constraint;similarity-budget;0;;;;;;totalizer;none;none;UNSATISFIABLE;0.044529971;300.0;0;1;0;0;0;;;;;;;;
1;TOT-none-none;instance_30_10_4_44;epsilon;epsilon-constraint;similarity-budget;0.01;;;;;;totalizer;none;none;UNSATISFIABLE;0.046463948;300.0;0;1;0;0;0;;;;;;;;
1;TOT-none-none;instance_30_10_4_44;epsilon;epsilon-constraint;similarity-budget;0.025;;;;;;totalizer;none;none;UNSATISFIABLE;0.045386449;300.0;0;1;0;0;0;;;;;;;;
1;TOT-none-none;instance_30_10_4_44;epsilon;epsilon-constraint;similarity-budget;0.05;;;;;;totalizer;none;none;UNSATISFIABLE;0.048896;300.0;0;1;0;0;0;;;;;;;;
1;TOT-none-none;instance_30_10_4_44;epsilon;epsilon-constraint;similarity-budget;0.10;;;;;;totalizer;none;none;UNSATISFIABLE;0.046566548;300.0;0;1;0;0;0;;;;;;;;
2;TOT-none-ss;instance_30_10_4_44;epsilon;epsilon-constraint;similarity-budget;0;;;;;;totalizer;none;slot-service;UNSATISFIABLE;0.046249787;300.0;0;1;0;0;0;;;;;;;;
2;TOT-none-ss;instance_30_10_4_44;epsilon;epsilon-constraint;similarity-budget;0.01;;;;;;totalizer;none;slot-service;UNSATISFIABLE;0.06007637;300.0;0;1;0;0;0;;;;;;;;
2;TOT-none-ss;instance_30_10_4_44;epsilon;epsilon-constraint;similarity-budget;0.025;;;;;;totalizer;none;slot-service;UNSATISFIABLE;0.04699845;300.0;0;1;0;0;0;;;;;;;;
2;TOT-none-ss;instance_30_10_4_44;epsilon;epsilon-constraint;similarity-budget;0.05;;;;;;totalizer;none;slot-service;UNSATISFIABLE;0.059742088;300.0;0;1;0;0;0;;;;;;;;
2;TOT-none-ss;instance_30_10_4_44;epsilon;epsilon-constraint;similarity-budget;0.10;;;;;;totalizer;none;slot-service;UNSATISFIABLE;0.046735057;300.0;0;1;0;0;0;;;;;;;;
3;TOT-both-none;instance_30_10_4_44;epsilon;epsilon-constraint;similarity-budget;0;;;;;;totalizer;both;none;UNSATISFIABLE;0.061320147;300.0;0;1;0;0;0;;;;;;;;
3;TOT-both-none;instance_30_10_4_44;epsilon;epsilon-constraint;similarity-budget;0.01;;;;;;totalizer;both;none;UNSATISFIABLE;0.065270411;300.0;0;1;0;0;0;;;;;;;;
3;TOT-both-none;instance_30_10_4_44;epsilon;epsilon-constraint;similarity-budget;0.025;;;;;;totalizer;both;none;UNSATISFIABLE;0.06393567;300.0;0;1;0;0;0;;;;;;;;
3;TOT-both-none;instance_30_10_4_44;epsilon;epsilon-constraint;similarity-budget;0.05;;;;;;totalizer;both;none;UNSATISFIABLE;0.066392362;300.0;0;1;0;0;0;;;;;;;;
3;TOT-both-none;instance_30_10_4_44;epsilon;epsilon-constraint;similarity-budget;0.10;;;;;;totalizer;both;none;UNSATISFIABLE;0.066496856;300.0;0;1;0;0;0;;;;;;;;
4;TOT-both-ss;instance_30_10_4_44;epsilon;epsilon-constraint;similarity-budget;0;;;;;;totalizer;both;slot-service;UNSATISFIABLE;0.061948026;300.0;0;1;0;0;0;;;;;;;;
4;TOT-both-ss;instance_30_10_4_44;epsilon;epsilon-constraint;similarity-budget;0.01;;;;;;totalizer;both;slot-service;UNSATISFIABLE;0.066876483;300.0;0;1;0;0;0;;;;;;;;
4;TOT-both-ss;instance_30_10_4_44;epsilon;epsilon-constraint;similarity-budget;0.025;;;;;;totalizer;both;slot-service;UNSATISFIABLE;0.066445229;300.0;0;1;0;0;0;;;;;;;;
4;TOT-both-ss;instance_30_10_4_44;epsilon;epsilon-constraint;similarity-budget;0.05;;;;;;totalizer;both;slot-service;UNSATISFIABLE;0.067615934;300.0;0;1;0;0;0;;;;;;;;
4;TOT-both-ss;instance_30_10_4_44;epsilon;epsilon-constraint;similarity-budget;0.10;;;;;;totalizer;both;slot-service;UNSATISFIABLE;0.06750584;300.0;0;1;0;0;0;;;;;;;;
5;ORIGINAL;instance_30_10_4_44;epsilon;epsilon-constraint;similarity-budget;0;;;;;;sorting-network;none;none;UNSATISFIABLE;0.064251899;300.0;0;1;0;0;0;;;;;;;;
5;ORIGINAL;instance_30_10_4_44;epsilon;epsilon-constraint;similarity-budget;0.01;;;;;;sorting-network;none;none;UNSATISFIABLE;0.068094201;300.0;0;1;0;0;0;;;;;;;;
5;ORIGINAL;instance_30_10_4_44;epsilon;epsilon-constraint;similarity-budget;0.025;;;;;;sorting-network;none;none;UNSATISFIABLE;0.067886343;300.0;0;1;0;0;0;;;;;;;;
5;ORIGINAL;instance_30_10_4_44;epsilon;epsilon-constraint;similarity-budget;0.05;;;;;;sorting-network;none;none;UNSATISFIABLE;0.068444597;300.0;0;1;0;0;0;;;;;;;;
5;ORIGINAL;instance_30_10_4_44;epsilon;epsilon-constraint;similarity-budget;0.10;;;;;;sorting-network;none;none;UNSATISFIABLE;0.06858484;300.0;0;1;0;0;0;;;;;;;;
6;SN-none-ss;instance_30_10_4_44;epsilon;epsilon-constraint;similarity-budget;0;;;;;;sorting-network;none;slot-service;UNSATISFIABLE;0.056052573;300.0;0;1;0;0;0;;;;;;;;
6;SN-none-ss;instance_30_10_4_44;epsilon;epsilon-constraint;similarity-budget;0.01;;;;;;sorting-network;none;slot-service;UNSATISFIABLE;0.070751459;300.0;0;1;0;0;0;;;;;;;;
6;SN-none-ss;instance_30_10_4_44;epsilon;epsilon-constraint;similarity-budget;0.025;;;;;;sorting-network;none;slot-service;UNSATISFIABLE;0.070342147;300.0;0;1;0;0;0;;;;;;;;
6;SN-none-ss;instance_30_10_4_44;epsilon;epsilon-constraint;similarity-budget;0.05;;;;;;sorting-network;none;slot-service;UNSATISFIABLE;0.070455118;300.0;0;1;0;0;0;;;;;;;;
6;SN-none-ss;instance_30_10_4_44;epsilon;epsilon-constraint;similarity-budget;0.10;;;;;;sorting-network;none;slot-service;UNSATISFIABLE;0.060907964;300.0;0;1;0;0;0;;;;;;;;
7;SN-both-none;instance_30_10_4_44;epsilon;epsilon-constraint;similarity-budget;0;;;;;;sorting-network;both;none;UNSATISFIABLE;0.095911955;300.0;0;1;0;0;0;;;;;;;;
7;SN-both-none;instance_30_10_4_44;epsilon;epsilon-constraint;similarity-budget;0.01;;;;;;sorting-network;both;none;UNSATISFIABLE;0.09638383;300.0;0;1;0;0;0;;;;;;;;
7;SN-both-none;instance_30_10_4_44;epsilon;epsilon-constraint;similarity-budget;0.025;;;;;;sorting-network;both;none;UNSATISFIABLE;0.09435858;300.0;0;1;0;0;0;;;;;;;;
7;SN-both-none;instance_30_10_4_44;epsilon;epsilon-constraint;similarity-budget;0.05;;;;;;sorting-network;both;none;UNSATISFIABLE;0.095213261;300.0;0;1;0;0;0;;;;;;;;
7;SN-both-none;instance_30_10_4_44;epsilon;epsilon-constraint;similarity-budget;0.10;;;;;;sorting-network;both;none;UNSATISFIABLE;0.095948018;300.0;0;1;0;0;0;;;;;;;;
8;SN-both-ss;instance_30_10_4_44;epsilon;epsilon-constraint;similarity-budget;0;;;;;;sorting-network;both;slot-service;UNSATISFIABLE;0.096504325;300.0;0;1;0;0;0;;;;;;;;
8;SN-both-ss;instance_30_10_4_44;epsilon;epsilon-constraint;similarity-budget;0.01;;;;;;sorting-network;both;slot-service;UNSATISFIABLE;0.094570697;300.0;0;1;0;0;0;;;;;;;;
8;SN-both-ss;instance_30_10_4_44;epsilon;epsilon-constraint;similarity-budget;0.025;;;;;;sorting-network;both;slot-service;UNSATISFIABLE;0.096698289;300.0;0;1;0;0;0;;;;;;;;
8;SN-both-ss;instance_30_10_4_44;epsilon;epsilon-constraint;similarity-budget;0.05;;;;;;sorting-network;both;slot-service;UNSATISFIABLE;0.084644064;300.0;0;1;0;0;0;;;;;;;;
8;SN-both-ss;instance_30_10_4_44;epsilon;epsilon-constraint;similarity-budget;0.10;;;;;;sorting-network;both;slot-service;UNSATISFIABLE;0.096810983;300.0;0;1;0;0;0;;;;;;;;
1;TOT-none-none;instance_30_10_4_45;epsilon;epsilon-constraint;similarity-budget;0;371;371;;;;totalizer;none;none;TIMEOUT;300.1275942;300.0;2.064517599;2;5480;51981;483;;;;;;;similarity_reference;371
1;TOT-none-none;instance_30_10_4_45;epsilon;epsilon-constraint;similarity-budget;0.01;371;368;;;;totalizer;none;none;TIMEOUT;300.12343;300.0;2.286641292;2;5480;51981;483;;;;;;;similarity_reference;371
1;TOT-none-none;instance_30_10_4_45;epsilon;epsilon-constraint;similarity-budget;0.025;371;362;;;;totalizer;none;none;TIMEOUT;300.1276398;300.0;2.265646461;2;5480;51981;483;;;;;;;similarity_reference;371
1;TOT-none-none;instance_30_10_4_45;epsilon;epsilon-constraint;similarity-budget;0.05;371;353;;;;totalizer;none;none;TIMEOUT;300.1240868;300.0;2.487191773;2;5480;51981;483;;;;;;;similarity_reference;371
1;TOT-none-none;instance_30_10_4_45;epsilon;epsilon-constraint;similarity-budget;0.10;371;334;;;;totalizer;none;none;TIMEOUT;300.1273725;300.0;290.885499705;4;146025;333072;836;;;;;;;similarity_reference | continuity | overtime;371 | 0 | 0
2;TOT-none-ss;instance_30_10_4_45;epsilon;epsilon-constraint;similarity-budget;0;371;371;;;;totalizer;none;slot-service;TIMEOUT;300.1231886;300.0;1.912371686;2;5910;53671;483;;;;;;;similarity_reference;371
2;TOT-none-ss;instance_30_10_4_45;epsilon;epsilon-constraint;similarity-budget;0.01;371;368;;;;totalizer;none;slot-service;TIMEOUT;300.1177108;300.0;2.274708606;2;5910;53671;483;;;;;;;similarity_reference;371
2;TOT-none-ss;instance_30_10_4_45;epsilon;epsilon-constraint;similarity-budget;0.025;371;362;;;;totalizer;none;slot-service;TIMEOUT;300.1189467;300.0;2.07518243;2;5910;53671;483;;;;;;;similarity_reference;371
2;TOT-none-ss;instance_30_10_4_45;epsilon;epsilon-constraint;similarity-budget;0.05;371;353;;;;totalizer;none;slot-service;TIMEOUT;300.1201815;300.0;2.305407034;2;5910;53671;483;;;;;;;similarity_reference;371
2;TOT-none-ss;instance_30_10_4_45;epsilon;epsilon-constraint;similarity-budget;0.10;371;334;;;;totalizer;none;slot-service;TIMEOUT;300.1310594;300.0;280.327949142;4;146455;334762;836;;;;;;;similarity_reference | continuity | overtime;371 | 0 | 0
3;TOT-both-none;instance_30_10_4_45;epsilon;epsilon-constraint;similarity-budget;0;371;371;;;;totalizer;both;none;TIMEOUT;300.1238413;300.0;3.129356891;2;9031;68846;483;;;;;;;similarity_reference;371
3;TOT-both-none;instance_30_10_4_45;epsilon;epsilon-constraint;similarity-budget;0.01;371;368;;;;totalizer;both;none;TIMEOUT;300.1254935;300.0;3.333842397;2;9031;68846;483;;;;;;;similarity_reference;371
3;TOT-both-none;instance_30_10_4_45;epsilon;epsilon-constraint;similarity-budget;0.025;371;362;;;;totalizer;both;none;TIMEOUT;300.1196751;300.0;3.362985848;2;9031;68846;483;;;;;;;similarity_reference;371
3;TOT-both-none;instance_30_10_4_45;epsilon;epsilon-constraint;similarity-budget;0.05;371;353;;;;totalizer;both;none;TIMEOUT;300.1247646;300.0;3.554627662;2;9031;68846;483;;;;;;;similarity_reference;371
3;TOT-both-none;instance_30_10_4_45;epsilon;epsilon-constraint;similarity-budget;0.10;371;334;;;;totalizer;both;none;TIMEOUT;300.1340169;300.0;216.201709131;4;149576;349937;836;;;;;;;similarity_reference | continuity | overtime;371 | 0 | 0
4;TOT-both-ss;instance_30_10_4_45;epsilon;epsilon-constraint;similarity-budget;0;371;371;;;;totalizer;both;slot-service;TIMEOUT;300.1220149;300.0;2.34543196;2;9039;68885;483;;;;;;;similarity_reference;371
4;TOT-both-ss;instance_30_10_4_45;epsilon;epsilon-constraint;similarity-budget;0.01;371;368;;;;totalizer;both;slot-service;TIMEOUT;300.1278154;300.0;2.576927981;2;9039;68885;483;;;;;;;similarity_reference;371
4;TOT-both-ss;instance_30_10_4_45;epsilon;epsilon-constraint;similarity-budget;0.025;371;362;;;;totalizer;both;slot-service;TIMEOUT;300.1240444;300.0;2.459321932;2;9039;68885;483;;;;;;;similarity_reference;371
4;TOT-both-ss;instance_30_10_4_45;epsilon;epsilon-constraint;similarity-budget;0.05;371;353;;;;totalizer;both;slot-service;TIMEOUT;300.1270116;300.0;2.609308102;2;9039;68885;483;;;;;;;similarity_reference;371
4;TOT-both-ss;instance_30_10_4_45;epsilon;epsilon-constraint;similarity-budget;0.10;371;334;;;;totalizer;both;slot-service;TIMEOUT;300.1363369;300.0;281.835593084;3;91064;232935;836;;;;;;;similarity_reference | continuity;371 | 0
5;ORIGINAL;instance_30_10_4_45;epsilon;epsilon-constraint;similarity-budget;0;371;371;;;;sorting-network;none;none;TIMEOUT;300.1170041;300.0;1.771779195;2;14403;53425;483;;;;;;;similarity_reference;371
5;ORIGINAL;instance_30_10_4_45;epsilon;epsilon-constraint;similarity-budget;0.01;371;368;;;;sorting-network;none;none;TIMEOUT;300.120009;300.0;2.065493908;2;14403;53425;483;;;;;;;similarity_reference;371
5;ORIGINAL;instance_30_10_4_45;epsilon;epsilon-constraint;similarity-budget;0.025;371;362;;;;sorting-network;none;none;TIMEOUT;300.1217487;300.0;1.973540429;2;14403;53425;483;;;;;;;similarity_reference;371
5;ORIGINAL;instance_30_10_4_45;epsilon;epsilon-constraint;similarity-budget;0.05;371;353;;;;sorting-network;none;none;TIMEOUT;300.1218603;300.0;2.144444952;2;14403;53425;483;;;;;;;similarity_reference;371
5;ORIGINAL;instance_30_10_4_45;epsilon;epsilon-constraint;similarity-budget;0.10;371;334;;;;sorting-network;none;none;TIMEOUT;300.1353971;300.0;271.150753961;4;154948;334516;836;;;;;;;similarity_reference | continuity | overtime;371 | 0 | 0
6;SN-none-ss;instance_30_10_4_45;epsilon;epsilon-constraint;similarity-budget;0;371;371;;;;sorting-network;none;slot-service;TIMEOUT;300.1181104;300.0;1.913086211;2;14833;55115;483;;;;;;;similarity_reference;371
6;SN-none-ss;instance_30_10_4_45;epsilon;epsilon-constraint;similarity-budget;0.01;371;368;;;;sorting-network;none;slot-service;TIMEOUT;300.1209547;300.0;2.255553073;2;14833;55115;483;;;;;;;similarity_reference;371
6;SN-none-ss;instance_30_10_4_45;epsilon;epsilon-constraint;similarity-budget;0.025;371;362;;;;sorting-network;none;slot-service;TIMEOUT;300.1201714;300.0;2.114334971;2;14833;55115;483;;;;;;;similarity_reference;371
6;SN-none-ss;instance_30_10_4_45;epsilon;epsilon-constraint;similarity-budget;0.05;371;353;;;;sorting-network;none;slot-service;TIMEOUT;300.1272444;300.0;2.085209434;2;14833;55115;483;;;;;;;similarity_reference;371
6;SN-none-ss;instance_30_10_4_45;epsilon;epsilon-constraint;similarity-budget;0.10;371;334;;;;sorting-network;none;slot-service;TIMEOUT;300.1299984;300.0;249.212667979;4;155378;336206;836;;;;;;;similarity_reference | continuity | overtime;371 | 0 | 0
7;SN-both-none;instance_30_10_4_45;epsilon;epsilon-constraint;similarity-budget;0;371;371;;;;sorting-network;both;none;TIMEOUT;300.1269657;300.0;1.722574743;2;21803;75772;483;;;;;;;similarity_reference;371
7;SN-both-none;instance_30_10_4_45;epsilon;epsilon-constraint;similarity-budget;0.01;371;368;;;;sorting-network;both;none;TIMEOUT;300.1187726;300.0;1.723564629;2;21803;75772;483;;;;;;;similarity_reference;371
7;SN-both-none;instance_30_10_4_45;epsilon;epsilon-constraint;similarity-budget;0.025;371;362;;;;sorting-network;both;none;TIMEOUT;300.1175862;300.0;1.701848399;2;21803;75772;483;;;;;;;similarity_reference;371
7;SN-both-none;instance_30_10_4_45;epsilon;epsilon-constraint;similarity-budget;0.05;371;353;;;;sorting-network;both;none;TIMEOUT;300.1251843;300.0;1.691561199;2;21803;75772;483;;;;;;;similarity_reference;371
7;SN-both-none;instance_30_10_4_45;epsilon;epsilon-constraint;similarity-budget;0.10;371;334;;;;sorting-network;both;none;TIMEOUT;300.1340252;300.0;217.027087071;4;162348;356863;836;;;;;;;similarity_reference | continuity | overtime;371 | 0 | 0
8;SN-both-ss;instance_30_10_4_45;epsilon;epsilon-constraint;similarity-budget;0;371;371;;;;sorting-network;both;slot-service;TIMEOUT;300.1278389;300.0;2.487446511;2;21811;75811;483;;;;;;;similarity_reference;371
8;SN-both-ss;instance_30_10_4_45;epsilon;epsilon-constraint;similarity-budget;0.01;371;368;;;;sorting-network;both;slot-service;TIMEOUT;300.1196499;300.0;2.426792239;2;21811;75811;483;;;;;;;similarity_reference;371
8;SN-both-ss;instance_30_10_4_45;epsilon;epsilon-constraint;similarity-budget;0.025;371;362;;;;sorting-network;both;slot-service;TIMEOUT;300.1235115;300.0;2.547540495;2;21811;75811;483;;;;;;;similarity_reference;371
8;SN-both-ss;instance_30_10_4_45;epsilon;epsilon-constraint;similarity-budget;0.05;371;353;;;;sorting-network;both;slot-service;TIMEOUT;300.122766;300.0;2.396346116;2;21811;75811;483;;;;;;;similarity_reference;371
8;SN-both-ss;instance_30_10_4_45;epsilon;epsilon-constraint;similarity-budget;0.10;371;334;;;;sorting-network;both;slot-service;TIMEOUT;300.1304249;300.0;273.812491608;4;162356;356902;836;;;;;;;similarity_reference | continuity | overtime;371 | 0 | 0
1;TOT-none-none;instance_30_10_4_46;epsilon;epsilon-constraint;similarity-budget;0;;;;;;totalizer;none;none;UNSATISFIABLE;0.024405241;300.0;0;1;0;0;0;;;;;;;;
1;TOT-none-none;instance_30_10_4_46;epsilon;epsilon-constraint;similarity-budget;0.01;;;;;;totalizer;none;none;UNSATISFIABLE;0.026603326;300.0;0;1;0;0;0;;;;;;;;
1;TOT-none-none;instance_30_10_4_46;epsilon;epsilon-constraint;similarity-budget;0.025;;;;;;totalizer;none;none;UNSATISFIABLE;0.026679503;300.0;0;1;0;0;0;;;;;;;;
1;TOT-none-none;instance_30_10_4_46;epsilon;epsilon-constraint;similarity-budget;0.05;;;;;;totalizer;none;none;UNSATISFIABLE;0.027250079;300.0;0;1;0;0;0;;;;;;;;
1;TOT-none-none;instance_30_10_4_46;epsilon;epsilon-constraint;similarity-budget;0.10;;;;;;totalizer;none;none;UNSATISFIABLE;0.024601209;300.0;0;1;0;0;0;;;;;;;;
2;TOT-none-ss;instance_30_10_4_46;epsilon;epsilon-constraint;similarity-budget;0;;;;;;totalizer;none;slot-service;UNSATISFIABLE;0.025897294;300.0;0;1;0;0;0;;;;;;;;
2;TOT-none-ss;instance_30_10_4_46;epsilon;epsilon-constraint;similarity-budget;0.01;;;;;;totalizer;none;slot-service;UNSATISFIABLE;0.028730823;300.0;0;1;0;0;0;;;;;;;;
2;TOT-none-ss;instance_30_10_4_46;epsilon;epsilon-constraint;similarity-budget;0.025;;;;;;totalizer;none;slot-service;UNSATISFIABLE;0.028571928;300.0;0;1;0;0;0;;;;;;;;
2;TOT-none-ss;instance_30_10_4_46;epsilon;epsilon-constraint;similarity-budget;0.05;;;;;;totalizer;none;slot-service;UNSATISFIABLE;0.028450816;300.0;0;1;0;0;0;;;;;;;;
2;TOT-none-ss;instance_30_10_4_46;epsilon;epsilon-constraint;similarity-budget;0.10;;;;;;totalizer;none;slot-service;UNSATISFIABLE;0.02845412;300.0;0;1;0;0;0;;;;;;;;
3;TOT-both-none;instance_30_10_4_46;epsilon;epsilon-constraint;similarity-budget;0;;;;;;totalizer;both;none;UNSATISFIABLE;0.033050798;300.0;0;1;0;0;0;;;;;;;;
3;TOT-both-none;instance_30_10_4_46;epsilon;epsilon-constraint;similarity-budget;0.01;;;;;;totalizer;both;none;UNSATISFIABLE;0.038007954;300.0;0;1;0;0;0;;;;;;;;
3;TOT-both-none;instance_30_10_4_46;epsilon;epsilon-constraint;similarity-budget;0.025;;;;;;totalizer;both;none;UNSATISFIABLE;0.035091418;300.0;0;1;0;0;0;;;;;;;;
3;TOT-both-none;instance_30_10_4_46;epsilon;epsilon-constraint;similarity-budget;0.05;;;;;;totalizer;both;none;UNSATISFIABLE;0.037611867;300.0;0;1;0;0;0;;;;;;;;
3;TOT-both-none;instance_30_10_4_46;epsilon;epsilon-constraint;similarity-budget;0.10;;;;;;totalizer;both;none;UNSATISFIABLE;0.038087631;300.0;0;1;0;0;0;;;;;;;;
4;TOT-both-ss;instance_30_10_4_46;epsilon;epsilon-constraint;similarity-budget;0;;;;;;totalizer;both;slot-service;UNSATISFIABLE;0.033896634;300.0;0;1;0;0;0;;;;;;;;
4;TOT-both-ss;instance_30_10_4_46;epsilon;epsilon-constraint;similarity-budget;0.01;;;;;;totalizer;both;slot-service;UNSATISFIABLE;0.037992925;300.0;0;1;0;0;0;;;;;;;;
4;TOT-both-ss;instance_30_10_4_46;epsilon;epsilon-constraint;similarity-budget;0.025;;;;;;totalizer;both;slot-service;UNSATISFIABLE;0.037918059;300.0;0;1;0;0;0;;;;;;;;
4;TOT-both-ss;instance_30_10_4_46;epsilon;epsilon-constraint;similarity-budget;0.05;;;;;;totalizer;both;slot-service;UNSATISFIABLE;0.037969018;300.0;0;1;0;0;0;;;;;;;;
4;TOT-both-ss;instance_30_10_4_46;epsilon;epsilon-constraint;similarity-budget;0.10;;;;;;totalizer;both;slot-service;UNSATISFIABLE;0.03789981;300.0;0;1;0;0;0;;;;;;;;
5;ORIGINAL;instance_30_10_4_46;epsilon;epsilon-constraint;similarity-budget;0;;;;;;sorting-network;none;none;UNSATISFIABLE;0.024981949;300.0;0;1;0;0;0;;;;;;;;
5;ORIGINAL;instance_30_10_4_46;epsilon;epsilon-constraint;similarity-budget;0.01;;;;;;sorting-network;none;none;UNSATISFIABLE;0.026901183;300.0;0;1;0;0;0;;;;;;;;
5;ORIGINAL;instance_30_10_4_46;epsilon;epsilon-constraint;similarity-budget;0.025;;;;;;sorting-network;none;none;UNSATISFIABLE;0.026546745;300.0;0;1;0;0;0;;;;;;;;
5;ORIGINAL;instance_30_10_4_46;epsilon;epsilon-constraint;similarity-budget;0.05;;;;;;sorting-network;none;none;UNSATISFIABLE;0.027624325;300.0;0;1;0;0;0;;;;;;;;
5;ORIGINAL;instance_30_10_4_46;epsilon;epsilon-constraint;similarity-budget;0.10;;;;;;sorting-network;none;none;UNSATISFIABLE;0.02654219;300.0;0;1;0;0;0;;;;;;;;
6;SN-none-ss;instance_30_10_4_46;epsilon;epsilon-constraint;similarity-budget;0;;;;;;sorting-network;none;slot-service;UNSATISFIABLE;0.026700314;300.0;0;1;0;0;0;;;;;;;;
6;SN-none-ss;instance_30_10_4_46;epsilon;epsilon-constraint;similarity-budget;0.01;;;;;;sorting-network;none;slot-service;UNSATISFIABLE;0.029606672;300.0;0;1;0;0;0;;;;;;;;
6;SN-none-ss;instance_30_10_4_46;epsilon;epsilon-constraint;similarity-budget;0.025;;;;;;sorting-network;none;slot-service;UNSATISFIABLE;0.029252782;300.0;0;1;0;0;0;;;;;;;;
6;SN-none-ss;instance_30_10_4_46;epsilon;epsilon-constraint;similarity-budget;0.05;;;;;;sorting-network;none;slot-service;UNSATISFIABLE;0.02799698;300.0;0;1;0;0;0;;;;;;;;
6;SN-none-ss;instance_30_10_4_46;epsilon;epsilon-constraint;similarity-budget;0.10;;;;;;sorting-network;none;slot-service;UNSATISFIABLE;0.028078178;300.0;0;1;0;0;0;;;;;;;;
7;SN-both-none;instance_30_10_4_46;epsilon;epsilon-constraint;similarity-budget;0;;;;;;sorting-network;both;none;UNSATISFIABLE;0.049918698;300.0;0;1;0;0;0;;;;;;;;
7;SN-both-none;instance_30_10_4_46;epsilon;epsilon-constraint;similarity-budget;0.01;;;;;;sorting-network;both;none;UNSATISFIABLE;0.04055467;300.0;0;1;0;0;0;;;;;;;;
7;SN-both-none;instance_30_10_4_46;epsilon;epsilon-constraint;similarity-budget;0.025;;;;;;sorting-network;both;none;UNSATISFIABLE;0.040004343;300.0;0;1;0;0;0;;;;;;;;
7;SN-both-none;instance_30_10_4_46;epsilon;epsilon-constraint;similarity-budget;0.05;;;;;;sorting-network;both;none;UNSATISFIABLE;0.039541722;300.0;0;1;0;0;0;;;;;;;;
7;SN-both-none;instance_30_10_4_46;epsilon;epsilon-constraint;similarity-budget;0.10;;;;;;sorting-network;both;none;UNSATISFIABLE;0.040355367;300.0;0;1;0;0;0;;;;;;;;
8;SN-both-ss;instance_30_10_4_46;epsilon;epsilon-constraint;similarity-budget;0;;;;;;sorting-network;both;slot-service;UNSATISFIABLE;0.051354705;300.0;0;1;0;0;0;;;;;;;;
8;SN-both-ss;instance_30_10_4_46;epsilon;epsilon-constraint;similarity-budget;0.01;;;;;;sorting-network;both;slot-service;UNSATISFIABLE;0.041421562;300.0;0;1;0;0;0;;;;;;;;
8;SN-both-ss;instance_30_10_4_46;epsilon;epsilon-constraint;similarity-budget;0.025;;;;;;sorting-network;both;slot-service;UNSATISFIABLE;0.040575902;300.0;0;1;0;0;0;;;;;;;;
8;SN-both-ss;instance_30_10_4_46;epsilon;epsilon-constraint;similarity-budget;0.05;;;;;;sorting-network;both;slot-service;UNSATISFIABLE;0.039246016;300.0;0;1;0;0;0;;;;;;;;
8;SN-both-ss;instance_30_10_4_46;epsilon;epsilon-constraint;similarity-budget;0.10;;;;;;sorting-network;both;slot-service;UNSATISFIABLE;0.050795551;300.0;0;1;0;0;0;;;;;;;;
1;TOT-none-none;instance_30_10_4_47;epsilon;epsilon-constraint;similarity-budget;0;399;399;;;;totalizer;none;none;TIMEOUT;300.1161735;300.0;5.645160783;2;4993;41386;426;;;;;;;similarity_reference;399
1;TOT-none-none;instance_30_10_4_47;epsilon;epsilon-constraint;similarity-budget;0.01;399;396;;;;totalizer;none;none;TIMEOUT;300.1264102;300.0;4.933980492;2;4993;41386;426;;;;;;;similarity_reference;399
1;TOT-none-none;instance_30_10_4_47;epsilon;epsilon-constraint;similarity-budget;0.025;399;390;;;;totalizer;none;none;TIMEOUT;300.1214156;300.0;5.084881126;2;4993;41386;426;;;;;;;similarity_reference;399
1;TOT-none-none;instance_30_10_4_47;epsilon;epsilon-constraint;similarity-budget;0.05;399;380;;;;totalizer;none;none;TIMEOUT;300.1174861;300.0;5.136699437;2;4993;41386;426;;;;;;;similarity_reference;399
1;TOT-none-none;instance_30_10_4_47;epsilon;epsilon-constraint;similarity-budget;0.10;399;360;;;;totalizer;none;none;TIMEOUT;300.1159732;300.0;4.984699517;2;4993;41386;426;;;;;;;similarity_reference;399
2;TOT-none-ss;instance_30_10_4_47;epsilon;epsilon-constraint;similarity-budget;0;399;399;;;;totalizer;none;slot-service;TIMEOUT;300.1167015;300.0;8.395789498;2;5435;43001;426;;;;;;;similarity_reference;399
2;TOT-none-ss;instance_30_10_4_47;epsilon;epsilon-constraint;similarity-budget;0.01;399;396;;;;totalizer;none;slot-service;TIMEOUT;300.1161524;300.0;6.835485766;2;5435;43001;426;;;;;;;similarity_reference;399
2;TOT-none-ss;instance_30_10_4_47;epsilon;epsilon-constraint;similarity-budget;0.025;399;390;;;;totalizer;none;slot-service;TIMEOUT;300.1173977;300.0;6.805301227;2;5435;43001;426;;;;;;;similarity_reference;399
2;TOT-none-ss;instance_30_10_4_47;epsilon;epsilon-constraint;similarity-budget;0.05;399;380;;;;totalizer;none;slot-service;TIMEOUT;300.1156784;300.0;8.968221979;2;5435;43001;426;;;;;;;similarity_reference;399
2;TOT-none-ss;instance_30_10_4_47;epsilon;epsilon-constraint;similarity-budget;0.10;399;360;;;;totalizer;none;slot-service;TIMEOUT;300.1209471;300.0;8.15608272;2;5435;43001;426;;;;;;;similarity_reference;399
3;TOT-both-none;instance_30_10_4_47;epsilon;epsilon-constraint;similarity-budget;0;399;399;;;;totalizer;both;none;TIMEOUT;300.1202642;300.0;5.414899387;2;8528;57913;426;;;;;;;similarity_reference;399
3;TOT-both-none;instance_30_10_4_47;epsilon;epsilon-constraint;similarity-budget;0.01;399;396;;;;totalizer;both;none;TIMEOUT;300.1172417;300.0;5.397011179;2;8528;57913;426;;;;;;;similarity_reference;399
3;TOT-both-none;instance_30_10_4_47;epsilon;epsilon-constraint;similarity-budget;0.025;399;390;;;;totalizer;both;none;TIMEOUT;300.1173594;300.0;5.454896215;2;8528;57913;426;;;;;;;similarity_reference;399
3;TOT-both-none;instance_30_10_4_47;epsilon;epsilon-constraint;similarity-budget;0.05;399;380;;;;totalizer;both;none;TIMEOUT;300.1207334;300.0;5.688915142;2;8528;57913;426;;;;;;;similarity_reference;399
3;TOT-both-none;instance_30_10_4_47;epsilon;epsilon-constraint;similarity-budget;0.10;399;360;;;;totalizer;both;none;TIMEOUT;300.1190039;300.0;6.374988561;2;8528;57913;426;;;;;;;similarity_reference;399
4;TOT-both-ss;instance_30_10_4_47;epsilon;epsilon-constraint;similarity-budget;0;399;399;;;;totalizer;both;slot-service;TIMEOUT;300.122321;300.0;6.633381028;2;8545;57989;426;;;;;;;similarity_reference;399
4;TOT-both-ss;instance_30_10_4_47;epsilon;epsilon-constraint;similarity-budget;0.01;399;396;;;;totalizer;both;slot-service;TIMEOUT;300.120625;300.0;7.008412393;2;8545;57989;426;;;;;;;similarity_reference;399
4;TOT-both-ss;instance_30_10_4_47;epsilon;epsilon-constraint;similarity-budget;0.025;399;390;;;;totalizer;both;slot-service;TIMEOUT;300.1198534;300.0;6.855032124;2;8545;57989;426;;;;;;;similarity_reference;399
4;TOT-both-ss;instance_30_10_4_47;epsilon;epsilon-constraint;similarity-budget;0.05;399;380;;;;totalizer;both;slot-service;TIMEOUT;300.1190548;300.0;6.717195861;2;8545;57989;426;;;;;;;similarity_reference;399
4;TOT-both-ss;instance_30_10_4_47;epsilon;epsilon-constraint;similarity-budget;0.10;399;360;;;;totalizer;both;slot-service;TIMEOUT;300.1168886;300.0;5.791121406;2;8545;57989;426;;;;;;;similarity_reference;399
5;ORIGINAL;instance_30_10_4_47;epsilon;epsilon-constraint;similarity-budget;0;399;399;;;;sorting-network;none;none;TIMEOUT;300.1180971;300.0;4.428993333;2;11712;40948;426;;;;;;;similarity_reference;399
5;ORIGINAL;instance_30_10_4_47;epsilon;epsilon-constraint;similarity-budget;0.01;399;396;;;;sorting-network;none;none;TIMEOUT;300.1183154;300.0;3.535526641;2;11712;40948;426;;;;;;;similarity_reference;399
5;ORIGINAL;instance_30_10_4_47;epsilon;epsilon-constraint;similarity-budget;0.025;399;390;;;;sorting-network;none;none;TIMEOUT;300.1205906;300.0;5.396700832;2;11712;40948;426;;;;;;;similarity_reference;399
5;ORIGINAL;instance_30_10_4_47;epsilon;epsilon-constraint;similarity-budget;0.05;399;380;;;;sorting-network;none;none;TIMEOUT;300.1149022;300.0;3.434265659;2;11712;40948;426;;;;;;;similarity_reference;399
5;ORIGINAL;instance_30_10_4_47;epsilon;epsilon-constraint;similarity-budget;0.10;399;360;;;;sorting-network;none;none;TIMEOUT;300.1143062;300.0;4.44010471;2;11712;40948;426;;;;;;;similarity_reference;399
6;SN-none-ss;instance_30_10_4_47;epsilon;epsilon-constraint;similarity-budget;0;399;399;;;;sorting-network;none;slot-service;TIMEOUT;300.1232571;300.0;9.381640467;2;12154;42563;426;;;;;;;similarity_reference;399
6;SN-none-ss;instance_30_10_4_47;epsilon;epsilon-constraint;similarity-budget;0.01;399;396;;;;sorting-network;none;slot-service;TIMEOUT;300.1170953;300.0;9.416086118;2;12154;42563;426;;;;;;;similarity_reference;399
6;SN-none-ss;instance_30_10_4_47;epsilon;epsilon-constraint;similarity-budget;0.025;399;390;;;;sorting-network;none;slot-service;TIMEOUT;300.1152873;300.0;8.379498535;2;12154;42563;426;;;;;;;similarity_reference;399
6;SN-none-ss;instance_30_10_4_47;epsilon;epsilon-constraint;similarity-budget;0.05;399;380;;;;sorting-network;none;slot-service;TIMEOUT;300.1139383;300.0;9.404483558;2;12154;42563;426;;;;;;;similarity_reference;399
6;SN-none-ss;instance_30_10_4_47;epsilon;epsilon-constraint;similarity-budget;0.10;399;360;;;;sorting-network;none;slot-service;TIMEOUT;300.1336273;300.0;294.01563201700003;3;82794;183843;913;;;;;;;similarity_reference | continuity;399 | 0
7;SN-both-none;instance_30_10_4_47;epsilon;epsilon-constraint;similarity-budget;0;399;399;;;;sorting-network;both;none;TIMEOUT;300.1216581;300.0;6.636739286;2;18969;62749;426;;;;;;;similarity_reference;399
7;SN-both-none;instance_30_10_4_47;epsilon;epsilon-constraint;similarity-budget;0.01;399;396;;;;sorting-network;both;none;TIMEOUT;300.1221475;300.0;8.228620311;2;18969;62749;426;;;;;;;similarity_reference;399
7;SN-both-none;instance_30_10_4_47;epsilon;epsilon-constraint;similarity-budget;0.025;399;390;;;;sorting-network;both;none;TIMEOUT;300.1174865;300.0;9.079498109;2;18969;62749;426;;;;;;;similarity_reference;399
7;SN-both-none;instance_30_10_4_47;epsilon;epsilon-constraint;similarity-budget;0.05;399;380;;;;sorting-network;both;none;TIMEOUT;300.1210136;300.0;7.021189585;2;18969;62749;426;;;;;;;similarity_reference;399
7;SN-both-none;instance_30_10_4_47;epsilon;epsilon-constraint;similarity-budget;0.10;399;360;;;;sorting-network;both;none;TIMEOUT;300.1250447;300.0;9.082342858;2;18969;62749;426;;;;;;;similarity_reference;399
8;SN-both-ss;instance_30_10_4_47;epsilon;epsilon-constraint;similarity-budget;0;399;399;;;;sorting-network;both;slot-service;TIMEOUT;300.1220556;300.0;10.05016855;2;18986;62825;426;;;;;;;similarity_reference;399
8;SN-both-ss;instance_30_10_4_47;epsilon;epsilon-constraint;similarity-budget;0.01;399;396;;;;sorting-network;both;slot-service;TIMEOUT;300.1175385;300.0;10.18977055;2;18986;62825;426;;;;;;;similarity_reference;399
8;SN-both-ss;instance_30_10_4_47;epsilon;epsilon-constraint;similarity-budget;0.025;399;390;;;;sorting-network;both;slot-service;TIMEOUT;300.1194221;300.0;10.42014519;2;18986;62825;426;;;;;;;similarity_reference;399
8;SN-both-ss;instance_30_10_4_47;epsilon;epsilon-constraint;similarity-budget;0.05;399;380;;;;sorting-network;both;slot-service;TIMEOUT;300.1180441;300.0;8.729447578;2;18986;62825;426;;;;;;;similarity_reference;399
8;SN-both-ss;instance_30_10_4_47;epsilon;epsilon-constraint;similarity-budget;0.10;399;360;;;;sorting-network;both;slot-service;TIMEOUT;300.1215306;300.0;9.165992553;2;18986;62825;426;;;;;;;similarity_reference;399
1;TOT-none-none;instance_30_10_4_48;epsilon;epsilon-constraint;similarity-budget;0;377;377;;;;totalizer;none;none;TIMEOUT;300.1187375;300.0;3.674102048;2;4368;32922;378;;;;;;;similarity_reference;377
1;TOT-none-none;instance_30_10_4_48;epsilon;epsilon-constraint;similarity-budget;0.01;377;374;;;;totalizer;none;none;TIMEOUT;300.1147737;300.0;4.048120799;2;4368;32922;378;;;;;;;similarity_reference;377
1;TOT-none-none;instance_30_10_4_48;epsilon;epsilon-constraint;similarity-budget;0.025;377;368;;;;totalizer;none;none;TIMEOUT;300.1234535;300.0;220.378626995;4;129258;282703;891;;;;;;;similarity_reference | continuity | overtime;377 | 0 | 0
1;TOT-none-none;instance_30_10_4_48;epsilon;epsilon-constraint;similarity-budget;0.05;377;359;4;4/377;0.010610079575596816;totalizer;none;none;OPTIMUM;235.6732292;300.0;235.08868880699998;4;128661;281549;891;373.0;373.0;373.0;0.0;0.0;120.0;similarity_reference | continuity | overtime | similarity_tiebreak;377 | 0 | 0 | 373
1;TOT-none-none;instance_30_10_4_48;epsilon;epsilon-constraint;similarity-budget;0.10;377;340;4;4/377;0.010610079575596816;totalizer;none;none;OPTIMUM;73.60318874;300.0;73.049586622;4;127290;278807;891;373.0;373.0;373.0;0.0;0.0;120.0;similarity_reference | continuity | overtime | similarity_tiebreak;377 | 0 | 0 | 373
2;TOT-none-ss;instance_30_10_4_48;epsilon;epsilon-constraint;similarity-budget;0;377;377;;;;totalizer;none;slot-service;TIMEOUT;300.1204239;300.0;3.402928847;2;4782;34203;378;;;;;;;similarity_reference;377
2;TOT-none-ss;instance_30_10_4_48;epsilon;epsilon-constraint;similarity-budget;0.01;377;374;;;;totalizer;none;slot-service;TIMEOUT;300.1132322;300.0;3.746093408;2;4782;34203;378;;;;;;;similarity_reference;377
2;TOT-none-ss;instance_30_10_4_48;epsilon;epsilon-constraint;similarity-budget;0.025;377;368;;;;totalizer;none;slot-service;TIMEOUT;300.1280895;300.0;224.232580223;4;129672;283984;891;;;;;;;similarity_reference | continuity | overtime;377 | 0 | 0
2;TOT-none-ss;instance_30_10_4_48;epsilon;epsilon-constraint;similarity-budget;0.05;377;359;4;4/377;0.010610079575596816;totalizer;none;slot-service;OPTIMUM;263.597546;300.0;262.996754196;4;129075;282830;891;373.0;373.0;373.0;0.0;0.0;120.0;similarity_reference | continuity | overtime | similarity_tiebreak;377 | 0 | 0 | 373
2;TOT-none-ss;instance_30_10_4_48;epsilon;epsilon-constraint;similarity-budget;0.10;377;340;4;4/377;0.010610079575596816;totalizer;none;slot-service;OPTIMUM;33.85633523;300.0;33.316197291;4;127704;280088;891;373.0;373.0;373.0;0.0;0.0;120.0;similarity_reference | continuity | overtime | similarity_tiebreak;377 | 0 | 0 | 373
3;TOT-both-none;instance_30_10_4_48;epsilon;epsilon-constraint;similarity-budget;0;377;377;;;;totalizer;both;none;TIMEOUT;300.1170917;300.0;7.17564532;2;7845;49348;378;;;;;;;similarity_reference;377
3;TOT-both-none;instance_30_10_4_48;epsilon;epsilon-constraint;similarity-budget;0.01;377;374;;;;totalizer;both;none;TIMEOUT;300.1214893;300.0;7.196909207;2;7845;49348;378;;;;;;;similarity_reference;377
3;TOT-both-none;instance_30_10_4_48;epsilon;epsilon-constraint;similarity-budget;0.025;377;368;;;;totalizer;both;none;TIMEOUT;300.132324;300.0;180.251733882;4;132735;299129;891;;;;;;;similarity_reference | continuity | overtime;377 | 0 | 0
3;TOT-both-none;instance_30_10_4_48;epsilon;epsilon-constraint;similarity-budget;0.05;377;359;4;4/377;0.010610079575596816;totalizer;both;none;OPTIMUM;265.8469083;300.0;265.235201131;4;132138;297975;891;373.0;373.0;373.0;0.0;0.0;120.0;similarity_reference | continuity | overtime | similarity_tiebreak;377 | 0 | 0 | 373
3;TOT-both-none;instance_30_10_4_48;epsilon;epsilon-constraint;similarity-budget;0.10;377;340;4;4/377;0.010610079575596816;totalizer;both;none;OPTIMUM;85.9251245;300.0;85.33037117800001;4;130767;295233;891;373.0;373.0;373.0;0.0;0.0;120.0;similarity_reference | continuity | overtime | similarity_tiebreak;377 | 0 | 0 | 373
4;TOT-both-ss;instance_30_10_4_48;epsilon;epsilon-constraint;similarity-budget;0;377;377;;;;totalizer;both;slot-service;TIMEOUT;300.1143267;300.0;7.58060568;2;7845;49350;378;;;;;;;similarity_reference;377
4;TOT-both-ss;instance_30_10_4_48;epsilon;epsilon-constraint;similarity-budget;0.01;377;374;;;;totalizer;both;slot-service;TIMEOUT;300.1182183;300.0;7.208019419;2;7845;49350;378;;;;;;;similarity_reference;377
4;TOT-both-ss;instance_30_10_4_48;epsilon;epsilon-constraint;similarity-budget;0.025;377;368;;;;totalizer;both;slot-service;TIMEOUT;300.1338102;300.0;187.737676503;4;132735;299131;891;;;;;;;similarity_reference | continuity | overtime;377 | 0 | 0
4;TOT-both-ss;instance_30_10_4_48;epsilon;epsilon-constraint;similarity-budget;0.05;377;359;4;4/377;0.010610079575596816;totalizer;both;slot-service;OPTIMUM;286.4855242;300.0;285.862854835;4;132138;297977;891;373.0;373.0;373.0;0.0;0.0;120.0;similarity_reference | continuity | overtime | similarity_tiebreak;377 | 0 | 0 | 373
4;TOT-both-ss;instance_30_10_4_48;epsilon;epsilon-constraint;similarity-budget;0.10;377;340;4;4/377;0.010610079575596816;totalizer;both;slot-service;OPTIMUM;72.1460113;300.0;71.557024705;4;130767;295235;891;373.0;373.0;373.0;0.0;0.0;120.0;similarity_reference | continuity | overtime | similarity_tiebreak;377 | 0 | 0 | 373
5;ORIGINAL;instance_30_10_4_48;epsilon;epsilon-constraint;similarity-budget;0;377;377;;;;sorting-network;none;none;TIMEOUT;300.121428;300.0;5.153089383;2;10175;32944;378;;;;;;;similarity_reference;377
5;ORIGINAL;instance_30_10_4_48;epsilon;epsilon-constraint;similarity-budget;0.01;377;374;;;;sorting-network;none;none;TIMEOUT;300.1187995;300.0;5.188360063;2;10175;32944;378;;;;;;;similarity_reference;377
5;ORIGINAL;instance_30_10_4_48;epsilon;epsilon-constraint;similarity-budget;0.025;377;368;;;;sorting-network;none;none;TIMEOUT;300.1275618;300.0;244.299868078;4;135065;282725;891;;;;;;;similarity_reference | continuity | overtime;377 | 0 | 0
5;ORIGINAL;instance_30_10_4_48;epsilon;epsilon-constraint;similarity-budget;0.05;377;359;4;4/377;0.010610079575596816;sorting-network;none;none;OPTIMUM;198.6768133;300.0;198.090832271;4;134468;281571;891;373.0;373.0;373.0;0.0;0.0;120.0;similarity_reference | continuity | overtime | similarity_tiebreak;377 | 0 | 0 | 373
5;ORIGINAL;instance_30_10_4_48;epsilon;epsilon-constraint;similarity-budget;0.10;377;340;4;4/377;0.010610079575596816;sorting-network;none;none;OPTIMUM;43.94399209;300.0;43.37098629;4;133097;278829;891;373.0;373.0;373.0;0.0;0.0;120.0;similarity_reference | continuity | overtime | similarity_tiebreak;377 | 0 | 0 | 373
6;SN-none-ss;instance_30_10_4_48;epsilon;epsilon-constraint;similarity-budget;0;377;377;;;;sorting-network;none;slot-service;TIMEOUT;300.1163662;300.0;6.141604168;2;10589;34225;378;;;;;;;similarity_reference;377
6;SN-none-ss;instance_30_10_4_48;epsilon;epsilon-constraint;similarity-budget;0.01;377;374;;;;sorting-network;none;slot-service;TIMEOUT;300.1227819;300.0;6.192371526;2;10589;34225;378;;;;;;;similarity_reference;377
6;SN-none-ss;instance_30_10_4_48;epsilon;epsilon-constraint;similarity-budget;0.025;377;368;;;;sorting-network;none;slot-service;TIMEOUT;300.1293979;300.0;208.54818209500002;4;135479;284006;891;;;;;;;similarity_reference | continuity | overtime;377 | 0 | 0
6;SN-none-ss;instance_30_10_4_48;epsilon;epsilon-constraint;similarity-budget;0.05;377;359;4;4/377;0.010610079575596816;sorting-network;none;slot-service;OPTIMUM;194.3136359;300.0;193.75321734699997;4;134882;282852;891;373.0;373.0;373.0;0.0;0.0;120.0;similarity_reference | continuity | overtime | similarity_tiebreak;377 | 0 | 0 | 373
6;SN-none-ss;instance_30_10_4_48;epsilon;epsilon-constraint;similarity-budget;0.10;377;340;4;4/377;0.010610079575596816;sorting-network;none;slot-service;OPTIMUM;36.29626386;300.0;35.754634544999995;4;133511;280110;891;373.0;373.0;373.0;0.0;0.0;120.0;similarity_reference | continuity | overtime | similarity_tiebreak;377 | 0 | 0 | 373
7;SN-both-none;instance_30_10_4_48;epsilon;epsilon-constraint;similarity-budget;0;377;377;;;;sorting-network;both;none;TIMEOUT;300.1212455;300.0;5.506344509;2;17133;53626;378;;;;;;;similarity_reference;377
7;SN-both-none;instance_30_10_4_48;epsilon;epsilon-constraint;similarity-budget;0.01;377;374;;;;sorting-network;both;none;TIMEOUT;300.117549;300.0;4.422825477;2;17133;53626;378;;;;;;;similarity_reference;377
7;SN-both-none;instance_30_10_4_48;epsilon;epsilon-constraint;similarity-budget;0.025;377;368;;;;sorting-network;both;none;TIMEOUT;300.130347;300.0;229.66190171699998;4;142023;303407;891;;;;;;;similarity_reference | continuity | overtime;377 | 0 | 0
7;SN-both-none;instance_30_10_4_48;epsilon;epsilon-constraint;similarity-budget;0.05;377;359;4;4/377;0.010610079575596816;sorting-network;both;none;OPTIMUM;182.419525;300.0;181.837962859;4;141426;302253;891;373.0;373.0;373.0;0.0;0.0;120.0;similarity_reference | continuity | overtime | similarity_tiebreak;377 | 0 | 0 | 373
7;SN-both-none;instance_30_10_4_48;epsilon;epsilon-constraint;similarity-budget;0.10;377;340;4;4/377;0.010610079575596816;sorting-network;both;none;OPTIMUM;50.68554099;300.0;50.117279147;4;140055;299511;891;373.0;373.0;373.0;0.0;0.0;120.0;similarity_reference | continuity | overtime | similarity_tiebreak;377 | 0 | 0 | 373
8;SN-both-ss;instance_30_10_4_48;epsilon;epsilon-constraint;similarity-budget;0;377;377;;;;sorting-network;both;slot-service;TIMEOUT;300.1157883;300.0;5.438385362;2;17133;53628;378;;;;;;;similarity_reference;377
8;SN-both-ss;instance_30_10_4_48;epsilon;epsilon-constraint;similarity-budget;0.01;377;374;;;;sorting-network;both;slot-service;TIMEOUT;300.1233456;300.0;4.449636165;2;17133;53628;378;;;;;;;similarity_reference;377
8;SN-both-ss;instance_30_10_4_48;epsilon;epsilon-constraint;similarity-budget;0.025;377;368;;;;sorting-network;both;slot-service;TIMEOUT;300.1360836;300.0;210.016722902;4;142023;303409;891;;;;;;;similarity_reference | continuity | overtime;377 | 0 | 0
8;SN-both-ss;instance_30_10_4_48;epsilon;epsilon-constraint;similarity-budget;0.05;377;359;4;4/377;0.010610079575596816;sorting-network;both;slot-service;OPTIMUM;270.48711;300.0;269.904300151;4;141426;302255;891;373.0;373.0;373.0;0.0;0.0;120.0;similarity_reference | continuity | overtime | similarity_tiebreak;377 | 0 | 0 | 373
8;SN-both-ss;instance_30_10_4_48;epsilon;epsilon-constraint;similarity-budget;0.10;377;340;4;4/377;0.010610079575596816;sorting-network;both;slot-service;OPTIMUM;80.40428791;300.0;79.835256995;4;140055;299513;891;373.0;373.0;373.0;0.0;0.0;120.0;similarity_reference | continuity | overtime | similarity_tiebreak;377 | 0 | 0 | 373
1;TOT-none-none;instance_30_10_4_49;epsilon;epsilon-constraint;similarity-budget;0;;;;;;totalizer;none;none;UNSATISFIABLE;0.044479395;300.0;0;1;0;0;0;;;;;;;;
1;TOT-none-none;instance_30_10_4_49;epsilon;epsilon-constraint;similarity-budget;0.01;;;;;;totalizer;none;none;UNSATISFIABLE;0.048304983;300.0;0;1;0;0;0;;;;;;;;
1;TOT-none-none;instance_30_10_4_49;epsilon;epsilon-constraint;similarity-budget;0.025;;;;;;totalizer;none;none;UNSATISFIABLE;0.04873477;300.0;0;1;0;0;0;;;;;;;;
1;TOT-none-none;instance_30_10_4_49;epsilon;epsilon-constraint;similarity-budget;0.05;;;;;;totalizer;none;none;UNSATISFIABLE;0.049291036;300.0;0;1;0;0;0;;;;;;;;
1;TOT-none-none;instance_30_10_4_49;epsilon;epsilon-constraint;similarity-budget;0.10;;;;;;totalizer;none;none;UNSATISFIABLE;0.04801849;300.0;0;1;0;0;0;;;;;;;;
2;TOT-none-ss;instance_30_10_4_49;epsilon;epsilon-constraint;similarity-budget;0;;;;;;totalizer;none;slot-service;UNSATISFIABLE;0.046956803;300.0;0;1;0;0;0;;;;;;;;
2;TOT-none-ss;instance_30_10_4_49;epsilon;epsilon-constraint;similarity-budget;0.01;;;;;;totalizer;none;slot-service;UNSATISFIABLE;0.05984929;300.0;0;1;0;0;0;;;;;;;;
2;TOT-none-ss;instance_30_10_4_49;epsilon;epsilon-constraint;similarity-budget;0.025;;;;;;totalizer;none;slot-service;UNSATISFIABLE;0.049679326;300.0;0;1;0;0;0;;;;;;;;
2;TOT-none-ss;instance_30_10_4_49;epsilon;epsilon-constraint;similarity-budget;0.05;;;;;;totalizer;none;slot-service;UNSATISFIABLE;0.062591358;300.0;0;1;0;0;0;;;;;;;;
2;TOT-none-ss;instance_30_10_4_49;epsilon;epsilon-constraint;similarity-budget;0.10;;;;;;totalizer;none;slot-service;UNSATISFIABLE;0.051953925;300.0;0;1;0;0;0;;;;;;;;
3;TOT-both-none;instance_30_10_4_49;epsilon;epsilon-constraint;similarity-budget;0;;;;;;totalizer;both;none;UNSATISFIABLE;0.068848592;300.0;0;1;0;0;0;;;;;;;;
3;TOT-both-none;instance_30_10_4_49;epsilon;epsilon-constraint;similarity-budget;0.01;;;;;;totalizer;both;none;UNSATISFIABLE;0.073625817;300.0;0;1;0;0;0;;;;;;;;
3;TOT-both-none;instance_30_10_4_49;epsilon;epsilon-constraint;similarity-budget;0.025;;;;;;totalizer;both;none;UNSATISFIABLE;0.074532393;300.0;0;1;0;0;0;;;;;;;;
3;TOT-both-none;instance_30_10_4_49;epsilon;epsilon-constraint;similarity-budget;0.05;;;;;;totalizer;both;none;UNSATISFIABLE;0.074943081;300.0;0;1;0;0;0;;;;;;;;
3;TOT-both-none;instance_30_10_4_49;epsilon;epsilon-constraint;similarity-budget;0.10;;;;;;totalizer;both;none;UNSATISFIABLE;0.073806516;300.0;0;1;0;0;0;;;;;;;;
4;TOT-both-ss;instance_30_10_4_49;epsilon;epsilon-constraint;similarity-budget;0;;;;;;totalizer;both;slot-service;UNSATISFIABLE;0.068405291;300.0;0;1;0;0;0;;;;;;;;
4;TOT-both-ss;instance_30_10_4_49;epsilon;epsilon-constraint;similarity-budget;0.01;;;;;;totalizer;both;slot-service;UNSATISFIABLE;0.075217437;300.0;0;1;0;0;0;;;;;;;;
4;TOT-both-ss;instance_30_10_4_49;epsilon;epsilon-constraint;similarity-budget;0.025;;;;;;totalizer;both;slot-service;UNSATISFIABLE;0.072462855;300.0;0;1;0;0;0;;;;;;;;
4;TOT-both-ss;instance_30_10_4_49;epsilon;epsilon-constraint;similarity-budget;0.05;;;;;;totalizer;both;slot-service;UNSATISFIABLE;0.07475945;300.0;0;1;0;0;0;;;;;;;;
4;TOT-both-ss;instance_30_10_4_49;epsilon;epsilon-constraint;similarity-budget;0.10;;;;;;totalizer;both;slot-service;UNSATISFIABLE;0.074972833;300.0;0;1;0;0;0;;;;;;;;
5;ORIGINAL;instance_30_10_4_49;epsilon;epsilon-constraint;similarity-budget;0;;;;;;sorting-network;none;none;UNSATISFIABLE;0.065276289;300.0;0;1;0;0;0;;;;;;;;
5;ORIGINAL;instance_30_10_4_49;epsilon;epsilon-constraint;similarity-budget;0.01;;;;;;sorting-network;none;none;UNSATISFIABLE;0.067095583;300.0;0;1;0;0;0;;;;;;;;
5;ORIGINAL;instance_30_10_4_49;epsilon;epsilon-constraint;similarity-budget;0.025;;;;;;sorting-network;none;none;UNSATISFIABLE;0.066654768;300.0;0;1;0;0;0;;;;;;;;
5;ORIGINAL;instance_30_10_4_49;epsilon;epsilon-constraint;similarity-budget;0.05;;;;;;sorting-network;none;none;UNSATISFIABLE;0.067774636;300.0;0;1;0;0;0;;;;;;;;
5;ORIGINAL;instance_30_10_4_49;epsilon;epsilon-constraint;similarity-budget;0.10;;;;;;sorting-network;none;none;UNSATISFIABLE;0.067369162;300.0;0;1;0;0;0;;;;;;;;
6;SN-none-ss;instance_30_10_4_49;epsilon;epsilon-constraint;similarity-budget;0;;;;;;sorting-network;none;slot-service;UNSATISFIABLE;0.054189645;300.0;0;1;0;0;0;;;;;;;;
6;SN-none-ss;instance_30_10_4_49;epsilon;epsilon-constraint;similarity-budget;0.01;;;;;;sorting-network;none;slot-service;UNSATISFIABLE;0.060016843;300.0;0;1;0;0;0;;;;;;;;
6;SN-none-ss;instance_30_10_4_49;epsilon;epsilon-constraint;similarity-budget;0.025;;;;;;sorting-network;none;slot-service;UNSATISFIABLE;0.059249108;300.0;0;1;0;0;0;;;;;;;;
6;SN-none-ss;instance_30_10_4_49;epsilon;epsilon-constraint;similarity-budget;0.05;;;;;;sorting-network;none;slot-service;UNSATISFIABLE;0.058019666;300.0;0;1;0;0;0;;;;;;;;
6;SN-none-ss;instance_30_10_4_49;epsilon;epsilon-constraint;similarity-budget;0.10;;;;;;sorting-network;none;slot-service;UNSATISFIABLE;0.0561635;300.0;0;1;0;0;0;;;;;;;;
7;SN-both-none;instance_30_10_4_49;epsilon;epsilon-constraint;similarity-budget;0;;;;;;sorting-network;both;none;UNSATISFIABLE;0.079205255;300.0;0;1;0;0;0;;;;;;;;
7;SN-both-none;instance_30_10_4_49;epsilon;epsilon-constraint;similarity-budget;0.01;;;;;;sorting-network;both;none;UNSATISFIABLE;0.078049914;300.0;0;1;0;0;0;;;;;;;;
7;SN-both-none;instance_30_10_4_49;epsilon;epsilon-constraint;similarity-budget;0.025;;;;;;sorting-network;both;none;UNSATISFIABLE;0.077570118;300.0;0;1;0;0;0;;;;;;;;
7;SN-both-none;instance_30_10_4_49;epsilon;epsilon-constraint;similarity-budget;0.05;;;;;;sorting-network;both;none;UNSATISFIABLE;0.077145764;300.0;0;1;0;0;0;;;;;;;;
7;SN-both-none;instance_30_10_4_49;epsilon;epsilon-constraint;similarity-budget;0.10;;;;;;sorting-network;both;none;UNSATISFIABLE;0.077539779;300.0;0;1;0;0;0;;;;;;;;
8;SN-both-ss;instance_30_10_4_49;epsilon;epsilon-constraint;similarity-budget;0;;;;;;sorting-network;both;slot-service;UNSATISFIABLE;0.079069461;300.0;0;1;0;0;0;;;;;;;;
8;SN-both-ss;instance_30_10_4_49;epsilon;epsilon-constraint;similarity-budget;0.01;;;;;;sorting-network;both;slot-service;UNSATISFIABLE;0.078577013;300.0;0;1;0;0;0;;;;;;;;
8;SN-both-ss;instance_30_10_4_49;epsilon;epsilon-constraint;similarity-budget;0.025;;;;;;sorting-network;both;slot-service;UNSATISFIABLE;0.079811051;300.0;0;1;0;0;0;;;;;;;;
8;SN-both-ss;instance_30_10_4_49;epsilon;epsilon-constraint;similarity-budget;0.05;;;;;;sorting-network;both;slot-service;UNSATISFIABLE;0.077155278;300.0;0;1;0;0;0;;;;;;;;
8;SN-both-ss;instance_30_10_4_49;epsilon;epsilon-constraint;similarity-budget;0.10;;;;;;sorting-network;both;slot-service;UNSATISFIABLE;0.077174212;300.0;0;1;0;0;0;;;;;;;;
1;TOT-none-none;instance_30_10_4_5;epsilon;epsilon-constraint;similarity-budget;0;424;424;;;;totalizer;none;none;TIMEOUT;300.1252276;300.0;13.23590115;2;5528;51736;487;;;;;;;similarity_reference;424
1;TOT-none-none;instance_30_10_4_5;epsilon;epsilon-constraint;similarity-budget;0.01;424;420;;;;totalizer;none;none;TIMEOUT;300.1215757;300.0;12.47473612;2;5528;51736;487;;;;;;;similarity_reference;424
1;TOT-none-none;instance_30_10_4_5;epsilon;epsilon-constraint;similarity-budget;0.025;424;414;;;;totalizer;none;none;TIMEOUT;300.1255976;300.0;12.30478567;2;5528;51736;487;;;;;;;similarity_reference;424
1;TOT-none-none;instance_30_10_4_5;epsilon;epsilon-constraint;similarity-budget;0.05;424;403;;;;totalizer;none;none;TIMEOUT;300.1216709;300.0;12.3752922;2;5528;51736;487;;;;;;;similarity_reference;424
1;TOT-none-none;instance_30_10_4_5;epsilon;epsilon-constraint;similarity-budget;0.10;424;382;;;;totalizer;none;none;TIMEOUT;300.1195809;300.0;12.24210769;2;5528;51736;487;;;;;;;similarity_reference;424
2;TOT-none-ss;instance_30_10_4_5;epsilon;epsilon-constraint;similarity-budget;0;424;424;;;;totalizer;none;slot-service;TIMEOUT;300.1244429;300.0;10.02680211;2;5915;53322;487;;;;;;;similarity_reference;424
2;TOT-none-ss;instance_30_10_4_5;epsilon;epsilon-constraint;similarity-budget;0.01;424;420;;;;totalizer;none;slot-service;TIMEOUT;300.1216894;300.0;10.13905375;2;5915;53322;487;;;;;;;similarity_reference;424
2;TOT-none-ss;instance_30_10_4_5;epsilon;epsilon-constraint;similarity-budget;0.025;424;414;;;;totalizer;none;slot-service;TIMEOUT;300.12015;300.0;10.18628315;2;5915;53322;487;;;;;;;similarity_reference;424
2;TOT-none-ss;instance_30_10_4_5;epsilon;epsilon-constraint;similarity-budget;0.05;424;403;;;;totalizer;none;slot-service;TIMEOUT;300.1209333;300.0;9.302440296;2;5915;53322;487;;;;;;;similarity_reference;424
2;TOT-none-ss;instance_30_10_4_5;epsilon;epsilon-constraint;similarity-budget;0.10;424;382;;;;totalizer;none;slot-service;TIMEOUT;300.1193146;300.0;10.28756657;2;5915;53322;487;;;;;;;similarity_reference;424
3;TOT-both-none;instance_30_10_4_5;epsilon;epsilon-constraint;similarity-budget;0;424;424;;;;totalizer;both;none;TIMEOUT;300.1256236;300.0;6.422976161;2;8660;66295;487;;;;;;;similarity_reference;424
3;TOT-both-none;instance_30_10_4_5;epsilon;epsilon-constraint;similarity-budget;0.01;424;420;;;;totalizer;both;none;TIMEOUT;300.1199718;300.0;5.440953114;2;8660;66295;487;;;;;;;similarity_reference;424
3;TOT-both-none;instance_30_10_4_5;epsilon;epsilon-constraint;similarity-budget;0.025;424;414;;;;totalizer;both;none;TIMEOUT;300.1295664;300.0;5.386730062;2;8660;66295;487;;;;;;;similarity_reference;424
3;TOT-both-none;instance_30_10_4_5;epsilon;epsilon-constraint;similarity-budget;0.05;424;403;;;;totalizer;both;none;TIMEOUT;300.1220761;300.0;5.708907772;2;8660;66295;487;;;;;;;similarity_reference;424
3;TOT-both-none;instance_30_10_4_5;epsilon;epsilon-constraint;similarity-budget;0.10;424;382;;;;totalizer;both;none;TIMEOUT;300.1274185;300.0;6.446444547;2;8660;66295;487;;;;;;;similarity_reference;424
4;TOT-both-ss;instance_30_10_4_5;epsilon;epsilon-constraint;similarity-budget;0;424;424;;;;totalizer;both;slot-service;TIMEOUT;300.1243254;300.0;8.405348015;2;8664;66315;487;;;;;;;similarity_reference;424
4;TOT-both-ss;instance_30_10_4_5;epsilon;epsilon-constraint;similarity-budget;0.01;424;420;;;;totalizer;both;slot-service;TIMEOUT;300.1238084;300.0;8.539431295;2;8664;66315;487;;;;;;;similarity_reference;424
4;TOT-both-ss;instance_30_10_4_5;epsilon;epsilon-constraint;similarity-budget;0.025;424;414;;;;totalizer;both;slot-service;TIMEOUT;300.1271962;300.0;10.40489991;2;8664;66315;487;;;;;;;similarity_reference;424
4;TOT-both-ss;instance_30_10_4_5;epsilon;epsilon-constraint;similarity-budget;0.05;424;403;;;;totalizer;both;slot-service;TIMEOUT;300.1193697;300.0;8.446911181;2;8664;66315;487;;;;;;;similarity_reference;424
4;TOT-both-ss;instance_30_10_4_5;epsilon;epsilon-constraint;similarity-budget;0.10;424;382;;;;totalizer;both;slot-service;TIMEOUT;300.1225599;300.0;10.3813322;2;8664;66315;487;;;;;;;similarity_reference;424
5;ORIGINAL;instance_30_10_4_5;epsilon;epsilon-constraint;similarity-budget;0;424;424;;;;sorting-network;none;none;TIMEOUT;300.1231522;300.0;7.501886508;2;13334;49344;487;;;;;;;similarity_reference;424
5;ORIGINAL;instance_30_10_4_5;epsilon;epsilon-constraint;similarity-budget;0.01;424;420;;;;sorting-network;none;none;TIMEOUT;300.1167106;300.0;8.530816742;2;13334;49344;487;;;;;;;similarity_reference;424
5;ORIGINAL;instance_30_10_4_5;epsilon;epsilon-constraint;similarity-budget;0.025;424;414;;;;sorting-network;none;none;TIMEOUT;300.1222426;300.0;7.532377378;2;13334;49344;487;;;;;;;similarity_reference;424
5;ORIGINAL;instance_30_10_4_5;epsilon;epsilon-constraint;similarity-budget;0.05;424;403;;;;sorting-network;none;none;TIMEOUT;300.1202087;300.0;7.611191566;2;13334;49344;487;;;;;;;similarity_reference;424
5;ORIGINAL;instance_30_10_4_5;epsilon;epsilon-constraint;similarity-budget;0.10;424;382;;;;sorting-network;none;none;TIMEOUT;300.1287282;300.0;8.511151143;2;13334;49344;487;;;;;;;similarity_reference;424
6;SN-none-ss;instance_30_10_4_5;epsilon;epsilon-constraint;similarity-budget;0;424;424;;;;sorting-network;none;slot-service;TIMEOUT;300.1215551;300.0;8.685360451;2;13721;50930;487;;;;;;;similarity_reference;424
6;SN-none-ss;instance_30_10_4_5;epsilon;epsilon-constraint;similarity-budget;0.01;424;420;;;;sorting-network;none;slot-service;TIMEOUT;300.1197359;300.0;9.768001315;2;13721;50930;487;;;;;;;similarity_reference;424
6;SN-none-ss;instance_30_10_4_5;epsilon;epsilon-constraint;similarity-budget;0.025;424;414;;;;sorting-network;none;slot-service;TIMEOUT;300.1250976;300.0;10.68536955;2;13721;50930;487;;;;;;;similarity_reference;424
6;SN-none-ss;instance_30_10_4_5;epsilon;epsilon-constraint;similarity-budget;0.05;424;403;;;;sorting-network;none;slot-service;TIMEOUT;300.1307771;300.0;297.98895479;3;103529;230546;891;;;;;;;similarity_reference | continuity;424 | 1
6;SN-none-ss;instance_30_10_4_5;epsilon;epsilon-constraint;similarity-budget;0.10;424;382;;;;sorting-network;none;slot-service;TIMEOUT;300.1217912;300.0;11.9229632;2;13721;50930;487;;;;;;;similarity_reference;424
7;SN-both-none;instance_30_10_4_5;epsilon;epsilon-constraint;similarity-budget;0;424;424;;;;sorting-network;both;none;TIMEOUT;300.123324;300.0;7.914981066;2;19570;68243;487;;;;;;;similarity_reference;424
7;SN-both-none;instance_30_10_4_5;epsilon;epsilon-constraint;similarity-budget;0.01;424;420;;;;sorting-network;both;none;TIMEOUT;300.1266315;300.0;8.200140736;2;19570;68243;487;;;;;;;similarity_reference;424
7;SN-both-none;instance_30_10_4_5;epsilon;epsilon-constraint;similarity-budget;0.025;424;414;;;;sorting-network;both;none;TIMEOUT;300.1231612;300.0;7.964489862;2;19570;68243;487;;;;;;;similarity_reference;424
7;SN-both-none;instance_30_10_4_5;epsilon;epsilon-constraint;similarity-budget;0.05;424;403;;;;sorting-network;both;none;TIMEOUT;300.1207355;300.0;7.925093162;2;19570;68243;487;;;;;;;similarity_reference;424
7;SN-both-none;instance_30_10_4_5;epsilon;epsilon-constraint;similarity-budget;0.10;424;382;;;;sorting-network;both;none;TIMEOUT;300.1247104;300.0;7.81599417;2;19570;68243;487;;;;;;;similarity_reference;424
8;SN-both-ss;instance_30_10_4_5;epsilon;epsilon-constraint;similarity-budget;0;424;424;;;;sorting-network;both;slot-service;TIMEOUT;300.1252062;300.0;8.238281188;2;19574;68263;487;;;;;;;similarity_reference;424
8;SN-both-ss;instance_30_10_4_5;epsilon;epsilon-constraint;similarity-budget;0.01;424;420;;;;sorting-network;both;slot-service;TIMEOUT;300.1237767;300.0;9.840696531;2;19574;68263;487;;;;;;;similarity_reference;424
8;SN-both-ss;instance_30_10_4_5;epsilon;epsilon-constraint;similarity-budget;0.025;424;414;;;;sorting-network;both;slot-service;TIMEOUT;300.127649;300.0;7.877892515;2;19574;68263;487;;;;;;;similarity_reference;424
8;SN-both-ss;instance_30_10_4_5;epsilon;epsilon-constraint;similarity-budget;0.05;424;403;;;;sorting-network;both;slot-service;TIMEOUT;300.1202624;300.0;7.782846138;2;19574;68263;487;;;;;;;similarity_reference;424
8;SN-both-ss;instance_30_10_4_5;epsilon;epsilon-constraint;similarity-budget;0.10;424;382;;;;sorting-network;both;slot-service;TIMEOUT;300.1236086;300.0;8.970692716;2;19574;68263;487;;;;;;;similarity_reference;424
1;TOT-none-none;instance_30_10_4_50;epsilon;epsilon-constraint;similarity-budget;0.05;;;;;;totalizer;none;none;UNSATISFIABLE;0.051286978;300.0;0;1;0;0;0;;;;;;;;
1;TOT-none-none;instance_30_10_4_50;epsilon;epsilon-constraint;similarity-budget;0.10;;;;;;totalizer;none;none;UNSATISFIABLE;0.049610449;300.0;0;1;0;0;0;;;;;;;;
2;TOT-none-ss;instance_30_10_4_50;epsilon;epsilon-constraint;similarity-budget;0.05;;;;;;totalizer;none;slot-service;UNSATISFIABLE;0.052629883;300.0;0;1;0;0;0;;;;;;;;
2;TOT-none-ss;instance_30_10_4_50;epsilon;epsilon-constraint;similarity-budget;0.10;;;;;;totalizer;none;slot-service;UNSATISFIABLE;0.040720965;300.0;0;1;0;0;0;;;;;;;;
3;TOT-both-none;instance_30_10_4_50;epsilon;epsilon-constraint;similarity-budget;0.05;;;;;;totalizer;both;none;UNSATISFIABLE;0.065732855;300.0;0;1;0;0;0;;;;;;;;
3;TOT-both-none;instance_30_10_4_50;epsilon;epsilon-constraint;similarity-budget;0.10;;;;;;totalizer;both;none;UNSATISFIABLE;0.065259061;300.0;0;1;0;0;0;;;;;;;;
4;TOT-both-ss;instance_30_10_4_50;epsilon;epsilon-constraint;similarity-budget;0.05;;;;;;totalizer;both;slot-service;UNSATISFIABLE;0.065588999;300.0;0;1;0;0;0;;;;;;;;
4;TOT-both-ss;instance_30_10_4_50;epsilon;epsilon-constraint;similarity-budget;0.10;;;;;;totalizer;both;slot-service;UNSATISFIABLE;0.065331082;300.0;0;1;0;0;0;;;;;;;;
5;ORIGINAL;instance_30_10_4_50;epsilon;epsilon-constraint;similarity-budget;0.05;;;;;;sorting-network;none;none;UNSATISFIABLE;0.051237364;300.0;0;1;0;0;0;;;;;;;;
5;ORIGINAL;instance_30_10_4_50;epsilon;epsilon-constraint;similarity-budget;0.10;;;;;;sorting-network;none;none;UNSATISFIABLE;0.050896447;300.0;0;1;0;0;0;;;;;;;;
6;SN-none-ss;instance_30_10_4_50;epsilon;epsilon-constraint;similarity-budget;0.05;;;;;;sorting-network;none;slot-service;UNSATISFIABLE;0.049761897;300.0;0;1;0;0;0;;;;;;;;
6;SN-none-ss;instance_30_10_4_50;epsilon;epsilon-constraint;similarity-budget;0.10;;;;;;sorting-network;none;slot-service;UNSATISFIABLE;0.05170472;300.0;0;1;0;0;0;;;;;;;;
7;SN-both-none;instance_30_10_4_50;epsilon;epsilon-constraint;similarity-budget;0.05;;;;;;sorting-network;both;none;UNSATISFIABLE;0.066843796;300.0;0;1;0;0;0;;;;;;;;
7;SN-both-none;instance_30_10_4_50;epsilon;epsilon-constraint;similarity-budget;0.10;;;;;;sorting-network;both;none;UNSATISFIABLE;0.066753065;300.0;0;1;0;0;0;;;;;;;;
8;SN-both-ss;instance_30_10_4_50;epsilon;epsilon-constraint;similarity-budget;0.05;;;;;;sorting-network;both;slot-service;UNSATISFIABLE;0.0675007;300.0;0;1;0;0;0;;;;;;;;
8;SN-both-ss;instance_30_10_4_50;epsilon;epsilon-constraint;similarity-budget;0.10;;;;;;sorting-network;both;slot-service;UNSATISFIABLE;0.066714797;300.0;0;1;0;0;0;;;;;;;;
1;TOT-none-none;instance_30_10_4_6;epsilon;epsilon-constraint;similarity-budget;0.05;391;372;;;;totalizer;none;none;TIMEOUT;300.1246372;300.0;7.308394342;2;6119;65338;528;;;;;;;similarity_reference;391
1;TOT-none-none;instance_30_10_4_6;epsilon;epsilon-constraint;similarity-budget;0.10;391;352;;;;totalizer;none;none;TIMEOUT;300.1205652;300.0;8.223799438;2;6119;65338;528;;;;;;;similarity_reference;391
2;TOT-none-ss;instance_30_10_4_6;epsilon;epsilon-constraint;similarity-budget;0.05;391;372;;;;totalizer;none;slot-service;TIMEOUT;300.1267796;300.0;8.313800776;2;6119;65338;528;;;;;;;similarity_reference;391
2;TOT-none-ss;instance_30_10_4_6;epsilon;epsilon-constraint;similarity-budget;0.10;391;352;;;;totalizer;none;slot-service;TIMEOUT;300.1182203;300.0;8.247203734;2;6119;65338;528;;;;;;;similarity_reference;391
3;TOT-both-none;instance_30_10_4_6;epsilon;epsilon-constraint;similarity-budget;0.05;391;372;;;;totalizer;both;none;TIMEOUT;300.1299859;300.0;4.671264484;2;9659;82218;528;;;;;;;similarity_reference;391
3;TOT-both-none;instance_30_10_4_6;epsilon;epsilon-constraint;similarity-budget;0.10;391;352;;;;totalizer;both;none;TIMEOUT;300.128732;300.0;4.613938184;2;9659;82218;528;;;;;;;similarity_reference;391
4;TOT-both-ss;instance_30_10_4_6;epsilon;epsilon-constraint;similarity-budget;0.05;391;372;;;;totalizer;both;slot-service;TIMEOUT;300.12587;300.0;4.682952947;2;9659;82218;528;;;;;;;similarity_reference;391
4;TOT-both-ss;instance_30_10_4_6;epsilon;epsilon-constraint;similarity-budget;0.10;391;352;;;;totalizer;both;slot-service;TIMEOUT;300.1250935;300.0;4.582246544;2;9659;82218;528;;;;;;;similarity_reference;391
5;ORIGINAL;instance_30_10_4_6;epsilon;epsilon-constraint;similarity-budget;0.05;391;372;;;;sorting-network;none;none;TIMEOUT;300.1174907;300.0;8.740826218;2;15363;57534;528;;;;;;;similarity_reference;391
5;ORIGINAL;instance_30_10_4_6;epsilon;epsilon-constraint;similarity-budget;0.10;391;352;;;;sorting-network;none;none;TIMEOUT;300.1265014;300.0;8.593615088;2;15363;57534;528;;;;;;;similarity_reference;391
6;SN-none-ss;instance_30_10_4_6;epsilon;epsilon-constraint;similarity-budget;0.05;391;372;;;;sorting-network;none;slot-service;TIMEOUT;300.1203764;300.0;8.620801872;2;15363;57534;528;;;;;;;similarity_reference;391
6;SN-none-ss;instance_30_10_4_6;epsilon;epsilon-constraint;similarity-budget;0.10;391;352;;;;sorting-network;none;slot-service;TIMEOUT;300.1368242;300.0;274.98260138200004;3;110428;247664;858;;;;;;;similarity_reference | continuity;391 | 0
7;SN-both-none;instance_30_10_4_6;epsilon;epsilon-constraint;similarity-budget;0.05;391;372;;;;sorting-network;both;none;TIMEOUT;300.1246514;300.0;6.956623558;2;22694;79828;528;;;;;;;similarity_reference;391
7;SN-both-none;instance_30_10_4_6;epsilon;epsilon-constraint;similarity-budget;0.10;391;352;;;;sorting-network;both;none;TIMEOUT;300.1266649;300.0;6.967947399;2;22694;79828;528;;;;;;;similarity_reference;391
8;SN-both-ss;instance_30_10_4_6;epsilon;epsilon-constraint;similarity-budget;0.05;391;372;;;;sorting-network;both;slot-service;TIMEOUT;300.123615;300.0;6.936610141;2;22694;79828;528;;;;;;;similarity_reference;391
8;SN-both-ss;instance_30_10_4_6;epsilon;epsilon-constraint;similarity-budget;0.10;391;352;;;;sorting-network;both;slot-service;TIMEOUT;300.1260631;300.0;7.087189647;2;22694;79828;528;;;;;;;similarity_reference;391
1;TOT-none-none;instance_30_10_4_7;epsilon;epsilon-constraint;similarity-budget;0.10;;;;;;totalizer;none;none;UNSATISFIABLE;0.046340767;300.0;0;1;0;0;0;;;;;;;;
2;TOT-none-ss;instance_30_10_4_7;epsilon;epsilon-constraint;similarity-budget;0.10;;;;;;totalizer;none;slot-service;UNSATISFIABLE;0.036014363;300.0;0;1;0;0;0;;;;;;;;
3;TOT-both-none;instance_30_10_4_7;epsilon;epsilon-constraint;similarity-budget;0.10;;;;;;totalizer;both;none;UNSATISFIABLE;0.056253415;300.0;0;1;0;0;0;;;;;;;;
5;ORIGINAL;instance_30_10_4_7;epsilon;epsilon-constraint;similarity-budget;0.10;;;;;;sorting-network;none;none;UNSATISFIABLE;0.048276862;300.0;0;1;0;0;0;;;;;;;;
6;SN-none-ss;instance_30_10_4_7;epsilon;epsilon-constraint;similarity-budget;0.10;;;;;;sorting-network;none;slot-service;UNSATISFIABLE;0.036738456;300.0;0;1;0;0;0;;;;;;;;
7;SN-both-none;instance_30_10_4_7;epsilon;epsilon-constraint;similarity-budget;0.10;;;;;;sorting-network;both;none;UNSATISFIABLE;0.064770626;300.0;0;1;0;0;0;;;;;;;;
8;SN-both-ss;instance_30_10_4_7;epsilon;epsilon-constraint;similarity-budget;0.10;;;;;;sorting-network;both;slot-service;UNSATISFIABLE;0.065824659;300.0;0;1;0;0;0;;;;;;;;
1;TOT-none-none;instance_30_10_4_8;epsilon;epsilon-constraint;similarity-budget;0.10;422;380;;;;totalizer;none;none;TIMEOUT;300.1289119;300.0;15.05973466;2;5743;56454;530;;;;;;;similarity_reference;422
2;TOT-none-ss;instance_30_10_4_8;epsilon;epsilon-constraint;similarity-budget;0.10;422;380;;;;totalizer;none;slot-service;TIMEOUT;300.125967;300.0;15.83365332;2;6155;57976;530;;;;;;;similarity_reference;422
3;TOT-both-none;instance_30_10_4_8;epsilon;epsilon-constraint;similarity-budget;0.10;422;380;;;;totalizer;both;none;TIMEOUT;300.1264264;300.0;22.99151082;2;9114;72298;530;;;;;;;similarity_reference;422
5;ORIGINAL;instance_30_10_4_8;epsilon;epsilon-constraint;similarity-budget;0.10;422;380;;;;sorting-network;none;none;TIMEOUT;300.1230987;300.0;26.12666597;2;15326;52352;530;;;;;;;similarity_reference;422
6;SN-none-ss;instance_30_10_4_8;epsilon;epsilon-constraint;similarity-budget;0.10;422;380;;;;sorting-network;none;slot-service;TIMEOUT;300.1317357;300.0;255.77147645000002;3;116583;255564;803;;;;;;;similarity_reference | continuity;422 | 1
7;SN-both-none;instance_30_10_4_8;epsilon;epsilon-constraint;similarity-budget;0.10;422;380;;;;sorting-network;both;none;TIMEOUT;300.1240442;300.0;19.75012471;2;22161;72914;530;;;;;;;similarity_reference;422
8;SN-both-ss;instance_30_10_4_8;epsilon;epsilon-constraint;similarity-budget;0.10;422;380;;;;sorting-network;both;slot-service;TIMEOUT;300.1270856;300.0;16.81210305;2;22170;72953;530;;;;;;;similarity_reference;422
