=== Chiến dịch Thực nghiệm 4 Cấu hình Thương mại (Weighted Mode) ===
Tập bộ bài        : 30_15_4 & 40_25_5
Số bài kiểm thử  : 100 (trên mỗi cấu hình)
Số cấu hình      : 4 (Gurobi MIP, CPLEX MIP, CPLEX CP-T, CPLEX CP-I)
Tổng lượt giải   : 400
Timeout/instance : 300s
Thư mục lưu      : experiments/results/commercial_30_15_4_40_25_5
Bắt đầu lúc      : Fri Jul 24 08:01:43 UTC 2026
-------------------------------------------------------------------
[cfg1_GUROBI-MIP] instance_30_15_4_1 | 08:01:43 ... OPTIMUM  (0s wall)
[cfg1_GUROBI-MIP] instance_30_15_4_10 | 08:01:43 ... OPTIMUM  (0s wall)
[cfg1_GUROBI-MIP] instance_30_15_4_11 | 08:01:43 ... error: invalid HCORAP instance: SU row count does not match U
ERROR  (0s wall)
[cfg1_GUROBI-MIP] instance_30_15_4_12 | 08:01:43 ... error: invalid HCORAP instance: SU row count does not match U
ERROR  (0s wall)
[cfg1_GUROBI-MIP] instance_30_15_4_13 | 08:01:44 ... OPTIMUM  (0s wall)
[cfg1_GUROBI-MIP] instance_30_15_4_14 | 08:01:44 ... OPTIMUM  (0s wall)
[cfg1_GUROBI-MIP] instance_30_15_4_15 | 08:01:44 ... OPTIMUM  (0s wall)
[cfg1_GUROBI-MIP] instance_30_15_4_16 | 08:01:44 ... OPTIMUM  (0s wall)
[cfg1_GUROBI-MIP] instance_30_15_4_17 | 08:01:44 ... OPTIMUM  (0s wall)
[cfg1_GUROBI-MIP] instance_30_15_4_18 | 08:01:44 ... OPTIMUM  (0s wall)
[cfg1_GUROBI-MIP] instance_30_15_4_19 | 08:01:44 ... error: invalid HCORAP instance: SU row count does not match U
ERROR  (0s wall)
[cfg1_GUROBI-MIP] instance_30_15_4_2 | 08:01:44 ... OPTIMUM  (0s wall)
[cfg1_GUROBI-MIP] instance_30_15_4_20 | 08:01:44 ... OPTIMUM  (0s wall)
[cfg1_GUROBI-MIP] instance_30_15_4_21 | 08:01:44 ... INFEASIBLE  (0s wall)
[cfg1_GUROBI-MIP] instance_30_15_4_22 | 08:01:44 ... error: invalid HCORAP instance: SU row count does not match U
ERROR  (0s wall)
[cfg1_GUROBI-MIP] instance_30_15_4_23 | 08:01:45 ... error: invalid HCORAP instance: SU row count does not match U
ERROR  (0s wall)
[cfg1_GUROBI-MIP] instance_30_15_4_24 | 08:01:45 ... OPTIMUM  (0s wall)
[cfg1_GUROBI-MIP] instance_30_15_4_25 | 08:01:45 ... OPTIMUM  (0s wall)
[cfg1_GUROBI-MIP] instance_30_15_4_26 | 08:01:45 ... error: invalid HCORAP instance: SU row count does not match U
ERROR  (0s wall)
[cfg1_GUROBI-MIP] instance_30_15_4_27 | 08:01:45 ... OPTIMUM  (0s wall)
[cfg1_GUROBI-MIP] instance_30_15_4_28 | 08:01:45 ... error: invalid HCORAP instance: SU row count does not match U
ERROR  (0s wall)
[cfg1_GUROBI-MIP] instance_30_15_4_29 | 08:01:45 ... OPTIMUM  (0s wall)
[cfg1_GUROBI-MIP] instance_30_15_4_3 | 08:01:45 ... OPTIMUM  (0s wall)
[cfg1_GUROBI-MIP] instance_30_15_4_30 | 08:01:45 ... OPTIMUM  (0s wall)
[cfg1_GUROBI-MIP] instance_30_15_4_31 | 08:01:45 ... OPTIMUM  (0s wall)
[cfg1_GUROBI-MIP] instance_30_15_4_32 | 08:01:45 ... OPTIMUM  (0s wall)
[cfg1_GUROBI-MIP] instance_30_15_4_33 | 08:01:46 ... OPTIMUM  (0s wall)
[cfg1_GUROBI-MIP] instance_30_15_4_34 | 08:01:46 ... error: invalid HCORAP instance: SU row count does not match U
ERROR  (0s wall)
[cfg1_GUROBI-MIP] instance_30_15_4_35 | 08:01:46 ... error: invalid HCORAP instance: SU row count does not match U
ERROR  (0s wall)
[cfg1_GUROBI-MIP] instance_30_15_4_36 | 08:01:46 ... error: invalid HCORAP instance: SU row count does not match U
ERROR  (0s wall)
[cfg1_GUROBI-MIP] instance_30_15_4_37 | 08:01:46 ... OPTIMUM  (0s wall)
[cfg1_GUROBI-MIP] instance_30_15_4_38 | 08:01:46 ... OPTIMUM  (0s wall)
[cfg1_GUROBI-MIP] instance_30_15_4_39 | 08:01:46 ... OPTIMUM  (0s wall)
[cfg1_GUROBI-MIP] instance_30_15_4_4 | 08:01:46 ... error: invalid HCORAP instance: SU row count does not match U
ERROR  (0s wall)
[cfg1_GUROBI-MIP] instance_30_15_4_40 | 08:01:46 ... error: invalid HCORAP instance: SU row count does not match U
ERROR  (0s wall)
[cfg1_GUROBI-MIP] instance_30_15_4_41 | 08:01:46 ... error: invalid HCORAP instance: SU row count does not match U
ERROR  (0s wall)
[cfg1_GUROBI-MIP] instance_30_15_4_42 | 08:01:46 ... OPTIMUM  (0s wall)
[cfg1_GUROBI-MIP] instance_30_15_4_43 | 08:01:47 ... error: invalid HCORAP instance: SU row count does not match U
ERROR  (0s wall)
[cfg1_GUROBI-MIP] instance_30_15_4_44 | 08:01:47 ... error: invalid HCORAP instance: SU row count does not match U
ERROR  (0s wall)
[cfg1_GUROBI-MIP] instance_30_15_4_45 | 08:01:47 ... OPTIMUM  (0s wall)
[cfg1_GUROBI-MIP] instance_30_15_4_46 | 08:01:47 ... error: invalid HCORAP instance: SU row count does not match U
ERROR  (0s wall)
[cfg1_GUROBI-MIP] instance_30_15_4_47 | 08:01:47 ... OPTIMUM  (0s wall)
[cfg1_GUROBI-MIP] instance_30_15_4_48 | 08:01:47 ... OPTIMUM  (0s wall)
[cfg1_GUROBI-MIP] instance_30_15_4_49 | 08:01:47 ... OPTIMUM  (0s wall)
[cfg1_GUROBI-MIP] instance_30_15_4_5 | 08:01:47 ... OPTIMUM  (0s wall)
[cfg1_GUROBI-MIP] instance_30_15_4_50 | 08:01:47 ... OPTIMUM  (0s wall)
[cfg1_GUROBI-MIP] instance_30_15_4_6 | 08:01:47 ... OPTIMUM  (0s wall)
[cfg1_GUROBI-MIP] instance_30_15_4_7 | 08:01:47 ... error: invalid HCORAP instance: SU row count does not match U
ERROR  (0s wall)
[cfg1_GUROBI-MIP] instance_30_15_4_8 | 08:01:47 ... INFEASIBLE  (0s wall)
[cfg1_GUROBI-MIP] instance_30_15_4_9 | 08:01:48 ... error: invalid HCORAP instance: SU row count does not match U
ERROR  (0s wall)
[cfg1_GUROBI-MIP] instance_40_25_5_1 | 08:01:48 ... OPTIMUM  (0s wall)
[cfg1_GUROBI-MIP] instance_40_25_5_10 | 08:01:48 ... error: invalid HCORAP instance: SU row count does not match U
ERROR  (0s wall)
[cfg1_GUROBI-MIP] instance_40_25_5_11 | 08:01:48 ... OPTIMUM  (0s wall)
[cfg1_GUROBI-MIP] instance_40_25_5_12 | 08:01:48 ... OPTIMUM  (0s wall)
[cfg1_GUROBI-MIP] instance_40_25_5_13 | 08:01:48 ... OPTIMUM  (0s wall)
[cfg1_GUROBI-MIP] instance_40_25_5_14 | 08:01:48 ... OPTIMUM  (1s wall)
[cfg1_GUROBI-MIP] instance_40_25_5_15 | 08:01:49 ... OPTIMUM  (0s wall)
[cfg1_GUROBI-MIP] instance_40_25_5_16 | 08:01:49 ... OPTIMUM  (0s wall)
[cfg1_GUROBI-MIP] instance_40_25_5_17 | 08:01:49 ... OPTIMUM  (0s wall)
[cfg1_GUROBI-MIP] instance_40_25_5_18 | 08:01:49 ... OPTIMUM  (0s wall)
[cfg1_GUROBI-MIP] instance_40_25_5_19 | 08:01:49 ... OPTIMUM  (0s wall)
[cfg1_GUROBI-MIP] instance_40_25_5_2 | 08:01:50 ... error: invalid HCORAP instance: SU row count does not match U
ERROR  (0s wall)
[cfg1_GUROBI-MIP] instance_40_25_5_20 | 08:01:50 ... OPTIMUM  (0s wall)
[cfg1_GUROBI-MIP] instance_40_25_5_21 | 08:01:50 ... OPTIMUM  (0s wall)
[cfg1_GUROBI-MIP] instance_40_25_5_22 | 08:01:50 ... OPTIMUM  (0s wall)
[cfg1_GUROBI-MIP] instance_40_25_5_23 | 08:01:50 ... error: invalid HCORAP instance: SU row count does not match U
ERROR  (0s wall)
[cfg1_GUROBI-MIP] instance_40_25_5_24 | 08:01:50 ... OPTIMUM  (0s wall)
[cfg1_GUROBI-MIP] instance_40_25_5_25 | 08:01:50 ... OPTIMUM  (1s wall)
[cfg1_GUROBI-MIP] instance_40_25_5_26 | 08:01:51 ... OPTIMUM  (0s wall)
[cfg1_GUROBI-MIP] instance_40_25_5_27 | 08:01:51 ... OPTIMUM  (0s wall)
[cfg1_GUROBI-MIP] instance_40_25_5_28 | 08:01:51 ... OPTIMUM  (0s wall)
[cfg1_GUROBI-MIP] instance_40_25_5_29 | 08:01:51 ... OPTIMUM  (0s wall)
[cfg1_GUROBI-MIP] instance_40_25_5_3 | 08:01:51 ... error: invalid HCORAP instance: SU row count does not match U
ERROR  (0s wall)
[cfg1_GUROBI-MIP] instance_40_25_5_30 | 08:01:51 ... OPTIMUM  (1s wall)
[cfg1_GUROBI-MIP] instance_40_25_5_31 | 08:01:52 ... error: invalid HCORAP instance: SU row count does not match U
ERROR  (0s wall)
[cfg1_GUROBI-MIP] instance_40_25_5_32 | 08:01:52 ... OPTIMUM  (0s wall)
[cfg1_GUROBI-MIP] instance_40_25_5_33 | 08:01:52 ... error: invalid HCORAP instance: SU row count does not match U
ERROR  (0s wall)
[cfg1_GUROBI-MIP] instance_40_25_5_34 | 08:01:52 ... error: invalid HCORAP instance: SU row count does not match U
ERROR  (0s wall)
[cfg1_GUROBI-MIP] instance_40_25_5_35 | 08:01:52 ... error: invalid HCORAP instance: SU row count does not match U
ERROR  (0s wall)
[cfg1_GUROBI-MIP] instance_40_25_5_36 | 08:01:52 ... OPTIMUM  (0s wall)
[cfg1_GUROBI-MIP] instance_40_25_5_37 | 08:01:52 ... OPTIMUM  (0s wall)
[cfg1_GUROBI-MIP] instance_40_25_5_38 | 08:01:53 ... OPTIMUM  (0s wall)
[cfg1_GUROBI-MIP] instance_40_25_5_39 | 08:01:53 ... OPTIMUM  (0s wall)
[cfg1_GUROBI-MIP] instance_40_25_5_4 | 08:01:53 ... error: invalid HCORAP instance: SU row count does not match U
ERROR  (0s wall)
[cfg1_GUROBI-MIP] instance_40_25_5_40 | 08:01:53 ... OPTIMUM  (0s wall)
[cfg1_GUROBI-MIP] instance_40_25_5_41 | 08:01:53 ... OPTIMUM  (0s wall)
[cfg1_GUROBI-MIP] instance_40_25_5_42 | 08:01:53 ... OPTIMUM  (0s wall)
[cfg1_GUROBI-MIP] instance_40_25_5_43 | 08:01:53 ... error: invalid HCORAP instance: SU row count does not match U
ERROR  (1s wall)
[cfg1_GUROBI-MIP] instance_40_25_5_44 | 08:01:54 ... OPTIMUM  (0s wall)
[cfg1_GUROBI-MIP] instance_40_25_5_45 | 08:01:54 ... OPTIMUM  (0s wall)
[cfg1_GUROBI-MIP] instance_40_25_5_46 | 08:01:54 ... INFEASIBLE  (0s wall)
[cfg1_GUROBI-MIP] instance_40_25_5_47 | 08:01:54 ... OPTIMUM  (0s wall)
[cfg1_GUROBI-MIP] instance_40_25_5_48 | 08:01:54 ... OPTIMUM  (0s wall)
[cfg1_GUROBI-MIP] instance_40_25_5_49 | 08:01:54 ... OPTIMUM  (1s wall)
[cfg1_GUROBI-MIP] instance_40_25_5_5 | 08:01:55 ... OPTIMUM  (0s wall)
[cfg1_GUROBI-MIP] instance_40_25_5_50 | 08:01:55 ... OPTIMUM  (0s wall)
[cfg1_GUROBI-MIP] instance_40_25_5_6 | 08:01:55 ... error: invalid HCORAP instance: SU row count does not match U
ERROR  (0s wall)
[cfg1_GUROBI-MIP] instance_40_25_5_7 | 08:01:55 ... OPTIMUM  (0s wall)
[cfg1_GUROBI-MIP] instance_40_25_5_8 | 08:01:55 ... OPTIMUM  (0s wall)
[cfg1_GUROBI-MIP] instance_40_25_5_9 | 08:01:55 ... OPTIMUM  (1s wall)
[cfg2_CPLEX-MIP] instance_30_15_4_1 | 08:01:56 ... OPTIMUM  (0s wall)
[cfg2_CPLEX-MIP] instance_30_15_4_10 | 08:01:56 ... OPTIMUM  (0s wall)
[cfg2_CPLEX-MIP] instance_30_15_4_11 | 08:01:56 ... error: invalid HCORAP instance: SU row count does not match U
ERROR  (0s wall)
[cfg2_CPLEX-MIP] instance_30_15_4_12 | 08:01:56 ... error: invalid HCORAP instance: SU row count does not match U
ERROR  (0s wall)
[cfg2_CPLEX-MIP] instance_30_15_4_13 | 08:01:56 ... OPTIMUM  (0s wall)
[cfg2_CPLEX-MIP] instance_30_15_4_14 | 08:01:56 ... OPTIMUM  (0s wall)
[cfg2_CPLEX-MIP] instance_30_15_4_15 | 08:01:56 ... OPTIMUM  (0s wall)
[cfg2_CPLEX-MIP] instance_30_15_4_16 | 08:01:56 ... OPTIMUM  (0s wall)
[cfg2_CPLEX-MIP] instance_30_15_4_17 | 08:01:57 ... OPTIMUM  (0s wall)
[cfg2_CPLEX-MIP] instance_30_15_4_18 | 08:01:57 ... OPTIMUM  (0s wall)
[cfg2_CPLEX-MIP] instance_30_15_4_19 | 08:01:57 ... error: invalid HCORAP instance: SU row count does not match U
ERROR  (0s wall)
[cfg2_CPLEX-MIP] instance_30_15_4_2 | 08:01:57 ... OPTIMUM  (0s wall)
[cfg2_CPLEX-MIP] instance_30_15_4_20 | 08:01:57 ... OPTIMUM  (0s wall)
[cfg2_CPLEX-MIP] instance_30_15_4_21 | 08:01:57 ... INFEASIBLE  (0s wall)
[cfg2_CPLEX-MIP] instance_30_15_4_22 | 08:01:57 ... error: invalid HCORAP instance: SU row count does not match U
ERROR  (0s wall)
[cfg2_CPLEX-MIP] instance_30_15_4_23 | 08:01:57 ... error: invalid HCORAP instance: SU row count does not match U
ERROR  (0s wall)
[cfg2_CPLEX-MIP] instance_30_15_4_24 | 08:01:57 ... OPTIMUM  (0s wall)
[cfg2_CPLEX-MIP] instance_30_15_4_25 | 08:01:57 ... OPTIMUM  (0s wall)
[cfg2_CPLEX-MIP] instance_30_15_4_26 | 08:01:58 ... error: invalid HCORAP instance: SU row count does not match U
ERROR  (0s wall)
[cfg2_CPLEX-MIP] instance_30_15_4_27 | 08:01:58 ... OPTIMUM  (0s wall)
[cfg2_CPLEX-MIP] instance_30_15_4_28 | 08:01:58 ... error: invalid HCORAP instance: SU row count does not match U
ERROR  (0s wall)
[cfg2_CPLEX-MIP] instance_30_15_4_29 | 08:01:58 ... OPTIMUM  (0s wall)
[cfg2_CPLEX-MIP] instance_30_15_4_3 | 08:01:58 ... OPTIMUM  (0s wall)
[cfg2_CPLEX-MIP] instance_30_15_4_30 | 08:01:58 ... OPTIMUM  (0s wall)
[cfg2_CPLEX-MIP] instance_30_15_4_31 | 08:01:58 ... OPTIMUM  (0s wall)
[cfg2_CPLEX-MIP] instance_30_15_4_32 | 08:01:58 ... OPTIMUM  (0s wall)
[cfg2_CPLEX-MIP] instance_30_15_4_33 | 08:01:58 ... OPTIMUM  (0s wall)
[cfg2_CPLEX-MIP] instance_30_15_4_34 | 08:01:59 ... error: invalid HCORAP instance: SU row count does not match U
ERROR  (0s wall)
[cfg2_CPLEX-MIP] instance_30_15_4_35 | 08:01:59 ... error: invalid HCORAP instance: SU row count does not match U
ERROR  (0s wall)
[cfg2_CPLEX-MIP] instance_30_15_4_36 | 08:01:59 ... error: invalid HCORAP instance: SU row count does not match U
ERROR  (0s wall)
[cfg2_CPLEX-MIP] instance_30_15_4_37 | 08:01:59 ... OPTIMUM  (0s wall)
[cfg2_CPLEX-MIP] instance_30_15_4_38 | 08:01:59 ... OPTIMUM  (0s wall)
[cfg2_CPLEX-MIP] instance_30_15_4_39 | 08:01:59 ... OPTIMUM  (0s wall)
[cfg2_CPLEX-MIP] instance_30_15_4_4 | 08:01:59 ... error: invalid HCORAP instance: SU row count does not match U
ERROR  (0s wall)
[cfg2_CPLEX-MIP] instance_30_15_4_40 | 08:01:59 ... error: invalid HCORAP instance: SU row count does not match U
ERROR  (0s wall)
[cfg2_CPLEX-MIP] instance_30_15_4_41 | 08:01:59 ... error: invalid HCORAP instance: SU row count does not match U
ERROR  (0s wall)
[cfg2_CPLEX-MIP] instance_30_15_4_42 | 08:01:59 ... OPTIMUM  (1s wall)
[cfg2_CPLEX-MIP] instance_30_15_4_43 | 08:02:00 ... error: invalid HCORAP instance: SU row count does not match U
ERROR  (0s wall)
[cfg2_CPLEX-MIP] instance_30_15_4_44 | 08:02:00 ... error: invalid HCORAP instance: SU row count does not match U
ERROR  (0s wall)
[cfg2_CPLEX-MIP] instance_30_15_4_45 | 08:02:00 ... OPTIMUM  (0s wall)
[cfg2_CPLEX-MIP] instance_30_15_4_46 | 08:02:00 ... error: invalid HCORAP instance: SU row count does not match U
ERROR  (0s wall)
[cfg2_CPLEX-MIP] instance_30_15_4_47 | 08:02:00 ... OPTIMUM  (0s wall)
[cfg2_CPLEX-MIP] instance_30_15_4_48 | 08:02:00 ... OPTIMUM  (0s wall)
[cfg2_CPLEX-MIP] instance_30_15_4_49 | 08:02:00 ... OPTIMUM  (0s wall)
[cfg2_CPLEX-MIP] instance_30_15_4_5 | 08:02:00 ... OPTIMUM  (0s wall)
[cfg2_CPLEX-MIP] instance_30_15_4_50 | 08:02:00 ... OPTIMUM  (0s wall)
[cfg2_CPLEX-MIP] instance_30_15_4_6 | 08:02:00 ... OPTIMUM  (1s wall)
[cfg2_CPLEX-MIP] instance_30_15_4_7 | 08:02:01 ... error: invalid HCORAP instance: SU row count does not match U
ERROR  (0s wall)
[cfg2_CPLEX-MIP] instance_30_15_4_8 | 08:02:01 ... INFEASIBLE  (0s wall)
[cfg2_CPLEX-MIP] instance_30_15_4_9 | 08:02:01 ... error: invalid HCORAP instance: SU row count does not match U
ERROR  (0s wall)
[cfg2_CPLEX-MIP] instance_40_25_5_1 | 08:02:01 ... OPTIMUM  (0s wall)
[cfg2_CPLEX-MIP] instance_40_25_5_10 | 08:02:01 ... error: invalid HCORAP instance: SU row count does not match U
ERROR  (0s wall)
[cfg2_CPLEX-MIP] instance_40_25_5_11 | 08:02:01 ... OPTIMUM  (0s wall)
[cfg2_CPLEX-MIP] instance_40_25_5_12 | 08:02:01 ... OPTIMUM  (1s wall)
[cfg2_CPLEX-MIP] instance_40_25_5_13 | 08:02:02 ... OPTIMUM  (0s wall)
[cfg2_CPLEX-MIP] instance_40_25_5_14 | 08:02:02 ... OPTIMUM  (0s wall)
[cfg2_CPLEX-MIP] instance_40_25_5_15 | 08:02:02 ... OPTIMUM  (0s wall)
[cfg2_CPLEX-MIP] instance_40_25_5_16 | 08:02:02 ... OPTIMUM  (1s wall)
[cfg2_CPLEX-MIP] instance_40_25_5_17 | 08:02:03 ... OPTIMUM  (0s wall)
[cfg2_CPLEX-MIP] instance_40_25_5_18 | 08:02:03 ... OPTIMUM  (0s wall)
[cfg2_CPLEX-MIP] instance_40_25_5_19 | 08:02:03 ... OPTIMUM  (0s wall)
[cfg2_CPLEX-MIP] instance_40_25_5_2 | 08:02:03 ... error: invalid HCORAP instance: SU row count does not match U
ERROR  (0s wall)
[cfg2_CPLEX-MIP] instance_40_25_5_20 | 08:02:04 ... OPTIMUM  (0s wall)
[cfg2_CPLEX-MIP] instance_40_25_5_21 | 08:02:04 ... OPTIMUM  (0s wall)
[cfg2_CPLEX-MIP] instance_40_25_5_22 | 08:02:04 ... OPTIMUM  (0s wall)
[cfg2_CPLEX-MIP] instance_40_25_5_23 | 08:02:04 ... error: invalid HCORAP instance: SU row count does not match U
ERROR  (0s wall)
[cfg2_CPLEX-MIP] instance_40_25_5_24 | 08:02:04 ... OPTIMUM  (1s wall)
[cfg2_CPLEX-MIP] instance_40_25_5_25 | 08:02:05 ... OPTIMUM  (0s wall)
[cfg2_CPLEX-MIP] instance_40_25_5_26 | 08:02:05 ... OPTIMUM  (0s wall)
[cfg2_CPLEX-MIP] instance_40_25_5_27 | 08:02:05 ... OPTIMUM  (0s wall)
[cfg2_CPLEX-MIP] instance_40_25_5_28 | 08:02:05 ... OPTIMUM  (1s wall)
[cfg2_CPLEX-MIP] instance_40_25_5_29 | 08:02:06 ... OPTIMUM  (0s wall)
[cfg2_CPLEX-MIP] instance_40_25_5_3 | 08:02:06 ... error: invalid HCORAP instance: SU row count does not match U
ERROR  (0s wall)
[cfg2_CPLEX-MIP] instance_40_25_5_30 | 08:02:06 ... OPTIMUM  (0s wall)
[cfg2_CPLEX-MIP] instance_40_25_5_31 | 08:02:06 ... error: invalid HCORAP instance: SU row count does not match U
ERROR  (0s wall)
[cfg2_CPLEX-MIP] instance_40_25_5_32 | 08:02:06 ... OPTIMUM  (1s wall)
[cfg2_CPLEX-MIP] instance_40_25_5_33 | 08:02:07 ... error: invalid HCORAP instance: SU row count does not match U
ERROR  (0s wall)
[cfg2_CPLEX-MIP] instance_40_25_5_34 | 08:02:07 ... error: invalid HCORAP instance: SU row count does not match U
ERROR  (0s wall)
[cfg2_CPLEX-MIP] instance_40_25_5_35 | 08:02:07 ... error: invalid HCORAP instance: SU row count does not match U
ERROR  (0s wall)
[cfg2_CPLEX-MIP] instance_40_25_5_36 | 08:02:07 ... OPTIMUM  (0s wall)
[cfg2_CPLEX-MIP] instance_40_25_5_37 | 08:02:07 ... OPTIMUM  (0s wall)
[cfg2_CPLEX-MIP] instance_40_25_5_38 | 08:02:07 ... OPTIMUM  (1s wall)
[cfg2_CPLEX-MIP] instance_40_25_5_39 | 08:02:08 ... OPTIMUM  (0s wall)
[cfg2_CPLEX-MIP] instance_40_25_5_4 | 08:02:08 ... error: invalid HCORAP instance: SU row count does not match U
ERROR  (0s wall)
[cfg2_CPLEX-MIP] instance_40_25_5_40 | 08:02:08 ... OPTIMUM  (0s wall)
[cfg2_CPLEX-MIP] instance_40_25_5_41 | 08:02:08 ... OPTIMUM  (0s wall)
[cfg2_CPLEX-MIP] instance_40_25_5_42 | 08:02:08 ... OPTIMUM  (1s wall)
[cfg2_CPLEX-MIP] instance_40_25_5_43 | 08:02:09 ... error: invalid HCORAP instance: SU row count does not match U
ERROR  (0s wall)
[cfg2_CPLEX-MIP] instance_40_25_5_44 | 08:02:09 ... OPTIMUM  (0s wall)
[cfg2_CPLEX-MIP] instance_40_25_5_45 | 08:02:09 ... OPTIMUM  (0s wall)
[cfg2_CPLEX-MIP] instance_40_25_5_46 | 08:02:09 ... INFEASIBLE  (0s wall)
[cfg2_CPLEX-MIP] instance_40_25_5_47 | 08:02:09 ... OPTIMUM  (1s wall)
[cfg2_CPLEX-MIP] instance_40_25_5_48 | 08:02:10 ... OPTIMUM  (0s wall)
[cfg2_CPLEX-MIP] instance_40_25_5_49 | 08:02:10 ... OPTIMUM  (0s wall)
[cfg2_CPLEX-MIP] instance_40_25_5_5 | 08:02:10 ... OPTIMUM  (0s wall)
[cfg2_CPLEX-MIP] instance_40_25_5_50 | 08:02:10 ... OPTIMUM  (1s wall)
[cfg2_CPLEX-MIP] instance_40_25_5_6 | 08:02:11 ... error: invalid HCORAP instance: SU row count does not match U
ERROR  (0s wall)
[cfg2_CPLEX-MIP] instance_40_25_5_7 | 08:02:11 ... OPTIMUM  (0s wall)
[cfg2_CPLEX-MIP] instance_40_25_5_8 | 08:02:11 ... OPTIMUM  (0s wall)
[cfg2_CPLEX-MIP] instance_40_25_5_9 | 08:02:11 ... OPTIMUM  (0s wall)
[cfg3_CPLEX-CP-T] instance_30_15_4_1 | 08:02:11 ... TIMEOUT_FEASIBLE  (300s wall)
[cfg3_CPLEX-CP-T] instance_30_15_4_10 | 08:07:11 ... TIMEOUT_FEASIBLE  (301s wall)
[cfg3_CPLEX-CP-T] instance_30_15_4_11 | 08:12:12 ... error: invalid HCORAP instance: SU row count does not match U
ERROR  (0s wall)
[cfg3_CPLEX-CP-T] instance_30_15_4_12 | 08:12:12 ... error: invalid HCORAP instance: SU row count does not match U
ERROR  (0s wall)
[cfg3_CPLEX-CP-T] instance_30_15_4_13 | 08:12:12 ... TIMEOUT_FEASIBLE  (300s wall)
[cfg3_CPLEX-CP-T] instance_30_15_4_14 | 08:17:12 ... TIMEOUT_FEASIBLE  (300s wall)
[cfg3_CPLEX-CP-T] instance_30_15_4_15 | 08:22:12 ... TIMEOUT_FEASIBLE  (300s wall)
[cfg3_CPLEX-CP-T] instance_30_15_4_16 | 08:27:12 ... TIMEOUT_FEASIBLE  (300s wall)
[cfg3_CPLEX-CP-T] instance_30_15_4_17 | 08:32:12 ... TIMEOUT_FEASIBLE  (300s wall)
[cfg3_CPLEX-CP-T] instance_30_15_4_18 | 08:37:12 ... TIMEOUT_FEASIBLE  (300s wall)
[cfg3_CPLEX-CP-T] instance_30_15_4_19 | 08:42:12 ... error: invalid HCORAP instance: SU row count does not match U
ERROR  (0s wall)
[cfg3_CPLEX-CP-T] instance_30_15_4_2 | 08:42:12 ... TIMEOUT_FEASIBLE  (300s wall)
[cfg3_CPLEX-CP-T] instance_30_15_4_20 | 08:47:12 ... TIMEOUT_FEASIBLE  (300s wall)
[cfg3_CPLEX-CP-T] instance_30_15_4_21 | 08:52:12 ... INFEASIBLE  (0s wall)
[cfg3_CPLEX-CP-T] instance_30_15_4_22 | 08:52:12 ... error: invalid HCORAP instance: SU row count does not match U
ERROR  (0s wall)
[cfg3_CPLEX-CP-T] instance_30_15_4_23 | 08:52:12 ... error: invalid HCORAP instance: SU row count does not match U
ERROR  (0s wall)
[cfg3_CPLEX-CP-T] instance_30_15_4_24 | 08:52:12 ... TIMEOUT_FEASIBLE  (300s wall)
[cfg3_CPLEX-CP-T] instance_30_15_4_25 | 08:57:12 ... TIMEOUT_FEASIBLE  (300s wall)
[cfg3_CPLEX-CP-T] instance_30_15_4_26 | 09:02:13 ... error: invalid HCORAP instance: SU row count does not match U
ERROR  (0s wall)
[cfg3_CPLEX-CP-T] instance_30_15_4_27 | 09:02:13 ... TIMEOUT_FEASIBLE  (300s wall)
[cfg3_CPLEX-CP-T] instance_30_15_4_28 | 09:07:13 ... error: invalid HCORAP instance: SU row count does not match U
ERROR  (0s wall)
[cfg3_CPLEX-CP-T] instance_30_15_4_29 | 09:07:13 ... TIMEOUT_FEASIBLE  (300s wall)
[cfg3_CPLEX-CP-T] instance_30_15_4_3 | 09:12:13 ... TIMEOUT_FEASIBLE  (300s wall)
[cfg3_CPLEX-CP-T] instance_30_15_4_30 | 09:17:13 ... TIMEOUT_FEASIBLE  (300s wall)
[cfg3_CPLEX-CP-T] instance_30_15_4_31 | 09:22:13 ... TIMEOUT_FEASIBLE  (300s wall)
[cfg3_CPLEX-CP-T] instance_30_15_4_32 | 09:27:13 ... TIMEOUT_FEASIBLE  (300s wall)
[cfg3_CPLEX-CP-T] instance_30_15_4_33 | 09:32:13 ... TIMEOUT_FEASIBLE  (300s wall)
[cfg3_CPLEX-CP-T] instance_30_15_4_34 | 09:37:13 ... error: invalid HCORAP instance: SU row count does not match U
ERROR  (0s wall)
[cfg3_CPLEX-CP-T] instance_30_15_4_35 | 09:37:13 ... error: invalid HCORAP instance: SU row count does not match U
ERROR  (0s wall)
[cfg3_CPLEX-CP-T] instance_30_15_4_36 | 09:37:13 ... error: invalid HCORAP instance: SU row count does not match U
ERROR  (0s wall)
[cfg3_CPLEX-CP-T] instance_30_15_4_37 | 09:37:13 ... TIMEOUT_FEASIBLE  (300s wall)
[cfg3_CPLEX-CP-T] instance_30_15_4_38 | 09:42:13 ... TIMEOUT_FEASIBLE  (300s wall)
[cfg3_CPLEX-CP-T] instance_30_15_4_39 | 09:47:13 ... TIMEOUT_FEASIBLE  (300s wall)
[cfg3_CPLEX-CP-T] instance_30_15_4_4 | 09:52:13 ... error: invalid HCORAP instance: SU row count does not match U
ERROR  (0s wall)
[cfg3_CPLEX-CP-T] instance_30_15_4_40 | 09:52:14 ... error: invalid HCORAP instance: SU row count does not match U
ERROR  (0s wall)
[cfg3_CPLEX-CP-T] instance_30_15_4_41 | 09:52:14 ... error: invalid HCORAP instance: SU row count does not match U
ERROR  (0s wall)
[cfg3_CPLEX-CP-T] instance_30_15_4_42 | 09:52:14 ... TIMEOUT_FEASIBLE  (300s wall)
[cfg3_CPLEX-CP-T] instance_30_15_4_43 | 09:57:14 ... error: invalid HCORAP instance: SU row count does not match U
ERROR  (0s wall)
[cfg3_CPLEX-CP-T] instance_30_15_4_44 | 09:57:14 ... error: invalid HCORAP instance: SU row count does not match U
ERROR  (0s wall)
[cfg3_CPLEX-CP-T] instance_30_15_4_45 | 09:57:14 ... TIMEOUT_FEASIBLE  (300s wall)
[cfg3_CPLEX-CP-T] instance_30_15_4_46 | 10:02:14 ... error: invalid HCORAP instance: SU row count does not match U
ERROR  (0s wall)
[cfg3_CPLEX-CP-T] instance_30_15_4_47 | 10:02:14 ... TIMEOUT_FEASIBLE  (300s wall)
[cfg3_CPLEX-CP-T] instance_30_15_4_48 | 10:07:14 ... TIMEOUT_FEASIBLE  (300s wall)
[cfg3_CPLEX-CP-T] instance_30_15_4_49 | 10:12:14 ... TIMEOUT_FEASIBLE  (300s wall)
[cfg3_CPLEX-CP-T] instance_30_15_4_5 | 10:17:14 ... TIMEOUT_FEASIBLE  (300s wall)
[cfg3_CPLEX-CP-T] instance_30_15_4_50 | 10:22:14 ... TIMEOUT_FEASIBLE  (300s wall)
[cfg3_CPLEX-CP-T] instance_30_15_4_6 | 10:27:14 ... TIMEOUT_FEASIBLE  (300s wall)
[cfg3_CPLEX-CP-T] instance_30_15_4_7 | 10:32:14 ... error: invalid HCORAP instance: SU row count does not match U
ERROR  (0s wall)
[cfg3_CPLEX-CP-T] instance_30_15_4_8 | 10:32:14 ... INFEASIBLE  (0s wall)
[cfg3_CPLEX-CP-T] instance_30_15_4_9 | 10:32:15 ... error: invalid HCORAP instance: SU row count does not match U
ERROR  (0s wall)
[cfg3_CPLEX-CP-T] instance_40_25_5_1 | 10:32:15 ... TIMEOUT_FEASIBLE  (300s wall)
[cfg3_CPLEX-CP-T] instance_40_25_5_10 | 10:37:15 ... error: invalid HCORAP instance: SU row count does not match U
ERROR  (0s wall)
[cfg3_CPLEX-CP-T] instance_40_25_5_11 | 10:37:15 ... TIMEOUT_FEASIBLE  (300s wall)
[cfg3_CPLEX-CP-T] instance_40_25_5_12 | 10:42:15 ... TIMEOUT_FEASIBLE  (300s wall)
[cfg3_CPLEX-CP-T] instance_40_25_5_13 | 10:47:15 ... TIMEOUT_FEASIBLE  (300s wall)
[cfg3_CPLEX-CP-T] instance_40_25_5_14 | 10:52:15 ... TIMEOUT_FEASIBLE  (300s wall)
[cfg3_CPLEX-CP-T] instance_40_25_5_15 | 10:57:15 ... TIMEOUT_FEASIBLE  (300s wall)
[cfg3_CPLEX-CP-T] instance_40_25_5_16 | 11:02:15 ... TIMEOUT_FEASIBLE  (300s wall)
[cfg3_CPLEX-CP-T] instance_40_25_5_17 | 11:07:15 ... TIMEOUT_FEASIBLE  (300s wall)
[cfg3_CPLEX-CP-T] instance_40_25_5_18 | 11:12:15 ... TIMEOUT_FEASIBLE  (300s wall)
[cfg3_CPLEX-CP-T] instance_40_25_5_19 | 11:17:15 ... TIMEOUT_FEASIBLE  (300s wall)
[cfg3_CPLEX-CP-T] instance_40_25_5_2 | 11:22:15 ... error: invalid HCORAP instance: SU row count does not match U
ERROR  (0s wall)
[cfg3_CPLEX-CP-T] instance_40_25_5_20 | 11:22:15 ... TIMEOUT_FEASIBLE  (300s wall)
[cfg3_CPLEX-CP-T] instance_40_25_5_21 | 11:27:15 ... TIMEOUT_FEASIBLE  (300s wall)
[cfg3_CPLEX-CP-T] instance_40_25_5_22 | 11:32:15 ... TIMEOUT_FEASIBLE  (300s wall)
[cfg3_CPLEX-CP-T] instance_40_25_5_23 | 11:37:15 ... error: invalid HCORAP instance: SU row count does not match U
ERROR  (0s wall)
[cfg3_CPLEX-CP-T] instance_40_25_5_24 | 11:37:16 ... TIMEOUT_FEASIBLE  (300s wall)
[cfg3_CPLEX-CP-T] instance_40_25_5_25 | 11:42:16 ... TIMEOUT_FEASIBLE  (300s wall)
[cfg3_CPLEX-CP-T] instance_40_25_5_26 | 11:47:16 ... TIMEOUT_FEASIBLE  (300s wall)
[cfg3_CPLEX-CP-T] instance_40_25_5_27 | 11:52:16 ... TIMEOUT_FEASIBLE  (300s wall)
[cfg3_CPLEX-CP-T] instance_40_25_5_28 | 11:57:16 ... TIMEOUT_FEASIBLE  (300s wall)
[cfg3_CPLEX-CP-T] instance_40_25_5_29 | 12:02:16 ... TIMEOUT_FEASIBLE  (300s wall)
[cfg3_CPLEX-CP-T] instance_40_25_5_3 | 12:07:16 ... error: invalid HCORAP instance: SU row count does not match U
ERROR  (0s wall)
[cfg3_CPLEX-CP-T] instance_40_25_5_30 | 12:07:16 ... TIMEOUT_FEASIBLE  (300s wall)
[cfg3_CPLEX-CP-T] instance_40_25_5_31 | 12:12:16 ... error: invalid HCORAP instance: SU row count does not match U
ERROR  (0s wall)
[cfg3_CPLEX-CP-T] instance_40_25_5_32 | 12:12:16 ... TIMEOUT_FEASIBLE  (300s wall)
[cfg3_CPLEX-CP-T] instance_40_25_5_33 | 12:17:16 ... error: invalid HCORAP instance: SU row count does not match U
ERROR  (0s wall)
[cfg3_CPLEX-CP-T] instance_40_25_5_34 | 12:17:16 ... error: invalid HCORAP instance: SU row count does not match U
ERROR  (0s wall)
[cfg3_CPLEX-CP-T] instance_40_25_5_35 | 12:17:16 ... error: invalid HCORAP instance: SU row count does not match U
ERROR  (0s wall)
[cfg3_CPLEX-CP-T] instance_40_25_5_36 | 12:17:16 ... TIMEOUT_FEASIBLE  (300s wall)
[cfg3_CPLEX-CP-T] instance_40_25_5_37 | 12:22:16 ... TIMEOUT_FEASIBLE  (300s wall)
[cfg3_CPLEX-CP-T] instance_40_25_5_38 | 12:27:17 ... TIMEOUT_FEASIBLE  (301s wall)
[cfg3_CPLEX-CP-T] instance_40_25_5_39 | 12:32:17 ... TIMEOUT_FEASIBLE  (300s wall)
[cfg3_CPLEX-CP-T] instance_40_25_5_4 | 12:37:17 ... error: invalid HCORAP instance: SU row count does not match U
ERROR  (0s wall)
[cfg3_CPLEX-CP-T] instance_40_25_5_40 | 12:37:17 ... TIMEOUT_FEASIBLE  (300s wall)
[cfg3_CPLEX-CP-T] instance_40_25_5_41 | 12:42:17 ... TIMEOUT_FEASIBLE  (300s wall)
[cfg3_CPLEX-CP-T] instance_40_25_5_42 | 12:47:17 ... TIMEOUT_FEASIBLE  (300s wall)
[cfg3_CPLEX-CP-T] instance_40_25_5_43 | 12:52:17 ... error: invalid HCORAP instance: SU row count does not match U
ERROR  (0s wall)
[cfg3_CPLEX-CP-T] instance_40_25_5_44 | 12:52:17 ... TIMEOUT_FEASIBLE  (300s wall)
[cfg3_CPLEX-CP-T] instance_40_25_5_45 | 12:57:17 ... TIMEOUT_FEASIBLE  (300s wall)
[cfg3_CPLEX-CP-T] instance_40_25_5_46 | 13:02:17 ... INFEASIBLE  (0s wall)
[cfg3_CPLEX-CP-T] instance_40_25_5_47 | 13:02:17 ... TIMEOUT_FEASIBLE  (300s wall)
[cfg3_CPLEX-CP-T] instance_40_25_5_48 | 13:07:17 ... TIMEOUT_FEASIBLE  (300s wall)
[cfg3_CPLEX-CP-T] instance_40_25_5_49 | 13:12:17 ... TIMEOUT_FEASIBLE  (300s wall)
[cfg3_CPLEX-CP-T] instance_40_25_5_5 | 13:17:17 ... TIMEOUT_FEASIBLE  (300s wall)
[cfg3_CPLEX-CP-T] instance_40_25_5_50 | 13:22:17 ... TIMEOUT_FEASIBLE  (300s wall)
[cfg3_CPLEX-CP-T] instance_40_25_5_6 | 13:27:17 ... error: invalid HCORAP instance: SU row count does not match U
ERROR  (0s wall)
[cfg3_CPLEX-CP-T] instance_40_25_5_7 | 13:27:17 ... TIMEOUT_FEASIBLE  (300s wall)
[cfg3_CPLEX-CP-T] instance_40_25_5_8 | 13:32:17 ... TIMEOUT_FEASIBLE  (300s wall)
[cfg3_CPLEX-CP-T] instance_40_25_5_9 | 13:37:18 ... TIMEOUT_FEASIBLE  (300s wall)
[cfg4_CPLEX-CP-I] instance_30_15_4_1 | 13:42:18 ... Warning: Boolean expression 'presenceOf' is always true because interval variable 'service_101' is declared present.
           presenceOf(service_101)
Warning: Boolean expression 'presenceOf' is always true because interval variable 'service_0' is declared present.
           presenceOf(service_0)
Warning: Boolean expression 'presenceOf' is always true because interval variable 'service_57' is declared present.
           presenceOf(service_57)
Warning: Boolean expression 'presenceOf' is always true because interval variable 'service_97' is declared present.
           presenceOf(service_97)
Warning: Boolean expression 'presenceOf' is always true because interval variable 'service_9' is declared present.
           presenceOf(service_9)
Warning: Boolean expression 'presenceOf' is always true because interval variable 'service_55' is declared present.
           presenceOf(service_55)
Warning: Boolean expression 'presenceOf' is always true because interval variable 'service_81' is declared present.
           presenceOf(service_81)
Warning: Boolean expression 'presenceOf' is always true because interval variable 'service_103' is declared present.
           presenceOf(service_103)
Warning: Boolean expression 'presenceOf' is always true because interval variable 'service_14' is declared present.
           presenceOf(service_14)
Warning: Boolean expression 'presenceOf' is always true because interval variable 'service_59' is declared present.
           presenceOf(service_59)
Warning: Boolean expression 'presenceOf' is always true because interval variable 'service_67' is declared present.
           presenceOf(service_67)
Warning: Boolean expression 'presenceOf' is always true because interval variable 'service_115' is declared present.
           presenceOf(service_115)
Warning: Boolean expression 'presenceOf' is always true because interval variable 'service_11' is declared present.
           presenceOf(service_11)
Warning: Boolean expression 'presenceOf' is always true because interval variable 'service_36' is declared present.
           presenceOf(service_36)
Warning: Boolean expression 'presenceOf' is always true because interval variable 'service_21' is declared present.
           presenceOf(service_21)
Warning: Boolean expression 'presenceOf' is always true because interval variable 'service_41' is declared present.
           presenceOf(service_41)
Warning: Boolean expression 'presenceOf' is always true because interval variable 'service_60' is declared present.
           presenceOf(service_60)
Warning: Boolean expression 'presenceOf' is always true because interval variable 'service_24' is declared present.
           presenceOf(service_24)
Warning: Boolean expression 'presenceOf' is always true because interval variable 'service_69' is declared present.
           presenceOf(service_69)
Warning: Boolean expression 'presenceOf' is always true because interval variable 'service_19' is declared present.
           presenceOf(service_19)
   Too many warnings of this type. Suppressing further warnings of this type.
TIMEOUT_FEASIBLE  (300s wall)
[cfg4_CPLEX-CP-I] instance_30_15_4_10 | 13:47:18 ... Warning: Boolean expression 'presenceOf' is always true because interval variable 'service_40' is declared present.
           presenceOf(service_40)
Warning: Boolean expression 'presenceOf' is always true because interval variable 'service_0' is declared present.
           presenceOf(service_0)
Warning: Boolean expression 'presenceOf' is always true because interval variable 'service_68' is declared present.
           presenceOf(service_68)
Warning: Boolean expression 'presenceOf' is always true because interval variable 'service_109' is declared present.
           presenceOf(service_109)
Warning: Boolean expression 'presenceOf' is always true because interval variable 'service_95' is declared present.
           presenceOf(service_95)
Warning: Boolean expression 'presenceOf' is always true because interval variable 'service_34' is declared present.
           presenceOf(service_34)
Warning: Boolean expression 'presenceOf' is always true because interval variable 'service_54' is declared present.
           presenceOf(service_54)
Warning: Boolean expression 'presenceOf' is always true because interval variable 'service_77' is declared present.
           presenceOf(service_77)
Warning: Boolean expression 'presenceOf' is always true because interval variable 'service_42' is declared present.
           presenceOf(service_42)
Warning: Boolean expression 'presenceOf' is always true because interval variable 'service_89' is declared present.
           presenceOf(service_89)
Warning: Boolean expression 'presenceOf' is always true because interval variable 'service_106' is declared present.
           presenceOf(service_106)
Warning: Boolean expression 'presenceOf' is always true because interval variable 'service_25' is declared present.
           presenceOf(service_25)
Warning: Boolean expression 'presenceOf' is always true because interval variable 'service_43' is declared present.
           presenceOf(service_43)
Warning: Boolean expression 'presenceOf' is always true because interval variable 'service_61' is declared present.
           presenceOf(service_61)
Warning: Boolean expression 'presenceOf' is always true because interval variable 'service_80' is declared present.
           presenceOf(service_80)
Warning: Boolean expression 'presenceOf' is always true because interval variable 'service_26' is declared present.
           presenceOf(service_26)
Warning: Boolean expression 'presenceOf' is always true because interval variable 'service_104' is declared present.
           presenceOf(service_104)
Warning: Boolean expression 'presenceOf' is always true because interval variable 'service_14' is declared present.
           presenceOf(service_14)
Warning: Boolean expression 'presenceOf' is always true because interval variable 'service_4' is declared present.
           presenceOf(service_4)
Warning: Boolean expression 'presenceOf' is always true because interval variable 'service_9' is declared present.
           presenceOf(service_9)
   Too many warnings of this type. Suppressing further warnings of this type.
TIMEOUT_FEASIBLE  (300s wall)
[cfg4_CPLEX-CP-I] instance_30_15_4_11 | 13:52:18 ... error: invalid HCORAP instance: SU row count does not match U
ERROR  (0s wall)
[cfg4_CPLEX-CP-I] instance_30_15_4_12 | 13:52:18 ... error: invalid HCORAP instance: SU row count does not match U
ERROR  (0s wall)
[cfg4_CPLEX-CP-I] instance_30_15_4_13 | 13:52:18 ... Warning: Boolean expression 'presenceOf' is always true because interval variable 'service_29' is declared present.
           presenceOf(service_29)
Warning: Boolean expression 'presenceOf' is always true because interval variable 'service_85' is declared present.
           presenceOf(service_85)
Warning: Boolean expression 'presenceOf' is always true because interval variable 'service_34' is declared present.
           presenceOf(service_34)
Warning: Boolean expression 'presenceOf' is always true because interval variable 'service_42' is declared present.
           presenceOf(service_42)
Warning: Boolean expression 'presenceOf' is always true because interval variable 'service_36' is declared present.
           presenceOf(service_36)
Warning: Boolean expression 'presenceOf' is always true because interval variable 'service_50' is declared present.
           presenceOf(service_50)
Warning: Boolean expression 'presenceOf' is always true because interval variable 'service_61' is declared present.
           presenceOf(service_61)
Warning: Boolean expression 'presenceOf' is always true because interval variable 'service_117' is declared present.
           presenceOf(service_117)
Warning: Boolean expression 'presenceOf' is always true because interval variable 'service_15' is declared present.
           presenceOf(service_15)
Warning: Boolean expression 'presenceOf' is always true because interval variable 'service_19' is declared present.
           presenceOf(service_19)
Warning: Boolean expression 'presenceOf' is always true because interval variable 'service_32' is declared present.
           presenceOf(service_32)
Warning: Boolean expression 'presenceOf' is always true because interval variable 'service_87' is declared present.
           presenceOf(service_87)
Warning: Boolean expression 'presenceOf' is always true because interval variable 'service_97' is declared present.
           presenceOf(service_97)
Warning: Boolean expression 'presenceOf' is always true because interval variable 'service_44' is declared present.
           presenceOf(service_44)
Warning: Boolean expression 'presenceOf' is always true because interval variable 'service_107' is declared present.
           presenceOf(service_107)
Warning: Boolean expression 'presenceOf' is always true because interval variable 'service_1' is declared present.
           presenceOf(service_1)
Warning: Boolean expression 'presenceOf' is always true because interval variable 'service_89' is declared present.
           presenceOf(service_89)
Warning: Boolean expression 'presenceOf' is always true because interval variable 'service_53' is declared present.
           presenceOf(service_53)
Warning: Boolean expression 'presenceOf' is always true because interval variable 'service_69' is declared present.
           presenceOf(service_69)
Warning: Boolean expression 'presenceOf' is always true because interval variable 'service_74' is declared present.
           presenceOf(service_74)
   Too many warnings of this type. Suppressing further warnings of this type.
TIMEOUT_FEASIBLE  (300s wall)
[cfg4_CPLEX-CP-I] instance_30_15_4_14 | 13:57:18 ... Warning: Boolean expression 'presenceOf' is always true because interval variable 'service_79' is declared present.
           presenceOf(service_79)
Warning: Boolean expression 'presenceOf' is always true because interval variable 'service_87' is declared present.
           presenceOf(service_87)
Warning: Boolean expression 'presenceOf' is always true because interval variable 'service_23' is declared present.
           presenceOf(service_23)
Warning: Boolean expression 'presenceOf' is always true because interval variable 'service_48' is declared present.
           presenceOf(service_48)
Warning: Boolean expression 'presenceOf' is always true because interval variable 'service_98' is declared present.
           presenceOf(service_98)
Warning: Boolean expression 'presenceOf' is always true because interval variable 'service_14' is declared present.
           presenceOf(service_14)
Warning: Boolean expression 'presenceOf' is always true because interval variable 'service_54' is declared present.
           presenceOf(service_54)
Warning: Boolean expression 'presenceOf' is always true because interval variable 'service_6' is declared present.
           presenceOf(service_6)
Warning: Boolean expression 'presenceOf' is always true because interval variable 'service_78' is declared present.
           presenceOf(service_78)
Warning: Boolean expression 'presenceOf' is always true because interval variable 'service_92' is declared present.
           presenceOf(service_92)
Warning: Boolean expression 'presenceOf' is always true because interval variable 'service_90' is declared present.
           presenceOf(service_90)
Warning: Boolean expression 'presenceOf' is always true because interval variable 'service_3' is declared present.
           presenceOf(service_3)
Warning: Boolean expression 'presenceOf' is always true because interval variable 'service_27' is declared present.
           presenceOf(service_27)
Warning: Boolean expression 'presenceOf' is always true because interval variable 'service_58' is declared present.
           presenceOf(service_58)
Warning: Boolean expression 'presenceOf' is always true because interval variable 'service_70' is declared present.
           presenceOf(service_70)
Warning: Boolean expression 'presenceOf' is always true because interval variable 'service_95' is declared present.
           presenceOf(service_95)
Warning: Boolean expression 'presenceOf' is always true because interval variable 'service_61' is declared present.
           presenceOf(service_61)
Warning: Boolean expression 'presenceOf' is always true because interval variable 'service_84' is declared present.
           presenceOf(service_84)
Warning: Boolean expression 'presenceOf' is always true because interval variable 'service_99' is declared present.
           presenceOf(service_99)
Warning: Boolean expression 'presenceOf' is always true because interval variable 'service_60' is declared present.
           presenceOf(service_60)
   Too many warnings of this type. Suppressing further warnings of this type.
TIMEOUT_FEASIBLE  (300s wall)
[cfg4_CPLEX-CP-I] instance_30_15_4_15 | 14:02:18 ... Warning: Boolean expression 'presenceOf' is always true because interval variable 'service_5' is declared present.
           presenceOf(service_5)
Warning: Boolean expression 'presenceOf' is always true because interval variable 'service_7' is declared present.
           presenceOf(service_7)
Warning: Boolean expression 'presenceOf' is always true because interval variable 'service_109' is declared present.
           presenceOf(service_109)
Warning: Boolean expression 'presenceOf' is always true because interval variable 'service_117' is declared present.
           presenceOf(service_117)
Warning: Boolean expression 'presenceOf' is always true because interval variable 'service_31' is declared present.
           presenceOf(service_31)
Warning: Boolean expression 'presenceOf' is always true because interval variable 'service_110' is declared present.
           presenceOf(service_110)
Warning: Boolean expression 'presenceOf' is always true because interval variable 'service_30' is declared present.
           presenceOf(service_30)
Warning: Boolean expression 'presenceOf' is always true because interval variable 'service_6' is declared present.
           presenceOf(service_6)
Warning: Boolean expression 'presenceOf' is always true because interval variable 'service_66' is declared present.
           presenceOf(service_66)
Warning: Boolean expression 'presenceOf' is always true because interval variable 'service_56' is declared present.
           presenceOf(service_56)
Warning: Boolean expression 'presenceOf' is always true because interval variable 'service_69' is declared present.
           presenceOf(service_69)
Warning: Boolean expression 'presenceOf' is always true because interval variable 'service_96' is declared present.
           presenceOf(service_96)
Warning: Boolean expression 'presenceOf' is always true because interval variable 'service_106' is declared present.
           presenceOf(service_106)
Warning: Boolean expression 'presenceOf' is always true because interval variable 'service_63' is declared present.
           presenceOf(service_63)
Warning: Boolean expression 'presenceOf' is always true because interval variable 'service_3' is declared present.
           presenceOf(service_3)
Warning: Boolean expression 'presenceOf' is always true because interval variable 'service_40' is declared present.
           presenceOf(service_40)
Warning: Boolean expression 'presenceOf' is always true because interval variable 'service_43' is declared present.
           presenceOf(service_43)
Warning: Boolean expression 'presenceOf' is always true because interval variable 'service_24' is declared present.
           presenceOf(service_24)
Warning: Boolean expression 'presenceOf' is always true because interval variable 'service_52' is declared present.
           presenceOf(service_52)
Warning: Boolean expression 'presenceOf' is always true because interval variable 'service_78' is declared present.
           presenceOf(service_78)
   Too many warnings of this type. Suppressing further warnings of this type.
TIMEOUT_FEASIBLE  (300s wall)
[cfg4_CPLEX-CP-I] instance_30_15_4_16 | 14:07:18 ... Warning: Boolean expression 'presenceOf' is always true because interval variable 'service_68' is declared present.
           presenceOf(service_68)
Warning: Boolean expression 'presenceOf' is always true because interval variable 'service_81' is declared present.
           presenceOf(service_81)
Warning: Boolean expression 'presenceOf' is always true because interval variable 'service_25' is declared present.
           presenceOf(service_25)
Warning: Boolean expression 'presenceOf' is always true because interval variable 'service_51' is declared present.
           presenceOf(service_51)
Warning: Boolean expression 'presenceOf' is always true because interval variable 'service_86' is declared present.
           presenceOf(service_86)
Warning: Boolean expression 'presenceOf' is always true because interval variable 'service_87' is declared present.
           presenceOf(service_87)
Warning: Boolean expression 'presenceOf' is always true because interval variable 'service_108' is declared present.
           presenceOf(service_108)
Warning: Boolean expression 'presenceOf' is always true because interval variable 'service_104' is declared present.
           presenceOf(service_104)
Warning: Boolean expression 'presenceOf' is always true because interval variable 'service_92' is declared present.
           presenceOf(service_92)
Warning: Boolean expression 'presenceOf' is always true because interval variable 'service_6' is declared present.
           presenceOf(service_6)
Warning: Boolean expression 'presenceOf' is always true because interval variable 'service_58' is declared present.
           presenceOf(service_58)
Warning: Boolean expression 'presenceOf' is always true because interval variable 'service_78' is declared present.
           presenceOf(service_78)
Warning: Boolean expression 'presenceOf' is always true because interval variable 'service_33' is declared present.
           presenceOf(service_33)
Warning: Boolean expression 'presenceOf' is always true because interval variable 'service_77' is declared present.
           presenceOf(service_77)
Warning: Boolean expression 'presenceOf' is always true because interval variable 'service_116' is declared present.
           presenceOf(service_116)
Warning: Boolean expression 'presenceOf' is always true because interval variable 'service_59' is declared present.
           presenceOf(service_59)
Warning: Boolean expression 'presenceOf' is always true because interval variable 'service_8' is declared present.
           presenceOf(service_8)
Warning: Boolean expression 'presenceOf' is always true because interval variable 'service_55' is declared present.
           presenceOf(service_55)
Warning: Boolean expression 'presenceOf' is always true because interval variable 'service_119' is declared present.
           presenceOf(service_119)
Warning: Boolean expression 'presenceOf' is always true because interval variable 'service_11' is declared present.
           presenceOf(service_11)
   Too many warnings of this type. Suppressing further warnings of this type.
TIMEOUT_FEASIBLE  (300s wall)
[cfg4_CPLEX-CP-I] instance_30_15_4_17 | 14:12:18 ... Warning: Boolean expression 'presenceOf' is always true because interval variable 'service_118' is declared present.
           presenceOf(service_118)
Warning: Boolean expression 'presenceOf' is always true because interval variable 'service_116' is declared present.
           presenceOf(service_116)
Warning: Boolean expression 'presenceOf' is always true because interval variable 'service_45' is declared present.
           presenceOf(service_45)
Warning: Boolean expression 'presenceOf' is always true because interval variable 'service_56' is declared present.
           presenceOf(service_56)
Warning: Boolean expression 'presenceOf' is always true because interval variable 'service_58' is declared present.
           presenceOf(service_58)
Warning: Boolean expression 'presenceOf' is always true because interval variable 'service_41' is declared present.
           presenceOf(service_41)
Warning: Boolean expression 'presenceOf' is always true because interval variable 'service_55' is declared present.
           presenceOf(service_55)
Warning: Boolean expression 'presenceOf' is always true because interval variable 'service_27' is declared present.
           presenceOf(service_27)
Warning: Boolean expression 'presenceOf' is always true because interval variable 'service_78' is declared present.
           presenceOf(service_78)
Warning: Boolean expression 'presenceOf' is always true because interval variable 'service_93' is declared present.
           presenceOf(service_93)
Warning: Boolean expression 'presenceOf' is always true because interval variable 'service_89' is declared present.
           presenceOf(service_89)
Warning: Boolean expression 'presenceOf' is always true because interval variable 'service_8' is declared present.
           presenceOf(service_8)
Warning: Boolean expression 'presenceOf' is always true because interval variable 'service_65' is declared present.
           presenceOf(service_65)
Warning: Boolean expression 'presenceOf' is always true because interval variable 'service_91' is declared present.
           presenceOf(service_91)
Warning: Boolean expression 'presenceOf' is always true because interval variable 'service_94' is declared present.
           presenceOf(service_94)
Warning: Boolean expression 'presenceOf' is always true because interval variable 'service_37' is declared present.
           presenceOf(service_37)
Warning: Boolean expression 'presenceOf' is always true because interval variable 'service_75' is declared present.
           presenceOf(service_75)
Warning: Boolean expression 'presenceOf' is always true because interval variable 'service_81' is declared present.
           presenceOf(service_81)
Warning: Boolean expression 'presenceOf' is always true because interval variable 'service_98' is declared present.
           presenceOf(service_98)
Warning: Boolean expression 'presenceOf' is always true because interval variable 'service_109' is declared present.
           presenceOf(service_109)
   Too many warnings of this type. Suppressing further warnings of this type.
TIMEOUT_FEASIBLE  (300s wall)
[cfg4_CPLEX-CP-I] instance_30_15_4_18 | 14:17:18 ... Warning: Boolean expression 'presenceOf' is always true because interval variable 'service_87' is declared present.
           presenceOf(service_87)
Warning: Boolean expression 'presenceOf' is always true because interval variable 'service_12' is declared present.
           presenceOf(service_12)
Warning: Boolean expression 'presenceOf' is always true because interval variable 'service_94' is declared present.
           presenceOf(service_94)
Warning: Boolean expression 'presenceOf' is always true because interval variable 'service_98' is declared present.
           presenceOf(service_98)
Warning: Boolean expression 'presenceOf' is always true because interval variable 'service_78' is declared present.
           presenceOf(service_78)
Warning: Boolean expression 'presenceOf' is always true because interval variable 'service_84' is declared present.
           presenceOf(service_84)
Warning: Boolean expression 'presenceOf' is always true because interval variable 'service_82' is declared present.
           presenceOf(service_82)
Warning: Boolean expression 'presenceOf' is always true because interval variable 'service_2' is declared present.
           presenceOf(service_2)
Warning: Boolean expression 'presenceOf' is always true because interval variable 'service_27' is declared present.
           presenceOf(service_27)
Warning: Boolean expression 'presenceOf' is always true because interval variable 'service_50' is declared present.
           presenceOf(service_50)
Warning: Boolean expression 'presenceOf' is always true because interval variable 'service_6' is declared present.
           presenceOf(service_6)
Warning: Boolean expression 'presenceOf' is always true because interval variable 'service_28' is declared present.
           presenceOf(service_28)
Warning: Boolean expression 'presenceOf' is always true because interval variable 'service_86' is declared present.
           presenceOf(service_86)
Warning: Boolean expression 'presenceOf' is always true because interval variable 'service_114' is declared present.
           presenceOf(service_114)
Warning: Boolean expression 'presenceOf' is always true because interval variable 'service_103' is declared present.
           presenceOf(service_103)
Warning: Boolean expression 'presenceOf' is always true because interval variable 'service_117' is declared present.
           presenceOf(service_117)
Warning: Boolean expression 'presenceOf' is always true because interval variable 'service_69' is declared present.
           presenceOf(service_69)
Warning: Boolean expression 'presenceOf' is always true because interval variable 'service_113' is declared present.
           presenceOf(service_113)
Warning: Boolean expression 'presenceOf' is always true because interval variable 'service_14' is declared present.
           presenceOf(service_14)
Warning: Boolean expression 'presenceOf' is always true because interval variable 'service_5' is declared present.
           presenceOf(service_5)
   Too many warnings of this type. Suppressing further warnings of this type.
TIMEOUT_FEASIBLE  (300s wall)
[cfg4_CPLEX-CP-I] instance_30_15_4_19 | 14:22:18 ... error: invalid HCORAP instance: SU row count does not match U
ERROR  (0s wall)
[cfg4_CPLEX-CP-I] instance_30_15_4_2 | 14:22:18 ... Warning: Boolean expression 'presenceOf' is always true because interval variable 'service_28' is declared present.
           presenceOf(service_28)
Warning: Boolean expression 'presenceOf' is always true because interval variable 'service_106' is declared present.
           presenceOf(service_106)
Warning: Boolean expression 'presenceOf' is always true because interval variable 'service_91' is declared present.
           presenceOf(service_91)
Warning: Boolean expression 'presenceOf' is always true because interval variable 'service_39' is declared present.
           presenceOf(service_39)
Warning: Boolean expression 'presenceOf' is always true because interval variable 'service_88' is declared present.
           presenceOf(service_88)
Warning: Boolean expression 'presenceOf' is always true because interval variable 'service_1' is declared present.
           presenceOf(service_1)
Warning: Boolean expression 'presenceOf' is always true because interval variable 'service_68' is declared present.
           presenceOf(service_68)
Warning: Boolean expression 'presenceOf' is always true because interval variable 'service_37' is declared present.
           presenceOf(service_37)
Warning: Boolean expression 'presenceOf' is always true because interval variable 'service_49' is declared present.
           presenceOf(service_49)
Warning: Boolean expression 'presenceOf' is always true because interval variable 'service_51' is declared present.
           presenceOf(service_51)
Warning: Boolean expression 'presenceOf' is always true because interval variable 'service_29' is declared present.
           presenceOf(service_29)
Warning: Boolean expression 'presenceOf' is always true because interval variable 'service_47' is declared present.
           presenceOf(service_47)
Warning: Boolean expression 'presenceOf' is always true because interval variable 'service_11' is declared present.
           presenceOf(service_11)
Warning: Boolean expression 'presenceOf' is always true because interval variable 'service_54' is declared present.
           presenceOf(service_54)
Warning: Boolean expression 'presenceOf' is always true because interval variable 'service_18' is declared present.
           presenceOf(service_18)
Warning: Boolean expression 'presenceOf' is always true because interval variable 'service_113' is declared present.
           presenceOf(service_113)
Warning: Boolean expression 'presenceOf' is always true because interval variable 'service_26' is declared present.
           presenceOf(service_26)
Warning: Boolean expression 'presenceOf' is always true because interval variable 'service_46' is declared present.
           presenceOf(service_46)
Warning: Boolean expression 'presenceOf' is always true because interval variable 'service_59' is declared present.
           presenceOf(service_59)
Warning: Boolean expression 'presenceOf' is always true because interval variable 'service_60' is declared present.
           presenceOf(service_60)
   Too many warnings of this type. Suppressing further warnings of this type.
TIMEOUT_FEASIBLE  (300s wall)
[cfg4_CPLEX-CP-I] instance_30_15_4_20 | 14:27:18 ... Warning: Boolean expression 'presenceOf' is always true because interval variable 'service_41' is declared present.
           presenceOf(service_41)
Warning: Boolean expression 'presenceOf' is always true because interval variable 'service_65' is declared present.
           presenceOf(service_65)
Warning: Boolean expression 'presenceOf' is always true because interval variable 'service_50' is declared present.
           presenceOf(service_50)
Warning: Boolean expression 'presenceOf' is always true because interval variable 'service_57' is declared present.
           presenceOf(service_57)
Warning: Boolean expression 'presenceOf' is always true because interval variable 'service_88' is declared present.
           presenceOf(service_88)
Warning: Boolean expression 'presenceOf' is always true because interval variable 'service_78' is declared present.
           presenceOf(service_78)
Warning: Boolean expression 'presenceOf' is always true because interval variable 'service_63' is declared present.
           presenceOf(service_63)
Warning: Boolean expression 'presenceOf' is always true because interval variable 'service_3' is declared present.
           presenceOf(service_3)
Warning: Boolean expression 'presenceOf' is always true because interval variable 'service_59' is declared present.
           presenceOf(service_59)
Warning: Boolean expression 'presenceOf' is always true because interval variable 'service_28' is declared present.
           presenceOf(service_28)
Warning: Boolean expression 'presenceOf' is always true because interval variable 'service_100' is declared present.
           presenceOf(service_100)
Warning: Boolean expression 'presenceOf' is always true because interval variable 'service_71' is declared present.
           presenceOf(service_71)
Warning: Boolean expression 'presenceOf' is always true because interval variable 'service_8' is declared present.
           presenceOf(service_8)
Warning: Boolean expression 'presenceOf' is always true because interval variable 'service_37' is declared present.
           presenceOf(service_37)
Warning: Boolean expression 'presenceOf' is always true because interval variable 'service_60' is declared present.
           presenceOf(service_60)
Warning: Boolean expression 'presenceOf' is always true because interval variable 'service_99' is declared present.
           presenceOf(service_99)
Warning: Boolean expression 'presenceOf' is always true because interval variable 'service_33' is declared present.
           presenceOf(service_33)
Warning: Boolean expression 'presenceOf' is always true because interval variable 'service_9' is declared present.
           presenceOf(service_9)
Warning: Boolean expression 'presenceOf' is always true because interval variable 'service_83' is declared present.
           presenceOf(service_83)
Warning: Boolean expression 'presenceOf' is always true because interval variable 'service_42' is declared present.
           presenceOf(service_42)
   Too many warnings of this type. Suppressing further warnings of this type.
TIMEOUT_FEASIBLE  (300s wall)
[cfg4_CPLEX-CP-I] instance_30_15_4_21 | 14:32:18 ... INFEASIBLE  (0s wall)
[cfg4_CPLEX-CP-I] instance_30_15_4_22 | 14:32:18 ... error: invalid HCORAP instance: SU row count does not match U
ERROR  (0s wall)
[cfg4_CPLEX-CP-I] instance_30_15_4_23 | 14:32:18 ... error: invalid HCORAP instance: SU row count does not match U
ERROR  (0s wall)
[cfg4_CPLEX-CP-I] instance_30_15_4_24 | 14:32:19 ... Warning: Boolean expression 'presenceOf' is always true because interval variable 'service_8' is declared present.
           presenceOf(service_8)
Warning: Boolean expression 'presenceOf' is always true because interval variable 'service_30' is declared present.
           presenceOf(service_30)
Warning: Boolean expression 'presenceOf' is always true because interval variable 'service_97' is declared present.
           presenceOf(service_97)
Warning: Boolean expression 'presenceOf' is always true because interval variable 'service_27' is declared present.
           presenceOf(service_27)
Warning: Boolean expression 'presenceOf' is always true because interval variable 'service_61' is declared present.
           presenceOf(service_61)
Warning: Boolean expression 'presenceOf' is always true because interval variable 'service_75' is declared present.
           presenceOf(service_75)
Warning: Boolean expression 'presenceOf' is always true because interval variable 'service_77' is declared present.
           presenceOf(service_77)
Warning: Boolean expression 'presenceOf' is always true because interval variable 'service_105' is declared present.
           presenceOf(service_105)
Warning: Boolean expression 'presenceOf' is always true because interval variable 'service_33' is declared present.
           presenceOf(service_33)
Warning: Boolean expression 'presenceOf' is always true because interval variable 'service_32' is declared present.
           presenceOf(service_32)
Warning: Boolean expression 'presenceOf' is always true because interval variable 'service_58' is declared present.
           presenceOf(service_58)
Warning: Boolean expression 'presenceOf' is always true because interval variable 'service_38' is declared present.
           presenceOf(service_38)
Warning: Boolean expression 'presenceOf' is always true because interval variable 'service_54' is declared present.
           presenceOf(service_54)
Warning: Boolean expression 'presenceOf' is always true because interval variable 'service_59' is declared present.
           presenceOf(service_59)
Warning: Boolean expression 'presenceOf' is always true because interval variable 'service_28' is declared present.
           presenceOf(service_28)
Warning: Boolean expression 'presenceOf' is always true because interval variable 'service_74' is declared present.
           presenceOf(service_74)
Warning: Boolean expression 'presenceOf' is always true because interval variable 'service_24' is declared present.
           presenceOf(service_24)
Warning: Boolean expression 'presenceOf' is always true because interval variable 'service_34' is declared present.
           presenceOf(service_34)
Warning: Boolean expression 'presenceOf' is always true because interval variable 'service_67' is declared present.
           presenceOf(service_67)
Warning: Boolean expression 'presenceOf' is always true because interval variable 'service_90' is declared present.
           presenceOf(service_90)
   Too many warnings of this type. Suppressing further warnings of this type.
TIMEOUT_FEASIBLE  (300s wall)
[cfg4_CPLEX-CP-I] instance_30_15_4_25 | 14:37:19 ... Warning: Boolean expression 'presenceOf' is always true because interval variable 'service_29' is declared present.
           presenceOf(service_29)
Warning: Boolean expression 'presenceOf' is always true because interval variable 'service_64' is declared present.
           presenceOf(service_64)
Warning: Boolean expression 'presenceOf' is always true because interval variable 'service_80' is declared present.
           presenceOf(service_80)
Warning: Boolean expression 'presenceOf' is always true because interval variable 'service_20' is declared present.
           presenceOf(service_20)
Warning: Boolean expression 'presenceOf' is always true because interval variable 'service_8' is declared present.
           presenceOf(service_8)
Warning: Boolean expression 'presenceOf' is always true because interval variable 'service_17' is declared present.
           presenceOf(service_17)
Warning: Boolean expression 'presenceOf' is always true because interval variable 'service_117' is declared present.
           presenceOf(service_117)
Warning: Boolean expression 'presenceOf' is always true because interval variable 'service_33' is declared present.
           presenceOf(service_33)
Warning: Boolean expression 'presenceOf' is always true because interval variable 'service_53' is declared present.
           presenceOf(service_53)
Warning: Boolean expression 'presenceOf' is always true because interval variable 'service_22' is declared present.
           presenceOf(service_22)
Warning: Boolean expression 'presenceOf' is always true because interval variable 'service_6' is declared present.
           presenceOf(service_6)
Warning: Boolean expression 'presenceOf' is always true because interval variable 'service_21' is declared present.
           presenceOf(service_21)
Warning: Boolean expression 'presenceOf' is always true because interval variable 'service_97' is declared present.
           presenceOf(service_97)
Warning: Boolean expression 'presenceOf' is always true because interval variable 'service_113' is declared present.
           presenceOf(service_113)
Warning: Boolean expression 'presenceOf' is always true because interval variable 'service_67' is declared present.
           presenceOf(service_67)
Warning: Boolean expression 'presenceOf' is always true because interval variable 'service_51' is declared present.
           presenceOf(service_51)
Warning: Boolean expression 'presenceOf' is always true because interval variable 'service_32' is declared present.
           presenceOf(service_32)
Warning: Boolean expression 'presenceOf' is always true because interval variable 'service_79' is declared present.
           presenceOf(service_79)
Warning: Boolean expression 'presenceOf' is always true because interval variable 'service_55' is declared present.
           presenceOf(service_55)
Warning: Boolean expression 'presenceOf' is always true because interval variable 'service_87' is declared present.
           presenceOf(service_87)
   Too many warnings of this type. Suppressing further warnings of this type.
TIMEOUT_FEASIBLE  (300s wall)
[cfg4_CPLEX-CP-I] instance_30_15_4_26 | 14:42:19 ... error: invalid HCORAP instance: SU row count does not match U
ERROR  (0s wall)
[cfg4_CPLEX-CP-I] instance_30_15_4_27 | 14:42:19 ... Warning: Boolean expression 'presenceOf' is always true because interval variable 'service_18' is declared present.
           presenceOf(service_18)
Warning: Boolean expression 'presenceOf' is always true because interval variable 'service_88' is declared present.
           presenceOf(service_88)
Warning: Boolean expression 'presenceOf' is always true because interval variable 'service_87' is declared present.
           presenceOf(service_87)
Warning: Boolean expression 'presenceOf' is always true because interval variable 'service_38' is declared present.
           presenceOf(service_38)
Warning: Boolean expression 'presenceOf' is always true because interval variable 'service_19' is declared present.
           presenceOf(service_19)
Warning: Boolean expression 'presenceOf' is always true because interval variable 'service_25' is declared present.
           presenceOf(service_25)
Warning: Boolean expression 'presenceOf' is always true because interval variable 'service_58' is declared present.
           presenceOf(service_58)
Warning: Boolean expression 'presenceOf' is always true because interval variable 'service_74' is declared present.
           presenceOf(service_74)
Warning: Boolean expression 'presenceOf' is always true because interval variable 'service_81' is declared present.
           presenceOf(service_81)
Warning: Boolean expression 'presenceOf' is always true because interval variable 'service_108' is declared present.
           presenceOf(service_108)
Warning: Boolean expression 'presenceOf' is always true because interval variable 'service_66' is declared present.
           presenceOf(service_66)
Warning: Boolean expression 'presenceOf' is always true because interval variable 'service_76' is declared present.
           presenceOf(service_76)
Warning: Boolean expression 'presenceOf' is always true because interval variable 'service_23' is declared present.
           presenceOf(service_23)
Warning: Boolean expression 'presenceOf' is always true because interval variable 'service_112' is declared present.
           presenceOf(service_112)
Warning: Boolean expression 'presenceOf' is always true because interval variable 'service_26' is declared present.
           presenceOf(service_26)
Warning: Boolean expression 'presenceOf' is always true because interval variable 'service_67' is declared present.
           presenceOf(service_67)
Warning: Boolean expression 'presenceOf' is always true because interval variable 'service_51' is declared present.
           presenceOf(service_51)
Warning: Boolean expression 'presenceOf' is always true because interval variable 'service_115' is declared present.
           presenceOf(service_115)
Warning: Boolean expression 'presenceOf' is always true because interval variable 'service_40' is declared present.
           presenceOf(service_40)
Warning: Boolean expression 'presenceOf' is always true because interval variable 'service_46' is declared present.
           presenceOf(service_46)
   Too many warnings of this type. Suppressing further warnings of this type.
TIMEOUT_FEASIBLE  (300s wall)
[cfg4_CPLEX-CP-I] instance_30_15_4_28 | 14:47:19 ... error: invalid HCORAP instance: SU row count does not match U
ERROR  (0s wall)
[cfg4_CPLEX-CP-I] instance_30_15_4_29 | 14:47:19 ... Warning: Boolean expression 'presenceOf' is always true because interval variable 'service_3' is declared present.
           presenceOf(service_3)
Warning: Boolean expression 'presenceOf' is always true because interval variable 'service_94' is declared present.
           presenceOf(service_94)
Warning: Boolean expression 'presenceOf' is always true because interval variable 'service_77' is declared present.
           presenceOf(service_77)
Warning: Boolean expression 'presenceOf' is always true because interval variable 'service_69' is declared present.
           presenceOf(service_69)
Warning: Boolean expression 'presenceOf' is always true because interval variable 'service_66' is declared present.
           presenceOf(service_66)
Warning: Boolean expression 'presenceOf' is always true because interval variable 'service_100' is declared present.
           presenceOf(service_100)
Warning: Boolean expression 'presenceOf' is always true because interval variable 'service_17' is declared present.
           presenceOf(service_17)
Warning: Boolean expression 'presenceOf' is always true because interval variable 'service_34' is declared present.
           presenceOf(service_34)
Warning: Boolean expression 'presenceOf' is always true because interval variable 'service_44' is declared present.
           presenceOf(service_44)
Warning: Boolean expression 'presenceOf' is always true because interval variable 'service_99' is declared present.
           presenceOf(service_99)
Warning: Boolean expression 'presenceOf' is always true because interval variable 'service_53' is declared present.
           presenceOf(service_53)
Warning: Boolean expression 'presenceOf' is always true because interval variable 'service_73' is declared present.
           presenceOf(service_73)
Warning: Boolean expression 'presenceOf' is always true because interval variable 'service_88' is declared present.
           presenceOf(service_88)
Warning: Boolean expression 'presenceOf' is always true because interval variable 'service_113' is declared present.
           presenceOf(service_113)
Warning: Boolean expression 'presenceOf' is always true because interval variable 'service_89' is declared present.
           presenceOf(service_89)
Warning: Boolean expression 'presenceOf' is always true because interval variable 'service_110' is declared present.
           presenceOf(service_110)
Warning: Boolean expression 'presenceOf' is always true because interval variable 'service_8' is declared present.
           presenceOf(service_8)
Warning: Boolean expression 'presenceOf' is always true because interval variable 'service_31' is declared present.
           presenceOf(service_31)
Warning: Boolean expression 'presenceOf' is always true because interval variable 'service_79' is declared present.
           presenceOf(service_79)
Warning: Boolean expression 'presenceOf' is always true because interval variable 'service_91' is declared present.
           presenceOf(service_91)
   Too many warnings of this type. Suppressing further warnings of this type.
TIMEOUT_FEASIBLE  (300s wall)
[cfg4_CPLEX-CP-I] instance_30_15_4_3 | 14:52:19 ... Warning: Boolean expression 'presenceOf' is always true because interval variable 'service_37' is declared present.
           presenceOf(service_37)
Warning: Boolean expression 'presenceOf' is always true because interval variable 'service_65' is declared present.
           presenceOf(service_65)
Warning: Boolean expression 'presenceOf' is always true because interval variable 'service_25' is declared present.
           presenceOf(service_25)
Warning: Boolean expression 'presenceOf' is always true because interval variable 'service_99' is declared present.
           presenceOf(service_99)
Warning: Boolean expression 'presenceOf' is always true because interval variable 'service_69' is declared present.
           presenceOf(service_69)
Warning: Boolean expression 'presenceOf' is always true because interval variable 'service_59' is declared present.
           presenceOf(service_59)
Warning: Boolean expression 'presenceOf' is always true because interval variable 'service_98' is declared present.
           presenceOf(service_98)
Warning: Boolean expression 'presenceOf' is always true because interval variable 'service_70' is declared present.
           presenceOf(service_70)
Warning: Boolean expression 'presenceOf' is always true because interval variable 'service_47' is declared present.
           presenceOf(service_47)
Warning: Boolean expression 'presenceOf' is always true because interval variable 'service_118' is declared present.
           presenceOf(service_118)
Warning: Boolean expression 'presenceOf' is always true because interval variable 'service_5' is declared present.
           presenceOf(service_5)
Warning: Boolean expression 'presenceOf' is always true because interval variable 'service_22' is declared present.
           presenceOf(service_22)
Warning: Boolean expression 'presenceOf' is always true because interval variable 'service_97' is declared present.
           presenceOf(service_97)
Warning: Boolean expression 'presenceOf' is always true because interval variable 'service_63' is declared present.
           presenceOf(service_63)
Warning: Boolean expression 'presenceOf' is always true because interval variable 'service_61' is declared present.
           presenceOf(service_61)
Warning: Boolean expression 'presenceOf' is always true because interval variable 'service_38' is declared present.
           presenceOf(service_38)
Warning: Boolean expression 'presenceOf' is always true because interval variable 'service_57' is declared present.
           presenceOf(service_57)
Warning: Boolean expression 'presenceOf' is always true because interval variable 'service_46' is declared present.
           presenceOf(service_46)
Warning: Boolean expression 'presenceOf' is always true because interval variable 'service_82' is declared present.
           presenceOf(service_82)
Warning: Boolean expression 'presenceOf' is always true because interval variable 'service_35' is declared present.
           presenceOf(service_35)
   Too many warnings of this type. Suppressing further warnings of this type.
TIMEOUT_FEASIBLE  (300s wall)
[cfg4_CPLEX-CP-I] instance_30_15_4_30 | 14:57:19 ... Warning: Boolean expression 'presenceOf' is always true because interval variable 'service_76' is declared present.
           presenceOf(service_76)
Warning: Boolean expression 'presenceOf' is always true because interval variable 'service_82' is declared present.
           presenceOf(service_82)
Warning: Boolean expression 'presenceOf' is always true because interval variable 'service_11' is declared present.
           presenceOf(service_11)
Warning: Boolean expression 'presenceOf' is always true because interval variable 'service_28' is declared present.
           presenceOf(service_28)
Warning: Boolean expression 'presenceOf' is always true because interval variable 'service_41' is declared present.
           presenceOf(service_41)
Warning: Boolean expression 'presenceOf' is always true because interval variable 'service_26' is declared present.
           presenceOf(service_26)
Warning: Boolean expression 'presenceOf' is always true because interval variable 'service_100' is declared present.
           presenceOf(service_100)
Warning: Boolean expression 'presenceOf' is always true because interval variable 'service_24' is declared present.
           presenceOf(service_24)
Warning: Boolean expression 'presenceOf' is always true because interval variable 'service_38' is declared present.
           presenceOf(service_38)
Warning: Boolean expression 'presenceOf' is always true because interval variable 'service_47' is declared present.
           presenceOf(service_47)
Warning: Boolean expression 'presenceOf' is always true because interval variable 'service_66' is declared present.
           presenceOf(service_66)
Warning: Boolean expression 'presenceOf' is always true because interval variable 'service_42' is declared present.
           presenceOf(service_42)
Warning: Boolean expression 'presenceOf' is always true because interval variable 'service_77' is declared present.
           presenceOf(service_77)
Warning: Boolean expression 'presenceOf' is always true because interval variable 'service_57' is declared present.
           presenceOf(service_57)
Warning: Boolean expression 'presenceOf' is always true because interval variable 'service_87' is declared present.
           presenceOf(service_87)
Warning: Boolean expression 'presenceOf' is always true because interval variable 'service_3' is declared present.
           presenceOf(service_3)
Warning: Boolean expression 'presenceOf' is always true because interval variable 'service_48' is declared present.
           presenceOf(service_48)
Warning: Boolean expression 'presenceOf' is always true because interval variable 'service_109' is declared present.
           presenceOf(service_109)
Warning: Boolean expression 'presenceOf' is always true because interval variable 'service_33' is declared present.
           presenceOf(service_33)
Warning: Boolean expression 'presenceOf' is always true because interval variable 'service_55' is declared present.
           presenceOf(service_55)
   Too many warnings of this type. Suppressing further warnings of this type.
TIMEOUT_FEASIBLE  (300s wall)
[cfg4_CPLEX-CP-I] instance_30_15_4_31 | 15:02:19 ... Warning: Boolean expression 'presenceOf' is always true because interval variable 'service_107' is declared present.
           presenceOf(service_107)
Warning: Boolean expression 'presenceOf' is always true because interval variable 'service_86' is declared present.
           presenceOf(service_86)
Warning: Boolean expression 'presenceOf' is always true because interval variable 'service_88' is declared present.
           presenceOf(service_88)
Warning: Boolean expression 'presenceOf' is always true because interval variable 'service_115' is declared present.
           presenceOf(service_115)
Warning: Boolean expression 'presenceOf' is always true because interval variable 'service_9' is declared present.
           presenceOf(service_9)
Warning: Boolean expression 'presenceOf' is always true because interval variable 'service_51' is declared present.
           presenceOf(service_51)
Warning: Boolean expression 'presenceOf' is always true because interval variable 'service_118' is declared present.
           presenceOf(service_118)
Warning: Boolean expression 'presenceOf' is always true because interval variable 'service_35' is declared present.
           presenceOf(service_35)
Warning: Boolean expression 'presenceOf' is always true because interval variable 'service_104' is declared present.
           presenceOf(service_104)
Warning: Boolean expression 'presenceOf' is always true because interval variable 'service_27' is declared present.
           presenceOf(service_27)
Warning: Boolean expression 'presenceOf' is always true because interval variable 'service_55' is declared present.
           presenceOf(service_55)
Warning: Boolean expression 'presenceOf' is always true because interval variable 'service_119' is declared present.
           presenceOf(service_119)
Warning: Boolean expression 'presenceOf' is always true because interval variable 'service_92' is declared present.
           presenceOf(service_92)
Warning: Boolean expression 'presenceOf' is always true because interval variable 'service_23' is declared present.
           presenceOf(service_23)
Warning: Boolean expression 'presenceOf' is always true because interval variable 'service_83' is declared present.
           presenceOf(service_83)
Warning: Boolean expression 'presenceOf' is always true because interval variable 'service_5' is declared present.
           presenceOf(service_5)
Warning: Boolean expression 'presenceOf' is always true because interval variable 'service_66' is declared present.
           presenceOf(service_66)
Warning: Boolean expression 'presenceOf' is always true because interval variable 'service_78' is declared present.
           presenceOf(service_78)
Warning: Boolean expression 'presenceOf' is always true because interval variable 'service_4' is declared present.
           presenceOf(service_4)
Warning: Boolean expression 'presenceOf' is always true because interval variable 'service_73' is declared present.
           presenceOf(service_73)
   Too many warnings of this type. Suppressing further warnings of this type.
TIMEOUT_FEASIBLE  (300s wall)
[cfg4_CPLEX-CP-I] instance_30_15_4_32 | 15:07:19 ... Warning: Boolean expression 'presenceOf' is always true because interval variable 'service_56' is declared present.
           presenceOf(service_56)
Warning: Boolean expression 'presenceOf' is always true because interval variable 'service_89' is declared present.
           presenceOf(service_89)
Warning: Boolean expression 'presenceOf' is always true because interval variable 'service_107' is declared present.
           presenceOf(service_107)
Warning: Boolean expression 'presenceOf' is always true because interval variable 'service_105' is declared present.
           presenceOf(service_105)
Warning: Boolean expression 'presenceOf' is always true because interval variable 'service_1' is declared present.
           presenceOf(service_1)
Warning: Boolean expression 'presenceOf' is always true because interval variable 'service_7' is declared present.
           presenceOf(service_7)
Warning: Boolean expression 'presenceOf' is always true because interval variable 'service_64' is declared present.
           presenceOf(service_64)
Warning: Boolean expression 'presenceOf' is always true because interval variable 'service_0' is declared present.
           presenceOf(service_0)
Warning: Boolean expression 'presenceOf' is always true because interval variable 'service_44' is declared present.
           presenceOf(service_44)
Warning: Boolean expression 'presenceOf' is always true because interval variable 'service_35' is declared present.
           presenceOf(service_35)
Warning: Boolean expression 'presenceOf' is always true because interval variable 'service_82' is declared present.
           presenceOf(service_82)
Warning: Boolean expression 'presenceOf' is always true because interval variable 'service_17' is declared present.
           presenceOf(service_17)
Warning: Boolean expression 'presenceOf' is always true because interval variable 'service_37' is declared present.
           presenceOf(service_37)
Warning: Boolean expression 'presenceOf' is always true because interval variable 'service_94' is declared present.
           presenceOf(service_94)
Warning: Boolean expression 'presenceOf' is always true because interval variable 'service_51' is declared present.
           presenceOf(service_51)
Warning: Boolean expression 'presenceOf' is always true because interval variable 'service_33' is declared present.
           presenceOf(service_33)
Warning: Boolean expression 'presenceOf' is always true because interval variable 'service_103' is declared present.
           presenceOf(service_103)
Warning: Boolean expression 'presenceOf' is always true because interval variable 'service_61' is declared present.
           presenceOf(service_61)
Warning: Boolean expression 'presenceOf' is always true because interval variable 'service_13' is declared present.
           presenceOf(service_13)
Warning: Boolean expression 'presenceOf' is always true because interval variable 'service_97' is declared present.
           presenceOf(service_97)
   Too many warnings of this type. Suppressing further warnings of this type.
TIMEOUT_FEASIBLE  (300s wall)
[cfg4_CPLEX-CP-I] instance_30_15_4_33 | 15:12:19 ... Warning: Boolean expression 'presenceOf' is always true because interval variable 'service_75' is declared present.
           presenceOf(service_75)
Warning: Boolean expression 'presenceOf' is always true because interval variable 'service_81' is declared present.
           presenceOf(service_81)
Warning: Boolean expression 'presenceOf' is always true because interval variable 'service_21' is declared present.
           presenceOf(service_21)
Warning: Boolean expression 'presenceOf' is always true because interval variable 'service_31' is declared present.
           presenceOf(service_31)
Warning: Boolean expression 'presenceOf' is always true because interval variable 'service_84' is declared present.
           presenceOf(service_84)
Warning: Boolean expression 'presenceOf' is always true because interval variable 'service_9' is declared present.
           presenceOf(service_9)
Warning: Boolean expression 'presenceOf' is always true because interval variable 'service_72' is declared present.
           presenceOf(service_72)
Warning: Boolean expression 'presenceOf' is always true because interval variable 'service_13' is declared present.
           presenceOf(service_13)
Warning: Boolean expression 'presenceOf' is always true because interval variable 'service_1' is declared present.
           presenceOf(service_1)
Warning: Boolean expression 'presenceOf' is always true because interval variable 'service_43' is declared present.
           presenceOf(service_43)
Warning: Boolean expression 'presenceOf' is always true because interval variable 'service_46' is declared present.
           presenceOf(service_46)
Warning: Boolean expression 'presenceOf' is always true because interval variable 'service_77' is declared present.
           presenceOf(service_77)
Warning: Boolean expression 'presenceOf' is always true because interval variable 'service_94' is declared present.
           presenceOf(service_94)
Warning: Boolean expression 'presenceOf' is always true because interval variable 'service_53' is declared present.
           presenceOf(service_53)
Warning: Boolean expression 'presenceOf' is always true because interval variable 'service_10' is declared present.
           presenceOf(service_10)
Warning: Boolean expression 'presenceOf' is always true because interval variable 'service_111' is declared present.
           presenceOf(service_111)
Warning: Boolean expression 'presenceOf' is always true because interval variable 'service_52' is declared present.
           presenceOf(service_52)
Warning: Boolean expression 'presenceOf' is always true because interval variable 'service_99' is declared present.
           presenceOf(service_99)
Warning: Boolean expression 'presenceOf' is always true because interval variable 'service_23' is declared present.
           presenceOf(service_23)
Warning: Boolean expression 'presenceOf' is always true because interval variable 'service_39' is declared present.
           presenceOf(service_39)
   Too many warnings of this type. Suppressing further warnings of this type.
TIMEOUT_FEASIBLE  (300s wall)
[cfg4_CPLEX-CP-I] instance_30_15_4_34 | 15:17:19 ... error: invalid HCORAP instance: SU row count does not match U
ERROR  (0s wall)
[cfg4_CPLEX-CP-I] instance_30_15_4_35 | 15:17:19 ... error: invalid HCORAP instance: SU row count does not match U
ERROR  (0s wall)
[cfg4_CPLEX-CP-I] instance_30_15_4_36 | 15:17:19 ... error: invalid HCORAP instance: SU row count does not match U
ERROR  (0s wall)
[cfg4_CPLEX-CP-I] instance_30_15_4_37 | 15:17:19 ... Warning: Boolean expression 'presenceOf' is always true because interval variable 'service_40' is declared present.
           presenceOf(service_40)
Warning: Boolean expression 'presenceOf' is always true because interval variable 'service_60' is declared present.
           presenceOf(service_60)
Warning: Boolean expression 'presenceOf' is always true because interval variable 'service_45' is declared present.
           presenceOf(service_45)
Warning: Boolean expression 'presenceOf' is always true because interval variable 'service_73' is declared present.
           presenceOf(service_73)
Warning: Boolean expression 'presenceOf' is always true because interval variable 'service_78' is declared present.
           presenceOf(service_78)
Warning: Boolean expression 'presenceOf' is always true because interval variable 'service_61' is declared present.
           presenceOf(service_61)
Warning: Boolean expression 'presenceOf' is always true because interval variable 'service_4' is declared present.
           presenceOf(service_4)
Warning: Boolean expression 'presenceOf' is always true because interval variable 'service_11' is declared present.
           presenceOf(service_11)
Warning: Boolean expression 'presenceOf' is always true because interval variable 'service_44' is declared present.
           presenceOf(service_44)
Warning: Boolean expression 'presenceOf' is always true because interval variable 'service_51' is declared present.
           presenceOf(service_51)
Warning: Boolean expression 'presenceOf' is always true because interval variable 'service_38' is declared present.
           presenceOf(service_38)
Warning: Boolean expression 'presenceOf' is always true because interval variable 'service_1' is declared present.
           presenceOf(service_1)
Warning: Boolean expression 'presenceOf' is always true because interval variable 'service_59' is declared present.
           presenceOf(service_59)
Warning: Boolean expression 'presenceOf' is always true because interval variable 'service_114' is declared present.
           presenceOf(service_114)
Warning: Boolean expression 'presenceOf' is always true because interval variable 'service_12' is declared present.
           presenceOf(service_12)
Warning: Boolean expression 'presenceOf' is always true because interval variable 'service_46' is declared present.
           presenceOf(service_46)
Warning: Boolean expression 'presenceOf' is always true because interval variable 'service_25' is declared present.
           presenceOf(service_25)
Warning: Boolean expression 'presenceOf' is always true because interval variable 'service_56' is declared present.
           presenceOf(service_56)
Warning: Boolean expression 'presenceOf' is always true because interval variable 'service_100' is declared present.
           presenceOf(service_100)
Warning: Boolean expression 'presenceOf' is always true because interval variable 'service_102' is declared present.
           presenceOf(service_102)
   Too many warnings of this type. Suppressing further warnings of this type.
TIMEOUT_FEASIBLE  (300s wall)
[cfg4_CPLEX-CP-I] instance_30_15_4_38 | 15:22:19 ... Warning: Boolean expression 'presenceOf' is always true because interval variable 'service_13' is declared present.
           presenceOf(service_13)
Warning: Boolean expression 'presenceOf' is always true because interval variable 'service_37' is declared present.
           presenceOf(service_37)
Warning: Boolean expression 'presenceOf' is always true because interval variable 'service_25' is declared present.
           presenceOf(service_25)
Warning: Boolean expression 'presenceOf' is always true because interval variable 'service_95' is declared present.
           presenceOf(service_95)
Warning: Boolean expression 'presenceOf' is always true because interval variable 'service_45' is declared present.
           presenceOf(service_45)
Warning: Boolean expression 'presenceOf' is always true because interval variable 'service_71' is declared present.
           presenceOf(service_71)
Warning: Boolean expression 'presenceOf' is always true because interval variable 'service_90' is declared present.
           presenceOf(service_90)
Warning: Boolean expression 'presenceOf' is always true because interval variable 'service_58' is declared present.
           presenceOf(service_58)
Warning: Boolean expression 'presenceOf' is always true because interval variable 'service_9' is declared present.
           presenceOf(service_9)
Warning: Boolean expression 'presenceOf' is always true because interval variable 'service_80' is declared present.
           presenceOf(service_80)
Warning: Boolean expression 'presenceOf' is always true because interval variable 'service_57' is declared present.
           presenceOf(service_57)
Warning: Boolean expression 'presenceOf' is always true because interval variable 'service_78' is declared present.
           presenceOf(service_78)
Warning: Boolean expression 'presenceOf' is always true because interval variable 'service_28' is declared present.
           presenceOf(service_28)
Warning: Boolean expression 'presenceOf' is always true because interval variable 'service_105' is declared present.
           presenceOf(service_105)
Warning: Boolean expression 'presenceOf' is always true because interval variable 'service_29' is declared present.
           presenceOf(service_29)
Warning: Boolean expression 'presenceOf' is always true because interval variable 'service_89' is declared present.
           presenceOf(service_89)
Warning: Boolean expression 'presenceOf' is always true because interval variable 'service_102' is declared present.
           presenceOf(service_102)
Warning: Boolean expression 'presenceOf' is always true because interval variable 'service_8' is declared present.
           presenceOf(service_8)
Warning: Boolean expression 'presenceOf' is always true because interval variable 'service_63' is declared present.
           presenceOf(service_63)
Warning: Boolean expression 'presenceOf' is always true because interval variable 'service_68' is declared present.
           presenceOf(service_68)
   Too many warnings of this type. Suppressing further warnings of this type.
TIMEOUT_FEASIBLE  (300s wall)
[cfg4_CPLEX-CP-I] instance_30_15_4_39 | 15:27:20 ... Warning: Boolean expression 'presenceOf' is always true because interval variable 'service_9' is declared present.
           presenceOf(service_9)
Warning: Boolean expression 'presenceOf' is always true because interval variable 'service_10' is declared present.
           presenceOf(service_10)
Warning: Boolean expression 'presenceOf' is always true because interval variable 'service_62' is declared present.
           presenceOf(service_62)
Warning: Boolean expression 'presenceOf' is always true because interval variable 'service_67' is declared present.
           presenceOf(service_67)
Warning: Boolean expression 'presenceOf' is always true because interval variable 'service_113' is declared present.
           presenceOf(service_113)
Warning: Boolean expression 'presenceOf' is always true because interval variable 'service_115' is declared present.
           presenceOf(service_115)
Warning: Boolean expression 'presenceOf' is always true because interval variable 'service_100' is declared present.
           presenceOf(service_100)
Warning: Boolean expression 'presenceOf' is always true because interval variable 'service_59' is declared present.
           presenceOf(service_59)
Warning: Boolean expression 'presenceOf' is always true because interval variable 'service_61' is declared present.
           presenceOf(service_61)
Warning: Boolean expression 'presenceOf' is always true because interval variable 'service_88' is declared present.
           presenceOf(service_88)
Warning: Boolean expression 'presenceOf' is always true because interval variable 'service_105' is declared present.
           presenceOf(service_105)
Warning: Boolean expression 'presenceOf' is always true because interval variable 'service_103' is declared present.
           presenceOf(service_103)
Warning: Boolean expression 'presenceOf' is always true because interval variable 'service_90' is declared present.
           presenceOf(service_90)
Warning: Boolean expression 'presenceOf' is always true because interval variable 'service_1' is declared present.
           presenceOf(service_1)
Warning: Boolean expression 'presenceOf' is always true because interval variable 'service_43' is declared present.
           presenceOf(service_43)
Warning: Boolean expression 'presenceOf' is always true because interval variable 'service_71' is declared present.
           presenceOf(service_71)
Warning: Boolean expression 'presenceOf' is always true because interval variable 'service_49' is declared present.
           presenceOf(service_49)
Warning: Boolean expression 'presenceOf' is always true because interval variable 'service_17' is declared present.
           presenceOf(service_17)
Warning: Boolean expression 'presenceOf' is always true because interval variable 'service_89' is declared present.
           presenceOf(service_89)
Warning: Boolean expression 'presenceOf' is always true because interval variable 'service_109' is declared present.
           presenceOf(service_109)
   Too many warnings of this type. Suppressing further warnings of this type.
TIMEOUT_FEASIBLE  (300s wall)
[cfg4_CPLEX-CP-I] instance_30_15_4_4 | 15:32:20 ... error: invalid HCORAP instance: SU row count does not match U
ERROR  (0s wall)
[cfg4_CPLEX-CP-I] instance_30_15_4_40 | 15:32:20 ... error: invalid HCORAP instance: SU row count does not match U
ERROR  (0s wall)
[cfg4_CPLEX-CP-I] instance_30_15_4_41 | 15:32:20 ... error: invalid HCORAP instance: SU row count does not match U
ERROR  (0s wall)
[cfg4_CPLEX-CP-I] instance_30_15_4_42 | 15:32:20 ... Warning: Boolean expression 'presenceOf' is always true because interval variable 'service_18' is declared present.
           presenceOf(service_18)
Warning: Boolean expression 'presenceOf' is always true because interval variable 'service_26' is declared present.
           presenceOf(service_26)
Warning: Boolean expression 'presenceOf' is always true because interval variable 'service_97' is declared present.
           presenceOf(service_97)
Warning: Boolean expression 'presenceOf' is always true because interval variable 'service_13' is declared present.
           presenceOf(service_13)
Warning: Boolean expression 'presenceOf' is always true because interval variable 'service_63' is declared present.
           presenceOf(service_63)
Warning: Boolean expression 'presenceOf' is always true because interval variable 'service_28' is declared present.
           presenceOf(service_28)
Warning: Boolean expression 'presenceOf' is always true because interval variable 'service_118' is declared present.
           presenceOf(service_118)
Warning: Boolean expression 'presenceOf' is always true because interval variable 'service_37' is declared present.
           presenceOf(service_37)
Warning: Boolean expression 'presenceOf' is always true because interval variable 'service_114' is declared present.
           presenceOf(service_114)
Warning: Boolean expression 'presenceOf' is always true because interval variable 'service_79' is declared present.
           presenceOf(service_79)
Warning: Boolean expression 'presenceOf' is always true because interval variable 'service_109' is declared present.
           presenceOf(service_109)
Warning: Boolean expression 'presenceOf' is always true because interval variable 'service_70' is declared present.
           presenceOf(service_70)
Warning: Boolean expression 'presenceOf' is always true because interval variable 'service_100' is declared present.
           presenceOf(service_100)
Warning: Boolean expression 'presenceOf' is always true because interval variable 'service_53' is declared present.
           presenceOf(service_53)
Warning: Boolean expression 'presenceOf' is always true because interval variable 'service_57' is declared present.
           presenceOf(service_57)
Warning: Boolean expression 'presenceOf' is always true because interval variable 'service_64' is declared present.
           presenceOf(service_64)
Warning: Boolean expression 'presenceOf' is always true because interval variable 'service_31' is declared present.
           presenceOf(service_31)
Warning: Boolean expression 'presenceOf' is always true because interval variable 'service_58' is declared present.
           presenceOf(service_58)
Warning: Boolean expression 'presenceOf' is always true because interval variable 'service_105' is declared present.
           presenceOf(service_105)
Warning: Boolean expression 'presenceOf' is always true because interval variable 'service_112' is declared present.
           presenceOf(service_112)
   Too many warnings of this type. Suppressing further warnings of this type.
TIMEOUT_FEASIBLE  (300s wall)
[cfg4_CPLEX-CP-I] instance_30_15_4_43 | 15:37:20 ... error: invalid HCORAP instance: SU row count does not match U
ERROR  (0s wall)
[cfg4_CPLEX-CP-I] instance_30_15_4_44 | 15:37:20 ... error: invalid HCORAP instance: SU row count does not match U
ERROR  (0s wall)
[cfg4_CPLEX-CP-I] instance_30_15_4_45 | 15:37:20 ... Warning: Boolean expression 'presenceOf' is always true because interval variable 'service_39' is declared present.
           presenceOf(service_39)
Warning: Boolean expression 'presenceOf' is always true because interval variable 'service_26' is declared present.
           presenceOf(service_26)
Warning: Boolean expression 'presenceOf' is always true because interval variable 'service_36' is declared present.
           presenceOf(service_36)
Warning: Boolean expression 'presenceOf' is always true because interval variable 'service_32' is declared present.
           presenceOf(service_32)
Warning: Boolean expression 'presenceOf' is always true because interval variable 'service_80' is declared present.
           presenceOf(service_80)
Warning: Boolean expression 'presenceOf' is always true because interval variable 'service_114' is declared present.
           presenceOf(service_114)
Warning: Boolean expression 'presenceOf' is always true because interval variable 'service_84' is declared present.
           presenceOf(service_84)
Warning: Boolean expression 'presenceOf' is always true because interval variable 'service_57' is declared present.
           presenceOf(service_57)
Warning: Boolean expression 'presenceOf' is always true because interval variable 'service_5' is declared present.
           presenceOf(service_5)
Warning: Boolean expression 'presenceOf' is always true because interval variable 'service_55' is declared present.
           presenceOf(service_55)
Warning: Boolean expression 'presenceOf' is always true because interval variable 'service_56' is declared present.
           presenceOf(service_56)
Warning: Boolean expression 'presenceOf' is always true because interval variable 'service_107' is declared present.
           presenceOf(service_107)
Warning: Boolean expression 'presenceOf' is always true because interval variable 'service_19' is declared present.
           presenceOf(service_19)
Warning: Boolean expression 'presenceOf' is always true because interval variable 'service_88' is declared present.
           presenceOf(service_88)
Warning: Boolean expression 'presenceOf' is always true because interval variable 'service_108' is declared present.
           presenceOf(service_108)
Warning: Boolean expression 'presenceOf' is always true because interval variable 'service_110' is declared present.
           presenceOf(service_110)
Warning: Boolean expression 'presenceOf' is always true because interval variable 'service_25' is declared present.
           presenceOf(service_25)
Warning: Boolean expression 'presenceOf' is always true because interval variable 'service_100' is declared present.
           presenceOf(service_100)
Warning: Boolean expression 'presenceOf' is always true because interval variable 'service_53' is declared present.
           presenceOf(service_53)
Warning: Boolean expression 'presenceOf' is always true because interval variable 'service_72' is declared present.
           presenceOf(service_72)
   Too many warnings of this type. Suppressing further warnings of this type.
TIMEOUT_FEASIBLE  (300s wall)
[cfg4_CPLEX-CP-I] instance_30_15_4_46 | 15:42:20 ... error: invalid HCORAP instance: SU row count does not match U
ERROR  (0s wall)
[cfg4_CPLEX-CP-I] instance_30_15_4_47 | 15:42:20 ... Warning: Boolean expression 'presenceOf' is always true because interval variable 'service_50' is declared present.
           presenceOf(service_50)
Warning: Boolean expression 'presenceOf' is always true because interval variable 'service_16' is declared present.
           presenceOf(service_16)
Warning: Boolean expression 'presenceOf' is always true because interval variable 'service_57' is declared present.
           presenceOf(service_57)
Warning: Boolean expression 'presenceOf' is always true because interval variable 'service_42' is declared present.
           presenceOf(service_42)
Warning: Boolean expression 'presenceOf' is always true because interval variable 'service_59' is declared present.
           presenceOf(service_59)
Warning: Boolean expression 'presenceOf' is always true because interval variable 'service_115' is declared present.
           presenceOf(service_115)
Warning: Boolean expression 'presenceOf' is always true because interval variable 'service_51' is declared present.
           presenceOf(service_51)
Warning: Boolean expression 'presenceOf' is always true because interval variable 'service_108' is declared present.
           presenceOf(service_108)
Warning: Boolean expression 'presenceOf' is always true because interval variable 'service_24' is declared present.
           presenceOf(service_24)
Warning: Boolean expression 'presenceOf' is always true because interval variable 'service_6' is declared present.
           presenceOf(service_6)
Warning: Boolean expression 'presenceOf' is always true because interval variable 'service_10' is declared present.
           presenceOf(service_10)
Warning: Boolean expression 'presenceOf' is always true because interval variable 'service_100' is declared present.
           presenceOf(service_100)
Warning: Boolean expression 'presenceOf' is always true because interval variable 'service_103' is declared present.
           presenceOf(service_103)
Warning: Boolean expression 'presenceOf' is always true because interval variable 'service_105' is declared present.
           presenceOf(service_105)
Warning: Boolean expression 'presenceOf' is always true because interval variable 'service_112' is declared present.
           presenceOf(service_112)
Warning: Boolean expression 'presenceOf' is always true because interval variable 'service_62' is declared present.
           presenceOf(service_62)
Warning: Boolean expression 'presenceOf' is always true because interval variable 'service_77' is declared present.
           presenceOf(service_77)
Warning: Boolean expression 'presenceOf' is always true because interval variable 'service_46' is declared present.
           presenceOf(service_46)
Warning: Boolean expression 'presenceOf' is always true because interval variable 'service_48' is declared present.
           presenceOf(service_48)
Warning: Boolean expression 'presenceOf' is always true because interval variable 'service_5' is declared present.
           presenceOf(service_5)
   Too many warnings of this type. Suppressing further warnings of this type.
TIMEOUT_FEASIBLE  (300s wall)
[cfg4_CPLEX-CP-I] instance_30_15_4_48 | 15:47:20 ... Warning: Boolean expression 'presenceOf' is always true because interval variable 'service_15' is declared present.
           presenceOf(service_15)
Warning: Boolean expression 'presenceOf' is always true because interval variable 'service_24' is declared present.
           presenceOf(service_24)
Warning: Boolean expression 'presenceOf' is always true because interval variable 'service_94' is declared present.
           presenceOf(service_94)
Warning: Boolean expression 'presenceOf' is always true because interval variable 'service_30' is declared present.
           presenceOf(service_30)
Warning: Boolean expression 'presenceOf' is always true because interval variable 'service_36' is declared present.
           presenceOf(service_36)
Warning: Boolean expression 'presenceOf' is always true because interval variable 'service_55' is declared present.
           presenceOf(service_55)
Warning: Boolean expression 'presenceOf' is always true because interval variable 'service_89' is declared present.
           presenceOf(service_89)
Warning: Boolean expression 'presenceOf' is always true because interval variable 'service_50' is declared present.
           presenceOf(service_50)
Warning: Boolean expression 'presenceOf' is always true because interval variable 'service_110' is declared present.
           presenceOf(service_110)
Warning: Boolean expression 'presenceOf' is always true because interval variable 'service_45' is declared present.
           presenceOf(service_45)
Warning: Boolean expression 'presenceOf' is always true because interval variable 'service_60' is declared present.
           presenceOf(service_60)
Warning: Boolean expression 'presenceOf' is always true because interval variable 'service_119' is declared present.
           presenceOf(service_119)
Warning: Boolean expression 'presenceOf' is always true because interval variable 'service_4' is declared present.
           presenceOf(service_4)
Warning: Boolean expression 'presenceOf' is always true because interval variable 'service_105' is declared present.
           presenceOf(service_105)
Warning: Boolean expression 'presenceOf' is always true because interval variable 'service_17' is declared present.
           presenceOf(service_17)
Warning: Boolean expression 'presenceOf' is always true because interval variable 'service_13' is declared present.
           presenceOf(service_13)
Warning: Boolean expression 'presenceOf' is always true because interval variable 'service_18' is declared present.
           presenceOf(service_18)
Warning: Boolean expression 'presenceOf' is always true because interval variable 'service_87' is declared present.
           presenceOf(service_87)
Warning: Boolean expression 'presenceOf' is always true because interval variable 'service_41' is declared present.
           presenceOf(service_41)
Warning: Boolean expression 'presenceOf' is always true because interval variable 'service_92' is declared present.
           presenceOf(service_92)
   Too many warnings of this type. Suppressing further warnings of this type.
TIMEOUT_FEASIBLE  (300s wall)
[cfg4_CPLEX-CP-I] instance_30_15_4_49 | 15:52:20 ... Warning: Boolean expression 'presenceOf' is always true because interval variable 'service_10' is declared present.
           presenceOf(service_10)
Warning: Boolean expression 'presenceOf' is always true because interval variable 'service_32' is declared present.
           presenceOf(service_32)
Warning: Boolean expression 'presenceOf' is always true because interval variable 'service_67' is declared present.
           presenceOf(service_67)
Warning: Boolean expression 'presenceOf' is always true because interval variable 'service_91' is declared present.
           presenceOf(service_91)
Warning: Boolean expression 'presenceOf' is always true because interval variable 'service_96' is declared present.
           presenceOf(service_96)
Warning: Boolean expression 'presenceOf' is always true because interval variable 'service_71' is declared present.
           presenceOf(service_71)
Warning: Boolean expression 'presenceOf' is always true because interval variable 'service_89' is declared present.
           presenceOf(service_89)
Warning: Boolean expression 'presenceOf' is always true because interval variable 'service_47' is declared present.
           presenceOf(service_47)
Warning: Boolean expression 'presenceOf' is always true because interval variable 'service_63' is declared present.
           presenceOf(service_63)
Warning: Boolean expression 'presenceOf' is always true because interval variable 'service_42' is declared present.
           presenceOf(service_42)
Warning: Boolean expression 'presenceOf' is always true because interval variable 'service_76' is declared present.
           presenceOf(service_76)
Warning: Boolean expression 'presenceOf' is always true because interval variable 'service_86' is declared present.
           presenceOf(service_86)
Warning: Boolean expression 'presenceOf' is always true because interval variable 'service_43' is declared present.
           presenceOf(service_43)
Warning: Boolean expression 'presenceOf' is always true because interval variable 'service_46' is declared present.
           presenceOf(service_46)
Warning: Boolean expression 'presenceOf' is always true because interval variable 'service_66' is declared present.
           presenceOf(service_66)
Warning: Boolean expression 'presenceOf' is always true because interval variable 'service_64' is declared present.
           presenceOf(service_64)
Warning: Boolean expression 'presenceOf' is always true because interval variable 'service_103' is declared present.
           presenceOf(service_103)
Warning: Boolean expression 'presenceOf' is always true because interval variable 'service_11' is declared present.
           presenceOf(service_11)
Warning: Boolean expression 'presenceOf' is always true because interval variable 'service_108' is declared present.
           presenceOf(service_108)
Warning: Boolean expression 'presenceOf' is always true because interval variable 'service_7' is declared present.
           presenceOf(service_7)
   Too many warnings of this type. Suppressing further warnings of this type.
TIMEOUT_FEASIBLE  (300s wall)
[cfg4_CPLEX-CP-I] instance_30_15_4_5 | 15:57:20 ... Warning: Boolean expression 'presenceOf' is always true because interval variable 'service_6' is declared present.
           presenceOf(service_6)
Warning: Boolean expression 'presenceOf' is always true because interval variable 'service_38' is declared present.
           presenceOf(service_38)
Warning: Boolean expression 'presenceOf' is always true because interval variable 'service_98' is declared present.
           presenceOf(service_98)
Warning: Boolean expression 'presenceOf' is always true because interval variable 'service_116' is declared present.
           presenceOf(service_116)
Warning: Boolean expression 'presenceOf' is always true because interval variable 'service_37' is declared present.
           presenceOf(service_37)
Warning: Boolean expression 'presenceOf' is always true because interval variable 'service_22' is declared present.
           presenceOf(service_22)
Warning: Boolean expression 'presenceOf' is always true because interval variable 'service_81' is declared present.
           presenceOf(service_81)
Warning: Boolean expression 'presenceOf' is always true because interval variable 'service_19' is declared present.
           presenceOf(service_19)
Warning: Boolean expression 'presenceOf' is always true because interval variable 'service_42' is declared present.
           presenceOf(service_42)
Warning: Boolean expression 'presenceOf' is always true because interval variable 'service_27' is declared present.
           presenceOf(service_27)
Warning: Boolean expression 'presenceOf' is always true because interval variable 'service_92' is declared present.
           presenceOf(service_92)
Warning: Boolean expression 'presenceOf' is always true because interval variable 'service_52' is declared present.
           presenceOf(service_52)
Warning: Boolean expression 'presenceOf' is always true because interval variable 'service_87' is declared present.
           presenceOf(service_87)
Warning: Boolean expression 'presenceOf' is always true because interval variable 'service_9' is declared present.
           presenceOf(service_9)
Warning: Boolean expression 'presenceOf' is always true because interval variable 'service_11' is declared present.
           presenceOf(service_11)
Warning: Boolean expression 'presenceOf' is always true because interval variable 'service_35' is declared present.
           presenceOf(service_35)
Warning: Boolean expression 'presenceOf' is always true because interval variable 'service_60' is declared present.
           presenceOf(service_60)
Warning: Boolean expression 'presenceOf' is always true because interval variable 'service_28' is declared present.
           presenceOf(service_28)
Warning: Boolean expression 'presenceOf' is always true because interval variable 'service_5' is declared present.
           presenceOf(service_5)
Warning: Boolean expression 'presenceOf' is always true because interval variable 'service_13' is declared present.
           presenceOf(service_13)
   Too many warnings of this type. Suppressing further warnings of this type.
TIMEOUT_FEASIBLE  (300s wall)
[cfg4_CPLEX-CP-I] instance_30_15_4_50 | 16:02:20 ... Warning: Boolean expression 'presenceOf' is always true because interval variable 'service_8' is declared present.
           presenceOf(service_8)
Warning: Boolean expression 'presenceOf' is always true because interval variable 'service_108' is declared present.
           presenceOf(service_108)
Warning: Boolean expression 'presenceOf' is always true because interval variable 'service_118' is declared present.
           presenceOf(service_118)
Warning: Boolean expression 'presenceOf' is always true because interval variable 'service_10' is declared present.
           presenceOf(service_10)
Warning: Boolean expression 'presenceOf' is always true because interval variable 'service_12' is declared present.
           presenceOf(service_12)
Warning: Boolean expression 'presenceOf' is always true because interval variable 'service_113' is declared present.
           presenceOf(service_113)
Warning: Boolean expression 'presenceOf' is always true because interval variable 'service_2' is declared present.
           presenceOf(service_2)
Warning: Boolean expression 'presenceOf' is always true because interval variable 'service_80' is declared present.
           presenceOf(service_80)
Warning: Boolean expression 'presenceOf' is always true because interval variable 'service_89' is declared present.
           presenceOf(service_89)
Warning: Boolean expression 'presenceOf' is always true because interval variable 'service_103' is declared present.
           presenceOf(service_103)
Warning: Boolean expression 'presenceOf' is always true because interval variable 'service_19' is declared present.
           presenceOf(service_19)
Warning: Boolean expression 'presenceOf' is always true because interval variable 'service_22' is declared present.
           presenceOf(service_22)
Warning: Boolean expression 'presenceOf' is always true because interval variable 'service_76' is declared present.
           presenceOf(service_76)
Warning: Boolean expression 'presenceOf' is always true because interval variable 'service_79' is declared present.
           presenceOf(service_79)
Warning: Boolean expression 'presenceOf' is always true because interval variable 'service_25' is declared present.
           presenceOf(service_25)
Warning: Boolean expression 'presenceOf' is always true because interval variable 'service_0' is declared present.
           presenceOf(service_0)
Warning: Boolean expression 'presenceOf' is always true because interval variable 'service_94' is declared present.
           presenceOf(service_94)
Warning: Boolean expression 'presenceOf' is always true because interval variable 'service_73' is declared present.
           presenceOf(service_73)
Warning: Boolean expression 'presenceOf' is always true because interval variable 'service_112' is declared present.
           presenceOf(service_112)
Warning: Boolean expression 'presenceOf' is always true because interval variable 'service_1' is declared present.
           presenceOf(service_1)
   Too many warnings of this type. Suppressing further warnings of this type.
TIMEOUT_FEASIBLE  (300s wall)
[cfg4_CPLEX-CP-I] instance_30_15_4_6 | 16:07:20 ... Warning: Boolean expression 'presenceOf' is always true because interval variable 'service_16' is declared present.
           presenceOf(service_16)
Warning: Boolean expression 'presenceOf' is always true because interval variable 'service_14' is declared present.
           presenceOf(service_14)
Warning: Boolean expression 'presenceOf' is always true because interval variable 'service_27' is declared present.
           presenceOf(service_27)
Warning: Boolean expression 'presenceOf' is always true because interval variable 'service_33' is declared present.
           presenceOf(service_33)
Warning: Boolean expression 'presenceOf' is always true because interval variable 'service_105' is declared present.
           presenceOf(service_105)
Warning: Boolean expression 'presenceOf' is always true because interval variable 'service_118' is declared present.
           presenceOf(service_118)
Warning: Boolean expression 'presenceOf' is always true because interval variable 'service_93' is declared present.
           presenceOf(service_93)
Warning: Boolean expression 'presenceOf' is always true because interval variable 'service_42' is declared present.
           presenceOf(service_42)
Warning: Boolean expression 'presenceOf' is always true because interval variable 'service_92' is declared present.
           presenceOf(service_92)
Warning: Boolean expression 'presenceOf' is always true because interval variable 'service_3' is declared present.
           presenceOf(service_3)
Warning: Boolean expression 'presenceOf' is always true because interval variable 'service_25' is declared present.
           presenceOf(service_25)
Warning: Boolean expression 'presenceOf' is always true because interval variable 'service_86' is declared present.
           presenceOf(service_86)
Warning: Boolean expression 'presenceOf' is always true because interval variable 'service_32' is declared present.
           presenceOf(service_32)
Warning: Boolean expression 'presenceOf' is always true because interval variable 'service_36' is declared present.
           presenceOf(service_36)
Warning: Boolean expression 'presenceOf' is always true because interval variable 'service_68' is declared present.
           presenceOf(service_68)
Warning: Boolean expression 'presenceOf' is always true because interval variable 'service_4' is declared present.
           presenceOf(service_4)
Warning: Boolean expression 'presenceOf' is always true because interval variable 'service_81' is declared present.
           presenceOf(service_81)
Warning: Boolean expression 'presenceOf' is always true because interval variable 'service_6' is declared present.
           presenceOf(service_6)
Warning: Boolean expression 'presenceOf' is always true because interval variable 'service_89' is declared present.
           presenceOf(service_89)
Warning: Boolean expression 'presenceOf' is always true because interval variable 'service_20' is declared present.
           presenceOf(service_20)
   Too many warnings of this type. Suppressing further warnings of this type.
TIMEOUT_FEASIBLE  (300s wall)
[cfg4_CPLEX-CP-I] instance_30_15_4_7 | 16:12:20 ... error: invalid HCORAP instance: SU row count does not match U
ERROR  (1s wall)
[cfg4_CPLEX-CP-I] instance_30_15_4_8 | 16:12:21 ... INFEASIBLE  (0s wall)
[cfg4_CPLEX-CP-I] instance_30_15_4_9 | 16:12:21 ... error: invalid HCORAP instance: SU row count does not match U
ERROR  (0s wall)
[cfg4_CPLEX-CP-I] instance_40_25_5_1 | 16:12:21 ... Warning: Boolean expression 'presenceOf' is always true because interval variable 'service_19' is declared present.
           presenceOf(service_19)
Warning: Boolean expression 'presenceOf' is always true because interval variable 'service_56' is declared present.
           presenceOf(service_56)
Warning: Boolean expression 'presenceOf' is always true because interval variable 'service_81' is declared present.
           presenceOf(service_81)
Warning: Boolean expression 'presenceOf' is always true because interval variable 'service_179' is declared present.
           presenceOf(service_179)
Warning: Boolean expression 'presenceOf' is always true because interval variable 'service_29' is declared present.
           presenceOf(service_29)
Warning: Boolean expression 'presenceOf' is always true because interval variable 'service_2' is declared present.
           presenceOf(service_2)
Warning: Boolean expression 'presenceOf' is always true because interval variable 'service_148' is declared present.
           presenceOf(service_148)
Warning: Boolean expression 'presenceOf' is always true because interval variable 'service_170' is declared present.
           presenceOf(service_170)
Warning: Boolean expression 'presenceOf' is always true because interval variable 'service_68' is declared present.
           presenceOf(service_68)
Warning: Boolean expression 'presenceOf' is always true because interval variable 'service_131' is declared present.
           presenceOf(service_131)
Warning: Boolean expression 'presenceOf' is always true because interval variable 'service_168' is declared present.
           presenceOf(service_168)
Warning: Boolean expression 'presenceOf' is always true because interval variable 'service_193' is declared present.
           presenceOf(service_193)
Warning: Boolean expression 'presenceOf' is always true because interval variable 'service_6' is declared present.
           presenceOf(service_6)
Warning: Boolean expression 'presenceOf' is always true because interval variable 'service_182' is declared present.
           presenceOf(service_182)
Warning: Boolean expression 'presenceOf' is always true because interval variable 'service_185' is declared present.
           presenceOf(service_185)
Warning: Boolean expression 'presenceOf' is always true because interval variable 'service_187' is declared present.
           presenceOf(service_187)
Warning: Boolean expression 'presenceOf' is always true because interval variable 'service_99' is declared present.
           presenceOf(service_99)
Warning: Boolean expression 'presenceOf' is always true because interval variable 'service_103' is declared present.
           presenceOf(service_103)
Warning: Boolean expression 'presenceOf' is always true because interval variable 'service_105' is declared present.
           presenceOf(service_105)
Warning: Boolean expression 'presenceOf' is always true because interval variable 'service_163' is declared present.
           presenceOf(service_163)
   Too many warnings of this type. Suppressing further warnings of this type.
TIMEOUT_FEASIBLE  (300s wall)
[cfg4_CPLEX-CP-I] instance_40_25_5_10 | 16:17:21 ... error: invalid HCORAP instance: SU row count does not match U
ERROR  (0s wall)
[cfg4_CPLEX-CP-I] instance_40_25_5_11 | 16:17:21 ... Warning: Boolean expression 'presenceOf' is always true because interval variable 'service_21' is declared present.
           presenceOf(service_21)
Warning: Boolean expression 'presenceOf' is always true because interval variable 'service_77' is declared present.
           presenceOf(service_77)
Warning: Boolean expression 'presenceOf' is always true because interval variable 'service_103' is declared present.
           presenceOf(service_103)
Warning: Boolean expression 'presenceOf' is always true because interval variable 'service_35' is declared present.
           presenceOf(service_35)
Warning: Boolean expression 'presenceOf' is always true because interval variable 'service_130' is declared present.
           presenceOf(service_130)
Warning: Boolean expression 'presenceOf' is always true because interval variable 'service_162' is declared present.
           presenceOf(service_162)
Warning: Boolean expression 'presenceOf' is always true because interval variable 'service_173' is declared present.
           presenceOf(service_173)
Warning: Boolean expression 'presenceOf' is always true because interval variable 'service_124' is declared present.
           presenceOf(service_124)
Warning: Boolean expression 'presenceOf' is always true because interval variable 'service_57' is declared present.
           presenceOf(service_57)
Warning: Boolean expression 'presenceOf' is always true because interval variable 'service_115' is declared present.
           presenceOf(service_115)
Warning: Boolean expression 'presenceOf' is always true because interval variable 'service_146' is declared present.
           presenceOf(service_146)
Warning: Boolean expression 'presenceOf' is always true because interval variable 'service_169' is declared present.
           presenceOf(service_169)
Warning: Boolean expression 'presenceOf' is always true because interval variable 'service_62' is declared present.
           presenceOf(service_62)
Warning: Boolean expression 'presenceOf' is always true because interval variable 'service_78' is declared present.
           presenceOf(service_78)
Warning: Boolean expression 'presenceOf' is always true because interval variable 'service_6' is declared present.
           presenceOf(service_6)
Warning: Boolean expression 'presenceOf' is always true because interval variable 'service_23' is declared present.
           presenceOf(service_23)
Warning: Boolean expression 'presenceOf' is always true because interval variable 'service_30' is declared present.
           presenceOf(service_30)
Warning: Boolean expression 'presenceOf' is always true because interval variable 'service_49' is declared present.
           presenceOf(service_49)
Warning: Boolean expression 'presenceOf' is always true because interval variable 'service_74' is declared present.
           presenceOf(service_74)
Warning: Boolean expression 'presenceOf' is always true because interval variable 'service_91' is declared present.
           presenceOf(service_91)
   Too many warnings of this type. Suppressing further warnings of this type.
TIMEOUT_FEASIBLE  (300s wall)
[cfg4_CPLEX-CP-I] instance_40_25_5_12 | 16:22:21 ... Warning: Boolean expression 'presenceOf' is always true because interval variable 'service_14' is declared present.
           presenceOf(service_14)
Warning: Boolean expression 'presenceOf' is always true because interval variable 'service_27' is declared present.
           presenceOf(service_27)
Warning: Boolean expression 'presenceOf' is always true because interval variable 'service_80' is declared present.
           presenceOf(service_80)
Warning: Boolean expression 'presenceOf' is always true because interval variable 'service_61' is declared present.
           presenceOf(service_61)
Warning: Boolean expression 'presenceOf' is always true because interval variable 'service_39' is declared present.
           presenceOf(service_39)
Warning: Boolean expression 'presenceOf' is always true because interval variable 'service_10' is declared present.
           presenceOf(service_10)
Warning: Boolean expression 'presenceOf' is always true because interval variable 'service_24' is declared present.
           presenceOf(service_24)
Warning: Boolean expression 'presenceOf' is always true because interval variable 'service_101' is declared present.
           presenceOf(service_101)
Warning: Boolean expression 'presenceOf' is always true because interval variable 'service_199' is declared present.
           presenceOf(service_199)
Warning: Boolean expression 'presenceOf' is always true because interval variable 'service_85' is declared present.
           presenceOf(service_85)
Warning: Boolean expression 'presenceOf' is always true because interval variable 'service_93' is declared present.
           presenceOf(service_93)
Warning: Boolean expression 'presenceOf' is always true because interval variable 'service_164' is declared present.
           presenceOf(service_164)
Warning: Boolean expression 'presenceOf' is always true because interval variable 'service_117' is declared present.
           presenceOf(service_117)
Warning: Boolean expression 'presenceOf' is always true because interval variable 'service_95' is declared present.
           presenceOf(service_95)
Warning: Boolean expression 'presenceOf' is always true because interval variable 'service_74' is declared present.
           presenceOf(service_74)
Warning: Boolean expression 'presenceOf' is always true because interval variable 'service_106' is declared present.
           presenceOf(service_106)
Warning: Boolean expression 'presenceOf' is always true because interval variable 'service_15' is declared present.
           presenceOf(service_15)
Warning: Boolean expression 'presenceOf' is always true because interval variable 'service_60' is declared present.
           presenceOf(service_60)
Warning: Boolean expression 'presenceOf' is always true because interval variable 'service_172' is declared present.
           presenceOf(service_172)
Warning: Boolean expression 'presenceOf' is always true because interval variable 'service_96' is declared present.
           presenceOf(service_96)
   Too many warnings of this type. Suppressing further warnings of this type.
TIMEOUT_FEASIBLE  (300s wall)
[cfg4_CPLEX-CP-I] instance_40_25_5_13 | 16:27:21 ... Warning: Boolean expression 'presenceOf' is always true because interval variable 'service_20' is declared present.
           presenceOf(service_20)
Warning: Boolean expression 'presenceOf' is always true because interval variable 'service_56' is declared present.
           presenceOf(service_56)
Warning: Boolean expression 'presenceOf' is always true because interval variable 'service_58' is declared present.
           presenceOf(service_58)
Warning: Boolean expression 'presenceOf' is always true because interval variable 'service_68' is declared present.
           presenceOf(service_68)
Warning: Boolean expression 'presenceOf' is always true because interval variable 'service_190' is declared present.
           presenceOf(service_190)
Warning: Boolean expression 'presenceOf' is always true because interval variable 'service_103' is declared present.
           presenceOf(service_103)
Warning: Boolean expression 'presenceOf' is always true because interval variable 'service_50' is declared present.
           presenceOf(service_50)
Warning: Boolean expression 'presenceOf' is always true because interval variable 'service_6' is declared present.
           presenceOf(service_6)
Warning: Boolean expression 'presenceOf' is always true because interval variable 'service_77' is declared present.
           presenceOf(service_77)
Warning: Boolean expression 'presenceOf' is always true because interval variable 'service_32' is declared present.
           presenceOf(service_32)
Warning: Boolean expression 'presenceOf' is always true because interval variable 'service_29' is declared present.
           presenceOf(service_29)
Warning: Boolean expression 'presenceOf' is always true because interval variable 'service_3' is declared present.
           presenceOf(service_3)
Warning: Boolean expression 'presenceOf' is always true because interval variable 'service_24' is declared present.
           presenceOf(service_24)
Warning: Boolean expression 'presenceOf' is always true because interval variable 'service_38' is declared present.
           presenceOf(service_38)
Warning: Boolean expression 'presenceOf' is always true because interval variable 'service_140' is declared present.
           presenceOf(service_140)
Warning: Boolean expression 'presenceOf' is always true because interval variable 'service_162' is declared present.
           presenceOf(service_162)
Warning: Boolean expression 'presenceOf' is always true because interval variable 'service_70' is declared present.
           presenceOf(service_70)
Warning: Boolean expression 'presenceOf' is always true because interval variable 'service_71' is declared present.
           presenceOf(service_71)
Warning: Boolean expression 'presenceOf' is always true because interval variable 'service_97' is declared present.
           presenceOf(service_97)
Warning: Boolean expression 'presenceOf' is always true because interval variable 'service_67' is declared present.
           presenceOf(service_67)
   Too many warnings of this type. Suppressing further warnings of this type.
TIMEOUT_FEASIBLE  (300s wall)
[cfg4_CPLEX-CP-I] instance_40_25_5_14 | 16:32:21 ... Warning: Boolean expression 'presenceOf' is always true because interval variable 'service_46' is declared present.
           presenceOf(service_46)
Warning: Boolean expression 'presenceOf' is always true because interval variable 'service_53' is declared present.
           presenceOf(service_53)
Warning: Boolean expression 'presenceOf' is always true because interval variable 'service_166' is declared present.
           presenceOf(service_166)
Warning: Boolean expression 'presenceOf' is always true because interval variable 'service_197' is declared present.
           presenceOf(service_197)
Warning: Boolean expression 'presenceOf' is always true because interval variable 'service_30' is declared present.
           presenceOf(service_30)
Warning: Boolean expression 'presenceOf' is always true because interval variable 'service_24' is declared present.
           presenceOf(service_24)
Warning: Boolean expression 'presenceOf' is always true because interval variable 'service_59' is declared present.
           presenceOf(service_59)
Warning: Boolean expression 'presenceOf' is always true because interval variable 'service_61' is declared present.
           presenceOf(service_61)
Warning: Boolean expression 'presenceOf' is always true because interval variable 'service_114' is declared present.
           presenceOf(service_114)
Warning: Boolean expression 'presenceOf' is always true because interval variable 'service_85' is declared present.
           presenceOf(service_85)
Warning: Boolean expression 'presenceOf' is always true because interval variable 'service_165' is declared present.
           presenceOf(service_165)
Warning: Boolean expression 'presenceOf' is always true because interval variable 'service_13' is declared present.
           presenceOf(service_13)
Warning: Boolean expression 'presenceOf' is always true because interval variable 'service_15' is declared present.
           presenceOf(service_15)
Warning: Boolean expression 'presenceOf' is always true because interval variable 'service_185' is declared present.
           presenceOf(service_185)
Warning: Boolean expression 'presenceOf' is always true because interval variable 'service_100' is declared present.
           presenceOf(service_100)
Warning: Boolean expression 'presenceOf' is always true because interval variable 'service_36' is declared present.
           presenceOf(service_36)
Warning: Boolean expression 'presenceOf' is always true because interval variable 'service_79' is declared present.
           presenceOf(service_79)
Warning: Boolean expression 'presenceOf' is always true because interval variable 'service_188' is declared present.
           presenceOf(service_188)
Warning: Boolean expression 'presenceOf' is always true because interval variable 'service_102' is declared present.
           presenceOf(service_102)
Warning: Boolean expression 'presenceOf' is always true because interval variable 'service_163' is declared present.
           presenceOf(service_163)
   Too many warnings of this type. Suppressing further warnings of this type.
TIMEOUT_FEASIBLE  (300s wall)
[cfg4_CPLEX-CP-I] instance_40_25_5_15 | 16:37:21 ... Warning: Boolean expression 'presenceOf' is always true because interval variable 'service_28' is declared present.
           presenceOf(service_28)
Warning: Boolean expression 'presenceOf' is always true because interval variable 'service_43' is declared present.
           presenceOf(service_43)
Warning: Boolean expression 'presenceOf' is always true because interval variable 'service_166' is declared present.
           presenceOf(service_166)
Warning: Boolean expression 'presenceOf' is always true because interval variable 'service_175' is declared present.
           presenceOf(service_175)
Warning: Boolean expression 'presenceOf' is always true because interval variable 'service_116' is declared present.
           presenceOf(service_116)
Warning: Boolean expression 'presenceOf' is always true because interval variable 'service_162' is declared present.
           presenceOf(service_162)
Warning: Boolean expression 'presenceOf' is always true because interval variable 'service_118' is declared present.
           presenceOf(service_118)
Warning: Boolean expression 'presenceOf' is always true because interval variable 'service_167' is declared present.
           presenceOf(service_167)
Warning: Boolean expression 'presenceOf' is always true because interval variable 'service_3' is declared present.
           presenceOf(service_3)
Warning: Boolean expression 'presenceOf' is always true because interval variable 'service_58' is declared present.
           presenceOf(service_58)
Warning: Boolean expression 'presenceOf' is always true because interval variable 'service_62' is declared present.
           presenceOf(service_62)
Warning: Boolean expression 'presenceOf' is always true because interval variable 'service_77' is declared present.
           presenceOf(service_77)
Warning: Boolean expression 'presenceOf' is always true because interval variable 'service_197' is declared present.
           presenceOf(service_197)
Warning: Boolean expression 'presenceOf' is always true because interval variable 'service_72' is declared present.
           presenceOf(service_72)
Warning: Boolean expression 'presenceOf' is always true because interval variable 'service_106' is declared present.
           presenceOf(service_106)
Warning: Boolean expression 'presenceOf' is always true because interval variable 'service_139' is declared present.
           presenceOf(service_139)
Warning: Boolean expression 'presenceOf' is always true because interval variable 'service_61' is declared present.
           presenceOf(service_61)
Warning: Boolean expression 'presenceOf' is always true because interval variable 'service_13' is declared present.
           presenceOf(service_13)
Warning: Boolean expression 'presenceOf' is always true because interval variable 'service_81' is declared present.
           presenceOf(service_81)
Warning: Boolean expression 'presenceOf' is always true because interval variable 'service_181' is declared present.
           presenceOf(service_181)
   Too many warnings of this type. Suppressing further warnings of this type.
TIMEOUT_FEASIBLE  (300s wall)
[cfg4_CPLEX-CP-I] instance_40_25_5_16 | 16:42:21 ... Warning: Boolean expression 'presenceOf' is always true because interval variable 'service_70' is declared present.
           presenceOf(service_70)
Warning: Boolean expression 'presenceOf' is always true because interval variable 'service_100' is declared present.
           presenceOf(service_100)
Warning: Boolean expression 'presenceOf' is always true because interval variable 'service_113' is declared present.
           presenceOf(service_113)
Warning: Boolean expression 'presenceOf' is always true because interval variable 'service_182' is declared present.
           presenceOf(service_182)
Warning: Boolean expression 'presenceOf' is always true because interval variable 'service_29' is declared present.
           presenceOf(service_29)
Warning: Boolean expression 'presenceOf' is always true because interval variable 'service_76' is declared present.
           presenceOf(service_76)
Warning: Boolean expression 'presenceOf' is always true because interval variable 'service_43' is declared present.
           presenceOf(service_43)
Warning: Boolean expression 'presenceOf' is always true because interval variable 'service_84' is declared present.
           presenceOf(service_84)
Warning: Boolean expression 'presenceOf' is always true because interval variable 'service_184' is declared present.
           presenceOf(service_184)
Warning: Boolean expression 'presenceOf' is always true because interval variable 'service_24' is declared present.
           presenceOf(service_24)
Warning: Boolean expression 'presenceOf' is always true because interval variable 'service_134' is declared present.
           presenceOf(service_134)
Warning: Boolean expression 'presenceOf' is always true because interval variable 'service_148' is declared present.
           presenceOf(service_148)
Warning: Boolean expression 'presenceOf' is always true because interval variable 'service_67' is declared present.
           presenceOf(service_67)
Warning: Boolean expression 'presenceOf' is always true because interval variable 'service_83' is declared present.
           presenceOf(service_83)
Warning: Boolean expression 'presenceOf' is always true because interval variable 'service_126' is declared present.
           presenceOf(service_126)
Warning: Boolean expression 'presenceOf' is always true because interval variable 'service_141' is declared present.
           presenceOf(service_141)
Warning: Boolean expression 'presenceOf' is always true because interval variable 'service_37' is declared present.
           presenceOf(service_37)
Warning: Boolean expression 'presenceOf' is always true because interval variable 'service_81' is declared present.
           presenceOf(service_81)
Warning: Boolean expression 'presenceOf' is always true because interval variable 'service_140' is declared present.
           presenceOf(service_140)
Warning: Boolean expression 'presenceOf' is always true because interval variable 'service_58' is declared present.
           presenceOf(service_58)
   Too many warnings of this type. Suppressing further warnings of this type.
TIMEOUT_FEASIBLE  (300s wall)
[cfg4_CPLEX-CP-I] instance_40_25_5_17 | 16:47:21 ... Warning: Boolean expression 'presenceOf' is always true because interval variable 'service_12' is declared present.
           presenceOf(service_12)
Warning: Boolean expression 'presenceOf' is always true because interval variable 'service_163' is declared present.
           presenceOf(service_163)
Warning: Boolean expression 'presenceOf' is always true because interval variable 'service_170' is declared present.
           presenceOf(service_170)
Warning: Boolean expression 'presenceOf' is always true because interval variable 'service_155' is declared present.
           presenceOf(service_155)
Warning: Boolean expression 'presenceOf' is always true because interval variable 'service_28' is declared present.
           presenceOf(service_28)
Warning: Boolean expression 'presenceOf' is always true because interval variable 'service_106' is declared present.
           presenceOf(service_106)
Warning: Boolean expression 'presenceOf' is always true because interval variable 'service_182' is declared present.
           presenceOf(service_182)
Warning: Boolean expression 'presenceOf' is always true because interval variable 'service_130' is declared present.
           presenceOf(service_130)
Warning: Boolean expression 'presenceOf' is always true because interval variable 'service_181' is declared present.
           presenceOf(service_181)
Warning: Boolean expression 'presenceOf' is always true because interval variable 'service_124' is declared present.
           presenceOf(service_124)
Warning: Boolean expression 'presenceOf' is always true because interval variable 'service_5' is declared present.
           presenceOf(service_5)
Warning: Boolean expression 'presenceOf' is always true because interval variable 'service_11' is declared present.
           presenceOf(service_11)
Warning: Boolean expression 'presenceOf' is always true because interval variable 'service_16' is declared present.
           presenceOf(service_16)
Warning: Boolean expression 'presenceOf' is always true because interval variable 'service_45' is declared present.
           presenceOf(service_45)
Warning: Boolean expression 'presenceOf' is always true because interval variable 'service_112' is declared present.
           presenceOf(service_112)
Warning: Boolean expression 'presenceOf' is always true because interval variable 'service_136' is declared present.
           presenceOf(service_136)
Warning: Boolean expression 'presenceOf' is always true because interval variable 'service_188' is declared present.
           presenceOf(service_188)
Warning: Boolean expression 'presenceOf' is always true because interval variable 'service_32' is declared present.
           presenceOf(service_32)
Warning: Boolean expression 'presenceOf' is always true because interval variable 'service_68' is declared present.
           presenceOf(service_68)
Warning: Boolean expression 'presenceOf' is always true because interval variable 'service_175' is declared present.
           presenceOf(service_175)
   Too many warnings of this type. Suppressing further warnings of this type.
TIMEOUT_FEASIBLE  (300s wall)
[cfg4_CPLEX-CP-I] instance_40_25_5_18 | 16:52:21 ... Warning: Boolean expression 'presenceOf' is always true because interval variable 'service_179' is declared present.
           presenceOf(service_179)
Warning: Boolean expression 'presenceOf' is always true because interval variable 'service_18' is declared present.
           presenceOf(service_18)
Warning: Boolean expression 'presenceOf' is always true because interval variable 'service_58' is declared present.
           presenceOf(service_58)
Warning: Boolean expression 'presenceOf' is always true because interval variable 'service_172' is declared present.
           presenceOf(service_172)
Warning: Boolean expression 'presenceOf' is always true because interval variable 'service_191' is declared present.
           presenceOf(service_191)
Warning: Boolean expression 'presenceOf' is always true because interval variable 'service_140' is declared present.
           presenceOf(service_140)
Warning: Boolean expression 'presenceOf' is always true because interval variable 'service_44' is declared present.
           presenceOf(service_44)
Warning: Boolean expression 'presenceOf' is always true because interval variable 'service_123' is declared present.
           presenceOf(service_123)
Warning: Boolean expression 'presenceOf' is always true because interval variable 'service_149' is declared present.
           presenceOf(service_149)
Warning: Boolean expression 'presenceOf' is always true because interval variable 'service_175' is declared present.
           presenceOf(service_175)
Warning: Boolean expression 'presenceOf' is always true because interval variable 'service_14' is declared present.
           presenceOf(service_14)
Warning: Boolean expression 'presenceOf' is always true because interval variable 'service_177' is declared present.
           presenceOf(service_177)
Warning: Boolean expression 'presenceOf' is always true because interval variable 'service_77' is declared present.
           presenceOf(service_77)
Warning: Boolean expression 'presenceOf' is always true because interval variable 'service_193' is declared present.
           presenceOf(service_193)
Warning: Boolean expression 'presenceOf' is always true because interval variable 'service_38' is declared present.
           presenceOf(service_38)
Warning: Boolean expression 'presenceOf' is always true because interval variable 'service_87' is declared present.
           presenceOf(service_87)
Warning: Boolean expression 'presenceOf' is always true because interval variable 'service_146' is declared present.
           presenceOf(service_146)
Warning: Boolean expression 'presenceOf' is always true because interval variable 'service_150' is declared present.
           presenceOf(service_150)
Warning: Boolean expression 'presenceOf' is always true because interval variable 'service_35' is declared present.
           presenceOf(service_35)
Warning: Boolean expression 'presenceOf' is always true because interval variable 'service_82' is declared present.
           presenceOf(service_82)
   Too many warnings of this type. Suppressing further warnings of this type.
TIMEOUT_FEASIBLE  (300s wall)
[cfg4_CPLEX-CP-I] instance_40_25_5_19 | 16:57:21 ... Warning: Boolean expression 'presenceOf' is always true because interval variable 'service_32' is declared present.
           presenceOf(service_32)
Warning: Boolean expression 'presenceOf' is always true because interval variable 'service_34' is declared present.
           presenceOf(service_34)
Warning: Boolean expression 'presenceOf' is always true because interval variable 'service_35' is declared present.
           presenceOf(service_35)
Warning: Boolean expression 'presenceOf' is always true because interval variable 'service_10' is declared present.
           presenceOf(service_10)
Warning: Boolean expression 'presenceOf' is always true because interval variable 'service_82' is declared present.
           presenceOf(service_82)
Warning: Boolean expression 'presenceOf' is always true because interval variable 'service_186' is declared present.
           presenceOf(service_186)
Warning: Boolean expression 'presenceOf' is always true because interval variable 'service_22' is declared present.
           presenceOf(service_22)
Warning: Boolean expression 'presenceOf' is always true because interval variable 'service_94' is declared present.
           presenceOf(service_94)
Warning: Boolean expression 'presenceOf' is always true because interval variable 'service_110' is declared present.
           presenceOf(service_110)
Warning: Boolean expression 'presenceOf' is always true because interval variable 'service_137' is declared present.
           presenceOf(service_137)
Warning: Boolean expression 'presenceOf' is always true because interval variable 'service_98' is declared present.
           presenceOf(service_98)
Warning: Boolean expression 'presenceOf' is always true because interval variable 'service_14' is declared present.
           presenceOf(service_14)
Warning: Boolean expression 'presenceOf' is always true because interval variable 'service_15' is declared present.
           presenceOf(service_15)
Warning: Boolean expression 'presenceOf' is always true because interval variable 'service_171' is declared present.
           presenceOf(service_171)
Warning: Boolean expression 'presenceOf' is always true because interval variable 'service_57' is declared present.
           presenceOf(service_57)
Warning: Boolean expression 'presenceOf' is always true because interval variable 'service_128' is declared present.
           presenceOf(service_128)
Warning: Boolean expression 'presenceOf' is always true because interval variable 'service_59' is declared present.
           presenceOf(service_59)
Warning: Boolean expression 'presenceOf' is always true because interval variable 'service_122' is declared present.
           presenceOf(service_122)
Warning: Boolean expression 'presenceOf' is always true because interval variable 'service_158' is declared present.
           presenceOf(service_158)
Warning: Boolean expression 'presenceOf' is always true because interval variable 'service_112' is declared present.
           presenceOf(service_112)
   Too many warnings of this type. Suppressing further warnings of this type.
TIMEOUT_FEASIBLE  (300s wall)
[cfg4_CPLEX-CP-I] instance_40_25_5_2 | 17:02:21 ... error: invalid HCORAP instance: SU row count does not match U
ERROR  (0s wall)
[cfg4_CPLEX-CP-I] instance_40_25_5_20 | 17:02:21 ... Warning: Boolean expression 'presenceOf' is always true because interval variable 'service_57' is declared present.
           presenceOf(service_57)
Warning: Boolean expression 'presenceOf' is always true because interval variable 'service_91' is declared present.
           presenceOf(service_91)
Warning: Boolean expression 'presenceOf' is always true because interval variable 'service_112' is declared present.
           presenceOf(service_112)
Warning: Boolean expression 'presenceOf' is always true because interval variable 'service_154' is declared present.
           presenceOf(service_154)
Warning: Boolean expression 'presenceOf' is always true because interval variable 'service_166' is declared present.
           presenceOf(service_166)
Warning: Boolean expression 'presenceOf' is always true because interval variable 'service_69' is declared present.
           presenceOf(service_69)
Warning: Boolean expression 'presenceOf' is always true because interval variable 'service_135' is declared present.
           presenceOf(service_135)
Warning: Boolean expression 'presenceOf' is always true because interval variable 'service_94' is declared present.
           presenceOf(service_94)
Warning: Boolean expression 'presenceOf' is always true because interval variable 'service_110' is declared present.
           presenceOf(service_110)
Warning: Boolean expression 'presenceOf' is always true because interval variable 'service_176' is declared present.
           presenceOf(service_176)
Warning: Boolean expression 'presenceOf' is always true because interval variable 'service_67' is declared present.
           presenceOf(service_67)
Warning: Boolean expression 'presenceOf' is always true because interval variable 'service_56' is declared present.
           presenceOf(service_56)
Warning: Boolean expression 'presenceOf' is always true because interval variable 'service_59' is declared present.
           presenceOf(service_59)
Warning: Boolean expression 'presenceOf' is always true because interval variable 'service_184' is declared present.
           presenceOf(service_184)
Warning: Boolean expression 'presenceOf' is always true because interval variable 'service_134' is declared present.
           presenceOf(service_134)
Warning: Boolean expression 'presenceOf' is always true because interval variable 'service_25' is declared present.
           presenceOf(service_25)
Warning: Boolean expression 'presenceOf' is always true because interval variable 'service_54' is declared present.
           presenceOf(service_54)
Warning: Boolean expression 'presenceOf' is always true because interval variable 'service_63' is declared present.
           presenceOf(service_63)
Warning: Boolean expression 'presenceOf' is always true because interval variable 'service_120' is declared present.
           presenceOf(service_120)
Warning: Boolean expression 'presenceOf' is always true because interval variable 'service_194' is declared present.
           presenceOf(service_194)
   Too many warnings of this type. Suppressing further warnings of this type.
TIMEOUT_FEASIBLE  (300s wall)
[cfg4_CPLEX-CP-I] instance_40_25_5_21 | 17:07:21 ... Warning: Boolean expression 'presenceOf' is always true because interval variable 'service_9' is declared present.
           presenceOf(service_9)
Warning: Boolean expression 'presenceOf' is always true because interval variable 'service_76' is declared present.
           presenceOf(service_76)
Warning: Boolean expression 'presenceOf' is always true because interval variable 'service_131' is declared present.
           presenceOf(service_131)
Warning: Boolean expression 'presenceOf' is always true because interval variable 'service_19' is declared present.
           presenceOf(service_19)
Warning: Boolean expression 'presenceOf' is always true because interval variable 'service_32' is declared present.
           presenceOf(service_32)
Warning: Boolean expression 'presenceOf' is always true because interval variable 'service_28' is declared present.
           presenceOf(service_28)
Warning: Boolean expression 'presenceOf' is always true because interval variable 'service_150' is declared present.
           presenceOf(service_150)
Warning: Boolean expression 'presenceOf' is always true because interval variable 'service_156' is declared present.
           presenceOf(service_156)
Warning: Boolean expression 'presenceOf' is always true because interval variable 'service_54' is declared present.
           presenceOf(service_54)
Warning: Boolean expression 'presenceOf' is always true because interval variable 'service_78' is declared present.
           presenceOf(service_78)
Warning: Boolean expression 'presenceOf' is always true because interval variable 'service_100' is declared present.
           presenceOf(service_100)
Warning: Boolean expression 'presenceOf' is always true because interval variable 'service_101' is declared present.
           presenceOf(service_101)
Warning: Boolean expression 'presenceOf' is always true because interval variable 'service_158' is declared present.
           presenceOf(service_158)
Warning: Boolean expression 'presenceOf' is always true because interval variable 'service_168' is declared present.
           presenceOf(service_168)
Warning: Boolean expression 'presenceOf' is always true because interval variable 'service_172' is declared present.
           presenceOf(service_172)
Warning: Boolean expression 'presenceOf' is always true because interval variable 'service_13' is declared present.
           presenceOf(service_13)
Warning: Boolean expression 'presenceOf' is always true because interval variable 'service_10' is declared present.
           presenceOf(service_10)
Warning: Boolean expression 'presenceOf' is always true because interval variable 'service_43' is declared present.
           presenceOf(service_43)
Warning: Boolean expression 'presenceOf' is always true because interval variable 'service_57' is declared present.
           presenceOf(service_57)
Warning: Boolean expression 'presenceOf' is always true because interval variable 'service_63' is declared present.
           presenceOf(service_63)
   Too many warnings of this type. Suppressing further warnings of this type.
TIMEOUT_FEASIBLE  (300s wall)
[cfg4_CPLEX-CP-I] instance_40_25_5_22 | 17:12:22 ... Warning: Boolean expression 'presenceOf' is always true because interval variable 'service_157' is declared present.
           presenceOf(service_157)
Warning: Boolean expression 'presenceOf' is always true because interval variable 'service_71' is declared present.
           presenceOf(service_71)
Warning: Boolean expression 'presenceOf' is always true because interval variable 'service_189' is declared present.
           presenceOf(service_189)
Warning: Boolean expression 'presenceOf' is always true because interval variable 'service_52' is declared present.
           presenceOf(service_52)
Warning: Boolean expression 'presenceOf' is always true because interval variable 'service_124' is declared present.
           presenceOf(service_124)
Warning: Boolean expression 'presenceOf' is always true because interval variable 'service_165' is declared present.
           presenceOf(service_165)
Warning: Boolean expression 'presenceOf' is always true because interval variable 'service_100' is declared present.
           presenceOf(service_100)
Warning: Boolean expression 'presenceOf' is always true because interval variable 'service_137' is declared present.
           presenceOf(service_137)
Warning: Boolean expression 'presenceOf' is always true because interval variable 'service_66' is declared present.
           presenceOf(service_66)
Warning: Boolean expression 'presenceOf' is always true because interval variable 'service_30' is declared present.
           presenceOf(service_30)
Warning: Boolean expression 'presenceOf' is always true because interval variable 'service_28' is declared present.
           presenceOf(service_28)
Warning: Boolean expression 'presenceOf' is always true because interval variable 'service_60' is declared present.
           presenceOf(service_60)
Warning: Boolean expression 'presenceOf' is always true because interval variable 'service_24' is declared present.
           presenceOf(service_24)
Warning: Boolean expression 'presenceOf' is always true because interval variable 'service_139' is declared present.
           presenceOf(service_139)
Warning: Boolean expression 'presenceOf' is always true because interval variable 'service_171' is declared present.
           presenceOf(service_171)
Warning: Boolean expression 'presenceOf' is always true because interval variable 'service_184' is declared present.
           presenceOf(service_184)
Warning: Boolean expression 'presenceOf' is always true because interval variable 'service_5' is declared present.
           presenceOf(service_5)
Warning: Boolean expression 'presenceOf' is always true because interval variable 'service_73' is declared present.
           presenceOf(service_73)
Warning: Boolean expression 'presenceOf' is always true because interval variable 'service_131' is declared present.
           presenceOf(service_131)
Warning: Boolean expression 'presenceOf' is always true because interval variable 'service_74' is declared present.
           presenceOf(service_74)
   Too many warnings of this type. Suppressing further warnings of this type.
TIMEOUT_FEASIBLE  (300s wall)
[cfg4_CPLEX-CP-I] instance_40_25_5_23 | 17:17:22 ... error: invalid HCORAP instance: SU row count does not match U
ERROR  (0s wall)
[cfg4_CPLEX-CP-I] instance_40_25_5_24 | 17:17:22 ... Warning: Boolean expression 'presenceOf' is always true because interval variable 'service_119' is declared present.
           presenceOf(service_119)
Warning: Boolean expression 'presenceOf' is always true because interval variable 'service_155' is declared present.
           presenceOf(service_155)
Warning: Boolean expression 'presenceOf' is always true because interval variable 'service_52' is declared present.
           presenceOf(service_52)
Warning: Boolean expression 'presenceOf' is always true because interval variable 'service_144' is declared present.
           presenceOf(service_144)
Warning: Boolean expression 'presenceOf' is always true because interval variable 'service_161' is declared present.
           presenceOf(service_161)
Warning: Boolean expression 'presenceOf' is always true because interval variable 'service_178' is declared present.
           presenceOf(service_178)
Warning: Boolean expression 'presenceOf' is always true because interval variable 'service_89' is declared present.
           presenceOf(service_89)
Warning: Boolean expression 'presenceOf' is always true because interval variable 'service_137' is declared present.
           presenceOf(service_137)
Warning: Boolean expression 'presenceOf' is always true because interval variable 'service_156' is declared present.
           presenceOf(service_156)
Warning: Boolean expression 'presenceOf' is always true because interval variable 'service_124' is declared present.
           presenceOf(service_124)
Warning: Boolean expression 'presenceOf' is always true because interval variable 'service_72' is declared present.
           presenceOf(service_72)
Warning: Boolean expression 'presenceOf' is always true because interval variable 'service_10' is declared present.
           presenceOf(service_10)
Warning: Boolean expression 'presenceOf' is always true because interval variable 'service_116' is declared present.
           presenceOf(service_116)
Warning: Boolean expression 'presenceOf' is always true because interval variable 'service_127' is declared present.
           presenceOf(service_127)
Warning: Boolean expression 'presenceOf' is always true because interval variable 'service_43' is declared present.
           presenceOf(service_43)
Warning: Boolean expression 'presenceOf' is always true because interval variable 'service_35' is declared present.
           presenceOf(service_35)
Warning: Boolean expression 'presenceOf' is always true because interval variable 'service_150' is declared present.
           presenceOf(service_150)
Warning: Boolean expression 'presenceOf' is always true because interval variable 'service_167' is declared present.
           presenceOf(service_167)
Warning: Boolean expression 'presenceOf' is always true because interval variable 'service_12' is declared present.
           presenceOf(service_12)
Warning: Boolean expression 'presenceOf' is always true because interval variable 'service_20' is declared present.
           presenceOf(service_20)
   Too many warnings of this type. Suppressing further warnings of this type.
TIMEOUT_FEASIBLE  (300s wall)
[cfg4_CPLEX-CP-I] instance_40_25_5_25 | 17:22:22 ... Warning: Boolean expression 'presenceOf' is always true because interval variable 'service_23' is declared present.
           presenceOf(service_23)
Warning: Boolean expression 'presenceOf' is always true because interval variable 'service_30' is declared present.
           presenceOf(service_30)
Warning: Boolean expression 'presenceOf' is always true because interval variable 'service_178' is declared present.
           presenceOf(service_178)
Warning: Boolean expression 'presenceOf' is always true because interval variable 'service_44' is declared present.
           presenceOf(service_44)
Warning: Boolean expression 'presenceOf' is always true because interval variable 'service_112' is declared present.
           presenceOf(service_112)
Warning: Boolean expression 'presenceOf' is always true because interval variable 'service_115' is declared present.
           presenceOf(service_115)
Warning: Boolean expression 'presenceOf' is always true because interval variable 'service_156' is declared present.
           presenceOf(service_156)
Warning: Boolean expression 'presenceOf' is always true because interval variable 'service_105' is declared present.
           presenceOf(service_105)
Warning: Boolean expression 'presenceOf' is always true because interval variable 'service_136' is declared present.
           presenceOf(service_136)
Warning: Boolean expression 'presenceOf' is always true because interval variable 'service_69' is declared present.
           presenceOf(service_69)
Warning: Boolean expression 'presenceOf' is always true because interval variable 'service_186' is declared present.
           presenceOf(service_186)
Warning: Boolean expression 'presenceOf' is always true because interval variable 'service_50' is declared present.
           presenceOf(service_50)
Warning: Boolean expression 'presenceOf' is always true because interval variable 'service_166' is declared present.
           presenceOf(service_166)
Warning: Boolean expression 'presenceOf' is always true because interval variable 'service_54' is declared present.
           presenceOf(service_54)
Warning: Boolean expression 'presenceOf' is always true because interval variable 'service_177' is declared present.
           presenceOf(service_177)
Warning: Boolean expression 'presenceOf' is always true because interval variable 'service_51' is declared present.
           presenceOf(service_51)
Warning: Boolean expression 'presenceOf' is always true because interval variable 'service_107' is declared present.
           presenceOf(service_107)
Warning: Boolean expression 'presenceOf' is always true because interval variable 'service_163' is declared present.
           presenceOf(service_163)
Warning: Boolean expression 'presenceOf' is always true because interval variable 'service_164' is declared present.
           presenceOf(service_164)
Warning: Boolean expression 'presenceOf' is always true because interval variable 'service_29' is declared present.
           presenceOf(service_29)
   Too many warnings of this type. Suppressing further warnings of this type.
TIMEOUT_FEASIBLE  (300s wall)
[cfg4_CPLEX-CP-I] instance_40_25_5_26 | 17:27:22 ... Warning: Boolean expression 'presenceOf' is always true because interval variable 'service_44' is declared present.
           presenceOf(service_44)
Warning: Boolean expression 'presenceOf' is always true because interval variable 'service_190' is declared present.
           presenceOf(service_190)
Warning: Boolean expression 'presenceOf' is always true because interval variable 'service_194' is declared present.
           presenceOf(service_194)
Warning: Boolean expression 'presenceOf' is always true because interval variable 'service_91' is declared present.
           presenceOf(service_91)
Warning: Boolean expression 'presenceOf' is always true because interval variable 'service_53' is declared present.
           presenceOf(service_53)
Warning: Boolean expression 'presenceOf' is always true because interval variable 'service_126' is declared present.
           presenceOf(service_126)
Warning: Boolean expression 'presenceOf' is always true because interval variable 'service_7' is declared present.
           presenceOf(service_7)
Warning: Boolean expression 'presenceOf' is always true because interval variable 'service_138' is declared present.
           presenceOf(service_138)
Warning: Boolean expression 'presenceOf' is always true because interval variable 'service_176' is declared present.
           presenceOf(service_176)
Warning: Boolean expression 'presenceOf' is always true because interval variable 'service_161' is declared present.
           presenceOf(service_161)
Warning: Boolean expression 'presenceOf' is always true because interval variable 'service_13' is declared present.
           presenceOf(service_13)
Warning: Boolean expression 'presenceOf' is always true because interval variable 'service_120' is declared present.
           presenceOf(service_120)
Warning: Boolean expression 'presenceOf' is always true because interval variable 'service_149' is declared present.
           presenceOf(service_149)
Warning: Boolean expression 'presenceOf' is always true because interval variable 'service_159' is declared present.
           presenceOf(service_159)
Warning: Boolean expression 'presenceOf' is always true because interval variable 'service_109' is declared present.
           presenceOf(service_109)
Warning: Boolean expression 'presenceOf' is always true because interval variable 'service_124' is declared present.
           presenceOf(service_124)
Warning: Boolean expression 'presenceOf' is always true because interval variable 'service_195' is declared present.
           presenceOf(service_195)
Warning: Boolean expression 'presenceOf' is always true because interval variable 'service_0' is declared present.
           presenceOf(service_0)
Warning: Boolean expression 'presenceOf' is always true because interval variable 'service_84' is declared present.
           presenceOf(service_84)
Warning: Boolean expression 'presenceOf' is always true because interval variable 'service_154' is declared present.
           presenceOf(service_154)
   Too many warnings of this type. Suppressing further warnings of this type.
TIMEOUT_FEASIBLE  (300s wall)
[cfg4_CPLEX-CP-I] instance_40_25_5_27 | 17:32:22 ... Warning: Boolean expression 'presenceOf' is always true because interval variable 'service_191' is declared present.
           presenceOf(service_191)
Warning: Boolean expression 'presenceOf' is always true because interval variable 'service_151' is declared present.
           presenceOf(service_151)
Warning: Boolean expression 'presenceOf' is always true because interval variable 'service_170' is declared present.
           presenceOf(service_170)
Warning: Boolean expression 'presenceOf' is always true because interval variable 'service_69' is declared present.
           presenceOf(service_69)
Warning: Boolean expression 'presenceOf' is always true because interval variable 'service_41' is declared present.
           presenceOf(service_41)
Warning: Boolean expression 'presenceOf' is always true because interval variable 'service_14' is declared present.
           presenceOf(service_14)
Warning: Boolean expression 'presenceOf' is always true because interval variable 'service_179' is declared present.
           presenceOf(service_179)
Warning: Boolean expression 'presenceOf' is always true because interval variable 'service_92' is declared present.
           presenceOf(service_92)
Warning: Boolean expression 'presenceOf' is always true because interval variable 'service_158' is declared present.
           presenceOf(service_158)
Warning: Boolean expression 'presenceOf' is always true because interval variable 'service_23' is declared present.
           presenceOf(service_23)
Warning: Boolean expression 'presenceOf' is always true because interval variable 'service_48' is declared present.
           presenceOf(service_48)
Warning: Boolean expression 'presenceOf' is always true because interval variable 'service_75' is declared present.
           presenceOf(service_75)
Warning: Boolean expression 'presenceOf' is always true because interval variable 'service_34' is declared present.
           presenceOf(service_34)
Warning: Boolean expression 'presenceOf' is always true because interval variable 'service_142' is declared present.
           presenceOf(service_142)
Warning: Boolean expression 'presenceOf' is always true because interval variable 'service_20' is declared present.
           presenceOf(service_20)
Warning: Boolean expression 'presenceOf' is always true because interval variable 'service_37' is declared present.
           presenceOf(service_37)
Warning: Boolean expression 'presenceOf' is always true because interval variable 'service_147' is declared present.
           presenceOf(service_147)
Warning: Boolean expression 'presenceOf' is always true because interval variable 'service_176' is declared present.
           presenceOf(service_176)
Warning: Boolean expression 'presenceOf' is always true because interval variable 'service_122' is declared present.
           presenceOf(service_122)
Warning: Boolean expression 'presenceOf' is always true because interval variable 'service_133' is declared present.
           presenceOf(service_133)
   Too many warnings of this type. Suppressing further warnings of this type.
TIMEOUT_FEASIBLE  (300s wall)
[cfg4_CPLEX-CP-I] instance_40_25_5_28 | 17:37:22 ... Warning: Boolean expression 'presenceOf' is always true because interval variable 'service_94' is declared present.
           presenceOf(service_94)
Warning: Boolean expression 'presenceOf' is always true because interval variable 'service_167' is declared present.
           presenceOf(service_167)
Warning: Boolean expression 'presenceOf' is always true because interval variable 'service_195' is declared present.
           presenceOf(service_195)
Warning: Boolean expression 'presenceOf' is always true because interval variable 'service_19' is declared present.
           presenceOf(service_19)
Warning: Boolean expression 'presenceOf' is always true because interval variable 'service_21' is declared present.
           presenceOf(service_21)
Warning: Boolean expression 'presenceOf' is always true because interval variable 'service_62' is declared present.
           presenceOf(service_62)
Warning: Boolean expression 'presenceOf' is always true because interval variable 'service_140' is declared present.
           presenceOf(service_140)
Warning: Boolean expression 'presenceOf' is always true because interval variable 'service_92' is declared present.
           presenceOf(service_92)
Warning: Boolean expression 'presenceOf' is always true because interval variable 'service_104' is declared present.
           presenceOf(service_104)
Warning: Boolean expression 'presenceOf' is always true because interval variable 'service_68' is declared present.
           presenceOf(service_68)
Warning: Boolean expression 'presenceOf' is always true because interval variable 'service_119' is declared present.
           presenceOf(service_119)
Warning: Boolean expression 'presenceOf' is always true because interval variable 'service_32' is declared present.
           presenceOf(service_32)
Warning: Boolean expression 'presenceOf' is always true because interval variable 'service_47' is declared present.
           presenceOf(service_47)
Warning: Boolean expression 'presenceOf' is always true because interval variable 'service_33' is declared present.
           presenceOf(service_33)
Warning: Boolean expression 'presenceOf' is always true because interval variable 'service_29' is declared present.
           presenceOf(service_29)
Warning: Boolean expression 'presenceOf' is always true because interval variable 'service_101' is declared present.
           presenceOf(service_101)
Warning: Boolean expression 'presenceOf' is always true because interval variable 'service_12' is declared present.
           presenceOf(service_12)
Warning: Boolean expression 'presenceOf' is always true because interval variable 'service_71' is declared present.
           presenceOf(service_71)
Warning: Boolean expression 'presenceOf' is always true because interval variable 'service_107' is declared present.
           presenceOf(service_107)
Warning: Boolean expression 'presenceOf' is always true because interval variable 'service_188' is declared present.
           presenceOf(service_188)
   Too many warnings of this type. Suppressing further warnings of this type.
TIMEOUT_FEASIBLE  (300s wall)
[cfg4_CPLEX-CP-I] instance_40_25_5_29 | 17:42:22 ... Warning: Boolean expression 'presenceOf' is always true because interval variable 'service_26' is declared present.
           presenceOf(service_26)
Warning: Boolean expression 'presenceOf' is always true because interval variable 'service_49' is declared present.
           presenceOf(service_49)
Warning: Boolean expression 'presenceOf' is always true because interval variable 'service_147' is declared present.
           presenceOf(service_147)
Warning: Boolean expression 'presenceOf' is always true because interval variable 'service_178' is declared present.
           presenceOf(service_178)
Warning: Boolean expression 'presenceOf' is always true because interval variable 'service_45' is declared present.
           presenceOf(service_45)
Warning: Boolean expression 'presenceOf' is always true because interval variable 'service_21' is declared present.
           presenceOf(service_21)
Warning: Boolean expression 'presenceOf' is always true because interval variable 'service_35' is declared present.
           presenceOf(service_35)
Warning: Boolean expression 'presenceOf' is always true because interval variable 'service_14' is declared present.
           presenceOf(service_14)
Warning: Boolean expression 'presenceOf' is always true because interval variable 'service_154' is declared present.
           presenceOf(service_154)
Warning: Boolean expression 'presenceOf' is always true because interval variable 'service_41' is declared present.
           presenceOf(service_41)
Warning: Boolean expression 'presenceOf' is always true because interval variable 'service_119' is declared present.
           presenceOf(service_119)
Warning: Boolean expression 'presenceOf' is always true because interval variable 'service_135' is declared present.
           presenceOf(service_135)
Warning: Boolean expression 'presenceOf' is always true because interval variable 'service_136' is declared present.
           presenceOf(service_136)
Warning: Boolean expression 'presenceOf' is always true because interval variable 'service_150' is declared present.
           presenceOf(service_150)
Warning: Boolean expression 'presenceOf' is always true because interval variable 'service_71' is declared present.
           presenceOf(service_71)
Warning: Boolean expression 'presenceOf' is always true because interval variable 'service_110' is declared present.
           presenceOf(service_110)
Warning: Boolean expression 'presenceOf' is always true because interval variable 'service_167' is declared present.
           presenceOf(service_167)
Warning: Boolean expression 'presenceOf' is always true because interval variable 'service_12' is declared present.
           presenceOf(service_12)
Warning: Boolean expression 'presenceOf' is always true because interval variable 'service_77' is declared present.
           presenceOf(service_77)
Warning: Boolean expression 'presenceOf' is always true because interval variable 'service_130' is declared present.
           presenceOf(service_130)
   Too many warnings of this type. Suppressing further warnings of this type.
TIMEOUT_FEASIBLE  (300s wall)
[cfg4_CPLEX-CP-I] instance_40_25_5_3 | 17:47:22 ... error: invalid HCORAP instance: SU row count does not match U
ERROR  (0s wall)
[cfg4_CPLEX-CP-I] instance_40_25_5_30 | 17:47:22 ... Warning: Boolean expression 'presenceOf' is always true because interval variable 'service_26' is declared present.
           presenceOf(service_26)
Warning: Boolean expression 'presenceOf' is always true because interval variable 'service_27' is declared present.
           presenceOf(service_27)
Warning: Boolean expression 'presenceOf' is always true because interval variable 'service_14' is declared present.
           presenceOf(service_14)
Warning: Boolean expression 'presenceOf' is always true because interval variable 'service_168' is declared present.
           presenceOf(service_168)
Warning: Boolean expression 'presenceOf' is always true because interval variable 'service_172' is declared present.
           presenceOf(service_172)
Warning: Boolean expression 'presenceOf' is always true because interval variable 'service_199' is declared present.
           presenceOf(service_199)
Warning: Boolean expression 'presenceOf' is always true because interval variable 'service_61' is declared present.
           presenceOf(service_61)
Warning: Boolean expression 'presenceOf' is always true because interval variable 'service_81' is declared present.
           presenceOf(service_81)
Warning: Boolean expression 'presenceOf' is always true because interval variable 'service_196' is declared present.
           presenceOf(service_196)
Warning: Boolean expression 'presenceOf' is always true because interval variable 'service_125' is declared present.
           presenceOf(service_125)
Warning: Boolean expression 'presenceOf' is always true because interval variable 'service_173' is declared present.
           presenceOf(service_173)
Warning: Boolean expression 'presenceOf' is always true because interval variable 'service_48' is declared present.
           presenceOf(service_48)
Warning: Boolean expression 'presenceOf' is always true because interval variable 'service_50' is declared present.
           presenceOf(service_50)
Warning: Boolean expression 'presenceOf' is always true because interval variable 'service_121' is declared present.
           presenceOf(service_121)
Warning: Boolean expression 'presenceOf' is always true because interval variable 'service_117' is declared present.
           presenceOf(service_117)
Warning: Boolean expression 'presenceOf' is always true because interval variable 'service_101' is declared present.
           presenceOf(service_101)
Warning: Boolean expression 'presenceOf' is always true because interval variable 'service_49' is declared present.
           presenceOf(service_49)
Warning: Boolean expression 'presenceOf' is always true because interval variable 'service_76' is declared present.
           presenceOf(service_76)
Warning: Boolean expression 'presenceOf' is always true because interval variable 'service_7' is declared present.
           presenceOf(service_7)
Warning: Boolean expression 'presenceOf' is always true because interval variable 'service_137' is declared present.
           presenceOf(service_137)
   Too many warnings of this type. Suppressing further warnings of this type.
TIMEOUT_FEASIBLE  (300s wall)
[cfg4_CPLEX-CP-I] instance_40_25_5_31 | 17:52:22 ... error: invalid HCORAP instance: SU row count does not match U
ERROR  (0s wall)
[cfg4_CPLEX-CP-I] instance_40_25_5_32 | 17:52:22 ... Warning: Boolean expression 'presenceOf' is always true because interval variable 'service_178' is declared present.
           presenceOf(service_178)
Warning: Boolean expression 'presenceOf' is always true because interval variable 'service_157' is declared present.
           presenceOf(service_157)
Warning: Boolean expression 'presenceOf' is always true because interval variable 'service_141' is declared present.
           presenceOf(service_141)
Warning: Boolean expression 'presenceOf' is always true because interval variable 'service_16' is declared present.
           presenceOf(service_16)
Warning: Boolean expression 'presenceOf' is always true because interval variable 'service_90' is declared present.
           presenceOf(service_90)
Warning: Boolean expression 'presenceOf' is always true because interval variable 'service_190' is declared present.
           presenceOf(service_190)
Warning: Boolean expression 'presenceOf' is always true because interval variable 'service_62' is declared present.
           presenceOf(service_62)
Warning: Boolean expression 'presenceOf' is always true because interval variable 'service_194' is declared present.
           presenceOf(service_194)
Warning: Boolean expression 'presenceOf' is always true because interval variable 'service_75' is declared present.
           presenceOf(service_75)
Warning: Boolean expression 'presenceOf' is always true because interval variable 'service_47' is declared present.
           presenceOf(service_47)
Warning: Boolean expression 'presenceOf' is always true because interval variable 'service_89' is declared present.
           presenceOf(service_89)
Warning: Boolean expression 'presenceOf' is always true because interval variable 'service_92' is declared present.
           presenceOf(service_92)
Warning: Boolean expression 'presenceOf' is always true because interval variable 'service_113' is declared present.
           presenceOf(service_113)
Warning: Boolean expression 'presenceOf' is always true because interval variable 'service_186' is declared present.
           presenceOf(service_186)
Warning: Boolean expression 'presenceOf' is always true because interval variable 'service_131' is declared present.
           presenceOf(service_131)
Warning: Boolean expression 'presenceOf' is always true because interval variable 'service_72' is declared present.
           presenceOf(service_72)
Warning: Boolean expression 'presenceOf' is always true because interval variable 'service_174' is declared present.
           presenceOf(service_174)
Warning: Boolean expression 'presenceOf' is always true because interval variable 'service_170' is declared present.
           presenceOf(service_170)
Warning: Boolean expression 'presenceOf' is always true because interval variable 'service_66' is declared present.
           presenceOf(service_66)
Warning: Boolean expression 'presenceOf' is always true because interval variable 'service_76' is declared present.
           presenceOf(service_76)
   Too many warnings of this type. Suppressing further warnings of this type.
TIMEOUT_FEASIBLE  (300s wall)
[cfg4_CPLEX-CP-I] instance_40_25_5_33 | 17:57:22 ... error: invalid HCORAP instance: SU row count does not match U
ERROR  (0s wall)
[cfg4_CPLEX-CP-I] instance_40_25_5_34 | 17:57:22 ... error: invalid HCORAP instance: SU row count does not match U
ERROR  (0s wall)
[cfg4_CPLEX-CP-I] instance_40_25_5_35 | 17:57:22 ... error: invalid HCORAP instance: SU row count does not match U
ERROR  (0s wall)
[cfg4_CPLEX-CP-I] instance_40_25_5_36 | 17:57:23 ... Warning: Boolean expression 'presenceOf' is always true because interval variable 'service_3' is declared present.
           presenceOf(service_3)
Warning: Boolean expression 'presenceOf' is always true because interval variable 'service_17' is declared present.
           presenceOf(service_17)
Warning: Boolean expression 'presenceOf' is always true because interval variable 'service_32' is declared present.
           presenceOf(service_32)
Warning: Boolean expression 'presenceOf' is always true because interval variable 'service_113' is declared present.
           presenceOf(service_113)
Warning: Boolean expression 'presenceOf' is always true because interval variable 'service_85' is declared present.
           presenceOf(service_85)
Warning: Boolean expression 'presenceOf' is always true because interval variable 'service_65' is declared present.
           presenceOf(service_65)
Warning: Boolean expression 'presenceOf' is always true because interval variable 'service_191' is declared present.
           presenceOf(service_191)
Warning: Boolean expression 'presenceOf' is always true because interval variable 'service_88' is declared present.
           presenceOf(service_88)
Warning: Boolean expression 'presenceOf' is always true because interval variable 'service_54' is declared present.
           presenceOf(service_54)
Warning: Boolean expression 'presenceOf' is always true because interval variable 'service_29' is declared present.
           presenceOf(service_29)
Warning: Boolean expression 'presenceOf' is always true because interval variable 'service_149' is declared present.
           presenceOf(service_149)
Warning: Boolean expression 'presenceOf' is always true because interval variable 'service_81' is declared present.
           presenceOf(service_81)
Warning: Boolean expression 'presenceOf' is always true because interval variable 'service_171' is declared present.
           presenceOf(service_171)
Warning: Boolean expression 'presenceOf' is always true because interval variable 'service_61' is declared present.
           presenceOf(service_61)
Warning: Boolean expression 'presenceOf' is always true because interval variable 'service_103' is declared present.
           presenceOf(service_103)
Warning: Boolean expression 'presenceOf' is always true because interval variable 'service_114' is declared present.
           presenceOf(service_114)
Warning: Boolean expression 'presenceOf' is always true because interval variable 'service_153' is declared present.
           presenceOf(service_153)
Warning: Boolean expression 'presenceOf' is always true because interval variable 'service_142' is declared present.
           presenceOf(service_142)
Warning: Boolean expression 'presenceOf' is always true because interval variable 'service_100' is declared present.
           presenceOf(service_100)
Warning: Boolean expression 'presenceOf' is always true because interval variable 'service_194' is declared present.
           presenceOf(service_194)
   Too many warnings of this type. Suppressing further warnings of this type.
TIMEOUT_FEASIBLE  (300s wall)
[cfg4_CPLEX-CP-I] instance_40_25_5_37 | 18:02:23 ... Warning: Boolean expression 'presenceOf' is always true because interval variable 'service_48' is declared present.
           presenceOf(service_48)
Warning: Boolean expression 'presenceOf' is always true because interval variable 'service_158' is declared present.
           presenceOf(service_158)
Warning: Boolean expression 'presenceOf' is always true because interval variable 'service_49' is declared present.
           presenceOf(service_49)
Warning: Boolean expression 'presenceOf' is always true because interval variable 'service_26' is declared present.
           presenceOf(service_26)
Warning: Boolean expression 'presenceOf' is always true because interval variable 'service_80' is declared present.
           presenceOf(service_80)
Warning: Boolean expression 'presenceOf' is always true because interval variable 'service_189' is declared present.
           presenceOf(service_189)
Warning: Boolean expression 'presenceOf' is always true because interval variable 'service_195' is declared present.
           presenceOf(service_195)
Warning: Boolean expression 'presenceOf' is always true because interval variable 'service_133' is declared present.
           presenceOf(service_133)
Warning: Boolean expression 'presenceOf' is always true because interval variable 'service_67' is declared present.
           presenceOf(service_67)
Warning: Boolean expression 'presenceOf' is always true because interval variable 'service_175' is declared present.
           presenceOf(service_175)
Warning: Boolean expression 'presenceOf' is always true because interval variable 'service_10' is declared present.
           presenceOf(service_10)
Warning: Boolean expression 'presenceOf' is always true because interval variable 'service_127' is declared present.
           presenceOf(service_127)
Warning: Boolean expression 'presenceOf' is always true because interval variable 'service_191' is declared present.
           presenceOf(service_191)
Warning: Boolean expression 'presenceOf' is always true because interval variable 'service_146' is declared present.
           presenceOf(service_146)
Warning: Boolean expression 'presenceOf' is always true because interval variable 'service_132' is declared present.
           presenceOf(service_132)
Warning: Boolean expression 'presenceOf' is always true because interval variable 'service_114' is declared present.
           presenceOf(service_114)
Warning: Boolean expression 'presenceOf' is always true because interval variable 'service_16' is declared present.
           presenceOf(service_16)
Warning: Boolean expression 'presenceOf' is always true because interval variable 'service_58' is declared present.
           presenceOf(service_58)
Warning: Boolean expression 'presenceOf' is always true because interval variable 'service_24' is declared present.
           presenceOf(service_24)
Warning: Boolean expression 'presenceOf' is always true because interval variable 'service_86' is declared present.
           presenceOf(service_86)
   Too many warnings of this type. Suppressing further warnings of this type.
TIMEOUT_FEASIBLE  (300s wall)
[cfg4_CPLEX-CP-I] instance_40_25_5_38 | 18:07:23 ... Warning: Boolean expression 'presenceOf' is always true because interval variable 'service_96' is declared present.
           presenceOf(service_96)
Warning: Boolean expression 'presenceOf' is always true because interval variable 'service_70' is declared present.
           presenceOf(service_70)
Warning: Boolean expression 'presenceOf' is always true because interval variable 'service_164' is declared present.
           presenceOf(service_164)
Warning: Boolean expression 'presenceOf' is always true because interval variable 'service_89' is declared present.
           presenceOf(service_89)
Warning: Boolean expression 'presenceOf' is always true because interval variable 'service_180' is declared present.
           presenceOf(service_180)
Warning: Boolean expression 'presenceOf' is always true because interval variable 'service_187' is declared present.
           presenceOf(service_187)
Warning: Boolean expression 'presenceOf' is always true because interval variable 'service_160' is declared present.
           presenceOf(service_160)
Warning: Boolean expression 'presenceOf' is always true because interval variable 'service_142' is declared present.
           presenceOf(service_142)
Warning: Boolean expression 'presenceOf' is always true because interval variable 'service_146' is declared present.
           presenceOf(service_146)
Warning: Boolean expression 'presenceOf' is always true because interval variable 'service_20' is declared present.
           presenceOf(service_20)
Warning: Boolean expression 'presenceOf' is always true because interval variable 'service_169' is declared present.
           presenceOf(service_169)
Warning: Boolean expression 'presenceOf' is always true because interval variable 'service_91' is declared present.
           presenceOf(service_91)
Warning: Boolean expression 'presenceOf' is always true because interval variable 'service_153' is declared present.
           presenceOf(service_153)
Warning: Boolean expression 'presenceOf' is always true because interval variable 'service_25' is declared present.
           presenceOf(service_25)
Warning: Boolean expression 'presenceOf' is always true because interval variable 'service_61' is declared present.
           presenceOf(service_61)
Warning: Boolean expression 'presenceOf' is always true because interval variable 'service_12' is declared present.
           presenceOf(service_12)
Warning: Boolean expression 'presenceOf' is always true because interval variable 'service_106' is declared present.
           presenceOf(service_106)
Warning: Boolean expression 'presenceOf' is always true because interval variable 'service_111' is declared present.
           presenceOf(service_111)
Warning: Boolean expression 'presenceOf' is always true because interval variable 'service_149' is declared present.
           presenceOf(service_149)
Warning: Boolean expression 'presenceOf' is always true because interval variable 'service_171' is declared present.
           presenceOf(service_171)
   Too many warnings of this type. Suppressing further warnings of this type.
TIMEOUT_FEASIBLE  (300s wall)
[cfg4_CPLEX-CP-I] instance_40_25_5_39 | 18:12:23 ... Warning: Boolean expression 'presenceOf' is always true because interval variable 'service_105' is declared present.
           presenceOf(service_105)
Warning: Boolean expression 'presenceOf' is always true because interval variable 'service_179' is declared present.
           presenceOf(service_179)
Warning: Boolean expression 'presenceOf' is always true because interval variable 'service_58' is declared present.
           presenceOf(service_58)
Warning: Boolean expression 'presenceOf' is always true because interval variable 'service_162' is declared present.
           presenceOf(service_162)
Warning: Boolean expression 'presenceOf' is always true because interval variable 'service_6' is declared present.
           presenceOf(service_6)
Warning: Boolean expression 'presenceOf' is always true because interval variable 'service_8' is declared present.
           presenceOf(service_8)
Warning: Boolean expression 'presenceOf' is always true because interval variable 'service_16' is declared present.
           presenceOf(service_16)
Warning: Boolean expression 'presenceOf' is always true because interval variable 'service_20' is declared present.
           presenceOf(service_20)
Warning: Boolean expression 'presenceOf' is always true because interval variable 'service_183' is declared present.
           presenceOf(service_183)
Warning: Boolean expression 'presenceOf' is always true because interval variable 'service_141' is declared present.
           presenceOf(service_141)
Warning: Boolean expression 'presenceOf' is always true because interval variable 'service_146' is declared present.
           presenceOf(service_146)
Warning: Boolean expression 'presenceOf' is always true because interval variable 'service_46' is declared present.
           presenceOf(service_46)
Warning: Boolean expression 'presenceOf' is always true because interval variable 'service_170' is declared present.
           presenceOf(service_170)
Warning: Boolean expression 'presenceOf' is always true because interval variable 'service_176' is declared present.
           presenceOf(service_176)
Warning: Boolean expression 'presenceOf' is always true because interval variable 'service_131' is declared present.
           presenceOf(service_131)
Warning: Boolean expression 'presenceOf' is always true because interval variable 'service_14' is declared present.
           presenceOf(service_14)
Warning: Boolean expression 'presenceOf' is always true because interval variable 'service_75' is declared present.
           presenceOf(service_75)
Warning: Boolean expression 'presenceOf' is always true because interval variable 'service_36' is declared present.
           presenceOf(service_36)
Warning: Boolean expression 'presenceOf' is always true because interval variable 'service_55' is declared present.
           presenceOf(service_55)
Warning: Boolean expression 'presenceOf' is always true because interval variable 'service_95' is declared present.
           presenceOf(service_95)
   Too many warnings of this type. Suppressing further warnings of this type.
TIMEOUT_FEASIBLE  (300s wall)
[cfg4_CPLEX-CP-I] instance_40_25_5_4 | 18:17:23 ... error: invalid HCORAP instance: SU row count does not match U
ERROR  (0s wall)
[cfg4_CPLEX-CP-I] instance_40_25_5_40 | 18:17:23 ... Warning: Boolean expression 'presenceOf' is always true because interval variable 'service_58' is declared present.
           presenceOf(service_58)
Warning: Boolean expression 'presenceOf' is always true because interval variable 'service_86' is declared present.
           presenceOf(service_86)
Warning: Boolean expression 'presenceOf' is always true because interval variable 'service_92' is declared present.
           presenceOf(service_92)
Warning: Boolean expression 'presenceOf' is always true because interval variable 'service_108' is declared present.
           presenceOf(service_108)
Warning: Boolean expression 'presenceOf' is always true because interval variable 'service_31' is declared present.
           presenceOf(service_31)
Warning: Boolean expression 'presenceOf' is always true because interval variable 'service_85' is declared present.
           presenceOf(service_85)
Warning: Boolean expression 'presenceOf' is always true because interval variable 'service_66' is declared present.
           presenceOf(service_66)
Warning: Boolean expression 'presenceOf' is always true because interval variable 'service_161' is declared present.
           presenceOf(service_161)
Warning: Boolean expression 'presenceOf' is always true because interval variable 'service_197' is declared present.
           presenceOf(service_197)
Warning: Boolean expression 'presenceOf' is always true because interval variable 'service_36' is declared present.
           presenceOf(service_36)
Warning: Boolean expression 'presenceOf' is always true because interval variable 'service_4' is declared present.
           presenceOf(service_4)
Warning: Boolean expression 'presenceOf' is always true because interval variable 'service_158' is declared present.
           presenceOf(service_158)
Warning: Boolean expression 'presenceOf' is always true because interval variable 'service_159' is declared present.
           presenceOf(service_159)
Warning: Boolean expression 'presenceOf' is always true because interval variable 'service_29' is declared present.
           presenceOf(service_29)
Warning: Boolean expression 'presenceOf' is always true because interval variable 'service_24' is declared present.
           presenceOf(service_24)
Warning: Boolean expression 'presenceOf' is always true because interval variable 'service_176' is declared present.
           presenceOf(service_176)
Warning: Boolean expression 'presenceOf' is always true because interval variable 'service_98' is declared present.
           presenceOf(service_98)
Warning: Boolean expression 'presenceOf' is always true because interval variable 'service_149' is declared present.
           presenceOf(service_149)
Warning: Boolean expression 'presenceOf' is always true because interval variable 'service_13' is declared present.
           presenceOf(service_13)
Warning: Boolean expression 'presenceOf' is always true because interval variable 'service_21' is declared present.
           presenceOf(service_21)
   Too many warnings of this type. Suppressing further warnings of this type.
TIMEOUT_FEASIBLE  (300s wall)
[cfg4_CPLEX-CP-I] instance_40_25_5_41 | 18:22:23 ... Warning: Boolean expression 'presenceOf' is always true because interval variable 'service_34' is declared present.
           presenceOf(service_34)
Warning: Boolean expression 'presenceOf' is always true because interval variable 'service_82' is declared present.
           presenceOf(service_82)
Warning: Boolean expression 'presenceOf' is always true because interval variable 'service_40' is declared present.
           presenceOf(service_40)
Warning: Boolean expression 'presenceOf' is always true because interval variable 'service_78' is declared present.
           presenceOf(service_78)
Warning: Boolean expression 'presenceOf' is always true because interval variable 'service_6' is declared present.
           presenceOf(service_6)
Warning: Boolean expression 'presenceOf' is always true because interval variable 'service_9' is declared present.
           presenceOf(service_9)
Warning: Boolean expression 'presenceOf' is always true because interval variable 'service_71' is declared present.
           presenceOf(service_71)
Warning: Boolean expression 'presenceOf' is always true because interval variable 'service_179' is declared present.
           presenceOf(service_179)
Warning: Boolean expression 'presenceOf' is always true because interval variable 'service_108' is declared present.
           presenceOf(service_108)
Warning: Boolean expression 'presenceOf' is always true because interval variable 'service_133' is declared present.
           presenceOf(service_133)
Warning: Boolean expression 'presenceOf' is always true because interval variable 'service_156' is declared present.
           presenceOf(service_156)
Warning: Boolean expression 'presenceOf' is always true because interval variable 'service_146' is declared present.
           presenceOf(service_146)
Warning: Boolean expression 'presenceOf' is always true because interval variable 'service_24' is declared present.
           presenceOf(service_24)
Warning: Boolean expression 'presenceOf' is always true because interval variable 'service_103' is declared present.
           presenceOf(service_103)
Warning: Boolean expression 'presenceOf' is always true because interval variable 'service_120' is declared present.
           presenceOf(service_120)
Warning: Boolean expression 'presenceOf' is always true because interval variable 'service_75' is declared present.
           presenceOf(service_75)
Warning: Boolean expression 'presenceOf' is always true because interval variable 'service_182' is declared present.
           presenceOf(service_182)
Warning: Boolean expression 'presenceOf' is always true because interval variable 'service_121' is declared present.
           presenceOf(service_121)
Warning: Boolean expression 'presenceOf' is always true because interval variable 'service_16' is declared present.
           presenceOf(service_16)
Warning: Boolean expression 'presenceOf' is always true because interval variable 'service_50' is declared present.
           presenceOf(service_50)
   Too many warnings of this type. Suppressing further warnings of this type.
TIMEOUT_FEASIBLE  (300s wall)
[cfg4_CPLEX-CP-I] instance_40_25_5_42 | 18:27:23 ... Warning: Boolean expression 'presenceOf' is always true because interval variable 'service_13' is declared present.
           presenceOf(service_13)
Warning: Boolean expression 'presenceOf' is always true because interval variable 'service_133' is declared present.
           presenceOf(service_133)
Warning: Boolean expression 'presenceOf' is always true because interval variable 'service_2' is declared present.
           presenceOf(service_2)
Warning: Boolean expression 'presenceOf' is always true because interval variable 'service_97' is declared present.
           presenceOf(service_97)
Warning: Boolean expression 'presenceOf' is always true because interval variable 'service_41' is declared present.
           presenceOf(service_41)
Warning: Boolean expression 'presenceOf' is always true because interval variable 'service_46' is declared present.
           presenceOf(service_46)
Warning: Boolean expression 'presenceOf' is always true because interval variable 'service_116' is declared present.
           presenceOf(service_116)
Warning: Boolean expression 'presenceOf' is always true because interval variable 'service_166' is declared present.
           presenceOf(service_166)
Warning: Boolean expression 'presenceOf' is always true because interval variable 'service_185' is declared present.
           presenceOf(service_185)
Warning: Boolean expression 'presenceOf' is always true because interval variable 'service_6' is declared present.
           presenceOf(service_6)
Warning: Boolean expression 'presenceOf' is always true because interval variable 'service_149' is declared present.
           presenceOf(service_149)
Warning: Boolean expression 'presenceOf' is always true because interval variable 'service_32' is declared present.
           presenceOf(service_32)
Warning: Boolean expression 'presenceOf' is always true because interval variable 'service_76' is declared present.
           presenceOf(service_76)
Warning: Boolean expression 'presenceOf' is always true because interval variable 'service_129' is declared present.
           presenceOf(service_129)
Warning: Boolean expression 'presenceOf' is always true because interval variable 'service_177' is declared present.
           presenceOf(service_177)
Warning: Boolean expression 'presenceOf' is always true because interval variable 'service_58' is declared present.
           presenceOf(service_58)
Warning: Boolean expression 'presenceOf' is always true because interval variable 'service_162' is declared present.
           presenceOf(service_162)
Warning: Boolean expression 'presenceOf' is always true because interval variable 'service_4' is declared present.
           presenceOf(service_4)
Warning: Boolean expression 'presenceOf' is always true because interval variable 'service_89' is declared present.
           presenceOf(service_89)
Warning: Boolean expression 'presenceOf' is always true because interval variable 'service_174' is declared present.
           presenceOf(service_174)
   Too many warnings of this type. Suppressing further warnings of this type.
TIMEOUT_FEASIBLE  (300s wall)
[cfg4_CPLEX-CP-I] instance_40_25_5_43 | 18:32:23 ... error: invalid HCORAP instance: SU row count does not match U
ERROR  (0s wall)
[cfg4_CPLEX-CP-I] instance_40_25_5_44 | 18:32:23 ... Warning: Boolean expression 'presenceOf' is always true because interval variable 'service_31' is declared present.
           presenceOf(service_31)
Warning: Boolean expression 'presenceOf' is always true because interval variable 'service_52' is declared present.
           presenceOf(service_52)
Warning: Boolean expression 'presenceOf' is always true because interval variable 'service_84' is declared present.
           presenceOf(service_84)
Warning: Boolean expression 'presenceOf' is always true because interval variable 'service_106' is declared present.
           presenceOf(service_106)
Warning: Boolean expression 'presenceOf' is always true because interval variable 'service_164' is declared present.
           presenceOf(service_164)
Warning: Boolean expression 'presenceOf' is always true because interval variable 'service_165' is declared present.
           presenceOf(service_165)
Warning: Boolean expression 'presenceOf' is always true because interval variable 'service_90' is declared present.
           presenceOf(service_90)
Warning: Boolean expression 'presenceOf' is always true because interval variable 'service_25' is declared present.
           presenceOf(service_25)
Warning: Boolean expression 'presenceOf' is always true because interval variable 'service_176' is declared present.
           presenceOf(service_176)
Warning: Boolean expression 'presenceOf' is always true because interval variable 'service_34' is declared present.
           presenceOf(service_34)
Warning: Boolean expression 'presenceOf' is always true because interval variable 'service_35' is declared present.
           presenceOf(service_35)
Warning: Boolean expression 'presenceOf' is always true because interval variable 'service_26' is declared present.
           presenceOf(service_26)
Warning: Boolean expression 'presenceOf' is always true because interval variable 'service_167' is declared present.
           presenceOf(service_167)
Warning: Boolean expression 'presenceOf' is always true because interval variable 'service_78' is declared present.
           presenceOf(service_78)
Warning: Boolean expression 'presenceOf' is always true because interval variable 'service_94' is declared present.
           presenceOf(service_94)
Warning: Boolean expression 'presenceOf' is always true because interval variable 'service_29' is declared present.
           presenceOf(service_29)
Warning: Boolean expression 'presenceOf' is always true because interval variable 'service_166' is declared present.
           presenceOf(service_166)
Warning: Boolean expression 'presenceOf' is always true because interval variable 'service_17' is declared present.
           presenceOf(service_17)
Warning: Boolean expression 'presenceOf' is always true because interval variable 'service_181' is declared present.
           presenceOf(service_181)
Warning: Boolean expression 'presenceOf' is always true because interval variable 'service_47' is declared present.
           presenceOf(service_47)
   Too many warnings of this type. Suppressing further warnings of this type.
TIMEOUT_FEASIBLE  (300s wall)
[cfg4_CPLEX-CP-I] instance_40_25_5_45 | 18:37:23 ... Warning: Boolean expression 'presenceOf' is always true because interval variable 'service_4' is declared present.
           presenceOf(service_4)
Warning: Boolean expression 'presenceOf' is always true because interval variable 'service_33' is declared present.
           presenceOf(service_33)
Warning: Boolean expression 'presenceOf' is always true because interval variable 'service_112' is declared present.
           presenceOf(service_112)
Warning: Boolean expression 'presenceOf' is always true because interval variable 'service_195' is declared present.
           presenceOf(service_195)
Warning: Boolean expression 'presenceOf' is always true because interval variable 'service_77' is declared present.
           presenceOf(service_77)
Warning: Boolean expression 'presenceOf' is always true because interval variable 'service_198' is declared present.
           presenceOf(service_198)
Warning: Boolean expression 'presenceOf' is always true because interval variable 'service_7' is declared present.
           presenceOf(service_7)
Warning: Boolean expression 'presenceOf' is always true because interval variable 'service_136' is declared present.
           presenceOf(service_136)
Warning: Boolean expression 'presenceOf' is always true because interval variable 'service_160' is declared present.
           presenceOf(service_160)
Warning: Boolean expression 'presenceOf' is always true because interval variable 'service_176' is declared present.
           presenceOf(service_176)
Warning: Boolean expression 'presenceOf' is always true because interval variable 'service_194' is declared present.
           presenceOf(service_194)
Warning: Boolean expression 'presenceOf' is always true because interval variable 'service_155' is declared present.
           presenceOf(service_155)
Warning: Boolean expression 'presenceOf' is always true because interval variable 'service_14' is declared present.
           presenceOf(service_14)
Warning: Boolean expression 'presenceOf' is always true because interval variable 'service_150' is declared present.
           presenceOf(service_150)
Warning: Boolean expression 'presenceOf' is always true because interval variable 'service_5' is declared present.
           presenceOf(service_5)
Warning: Boolean expression 'presenceOf' is always true because interval variable 'service_45' is declared present.
           presenceOf(service_45)
Warning: Boolean expression 'presenceOf' is always true because interval variable 'service_168' is declared present.
           presenceOf(service_168)
Warning: Boolean expression 'presenceOf' is always true because interval variable 'service_143' is declared present.
           presenceOf(service_143)
Warning: Boolean expression 'presenceOf' is always true because interval variable 'service_73' is declared present.
           presenceOf(service_73)
Warning: Boolean expression 'presenceOf' is always true because interval variable 'service_39' is declared present.
           presenceOf(service_39)
   Too many warnings of this type. Suppressing further warnings of this type.
TIMEOUT_FEASIBLE  (300s wall)
[cfg4_CPLEX-CP-I] instance_40_25_5_46 | 18:42:23 ... INFEASIBLE  (0s wall)
[cfg4_CPLEX-CP-I] instance_40_25_5_47 | 18:42:23 ... Warning: Boolean expression 'presenceOf' is always true because interval variable 'service_26' is declared present.
           presenceOf(service_26)
Warning: Boolean expression 'presenceOf' is always true because interval variable 'service_80' is declared present.
           presenceOf(service_80)
Warning: Boolean expression 'presenceOf' is always true because interval variable 'service_157' is declared present.
           presenceOf(service_157)
Warning: Boolean expression 'presenceOf' is always true because interval variable 'service_18' is declared present.
           presenceOf(service_18)
Warning: Boolean expression 'presenceOf' is always true because interval variable 'service_10' is declared present.
           presenceOf(service_10)
Warning: Boolean expression 'presenceOf' is always true because interval variable 'service_190' is declared present.
           presenceOf(service_190)
Warning: Boolean expression 'presenceOf' is always true because interval variable 'service_65' is declared present.
           presenceOf(service_65)
Warning: Boolean expression 'presenceOf' is always true because interval variable 'service_143' is declared present.
           presenceOf(service_143)
Warning: Boolean expression 'presenceOf' is always true because interval variable 'service_169' is declared present.
           presenceOf(service_169)
Warning: Boolean expression 'presenceOf' is always true because interval variable 'service_180' is declared present.
           presenceOf(service_180)
Warning: Boolean expression 'presenceOf' is always true because interval variable 'service_83' is declared present.
           presenceOf(service_83)
Warning: Boolean expression 'presenceOf' is always true because interval variable 'service_150' is declared present.
           presenceOf(service_150)
Warning: Boolean expression 'presenceOf' is always true because interval variable 'service_140' is declared present.
           presenceOf(service_140)
Warning: Boolean expression 'presenceOf' is always true because interval variable 'service_197' is declared present.
           presenceOf(service_197)
Warning: Boolean expression 'presenceOf' is always true because interval variable 'service_3' is declared present.
           presenceOf(service_3)
Warning: Boolean expression 'presenceOf' is always true because interval variable 'service_62' is declared present.
           presenceOf(service_62)
Warning: Boolean expression 'presenceOf' is always true because interval variable 'service_160' is declared present.
           presenceOf(service_160)
Warning: Boolean expression 'presenceOf' is always true because interval variable 'service_25' is declared present.
           presenceOf(service_25)
Warning: Boolean expression 'presenceOf' is always true because interval variable 'service_164' is declared present.
           presenceOf(service_164)
Warning: Boolean expression 'presenceOf' is always true because interval variable 'service_195' is declared present.
           presenceOf(service_195)
   Too many warnings of this type. Suppressing further warnings of this type.
TIMEOUT_FEASIBLE  (300s wall)
[cfg4_CPLEX-CP-I] instance_40_25_5_48 | 18:47:23 ... Warning: Boolean expression 'presenceOf' is always true because interval variable 'service_23' is declared present.
           presenceOf(service_23)
Warning: Boolean expression 'presenceOf' is always true because interval variable 'service_58' is declared present.
           presenceOf(service_58)
Warning: Boolean expression 'presenceOf' is always true because interval variable 'service_170' is declared present.
           presenceOf(service_170)
Warning: Boolean expression 'presenceOf' is always true because interval variable 'service_183' is declared present.
           presenceOf(service_183)
Warning: Boolean expression 'presenceOf' is always true because interval variable 'service_44' is declared present.
           presenceOf(service_44)
Warning: Boolean expression 'presenceOf' is always true because interval variable 'service_139' is declared present.
           presenceOf(service_139)
Warning: Boolean expression 'presenceOf' is always true because interval variable 'service_123' is declared present.
           presenceOf(service_123)
Warning: Boolean expression 'presenceOf' is always true because interval variable 'service_154' is declared present.
           presenceOf(service_154)
Warning: Boolean expression 'presenceOf' is always true because interval variable 'service_156' is declared present.
           presenceOf(service_156)
Warning: Boolean expression 'presenceOf' is always true because interval variable 'service_38' is declared present.
           presenceOf(service_38)
Warning: Boolean expression 'presenceOf' is always true because interval variable 'service_118' is declared present.
           presenceOf(service_118)
Warning: Boolean expression 'presenceOf' is always true because interval variable 'service_133' is declared present.
           presenceOf(service_133)
Warning: Boolean expression 'presenceOf' is always true because interval variable 'service_74' is declared present.
           presenceOf(service_74)
Warning: Boolean expression 'presenceOf' is always true because interval variable 'service_124' is declared present.
           presenceOf(service_124)
Warning: Boolean expression 'presenceOf' is always true because interval variable 'service_184' is declared present.
           presenceOf(service_184)
Warning: Boolean expression 'presenceOf' is always true because interval variable 'service_151' is declared present.
           presenceOf(service_151)
Warning: Boolean expression 'presenceOf' is always true because interval variable 'service_142' is declared present.
           presenceOf(service_142)
Warning: Boolean expression 'presenceOf' is always true because interval variable 'service_29' is declared present.
           presenceOf(service_29)
Warning: Boolean expression 'presenceOf' is always true because interval variable 'service_65' is declared present.
           presenceOf(service_65)
Warning: Boolean expression 'presenceOf' is always true because interval variable 'service_73' is declared present.
           presenceOf(service_73)
   Too many warnings of this type. Suppressing further warnings of this type.
TIMEOUT_FEASIBLE  (300s wall)
[cfg4_CPLEX-CP-I] instance_40_25_5_49 | 18:52:23 ... Warning: Boolean expression 'presenceOf' is always true because interval variable 'service_102' is declared present.
           presenceOf(service_102)
Warning: Boolean expression 'presenceOf' is always true because interval variable 'service_82' is declared present.
           presenceOf(service_82)
Warning: Boolean expression 'presenceOf' is always true because interval variable 'service_170' is declared present.
           presenceOf(service_170)
Warning: Boolean expression 'presenceOf' is always true because interval variable 'service_30' is declared present.
           presenceOf(service_30)
Warning: Boolean expression 'presenceOf' is always true because interval variable 'service_151' is declared present.
           presenceOf(service_151)
Warning: Boolean expression 'presenceOf' is always true because interval variable 'service_196' is declared present.
           presenceOf(service_196)
Warning: Boolean expression 'presenceOf' is always true because interval variable 'service_133' is declared present.
           presenceOf(service_133)
Warning: Boolean expression 'presenceOf' is always true because interval variable 'service_153' is declared present.
           presenceOf(service_153)
Warning: Boolean expression 'presenceOf' is always true because interval variable 'service_44' is declared present.
           presenceOf(service_44)
Warning: Boolean expression 'presenceOf' is always true because interval variable 'service_5' is declared present.
           presenceOf(service_5)
Warning: Boolean expression 'presenceOf' is always true because interval variable 'service_15' is declared present.
           presenceOf(service_15)
Warning: Boolean expression 'presenceOf' is always true because interval variable 'service_41' is declared present.
           presenceOf(service_41)
Warning: Boolean expression 'presenceOf' is always true because interval variable 'service_110' is declared present.
           presenceOf(service_110)
Warning: Boolean expression 'presenceOf' is always true because interval variable 'service_136' is declared present.
           presenceOf(service_136)
Warning: Boolean expression 'presenceOf' is always true because interval variable 'service_188' is declared present.
           presenceOf(service_188)
Warning: Boolean expression 'presenceOf' is always true because interval variable 'service_104' is declared present.
           presenceOf(service_104)
Warning: Boolean expression 'presenceOf' is always true because interval variable 'service_72' is declared present.
           presenceOf(service_72)
Warning: Boolean expression 'presenceOf' is always true because interval variable 'service_199' is declared present.
           presenceOf(service_199)
Warning: Boolean expression 'presenceOf' is always true because interval variable 'service_179' is declared present.
           presenceOf(service_179)
Warning: Boolean expression 'presenceOf' is always true because interval variable 'service_92' is declared present.
           presenceOf(service_92)
   Too many warnings of this type. Suppressing further warnings of this type.
TIMEOUT_FEASIBLE  (300s wall)
[cfg4_CPLEX-CP-I] instance_40_25_5_5 | 18:57:23 ... Warning: Boolean expression 'presenceOf' is always true because interval variable 'service_81' is declared present.
           presenceOf(service_81)
Warning: Boolean expression 'presenceOf' is always true because interval variable 'service_49' is declared present.
           presenceOf(service_49)
Warning: Boolean expression 'presenceOf' is always true because interval variable 'service_122' is declared present.
           presenceOf(service_122)
Warning: Boolean expression 'presenceOf' is always true because interval variable 'service_42' is declared present.
           presenceOf(service_42)
Warning: Boolean expression 'presenceOf' is always true because interval variable 'service_53' is declared present.
           presenceOf(service_53)
Warning: Boolean expression 'presenceOf' is always true because interval variable 'service_142' is declared present.
           presenceOf(service_142)
Warning: Boolean expression 'presenceOf' is always true because interval variable 'service_198' is declared present.
           presenceOf(service_198)
Warning: Boolean expression 'presenceOf' is always true because interval variable 'service_71' is declared present.
           presenceOf(service_71)
Warning: Boolean expression 'presenceOf' is always true because interval variable 'service_95' is declared present.
           presenceOf(service_95)
Warning: Boolean expression 'presenceOf' is always true because interval variable 'service_90' is declared present.
           presenceOf(service_90)
Warning: Boolean expression 'presenceOf' is always true because interval variable 'service_136' is declared present.
           presenceOf(service_136)
Warning: Boolean expression 'presenceOf' is always true because interval variable 'service_182' is declared present.
           presenceOf(service_182)
Warning: Boolean expression 'presenceOf' is always true because interval variable 'service_134' is declared present.
           presenceOf(service_134)
Warning: Boolean expression 'presenceOf' is always true because interval variable 'service_145' is declared present.
           presenceOf(service_145)
Warning: Boolean expression 'presenceOf' is always true because interval variable 'service_179' is declared present.
           presenceOf(service_179)
Warning: Boolean expression 'presenceOf' is always true because interval variable 'service_147' is declared present.
           presenceOf(service_147)
Warning: Boolean expression 'presenceOf' is always true because interval variable 'service_176' is declared present.
           presenceOf(service_176)
Warning: Boolean expression 'presenceOf' is always true because interval variable 'service_143' is declared present.
           presenceOf(service_143)
Warning: Boolean expression 'presenceOf' is always true because interval variable 'service_21' is declared present.
           presenceOf(service_21)
Warning: Boolean expression 'presenceOf' is always true because interval variable 'service_68' is declared present.
           presenceOf(service_68)
   Too many warnings of this type. Suppressing further warnings of this type.
TIMEOUT_FEASIBLE  (300s wall)
[cfg4_CPLEX-CP-I] instance_40_25_5_50 | 19:02:23 ... Warning: Boolean expression 'presenceOf' is always true because interval variable 'service_96' is declared present.
           presenceOf(service_96)
Warning: Boolean expression 'presenceOf' is always true because interval variable 'service_145' is declared present.
           presenceOf(service_145)
Warning: Boolean expression 'presenceOf' is always true because interval variable 'service_11' is declared present.
           presenceOf(service_11)
Warning: Boolean expression 'presenceOf' is always true because interval variable 'service_176' is declared present.
           presenceOf(service_176)
Warning: Boolean expression 'presenceOf' is always true because interval variable 'service_117' is declared present.
           presenceOf(service_117)
Warning: Boolean expression 'presenceOf' is always true because interval variable 'service_192' is declared present.
           presenceOf(service_192)
Warning: Boolean expression 'presenceOf' is always true because interval variable 'service_88' is declared present.
           presenceOf(service_88)
Warning: Boolean expression 'presenceOf' is always true because interval variable 'service_92' is declared present.
           presenceOf(service_92)
Warning: Boolean expression 'presenceOf' is always true because interval variable 'service_13' is declared present.
           presenceOf(service_13)
Warning: Boolean expression 'presenceOf' is always true because interval variable 'service_63' is declared present.
           presenceOf(service_63)
Warning: Boolean expression 'presenceOf' is always true because interval variable 'service_198' is declared present.
           presenceOf(service_198)
Warning: Boolean expression 'presenceOf' is always true because interval variable 'service_71' is declared present.
           presenceOf(service_71)
Warning: Boolean expression 'presenceOf' is always true because interval variable 'service_32' is declared present.
           presenceOf(service_32)
Warning: Boolean expression 'presenceOf' is always true because interval variable 'service_93' is declared present.
           presenceOf(service_93)
Warning: Boolean expression 'presenceOf' is always true because interval variable 'service_95' is declared present.
           presenceOf(service_95)
Warning: Boolean expression 'presenceOf' is always true because interval variable 'service_185' is declared present.
           presenceOf(service_185)
Warning: Boolean expression 'presenceOf' is always true because interval variable 'service_10' is declared present.
           presenceOf(service_10)
Warning: Boolean expression 'presenceOf' is always true because interval variable 'service_172' is declared present.
           presenceOf(service_172)
Warning: Boolean expression 'presenceOf' is always true because interval variable 'service_190' is declared present.
           presenceOf(service_190)
Warning: Boolean expression 'presenceOf' is always true because interval variable 'service_196' is declared present.
           presenceOf(service_196)
   Too many warnings of this type. Suppressing further warnings of this type.
TIMEOUT_FEASIBLE  (300s wall)
[cfg4_CPLEX-CP-I] instance_40_25_5_6 | 19:07:23 ... error: invalid HCORAP instance: SU row count does not match U
ERROR  (1s wall)
[cfg4_CPLEX-CP-I] instance_40_25_5_7 | 19:07:24 ... Warning: Boolean expression 'presenceOf' is always true because interval variable 'service_57' is declared present.
           presenceOf(service_57)
Warning: Boolean expression 'presenceOf' is always true because interval variable 'service_87' is declared present.
           presenceOf(service_87)
Warning: Boolean expression 'presenceOf' is always true because interval variable 'service_178' is declared present.
           presenceOf(service_178)
Warning: Boolean expression 'presenceOf' is always true because interval variable 'service_31' is declared present.
           presenceOf(service_31)
Warning: Boolean expression 'presenceOf' is always true because interval variable 'service_83' is declared present.
           presenceOf(service_83)
Warning: Boolean expression 'presenceOf' is always true because interval variable 'service_62' is declared present.
           presenceOf(service_62)
Warning: Boolean expression 'presenceOf' is always true because interval variable 'service_157' is declared present.
           presenceOf(service_157)
Warning: Boolean expression 'presenceOf' is always true because interval variable 'service_127' is declared present.
           presenceOf(service_127)
Warning: Boolean expression 'presenceOf' is always true because interval variable 'service_189' is declared present.
           presenceOf(service_189)
Warning: Boolean expression 'presenceOf' is always true because interval variable 'service_35' is declared present.
           presenceOf(service_35)
Warning: Boolean expression 'presenceOf' is always true because interval variable 'service_146' is declared present.
           presenceOf(service_146)
Warning: Boolean expression 'presenceOf' is always true because interval variable 'service_81' is declared present.
           presenceOf(service_81)
Warning: Boolean expression 'presenceOf' is always true because interval variable 'service_121' is declared present.
           presenceOf(service_121)
Warning: Boolean expression 'presenceOf' is always true because interval variable 'service_115' is declared present.
           presenceOf(service_115)
Warning: Boolean expression 'presenceOf' is always true because interval variable 'service_98' is declared present.
           presenceOf(service_98)
Warning: Boolean expression 'presenceOf' is always true because interval variable 'service_168' is declared present.
           presenceOf(service_168)
Warning: Boolean expression 'presenceOf' is always true because interval variable 'service_198' is declared present.
           presenceOf(service_198)
Warning: Boolean expression 'presenceOf' is always true because interval variable 'service_147' is declared present.
           presenceOf(service_147)
Warning: Boolean expression 'presenceOf' is always true because interval variable 'service_13' is declared present.
           presenceOf(service_13)
Warning: Boolean expression 'presenceOf' is always true because interval variable 'service_67' is declared present.
           presenceOf(service_67)
   Too many warnings of this type. Suppressing further warnings of this type.
TIMEOUT_FEASIBLE  (300s wall)
[cfg4_CPLEX-CP-I] instance_40_25_5_8 | 19:12:24 ... Warning: Boolean expression 'presenceOf' is always true because interval variable 'service_34' is declared present.
           presenceOf(service_34)
Warning: Boolean expression 'presenceOf' is always true because interval variable 'service_168' is declared present.
           presenceOf(service_168)
Warning: Boolean expression 'presenceOf' is always true because interval variable 'service_169' is declared present.
           presenceOf(service_169)
Warning: Boolean expression 'presenceOf' is always true because interval variable 'service_162' is declared present.
           presenceOf(service_162)
Warning: Boolean expression 'presenceOf' is always true because interval variable 'service_121' is declared present.
           presenceOf(service_121)
Warning: Boolean expression 'presenceOf' is always true because interval variable 'service_3' is declared present.
           presenceOf(service_3)
Warning: Boolean expression 'presenceOf' is always true because interval variable 'service_78' is declared present.
           presenceOf(service_78)
Warning: Boolean expression 'presenceOf' is always true because interval variable 'service_60' is declared present.
           presenceOf(service_60)
Warning: Boolean expression 'presenceOf' is always true because interval variable 'service_198' is declared present.
           presenceOf(service_198)
Warning: Boolean expression 'presenceOf' is always true because interval variable 'service_39' is declared present.
           presenceOf(service_39)
Warning: Boolean expression 'presenceOf' is always true because interval variable 'service_165' is declared present.
           presenceOf(service_165)
Warning: Boolean expression 'presenceOf' is always true because interval variable 'service_173' is declared present.
           presenceOf(service_173)
Warning: Boolean expression 'presenceOf' is always true because interval variable 'service_69' is declared present.
           presenceOf(service_69)
Warning: Boolean expression 'presenceOf' is always true because interval variable 'service_160' is declared present.
           presenceOf(service_160)
Warning: Boolean expression 'presenceOf' is always true because interval variable 'service_13' is declared present.
           presenceOf(service_13)
Warning: Boolean expression 'presenceOf' is always true because interval variable 'service_4' is declared present.
           presenceOf(service_4)
Warning: Boolean expression 'presenceOf' is always true because interval variable 'service_11' is declared present.
           presenceOf(service_11)
Warning: Boolean expression 'presenceOf' is always true because interval variable 'service_181' is declared present.
           presenceOf(service_181)
Warning: Boolean expression 'presenceOf' is always true because interval variable 'service_66' is declared present.
           presenceOf(service_66)
Warning: Boolean expression 'presenceOf' is always true because interval variable 'service_137' is declared present.
           presenceOf(service_137)
   Too many warnings of this type. Suppressing further warnings of this type.
TIMEOUT_FEASIBLE  (300s wall)
[cfg4_CPLEX-CP-I] instance_40_25_5_9 | 19:17:24 ... Warning: Boolean expression 'presenceOf' is always true because interval variable 'service_36' is declared present.
           presenceOf(service_36)
Warning: Boolean expression 'presenceOf' is always true because interval variable 'service_86' is declared present.
           presenceOf(service_86)
Warning: Boolean expression 'presenceOf' is always true because interval variable 'service_122' is declared present.
           presenceOf(service_122)
Warning: Boolean expression 'presenceOf' is always true because interval variable 'service_175' is declared present.
           presenceOf(service_175)
Warning: Boolean expression 'presenceOf' is always true because interval variable 'service_88' is declared present.
           presenceOf(service_88)
Warning: Boolean expression 'presenceOf' is always true because interval variable 'service_146' is declared present.
           presenceOf(service_146)
Warning: Boolean expression 'presenceOf' is always true because interval variable 'service_178' is declared present.
           presenceOf(service_178)
Warning: Boolean expression 'presenceOf' is always true because interval variable 'service_152' is declared present.
           presenceOf(service_152)
Warning: Boolean expression 'presenceOf' is always true because interval variable 'service_48' is declared present.
           presenceOf(service_48)
Warning: Boolean expression 'presenceOf' is always true because interval variable 'service_125' is declared present.
           presenceOf(service_125)
Warning: Boolean expression 'presenceOf' is always true because interval variable 'service_130' is declared present.
           presenceOf(service_130)
Warning: Boolean expression 'presenceOf' is always true because interval variable 'service_176' is declared present.
           presenceOf(service_176)
Warning: Boolean expression 'presenceOf' is always true because interval variable 'service_50' is declared present.
           presenceOf(service_50)
Warning: Boolean expression 'presenceOf' is always true because interval variable 'service_111' is declared present.
           presenceOf(service_111)
Warning: Boolean expression 'presenceOf' is always true because interval variable 'service_167' is declared present.
           presenceOf(service_167)
Warning: Boolean expression 'presenceOf' is always true because interval variable 'service_140' is declared present.
           presenceOf(service_140)
Warning: Boolean expression 'presenceOf' is always true because interval variable 'service_47' is declared present.
           presenceOf(service_47)
Warning: Boolean expression 'presenceOf' is always true because interval variable 'service_135' is declared present.
           presenceOf(service_135)
Warning: Boolean expression 'presenceOf' is always true because interval variable 'service_137' is declared present.
           presenceOf(service_137)
Warning: Boolean expression 'presenceOf' is always true because interval variable 'service_66' is declared present.
           presenceOf(service_66)
   Too many warnings of this type. Suppressing further warnings of this type.
TIMEOUT_FEASIBLE  (300s wall)

=== HOÀN THÀNH CHẠY THỰC NGHIỆM ===
Kết thúc lúc: Fri Jul 24 19:22:24 UTC 2026
Đã chạy    : 400 lượt giải
Bỏ qua     : 0 lượt (chế độ --resume)
Số lỗi     : 116
Nhật ký    : experiments/results/commercial_30_15_4_40_25_5/run.log
Báo cáo CSV: experiments/results/commercial_30_15_4_40_25_5/results_per_instance.csv
