"instance_name","ORIGINAL_status","ORIGINAL_best","ORIGINAL_elapsed_s","ORIGINAL_vars","SN-both-none_status","SN-both-none_best","SN-both-none_elapsed_s","SN-both-none_vars","SN-both-ss_status","SN-both-ss_best","SN-both-ss_elapsed_s","SN-both-ss_vars","SN-none-ss_status","SN-none-ss_best","SN-none-ss_elapsed_s","SN-none-ss_vars","TOT-both-none_status","TOT-both-none_best","TOT-both-none_elapsed_s","TOT-both-none_vars","TOT-both-ss_status","TOT-both-ss_best","TOT-both-ss_elapsed_s","TOT-both-ss_vars","TOT-none-none_status","TOT-none-none_best","TOT-none-none_elapsed_s","TOT-none-none_vars","TOT-none-ss_status","TOT-none-ss_best","TOT-none-ss_elapsed_s","TOT-none-ss_vars"
"instance_30_10_4_1","OPTIMUM","416","11,314","15458","OPTIMUM","416","17,74","22401","OPTIMUM","416","16,116","22407","OPTIMUM","416","10,337","15464","OPTIMUM","416","12,055","9576","OPTIMUM","416","12,648","9582","OPTIMUM","416","13,758","6161","OPTIMUM","416","12,934","6167"
"instance_30_10_4_10","OPTIMUM","403","10,959","17109","OPTIMUM","403","9,576","23901","OPTIMUM","403","9,318","23902","OPTIMUM","403","9,32","17515","OPTIMUM","403","9,789","9291","OPTIMUM","403","9,22","9292","OPTIMUM","403","10,404","5936","OPTIMUM","403","9,539","6342"
"instance_30_10_4_11","OPTIMUM","390","16,836","16332","OPTIMUM","390","17,761","22993","OPTIMUM","390","14,463","22993","OPTIMUM","390","14,282","16741","OPTIMUM","390","18,542","9038","OPTIMUM","390","14,297","9038","OPTIMUM","390","17,501","5726","OPTIMUM","390","17,525","6135"
"instance_30_10_4_12","OPTIMUM","387","18,556","16412","OPTIMUM","387","22,737","23897","OPTIMUM","387","25,306","23897","OPTIMUM","387","12,242","16833","OPTIMUM","387","14,743","9578","OPTIMUM","387","22,622","9578","OPTIMUM","387","15,661","6048","OPTIMUM","387","19,53","6469"
"instance_30_10_4_13","UNSATISFIABLE","","0,045","0","UNSATISFIABLE","","0,055","0","UNSATISFIABLE","","0,056","0","UNSATISFIABLE","","0,046","0","UNSATISFIABLE","","0,051","0","UNSATISFIABLE","","0,051","0","UNSATISFIABLE","","0,045","0","UNSATISFIABLE","","0,047","0"
"instance_30_10_4_14","UNSATISFIABLE","","0,048","0","UNSATISFIABLE","","0,055","0","UNSATISFIABLE","","0,057","0","UNSATISFIABLE","","0,049","0","UNSATISFIABLE","","0,051","0","UNSATISFIABLE","","0,052","0","UNSATISFIABLE","","0,046","0","UNSATISFIABLE","","0,048","0"
"instance_30_10_4_15","UNSATISFIABLE","","0,026","0","UNSATISFIABLE","","0,047","0","UNSATISFIABLE","","0,047","0","UNSATISFIABLE","","0,029","0","UNSATISFIABLE","","0,045","0","UNSATISFIABLE","","0,047","0","UNSATISFIABLE","","0,026","0","UNSATISFIABLE","","0,028","0"
"instance_30_10_4_16","OPTIMUM","431","8,812","17677","OPTIMUM","431","13,501","24538","OPTIMUM","431","14,072","24544","OPTIMUM","431","11,499","18093","OPTIMUM","431","13,247","9903","OPTIMUM","431","13,821","9909","OPTIMUM","431","11,893","6555","OPTIMUM","431","11,96","6971"
"instance_30_10_4_17","OPTIMUM","400","4,447","10648","OPTIMUM","400","5,797","17923","OPTIMUM","400","3,624","17932","OPTIMUM","400","2,707","11086","OPTIMUM","400","4,372","8318","OPTIMUM","400","2,672","8327","OPTIMUM","400","4,477","4770","OPTIMUM","400","3,343","5208"
"instance_30_10_4_18","OPTIMUM","408","5,585","11434","OPTIMUM","408","3,785","18227","OPTIMUM","408","3,794","18227","OPTIMUM","408","5,586","11434","OPTIMUM","408","6,301","8848","OPTIMUM","408","6,293","8848","OPTIMUM","408","6,745","5430","OPTIMUM","408","6,756","5430"
"instance_30_10_4_19","UNSATISFIABLE","","0,065","0","UNSATISFIABLE","","0,084","0","UNSATISFIABLE","","0,085","0","UNSATISFIABLE","","0,066","0","UNSATISFIABLE","","0,071","0","UNSATISFIABLE","","0,072","0","UNSATISFIABLE","","0,066","0","UNSATISFIABLE","","0,067","0"
"instance_30_10_4_2","UNSATISFIABLE","","0,076","0","UNSATISFIABLE","","0,093","0","UNSATISFIABLE","","0,095","0","UNSATISFIABLE","","0,078","0","UNSATISFIABLE","","0,07","0","UNSATISFIABLE","","0,082","0","UNSATISFIABLE","","0,066","0","UNSATISFIABLE","","0,066","0"
"instance_30_10_4_20","UNSATISFIABLE","","0,048","0","UNSATISFIABLE","","0,056","0","UNSATISFIABLE","","0,056","0","UNSATISFIABLE","","0,05","0","UNSATISFIABLE","","0,053","0","UNSATISFIABLE","","0,055","0","UNSATISFIABLE","","0,049","0","UNSATISFIABLE","","0,049","0"
"instance_30_10_4_21","UNSATISFIABLE","","0,076","0","UNSATISFIABLE","","0,098","0","UNSATISFIABLE","","0,097","0","UNSATISFIABLE","","0,079","0","UNSATISFIABLE","","0,084","0","UNSATISFIABLE","","0,085","0","UNSATISFIABLE","","0,068","0","UNSATISFIABLE","","0,068","0"
"instance_30_10_4_22","UNSATISFIABLE","","0,051","0","UNSATISFIABLE","","0,068","0","UNSATISFIABLE","","0,079","0","UNSATISFIABLE","","0,053","0","UNSATISFIABLE","","0,066","0","UNSATISFIABLE","","0,066","0","UNSATISFIABLE","","0,053","0","UNSATISFIABLE","","0,053","0"
"instance_30_10_4_23","OPTIMUM","379","10,088","17744","OPTIMUM","379","11,624","25135","OPTIMUM","379","12,57","25136","OPTIMUM","379","11,285","18163","OPTIMUM","379","10,505","9751","OPTIMUM","379","8,277","9752","OPTIMUM","379","5,685","6257","OPTIMUM","379","9,424","6676"
"instance_30_10_4_24","OPTIMUM","387","3,717","13402","OPTIMUM","387","5,373","20930","OPTIMUM","387","4,259","20933","OPTIMUM","387","10,605","13822","OPTIMUM","387","6,643","8812","OPTIMUM","387","7,573","8815","OPTIMUM","387","5,458","5370","OPTIMUM","387","5,44","5790"
"instance_30_10_4_25","OPTIMUM","444","15,75","17704","OPTIMUM","444","15,608","25018","OPTIMUM","444","16,76","25021","OPTIMUM","444","14,252","18132","OPTIMUM","444","16,541","10405","OPTIMUM","444","13,363","10408","OPTIMUM","444","16,246","6809","OPTIMUM","444","16,651","7237"
"instance_30_10_4_26","UNSATISFIABLE","","0,079","0","UNSATISFIABLE","","0,105","0","UNSATISFIABLE","","0,106","0","UNSATISFIABLE","","0,081","0","UNSATISFIABLE","","0,093","0","UNSATISFIABLE","","0,093","0","UNSATISFIABLE","","0,068","0","UNSATISFIABLE","","0,071","0"
"instance_30_10_4_27","OPTIMUM","390","16,092","13839","OPTIMUM","390","19,327","20862","OPTIMUM","390","18,765","20867","OPTIMUM","390","17,733","14266","OPTIMUM","390","17,052","8639","OPTIMUM","390","14,957","8644","OPTIMUM","390","13,28","5189","OPTIMUM","390","14,111","5616"
"instance_30_10_4_28","UNSATISFIABLE","","0,027","0","UNSATISFIABLE","","0,048","0","UNSATISFIABLE","","0,047","0","UNSATISFIABLE","","0,04","0","UNSATISFIABLE","","0,045","0","UNSATISFIABLE","","0,046","0","UNSATISFIABLE","","0,027","0","UNSATISFIABLE","","0,029","0"
"instance_30_10_4_29","UNSATISFIABLE","","0,049","0","UNSATISFIABLE","","0,063","0","UNSATISFIABLE","","0,062","0","UNSATISFIABLE","","0,05","0","UNSATISFIABLE","","0,055","0","UNSATISFIABLE","","0,056","0","UNSATISFIABLE","","0,049","0","UNSATISFIABLE","","0,051","0"
"instance_30_10_4_3","UNSATISFIABLE","","0,05","0","UNSATISFIABLE","","0,063","0","UNSATISFIABLE","","0,064","0","UNSATISFIABLE","","0,05","0","UNSATISFIABLE","","0,054","0","UNSATISFIABLE","","0,054","0","UNSATISFIABLE","","0,049","0","UNSATISFIABLE","","0,049","0"
"instance_30_10_4_30","OPTIMUM","396","16,461","18708","OPTIMUM","396","18,513","25475","OPTIMUM","396","19,186","25475","OPTIMUM","396","24,569","19120","OPTIMUM","396","18,515","9751","OPTIMUM","396","18,892","9751","OPTIMUM","396","13,944","6420","OPTIMUM","396","16,304","6832"
"instance_30_10_4_31","OPTIMUM","372","9,983","14443","OPTIMUM","372","10,222","22300","OPTIMUM","372","7,127","22312","OPTIMUM","372","8,76","14893","OPTIMUM","372","7,688","9183","OPTIMUM","372","10,121","9195","OPTIMUM","372","8,349","5510","OPTIMUM","372","9,126","5960"
"instance_30_10_4_32","OPTIMUM","423","10,207","15717","OPTIMUM","423","10,77","22795","OPTIMUM","423","12,14","22811","OPTIMUM","423","9,933","15733","OPTIMUM","423","9,566","9509","OPTIMUM","423","12,966","9525","OPTIMUM","423","10,283","6090","OPTIMUM","423","13,874","6106"
"instance_30_10_4_33","OPTIMUM","434","14,52","14662","OPTIMUM","434","12,385","22909","OPTIMUM","434","19,522","22909","OPTIMUM","434","14,522","15103","OPTIMUM","434","19,716","9905","OPTIMUM","434","13,166","9905","OPTIMUM","434","17,873","6159","OPTIMUM","434","12,201","6600"
"instance_30_10_4_34","UNSATISFIABLE","","0,05","0","UNSATISFIABLE","","0,064","0","UNSATISFIABLE","","0,064","0","UNSATISFIABLE","","0,052","0","UNSATISFIABLE","","0,063","0","UNSATISFIABLE","","0,064","0","UNSATISFIABLE","","0,051","0","UNSATISFIABLE","","0,052","0"
"instance_30_10_4_35","UNSATISFIABLE","","0,047","0","UNSATISFIABLE","","0,055","0","UNSATISFIABLE","","0,056","0","UNSATISFIABLE","","0,047","0","UNSATISFIABLE","","0,052","0","UNSATISFIABLE","","0,054","0","UNSATISFIABLE","","0,044","0","UNSATISFIABLE","","0,047","0"
"instance_30_10_4_36","OPTIMUM","401","23,237","17953","OPTIMUM","401","27,578","24128","OPTIMUM","401","26,86","24139","OPTIMUM","401","22,794","18345","OPTIMUM","401","23,56","9912","OPTIMUM","401","21,252","9923","OPTIMUM","401","25,268","6893","OPTIMUM","401","21,37","7285"
"instance_30_10_4_37","OPTIMUM","440","11,784","15129","OPTIMUM","440","17,467","22366","OPTIMUM","440","14,601","22366","OPTIMUM","440","17,128","15550","OPTIMUM","440","11,076","9813","OPTIMUM","440","10,867","9813","OPTIMUM","440","9,004","6318","OPTIMUM","440","13,791","6739"
"instance_30_10_4_38","UNSATISFIABLE","","0,051","0","UNSATISFIABLE","","0,068","0","UNSATISFIABLE","","0,067","0","UNSATISFIABLE","","0,054","0","UNSATISFIABLE","","0,064","0","UNSATISFIABLE","","0,065","0","UNSATISFIABLE","","0,051","0","UNSATISFIABLE","","0,052","0"
"instance_30_10_4_39","UNSATISFIABLE","","0,046","0","UNSATISFIABLE","","0,056","0","UNSATISFIABLE","","0,056","0","UNSATISFIABLE","","0,049","0","UNSATISFIABLE","","0,053","0","UNSATISFIABLE","","0,054","0","UNSATISFIABLE","","0,049","0","UNSATISFIABLE","","0,05","0"
"instance_30_10_4_4","OPTIMUM","427","9,991","14595","OPTIMUM","427","11,267","21770","OPTIMUM","427","10,432","21790","OPTIMUM","427","10,116","15032","OPTIMUM","427","8,131","9388","OPTIMUM","427","6,766","9408","OPTIMUM","427","8,253","5914","OPTIMUM","427","6,562","6351"
"instance_30_10_4_40","UNSATISFIABLE","","0,058","0","UNSATISFIABLE","","0,082","0","UNSATISFIABLE","","0,093","0","UNSATISFIABLE","","0,062","0","UNSATISFIABLE","","0,069","0","UNSATISFIABLE","","0,07","0","UNSATISFIABLE","","0,059","0","UNSATISFIABLE","","0,051","0"
"instance_30_10_4_41","OPTIMUM","350","7,301","8502","OPTIMUM","350","9,66","15610","OPTIMUM","350","9,013","15634","OPTIMUM","350","8,055","8928","OPTIMUM","350","9,081","7617","OPTIMUM","350","7,582","7641","OPTIMUM","350","9,483","4270","OPTIMUM","350","7,585","4696"
"instance_30_10_4_42","UNSATISFIABLE","","0,049","0","UNSATISFIABLE","","0,065","0","UNSATISFIABLE","","0,065","0","UNSATISFIABLE","","0,051","0","UNSATISFIABLE","","0,063","0","UNSATISFIABLE","","0,065","0","UNSATISFIABLE","","0,05","0","UNSATISFIABLE","","0,053","0"
"instance_30_10_4_43","OPTIMUM","412","17,594","18422","OPTIMUM","412","16,644","24965","OPTIMUM","412","13,069","24971","OPTIMUM","412","19,076","18822","OPTIMUM","412","21,269","9509","OPTIMUM","412","20,306","9515","OPTIMUM","412","13,573","6319","OPTIMUM","412","16,907","6719"
"instance_30_10_4_44","UNSATISFIABLE","","0,088","0","UNSATISFIABLE","","0,125","0","UNSATISFIABLE","","0,116","0","UNSATISFIABLE","","0,08","0","UNSATISFIABLE","","0,086","0","UNSATISFIABLE","","0,097","0","UNSATISFIABLE","","0,067","0","UNSATISFIABLE","","0,069","0"
"instance_30_10_4_45","OPTIMUM","365","5,55","14403","OPTIMUM","365","2,566","21803","OPTIMUM","365","5,81","21811","OPTIMUM","365","2,349","14833","OPTIMUM","365","7,321","9031","OPTIMUM","365","6,472","9039","OPTIMUM","365","7,792","5480","OPTIMUM","365","6,287","5910"
"instance_30_10_4_46","UNSATISFIABLE","","0,028","0","UNSATISFIABLE","","0,051","0","UNSATISFIABLE","","0,051","0","UNSATISFIABLE","","0,029","0","UNSATISFIABLE","","0,047","0","UNSATISFIABLE","","0,048","0","UNSATISFIABLE","","0,027","0","UNSATISFIABLE","","0,03","0"
"instance_30_10_4_47","OPTIMUM","395","11,594","11712","OPTIMUM","395","10,964","18969","OPTIMUM","395","7,923","18986","OPTIMUM","395","9,11","12154","OPTIMUM","395","10,686","8528","OPTIMUM","395","8,22","8545","OPTIMUM","395","8,826","4993","OPTIMUM","395","5,436","5435"
"instance_30_10_4_48","OPTIMUM","375","6,257","10175","OPTIMUM","375","7,648","17133","OPTIMUM","375","7,545","17133","OPTIMUM","375","8,519","10589","OPTIMUM","375","7,239","7845","OPTIMUM","375","6,288","7845","OPTIMUM","375","5,24","4368","OPTIMUM","375","5,483","4782"
"instance_30_10_4_49","UNSATISFIABLE","","0,086","0","UNSATISFIABLE","","0,108","0","UNSATISFIABLE","","0,109","0","UNSATISFIABLE","","0,089","0","UNSATISFIABLE","","0,104","0","UNSATISFIABLE","","0,105","0","UNSATISFIABLE","","0,079","0","UNSATISFIABLE","","0,081","0"
"instance_30_10_4_5","OPTIMUM","418","20,581","13334","OPTIMUM","418","18,111","19570","OPTIMUM","418","12,334","19574","OPTIMUM","418","11,049","13721","OPTIMUM","418","15,22","8660","OPTIMUM","418","13,155","8664","OPTIMUM","418","17,292","5528","OPTIMUM","418","11,95","5915"
"instance_30_10_4_50","UNSATISFIABLE","","0,05","0","UNSATISFIABLE","","0,066","0","UNSATISFIABLE","","0,07","0","UNSATISFIABLE","","0,052","0","UNSATISFIABLE","","0,065","0","UNSATISFIABLE","","0,065","0","UNSATISFIABLE","","0,051","0","UNSATISFIABLE","","0,052","0"
"instance_30_10_4_6","OPTIMUM","388","10,409","15363","OPTIMUM","388","9,636","22694","OPTIMUM","388","9,707","22694","OPTIMUM","388","10,354","15363","OPTIMUM","388","7,857","9659","OPTIMUM","388","7,985","9659","OPTIMUM","388","7,659","6119","OPTIMUM","388","8,679","6119"
"instance_30_10_4_7","UNSATISFIABLE","","0,049","0","UNSATISFIABLE","","0,065","0","UNSATISFIABLE","","0,064","0","UNSATISFIABLE","","0,05","0","UNSATISFIABLE","","0,055","0","UNSATISFIABLE","","0,056","0","UNSATISFIABLE","","0,048","0","UNSATISFIABLE","","0,05","0"
"instance_30_10_4_8","OPTIMUM","414","26,8","15326","OPTIMUM","414","25,939","22161","OPTIMUM","414","28,323","22170","OPTIMUM","414","27,019","15738","OPTIMUM","414","21,024","9114","OPTIMUM","414","25,122","9123","OPTIMUM","414","20,781","5743","OPTIMUM","414","26,412","6155"
"instance_30_10_4_9","UNSATISFIABLE","","0,049","0","UNSATISFIABLE","","0,064","0","UNSATISFIABLE","","0,067","0","UNSATISFIABLE","","0,052","0","UNSATISFIABLE","","0,055","0","UNSATISFIABLE","","0,056","0","UNSATISFIABLE","","0,048","0","UNSATISFIABLE","","0,051","0"
"instance_30_10_5_1","OPTIMUM","496","20,329","17088","OPTIMUM","496","25,634","27996","OPTIMUM","496","22,355","28009","OPTIMUM","496","25,062","17628","OPTIMUM","496","18,964","11327","OPTIMUM","496","19,441","11340","OPTIMUM","496","17,668","6612","OPTIMUM","496","20,394","7152"
"instance_30_10_5_10","OPTIMUM","480","17,637","17488","OPTIMUM","480","23,825","27521","OPTIMUM","480","26,106","27524","OPTIMUM","480","23,875","18011","OPTIMUM","480","25,761","11574","OPTIMUM","480","17,496","11577","OPTIMUM","480","25,144","6952","OPTIMUM","480","18,274","7475"
"instance_30_10_5_11","UNSATISFIABLE","","0,051","0","UNSATISFIABLE","","0,081","0","UNSATISFIABLE","","0,082","0","UNSATISFIABLE","","0,053","0","UNSATISFIABLE","","0,081","0","UNSATISFIABLE","","0,074","0","UNSATISFIABLE","","0,052","0","UNSATISFIABLE","","0,055","0"
"instance_30_10_5_12","UNSATISFIABLE","","0,057","0","UNSATISFIABLE","","0,086","0","UNSATISFIABLE","","0,087","0","UNSATISFIABLE","","0,078","0","UNSATISFIABLE","","0,089","0","UNSATISFIABLE","","0,09","0","UNSATISFIABLE","","0,068","0","UNSATISFIABLE","","0,082","0"
"instance_30_10_5_13","UNSATISFIABLE","","0,124","0","UNSATISFIABLE","","0,149","0","UNSATISFIABLE","","0,152","0","UNSATISFIABLE","","0,127","0","UNSATISFIABLE","","0,142","0","UNSATISFIABLE","","0,142","0","UNSATISFIABLE","","0,118","0","UNSATISFIABLE","","0,123","0"
"instance_30_10_5_14","UNSATISFIABLE","","0,153","0","UNSATISFIABLE","","0,218","0","UNSATISFIABLE","","0,217","0","UNSATISFIABLE","","0,26","0","UNSATISFIABLE","","0,186","0","UNSATISFIABLE","","0,196","0","UNSATISFIABLE","","0,127","0","UNSATISFIABLE","","0,15","0"
"instance_30_10_5_15","UNSATISFIABLE","","0,159","0","UNSATISFIABLE","","0,195","0","UNSATISFIABLE","","0,228","0","UNSATISFIABLE","","0,184","0","UNSATISFIABLE","","0,153","0","UNSATISFIABLE","","0,155","0","UNSATISFIABLE","","0,13","0","UNSATISFIABLE","","0,134","0"
"instance_30_10_5_16","OPTIMUM","489","45,237","24354","OPTIMUM","489","34,841","34265","OPTIMUM","489","34,512","34265","OPTIMUM","489","36,853","24354","OPTIMUM","489","34,847","12720","OPTIMUM","489","36,051","12720","OPTIMUM","489","36,25","8284","OPTIMUM","489","34,249","8284"
"instance_30_10_5_17","OPTIMUM","492","31,078","15288","OPTIMUM","492","34,138","25434","OPTIMUM","492","37,218","25439","OPTIMUM","492","34,004","15816","OPTIMUM","492","27,121","10934","OPTIMUM","492","37,435","10939","OPTIMUM","492","22,013","6294","OPTIMUM","492","34,174","6822"
"instance_30_10_5_18","OPTIMUM","519","27,777","23695","OPTIMUM","519","29,58","34003","OPTIMUM","519","25,711","34003","OPTIMUM","519","26,002","24216","OPTIMUM","519","28,483","13239","OPTIMUM","519","31,114","13239","OPTIMUM","519","25,526","8502","OPTIMUM","519","22,703","9023"
"instance_30_10_5_19","UNSATISFIABLE","","0,048","0","UNSATISFIABLE","","0,081","0","UNSATISFIABLE","","0,082","0","UNSATISFIABLE","","0,052","0","UNSATISFIABLE","","0,068","0","UNSATISFIABLE","","0,079","0","UNSATISFIABLE","","0,049","0","UNSATISFIABLE","","0,053","0"
"instance_30_10_5_2","UNSATISFIABLE","","0,101","0","UNSATISFIABLE","","0,154","0","UNSATISFIABLE","","0,155","0","UNSATISFIABLE","","0,115","0","UNSATISFIABLE","","0,121","0","UNSATISFIABLE","","0,124","0","UNSATISFIABLE","","0,091","0","UNSATISFIABLE","","0,087","0"
"instance_30_10_5_20","UNSATISFIABLE","","0,103","0","UNSATISFIABLE","","0,147","0","UNSATISFIABLE","","0,149","0","UNSATISFIABLE","","0,117","0","UNSATISFIABLE","","0,129","0","UNSATISFIABLE","","0,128","0","UNSATISFIABLE","","0,104","0","UNSATISFIABLE","","0,109","0"
"instance_30_10_5_21","UNSATISFIABLE","","0,051","0","UNSATISFIABLE","","0,082","0","UNSATISFIABLE","","0,085","0","UNSATISFIABLE","","0,056","0","UNSATISFIABLE","","0,081","0","UNSATISFIABLE","","0,082","0","UNSATISFIABLE","","0,053","0","UNSATISFIABLE","","0,056","0"
"instance_30_10_5_22","OPTIMUM","497","23,078","21803","OPTIMUM","497","23,797","31349","OPTIMUM","497","24,215","31357","OPTIMUM","497","22,36","22317","OPTIMUM","497","19,79","12448","OPTIMUM","497","21,914","12456","OPTIMUM","497","18,88","7886","OPTIMUM","497","20,107","8400"
"instance_30_10_5_23","UNSATISFIABLE","","0,05","0","UNSATISFIABLE","","0,067","0","UNSATISFIABLE","","0,068","0","UNSATISFIABLE","","0,054","0","UNSATISFIABLE","","0,059","0","UNSATISFIABLE","","0,06","0","UNSATISFIABLE","","0,052","0","UNSATISFIABLE","","0,053","0"
"instance_30_10_5_24","UNSATISFIABLE","","0,082","0","UNSATISFIABLE","","0,123","0","UNSATISFIABLE","","0,125","0","UNSATISFIABLE","","0,085","0","UNSATISFIABLE","","0,101","0","UNSATISFIABLE","","0,113","0","UNSATISFIABLE","","0,075","0","UNSATISFIABLE","","0,076","0"
"instance_30_10_5_25","UNSATISFIABLE","","0,08","0","UNSATISFIABLE","","0,097","0","UNSATISFIABLE","","0,106","0","UNSATISFIABLE","","0,085","0","UNSATISFIABLE","","0,095","0","UNSATISFIABLE","","0,096","0","UNSATISFIABLE","","0,084","0","UNSATISFIABLE","","0,087","0"
"instance_30_10_5_26","UNSATISFIABLE","","0,047","0","UNSATISFIABLE","","0,058","0","UNSATISFIABLE","","0,061","0","UNSATISFIABLE","","0,051","0","UNSATISFIABLE","","0,058","0","UNSATISFIABLE","","0,059","0","UNSATISFIABLE","","0,049","0","UNSATISFIABLE","","0,052","0"
"instance_30_10_5_27","UNSATISFIABLE","","0,091","0","UNSATISFIABLE","","0,123","0","UNSATISFIABLE","","0,124","0","UNSATISFIABLE","","0,085","0","UNSATISFIABLE","","0,112","0","UNSATISFIABLE","","0,111","0","UNSATISFIABLE","","0,073","0","UNSATISFIABLE","","0,084","0"
"instance_30_10_5_28","UNSATISFIABLE","","0,048","0","UNSATISFIABLE","","0,068","0","UNSATISFIABLE","","0,077","0","UNSATISFIABLE","","0,05","0","UNSATISFIABLE","","0,061","0","UNSATISFIABLE","","0,061","0","UNSATISFIABLE","","0,048","0","UNSATISFIABLE","","0,053","0"
"instance_30_10_5_29","UNSATISFIABLE","","0,047","0","UNSATISFIABLE","","0,056","0","UNSATISFIABLE","","0,058","0","UNSATISFIABLE","","0,05","0","UNSATISFIABLE","","0,055","0","UNSATISFIABLE","","0,057","0","UNSATISFIABLE","","0,048","0","UNSATISFIABLE","","0,051","0"
"instance_30_10_5_3","OPTIMUM","479","25,497","21299","OPTIMUM","479","20,41","31423","OPTIMUM","479","21,563","31423","OPTIMUM","479","27,1","21813","OPTIMUM","479","17,118","12628","OPTIMUM","479","23,777","12628","OPTIMUM","479","12,851","8051","OPTIMUM","479","18,217","8565"
"instance_30_10_5_30","UNSATISFIABLE","","0,055","0","UNSATISFIABLE","","0,084","0","UNSATISFIABLE","","0,085","0","UNSATISFIABLE","","0,056","0","UNSATISFIABLE","","0,081","0","UNSATISFIABLE","","0,071","0","UNSATISFIABLE","","0,054","0","UNSATISFIABLE","","0,055","0"
"instance_30_10_5_31","OPTIMUM","517","21,884","16619","OPTIMUM","517","18,11","26208","OPTIMUM","517","20,975","26212","OPTIMUM","517","14,595","17128","OPTIMUM","517","18,962","10612","OPTIMUM","517","18,604","10616","OPTIMUM","517","19,267","6179","OPTIMUM","517","18,43","6688"
"instance_30_10_5_32","OPTIMUM","550","31,547","21243","OPTIMUM","550","32,49","30990","OPTIMUM","550","36,941","31000","OPTIMUM","550","25,681","21761","OPTIMUM","550","27,854","12494","OPTIMUM","550","21,756","12504","OPTIMUM","550","24,527","8084","OPTIMUM","550","24,232","8602"
"instance_30_10_5_33","OPTIMUM","553","17,702","28821","OPTIMUM","553","18,788","38925","OPTIMUM","553","17,188","38943","OPTIMUM","553","23,74","28839","OPTIMUM","553","23,4","14420","OPTIMUM","553","34,857","14438","OPTIMUM","553","28,529","9761","OPTIMUM","553","27,035","9779"
"instance_30_10_5_34","OPTIMUM","479","33,743","23181","OPTIMUM","479","36,511","33389","OPTIMUM","479","31,876","33389","OPTIMUM","479","32,727","23688","OPTIMUM","479","34,218","12298","OPTIMUM","479","30,344","12298","OPTIMUM","479","29,824","7803","OPTIMUM","479","27,976","8310"
"instance_30_10_5_35","OPTIMUM","499","50,277","21801","OPTIMUM","499","63,527","31890","OPTIMUM","499","62,203","31896","OPTIMUM","499","53,193","22351","OPTIMUM","499","38,814","12051","OPTIMUM","499","44,683","12057","OPTIMUM","499","48,458","7239","OPTIMUM","499","47,682","7789"
"instance_30_10_5_36","OPTIMUM","492","32,189","28064","OPTIMUM","492","40,395","38469","OPTIMUM","492","35,357","38481","OPTIMUM","492","38,167","28591","OPTIMUM","492","33,807","13302","OPTIMUM","492","34,476","13314","OPTIMUM","492","31,419","8768","OPTIMUM","492","32,694","9295"
"instance_30_10_5_37","OPTIMUM","494","4,44","13069","OPTIMUM","494","3,797","22983","OPTIMUM","494","10,475","22983","OPTIMUM","494","4,508","13580","OPTIMUM","494","5,552","9693","OPTIMUM","494","5,757","9693","OPTIMUM","494","4,271","5221","OPTIMUM","494","4,365","5732"
"instance_30_10_5_38","OPTIMUM","524","31,989","18445","OPTIMUM","524","40,373","28381","OPTIMUM","524","30,693","28381","OPTIMUM","524","28,433","18959","OPTIMUM","524","35,564","11819","OPTIMUM","524","33,627","11819","OPTIMUM","524","20,136","7253","OPTIMUM","524","33,293","7767"
"instance_30_10_5_39","OPTIMUM","522","15,293","17381","OPTIMUM","522","15,792","26380","OPTIMUM","522","15,236","26381","OPTIMUM","522","12,888","17873","OPTIMUM","522","14,165","11530","OPTIMUM","522","13,509","11531","OPTIMUM","522","17,308","7293","OPTIMUM","522","16,482","7785"
"instance_30_10_5_4","UNSATISFIABLE","","0,048","0","UNSATISFIABLE","","0,078","0","UNSATISFIABLE","","0,067","0","UNSATISFIABLE","","0,052","0","UNSATISFIABLE","","0,058","0","UNSATISFIABLE","","0,06","0","UNSATISFIABLE","","0,048","0","UNSATISFIABLE","","0,052","0"
"instance_30_10_5_40","UNSATISFIABLE","","0,051","0","UNSATISFIABLE","","0,08","0","UNSATISFIABLE","","0,081","0","UNSATISFIABLE","","0,053","0","UNSATISFIABLE","","0,086","0","UNSATISFIABLE","","0,085","0","UNSATISFIABLE","","0,055","0","UNSATISFIABLE","","0,067","0"
"instance_30_10_5_41","UNSATISFIABLE","","0,064","0","UNSATISFIABLE","","0,09","0","UNSATISFIABLE","","0,091","0","UNSATISFIABLE","","0,079","0","UNSATISFIABLE","","0,09","0","UNSATISFIABLE","","0,092","0","UNSATISFIABLE","","0,068","0","UNSATISFIABLE","","0,083","0"
"instance_30_10_5_42","OPTIMUM","484","28,522","24099","OPTIMUM","484","42,323","34125","OPTIMUM","484","34,506","34125","OPTIMUM","484","32,915","24099","OPTIMUM","484","27,556","12509","OPTIMUM","484","31,492","12509","OPTIMUM","484","29,574","8046","OPTIMUM","484","29,291","8046"
"instance_30_10_5_43","UNSATISFIABLE","","0,048","0","UNSATISFIABLE","","0,081","0","UNSATISFIABLE","","0,082","0","UNSATISFIABLE","","0,052","0","UNSATISFIABLE","","0,079","0","UNSATISFIABLE","","0,07","0","UNSATISFIABLE","","0,05","0","UNSATISFIABLE","","0,052","0"
"instance_30_10_5_44","UNSATISFIABLE","","0,174","0","UNSATISFIABLE","","0,23","0","UNSATISFIABLE","","0,229","0","UNSATISFIABLE","","0,19","0","UNSATISFIABLE","","0,171","0","UNSATISFIABLE","","0,163","0","UNSATISFIABLE","","0,137","0","UNSATISFIABLE","","0,144","0"
"instance_30_10_5_45","UNSATISFIABLE","","0,052","0","UNSATISFIABLE","","0,082","0","UNSATISFIABLE","","0,082","0","UNSATISFIABLE","","0,057","0","UNSATISFIABLE","","0,081","0","UNSATISFIABLE","","0,071","0","UNSATISFIABLE","","0,053","0","UNSATISFIABLE","","0,056","0"
"instance_30_10_5_46","UNSATISFIABLE","","0,043","0","UNSATISFIABLE","","0,055","0","UNSATISFIABLE","","0,054","0","UNSATISFIABLE","","0,048","0","UNSATISFIABLE","","0,052","0","UNSATISFIABLE","","0,055","0","UNSATISFIABLE","","0,043","0","UNSATISFIABLE","","0,047","0"
"instance_30_10_5_47","UNSATISFIABLE","","0,045","0","UNSATISFIABLE","","0,053","0","UNSATISFIABLE","","0,054","0","UNSATISFIABLE","","0,049","0","UNSATISFIABLE","","0,051","0","UNSATISFIABLE","","0,053","0","UNSATISFIABLE","","0,045","0","UNSATISFIABLE","","0,048","0"
"instance_30_10_5_48","OPTIMUM","483","64,753","17131","OPTIMUM","483","65,72","25976","OPTIMUM","483","72,353","26015","OPTIMUM","483","57,152","17680","OPTIMUM","483","57,4","10668","OPTIMUM","483","51,849","10707","OPTIMUM","483","72,679","6292","OPTIMUM","483","60,598","6841"
"instance_30_10_5_49","TIMEOUT","","300,113","0","TIMEOUT","","300,109","0","TIMEOUT","","300,114","0","TIMEOUT","","300,115","0","TIMEOUT","","300,112","0","TIMEOUT","","300,113","0","TIMEOUT","","300,112","0","TIMEOUT","","300,112","0"
"instance_30_10_5_5","UNSATISFIABLE","","0,053","0","UNSATISFIABLE","","0,082","0","UNSATISFIABLE","","0,084","0","UNSATISFIABLE","","0,057","0","UNSATISFIABLE","","0,082","0","UNSATISFIABLE","","0,085","0","UNSATISFIABLE","","0,055","0","UNSATISFIABLE","","0,069","0"
"instance_30_10_5_50","UNSATISFIABLE","","0,055","0","UNSATISFIABLE","","0,086","0","UNSATISFIABLE","","0,085","0","UNSATISFIABLE","","0,071","0","UNSATISFIABLE","","0,086","0","UNSATISFIABLE","","0,085","0","UNSATISFIABLE","","0,065","0","UNSATISFIABLE","","0,068","0"
"instance_30_10_5_6","UNSATISFIABLE","","0,053","0","UNSATISFIABLE","","0,077","0","UNSATISFIABLE","","0,07","0","UNSATISFIABLE","","0,054","0","UNSATISFIABLE","","0,068","0","UNSATISFIABLE","","0,069","0","UNSATISFIABLE","","0,052","0","UNSATISFIABLE","","0,054","0"
"instance_30_10_5_7","UNSATISFIABLE","","0,1","0","UNSATISFIABLE","","0,133","0","UNSATISFIABLE","","0,142","0","UNSATISFIABLE","","0,101","0","UNSATISFIABLE","","0,107","0","UNSATISFIABLE","","0,112","0","UNSATISFIABLE","","0,079","0","UNSATISFIABLE","","0,084","0"
"instance_30_10_5_8","OPTIMUM","536","7,858","17840","OPTIMUM","536","9,6","27937","OPTIMUM","536","7,591","27937","OPTIMUM","536","8,505","18347","OPTIMUM","536","16,022","11543","OPTIMUM","536","14,683","11543","OPTIMUM","536","12,148","7105","OPTIMUM","536","10,503","7612"
"instance_30_10_5_9","OPTIMUM","481","23,308","15490","OPTIMUM","481","38,344","25587","OPTIMUM","481","29,307","25593","OPTIMUM","481","29,71","16011","OPTIMUM","481","30,083","10639","OPTIMUM","481","26,864","10645","OPTIMUM","481","25,533","6056","OPTIMUM","481","31,917","6577"
"instance_30_15_4_1","OPTIMUM","443","20,742","23718","OPTIMUM","443","21,397","30332","OPTIMUM","443","17,985","30344","OPTIMUM","443","22,865","24131","OPTIMUM","443","17,66","12349","OPTIMUM","443","16,125","12361","OPTIMUM","443","14,499","9177","OPTIMUM","443","15,086","9590"
"instance_30_15_4_10","OPTIMUM","418","12,896","20595","OPTIMUM","418","10,934","26769","OPTIMUM","418","16,573","26769","OPTIMUM","418","10,579","20999","OPTIMUM","418","10,788","11335","OPTIMUM","418","11,629","11335","OPTIMUM","418","13,742","8184","OPTIMUM","418","7,354","8588"
"instance_30_15_4_11","OPTIMUM","410","47,128","17259","OPTIMUM","410","48,049","25407","OPTIMUM","410","60,399","25407","OPTIMUM","410","49,333","17700","OPTIMUM","410","50,268","10879","OPTIMUM","410","37,556","10879","OPTIMUM","410","47,557","7048","OPTIMUM","410","57,761","7489"
"instance_30_15_4_12","OPTIMUM","440","11,2","19122","OPTIMUM","440","8,947","26682","OPTIMUM","440","13,503","26694","OPTIMUM","440","8,464","19564","OPTIMUM","440","6,102","11251","OPTIMUM","440","12,917","11263","OPTIMUM","440","7,174","7740","OPTIMUM","440","12,336","8182"
"instance_30_15_4_13","OPTIMUM","383","7,832","15023","OPTIMUM","383","7,155","22389","OPTIMUM","383","9,415","22389","OPTIMUM","383","7,806","15445","OPTIMUM","383","12,64","9708","OPTIMUM","383","8,094","9708","OPTIMUM","383","8,436","6195","OPTIMUM","383","10,455","6617"
"instance_30_15_4_14","OPTIMUM","412","15,926","17661","OPTIMUM","412","20,451","24507","OPTIMUM","412","18,395","24509","OPTIMUM","412","18,444","18087","OPTIMUM","412","14,964","11245","OPTIMUM","412","13,069","11247","OPTIMUM","412","15,885","7865","OPTIMUM","412","13,979","8291"
"instance_30_15_4_15","OPTIMUM","448","15,348","24561","OPTIMUM","448","15,444","31291","OPTIMUM","448","18,949","31303","OPTIMUM","448","16,477","25006","OPTIMUM","448","20,095","12206","OPTIMUM","448","14,991","12218","OPTIMUM","448","17,598","8880","OPTIMUM","448","15,445","9325"
"instance_30_15_4_16","OPTIMUM","399","10,316","15966","OPTIMUM","399","9,013","22679","OPTIMUM","399","11,086","22679","OPTIMUM","399","7,921","16367","OPTIMUM","399","15,068","9661","OPTIMUM","399","11,204","9661","OPTIMUM","399","8,458","6413","OPTIMUM","399","9,41","6814"
"instance_30_15_4_17","OPTIMUM","422","9,033","18832","OPTIMUM","422","10,598","26188","OPTIMUM","422","9,142","26188","OPTIMUM","422","8,853","18832","OPTIMUM","422","9,126","11590","OPTIMUM","422","11,588","11590","OPTIMUM","422","8,919","8078","OPTIMUM","422","9,907","8078"
"instance_30_15_4_18","OPTIMUM","458","21,472","26093","OPTIMUM","458","26,722","34040","OPTIMUM","458","28,893","34043","OPTIMUM","458","27,871","26536","OPTIMUM","458","19,857","13483","OPTIMUM","458","24,528","13486","OPTIMUM","458","18,669","9856","OPTIMUM","458","23,309","10299"
"instance_30_15_4_19","OPTIMUM","416","8,369","15958","OPTIMUM","416","13,997","23379","OPTIMUM","416","10,535","23386","OPTIMUM","416","8,749","16400","OPTIMUM","416","9,354","10653","OPTIMUM","416","4,963","10660","OPTIMUM","416","5,819","6995","OPTIMUM","416","3,869","7437"
"instance_30_15_4_2","OPTIMUM","374","9,349","11865","OPTIMUM","374","9,169","18563","OPTIMUM","374","9,478","18563","OPTIMUM","374","8,053","12282","OPTIMUM","374","10,839","8967","OPTIMUM","374","11,855","8967","OPTIMUM","374","6,274","5637","OPTIMUM","374","7,229","6054"
"instance_30_15_4_20","OPTIMUM","428","7,933","14212","OPTIMUM","428","8,74","21226","OPTIMUM","428","11,347","21231","OPTIMUM","428","6,797","14637","OPTIMUM","428","9,841","9988","OPTIMUM","428","8,22","9993","OPTIMUM","428","5,746","6599","OPTIMUM","428","5,5","7024"
"instance_30_15_4_21","UNSATISFIABLE","","0,055","0","UNSATISFIABLE","","0,078","0","UNSATISFIABLE","","0,082","0","UNSATISFIABLE","","0,07","0","UNSATISFIABLE","","0,08","0","UNSATISFIABLE","","0,082","0","UNSATISFIABLE","","0,057","0","UNSATISFIABLE","","0,071","0"
"instance_30_15_4_22","OPTIMUM","428","2,347","16781","OPTIMUM","428","2,643","23917","OPTIMUM","428","3,725","23926","OPTIMUM","428","2,291","17200","OPTIMUM","428","3,18","10337","OPTIMUM","428","1,951","10346","OPTIMUM","428","0,683","7059","OPTIMUM","428","0,835","7478"
"instance_30_15_4_23","OPTIMUM","438","14,426","24252","OPTIMUM","438","15,407","31465","OPTIMUM","438","19,971","31474","OPTIMUM","438","16,23","24682","OPTIMUM","438","20,627","12513","OPTIMUM","438","17,248","12522","OPTIMUM","438","15,228","9145","OPTIMUM","438","14,246","9575"
"instance_30_15_4_24","OPTIMUM","447","15,555","21319","OPTIMUM","447","18,737","27799","OPTIMUM","447","19,002","27799","OPTIMUM","447","13,039","21717","OPTIMUM","447","21,925","11713","OPTIMUM","447","20,986","11713","OPTIMUM","447","18,296","8687","OPTIMUM","447","16,124","9085"
"instance_30_15_4_25","OPTIMUM","408","9,117","19875","OPTIMUM","408","8,861","27458","OPTIMUM","408","10,656","27458","OPTIMUM","408","14,573","20298","OPTIMUM","408","7,719","11063","OPTIMUM","408","10,386","11063","OPTIMUM","408","6,869","7560","OPTIMUM","408","7,171","7983"
"instance_30_15_4_26","OPTIMUM","437","12,546","21135","OPTIMUM","437","10,983","27716","OPTIMUM","437","11,983","27719","OPTIMUM","437","15,286","21535","OPTIMUM","437","8,632","11518","OPTIMUM","437","12,419","11521","OPTIMUM","437","9,211","8307","OPTIMUM","437","10,322","8707"
"instance_30_15_4_27","OPTIMUM","410","10,43","19195","OPTIMUM","410","7,959","26566","OPTIMUM","410","13,094","26574","OPTIMUM","410","12,998","19629","OPTIMUM","410","12,878","11046","OPTIMUM","410","7,986","11054","OPTIMUM","410","10,673","7625","OPTIMUM","410","6,791","8059"
"instance_30_15_4_28","OPTIMUM","421","31,633","19855","OPTIMUM","421","28,365","27078","OPTIMUM","421","30,57","27089","OPTIMUM","421","42,981","20282","OPTIMUM","421","20,896","11347","OPTIMUM","421","28,674","11358","OPTIMUM","421","27,069","7976","OPTIMUM","421","23,382","8403"
"instance_30_15_4_29","OPTIMUM","405","10,688","11914","OPTIMUM","405","12,771","19710","OPTIMUM","405","15,942","19715","OPTIMUM","405","15,777","12341","OPTIMUM","405","11,1","9365","OPTIMUM","405","9,59","9370","OPTIMUM","405","11,691","5774","OPTIMUM","405","7,771","6201"
"instance_30_15_4_3","OPTIMUM","438","20,907","21697","OPTIMUM","438","22,886","28347","OPTIMUM","438","20,622","28347","OPTIMUM","438","19,072","21697","OPTIMUM","438","22,498","12005","OPTIMUM","438","17,789","12005","OPTIMUM","438","17,513","8632","OPTIMUM","438","16,234","8632"
"instance_30_15_4_30","OPTIMUM","437","26,391","24116","OPTIMUM","437","34,788","30836","OPTIMUM","437","25,143","30836","OPTIMUM","437","26,527","24520","OPTIMUM","437","25,566","11892","OPTIMUM","437","23,788","11892","OPTIMUM","437","29,222","8665","OPTIMUM","437","23,094","9069"
"instance_30_15_4_31","OPTIMUM","412","19,104","22307","OPTIMUM","412","20,705","28616","OPTIMUM","412","16,003","28616","OPTIMUM","412","23,71","22709","OPTIMUM","412","14,466","11940","OPTIMUM","412","13,551","11940","OPTIMUM","412","13,631","8883","OPTIMUM","412","16,168","9285"
"instance_30_15_4_32","OPTIMUM","387","21,346","18527","OPTIMUM","387","14,544","25482","OPTIMUM","387","17,099","25514","OPTIMUM","387","19,048","18988","OPTIMUM","387","16,346","11191","OPTIMUM","387","15,833","11223","OPTIMUM","387","11,265","7822","OPTIMUM","387","17,333","8283"
"instance_30_15_4_33","OPTIMUM","435","27,358","23085","OPTIMUM","435","22,683","30339","OPTIMUM","435","27,646","30344","OPTIMUM","435","26,379","23508","OPTIMUM","435","31,325","12019","OPTIMUM","435","19,884","12024","OPTIMUM","435","31,079","8638","OPTIMUM","435","19,375","9061"
"instance_30_15_4_34","OPTIMUM","399","12,697","20077","OPTIMUM","399","11,54","27737","OPTIMUM","399","10,854","27737","OPTIMUM","399","13,656","20077","OPTIMUM","399","8,315","12014","OPTIMUM","399","8,319","12014","OPTIMUM","399","13,865","8385","OPTIMUM","399","15,217","8385"
"instance_30_15_4_35","UNSATISFIABLE","","0,08","0","UNSATISFIABLE","","0,09","0","UNSATISFIABLE","","0,102","0","UNSATISFIABLE","","0,082","0","UNSATISFIABLE","","0,091","0","UNSATISFIABLE","","0,102","0","UNSATISFIABLE","","0,082","0","UNSATISFIABLE","","0,096","0"
"instance_30_15_4_36","OPTIMUM","433","13,502","20700","OPTIMUM","433","11,994","27542","OPTIMUM","433","12,596","27604","OPTIMUM","433","13,235","21180","OPTIMUM","433","13,978","11328","OPTIMUM","433","10,569","11390","OPTIMUM","433","11,163","8071","OPTIMUM","433","8,977","8551"
"instance_30_15_4_37","OPTIMUM","427","20,914","18805","OPTIMUM","427","19,681","25735","OPTIMUM","427","20,184","25735","OPTIMUM","427","21,381","19210","OPTIMUM","427","20,939","10983","OPTIMUM","427","20,402","10983","OPTIMUM","427","20,769","7694","OPTIMUM","427","19,221","8099"
"instance_30_15_4_38","OPTIMUM","402","11,934","18478","OPTIMUM","402","15,415","25872","OPTIMUM","402","10,409","25872","OPTIMUM","402","14,077","18905","OPTIMUM","402","15,711","10860","OPTIMUM","402","15,472","10860","OPTIMUM","402","14,509","7298","OPTIMUM","402","9,808","7725"
"instance_30_15_4_39","OPTIMUM","447","7,233","21472","OPTIMUM","447","14,516","28252","OPTIMUM","447","15,003","28252","OPTIMUM","447","7,367","21472","OPTIMUM","447","11,012","11999","OPTIMUM","447","12,052","11999","OPTIMUM","447","9,396","8706","OPTIMUM","447","12,56","8706"
"instance_30_15_4_4","OPTIMUM","451","34,127","24451","OPTIMUM","451","31,315","30887","OPTIMUM","451","31,657","30887","OPTIMUM","451","29,266","24860","OPTIMUM","451","33,371","12559","OPTIMUM","451","29,648","12559","OPTIMUM","451","27,964","9295","OPTIMUM","451","27,512","9704"
"instance_30_15_4_40","OPTIMUM","450","10,659","20687","OPTIMUM","450","6,876","27679","OPTIMUM","450","8,012","27700","OPTIMUM","450","7,691","20708","OPTIMUM","450","7,617","11026","OPTIMUM","450","13,167","11047","OPTIMUM","450","7,051","7702","OPTIMUM","450","6,917","7723"
"instance_30_15_4_41","OPTIMUM","443","11,192","26090","OPTIMUM","443","14,118","33014","OPTIMUM","443","9,95","33042","OPTIMUM","443","15,366","26540","OPTIMUM","443","9,524","13402","OPTIMUM","443","7,999","13430","OPTIMUM","443","12,554","10111","OPTIMUM","443","13,7","10561"
"instance_30_15_4_42","OPTIMUM","437","26,339","26236","OPTIMUM","437","30,968","32777","OPTIMUM","437","28,126","32777","OPTIMUM","437","22,122","26651","OPTIMUM","437","26,964","12752","OPTIMUM","437","28,683","12752","OPTIMUM","437","28,033","9438","OPTIMUM","437","28,294","9853"
"instance_30_15_4_43","OPTIMUM","423","30,475","21359","OPTIMUM","423","34,271","27981","OPTIMUM","423","34,265","28014","OPTIMUM","423","31,813","21813","OPTIMUM","423","30,361","11446","OPTIMUM","423","32,155","11479","OPTIMUM","423","24,931","8253","OPTIMUM","423","24,713","8707"
"instance_30_15_4_44","UNSATISFIABLE","","0,059","0","UNSATISFIABLE","","0,085","0","UNSATISFIABLE","","0,086","0","UNSATISFIABLE","","0,077","0","UNSATISFIABLE","","0,083","0","UNSATISFIABLE","","0,084","0","UNSATISFIABLE","","0,057","0","UNSATISFIABLE","","0,077","0"
"instance_30_15_4_45","OPTIMUM","422","17,4","24627","OPTIMUM","422","15,033","31677","OPTIMUM","422","15,836","31696","OPTIMUM","422","13,486","24646","OPTIMUM","422","11,725","12544","OPTIMUM","422","13,423","12563","OPTIMUM","422","12,888","9140","OPTIMUM","422","13,229","9159"
"instance_30_15_4_46","OPTIMUM","450","17,921","21502","OPTIMUM","450","36,828","27827","OPTIMUM","450","25,335","27834","OPTIMUM","450","25,931","21908","OPTIMUM","450","32,14","11843","OPTIMUM","450","19,483","11850","OPTIMUM","450","22,694","8751","OPTIMUM","450","14,035","9157"
"instance_30_15_4_47","OPTIMUM","428","26,566","18215","OPTIMUM","428","31,071","25690","OPTIMUM","428","25,052","25690","OPTIMUM","428","24,336","18649","OPTIMUM","428","19,22","11260","OPTIMUM","428","18,89","11260","OPTIMUM","428","24,019","7685","OPTIMUM","428","23,427","8119"
"instance_30_15_4_48","OPTIMUM","431","16,37","19426","OPTIMUM","431","15,463","26392","OPTIMUM","431","15,546","26392","OPTIMUM","431","17,854","19847","OPTIMUM","431","13,232","11249","OPTIMUM","431","14,376","11249","OPTIMUM","431","14,128","7900","OPTIMUM","431","15,218","8321"
"instance_30_15_4_49","OPTIMUM","436","21,605","23874","OPTIMUM","436","23,525","30558","OPTIMUM","436","18,238","30574","OPTIMUM","436","18,737","24303","OPTIMUM","436","20,39","11653","OPTIMUM","436","23,854","11669","OPTIMUM","436","20,75","8340","OPTIMUM","436","19,355","8769"
"instance_30_15_4_5","OPTIMUM","421","18,408","20432","OPTIMUM","421","17,133","28036","OPTIMUM","421","18,534","28037","OPTIMUM","421","19,288","20858","OPTIMUM","421","15,745","11026","OPTIMUM","421","15,174","11027","OPTIMUM","421","12,591","7440","OPTIMUM","421","16,702","7866"
"instance_30_15_4_50","OPTIMUM","404","5,711","16627","OPTIMUM","404","6,049","22896","OPTIMUM","404","6,283","22897","OPTIMUM","404","4,911","17039","OPTIMUM","404","7,628","10261","OPTIMUM","404","6,712","10262","OPTIMUM","404","3,455","7047","OPTIMUM","404","4,468","7459"
"instance_30_15_4_6","OPTIMUM","441","7,117","14463","OPTIMUM","441","7,451","20627","OPTIMUM","441","9,851","20629","OPTIMUM","441","7,268","14864","OPTIMUM","441","8,297","9723","OPTIMUM","441","8,05","9725","OPTIMUM","441","5,696","6615","OPTIMUM","441","8,486","7016"
"instance_30_15_4_7","UNSATISFIABLE","","0,091","0","UNSATISFIABLE","","0,112","0","UNSATISFIABLE","","0,112","0","UNSATISFIABLE","","0,102","0","UNSATISFIABLE","","0,107","0","UNSATISFIABLE","","0,11","0","UNSATISFIABLE","","0,088","0","UNSATISFIABLE","","0,104","0"
"instance_30_15_4_8","UNSATISFIABLE","","0,083","0","UNSATISFIABLE","","0,099","0","UNSATISFIABLE","","0,091","0","UNSATISFIABLE","","0,086","0","UNSATISFIABLE","","0,09","0","UNSATISFIABLE","","0,09","0","UNSATISFIABLE","","0,095","0","UNSATISFIABLE","","0,097","0"
"instance_30_15_4_9","OPTIMUM","402","10,05","18494","OPTIMUM","402","17,235","26102","OPTIMUM","402","19,759","26102","OPTIMUM","402","13,544","18494","OPTIMUM","402","13,469","10589","OPTIMUM","402","13,223","10589","OPTIMUM","402","10,694","7049","OPTIMUM","402","10,627","7049"
"instance_30_15_5_1","OPTIMUM","551","32,298","35398","OPTIMUM","551","33,072","45049","OPTIMUM","551","33,948","45067","OPTIMUM","551","26,153","35928","OPTIMUM","551","27,599","16523","OPTIMUM","551","28,915","16541","OPTIMUM","551","26,889","12238","OPTIMUM","551","26,953","12768"
"instance_30_15_5_10","UNSATISFIABLE","","0,174","0","UNSATISFIABLE","","0,225","0","UNSATISFIABLE","","0,211","0","UNSATISFIABLE","","0,175","0","UNSATISFIABLE","","0,176","0","UNSATISFIABLE","","0,174","0","UNSATISFIABLE","","0,142","0","UNSATISFIABLE","","0,144","0"
"instance_30_15_5_11","OPTIMUM","540","34,95","28850","OPTIMUM","540","41,958","37993","OPTIMUM","540","34,18","37993","OPTIMUM","540","34,419","29358","OPTIMUM","540","35,407","14776","OPTIMUM","540","32,595","14776","OPTIMUM","540","32,121","10478","OPTIMUM","540","31,88","10986"
"instance_30_15_5_12","OPTIMUM","570","24,82","41008","OPTIMUM","570","27,758","50848","OPTIMUM","570","28,066","50848","OPTIMUM","570","31,103","41520","OPTIMUM","570","24,458","17626","OPTIMUM","570","23,294","17626","OPTIMUM","570","30,552","13192","OPTIMUM","570","35,285","13704"
"instance_30_15_5_13","OPTIMUM","561","23,874","33543","OPTIMUM","561","23,831","43971","OPTIMUM","561","25,02","43981","OPTIMUM","561","21,866","33553","OPTIMUM","561","23,145","16145","OPTIMUM","561","20,751","16155","OPTIMUM","561","23,585","11557","OPTIMUM","561","19,068","11567"
"instance_30_15_5_14","OPTIMUM","534","33,973","26174","OPTIMUM","534","39,953","36804","OPTIMUM","534","30,706","36804","OPTIMUM","534","35,155","26174","OPTIMUM","534","29,727","14881","OPTIMUM","534","29,142","14881","OPTIMUM","534","24,655","10188","OPTIMUM","534","26,757","10188"
"instance_30_15_5_15","OPTIMUM","546","28,332","31111","OPTIMUM","546","32,364","39799","OPTIMUM","546","32,255","39799","OPTIMUM","546","27,385","31111","OPTIMUM","546","29,241","16163","OPTIMUM","546","28,102","16163","OPTIMUM","546","25,481","11988","OPTIMUM","546","26,562","11988"
"instance_30_15_5_16","OPTIMUM","480","37,756","32604","OPTIMUM","480","40,511","42808","OPTIMUM","480","38,505","42808","OPTIMUM","480","32,417","33124","OPTIMUM","480","38,208","15718","OPTIMUM","480","40,009","15718","OPTIMUM","480","31,517","11068","OPTIMUM","480","35,598","11588"
"instance_30_15_5_17","OPTIMUM","548","19,937","21673","OPTIMUM","548","15,806","32244","OPTIMUM","548","16,549","32244","OPTIMUM","548","17,693","21673","OPTIMUM","548","13,425","13695","OPTIMUM","548","14,317","13695","OPTIMUM","548","8,416","9039","OPTIMUM","548","8,402","9039"
"instance_30_15_5_18","OPTIMUM","528","29,282","26875","OPTIMUM","528","38,319","37111","OPTIMUM","528","33,751","37112","OPTIMUM","528","26,73","27396","OPTIMUM","528","32,734","14153","OPTIMUM","528","27,132","14154","OPTIMUM","528","27,834","9667","OPTIMUM","528","25,123","10188"
"instance_30_15_5_19","OPTIMUM","530","39,61","29611","OPTIMUM","530","47,363","39125","OPTIMUM","530","41,04","39139","OPTIMUM","530","39,752","30140","OPTIMUM","530","41,27","16055","OPTIMUM","530","40,613","16069","OPTIMUM","530","43,104","11763","OPTIMUM","530","41,153","12292"
"instance_30_15_5_2","OPTIMUM","554","28,957","32547","OPTIMUM","554","36,396","42785","OPTIMUM","554","38,168","42847","OPTIMUM","554","24,711","33139","OPTIMUM","554","28,382","16019","OPTIMUM","554","32,385","16081","OPTIMUM","554","30,574","11389","OPTIMUM","554","23,887","11981"
"instance_30_15_5_20","UNSATISFIABLE","","0,266","0","UNSATISFIABLE","","0,318","0","UNSATISFIABLE","","0,294","0","UNSATISFIABLE","","0,261","0","UNSATISFIABLE","","0,24","0","UNSATISFIABLE","","0,242","0","UNSATISFIABLE","","0,207","0","UNSATISFIABLE","","0,209","0"
"instance_30_15_5_21","OPTIMUM","511","38,785","27551","OPTIMUM","511","55,414","37514","OPTIMUM","511","44,524","37514","OPTIMUM","511","43,171","28076","OPTIMUM","511","59,617","15316","OPTIMUM","511","41,985","15316","OPTIMUM","511","41,058","10818","OPTIMUM","511","43,374","11343"
"instance_30_15_5_22","OPTIMUM","539","20,404","33461","OPTIMUM","539","22,27","42254","OPTIMUM","539","18,23","42262","OPTIMUM","539","21,258","33959","OPTIMUM","539","17,515","15880","OPTIMUM","539","21,393","15888","OPTIMUM","539","17,274","11789","OPTIMUM","539","22,748","12287"
"instance_30_15_5_23","OPTIMUM","540","40,086","34174","OPTIMUM","540","36,853","43835","OPTIMUM","540","37,542","43849","OPTIMUM","540","36,597","34708","OPTIMUM","540","35,882","16387","OPTIMUM","540","35,651","16401","OPTIMUM","540","33,336","12033","OPTIMUM","540","37,52","12567"
"instance_30_15_5_24","OPTIMUM","566","28,698","33042","OPTIMUM","566","29,704","43193","OPTIMUM","566","29,732","43193","OPTIMUM","566","33,809","33042","OPTIMUM","566","30,753","17406","OPTIMUM","566","30,808","17406","OPTIMUM","566","27,918","12748","OPTIMUM","566","30,603","12748"
"instance_30_15_5_25","OPTIMUM","541","24,056","29001","OPTIMUM","541","30,378","39196","OPTIMUM","541","27,155","39202","OPTIMUM","541","23,575","29538","OPTIMUM","541","24,689","14729","OPTIMUM","541","22,156","14735","OPTIMUM","541","22,405","10105","OPTIMUM","541","25,185","10642"
"instance_30_15_5_26","UNSATISFIABLE","","0,296","0","UNSATISFIABLE","","0,358","0","UNSATISFIABLE","","0,36","0","UNSATISFIABLE","","0,301","0","UNSATISFIABLE","","0,276","0","UNSATISFIABLE","","0,288","0","UNSATISFIABLE","","0,23","0","UNSATISFIABLE","","0,243","0"
"instance_30_15_5_27","TIMEOUT","","300,118","0","OPTIMUM","537","196,045","39004","OPTIMUM","537","209,271","39004","TIMEOUT","","300,112","0","OPTIMUM","537","213,789","15020","OPTIMUM","537","179,621","15020","OPTIMUM","537","144,558","10533","TIMEOUT","","300,117","0"
"instance_30_15_5_28","OPTIMUM","561","25,465","37097","OPTIMUM","561","28,453","46686","OPTIMUM","561","34,739","46689","OPTIMUM","561","33,72","37100","OPTIMUM","561","26,413","16819","OPTIMUM","561","28,99","16822","OPTIMUM","561","27,543","12499","OPTIMUM","561","24,951","12502"
"instance_30_15_5_29","OPTIMUM","550","55,508","35492","OPTIMUM","550","53,901","45864","OPTIMUM","550","59,775","45881","OPTIMUM","550","46,576","36041","OPTIMUM","550","41,693","17144","OPTIMUM","550","46,88","17161","OPTIMUM","550","46,442","12553","OPTIMUM","550","49,365","13102"
"instance_30_15_5_3","OPTIMUM","515","7,95","18963","OPTIMUM","515","12,746","28623","OPTIMUM","515","13,78","28637","OPTIMUM","515","9,842","19493","OPTIMUM","515","9,813","12890","OPTIMUM","515","11,519","12904","OPTIMUM","515","11,158","8398","OPTIMUM","515","8,684","8928"
"instance_30_15_5_30","OPTIMUM","440","8,545","19596","OPTIMUM","440","18,328","29343","OPTIMUM","440","12,379","29353","OPTIMUM","440","12,595","20106","OPTIMUM","440","9,023","12336","OPTIMUM","440","11,569","12346","OPTIMUM","440","5,77","7947","OPTIMUM","440","7,864","8457"
"instance_30_15_5_31","OPTIMUM","522","22,774","24085","OPTIMUM","522","24,137","34187","OPTIMUM","522","21,592","34205","OPTIMUM","522","17,475","24103","OPTIMUM","522","19,978","13830","OPTIMUM","522","20,175","13848","OPTIMUM","522","18,778","9285","OPTIMUM","522","17,704","9303"
"instance_30_15_5_32","OPTIMUM","509","13,83","19796","OPTIMUM","509","23,668","29292","OPTIMUM","509","24,553","29292","OPTIMUM","509","14,911","19796","OPTIMUM","509","12,4","13023","OPTIMUM","509","16,879","13023","OPTIMUM","509","16,982","8460","OPTIMUM","509","19,484","8460"
"instance_30_15_5_33","UNSATISFIABLE","","0,378","0","UNSATISFIABLE","","0,464","0","UNSATISFIABLE","","0,438","0","UNSATISFIABLE","","0,352","0","UNSATISFIABLE","","0,319","0","UNSATISFIABLE","","0,327","0","UNSATISFIABLE","","0,292","0","UNSATISFIABLE","","0,298","0"
"instance_30_15_5_34","OPTIMUM","591","20,636","32086","OPTIMUM","591","19,763","41249","OPTIMUM","591","19,782","41267","OPTIMUM","591","17,733","32612","OPTIMUM","591","11,653","16245","OPTIMUM","591","12,803","16263","OPTIMUM","591","13,367","11950","OPTIMUM","591","21,455","12476"
"instance_30_15_5_35","OPTIMUM","532","44,173","27808","OPTIMUM","532","32,815","37530","OPTIMUM","532","40,235","37547","OPTIMUM","532","46,395","28343","OPTIMUM","532","36,867","14325","OPTIMUM","532","36,909","14342","OPTIMUM","532","32,968","9913","OPTIMUM","532","41,304","10448"
"instance_30_15_5_36","OPTIMUM","507","13,821","21782","OPTIMUM","507","19,38","30954","OPTIMUM","507","17,116","30954","OPTIMUM","507","20,475","22280","OPTIMUM","507","16,838","13526","OPTIMUM","507","14,824","13526","OPTIMUM","507","14,847","9234","OPTIMUM","507","18,12","9732"
"instance_30_15_5_37","UNSATISFIABLE","","0,481","0","UNSATISFIABLE","","0,678","0","UNSATISFIABLE","","0,667","0","UNSATISFIABLE","","0,494","0","UNSATISFIABLE","","0,684","0","UNSATISFIABLE","","0,696","0","UNSATISFIABLE","","0,574","0","UNSATISFIABLE","","0,524","0"
"instance_30_15_5_38","UNSATISFIABLE","","0,203","0","UNSATISFIABLE","","0,24","0","UNSATISFIABLE","","0,237","0","UNSATISFIABLE","","0,206","0","UNSATISFIABLE","","0,191","0","UNSATISFIABLE","","0,183","0","UNSATISFIABLE","","0,161","0","UNSATISFIABLE","","0,163","0"
"instance_30_15_5_39","OPTIMUM","507","24,22","25754","OPTIMUM","507","25,706","34462","OPTIMUM","507","24,396","34475","OPTIMUM","507","25,147","26270","OPTIMUM","507","31,262","14114","OPTIMUM","507","30,779","14127","OPTIMUM","507","28,659","9887","OPTIMUM","507","23,187","10403"
"instance_30_15_5_4","UNSATISFIABLE","","0,239","0","UNSATISFIABLE","","0,275","0","UNSATISFIABLE","","0,274","0","UNSATISFIABLE","","0,243","0","UNSATISFIABLE","","0,233","0","UNSATISFIABLE","","0,223","0","UNSATISFIABLE","","0,212","0","UNSATISFIABLE","","0,202","0"
"instance_30_15_5_40","OPTIMUM","526","38,611","28036","OPTIMUM","526","47,414","38253","OPTIMUM","526","39,428","38254","OPTIMUM","526","50,772","28557","OPTIMUM","526","36,684","15040","OPTIMUM","526","46,765","15041","OPTIMUM","526","37,688","10505","OPTIMUM","526","39,718","11026"
"instance_30_15_5_41","OPTIMUM","539","29,839","24792","OPTIMUM","539","37,297","34934","OPTIMUM","539","34,609","34940","OPTIMUM","539","32,27","25336","OPTIMUM","539","30,478","14273","OPTIMUM","539","32,976","14279","OPTIMUM","539","30,676","9807","OPTIMUM","539","32,909","10351"
"instance_30_15_5_42","OPTIMUM","537","45,183","37724","OPTIMUM","537","45,375","47718","OPTIMUM","537","41,369","47718","OPTIMUM","537","38,755","38250","OPTIMUM","537","44,305","16093","OPTIMUM","537","65,663","16093","OPTIMUM","537","45,302","11529","OPTIMUM","537","38,329","12055"
"instance_30_15_5_43","OPTIMUM","533","33,626","21944","OPTIMUM","533","28,531","31092","OPTIMUM","533","34,99","31092","OPTIMUM","533","29,344","22447","OPTIMUM","533","30,643","13144","OPTIMUM","533","26,304","13144","OPTIMUM","533","22,645","8782","OPTIMUM","533","27,465","9285"
"instance_30_15_5_44","OPTIMUM","545","56,229","29226","OPTIMUM","545","47,607","38675","OPTIMUM","545","40,084","38675","OPTIMUM","545","46,007","29735","OPTIMUM","545","40,162","15290","OPTIMUM","545","40,594","15290","OPTIMUM","545","41,127","10914","OPTIMUM","545","34,84","11423"
"instance_30_15_5_45","OPTIMUM","557","20,944","32195","OPTIMUM","557","29,336","41769","OPTIMUM","557","26,649","41798","OPTIMUM","557","28,085","32732","OPTIMUM","557","24,533","15241","OPTIMUM","557","23,066","15270","OPTIMUM","557","21,615","10854","OPTIMUM","557","22,621","11391"
"instance_30_15_5_46","OPTIMUM","552","40,649","36431","OPTIMUM","552","33,461","46337","OPTIMUM","552","39,908","46337","OPTIMUM","552","37,297","36967","OPTIMUM","552","36,746","16684","OPTIMUM","552","40,367","16684","OPTIMUM","552","35,892","12168","OPTIMUM","552","31,985","12704"
"instance_30_15_5_47","OPTIMUM","551","20,671","33309","OPTIMUM","551","21,191","42852","OPTIMUM","551","16,21","42852","OPTIMUM","551","20,523","33309","OPTIMUM","551","16,745","16011","OPTIMUM","551","20,895","16011","OPTIMUM","551","20,917","11660","OPTIMUM","551","19,34","11660"
"instance_30_15_5_48","OPTIMUM","498","26,161","25508","OPTIMUM","498","26,506","35499","OPTIMUM","498","27,546","35499","OPTIMUM","498","27,747","25508","OPTIMUM","498","25,551","13959","OPTIMUM","498","22,104","13959","OPTIMUM","498","25,731","9481","OPTIMUM","498","22,733","9481"
"instance_30_15_5_49","UNSATISFIABLE","","0,143","0","UNSATISFIABLE","","0,159","0","UNSATISFIABLE","","0,158","0","UNSATISFIABLE","","0,154","0","UNSATISFIABLE","","0,157","0","UNSATISFIABLE","","0,157","0","UNSATISFIABLE","","0,157","0","UNSATISFIABLE","","0,146","0"
"instance_30_15_5_5","OPTIMUM","531","39,88","30564","OPTIMUM","531","32,849","40903","OPTIMUM","531","31,372","40926","OPTIMUM","531","23,21","30587","OPTIMUM","531","26,714","15249","OPTIMUM","531","29,632","15272","OPTIMUM","531","24,69","10822","OPTIMUM","531","25,566","10845"
"instance_30_15_5_50","OPTIMUM","555","27,506","27302","OPTIMUM","555","37,538","37364","OPTIMUM","555","34,179","37364","OPTIMUM","555","29,334","27826","OPTIMUM","555","31,747","14945","OPTIMUM","555","44,707","14945","OPTIMUM","555","32,159","10414","OPTIMUM","555","35,327","10938"
"instance_30_15_5_6","OPTIMUM","546","13,462","37770","OPTIMUM","546","16","46712","OPTIMUM","546","18,006","46717","OPTIMUM","546","14,12","38279","OPTIMUM","546","15,356","16472","OPTIMUM","546","24,52","16477","OPTIMUM","546","15,495","12256","OPTIMUM","546","17,647","12765"
"instance_30_15_5_7","OPTIMUM","544","6,095","27742","OPTIMUM","544","7,341","37495","OPTIMUM","544","7,42","37508","OPTIMUM","544","7,555","27755","OPTIMUM","544","6,365","14336","OPTIMUM","544","10,397","14349","OPTIMUM","544","6,458","10026","OPTIMUM","544","9,873","10039"
"instance_30_15_5_8","OPTIMUM","505","25,698","24426","OPTIMUM","505","33,894","33676","OPTIMUM","505","43,034","33676","OPTIMUM","505","30,059","24915","OPTIMUM","505","29,239","13452","OPTIMUM","505","29,408","13452","OPTIMUM","505","24,471","9176","OPTIMUM","505","25,578","9665"
"instance_30_15_5_9","OPTIMUM","531","28,739","29963","OPTIMUM","531","31,889","38980","OPTIMUM","531","28,272","38980","OPTIMUM","531","22,053","30475","OPTIMUM","531","28,752","15394","OPTIMUM","531","33,067","15394","OPTIMUM","531","23,311","11078","OPTIMUM","531","23,168","11590"
"instance_30_20_4_1","OPTIMUM","414","22,004","31101","OPTIMUM","414","28,447","38315","OPTIMUM","414","27,556","38330","OPTIMUM","414","22,131","31545","OPTIMUM","414","17,052","15429","OPTIMUM","414","21,381","15444","OPTIMUM","414","20,971","12016","OPTIMUM","414","22,082","12460"
"instance_30_20_4_10","OPTIMUM","442","17,541","23562","OPTIMUM","442","14,346","30510","OPTIMUM","442","14,547","30510","OPTIMUM","442","19,666","23562","OPTIMUM","442","12,49","13263","OPTIMUM","442","11,344","13263","OPTIMUM","442","11,549","9822","OPTIMUM","442","11,085","9822"
"instance_30_20_4_11","OPTIMUM","454","35,606","29326","OPTIMUM","454","43,978","36315","OPTIMUM","454","41,133","36340","OPTIMUM","454","42,07","29784","OPTIMUM","454","37,179","15097","OPTIMUM","454","38,194","15122","OPTIMUM","454","39,034","11716","OPTIMUM","454","36,34","12174"
"instance_30_20_4_12","OPTIMUM","446","25,226","34702","OPTIMUM","446","30,679","41637","OPTIMUM","446","33,825","41637","OPTIMUM","446","24,287","35122","OPTIMUM","446","22,998","16040","OPTIMUM","446","25,275","16040","OPTIMUM","446","26,113","12733","OPTIMUM","446","29,837","13153"
"instance_30_20_4_13","OPTIMUM","444","27,041","31872","OPTIMUM","444","28,449","38556","OPTIMUM","444","35,96","38572","OPTIMUM","444","29,022","32304","OPTIMUM","444","22,747","15200","OPTIMUM","444","26,158","15216","OPTIMUM","444","24,23","11976","OPTIMUM","444","27,195","12408"
"instance_30_20_4_14","OPTIMUM","462","12,542","18461","OPTIMUM","462","12,053","25236","OPTIMUM","462","12,447","25251","OPTIMUM","462","8,943","18891","OPTIMUM","462","11,543","11347","OPTIMUM","462","8,593","11362","OPTIMUM","462","9,664","8094","OPTIMUM","462","8,228","8524"
"instance_30_20_4_15","OPTIMUM","461","23,393","30966","OPTIMUM","461","26,19","38198","OPTIMUM","461","27,257","38226","OPTIMUM","461","29,567","31417","OPTIMUM","461","18,541","15326","OPTIMUM","461","23,386","15354","OPTIMUM","461","21,182","11945","OPTIMUM","461","24,376","12396"
"instance_30_20_4_16","OPTIMUM","420","31,06","30940","OPTIMUM","420","29,107","38132","OPTIMUM","420","34,639","38132","OPTIMUM","420","33,884","31361","OPTIMUM","420","35,934","15079","OPTIMUM","420","37,303","15079","OPTIMUM","420","41,837","11737","OPTIMUM","420","31,355","12158"
"instance_30_20_4_17","OPTIMUM","421","7,201","17638","OPTIMUM","421","10,76","25165","OPTIMUM","421","10,077","25183","OPTIMUM","421","10,838","18079","OPTIMUM","421","9,463","11882","OPTIMUM","421","7,545","11900","OPTIMUM","421","6,095","8411","OPTIMUM","421","11,161","8852"
"instance_30_20_4_18","OPTIMUM","435","24,938","24079","OPTIMUM","435","27,343","31176","OPTIMUM","435","28,71","31176","OPTIMUM","435","23,191","24490","OPTIMUM","435","25,053","13153","OPTIMUM","435","21,354","13153","OPTIMUM","435","20,966","9750","OPTIMUM","435","18,535","10161"
"instance_30_20_4_19","OPTIMUM","459","28,893","27720","OPTIMUM","459","40,101","34439","OPTIMUM","459","20,435","34486","OPTIMUM","459","19,65","28188","OPTIMUM","459","20,693","14660","OPTIMUM","459","22,206","14707","OPTIMUM","459","24,866","11339","OPTIMUM","459","18,101","11807"
"instance_30_20_4_2","OPTIMUM","430","25,957","23894","OPTIMUM","430","26,332","30706","OPTIMUM","430","26,779","30713","OPTIMUM","430","24,669","24322","OPTIMUM","430","23,507","12878","OPTIMUM","430","25,932","12885","OPTIMUM","430","20,427","9560","OPTIMUM","430","20,632","9988"
"instance_30_20_4_20","OPTIMUM","445","22,397","26879","OPTIMUM","445","15,199","34454","OPTIMUM","445","18,396","34454","OPTIMUM","445","19,892","26879","OPTIMUM","445","28,008","13918","OPTIMUM","445","25,582","13918","OPTIMUM","445","22,642","10438","OPTIMUM","445","20,808","10438"
"instance_30_20_4_21","OPTIMUM","438","19,222","30758","OPTIMUM","438","25,329","37966","OPTIMUM","438","29,056","38011","OPTIMUM","438","28,584","31224","OPTIMUM","438","20,606","15552","OPTIMUM","438","24,097","15597","OPTIMUM","438","18,672","12156","OPTIMUM","438","22,967","12622"
"instance_30_20_4_22","OPTIMUM","432","33,048","26481","OPTIMUM","432","37,863","33159","OPTIMUM","432","32,686","33159","OPTIMUM","432","28,184","26900","OPTIMUM","432","32,923","13845","OPTIMUM","432","28,742","13845","OPTIMUM","432","24,383","10575","OPTIMUM","432","22,031","10994"
"instance_30_20_4_23","OPTIMUM","455","7,502","20691","OPTIMUM","455","11,954","27564","OPTIMUM","455","8,431","27569","OPTIMUM","455","7,251","20696","OPTIMUM","455","9,678","12507","OPTIMUM","455","7,024","12512","OPTIMUM","455","8,363","9131","OPTIMUM","455","4,161","9136"
"instance_30_20_4_24","OPTIMUM","453","28,213","36298","OPTIMUM","453","28,297","42982","OPTIMUM","453","32,655","42982","OPTIMUM","453","29,513","36710","OPTIMUM","453","26,571","16155","OPTIMUM","453","27,118","16155","OPTIMUM","453","29,127","12988","OPTIMUM","453","25,848","13400"
"instance_30_20_4_25","OPTIMUM","439","13,72","22107","OPTIMUM","439","13,901","29345","OPTIMUM","439","14,047","29345","OPTIMUM","439","19,68","22107","OPTIMUM","439","10,983","12610","OPTIMUM","439","15,633","12610","OPTIMUM","439","11,533","9213","OPTIMUM","439","14,958","9213"
"instance_30_20_4_26","OPTIMUM","461","22,52","30139","OPTIMUM","461","26,235","37117","OPTIMUM","461","20,701","37122","OPTIMUM","461","21,667","30553","OPTIMUM","461","16,754","14669","OPTIMUM","461","14,53","14674","OPTIMUM","461","17,497","11471","OPTIMUM","461","18,761","11885"
"instance_30_20_4_27","OPTIMUM","463","17,227","28679","OPTIMUM","463","21,158","34862","OPTIMUM","463","20,589","34888","OPTIMUM","463","17,736","28705","OPTIMUM","463","16,325","15015","OPTIMUM","463","17,339","15041","OPTIMUM","463","20,201","12061","OPTIMUM","463","15,325","12087"
"instance_30_20_4_28","OPTIMUM","456","13,142","26003","OPTIMUM","456","10,182","32574","OPTIMUM","456","12,798","32590","OPTIMUM","456","17,471","26431","OPTIMUM","456","12,442","13820","OPTIMUM","456","10,685","13836","OPTIMUM","456","11,765","10574","OPTIMUM","456","18,01","11002"
"instance_30_20_4_29","OPTIMUM","469","26,88","29827","OPTIMUM","469","31,307","37310","OPTIMUM","469","27,391","37310","OPTIMUM","469","27,793","29827","OPTIMUM","469","31,081","14837","OPTIMUM","469","31,001","14837","OPTIMUM","469","28,452","11338","OPTIMUM","469","27,264","11338"
"instance_30_20_4_3","OPTIMUM","457","25,382","28348","OPTIMUM","457","24,441","34294","OPTIMUM","457","27,453","34295","OPTIMUM","457","26,225","28743","OPTIMUM","457","26,178","13817","OPTIMUM","457","24,446","13818","OPTIMUM","457","29,902","10828","OPTIMUM","457","27,466","11223"
"instance_30_20_4_30","OPTIMUM","467","13,82","29697","OPTIMUM","467","15,409","36813","OPTIMUM","467","15,483","36813","OPTIMUM","467","15,832","29697","OPTIMUM","467","8,61","14503","OPTIMUM","467","8,562","14503","OPTIMUM","467","9,271","11189","OPTIMUM","467","12,156","11189"
"instance_30_20_4_31","OPTIMUM","455","5,976","24585","OPTIMUM","455","4,261","30323","OPTIMUM","455","4,332","30323","OPTIMUM","455","5,906","24585","OPTIMUM","455","5,844","12515","OPTIMUM","455","5,788","12515","OPTIMUM","455","9,774","9550","OPTIMUM","455","7,771","9550"
"instance_30_20_4_32","OPTIMUM","455","25,245","34214","OPTIMUM","455","29,512","40877","OPTIMUM","455","29,508","40895","OPTIMUM","455","30,086","34643","OPTIMUM","455","23,907","15646","OPTIMUM","455","20,371","15664","OPTIMUM","455","26,031","12496","OPTIMUM","455","24,759","12925"
"instance_30_20_4_33","OPTIMUM","441","10,261","22071","OPTIMUM","441","10,703","28536","OPTIMUM","441","10,38","28551","OPTIMUM","441","11,923","22502","OPTIMUM","441","16,198","13016","OPTIMUM","441","14,059","13031","OPTIMUM","441","9,364","9859","OPTIMUM","441","10,243","10290"
"instance_30_20_4_34","OPTIMUM","461","20,829","29038","OPTIMUM","461","20,642","34994","OPTIMUM","461","22,203","35034","OPTIMUM","461","20,919","29481","OPTIMUM","461","29,976","14426","OPTIMUM","461","23,487","14466","OPTIMUM","461","19,321","11332","OPTIMUM","461","25,955","11775"
"instance_30_20_4_35","OPTIMUM","433","12,494","25154","OPTIMUM","433","10,341","32917","OPTIMUM","433","8,932","32917","OPTIMUM","433","11,506","25586","OPTIMUM","433","9,512","13443","OPTIMUM","433","10,395","13443","OPTIMUM","433","9,183","9854","OPTIMUM","433","10,331","10286"
"instance_30_20_4_36","OPTIMUM","442","18,313","25912","OPTIMUM","442","24,148","33050","OPTIMUM","442","23,789","33051","OPTIMUM","442","17,943","26340","OPTIMUM","442","19,856","13126","OPTIMUM","442","17,205","13127","OPTIMUM","442","22,625","9769","OPTIMUM","442","15,738","10197"
"instance_30_20_4_37","OPTIMUM","464","21,429","32016","OPTIMUM","464","24,704","38667","OPTIMUM","464","22,9","38667","OPTIMUM","464","20,376","32016","OPTIMUM","464","24,468","15300","OPTIMUM","464","24,363","15300","OPTIMUM","464","21,502","12105","OPTIMUM","464","25,141","12105"
"instance_30_20_4_38","OPTIMUM","446","11,895","24062","OPTIMUM","446","13,549","31661","OPTIMUM","446","13,834","31693","OPTIMUM","446","11,258","24541","OPTIMUM","446","14,923","14021","OPTIMUM","446","14,092","14053","OPTIMUM","446","11,534","10518","OPTIMUM","446","11,146","10997"
"instance_30_20_4_39","OPTIMUM","467","25,604","26611","OPTIMUM","467","27,194","33750","OPTIMUM","467","29,62","33750","OPTIMUM","467","28,13","27032","OPTIMUM","467","24,189","13919","OPTIMUM","467","23,747","13919","OPTIMUM","467","30,047","10643","OPTIMUM","467","26,461","11064"
"instance_30_20_4_4","OPTIMUM","435","20,252","26979","OPTIMUM","435","22,967","34254","OPTIMUM","435","31,003","34270","OPTIMUM","435","25,236","27426","OPTIMUM","435","27,24","13953","OPTIMUM","435","19,778","13969","OPTIMUM","435","17,463","10587","OPTIMUM","435","17,693","11034"
"instance_30_20_4_40","OPTIMUM","465","20,113","36648","OPTIMUM","465","21,825","42906","OPTIMUM","465","20,199","42906","OPTIMUM","465","19,973","36648","OPTIMUM","465","20,705","15744","OPTIMUM","465","20,572","15744","OPTIMUM","465","21,252","12764","OPTIMUM","465","17,496","12764"
"instance_30_20_4_41","OPTIMUM","455","25,301","23083","OPTIMUM","455","26,504","29105","OPTIMUM","455","27,65","29105","OPTIMUM","455","23,57","23477","OPTIMUM","455","23,558","12762","OPTIMUM","455","20,251","12762","OPTIMUM","455","22,583","9816","OPTIMUM","455","21,656","10210"
"instance_30_20_4_42","OPTIMUM","443","16,389","23987","OPTIMUM","443","16,506","30398","OPTIMUM","443","15,728","30402","OPTIMUM","443","12,331","24401","OPTIMUM","443","12,44","13229","OPTIMUM","443","14,928","13233","OPTIMUM","443","10,761","10139","OPTIMUM","443","8,71","10553"
"instance_30_20_4_43","OPTIMUM","430","7,696","15701","OPTIMUM","430","8,998","22855","OPTIMUM","430","7,187","22855","OPTIMUM","430","8,707","16121","OPTIMUM","430","6,961","10986","OPTIMUM","430","7,972","10986","OPTIMUM","430","7,992","7481","OPTIMUM","430","12,18","7901"
"instance_30_20_4_44","OPTIMUM","447","19,98","19490","OPTIMUM","447","19,265","27314","OPTIMUM","447","24,915","27314","OPTIMUM","447","22,295","19919","OPTIMUM","447","18,816","12269","OPTIMUM","447","18,664","12269","OPTIMUM","447","12,255","8764","OPTIMUM","447","16,618","9193"
"instance_30_20_4_45","OPTIMUM","460","28,982","29188","OPTIMUM","460","27,831","34664","OPTIMUM","460","25,335","34664","OPTIMUM","460","26,798","29188","OPTIMUM","460","22,088","13755","OPTIMUM","460","25,831","13755","OPTIMUM","460","22,445","10970","OPTIMUM","460","22,06","10970"
"instance_30_20_4_46","OPTIMUM","443","17,995","22814","OPTIMUM","443","16,009","29589","OPTIMUM","443","15,793","29595","OPTIMUM","443","13,302","23233","OPTIMUM","443","5,605","12915","OPTIMUM","443","12,421","12921","OPTIMUM","443","9,844","9541","OPTIMUM","443","16,519","9960"
"instance_30_20_4_47","OPTIMUM","459","15,354","30069","OPTIMUM","459","13,993","37377","OPTIMUM","459","16,952","37377","OPTIMUM","459","15,238","30069","OPTIMUM","459","18,778","14709","OPTIMUM","459","14,337","14709","OPTIMUM","459","13,834","11221","OPTIMUM","459","14,697","11221"
"instance_30_20_4_48","OPTIMUM","445","26,72","26778","OPTIMUM","445","31,84","33961","OPTIMUM","445","30,1","33962","OPTIMUM","445","30,396","27206","OPTIMUM","445","27,169","14177","OPTIMUM","445","28,698","14178","OPTIMUM","445","24,753","10767","OPTIMUM","445","28,333","11195"
"instance_30_20_4_49","OPTIMUM","415","19,881","25252","OPTIMUM","415","20,048","33556","OPTIMUM","415","21,498","33567","OPTIMUM","415","21,82","25703","OPTIMUM","415","19,115","13686","OPTIMUM","415","16,815","13697","OPTIMUM","415","22,009","9931","OPTIMUM","415","16,896","10382"
"instance_30_20_4_5","OPTIMUM","442","25,837","25785","OPTIMUM","442","27,927","33271","OPTIMUM","442","27,477","33271","OPTIMUM","442","19,445","26210","OPTIMUM","442","25,672","13468","OPTIMUM","442","26,221","13468","OPTIMUM","442","18,216","10050","OPTIMUM","442","23,844","10475"
"instance_30_20_4_50","OPTIMUM","437","7,277","22888","OPTIMUM","437","8,571","28895","OPTIMUM","437","10,096","28895","OPTIMUM","437","7,306","22888","OPTIMUM","437","8,158","12911","OPTIMUM","437","8,112","12911","OPTIMUM","437","8,602","9845","OPTIMUM","437","8,579","9845"
"instance_30_20_4_6","OPTIMUM","442","25,471","24167","OPTIMUM","442","20,988","31186","OPTIMUM","442","28,3","31186","OPTIMUM","442","25,749","24167","OPTIMUM","442","24,168","13163","OPTIMUM","442","25,27","13163","OPTIMUM","442","15,806","9854","OPTIMUM","442","15,121","9854"
"instance_30_20_4_7","OPTIMUM","431","23,956","27399","OPTIMUM","431","16,996","33859","OPTIMUM","431","21,741","33859","OPTIMUM","431","15,381","27816","OPTIMUM","431","18,187","13749","OPTIMUM","431","14,365","13749","OPTIMUM","431","18,748","10541","OPTIMUM","431","14,78","10958"
"instance_30_20_4_8","OPTIMUM","445","19,719","24732","OPTIMUM","445","19,907","31166","OPTIMUM","445","23,059","31168","OPTIMUM","445","21,539","24734","OPTIMUM","445","19,848","12670","OPTIMUM","445","19,804","12672","OPTIMUM","445","14,576","9599","OPTIMUM","445","20,173","9601"
"instance_30_20_4_9","OPTIMUM","431","27,416","25973","OPTIMUM","431","26,472","33471","OPTIMUM","431","30,449","33479","OPTIMUM","431","25,424","26412","OPTIMUM","431","26,398","13172","OPTIMUM","431","24,352","13180","OPTIMUM","431","30,888","9620","OPTIMUM","431","28,477","10059"
"instance_30_20_5_1","OPTIMUM","545","19,934","37768","OPTIMUM","545","16,651","47525","OPTIMUM","545","16,721","47525","OPTIMUM","545","17,72","37768","OPTIMUM","545","18,419","18061","OPTIMUM","545","9,925","18061","OPTIMUM","545","16,762","13577","OPTIMUM","545","19,684","13577"
"instance_30_20_5_10","OPTIMUM","531","16,03","28192","OPTIMUM","531","15,61","38632","OPTIMUM","531","15,679","38632","OPTIMUM","531","15,182","28192","OPTIMUM","531","18,033","16668","OPTIMUM","531","17,077","16668","OPTIMUM","531","15,518","12006","OPTIMUM","531","14,099","12006"
"instance_30_20_5_11","OPTIMUM","549","18,414","40588","OPTIMUM","549","17,236","50012","OPTIMUM","549","17,863","50042","OPTIMUM","549","18,518","40618","OPTIMUM","549","13,349","18467","OPTIMUM","549","13,385","18497","OPTIMUM","549","15,44","14156","OPTIMUM","549","10,421","14186"
"instance_30_20_5_12","OPTIMUM","560","31,917","35971","OPTIMUM","560","40,032","46406","OPTIMUM","560","35,338","46406","OPTIMUM","560","39,389","36520","OPTIMUM","560","21,468","18398","OPTIMUM","560","20,577","18398","OPTIMUM","560","15,536","13596","OPTIMUM","560","24,827","14145"
"instance_30_20_5_13","OPTIMUM","569","25,802","38786","OPTIMUM","569","22,662","48708","OPTIMUM","569","22,944","48708","OPTIMUM","569","24,768","38786","OPTIMUM","569","14,378","18272","OPTIMUM","569","15,213","18272","OPTIMUM","569","20,662","13825","OPTIMUM","569","20,417","13825"
"instance_30_20_5_14","OPTIMUM","586","33,712","45460","OPTIMUM","586","40,065","55235","OPTIMUM","586","52,762","55236","OPTIMUM","586","34,608","45991","OPTIMUM","586","26,231","21262","OPTIMUM","586","25,555","21263","OPTIMUM","586","23,018","16720","OPTIMUM","586","22,528","17251"
"instance_30_20_5_15","OPTIMUM","552","33,921","33250","OPTIMUM","552","30,731","43215","OPTIMUM","552","40,475","43215","OPTIMUM","552","31,358","33757","OPTIMUM","552","33,198","16154","OPTIMUM","552","36,678","16154","OPTIMUM","552","34,589","11689","OPTIMUM","552","32,38","12196"
"instance_30_20_5_16","OPTIMUM","575","28,374","38328","OPTIMUM","575","29,735","47069","OPTIMUM","575","31,439","47069","OPTIMUM","575","32,181","38836","OPTIMUM","575","24,203","17705","OPTIMUM","575","27,568","17705","OPTIMUM","575","25,213","13554","OPTIMUM","575","29,459","14062"
"instance_30_20_5_17","OPTIMUM","530","29,734","35610","OPTIMUM","530","30,804","45342","OPTIMUM","530","33,814","45342","OPTIMUM","530","29,441","35610","OPTIMUM","530","27,64","18182","OPTIMUM","530","27,516","18182","OPTIMUM","530","25,635","13713","OPTIMUM","530","28,757","13713"
"instance_30_20_5_18","OPTIMUM","568","48,005","49208","OPTIMUM","568","53,238","58651","OPTIMUM","568","57,956","58658","OPTIMUM","568","46,072","49742","OPTIMUM","568","49,193","20344","OPTIMUM","568","43,682","20351","OPTIMUM","568","46,743","16043","OPTIMUM","568","44,776","16577"
"instance_30_20_5_19","OPTIMUM","551","19,323","35106","OPTIMUM","551","20,868","44919","OPTIMUM","551","19,308","44935","OPTIMUM","551","19,734","35652","OPTIMUM","551","14,835","17512","OPTIMUM","551","11,859","17528","OPTIMUM","551","17,301","13064","OPTIMUM","551","13,614","13610"
"instance_30_20_5_2","OPTIMUM","540","37,505","34234","OPTIMUM","540","48,111","43887","OPTIMUM","540","49,352","43887","OPTIMUM","540","39,694","34234","OPTIMUM","540","38,061","17715","OPTIMUM","540","39,546","17715","OPTIMUM","540","36,939","13294","OPTIMUM","540","33,394","13294"
"instance_30_20_5_20","OPTIMUM","559","20,255","40692","OPTIMUM","559","20,188","49945","OPTIMUM","559","23,7","49964","OPTIMUM","559","20,638","41223","OPTIMUM","559","16,807","18567","OPTIMUM","559","14,094","18586","OPTIMUM","559","15,215","14294","OPTIMUM","559","17,134","14825"
"instance_30_20_5_21","OPTIMUM","526","29,739","37499","OPTIMUM","526","33,39","47428","OPTIMUM","526","41,336","47465","OPTIMUM","526","32,319","38058","OPTIMUM","526","28,905","17849","OPTIMUM","526","31,474","17886","OPTIMUM","526","30,17","13310","OPTIMUM","526","31,07","13869"
"instance_30_20_5_22","OPTIMUM","561","42,608","38514","OPTIMUM","561","52,308","48361","OPTIMUM","561","51,973","48399","OPTIMUM","561","46,42","38552","OPTIMUM","561","42,334","18490","OPTIMUM","561","51,033","18528","OPTIMUM","561","41,953","13899","OPTIMUM","561","49,035","13937"
"instance_30_20_5_23","OPTIMUM","545","37,964","28726","OPTIMUM","545","27,052","37560","OPTIMUM","545","38,451","37578","OPTIMUM","545","34,556","29242","OPTIMUM","545","14,835","15162","OPTIMUM","545","23,467","15180","OPTIMUM","545","29,295","10968","OPTIMUM","545","34,907","11484"
"instance_30_20_5_24","OPTIMUM","572","26,103","38956","OPTIMUM","572","26,062","47978","OPTIMUM","572","26,074","47978","OPTIMUM","572","26,027","38956","OPTIMUM","572","16,524","18635","OPTIMUM","572","19,419","18635","OPTIMUM","572","14,006","14390","OPTIMUM","572","15,059","14390"
"instance_30_20_5_25","OPTIMUM","565","28,787","35726","OPTIMUM","565","29,528","46105","OPTIMUM","565","25,443","46109","OPTIMUM","565","23,726","36264","OPTIMUM","565","24,267","17906","OPTIMUM","565","26,803","17910","OPTIMUM","565","23,085","13320","OPTIMUM","565","20,065","13858"
"instance_30_20_5_26","OPTIMUM","561","29,815","33100","OPTIMUM","561","29,107","44001","OPTIMUM","561","34,772","44023","OPTIMUM","561","31,376","33669","OPTIMUM","561","29,316","16883","OPTIMUM","561","32,629","16905","OPTIMUM","561","26,779","12185","OPTIMUM","561","29,845","12754"
"instance_30_20_5_27","OPTIMUM","516","32,145","34507","OPTIMUM","516","31,731","43525","OPTIMUM","516","35,525","43526","OPTIMUM","516","32,995","35011","OPTIMUM","516","33,032","16712","OPTIMUM","516","26,713","16713","OPTIMUM","516","23,932","12503","OPTIMUM","516","25,172","13007"
"instance_30_20_5_28","OPTIMUM","523","36,581","31921","OPTIMUM","523","35,791","42260","OPTIMUM","523","42,274","42299","OPTIMUM","523","37,883","32494","OPTIMUM","523","31,18","15657","OPTIMUM","523","30,729","15696","OPTIMUM","523","49,236","11003","OPTIMUM","523","34,052","11576"
"instance_30_20_5_29","OPTIMUM","560","14,97","29115","OPTIMUM","560","15,687","37708","OPTIMUM","560","12,142","37724","OPTIMUM","560","17,754","29131","OPTIMUM","560","9,862","15547","OPTIMUM","560","9,996","15563","OPTIMUM","560","13,528","11322","OPTIMUM","560","10,706","11338"
"instance_30_20_5_3","OPTIMUM","566","10,048","29065","OPTIMUM","566","11,424","39002","OPTIMUM","566","10,181","39005","OPTIMUM","566","8,915","29596","OPTIMUM","566","9,253","16645","OPTIMUM","566","8,487","16648","OPTIMUM","566","5,551","12069","OPTIMUM","566","6,649","12600"
"instance_30_20_5_30","OPTIMUM","566","40,817","38062","OPTIMUM","566","37,992","47963","OPTIMUM","566","42,384","48040","OPTIMUM","566","39,137","38667","OPTIMUM","566","35,473","18544","OPTIMUM","566","39,323","18621","OPTIMUM","566","39,799","14146","OPTIMUM","566","43,095","14751"
"instance_30_20_5_31","OPTIMUM","582","27,086","35018","OPTIMUM","582","33,27","44596","OPTIMUM","582","30,636","44596","OPTIMUM","582","26,492","35018","OPTIMUM","582","38,825","18616","OPTIMUM","582","38,376","18616","OPTIMUM","582","20,471","14130","OPTIMUM","582","22,383","14130"
"instance_30_20_5_32","OPTIMUM","556","31,658","41876","OPTIMUM","556","40,325","51727","OPTIMUM","556","37,027","51768","OPTIMUM","556","36,652","42443","OPTIMUM","556","29,441","18901","OPTIMUM","556","34,48","18942","OPTIMUM","556","37,7","14422","OPTIMUM","556","36,907","14989"
"instance_30_20_5_33","OPTIMUM","517","34,878","33759","OPTIMUM","517","44,047","43721","OPTIMUM","517","41,908","43721","OPTIMUM","517","36,583","34287","OPTIMUM","517","38,022","16564","OPTIMUM","517","34,778","16564","OPTIMUM","517","39,163","12044","OPTIMUM","517","39,777","12572"
"instance_30_20_5_34","OPTIMUM","568","30,11","42502","OPTIMUM","568","17,046","51442","OPTIMUM","568","17,315","51442","OPTIMUM","568","32,497","42502","OPTIMUM","568","21,28","18688","OPTIMUM","568","22,23","18688","OPTIMUM","568","18,118","14759","OPTIMUM","568","16,236","14759"
"instance_30_20_5_35","OPTIMUM","557","32,946","38269","OPTIMUM","557","36,325","48626","OPTIMUM","557","38,271","48648","OPTIMUM","557","32,501","38834","OPTIMUM","557","29,486","18063","OPTIMUM","557","32,49","18085","OPTIMUM","557","31,925","13374","OPTIMUM","557","26,781","13939"
"instance_30_20_5_36","OPTIMUM","550","20,479","32915","OPTIMUM","550","22,816","42858","OPTIMUM","550","20,917","42859","OPTIMUM","550","18,629","33443","OPTIMUM","550","24,885","16862","OPTIMUM","550","25,836","16863","OPTIMUM","550","21,643","12398","OPTIMUM","550","22,837","12926"
"instance_30_20_5_37","OPTIMUM","547","29,511","37725","OPTIMUM","547","28,918","47011","OPTIMUM","547","30,194","47011","OPTIMUM","547","31,428","37725","OPTIMUM","547","26,45","17033","OPTIMUM","547","26,375","17033","OPTIMUM","547","20,691","12834","OPTIMUM","547","21,821","12834"
"instance_30_20_5_38","OPTIMUM","563","36,874","39561","OPTIMUM","563","41,434","49893","OPTIMUM","563","47,401","49893","OPTIMUM","563","56,375","40101","OPTIMUM","563","31,877","19280","OPTIMUM","563","37,886","19280","OPTIMUM","563","34,785","14645","OPTIMUM","563","31,501","15185"
"instance_30_20_5_39","OPTIMUM","545","16,546","24548","OPTIMUM","545","14,175","34413","OPTIMUM","545","16,33","34418","OPTIMUM","545","17,966","25059","OPTIMUM","545","21,773","15651","OPTIMUM","545","17,997","15656","OPTIMUM","545","13,357","11308","OPTIMUM","545","17,606","11819"
"instance_30_20_5_4","OPTIMUM","572","54,071","45601","OPTIMUM","572","70,142","54884","OPTIMUM","572","64,023","54896","OPTIMUM","572","57,787","45613","OPTIMUM","572","51,19","20675","OPTIMUM","572","44,955","20687","OPTIMUM","572","50,516","16282","OPTIMUM","572","43,174","16294"
"instance_30_20_5_40","OPTIMUM","574","29,529","45659","OPTIMUM","574","32,472","55440","OPTIMUM","574","32,765","55440","OPTIMUM","574","31,299","45659","OPTIMUM","574","30,325","20011","OPTIMUM","574","29,047","20011","OPTIMUM","574","27,292","15499","OPTIMUM","574","28,874","15499"
"instance_30_20_5_41","OPTIMUM","567","30,162","45690","OPTIMUM","567","43,053","55121","OPTIMUM","567","55,201","55164","OPTIMUM","567","31,222","46249","OPTIMUM","567","44,811","19654","OPTIMUM","567","45,387","19697","OPTIMUM","567","39,353","15396","OPTIMUM","567","26,488","15955"
"instance_30_20_5_42","OPTIMUM","590","49,983","42729","OPTIMUM","590","46,521","53516","OPTIMUM","590","41,418","53516","OPTIMUM","590","42,371","43275","OPTIMUM","590","37,089","20320","OPTIMUM","590","42,696","20320","OPTIMUM","590","35,428","15562","OPTIMUM","590","36,573","16108"
"instance_30_20_5_43","OPTIMUM","558","19,002","26156","OPTIMUM","558","15,061","36106","OPTIMUM","558","14,823","36132","OPTIMUM","558","22,07","26695","OPTIMUM","558","16,248","15158","OPTIMUM","558","22,188","15184","OPTIMUM","558","18,273","10728","OPTIMUM","558","21,552","11267"
"instance_30_20_5_44","OPTIMUM","573","34,418","39855","OPTIMUM","573","29,412","49368","OPTIMUM","573","29,816","49383","OPTIMUM","573","32,64","40395","OPTIMUM","573","29,528","17811","OPTIMUM","573","25,869","17826","OPTIMUM","573","30,471","13545","OPTIMUM","573","26,706","14085"
"instance_30_20_5_45","OPTIMUM","559","23,269","29690","OPTIMUM","559","24,76","39193","OPTIMUM","559","30,486","39223","OPTIMUM","559","28,957","30238","OPTIMUM","559","35,373","15491","OPTIMUM","559","20,788","15521","OPTIMUM","559","25,519","11058","OPTIMUM","559","23,342","11606"
"instance_30_20_5_46","OPTIMUM","558","20,316","36784","OPTIMUM","558","49,282","46390","OPTIMUM","558","25,147","46409","OPTIMUM","558","24,86","37309","OPTIMUM","558","26,67","17339","OPTIMUM","558","28,144","17358","OPTIMUM","558","26,753","12988","OPTIMUM","558","30,852","13513"
"instance_30_20_5_47","OPTIMUM","570","22,513","34801","OPTIMUM","570","24,628","44037","OPTIMUM","570","26,193","44056","OPTIMUM","570","20,309","35342","OPTIMUM","570","18,764","17824","OPTIMUM","570","18,48","17843","OPTIMUM","570","19,678","13394","OPTIMUM","570","21,198","13935"
"instance_30_20_5_48","OPTIMUM","576","14,978","35370","OPTIMUM","576","11,997","44796","OPTIMUM","576","12,566","44796","OPTIMUM","576","14,391","35370","OPTIMUM","576","15,628","18399","OPTIMUM","576","15,573","18399","OPTIMUM","576","16,001","14053","OPTIMUM","576","14,822","14053"
"instance_30_20_5_49","OPTIMUM","542","31,672","36000","OPTIMUM","542","34,04","45073","OPTIMUM","542","38,071","45109","OPTIMUM","542","32,366","36547","OPTIMUM","542","29,745","17722","OPTIMUM","542","25,088","17758","OPTIMUM","542","29,194","13506","OPTIMUM","542","27,009","14053"
"instance_30_20_5_5","OPTIMUM","534","49,505","32006","OPTIMUM","534","59,604","41895","OPTIMUM","534","55,638","41895","OPTIMUM","534","45,2","32006","OPTIMUM","534","42,838","16829","OPTIMUM","534","45,967","16829","OPTIMUM","534","50,306","12404","OPTIMUM","534","47,992","12404"
"instance_30_20_5_50","UNSATISFIABLE","","0,139","0","UNSATISFIABLE","","0,183","0","UNSATISFIABLE","","0,174","0","UNSATISFIABLE","","0,139","0","UNSATISFIABLE","","0,168","0","UNSATISFIABLE","","0,152","0","UNSATISFIABLE","","0,141","0","UNSATISFIABLE","","0,142","0"
"instance_30_20_5_6","OPTIMUM","575","19,469","46374","OPTIMUM","575","24,764","56045","OPTIMUM","575","36,853","56045","OPTIMUM","575","23,027","46899","OPTIMUM","575","15,125","19851","OPTIMUM","575","15,1","19851","OPTIMUM","575","23,169","15403","OPTIMUM","575","13,471","15928"
"instance_30_20_5_7","OPTIMUM","558","24,336","33805","OPTIMUM","558","28,633","43928","OPTIMUM","558","27,826","43928","OPTIMUM","558","27,068","34334","OPTIMUM","558","26,822","18143","OPTIMUM","558","29,866","18143","OPTIMUM","558","25,578","13647","OPTIMUM","558","24,094","14176"
"instance_30_20_5_8","OPTIMUM","563","30,533","41057","OPTIMUM","563","34,683","50448","OPTIMUM","563","29,083","50448","OPTIMUM","563","34,149","41577","OPTIMUM","563","25,469","18561","OPTIMUM","563","30,489","18561","OPTIMUM","563","29,267","14132","OPTIMUM","563","33,809","14652"
"instance_30_20_5_9","OPTIMUM","537","21,081","33550","OPTIMUM","537","24,826","43209","OPTIMUM","537","24,688","43209","OPTIMUM","537","21,079","33550","OPTIMUM","537","22,681","17300","OPTIMUM","537","24,034","17300","OPTIMUM","537","25,247","12929","OPTIMUM","537","22,477","12929"
"instance_30_25_4_1","OPTIMUM","454","30,319","28100","OPTIMUM","454","37","34921","OPTIMUM","454","57,873","34924","OPTIMUM","454","32,703","28520","OPTIMUM","454","35,683","15112","OPTIMUM","454","30,79","15115","OPTIMUM","454","24,497","11786","OPTIMUM","454","30,703","12206"
"instance_30_25_4_10","OPTIMUM","453","22,605","28740","OPTIMUM","453","17,724","35119","OPTIMUM","453","17,7","35119","OPTIMUM","453","23,18","28740","OPTIMUM","453","19,012","14982","OPTIMUM","453","21,003","14982","OPTIMUM","453","16,866","11883","OPTIMUM","453","18,77","11883"
"instance_30_25_4_11","OPTIMUM","457","20,914","36727","OPTIMUM","457","29,961","44188","OPTIMUM","457","24,654","44188","OPTIMUM","457","20,911","36727","OPTIMUM","457","19,12","16939","OPTIMUM","457","19,02","16939","OPTIMUM","457","20,057","13543","OPTIMUM","457","22,188","13543"
"instance_30_25_4_12","OPTIMUM","437","44,814","33787","OPTIMUM","437","45,63","40544","OPTIMUM","437","47,026","40544","OPTIMUM","437","45,747","34203","OPTIMUM","437","46,169","15931","OPTIMUM","437","45,222","15931","OPTIMUM","437","42,694","12694","OPTIMUM","437","41,848","13110"
"instance_30_25_4_13","OPTIMUM","462","22,766","36468","OPTIMUM","462","28,861","42914","OPTIMUM","462","25,348","42931","OPTIMUM","462","29,814","36485","OPTIMUM","462","21,367","17069","OPTIMUM","462","17,361","17086","OPTIMUM","462","24,486","13909","OPTIMUM","462","18,995","13926"
"instance_30_25_4_14","OPTIMUM","447","28,94","28754","OPTIMUM","447","30,096","35472","OPTIMUM","447","33,847","35498","OPTIMUM","447","27,396","29199","OPTIMUM","447","34,615","15296","OPTIMUM","447","32,345","15322","OPTIMUM","447","25,131","12060","OPTIMUM","447","30,504","12505"
"instance_30_25_4_15","OPTIMUM","446","12,712","29110","OPTIMUM","446","18,116","36026","OPTIMUM","446","17,775","36036","OPTIMUM","446","19,147","29528","OPTIMUM","446","14,683","14588","OPTIMUM","446","17,03","14598","OPTIMUM","446","9,609","11360","OPTIMUM","446","16,191","11778"
"instance_30_25_4_16","OPTIMUM","449","16,654","30043","OPTIMUM","449","16,033","37004","OPTIMUM","449","21,006","37004","OPTIMUM","449","13,088","30467","OPTIMUM","449","12,922","15916","OPTIMUM","449","11,986","15916","OPTIMUM","449","13,46","12618","OPTIMUM","449","11,654","13042"
"instance_30_25_4_17","OPTIMUM","444","17,52","37681","OPTIMUM","444","30,029","44026","OPTIMUM","444","18,804","44062","OPTIMUM","444","22,068","38123","OPTIMUM","444","13,862","17295","OPTIMUM","444","14,252","17331","OPTIMUM","444","21,169","14216","OPTIMUM","444","18,188","14658"
"instance_30_25_4_18","OPTIMUM","456","34,537","36884","OPTIMUM","456","30,171","43383","OPTIMUM","456","35,698","43383","OPTIMUM","456","32,949","37290","OPTIMUM","456","28,417","16685","OPTIMUM","456","28,779","16685","OPTIMUM","456","28,248","13575","OPTIMUM","456","27,112","13981"
"instance_30_25_4_19","OPTIMUM","436","28,632","30794","OPTIMUM","436","32,124","36440","OPTIMUM","436","34,286","36440","OPTIMUM","436","30,092","30794","OPTIMUM","436","34,978","16028","OPTIMUM","436","35,769","16028","OPTIMUM","436","28,06","13191","OPTIMUM","436","28,456","13191"
"instance_30_25_4_2","OPTIMUM","471","20,014","32119","OPTIMUM","471","21,514","38498","OPTIMUM","471","19,186","38498","OPTIMUM","471","21,184","32531","OPTIMUM","471","19,937","16003","OPTIMUM","471","17,718","16003","OPTIMUM","471","20,418","12988","OPTIMUM","471","19,96","13400"
"instance_30_25_4_20","OPTIMUM","462","17,524","35532","OPTIMUM","462","27,975","42237","OPTIMUM","462","25,074","42273","OPTIMUM","462","19,048","35978","OPTIMUM","462","23,021","15938","OPTIMUM","462","25,044","15974","OPTIMUM","462","15,82","12725","OPTIMUM","462","16,151","13171"
"instance_30_25_4_21","OPTIMUM","457","20,048","25300","OPTIMUM","457","21,67","32613","OPTIMUM","457","26,437","32620","OPTIMUM","457","26,497","25730","OPTIMUM","457","25,102","14638","OPTIMUM","457","19,873","14645","OPTIMUM","457","18,923","11148","OPTIMUM","457","19,758","11578"
"instance_30_25_4_22","OPTIMUM","466","34,325","36960","OPTIMUM","466","36,239","43620","OPTIMUM","466","32,826","43620","OPTIMUM","466","31,952","36960","OPTIMUM","466","29,073","17585","OPTIMUM","466","30,931","17585","OPTIMUM","466","40,604","14327","OPTIMUM","466","37,708","14327"
"instance_30_25_4_23","OPTIMUM","465","21,383","32988","OPTIMUM","465","17,154","39010","OPTIMUM","465","19,556","39010","OPTIMUM","465","22,531","32988","OPTIMUM","465","15,119","16528","OPTIMUM","465","15,28","16528","OPTIMUM","465","11,881","13588","OPTIMUM","465","10,202","13588"
"instance_30_25_4_24","OPTIMUM","460","31,658","35382","OPTIMUM","460","30,012","42698","OPTIMUM","460","30,401","42698","OPTIMUM","460","30,803","35382","OPTIMUM","460","27,904","16654","OPTIMUM","460","24,127","16654","OPTIMUM","460","25,052","13192","OPTIMUM","460","25,018","13192"
"instance_30_25_4_25","OPTIMUM","459","43,133","48119","OPTIMUM","459","44,419","55347","OPTIMUM","459","41,25","55347","OPTIMUM","459","43,42","48119","OPTIMUM","459","35,617","20345","OPTIMUM","459","35,594","20345","OPTIMUM","459","34,55","16983","OPTIMUM","459","42,448","16983"
"instance_30_25_4_26","OPTIMUM","461","17,687","28295","OPTIMUM","461","26,286","35236","OPTIMUM","461","13,73","35249","OPTIMUM","461","19,87","28735","OPTIMUM","461","15,852","15244","OPTIMUM","461","15,043","15257","OPTIMUM","461","16,136","11818","OPTIMUM","461","18,015","12258"
"instance_30_25_4_27","OPTIMUM","467","44,16","37027","OPTIMUM","467","40,55","43521","OPTIMUM","467","40,005","43539","OPTIMUM","467","33,773","37045","OPTIMUM","467","39,793","18413","OPTIMUM","467","28,691","18431","OPTIMUM","467","29,712","15178","OPTIMUM","467","32,002","15196"
"instance_30_25_4_28","OPTIMUM","411","22,379","22446","OPTIMUM","411","24,169","28826","OPTIMUM","411","20,04","28826","OPTIMUM","411","19,182","22856","OPTIMUM","411","23,401","12963","OPTIMUM","411","20,562","12963","OPTIMUM","411","17,594","9773","OPTIMUM","411","23,105","10183"
"instance_30_25_4_29","OPTIMUM","461","33,914","42519","OPTIMUM","461","41,188","49106","OPTIMUM","461","42,524","49106","OPTIMUM","461","41,971","42931","OPTIMUM","461","32,465","18712","OPTIMUM","461","28,909","18712","OPTIMUM","461","32,704","15450","OPTIMUM","461","34,026","15862"
"instance_30_25_4_3","OPTIMUM","427","20,982","35747","OPTIMUM","427","17,618","42964","OPTIMUM","427","26,405","42964","OPTIMUM","427","23,268","36166","OPTIMUM","427","23,778","16373","OPTIMUM","427","33,26","16373","OPTIMUM","427","22,629","13036","OPTIMUM","427","21,707","13455"
"instance_30_25_4_30","OPTIMUM","453","32,448","35641","OPTIMUM","453","37,825","41553","OPTIMUM","453","35,351","41571","OPTIMUM","453","30,963","36059","OPTIMUM","453","28,389","16688","OPTIMUM","453","31,403","16706","OPTIMUM","453","26,784","13758","OPTIMUM","453","28,411","14176"
"instance_30_25_4_31","OPTIMUM","437","23,243","34425","OPTIMUM","437","30,797","41015","OPTIMUM","437","21,474","41062","OPTIMUM","437","24,842","34895","OPTIMUM","437","19,192","16983","OPTIMUM","437","19,39","17030","OPTIMUM","437","18,66","13740","OPTIMUM","437","14,074","14210"
"instance_30_25_4_32","OPTIMUM","450","29,565","27531","OPTIMUM","450","25,259","34814","OPTIMUM","450","24,851","34814","OPTIMUM","450","26,661","27531","OPTIMUM","450","22,072","15566","OPTIMUM","450","21,754","15566","OPTIMUM","450","25,17","12197","OPTIMUM","450","25,779","12197"
"instance_30_25_4_33","OPTIMUM","470","12,623","36535","OPTIMUM","470","11,207","44721","OPTIMUM","470","17,538","44721","OPTIMUM","470","12,752","36988","OPTIMUM","470","7,26","17696","OPTIMUM","470","7,273","17696","OPTIMUM","470","4,844","13990","OPTIMUM","470","5,816","14443"
"instance_30_25_4_34","OPTIMUM","458","27,333","38731","OPTIMUM","458","34,217","45266","OPTIMUM","458","29,592","45266","OPTIMUM","458","26,53","38731","OPTIMUM","458","20,815","18303","OPTIMUM","458","18,969","18303","OPTIMUM","458","21,498","15060","OPTIMUM","458","22,907","15060"
"instance_30_25_4_35","OPTIMUM","447","15,42","31058","OPTIMUM","447","16,716","37847","OPTIMUM","447","17,676","37850","OPTIMUM","447","15,997","31466","OPTIMUM","447","16,302","14724","OPTIMUM","447","15,918","14727","OPTIMUM","447","17,454","11564","OPTIMUM","447","16,946","11972"
"instance_30_25_4_36","OPTIMUM","457","31,142","29538","OPTIMUM","457","34,997","36692","OPTIMUM","457","32,002","36692","OPTIMUM","457","25,881","29963","OPTIMUM","457","22,573","15991","OPTIMUM","457","25,892","15991","OPTIMUM","457","24,011","12636","OPTIMUM","457","23,059","13061"
"instance_30_25_4_37","OPTIMUM","440","24,954","31878","OPTIMUM","440","20,332","38928","OPTIMUM","440","23,292","38928","OPTIMUM","440","20,653","32287","OPTIMUM","440","19,031","16821","OPTIMUM","440","17,793","16821","OPTIMUM","440","14,614","13592","OPTIMUM","440","19,628","14001"
"instance_30_25_4_38","OPTIMUM","454","29,91","35310","OPTIMUM","454","24,394","41724","OPTIMUM","454","25,173","41724","OPTIMUM","454","29,701","35310","OPTIMUM","454","24,372","17594","OPTIMUM","454","19,576","17594","OPTIMUM","454","30,627","14502","OPTIMUM","454","36,04","14502"
"instance_30_25_4_39","OPTIMUM","428","24,772","33033","OPTIMUM","428","25,442","39787","OPTIMUM","428","27,775","39805","OPTIMUM","428","22,36","33051","OPTIMUM","428","19,2","15679","OPTIMUM","428","20,761","15697","OPTIMUM","428","19,367","12408","OPTIMUM","428","22,053","12426"
"instance_30_25_4_4","OPTIMUM","452","16,675","27122","OPTIMUM","452","16,26","33781","OPTIMUM","452","22,84","33781","OPTIMUM","452","20,416","27546","OPTIMUM","452","15,405","14460","OPTIMUM","452","17,172","14460","OPTIMUM","452","14,424","11239","OPTIMUM","452","15,346","11663"
"instance_30_25_4_40","OPTIMUM","450","17,506","38450","OPTIMUM","450","19,856","45324","OPTIMUM","450","25,498","45365","OPTIMUM","450","15,795","38914","OPTIMUM","450","13,033","17181","OPTIMUM","450","21,559","17222","OPTIMUM","450","13,302","13825","OPTIMUM","450","15,985","14289"
"instance_30_25_4_41","OPTIMUM","448","24,736","32507","OPTIMUM","448","26,01","38434","OPTIMUM","448","25,119","38452","OPTIMUM","448","27,701","32940","OPTIMUM","448","17,783","15774","OPTIMUM","448","18,925","15792","OPTIMUM","448","21,1","12770","OPTIMUM","448","24,583","13203"
"instance_30_25_4_42","OPTIMUM","475","54,608","46328","OPTIMUM","475","46,474","52960","OPTIMUM","475","57,637","53002","OPTIMUM","475","46,312","46765","OPTIMUM","475","36,441","19500","OPTIMUM","475","47,107","19542","OPTIMUM","475","43,005","16369","OPTIMUM","475","38,186","16806"
"instance_30_25_4_43","OPTIMUM","466","19,571","32423","OPTIMUM","466","23,613","39194","OPTIMUM","466","22,422","39204","OPTIMUM","466","20,817","32433","OPTIMUM","466","19,055","16499","OPTIMUM","466","19,892","16509","OPTIMUM","466","17,656","13234","OPTIMUM","466","17,644","13244"
"instance_30_25_4_44","OPTIMUM","431","20,248","28931","OPTIMUM","431","27,27","35635","OPTIMUM","431","21,858","35639","OPTIMUM","431","20,001","29348","OPTIMUM","431","17,18","15661","OPTIMUM","431","18,94","15665","OPTIMUM","431","18,324","12459","OPTIMUM","431","16,278","12876"
"instance_30_25_4_45","OPTIMUM","448","23,062","32978","OPTIMUM","448","28,335","39544","OPTIMUM","448","28,382","39564","OPTIMUM","448","25,803","33412","OPTIMUM","448","22,53","15511","OPTIMUM","448","26,596","15531","OPTIMUM","448","25,082","12369","OPTIMUM","448","24,965","12803"
"instance_30_25_4_46","OPTIMUM","470","45,168","39959","OPTIMUM","470","47,669","46399","OPTIMUM","470","36,719","46399","OPTIMUM","470","39,409","39959","OPTIMUM","470","31,198","20133","OPTIMUM","470","36,147","20133","OPTIMUM","470","37,768","17061","OPTIMUM","470","37,581","17061"
"instance_30_25_4_47","OPTIMUM","474","24,538","30969","OPTIMUM","474","24,458","37977","OPTIMUM","474","29,12","37977","OPTIMUM","474","21,477","31387","OPTIMUM","474","19,431","16070","OPTIMUM","474","20,283","16070","OPTIMUM","474","18,732","12764","OPTIMUM","474","15,66","13182"
"instance_30_25_4_48","OPTIMUM","465","27,385","33281","OPTIMUM","465","32,647","39651","OPTIMUM","465","33,463","39651","OPTIMUM","465","33,172","33699","OPTIMUM","465","44,544","16568","OPTIMUM","465","29,378","16568","OPTIMUM","465","28,456","13477","OPTIMUM","465","27,803","13895"
"instance_30_25_4_49","OPTIMUM","456","16,087","27825","OPTIMUM","456","16,673","34479","OPTIMUM","456","19,719","34479","OPTIMUM","456","15,918","28234","OPTIMUM","456","10,268","14464","OPTIMUM","456","11,454","14464","OPTIMUM","456","12,199","11206","OPTIMUM","456","11,143","11615"
"instance_30_25_4_5","OPTIMUM","463","17,126","34057","OPTIMUM","463","29,159","40427","OPTIMUM","463","30,365","40427","OPTIMUM","463","27,195","34462","OPTIMUM","463","14,563","17223","OPTIMUM","463","19,599","17223","OPTIMUM","463","17,723","14129","OPTIMUM","463","24,013","14534"
"instance_30_25_4_50","OPTIMUM","471","36,84","38400","OPTIMUM","471","44,904","45379","OPTIMUM","471","30,44","45379","OPTIMUM","471","36,44","38815","OPTIMUM","471","22,266","17925","OPTIMUM","471","26,137","17925","OPTIMUM","471","31,642","14628","OPTIMUM","471","27,263","15043"
"instance_30_25_4_6","OPTIMUM","461","13,381","29990","OPTIMUM","461","17,143","36885","OPTIMUM","461","17,719","36885","OPTIMUM","461","13,344","29990","OPTIMUM","461","11,087","15383","OPTIMUM","461","10,103","15383","OPTIMUM","461","12,469","12013","OPTIMUM","461","13,694","12013"
"instance_30_25_4_7","OPTIMUM","473","25,809","35940","OPTIMUM","473","30,838","42792","OPTIMUM","473","31,177","42803","OPTIMUM","473","22,252","36372","OPTIMUM","473","21,871","17677","OPTIMUM","473","19,921","17688","OPTIMUM","473","27,034","14402","OPTIMUM","473","24,262","14834"
"instance_30_25_4_8","OPTIMUM","475","24,405","38665","OPTIMUM","475","21,551","44724","OPTIMUM","475","25,223","44764","OPTIMUM","475","27,3","39102","OPTIMUM","475","21,742","17704","OPTIMUM","475","30,167","17744","OPTIMUM","475","25,018","14627","OPTIMUM","475","24,964","15064"
"instance_30_25_4_9","OPTIMUM","463","17,296","31353","OPTIMUM","463","31,193","37712","OPTIMUM","463","30,859","37712","OPTIMUM","463","22,088","31353","OPTIMUM","463","17,454","16344","OPTIMUM","463","17,233","16344","OPTIMUM","463","19,4","13299","OPTIMUM","463","22,628","13299"
"instance_30_25_5_1","OPTIMUM","578","26,743","43576","OPTIMUM","578","28,594","52813","OPTIMUM","578","31,207","52826","OPTIMUM","578","30,818","44096","OPTIMUM","578","25,127","20656","OPTIMUM","578","21,656","20669","OPTIMUM","578","22,217","16484","OPTIMUM","578","23,143","17004"
"instance_30_25_5_10","OPTIMUM","554","31,582","36880","OPTIMUM","554","38,053","46668","OPTIMUM","554","34,76","46686","OPTIMUM","554","41,164","37413","OPTIMUM","554","35,797","18482","OPTIMUM","554","41,836","18500","OPTIMUM","554","34,674","14099","OPTIMUM","554","32,024","14632"
"instance_30_25_5_11","OPTIMUM","569","22,395","41902","OPTIMUM","569","30,807","51151","OPTIMUM","569","28,313","51151","OPTIMUM","569","23,6","42413","OPTIMUM","569","18,057","19856","OPTIMUM","569","18,524","19856","OPTIMUM","569","19,668","15644","OPTIMUM","569","19,521","16155"
"instance_30_25_5_12","OPTIMUM","580","30,978","39445","OPTIMUM","580","29,635","48976","OPTIMUM","580","37,245","48976","OPTIMUM","580","34,905","39980","OPTIMUM","580","24,705","19838","OPTIMUM","580","21,762","19838","OPTIMUM","580","21,925","15428","OPTIMUM","580","24,088","15963"
"instance_30_25_5_13","OPTIMUM","588","47,481","46509","OPTIMUM","588","52,118","55485","OPTIMUM","588","52,017","55502","OPTIMUM","588","52,126","46526","OPTIMUM","588","38,755","20979","OPTIMUM","588","44,76","20996","OPTIMUM","588","44,648","16874","OPTIMUM","588","48,557","16891"
"instance_30_25_5_14","OPTIMUM","571","32,368","46733","OPTIMUM","571","37,948","55537","OPTIMUM","571","35,709","55546","OPTIMUM","571","34,533","46742","OPTIMUM","571","21,375","21294","OPTIMUM","571","38,627","21303","OPTIMUM","571","28,276","17259","OPTIMUM","571","29,115","17268"
"instance_30_25_5_15","OPTIMUM","554","27,139","45726","OPTIMUM","554","30,447","55101","OPTIMUM","554","28,671","55112","OPTIMUM","554","28,892","46248","OPTIMUM","554","26,12","20838","OPTIMUM","554","23,103","20849","OPTIMUM","554","23,46","16640","OPTIMUM","554","25,58","17162"
"instance_30_25_5_16","OPTIMUM","579","42,695","54079","OPTIMUM","579","38,429","63511","OPTIMUM","579","40,269","63511","OPTIMUM","579","33,796","54593","OPTIMUM","579","26,353","22646","OPTIMUM","579","27,198","22646","OPTIMUM","579","22,993","18336","OPTIMUM","579","25,867","18850"
"instance_30_25_5_17","UNSATISFIABLE","","0,896","0","UNSATISFIABLE","","0,996","0","UNSATISFIABLE","","0,982","0","UNSATISFIABLE","","0,904","0","UNSATISFIABLE","","0,858","0","UNSATISFIABLE","","0,772","0","UNSATISFIABLE","","0,706","0","UNSATISFIABLE","","0,729","0"
"instance_30_25_5_18","OPTIMUM","565","64,71","50096","OPTIMUM","565","56,907","59521","OPTIMUM","565","60,246","59521","OPTIMUM","565","60,733","50617","OPTIMUM","565","46,754","22865","OPTIMUM","565","50,849","22865","OPTIMUM","565","49,735","18600","OPTIMUM","565","52,402","19121"
"instance_30_25_5_19","OPTIMUM","556","34,916","44999","OPTIMUM","556","37,534","54769","OPTIMUM","556","34,504","54818","OPTIMUM","556","27,133","45048","OPTIMUM","556","27,044","21046","OPTIMUM","556","26,744","21095","OPTIMUM","556","25,726","16717","OPTIMUM","556","25,798","16766"
"instance_30_25_5_2","OPTIMUM","550","44,285","39985","OPTIMUM","550","51,207","50217","OPTIMUM","550","50,825","50217","OPTIMUM","550","48,326","40520","OPTIMUM","550","41,949","19232","OPTIMUM","550","46,222","19232","OPTIMUM","550","35,984","14664","OPTIMUM","550","33,212","15199"
"instance_30_25_5_20","OPTIMUM","577","35,712","44041","OPTIMUM","577","53,92","53532","OPTIMUM","577","42,823","53533","OPTIMUM","577","32,905","44562","OPTIMUM","577","43,855","21068","OPTIMUM","577","43,638","21069","OPTIMUM","577","25,944","16665","OPTIMUM","577","26,378","17186"
"instance_30_25_5_21","OPTIMUM","571","31,762","44096","OPTIMUM","571","51,075","53464","OPTIMUM","571","52,837","53464","OPTIMUM","571","55,944","44611","OPTIMUM","571","50,909","20875","OPTIMUM","571","42,589","20875","OPTIMUM","571","31,513","16639","OPTIMUM","571","30,748","17154"
"instance_30_25_5_22","OPTIMUM","574","145,951","42045","OPTIMUM","574","92,712","51913","OPTIMUM","574","112,961","51930","OPTIMUM","574","200,776","42583","OPTIMUM","574","115,789","19312","OPTIMUM","574","116,438","19329","OPTIMUM","574","112,762","14925","OPTIMUM","574","110,336","15463"
"instance_30_25_5_23","OPTIMUM","572","36,399","40057","OPTIMUM","572","40,397","49681","OPTIMUM","572","40,484","49705","OPTIMUM","572","38,951","40605","OPTIMUM","572","29,522","19975","OPTIMUM","572","33,069","19999","OPTIMUM","572","28,551","15665","OPTIMUM","572","29,001","16213"
"instance_30_25_5_24","OPTIMUM","581","49,716","47967","OPTIMUM","581","52,061","57176","OPTIMUM","581","53,368","57176","OPTIMUM","581","55,014","47967","OPTIMUM","581","44,373","22151","OPTIMUM","581","48,024","22151","OPTIMUM","581","45,106","17925","OPTIMUM","581","44,498","17925"
"instance_30_25_5_25","OPTIMUM","575","42,732","58505","OPTIMUM","575","42,22","68497","OPTIMUM","575","48,938","68517","OPTIMUM","575","43,259","59059","OPTIMUM","575","44,859","23645","OPTIMUM","575","42,727","23665","OPTIMUM","575","38,68","19180","OPTIMUM","575","54,599","19734"
"instance_30_25_5_26","OPTIMUM","570","21,952","43052","OPTIMUM","570","26,492","51981","OPTIMUM","570","31,823","51982","OPTIMUM","570","24,435","43559","OPTIMUM","570","19,279","19633","OPTIMUM","570","20,2","19634","OPTIMUM","570","20,559","15497","OPTIMUM","570","18,677","16004"
"instance_30_25_5_27","OPTIMUM","583","51,786","43715","OPTIMUM","583","54,926","52584","OPTIMUM","583","51,51","52598","OPTIMUM","583","46,445","44235","OPTIMUM","583","34,479","20859","OPTIMUM","583","35,088","20873","OPTIMUM","583","34,467","16804","OPTIMUM","583","33,738","17324"
"instance_30_25_5_28","OPTIMUM","584","30,832","49737","OPTIMUM","584","33,1","59225","OPTIMUM","584","33,649","59225","OPTIMUM","584","31,455","49737","OPTIMUM","584","39,523","23038","OPTIMUM","584","36,919","23038","OPTIMUM","584","27,198","18755","OPTIMUM","584","26,488","18755"
"instance_30_25_5_29","OPTIMUM","565","56,7","47355","OPTIMUM","565","56,222","56912","OPTIMUM","565","53,721","56912","OPTIMUM","565","54,79","47355","OPTIMUM","565","44,526","21755","OPTIMUM","565","40,329","21755","OPTIMUM","565","40,218","17459","OPTIMUM","565","40,815","17459"
"instance_30_25_5_3","OPTIMUM","566","41,887","41789","OPTIMUM","566","38,397","51237","OPTIMUM","566","37,461","51237","OPTIMUM","566","37,291","41789","OPTIMUM","566","31,92","19662","OPTIMUM","566","32,608","19662","OPTIMUM","566","34,16","15300","OPTIMUM","566","32,997","15300"
"instance_30_25_5_30","OPTIMUM","558","28,596","42968","OPTIMUM","558","40,013","52372","OPTIMUM","558","37,227","52379","OPTIMUM","558","30,69","43487","OPTIMUM","558","22,85","20778","OPTIMUM","558","34,818","20785","OPTIMUM","558","30,747","16560","OPTIMUM","558","25,514","17079"
"instance_30_25_5_31","OPTIMUM","555","27,198","33669","OPTIMUM","555","33,698","43588","OPTIMUM","555","45,672","43588","OPTIMUM","555","31,012","33669","OPTIMUM","555","26,438","18952","OPTIMUM","555","25,228","18952","OPTIMUM","555","22,606","14613","OPTIMUM","555","23,731","14613"
"instance_30_25_5_32","OPTIMUM","573","44,995","48441","OPTIMUM","573","39,776","57894","OPTIMUM","573","39,851","57937","OPTIMUM","573","40,39","49003","OPTIMUM","573","35,128","21751","OPTIMUM","573","38,47","21794","OPTIMUM","573","37,688","17467","OPTIMUM","573","34,229","18029"
"instance_30_25_5_33","OPTIMUM","559","32,418","40094","OPTIMUM","559","38,545","48874","OPTIMUM","559","40,317","48881","OPTIMUM","559","32,037","40101","OPTIMUM","559","21,324","19099","OPTIMUM","559","35,048","19106","OPTIMUM","559","25,989","14901","OPTIMUM","559","26,196","14908"
"instance_30_25_5_34","OPTIMUM","577","28,952","45578","OPTIMUM","577","27,173","55020","OPTIMUM","577","29,744","55020","OPTIMUM","577","24,546","45578","OPTIMUM","577","29,161","21064","OPTIMUM","577","23,089","21064","OPTIMUM","577","22,217","16682","OPTIMUM","577","18,49","16682"
"instance_30_25_5_35","OPTIMUM","563","33,902","40012","OPTIMUM","563","30,654","49905","OPTIMUM","563","30,258","49905","OPTIMUM","563","33,094","40012","OPTIMUM","563","21,798","19417","OPTIMUM","563","21,716","19417","OPTIMUM","563","22,363","14907","OPTIMUM","563","23,051","14907"
"instance_30_25_5_36","OPTIMUM","570","32,504","51974","OPTIMUM","570","39,644","61683","OPTIMUM","570","38,189","61683","OPTIMUM","570","31,97","52495","OPTIMUM","570","29,671","21254","OPTIMUM","570","32,331","21254","OPTIMUM","570","28,287","16915","OPTIMUM","570","32,526","17436"
"instance_30_25_5_37","OPTIMUM","541","30,96","41887","OPTIMUM","541","29,721","52108","OPTIMUM","541","28,388","52108","OPTIMUM","541","29,217","42423","OPTIMUM","541","23,162","20615","OPTIMUM","541","23,202","20615","OPTIMUM","541","20","15953","OPTIMUM","541","22,625","16489"
"instance_30_25_5_38","OPTIMUM","566","29,486","40103","OPTIMUM","566","34,339","49606","OPTIMUM","566","36,102","49606","OPTIMUM","566","36,35","40625","OPTIMUM","566","30,532","19266","OPTIMUM","566","30,369","19266","OPTIMUM","566","31,407","14924","OPTIMUM","566","28,859","15446"
"instance_30_25_5_39","OPTIMUM","585","59,581","45921","OPTIMUM","585","68,468","55804","OPTIMUM","585","70,677","55804","OPTIMUM","585","57,044","45921","OPTIMUM","585","46,011","22119","OPTIMUM","585","45,63","22119","OPTIMUM","585","45,744","17567","OPTIMUM","585","45,086","17567"
"instance_30_25_5_4","OPTIMUM","583","34,153","42997","OPTIMUM","583","30,642","52703","OPTIMUM","583","43,3","52753","OPTIMUM","583","24,978","43572","OPTIMUM","583","39,657","21184","OPTIMUM","583","22,258","21234","OPTIMUM","583","19,006","16789","OPTIMUM","583","22,251","17364"
"instance_30_25_5_40","OPTIMUM","585","23,685","41628","OPTIMUM","585","23,032","50890","OPTIMUM","585","24,694","50906","OPTIMUM","585","29,515","41644","OPTIMUM","585","21,549","19873","OPTIMUM","585","36,009","19889","OPTIMUM","585","18,793","15570","OPTIMUM","585","29,15","15586"
"instance_30_25_5_41","OPTIMUM","584","31,774","40800","OPTIMUM","584","27,506","50718","OPTIMUM","584","28,321","50735","OPTIMUM","584","27,959","41346","OPTIMUM","584","24,526","20510","OPTIMUM","584","25,226","20527","OPTIMUM","584","25,12","16008","OPTIMUM","584","19,86","16554"
"instance_30_25_5_42","OPTIMUM","588","25,648","41810","OPTIMUM","588","26,201","50500","OPTIMUM","588","26,031","50542","OPTIMUM","588","26,497","42335","OPTIMUM","588","29,55","20518","OPTIMUM","588","20,366","20560","OPTIMUM","588","15,763","16605","OPTIMUM","588","18,591","17130"
"instance_30_25_5_43","OPTIMUM","530","35,851","37223","OPTIMUM","530","35,07","46724","OPTIMUM","530","23,692","46732","OPTIMUM","530","24,47","37763","OPTIMUM","530","21,894","19932","OPTIMUM","530","18,915","19940","OPTIMUM","530","22,972","15495","OPTIMUM","530","17,284","16035"
"instance_30_25_5_44","OPTIMUM","525","30,139","33524","OPTIMUM","525","33,277","42833","OPTIMUM","525","30,038","42858","OPTIMUM","525","31,099","34060","OPTIMUM","525","31,182","18498","OPTIMUM","525","32,895","18523","OPTIMUM","525","29,39","14190","OPTIMUM","525","27,855","14726"
"instance_30_25_5_45","OPTIMUM","572","40,265","43041","OPTIMUM","572","43,132","52826","OPTIMUM","572","40,128","52861","OPTIMUM","572","39,412","43600","OPTIMUM","572","34,88","20340","OPTIMUM","572","34,988","20375","OPTIMUM","572","39,822","15931","OPTIMUM","572","38,724","16490"
"instance_30_25_5_46","OPTIMUM","570","59,756","49423","OPTIMUM","570","68,982","59437","OPTIMUM","570","55,304","59469","OPTIMUM","570","54,897","50002","OPTIMUM","570","50,849","22865","OPTIMUM","570","46,941","22897","OPTIMUM","570","54,051","18161","OPTIMUM","570","47,284","18740"
"instance_30_25_5_47","OPTIMUM","575","30,421","39512","OPTIMUM","575","23,831","48663","OPTIMUM","575","27,703","48663","OPTIMUM","575","29,954","39512","OPTIMUM","575","16,495","20466","OPTIMUM","575","20,171","20466","OPTIMUM","575","34,737","16145","OPTIMUM","575","28,032","16145"
"instance_30_25_5_48","OPTIMUM","565","29,858","37931","OPTIMUM","565","38,887","47137","OPTIMUM","565","39,558","47138","OPTIMUM","565","32,44","38450","OPTIMUM","565","30,417","18976","OPTIMUM","565","27,886","18977","OPTIMUM","565","32,113","14566","OPTIMUM","565","35,457","15085"
"instance_30_25_5_49","OPTIMUM","578","59,738","48250","OPTIMUM","578","60,037","58314","OPTIMUM","578","54,764","58314","OPTIMUM","578","65,306","48250","OPTIMUM","578","48,928","21785","OPTIMUM","578","48,508","21785","OPTIMUM","578","46,49","17295","OPTIMUM","578","54,209","17295"
"instance_30_25_5_5","OPTIMUM","574","25,112","45899","OPTIMUM","574","20,351","55328","OPTIMUM","574","35,465","55328","OPTIMUM","574","22,13","46420","OPTIMUM","574","21,415","21719","OPTIMUM","574","17,308","21719","OPTIMUM","574","15,705","17488","OPTIMUM","574","17,625","18009"
"instance_30_25_5_50","OPTIMUM","573","37,439","46830","OPTIMUM","573","45,19","56624","OPTIMUM","573","40,673","56624","OPTIMUM","573","35,828","47336","OPTIMUM","573","36,017","20455","OPTIMUM","573","34,569","20455","OPTIMUM","573","35,515","16066","OPTIMUM","573","33,221","16572"
"instance_30_25_5_6","OPTIMUM","588","34,774","46466","OPTIMUM","588","46,647","55351","OPTIMUM","588","25,168","55352","OPTIMUM","588","34,512","46973","OPTIMUM","588","21,054","22229","OPTIMUM","588","19,975","22230","OPTIMUM","588","19,631","18022","OPTIMUM","588","18,578","18529"
"instance_30_25_5_7","OPTIMUM","573","50,693","49518","OPTIMUM","573","46,106","58880","OPTIMUM","573","65,326","58893","OPTIMUM","573","51,25","50045","OPTIMUM","573","39,32","21555","OPTIMUM","573","47,083","21568","OPTIMUM","573","40,977","17283","OPTIMUM","573","45,352","17810"
"instance_30_25_5_8","OPTIMUM","585","39,946","57344","OPTIMUM","585","37,585","66953","OPTIMUM","585","37,021","66953","OPTIMUM","585","41,718","57344","OPTIMUM","585","27,544","24696","OPTIMUM","585","35,1","24696","OPTIMUM","585","30,758","20198","OPTIMUM","585","32,889","20198"
"instance_30_25_5_9","OPTIMUM","590","18,361","40026","OPTIMUM","590","40,625","49695","OPTIMUM","590","31,401","49787","OPTIMUM","590","44,153","40645","OPTIMUM","590","25,374","19385","OPTIMUM","590","37,491","19477","OPTIMUM","590","22,233","14882","OPTIMUM","590","28,977","15501"
"instance_40_10_4_1","OPTIMUM","563","41,989","25129","OPTIMUM","563","45,92","35730","OPTIMUM","563","43,663","35730","OPTIMUM","563","34,592","25683","OPTIMUM","563","32,04","14119","OPTIMUM","563","40,724","14119","OPTIMUM","563","41,177","9221","OPTIMUM","563","48,575","9775"
"instance_40_10_4_10","UNSATISFIABLE","","0,076","0","UNSATISFIABLE","","0,092","0","UNSATISFIABLE","","0,093","0","UNSATISFIABLE","","0,077","0","UNSATISFIABLE","","0,09","0","UNSATISFIABLE","","0,091","0","UNSATISFIABLE","","0,068","0","UNSATISFIABLE","","0,083","0"
"instance_40_10_4_11","TIMEOUT","","300,112","0","TIMEOUT","","300,115","0","TIMEOUT","","300,114","0","TIMEOUT","","300,113","0","TIMEOUT","","300,114","0","TIMEOUT","","300,114","0","TIMEOUT","","300,113","0","TIMEOUT","","300,116","0"
"instance_40_10_4_12","UNSATISFIABLE","","0,048","0","UNSATISFIABLE","","0,078","0","UNSATISFIABLE","","0,081","0","UNSATISFIABLE","","0,05","0","UNSATISFIABLE","","0,059","0","UNSATISFIABLE","","0,06","0","UNSATISFIABLE","","0,049","0","UNSATISFIABLE","","0,053","0"
"instance_40_10_4_13","UNSATISFIABLE","","0,078","0","UNSATISFIABLE","","0,091","0","UNSATISFIABLE","","0,104","0","UNSATISFIABLE","","0,08","0","UNSATISFIABLE","","0,093","0","UNSATISFIABLE","","0,096","0","UNSATISFIABLE","","0,081","0","UNSATISFIABLE","","0,089","0"
"instance_40_10_4_14","UNSATISFIABLE","","0,192","0","UNSATISFIABLE","","0,24","0","UNSATISFIABLE","","0,242","0","UNSATISFIABLE","","0,189","0","UNSATISFIABLE","","0,22","0","UNSATISFIABLE","","0,224","0","UNSATISFIABLE","","0,175","0","UNSATISFIABLE","","0,178","0"
"instance_40_10_4_15","UNSATISFIABLE","","0,117","0","UNSATISFIABLE","","0,159","0","UNSATISFIABLE","","0,161","0","UNSATISFIABLE","","0,118","0","UNSATISFIABLE","","0,141","0","UNSATISFIABLE","","0,14","0","UNSATISFIABLE","","0,107","0","UNSATISFIABLE","","0,121","0"
"instance_40_10_4_16","OPTIMUM","569","26,406","23527","OPTIMUM","569","19,353","34017","OPTIMUM","569","20,163","34017","OPTIMUM","569","26,36","24081","OPTIMUM","569","20,477","13441","OPTIMUM","569","19,509","13441","OPTIMUM","569","24,983","8574","OPTIMUM","569","21,783","9128"
"instance_40_10_4_17","OPTIMUM","580","9,355","25846","OPTIMUM","580","10,545","35978","OPTIMUM","580","10,333","35978","OPTIMUM","580","15,184","25846","OPTIMUM","580","21,145","14190","OPTIMUM","580","11,672","14190","OPTIMUM","580","25,421","9562","OPTIMUM","580","8,998","9562"
"instance_40_10_4_18","UNSATISFIABLE","","0,053","0","UNSATISFIABLE","","0,082","0","UNSATISFIABLE","","0,085","0","UNSATISFIABLE","","0,054","0","UNSATISFIABLE","","0,083","0","UNSATISFIABLE","","0,075","0","UNSATISFIABLE","","0,055","0","UNSATISFIABLE","","0,07","0"
"instance_40_10_4_19","OPTIMUM","548","40,111","23571","OPTIMUM","548","36,042","34502","OPTIMUM","548","33,086","34502","OPTIMUM","548","34,931","24157","OPTIMUM","548","34,14","14434","OPTIMUM","548","36,562","14434","OPTIMUM","548","32,406","9211","OPTIMUM","548","35,909","9797"
"instance_40_10_4_2","TIMEOUT","","300,115","0","TIMEOUT","","300,117","0","TIMEOUT","","300,114","0","TIMEOUT","","300,117","0","TIMEOUT","","300,115","0","TIMEOUT","","300,111","0","TIMEOUT","","300,118","0","TIMEOUT","","300,116","0"
"instance_40_10_4_20","UNSATISFIABLE","","0,08","0","UNSATISFIABLE","","0,094","0","UNSATISFIABLE","","0,109","0","UNSATISFIABLE","","0,082","0","UNSATISFIABLE","","0,096","0","UNSATISFIABLE","","0,097","0","UNSATISFIABLE","","0,082","0","UNSATISFIABLE","","0,089","0"
"instance_40_10_4_21","OPTIMUM","557","25,343","24463","OPTIMUM","557","21,173","35372","OPTIMUM","557","22,882","35372","OPTIMUM","557","25,239","24463","OPTIMUM","557","13,58","13520","OPTIMUM","557","15,393","13520","OPTIMUM","557","17,377","8467","OPTIMUM","557","17,338","8467"
"instance_40_10_4_22","OPTIMUM","553","31,359","20026","OPTIMUM","553","36,221","30439","OPTIMUM","553","32,434","30439","OPTIMUM","553","29,855","20026","OPTIMUM","553","27,96","11997","OPTIMUM","553","33,208","11997","OPTIMUM","553","27,558","7147","OPTIMUM","553","34,696","7147"
"instance_40_10_4_23","UNSATISFIABLE","","0,113","0","UNSATISFIABLE","","0,157","0","UNSATISFIABLE","","0,159","0","UNSATISFIABLE","","0,115","0","UNSATISFIABLE","","0,137","0","UNSATISFIABLE","","0,136","0","UNSATISFIABLE","","0,097","0","UNSATISFIABLE","","0,098","0"
"instance_40_10_4_24","OPTIMUM","580","39,353","31903","OPTIMUM","580","36,49","42772","OPTIMUM","580","44,126","42797","OPTIMUM","580","38,853","32506","OPTIMUM","580","27,409","15848","OPTIMUM","580","34,405","15873","OPTIMUM","580","33,884","10795","OPTIMUM","580","27,942","11398"
"instance_40_10_4_25","UNSATISFIABLE","","0,074","0","UNSATISFIABLE","","0,091","0","UNSATISFIABLE","","0,094","0","UNSATISFIABLE","","0,08","0","UNSATISFIABLE","","0,106","0","UNSATISFIABLE","","0,095","0","UNSATISFIABLE","","0,082","0","UNSATISFIABLE","","0,084","0"
"instance_40_10_4_26","UNSATISFIABLE","","0,051","0","UNSATISFIABLE","","0,084","0","UNSATISFIABLE","","0,083","0","UNSATISFIABLE","","0,052","0","UNSATISFIABLE","","0,084","0","UNSATISFIABLE","","0,085","0","UNSATISFIABLE","","0,055","0","UNSATISFIABLE","","0,059","0"
"instance_40_10_4_27","UNSATISFIABLE","","0,055","0","UNSATISFIABLE","","0,085","0","UNSATISFIABLE","","0,085","0","UNSATISFIABLE","","0,069","0","UNSATISFIABLE","","0,086","0","UNSATISFIABLE","","0,086","0","UNSATISFIABLE","","0,071","0","UNSATISFIABLE","","0,069","0"
"instance_40_10_4_28","TIMEOUT","","300,11","0","TIMEOUT","","300,111","0","TIMEOUT","","300,111","0","TIMEOUT","","300,116","0","TIMEOUT","","300,113","0","OPTIMUM","536","197,635","12733","OPTIMUM","536","117,695","7828","TIMEOUT","","300,115","0"
"instance_40_10_4_29","TIMEOUT","","300,108","0","TIMEOUT","","300,115","0","TIMEOUT","","300,111","0","TIMEOUT","","300,109","0","TIMEOUT","","300,12","0","TIMEOUT","","300,118","0","TIMEOUT","","300,112","0","TIMEOUT","","300,114","0"
"instance_40_10_4_3","OPTIMUM","486","30,746","22819","OPTIMUM","486","25,959","34022","OPTIMUM","486","19,393","34022","OPTIMUM","486","18,93","23393","OPTIMUM","486","26,827","13064","OPTIMUM","486","23,276","13064","OPTIMUM","486","24,853","7939","OPTIMUM","486","29,483","8513"
"instance_40_10_4_30","OPTIMUM","498","28,217","27004","OPTIMUM","498","30,826","37206","OPTIMUM","498","28,059","37208","OPTIMUM","498","26,064","27006","OPTIMUM","498","25,067","14149","OPTIMUM","498","22,533","14151","OPTIMUM","498","24,101","9469","OPTIMUM","498","24,293","9471"
"instance_40_10_4_31","TIMEOUT","","300,107","0","TIMEOUT","","300,11","0","TIMEOUT","","300,118","0","TIMEOUT","","300,107","0","TIMEOUT","","300,114","0","TIMEOUT","","300,109","0","TIMEOUT","","300,116","0","TIMEOUT","","300,108","0"
"instance_40_10_4_32","OPTIMUM","533","229,022","23719","OPTIMUM","533","136,508","34767","TIMEOUT","","300,114","0","OPTIMUM","533","176,322","24281","OPTIMUM","533","181,973","13202","TIMEOUT","","300,116","0","OPTIMUM","533","94,089","8140","OPTIMUM","533","106,927","8702"
"instance_40_10_4_33","UNSATISFIABLE","","0,076","0","UNSATISFIABLE","","0,094","0","UNSATISFIABLE","","0,092","0","UNSATISFIABLE","","0,082","0","UNSATISFIABLE","","0,092","0","UNSATISFIABLE","","0,104","0","UNSATISFIABLE","","0,081","0","UNSATISFIABLE","","0,084","0"
"instance_40_10_4_34","UNSATISFIABLE","","0,056","0","UNSATISFIABLE","","0,087","0","UNSATISFIABLE","","0,087","0","UNSATISFIABLE","","0,072","0","UNSATISFIABLE","","0,086","0","UNSATISFIABLE","","0,087","0","UNSATISFIABLE","","0,075","0","UNSATISFIABLE","","0,068","0"
"instance_40_10_4_35","UNSATISFIABLE","","0,136","0","UNSATISFIABLE","","0,182","0","UNSATISFIABLE","","0,182","0","UNSATISFIABLE","","0,144","0","UNSATISFIABLE","","0,162","0","UNSATISFIABLE","","0,162","0","UNSATISFIABLE","","0,128","0","UNSATISFIABLE","","0,133","0"
"instance_40_10_4_36","OPTIMUM","556","40,332","34417","OPTIMUM","556","44,405","45204","OPTIMUM","556","44,685","45212","OPTIMUM","556","41,264","34991","OPTIMUM","556","48,201","15152","OPTIMUM","556","42,567","15160","OPTIMUM","556","40,579","10220","OPTIMUM","556","38,983","10794"
"instance_40_10_4_37","UNSATISFIABLE","","0,102","0","UNSATISFIABLE","","0,147","0","UNSATISFIABLE","","0,176","0","UNSATISFIABLE","","0,115","0","UNSATISFIABLE","","0,127","0","UNSATISFIABLE","","0,127","0","UNSATISFIABLE","","0,097","0","UNSATISFIABLE","","0,098","0"
"instance_40_10_4_38","OPTIMUM","547","35,033","26414","OPTIMUM","547","39,136","37714","OPTIMUM","547","38,955","37714","OPTIMUM","547","34,23","26989","OPTIMUM","547","30,297","14164","OPTIMUM","547","32,882","14164","OPTIMUM","547","31,507","9050","OPTIMUM","547","39,527","9625"
"instance_40_10_4_39","UNSATISFIABLE","","0,066","0","UNSATISFIABLE","","0,089","0","UNSATISFIABLE","","0,088","0","UNSATISFIABLE","","0,069","0","UNSATISFIABLE","","0,087","0","UNSATISFIABLE","","0,089","0","UNSATISFIABLE","","0,056","0","UNSATISFIABLE","","0,08","0"
"instance_40_10_4_4","UNSATISFIABLE","","0,181","0","UNSATISFIABLE","","0,232","0","UNSATISFIABLE","","0,23","0","UNSATISFIABLE","","0,197","0","UNSATISFIABLE","","0,193","0","UNSATISFIABLE","","0,206","0","UNSATISFIABLE","","0,159","0","UNSATISFIABLE","","0,172","0"
"instance_40_10_4_40","OPTIMUM","544","36,905","13968","OPTIMUM","544","37,262","24329","OPTIMUM","544","56,774","24329","OPTIMUM","544","37,679","14520","OPTIMUM","544","32,095","10838","OPTIMUM","544","30,343","10838","OPTIMUM","544","34,576","6065","OPTIMUM","544","43,673","6617"
"instance_40_10_4_41","UNSATISFIABLE","","0,064","0","UNSATISFIABLE","","0,088","0","UNSATISFIABLE","","0,086","0","UNSATISFIABLE","","0,055","0","UNSATISFIABLE","","0,083","0","UNSATISFIABLE","","0,084","0","UNSATISFIABLE","","0,063","0","UNSATISFIABLE","","0,055","0"
"instance_40_10_4_42","UNSATISFIABLE","","0,073","0","UNSATISFIABLE","","0,101","0","UNSATISFIABLE","","0,089","0","UNSATISFIABLE","","0,079","0","UNSATISFIABLE","","0,091","0","UNSATISFIABLE","","0,09","0","UNSATISFIABLE","","0,078","0","UNSATISFIABLE","","0,082","0"
"instance_40_10_4_43","UNSATISFIABLE","","0,079","0","UNSATISFIABLE","","0,096","0","UNSATISFIABLE","","0,106","0","UNSATISFIABLE","","0,085","0","UNSATISFIABLE","","0,098","0","UNSATISFIABLE","","0,108","0","UNSATISFIABLE","","0,085","0","UNSATISFIABLE","","0,088","0"
"instance_40_10_4_44","UNSATISFIABLE","","0,075","0","UNSATISFIABLE","","0,093","0","UNSATISFIABLE","","0,091","0","UNSATISFIABLE","","0,078","0","UNSATISFIABLE","","0,105","0","UNSATISFIABLE","","0,104","0","UNSATISFIABLE","","0,08","0","UNSATISFIABLE","","0,085","0"
"instance_40_10_4_45","UNSATISFIABLE","","0,076","0","UNSATISFIABLE","","0,095","0","UNSATISFIABLE","","0,094","0","UNSATISFIABLE","","0,081","0","UNSATISFIABLE","","0,094","0","UNSATISFIABLE","","0,092","0","UNSATISFIABLE","","0,078","0","UNSATISFIABLE","","0,081","0"
"instance_40_10_4_46","OPTIMUM","557","54,606","23484","OPTIMUM","557","60,049","33507","OPTIMUM","557","63,392","33507","OPTIMUM","557","74,801","24022","OPTIMUM","557","47,325","13180","OPTIMUM","557","58,451","13180","OPTIMUM","557","40,983","8472","OPTIMUM","557","88,068","9010"
"instance_40_10_4_47","UNSATISFIABLE","","0,08","0","UNSATISFIABLE","","0,109","0","UNSATISFIABLE","","0,107","0","UNSATISFIABLE","","0,084","0","UNSATISFIABLE","","0,097","0","UNSATISFIABLE","","0,096","0","UNSATISFIABLE","","0,082","0","UNSATISFIABLE","","0,087","0"
"instance_40_10_4_48","OPTIMUM","571","24,99","20832","OPTIMUM","571","30,566","31214","OPTIMUM","571","30,105","31234","OPTIMUM","571","22,853","21401","OPTIMUM","571","27,31","13077","OPTIMUM","571","21,018","13097","OPTIMUM","571","29,491","8396","OPTIMUM","571","31,114","8965"
"instance_40_10_4_49","UNSATISFIABLE","","0,057","0","UNSATISFIABLE","","0,088","0","UNSATISFIABLE","","0,087","0","UNSATISFIABLE","","0,071","0","UNSATISFIABLE","","0,085","0","UNSATISFIABLE","","0,087","0","UNSATISFIABLE","","0,056","0","UNSATISFIABLE","","0,066","0"
"instance_40_10_4_5","UNSATISFIABLE","","0,104","0","UNSATISFIABLE","","0,135","0","UNSATISFIABLE","","0,135","0","UNSATISFIABLE","","0,105","0","UNSATISFIABLE","","0,127","0","UNSATISFIABLE","","0,116","0","UNSATISFIABLE","","0,086","0","UNSATISFIABLE","","0,087","0"
"instance_40_10_4_50","UNSATISFIABLE","","0,117","0","UNSATISFIABLE","","0,161","0","UNSATISFIABLE","","0,149","0","UNSATISFIABLE","","0,12","0","UNSATISFIABLE","","0,151","0","UNSATISFIABLE","","0,138","0","UNSATISFIABLE","","0,116","0","UNSATISFIABLE","","0,118","0"
"instance_40_10_4_6","OPTIMUM","554","33,516","22631","OPTIMUM","554","32,196","33316","OPTIMUM","554","27","33325","OPTIMUM","554","29,653","23203","OPTIMUM","554","24,33","12879","OPTIMUM","554","25,117","12888","OPTIMUM","554","22,009","7891","OPTIMUM","554","30,99","8463"
"instance_40_10_4_7","UNSATISFIABLE","","0,082","0","UNSATISFIABLE","","0,112","0","UNSATISFIABLE","","0,108","0","UNSATISFIABLE","","0,084","0","UNSATISFIABLE","","0,107","0","UNSATISFIABLE","","0,096","0","UNSATISFIABLE","","0,096","0","UNSATISFIABLE","","0,09","0"
"instance_40_10_4_8","UNSATISFIABLE","","0,05","0","UNSATISFIABLE","","0,084","0","UNSATISFIABLE","","0,084","0","UNSATISFIABLE","","0,056","0","UNSATISFIABLE","","0,083","0","UNSATISFIABLE","","0,073","0","UNSATISFIABLE","","0,052","0","UNSATISFIABLE","","0,056","0"
"instance_40_10_4_9","UNSATISFIABLE","","0,053","0","UNSATISFIABLE","","0,087","0","UNSATISFIABLE","","0,088","0","UNSATISFIABLE","","0,069","0","UNSATISFIABLE","","0,087","0","UNSATISFIABLE","","0,087","0","UNSATISFIABLE","","0,066","0","UNSATISFIABLE","","0,069","0"
"instance_40_10_5_1","UNSATISFIABLE","","0,23","0","UNSATISFIABLE","","0,253","0","UNSATISFIABLE","","0,254","0","UNSATISFIABLE","","0,205","0","UNSATISFIABLE","","0,202","0","UNSATISFIABLE","","0,204","0","UNSATISFIABLE","","0,168","0","UNSATISFIABLE","","0,169","0"
"instance_40_10_5_10","UNSATISFIABLE","","0,086","0","UNSATISFIABLE","","0,12","0","UNSATISFIABLE","","0,117","0","UNSATISFIABLE","","0,079","0","UNSATISFIABLE","","0,12","0","UNSATISFIABLE","","0,121","0","UNSATISFIABLE","","0,083","0","UNSATISFIABLE","","0,084","0"
"instance_40_10_5_11","TIMEOUT","","300,108","0","OPTIMUM","609","211,591","43236","OPTIMUM","609","131,331","43250","OPTIMUM","609","116,529","27988","OPTIMUM","609","168,503","16088","OPTIMUM","609","174,938","16102","OPTIMUM","609","121,209","9293","OPTIMUM","609","121,919","9307"
"instance_40_10_5_12","TIMEOUT","","300,116","0","TIMEOUT","","300,114","0","TIMEOUT","","300,112","0","TIMEOUT","","300,109","0","TIMEOUT","","300,117","0","TIMEOUT","","300,118","0","TIMEOUT","","300,11","0","TIMEOUT","","300,119","0"
"instance_40_10_5_13","UNSATISFIABLE","","0,093","0","UNSATISFIABLE","","0,122","0","UNSATISFIABLE","","0,121","0","UNSATISFIABLE","","0,093","0","UNSATISFIABLE","","0,133","0","UNSATISFIABLE","","0,136","0","UNSATISFIABLE","","0,12","0","UNSATISFIABLE","","0,126","0"
"instance_40_10_5_14","OPTIMUM","663","52,254","31198","OPTIMUM","663","65,925","45519","OPTIMUM","663","63,357","45520","OPTIMUM","663","47,957","31890","OPTIMUM","663","47,392","17110","OPTIMUM","663","47,249","17111","OPTIMUM","663","52,679","10725","OPTIMUM","663","51,605","11417"
"instance_40_10_5_15","UNSATISFIABLE","","0,084","0","UNSATISFIABLE","","0,116","0","UNSATISFIABLE","","0,114","0","UNSATISFIABLE","","0,081","0","UNSATISFIABLE","","0,123","0","UNSATISFIABLE","","0,113","0","UNSATISFIABLE","","0,088","0","UNSATISFIABLE","","0,111","0"
"instance_40_10_5_16","UNSATISFIABLE","","0,219","0","UNSATISFIABLE","","0,243","0","UNSATISFIABLE","","0,248","0","UNSATISFIABLE","","0,202","0","UNSATISFIABLE","","0,198","0","UNSATISFIABLE","","0,198","0","UNSATISFIABLE","","0,162","0","UNSATISFIABLE","","0,165","0"
"instance_40_10_5_17","OPTIMUM","706","26,726","29295","OPTIMUM","706","22,351","43642","OPTIMUM","706","23,131","43658","OPTIMUM","706","27,214","29311","OPTIMUM","706","35,209","16737","OPTIMUM","706","30,254","16753","OPTIMUM","706","40,66","10517","OPTIMUM","706","29,79","10533"
"instance_40_10_5_18","UNSATISFIABLE","","0,104","0","UNSATISFIABLE","","0,125","0","UNSATISFIABLE","","0,122","0","UNSATISFIABLE","","0,097","0","UNSATISFIABLE","","0,126","0","UNSATISFIABLE","","0,124","0","UNSATISFIABLE","","0,103","0","UNSATISFIABLE","","0,107","0"
"instance_40_10_5_19","TIMEOUT","","300,115","0","OPTIMUM","675","254,138","45915","OPTIMUM","675","295,054","45915","TIMEOUT","","300,115","0","OPTIMUM","675","283,938","17728","TIMEOUT","","300,117","0","TIMEOUT","","300,117","0","TIMEOUT","","300,118","0"
"instance_40_10_5_2","OPTIMUM","704","68,567","32208","OPTIMUM","704","70,653","47835","OPTIMUM","704","72,691","47836","OPTIMUM","704","69,714","32918","OPTIMUM","704","84,204","17451","OPTIMUM","704","74,336","17452","OPTIMUM","704","69,708","10795","OPTIMUM","704","98,868","11505"
"instance_40_10_5_20","UNSATISFIABLE","","0,055","0","UNSATISFIABLE","","0,099","0","UNSATISFIABLE","","0,085","0","UNSATISFIABLE","","0,061","0","UNSATISFIABLE","","0,083","0","UNSATISFIABLE","","0,083","0","UNSATISFIABLE","","0,058","0","UNSATISFIABLE","","0,061","0"
"instance_40_10_5_21","UNSATISFIABLE","","0,078","0","UNSATISFIABLE","","0,125","0","UNSATISFIABLE","","0,119","0","UNSATISFIABLE","","0,095","0","UNSATISFIABLE","","0,103","0","UNSATISFIABLE","","0,103","0","UNSATISFIABLE","","0,084","0","UNSATISFIABLE","","0,084","0"
"instance_40_10_5_22","TIMEOUT","","300,112","0","TIMEOUT","","300,123","0","TIMEOUT","","300,122","0","TIMEOUT","","300,118","0","TIMEOUT","","300,119","0","TIMEOUT","","300,119","0","TIMEOUT","","300,111","0","TIMEOUT","","300,12","0"
"instance_40_10_5_23","UNSATISFIABLE","","0,076","0","UNSATISFIABLE","","0,101","0","UNSATISFIABLE","","0,092","0","UNSATISFIABLE","","0,079","0","UNSATISFIABLE","","0,115","0","UNSATISFIABLE","","0,113","0","UNSATISFIABLE","","0,079","0","UNSATISFIABLE","","0,082","0"
"instance_40_10_5_24","UNSATISFIABLE","","0,177","0","UNSATISFIABLE","","0,24","0","UNSATISFIABLE","","0,235","0","UNSATISFIABLE","","0,177","0","UNSATISFIABLE","","0,179","0","UNSATISFIABLE","","0,185","0","UNSATISFIABLE","","0,141","0","UNSATISFIABLE","","0,139","0"
"instance_40_10_5_25","UNSATISFIABLE","","0,074","0","UNSATISFIABLE","","0,088","0","UNSATISFIABLE","","0,085","0","UNSATISFIABLE","","0,074","0","UNSATISFIABLE","","0,081","0","UNSATISFIABLE","","0,082","0","UNSATISFIABLE","","0,063","0","UNSATISFIABLE","","0,076","0"
"instance_40_10_5_26","UNSATISFIABLE","","0,248","0","UNSATISFIABLE","","0,303","0","UNSATISFIABLE","","0,285","0","UNSATISFIABLE","","0,232","0","UNSATISFIABLE","","0,246","0","UNSATISFIABLE","","0,236","0","UNSATISFIABLE","","0,211","0","UNSATISFIABLE","","0,209","0"
"instance_40_10_5_27","UNSATISFIABLE","","0,111","0","UNSATISFIABLE","","0,138","0","UNSATISFIABLE","","0,13","0","UNSATISFIABLE","","0,115","0","UNSATISFIABLE","","0,146","0","UNSATISFIABLE","","0,131","0","UNSATISFIABLE","","0,123","0","UNSATISFIABLE","","0,127","0"
"instance_40_10_5_28","TIMEOUT","","300,117","0","TIMEOUT","","300,118","0","TIMEOUT","","300,121","0","TIMEOUT","","300,115","0","TIMEOUT","","300,123","0","TIMEOUT","","300,124","0","TIMEOUT","","300,117","0","TIMEOUT","","300,122","0"
"instance_40_10_5_29","OPTIMUM","698","43,269","28298","OPTIMUM","698","33,812","43009","OPTIMUM","698","40,432","43013","OPTIMUM","698","44,987","29010","OPTIMUM","698","28,496","17510","OPTIMUM","698","38","17514","OPTIMUM","698","31,347","11098","OPTIMUM","698","47,156","11810"
"instance_40_10_5_3","UNSATISFIABLE","","0,231","0","UNSATISFIABLE","","0,522","0","UNSATISFIABLE","","0,524","0","UNSATISFIABLE","","0,231","0","UNSATISFIABLE","","0,222","0","UNSATISFIABLE","","0,223","0","UNSATISFIABLE","","0,17","0","UNSATISFIABLE","","0,172","0"
"instance_40_10_5_30","UNSATISFIABLE","","0,064","0","UNSATISFIABLE","","0,084","0","UNSATISFIABLE","","0,101","0","UNSATISFIABLE","","0,063","0","UNSATISFIABLE","","0,081","0","UNSATISFIABLE","","0,084","0","UNSATISFIABLE","","0,075","0","UNSATISFIABLE","","0,06","0"
"instance_40_10_5_31","UNSATISFIABLE","","0,072","0","UNSATISFIABLE","","0,099","0","UNSATISFIABLE","","0,099","0","UNSATISFIABLE","","0,081","0","UNSATISFIABLE","","0,115","0","UNSATISFIABLE","","0,093","0","UNSATISFIABLE","","0,085","0","UNSATISFIABLE","","0,089","0"
"instance_40_10_5_32","OPTIMUM","699","30,289","25940","OPTIMUM","699","42,324","41316","OPTIMUM","699","57,707","41316","OPTIMUM","699","31,604","25940","OPTIMUM","699","38,653","17254","OPTIMUM","699","35,933","17254","OPTIMUM","699","44,855","10594","OPTIMUM","699","33,651","10594"
"instance_40_10_5_33","UNSATISFIABLE","","0,095","0","UNSATISFIABLE","","0,124","0","UNSATISFIABLE","","0,131","0","UNSATISFIABLE","","0,084","0","UNSATISFIABLE","","0,118","0","UNSATISFIABLE","","0,112","0","UNSATISFIABLE","","0,087","0","UNSATISFIABLE","","0,1","0"
"instance_40_10_5_34","UNSATISFIABLE","","1,171","0","UNSATISFIABLE","","1,225","0","UNSATISFIABLE","","0,935","0","UNSATISFIABLE","","1,388","0","UNSATISFIABLE","","1,418","0","UNSATISFIABLE","","3,645","0","UNSATISFIABLE","","2,339","0","UNSATISFIABLE","","1,144","0"
"instance_40_10_5_35","UNSATISFIABLE","","0,076","0","UNSATISFIABLE","","0,092","0","UNSATISFIABLE","","0,1","0","UNSATISFIABLE","","0,08","0","UNSATISFIABLE","","0,087","0","UNSATISFIABLE","","0,087","0","UNSATISFIABLE","","0,078","0","UNSATISFIABLE","","0,078","0"
"instance_40_10_5_36","UNSATISFIABLE","","0,23","0","UNSATISFIABLE","","0,274","0","UNSATISFIABLE","","0,292","0","UNSATISFIABLE","","0,244","0","UNSATISFIABLE","","0,23","0","UNSATISFIABLE","","0,226","0","UNSATISFIABLE","","0,198","0","UNSATISFIABLE","","0,209","0"
"instance_40_10_5_37","UNSATISFIABLE","","0,076","0","UNSATISFIABLE","","0,091","0","UNSATISFIABLE","","0,104","0","UNSATISFIABLE","","0,079","0","UNSATISFIABLE","","0,088","0","UNSATISFIABLE","","0,09","0","UNSATISFIABLE","","0,076","0","UNSATISFIABLE","","0,08","0"
"instance_40_10_5_38","UNSATISFIABLE","","0,062","0","UNSATISFIABLE","","0,103","0","UNSATISFIABLE","","0,103","0","UNSATISFIABLE","","0,075","0","UNSATISFIABLE","","0,085","0","UNSATISFIABLE","","0,086","0","UNSATISFIABLE","","0,065","0","UNSATISFIABLE","","0,077","0"
"instance_40_10_5_39","OPTIMUM","691","91,134","27823","OPTIMUM","691","78,286","41692","OPTIMUM","691","85,587","41692","OPTIMUM","691","90,541","28499","OPTIMUM","691","88,023","16026","OPTIMUM","691","89,46","16026","OPTIMUM","691","72,355","9847","OPTIMUM","691","91,209","10523"
"instance_40_10_5_4","UNSATISFIABLE","","0,072","0","UNSATISFIABLE","","0,089","0","UNSATISFIABLE","","0,095","0","UNSATISFIABLE","","0,074","0","UNSATISFIABLE","","0,091","0","UNSATISFIABLE","","0,088","0","UNSATISFIABLE","","0,065","0","UNSATISFIABLE","","0,078","0"
"instance_40_10_5_40","UNSATISFIABLE","","0,073","0","UNSATISFIABLE","","0,105","0","UNSATISFIABLE","","0,11","0","UNSATISFIABLE","","0,108","0","UNSATISFIABLE","","0,109","0","UNSATISFIABLE","","0,11","0","UNSATISFIABLE","","0,079","0","UNSATISFIABLE","","0,082","0"
"instance_40_10_5_41","UNSATISFIABLE","","0,493","0","UNSATISFIABLE","","0,698","0","UNSATISFIABLE","","0,743","0","UNSATISFIABLE","","0,677","0","UNSATISFIABLE","","0,662","0","UNSATISFIABLE","","0,656","0","UNSATISFIABLE","","0,496","0","UNSATISFIABLE","","0,53","0"
"instance_40_10_5_42","UNSATISFIABLE","","0,072","0","UNSATISFIABLE","","0,084","0","UNSATISFIABLE","","0,09","0","UNSATISFIABLE","","0,063","0","UNSATISFIABLE","","0,081","0","UNSATISFIABLE","","0,082","0","UNSATISFIABLE","","0,06","0","UNSATISFIABLE","","0,075","0"
"instance_40_10_5_43","UNSATISFIABLE","","0,074","0","UNSATISFIABLE","","0,089","0","UNSATISFIABLE","","0,102","0","UNSATISFIABLE","","0,076","0","UNSATISFIABLE","","0,087","0","UNSATISFIABLE","","0,09","0","UNSATISFIABLE","","0,075","0","UNSATISFIABLE","","0,078","0"
"instance_40_10_5_44","OPTIMUM","634","31,102","28382","OPTIMUM","634","68,638","42988","OPTIMUM","634","36,548","42998","OPTIMUM","634","51,187","29102","OPTIMUM","634","46,775","15740","OPTIMUM","634","38,069","15750","OPTIMUM","634","27,093","9165","OPTIMUM","634","28,525","9885"
"instance_40_10_5_45","TIMEOUT","","300,115","0","TIMEOUT","","300,113","0","TIMEOUT","","300,12","0","TIMEOUT","","300,109","0","TIMEOUT","","300,117","0","TIMEOUT","","300,122","0","TIMEOUT","","300,113","0","TIMEOUT","","300,121","0"
"instance_40_10_5_46","UNSATISFIABLE","","0,08","0","UNSATISFIABLE","","0,09","0","UNSATISFIABLE","","0,088","0","UNSATISFIABLE","","0,08","0","UNSATISFIABLE","","0,115","0","UNSATISFIABLE","","0,104","0","UNSATISFIABLE","","0,084","0","UNSATISFIABLE","","0,083","0"
"instance_40_10_5_47","UNSATISFIABLE","","0,079","0","UNSATISFIABLE","","0,12","0","UNSATISFIABLE","","0,119","0","UNSATISFIABLE","","0,094","0","UNSATISFIABLE","","0,108","0","UNSATISFIABLE","","0,113","0","UNSATISFIABLE","","0,082","0","UNSATISFIABLE","","0,085","0"
"instance_40_10_5_48","UNSATISFIABLE","","0,124","0","UNSATISFIABLE","","0,17","0","UNSATISFIABLE","","0,173","0","UNSATISFIABLE","","0,137","0","UNSATISFIABLE","","0,155","0","UNSATISFIABLE","","0,157","0","UNSATISFIABLE","","0,119","0","UNSATISFIABLE","","0,123","0"
"instance_40_10_5_49","TIMEOUT","","300,117","0","TIMEOUT","","300,113","0","TIMEOUT","","300,12","0","TIMEOUT","","300,113","0","TIMEOUT","","300,119","0","OPTIMUM","710","233,863","18633","OPTIMUM","710","169,936","12087","OPTIMUM","710","151,88","12815"
"instance_40_10_5_5","TIMEOUT","","300,109","0","TIMEOUT","","300,117","0","TIMEOUT","","300,12","0","TIMEOUT","","300,113","0","TIMEOUT","","300,114","0","TIMEOUT","","300,119","0","TIMEOUT","","300,113","0","TIMEOUT","","300,113","0"
"instance_40_10_5_50","UNSATISFIABLE","","0,08","0","UNSATISFIABLE","","0,104","0","UNSATISFIABLE","","0,101","0","UNSATISFIABLE","","0,081","0","UNSATISFIABLE","","0,106","0","UNSATISFIABLE","","0,117","0","UNSATISFIABLE","","0,083","0","UNSATISFIABLE","","0,089","0"
"instance_40_10_5_6","TIMEOUT","","300,119","0","TIMEOUT","","300,124","0","TIMEOUT","","300,118","0","TIMEOUT","","300,118","0","TIMEOUT","","300,128","0","TIMEOUT","","300,122","0","TIMEOUT","","300,12","0","TIMEOUT","","300,118","0"
"instance_40_10_5_7","OPTIMUM","695","63,078","31614","OPTIMUM","695","64,497","45769","OPTIMUM","695","59,602","45769","OPTIMUM","695","61,896","31614","OPTIMUM","695","49,019","17471","OPTIMUM","695","49,712","17471","OPTIMUM","695","52,045","11140","OPTIMUM","695","48,848","11140"
"instance_40_10_5_8","UNSATISFIABLE","","0,076","0","UNSATISFIABLE","","0,104","0","UNSATISFIABLE","","0,099","0","UNSATISFIABLE","","0,076","0","UNSATISFIABLE","","0,108","0","UNSATISFIABLE","","0,116","0","UNSATISFIABLE","","0,081","0","UNSATISFIABLE","","0,081","0"
"instance_40_10_5_9","UNSATISFIABLE","","0,156","0","UNSATISFIABLE","","0,206","0","UNSATISFIABLE","","0,205","0","UNSATISFIABLE","","0,155","0","UNSATISFIABLE","","0,136","0","UNSATISFIABLE","","0,135","0","UNSATISFIABLE","","0,11","0","UNSATISFIABLE","","0,115","0"
"instance_40_15_4_1","OPTIMUM","591","15,239","29989","OPTIMUM","591","22,541","39849","OPTIMUM","591","24,778","39849","OPTIMUM","591","19,326","30536","OPTIMUM","591","21,326","15894","OPTIMUM","591","20,606","15894","OPTIMUM","591","17,777","11251","OPTIMUM","591","24,971","11798"
"instance_40_15_4_10","OPTIMUM","522","53,674","19640","OPTIMUM","522","83,969","30841","OPTIMUM","522","87,033","30841","OPTIMUM","522","66,722","20232","OPTIMUM","522","38,299","13795","OPTIMUM","522","69,646","13795","OPTIMUM","522","56,192","8556","OPTIMUM","522","71,482","9148"
"instance_40_15_4_11","TIMEOUT","","300,117","0","TIMEOUT","","300,118","0","TIMEOUT","","300,122","0","TIMEOUT","","300,121","0","TIMEOUT","","300,116","0","TIMEOUT","","300,117","0","TIMEOUT","","300,116","0","TIMEOUT","","300,119","0"
"instance_40_15_4_12","UNSATISFIABLE","","0,306","0","UNSATISFIABLE","","0,376","0","UNSATISFIABLE","","0,357","0","UNSATISFIABLE","","0,302","0","UNSATISFIABLE","","0,274","0","UNSATISFIABLE","","0,287","0","UNSATISFIABLE","","0,248","0","UNSATISFIABLE","","0,236","0"
"instance_40_15_4_13","UNSATISFIABLE","","0,108","0","UNSATISFIABLE","","0,136","0","UNSATISFIABLE","","0,126","0","UNSATISFIABLE","","0,114","0","UNSATISFIABLE","","0,123","0","UNSATISFIABLE","","0,125","0","UNSATISFIABLE","","0,1","0","UNSATISFIABLE","","0,114","0"
"instance_40_15_4_14","OPTIMUM","566","30,992","31087","OPTIMUM","566","37,843","41365","OPTIMUM","566","37,195","41365","OPTIMUM","566","36,752","31652","OPTIMUM","566","32,529","16167","OPTIMUM","566","36,355","16167","OPTIMUM","566","36,599","11375","OPTIMUM","566","30,323","11940"
"instance_40_15_4_15","UNSATISFIABLE","","0,096","0","UNSATISFIABLE","","0,111","0","UNSATISFIABLE","","0,121","0","UNSATISFIABLE","","0,101","0","UNSATISFIABLE","","0,123","0","UNSATISFIABLE","","0,125","0","UNSATISFIABLE","","0,1","0","UNSATISFIABLE","","0,103","0"
"instance_40_15_4_16","UNSATISFIABLE","","0,256","0","UNSATISFIABLE","","0,285","0","UNSATISFIABLE","","0,285","0","UNSATISFIABLE","","0,25","0","UNSATISFIABLE","","0,236","0","UNSATISFIABLE","","0,238","0","UNSATISFIABLE","","0,208","0","UNSATISFIABLE","","0,212","0"
"instance_40_15_4_17","OPTIMUM","519","43,269","35248","OPTIMUM","519","52,046","44198","OPTIMUM","519","47,535","44198","OPTIMUM","519","41,751","35772","OPTIMUM","519","39,12","16445","OPTIMUM","519","43,686","16445","OPTIMUM","519","39,231","12161","OPTIMUM","519","38,052","12685"
"instance_40_15_4_18","OPTIMUM","595","34,917","33612","OPTIMUM","595","35,262","43031","OPTIMUM","595","26,863","43031","OPTIMUM","595","36,206","34164","OPTIMUM","595","25,166","16873","OPTIMUM","595","22,234","16873","OPTIMUM","595","26,195","12346","OPTIMUM","595","26,701","12898"
"instance_40_15_4_19","OPTIMUM","585","19,809","32802","OPTIMUM","585","23,06","42992","OPTIMUM","585","25,352","42992","OPTIMUM","585","21,833","32802","OPTIMUM","585","24,813","16533","OPTIMUM","585","26,263","16533","OPTIMUM","585","23,249","11775","OPTIMUM","585","17,679","11775"
"instance_40_15_4_2","TIMEOUT","","300,118","0","TIMEOUT","","300,112","0","TIMEOUT","","300,113","0","TIMEOUT","","300,118","0","TIMEOUT","","300,123","0","TIMEOUT","","300,117","0","TIMEOUT","","300,111","0","TIMEOUT","","300,116","0"
"instance_40_15_4_20","OPTIMUM","580","23,264","33405","OPTIMUM","580","32,279","43360","OPTIMUM","580","25,244","43368","OPTIMUM","580","24,419","33956","OPTIMUM","580","27,902","16379","OPTIMUM","580","24,153","16387","OPTIMUM","580","21,65","11697","OPTIMUM","580","19,995","12248"
"instance_40_15_4_21","OPTIMUM","535","29,866","28714","OPTIMUM","535","47,615","38635","OPTIMUM","535","39,522","38635","OPTIMUM","535","30,978","29250","OPTIMUM","535","31,936","15217","OPTIMUM","535","41,496","15217","OPTIMUM","535","26,606","10542","OPTIMUM","535","29,884","11078"
"instance_40_15_4_22","OPTIMUM","590","42,795","42918","OPTIMUM","590","74,101","52895","OPTIMUM","590","70,084","52895","OPTIMUM","590","50,633","42918","OPTIMUM","590","49,681","18337","OPTIMUM","590","37,594","18337","OPTIMUM","590","50,975","13688","OPTIMUM","590","46,418","13688"
"instance_40_15_4_23","OPTIMUM","553","40,99","27480","OPTIMUM","553","48,374","37331","OPTIMUM","553","52,304","37331","OPTIMUM","553","44,806","27480","OPTIMUM","553","45,491","14928","OPTIMUM","553","39,131","14928","OPTIMUM","553","38,819","10252","OPTIMUM","553","38,727","10252"
"instance_40_15_4_24","OPTIMUM","580","32,076","28266","OPTIMUM","580","35,033","39602","OPTIMUM","580","32,899","39602","OPTIMUM","580","32,642","28266","OPTIMUM","580","29,029","15707","OPTIMUM","580","31,881","15707","OPTIMUM","580","28,483","10591","OPTIMUM","580","31,367","10591"
"instance_40_15_4_25","OPTIMUM","604","27,017","33801","OPTIMUM","604","39,405","43754","OPTIMUM","604","40,125","43754","OPTIMUM","604","27,982","34364","OPTIMUM","604","38,357","17032","OPTIMUM","604","31,862","17032","OPTIMUM","604","27,85","12292","OPTIMUM","604","29,924","12855"
"instance_40_15_4_26","OPTIMUM","593","6,384","22702","OPTIMUM","593","16,452","33251","OPTIMUM","593","8,219","33251","OPTIMUM","593","3,991","23263","OPTIMUM","593","8,951","14033","OPTIMUM","593","11,805","14033","OPTIMUM","593","19,112","9198","OPTIMUM","593","10,031","9759"
"instance_40_15_4_27","UNSATISFIABLE","","0,111","0","UNSATISFIABLE","","0,152","0","UNSATISFIABLE","","0,149","0","UNSATISFIABLE","","0,115","0","UNSATISFIABLE","","0,149","0","UNSATISFIABLE","","0,142","0","UNSATISFIABLE","","0,126","0","UNSATISFIABLE","","0,129","0"
"instance_40_15_4_28","OPTIMUM","595","33,498","28638","OPTIMUM","595","38,467","38672","OPTIMUM","595","30,342","38708","OPTIMUM","595","32,919","29236","OPTIMUM","595","28,795","15366","OPTIMUM","595","43,191","15402","OPTIMUM","595","32,989","10572","OPTIMUM","595","32,217","11170"
"instance_40_15_4_29","UNSATISFIABLE","","0,097","0","UNSATISFIABLE","","0,122","0","UNSATISFIABLE","","0,112","0","UNSATISFIABLE","","0,107","0","UNSATISFIABLE","","0,122","0","UNSATISFIABLE","","0,112","0","UNSATISFIABLE","","0,101","0","UNSATISFIABLE","","0,111","0"
"instance_40_15_4_3","UNSATISFIABLE","","0,07","0","UNSATISFIABLE","","0,092","0","UNSATISFIABLE","","0,085","0","UNSATISFIABLE","","0,076","0","UNSATISFIABLE","","0,073","0","UNSATISFIABLE","","0,084","0","UNSATISFIABLE","","0,066","0","UNSATISFIABLE","","0,07","0"
"instance_40_15_4_30","OPTIMUM","532","48,294","28434","OPTIMUM","532","45,942","38337","OPTIMUM","532","52,718","38337","OPTIMUM","532","48,374","28434","OPTIMUM","532","42,472","15571","OPTIMUM","532","43,463","15571","OPTIMUM","532","35,394","10811","OPTIMUM","532","37,586","10811"
"instance_40_15_4_31","OPTIMUM","564","21,35","32545","OPTIMUM","564","25,76","42347","OPTIMUM","564","33,056","42364","OPTIMUM","564","29,815","33112","OPTIMUM","564","20,625","16484","OPTIMUM","564","30","16501","OPTIMUM","564","20,92","11891","OPTIMUM","564","22,633","12458"
"instance_40_15_4_32","OPTIMUM","591","34,347","30007","OPTIMUM","591","36,333","39174","OPTIMUM","591","34,636","39174","OPTIMUM","591","29,734","30526","OPTIMUM","591","34,852","15899","OPTIMUM","591","40,932","15899","OPTIMUM","591","29,833","11597","OPTIMUM","591","30,109","12116"
"instance_40_15_4_33","UNSATISFIABLE","","0,254","0","UNSATISFIABLE","","0,289","0","UNSATISFIABLE","","0,28","0","UNSATISFIABLE","","0,249","0","UNSATISFIABLE","","0,274","0","UNSATISFIABLE","","0,255","0","UNSATISFIABLE","","0,217","0","UNSATISFIABLE","","0,208","0"
"instance_40_15_4_34","OPTIMUM","544","29,833","23001","OPTIMUM","544","32,495","34187","OPTIMUM","544","36,132","34187","OPTIMUM","544","28,257","23563","OPTIMUM","544","32,946","14323","OPTIMUM","544","33,481","14323","OPTIMUM","544","39,935","9327","OPTIMUM","544","26,673","9889"
"instance_40_15_4_35","OPTIMUM","554","32,381","26496","OPTIMUM","554","21,954","36534","OPTIMUM","554","19,219","36534","OPTIMUM","554","29,842","26496","OPTIMUM","554","25,441","14771","OPTIMUM","554","27,809","14771","OPTIMUM","554","25,751","10014","OPTIMUM","554","27,128","10014"
"instance_40_15_4_36","OPTIMUM","536","35,874","30376","OPTIMUM","536","38,057","40774","OPTIMUM","536","37,903","40774","OPTIMUM","536","39,432","30947","OPTIMUM","536","31,742","15481","OPTIMUM","536","36,796","15481","OPTIMUM","536","39,581","10519","OPTIMUM","536","31,308","11090"
"instance_40_15_4_37","UNSATISFIABLE","","0,248","0","UNSATISFIABLE","","0,294","0","UNSATISFIABLE","","0,276","0","UNSATISFIABLE","","0,235","0","UNSATISFIABLE","","0,222","0","UNSATISFIABLE","","0,231","0","UNSATISFIABLE","","0,187","0","UNSATISFIABLE","","0,182","0"
"instance_40_15_4_38","OPTIMUM","564","59,952","33730","OPTIMUM","564","58,97","43657","OPTIMUM","564","63,821","43674","OPTIMUM","564","42,168","33747","OPTIMUM","564","67,227","16833","OPTIMUM","564","47,654","16850","OPTIMUM","564","55,163","12063","OPTIMUM","564","54,117","12080"
"instance_40_15_4_39","OPTIMUM","601","29,14","42087","OPTIMUM","601","42,664","52983","OPTIMUM","601","43,285","53016","OPTIMUM","601","27,335","42703","OPTIMUM","601","25,349","18882","OPTIMUM","601","19,722","18915","OPTIMUM","601","28,763","13892","OPTIMUM","601","26,343","14508"
"instance_40_15_4_4","OPTIMUM","538","27,941","29182","OPTIMUM","538","29,363","40568","OPTIMUM","538","25,171","40593","OPTIMUM","538","26,343","29798","OPTIMUM","538","24,077","16338","OPTIMUM","538","28,18","16363","OPTIMUM","538","25,075","11198","OPTIMUM","538","29,878","11814"
"instance_40_15_4_40","OPTIMUM","599","24,553","30657","OPTIMUM","599","28,538","41399","OPTIMUM","599","30,273","41399","OPTIMUM","599","25,072","31217","OPTIMUM","599","22,647","16626","OPTIMUM","599","22,455","16626","OPTIMUM","599","25,838","11703","OPTIMUM","599","27,133","12263"
"instance_40_15_4_41","UNSATISFIABLE","","0,122","0","UNSATISFIABLE","","0,148","0","UNSATISFIABLE","","0,148","0","UNSATISFIABLE","","0,122","0","UNSATISFIABLE","","0,156","0","UNSATISFIABLE","","0,151","0","UNSATISFIABLE","","0,13","0","UNSATISFIABLE","","0,131","0"
"instance_40_15_4_42","UNSATISFIABLE","","0,119","0","UNSATISFIABLE","","0,155","0","UNSATISFIABLE","","0,148","0","UNSATISFIABLE","","0,111","0","UNSATISFIABLE","","0,147","0","UNSATISFIABLE","","0,158","0","UNSATISFIABLE","","0,111","0","UNSATISFIABLE","","0,122","0"
"instance_40_15_4_43","OPTIMUM","566","28,171","28384","OPTIMUM","566","33,297","38721","OPTIMUM","566","30,537","38721","OPTIMUM","566","31,659","28384","OPTIMUM","566","31,64","15680","OPTIMUM","566","35,075","15680","OPTIMUM","566","28,466","10732","OPTIMUM","566","26,262","10732"
"instance_40_15_4_44","OPTIMUM","536","40,397","31098","OPTIMUM","536","50,74","41587","OPTIMUM","536","45,127","41590","OPTIMUM","536","40,116","31668","OPTIMUM","536","40,905","16315","OPTIMUM","536","40,978","16318","OPTIMUM","536","46,479","11454","OPTIMUM","536","45,63","12024"
"instance_40_15_4_45","OPTIMUM","584","27,694","30972","OPTIMUM","584","35,366","41535","OPTIMUM","584","33,075","41535","OPTIMUM","584","30,879","30972","OPTIMUM","584","30,857","16006","OPTIMUM","584","27,689","16006","OPTIMUM","584","24,416","11171","OPTIMUM","584","26,791","11171"
"instance_40_15_4_46","OPTIMUM","605","34,004","38570","OPTIMUM","605","40,222","48519","OPTIMUM","605","37,605","48539","OPTIMUM","605","28,913","38590","OPTIMUM","605","39,184","17675","OPTIMUM","605","30,747","17695","OPTIMUM","605","33,94","13030","OPTIMUM","605","39,35","13050"
"instance_40_15_4_47","OPTIMUM","571","43,181","30407","OPTIMUM","571","48,335","40552","OPTIMUM","571","45,122","40556","OPTIMUM","571","39,824","30411","OPTIMUM","571","52,106","15447","OPTIMUM","571","57,051","15451","OPTIMUM","571","50,132","10596","OPTIMUM","571","49,935","10600"
"instance_40_15_4_48","OPTIMUM","571","33,571","39380","OPTIMUM","571","32,427","49639","OPTIMUM","571","28,757","49639","OPTIMUM","571","32,929","39380","OPTIMUM","571","26,632","18367","OPTIMUM","571","26,163","18367","OPTIMUM","571","28,522","13711","OPTIMUM","571","29,949","13711"
"instance_40_15_4_49","OPTIMUM","582","31,688","40760","OPTIMUM","582","32,312","51603","OPTIMUM","582","28,952","51610","OPTIMUM","582","27,676","41328","OPTIMUM","582","26,983","18319","OPTIMUM","582","39,998","18326","OPTIMUM","582","24,496","13414","OPTIMUM","582","23,954","13982"
"instance_40_15_4_5","OPTIMUM","547","50,856","25502","OPTIMUM","547","39,793","35737","OPTIMUM","547","47,793","35751","OPTIMUM","547","29,59","26074","OPTIMUM","547","44,62","14948","OPTIMUM","547","43,142","14962","OPTIMUM","547","28,087","10150","OPTIMUM","547","45,525","10722"
"instance_40_15_4_50","OPTIMUM","585","42,499","26176","OPTIMUM","585","33,191","36807","OPTIMUM","585","40,623","36807","OPTIMUM","585","35,071","26176","OPTIMUM","585","29,837","14578","OPTIMUM","585","34,89","14578","OPTIMUM","585","28,627","9956","OPTIMUM","585","33,194","9956"
"instance_40_15_4_6","OPTIMUM","550","31,76","22713","OPTIMUM","550","29,614","34015","OPTIMUM","550","31,942","34015","OPTIMUM","550","30,972","23304","OPTIMUM","550","27,996","14409","OPTIMUM","550","32,329","14409","OPTIMUM","550","35,246","9180","OPTIMUM","550","31,783","9771"
"instance_40_15_4_7","OPTIMUM","572","34,213","36691","OPTIMUM","572","40,771","46356","OPTIMUM","572","58,599","46364","OPTIMUM","572","41,794","37242","OPTIMUM","572","46,428","17068","OPTIMUM","572","32,887","17076","OPTIMUM","572","38,454","12385","OPTIMUM","572","39,109","12936"
"instance_40_15_4_8","OPTIMUM","496","31,465","21515","OPTIMUM","496","32,678","32726","OPTIMUM","496","34,985","32726","OPTIMUM","496","32,076","21515","OPTIMUM","496","30,623","13972","OPTIMUM","496","28,186","13972","OPTIMUM","496","28,95","8831","OPTIMUM","496","32,391","8831"
"instance_40_15_4_9","OPTIMUM","590","174,175","32510","OPTIMUM","590","92,787","43284","OPTIMUM","590","150,4","43285","OPTIMUM","590","79,857","33082","OPTIMUM","590","76,76","17056","OPTIMUM","590","90,303","17057","OPTIMUM","590","86,974","12045","OPTIMUM","590","75,111","12617"
"instance_40_15_5_1","OPTIMUM","751","207,799","46303","OPTIMUM","751","136,433","60212","OPTIMUM","751","174,176","60259","OPTIMUM","751","270,647","46350","OPTIMUM","751","140,763","22623","OPTIMUM","751","135,109","22670","OPTIMUM","751","106,372","16340","OPTIMUM","751","134,471","16387"
"instance_40_15_5_10","OPTIMUM","724","34,967","41877","OPTIMUM","724","36,853","56059","OPTIMUM","724","47,118","56075","OPTIMUM","724","26,628","42592","OPTIMUM","724","36,473","20761","OPTIMUM","724","23,562","20777","OPTIMUM","724","20,541","14491","OPTIMUM","724","29,898","15206"
"instance_40_15_5_11","OPTIMUM","695","59,184","45263","OPTIMUM","695","50,178","60834","OPTIMUM","695","126,288","60858","OPTIMUM","695","47,9","45287","OPTIMUM","695","73,936","21217","OPTIMUM","695","61,727","21241","OPTIMUM","695","56,816","14618","OPTIMUM","695","48,315","14642"
"instance_40_15_5_12","OPTIMUM","773","31,228","46725","OPTIMUM","773","68,935","61264","OPTIMUM","773","60,855","61272","OPTIMUM","773","98,281","47422","OPTIMUM","773","86,621","22404","OPTIMUM","773","34,293","22412","OPTIMUM","773","23,468","16182","OPTIMUM","773","72,231","16879"
"instance_40_15_5_13","UNSATISFIABLE","","0,488","0","UNSATISFIABLE","","0,578","0","UNSATISFIABLE","","0,625","0","UNSATISFIABLE","","0,529","0","UNSATISFIABLE","","0,498","0","UNSATISFIABLE","","0,323","0","UNSATISFIABLE","","0,395","0","UNSATISFIABLE","","0,304","0"
"instance_40_15_5_14","OPTIMUM","711","61,968","47141","OPTIMUM","711","59,211","62857","OPTIMUM","711","72,309","62858","OPTIMUM","711","73,769","47859","OPTIMUM","711","55,715","21852","OPTIMUM","711","65,308","21853","OPTIMUM","711","55,13","15285","OPTIMUM","711","67,647","16003"
"instance_40_15_5_15","OPTIMUM","736","46,055","53670","OPTIMUM","736","46,208","68081","OPTIMUM","736","61,571","68090","OPTIMUM","736","54,623","54369","OPTIMUM","736","47,426","23104","OPTIMUM","736","50,881","23113","OPTIMUM","736","44,397","16775","OPTIMUM","736","53,467","17474"
"instance_40_15_5_16","TIMEOUT","","300,116","0","TIMEOUT","","300,117","0","TIMEOUT","","300,12","0","TIMEOUT","","300,117","0","TIMEOUT","","300,125","0","TIMEOUT","","300,125","0","TIMEOUT","","300,124","0","TIMEOUT","","300,13","0"
"instance_40_15_5_17","TIMEOUT","","300,113","0","TIMEOUT","","300,119","0","TIMEOUT","","300,117","0","TIMEOUT","","300,113","0","TIMEOUT","","300,124","0","TIMEOUT","","300,115","0","TIMEOUT","","300,118","0","TIMEOUT","","300,119","0"
"instance_40_15_5_18","OPTIMUM","685","44,24","37352","OPTIMUM","685","75,202","52237","OPTIMUM","685","48,798","52250","OPTIMUM","685","69,308","37365","OPTIMUM","685","81,607","20056","OPTIMUM","685","64,871","20069","OPTIMUM","685","42,361","13514","OPTIMUM","685","40,699","13527"
"instance_40_15_5_19","UNSATISFIABLE","","0,187","0","UNSATISFIABLE","","0,236","0","UNSATISFIABLE","","0,224","0","UNSATISFIABLE","","0,187","0","UNSATISFIABLE","","0,171","0","UNSATISFIABLE","","0,181","0","UNSATISFIABLE","","0,158","0","UNSATISFIABLE","","0,154","0"
"instance_40_15_5_2","OPTIMUM","714","66,441","36970","OPTIMUM","714","76,129","51185","OPTIMUM","714","70,58","51185","OPTIMUM","714","67,31","36970","OPTIMUM","714","69,826","19556","OPTIMUM","714","77,317","19556","OPTIMUM","714","68,09","13194","OPTIMUM","714","66,477","13194"
"instance_40_15_5_20","OPTIMUM","703","65,836","37344","OPTIMUM","703","62,505","50702","OPTIMUM","703","79,345","50703","OPTIMUM","703","56,359","38020","OPTIMUM","703","49,445","20062","OPTIMUM","703","55,581","20063","OPTIMUM","703","43,164","14062","OPTIMUM","703","50,683","14738"
"instance_40_15_5_21","OPTIMUM","732","49,617","49757","OPTIMUM","732","52,128","64276","OPTIMUM","732","50,836","64301","OPTIMUM","732","50,216","50471","OPTIMUM","732","56,512","23776","OPTIMUM","732","43,66","23801","OPTIMUM","732","45,79","17389","OPTIMUM","732","38,25","18103"
"instance_40_15_5_22","UNSATISFIABLE","","0,106","0","UNSATISFIABLE","","0,129","0","UNSATISFIABLE","","0,141","0","UNSATISFIABLE","","0,111","0","UNSATISFIABLE","","0,136","0","UNSATISFIABLE","","0,137","0","UNSATISFIABLE","","0,112","0","UNSATISFIABLE","","0,116","0"
"instance_40_15_5_23","OPTIMUM","717","26,105","32696","OPTIMUM","717","32,809","47225","OPTIMUM","717","25,076","47225","OPTIMUM","717","26,044","32696","OPTIMUM","717","27,589","17929","OPTIMUM","717","26,923","17929","OPTIMUM","717","30,035","11570","OPTIMUM","717","26,009","11570"
"instance_40_15_5_24","OPTIMUM","723","132,246","38856","OPTIMUM","723","158,764","53378","OPTIMUM","723","180,336","53378","OPTIMUM","723","110,703","39542","OPTIMUM","723","235,689","19871","OPTIMUM","723","99,715","19871","OPTIMUM","723","78,138","13592","OPTIMUM","723","96,975","14278"
"instance_40_15_5_25","UNSATISFIABLE","","0,14","0","UNSATISFIABLE","","0,143","0","UNSATISFIABLE","","0,144","0","UNSATISFIABLE","","0,138","0","UNSATISFIABLE","","0,16","0","UNSATISFIABLE","","0,15","0","UNSATISFIABLE","","0,126","0","UNSATISFIABLE","","0,148","0"
"instance_40_15_5_26","OPTIMUM","710","48,244","44012","OPTIMUM","710","64,801","58725","OPTIMUM","710","64,634","58725","OPTIMUM","710","48,959","44012","OPTIMUM","710","50,204","20313","OPTIMUM","710","53,97","20313","OPTIMUM","710","60,042","13994","OPTIMUM","710","64,665","13994"
"instance_40_15_5_27","OPTIMUM","640","64,072","34890","OPTIMUM","640","183,428","47359","OPTIMUM","640","93,06","47359","OPTIMUM","640","55,717","34890","OPTIMUM","640","49,598","18205","OPTIMUM","640","65,07","18205","OPTIMUM","640","43,971","12356","OPTIMUM","640","53,164","12356"
"instance_40_15_5_28","OPTIMUM","749","24,361","38532","OPTIMUM","749","24,421","53130","OPTIMUM","749","24,278","53130","OPTIMUM","749","22,487","38532","OPTIMUM","749","24,663","21105","OPTIMUM","749","20,065","21105","OPTIMUM","749","25,533","14740","OPTIMUM","749","29,525","14740"
"instance_40_15_5_29","UNSATISFIABLE","","0,262","0","UNSATISFIABLE","","0,29","0","UNSATISFIABLE","","0,301","0","UNSATISFIABLE","","0,236","0","UNSATISFIABLE","","0,234","0","UNSATISFIABLE","","0,237","0","UNSATISFIABLE","","0,187","0","UNSATISFIABLE","","0,201","0"
"instance_40_15_5_3","OPTIMUM","745","52,041","47638","OPTIMUM","745","55,718","62426","OPTIMUM","745","57,953","62426","OPTIMUM","745","52,839","47638","OPTIMUM","745","55,1","23937","OPTIMUM","745","58,081","23937","OPTIMUM","745","63,39","17654","OPTIMUM","745","62,133","17654"
"instance_40_15_5_30","OPTIMUM","706","41,111","52231","OPTIMUM","706","46,408","65911","OPTIMUM","706","61,966","65918","OPTIMUM","706","44,863","52908","OPTIMUM","706","39,656","22675","OPTIMUM","706","52,274","22682","OPTIMUM","706","45,423","16650","OPTIMUM","706","40,816","17327"
"instance_40_15_5_31","OPTIMUM","717","55,589","42847","OPTIMUM","717","60,778","56436","OPTIMUM","717","52,352","56436","OPTIMUM","717","49,42","43523","OPTIMUM","717","51,437","21055","OPTIMUM","717","53,111","21055","OPTIMUM","717","50,707","14894","OPTIMUM","717","47,529","15570"
"instance_40_15_5_32","UNSATISFIABLE","","0,141","0","UNSATISFIABLE","","0,167","0","UNSATISFIABLE","","0,157","0","UNSATISFIABLE","","0,15","0","UNSATISFIABLE","","0,175","0","UNSATISFIABLE","","0,198","0","UNSATISFIABLE","","0,172","0","UNSATISFIABLE","","0,196","0"
"instance_40_15_5_33","OPTIMUM","676","87,172","32181","OPTIMUM","676","101,657","46606","OPTIMUM","676","134,304","46651","OPTIMUM","676","92,575","32910","OPTIMUM","676","110,191","17803","OPTIMUM","676","119,92","17848","OPTIMUM","676","97,825","11638","OPTIMUM","676","117,623","12367"
"instance_40_15_5_34","OPTIMUM","728","175,618","49857","TIMEOUT","","300,125","0","TIMEOUT","","300,125","0","TIMEOUT","","300,122","0","TIMEOUT","","300,123","0","TIMEOUT","","300,123","0","OPTIMUM","728","284,18","16064","OPTIMUM","728","163,055","16785"
"instance_40_15_5_35","OPTIMUM","743","31,769","39993","OPTIMUM","743","33,889","55306","OPTIMUM","743","36,426","55337","OPTIMUM","743","32,049","40731","OPTIMUM","743","53,692","21901","OPTIMUM","743","27,226","21932","OPTIMUM","743","23,891","15542","OPTIMUM","743","63,483","16280"
"instance_40_15_5_36","UNSATISFIABLE","","0,366","0","UNSATISFIABLE","","0,432","0","UNSATISFIABLE","","0,452","0","UNSATISFIABLE","","0,368","0","UNSATISFIABLE","","0,382","0","UNSATISFIABLE","","0,369","0","UNSATISFIABLE","","0,337","0","UNSATISFIABLE","","0,343","0"
"instance_40_15_5_37","UNSATISFIABLE","","0,394","0","UNSATISFIABLE","","0,44","0","UNSATISFIABLE","","0,395","0","UNSATISFIABLE","","0,349","0","UNSATISFIABLE","","0,332","0","UNSATISFIABLE","","0,342","0","UNSATISFIABLE","","0,309","0","UNSATISFIABLE","","0,335","0"
"instance_40_15_5_38","UNSATISFIABLE","","0,103","0","UNSATISFIABLE","","0,132","0","UNSATISFIABLE","","0,122","0","UNSATISFIABLE","","0,098","0","UNSATISFIABLE","","0,128","0","UNSATISFIABLE","","0,145","0","UNSATISFIABLE","","0,113","0","UNSATISFIABLE","","0,126","0"
"instance_40_15_5_39","OPTIMUM","700","51,241","44010","OPTIMUM","700","59,796","58897","OPTIMUM","700","61,318","58906","OPTIMUM","700","49,526","44019","OPTIMUM","700","52,271","21670","OPTIMUM","700","46,107","21679","OPTIMUM","700","43,136","15281","OPTIMUM","700","47,973","15290"
"instance_40_15_5_4","OPTIMUM","728","43,407","44532","OPTIMUM","728","40,357","59904","OPTIMUM","728","34,783","59904","OPTIMUM","728","41,922","44532","OPTIMUM","728","32,012","22215","OPTIMUM","728","30,286","22215","OPTIMUM","728","28,249","15655","OPTIMUM","728","26,604","15655"
"instance_40_15_5_40","OPTIMUM","696","41,657","41919","OPTIMUM","696","49,132","57645","OPTIMUM","696","41,098","57658","OPTIMUM","696","40,676","41932","OPTIMUM","696","38,642","20714","OPTIMUM","696","41,995","20727","OPTIMUM","696","37,033","13934","OPTIMUM","696","44,154","13947"
"instance_40_15_5_41","OPTIMUM","744","26,653","42326","OPTIMUM","744","33,567","57200","OPTIMUM","744","32,278","57212","OPTIMUM","744","25,4","42338","OPTIMUM","744","36,493","20626","OPTIMUM","744","34,106","20638","OPTIMUM","744","27,01","14210","OPTIMUM","744","25,621","14222"
"instance_40_15_5_42","OPTIMUM","685","59,617","30474","OPTIMUM","685","32,598","45551","OPTIMUM","685","41,486","45571","OPTIMUM","685","40,722","30494","OPTIMUM","685","31,667","17595","OPTIMUM","685","32,911","17615","OPTIMUM","685","21,66","11187","OPTIMUM","685","24,493","11207"
"instance_40_15_5_43","OPTIMUM","746","91,554","50060","OPTIMUM","746","107,674","65830","OPTIMUM","746","94,608","65857","OPTIMUM","746","85,069","50087","OPTIMUM","746","58,194","22933","OPTIMUM","746","46,624","22960","OPTIMUM","746","75,807","16253","OPTIMUM","746","59,55","16280"
"instance_40_15_5_44","UNSATISFIABLE","","0,839","0","UNSATISFIABLE","","0,802","0","UNSATISFIABLE","","0,786","0","UNSATISFIABLE","","0,765","0","UNSATISFIABLE","","0,739","0","UNSATISFIABLE","","0,769","0","UNSATISFIABLE","","0,855","0","UNSATISFIABLE","","0,758","0"
"instance_40_15_5_45","OPTIMUM","716","86,133","40830","OPTIMUM","716","95,723","54471","OPTIMUM","716","88,887","54471","OPTIMUM","716","98,676","40830","OPTIMUM","716","89,782","19264","OPTIMUM","716","85,556","19264","OPTIMUM","716","76,981","13112","OPTIMUM","716","96,053","13112"
"instance_40_15_5_46","OPTIMUM","649","39,268","36448","OPTIMUM","649","37,802","50501","OPTIMUM","649","51,367","50542","OPTIMUM","649","40,235","36489","OPTIMUM","649","29,98","19417","OPTIMUM","649","44,73","19458","OPTIMUM","649","40,349","13318","OPTIMUM","649","36,472","13359"
"instance_40_15_5_47","OPTIMUM","656","51","43013","OPTIMUM","656","47,454","57877","OPTIMUM","656","55,701","57877","OPTIMUM","656","46,912","43709","OPTIMUM","656","51,204","20286","OPTIMUM","656","62,481","20286","OPTIMUM","656","31,888","13958","OPTIMUM","656","33,369","14654"
"instance_40_15_5_48","OPTIMUM","660","49,304","36232","OPTIMUM","660","44,017","51665","OPTIMUM","660","44,571","51665","OPTIMUM","660","52,704","36937","OPTIMUM","660","46,419","18852","OPTIMUM","660","46,597","18852","OPTIMUM","660","44,722","12280","OPTIMUM","660","46,256","12985"
"instance_40_15_5_49","UNSATISFIABLE","","0,115","0","UNSATISFIABLE","","0,14","0","UNSATISFIABLE","","0,154","0","UNSATISFIABLE","","0,119","0","UNSATISFIABLE","","0,16","0","UNSATISFIABLE","","0,151","0","UNSATISFIABLE","","0,156","0","UNSATISFIABLE","","0,13","0"
"instance_40_15_5_5","UNSATISFIABLE","","0,29","0","UNSATISFIABLE","","0,393","0","UNSATISFIABLE","","0,365","0","UNSATISFIABLE","","0,301","0","UNSATISFIABLE","","0,323","0","UNSATISFIABLE","","0,316","0","UNSATISFIABLE","","0,314","0","UNSATISFIABLE","","0,269","0"
"instance_40_15_5_50","OPTIMUM","701","46,749","39399","OPTIMUM","701","55,449","54275","OPTIMUM","701","66,022","54311","OPTIMUM","701","51,889","40122","OPTIMUM","701","59,746","19788","OPTIMUM","701","56,035","19824","OPTIMUM","701","53,092","13552","OPTIMUM","701","52,769","14275"
"instance_40_15_5_6","UNSATISFIABLE","","0,517","0","UNSATISFIABLE","","0,602","0","UNSATISFIABLE","","0,615","0","UNSATISFIABLE","","0,511","0","UNSATISFIABLE","","0,497","0","UNSATISFIABLE","","0,488","0","UNSATISFIABLE","","0,48","0","UNSATISFIABLE","","0,421","0"
"instance_40_15_5_7","OPTIMUM","757","129,587","54413","TIMEOUT","","300,123","0","OPTIMUM","757","183,031","68734","OPTIMUM","757","113,452","54432","OPTIMUM","757","102,853","23412","OPTIMUM","757","107,462","23431","OPTIMUM","757","94,844","17122","OPTIMUM","757","202,788","17141"
"instance_40_15_5_8","OPTIMUM","694","44,83","38619","OPTIMUM","694","48,725","53113","OPTIMUM","694","57,377","53126","OPTIMUM","694","38,939","39331","OPTIMUM","694","48,215","20196","OPTIMUM","694","50,099","20209","OPTIMUM","694","42,894","13810","OPTIMUM","694","44,946","14522"
"instance_40_15_5_9","TIMEOUT","","300,114","0","TIMEOUT","","300,121","0","TIMEOUT","","300,118","0","TIMEOUT","","300,117","0","TIMEOUT","","300,118","0","TIMEOUT","","300,116","0","TIMEOUT","","300,114","0","TIMEOUT","","300,113","0"
"instance_40_20_4_1","OPTIMUM","585","54,885","44358","OPTIMUM","585","63,015","55002","OPTIMUM","585","60,314","55002","OPTIMUM","585","51,476","44934","OPTIMUM","585","51,379","20506","OPTIMUM","585","61,688","20506","OPTIMUM","585","42,753","15742","OPTIMUM","585","61,497","16318"
"instance_40_20_4_10","OPTIMUM","603","35,664","37162","OPTIMUM","603","30,382","47524","OPTIMUM","603","32,169","47524","OPTIMUM","603","34,506","37162","OPTIMUM","603","20,521","18405","OPTIMUM","603","22,367","18405","OPTIMUM","603","21,778","13745","OPTIMUM","603","21,118","13745"
"instance_40_20_4_11","OPTIMUM","590","18,363","49266","OPTIMUM","590","25,786","58809","OPTIMUM","590","28,315","58809","OPTIMUM","590","18,512","49266","OPTIMUM","590","32,841","21038","OPTIMUM","590","33,182","21038","OPTIMUM","590","15,773","16546","OPTIMUM","590","15,979","16546"
"instance_40_20_4_12","OPTIMUM","600","35,39","41137","OPTIMUM","600","37,562","51281","OPTIMUM","600","35,074","51299","OPTIMUM","600","32,761","41155","OPTIMUM","600","28,811","20194","OPTIMUM","600","32,344","20212","OPTIMUM","600","28,7","15423","OPTIMUM","600","31,844","15441"
"instance_40_20_4_13","OPTIMUM","609","34,503","39957","OPTIMUM","609","37,077","49302","OPTIMUM","609","42,145","49308","OPTIMUM","609","33,93","40519","OPTIMUM","609","30,864","19914","OPTIMUM","609","32,052","19920","OPTIMUM","609","32,943","15454","OPTIMUM","609","29,555","16016"
"instance_40_20_4_14","OPTIMUM","618","32,088","46526","OPTIMUM","618","33,612","56045","OPTIMUM","618","34,805","56045","OPTIMUM","618","33,617","47079","OPTIMUM","618","41,318","20610","OPTIMUM","618","45,992","20610","OPTIMUM","618","31,416","16178","OPTIMUM","618","43,087","16731"
"instance_40_20_4_15","OPTIMUM","611","55,288","46843","OPTIMUM","611","56,556","57436","OPTIMUM","611","53,898","57436","OPTIMUM","611","53,886","46843","OPTIMUM","611","45,265","21641","OPTIMUM","611","49,309","21641","OPTIMUM","611","49,268","16781","OPTIMUM","611","44,881","16781"
"instance_40_20_4_16","OPTIMUM","599","47,466","48390","OPTIMUM","599","50,525","58669","OPTIMUM","599","45,534","58669","OPTIMUM","599","38,077","48956","OPTIMUM","599","33,43","21526","OPTIMUM","599","42,059","21526","OPTIMUM","599","39,077","16724","OPTIMUM","599","38,96","17290"
"instance_40_20_4_17","OPTIMUM","622","14,923","33161","OPTIMUM","622","16,945","43688","OPTIMUM","622","15,576","43713","OPTIMUM","622","17,963","33186","OPTIMUM","622","11,385","18665","OPTIMUM","622","16,218","18690","OPTIMUM","622","10,427","13745","OPTIMUM","622","11,161","13770"
"instance_40_20_4_18","OPTIMUM","573","20,652","34692","OPTIMUM","573","29,01","44611","OPTIMUM","573","25,377","44611","OPTIMUM","573","21,738","34692","OPTIMUM","573","24,019","18103","OPTIMUM","573","21,108","18103","OPTIMUM","573","21,587","13358","OPTIMUM","573","20,754","13358"
"instance_40_20_4_19","OPTIMUM","605","36,924","39950","OPTIMUM","605","46,698","49525","OPTIMUM","605","50,44","49525","OPTIMUM","605","34,447","39950","OPTIMUM","605","39,965","18797","OPTIMUM","605","40,93","18797","OPTIMUM","605","24,754","14302","OPTIMUM","605","24,272","14302"
"instance_40_20_4_2","OPTIMUM","595","31,239","40439","OPTIMUM","595","30,546","49972","OPTIMUM","595","30,24","49972","OPTIMUM","595","25,606","40439","OPTIMUM","595","27,179","18959","OPTIMUM","595","26,315","18959","OPTIMUM","595","23,738","14421","OPTIMUM","595","22,08","14421"
"instance_40_20_4_20","OPTIMUM","580","20,911","41568","OPTIMUM","580","17,414","51481","OPTIMUM","580","24,16","51481","OPTIMUM","580","17,638","42103","OPTIMUM","580","17,721","19336","OPTIMUM","580","22,919","19336","OPTIMUM","580","20,117","14851","OPTIMUM","580","12,571","15386"
"instance_40_20_4_21","OPTIMUM","585","29,526","41116","OPTIMUM","585","27,405","51533","OPTIMUM","585","25,485","51540","OPTIMUM","585","29,688","41123","OPTIMUM","585","23,553","18861","OPTIMUM","585","30,431","18868","OPTIMUM","585","23,255","14152","OPTIMUM","585","23,884","14159"
"instance_40_20_4_22","OPTIMUM","582","40,839","36757","OPTIMUM","582","38,302","45728","OPTIMUM","582","38,866","45728","OPTIMUM","582","37,936","36757","OPTIMUM","582","32,497","18759","OPTIMUM","582","31,649","18759","OPTIMUM","582","30,742","14421","OPTIMUM","582","30,021","14421"
"instance_40_20_4_23","OPTIMUM","574","94,46","41199","OPTIMUM","574","57,837","51022","OPTIMUM","574","74,151","51022","OPTIMUM","574","80,383","41749","OPTIMUM","574","91,079","20093","OPTIMUM","574","52,569","20093","OPTIMUM","574","68,788","15441","OPTIMUM","574","50,932","15991"
"instance_40_20_4_24","OPTIMUM","617","35,169","41802","OPTIMUM","617","39,521","52217","OPTIMUM","617","36,722","52217","OPTIMUM","617","36,922","42373","OPTIMUM","617","30,79","20721","OPTIMUM","617","27,091","20721","OPTIMUM","617","29,887","15834","OPTIMUM","617","28,097","16405"
"instance_40_20_4_25","OPTIMUM","604","39,336","46412","OPTIMUM","604","52,948","56284","OPTIMUM","604","56,323","56317","OPTIMUM","604","55,939","46999","OPTIMUM","604","39,492","21199","OPTIMUM","604","39,172","21232","OPTIMUM","604","44,337","16496","OPTIMUM","604","42,029","17083"
"instance_40_20_4_26","OPTIMUM","573","25,655","30110","OPTIMUM","573","28,342","40144","OPTIMUM","573","30,896","40144","OPTIMUM","573","25,384","30652","OPTIMUM","573","26,17","16459","OPTIMUM","573","26,312","16459","OPTIMUM","573","22,783","11842","OPTIMUM","573","25,847","12384"
"instance_40_20_4_27","OPTIMUM","578","20,978","30931","OPTIMUM","578","35,602","40479","OPTIMUM","578","31,548","40479","OPTIMUM","578","19,89","30931","OPTIMUM","578","22,02","17372","OPTIMUM","578","23,482","17372","OPTIMUM","578","28,072","12841","OPTIMUM","578","20,702","12841"
"instance_40_20_4_28","UNSATISFIABLE","","0,143","0","UNSATISFIABLE","","0,163","0","UNSATISFIABLE","","0,166","0","UNSATISFIABLE","","0,158","0","UNSATISFIABLE","","0,169","0","UNSATISFIABLE","","0,176","0","UNSATISFIABLE","","0,168","0","UNSATISFIABLE","","0,162","0"
"instance_40_20_4_29","OPTIMUM","623","26,951","43389","OPTIMUM","623","21,45","53668","OPTIMUM","623","21,279","53668","OPTIMUM","623","20,696","43951","OPTIMUM","623","18,574","20835","OPTIMUM","623","16,097","20835","OPTIMUM","623","17,394","16020","OPTIMUM","623","15,398","16582"
"instance_40_20_4_3","OPTIMUM","585","39,934","43923","OPTIMUM","585","44,716","54097","OPTIMUM","585","38,795","54097","OPTIMUM","585","37,674","43923","OPTIMUM","585","39,602","20761","OPTIMUM","585","43,034","20761","OPTIMUM","585","33,592","15918","OPTIMUM","585","31,932","15918"
"instance_40_20_4_30","OPTIMUM","599","26,697","33626","OPTIMUM","599","28,667","43777","OPTIMUM","599","29,865","43778","OPTIMUM","599","28,521","34189","OPTIMUM","599","31,926","17969","OPTIMUM","599","29,641","17970","OPTIMUM","599","29,151","13125","OPTIMUM","599","32,314","13688"
"instance_40_20_4_31","OPTIMUM","609","20,182","33697","OPTIMUM","609","30,902","44026","OPTIMUM","609","28,959","44026","OPTIMUM","609","23,87","33697","OPTIMUM","609","23,764","18492","OPTIMUM","609","21,754","18492","OPTIMUM","609","26,948","13773","OPTIMUM","609","24,419","13773"
"instance_40_20_4_32","OPTIMUM","613","34,111","46110","OPTIMUM","613","35,711","55759","OPTIMUM","613","39,733","55759","OPTIMUM","613","34,854","46110","OPTIMUM","613","32,148","20602","OPTIMUM","613","30,885","20602","OPTIMUM","613","27,074","16012","OPTIMUM","613","27,163","16012"
"instance_40_20_4_33","OPTIMUM","579","21,413","39303","OPTIMUM","579","19,137","48744","OPTIMUM","579","26,619","48745","OPTIMUM","579","20,068","39843","OPTIMUM","579","15,954","19859","OPTIMUM","579","16,801","19860","OPTIMUM","579","17,829","15337","OPTIMUM","579","21,488","15877"
"instance_40_20_4_34","OPTIMUM","581","41,561","44355","OPTIMUM","581","39,516","55022","OPTIMUM","581","40,467","55031","OPTIMUM","581","38,961","44918","OPTIMUM","581","39,681","19612","OPTIMUM","581","39,909","19621","OPTIMUM","581","38,118","14834","OPTIMUM","581","38,288","15397"
"instance_40_20_4_35","OPTIMUM","618","53,054","44320","OPTIMUM","618","98,805","54146","OPTIMUM","618","39,781","54146","OPTIMUM","618","49,402","44856","OPTIMUM","618","51,071","20618","OPTIMUM","618","42,8","20618","OPTIMUM","618","31,663","16226","OPTIMUM","618","66,47","16762"
"instance_40_20_4_36","OPTIMUM","563","56,548","42783","OPTIMUM","563","58,652","52533","OPTIMUM","563","53,663","52535","OPTIMUM","563","57,429","42785","OPTIMUM","563","48,313","19652","OPTIMUM","563","49,196","19654","OPTIMUM","563","45,982","15076","OPTIMUM","563","55,248","15078"
"instance_40_20_4_37","TIMEOUT","","300,111","0","TIMEOUT","","300,121","0","TIMEOUT","","300,117","0","TIMEOUT","","300,119","0","OPTIMUM","605","260,711","17223","OPTIMUM","605","294,964","17223","OPTIMUM","605","219,874","12466","OPTIMUM","605","205,666","13019"
"instance_40_20_4_38","OPTIMUM","605","25,67","36478","OPTIMUM","605","25,982","46569","OPTIMUM","605","27,137","46569","OPTIMUM","605","31,046","37047","OPTIMUM","605","23,377","19023","OPTIMUM","605","22,13","19023","OPTIMUM","605","21,95","14346","OPTIMUM","605","22,688","14915"
"instance_40_20_4_39","OPTIMUM","608","46,364","38017","OPTIMUM","608","42,525","48363","OPTIMUM","608","57,206","48376","OPTIMUM","608","46,686","38030","OPTIMUM","608","38,265","18629","OPTIMUM","608","51,448","18642","OPTIMUM","608","50,378","13900","OPTIMUM","608","39,599","13913"
"instance_40_20_4_4","OPTIMUM","588","21,939","26381","OPTIMUM","588","20,591","35747","OPTIMUM","588","22,092","35747","OPTIMUM","588","19,223","26914","OPTIMUM","588","17,965","15747","OPTIMUM","588","18,345","15747","OPTIMUM","588","15,187","11339","OPTIMUM","588","15,357","11872"
"instance_40_20_4_40","OPTIMUM","619","39,113","41988","OPTIMUM","619","43,192","51932","OPTIMUM","619","49,171","51970","OPTIMUM","619","44,008","42581","OPTIMUM","619","29,355","19640","OPTIMUM","619","24,478","19678","OPTIMUM","619","27,459","15049","OPTIMUM","619","27,124","15642"
"instance_40_20_4_41","OPTIMUM","618","31,655","47350","OPTIMUM","618","37,473","56650","OPTIMUM","618","40,963","56679","OPTIMUM","618","37,023","47913","OPTIMUM","618","28,978","21107","OPTIMUM","618","23,915","21136","OPTIMUM","618","25,128","16772","OPTIMUM","618","28,184","17335"
"instance_40_20_4_42","OPTIMUM","605","32,577","37308","OPTIMUM","605","36,403","47725","OPTIMUM","605","36,489","47725","OPTIMUM","605","36,394","37866","OPTIMUM","605","32,966","18366","OPTIMUM","605","39,214","18366","OPTIMUM","605","32,055","13592","OPTIMUM","605","30,348","14150"
"instance_40_20_4_43","OPTIMUM","614","14,927","40901","OPTIMUM","614","20,348","51374","OPTIMUM","614","21,153","51374","OPTIMUM","614","21,623","41480","OPTIMUM","614","22,306","20732","OPTIMUM","614","15,174","20732","OPTIMUM","614","19,244","15837","OPTIMUM","614","11,502","16416"
"instance_40_20_4_44","OPTIMUM","602","47,753","51142","OPTIMUM","602","35,355","61654","OPTIMUM","602","67,089","61727","OPTIMUM","602","46,461","51215","OPTIMUM","602","25,721","22222","OPTIMUM","602","35,609","22295","OPTIMUM","602","36,707","17394","OPTIMUM","602","26,845","17467"
"instance_40_20_4_45","OPTIMUM","605","45,077","42845","OPTIMUM","605","41,576","52439","OPTIMUM","605","42,894","52439","OPTIMUM","605","43,986","42845","OPTIMUM","605","35,537","19470","OPTIMUM","605","32,47","19470","OPTIMUM","605","31,2","14904","OPTIMUM","605","33,53","14904"
"instance_40_20_4_46","OPTIMUM","584","34,282","38148","OPTIMUM","584","28,596","48759","OPTIMUM","584","35,892","48761","OPTIMUM","584","39,415","38710","OPTIMUM","584","32,706","18653","OPTIMUM","584","30,197","18655","OPTIMUM","584","33,762","13925","OPTIMUM","584","27,186","14487"
"instance_40_20_4_47","OPTIMUM","560","75,159","24645","OPTIMUM","560","77,213","35693","OPTIMUM","560","66,615","35694","OPTIMUM","560","67,209","25215","OPTIMUM","560","79,849","16349","OPTIMUM","560","77,315","16350","OPTIMUM","560","104,533","11255","OPTIMUM","560","98,255","11825"
"instance_40_20_4_48","OPTIMUM","577","54,579","35084","OPTIMUM","577","55,093","45025","OPTIMUM","577","64,756","45026","OPTIMUM","577","53,561","35639","OPTIMUM","577","54,401","18639","OPTIMUM","577","50,778","18640","OPTIMUM","577","90,196","14078","OPTIMUM","577","54,601","14633"
"instance_40_20_4_49","OPTIMUM","613","32,639","54456","OPTIMUM","613","36,263","64616","OPTIMUM","613","42,772","64644","OPTIMUM","613","37,423","54484","OPTIMUM","613","29,585","23037","OPTIMUM","613","30,303","23065","OPTIMUM","613","26,6","18438","OPTIMUM","613","30,531","18466"
"instance_40_20_4_5","OPTIMUM","607","51,362","44736","OPTIMUM","607","51,603","54736","OPTIMUM","607","51,445","54742","OPTIMUM","607","45,18","45302","OPTIMUM","607","52,535","21447","OPTIMUM","607","40,438","21453","OPTIMUM","607","43,496","16938","OPTIMUM","607","51,246","17504"
"instance_40_20_4_50","OPTIMUM","598","44,045","44382","OPTIMUM","598","42,624","53772","OPTIMUM","598","45,868","53772","OPTIMUM","598","36,386","44913","OPTIMUM","598","33,7","20497","OPTIMUM","598","34,671","20497","OPTIMUM","598","37,506","16094","OPTIMUM","598","33,95","16625"
"instance_40_20_4_6","OPTIMUM","615","35,448","40739","OPTIMUM","615","34,015","50747","OPTIMUM","615","24,239","50747","OPTIMUM","615","25,287","41302","OPTIMUM","615","37,678","19572","OPTIMUM","615","17,756","19572","OPTIMUM","615","19,464","15014","OPTIMUM","615","20,208","15577"
"instance_40_20_4_7","OPTIMUM","607","30,935","37011","OPTIMUM","607","29,075","47096","OPTIMUM","607","31,849","47096","OPTIMUM","607","28,771","37011","OPTIMUM","607","30,745","18354","OPTIMUM","607","28,89","18354","OPTIMUM","607","31,232","13811","OPTIMUM","607","33,46","13811"
"instance_40_20_4_8","OPTIMUM","606","35,126","39188","OPTIMUM","606","42,903","50050","OPTIMUM","606","39,886","50066","OPTIMUM","606","38,278","39773","OPTIMUM","606","37,52","19718","OPTIMUM","606","42,218","19734","OPTIMUM","606","41,091","14707","OPTIMUM","606","40,582","15292"
"instance_40_20_4_9","OPTIMUM","619","25,263","42255","OPTIMUM","619","47,491","52331","OPTIMUM","619","30,259","52342","OPTIMUM","619","30,108","42821","OPTIMUM","619","29,587","19511","OPTIMUM","619","27,527","19522","OPTIMUM","619","26,943","14847","OPTIMUM","619","25,887","15413"
"instance_40_20_5_1","TIMEOUT","","300,118","0","TIMEOUT","","300,123","0","TIMEOUT","","300,125","0","TIMEOUT","","300,124","0","TIMEOUT","","300,129","0","TIMEOUT","","300,124","0","TIMEOUT","","300,117","0","TIMEOUT","","300,124","0"
"instance_40_20_5_10","OPTIMUM","716","26,898","43263","OPTIMUM","716","25,328","58155","OPTIMUM","716","27,463","58160","OPTIMUM","716","24,805","43268","OPTIMUM","716","24,683","22967","OPTIMUM","716","21,371","22972","OPTIMUM","716","22,09","16448","OPTIMUM","716","24,375","16453"
"instance_40_20_5_11","OPTIMUM","734","47,069","55886","OPTIMUM","734","41,711","69220","OPTIMUM","734","40,728","69229","OPTIMUM","734","37,577","56570","OPTIMUM","734","39,549","24761","OPTIMUM","734","37,808","24770","OPTIMUM","734","29,664","18875","OPTIMUM","734","32,604","19559"
"instance_40_20_5_12","OPTIMUM","724","73,416","57845","OPTIMUM","724","81,735","71387","OPTIMUM","724","76,497","71387","OPTIMUM","724","67,529","57845","OPTIMUM","724","77,844","24827","OPTIMUM","724","65,893","24827","OPTIMUM","724","77,712","18765","OPTIMUM","724","69,599","18765"
"instance_40_20_5_13","OPTIMUM","763","40,758","55352","OPTIMUM","763","53,533","71072","OPTIMUM","763","69,968","71072","OPTIMUM","763","44,188","56070","OPTIMUM","763","61,006","25221","OPTIMUM","763","42,859","25221","OPTIMUM","763","40,173","18587","OPTIMUM","763","48,681","19305"
"instance_40_20_5_14","OPTIMUM","772","63,34","56616","OPTIMUM","772","93,203","70606","OPTIMUM","772","85,423","70606","OPTIMUM","772","62,432","56616","OPTIMUM","772","119,221","26853","OPTIMUM","772","178,055","26853","OPTIMUM","772","50,513","20639","OPTIMUM","772","55,905","20639"
"instance_40_20_5_15","OPTIMUM","745","28,057","42389","OPTIMUM","745","30,265","55621","OPTIMUM","745","30,937","55665","OPTIMUM","745","29,468","43108","OPTIMUM","745","22,479","22704","OPTIMUM","745","31,555","22748","OPTIMUM","745","23,66","16655","OPTIMUM","745","22,667","17374"
"instance_40_20_5_16","OPTIMUM","745","20,797","44386","OPTIMUM","745","31,266","57518","OPTIMUM","745","31,314","57518","OPTIMUM","745","22,917","44386","OPTIMUM","745","36,484","22682","OPTIMUM","745","34,601","22682","OPTIMUM","745","27,455","16850","OPTIMUM","745","25,666","16850"
"instance_40_20_5_17","OPTIMUM","737","73,033","68687","OPTIMUM","737","71,302","83479","OPTIMUM","737","70,192","83479","OPTIMUM","737","67,357","68687","OPTIMUM","737","68,694","27321","OPTIMUM","737","62,568","27321","OPTIMUM","737","69,588","21070","OPTIMUM","737","62,273","21070"
"instance_40_20_5_18","OPTIMUM","758","51,239","40810","OPTIMUM","758","56,526","54839","OPTIMUM","758","54,965","54839","OPTIMUM","758","49,514","40810","OPTIMUM","758","48,124","22724","OPTIMUM","758","48,94","22724","OPTIMUM","758","46,962","16476","OPTIMUM","758","46,723","16476"
"instance_40_20_5_19","OPTIMUM","753","45,412","69321","OPTIMUM","753","48,332","84564","OPTIMUM","753","49,015","84564","OPTIMUM","753","42,861","69321","OPTIMUM","753","48,015","27474","OPTIMUM","753","45,373","27474","OPTIMUM","753","39,269","20887","OPTIMUM","753","39,738","20887"
"instance_40_20_5_2","OPTIMUM","751","67,613","60509","OPTIMUM","751","67,553","75023","OPTIMUM","751","64,144","75023","OPTIMUM","751","66,065","60509","OPTIMUM","751","57,596","26163","OPTIMUM","751","52,591","26163","OPTIMUM","751","52,328","19766","OPTIMUM","751","49,919","19766"
"instance_40_20_5_20","OPTIMUM","776","51,154","53539","OPTIMUM","776","66,757","67992","OPTIMUM","776","63,559","68009","OPTIMUM","776","46,356","54234","OPTIMUM","776","54,147","24609","OPTIMUM","776","46,222","24626","OPTIMUM","776","40,921","18468","OPTIMUM","776","40,399","19163"
"instance_40_20_5_21","OPTIMUM","761","49,581","56460","OPTIMUM","761","49,231","71634","OPTIMUM","761","55,099","71670","OPTIMUM","761","42,55","57200","OPTIMUM","761","40,45","27322","OPTIMUM","761","44,831","27358","OPTIMUM","761","35,503","20911","OPTIMUM","761","37,791","21651"
"instance_40_20_5_22","OPTIMUM","758","62,756","55935","OPTIMUM","758","55,179","69129","OPTIMUM","758","54,746","69132","OPTIMUM","758","54,007","56622","OPTIMUM","758","75,721","25486","OPTIMUM","758","60,372","25489","OPTIMUM","758","77,867","19394","OPTIMUM","758","117,976","20081"
"instance_40_20_5_23","OPTIMUM","766","42,464","55216","OPTIMUM","766","51,61","68659","OPTIMUM","766","43,952","68672","OPTIMUM","766","51,117","55915","OPTIMUM","766","72,002","25000","OPTIMUM","766","36,881","25013","OPTIMUM","766","36,562","19015","OPTIMUM","766","34,739","19714"
"instance_40_20_5_24","OPTIMUM","740","57,364","49444","OPTIMUM","740","60,998","63691","OPTIMUM","740","72,673","63691","OPTIMUM","740","61,221","50136","OPTIMUM","740","57,504","23831","OPTIMUM","740","58,402","23831","OPTIMUM","740","51,236","17511","OPTIMUM","740","47,242","18203"
"instance_40_20_5_25","OPTIMUM","699","225,737","46858","OPTIMUM","699","290,623","60779","TIMEOUT","","300,126","0","TIMEOUT","","300,121","0","OPTIMUM","699","192,061","23175","OPTIMUM","699","182,169","23188","OPTIMUM","699","278,746","16955","TIMEOUT","","300,129","0"
"instance_40_20_5_26","OPTIMUM","772","63,644","62360","OPTIMUM","772","74,786","77164","OPTIMUM","772","73,673","77176","OPTIMUM","772","61,947","63084","OPTIMUM","772","55,165","27286","OPTIMUM","772","55,624","27298","OPTIMUM","772","62,988","20743","OPTIMUM","772","66,951","21467"
"instance_40_20_5_27","OPTIMUM","689","51,488","36642","OPTIMUM","689","54,188","51264","OPTIMUM","689","55,803","51264","OPTIMUM","689","50,372","36642","OPTIMUM","689","48,522","21291","OPTIMUM","689","54,446","21291","OPTIMUM","689","52,048","14726","OPTIMUM","689","47,627","14726"
"instance_40_20_5_28","OPTIMUM","743","32,911","55340","OPTIMUM","743","28,127","68904","OPTIMUM","743","36,659","68949","OPTIMUM","743","30,184","55385","OPTIMUM","743","25,267","25218","OPTIMUM","743","35,075","25263","OPTIMUM","743","28,984","19285","OPTIMUM","743","25,285","19330"
"instance_40_20_5_29","OPTIMUM","734","62,13","62238","OPTIMUM","734","65,464","75749","OPTIMUM","734","69,779","75749","OPTIMUM","734","57,293","62238","OPTIMUM","734","55,542","25741","OPTIMUM","734","55,577","25741","OPTIMUM","734","53,373","19729","OPTIMUM","734","53,795","19729"
"instance_40_20_5_3","OPTIMUM","757","47,145","43483","OPTIMUM","757","55,634","58115","OPTIMUM","757","72,628","58136","OPTIMUM","757","62,406","44207","OPTIMUM","757","48,928","23138","OPTIMUM","757","54,381","23159","OPTIMUM","757","56,283","16856","OPTIMUM","757","55,867","17580"
"instance_40_20_5_30","OPTIMUM","755","65,528","51491","OPTIMUM","755","67,341","64830","OPTIMUM","755","58,391","64852","OPTIMUM","755","53,201","51513","OPTIMUM","755","57,997","25526","OPTIMUM","755","58,173","25548","OPTIMUM","755","49,071","19617","OPTIMUM","755","56,023","19639"
"instance_40_20_5_31","OPTIMUM","737","32,01","50544","OPTIMUM","737","30,796","64435","OPTIMUM","737","33,728","64435","OPTIMUM","737","28,223","51224","OPTIMUM","737","25,764","23284","OPTIMUM","737","26,436","23284","OPTIMUM","737","29,65","17260","OPTIMUM","737","22,633","17940"
"instance_40_20_5_32","UNSATISFIABLE","","0,381","0","UNSATISFIABLE","","0,444","0","UNSATISFIABLE","","0,457","0","UNSATISFIABLE","","0,396","0","UNSATISFIABLE","","0,334","0","UNSATISFIABLE","","0,349","0","UNSATISFIABLE","","0,297","0","UNSATISFIABLE","","0,311","0"
"instance_40_20_5_33","OPTIMUM","769","73,404","67036","OPTIMUM","769","72,792","81113","OPTIMUM","769","73,472","81113","OPTIMUM","769","71,119","67036","OPTIMUM","769","64,553","27244","OPTIMUM","769","61,94","27244","OPTIMUM","769","68,162","20941","OPTIMUM","769","67,351","20941"
"instance_40_20_5_34","TIMEOUT","","300,125","0","TIMEOUT","","300,125","0","TIMEOUT","","300,126","0","TIMEOUT","","300,125","0","TIMEOUT","","300,124","0","TIMEOUT","","300,13","0","TIMEOUT","","300,122","0","OPTIMUM","748","254,61","19088"
"instance_40_20_5_35","UNSATISFIABLE","","0,497","0","UNSATISFIABLE","","0,589","0","UNSATISFIABLE","","0,572","0","UNSATISFIABLE","","0,53","0","UNSATISFIABLE","","0,543","0","UNSATISFIABLE","","0,436","0","UNSATISFIABLE","","0,467","0","UNSATISFIABLE","","0,433","0"
"instance_40_20_5_36","OPTIMUM","722","55,936","51716","OPTIMUM","722","65,805","66093","OPTIMUM","722","71,494","66106","OPTIMUM","722","57,896","51729","OPTIMUM","722","63,194","24389","OPTIMUM","722","57,9","24402","OPTIMUM","722","50,804","18255","OPTIMUM","722","56,593","18268"
"instance_40_20_5_37","OPTIMUM","771","44,72","56436","OPTIMUM","771","86,377","70367","OPTIMUM","771","52,388","70387","OPTIMUM","771","52,169","57143","OPTIMUM","771","44,279","24624","OPTIMUM","771","42,424","24644","OPTIMUM","771","48,938","18474","OPTIMUM","771","50,779","19181"
"instance_40_20_5_38","OPTIMUM","764","22,529","52292","OPTIMUM","764","39,305","66503","OPTIMUM","764","42,08","66503","OPTIMUM","764","22,522","52292","OPTIMUM","764","18,888","25002","OPTIMUM","764","18,826","25002","OPTIMUM","764","16,843","18846","OPTIMUM","764","16,97","18846"
"instance_40_20_5_39","OPTIMUM","776","96,474","53938","OPTIMUM","776","64,773","68294","OPTIMUM","776","48,056","68301","OPTIMUM","776","44,229","54636","OPTIMUM","776","68,166","25412","OPTIMUM","776","125,151","25419","OPTIMUM","776","42,801","19286","OPTIMUM","776","111,235","19984"
"instance_40_20_5_4","OPTIMUM","723","51,112","57811","OPTIMUM","723","51,438","71707","OPTIMUM","723","58,269","71723","OPTIMUM","723","50,875","58507","OPTIMUM","723","46,263","25161","OPTIMUM","723","39,375","25177","OPTIMUM","723","42,169","19012","OPTIMUM","723","49,028","19708"
"instance_40_20_5_40","OPTIMUM","688","68,009","56586","OPTIMUM","688","85,84","71721","OPTIMUM","688","78,998","71722","OPTIMUM","688","67,989","57292","OPTIMUM","688","79,531","24777","OPTIMUM","688","76,411","24778","OPTIMUM","688","91,797","18252","OPTIMUM","688","71,858","18958"
"instance_40_20_5_41","OPTIMUM","723","43,457","49094","OPTIMUM","723","45,771","63596","OPTIMUM","723","51,493","63661","OPTIMUM","723","40,343","49876","OPTIMUM","723","44,304","23218","OPTIMUM","723","33,827","23283","OPTIMUM","723","33,875","16751","OPTIMUM","723","35,632","17533"
"instance_40_20_5_42","OPTIMUM","722","61,211","58824","OPTIMUM","722","64,168","73218","OPTIMUM","722","70,012","73251","OPTIMUM","722","66,201","59557","OPTIMUM","722","43,571","26455","OPTIMUM","722","57,438","26488","OPTIMUM","722","52,954","20163","OPTIMUM","722","45,517","20896"
"instance_40_20_5_43","OPTIMUM","756","41,593","60954","OPTIMUM","756","47,877","75070","OPTIMUM","756","49,627","75070","OPTIMUM","756","38,377","60954","OPTIMUM","756","42,587","28068","OPTIMUM","756","40,085","28068","OPTIMUM","756","28,936","21832","OPTIMUM","756","32,579","21832"
"instance_40_20_5_44","OPTIMUM","735","44,837","59489","OPTIMUM","735","60,189","74298","OPTIMUM","735","54,66","74316","OPTIMUM","735","57,159","59507","OPTIMUM","735","44,162","25812","OPTIMUM","735","46,124","25830","OPTIMUM","735","47,955","19376","OPTIMUM","735","43,122","19394"
"instance_40_20_5_45","TIMEOUT","","300,116","0","TIMEOUT","","300,121","0","TIMEOUT","","300,116","0","TIMEOUT","","300,118","0","TIMEOUT","","300,116","0","TIMEOUT","","300,114","0","TIMEOUT","","300,114","0","TIMEOUT","","300,121","0"
"instance_40_20_5_46","OPTIMUM","741","43,726","44511","OPTIMUM","741","49,858","58614","OPTIMUM","741","43,255","58614","OPTIMUM","741","41,285","45199","OPTIMUM","741","37,95","22935","OPTIMUM","741","40,923","22935","OPTIMUM","741","34,717","16619","OPTIMUM","741","39,371","17307"
"instance_40_20_5_47","OPTIMUM","703","53,702","47404","OPTIMUM","703","55,817","60479","OPTIMUM","703","55,553","60479","OPTIMUM","703","54,03","48065","OPTIMUM","703","61,26","22887","OPTIMUM","703","63,058","22887","OPTIMUM","703","55,114","16980","OPTIMUM","703","53,538","17641"
"instance_40_20_5_48","OPTIMUM","767","35,271","58469","OPTIMUM","767","44,05","73246","OPTIMUM","767","40,488","73246","OPTIMUM","767","32,918","58469","OPTIMUM","767","31,241","26143","OPTIMUM","767","32,438","26143","OPTIMUM","767","29,811","19870","OPTIMUM","767","29,768","19870"
"instance_40_20_5_49","OPTIMUM","776","71,787","64301","OPTIMUM","776","104,441","79384","OPTIMUM","776","80,194","79385","OPTIMUM","776","85,877","65010","OPTIMUM","776","69,205","28168","OPTIMUM","776","65,411","28169","OPTIMUM","776","103,691","21795","OPTIMUM","776","56,987","22504"
"instance_40_20_5_5","UNSATISFIABLE","","32,908","0","UNSATISFIABLE","","1,766","0","UNSATISFIABLE","","1,798","0","UNSATISFIABLE","","22,585","0","UNSATISFIABLE","","1,872","0","UNSATISFIABLE","","1,948","0","UNSATISFIABLE","","18,553","0","UNSATISFIABLE","","16,697","0"
"instance_40_20_5_50","OPTIMUM","729","42,159","46133","OPTIMUM","729","54,087","59953","OPTIMUM","729","43,566","59967","OPTIMUM","729","49,556","46147","OPTIMUM","729","40,605","22348","OPTIMUM","729","47,758","22362","OPTIMUM","729","47,427","16253","OPTIMUM","729","43,247","16267"
"instance_40_20_5_6","OPTIMUM","733","56,671","66366","OPTIMUM","733","116,076","81054","OPTIMUM","733","58,794","81094","OPTIMUM","733","62,962","67099","OPTIMUM","733","46,241","26803","OPTIMUM","733","50,907","26843","OPTIMUM","733","56,308","20520","OPTIMUM","733","45,795","21253"
"instance_40_20_5_7","OPTIMUM","754","8,756","43956","OPTIMUM","754","9,9","59884","OPTIMUM","754","8,707","59920","OPTIMUM","754","10,606","43992","OPTIMUM","754","8,053","23469","OPTIMUM","754","19,351","23505","OPTIMUM","754","8,239","16613","OPTIMUM","754","7,107","16649"
"instance_40_20_5_8","OPTIMUM","775","59,026","54789","OPTIMUM","775","79,165","68846","OPTIMUM","775","69,207","68846","OPTIMUM","775","46,839","54789","OPTIMUM","775","46,246","25940","OPTIMUM","775","40,631","25940","OPTIMUM","775","49,777","19709","OPTIMUM","775","54,731","19709"
"instance_40_20_5_9","OPTIMUM","707","50,825","41397","","","","","OPTIMUM","707","62,657","55219","OPTIMUM","707","48,644","42079","OPTIMUM","707","67,181","21094","OPTIMUM","707","54,381","21094","OPTIMUM","707","52,519","15000","OPTIMUM","707","50,811","15682"
"instance_40_25_4_1","OPTIMUM","625","52,222","52883","OPTIMUM","625","55,946","62918","OPTIMUM","625","50,639","62992","OPTIMUM","625","61,779","53516","OPTIMUM","625","46,202","24379","OPTIMUM","625","46,907","24453","OPTIMUM","625","45,526","19792","OPTIMUM","625","46,507","20425"
"instance_40_25_4_10","OPTIMUM","606","48,508","47507","OPTIMUM","606","41,937","57840","OPTIMUM","606","49,614","57844","OPTIMUM","606","39,189","48071","OPTIMUM","606","36,633","22707","OPTIMUM","606","43,727","22711","OPTIMUM","606","39,737","18085","OPTIMUM","606","36,547","18649"
"instance_40_25_4_11","OPTIMUM","626","38,182","48216","OPTIMUM","626","42,208","58537","OPTIMUM","626","39,907","58537","OPTIMUM","626","37,181","48216","OPTIMUM","626","23,015","22960","OPTIMUM","626","23,052","22960","OPTIMUM","626","19,409","18190","OPTIMUM","626","17,602","18190"
"instance_40_25_4_12","OPTIMUM","623","41,431","49101","OPTIMUM","623","54,626","58738","OPTIMUM","623","47,606","58764","OPTIMUM","623","44,346","49672","OPTIMUM","623","48,073","21941","OPTIMUM","623","41,178","21967","OPTIMUM","623","32,286","17524","OPTIMUM","623","60,058","18095"
"instance_40_25_4_13","OPTIMUM","623","28,45","45313","OPTIMUM","623","32,588","55455","OPTIMUM","623","34,001","55455","OPTIMUM","623","32,098","45890","OPTIMUM","623","25,972","21963","OPTIMUM","623","26,359","21963","OPTIMUM","623","30,011","17066","OPTIMUM","623","23,326","17643"
"instance_40_25_4_14","OPTIMUM","617","52,48","56926","OPTIMUM","617","46,75","66746","OPTIMUM","617","47,183","66746","OPTIMUM","617","47,459","56926","OPTIMUM","617","43,889","24811","OPTIMUM","617","41,854","24811","OPTIMUM","617","47,075","20183","OPTIMUM","617","47,834","20183"
"instance_40_25_4_15","OPTIMUM","594","209,637","50494","OPTIMUM","594","166,931","60565","OPTIMUM","594","62,875","60573","OPTIMUM","594","97,32","51063","OPTIMUM","594","70,565","21609","OPTIMUM","594","62,522","21617","OPTIMUM","594","73,225","16991","OPTIMUM","594","56,466","17560"
"instance_40_25_4_16","OPTIMUM","587","35,298","47019","OPTIMUM","587","33,556","56824","OPTIMUM","587","34,278","56824","OPTIMUM","587","35,093","47568","OPTIMUM","587","29,528","22169","OPTIMUM","587","33,9","22169","OPTIMUM","587","30,51","17685","OPTIMUM","587","32,425","18234"
"instance_40_25_4_17","OPTIMUM","600","52,502","47805","OPTIMUM","600","52,419","57367","OPTIMUM","600","49,158","57367","OPTIMUM","600","54,962","48344","OPTIMUM","600","37,695","21277","OPTIMUM","600","50,656","21277","OPTIMUM","600","38,831","16911","OPTIMUM","600","43,657","17450"
"instance_40_25_4_18","OPTIMUM","600","30,998","48974","OPTIMUM","600","33,772","58639","OPTIMUM","600","34,799","58656","OPTIMUM","600","31,785","48991","OPTIMUM","600","27,268","22768","OPTIMUM","600","26,049","22785","OPTIMUM","600","23,292","18225","OPTIMUM","600","25,682","18242"
"instance_40_25_4_19","OPTIMUM","612","58,065","65303","OPTIMUM","612","62,193","74399","OPTIMUM","612","52,719","74399","OPTIMUM","612","53,247","65840","OPTIMUM","612","46,887","25064","OPTIMUM","612","47,945","25064","OPTIMUM","612","49,905","20715","OPTIMUM","612","52,115","21252"
"instance_40_25_4_2","OPTIMUM","590","34,73","46286","OPTIMUM","590","42,377","56906","OPTIMUM","590","35,643","56922","OPTIMUM","590","34,516","46302","OPTIMUM","590","29,874","21782","OPTIMUM","590","30,802","21798","OPTIMUM","590","29,086","16911","OPTIMUM","590","27,904","16927"
"instance_40_25_4_20","OPTIMUM","571","46,491","38433","OPTIMUM","571","47,203","48302","OPTIMUM","571","47,952","48302","OPTIMUM","571","40,266","38433","OPTIMUM","571","54,32","19113","OPTIMUM","571","53,062","19113","OPTIMUM","571","36,097","14556","OPTIMUM","571","48,406","14556"
"instance_40_25_4_21","OPTIMUM","609","46,349","56101","OPTIMUM","609","60,896","66421","OPTIMUM","609","60,14","66446","OPTIMUM","609","55,292","56684","OPTIMUM","609","57,201","24793","OPTIMUM","609","50,372","24818","OPTIMUM","609","39,916","20124","OPTIMUM","609","41,561","20707"
"instance_40_25_4_22","OPTIMUM","609","37,181","45638","OPTIMUM","609","47,472","55135","OPTIMUM","609","41,729","55135","OPTIMUM","609","35,73","46191","OPTIMUM","609","32,932","21669","OPTIMUM","609","33,108","21669","OPTIMUM","609","29,576","17014","OPTIMUM","609","30,768","17567"
"instance_40_25_4_23","OPTIMUM","613","67,075","50967","OPTIMUM","613","65,467","61542","OPTIMUM","613","67,23","61545","OPTIMUM","613","65,191","51536","OPTIMUM","613","54,68","23820","OPTIMUM","613","63,203","23823","OPTIMUM","613","55,628","18971","OPTIMUM","613","53,752","19540"
"instance_40_25_4_24","OPTIMUM","611","55,685","57311","OPTIMUM","611","57,08","67481","OPTIMUM","611","63,367","67500","OPTIMUM","611","53,476","57330","OPTIMUM","611","48,803","24633","OPTIMUM","611","54,723","24652","OPTIMUM","611","49,093","19943","OPTIMUM","611","42,843","19962"
"instance_40_25_4_25","OPTIMUM","620","31,248","45252","OPTIMUM","620","45,824","55158","OPTIMUM","620","36,258","55158","OPTIMUM","620","35,41","45814","OPTIMUM","620","34,992","21517","OPTIMUM","620","33,446","21517","OPTIMUM","620","20,721","16876","OPTIMUM","620","32,643","17438"
"instance_40_25_4_26","OPTIMUM","616","39,071","48156","OPTIMUM","616","40,791","59274","OPTIMUM","616","43,056","59311","OPTIMUM","616","39,509","48771","OPTIMUM","616","36,093","22399","OPTIMUM","616","37,799","22436","OPTIMUM","616","35,716","17447","OPTIMUM","616","46,79","18062"
"instance_40_25_4_27","OPTIMUM","586","34,299","46884","OPTIMUM","586","25,832","56826","OPTIMUM","586","30,332","56826","OPTIMUM","586","25,934","47436","OPTIMUM","586","22,827","22259","OPTIMUM","586","27,105","22259","OPTIMUM","586","21,988","17586","OPTIMUM","586","23,983","18138"
"instance_40_25_4_28","OPTIMUM","603","44,906","60300","OPTIMUM","603","51,595","71374","OPTIMUM","603","52,3","71374","OPTIMUM","603","50,839","60300","OPTIMUM","603","39,084","25185","OPTIMUM","603","45,933","25185","OPTIMUM","603","39,746","20189","OPTIMUM","603","42,38","20189"
"instance_40_25_4_29","OPTIMUM","617","35,057","49769","OPTIMUM","617","32,646","58892","OPTIMUM","617","34,846","58892","OPTIMUM","617","32,51","50306","OPTIMUM","617","30,209","21606","OPTIMUM","617","33,376","21606","OPTIMUM","617","28,48","17241","OPTIMUM","617","27,122","17778"
"instance_40_25_4_3","OPTIMUM","615","36,82","40622","OPTIMUM","615","41,542","52004","OPTIMUM","615","42,274","52010","OPTIMUM","615","38,176","40628","OPTIMUM","615","43,416","21027","OPTIMUM","615","36,443","21033","OPTIMUM","615","39,549","15888","OPTIMUM","615","41,233","15894"
"instance_40_25_4_30","OPTIMUM","629","54,941","57166","OPTIMUM","629","63,134","66159","OPTIMUM","629","61,81","66159","OPTIMUM","629","58,206","57166","OPTIMUM","629","44,599","24871","OPTIMUM","629","42,253","24871","OPTIMUM","629","49,78","20733","OPTIMUM","629","44,892","20733"
"instance_40_25_4_31","OPTIMUM","615","32,264","40703","OPTIMUM","615","38,775","51368","OPTIMUM","615","27,049","51368","OPTIMUM","615","26,595","41286","OPTIMUM","615","25,462","20779","OPTIMUM","615","23,671","20779","OPTIMUM","615","25,111","15846","OPTIMUM","615","30,318","16429"
"instance_40_25_4_32","OPTIMUM","619","50,278","56766","OPTIMUM","619","47,783","66308","OPTIMUM","619","53,219","66342","OPTIMUM","619","50,015","57373","OPTIMUM","619","44,118","24233","OPTIMUM","619","37,607","24267","OPTIMUM","619","37,425","19628","OPTIMUM","619","32,328","20235"
"instance_40_25_4_33","OPTIMUM","618","41,346","43771","OPTIMUM","618","40,72","54123","OPTIMUM","618","47,596","54162","OPTIMUM","618","43,588","43810","OPTIMUM","618","36,144","21830","OPTIMUM","618","37,441","21869","OPTIMUM","618","35,207","17041","OPTIMUM","618","40,791","17080"
"instance_40_25_4_34","OPTIMUM","613","44,282","48226","OPTIMUM","613","46,755","58628","OPTIMUM","613","37,106","58644","OPTIMUM","613","44,392","48242","OPTIMUM","613","34,622","22211","OPTIMUM","613","27,792","22227","OPTIMUM","613","34,865","17346","OPTIMUM","613","28,744","17362"
"instance_40_25_4_35","OPTIMUM","607","50,342","45753","OPTIMUM","607","42,15","54824","OPTIMUM","607","45,232","54824","OPTIMUM","607","50,724","45753","OPTIMUM","607","40,745","22929","OPTIMUM","607","44,22","22929","OPTIMUM","607","39,626","18493","OPTIMUM","607","38,819","18493"
"instance_40_25_4_36","OPTIMUM","627","27,815","50288","OPTIMUM","627","36,052","60102","OPTIMUM","627","35,76","60102","OPTIMUM","627","33,456","50288","OPTIMUM","627","33,816","23420","OPTIMUM","627","31,795","23420","OPTIMUM","627","53,079","18922","OPTIMUM","627","49,323","18922"
"instance_40_25_4_37","OPTIMUM","603","54,776","49953","OPTIMUM","603","45,417","59069","OPTIMUM","603","47,221","59069","OPTIMUM","603","49,278","49953","OPTIMUM","603","40,382","22201","OPTIMUM","603","41,689","22201","OPTIMUM","603","36,631","17992","OPTIMUM","603","37,942","17992"
"instance_40_25_4_38","OPTIMUM","613","42,181","46368","OPTIMUM","613","37,775","56569","OPTIMUM","613","41,545","56593","OPTIMUM","613","39,049","46937","OPTIMUM","613","34,537","22180","OPTIMUM","613","38,814","22204","OPTIMUM","613","34,366","17578","OPTIMUM","613","32,765","18147"
"instance_40_25_4_39","OPTIMUM","615","66,386","53285","OPTIMUM","615","71,336","63762","OPTIMUM","615","82,097","63803","OPTIMUM","615","69,167","53889","OPTIMUM","615","67,312","24711","OPTIMUM","615","64,582","24752","OPTIMUM","615","65,436","19976","OPTIMUM","615","61,982","20580"
"instance_40_25_4_4","OPTIMUM","623","54,13","47734","OPTIMUM","623","52,724","57867","OPTIMUM","623","59,627","57867","OPTIMUM","623","51,622","47734","OPTIMUM","623","31,849","22570","OPTIMUM","623","35,252","22570","OPTIMUM","623","34,105","17872","OPTIMUM","623","37,861","17872"
"instance_40_25_4_40","OPTIMUM","606","45,496","48759","OPTIMUM","606","44,281","58866","OPTIMUM","606","47,84","58867","OPTIMUM","606","44,139","49323","OPTIMUM","606","37,245","22973","OPTIMUM","606","39,763","22974","OPTIMUM","606","35,957","18257","OPTIMUM","606","36,83","18821"
"instance_40_25_4_41","OPTIMUM","626","48,466","55841","OPTIMUM","626","66,525","65159","OPTIMUM","626","90,093","65164","OPTIMUM","626","44,855","56415","OPTIMUM","626","41,378","24248","OPTIMUM","626","46,789","24253","OPTIMUM","626","45,195","19625","OPTIMUM","626","50,113","20199"
"instance_40_25_4_42","OPTIMUM","606","42,271","51868","OPTIMUM","606","65,76","62272","OPTIMUM","606","44,316","62298","OPTIMUM","606","44,844","51894","OPTIMUM","606","34,391","23037","OPTIMUM","606","37,06","23063","OPTIMUM","606","31,055","18345","OPTIMUM","606","34,716","18371"
"instance_40_25_4_43","OPTIMUM","612","35,725","57059","OPTIMUM","612","40,957","66601","OPTIMUM","612","38,421","66649","OPTIMUM","612","44,004","57667","OPTIMUM","612","32,788","24640","OPTIMUM","612","31,192","24688","OPTIMUM","612","31,899","20137","OPTIMUM","612","27,097","20745"
"instance_40_25_4_44","OPTIMUM","592","34,582","44251","OPTIMUM","592","50,793","54743","OPTIMUM","592","39,531","54743","OPTIMUM","592","41,037","44805","OPTIMUM","592","34,278","20330","OPTIMUM","592","33,776","20330","OPTIMUM","592","26,13","15676","OPTIMUM","592","29,277","16230"
"instance_40_25_4_45","OPTIMUM","624","54,468","52764","OPTIMUM","624","60,932","61932","OPTIMUM","624","56,545","62009","OPTIMUM","624","58,269","53392","OPTIMUM","624","46,583","23488","OPTIMUM","624","48,937","23565","OPTIMUM","624","44,639","19142","OPTIMUM","624","43,858","19770"
"instance_40_25_4_46","OPTIMUM","631","44,229","57855","OPTIMUM","631","47,867","67026","OPTIMUM","631","51,171","67070","OPTIMUM","631","43,998","57899","OPTIMUM","631","35,799","25252","OPTIMUM","631","35,61","25296","OPTIMUM","631","38,661","20892","OPTIMUM","631","40,958","20936"
"instance_40_25_4_47","OPTIMUM","567","47,834","50635","OPTIMUM","567","56,836","60222","OPTIMUM","567","62,129","60222","OPTIMUM","567","46,645","51187","OPTIMUM","567","39,669","23245","OPTIMUM","567","49,979","23245","OPTIMUM","567","43,571","18782","OPTIMUM","567","44,26","19334"
"instance_40_25_4_48","OPTIMUM","625","52,326","59815","OPTIMUM","625","54,633","70332","OPTIMUM","625","50,221","70332","OPTIMUM","625","48,261","59815","OPTIMUM","625","52,927","26126","OPTIMUM","625","45,584","26126","OPTIMUM","625","44,843","21419","OPTIMUM","625","46,232","21419"
"instance_40_25_4_49","OPTIMUM","615","30,226","42810","OPTIMUM","615","31,561","51835","OPTIMUM","615","29,258","51835","OPTIMUM","615","33,909","42810","OPTIMUM","615","22,325","21730","OPTIMUM","615","20,461","21730","OPTIMUM","615","21,904","17221","OPTIMUM","615","21,885","17221"
"instance_40_25_4_5","OPTIMUM","558","38,656","46944","OPTIMUM","558","48,82","56929","OPTIMUM","558","41,958","56949","OPTIMUM","558","39,629","46964","OPTIMUM","558","32,837","21389","OPTIMUM","558","33,139","21409","OPTIMUM","558","32,683","16745","OPTIMUM","558","36,806","16765"
"instance_40_25_4_50","OPTIMUM","618","39,206","51731","OPTIMUM","618","40,843","60841","OPTIMUM","618","47,588","60891","OPTIMUM","618","30,247","51781","OPTIMUM","618","22,777","23146","OPTIMUM","618","39,865","23196","OPTIMUM","618","29,433","18696","OPTIMUM","618","24,425","18746"
"instance_40_25_4_6","OPTIMUM","589","34,242","48071","OPTIMUM","589","33,718","57821","OPTIMUM","589","29,411","57821","OPTIMUM","589","28,927","48611","OPTIMUM","589","27,324","21741","OPTIMUM","589","25,858","21741","OPTIMUM","589","24,724","17208","OPTIMUM","589","23,068","17748"
"instance_40_25_4_7","OPTIMUM","614","36,368","52507","OPTIMUM","614","37,61","62597","OPTIMUM","614","38,802","62600","OPTIMUM","614","37,73","53071","OPTIMUM","614","34,055","24082","OPTIMUM","614","30,844","24085","OPTIMUM","614","37,128","19467","OPTIMUM","614","35,879","20031"
"instance_40_25_4_8","OPTIMUM","595","38,236","37795","OPTIMUM","595","37,815","47548","OPTIMUM","595","39,424","47548","OPTIMUM","595","34,317","37795","OPTIMUM","595","26,677","19818","OPTIMUM","595","26,72","19818","OPTIMUM","595","25,917","15194","OPTIMUM","595","25,878","15194"
"instance_40_25_4_9","OPTIMUM","602","68,828","57923","OPTIMUM","602","65,774","67954","OPTIMUM","602","71,681","67955","OPTIMUM","602","70,147","58486","OPTIMUM","602","63,435","23805","OPTIMUM","602","66,727","23806","OPTIMUM","602","69,542","19165","OPTIMUM","602","65,768","19728"
"instance_40_25_5_1","OPTIMUM","779","42,449","60026","OPTIMUM","779","44,156","75343","OPTIMUM","779","48,258","75369","OPTIMUM","779","35,973","60052","OPTIMUM","779","47,524","28230","OPTIMUM","779","68,529","28256","OPTIMUM","779","33,418","21784","OPTIMUM","779","58,348","21810"
"instance_40_25_5_10","OPTIMUM","772","78,306","79088","OPTIMUM","772","77,236","93701","OPTIMUM","772","72,012","93701","OPTIMUM","772","102,318","79088","OPTIMUM","772","50,701","33313","OPTIMUM","772","56,902","33313","OPTIMUM","772","47,328","26974","OPTIMUM","772","49,864","26974"
"instance_40_25_5_11","OPTIMUM","783","47,153","70383","OPTIMUM","783","59,976","84490","OPTIMUM","783","60,17","84526","OPTIMUM","783","44,509","71116","OPTIMUM","783","32,494","29689","OPTIMUM","783","35,477","29725","OPTIMUM","783","33,842","23605","OPTIMUM","783","35,871","24338"
"instance_40_25_5_12","OPTIMUM","781","66,07","68749","OPTIMUM","781","76,994","83848","OPTIMUM","781","74,111","83849","OPTIMUM","781","79,695","69466","OPTIMUM","781","60,63","29857","OPTIMUM","781","71,076","29858","OPTIMUM","781","59,263","23421","OPTIMUM","781","55,799","24138"
"instance_40_25_5_13","OPTIMUM","784","48,537","72182","OPTIMUM","784","54,4","85386","OPTIMUM","784","65,202","85445","OPTIMUM","784","52,505","72241","OPTIMUM","784","40,725","30957","OPTIMUM","784","52,438","31016","OPTIMUM","784","43,142","25078","OPTIMUM","784","52,984","25137"
"instance_40_25_5_14","OPTIMUM","781","69,248","83288","OPTIMUM","781","90,986","96700","OPTIMUM","781","99,26","96700","OPTIMUM","781","70,884","83288","OPTIMUM","781","78,22","33361","OPTIMUM","781","70,835","33361","OPTIMUM","781","88,157","27302","OPTIMUM","781","84,104","27302"
"instance_40_25_5_15","OPTIMUM","715","35,79","57220","OPTIMUM","715","64,216","71208","OPTIMUM","715","93,299","71230","OPTIMUM","715","58,285","57938","OPTIMUM","715","68,962","26877","OPTIMUM","715","62,678","26899","OPTIMUM","715","46,941","20662","OPTIMUM","715","28,189","21380"
"instance_40_25_5_16","OPTIMUM","759","50,281","69171","OPTIMUM","759","60,78","83951","OPTIMUM","759","46,428","83951","OPTIMUM","759","62,833","69873","OPTIMUM","759","60,793","29564","OPTIMUM","759","42,707","29564","OPTIMUM","759","37,655","23149","OPTIMUM","759","43,865","23851"
"instance_40_25_5_17","OPTIMUM","745","56,343","69117","OPTIMUM","745","66,06","82840","OPTIMUM","745","65,56","82840","OPTIMUM","745","59,331","69117","OPTIMUM","745","50,426","30663","OPTIMUM","745","52,347","30663","OPTIMUM","745","51,051","24595","OPTIMUM","745","53,696","24595"
"instance_40_25_5_18","OPTIMUM","784","68,083","69852","OPTIMUM","784","80,682","84295","OPTIMUM","784","85,092","84314","OPTIMUM","784","80,472","69871","OPTIMUM","784","62,014","29789","OPTIMUM","784","64,523","29808","OPTIMUM","784","70,967","23514","OPTIMUM","784","75,128","23533"
"instance_40_25_5_19","OPTIMUM","734","51,465","49086","OPTIMUM","734","52,957","63830","OPTIMUM","734","55,725","63830","OPTIMUM","734","50,01","49086","OPTIMUM","734","48,711","25154","OPTIMUM","734","58,195","25154","OPTIMUM","734","55,265","18773","OPTIMUM","734","57,543","18773"
"instance_40_25_5_2","OPTIMUM","775","43,856","66914","OPTIMUM","775","58,843","80762","OPTIMUM","775","57,955","80762","OPTIMUM","775","41,157","66914","OPTIMUM","775","28,868","29536","OPTIMUM","775","25,83","29536","OPTIMUM","775","27,98","23597","OPTIMUM","775","30,667","23597"
"instance_40_25_5_20","OPTIMUM","767","246,758","80264","OPTIMUM","767","120,217","95066","OPTIMUM","767","103,128","95144","OPTIMUM","767","95,293","81054","OPTIMUM","767","131,195","31345","OPTIMUM","767","99,087","31423","OPTIMUM","767","88,167","25053","OPTIMUM","767","144,023","25843"
"instance_40_25_5_21","OPTIMUM","758","51,417","62292","OPTIMUM","758","57,623","76483","OPTIMUM","758","61,684","76483","OPTIMUM","758","58,017","62993","OPTIMUM","758","34,202","30471","OPTIMUM","758","37,5","30471","OPTIMUM","758","55,403","24282","OPTIMUM","758","35,16","24983"
"instance_40_25_5_22","OPTIMUM","761","45,371","61938","OPTIMUM","761","47,867","75883","OPTIMUM","761","48,491","75883","OPTIMUM","761","42,744","61938","OPTIMUM","761","41,785","27152","OPTIMUM","761","44,41","27152","OPTIMUM","761","39,733","20896","OPTIMUM","761","38,672","20896"
"instance_40_25_5_23","OPTIMUM","769","93,369","89163","OPTIMUM","769","139,317","103218","OPTIMUM","769","82,092","103234","OPTIMUM","769","74,5","89861","OPTIMUM","769","100,149","31825","OPTIMUM","769","85,723","31841","OPTIMUM","769","71,825","25849","OPTIMUM","769","61,384","26547"
"instance_40_25_5_24","OPTIMUM","738","59,602","57075","OPTIMUM","738","53,252","71791","OPTIMUM","738","62,686","71810","OPTIMUM","738","60,451","57793","OPTIMUM","738","50,064","26746","OPTIMUM","738","47,741","26765","OPTIMUM","738","51,077","20435","OPTIMUM","738","42,087","21153"
"instance_40_25_5_25","OPTIMUM","761","49,921","62587","OPTIMUM","761","56,014","76506","OPTIMUM","761","61,896","76519","OPTIMUM","761","50,304","63290","OPTIMUM","761","46,686","27472","OPTIMUM","761","54,006","27485","OPTIMUM","761","47,268","21338","OPTIMUM","761","40,047","22041"
"instance_40_25_5_26","OPTIMUM","776","46,515","70394","OPTIMUM","776","71,33","84527","OPTIMUM","776","70,129","84527","OPTIMUM","776","46,887","70394","OPTIMUM","776","47,411","30662","OPTIMUM","776","41,974","30662","OPTIMUM","776","82,865","24509","OPTIMUM","776","77,461","24509"
"instance_40_25_5_27","OPTIMUM","739","60","54390","OPTIMUM","739","72,838","68368","OPTIMUM","739","65,516","68387","OPTIMUM","739","62,07","54409","OPTIMUM","739","53,196","26374","OPTIMUM","739","56,793","26393","OPTIMUM","739","50,426","20157","OPTIMUM","739","53,147","20176"
"instance_40_25_5_28","OPTIMUM","742","66,12","67956","OPTIMUM","742","86,813","82768","OPTIMUM","742","74,257","82768","OPTIMUM","742","72,659","67956","OPTIMUM","742","60,381","29263","OPTIMUM","742","63,92","29263","OPTIMUM","742","60,616","23009","OPTIMUM","742","67,367","23009"
"instance_40_25_5_29","OPTIMUM","746","84,515","60226","OPTIMUM","746","78,809","73261","OPTIMUM","746","63,486","73261","OPTIMUM","746","54,804","60895","OPTIMUM","746","49,619","27226","OPTIMUM","746","53,186","27226","OPTIMUM","746","53,055","21379","OPTIMUM","746","49,937","22048"
"instance_40_25_5_3","OPTIMUM","722","58,804","67826","OPTIMUM","722","63,198","81708","OPTIMUM","722","78,161","81756","OPTIMUM","722","69,177","68548","OPTIMUM","722","51,882","29209","OPTIMUM","722","119,519","29257","OPTIMUM","722","63,693","23064","OPTIMUM","722","67,395","23786"
"instance_40_25_5_30","OPTIMUM","766","90,245","73693","OPTIMUM","766","105,4","87735","OPTIMUM","766","114,818","87750","OPTIMUM","766","82,531","73708","OPTIMUM","766","85,3","32537","OPTIMUM","766","87,782","32552","OPTIMUM","766","80,476","26426","OPTIMUM","766","76,275","26441"
"instance_40_25_5_31","OPTIMUM","788","55,422","75834","OPTIMUM","788","79,219","90790","OPTIMUM","788","80,069","90829","OPTIMUM","788","69,752","76569","OPTIMUM","788","48,165","32046","OPTIMUM","788","74,623","32085","OPTIMUM","788","44,309","25714","OPTIMUM","788","49,166","26449"
"instance_40_25_5_32","OPTIMUM","710","73,319","68978","OPTIMUM","710","80,869","83000","OPTIMUM","710","96,382","83054","OPTIMUM","710","95,494","69721","OPTIMUM","710","86,89","29815","OPTIMUM","710","82,808","29869","OPTIMUM","710","82,893","23747","OPTIMUM","710","77,944","24490"
"instance_40_25_5_33","OPTIMUM","769","66,591","57519","OPTIMUM","769","73,386","72048","OPTIMUM","769","74,911","72048","OPTIMUM","769","73,228","57519","OPTIMUM","769","74,243","26359","OPTIMUM","769","73,766","26359","OPTIMUM","769","69,235","20016","OPTIMUM","769","62,955","20016"
"instance_40_25_5_34","OPTIMUM","764","82,416","74656","OPTIMUM","764","112,218","88323","OPTIMUM","764","71,075","88344","OPTIMUM","764","70,44","75349","OPTIMUM","764","77,19","29172","OPTIMUM","764","82,366","29193","OPTIMUM","764","64,828","23197","OPTIMUM","764","65,212","23890"
"instance_40_25_5_35","OPTIMUM","748","82,418","77181","OPTIMUM","748","85,117","90299","OPTIMUM","748","74,754","90299","OPTIMUM","748","72,077","77853","OPTIMUM","748","62,627","30353","OPTIMUM","748","70,411","30353","OPTIMUM","748","60,028","24420","OPTIMUM","748","63,417","25092"
"instance_40_25_5_36","OPTIMUM","788","29,206","63258","OPTIMUM","788","34,261","76927","OPTIMUM","788","54,041","76949","OPTIMUM","788","29,224","63280","OPTIMUM","788","37,783","29391","OPTIMUM","788","27,487","29413","OPTIMUM","788","25,939","23258","OPTIMUM","788","23,27","23280"
"instance_40_25_5_37","OPTIMUM","750","84,451","62122","OPTIMUM","750","124,456","76186","OPTIMUM","750","103,037","76186","OPTIMUM","750","80,02","62122","OPTIMUM","750","75,721","27415","OPTIMUM","750","68,73","27415","OPTIMUM","750","73,513","21443","OPTIMUM","750","71,705","21443"
"instance_40_25_5_38","OPTIMUM","736","71,875","66589","OPTIMUM","736","108,643","80090","OPTIMUM","736","72,589","80090","OPTIMUM","736","72,818","66589","OPTIMUM","736","59,401","28001","OPTIMUM","736","67,424","28001","OPTIMUM","736","58,117","22004","OPTIMUM","736","55,01","22004"
"instance_40_25_5_39","OPTIMUM","738","50,055","63147","OPTIMUM","738","52,594","77817","OPTIMUM","738","62,813","77817","OPTIMUM","738","57,727","63851","OPTIMUM","738","41,832","27199","OPTIMUM","738","56,195","27199","OPTIMUM","738","70,4","20848","OPTIMUM","738","58,165","21552"
"instance_40_25_5_4","OPTIMUM","779","48,778","81449","OPTIMUM","779","50,708","95278","OPTIMUM","779","47,38","95279","OPTIMUM","779","45,929","82146","OPTIMUM","779","37,502","30753","OPTIMUM","779","37,526","30754","OPTIMUM","779","34,917","24570","OPTIMUM","779","42,404","25267"
"instance_40_25_5_40","OPTIMUM","769","42,472","62742","OPTIMUM","769","45,765","76724","OPTIMUM","769","46,264","76724","OPTIMUM","769","43,258","62742","OPTIMUM","769","37,086","27970","OPTIMUM","769","38,065","27970","OPTIMUM","769","34,74","21756","OPTIMUM","769","33,043","21756"
"instance_40_25_5_41","OPTIMUM","765","55,878","77978","OPTIMUM","765","61,893","92811","OPTIMUM","765","57,3","92864","OPTIMUM","765","52,719","78031","OPTIMUM","765","59,085","30475","OPTIMUM","765","61,114","30528","OPTIMUM","765","39,504","24087","OPTIMUM","765","47,552","24140"
"instance_40_25_5_42","OPTIMUM","739","29,392","46366","OPTIMUM","739","36,201","61123","OPTIMUM","739","38,861","61147","OPTIMUM","739","36,249","46390","OPTIMUM","739","29,013","24795","OPTIMUM","739","35,163","24819","OPTIMUM","739","29,227","18520","OPTIMUM","739","25,623","18544"
"instance_40_25_5_43","OPTIMUM","766","92,807","62782","OPTIMUM","766","146,766","77148","OPTIMUM","766","105,178","77148","OPTIMUM","766","95,304","62782","OPTIMUM","766","102,522","27956","OPTIMUM","766","150,683","27956","OPTIMUM","766","84,272","21555","OPTIMUM","766","74,976","21555"
"instance_40_25_5_44","OPTIMUM","783","23,653","68769","OPTIMUM","783","33,039","81826","OPTIMUM","783","30,852","81845","OPTIMUM","783","29,204","68788","OPTIMUM","783","19,298","28973","OPTIMUM","783","20,505","28992","OPTIMUM","783","21,512","23018","OPTIMUM","783","19,736","23037"
"instance_40_25_5_45","OPTIMUM","705","66,769","77216","OPTIMUM","705","63,416","91444","OPTIMUM","705","61,071","91444","OPTIMUM","705","68,573","77216","OPTIMUM","705","55,497","30946","OPTIMUM","705","54,821","30946","OPTIMUM","705","55,935","24789","OPTIMUM","705","53,815","24789"
"instance_40_25_5_46","UNSATISFIABLE","","0,26","0","UNSATISFIABLE","","0,286","0","UNSATISFIABLE","","0,306","0","UNSATISFIABLE","","0,282","0","UNSATISFIABLE","","0,353","0","UNSATISFIABLE","","0,365","0","UNSATISFIABLE","","0,329","0","UNSATISFIABLE","","0,336","0"
"instance_40_25_5_47","OPTIMUM","782","90,718","76910","OPTIMUM","782","103,628","90691","OPTIMUM","782","124,904","90691","OPTIMUM","782","94,744","77613","OPTIMUM","782","89,887","32142","OPTIMUM","782","89,348","32142","OPTIMUM","782","86,078","25935","OPTIMUM","782","89,888","26638"
"instance_40_25_5_48","OPTIMUM","768","64,194","60949","OPTIMUM","768","52,684","76096","OPTIMUM","768","52,012","76132","OPTIMUM","768","48,435","60985","OPTIMUM","768","47,593","28937","OPTIMUM","768","51,067","28973","OPTIMUM","768","53,111","22482","OPTIMUM","768","40,861","22518"
"instance_40_25_5_49","OPTIMUM","720","170,929","66851","OPTIMUM","720","195,061","81535","TIMEOUT","","300,13","0","OPTIMUM","720","245,656","67568","OPTIMUM","720","160,921","29177","OPTIMUM","720","179,106","29186","OPTIMUM","720","216,087","22798","OPTIMUM","720","249,779","23515"
"instance_40_25_5_5","OPTIMUM","781","64,768","80184","OPTIMUM","781","81,181","94566","OPTIMUM","781","76,023","94566","OPTIMUM","781","66,334","80184","OPTIMUM","781","56,515","32060","OPTIMUM","781","62,244","32060","OPTIMUM","781","63,136","26007","OPTIMUM","781","62,972","26007"
"instance_40_25_5_50","OPTIMUM","786","79,083","84140","OPTIMUM","786","116,656","97365","OPTIMUM","786","108,373","97365","OPTIMUM","786","71,709","84825","OPTIMUM","786","77,292","34225","OPTIMUM","786","77,39","34225","OPTIMUM","786","69,101","28287","OPTIMUM","786","73,117","28972"
"instance_40_25_5_6","OPTIMUM","768","61,944","72068","OPTIMUM","768","76,579","86216","OPTIMUM","768","70,804","86216","OPTIMUM","768","59,895","72068","OPTIMUM","768","67,706","30338","OPTIMUM","768","63,942","30338","OPTIMUM","768","53,943","24279","OPTIMUM","768","51,469","24279"
"instance_40_25_5_7","OPTIMUM","784","66,562","66009","OPTIMUM","784","61,907","78784","OPTIMUM","784","58,273","78784","OPTIMUM","784","70,271","66009","OPTIMUM","784","54,45","29555","OPTIMUM","784","55,598","29555","OPTIMUM","784","50,795","23801","OPTIMUM","784","53,977","23801"
"instance_40_25_5_8","OPTIMUM","768","53,005","63217","","","","","OPTIMUM","768","142,213","78021","OPTIMUM","768","62,008","63241","OPTIMUM","768","52,127","27952","OPTIMUM","768","44,173","27976","OPTIMUM","768","49,84","21609","OPTIMUM","768","40,762","21633"
"instance_40_25_5_9","OPTIMUM","775","63,23","59478","","","","","","","","","OPTIMUM","775","75,121","59504","OPTIMUM","775","62,44","29059","OPTIMUM","775","62,369","29085","OPTIMUM","775","55,562","22727","OPTIMUM","775","55,269","22753"