"cfg_id","label","instance_name","cardinality","ic","sb","status","elapsed_s","solve_s","variables","hard_clauses","soft_clauses","best_value","similarity","continuity","overtime","coverage"
"1","ORIGINAL","instance_30_10_4_1","sorting-network","none","none","OPTIMUM","11,31394","11,27919","15458","60139","1441","416","421","5","0","120"
"1","ORIGINAL","instance_30_10_4_10","sorting-network","none","none","OPTIMUM","10,95924","10,92472","17109","59733","1399","403","410","7","0","120"
"1","ORIGINAL","instance_30_10_4_11","sorting-network","none","none","OPTIMUM","16,83621","16,80349","16332","56268","1413","390","401","11","0","120"
"1","ORIGINAL","instance_30_10_4_12","sorting-network","none","none","OPTIMUM","18,55587","18,52083","16412","60849","1360","387","394","7","0","120"
"1","ORIGINAL","instance_30_10_4_13","sorting-network","none","none","UNSATISFIABLE","0,044755","0","0","0","0","","","","","120"
"1","ORIGINAL","instance_30_10_4_14","sorting-network","none","none","UNSATISFIABLE","0,048484","0","0","0","0","","","","","120"
"1","ORIGINAL","instance_30_10_4_15","sorting-network","none","none","UNSATISFIABLE","0,025742","0","0","0","0","","","","","120"
"1","ORIGINAL","instance_30_10_4_16","sorting-network","none","none","OPTIMUM","8,812204","8,769184","17677","67347","1562","431","436","5","0","120"
"1","ORIGINAL","instance_30_10_4_17","sorting-network","none","none","OPTIMUM","4,447372","4,420475","10648","38043","1291","400","401","1","0","120"
"1","ORIGINAL","instance_30_10_4_18","sorting-network","none","none","OPTIMUM","5,585103","5,558308","11434","40931","1382","408","414","6","0","120"
"1","ORIGINAL","instance_30_10_4_19","sorting-network","none","none","UNSATISFIABLE","0,064742","0","0","0","0","","","","","120"
"1","ORIGINAL","instance_30_10_4_2","sorting-network","none","none","UNSATISFIABLE","0,076017","0","0","0","0","","","","","120"
"1","ORIGINAL","instance_30_10_4_20","sorting-network","none","none","UNSATISFIABLE","0,047542","0","0","0","0","","","","","120"
"1","ORIGINAL","instance_30_10_4_21","sorting-network","none","none","UNSATISFIABLE","0,075886","0","0","0","0","","","","","120"
"1","ORIGINAL","instance_30_10_4_22","sorting-network","none","none","UNSATISFIABLE","0,051089","0","0","0","0","","","","","120"
"1","ORIGINAL","instance_30_10_4_23","sorting-network","none","none","OPTIMUM","10,08751","10,05116","17744","62868","1499","379","382","3","0","120"
"1","ORIGINAL","instance_30_10_4_24","sorting-network","none","none","OPTIMUM","3,716942","3,686884","13402","49470","1375","387","393","6","0","120"
"1","ORIGINAL","instance_30_10_4_25","sorting-network","none","none","OPTIMUM","15,75038","15,70636","17704","68453","1435","444","446","2","0","120"
"1","ORIGINAL","instance_30_10_4_26","sorting-network","none","none","UNSATISFIABLE","0,079312","0","0","0","0","","","","","120"
"1","ORIGINAL","instance_30_10_4_27","sorting-network","none","none","OPTIMUM","16,09178","16,06248","13839","44708","1374","390","402","12","0","120"
"1","ORIGINAL","instance_30_10_4_28","sorting-network","none","none","UNSATISFIABLE","0,027428","0","0","0","0","","","","","120"
"1","ORIGINAL","instance_30_10_4_29","sorting-network","none","none","UNSATISFIABLE","0,049001","0","0","0","0","","","","","120"
"1","ORIGINAL","instance_30_10_4_3","sorting-network","none","none","UNSATISFIABLE","0,049689","0","0","0","0","","","","","120"
"1","ORIGINAL","instance_30_10_4_30","sorting-network","none","none","OPTIMUM","16,46146","16,42486","18708","63200","1482","396","405","9","0","120"
"1","ORIGINAL","instance_30_10_4_31","sorting-network","none","none","OPTIMUM","9,983316","9,951564","14443","50532","1318","372","381","9","0","120"
"1","ORIGINAL","instance_30_10_4_32","sorting-network","none","none","OPTIMUM","10,20679","10,17307","15717","58369","1493","423","424","1","0","120"
"1","ORIGINAL","instance_30_10_4_33","sorting-network","none","none","OPTIMUM","14,52008","14,48731","14662","56321","1416","434","435","1","0","120"
"1","ORIGINAL","instance_30_10_4_34","sorting-network","none","none","UNSATISFIABLE","0,049976","0","0","0","0","","","","","120"
"1","ORIGINAL","instance_30_10_4_35","sorting-network","none","none","UNSATISFIABLE","0,047208","0","0","0","0","","","","","120"
"1","ORIGINAL","instance_30_10_4_36","sorting-network","none","none","OPTIMUM","23,23715","23,19966","17953","64090","1497","401","406","5","0","120"
"1","ORIGINAL","instance_30_10_4_37","sorting-network","none","none","OPTIMUM","11,78375","11,75002","15129","59689","1457","440","444","4","0","120"
"1","ORIGINAL","instance_30_10_4_38","sorting-network","none","none","UNSATISFIABLE","0,050927","0","0","0","0","","","","","120"
"1","ORIGINAL","instance_30_10_4_39","sorting-network","none","none","UNSATISFIABLE","0,046147","0","0","0","0","","","","","120"
"1","ORIGINAL","instance_30_10_4_4","sorting-network","none","none","OPTIMUM","9,991069","9,959018","14595","56747","1419","427","430","3","0","120"
"1","ORIGINAL","instance_30_10_4_40","sorting-network","none","none","UNSATISFIABLE","0,058153","0","0","0","0","","","","","120"
"1","ORIGINAL","instance_30_10_4_41","sorting-network","none","none","OPTIMUM","7,301231","7,282924","8502","27704","1236","350","356","6","0","120"
"1","ORIGINAL","instance_30_10_4_42","sorting-network","none","none","UNSATISFIABLE","0,049442","0","0","0","0","","","","","120"
"1","ORIGINAL","instance_30_10_4_43","sorting-network","none","none","OPTIMUM","17,59436","17,55832","18422","61900","1427","412","419","7","0","120"
"1","ORIGINAL","instance_30_10_4_44","sorting-network","none","none","UNSATISFIABLE","0,088301","0","0","0","0","","","","","120"
"1","ORIGINAL","instance_30_10_4_45","sorting-network","none","none","OPTIMUM","5,549666","5,517117","14403","53425","1363","365","371","6","0","120"
"1","ORIGINAL","instance_30_10_4_46","sorting-network","none","none","UNSATISFIABLE","0,027999","0","0","0","0","","","","","120"
"1","ORIGINAL","instance_30_10_4_47","sorting-network","none","none","OPTIMUM","11,59394","11,56667","11712","40948","1390","395","399","4","0","120"
"1","ORIGINAL","instance_30_10_4_48","sorting-network","none","none","OPTIMUM","6,256806","6,23277","10175","32944","1309","375","377","2","0","120"
"1","ORIGINAL","instance_30_10_4_49","sorting-network","none","none","UNSATISFIABLE","0,086159","0","0","0","0","","","","","120"
"1","ORIGINAL","instance_30_10_4_5","sorting-network","none","none","OPTIMUM","20,58137","20,55196","13334","49344","1452","418","422","4","0","120"
"1","ORIGINAL","instance_30_10_4_50","sorting-network","none","none","UNSATISFIABLE","0,049703","0","0","0","0","","","","","120"
"1","ORIGINAL","instance_30_10_4_6","sorting-network","none","none","OPTIMUM","10,40899","10,37519","15363","57534","1451","388","389","1","0","120"
"1","ORIGINAL","instance_30_10_4_7","sorting-network","none","none","UNSATISFIABLE","0,049064","0","0","0","0","","","","","120"
"1","ORIGINAL","instance_30_10_4_8","sorting-network","none","none","OPTIMUM","26,79987","26,76254","15326","52352","1365","414","421","7","0","120"
"1","ORIGINAL","instance_30_10_4_9","sorting-network","none","none","UNSATISFIABLE","0,04924","0","0","0","0","","","","","120"
"1","ORIGINAL","instance_30_10_5_1","sorting-network","none","none","OPTIMUM","20,32851","20,29099","17088","60932","1608","496","499","3","0","120"
"1","ORIGINAL","instance_30_10_5_10","sorting-network","none","none","OPTIMUM","17,63742","17,60068","17488","62411","1703","480","485","5","0","120"
"1","ORIGINAL","instance_30_10_5_11","sorting-network","none","none","UNSATISFIABLE","0,050509","0","0","0","0","","","","","120"
"1","ORIGINAL","instance_30_10_5_12","sorting-network","none","none","UNSATISFIABLE","0,056651","0","0","0","0","","","","","120"
"1","ORIGINAL","instance_30_10_5_13","sorting-network","none","none","UNSATISFIABLE","0,12397","0","0","0","0","","","","","120"
"1","ORIGINAL","instance_30_10_5_14","sorting-network","none","none","UNSATISFIABLE","0,15342","0","0","0","0","","","","","120"
"1","ORIGINAL","instance_30_10_5_15","sorting-network","none","none","UNSATISFIABLE","0,159229","0","0","0","0","","","","","120"
"1","ORIGINAL","instance_30_10_5_16","sorting-network","none","none","OPTIMUM","45,23709","45,18441","24354","86799","1637","489","499","10","0","120"
"1","ORIGINAL","instance_30_10_5_17","sorting-network","none","none","OPTIMUM","31,07761","31,04585","15288","52155","1568","492","504","12","0","120"
"1","ORIGINAL","instance_30_10_5_18","sorting-network","none","none","OPTIMUM","27,77731","27,72429","23695","89459","1770","519","525","6","0","120"
"1","ORIGINAL","instance_30_10_5_19","sorting-network","none","none","UNSATISFIABLE","0,047586","0","0","0","0","","","","","120"
"1","ORIGINAL","instance_30_10_5_2","sorting-network","none","none","UNSATISFIABLE","0,100576","0","0","0","0","","","","","120"
"1","ORIGINAL","instance_30_10_5_20","sorting-network","none","none","UNSATISFIABLE","0,103235","0","0","0","0","","","","","120"
"1","ORIGINAL","instance_30_10_5_21","sorting-network","none","none","UNSATISFIABLE","0,051066","0","0","0","0","","","","","120"
"1","ORIGINAL","instance_30_10_5_22","sorting-network","none","none","OPTIMUM","23,07784","23,02896","21803","80472","1772","497","502","5","0","120"
"1","ORIGINAL","instance_30_10_5_23","sorting-network","none","none","UNSATISFIABLE","0,049843","0","0","0","0","","","","","120"
"1","ORIGINAL","instance_30_10_5_24","sorting-network","none","none","UNSATISFIABLE","0,081516","0","0","0","0","","","","","120"
"1","ORIGINAL","instance_30_10_5_25","sorting-network","none","none","UNSATISFIABLE","0,080219","0","0","0","0","","","","","120"
"1","ORIGINAL","instance_30_10_5_26","sorting-network","none","none","UNSATISFIABLE","0,046588","0","0","0","0","","","","","120"
"1","ORIGINAL","instance_30_10_5_27","sorting-network","none","none","UNSATISFIABLE","0,090707","0","0","0","0","","","","","120"
"1","ORIGINAL","instance_30_10_5_28","sorting-network","none","none","UNSATISFIABLE","0,048062","0","0","0","0","","","","","120"
"1","ORIGINAL","instance_30_10_5_29","sorting-network","none","none","UNSATISFIABLE","0,047183","0","0","0","0","","","","","120"
"1","ORIGINAL","instance_30_10_5_3","sorting-network","none","none","OPTIMUM","25,4974","25,44886","21299","83508","1670","479","486","7","0","120"
"1","ORIGINAL","instance_30_10_5_30","sorting-network","none","none","UNSATISFIABLE","0,054911","0","0","0","0","","","","","120"
"1","ORIGINAL","instance_30_10_5_31","sorting-network","none","none","OPTIMUM","21,8842","21,85093","16619","56762","1535","517","523","6","0","120"
"1","ORIGINAL","instance_30_10_5_32","sorting-network","none","none","OPTIMUM","31,54661","31,49964","21243","77243","1811","550","555","5","0","120"
"1","ORIGINAL","instance_30_10_5_33","sorting-network","none","none","OPTIMUM","17,70169","17,63686","28821","119777","1881","553","554","1","0","120"
"1","ORIGINAL","instance_30_10_5_34","sorting-network","none","none","OPTIMUM","33,74259","33,69172","23181","77905","1772","479","495","16","0","120"
"1","ORIGINAL","instance_30_10_5_35","sorting-network","none","none","OPTIMUM","50,27696","50,22986","21801","73193","1737","499","504","5","0","120"
"1","ORIGINAL","instance_30_10_5_36","sorting-network","none","none","OPTIMUM","32,18923","32,13077","28064","98161","1838","492","503","11","0","120"
"1","ORIGINAL","instance_30_10_5_37","sorting-network","none","none","OPTIMUM","4,439927","4,41108","13069","44086","1495","494","495","1","0","120"
"1","ORIGINAL","instance_30_10_5_38","sorting-network","none","none","OPTIMUM","31,98865","31,94377","18445","67795","1727","524","528","4","0","120"
"1","ORIGINAL","instance_30_10_5_39","sorting-network","none","none","OPTIMUM","15,29279","15,2484","17381","67651","1757","522","524","2","0","120"
"1","ORIGINAL","instance_30_10_5_4","sorting-network","none","none","UNSATISFIABLE","0,0483","0","0","0","0","","","","","120"
"1","ORIGINAL","instance_30_10_5_40","sorting-network","none","none","UNSATISFIABLE","0,051307","0","0","0","0","","","","","120"
"1","ORIGINAL","instance_30_10_5_41","sorting-network","none","none","UNSATISFIABLE","0,064482","0","0","0","0","","","","","120"
"1","ORIGINAL","instance_30_10_5_42","sorting-network","none","none","OPTIMUM","28,52243","28,47246","24099","88733","1785","484","492","8","0","120"
"1","ORIGINAL","instance_30_10_5_43","sorting-network","none","none","UNSATISFIABLE","0,047888","0","0","0","0","","","","","120"
"1","ORIGINAL","instance_30_10_5_44","sorting-network","none","none","UNSATISFIABLE","0,17373","0","0","0","0","","","","","120"
"1","ORIGINAL","instance_30_10_5_45","sorting-network","none","none","UNSATISFIABLE","0,052165","0","0","0","0","","","","","120"
"1","ORIGINAL","instance_30_10_5_46","sorting-network","none","none","UNSATISFIABLE","0,042635","0","0","0","0","","","","","120"
"1","ORIGINAL","instance_30_10_5_47","sorting-network","none","none","UNSATISFIABLE","0,045054","0","0","0","0","","","","","120"
"1","ORIGINAL","instance_30_10_5_48","sorting-network","none","none","OPTIMUM","64,7526","64,71751","17131","59191","1619","483","490","7","0","120"
"1","ORIGINAL","instance_30_10_5_49","sorting-network","none","none","TIMEOUT","300,1132","0","0","0","0","","","","","120"
"1","ORIGINAL","instance_30_10_5_5","sorting-network","none","none","UNSATISFIABLE","0,052751","0","0","0","0","","","","","120"
"1","ORIGINAL","instance_30_10_5_50","sorting-network","none","none","UNSATISFIABLE","0,055465","0","0","0","0","","","","","120"
"1","ORIGINAL","instance_30_10_5_6","sorting-network","none","none","UNSATISFIABLE","0,053108","0","0","0","0","","","","","120"
"1","ORIGINAL","instance_30_10_5_7","sorting-network","none","none","UNSATISFIABLE","0,099596","0","0","0","0","","","","","120"
"1","ORIGINAL","instance_30_10_5_8","sorting-network","none","none","OPTIMUM","7,85753","7,814302","17840","66117","1637","536","537","1","0","120"
"1","ORIGINAL","instance_30_10_5_9","sorting-network","none","none","OPTIMUM","23,30802","23,27377","15490","54397","1426","481","494","13","0","120"
"1","ORIGINAL","instance_30_15_4_1","sorting-network","none","none","OPTIMUM","20,74249","20,68459","23718","91368","2189","443","447","4","0","120"
"1","ORIGINAL","instance_30_15_4_10","sorting-network","none","none","OPTIMUM","12,896","12,84547","20595","74262","2088","418","426","8","0","120"
"1","ORIGINAL","instance_30_15_4_11","sorting-network","none","none","OPTIMUM","47,1282","47,08567","17259","64204","1814","410","414","4","0","120"
"1","ORIGINAL","instance_30_15_4_12","sorting-network","none","none","OPTIMUM","11,20036","11,15083","19122","70821","1970","440","443","3","0","120"
"1","ORIGINAL","instance_30_15_4_13","sorting-network","none","none","OPTIMUM","7,832029","7,794952","15023","53115","1728","383","388","5","0","120"
"1","ORIGINAL","instance_30_15_4_14","sorting-network","none","none","OPTIMUM","15,92568","15,87643","17661","72265","2034","412","423","11","0","120"
"1","ORIGINAL","instance_30_15_4_15","sorting-network","none","none","OPTIMUM","15,34788","15,29015","24561","95253","2095","448","452","4","0","120"
"1","ORIGINAL","instance_30_15_4_16","sorting-network","none","none","OPTIMUM","10,31584","10,27802","15966","55805","1901","399","402","3","0","120"
"1","ORIGINAL","instance_30_15_4_17","sorting-network","none","none","OPTIMUM","9,032691","8,982524","18832","70136","2046","422","426","4","0","120"
"1","ORIGINAL","instance_30_15_4_18","sorting-network","none","none","OPTIMUM","21,47157","21,40411","26093","113105","2186","458","463","5","0","120"
"1","ORIGINAL","instance_30_15_4_19","sorting-network","none","none","OPTIMUM","8,368626","8,32823","15958","61007","1815","416","424","8","0","120"
"1","ORIGINAL","instance_30_15_4_2","sorting-network","none","none","OPTIMUM","9,349312","9,318227","11865","41052","1847","374","377","3","0","120"
"1","ORIGINAL","instance_30_15_4_20","sorting-network","none","none","OPTIMUM","7,933399","7,899214","14212","50321","1998","428","434","6","0","120"
"1","ORIGINAL","instance_30_15_4_21","sorting-network","none","none","UNSATISFIABLE","0,054914","0","0","0","0","","","","","120"
"1","ORIGINAL","instance_30_15_4_22","sorting-network","none","none","OPTIMUM","2,346751","2,307649","16781","62531","1889","428","435","7","0","120"
"1","ORIGINAL","instance_30_15_4_23","sorting-network","none","none","OPTIMUM","14,42637","14,36734","24252","94909","2117","438","443","5","0","120"
"1","ORIGINAL","instance_30_15_4_24","sorting-network","none","none","OPTIMUM","15,55535","15,50195","21319","84549","2136","447","450","3","0","120"
"1","ORIGINAL","instance_30_15_4_25","sorting-network","none","none","OPTIMUM","9,117488","9,068887","19875","66942","2013","408","411","3","0","120"
"1","ORIGINAL","instance_30_15_4_26","sorting-network","none","none","OPTIMUM","12,54572","12,49148","21135","79844","2081","437","441","4","0","120"
"1","ORIGINAL","instance_30_15_4_27","sorting-network","none","none","OPTIMUM","10,43018","10,38133","19195","73280","2004","410","415","5","0","120"
"1","ORIGINAL","instance_30_15_4_28","sorting-network","none","none","OPTIMUM","31,63318","31,58167","19855","78097","1980","421","427","6","0","120"
"1","ORIGINAL","instance_30_15_4_29","sorting-network","none","none","OPTIMUM","10,68774","10,65733","11914","41708","1741","405","410","5","0","120"
"1","ORIGINAL","instance_30_15_4_3","sorting-network","none","none","OPTIMUM","20,90739","20,85031","21697","89879","2089","438","442","4","0","120"
"1","ORIGINAL","instance_30_15_4_30","sorting-network","none","none","OPTIMUM","26,39093","26,33281","24116","96207","2120","437","442","5","0","120"
"1","ORIGINAL","instance_30_15_4_31","sorting-network","none","none","OPTIMUM","19,104","19,04969","22307","88428","2095","412","419","7","0","120"
"1","ORIGINAL","instance_30_15_4_32","sorting-network","none","none","OPTIMUM","21,34635","21,29506","18527","78950","1995","387","390","3","0","120"
"1","ORIGINAL","instance_30_15_4_33","sorting-network","none","none","OPTIMUM","27,35836","27,30177","23085","88756","2127","435","438","3","0","120"
"1","ORIGINAL","instance_30_15_4_34","sorting-network","none","none","OPTIMUM","12,69726","12,64458","20077","84577","2078","399","401","2","0","120"
"1","ORIGINAL","instance_30_15_4_35","sorting-network","none","none","UNSATISFIABLE","0,079905","0","0","0","0","","","","","120"
"1","ORIGINAL","instance_30_15_4_36","sorting-network","none","none","OPTIMUM","13,50212","13,44935","20700","83453","1952","433","437","4","0","120"
"1","ORIGINAL","instance_30_15_4_37","sorting-network","none","none","OPTIMUM","20,91427","20,8641","18805","71518","2075","427","432","5","0","120"
"1","ORIGINAL","instance_30_15_4_38","sorting-network","none","none","OPTIMUM","11,93379","11,885","18478","70203","1928","402","405","3","0","120"
"1","ORIGINAL","instance_30_15_4_39","sorting-network","none","none","OPTIMUM","7,233248","7,178702","21472","84836","2104","447","450","3","0","120"
"1","ORIGINAL","instance_30_15_4_4","sorting-network","none","none","OPTIMUM","34,12728","34,06662","24451","98704","2259","451","453","2","0","120"
"1","ORIGINAL","instance_30_15_4_40","sorting-network","none","none","OPTIMUM","10,65881","10,606","20687","80511","1913","450","450","0","0","120"
"1","ORIGINAL","instance_30_15_4_41","sorting-network","none","none","OPTIMUM","11,19154","11,1236","26090","119539","2293","443","444","1","0","120"
"1","ORIGINAL","instance_30_15_4_42","sorting-network","none","none","OPTIMUM","26,33895","26,27565","26236","102155","2228","437","442","5","0","120"
"1","ORIGINAL","instance_30_15_4_43","sorting-network","none","none","OPTIMUM","30,47491","30,42081","21359","85446","2007","423","430","7","0","120"
"1","ORIGINAL","instance_30_15_4_44","sorting-network","none","none","UNSATISFIABLE","0,058563","0","0","0","0","","","","","120"
"1","ORIGINAL","instance_30_15_4_45","sorting-network","none","none","OPTIMUM","17,39992","17,33838","24627","101550","2171","422","426","4","0","120"
"1","ORIGINAL","instance_30_15_4_46","sorting-network","none","none","OPTIMUM","17,92129","17,86615","21502","87962","2083","450","453","3","0","120"
"1","ORIGINAL","instance_30_15_4_47","sorting-network","none","none","OPTIMUM","26,56618","26,51827","18215","69239","2054","428","432","4","0","120"
"1","ORIGINAL","instance_30_15_4_48","sorting-network","none","none","OPTIMUM","16,37039","16,31975","19426","73592","1979","431","434","3","0","120"
"1","ORIGINAL","instance_30_15_4_49","sorting-network","none","none","OPTIMUM","21,60492","21,54953","23874","86649","1997","436","441","5","0","120"
"1","ORIGINAL","instance_30_15_4_5","sorting-network","none","none","OPTIMUM","18,40813","18,35725","20432","75661","1863","421","430","9","0","120"
"1","ORIGINAL","instance_30_15_4_50","sorting-network","none","none","OPTIMUM","5,711314","5,672919","16627","58362","1841","404","415","11","0","120"
"1","ORIGINAL","instance_30_15_4_6","sorting-network","none","none","OPTIMUM","7,116848","7,082372","14463","53575","1949","441","445","4","0","120"
"1","ORIGINAL","instance_30_15_4_7","sorting-network","none","none","UNSATISFIABLE","0,091239","0","0","0","0","","","","","120"
"1","ORIGINAL","instance_30_15_4_8","sorting-network","none","none","UNSATISFIABLE","0,083057","0","0","0","0","","","","","120"
"1","ORIGINAL","instance_30_15_4_9","sorting-network","none","none","OPTIMUM","10,05014","10,00778","18494","64869","1844","402","408","6","0","120"
"1","ORIGINAL","instance_30_15_5_1","sorting-network","none","none","OPTIMUM","32,29772","32,20358","35398","149422","2654","551","555","4","0","120"
"1","ORIGINAL","instance_30_15_5_10","sorting-network","none","none","UNSATISFIABLE","0,173899","0","0","0","0","","","","","120"
"1","ORIGINAL","instance_30_15_5_11","sorting-network","none","none","OPTIMUM","34,95003","34,88458","28850","105230","2458","540","549","9","0","120"
"1","ORIGINAL","instance_30_15_5_12","sorting-network","none","none","OPTIMUM","24,82002","24,71869","41008","165353","2724","570","572","2","0","120"
"1","ORIGINAL","instance_30_15_5_13","sorting-network","none","none","OPTIMUM","23,87392","23,78324","33543","135071","2479","561","570","9","0","120"
"1","ORIGINAL","instance_30_15_5_14","sorting-network","none","none","OPTIMUM","33,97293","33,90803","26174","100756","2379","534","546","12","0","120"
"1","ORIGINAL","instance_30_15_5_15","sorting-network","none","none","OPTIMUM","28,33233","28,24266","31111","137950","2570","546","548","2","0","120"
"1","ORIGINAL","instance_30_15_5_16","sorting-network","none","none","OPTIMUM","37,75582","37,68473","32604","116097","2439","480","494","14","0","120"
"1","ORIGINAL","instance_30_15_5_17","sorting-network","none","none","OPTIMUM","19,93657","19,87793","21673","89553","2281","548","551","3","0","120"
"1","ORIGINAL","instance_30_15_5_18","sorting-network","none","none","OPTIMUM","29,28174","29,21959","26875","98803","2331","528","529","1","0","120"
"1","ORIGINAL","instance_30_15_5_19","sorting-network","none","none","OPTIMUM","39,6104","39,5397","29611","117828","2619","530","535","5","0","120"
"1","ORIGINAL","instance_30_15_5_2","sorting-network","none","none","OPTIMUM","28,95729","28,86834","32547","132154","2356","554","558","4","0","120"
"1","ORIGINAL","instance_30_15_5_20","sorting-network","none","none","UNSATISFIABLE","0,265701","0","0","0","0","","","","","120"
"1","ORIGINAL","instance_30_15_5_21","sorting-network","none","none","OPTIMUM","38,78476","38,71793","27551","110173","2476","511","515","4","0","120"
"1","ORIGINAL","instance_30_15_5_22","sorting-network","none","none","OPTIMUM","20,40386","20,31532","33461","132663","2602","539","545","6","0","120"
"1","ORIGINAL","instance_30_15_5_23","sorting-network","none","none","OPTIMUM","40,08582","39,99774","34174","131089","2661","540","546","6","0","120"
"1","ORIGINAL","instance_30_15_5_24","sorting-network","none","none","OPTIMUM","28,69827","28,61085","33042","135353","2610","566","569","3","0","120"
"1","ORIGINAL","instance_30_15_5_25","sorting-network","none","none","OPTIMUM","24,05581","23,9871","29001","109856","2365","541","545","4","0","120"
"1","ORIGINAL","instance_30_15_5_26","sorting-network","none","none","UNSATISFIABLE","0,296258","0","0","0","0","","","","","120"
"1","ORIGINAL","instance_30_15_5_27","sorting-network","none","none","TIMEOUT","300,1183","0","0","0","0","","","","","120"
"1","ORIGINAL","instance_30_15_5_28","sorting-network","none","none","OPTIMUM","25,46477","25,36531","37097","157396","2491","561","565","4","0","120"
"1","ORIGINAL","instance_30_15_5_29","sorting-network","none","none","OPTIMUM","55,50808","55,41203","35492","154171","2730","550","551","1","0","120"
"1","ORIGINAL","instance_30_15_5_3","sorting-network","none","none","OPTIMUM","7,950238","7,898723","18963","72271","2307","515","520","5","0","120"
"1","ORIGINAL","instance_30_15_5_30","sorting-network","none","none","OPTIMUM","8,545281","8,496122","19596","65879","2205","440","448","8","0","120"
"1","ORIGINAL","instance_30_15_5_31","sorting-network","none","none","OPTIMUM","22,77445","22,71421","24085","94660","2239","522","533","11","0","120"
"1","ORIGINAL","instance_30_15_5_32","sorting-network","none","none","OPTIMUM","13,83037","13,77591","19796","74967","2299","509","519","10","0","120"
"1","ORIGINAL","instance_30_15_5_33","sorting-network","none","none","UNSATISFIABLE","0,377638","0","0","0","0","","","","","120"
"1","ORIGINAL","instance_30_15_5_34","sorting-network","none","none","OPTIMUM","20,63578","20,54643","32086","136747","2632","591","591","0","0","120"
"1","ORIGINAL","instance_30_15_5_35","sorting-network","none","none","OPTIMUM","44,17261","44,10478","27808","106130","2431","532","540","8","0","120"
"1","ORIGINAL","instance_30_15_5_36","sorting-network","none","none","OPTIMUM","13,82074","13,76394","21782","80977","2366","507","513","6","0","120"
"1","ORIGINAL","instance_30_15_5_37","sorting-network","none","none","UNSATISFIABLE","0,480675","0","0","0","0","","","","","120"
"1","ORIGINAL","instance_30_15_5_38","sorting-network","none","none","UNSATISFIABLE","0,202896","0","0","0","0","","","","","120"
"1","ORIGINAL","instance_30_15_5_39","sorting-network","none","none","OPTIMUM","24,21985","24,15401","25754","104452","2349","507","512","5","0","120"
"1","ORIGINAL","instance_30_15_5_4","sorting-network","none","none","UNSATISFIABLE","0,238533","0","0","0","0","","","","","120"
"1","ORIGINAL","instance_30_15_5_40","sorting-network","none","none","OPTIMUM","38,61079","38,54443","28036","106356","2487","526","534","8","0","120"
"1","ORIGINAL","instance_30_15_5_41","sorting-network","none","none","OPTIMUM","29,83905","29,77755","24792","96795","2282","539","542","3","0","120"
"1","ORIGINAL","instance_30_15_5_42","sorting-network","none","none","OPTIMUM","45,18284","45,09138","37724","135623","2533","537","548","11","0","120"
"1","ORIGINAL","instance_30_15_5_43","sorting-network","none","none","OPTIMUM","33,62643","33,56868","21944","85330","2271","533","542","9","0","120"
"1","ORIGINAL","instance_30_15_5_44","sorting-network","none","none","OPTIMUM","56,22935","56,163","29226","107215","2490","545","552","7","0","120"
"1","ORIGINAL","instance_30_15_5_45","sorting-network","none","none","OPTIMUM","20,94394","20,86954","32195","129438","2376","557","559","2","0","120"
"1","ORIGINAL","instance_30_15_5_46","sorting-network","none","none","OPTIMUM","40,64881","40,55307","36431","151744","2583","552","554","2","0","120"
"1","ORIGINAL","instance_30_15_5_47","sorting-network","none","none","OPTIMUM","20,67121","20,58225","33309","136718","2504","551","556","5","0","120"
"1","ORIGINAL","instance_30_15_5_48","sorting-network","none","none","OPTIMUM","26,16149","26,10355","25508","85100","2292","498","511","13","0","120"
"1","ORIGINAL","instance_30_15_5_49","sorting-network","none","none","UNSATISFIABLE","0,142859","0","0","0","0","","","","","120"
"1","ORIGINAL","instance_30_15_5_5","sorting-network","none","none","OPTIMUM","39,88039","39,80073","30564","112071","2479","531","541","10","0","120"
"1","ORIGINAL","instance_30_15_5_50","sorting-network","none","none","OPTIMUM","27,50582","27,43991","27302","105538","2407","555","560","5","0","120"
"1","ORIGINAL","instance_30_15_5_6","sorting-network","none","none","OPTIMUM","13,46177","13,36633","37770","152997","2594","546","546","0","0","120"
"1","ORIGINAL","instance_30_15_5_7","sorting-network","none","none","OPTIMUM","6,095166","6,027287","27742","107500","2344","544","544","0","0","120"
"1","ORIGINAL","instance_30_15_5_8","sorting-network","none","none","OPTIMUM","25,69808","25,63802","24426","92916","2208","505","514","9","0","120"
"1","ORIGINAL","instance_30_15_5_9","sorting-network","none","none","OPTIMUM","28,73944","28,66728","29963","121746","2463","531","533","2","0","120"
"1","ORIGINAL","instance_30_20_4_1","sorting-network","none","none","OPTIMUM","22,00384","21,93148","31101","122580","2920","414","419","5","0","120"
"1","ORIGINAL","instance_30_20_4_10","sorting-network","none","none","OPTIMUM","17,54134","17,48053","23562","95926","2784","442","446","4","0","120"
"1","ORIGINAL","instance_30_20_4_11","sorting-network","none","none","OPTIMUM","35,60619","35,53529","29326","121788","2749","454","456","2","0","120"
"1","ORIGINAL","instance_30_20_4_12","sorting-network","none","none","OPTIMUM","25,2259","25,13421","34702","138221","2929","446","448","2","0","120"
"1","ORIGINAL","instance_30_20_4_13","sorting-network","none","none","OPTIMUM","27,04059","26,96743","31872","127189","2934","444","447","3","0","120"
"1","ORIGINAL","instance_30_20_4_14","sorting-network","none","none","OPTIMUM","12,5425","12,49313","18461","69791","2445","462","463","1","0","120"
"1","ORIGINAL","instance_30_20_4_15","sorting-network","none","none","OPTIMUM","23,39274","23,30798","30966","135535","2849","461","463","2","0","120"
"1","ORIGINAL","instance_30_20_4_16","sorting-network","none","none","OPTIMUM","31,06044","30,97162","30940","142289","2661","420","424","4","0","120"
"1","ORIGINAL","instance_30_20_4_17","sorting-network","none","none","OPTIMUM","7,200634","7,147637","17638","79137","2334","421","423","2","0","120"
"1","ORIGINAL","instance_30_20_4_18","sorting-network","none","none","OPTIMUM","24,93839","24,87646","24079","99697","2540","435","439","4","0","120"
"1","ORIGINAL","instance_30_20_4_19","sorting-network","none","none","OPTIMUM","28,89282","28,82639","27720","113098","2744","459","463","4","0","120"
"1","ORIGINAL","instance_30_20_4_2","sorting-network","none","none","OPTIMUM","25,95709","25,89789","23894","93058","2536","430","436","6","0","120"
"1","ORIGINAL","instance_30_20_4_20","sorting-network","none","none","OPTIMUM","22,39663","22,33164","26879","111162","2549","445","448","3","0","120"
"1","ORIGINAL","instance_30_20_4_21","sorting-network","none","none","OPTIMUM","19,22231","19,13761","30758","132166","2891","438","440","2","0","120"
"1","ORIGINAL","instance_30_20_4_22","sorting-network","none","none","OPTIMUM","33,0482","32,98357","26481","105792","2631","432","437","5","0","120"
"1","ORIGINAL","instance_30_20_4_23","sorting-network","none","none","OPTIMUM","7,502373","7,444334","20691","87629","2482","455","455","0","0","120"
"1","ORIGINAL","instance_30_20_4_24","sorting-network","none","none","OPTIMUM","28,21291","28,11434","36298","166116","2912","453","457","4","0","120"
"1","ORIGINAL","instance_30_20_4_25","sorting-network","none","none","OPTIMUM","13,71959","13,66098","22107","90064","2544","439","441","2","0","120"
"1","ORIGINAL","instance_30_20_4_26","sorting-network","none","none","OPTIMUM","22,52046","22,44651","30139","126167","2849","461","463","2","0","120"
"1","ORIGINAL","instance_30_20_4_27","sorting-network","none","none","OPTIMUM","17,22727","17,15588","28679","128233","2912","463","463","0","0","120"
"1","ORIGINAL","instance_30_20_4_28","sorting-network","none","none","OPTIMUM","13,14207","13,07872","26003","106564","2670","456","456","0","0","120"
"1","ORIGINAL","instance_30_20_4_29","sorting-network","none","none","OPTIMUM","26,88044","26,80817","29827","129055","2850","469","471","2","0","120"
"1","ORIGINAL","instance_30_20_4_3","sorting-network","none","none","OPTIMUM","25,38216","25,31499","28348","113292","2639","457","460","3","0","120"
"1","ORIGINAL","instance_30_20_4_30","sorting-network","none","none","OPTIMUM","13,8196","13,73343","29697","135966","2701","467","468","1","0","120"
"1","ORIGINAL","instance_30_20_4_31","sorting-network","none","none","OPTIMUM","5,97613","5,912922","24585","101806","2487","455","457","2","0","120"
"1","ORIGINAL","instance_30_20_4_32","sorting-network","none","none","OPTIMUM","25,24464","25,15182","34214","153848","2998","455","458","3","0","120"
"1","ORIGINAL","instance_30_20_4_33","sorting-network","none","none","OPTIMUM","10,26085","10,20105","22071","94256","2615","441","441","0","0","120"
"1","ORIGINAL","instance_30_20_4_34","sorting-network","none","none","OPTIMUM","20,82888","20,75847","29038","121649","2759","461","463","2","0","120"
"1","ORIGINAL","instance_30_20_4_35","sorting-network","none","none","OPTIMUM","12,49437","12,43414","25154","95012","2484","433","442","9","0","120"
"1","ORIGINAL","instance_30_20_4_36","sorting-network","none","none","OPTIMUM","18,31345","18,24977","25912","102063","2395","442","448","6","0","120"
"1","ORIGINAL","instance_30_20_4_37","sorting-network","none","none","OPTIMUM","21,42891","21,34037","32016","140950","2732","464","464","0","0","120"
"1","ORIGINAL","instance_30_20_4_38","sorting-network","none","none","OPTIMUM","11,89466","11,82927","24062","113036","2582","446","447","1","0","120"
"1","ORIGINAL","instance_30_20_4_39","sorting-network","none","none","OPTIMUM","25,60385","25,53888","26611","106930","2698","467","468","1","0","120"
"1","ORIGINAL","instance_30_20_4_4","sorting-network","none","none","OPTIMUM","20,25167","20,18692","26979","104732","2672","435","439","4","0","120"
"1","ORIGINAL","instance_30_20_4_40","sorting-network","none","none","OPTIMUM","20,11349","20,01953","36648","155285","2988","465","465","0","0","120"
"1","ORIGINAL","instance_30_20_4_41","sorting-network","none","none","OPTIMUM","25,30066","25,2412","23083","93814","2582","455","460","5","0","120"
"1","ORIGINAL","instance_30_20_4_42","sorting-network","none","none","OPTIMUM","16,38901","16,32723","23987","97049","2613","443","448","5","0","120"
"1","ORIGINAL","instance_30_20_4_43","sorting-network","none","none","OPTIMUM","7,695665","7,655596","15701","63014","2288","430","432","2","0","120"
"1","ORIGINAL","instance_30_20_4_44","sorting-network","none","none","OPTIMUM","19,98028","19,92539","19490","83409","2471","447","449","2","0","120"
"1","ORIGINAL","instance_30_20_4_45","sorting-network","none","none","OPTIMUM","28,98192","28,91432","29188","115367","2680","460","463","3","0","120"
"1","ORIGINAL","instance_30_20_4_46","sorting-network","none","none","OPTIMUM","17,99525","17,93847","22814","87313","2581","443","449","6","0","120"
"1","ORIGINAL","instance_30_20_4_47","sorting-network","none","none","OPTIMUM","15,35356","15,28306","30069","118006","2727","459","464","5","0","120"
"1","ORIGINAL","instance_30_20_4_48","sorting-network","none","none","OPTIMUM","26,72045","26,65496","26778","109526","2635","445","449","4","0","120"
"1","ORIGINAL","instance_30_20_4_49","sorting-network","none","none","OPTIMUM","19,88087","19,82211","25252","90956","2524","415","425","10","0","120"
"1","ORIGINAL","instance_30_20_4_5","sorting-network","none","none","OPTIMUM","25,83658","25,77245","25785","98800","2559","442","448","6","0","120"
"1","ORIGINAL","instance_30_20_4_50","sorting-network","none","none","OPTIMUM","7,277472","7,216897","22888","97718","2642","437","439","2","0","120"
"1","ORIGINAL","instance_30_20_4_6","sorting-network","none","none","OPTIMUM","25,47113","25,41005","24167","93449","2593","442","448","6","0","120"
"1","ORIGINAL","instance_30_20_4_7","sorting-network","none","none","OPTIMUM","23,95563","23,88761","27399","111236","2571","431","436","5","0","120"
"1","ORIGINAL","instance_30_20_4_8","sorting-network","none","none","OPTIMUM","19,71907","19,65736","24732","95630","2518","445","448","3","0","120"
"1","ORIGINAL","instance_30_20_4_9","sorting-network","none","none","OPTIMUM","27,41636","27,35541","25973","93569","2549","431","439","8","0","120"
"1","ORIGINAL","instance_30_20_5_1","sorting-network","none","none","OPTIMUM","19,93441","19,83986","37768","153892","3148","545","550","5","0","120"
"1","ORIGINAL","instance_30_20_5_10","sorting-network","none","none","OPTIMUM","16,02976","15,9634","28192","112497","3092","531","537","6","0","120"
"1","ORIGINAL","instance_30_20_5_11","sorting-network","none","none","OPTIMUM","18,41354","18,31582","40588","162578","3277","549","554","5","0","120"
"1","ORIGINAL","instance_30_20_5_12","sorting-network","none","none","OPTIMUM","31,91734","31,82202","35971","162977","3050","560","566","6","0","120"
"1","ORIGINAL","instance_30_20_5_13","sorting-network","none","none","OPTIMUM","25,80222","25,70564","38786","166980","3302","569","573","4","0","120"
"1","ORIGINAL","instance_30_20_5_14","sorting-network","none","none","OPTIMUM","33,71222","33,59849","45460","213320","3621","586","589","3","0","120"
"1","ORIGINAL","instance_30_20_5_15","sorting-network","none","none","OPTIMUM","33,92102","33,85008","33250","122825","2983","552","558","6","0","120"
"1","ORIGINAL","instance_30_20_5_16","sorting-network","none","none","OPTIMUM","28,37373","28,28153","38328","150792","3115","575","582","7","0","120"
"1","ORIGINAL","instance_30_20_5_17","sorting-network","none","none","OPTIMUM","29,73418","29,64345","35610","151655","3244","530","532","2","0","120"
"1","ORIGINAL","instance_30_20_5_18","sorting-network","none","none","OPTIMUM","48,00457","47,88971","49208","213498","3330","568","577","9","0","120"
"1","ORIGINAL","instance_30_20_5_19","sorting-network","none","none","OPTIMUM","19,32336","19,23224","35106","153509","3049","551","554","3","0","120"
"1","ORIGINAL","instance_30_20_5_2","sorting-network","none","none","OPTIMUM","37,50541","37,41744","34234","143714","3189","540","547","7","0","120"
"1","ORIGINAL","instance_30_20_5_20","sorting-network","none","none","OPTIMUM","20,25523","20,15916","40692","159772","3294","559","566","7","0","120"
"1","ORIGINAL","instance_30_20_5_21","sorting-network","none","none","OPTIMUM","29,73939","29,64932","37499","145038","3170","526","534","8","0","120"
"1","ORIGINAL","instance_30_20_5_22","sorting-network","none","none","OPTIMUM","42,60818","42,51096","38514","163447","3343","561","567","6","0","120"
"1","ORIGINAL","instance_30_20_5_23","sorting-network","none","none","OPTIMUM","37,96351","37,89485","28726","113034","2845","545","551","6","0","120"
"1","ORIGINAL","instance_30_20_5_24","sorting-network","none","none","OPTIMUM","26,10297","26,00362","38956","167174","3110","572","576","4","0","120"
"1","ORIGINAL","instance_30_20_5_25","sorting-network","none","none","OPTIMUM","28,78726","28,69871","35726","148065","3140","565","570","5","0","120"
"1","ORIGINAL","instance_30_20_5_26","sorting-network","none","none","OPTIMUM","29,81527","29,73905","33100","130088","3024","561","566","5","0","120"
"1","ORIGINAL","instance_30_20_5_27","sorting-network","none","none","OPTIMUM","32,14481","32,05894","34507","133981","3202","516","531","15","0","120"
"1","ORIGINAL","instance_30_20_5_28","sorting-network","none","none","OPTIMUM","36,58135","36,51246","31921","111757","2857","523","534","11","0","120"
"1","ORIGINAL","instance_30_20_5_29","sorting-network","none","none","OPTIMUM","14,96962","14,90212","29115","115609","2903","560","562","2","0","120"
"1","ORIGINAL","instance_30_20_5_3","sorting-network","none","none","OPTIMUM","10,04802","9,97804","29065","128271","3048","566","566","0","0","120"
"1","ORIGINAL","instance_30_20_5_30","sorting-network","none","none","OPTIMUM","40,81743","40,72338","38062","158743","3308","566","571","5","0","120"
"1","ORIGINAL","instance_30_20_5_31","sorting-network","none","none","OPTIMUM","27,08604","26,99129","35018","164429","3115","582","582","0","0","120"
"1","ORIGINAL","instance_30_20_5_32","sorting-network","none","none","OPTIMUM","31,65824","31,5594","41876","170441","3318","556","567","11","0","120"
"1","ORIGINAL","instance_30_20_5_33","sorting-network","none","none","OPTIMUM","34,87826","34,80503","33759","129898","2869","517","525","8","0","120"
"1","ORIGINAL","instance_30_20_5_34","sorting-network","none","none","OPTIMUM","30,10978","30,00776","42502","180701","3332","568","571","3","0","120"
"1","ORIGINAL","instance_30_20_5_35","sorting-network","none","none","OPTIMUM","32,94642","32,8492","38269","157712","3039","557","564","7","0","120"
"1","ORIGINAL","instance_30_20_5_36","sorting-network","none","none","OPTIMUM","20,47927","20,40639","32915","126464","2995","550","556","6","0","120"
"1","ORIGINAL","instance_30_20_5_37","sorting-network","none","none","OPTIMUM","29,51106","29,41688","37725","150880","3053","547","555","8","0","120"
"1","ORIGINAL","instance_30_20_5_38","sorting-network","none","none","OPTIMUM","36,87359","36,77334","39561","177192","3211","563","571","8","0","120"
"1","ORIGINAL","instance_30_20_5_39","sorting-network","none","none","OPTIMUM","16,54569","16,48234","24548","104201","3057","545","547","2","0","120"
"1","ORIGINAL","instance_30_20_5_4","sorting-network","none","none","OPTIMUM","54,07117","53,96263","45601","197487","3468","572","577","5","0","120"
"1","ORIGINAL","instance_30_20_5_40","sorting-network","none","none","OPTIMUM","29,52914","29,42222","45659","195001","3586","574","575","1","0","120"
"1","ORIGINAL","instance_30_20_5_41","sorting-network","none","none","OPTIMUM","30,16184","30,05692","45690","189054","3299","567","573","6","0","120"
"1","ORIGINAL","instance_30_20_5_42","sorting-network","none","none","OPTIMUM","49,98265","49,87475","42729","194540","3338","590","590","0","0","120"
"1","ORIGINAL","instance_30_20_5_43","sorting-network","none","none","OPTIMUM","19,00212","18,93899","26156","104893","2844","558","569","11","0","120"
"1","ORIGINAL","instance_30_20_5_44","sorting-network","none","none","OPTIMUM","34,41832","34,32335","39855","160784","3134","573","577","4","0","120"
"1","ORIGINAL","instance_30_20_5_45","sorting-network","none","none","OPTIMUM","23,26858","23,19996","29690","115427","2798","559","564","5","0","120"
"1","ORIGINAL","instance_30_20_5_46","sorting-network","none","none","OPTIMUM","20,31573","20,22918","36784","139926","3011","558","566","8","0","120"
"1","ORIGINAL","instance_30_20_5_47","sorting-network","none","none","OPTIMUM","22,51314","22,42368","34801","145226","3191","570","573","3","0","120"
"1","ORIGINAL","instance_30_20_5_48","sorting-network","none","none","OPTIMUM","14,97846","14,8844","35370","154866","3254","576","576","0","0","120"
"1","ORIGINAL","instance_30_20_5_49","sorting-network","none","none","OPTIMUM","31,67226","31,57937","36000","153879","3099","542","548","6","0","120"
"1","ORIGINAL","instance_30_20_5_5","sorting-network","none","none","OPTIMUM","49,50466","49,43263","32006","125314","2939","534","543","9","0","120"
"1","ORIGINAL","instance_30_20_5_50","sorting-network","none","none","UNSATISFIABLE","0,139204","0","0","0","0","","","","","120"
"1","ORIGINAL","instance_30_20_5_6","sorting-network","none","none","OPTIMUM","19,46911","19,35545","46374","211739","3318","575","577","2","0","120"
"1","ORIGINAL","instance_30_20_5_7","sorting-network","none","none","OPTIMUM","24,33569","24,24379","33805","148089","3135","558","564","6","0","120"
"1","ORIGINAL","instance_30_20_5_8","sorting-network","none","none","OPTIMUM","30,53305","30,43749","41057","162531","3305","563","569","6","0","120"
"1","ORIGINAL","instance_30_20_5_9","sorting-network","none","none","OPTIMUM","21,08109","20,99104","33550","143059","3043","537","546","9","0","120"
"1","ORIGINAL","instance_30_25_4_1","sorting-network","none","none","OPTIMUM","30,31916","30,24724","28100","125758","2997","454","459","5","0","120"
"1","ORIGINAL","instance_30_25_4_10","sorting-network","none","none","OPTIMUM","22,60521","22,536","28740","124281","3332","453","456","3","0","120"
"1","ORIGINAL","instance_30_25_4_11","sorting-network","none","none","OPTIMUM","20,91392","20,81756","36727","173481","3201","457","458","1","0","120"
"1","ORIGINAL","instance_30_25_4_12","sorting-network","none","none","OPTIMUM","44,81392","44,72396","33787","146937","3338","437","438","1","0","120"
"1","ORIGINAL","instance_30_25_4_13","sorting-network","none","none","OPTIMUM","22,76586","22,6719","36468","158573","3437","462","465","3","0","120"
"1","ORIGINAL","instance_30_25_4_14","sorting-network","none","none","OPTIMUM","28,94026","28,87125","28754","118417","3384","447","451","4","0","120"
"1","ORIGINAL","instance_30_25_4_15","sorting-network","none","none","OPTIMUM","12,71163","12,64493","29110","111708","3065","446","449","3","0","120"
"1","ORIGINAL","instance_30_25_4_16","sorting-network","none","none","OPTIMUM","16,65426","16,5644","30043","148593","3155","449","449","0","0","120"
"1","ORIGINAL","instance_30_25_4_17","sorting-network","none","none","OPTIMUM","17,52017","17,42236","37681","169255","3514","444","447","3","0","120"
"1","ORIGINAL","instance_30_25_4_18","sorting-network","none","none","OPTIMUM","34,53743","34,44478","36884","149190","3387","456","460","4","0","120"
"1","ORIGINAL","instance_30_25_4_19","sorting-network","none","none","OPTIMUM","28,63202","28,54819","30794","135060","3505","436","439","3","0","120"
"1","ORIGINAL","instance_30_25_4_2","sorting-network","none","none","OPTIMUM","20,01377","19,92153","32119","150381","3289","471","471","0","0","120"
"1","ORIGINAL","instance_30_25_4_20","sorting-network","none","none","OPTIMUM","17,52393","17,43383","35532","147338","3244","462","468","6","0","120"
"1","ORIGINAL","instance_30_25_4_21","sorting-network","none","none","OPTIMUM","20,04819","19,98516","25300","105002","3100","457","461","4","0","120"
"1","ORIGINAL","instance_30_25_4_22","sorting-network","none","none","OPTIMUM","34,32522","34,22934","36960","163829","3440","466","469","3","0","120"
"1","ORIGINAL","instance_30_25_4_23","sorting-network","none","none","OPTIMUM","21,38277","21,293","32988","146418","3467","465","469","4","0","120"
"1","ORIGINAL","instance_30_25_4_24","sorting-network","none","none","OPTIMUM","31,65848","31,56231","35382","160898","3224","460","461","1","0","120"
"1","ORIGINAL","instance_30_25_4_25","sorting-network","none","none","OPTIMUM","43,13332","43,00737","48119","239214","3750","459","461","2","0","120"
"1","ORIGINAL","instance_30_25_4_26","sorting-network","none","none","OPTIMUM","17,68718","17,61767","28295","121519","3126","461","464","3","0","120"
"1","ORIGINAL","instance_30_25_4_27","sorting-network","none","none","OPTIMUM","44,1597","44,05773","37027","189288","3317","467","470","3","0","120"
"1","ORIGINAL","instance_30_25_4_28","sorting-network","none","none","OPTIMUM","22,37884","22,31935","22446","93499","2922","411","414","3","0","120"
"1","ORIGINAL","instance_30_25_4_29","sorting-network","none","none","OPTIMUM","33,91377","33,80887","42519","188053","3611","461","467","6","0","120"
"1","ORIGINAL","instance_30_25_4_3","sorting-network","none","none","OPTIMUM","20,98155","20,89188","35747","139876","3320","427","435","8","0","120"
"1","ORIGINAL","instance_30_25_4_30","sorting-network","none","none","OPTIMUM","32,44848","32,35631","35641","150335","3370","453","457","4","0","120"
"1","ORIGINAL","instance_30_25_4_31","sorting-network","none","none","OPTIMUM","23,24306","23,15377","34425","145385","3354","437","440","3","0","120"
"1","ORIGINAL","instance_30_25_4_32","sorting-network","none","none","OPTIMUM","29,56536","29,49905","27531","110108","3418","450","453","3","0","120"
"1","ORIGINAL","instance_30_25_4_33","sorting-network","none","none","OPTIMUM","12,62321","12,52648","36535","172163","3348","470","470","0","0","120"
"1","ORIGINAL","instance_30_25_4_34","sorting-network","none","none","OPTIMUM","27,33306","27,22869","38731","186332","3619","458","459","1","0","120"
"1","ORIGINAL","instance_30_25_4_35","sorting-network","none","none","OPTIMUM","15,41972","15,34875","31058","125431","3092","447","451","4","0","120"
"1","ORIGINAL","instance_30_25_4_36","sorting-network","none","none","OPTIMUM","31,14242","31,05633","29538","137363","3209","457","458","1","0","120"
"1","ORIGINAL","instance_30_25_4_37","sorting-network","none","none","OPTIMUM","24,95397","24,8642","31878","147968","3378","440","444","4","0","120"
"1","ORIGINAL","instance_30_25_4_38","sorting-network","none","none","OPTIMUM","29,90965","29,81422","35310","164542","3532","454","458","4","0","120"
"1","ORIGINAL","instance_30_25_4_39","sorting-network","none","none","OPTIMUM","24,7718","24,68088","33033","153086","3240","428","432","4","0","120"
"1","ORIGINAL","instance_30_25_4_4","sorting-network","none","none","OPTIMUM","16,6747","16,61151","27122","105319","3164","452","457","5","0","120"
"1","ORIGINAL","instance_30_25_4_40","sorting-network","none","none","OPTIMUM","17,50579","17,41406","38450","146627","3492","450","452","2","0","120"
"1","ORIGINAL","instance_30_25_4_41","sorting-network","none","none","OPTIMUM","24,73609","24,64943","32507","141110","3336","448","455","7","0","120"
"1","ORIGINAL","instance_30_25_4_42","sorting-network","none","none","OPTIMUM","54,60811","54,49461","46328","219229","3706","475","476","1","0","120"
"1","ORIGINAL","instance_30_25_4_43","sorting-network","none","none","OPTIMUM","19,57084","19,47966","32423","150429","3385","466","468","2","0","120"
"1","ORIGINAL","instance_30_25_4_44","sorting-network","none","none","OPTIMUM","20,24758","20,17167","28931","130618","3239","431","435","4","0","120"
"1","ORIGINAL","instance_30_25_4_45","sorting-network","none","none","OPTIMUM","23,06158","22,98818","32978","128665","3342","448","453","5","0","120"
"1","ORIGINAL","instance_30_25_4_46","sorting-network","none","none","OPTIMUM","45,16783","45,05741","39959","211020","3715","470","473","3","0","120"
"1","ORIGINAL","instance_30_25_4_47","sorting-network","none","none","OPTIMUM","24,53825","24,45356","30969","138422","3208","474","475","1","0","120"
"1","ORIGINAL","instance_30_25_4_48","sorting-network","none","none","OPTIMUM","27,3853","27,28916","33281","164529","3270","465","465","0","0","120"
"1","ORIGINAL","instance_30_25_4_49","sorting-network","none","none","OPTIMUM","16,08665","16,02061","27825","109947","3097","456","459","3","0","120"
"1","ORIGINAL","instance_30_25_4_5","sorting-network","none","none","OPTIMUM","17,12573","17,03329","34057","149021","3517","463","464","1","0","120"
"1","ORIGINAL","instance_30_25_4_50","sorting-network","none","none","OPTIMUM","36,84041","36,73324","38400","196110","3350","471","473","2","0","120"
"1","ORIGINAL","instance_30_25_4_6","sorting-network","none","none","OPTIMUM","13,38081","13,31013","29990","129126","3036","461","465","4","0","120"
"1","ORIGINAL","instance_30_25_4_7","sorting-network","none","none","OPTIMUM","25,80904","25,71214","35940","169901","3383","473","475","2","0","120"
"1","ORIGINAL","instance_30_25_4_8","sorting-network","none","none","OPTIMUM","24,40463","24,30847","38665","164669","3653","475","475","0","0","120"
"1","ORIGINAL","instance_30_25_4_9","sorting-network","none","none","OPTIMUM","17,29595","17,20822","31353","147654","3348","463","465","2","0","120"
"1","ORIGINAL","instance_30_25_5_1","sorting-network","none","none","OPTIMUM","26,74313","26,63185","43576","179457","3860","578","583","5","0","120"
"1","ORIGINAL","instance_30_25_5_10","sorting-network","none","none","OPTIMUM","31,58163","31,48418","36880","149852","3652","554","564","10","0","120"
"1","ORIGINAL","instance_30_25_5_11","sorting-network","none","none","OPTIMUM","22,39519","22,2826","41902","186761","3659","569","571","2","0","120"
"1","ORIGINAL","instance_30_25_5_12","sorting-network","none","none","OPTIMUM","30,97797","30,86993","39445","182673","3997","580","581","1","0","120"
"1","ORIGINAL","instance_30_25_5_13","sorting-network","none","none","OPTIMUM","47,48095","47,36328","46509","204565","3734","588","590","2","0","120"
"1","ORIGINAL","instance_30_25_5_14","sorting-network","none","none","OPTIMUM","32,36822","32,25087","46733","198068","3837","571","579","8","0","120"
"1","ORIGINAL","instance_30_25_5_15","sorting-network","none","none","OPTIMUM","27,13935","27,02664","45726","184644","3927","554","561","7","0","120"
"1","ORIGINAL","instance_30_25_5_16","sorting-network","none","none","OPTIMUM","42,69482","42,56342","54079","234958","4022","579","583","4","0","120"
"1","ORIGINAL","instance_30_25_5_17","sorting-network","none","none","UNSATISFIABLE","0,895577","0","0","0","0","","","","","120"
"1","ORIGINAL","instance_30_25_5_18","sorting-network","none","none","OPTIMUM","64,70963","64,58088","50096","236754","4214","565","568","3","0","120"
"1","ORIGINAL","instance_30_25_5_19","sorting-network","none","none","OPTIMUM","34,91599","34,79379","44999","203263","4001","556","564","8","0","120"
"1","ORIGINAL","instance_30_25_5_2","sorting-network","none","none","OPTIMUM","44,28525","44,17933","39985","171758","3693","550","556","6","0","120"
"1","ORIGINAL","instance_30_25_5_20","sorting-network","none","none","OPTIMUM","35,71188","35,59736","44041","186588","3881","577","580","3","0","120"
"1","ORIGINAL","instance_30_25_5_21","sorting-network","none","none","OPTIMUM","31,76181","31,63985","44096","194875","3786","571","577","6","0","120"
"1","ORIGINAL","instance_30_25_5_22","sorting-network","none","none","OPTIMUM","145,951","145,8451","42045","169475","3498","574","585","7","4","120"
"1","ORIGINAL","instance_30_25_5_23","sorting-network","none","none","OPTIMUM","36,39906","36,28999","40057","183640","3665","572","573","1","0","120"
"1","ORIGINAL","instance_30_25_5_24","sorting-network","none","none","OPTIMUM","49,71593","49,59149","47967","217893","4173","581","585","4","0","120"
"1","ORIGINAL","instance_30_25_5_25","sorting-network","none","none","OPTIMUM","42,73182","42,59386","58505","253701","4043","575","583","8","0","120"
"1","ORIGINAL","instance_30_25_5_26","sorting-network","none","none","OPTIMUM","21,95208","21,84355","43052","173991","3787","570","575","5","0","120"
"1","ORIGINAL","instance_30_25_5_27","sorting-network","none","none","OPTIMUM","51,78629","51,66694","43715","202803","3924","583","585","2","0","120"
"1","ORIGINAL","instance_30_25_5_28","sorting-network","none","none","OPTIMUM","30,83197","30,70193","49737","228737","4075","584","587","3","0","120"
"1","ORIGINAL","instance_30_25_5_29","sorting-network","none","none","OPTIMUM","56,69993","56,57649","47355","223085","4011","565","568","3","0","120"
"1","ORIGINAL","instance_30_25_5_3","sorting-network","none","none","OPTIMUM","41,8866","41,78146","41789","165817","3857","566","573","7","0","120"
"1","ORIGINAL","instance_30_25_5_30","sorting-network","none","none","OPTIMUM","28,59633","28,47935","42968","189037","3812","558","567","9","0","120"
"1","ORIGINAL","instance_30_25_5_31","sorting-network","none","none","OPTIMUM","27,19785","27,10079","33669","146441","3640","555","556","1","0","120"
"1","ORIGINAL","instance_30_25_5_32","sorting-network","none","none","OPTIMUM","44,99454","44,86317","48441","230363","4032","573","573","0","0","120"
"1","ORIGINAL","instance_30_25_5_33","sorting-network","none","none","OPTIMUM","32,41752","32,30947","40094","173784","3813","559","561","2","0","120"
"1","ORIGINAL","instance_30_25_5_34","sorting-network","none","none","OPTIMUM","28,95204","28,82481","45578","219207","3859","577","581","4","0","120"
"1","ORIGINAL","instance_30_25_5_35","sorting-network","none","none","OPTIMUM","33,90162","33,79279","40012","174405","3688","563","574","11","0","120"
"1","ORIGINAL","instance_30_25_5_36","sorting-network","none","none","OPTIMUM","32,50441","32,381","51974","208048","3988","570","572","2","0","120"
"1","ORIGINAL","instance_30_25_5_37","sorting-network","none","none","OPTIMUM","30,96047","30,84721","41887","184112","3867","541","544","3","0","120"
"1","ORIGINAL","instance_30_25_5_38","sorting-network","none","none","OPTIMUM","29,48639","29,37999","40103","167866","3633","566","571","5","0","120"
"1","ORIGINAL","instance_30_25_5_39","sorting-network","none","none","OPTIMUM","59,58059","59,45329","45921","226494","3956","585","589","4","0","120"
"1","ORIGINAL","instance_30_25_5_4","sorting-network","none","none","OPTIMUM","34,15334","34,03615","42997","188361","4041","583","585","2","0","120"
"1","ORIGINAL","instance_30_25_5_40","sorting-network","none","none","OPTIMUM","23,68542","23,57539","41628","180296","3868","585","585","0","0","120"
"1","ORIGINAL","instance_30_25_5_41","sorting-network","none","none","OPTIMUM","31,77351","31,66351","40800","177384","3945","584","585","1","0","120"
"1","ORIGINAL","instance_30_25_5_42","sorting-network","none","none","OPTIMUM","25,64785","25,52819","41810","201264","3791","588","588","0","0","120"
"1","ORIGINAL","instance_30_25_5_43","sorting-network","none","none","OPTIMUM","35,85113","35,7476","37223","168164","3849","530","537","7","0","120"
"1","ORIGINAL","instance_30_25_5_44","sorting-network","none","none","OPTIMUM","30,1386","30,04312","33524","140837","3583","525","537","12","0","120"
"1","ORIGINAL","instance_30_25_5_45","sorting-network","none","none","OPTIMUM","40,26452","40,14973","43041","180707","3828","572","574","2","0","120"
"1","ORIGINAL","instance_30_25_5_46","sorting-network","none","none","OPTIMUM","59,75582","59,61721","49423","222529","4115","570","574","4","0","120"
"1","ORIGINAL","instance_30_25_5_47","sorting-network","none","none","OPTIMUM","30,4211","30,3148","39512","165778","3983","575","577","2","0","120"
"1","ORIGINAL","instance_30_25_5_48","sorting-network","none","none","OPTIMUM","29,85822","29,75582","37931","150710","3671","565","567","2","0","120"
"1","ORIGINAL","instance_30_25_5_49","sorting-network","none","none","OPTIMUM","59,7385","59,61022","48250","227224","3934","578","580","2","0","120"
"1","ORIGINAL","instance_30_25_5_5","sorting-network","none","none","OPTIMUM","25,11212","24,99299","45899","199365","3929","574","577","3","0","120"
"1","ORIGINAL","instance_30_25_5_50","sorting-network","none","none","OPTIMUM","37,43942","37,32628","46830","187735","3799","573","574","1","0","120"
"1","ORIGINAL","instance_30_25_5_6","sorting-network","none","none","OPTIMUM","34,77444","34,64464","46466","229775","4254","588","589","1","0","120"
"1","ORIGINAL","instance_30_25_5_7","sorting-network","none","none","OPTIMUM","50,69275","50,56662","49518","217824","3818","573","580","7","0","120"
"1","ORIGINAL","instance_30_25_5_8","sorting-network","none","none","OPTIMUM","39,94612","39,77694","57344","266563","4428","585","587","2","0","120"
"1","ORIGINAL","instance_30_25_5_9","sorting-network","none","none","OPTIMUM","18,36056","18,25206","40026","170365","3815","590","591","1","0","120"
"1","ORIGINAL","instance_40_10_4_1","sorting-network","none","none","OPTIMUM","41,98884","41,93049","25129","94115","2006","563","568","5","0","120"
"1","ORIGINAL","instance_40_10_4_10","sorting-network","none","none","UNSATISFIABLE","0,075834","0","0","0","0","","","","","120"
"1","ORIGINAL","instance_40_10_4_11","sorting-network","none","none","TIMEOUT","300,1116","0","0","0","0","","","","","120"
"1","ORIGINAL","instance_40_10_4_12","sorting-network","none","none","UNSATISFIABLE","0,047965","0","0","0","0","","","","","120"
"1","ORIGINAL","instance_40_10_4_13","sorting-network","none","none","UNSATISFIABLE","0,077569","0","0","0","0","","","","","120"
"1","ORIGINAL","instance_40_10_4_14","sorting-network","none","none","UNSATISFIABLE","0,192055","0","0","0","0","","","","","120"
"1","ORIGINAL","instance_40_10_4_15","sorting-network","none","none","UNSATISFIABLE","0,117127","0","0","0","0","","","","","120"
"1","ORIGINAL","instance_40_10_4_16","sorting-network","none","none","OPTIMUM","26,40589","26,35067","23527","90129","1866","569","577","8","0","120"
"1","ORIGINAL","instance_40_10_4_17","sorting-network","none","none","OPTIMUM","9,355448","9,294157","25846","103776","2036","580","580","0","0","120"
"1","ORIGINAL","instance_40_10_4_18","sorting-network","none","none","UNSATISFIABLE","0,052692","0","0","0","0","","","","","120"
"1","ORIGINAL","instance_40_10_4_19","sorting-network","none","none","OPTIMUM","40,11088","40,05577","23571","85488","2091","548","556","8","0","120"
"1","ORIGINAL","instance_40_10_4_2","sorting-network","none","none","TIMEOUT","300,1148","0","0","0","0","","","","","120"
"1","ORIGINAL","instance_40_10_4_20","sorting-network","none","none","UNSATISFIABLE","0,08027","0","0","0","0","","","","","120"
"1","ORIGINAL","instance_40_10_4_21","sorting-network","none","none","OPTIMUM","25,34305","25,28875","24463","89229","1901","557","561","4","0","120"
"1","ORIGINAL","instance_40_10_4_22","sorting-network","none","none","OPTIMUM","31,35944","31,31145","20026","70285","1809","553","557","4","0","120"
"1","ORIGINAL","instance_40_10_4_23","sorting-network","none","none","UNSATISFIABLE","0,113083","0","0","0","0","","","","","120"
"1","ORIGINAL","instance_40_10_4_24","sorting-network","none","none","OPTIMUM","39,35342","39,2821","31903","129041","2072","580","587","7","0","120"
"1","ORIGINAL","instance_40_10_4_25","sorting-network","none","none","UNSATISFIABLE","0,074067","0","0","0","0","","","","","120"
"1","ORIGINAL","instance_40_10_4_26","sorting-network","none","none","UNSATISFIABLE","0,051","0","0","0","0","","","","","120"
"1","ORIGINAL","instance_40_10_4_27","sorting-network","none","none","UNSATISFIABLE","0,054993","0","0","0","0","","","","","120"
"1","ORIGINAL","instance_40_10_4_28","sorting-network","none","none","TIMEOUT","300,1099","0","0","0","0","","","","","120"
"1","ORIGINAL","instance_40_10_4_29","sorting-network","none","none","TIMEOUT","300,1081","0","0","0","0","","","","","120"
"1","ORIGINAL","instance_40_10_4_3","sorting-network","none","none","OPTIMUM","30,74563","30,69475","22819","78752","1871","486","495","9","0","120"
"1","ORIGINAL","instance_40_10_4_30","sorting-network","none","none","OPTIMUM","28,21737","28,15834","27004","100154","2025","498","503","5","0","120"
"1","ORIGINAL","instance_40_10_4_31","sorting-network","none","none","TIMEOUT","300,1069","0","0","0","0","","","","","120"
"1","ORIGINAL","instance_40_10_4_32","sorting-network","none","none","OPTIMUM","229,0219","228,9679","23719","86095","1845","533","538","5","0","120"
"1","ORIGINAL","instance_40_10_4_33","sorting-network","none","none","UNSATISFIABLE","0,076317","0","0","0","0","","","","","120"
"1","ORIGINAL","instance_40_10_4_34","sorting-network","none","none","UNSATISFIABLE","0,055688","0","0","0","0","","","","","120"
"1","ORIGINAL","instance_40_10_4_35","sorting-network","none","none","UNSATISFIABLE","0,135692","0","0","0","0","","","","","120"
"1","ORIGINAL","instance_40_10_4_36","sorting-network","none","none","OPTIMUM","40,33152","40,26387","34417","124537","2152","556","561","5","0","120"
"1","ORIGINAL","instance_40_10_4_37","sorting-network","none","none","UNSATISFIABLE","0,102359","0","0","0","0","","","","","120"
"1","ORIGINAL","instance_40_10_4_38","sorting-network","none","none","OPTIMUM","35,03252","34,97605","26414","96200","1919","547","556","9","0","120"
"1","ORIGINAL","instance_40_10_4_39","sorting-network","none","none","UNSATISFIABLE","0,065611","0","0","0","0","","","","","120"
"1","ORIGINAL","instance_40_10_4_4","sorting-network","none","none","UNSATISFIABLE","0,18138","0","0","0","0","","","","","120"
"1","ORIGINAL","instance_40_10_4_40","sorting-network","none","none","OPTIMUM","36,90451","36,87134","13968","51280","1780","544","548","2","2","120"
"1","ORIGINAL","instance_40_10_4_41","sorting-network","none","none","UNSATISFIABLE","0,063737","0","0","0","0","","","","","120"
"1","ORIGINAL","instance_40_10_4_42","sorting-network","none","none","UNSATISFIABLE","0,073173","0","0","0","0","","","","","120"
"1","ORIGINAL","instance_40_10_4_43","sorting-network","none","none","UNSATISFIABLE","0,079037","0","0","0","0","","","","","120"
"1","ORIGINAL","instance_40_10_4_44","sorting-network","none","none","UNSATISFIABLE","0,074949","0","0","0","0","","","","","120"
"1","ORIGINAL","instance_40_10_4_45","sorting-network","none","none","UNSATISFIABLE","0,075614","0","0","0","0","","","","","120"
"1","ORIGINAL","instance_40_10_4_46","sorting-network","none","none","OPTIMUM","54,60573","54,5531","23484","88941","2003","557","564","6","1","120"
"1","ORIGINAL","instance_40_10_4_47","sorting-network","none","none","UNSATISFIABLE","0,079635","0","0","0","0","","","","","120"
"1","ORIGINAL","instance_40_10_4_48","sorting-network","none","none","OPTIMUM","24,9905","24,94087","20832","79543","1900","571","573","2","0","120"
"1","ORIGINAL","instance_40_10_4_49","sorting-network","none","none","UNSATISFIABLE","0,056715","0","0","0","0","","","","","120"
"1","ORIGINAL","instance_40_10_4_5","sorting-network","none","none","UNSATISFIABLE","0,103782","0","0","0","0","","","","","120"
"1","ORIGINAL","instance_40_10_4_50","sorting-network","none","none","UNSATISFIABLE","0,116781","0","0","0","0","","","","","120"
"1","ORIGINAL","instance_40_10_4_6","sorting-network","none","none","OPTIMUM","33,51558","33,46547","22631","79797","1889","554","563","9","0","120"
"1","ORIGINAL","instance_40_10_4_7","sorting-network","none","none","UNSATISFIABLE","0,081703","0","0","0","0","","","","","120"
"1","ORIGINAL","instance_40_10_4_8","sorting-network","none","none","UNSATISFIABLE","0,050338","0","0","0","0","","","","","120"
"1","ORIGINAL","instance_40_10_4_9","sorting-network","none","none","UNSATISFIABLE","0,052841","0","0","0","0","","","","","120"
"1","ORIGINAL","instance_40_10_5_1","sorting-network","none","none","UNSATISFIABLE","0,230426","0","0","0","0","","","","","120"
"1","ORIGINAL","instance_40_10_5_10","sorting-network","none","none","UNSATISFIABLE","0,085633","0","0","0","0","","","","","120"
"1","ORIGINAL","instance_40_10_5_11","sorting-network","none","none","TIMEOUT","300,1081","0","0","0","0","","","","","120"
"1","ORIGINAL","instance_40_10_5_12","sorting-network","none","none","TIMEOUT","300,1158","0","0","0","0","","","","","120"
"1","ORIGINAL","instance_40_10_5_13","sorting-network","none","none","UNSATISFIABLE","0,092552","0","0","0","0","","","","","120"
"1","ORIGINAL","instance_40_10_5_14","sorting-network","none","none","OPTIMUM","52,25383","52,18358","31198","118075","2276","663","670","7","0","120"
"1","ORIGINAL","instance_40_10_5_15","sorting-network","none","none","UNSATISFIABLE","0,083577","0","0","0","0","","","","","120"
"1","ORIGINAL","instance_40_10_5_16","sorting-network","none","none","UNSATISFIABLE","0,218713","0","0","0","0","","","","","120"
"1","ORIGINAL","instance_40_10_5_17","sorting-network","none","none","OPTIMUM","26,72619","26,66011","29295","112805","2324","706","709","3","0","120"
"1","ORIGINAL","instance_40_10_5_18","sorting-network","none","none","UNSATISFIABLE","0,104076","0","0","0","0","","","","","120"
"1","ORIGINAL","instance_40_10_5_19","sorting-network","none","none","TIMEOUT","300,1146","0","0","0","0","","","","","120"
"1","ORIGINAL","instance_40_10_5_2","sorting-network","none","none","OPTIMUM","68,56672","68,50476","32208","118510","2180","704","718","14","0","120"
"1","ORIGINAL","instance_40_10_5_20","sorting-network","none","none","UNSATISFIABLE","0,055177","0","0","0","0","","","","","120"
"1","ORIGINAL","instance_40_10_5_21","sorting-network","none","none","UNSATISFIABLE","0,078299","0","0","0","0","","","","","120"
"1","ORIGINAL","instance_40_10_5_22","sorting-network","none","none","TIMEOUT","300,1117","0","0","0","0","","","","","120"
"1","ORIGINAL","instance_40_10_5_23","sorting-network","none","none","UNSATISFIABLE","0,075687","0","0","0","0","","","","","120"
"1","ORIGINAL","instance_40_10_5_24","sorting-network","none","none","UNSATISFIABLE","0,17684","0","0","0","0","","","","","120"
"1","ORIGINAL","instance_40_10_5_25","sorting-network","none","none","UNSATISFIABLE","0,073692","0","0","0","0","","","","","120"
"1","ORIGINAL","instance_40_10_5_26","sorting-network","none","none","UNSATISFIABLE","0,248274","0","0","0","0","","","","","120"
"1","ORIGINAL","instance_40_10_5_27","sorting-network","none","none","UNSATISFIABLE","0,110893","0","0","0","0","","","","","120"
"1","ORIGINAL","instance_40_10_5_28","sorting-network","none","none","TIMEOUT","300,1174","0","0","0","0","","","","","120"
"1","ORIGINAL","instance_40_10_5_29","sorting-network","none","none","OPTIMUM","43,26947","43,20798","28298","112165","2387","698","703","5","0","120"
"1","ORIGINAL","instance_40_10_5_3","sorting-network","none","none","UNSATISFIABLE","0,230593","0","0","0","0","","","","","120"
"1","ORIGINAL","instance_40_10_5_30","sorting-network","none","none","UNSATISFIABLE","0,064097","0","0","0","0","","","","","120"
"1","ORIGINAL","instance_40_10_5_31","sorting-network","none","none","UNSATISFIABLE","0,071744","0","0","0","0","","","","","120"
"1","ORIGINAL","instance_40_10_5_32","sorting-network","none","none","OPTIMUM","30,28927","30,23568","25940","103775","2311","699","701","2","0","120"
"1","ORIGINAL","instance_40_10_5_33","sorting-network","none","none","UNSATISFIABLE","0,094538","0","0","0","0","","","","","120"
"1","ORIGINAL","instance_40_10_5_34","sorting-network","none","none","UNSATISFIABLE","1,171246","0","0","0","0","","","","","120"
"1","ORIGINAL","instance_40_10_5_35","sorting-network","none","none","UNSATISFIABLE","0,075556","0","0","0","0","","","","","120"
"1","ORIGINAL","instance_40_10_5_36","sorting-network","none","none","UNSATISFIABLE","0,229656","0","0","0","0","","","","","120"
"1","ORIGINAL","instance_40_10_5_37","sorting-network","none","none","UNSATISFIABLE","0,076153","0","0","0","0","","","","","120"
"1","ORIGINAL","instance_40_10_5_38","sorting-network","none","none","UNSATISFIABLE","0,061599","0","0","0","0","","","","","120"
"1","ORIGINAL","instance_40_10_5_39","sorting-network","none","none","OPTIMUM","91,13395","91,07969","27823","101885","2189","691","698","5","2","120"
"1","ORIGINAL","instance_40_10_5_4","sorting-network","none","none","UNSATISFIABLE","0,072443","0","0","0","0","","","","","120"
"1","ORIGINAL","instance_40_10_5_40","sorting-network","none","none","UNSATISFIABLE","0,073427","0","0","0","0","","","","","120"
"1","ORIGINAL","instance_40_10_5_41","sorting-network","none","none","UNSATISFIABLE","0,492825","0","0","0","0","","","","","120"
"1","ORIGINAL","instance_40_10_5_42","sorting-network","none","none","UNSATISFIABLE","0,071883","0","0","0","0","","","","","120"
"1","ORIGINAL","instance_40_10_5_43","sorting-network","none","none","UNSATISFIABLE","0,074486","0","0","0","0","","","","","120"
"1","ORIGINAL","instance_40_10_5_44","sorting-network","none","none","OPTIMUM","31,10228","31,0523","28382","97565","2059","634","649","15","0","120"
"1","ORIGINAL","instance_40_10_5_45","sorting-network","none","none","TIMEOUT","300,115","0","0","0","0","","","","","120"
"1","ORIGINAL","instance_40_10_5_46","sorting-network","none","none","UNSATISFIABLE","0,07964","0","0","0","0","","","","","120"
"1","ORIGINAL","instance_40_10_5_47","sorting-network","none","none","UNSATISFIABLE","0,079329","0","0","0","0","","","","","120"
"1","ORIGINAL","instance_40_10_5_48","sorting-network","none","none","UNSATISFIABLE","0,124397","0","0","0","0","","","","","120"
"1","ORIGINAL","instance_40_10_5_49","sorting-network","none","none","TIMEOUT","300,1175","0","0","0","0","","","","","120"
"1","ORIGINAL","instance_40_10_5_5","sorting-network","none","none","TIMEOUT","300,1093","0","0","0","0","","","","","120"
"1","ORIGINAL","instance_40_10_5_50","sorting-network","none","none","UNSATISFIABLE","0,080392","0","0","0","0","","","","","120"
"1","ORIGINAL","instance_40_10_5_6","sorting-network","none","none","TIMEOUT","300,1193","0","0","0","0","","","","","120"
"1","ORIGINAL","instance_40_10_5_7","sorting-network","none","none","OPTIMUM","63,07785","63,01831","31614","122651","2328","695","700","5","0","120"
"1","ORIGINAL","instance_40_10_5_8","sorting-network","none","none","UNSATISFIABLE","0,075788","0","0","0","0","","","","","120"
"1","ORIGINAL","instance_40_10_5_9","sorting-network","none","none","UNSATISFIABLE","0,155731","0","0","0","0","","","","","120"
"1","ORIGINAL","instance_40_15_4_1","sorting-network","none","none","OPTIMUM","15,23918","15,16873","29989","116463","2764","591","593","2","0","120"
"1","ORIGINAL","instance_40_15_4_10","sorting-network","none","none","OPTIMUM","53,67446","53,62078","19640","76108","2323","522","529","1","6","120"
"1","ORIGINAL","instance_40_15_4_11","sorting-network","none","none","TIMEOUT","300,1167","0","0","0","0","","","","","120"
"1","ORIGINAL","instance_40_15_4_12","sorting-network","none","none","UNSATISFIABLE","0,30575","0","0","0","0","","","","","120"
"1","ORIGINAL","instance_40_15_4_13","sorting-network","none","none","UNSATISFIABLE","0,108209","0","0","0","0","","","","","120"
"1","ORIGINAL","instance_40_15_4_14","sorting-network","none","none","OPTIMUM","30,99209","30,92269","31087","120531","2599","566","573","7","0","120"
"1","ORIGINAL","instance_40_15_4_15","sorting-network","none","none","UNSATISFIABLE","0,096398","0","0","0","0","","","","","120"
"1","ORIGINAL","instance_40_15_4_16","sorting-network","none","none","UNSATISFIABLE","0,256234","0","0","0","0","","","","","120"
"1","ORIGINAL","instance_40_15_4_17","sorting-network","none","none","OPTIMUM","43,26898","43,17818","35248","136004","2860","519","528","9","0","120"
"1","ORIGINAL","instance_40_15_4_18","sorting-network","none","none","OPTIMUM","34,91719","34,82764","33612","132451","2777","595","599","4","0","120"
"1","ORIGINAL","instance_40_15_4_19","sorting-network","none","none","OPTIMUM","19,80862","19,73187","32802","117179","2816","585","590","5","0","120"
"1","ORIGINAL","instance_40_15_4_2","sorting-network","none","none","TIMEOUT","300,1179","0","0","0","0","","","","","120"
"1","ORIGINAL","instance_40_15_4_20","sorting-network","none","none","OPTIMUM","23,26387","23,17457","33405","132408","2667","580","580","0","0","120"
"1","ORIGINAL","instance_40_15_4_21","sorting-network","none","none","OPTIMUM","29,86625","29,80023","28714","102266","2665","535","547","12","0","120"
"1","ORIGINAL","instance_40_15_4_22","sorting-network","none","none","OPTIMUM","42,79544","42,69204","42918","171899","2874","590","593","3","0","120"
"1","ORIGINAL","instance_40_15_4_23","sorting-network","none","none","OPTIMUM","40,98984","40,92666","27480","95105","2600","553","560","7","0","120"
"1","ORIGINAL","instance_40_15_4_24","sorting-network","none","none","OPTIMUM","32,07588","32,00767","28266","109119","2655","580","587","7","0","120"
"1","ORIGINAL","instance_40_15_4_25","sorting-network","none","none","OPTIMUM","27,01732","26,92433","33801","138708","2815","604","606","2","0","120"
"1","ORIGINAL","instance_40_15_4_26","sorting-network","none","none","OPTIMUM","6,383972","6,326672","22702","82466","2516","593","594","1","0","120"
"1","ORIGINAL","instance_40_15_4_27","sorting-network","none","none","UNSATISFIABLE","0,111326","0","0","0","0","","","","","120"
"1","ORIGINAL","instance_40_15_4_28","sorting-network","none","none","OPTIMUM","33,49844","33,42932","28638","109364","2524","595","597","2","0","120"
"1","ORIGINAL","instance_40_15_4_29","sorting-network","none","none","UNSATISFIABLE","0,096533","0","0","0","0","","","","","120"
"1","ORIGINAL","instance_40_15_4_3","sorting-network","none","none","UNSATISFIABLE","0,07021","0","0","0","0","","","","","120"
"1","ORIGINAL","instance_40_15_4_30","sorting-network","none","none","OPTIMUM","48,29399","48,22417","28434","112759","2639","532","535","3","0","120"
"1","ORIGINAL","instance_40_15_4_31","sorting-network","none","none","OPTIMUM","21,34993","21,27534","32545","126011","2862","564","573","9","0","120"
"1","ORIGINAL","instance_40_15_4_32","sorting-network","none","none","OPTIMUM","34,3471","34,27489","30007","119915","2788","591","593","2","0","120"
"1","ORIGINAL","instance_40_15_4_33","sorting-network","none","none","UNSATISFIABLE","0,254079","0","0","0","0","","","","","120"
"1","ORIGINAL","instance_40_15_4_34","sorting-network","none","none","OPTIMUM","29,83301","29,77502","23001","85113","2371","544","554","10","0","120"
"1","ORIGINAL","instance_40_15_4_35","sorting-network","none","none","OPTIMUM","32,38063","32,31856","26496","95545","2601","554","564","10","0","120"
"1","ORIGINAL","instance_40_15_4_36","sorting-network","none","none","OPTIMUM","35,87403","35,80383","30376","112672","2646","536","550","14","0","120"
"1","ORIGINAL","instance_40_15_4_37","sorting-network","none","none","UNSATISFIABLE","0,248246","0","0","0","0","","","","","120"
"1","ORIGINAL","instance_40_15_4_38","sorting-network","none","none","OPTIMUM","59,95206","59,86195","33730","133228","2833","564","567","3","0","120"
"1","ORIGINAL","instance_40_15_4_39","sorting-network","none","none","OPTIMUM","29,13966","29,03173","42087","177218","2921","601","607","6","0","120"
"1","ORIGINAL","instance_40_15_4_4","sorting-network","none","none","OPTIMUM","27,94084","27,87159","29182","108860","2745","538","549","11","0","120"
"1","ORIGINAL","instance_40_15_4_40","sorting-network","none","none","OPTIMUM","24,5534","24,47681","30657","121590","2748","599","600","1","0","120"
"1","ORIGINAL","instance_40_15_4_41","sorting-network","none","none","UNSATISFIABLE","0,122076","0","0","0","0","","","","","120"
"1","ORIGINAL","instance_40_15_4_42","sorting-network","none","none","UNSATISFIABLE","0,119059","0","0","0","0","","","","","120"
"1","ORIGINAL","instance_40_15_4_43","sorting-network","none","none","OPTIMUM","28,17115","28,09989","28384","118379","2609","566","572","6","0","120"
"1","ORIGINAL","instance_40_15_4_44","sorting-network","none","none","OPTIMUM","40,39664","40,32993","31098","108409","2801","536","551","15","0","120"
"1","ORIGINAL","instance_40_15_4_45","sorting-network","none","none","OPTIMUM","27,6935","27,62046","30972","117364","2684","584","588","4","0","120"
"1","ORIGINAL","instance_40_15_4_46","sorting-network","none","none","OPTIMUM","34,00372","33,90637","38570","151129","2918","605","607","2","0","120"
"1","ORIGINAL","instance_40_15_4_47","sorting-network","none","none","OPTIMUM","43,18056","43,11249","30407","106880","2667","571","581","10","0","120"
"1","ORIGINAL","instance_40_15_4_48","sorting-network","none","none","OPTIMUM","33,57058","33,46995","39380","164592","2967","571","577","6","0","120"
"1","ORIGINAL","instance_40_15_4_49","sorting-network","none","none","OPTIMUM","31,68832","31,58798","40760","159510","2907","582","586","4","0","120"
"1","ORIGINAL","instance_40_15_4_5","sorting-network","none","none","OPTIMUM","50,85579","50,79014","25502","99204","2538","547","564","14","3","120"
"1","ORIGINAL","instance_40_15_4_50","sorting-network","none","none","OPTIMUM","42,49917","42,4365","26176","98485","2535","585","593","8","0","120"
"1","ORIGINAL","instance_40_15_4_6","sorting-network","none","none","OPTIMUM","31,76047","31,70473","22713","80837","2515","550","558","8","0","120"
"1","ORIGINAL","instance_40_15_4_7","sorting-network","none","none","OPTIMUM","34,21285","34,12114","36691","138353","2902","572","582","10","0","120"
"1","ORIGINAL","instance_40_15_4_8","sorting-network","none","none","OPTIMUM","31,46537","31,40933","21515","79658","2422","496","509","13","0","120"
"1","ORIGINAL","instance_40_15_4_9","sorting-network","none","none","OPTIMUM","174,1748","174,0834","32510","132452","2683","590","596","3","3","120"
"1","ORIGINAL","instance_40_15_5_1","sorting-network","none","none","OPTIMUM","207,7992","207,7026","46303","192940","3457","751","755","4","0","120"
"1","ORIGINAL","instance_40_15_5_10","sorting-network","none","none","OPTIMUM","34,96725","34,88016","41877","161944","3198","724","731","7","0","120"
"1","ORIGINAL","instance_40_15_5_11","sorting-network","none","none","OPTIMUM","59,18382","59,09616","45263","169907","3247","695","704","9","0","120"
"1","ORIGINAL","instance_40_15_5_12","sorting-network","none","none","OPTIMUM","31,22784","31,13219","46725","199770","3350","773","774","1","0","120"
"1","ORIGINAL","instance_40_15_5_13","sorting-network","none","none","UNSATISFIABLE","0,488241","0","0","0","0","","","","","120"
"1","ORIGINAL","instance_40_15_5_14","sorting-network","none","none","OPTIMUM","61,96824","61,87529","47141","184132","3227","711","722","11","0","120"
"1","ORIGINAL","instance_40_15_5_15","sorting-network","none","none","OPTIMUM","46,05456","45,9547","53670","205694","3438","736","747","9","2","120"
"1","ORIGINAL","instance_40_15_5_16","sorting-network","none","none","TIMEOUT","300,1159","0","0","0","0","","","","","120"
"1","ORIGINAL","instance_40_15_5_17","sorting-network","none","none","TIMEOUT","300,1129","0","0","0","0","","","","","120"
"1","ORIGINAL","instance_40_15_5_18","sorting-network","none","none","OPTIMUM","44,24016","44,15235","37352","140937","3134","685","693","8","0","120"
"1","ORIGINAL","instance_40_15_5_19","sorting-network","none","none","UNSATISFIABLE","0,187212","0","0","0","0","","","","","120"
"1","ORIGINAL","instance_40_15_5_2","sorting-network","none","none","OPTIMUM","66,44052","66,36426","36970","131196","3038","714","730","16","0","120"
"1","ORIGINAL","instance_40_15_5_20","sorting-network","none","none","OPTIMUM","65,83566","65,75776","37344","141360","3176","703","713","10","0","120"
"1","ORIGINAL","instance_40_15_5_21","sorting-network","none","none","OPTIMUM","49,61662","49,51974","49757","200603","3399","732","737","5","0","120"
"1","ORIGINAL","instance_40_15_5_22","sorting-network","none","none","UNSATISFIABLE","0,106485","0","0","0","0","","","","","120"
"1","ORIGINAL","instance_40_15_5_23","sorting-network","none","none","OPTIMUM","26,10461","26,04044","32696","124492","2884","717","720","3","0","120"
"1","ORIGINAL","instance_40_15_5_24","sorting-network","none","none","OPTIMUM","132,2461","132,1614","38856","153887","3010","723","730","7","0","120"
"1","ORIGINAL","instance_40_15_5_25","sorting-network","none","none","UNSATISFIABLE","0,140454","0","0","0","0","","","","","120"
"1","ORIGINAL","instance_40_15_5_26","sorting-network","none","none","OPTIMUM","48,24413","48,15912","44012","160321","3105","710","721","11","0","120"
"1","ORIGINAL","instance_40_15_5_27","sorting-network","none","none","OPTIMUM","64,07176","64,00898","34890","118405","3072","640","658","18","0","120"
"1","ORIGINAL","instance_40_15_5_28","sorting-network","none","none","OPTIMUM","24,36139","24,28115","38532","146697","3477","749","753","4","0","120"
"1","ORIGINAL","instance_40_15_5_29","sorting-network","none","none","UNSATISFIABLE","0,262219","0","0","0","0","","","","","120"
"1","ORIGINAL","instance_40_15_5_3","sorting-network","none","none","OPTIMUM","52,04059","51,94364","47638","199102","3639","745","750","5","0","120"
"1","ORIGINAL","instance_40_15_5_30","sorting-network","none","none","OPTIMUM","41,11122","41,00915","52231","217532","3294","706","716","10","0","120"
"1","ORIGINAL","instance_40_15_5_31","sorting-network","none","none","OPTIMUM","55,58914","55,50406","42847","159999","3383","717","727","10","0","120"
"1","ORIGINAL","instance_40_15_5_32","sorting-network","none","none","UNSATISFIABLE","0,141472","0","0","0","0","","","","","120"
"1","ORIGINAL","instance_40_15_5_33","sorting-network","none","none","OPTIMUM","87,17179","87,11017","32181","120383","2925","676","684","8","0","120"
"1","ORIGINAL","instance_40_15_5_34","sorting-network","none","none","OPTIMUM","175,6179","175,5242","49857","192847","3397","728","739","11","0","120"
"1","ORIGINAL","instance_40_15_5_35","sorting-network","none","none","OPTIMUM","31,76852","31,68074","39993","174686","3325","743","749","6","0","120"
"1","ORIGINAL","instance_40_15_5_36","sorting-network","none","none","UNSATISFIABLE","0,365793","0","0","0","0","","","","","120"
"1","ORIGINAL","instance_40_15_5_37","sorting-network","none","none","UNSATISFIABLE","0,393709","0","0","0","0","","","","","120"
"1","ORIGINAL","instance_40_15_5_38","sorting-network","none","none","UNSATISFIABLE","0,102765","0","0","0","0","","","","","120"
"1","ORIGINAL","instance_40_15_5_39","sorting-network","none","none","OPTIMUM","51,24107","51,15366","44010","173191","3368","700","705","5","0","120"
"1","ORIGINAL","instance_40_15_5_4","sorting-network","none","none","OPTIMUM","43,40719","43,31668","44532","175942","3409","728","735","7","0","120"
"1","ORIGINAL","instance_40_15_5_40","sorting-network","none","none","OPTIMUM","41,6565","41,57188","41919","151038","3214","696","710","14","0","120"
"1","ORIGINAL","instance_40_15_5_41","sorting-network","none","none","OPTIMUM","26,6534","26,56741","42326","167719","3259","744","745","1","0","120"
"1","ORIGINAL","instance_40_15_5_42","sorting-network","none","none","OPTIMUM","59,61746","59,55865","30474","109258","2907","685","694","9","0","120"
"1","ORIGINAL","instance_40_15_5_43","sorting-network","none","none","OPTIMUM","91,55433","91,45596","50060","203293","3276","746","752","6","0","120"
"1","ORIGINAL","instance_40_15_5_44","sorting-network","none","none","UNSATISFIABLE","0,838791","0","0","0","0","","","","","120"
"1","ORIGINAL","instance_40_15_5_45","sorting-network","none","none","OPTIMUM","86,13316","86,04887","40830","147936","3047","716","724","8","0","120"
"1","ORIGINAL","instance_40_15_5_46","sorting-network","none","none","OPTIMUM","39,26807","39,18906","36448","134307","3123","649","658","9","0","120"
"1","ORIGINAL","instance_40_15_5_47","sorting-network","none","none","OPTIMUM","51,00018","50,91704","43013","154182","3162","656","664","8","0","120"
"1","ORIGINAL","instance_40_15_5_48","sorting-network","none","none","OPTIMUM","49,30423","49,22838","36232","132008","2972","660","671","11","0","120"
"1","ORIGINAL","instance_40_15_5_49","sorting-network","none","none","UNSATISFIABLE","0,115408","0","0","0","0","","","","","120"
"1","ORIGINAL","instance_40_15_5_5","sorting-network","none","none","UNSATISFIABLE","0,290401","0","0","0","0","","","","","120"
"1","ORIGINAL","instance_40_15_5_50","sorting-network","none","none","OPTIMUM","46,74929","46,66927","39399","152371","3021","701","708","7","0","120"
"1","ORIGINAL","instance_40_15_5_6","sorting-network","none","none","UNSATISFIABLE","0,516879","0","0","0","0","","","","","120"
"1","ORIGINAL","instance_40_15_5_7","sorting-network","none","none","OPTIMUM","129,5868","129,4838","54413","216073","3396","757","764","7","0","120"
"1","ORIGINAL","instance_40_15_5_8","sorting-network","none","none","OPTIMUM","44,82983","44,75072","38619","142512","3259","694","702","8","0","120"
"1","ORIGINAL","instance_40_15_5_9","sorting-network","none","none","TIMEOUT","300,1138","0","0","0","0","","","","","120"
"1","ORIGINAL","instance_40_20_4_1","sorting-network","none","none","OPTIMUM","54,88505","54,78003","44358","180362","3637","585","591","6","0","120"
"1","ORIGINAL","instance_40_20_4_10","sorting-network","none","none","OPTIMUM","35,6643","35,57041","37162","152492","3475","603","607","4","0","120"
"1","ORIGINAL","instance_40_20_4_11","sorting-network","none","none","OPTIMUM","18,36342","18,25201","49266","200301","3746","590","594","4","0","120"
"1","ORIGINAL","instance_40_20_4_12","sorting-network","none","none","OPTIMUM","35,38961","35,2875","41137","173248","3640","600","603","3","0","120"
"1","ORIGINAL","instance_40_20_4_13","sorting-network","none","none","OPTIMUM","34,50255","34,40275","39957","169766","3579","609","614","5","0","120"
"1","ORIGINAL","instance_40_20_4_14","sorting-network","none","none","OPTIMUM","32,08801","31,97722","46526","205084","3795","618","620","2","0","120"
"1","ORIGINAL","instance_40_20_4_15","sorting-network","none","none","OPTIMUM","55,28803","55,17682","46843","199847","3686","611","615","4","0","120"
"1","ORIGINAL","instance_40_20_4_16","sorting-network","none","none","OPTIMUM","47,4658","47,35004","48390","215797","3668","599","601","2","0","120"
"1","ORIGINAL","instance_40_20_4_17","sorting-network","none","none","OPTIMUM","14,92299","14,83275","33161","146139","3529","622","623","1","0","120"
"1","ORIGINAL","instance_40_20_4_18","sorting-network","none","none","OPTIMUM","20,65231","20,5641","34692","138314","3597","573","576","3","0","120"
"1","ORIGINAL","instance_40_20_4_19","sorting-network","none","none","OPTIMUM","36,92434","36,82278","39950","162207","3498","605","606","1","0","120"
"1","ORIGINAL","instance_40_20_4_2","sorting-network","none","none","OPTIMUM","31,23931","31,13814","40439","165073","3609","595","601","6","0","120"
"1","ORIGINAL","instance_40_20_4_20","sorting-network","none","none","OPTIMUM","20,91084","20,8121","41568","165293","3742","580","588","8","0","120"
"1","ORIGINAL","instance_40_20_4_21","sorting-network","none","none","OPTIMUM","29,52556","29,42778","41116","154279","3392","585","594","9","0","120"
"1","ORIGINAL","instance_40_20_4_22","sorting-network","none","none","OPTIMUM","40,83941","40,74279","36757","159394","3445","582","586","4","0","120"
"1","ORIGINAL","instance_40_20_4_23","sorting-network","none","none","OPTIMUM","94,45997","94,36107","41199","157348","3580","574","581","7","0","120"
"1","ORIGINAL","instance_40_20_4_24","sorting-network","none","none","OPTIMUM","35,16943","35,06215","41802","191664","3720","617","619","2","0","120"
"1","ORIGINAL","instance_40_20_4_25","sorting-network","none","none","OPTIMUM","39,33572","39,20721","46412","189476","3751","604","609","5","0","120"
"1","ORIGINAL","instance_40_20_4_26","sorting-network","none","none","OPTIMUM","25,65498","25,58479","30110","113116","3279","573","579","6","0","120"
"1","ORIGINAL","instance_40_20_4_27","sorting-network","none","none","OPTIMUM","20,97767","20,89167","30931","135159","3366","578","583","5","0","120"
"1","ORIGINAL","instance_40_20_4_28","sorting-network","none","none","UNSATISFIABLE","0,142527","0","0","0","0","","","","","120"
"1","ORIGINAL","instance_40_20_4_29","sorting-network","none","none","OPTIMUM","26,95124","26,83851","43389","194293","3691","623","625","2","0","120"
"1","ORIGINAL","instance_40_20_4_3","sorting-network","none","none","OPTIMUM","39,93384","39,82595","43923","187747","3512","585","591","6","0","120"
"1","ORIGINAL","instance_40_20_4_30","sorting-network","none","none","OPTIMUM","26,69734","26,60979","33626","134747","3261","599","603","4","0","120"
"1","ORIGINAL","instance_40_20_4_31","sorting-network","none","none","OPTIMUM","20,18249","20,09451","33697","131497","3563","609","612","3","0","120"
"1","ORIGINAL","instance_40_20_4_32","sorting-network","none","none","OPTIMUM","34,11075","33,99946","46110","187339","3743","613","617","4","0","120"
"1","ORIGINAL","instance_40_20_4_33","sorting-network","none","none","OPTIMUM","21,41322","21,31297","39303","167667","3719","579","581","2","0","120"
"1","ORIGINAL","instance_40_20_4_34","sorting-network","none","none","OPTIMUM","41,56089","41,46263","44355","159012","3671","581","591","10","0","120"
"1","ORIGINAL","instance_40_20_4_35","sorting-network","none","none","OPTIMUM","53,0539","52,94229","44320","197340","3745","618","619","1","0","120"
"1","ORIGINAL","instance_40_20_4_36","sorting-network","none","none","OPTIMUM","56,54814","56,4484","42783","164575","3583","563","571","8","0","120"
"1","ORIGINAL","instance_40_20_4_37","sorting-network","none","none","TIMEOUT","300,111","0","0","0","0","","","","","120"
"1","ORIGINAL","instance_40_20_4_38","sorting-network","none","none","OPTIMUM","25,67018","25,57472","36478","160151","3595","605","607","2","0","120"
"1","ORIGINAL","instance_40_20_4_39","sorting-network","none","none","OPTIMUM","46,36416","46,26834","38017","162665","3371","608","610","2","0","120"
"1","ORIGINAL","instance_40_20_4_4","sorting-network","none","none","OPTIMUM","21,93903","21,87647","26381","100832","3273","588","593","5","0","120"
"1","ORIGINAL","instance_40_20_4_40","sorting-network","none","none","OPTIMUM","39,11279","39,00965","41988","184112","3504","619","620","1","0","120"
"1","ORIGINAL","instance_40_20_4_41","sorting-network","none","none","OPTIMUM","31,6551","31,54321","47350","192126","4001","618","622","4","0","120"
"1","ORIGINAL","instance_40_20_4_42","sorting-network","none","none","OPTIMUM","32,57687","32,48723","37308","137834","3496","605","607","2","0","120"
"1","ORIGINAL","instance_40_20_4_43","sorting-network","none","none","OPTIMUM","14,9274","14,8235","40901","181764","3771","614","615","1","0","120"
"1","ORIGINAL","instance_40_20_4_44","sorting-network","none","none","OPTIMUM","47,75267","47,63282","51142","230814","3799","602","604","2","0","120"
"1","ORIGINAL","instance_40_20_4_45","sorting-network","none","none","OPTIMUM","45,07668","44,97157","42845","177424","3528","605","607","2","0","120"
"1","ORIGINAL","instance_40_20_4_46","sorting-network","none","none","OPTIMUM","34,28229","34,18711","38148","149867","3551","584","585","1","0","120"
"1","ORIGINAL","instance_40_20_4_47","sorting-network","none","none","OPTIMUM","75,15883","75,0961","24645","102985","3173","560","566","6","0","120"
"1","ORIGINAL","instance_40_20_4_48","sorting-network","none","none","OPTIMUM","54,57928","54,48837","35084","142826","3626","577","582","5","0","120"
"1","ORIGINAL","instance_40_20_4_49","sorting-network","none","none","OPTIMUM","32,63906","32,515","54456","234165","3750","613","617","4","0","120"
"1","ORIGINAL","instance_40_20_4_5","sorting-network","none","none","OPTIMUM","51,36236","51,24272","44736","210850","3745","607","608","1","0","120"
"1","ORIGINAL","instance_40_20_4_50","sorting-network","none","none","OPTIMUM","44,04475","43,9395","44382","181927","3713","598","604","6","0","120"
"1","ORIGINAL","instance_40_20_4_6","sorting-network","none","none","OPTIMUM","35,44799","35,34479","40739","178871","3578","615","617","2","0","120"
"1","ORIGINAL","instance_40_20_4_7","sorting-network","none","none","OPTIMUM","30,93473","30,84459","37011","143289","3464","607","611","4","0","120"
"1","ORIGINAL","instance_40_20_4_8","sorting-network","none","none","OPTIMUM","35,12583","35,02822","39188","156402","3385","606","607","1","0","120"
"1","ORIGINAL","instance_40_20_4_9","sorting-network","none","none","OPTIMUM","25,26275","25,1603","42255","174006","3631","619","619","0","0","120"
"1","ORIGINAL","instance_40_20_5_1","sorting-network","none","none","TIMEOUT","300,1182","0","0","0","0","","","","","120"
"1","ORIGINAL","instance_40_20_5_10","sorting-network","none","none","OPTIMUM","26,89804","26,80474","43263","170663","4081","716","724","8","0","120"
"1","ORIGINAL","instance_40_20_5_11","sorting-network","none","none","OPTIMUM","47,06865","46,96355","55886","216650","4143","734","738","4","0","120"
"1","ORIGINAL","instance_40_20_5_12","sorting-network","none","none","OPTIMUM","73,41645","73,30972","57845","219125","4408","724","731","7","0","120"
"1","ORIGINAL","instance_40_20_5_13","sorting-network","none","none","OPTIMUM","40,75813","40,64358","55352","218368","4312","763","766","3","0","120"
"1","ORIGINAL","instance_40_20_5_14","sorting-network","none","none","OPTIMUM","63,34022","63,22405","56616","251205","4541","772","773","1","0","120"
"1","ORIGINAL","instance_40_20_5_15","sorting-network","none","none","OPTIMUM","28,05734","27,96466","42389","173155","4109","745","751","6","0","120"
"1","ORIGINAL","instance_40_20_5_16","sorting-network","none","none","OPTIMUM","20,7974","20,70412","44386","182880","4090","745","750","5","0","120"
"1","ORIGINAL","instance_40_20_5_17","sorting-network","none","none","OPTIMUM","73,03283","72,887","68687","288962","4329","737","746","9","0","120"
"1","ORIGINAL","instance_40_20_5_18","sorting-network","none","none","OPTIMUM","51,2391","51,14726","40810","164303","4143","758","762","4","0","120"
"1","ORIGINAL","instance_40_20_5_19","sorting-network","none","none","OPTIMUM","45,41235","45,26975","69321","268358","4519","753","759","6","0","120"
"1","ORIGINAL","instance_40_20_5_2","sorting-network","none","none","OPTIMUM","67,61296","67,49962","60509","232936","4418","751","760","9","0","120"
"1","ORIGINAL","instance_40_20_5_20","sorting-network","none","none","OPTIMUM","51,15445","51,04397","53539","219435","4106","776","779","3","0","120"
"1","ORIGINAL","instance_40_20_5_21","sorting-network","none","none","OPTIMUM","49,58089","49,44394","56460","273895","4406","761","762","1","0","120"
"1","ORIGINAL","instance_40_20_5_22","sorting-network","none","none","OPTIMUM","62,75593","62,64261","55935","238243","4476","758","765","7","0","120"
"1","ORIGINAL","instance_40_20_5_23","sorting-network","none","none","OPTIMUM","42,46358","42,35655","55216","216701","4458","766","771","5","0","120"
"1","ORIGINAL","instance_40_20_5_24","sorting-network","none","none","OPTIMUM","57,36408","57,2634","49444","196030","4104","740","746","6","0","120"
"1","ORIGINAL","instance_40_20_5_25","sorting-network","none","none","OPTIMUM","225,737","225,6427","46858","177372","4198","699","717","18","0","120"
"1","ORIGINAL","instance_40_20_5_26","sorting-network","none","none","OPTIMUM","63,64414","63,5034","62360","265318","4250","772","772","0","0","120"
"1","ORIGINAL","instance_40_20_5_27","sorting-network","none","none","OPTIMUM","51,48807","51,40611","36642","147026","3661","689","699","10","0","120"
"1","ORIGINAL","instance_40_20_5_28","sorting-network","none","none","OPTIMUM","32,91146","32,80003","55340","240093","4072","743","747","4","0","120"
"1","ORIGINAL","instance_40_20_5_29","sorting-network","none","none","OPTIMUM","62,13043","62,01776","62238","238969","4314","734","744","10","0","120"
"1","ORIGINAL","instance_40_20_5_3","sorting-network","none","none","OPTIMUM","47,1455","47,05247","43483","179048","4027","757","759","2","0","120"
"1","ORIGINAL","instance_40_20_5_30","sorting-network","none","none","OPTIMUM","65,52834","65,42038","51491","218267","4400","755","760","5","0","120"
"1","ORIGINAL","instance_40_20_5_31","sorting-network","none","none","OPTIMUM","32,01034","31,90676","50544","211165","4153","737","740","3","0","120"
"1","ORIGINAL","instance_40_20_5_32","sorting-network","none","none","UNSATISFIABLE","0,381189","0","0","0","0","","","","","120"
"1","ORIGINAL","instance_40_20_5_33","sorting-network","none","none","OPTIMUM","73,40449","73,25762","67036","287180","4331","769","775","6","0","120"
"1","ORIGINAL","instance_40_20_5_34","sorting-network","none","none","TIMEOUT","300,1248","0","0","0","0","","","","","120"
"1","ORIGINAL","instance_40_20_5_35","sorting-network","none","none","UNSATISFIABLE","0,497183","0","0","0","0","","","","","120"
"1","ORIGINAL","instance_40_20_5_36","sorting-network","none","none","OPTIMUM","55,9358","55,83662","51716","194914","4267","722","731","9","0","120"
"1","ORIGINAL","instance_40_20_5_37","sorting-network","none","none","OPTIMUM","44,72038","44,61003","56436","221784","4340","771","771","0","0","120"
"1","ORIGINAL","instance_40_20_5_38","sorting-network","none","none","OPTIMUM","22,52864","22,41931","52292","239705","4283","764","765","1","0","120"
"1","ORIGINAL","instance_40_20_5_39","sorting-network","none","none","OPTIMUM","96,47419","96,3666","53938","218439","4440","776","777","1","0","120"
"1","ORIGINAL","instance_40_20_5_4","sorting-network","none","none","OPTIMUM","51,11157","51,00003","57811","225399","4315","723","731","8","0","120"
"1","ORIGINAL","instance_40_20_5_40","sorting-network","none","none","OPTIMUM","68,00874","67,90208","56586","225090","4031","688","701","13","0","120"
"1","ORIGINAL","instance_40_20_5_41","sorting-network","none","none","OPTIMUM","43,45735","43,35914","49094","202989","3938","723","735","12","0","120"
"1","ORIGINAL","instance_40_20_5_42","sorting-network","none","none","OPTIMUM","61,21113","61,09364","58824","256821","4081","722","731","9","0","120"
"1","ORIGINAL","instance_40_20_5_43","sorting-network","none","none","OPTIMUM","41,59315","41,4506","60954","278626","4425","756","757","1","0","120"
"1","ORIGINAL","instance_40_20_5_44","sorting-network","none","none","OPTIMUM","44,83735","44,72435","59489","220647","4337","735","744","9","0","120"
"1","ORIGINAL","instance_40_20_5_45","sorting-network","none","none","TIMEOUT","300,1163","0","0","0","0","","","","","120"
"1","ORIGINAL","instance_40_20_5_46","sorting-network","none","none","OPTIMUM","43,72638","43,62991","44511","174393","3956","741","752","11","0","120"
"1","ORIGINAL","instance_40_20_5_47","sorting-network","none","none","OPTIMUM","53,70184","53,6091","47404","169313","3995","703","718","15","0","120"
"1","ORIGINAL","instance_40_20_5_48","sorting-network","none","none","OPTIMUM","35,2706","35,15497","58469","247892","4374","767","774","7","0","120"
"1","ORIGINAL","instance_40_20_5_49","sorting-network","none","none","OPTIMUM","71,78699","71,64136","64301","277036","4512","776","785","9","0","120"
"1","ORIGINAL","instance_40_20_5_5","sorting-network","none","none","UNSATISFIABLE","32,90837","0","0","0","0","","","","","120"
"1","ORIGINAL","instance_40_20_5_50","sorting-network","none","none","OPTIMUM","42,15906","42,06114","46133","180190","3989","729","739","10","0","120"
"1","ORIGINAL","instance_40_20_5_6","sorting-network","none","none","OPTIMUM","56,6707","56,51927","66366","285647","4147","733","745","12","0","120"
"1","ORIGINAL","instance_40_20_5_7","sorting-network","none","none","OPTIMUM","8,756411","8,655311","43956","203923","3865","754","756","2","0","120"
"1","ORIGINAL","instance_40_20_5_8","sorting-network","none","none","OPTIMUM","59,02583","58,90817","54789","259036","4331","775","777","2","0","120"
"1","ORIGINAL","instance_40_20_5_9","sorting-network","none","none","OPTIMUM","50,82464","50,73945","41397","151722","3847","707","722","15","0","120"
"1","ORIGINAL","instance_40_25_4_1","sorting-network","none","none","OPTIMUM","52,22162","52,09053","52883","239232","4571","625","627","2","0","120"
"1","ORIGINAL","instance_40_25_4_10","sorting-network","none","none","OPTIMUM","48,50759","48,38646","47507","211970","4264","606","613","7","0","120"
"1","ORIGINAL","instance_40_25_4_11","sorting-network","none","none","OPTIMUM","38,18204","38,05491","48216","233868","4236","626","627","1","0","120"
"1","ORIGINAL","instance_40_25_4_12","sorting-network","none","none","OPTIMUM","41,43061","41,30908","49101","215583","4250","623","626","3","0","120"
"1","ORIGINAL","instance_40_25_4_13","sorting-network","none","none","OPTIMUM","28,44955","28,33784","45313","188448","4511","623","626","3","0","120"
"1","ORIGINAL","instance_40_25_4_14","sorting-network","none","none","OPTIMUM","52,48015","52,347","56926","249396","4509","617","617","0","0","120"
"1","ORIGINAL","instance_40_25_4_15","sorting-network","none","none","OPTIMUM","209,6369","209,5167","50494","204195","4079","594","609","15","0","120"
"1","ORIGINAL","instance_40_25_4_16","sorting-network","none","none","OPTIMUM","35,29779","35,17816","47019","208855","4434","587","589","2","0","120"
"1","ORIGINAL","instance_40_25_4_17","sorting-network","none","none","OPTIMUM","52,50222","52,39113","47805","186746","4496","600","606","6","0","120"
"1","ORIGINAL","instance_40_25_4_18","sorting-network","none","none","OPTIMUM","30,99754","30,87527","48974","209031","4565","600","602","2","0","120"
"1","ORIGINAL","instance_40_25_4_19","sorting-network","none","none","OPTIMUM","58,06471","57,89295","65303","282182","4388","612","617","5","0","120"
"1","ORIGINAL","instance_40_25_4_2","sorting-network","none","none","OPTIMUM","34,72974","34,61204","46286","194579","4402","590","597","7","0","120"
"1","ORIGINAL","instance_40_25_4_20","sorting-network","none","none","OPTIMUM","46,49088","46,39082","38433","147505","3859","571","580","9","0","120"
"1","ORIGINAL","instance_40_25_4_21","sorting-network","none","none","OPTIMUM","46,3487","46,21391","56101","228122","4682","609","614","5","0","120"
"1","ORIGINAL","instance_40_25_4_22","sorting-network","none","none","OPTIMUM","37,18093","37,06764","45638","193188","4211","609","613","4","0","120"
"1","ORIGINAL","instance_40_25_4_23","sorting-network","none","none","OPTIMUM","67,07496","66,95205","50967","217572","4463","613","618","5","0","120"
"1","ORIGINAL","instance_40_25_4_24","sorting-network","none","none","OPTIMUM","55,68491","55,55022","57311","244336","4614","611","612","1","0","120"
"1","ORIGINAL","instance_40_25_4_25","sorting-network","none","none","OPTIMUM","31,24844","31,13583","45252","187885","4356","620","622","2","0","120"
"1","ORIGINAL","instance_40_25_4_26","sorting-network","none","none","OPTIMUM","39,07105","38,95207","48156","206068","4310","616","618","2","0","120"
"1","ORIGINAL","instance_40_25_4_27","sorting-network","none","none","OPTIMUM","34,29879","34,18605","46884","190821","4312","586","596","10","0","120"
"1","ORIGINAL","instance_40_25_4_28","sorting-network","none","none","OPTIMUM","44,90628","44,73697","60300","273761","4635","603","608","5","0","120"
"1","ORIGINAL","instance_40_25_4_29","sorting-network","none","none","OPTIMUM","35,05724","34,93353","49769","214647","4468","617","619","2","0","120"
"1","ORIGINAL","instance_40_25_4_3","sorting-network","none","none","OPTIMUM","36,82002","36,71344","40622","175000","4293","615","621","6","0","120"
"1","ORIGINAL","instance_40_25_4_30","sorting-network","none","none","OPTIMUM","54,94123","54,7747","57166","271548","4853","629","630","1","0","120"
"1","ORIGINAL","instance_40_25_4_31","sorting-network","none","none","OPTIMUM","32,26385","32,15724","40703","171165","4188","615","619","4","0","120"
"1","ORIGINAL","instance_40_25_4_32","sorting-network","none","none","OPTIMUM","50,27822","50,14091","56766","259192","4397","619","620","1","0","120"
"1","ORIGINAL","instance_40_25_4_33","sorting-network","none","none","OPTIMUM","41,34604","41,23191","43771","198507","4252","618","623","5","0","120"
"1","ORIGINAL","instance_40_25_4_34","sorting-network","none","none","OPTIMUM","44,28232","44,16445","48226","196905","4428","613","619","6","0","120"
"1","ORIGINAL","instance_40_25_4_35","sorting-network","none","none","OPTIMUM","50,34234","50,21886","45753","213863","4448","607","610","3","0","120"
"1","ORIGINAL","instance_40_25_4_36","sorting-network","none","none","OPTIMUM","27,81548","27,685","50288","240223","4706","627","628","1","0","120"
"1","ORIGINAL","instance_40_25_4_37","sorting-network","none","none","OPTIMUM","54,77568","54,65114","49953","220444","4475","603","608","5","0","120"
"1","ORIGINAL","instance_40_25_4_38","sorting-network","none","none","OPTIMUM","42,18054","42,06174","46368","212784","4295","613","614","1","0","120"
"1","ORIGINAL","instance_40_25_4_39","sorting-network","none","none","OPTIMUM","66,3857","66,25065","53285","250965","4482","615","619","4","0","120"
"1","ORIGINAL","instance_40_25_4_4","sorting-network","none","none","OPTIMUM","54,12951","54,01192","47734","204559","4294","623","626","3","0","120"
"1","ORIGINAL","instance_40_25_4_40","sorting-network","none","none","OPTIMUM","45,49594","45,37647","48759","202553","4558","606","611","5","0","120"
"1","ORIGINAL","instance_40_25_4_41","sorting-network","none","none","OPTIMUM","48,46564","48,2979","55841","275740","4325","626","627","1","0","120"
"1","ORIGINAL","instance_40_25_4_42","sorting-network","none","none","OPTIMUM","42,27116","42,14032","51868","231096","4392","606","611","5","0","120"
"1","ORIGINAL","instance_40_25_4_43","sorting-network","none","none","OPTIMUM","35,72508","35,59077","57059","250651","4639","612","615","3","0","120"
"1","ORIGINAL","instance_40_25_4_44","sorting-network","none","none","OPTIMUM","34,58166","34,47266","44251","176739","4145","592","597","5","0","120"
"1","ORIGINAL","instance_40_25_4_45","sorting-network","none","none","OPTIMUM","54,46804","54,33696","52764","241668","4514","624","624","0","0","120"
"1","ORIGINAL","instance_40_25_4_46","sorting-network","none","none","OPTIMUM","44,22936","44,06482","57855","269632","4689","631","631","0","0","120"
"1","ORIGINAL","instance_40_25_4_47","sorting-network","none","none","OPTIMUM","47,8341","47,69972","50635","252838","4274","567","571","4","0","120"
"1","ORIGINAL","instance_40_25_4_48","sorting-network","none","none","OPTIMUM","52,32574","52,14918","59815","299058","4884","625","625","0","0","120"
"1","ORIGINAL","instance_40_25_4_49","sorting-network","none","none","OPTIMUM","30,22559","30,11795","42810","177920","4348","615","619","4","0","120"
"1","ORIGINAL","instance_40_25_4_5","sorting-network","none","none","OPTIMUM","38,65598","38,53916","46944","202532","4271","558","560","2","0","120"
"1","ORIGINAL","instance_40_25_4_50","sorting-network","none","none","OPTIMUM","39,20605","39,07745","51731","231331","4600","618","619","1","0","120"
"1","ORIGINAL","instance_40_25_4_6","sorting-network","none","none","OPTIMUM","34,24153","34,12468","48071","200662","4376","589","592","3","0","120"
"1","ORIGINAL","instance_40_25_4_7","sorting-network","none","none","OPTIMUM","36,36845","36,24012","52507","230106","4631","614","615","1","0","120"
"1","ORIGINAL","instance_40_25_4_8","sorting-network","none","none","OPTIMUM","38,23638","38,13122","37795","169166","4162","595","600","5","0","120"
"1","ORIGINAL","instance_40_25_4_9","sorting-network","none","none","OPTIMUM","68,82772","68,6887","57923","257111","4343","602","607","5","0","120"
"1","ORIGINAL","instance_40_25_5_1","sorting-network","none","none","OPTIMUM","42,44939","42,29979","60026","269527","5042","779","781","2","0","120"
"1","ORIGINAL","instance_40_25_5_10","sorting-network","none","none","OPTIMUM","78,30625","78,13519","79088","357998","5579","772","776","4","0","120"
"1","ORIGINAL","instance_40_25_5_11","sorting-network","none","none","OPTIMUM","47,15256","46,99087","70383","312792","5310","783","783","0","0","120"
"1","ORIGINAL","instance_40_25_5_12","sorting-network","none","none","OPTIMUM","66,07018","65,91421","68749","294103","5220","781","784","3","0","120"
"1","ORIGINAL","instance_40_25_5_13","sorting-network","none","none","OPTIMUM","48,53714","48,37309","72182","307810","5572","784","786","2","0","120"
"1","ORIGINAL","instance_40_25_5_14","sorting-network","none","none","OPTIMUM","69,2478","69,07062","83288","362930","5948","781","781","0","0","120"
"1","ORIGINAL","instance_40_25_5_15","sorting-network","none","none","OPTIMUM","35,7903","35,64318","57220","271092","4880","715","720","5","0","120"
"1","ORIGINAL","instance_40_25_5_16","sorting-network","none","none","OPTIMUM","50,28059","50,13009","69171","284376","5352","759","763","4","0","120"
"1","ORIGINAL","instance_40_25_5_17","sorting-network","none","none","OPTIMUM","56,34342","56,18783","69117","295576","5422","745","752","7","0","120"
"1","ORIGINAL","instance_40_25_5_18","sorting-network","none","none","OPTIMUM","68,08264","67,91829","69852","311060","5226","784","785","1","0","120"
"1","ORIGINAL","instance_40_25_5_19","sorting-network","none","none","OPTIMUM","51,46471","51,363","49086","190138","4888","734","744","10","0","120"
"1","ORIGINAL","instance_40_25_5_2","sorting-network","none","none","OPTIMUM","43,85631","43,70064","66914","295091","5235","775","779","4","0","120"
"1","ORIGINAL","instance_40_25_5_20","sorting-network","none","none","OPTIMUM","246,7583","246,5878","80264","345781","5198","767","772","5","0","120"
"1","ORIGINAL","instance_40_25_5_21","sorting-network","none","none","OPTIMUM","51,41659","51,26558","62292","288469","5415","758","760","2","0","120"
"1","ORIGINAL","instance_40_25_5_22","sorting-network","none","none","OPTIMUM","45,37122","45,25259","61938","245207","5001","761","771","10","0","120"
"1","ORIGINAL","instance_40_25_5_23","sorting-network","none","none","OPTIMUM","93,36935","93,19345","89163","359549","5481","769","772","3","0","120"
"1","ORIGINAL","instance_40_25_5_24","sorting-network","none","none","OPTIMUM","59,60221","59,48443","57075","224559","5145","738","748","10","0","120"
"1","ORIGINAL","instance_40_25_5_25","sorting-network","none","none","OPTIMUM","49,92074","49,80058","62587","238347","5200","761","769","8","0","120"
"1","ORIGINAL","instance_40_25_5_26","sorting-network","none","none","OPTIMUM","46,51549","46,35849","70394","306389","5441","776","777","1","0","120"
"1","ORIGINAL","instance_40_25_5_27","sorting-network","none","none","OPTIMUM","59,99955","59,88851","54390","209846","5004","739","753","14","0","120"
"1","ORIGINAL","instance_40_25_5_28","sorting-network","none","none","OPTIMUM","66,12043","65,97192","67956","289587","5379","742","749","7","0","120"
"1","ORIGINAL","instance_40_25_5_29","sorting-network","none","none","OPTIMUM","84,51511","84,39459","60226","237748","5218","746","753","7","0","120"
"1","ORIGINAL","instance_40_25_5_3","sorting-network","none","none","OPTIMUM","58,80361","58,64824","67826","303948","5253","722","732","10","0","120"
"1","ORIGINAL","instance_40_25_5_30","sorting-network","none","none","OPTIMUM","90,24467","90,07247","73693","339126","5587","766","771","5","0","120"
"1","ORIGINAL","instance_40_25_5_31","sorting-network","none","none","OPTIMUM","55,42158","55,24834","75834","353501","5579","788","791","3","0","120"
"1","ORIGINAL","instance_40_25_5_32","sorting-network","none","none","OPTIMUM","73,31934","73,16929","68978","286578","5410","710","723","13","0","120"
"1","ORIGINAL","instance_40_25_5_33","sorting-network","none","none","OPTIMUM","66,59146","66,4754","57519","225896","4849","769","775","6","0","120"
"1","ORIGINAL","instance_40_25_5_34","sorting-network","none","none","OPTIMUM","82,41557","82,25609","74656","325501","5079","764","771","7","0","120"
"1","ORIGINAL","instance_40_25_5_35","sorting-network","none","none","OPTIMUM","82,4181","82,25489","77181","315652","5297","748","755","7","0","120"
"1","ORIGINAL","instance_40_25_5_36","sorting-network","none","none","OPTIMUM","29,20603","29,05463","63258","289394","5415","788","788","0","0","120"
"1","ORIGINAL","instance_40_25_5_37","sorting-network","none","none","OPTIMUM","84,45102","84,30052","62122","267195","5149","750","755","5","0","120"
"1","ORIGINAL","instance_40_25_5_38","sorting-network","none","none","OPTIMUM","71,8753","71,74811","66589","257409","5033","736","740","4","0","120"
"1","ORIGINAL","instance_40_25_5_39","sorting-network","none","none","OPTIMUM","50,05455","49,93445","63147","250667","4961","738","748","10","0","120"
"1","ORIGINAL","instance_40_25_5_4","sorting-network","none","none","OPTIMUM","48,77759","48,6157","81449","324788","5462","779","783","4","0","120"
"1","ORIGINAL","instance_40_25_5_40","sorting-network","none","none","OPTIMUM","42,47248","42,32662","62742","267329","5335","769","774","5","0","120"
"1","ORIGINAL","instance_40_25_5_41","sorting-network","none","none","OPTIMUM","55,87776","55,71016","77978","347512","5080","765","769","4","0","120"
"1","ORIGINAL","instance_40_25_5_42","sorting-network","none","none","OPTIMUM","29,39237","29,28564","46366","208432","4778","739","746","7","0","120"
"1","ORIGINAL","instance_40_25_5_43","sorting-network","none","none","OPTIMUM","92,80685","92,66451","62782","264903","4975","766","772","6","0","120"
"1","ORIGINAL","instance_40_25_5_44","sorting-network","none","none","OPTIMUM","23,65331","23,49627","68769","307225","5141","783","786","3","0","120"
"1","ORIGINAL","instance_40_25_5_45","sorting-network","none","none","OPTIMUM","66,76865","66,60572","77216","317118","5516","705","708","3","0","120"
"1","ORIGINAL","instance_40_25_5_46","sorting-network","none","none","UNSATISFIABLE","0,259648","0","0","0","0","","","","","120"
"1","ORIGINAL","instance_40_25_5_47","sorting-network","none","none","OPTIMUM","90,71833","90,5516","76910","345064","5386","782","784","2","0","120"
"1","ORIGINAL","instance_40_25_5_48","sorting-network","none","none","OPTIMUM","64,19359","64,04656","60949","288818","5190","768","769","1","0","120"
"1","ORIGINAL","instance_40_25_5_49","sorting-network","none","none","OPTIMUM","170,9292","170,7802","66851","279515","5205","720","734","14","0","120"
"1","ORIGINAL","instance_40_25_5_5","sorting-network","none","none","OPTIMUM","64,76789","64,59754","80184","335387","5584","781","787","6","0","120"
"1","ORIGINAL","instance_40_25_5_50","sorting-network","none","none","OPTIMUM","79,08266","78,89886","84140","376952","5582","786","791","5","0","120"
"1","ORIGINAL","instance_40_25_5_6","sorting-network","none","none","OPTIMUM","61,94435","61,78489","72068","325934","5293","768","769","1","0","120"
"1","ORIGINAL","instance_40_25_5_7","sorting-network","none","none","OPTIMUM","66,56166","66,40077","66009","322614","5107","784","785","1","0","120"
"1","ORIGINAL","instance_40_25_5_8","sorting-network","none","none","OPTIMUM","53,0052","52,8603","63217","264628","5142","768","771","3","0","120"
"1","ORIGINAL","instance_40_25_5_9","sorting-network","none","none","OPTIMUM","63,22986","63,08132","59478","277497","5254","775","777","2","0","120"