cfg_id;label;backend;formulation;method;delta;instance_name;status;elapsed_s;build_s;solve_s;verify_s;variables;constraints;explored;similarity;continuity;overtime;coverage;weighted_score
1;GUROBI-MIP;gurobi-mip;mip-e;weighted;-;instance_30_15_4_1;OPTIMUM;0.2893;0.0063;0.0418;0.0001;3371;3079;1;450;7;0;120;443
1;GUROBI-MIP;gurobi-mip;mip-e;weighted;-;instance_30_15_4_10;OPTIMUM;0.0430;0.0055;0.0353;0.0001;2858;2791;1;426;8;0;120;418
1;GUROBI-MIP;gurobi-mip;mip-e;weighted;-;instance_30_15_4_11;PARSE_ERROR;;;;;;;;;;;;;;
1;GUROBI-MIP;gurobi-mip;mip-e;weighted;-;instance_30_15_4_12;PARSE_ERROR;;;;;;;;;;;;;;
1;GUROBI-MIP;gurobi-mip;mip-e;weighted;-;instance_30_15_4_13;OPTIMUM;0.0656;0.0046;0.0586;0.0001;2204;2192;1;388;5;0;120;383
1;GUROBI-MIP;gurobi-mip;mip-e;weighted;-;instance_30_15_4_14;OPTIMUM;0.0488;0.0059;0.0407;0.0001;3089;2948;1;423;11;0;120;412
1;GUROBI-MIP;gurobi-mip;mip-e;weighted;-;instance_30_15_4_15;OPTIMUM;0.0547;0.0063;0.0461;0.0001;3341;3041;1;451;3;0;120;448
1;GUROBI-MIP;gurobi-mip;mip-e;weighted;-;instance_30_15_4_16;OPTIMUM;0.0356;0.0048;0.0287;0.0001;2300;2344;1;402;3;0;120;399
1;GUROBI-MIP;gurobi-mip;mip-e;weighted;-;instance_30_15_4_17;OPTIMUM;0.0427;0.0054;0.0351;0.0001;2875;2724;1;427;5;0;120;422
1;GUROBI-MIP;gurobi-mip;mip-e;weighted;-;instance_30_15_4_18;OPTIMUM;0.0640;0.0069;0.0549;0.0001;3959;3386;1;463;5;0;120;458
1;GUROBI-MIP;gurobi-mip;mip-e;weighted;-;instance_30_15_4_19;PARSE_ERROR;;;;;;;;;;;;;;
1;GUROBI-MIP;gurobi-mip;mip-e;weighted;-;instance_30_15_4_2;OPTIMUM;0.0461;0.0042;0.0398;0.0001;2165;2208;1;378;4;0;120;374
1;GUROBI-MIP;gurobi-mip;mip-e;weighted;-;instance_30_15_4_20;OPTIMUM;0.0378;0.0049;0.0307;0.0001;2444;2469;1;434;6;0;120;428
1;GUROBI-MIP;gurobi-mip;mip-e;weighted;-;instance_30_15_4_21;INFEASIBLE;0.0072;0.0036;0.0018;0.0000;1837;1922;0;;;;;
1;GUROBI-MIP;gurobi-mip;mip-e;weighted;-;instance_30_15_4_22;PARSE_ERROR;;;;;;;;;;;;;;
1;GUROBI-MIP;gurobi-mip;mip-e;weighted;-;instance_30_15_4_23;PARSE_ERROR;;;;;;;;;;;;;;
1;GUROBI-MIP;gurobi-mip;mip-e;weighted;-;instance_30_15_4_24;OPTIMUM;0.0523;0.0065;0.0434;0.0001;3343;3066;1;450;3;0;120;447
1;GUROBI-MIP;gurobi-mip;mip-e;weighted;-;instance_30_15_4_25;OPTIMUM;0.0331;0.0044;0.0267;0.0001;2287;2294;1;411;3;0;120;408
1;GUROBI-MIP;gurobi-mip;mip-e;weighted;-;instance_30_15_4_26;PARSE_ERROR;;;;;;;;;;;;;;
1;GUROBI-MIP;gurobi-mip;mip-e;weighted;-;instance_30_15_4_27;OPTIMUM;0.0460;0.0054;0.0384;0.0001;2917;2741;1;416;6;0;120;410
1;GUROBI-MIP;gurobi-mip;mip-e;weighted;-;instance_30_15_4_28;PARSE_ERROR;;;;;;;;;;;;;;
1;GUROBI-MIP;gurobi-mip;mip-e;weighted;-;instance_30_15_4_29;OPTIMUM;0.0300;0.0042;0.0238;0.0001;2095;2159;1;409;4;0;120;405
1;GUROBI-MIP;gurobi-mip;mip-e;weighted;-;instance_30_15_4_3;OPTIMUM;0.0516;0.0060;0.0434;0.0001;3366;3038;1;443;5;0;120;438
1;GUROBI-MIP;gurobi-mip;mip-e;weighted;-;instance_30_15_4_30;OPTIMUM;0.0550;0.0060;0.0468;0.0001;3307;3074;1;441;4;0;120;437
1;GUROBI-MIP;gurobi-mip;mip-e;weighted;-;instance_30_15_4_31;OPTIMUM;0.0510;0.0059;0.0430;0.0001;3331;3021;1;418;6;0;120;412
1;GUROBI-MIP;gurobi-mip;mip-e;weighted;-;instance_30_15_4_32;OPTIMUM;0.0514;0.0058;0.0433;0.0001;3155;2791;1;390;3;0;120;387
1;GUROBI-MIP;gurobi-mip;mip-e;weighted;-;instance_30_15_4_33;OPTIMUM;0.0486;0.0059;0.0406;0.0001;3223;2979;1;438;3;0;120;435
1;GUROBI-MIP;gurobi-mip;mip-e;weighted;-;instance_30_15_4_34;PARSE_ERROR;;;;;;;;;;;;;;
1;GUROBI-MIP;gurobi-mip;mip-e;weighted;-;instance_30_15_4_35;PARSE_ERROR;;;;;;;;;;;;;;
1;GUROBI-MIP;gurobi-mip;mip-e;weighted;-;instance_30_15_4_36;PARSE_ERROR;;;;;;;;;;;;;;
1;GUROBI-MIP;gurobi-mip;mip-e;weighted;-;instance_30_15_4_37;OPTIMUM;0.0441;0.0057;0.0361;0.0001;2865;2755;1;432;5;0;120;427
1;GUROBI-MIP;gurobi-mip;mip-e;weighted;-;instance_30_15_4_38;OPTIMUM;0.0457;0.0054;0.0383;0.0001;2845;2745;1;403;1;0;120;402
1;GUROBI-MIP;gurobi-mip;mip-e;weighted;-;instance_30_15_4_39;OPTIMUM;0.0507;0.0058;0.0425;0.0001;3288;3013;1;450;3;0;120;447
1;GUROBI-MIP;gurobi-mip;mip-e;weighted;-;instance_30_15_4_4;PARSE_ERROR;;;;;;;;;;;;;;
1;GUROBI-MIP;gurobi-mip;mip-e;weighted;-;instance_30_15_4_40;PARSE_ERROR;;;;;;;;;;;;;;
1;GUROBI-MIP;gurobi-mip;mip-e;weighted;-;instance_30_15_4_41;PARSE_ERROR;;;;;;;;;;;;;;
1;GUROBI-MIP;gurobi-mip;mip-e;weighted;-;instance_30_15_4_42;OPTIMUM;0.0612;0.0065;0.0523;0.0001;3363;3102;1;441;4;0;120;437
1;GUROBI-MIP;gurobi-mip;mip-e;weighted;-;instance_30_15_4_43;PARSE_ERROR;;;;;;;;;;;;;;
1;GUROBI-MIP;gurobi-mip;mip-e;weighted;-;instance_30_15_4_44;PARSE_ERROR;;;;;;;;;;;;;;
1;GUROBI-MIP;gurobi-mip;mip-e;weighted;-;instance_30_15_4_45;OPTIMUM;0.0561;0.0068;0.0468;0.0001;3586;3190;1;426;4;0;120;422
1;GUROBI-MIP;gurobi-mip;mip-e;weighted;-;instance_30_15_4_46;PARSE_ERROR;;;;;;;;;;;;;;
1;GUROBI-MIP;gurobi-mip;mip-e;weighted;-;instance_30_15_4_47;OPTIMUM;0.0404;0.0056;0.0325;0.0001;2811;2697;1;433;5;0;120;428
1;GUROBI-MIP;gurobi-mip;mip-e;weighted;-;instance_30_15_4_48;OPTIMUM;0.0427;0.0056;0.0350;0.0001;2913;2779;1;434;3;0;120;431
1;GUROBI-MIP;gurobi-mip;mip-e;weighted;-;instance_30_15_4_49;OPTIMUM;0.0417;0.0056;0.0339;0.0001;2912;2738;1;442;6;0;120;436
1;GUROBI-MIP;gurobi-mip;mip-e;weighted;-;instance_30_15_4_5;OPTIMUM;0.0446;0.0052;0.0374;0.0001;2772;2611;1;430;9;0;120;421
1;GUROBI-MIP;gurobi-mip;mip-e;weighted;-;instance_30_15_4_50;OPTIMUM;0.0319;0.0045;0.0254;0.0001;2294;2254;1;415;11;0;120;404
1;GUROBI-MIP;gurobi-mip;mip-e;weighted;-;instance_30_15_4_6;OPTIMUM;0.0390;0.0049;0.0321;0.0001;2621;2606;1;446;5;0;120;441
1;GUROBI-MIP;gurobi-mip;mip-e;weighted;-;instance_30_15_4_7;PARSE_ERROR;;;;;;;;;;;;;;
1;GUROBI-MIP;gurobi-mip;mip-e;weighted;-;instance_30_15_4_8;INFEASIBLE;0.0104;0.0060;0.0024;0.0000;3104;2911;0;;;;;
1;GUROBI-MIP;gurobi-mip;mip-e;weighted;-;instance_30_15_4_9;PARSE_ERROR;;;;;;;;;;;;;;
1;GUROBI-MIP;gurobi-mip;mip-e;weighted;-;instance_40_25_5_1;OPTIMUM;0.1477;0.0136;0.1309;0.0002;7806;6177;1;782;3;0;200;779
1;GUROBI-MIP;gurobi-mip;mip-e;weighted;-;instance_40_25_5_10;PARSE_ERROR;;;;;;;;;;;;;;
1;GUROBI-MIP;gurobi-mip;mip-e;weighted;-;instance_40_25_5_11;OPTIMUM;0.1378;0.0145;0.1200;0.0002;8366;6741;1;784;1;0;200;783
1;GUROBI-MIP;gurobi-mip;mip-e;weighted;-;instance_40_25_5_12;OPTIMUM;0.1207;0.0145;0.1025;0.0002;7935;6437;1;784;3;0;200;781
1;GUROBI-MIP;gurobi-mip;mip-e;weighted;-;instance_40_25_5_13;OPTIMUM;0.1432;0.0147;0.1250;0.0002;8187;6772;1;787;3;0;200;784
1;GUROBI-MIP;gurobi-mip;mip-e;weighted;-;instance_40_25_5_14;OPTIMUM;0.1802;0.0162;0.1602;0.0002;9031;7290;1;781;0;0;200;781
1;GUROBI-MIP;gurobi-mip;mip-e;weighted;-;instance_40_25_5_15;OPTIMUM;0.1416;0.0149;0.1229;0.0002;7991;6437;1;720;5;0;200;715
1;GUROBI-MIP;gurobi-mip;mip-e;weighted;-;instance_40_25_5_16;OPTIMUM;0.1248;0.0133;0.1082;0.0002;7425;6080;1;764;5;0;200;759
1;GUROBI-MIP;gurobi-mip;mip-e;weighted;-;instance_40_25_5_17;OPTIMUM;0.1337;0.0143;0.1159;0.0002;7867;6418;1;753;8;0;200;745
1;GUROBI-MIP;gurobi-mip;mip-e;weighted;-;instance_40_25_5_18;OPTIMUM;0.1332;0.0148;0.1150;0.0002;8262;6693;1;786;2;0;200;784
1;GUROBI-MIP;gurobi-mip;mip-e;weighted;-;instance_40_25_5_19;OPTIMUM;0.1066;0.0113;0.0923;0.0002;5910;5212;1;741;7;0;200;734
1;GUROBI-MIP;gurobi-mip;mip-e;weighted;-;instance_40_25_5_2;PARSE_ERROR;;;;;;;;;;;;;;
1;GUROBI-MIP;gurobi-mip;mip-e;weighted;-;instance_40_25_5_20;OPTIMUM;0.2133;0.0152;0.1945;0.0002;8180;6439;1;772;5;0;200;767
1;GUROBI-MIP;gurobi-mip;mip-e;weighted;-;instance_40_25_5_21;OPTIMUM;0.1376;0.0160;0.1180;0.0002;8490;6813;1;760;2;0;200;758
1;GUROBI-MIP;gurobi-mip;mip-e;weighted;-;instance_40_25_5_22;OPTIMUM;0.1309;0.0127;0.1151;0.0002;6757;5793;1;770;9;0;200;761
1;GUROBI-MIP;gurobi-mip;mip-e;weighted;-;instance_40_25_5_23;PARSE_ERROR;;;;;;;;;;;;;;
1;GUROBI-MIP;gurobi-mip;mip-e;weighted;-;instance_40_25_5_24;OPTIMUM;0.1129;0.0119;0.0978;0.0002;6415;5517;1;751;13;0;200;738
1;GUROBI-MIP;gurobi-mip;mip-e;weighted;-;instance_40_25_5_25;OPTIMUM;0.1116;0.0124;0.0961;0.0002;6367;5530;1;769;8;0;200;761
1;GUROBI-MIP;gurobi-mip;mip-e;weighted;-;instance_40_25_5_26;OPTIMUM;0.1457;0.0152;0.1269;0.0002;8367;6757;1;778;2;0;200;776
1;GUROBI-MIP;gurobi-mip;mip-e;weighted;-;instance_40_25_5_27;OPTIMUM;0.1221;0.0122;0.1068;0.0002;6288;5519;1;754;15;0;200;739
1;GUROBI-MIP;gurobi-mip;mip-e;weighted;-;instance_40_25_5_28;OPTIMUM;0.1320;0.0144;0.1138;0.0002;7869;6569;1;750;8;0;200;742
1;GUROBI-MIP;gurobi-mip;mip-e;weighted;-;instance_40_25_5_29;OPTIMUM;0.1056;0.0130;0.0895;0.0002;6686;5707;1;752;6;0;200;746
1;GUROBI-MIP;gurobi-mip;mip-e;weighted;-;instance_40_25_5_3;PARSE_ERROR;;;;;;;;;;;;;;
1;GUROBI-MIP;gurobi-mip;mip-e;weighted;-;instance_40_25_5_30;OPTIMUM;0.1408;0.0165;0.1205;0.0002;9104;7202;1;771;5;0;200;766
1;GUROBI-MIP;gurobi-mip;mip-e;weighted;-;instance_40_25_5_31;PARSE_ERROR;;;;;;;;;;;;;;
1;GUROBI-MIP;gurobi-mip;mip-e;weighted;-;instance_40_25_5_32;OPTIMUM;0.1340;0.0143;0.1164;0.0002;7826;6652;1;721;11;0;200;710
1;GUROBI-MIP;gurobi-mip;mip-e;weighted;-;instance_40_25_5_33;PARSE_ERROR;;;;;;;;;;;;;;
1;GUROBI-MIP;gurobi-mip;mip-e;weighted;-;instance_40_25_5_34;PARSE_ERROR;;;;;;;;;;;;;;
1;GUROBI-MIP;gurobi-mip;mip-e;weighted;-;instance_40_25_5_35;PARSE_ERROR;;;;;;;;;;;;;;
1;GUROBI-MIP;gurobi-mip;mip-e;weighted;-;instance_40_25_5_36;OPTIMUM;0.1480;0.0151;0.1291;0.0002;8531;6890;1;788;0;0;200;788
1;GUROBI-MIP;gurobi-mip;mip-e;weighted;-;instance_40_25_5_37;OPTIMUM;0.1301;0.0137;0.1132;0.0002;7699;6496;1;754;4;0;200;750
1;GUROBI-MIP;gurobi-mip;mip-e;weighted;-;instance_40_25_5_38;OPTIMUM;0.1468;0.0129;0.1307;0.0002;6726;5915;1;741;5;0;200;736
1;GUROBI-MIP;gurobi-mip;mip-e;weighted;-;instance_40_25_5_39;OPTIMUM;0.1196;0.0121;0.1043;0.0002;6492;5387;1;748;10;0;200;738
1;GUROBI-MIP;gurobi-mip;mip-e;weighted;-;instance_40_25_5_4;PARSE_ERROR;;;;;;;;;;;;;;
1;GUROBI-MIP;gurobi-mip;mip-e;weighted;-;instance_40_25_5_40;OPTIMUM;0.1208;0.0144;0.1027;0.0002;7792;6455;1;775;6;0;200;769
1;GUROBI-MIP;gurobi-mip;mip-e;weighted;-;instance_40_25_5_41;OPTIMUM;0.1536;0.0153;0.1347;0.0002;8669;6835;1;770;5;0;200;765
1;GUROBI-MIP;gurobi-mip;mip-e;weighted;-;instance_40_25_5_42;OPTIMUM;0.1143;0.0127;0.0984;0.0002;6886;5873;1;747;8;0;200;739
1;GUROBI-MIP;gurobi-mip;mip-e;weighted;-;instance_40_25_5_43;PARSE_ERROR;;;;;;;;;;;;;;
1;GUROBI-MIP;gurobi-mip;mip-e;weighted;-;instance_40_25_5_44;OPTIMUM;0.1526;0.0157;0.1334;0.0002;8468;6856;1;786;3;0;200;783
1;GUROBI-MIP;gurobi-mip;mip-e;weighted;-;instance_40_25_5_45;OPTIMUM;0.1587;0.0150;0.1400;0.0002;7993;6603;1;711;6;0;200;705
1;GUROBI-MIP;gurobi-mip;mip-e;weighted;-;instance_40_25_5_46;INFEASIBLE;0.0243;0.0158;0.0057;0.0000;8709;6987;0;;;;;
1;GUROBI-MIP;gurobi-mip;mip-e;weighted;-;instance_40_25_5_47;OPTIMUM;0.1348;0.0164;0.1148;0.0002;9002;7177;1;785;3;0;200;782
1;GUROBI-MIP;gurobi-mip;mip-e;weighted;-;instance_40_25_5_48;OPTIMUM;0.1361;0.0145;0.1183;0.0002;8403;6784;1;769;1;0;200;768
1;GUROBI-MIP;gurobi-mip;mip-e;weighted;-;instance_40_25_5_49;OPTIMUM;0.1576;0.0137;0.1406;0.0002;7358;6129;1;734;14;0;200;720
1;GUROBI-MIP;gurobi-mip;mip-e;weighted;-;instance_40_25_5_5;OPTIMUM;0.1212;0.0150;0.1028;0.0002;8268;6681;1;787;6;0;200;781
1;GUROBI-MIP;gurobi-mip;mip-e;weighted;-;instance_40_25_5_50;OPTIMUM;0.1492;0.0161;0.1292;0.0002;9009;7033;1;791;5;0;200;786
1;GUROBI-MIP;gurobi-mip;mip-e;weighted;-;instance_40_25_5_6;PARSE_ERROR;;;;;;;;;;;;;;
1;GUROBI-MIP;gurobi-mip;mip-e;weighted;-;instance_40_25_5_7;OPTIMUM;0.1411;0.0168;0.1204;0.0002;9134;7208;1;785;1;0;200;784
1;GUROBI-MIP;gurobi-mip;mip-e;weighted;-;instance_40_25_5_8;OPTIMUM;0.1835;0.0136;0.1665;0.0002;7559;6317;1;772;4;0;200;768
1;GUROBI-MIP;gurobi-mip;mip-e;weighted;-;instance_40_25_5_9;OPTIMUM;0.1367;0.0154;0.1176;0.0002;8465;6891;1;776;1;0;200;775
2;CPLEX-MIP;cplex-mip;mip-e;weighted;-;instance_30_15_4_1;OPTIMUM;0.0749;0.0068;0.0670;0.0001;3371;3079;0;450;7;0;120;443
2;CPLEX-MIP;cplex-mip;mip-e;weighted;-;instance_30_15_4_10;OPTIMUM;0.0632;0.0057;0.0565;0.0001;2858;2791;0;425;7;0;120;418
2;CPLEX-MIP;cplex-mip;mip-e;weighted;-;instance_30_15_4_11;PARSE_ERROR;;;;;;;;;;;;;;
2;CPLEX-MIP;cplex-mip;mip-e;weighted;-;instance_30_15_4_12;PARSE_ERROR;;;;;;;;;;;;;;
2;CPLEX-MIP;cplex-mip;mip-e;weighted;-;instance_30_15_4_13;OPTIMUM;0.0767;0.0047;0.0712;0.0001;2204;2192;0;386;3;0;120;383
2;CPLEX-MIP;cplex-mip;mip-e;weighted;-;instance_30_15_4_14;OPTIMUM;0.0788;0.0061;0.0717;0.0001;3089;2948;0;424;12;0;120;412
2;CPLEX-MIP;cplex-mip;mip-e;weighted;-;instance_30_15_4_15;OPTIMUM;0.0998;0.0066;0.0922;0.0001;3341;3041;0;452;4;0;120;448
2;CPLEX-MIP;cplex-mip;mip-e;weighted;-;instance_30_15_4_16;OPTIMUM;0.0587;0.0049;0.0529;0.0001;2300;2344;0;401;2;0;120;399
2;CPLEX-MIP;cplex-mip;mip-e;weighted;-;instance_30_15_4_17;OPTIMUM;0.0688;0.0060;0.0617;0.0001;2875;2724;0;427;5;0;120;422
2;CPLEX-MIP;cplex-mip;mip-e;weighted;-;instance_30_15_4_18;OPTIMUM;0.1027;0.0074;0.0942;0.0001;3959;3386;0;463;5;0;120;458
2;CPLEX-MIP;cplex-mip;mip-e;weighted;-;instance_30_15_4_19;PARSE_ERROR;;;;;;;;;;;;;;
2;CPLEX-MIP;cplex-mip;mip-e;weighted;-;instance_30_15_4_2;OPTIMUM;0.0579;0.0044;0.0527;0.0001;2165;2208;0;378;4;0;120;374
2;CPLEX-MIP;cplex-mip;mip-e;weighted;-;instance_30_15_4_20;OPTIMUM;0.0661;0.0055;0.0597;0.0001;2444;2469;0;434;6;0;120;428
2;CPLEX-MIP;cplex-mip;mip-e;weighted;-;instance_30_15_4_21;INFEASIBLE;0.0053;0.0040;0.0006;0.0000;1837;1922;0;;;;;
2;CPLEX-MIP;cplex-mip;mip-e;weighted;-;instance_30_15_4_22;PARSE_ERROR;;;;;;;;;;;;;;
2;CPLEX-MIP;cplex-mip;mip-e;weighted;-;instance_30_15_4_23;PARSE_ERROR;;;;;;;;;;;;;;
2;CPLEX-MIP;cplex-mip;mip-e;weighted;-;instance_30_15_4_24;OPTIMUM;0.0678;0.0069;0.0599;0.0001;3343;3066;0;449;2;0;120;447
2;CPLEX-MIP;cplex-mip;mip-e;weighted;-;instance_30_15_4_25;OPTIMUM;0.0546;0.0046;0.0492;0.0001;2287;2294;0;411;3;0;120;408
2;CPLEX-MIP;cplex-mip;mip-e;weighted;-;instance_30_15_4_26;PARSE_ERROR;;;;;;;;;;;;;;
2;CPLEX-MIP;cplex-mip;mip-e;weighted;-;instance_30_15_4_27;OPTIMUM;0.0658;0.0060;0.0588;0.0001;2917;2741;0;414;4;0;120;410
2;CPLEX-MIP;cplex-mip;mip-e;weighted;-;instance_30_15_4_28;PARSE_ERROR;;;;;;;;;;;;;;
2;CPLEX-MIP;cplex-mip;mip-e;weighted;-;instance_30_15_4_29;OPTIMUM;0.0522;0.0045;0.0469;0.0001;2095;2159;0;409;4;0;120;405
2;CPLEX-MIP;cplex-mip;mip-e;weighted;-;instance_30_15_4_3;OPTIMUM;0.0836;0.0064;0.0760;0.0001;3366;3038;0;443;5;0;120;438
2;CPLEX-MIP;cplex-mip;mip-e;weighted;-;instance_30_15_4_30;OPTIMUM;0.0816;0.0061;0.0745;0.0001;3307;3074;0;443;6;0;120;437
2;CPLEX-MIP;cplex-mip;mip-e;weighted;-;instance_30_15_4_31;OPTIMUM;0.0746;0.0066;0.0669;0.0001;3331;3021;0;419;7;0;120;412
2;CPLEX-MIP;cplex-mip;mip-e;weighted;-;instance_30_15_4_32;OPTIMUM;0.0933;0.0062;0.0860;0.0001;3155;2791;0;390;3;0;120;387
2;CPLEX-MIP;cplex-mip;mip-e;weighted;-;instance_30_15_4_33;OPTIMUM;0.0771;0.0063;0.0697;0.0001;3223;2979;0;437;2;0;120;435
2;CPLEX-MIP;cplex-mip;mip-e;weighted;-;instance_30_15_4_34;PARSE_ERROR;;;;;;;;;;;;;;
2;CPLEX-MIP;cplex-mip;mip-e;weighted;-;instance_30_15_4_35;PARSE_ERROR;;;;;;;;;;;;;;
2;CPLEX-MIP;cplex-mip;mip-e;weighted;-;instance_30_15_4_36;PARSE_ERROR;;;;;;;;;;;;;;
2;CPLEX-MIP;cplex-mip;mip-e;weighted;-;instance_30_15_4_37;OPTIMUM;0.0738;0.0059;0.0668;0.0001;2865;2755;0;432;5;0;120;427
2;CPLEX-MIP;cplex-mip;mip-e;weighted;-;instance_30_15_4_38;OPTIMUM;0.0967;0.0060;0.0898;0.0001;2845;2745;0;405;3;0;120;402
2;CPLEX-MIP;cplex-mip;mip-e;weighted;-;instance_30_15_4_39;OPTIMUM;0.0852;0.0064;0.0778;0.0001;3288;3013;0;450;3;0;120;447
2;CPLEX-MIP;cplex-mip;mip-e;weighted;-;instance_30_15_4_4;PARSE_ERROR;;;;;;;;;;;;;;
2;CPLEX-MIP;cplex-mip;mip-e;weighted;-;instance_30_15_4_40;PARSE_ERROR;;;;;;;;;;;;;;
2;CPLEX-MIP;cplex-mip;mip-e;weighted;-;instance_30_15_4_41;PARSE_ERROR;;;;;;;;;;;;;;
2;CPLEX-MIP;cplex-mip;mip-e;weighted;-;instance_30_15_4_42;OPTIMUM;0.0819;0.0068;0.0741;0.0001;3363;3102;0;441;4;0;120;437
2;CPLEX-MIP;cplex-mip;mip-e;weighted;-;instance_30_15_4_43;PARSE_ERROR;;;;;;;;;;;;;;
2;CPLEX-MIP;cplex-mip;mip-e;weighted;-;instance_30_15_4_44;PARSE_ERROR;;;;;;;;;;;;;;
2;CPLEX-MIP;cplex-mip;mip-e;weighted;-;instance_30_15_4_45;OPTIMUM;0.0889;0.0075;0.0803;0.0001;3586;3190;0;425;3;0;120;422
2;CPLEX-MIP;cplex-mip;mip-e;weighted;-;instance_30_15_4_46;PARSE_ERROR;;;;;;;;;;;;;;
2;CPLEX-MIP;cplex-mip;mip-e;weighted;-;instance_30_15_4_47;OPTIMUM;0.0547;0.0056;0.0482;0.0001;2811;2697;0;432;4;0;120;428
2;CPLEX-MIP;cplex-mip;mip-e;weighted;-;instance_30_15_4_48;OPTIMUM;0.0755;0.0058;0.0688;0.0001;2913;2779;0;434;3;0;120;431
2;CPLEX-MIP;cplex-mip;mip-e;weighted;-;instance_30_15_4_49;OPTIMUM;0.0762;0.0064;0.0688;0.0001;2912;2738;0;441;5;0;120;436
2;CPLEX-MIP;cplex-mip;mip-e;weighted;-;instance_30_15_4_5;OPTIMUM;0.0627;0.0057;0.0561;0.0001;2772;2611;0;428;7;0;120;421
2;CPLEX-MIP;cplex-mip;mip-e;weighted;-;instance_30_15_4_50;OPTIMUM;0.0496;0.0047;0.0441;0.0001;2294;2254;0;415;11;0;120;404
2;CPLEX-MIP;cplex-mip;mip-e;weighted;-;instance_30_15_4_6;OPTIMUM;0.0639;0.0053;0.0577;0.0001;2621;2606;0;446;5;0;120;441
2;CPLEX-MIP;cplex-mip;mip-e;weighted;-;instance_30_15_4_7;PARSE_ERROR;;;;;;;;;;;;;;
2;CPLEX-MIP;cplex-mip;mip-e;weighted;-;instance_30_15_4_8;INFEASIBLE;0.0083;0.0065;0.0009;0.0000;3104;2911;0;;;;;
2;CPLEX-MIP;cplex-mip;mip-e;weighted;-;instance_30_15_4_9;PARSE_ERROR;;;;;;;;;;;;;;
2;CPLEX-MIP;cplex-mip;mip-e;weighted;-;instance_40_25_5_1;OPTIMUM;0.2387;0.0149;0.2216;0.0002;7806;6177;0;781;2;0;200;779
2;CPLEX-MIP;cplex-mip;mip-e;weighted;-;instance_40_25_5_10;PARSE_ERROR;;;;;;;;;;;;;;
2;CPLEX-MIP;cplex-mip;mip-e;weighted;-;instance_40_25_5_11;OPTIMUM;0.1749;0.0164;0.1562;0.0002;8366;6741;0;784;1;0;200;783
2;CPLEX-MIP;cplex-mip;mip-e;weighted;-;instance_40_25_5_12;OPTIMUM;0.2387;0.0145;0.2217;0.0002;7935;6437;0;784;3;0;200;781
2;CPLEX-MIP;cplex-mip;mip-e;weighted;-;instance_40_25_5_13;OPTIMUM;0.2115;0.0160;0.1933;0.0002;8187;6772;0;786;2;0;200;784
2;CPLEX-MIP;cplex-mip;mip-e;weighted;-;instance_40_25_5_14;OPTIMUM;0.2265;0.0171;0.2069;0.0002;9031;7290;0;781;0;0;200;781
2;CPLEX-MIP;cplex-mip;mip-e;weighted;-;instance_40_25_5_15;OPTIMUM;0.2184;0.0157;0.2005;0.0002;7991;6437;0;719;4;0;200;715
2;CPLEX-MIP;cplex-mip;mip-e;weighted;-;instance_40_25_5_16;OPTIMUM;0.1926;0.0149;0.1754;0.0002;7425;6080;0;764;5;0;200;759
2;CPLEX-MIP;cplex-mip;mip-e;weighted;-;instance_40_25_5_17;OPTIMUM;0.2477;0.0155;0.2298;0.0002;7867;6418;0;753;8;0;200;745
2;CPLEX-MIP;cplex-mip;mip-e;weighted;-;instance_40_25_5_18;OPTIMUM;0.1991;0.0146;0.1825;0.0002;8262;6693;0;786;2;0;200;784
2;CPLEX-MIP;cplex-mip;mip-e;weighted;-;instance_40_25_5_19;OPTIMUM;0.1728;0.0113;0.1596;0.0002;5910;5212;0;742;8;0;200;734
2;CPLEX-MIP;cplex-mip;mip-e;weighted;-;instance_40_25_5_2;PARSE_ERROR;;;;;;;;;;;;;;
2;CPLEX-MIP;cplex-mip;mip-e;weighted;-;instance_40_25_5_20;OPTIMUM;0.2821;0.0159;0.2639;0.0002;8180;6439;0;772;5;0;200;767
2;CPLEX-MIP;cplex-mip;mip-e;weighted;-;instance_40_25_5_21;OPTIMUM;0.2147;0.0158;0.1962;0.0002;8490;6813;0;760;2;0;200;758
2;CPLEX-MIP;cplex-mip;mip-e;weighted;-;instance_40_25_5_22;OPTIMUM;0.1917;0.0132;0.1766;0.0002;6757;5793;0;770;9;0;200;761
2;CPLEX-MIP;cplex-mip;mip-e;weighted;-;instance_40_25_5_23;PARSE_ERROR;;;;;;;;;;;;;;
2;CPLEX-MIP;cplex-mip;mip-e;weighted;-;instance_40_25_5_24;OPTIMUM;0.1550;0.0119;0.1415;0.0002;6415;5517;0;751;13;0;200;738
2;CPLEX-MIP;cplex-mip;mip-e;weighted;-;instance_40_25_5_25;OPTIMUM;0.1648;0.0134;0.1494;0.0002;6367;5530;0;769;8;0;200;761
2;CPLEX-MIP;cplex-mip;mip-e;weighted;-;instance_40_25_5_26;OPTIMUM;0.2474;0.0154;0.2299;0.0002;8367;6757;0;777;1;0;200;776
2;CPLEX-MIP;cplex-mip;mip-e;weighted;-;instance_40_25_5_27;OPTIMUM;0.1918;0.0125;0.1774;0.0002;6288;5519;0;753;14;0;200;739
2;CPLEX-MIP;cplex-mip;mip-e;weighted;-;instance_40_25_5_28;OPTIMUM;0.1970;0.0149;0.1799;0.0002;7869;6569;0;750;8;0;200;742
2;CPLEX-MIP;cplex-mip;mip-e;weighted;-;instance_40_25_5_29;OPTIMUM;0.1935;0.0135;0.1779;0.0002;6686;5707;0;753;7;0;200;746
2;CPLEX-MIP;cplex-mip;mip-e;weighted;-;instance_40_25_5_3;PARSE_ERROR;;;;;;;;;;;;;;
2;CPLEX-MIP;cplex-mip;mip-e;weighted;-;instance_40_25_5_30;OPTIMUM;0.2269;0.0161;0.2086;0.0002;9104;7202;0;770;4;0;200;766
2;CPLEX-MIP;cplex-mip;mip-e;weighted;-;instance_40_25_5_31;PARSE_ERROR;;;;;;;;;;;;;;
2;CPLEX-MIP;cplex-mip;mip-e;weighted;-;instance_40_25_5_32;OPTIMUM;0.1963;0.0150;0.1789;0.0002;7826;6652;0;721;11;0;200;710
2;CPLEX-MIP;cplex-mip;mip-e;weighted;-;instance_40_25_5_33;PARSE_ERROR;;;;;;;;;;;;;;
2;CPLEX-MIP;cplex-mip;mip-e;weighted;-;instance_40_25_5_34;PARSE_ERROR;;;;;;;;;;;;;;
2;CPLEX-MIP;cplex-mip;mip-e;weighted;-;instance_40_25_5_35;PARSE_ERROR;;;;;;;;;;;;;;
2;CPLEX-MIP;cplex-mip;mip-e;weighted;-;instance_40_25_5_36;OPTIMUM;0.1820;0.0156;0.1639;0.0002;8531;6890;0;788;0;0;200;788
2;CPLEX-MIP;cplex-mip;mip-e;weighted;-;instance_40_25_5_37;OPTIMUM;0.1895;0.0145;0.1732;0.0002;7699;6496;0;755;5;0;200;750
2;CPLEX-MIP;cplex-mip;mip-e;weighted;-;instance_40_25_5_38;OPTIMUM;0.2092;0.0131;0.1942;0.0002;6726;5915;0;741;5;0;200;736
2;CPLEX-MIP;cplex-mip;mip-e;weighted;-;instance_40_25_5_39;OPTIMUM;0.1759;0.0120;0.1621;0.0002;6492;5387;0;747;9;0;200;738
2;CPLEX-MIP;cplex-mip;mip-e;weighted;-;instance_40_25_5_4;PARSE_ERROR;;;;;;;;;;;;;;
2;CPLEX-MIP;cplex-mip;mip-e;weighted;-;instance_40_25_5_40;OPTIMUM;0.2043;0.0159;0.1858;0.0002;7792;6455;0;774;5;0;200;769
2;CPLEX-MIP;cplex-mip;mip-e;weighted;-;instance_40_25_5_41;OPTIMUM;0.2377;0.0162;0.2190;0.0002;8669;6835;0;770;5;0;200;765
2;CPLEX-MIP;cplex-mip;mip-e;weighted;-;instance_40_25_5_42;OPTIMUM;0.1730;0.0127;0.1585;0.0002;6886;5873;0;745;6;0;200;739
2;CPLEX-MIP;cplex-mip;mip-e;weighted;-;instance_40_25_5_43;PARSE_ERROR;;;;;;;;;;;;;;
2;CPLEX-MIP;cplex-mip;mip-e;weighted;-;instance_40_25_5_44;OPTIMUM;0.2261;0.0166;0.2071;0.0002;8468;6856;0;786;3;0;200;783
2;CPLEX-MIP;cplex-mip;mip-e;weighted;-;instance_40_25_5_45;OPTIMUM;0.2160;0.0147;0.1993;0.0002;7993;6603;0;710;5;0;200;705
2;CPLEX-MIP;cplex-mip;mip-e;weighted;-;instance_40_25_5_46;INFEASIBLE;0.0217;0.0168;0.0030;0.0000;8709;6987;0;;;;;
2;CPLEX-MIP;cplex-mip;mip-e;weighted;-;instance_40_25_5_47;OPTIMUM;0.2260;0.0172;0.2063;0.0002;9002;7177;0;785;3;0;200;782
2;CPLEX-MIP;cplex-mip;mip-e;weighted;-;instance_40_25_5_48;OPTIMUM;0.1858;0.0155;0.1678;0.0002;8403;6784;0;769;1;0;200;768
2;CPLEX-MIP;cplex-mip;mip-e;weighted;-;instance_40_25_5_49;OPTIMUM;0.2082;0.0145;0.1916;0.0002;7358;6129;0;735;15;0;200;720
2;CPLEX-MIP;cplex-mip;mip-e;weighted;-;instance_40_25_5_5;OPTIMUM;0.1831;0.0158;0.1650;0.0002;8268;6681;0;787;6;0;200;781
2;CPLEX-MIP;cplex-mip;mip-e;weighted;-;instance_40_25_5_50;OPTIMUM;0.2740;0.0165;0.2548;0.0003;9009;7033;0;791;5;0;200;786
2;CPLEX-MIP;cplex-mip;mip-e;weighted;-;instance_40_25_5_6;PARSE_ERROR;;;;;;;;;;;;;;
2;CPLEX-MIP;cplex-mip;mip-e;weighted;-;instance_40_25_5_7;OPTIMUM;0.1973;0.0173;0.1778;0.0002;9134;7208;0;785;1;0;200;784
2;CPLEX-MIP;cplex-mip;mip-e;weighted;-;instance_40_25_5_8;OPTIMUM;0.1969;0.0141;0.1809;0.0002;7559;6317;0;772;4;0;200;768
2;CPLEX-MIP;cplex-mip;mip-e;weighted;-;instance_40_25_5_9;OPTIMUM;0.2066;0.0153;0.1887;0.0003;8465;6891;0;777;2;0;200;775
3;CPLEX-CP-T;cplex-cp;cp-t;weighted;-;instance_30_15_4_1;TIMEOUT_FEASIBLE;300.0036;0.0022;299.9969;0.0000;2114;2952;14294550;448;5;0;120;443
3;CPLEX-CP-T;cplex-cp;cp-t;weighted;-;instance_30_15_4_10;TIMEOUT_FEASIBLE;300.0037;0.0022;299.9976;0.0001;2110;2944;14941745;427;9;0;120;418
3;CPLEX-CP-T;cplex-cp;cp-t;weighted;-;instance_30_15_4_11;PARSE_ERROR;;;;;;;;;;;;;;
3;CPLEX-CP-T;cplex-cp;cp-t;weighted;-;instance_30_15_4_12;PARSE_ERROR;;;;;;;;;;;;;;
3;CPLEX-CP-T;cplex-cp;cp-t;weighted;-;instance_30_15_4_13;TIMEOUT_FEASIBLE;299.9986;0.0019;299.9932;0.0000;1921;2564;18560842;387;4;0;120;383
3;CPLEX-CP-T;cplex-cp;cp-t;weighted;-;instance_30_15_4_14;TIMEOUT_FEASIBLE;300.0056;0.0023;299.9992;0.0000;2144;3013;15149166;423;11;0;120;412
3;CPLEX-CP-T;cplex-cp;cp-t;weighted;-;instance_30_15_4_15;TIMEOUT_FEASIBLE;300.0042;0.0022;299.9985;0.0001;2057;2839;12831507;450;2;0;120;448
3;CPLEX-CP-T;cplex-cp;cp-t;weighted;-;instance_30_15_4_16;TIMEOUT_FEASIBLE;300.0047;0.0021;299.9987;0.0000;2119;2961;18098628;401;2;0;120;399
3;CPLEX-CP-T;cplex-cp;cp-t;weighted;-;instance_30_15_4_17;TIMEOUT_FEASIBLE;300.0059;0.0022;299.9999;0.0000;2114;2954;15207098;425;3;0;120;422
3;CPLEX-CP-T;cplex-cp;cp-t;weighted;-;instance_30_15_4_18;TIMEOUT_FEASIBLE;300.0049;0.0023;299.9987;0.0000;2108;2939;11914181;463;5;0;120;458
3;CPLEX-CP-T;cplex-cp;cp-t;weighted;-;instance_30_15_4_19;PARSE_ERROR;;;;;;;;;;;;;;
3;CPLEX-CP-T;cplex-cp;cp-t;weighted;-;instance_30_15_4_2;TIMEOUT_FEASIBLE;300.0027;0.0022;299.9968;0.0000;2143;3010;21845536;378;4;0;120;374
3;CPLEX-CP-T;cplex-cp;cp-t;weighted;-;instance_30_15_4_20;TIMEOUT_FEASIBLE;300.0047;0.0023;299.9986;0.0000;2179;3081;15864433;434;6;0;120;428
3;CPLEX-CP-T;cplex-cp;cp-t;weighted;-;instance_30_15_4_21;INFEASIBLE;0.0015;0.0000;0.0000;0.0000;720;3;0;;;;;
3;CPLEX-CP-T;cplex-cp;cp-t;weighted;-;instance_30_15_4_22;PARSE_ERROR;;;;;;;;;;;;;;
3;CPLEX-CP-T;cplex-cp;cp-t;weighted;-;instance_30_15_4_23;PARSE_ERROR;;;;;;;;;;;;;;
3;CPLEX-CP-T;cplex-cp;cp-t;weighted;-;instance_30_15_4_24;TIMEOUT_FEASIBLE;300.0011;0.0023;299.9948;0.0000;2152;3029;12770230;449;2;0;120;447
3;CPLEX-CP-T;cplex-cp;cp-t;weighted;-;instance_30_15_4_25;TIMEOUT_FEASIBLE;300.0052;0.0022;299.9995;0.0000;2100;2925;18334277;411;3;0;120;408
3;CPLEX-CP-T;cplex-cp;cp-t;weighted;-;instance_30_15_4_26;PARSE_ERROR;;;;;;;;;;;;;;
3;CPLEX-CP-T;cplex-cp;cp-t;weighted;-;instance_30_15_4_27;TIMEOUT_FEASIBLE;299.9986;0.0022;299.9925;0.0000;2133;2991;15536593;415;5;0;120;410
3;CPLEX-CP-T;cplex-cp;cp-t;weighted;-;instance_30_15_4_28;PARSE_ERROR;;;;;;;;;;;;;;
3;CPLEX-CP-T;cplex-cp;cp-t;weighted;-;instance_30_15_4_29;TIMEOUT_FEASIBLE;299.9971;0.0020;299.9914;0.0001;2021;2766;19086742;409;4;0;120;405
3;CPLEX-CP-T;cplex-cp;cp-t;weighted;-;instance_30_15_4_3;TIMEOUT_FEASIBLE;300.0053;0.0023;299.9990;0.0000;2150;3024;14475594;442;4;0;120;438
3;CPLEX-CP-T;cplex-cp;cp-t;weighted;-;instance_30_15_4_30;TIMEOUT_FEASIBLE;300.0052;0.0023;299.9990;0.0001;2119;2963;12727739;443;6;0;120;437
3;CPLEX-CP-T;cplex-cp;cp-t;weighted;-;instance_30_15_4_31;TIMEOUT_FEASIBLE;300.0032;0.0021;299.9973;0.0000;2042;2809;16235304;416;4;0;120;412
3;CPLEX-CP-T;cplex-cp;cp-t;weighted;-;instance_30_15_4_32;TIMEOUT_FEASIBLE;300.0045;0.0023;299.9983;0.0000;2073;2871;17401159;390;3;0;120;387
3;CPLEX-CP-T;cplex-cp;cp-t;weighted;-;instance_30_15_4_33;TIMEOUT_FEASIBLE;300.0057;0.0022;299.9998;0.0001;2120;2965;12541142;438;3;0;120;435
3;CPLEX-CP-T;cplex-cp;cp-t;weighted;-;instance_30_15_4_34;PARSE_ERROR;;;;;;;;;;;;;;
3;CPLEX-CP-T;cplex-cp;cp-t;weighted;-;instance_30_15_4_35;PARSE_ERROR;;;;;;;;;;;;;;
3;CPLEX-CP-T;cplex-cp;cp-t;weighted;-;instance_30_15_4_36;PARSE_ERROR;;;;;;;;;;;;;;
3;CPLEX-CP-T;cplex-cp;cp-t;weighted;-;instance_30_15_4_37;TIMEOUT_FEASIBLE;299.9997;0.0024;299.9935;0.0000;2192;3107;15826833;432;5;0;120;427
3;CPLEX-CP-T;cplex-cp;cp-t;weighted;-;instance_30_15_4_38;TIMEOUT_FEASIBLE;300.0040;0.0021;299.9981;0.0001;2086;2895;17530813;405;3;0;120;402
3;CPLEX-CP-T;cplex-cp;cp-t;weighted;-;instance_30_15_4_39;TIMEOUT_FEASIBLE;300.0039;0.0022;299.9980;0.0001;2056;2837;12070017;450;3;0;120;447
3;CPLEX-CP-T;cplex-cp;cp-t;weighted;-;instance_30_15_4_4;PARSE_ERROR;;;;;;;;;;;;;;
3;CPLEX-CP-T;cplex-cp;cp-t;weighted;-;instance_30_15_4_40;PARSE_ERROR;;;;;;;;;;;;;;
3;CPLEX-CP-T;cplex-cp;cp-t;weighted;-;instance_30_15_4_41;PARSE_ERROR;;;;;;;;;;;;;;
3;CPLEX-CP-T;cplex-cp;cp-t;weighted;-;instance_30_15_4_42;TIMEOUT_FEASIBLE;300.0029;0.0023;299.9968;0.0000;2098;2921;11161819;441;4;0;120;437
3;CPLEX-CP-T;cplex-cp;cp-t;weighted;-;instance_30_15_4_43;PARSE_ERROR;;;;;;;;;;;;;;
3;CPLEX-CP-T;cplex-cp;cp-t;weighted;-;instance_30_15_4_44;PARSE_ERROR;;;;;;;;;;;;;;
3;CPLEX-CP-T;cplex-cp;cp-t;weighted;-;instance_30_15_4_45;TIMEOUT_FEASIBLE;300.0019;0.0024;299.9955;0.0000;2134;2990;13541956;427;5;0;120;422
3;CPLEX-CP-T;cplex-cp;cp-t;weighted;-;instance_30_15_4_46;PARSE_ERROR;;;;;;;;;;;;;;
3;CPLEX-CP-T;cplex-cp;cp-t;weighted;-;instance_30_15_4_47;TIMEOUT_FEASIBLE;299.9980;0.0022;299.9922;0.0000;2189;3102;17057358;433;5;0;120;428
3;CPLEX-CP-T;cplex-cp;cp-t;weighted;-;instance_30_15_4_48;TIMEOUT_FEASIBLE;299.9962;0.0021;299.9906;0.0000;2024;2770;14544643;432;1;0;120;431
3;CPLEX-CP-T;cplex-cp;cp-t;weighted;-;instance_30_15_4_49;TIMEOUT_FEASIBLE;299.9966;0.0020;299.9906;0.0000;2005;2735;13905975;440;4;0;120;436
3;CPLEX-CP-T;cplex-cp;cp-t;weighted;-;instance_30_15_4_5;TIMEOUT_FEASIBLE;300.0060;0.0020;300.0000;0.0000;1977;2677;16514803;429;8;0;120;421
3;CPLEX-CP-T;cplex-cp;cp-t;weighted;-;instance_30_15_4_50;TIMEOUT_FEASIBLE;299.9963;0.0019;299.9909;0.0000;1952;2629;14932450;415;11;0;120;404
3;CPLEX-CP-T;cplex-cp;cp-t;weighted;-;instance_30_15_4_6;TIMEOUT_FEASIBLE;300.0057;0.0021;299.9999;0.0001;2146;3017;13263404;446;5;0;120;441
3;CPLEX-CP-T;cplex-cp;cp-t;weighted;-;instance_30_15_4_7;PARSE_ERROR;;;;;;;;;;;;;;
3;CPLEX-CP-T;cplex-cp;cp-t;weighted;-;instance_30_15_4_8;INFEASIBLE;0.0015;0.0000;0.0000;0.0000;720;5;0;;;;;
3;CPLEX-CP-T;cplex-cp;cp-t;weighted;-;instance_30_15_4_9;PARSE_ERROR;;;;;;;;;;;;;;
3;CPLEX-CP-T;cplex-cp;cp-t;weighted;-;instance_40_25_5_1;TIMEOUT_FEASIBLE;300.0110;0.0051;299.9987;0.0001;4493;6851;6018331;782;3;0;200;779
3;CPLEX-CP-T;cplex-cp;cp-t;weighted;-;instance_40_25_5_10;PARSE_ERROR;;;;;;;;;;;;;;
3;CPLEX-CP-T;cplex-cp;cp-t;weighted;-;instance_40_25_5_11;TIMEOUT_FEASIBLE;300.0072;0.0055;299.9945;0.0001;4565;6996;7152643;784;1;0;200;783
3;CPLEX-CP-T;cplex-cp;cp-t;weighted;-;instance_40_25_5_12;TIMEOUT_FEASIBLE;300.0051;0.0055;299.9923;0.0001;4417;6696;7479507;783;2;0;200;781
3;CPLEX-CP-T;cplex-cp;cp-t;weighted;-;instance_40_25_5_13;TIMEOUT_FEASIBLE;300.0049;0.0056;299.9915;0.0010;4675;7216;7066560;787;5;0;200;782
3;CPLEX-CP-T;cplex-cp;cp-t;weighted;-;instance_40_25_5_14;TIMEOUT_FEASIBLE;300.0035;0.0057;299.9914;0.0001;4826;7517;6883586;780;0;0;200;780
3;CPLEX-CP-T;cplex-cp;cp-t;weighted;-;instance_40_25_5_15;TIMEOUT_FEASIBLE;300.0044;0.0054;299.9926;0.0001;4527;6920;7897936;718;3;0;200;715
3;CPLEX-CP-T;cplex-cp;cp-t;weighted;-;instance_40_25_5_16;TIMEOUT_FEASIBLE;300.0046;0.0055;299.9927;0.0001;4604;7072;6688027;765;6;0;200;759
3;CPLEX-CP-T;cplex-cp;cp-t;weighted;-;instance_40_25_5_17;TIMEOUT_FEASIBLE;300.0051;0.0053;299.9932;0.0001;4530;6925;7258596;751;6;0;200;745
3;CPLEX-CP-T;cplex-cp;cp-t;weighted;-;instance_40_25_5_18;TIMEOUT_FEASIBLE;300.0047;0.0053;299.9924;0.0001;4499;6863;7672337;785;1;0;200;784
3;CPLEX-CP-T;cplex-cp;cp-t;weighted;-;instance_40_25_5_19;TIMEOUT_FEASIBLE;300.0047;0.0050;299.9935;0.0001;4527;6920;8670061;740;7;0;200;733
3;CPLEX-CP-T;cplex-cp;cp-t;weighted;-;instance_40_25_5_2;PARSE_ERROR;;;;;;;;;;;;;;
3;CPLEX-CP-T;cplex-cp;cp-t;weighted;-;instance_40_25_5_20;TIMEOUT_FEASIBLE;300.0066;0.0051;299.9945;0.0001;4251;6367;6720863;771;4;0;200;767
3;CPLEX-CP-T;cplex-cp;cp-t;weighted;-;instance_40_25_5_21;TIMEOUT_FEASIBLE;300.0071;0.0054;299.9940;0.0001;4607;7079;7684327;760;2;0;200;758
3;CPLEX-CP-T;cplex-cp;cp-t;weighted;-;instance_40_25_5_22;TIMEOUT_FEASIBLE;300.0056;0.0051;299.9934;0.0001;4447;6760;8079231;769;8;0;200;761
3;CPLEX-CP-T;cplex-cp;cp-t;weighted;-;instance_40_25_5_23;PARSE_ERROR;;;;;;;;;;;;;;
3;CPLEX-CP-T;cplex-cp;cp-t;weighted;-;instance_40_25_5_24;TIMEOUT_FEASIBLE;300.0056;0.0054;299.9929;0.0001;4580;7025;7660763;751;14;0;200;737
3;CPLEX-CP-T;cplex-cp;cp-t;weighted;-;instance_40_25_5_25;TIMEOUT_FEASIBLE;300.0047;0.0051;299.9937;0.0001;4580;7025;8085461;769;8;0;200;761
3;CPLEX-CP-T;cplex-cp;cp-t;weighted;-;instance_40_25_5_26;TIMEOUT_FEASIBLE;300.0059;0.0054;299.9937;0.0001;4536;6938;7414056;777;2;0;200;775
3;CPLEX-CP-T;cplex-cp;cp-t;weighted;-;instance_40_25_5_27;TIMEOUT_FEASIBLE;300.0033;0.0052;299.9911;0.0001;4481;6827;7265158;755;16;0;200;739
3;CPLEX-CP-T;cplex-cp;cp-t;weighted;-;instance_40_25_5_28;TIMEOUT_FEASIBLE;300.0051;0.0053;299.9923;0.0001;4603;7072;9125881;750;9;0;200;741
3;CPLEX-CP-T;cplex-cp;cp-t;weighted;-;instance_40_25_5_29;TIMEOUT_FEASIBLE;300.0050;0.0052;299.9927;0.0001;4611;7088;9290854;751;6;0;200;745
3;CPLEX-CP-T;cplex-cp;cp-t;weighted;-;instance_40_25_5_3;PARSE_ERROR;;;;;;;;;;;;;;
3;CPLEX-CP-T;cplex-cp;cp-t;weighted;-;instance_40_25_5_30;TIMEOUT_FEASIBLE;300.0087;0.0056;299.9958;0.0001;4536;6937;8004267;771;5;0;200;766
3;CPLEX-CP-T;cplex-cp;cp-t;weighted;-;instance_40_25_5_31;PARSE_ERROR;;;;;;;;;;;;;;
3;CPLEX-CP-T;cplex-cp;cp-t;weighted;-;instance_40_25_5_32;TIMEOUT_FEASIBLE;300.0048;0.0055;299.9918;0.0001;4628;7121;7724543;723;13;0;200;710
3;CPLEX-CP-T;cplex-cp;cp-t;weighted;-;instance_40_25_5_33;PARSE_ERROR;;;;;;;;;;;;;;
3;CPLEX-CP-T;cplex-cp;cp-t;weighted;-;instance_40_25_5_34;PARSE_ERROR;;;;;;;;;;;;;;
3;CPLEX-CP-T;cplex-cp;cp-t;weighted;-;instance_40_25_5_35;PARSE_ERROR;;;;;;;;;;;;;;
3;CPLEX-CP-T;cplex-cp;cp-t;weighted;-;instance_40_25_5_36;TIMEOUT_FEASIBLE;300.0136;0.0057;299.9999;0.0001;4709;7281;7336582;788;0;0;200;788
3;CPLEX-CP-T;cplex-cp;cp-t;weighted;-;instance_40_25_5_37;TIMEOUT_FEASIBLE;300.0041;0.0055;299.9921;0.0001;4637;7139;7837389;754;4;0;200;750
3;CPLEX-CP-T;cplex-cp;cp-t;weighted;-;instance_40_25_5_38;TIMEOUT_FEASIBLE;300.0044;0.0051;299.9923;0.0001;4328;6520;7678635;741;5;0;200;736
3;CPLEX-CP-T;cplex-cp;cp-t;weighted;-;instance_40_25_5_39;TIMEOUT_FEASIBLE;300.0036;0.0050;299.9925;0.0001;4448;6762;7941328;747;10;0;200;737
3;CPLEX-CP-T;cplex-cp;cp-t;weighted;-;instance_40_25_5_4;PARSE_ERROR;;;;;;;;;;;;;;
3;CPLEX-CP-T;cplex-cp;cp-t;weighted;-;instance_40_25_5_40;TIMEOUT_FEASIBLE;300.0056;0.0057;299.9934;0.0001;4717;7298;7485394;774;5;0;200;769
3;CPLEX-CP-T;cplex-cp;cp-t;weighted;-;instance_40_25_5_41;TIMEOUT_FEASIBLE;300.0123;0.0054;299.9999;0.0001;4330;6525;7398862;771;6;0;200;765
3;CPLEX-CP-T;cplex-cp;cp-t;weighted;-;instance_40_25_5_42;TIMEOUT_FEASIBLE;300.0046;0.0056;299.9919;0.0001;4543;6948;9940315;745;6;0;200;739
3;CPLEX-CP-T;cplex-cp;cp-t;weighted;-;instance_40_25_5_43;PARSE_ERROR;;;;;;;;;;;;;;
3;CPLEX-CP-T;cplex-cp;cp-t;weighted;-;instance_40_25_5_44;TIMEOUT_FEASIBLE;300.0068;0.0054;299.9943;0.0001;4516;6898;7121291;786;3;0;200;783
3;CPLEX-CP-T;cplex-cp;cp-t;weighted;-;instance_40_25_5_45;TIMEOUT_FEASIBLE;300.0052;0.0058;299.9916;0.0001;4617;7099;8122089;711;6;0;200;705
3;CPLEX-CP-T;cplex-cp;cp-t;weighted;-;instance_40_25_5_46;INFEASIBLE;0.0019;0.0003;0.0000;0.0000;1200;32;0;;;;;
3;CPLEX-CP-T;cplex-cp;cp-t;weighted;-;instance_40_25_5_47;TIMEOUT_FEASIBLE;300.0119;0.0053;299.9995;0.0001;4400;6664;6384035;785;3;0;200;782
3;CPLEX-CP-T;cplex-cp;cp-t;weighted;-;instance_40_25_5_48;TIMEOUT_FEASIBLE;300.0044;0.0055;299.9913;0.0001;4646;7156;7005234;769;1;0;200;768
3;CPLEX-CP-T;cplex-cp;cp-t;weighted;-;instance_40_25_5_49;TIMEOUT_FEASIBLE;300.0045;0.0055;299.9917;0.0001;4459;6783;10160422;734;16;0;200;718
3;CPLEX-CP-T;cplex-cp;cp-t;weighted;-;instance_40_25_5_5;TIMEOUT_FEASIBLE;300.0046;0.0053;299.9927;0.0001;4537;6938;7129271;787;7;0;200;780
3;CPLEX-CP-T;cplex-cp;cp-t;weighted;-;instance_40_25_5_50;TIMEOUT_FEASIBLE;300.0051;0.0054;299.9931;0.0005;4324;6513;6288045;790;4;0;200;786
3;CPLEX-CP-T;cplex-cp;cp-t;weighted;-;instance_40_25_5_6;PARSE_ERROR;;;;;;;;;;;;;;
3;CPLEX-CP-T;cplex-cp;cp-t;weighted;-;instance_40_25_5_7;TIMEOUT_FEASIBLE;300.0076;0.0055;299.9950;0.0001;4403;6671;7098600;785;1;0;200;784
3;CPLEX-CP-T;cplex-cp;cp-t;weighted;-;instance_40_25_5_8;TIMEOUT_FEASIBLE;300.0045;0.0056;299.9913;0.0001;4602;7070;8067465;771;4;0;200;767
3;CPLEX-CP-T;cplex-cp;cp-t;weighted;-;instance_40_25_5_9;TIMEOUT_FEASIBLE;300.0041;0.0055;299.9919;0.0001;4632;7130;6216860;776;1;0;200;775
4;CPLEX-CP-I;cplex-cp;cp-i;weighted;-;instance_30_15_4_1;TIMEOUT_FEASIBLE;299.9994;0.0040;299.9919;0.0001;1430;2153;13177645;451;8;0;120;443
4;CPLEX-CP-I;cplex-cp;cp-i;weighted;-;instance_30_15_4_10;TIMEOUT_FEASIBLE;300.0053;0.0035;299.9983;0.0001;1268;1920;16859483;428;10;0;120;418
4;CPLEX-CP-I;cplex-cp;cp-i;weighted;-;instance_30_15_4_11;PARSE_ERROR;;;;;;;;;;;;;;
4;CPLEX-CP-I;cplex-cp;cp-i;weighted;-;instance_30_15_4_12;PARSE_ERROR;;;;;;;;;;;;;;
4;CPLEX-CP-I;cplex-cp;cp-i;weighted;-;instance_30_15_4_13;TIMEOUT_FEASIBLE;299.9974;0.0033;299.9910;0.0000;976;1461;18183498;389;6;0;120;383
4;CPLEX-CP-I;cplex-cp;cp-i;weighted;-;instance_30_15_4_14;TIMEOUT_FEASIBLE;300.0050;0.0040;299.9974;0.0001;1339;2042;14825262;425;13;0;120;412
4;CPLEX-CP-I;cplex-cp;cp-i;weighted;-;instance_30_15_4_15;TIMEOUT_FEASIBLE;300.0045;0.0040;299.9972;0.0000;1372;2057;14075941;452;4;0;120;448
4;CPLEX-CP-I;cplex-cp;cp-i;weighted;-;instance_30_15_4_16;TIMEOUT_FEASIBLE;300.0036;0.0034;299.9971;0.0001;1050;1624;19066096;400;1;0;120;399
4;CPLEX-CP-I;cplex-cp;cp-i;weighted;-;instance_30_15_4_17;TIMEOUT_FEASIBLE;300.0056;0.0040;299.9982;0.0001;1219;1858;16754223;427;5;0;120;422
4;CPLEX-CP-I;cplex-cp;cp-i;weighted;-;instance_30_15_4_18;TIMEOUT_FEASIBLE;300.0045;0.0044;299.9965;0.0001;1553;2311;12646904;463;5;0;120;458
4;CPLEX-CP-I;cplex-cp;cp-i;weighted;-;instance_30_15_4_19;PARSE_ERROR;;;;;;;;;;;;;;
4;CPLEX-CP-I;cplex-cp;cp-i;weighted;-;instance_30_15_4_2;TIMEOUT_FEASIBLE;300.0063;0.0030;300.0002;0.0001;977;1505;22226723;378;4;0;120;374
4;CPLEX-CP-I;cplex-cp;cp-i;weighted;-;instance_30_15_4_20;TIMEOUT_FEASIBLE;300.0053;0.0034;299.9986;0.0001;1095;1678;18873915;434;6;0;120;428
4;CPLEX-CP-I;cplex-cp;cp-i;weighted;-;instance_30_15_4_21;INFEASIBLE;0.0014;0.0001;0.0000;0.0000;19;18;0;;;;;
4;CPLEX-CP-I;cplex-cp;cp-i;weighted;-;instance_30_15_4_22;PARSE_ERROR;;;;;;;;;;;;;;
4;CPLEX-CP-I;cplex-cp;cp-i;weighted;-;instance_30_15_4_23;PARSE_ERROR;;;;;;;;;;;;;;
4;CPLEX-CP-I;cplex-cp;cp-i;weighted;-;instance_30_15_4_24;TIMEOUT_FEASIBLE;299.9979;0.0038;299.9906;0.0001;1423;2140;15611884;450;3;0;120;447
4;CPLEX-CP-I;cplex-cp;cp-i;weighted;-;instance_30_15_4_25;TIMEOUT_FEASIBLE;300.0039;0.0034;299.9974;0.0000;1015;1549;20617261;411;3;0;120;408
4;CPLEX-CP-I;cplex-cp;cp-i;weighted;-;instance_30_15_4_26;PARSE_ERROR;;;;;;;;;;;;;;
4;CPLEX-CP-I;cplex-cp;cp-i;weighted;-;instance_30_15_4_27;TIMEOUT_FEASIBLE;299.9992;0.0042;299.9915;0.0001;1240;1895;15068169;416;6;0;120;410
4;CPLEX-CP-I;cplex-cp;cp-i;weighted;-;instance_30_15_4_28;PARSE_ERROR;;;;;;;;;;;;;;
4;CPLEX-CP-I;cplex-cp;cp-i;weighted;-;instance_30_15_4_29;TIMEOUT_FEASIBLE;299.9971;0.0033;299.9907;0.0000;925;1407;21569726;410;5;0;120;405
4;CPLEX-CP-I;cplex-cp;cp-i;weighted;-;instance_30_15_4_3;TIMEOUT_FEASIBLE;300.0188;0.0039;300.0113;0.0001;1401;2126;14529863;443;5;0;120;438
4;CPLEX-CP-I;cplex-cp;cp-i;weighted;-;instance_30_15_4_30;TIMEOUT_FEASIBLE;300.0022;0.0039;299.9949;0.0001;1411;2129;13462722;444;7;0;120;437
4;CPLEX-CP-I;cplex-cp;cp-i;weighted;-;instance_30_15_4_31;TIMEOUT_FEASIBLE;300.0042;0.0038;299.9968;0.0001;1389;2057;14615212;418;6;0;120;412
4;CPLEX-CP-I;cplex-cp;cp-i;weighted;-;instance_30_15_4_32;TIMEOUT_FEASIBLE;300.0046;0.0039;299.9972;0.0001;1246;1854;16434678;390;3;0;120;387
4;CPLEX-CP-I;cplex-cp;cp-i;weighted;-;instance_30_15_4_33;TIMEOUT_FEASIBLE;300.0059;0.0041;299.9982;0.0000;1359;2036;13384674;438;3;0;120;435
4;CPLEX-CP-I;cplex-cp;cp-i;weighted;-;instance_30_15_4_34;PARSE_ERROR;;;;;;;;;;;;;;
4;CPLEX-CP-I;cplex-cp;cp-i;weighted;-;instance_30_15_4_35;PARSE_ERROR;;;;;;;;;;;;;;
4;CPLEX-CP-I;cplex-cp;cp-i;weighted;-;instance_30_15_4_36;PARSE_ERROR;;;;;;;;;;;;;;
4;CPLEX-CP-I;cplex-cp;cp-i;weighted;-;instance_30_15_4_37;TIMEOUT_FEASIBLE;300.0110;0.0036;300.0038;0.0001;1286;1980;15735726;433;6;0;120;427
4;CPLEX-CP-I;cplex-cp;cp-i;weighted;-;instance_30_15_4_38;TIMEOUT_FEASIBLE;300.0009;0.0039;299.9936;0.0001;1246;1906;16728719;406;4;0;120;402
4;CPLEX-CP-I;cplex-cp;cp-i;weighted;-;instance_30_15_4_39;TIMEOUT_FEASIBLE;300.0056;0.0040;299.9980;0.0001;1398;2093;13580544;450;3;0;120;447
4;CPLEX-CP-I;cplex-cp;cp-i;weighted;-;instance_30_15_4_4;PARSE_ERROR;;;;;;;;;;;;;;
4;CPLEX-CP-I;cplex-cp;cp-i;weighted;-;instance_30_15_4_40;PARSE_ERROR;;;;;;;;;;;;;;
4;CPLEX-CP-I;cplex-cp;cp-i;weighted;-;instance_30_15_4_41;PARSE_ERROR;;;;;;;;;;;;;;
4;CPLEX-CP-I;cplex-cp;cp-i;weighted;-;instance_30_15_4_42;TIMEOUT_FEASIBLE;300.0009;0.0044;299.9930;0.0001;1445;2156;11241849;441;4;0;120;437
4;CPLEX-CP-I;cplex-cp;cp-i;weighted;-;instance_30_15_4_43;PARSE_ERROR;;;;;;;;;;;;;;
4;CPLEX-CP-I;cplex-cp;cp-i;weighted;-;instance_30_15_4_44;PARSE_ERROR;;;;;;;;;;;;;;
4;CPLEX-CP-I;cplex-cp;cp-i;weighted;-;instance_30_15_4_45;TIMEOUT_FEASIBLE;300.0055;0.0048;299.9970;0.0001;1447;2172;13037685;426;4;0;120;422
4;CPLEX-CP-I;cplex-cp;cp-i;weighted;-;instance_30_15_4_46;PARSE_ERROR;;;;;;;;;;;;;;
4;CPLEX-CP-I;cplex-cp;cp-i;weighted;-;instance_30_15_4_47;TIMEOUT_FEASIBLE;300.0068;0.0032;300.0004;0.0001;1230;1894;18429896;433;5;0;120;428
4;CPLEX-CP-I;cplex-cp;cp-i;weighted;-;instance_30_15_4_48;TIMEOUT_FEASIBLE;300.0049;0.0036;299.9980;0.0000;1250;1889;14480666;435;4;0;120;431
4;CPLEX-CP-I;cplex-cp;cp-i;weighted;-;instance_30_15_4_49;TIMEOUT_FEASIBLE;300.0047;0.0035;299.9979;0.0001;1242;1852;15499699;442;6;0;120;436
4;CPLEX-CP-I;cplex-cp;cp-i;weighted;-;instance_30_15_4_5;TIMEOUT_FEASIBLE;300.0047;0.0035;299.9979;0.0001;1163;1743;15744607;428;7;0;120;421
4;CPLEX-CP-I;cplex-cp;cp-i;weighted;-;instance_30_15_4_50;TIMEOUT_FEASIBLE;300.0041;0.0033;299.9976;0.0000;1018;1538;19741262;415;11;0;120;404
4;CPLEX-CP-I;cplex-cp;cp-i;weighted;-;instance_30_15_4_6;TIMEOUT_FEASIBLE;300.0076;0.0036;300.0007;0.0000;1157;1769;17236067;446;5;0;120;441
4;CPLEX-CP-I;cplex-cp;cp-i;weighted;-;instance_30_15_4_7;PARSE_ERROR;;;;;;;;;;;;;;
4;CPLEX-CP-I;cplex-cp;cp-i;weighted;-;instance_30_15_4_8;INFEASIBLE;0.0015;0.0002;0.0000;0.0000;31;30;0;;;;;
4;CPLEX-CP-I;cplex-cp;cp-i;weighted;-;instance_30_15_4_9;PARSE_ERROR;;;;;;;;;;;;;;
4;CPLEX-CP-I;cplex-cp;cp-i;weighted;-;instance_40_25_5_1;TIMEOUT_FEASIBLE;300.0004;0.0103;299.9845;0.0001;2924;4256;9000376;783;4;0;200;779
4;CPLEX-CP-I;cplex-cp;cp-i;weighted;-;instance_40_25_5_10;PARSE_ERROR;;;;;;;;;;;;;;
4;CPLEX-CP-I;cplex-cp;cp-i;weighted;-;instance_40_25_5_11;TIMEOUT_FEASIBLE;300.0042;0.0108;299.9876;0.0001;3242;4737;8119809;784;1;0;200;783
4;CPLEX-CP-I;cplex-cp;cp-i;weighted;-;instance_40_25_5_12;TIMEOUT_FEASIBLE;300.0031;0.0106;299.9870;0.0001;3081;4452;8174160;783;2;0;200;781
4;CPLEX-CP-I;cplex-cp;cp-i;weighted;-;instance_40_25_5_13;TIMEOUT_FEASIBLE;300.0030;0.0115;299.9856;0.0001;3307;4840;7808757;786;2;0;200;784
4;CPLEX-CP-I;cplex-cp;cp-i;weighted;-;instance_40_25_5_14;TIMEOUT_FEASIBLE;300.0176;0.0121;299.9989;0.0001;3615;5299;7273109;781;0;0;200;781
4;CPLEX-CP-I;cplex-cp;cp-i;weighted;-;instance_40_25_5_15;TIMEOUT_FEASIBLE;300.0078;0.0107;299.9912;0.0001;3045;4478;8512136;720;5;0;200;715
4;CPLEX-CP-I;cplex-cp;cp-i;weighted;-;instance_40_25_5_16;TIMEOUT_FEASIBLE;300.0017;0.0106;299.9854;0.0001;2949;4329;9191655;764;6;0;200;758
4;CPLEX-CP-I;cplex-cp;cp-i;weighted;-;instance_40_25_5_17;TIMEOUT_FEASIBLE;300.0041;0.0107;299.9878;0.0001;3083;4481;8015921;753;8;0;200;745
4;CPLEX-CP-I;cplex-cp;cp-i;weighted;-;instance_40_25_5_18;TIMEOUT_FEASIBLE;300.0041;0.0106;299.9878;0.0001;3222;4692;8141905;786;2;0;200;784
4;CPLEX-CP-I;cplex-cp;cp-i;weighted;-;instance_40_25_5_19;TIMEOUT_FEASIBLE;300.0010;0.0088;299.9874;0.0001;2449;3616;10413600;742;8;0;200;734
4;CPLEX-CP-I;cplex-cp;cp-i;weighted;-;instance_40_25_5_2;PARSE_ERROR;;;;;;;;;;;;;;
4;CPLEX-CP-I;cplex-cp;cp-i;weighted;-;instance_40_25_5_20;TIMEOUT_FEASIBLE;300.0057;0.0104;299.9898;0.0001;3091;4401;7862304;772;5;0;200;767
4;CPLEX-CP-I;cplex-cp;cp-i;weighted;-;instance_40_25_5_21;TIMEOUT_FEASIBLE;300.0040;0.0106;299.9874;0.0001;3280;4778;7958069;760;2;0;200;758
4;CPLEX-CP-I;cplex-cp;cp-i;weighted;-;instance_40_25_5_22;TIMEOUT_FEASIBLE;300.0019;0.0101;299.9862;0.0001;2721;4000;8519203;770;9;0;200;761
4;CPLEX-CP-I;cplex-cp;cp-i;weighted;-;instance_40_25_5_23;PARSE_ERROR;;;;;;;;;;;;;;
4;CPLEX-CP-I;cplex-cp;cp-i;weighted;-;instance_40_25_5_24;TIMEOUT_FEASIBLE;300.0048;0.0082;299.9916;0.0001;2599;3824;9893596;752;14;0;200;738
4;CPLEX-CP-I;cplex-cp;cp-i;weighted;-;instance_40_25_5_25;TIMEOUT_FEASIBLE;300.0037;0.0095;299.9890;0.0001;2636;3871;9978099;769;8;0;200;761
4;CPLEX-CP-I;cplex-cp;cp-i;weighted;-;instance_40_25_5_26;TIMEOUT_FEASIBLE;300.0048;0.0105;299.9885;0.0001;3262;4762;7466588;778;2;0;200;776
4;CPLEX-CP-I;cplex-cp;cp-i;weighted;-;instance_40_25_5_27;TIMEOUT_FEASIBLE;300.0014;0.0094;299.9869;0.0001;2621;3848;10825037;752;13;0;200;739
4;CPLEX-CP-I;cplex-cp;cp-i;weighted;-;instance_40_25_5_28;TIMEOUT_FEASIBLE;300.0040;0.0104;299.9879;0.0001;3173;4676;8081042;750;8;0;200;742
4;CPLEX-CP-I;cplex-cp;cp-i;weighted;-;instance_40_25_5_29;TIMEOUT_FEASIBLE;300.0020;0.0088;299.9879;0.0001;2759;4047;9703763;755;10;0;200;745
4;CPLEX-CP-I;cplex-cp;cp-i;weighted;-;instance_40_25_5_3;PARSE_ERROR;;;;;;;;;;;;;;
4;CPLEX-CP-I;cplex-cp;cp-i;weighted;-;instance_40_25_5_30;TIMEOUT_FEASIBLE;300.0051;0.0112;299.9879;0.0001;3553;5143;7498099;771;5;0;200;766
4;CPLEX-CP-I;cplex-cp;cp-i;weighted;-;instance_40_25_5_31;PARSE_ERROR;;;;;;;;;;;;;;
4;CPLEX-CP-I;cplex-cp;cp-i;weighted;-;instance_40_25_5_32;TIMEOUT_FEASIBLE;300.0028;0.0100;299.9868;0.0001;3251;4793;8835547;723;13;0;200;710
4;CPLEX-CP-I;cplex-cp;cp-i;weighted;-;instance_40_25_5_33;PARSE_ERROR;;;;;;;;;;;;;;
4;CPLEX-CP-I;cplex-cp;cp-i;weighted;-;instance_40_25_5_34;PARSE_ERROR;;;;;;;;;;;;;;
4;CPLEX-CP-I;cplex-cp;cp-i;weighted;-;instance_40_25_5_35;PARSE_ERROR;;;;;;;;;;;;;;
4;CPLEX-CP-I;cplex-cp;cp-i;weighted;-;instance_40_25_5_36;TIMEOUT_FEASIBLE;300.0242;0.0125;300.0056;0.0001;3286;4821;7557271;788;0;0;200;788
4;CPLEX-CP-I;cplex-cp;cp-i;weighted;-;instance_40_25_5_37;TIMEOUT_FEASIBLE;300.0057;0.0110;299.9889;0.0001;3151;4633;8902103;754;4;0;200;750
4;CPLEX-CP-I;cplex-cp;cp-i;weighted;-;instance_40_25_5_38;TIMEOUT_FEASIBLE;300.0053;0.0101;299.9897;0.0001;2820;4116;9316526;741;5;0;200;736
4;CPLEX-CP-I;cplex-cp;cp-i;weighted;-;instance_40_25_5_39;TIMEOUT_FEASIBLE;300.0012;0.0095;299.9865;0.0001;2563;3767;8685937;748;11;0;200;737
4;CPLEX-CP-I;cplex-cp;cp-i;weighted;-;instance_40_25_5_4;PARSE_ERROR;;;;;;;;;;;;;;
4;CPLEX-CP-I;cplex-cp;cp-i;weighted;-;instance_40_25_5_40;TIMEOUT_FEASIBLE;300.0040;0.0102;299.9882;0.0001;3076;4533;8969345;775;6;0;200;769
4;CPLEX-CP-I;cplex-cp;cp-i;weighted;-;instance_40_25_5_41;TIMEOUT_FEASIBLE;300.0044;0.0109;299.9874;0.0001;3241;4682;7525133;771;6;0;200;765
4;CPLEX-CP-I;cplex-cp;cp-i;weighted;-;instance_40_25_5_42;TIMEOUT_FEASIBLE;300.0022;0.0103;299.9864;0.0001;2735;4071;9723001;747;8;0;200;739
4;CPLEX-CP-I;cplex-cp;cp-i;weighted;-;instance_40_25_5_43;PARSE_ERROR;;;;;;;;;;;;;;
4;CPLEX-CP-I;cplex-cp;cp-i;weighted;-;instance_40_25_5_44;TIMEOUT_FEASIBLE;300.0052;0.0110;299.9882;0.0001;3287;4819;7437896;786;3;0;200;783
4;CPLEX-CP-I;cplex-cp;cp-i;weighted;-;instance_40_25_5_45;TIMEOUT_FEASIBLE;300.0025;0.0113;299.9855;0.0001;3187;4693;8676911;711;6;0;200;705
4;CPLEX-CP-I;cplex-cp;cp-i;weighted;-;instance_40_25_5_46;INFEASIBLE;0.0027;0.0010;0.0000;0.0000;317;316;0;;;;;
4;CPLEX-CP-I;cplex-cp;cp-i;weighted;-;instance_40_25_5_47;TIMEOUT_FEASIBLE;299.9984;0.0111;299.9816;0.0001;3472;5028;7245523;785;3;0;200;782
4;CPLEX-CP-I;cplex-cp;cp-i;weighted;-;instance_40_25_5_48;TIMEOUT_FEASIBLE;300.0032;0.0111;299.9862;0.0001;3247;4793;8430573;769;1;0;200;768
4;CPLEX-CP-I;cplex-cp;cp-i;weighted;-;instance_40_25_5_49;TIMEOUT_FEASIBLE;300.0032;0.0100;299.9878;0.0001;2951;4331;9721516;735;15;0;200;720
4;CPLEX-CP-I;cplex-cp;cp-i;weighted;-;instance_40_25_5_5;TIMEOUT_FEASIBLE;300.0120;0.0105;299.9958;0.0001;3263;4745;8841852;787;6;0;200;781
4;CPLEX-CP-I;cplex-cp;cp-i;weighted;-;instance_40_25_5_50;TIMEOUT_FEASIBLE;300.0061;0.0114;299.9887;0.0001;3408;4851;7931686;791;5;0;200;786
4;CPLEX-CP-I;cplex-cp;cp-i;weighted;-;instance_40_25_5_6;PARSE_ERROR;;;;;;;;;;;;;;
4;CPLEX-CP-I;cplex-cp;cp-i;weighted;-;instance_40_25_5_7;TIMEOUT_FEASIBLE;300.0044;0.0112;299.9868;0.0001;3454;4982;8124283;785;1;0;200;784
4;CPLEX-CP-I;cplex-cp;cp-i;weighted;-;instance_40_25_5_8;TIMEOUT_FEASIBLE;300.0027;0.0104;299.9868;0.0001;3015;4436;8302672;771;4;0;200;767
4;CPLEX-CP-I;cplex-cp;cp-i;weighted;-;instance_40_25_5_9;TIMEOUT_FEASIBLE;300.0038;0.0111;299.9867;0.0001;3326;4872;8249287;777;2;0;200;775
1;GUROBI-MIP;gurobi-mip;mip-e;lex-continuity;-;instance_30_15_4_1;OPTIMUM;0.3851;0.0166;0.1402;0.0002;3371;3079;1;438;0;0;120;438
1;GUROBI-MIP;gurobi-mip;mip-e;lex-continuity;-;instance_30_15_4_10;OPTIMUM;0.1285;0.0144;0.1111;0.0002;2858;2791;1;410;0;0;120;410
1;GUROBI-MIP;gurobi-mip;mip-e;lex-continuity;-;instance_30_15_4_11;PARSE_ERROR;;;;;;;;;;;;;;
1;GUROBI-MIP;gurobi-mip;mip-e;lex-continuity;-;instance_30_15_4_12;PARSE_ERROR;;;;;;;;;;;;;;
1;GUROBI-MIP;gurobi-mip;mip-e;lex-continuity;-;instance_30_15_4_13;OPTIMUM;0.1189;0.0116;0.1045;0.0002;2204;2192;1;386;3;0;120;383
1;GUROBI-MIP;gurobi-mip;mip-e;lex-continuity;-;instance_30_15_4_14;OPTIMUM;0.1525;0.0155;0.1338;0.0002;3089;2948;1;389;0;0;120;389
1;GUROBI-MIP;gurobi-mip;mip-e;lex-continuity;-;instance_30_15_4_15;OPTIMUM;0.2268;0.0165;0.2071;0.0002;3341;3041;1;446;0;0;120;446
1;GUROBI-MIP;gurobi-mip;mip-e;lex-continuity;-;instance_30_15_4_16;OPTIMUM;0.1007;0.0122;0.0856;0.0002;2300;2344;1;398;0;0;120;398
1;GUROBI-MIP;gurobi-mip;mip-e;lex-continuity;-;instance_30_15_4_17;OPTIMUM;0.1209;0.0143;0.1036;0.0002;2875;2724;1;417;0;0;120;417
1;GUROBI-MIP;gurobi-mip;mip-e;lex-continuity;-;instance_30_15_4_18;OPTIMUM;0.1875;0.0184;0.1657;0.0002;3959;3386;1;448;0;0;120;448
1;GUROBI-MIP;gurobi-mip;mip-e;lex-continuity;-;instance_30_15_4_19;PARSE_ERROR;;;;;;;;;;;;;;
1;GUROBI-MIP;gurobi-mip;mip-e;lex-continuity;-;instance_30_15_4_2;OPTIMUM;0.1064;0.0110;0.0927;0.0002;2165;2208;1;373;0;4;120;369
1;GUROBI-MIP;gurobi-mip;mip-e;lex-continuity;-;instance_30_15_4_20;OPTIMUM;0.1131;0.0128;0.0973;0.0002;2444;2469;1;420;0;0;120;420
1;GUROBI-MIP;gurobi-mip;mip-e;lex-continuity;-;instance_30_15_4_21;INFEASIBLE;0.0071;0.0035;0.0018;0.0000;1837;1922;0;;;;;
1;GUROBI-MIP;gurobi-mip;mip-e;lex-continuity;-;instance_30_15_4_22;PARSE_ERROR;;;;;;;;;;;;;;
1;GUROBI-MIP;gurobi-mip;mip-e;lex-continuity;-;instance_30_15_4_23;PARSE_ERROR;;;;;;;;;;;;;;
1;GUROBI-MIP;gurobi-mip;mip-e;lex-continuity;-;instance_30_15_4_24;OPTIMUM;0.1540;0.0164;0.1343;0.0002;3343;3066;1;444;0;0;120;444
1;GUROBI-MIP;gurobi-mip;mip-e;lex-continuity;-;instance_30_15_4_25;OPTIMUM;0.1037;0.0121;0.0887;0.0002;2287;2294;1;402;0;0;120;402
1;GUROBI-MIP;gurobi-mip;mip-e;lex-continuity;-;instance_30_15_4_26;PARSE_ERROR;;;;;;;;;;;;;;
1;GUROBI-MIP;gurobi-mip;mip-e;lex-continuity;-;instance_30_15_4_27;OPTIMUM;0.1353;0.0144;0.1177;0.0002;2917;2741;1;407;0;0;120;407
1;GUROBI-MIP;gurobi-mip;mip-e;lex-continuity;-;instance_30_15_4_28;PARSE_ERROR;;;;;;;;;;;;;;
1;GUROBI-MIP;gurobi-mip;mip-e;lex-continuity;-;instance_30_15_4_29;OPTIMUM;0.0971;0.0113;0.0831;0.0002;2095;2159;1;399;0;0;120;399
1;GUROBI-MIP;gurobi-mip;mip-e;lex-continuity;-;instance_30_15_4_3;OPTIMUM;0.1702;0.0163;0.1507;0.0002;3366;3038;1;431;0;0;120;431
1;GUROBI-MIP;gurobi-mip;mip-e;lex-continuity;-;instance_30_15_4_30;OPTIMUM;0.2462;0.0158;0.2274;0.0002;3307;3074;1;435;0;0;120;435
1;GUROBI-MIP;gurobi-mip;mip-e;lex-continuity;-;instance_30_15_4_31;OPTIMUM;0.1692;0.0163;0.1495;0.0002;3331;3021;1;407;0;0;120;407
1;GUROBI-MIP;gurobi-mip;mip-e;lex-continuity;-;instance_30_15_4_32;OPTIMUM;0.1530;0.0152;0.1345;0.0002;3155;2791;1;382;0;0;120;382
1;GUROBI-MIP;gurobi-mip;mip-e;lex-continuity;-;instance_30_15_4_33;OPTIMUM;0.1636;0.0159;0.1445;0.0002;3223;2979;1;429;0;0;120;429
1;GUROBI-MIP;gurobi-mip;mip-e;lex-continuity;-;instance_30_15_4_34;PARSE_ERROR;;;;;;;;;;;;;;
1;GUROBI-MIP;gurobi-mip;mip-e;lex-continuity;-;instance_30_15_4_35;PARSE_ERROR;;;;;;;;;;;;;;
1;GUROBI-MIP;gurobi-mip;mip-e;lex-continuity;-;instance_30_15_4_36;PARSE_ERROR;;;;;;;;;;;;;;
1;GUROBI-MIP;gurobi-mip;mip-e;lex-continuity;-;instance_30_15_4_37;OPTIMUM;0.1367;0.0148;0.1188;0.0002;2865;2755;1;420;0;0;120;420
1;GUROBI-MIP;gurobi-mip;mip-e;lex-continuity;-;instance_30_15_4_38;OPTIMUM;0.1385;0.0144;0.1211;0.0002;2845;2745;1;402;0;0;120;402
1;GUROBI-MIP;gurobi-mip;mip-e;lex-continuity;-;instance_30_15_4_39;OPTIMUM;0.1613;0.0160;0.1420;0.0002;3288;3013;1;437;0;0;120;437
1;GUROBI-MIP;gurobi-mip;mip-e;lex-continuity;-;instance_30_15_4_4;PARSE_ERROR;;;;;;;;;;;;;;
1;GUROBI-MIP;gurobi-mip;mip-e;lex-continuity;-;instance_30_15_4_40;PARSE_ERROR;;;;;;;;;;;;;;
1;GUROBI-MIP;gurobi-mip;mip-e;lex-continuity;-;instance_30_15_4_41;PARSE_ERROR;;;;;;;;;;;;;;
1;GUROBI-MIP;gurobi-mip;mip-e;lex-continuity;-;instance_30_15_4_42;OPTIMUM;0.1789;0.0167;0.1589;0.0002;3363;3102;1;432;0;0;120;432
1;GUROBI-MIP;gurobi-mip;mip-e;lex-continuity;-;instance_30_15_4_43;PARSE_ERROR;;;;;;;;;;;;;;
1;GUROBI-MIP;gurobi-mip;mip-e;lex-continuity;-;instance_30_15_4_44;PARSE_ERROR;;;;;;;;;;;;;;
1;GUROBI-MIP;gurobi-mip;mip-e;lex-continuity;-;instance_30_15_4_45;OPTIMUM;0.1745;0.0175;0.1534;0.0002;3586;3190;1;416;0;0;120;416
1;GUROBI-MIP;gurobi-mip;mip-e;lex-continuity;-;instance_30_15_4_46;PARSE_ERROR;;;;;;;;;;;;;;
1;GUROBI-MIP;gurobi-mip;mip-e;lex-continuity;-;instance_30_15_4_47;OPTIMUM;0.1911;0.0139;0.1742;0.0002;2811;2697;1;418;1;0;120;417
1;GUROBI-MIP;gurobi-mip;mip-e;lex-continuity;-;instance_30_15_4_48;OPTIMUM;0.1320;0.0144;0.1145;0.0002;2913;2779;1;430;0;0;120;430
1;GUROBI-MIP;gurobi-mip;mip-e;lex-continuity;-;instance_30_15_4_49;OPTIMUM;0.1362;0.0145;0.1187;0.0002;2912;2738;1;421;0;0;120;421
1;GUROBI-MIP;gurobi-mip;mip-e;lex-continuity;-;instance_30_15_4_5;OPTIMUM;0.1386;0.0140;0.1214;0.0002;2772;2611;1;401;1;0;120;400
1;GUROBI-MIP;gurobi-mip;mip-e;lex-continuity;-;instance_30_15_4_50;OPTIMUM;0.1062;0.0120;0.0914;0.0002;2294;2254;1;403;7;0;120;396
1;GUROBI-MIP;gurobi-mip;mip-e;lex-continuity;-;instance_30_15_4_6;OPTIMUM;0.1652;0.0133;0.1490;0.0002;2621;2606;1;436;0;0;120;436
1;GUROBI-MIP;gurobi-mip;mip-e;lex-continuity;-;instance_30_15_4_7;PARSE_ERROR;;;;;;;;;;;;;;
1;GUROBI-MIP;gurobi-mip;mip-e;lex-continuity;-;instance_30_15_4_8;INFEASIBLE;0.0103;0.0058;0.0025;0.0000;3104;2911;0;;;;;
1;GUROBI-MIP;gurobi-mip;mip-e;lex-continuity;-;instance_30_15_4_9;PARSE_ERROR;;;;;;;;;;;;;;
1;GUROBI-MIP;gurobi-mip;mip-e;lex-continuity;-;instance_40_25_5_1;OPTIMUM;0.4202;0.0373;0.3769;0.0004;7806;6177;1;777;0;0;200;777
1;GUROBI-MIP;gurobi-mip;mip-e;lex-continuity;-;instance_40_25_5_10;PARSE_ERROR;;;;;;;;;;;;;;
1;GUROBI-MIP;gurobi-mip;mip-e;lex-continuity;-;instance_40_25_5_11;OPTIMUM;0.4061;0.0404;0.3594;0.0004;8366;6741;1;783;0;0;200;783
1;GUROBI-MIP;gurobi-mip;mip-e;lex-continuity;-;instance_40_25_5_12;OPTIMUM;0.4553;0.0383;0.4112;0.0004;7935;6437;1;778;0;0;200;778
1;GUROBI-MIP;gurobi-mip;mip-e;lex-continuity;-;instance_40_25_5_13;OPTIMUM;0.4579;0.0384;0.4133;0.0004;8187;6772;1;783;0;0;200;783
1;GUROBI-MIP;gurobi-mip;mip-e;lex-continuity;-;instance_40_25_5_14;OPTIMUM;0.4701;0.0424;0.4212;0.0004;9031;7290;1;781;0;0;200;781
1;GUROBI-MIP;gurobi-mip;mip-e;lex-continuity;-;instance_40_25_5_15;OPTIMUM;0.4950;0.0385;0.4507;0.0003;7991;6437;1;710;0;0;200;710
1;GUROBI-MIP;gurobi-mip;mip-e;lex-continuity;-;instance_40_25_5_16;OPTIMUM;0.6040;0.0363;0.5621;0.0003;7425;6080;1;753;1;0;200;752
1;GUROBI-MIP;gurobi-mip;mip-e;lex-continuity;-;instance_40_25_5_17;OPTIMUM;0.3904;0.0384;0.3461;0.0004;7867;6418;1;741;0;0;200;741
1;GUROBI-MIP;gurobi-mip;mip-e;lex-continuity;-;instance_40_25_5_18;OPTIMUM;0.4045;0.0393;0.3589;0.0004;8262;6693;1;782;0;0;200;782
1;GUROBI-MIP;gurobi-mip;mip-e;lex-continuity;-;instance_40_25_5_19;OPTIMUM;0.3631;0.0301;0.3282;0.0003;5910;5212;1;715;0;2;200;713
1;GUROBI-MIP;gurobi-mip;mip-e;lex-continuity;-;instance_40_25_5_2;PARSE_ERROR;;;;;;;;;;;;;;
1;GUROBI-MIP;gurobi-mip;mip-e;lex-continuity;-;instance_40_25_5_20;OPTIMUM;0.5609;0.0391;0.5157;0.0004;8180;6439;1;759;0;0;200;759
1;GUROBI-MIP;gurobi-mip;mip-e;lex-continuity;-;instance_40_25_5_21;OPTIMUM;0.4927;0.0405;0.4459;0.0004;8490;6813;1;755;0;0;200;755
1;GUROBI-MIP;gurobi-mip;mip-e;lex-continuity;-;instance_40_25_5_22;OPTIMUM;0.4094;0.0337;0.3704;0.0003;6757;5793;1;754;0;1;200;753
1;GUROBI-MIP;gurobi-mip;mip-e;lex-continuity;-;instance_40_25_5_23;PARSE_ERROR;;;;;;;;;;;;;;
1;GUROBI-MIP;gurobi-mip;mip-e;lex-continuity;-;instance_40_25_5_24;OPTIMUM;0.3586;0.0324;0.3213;0.0003;6415;5517;1;724;0;0;200;724
1;GUROBI-MIP;gurobi-mip;mip-e;lex-continuity;-;instance_40_25_5_25;OPTIMUM;0.3442;0.0315;0.3079;0.0003;6367;5530;1;734;0;0;200;734
1;GUROBI-MIP;gurobi-mip;mip-e;lex-continuity;-;instance_40_25_5_26;OPTIMUM;0.4575;0.0406;0.4104;0.0004;8367;6757;1;775;0;0;200;775
1;GUROBI-MIP;gurobi-mip;mip-e;lex-continuity;-;instance_40_25_5_27;OPTIMUM;0.3905;0.0322;0.3533;0.0003;6288;5519;1;711;0;0;200;711
1;GUROBI-MIP;gurobi-mip;mip-e;lex-continuity;-;instance_40_25_5_28;OPTIMUM;0.4696;0.0381;0.4253;0.0004;7869;6569;1;715;0;0;200;715
1;GUROBI-MIP;gurobi-mip;mip-e;lex-continuity;-;instance_40_25_5_29;OPTIMUM;0.6394;0.0333;0.6008;0.0003;6686;5707;1;716;1;0;200;715
1;GUROBI-MIP;gurobi-mip;mip-e;lex-continuity;-;instance_40_25_5_3;PARSE_ERROR;;;;;;;;;;;;;;
1;GUROBI-MIP;gurobi-mip;mip-e;lex-continuity;-;instance_40_25_5_30;OPTIMUM;0.4739;0.0429;0.4244;0.0004;9104;7202;1;761;0;0;200;761
1;GUROBI-MIP;gurobi-mip;mip-e;lex-continuity;-;instance_40_25_5_31;PARSE_ERROR;;;;;;;;;;;;;;
1;GUROBI-MIP;gurobi-mip;mip-e;lex-continuity;-;instance_40_25_5_32;OPTIMUM;0.4772;0.0381;0.4336;0.0004;7826;6652;1;672;0;0;200;672
1;GUROBI-MIP;gurobi-mip;mip-e;lex-continuity;-;instance_40_25_5_33;PARSE_ERROR;;;;;;;;;;;;;;
1;GUROBI-MIP;gurobi-mip;mip-e;lex-continuity;-;instance_40_25_5_34;PARSE_ERROR;;;;;;;;;;;;;;
1;GUROBI-MIP;gurobi-mip;mip-e;lex-continuity;-;instance_40_25_5_35;PARSE_ERROR;;;;;;;;;;;;;;
1;GUROBI-MIP;gurobi-mip;mip-e;lex-continuity;-;instance_40_25_5_36;OPTIMUM;0.4903;0.0413;0.4424;0.0004;8531;6890;1;788;0;0;200;788
1;GUROBI-MIP;gurobi-mip;mip-e;lex-continuity;-;instance_40_25_5_37;OPTIMUM;0.4077;0.0380;0.3635;0.0004;7699;6496;1;747;0;0;200;747
1;GUROBI-MIP;gurobi-mip;mip-e;lex-continuity;-;instance_40_25_5_38;OPTIMUM;0.4238;0.0349;0.3835;0.0003;6726;5915;1;735;0;0;200;735
1;GUROBI-MIP;gurobi-mip;mip-e;lex-continuity;-;instance_40_25_5_39;OPTIMUM;0.3987;0.0320;0.3617;0.0003;6492;5387;1;723;0;3;200;720
1;GUROBI-MIP;gurobi-mip;mip-e;lex-continuity;-;instance_40_25_5_4;PARSE_ERROR;;;;;;;;;;;;;;
1;GUROBI-MIP;gurobi-mip;mip-e;lex-continuity;-;instance_40_25_5_40;OPTIMUM;0.4331;0.0370;0.3904;0.0003;7792;6455;1;766;0;0;200;766
1;GUROBI-MIP;gurobi-mip;mip-e;lex-continuity;-;instance_40_25_5_41;OPTIMUM;0.5830;0.0409;0.5358;0.0004;8669;6835;1;759;0;0;200;759
1;GUROBI-MIP;gurobi-mip;mip-e;lex-continuity;-;instance_40_25_5_42;OPTIMUM;0.3773;0.0340;0.3383;0.0003;6886;5873;1;729;0;0;200;729
1;GUROBI-MIP;gurobi-mip;mip-e;lex-continuity;-;instance_40_25_5_43;PARSE_ERROR;;;;;;;;;;;;;;
1;GUROBI-MIP;gurobi-mip;mip-e;lex-continuity;-;instance_40_25_5_44;OPTIMUM;0.4466;0.0398;0.4008;0.0003;8468;6856;1;780;0;0;200;780
1;GUROBI-MIP;gurobi-mip;mip-e;lex-continuity;-;instance_40_25_5_45;OPTIMUM;0.4284;0.0370;0.3857;0.0004;7993;6603;1;701;0;0;200;701
1;GUROBI-MIP;gurobi-mip;mip-e;lex-continuity;-;instance_40_25_5_46;INFEASIBLE;0.0230;0.0151;0.0053;0.0000;8709;6987;0;;;;;
1;GUROBI-MIP;gurobi-mip;mip-e;lex-continuity;-;instance_40_25_5_47;OPTIMUM;0.4742;0.0425;0.4254;0.0004;9002;7177;1;780;0;0;200;780
1;GUROBI-MIP;gurobi-mip;mip-e;lex-continuity;-;instance_40_25_5_48;OPTIMUM;0.4825;0.0403;0.4360;0.0004;8403;6784;1;766;0;0;200;766
1;GUROBI-MIP;gurobi-mip;mip-e;lex-continuity;-;instance_40_25_5_49;OPTIMUM;0.8463;0.0357;0.8048;0.0004;7358;6129;1;693;0;0;200;693
1;GUROBI-MIP;gurobi-mip;mip-e;lex-continuity;-;instance_40_25_5_5;OPTIMUM;0.4417;0.0398;0.3954;0.0004;8268;6681;1;772;0;0;200;772
1;GUROBI-MIP;gurobi-mip;mip-e;lex-continuity;-;instance_40_25_5_50;OPTIMUM;0.6230;0.0427;0.5738;0.0004;9009;7033;1;768;0;0;200;768
1;GUROBI-MIP;gurobi-mip;mip-e;lex-continuity;-;instance_40_25_5_6;PARSE_ERROR;;;;;;;;;;;;;;
1;GUROBI-MIP;gurobi-mip;mip-e;lex-continuity;-;instance_40_25_5_7;OPTIMUM;0.4703;0.0424;0.4214;0.0004;9134;7208;1;782;0;0;200;782
1;GUROBI-MIP;gurobi-mip;mip-e;lex-continuity;-;instance_40_25_5_8;OPTIMUM;0.4026;0.0363;0.3609;0.0003;7559;6317;1;763;0;0;200;763
1;GUROBI-MIP;gurobi-mip;mip-e;lex-continuity;-;instance_40_25_5_9;OPTIMUM;0.4825;0.0410;0.4351;0.0004;8465;6891;1;772;0;0;200;772
2;CPLEX-MIP;cplex-mip;mip-e;lex-continuity;-;instance_30_15_4_1;OPTIMUM;0.2384;0.0162;0.2197;0.0002;3371;3079;0;438;0;0;120;438
2;CPLEX-MIP;cplex-mip;mip-e;lex-continuity;-;instance_30_15_4_10;OPTIMUM;0.1755;0.0143;0.1589;0.0002;2858;2791;0;410;0;0;120;410
2;CPLEX-MIP;cplex-mip;mip-e;lex-continuity;-;instance_30_15_4_11;PARSE_ERROR;;;;;;;;;;;;;;
2;CPLEX-MIP;cplex-mip;mip-e;lex-continuity;-;instance_30_15_4_12;PARSE_ERROR;;;;;;;;;;;;;;
2;CPLEX-MIP;cplex-mip;mip-e;lex-continuity;-;instance_30_15_4_13;OPTIMUM;0.2436;0.0112;0.2305;0.0002;2204;2192;0;386;3;0;120;383
2;CPLEX-MIP;cplex-mip;mip-e;lex-continuity;-;instance_30_15_4_14;OPTIMUM;0.2336;0.0150;0.2162;0.0002;3089;2948;0;389;0;0;120;389
2;CPLEX-MIP;cplex-mip;mip-e;lex-continuity;-;instance_30_15_4_15;OPTIMUM;0.2478;0.0161;0.2291;0.0002;3341;3041;0;446;0;0;120;446
2;CPLEX-MIP;cplex-mip;mip-e;lex-continuity;-;instance_30_15_4_16;OPTIMUM;0.1489;0.0121;0.1348;0.0002;2300;2344;0;398;0;0;120;398
2;CPLEX-MIP;cplex-mip;mip-e;lex-continuity;-;instance_30_15_4_17;OPTIMUM;0.1719;0.0141;0.1556;0.0002;2875;2724;0;417;0;0;120;417
2;CPLEX-MIP;cplex-mip;mip-e;lex-continuity;-;instance_30_15_4_18;OPTIMUM;0.3444;0.0177;0.3240;0.0002;3959;3386;0;448;0;0;120;448
2;CPLEX-MIP;cplex-mip;mip-e;lex-continuity;-;instance_30_15_4_19;PARSE_ERROR;;;;;;;;;;;;;;
2;CPLEX-MIP;cplex-mip;mip-e;lex-continuity;-;instance_30_15_4_2;OPTIMUM;0.1812;0.0112;0.1681;0.0002;2165;2208;0;373;0;4;120;369
2;CPLEX-MIP;cplex-mip;mip-e;lex-continuity;-;instance_30_15_4_20;OPTIMUM;0.2021;0.0124;0.1876;0.0002;2444;2469;0;420;0;0;120;420
2;CPLEX-MIP;cplex-mip;mip-e;lex-continuity;-;instance_30_15_4_21;INFEASIBLE;0.0053;0.0039;0.0006;0.0000;1837;1922;0;;;;;
2;CPLEX-MIP;cplex-mip;mip-e;lex-continuity;-;instance_30_15_4_22;PARSE_ERROR;;;;;;;;;;;;;;
2;CPLEX-MIP;cplex-mip;mip-e;lex-continuity;-;instance_30_15_4_23;PARSE_ERROR;;;;;;;;;;;;;;
2;CPLEX-MIP;cplex-mip;mip-e;lex-continuity;-;instance_30_15_4_24;OPTIMUM;0.1994;0.0158;0.1812;0.0002;3343;3066;0;444;0;0;120;444
2;CPLEX-MIP;cplex-mip;mip-e;lex-continuity;-;instance_30_15_4_25;OPTIMUM;0.1486;0.0119;0.1346;0.0002;2287;2294;0;402;0;0;120;402
2;CPLEX-MIP;cplex-mip;mip-e;lex-continuity;-;instance_30_15_4_26;PARSE_ERROR;;;;;;;;;;;;;;
2;CPLEX-MIP;cplex-mip;mip-e;lex-continuity;-;instance_30_15_4_27;OPTIMUM;0.1863;0.0141;0.1699;0.0002;2917;2741;0;407;0;0;120;407
2;CPLEX-MIP;cplex-mip;mip-e;lex-continuity;-;instance_30_15_4_28;PARSE_ERROR;;;;;;;;;;;;;;
2;CPLEX-MIP;cplex-mip;mip-e;lex-continuity;-;instance_30_15_4_29;OPTIMUM;0.1746;0.0108;0.1620;0.0002;2095;2159;0;399;0;0;120;399
2;CPLEX-MIP;cplex-mip;mip-e;lex-continuity;-;instance_30_15_4_3;OPTIMUM;0.2402;0.0156;0.2222;0.0002;3366;3038;0;431;0;0;120;431
2;CPLEX-MIP;cplex-mip;mip-e;lex-continuity;-;instance_30_15_4_30;OPTIMUM;0.2321;0.0162;0.2133;0.0002;3307;3074;0;435;0;0;120;435
2;CPLEX-MIP;cplex-mip;mip-e;lex-continuity;-;instance_30_15_4_31;OPTIMUM;0.2114;0.0153;0.1936;0.0002;3331;3021;0;407;0;0;120;407
2;CPLEX-MIP;cplex-mip;mip-e;lex-continuity;-;instance_30_15_4_32;OPTIMUM;0.2397;0.0149;0.2223;0.0002;3155;2791;0;382;0;0;120;382
2;CPLEX-MIP;cplex-mip;mip-e;lex-continuity;-;instance_30_15_4_33;OPTIMUM;0.2152;0.0154;0.1974;0.0002;3223;2979;0;429;0;0;120;429
2;CPLEX-MIP;cplex-mip;mip-e;lex-continuity;-;instance_30_15_4_34;PARSE_ERROR;;;;;;;;;;;;;;
2;CPLEX-MIP;cplex-mip;mip-e;lex-continuity;-;instance_30_15_4_35;PARSE_ERROR;;;;;;;;;;;;;;
2;CPLEX-MIP;cplex-mip;mip-e;lex-continuity;-;instance_30_15_4_36;PARSE_ERROR;;;;;;;;;;;;;;
2;CPLEX-MIP;cplex-mip;mip-e;lex-continuity;-;instance_30_15_4_37;OPTIMUM;0.2057;0.0143;0.1892;0.0002;2865;2755;0;420;0;0;120;420
2;CPLEX-MIP;cplex-mip;mip-e;lex-continuity;-;instance_30_15_4_38;OPTIMUM;0.2391;0.0135;0.2234;0.0002;2845;2745;0;402;0;0;120;402
2;CPLEX-MIP;cplex-mip;mip-e;lex-continuity;-;instance_30_15_4_39;OPTIMUM;0.2322;0.0153;0.2146;0.0002;3288;3013;0;437;0;0;120;437
2;CPLEX-MIP;cplex-mip;mip-e;lex-continuity;-;instance_30_15_4_4;PARSE_ERROR;;;;;;;;;;;;;;
2;CPLEX-MIP;cplex-mip;mip-e;lex-continuity;-;instance_30_15_4_40;PARSE_ERROR;;;;;;;;;;;;;;
2;CPLEX-MIP;cplex-mip;mip-e;lex-continuity;-;instance_30_15_4_41;PARSE_ERROR;;;;;;;;;;;;;;
2;CPLEX-MIP;cplex-mip;mip-e;lex-continuity;-;instance_30_15_4_42;OPTIMUM;0.2269;0.0162;0.2081;0.0002;3363;3102;0;432;0;0;120;432
2;CPLEX-MIP;cplex-mip;mip-e;lex-continuity;-;instance_30_15_4_43;PARSE_ERROR;;;;;;;;;;;;;;
2;CPLEX-MIP;cplex-mip;mip-e;lex-continuity;-;instance_30_15_4_44;PARSE_ERROR;;;;;;;;;;;;;;
2;CPLEX-MIP;cplex-mip;mip-e;lex-continuity;-;instance_30_15_4_45;OPTIMUM;0.2581;0.0164;0.2392;0.0002;3586;3190;0;416;0;0;120;416
2;CPLEX-MIP;cplex-mip;mip-e;lex-continuity;-;instance_30_15_4_46;PARSE_ERROR;;;;;;;;;;;;;;
2;CPLEX-MIP;cplex-mip;mip-e;lex-continuity;-;instance_30_15_4_47;OPTIMUM;0.2498;0.0143;0.2333;0.0002;2811;2697;0;418;1;0;120;417
2;CPLEX-MIP;cplex-mip;mip-e;lex-continuity;-;instance_30_15_4_48;OPTIMUM;0.2211;0.0143;0.2045;0.0002;2913;2779;0;430;0;0;120;430
2;CPLEX-MIP;cplex-mip;mip-e;lex-continuity;-;instance_30_15_4_49;OPTIMUM;0.2782;0.0139;0.2621;0.0002;2912;2738;0;421;0;0;120;421
2;CPLEX-MIP;cplex-mip;mip-e;lex-continuity;-;instance_30_15_4_5;OPTIMUM;0.2305;0.0141;0.2142;0.0002;2772;2611;0;401;1;0;120;400
2;CPLEX-MIP;cplex-mip;mip-e;lex-continuity;-;instance_30_15_4_50;OPTIMUM;0.1838;0.0120;0.1698;0.0002;2294;2254;0;403;7;0;120;396
2;CPLEX-MIP;cplex-mip;mip-e;lex-continuity;-;instance_30_15_4_6;OPTIMUM;0.1896;0.0133;0.1742;0.0002;2621;2606;0;436;0;0;120;436
2;CPLEX-MIP;cplex-mip;mip-e;lex-continuity;-;instance_30_15_4_7;PARSE_ERROR;;;;;;;;;;;;;;
2;CPLEX-MIP;cplex-mip;mip-e;lex-continuity;-;instance_30_15_4_8;INFEASIBLE;0.0079;0.0062;0.0008;0.0000;3104;2911;0;;;;;
2;CPLEX-MIP;cplex-mip;mip-e;lex-continuity;-;instance_30_15_4_9;PARSE_ERROR;;;;;;;;;;;;;;
2;CPLEX-MIP;cplex-mip;mip-e;lex-continuity;-;instance_40_25_5_1;OPTIMUM;0.9453;0.0359;0.9036;0.0004;7806;6177;0;777;0;0;200;777
2;CPLEX-MIP;cplex-mip;mip-e;lex-continuity;-;instance_40_25_5_10;PARSE_ERROR;;;;;;;;;;;;;;
2;CPLEX-MIP;cplex-mip;mip-e;lex-continuity;-;instance_40_25_5_11;OPTIMUM;0.5471;0.0394;0.5015;0.0004;8366;6741;0;783;0;0;200;783
2;CPLEX-MIP;cplex-mip;mip-e;lex-continuity;-;instance_40_25_5_12;OPTIMUM;0.7950;0.0351;0.7546;0.0003;7935;6437;0;778;0;0;200;778
2;CPLEX-MIP;cplex-mip;mip-e;lex-continuity;-;instance_40_25_5_13;OPTIMUM;1.0722;0.0392;1.0266;0.0004;8187;6772;0;783;0;0;200;783
2;CPLEX-MIP;cplex-mip;mip-e;lex-continuity;-;instance_40_25_5_14;OPTIMUM;0.6257;0.0419;0.5776;0.0006;9031;7290;0;781;0;0;200;781
2;CPLEX-MIP;cplex-mip;mip-e;lex-continuity;-;instance_40_25_5_15;OPTIMUM;0.9508;0.0363;0.9087;0.0004;7991;6437;0;710;0;0;200;710
2;CPLEX-MIP;cplex-mip;mip-e;lex-continuity;-;instance_40_25_5_16;OPTIMUM;0.8464;0.0342;0.8067;0.0004;7425;6080;0;753;1;0;200;752
2;CPLEX-MIP;cplex-mip;mip-e;lex-continuity;-;instance_40_25_5_17;OPTIMUM;0.6811;0.0370;0.6381;0.0004;7867;6418;0;741;0;0;200;741
2;CPLEX-MIP;cplex-mip;mip-e;lex-continuity;-;instance_40_25_5_18;OPTIMUM;0.6340;0.0392;0.5877;0.0004;8262;6693;0;782;0;0;200;782
2;CPLEX-MIP;cplex-mip;mip-e;lex-continuity;-;instance_40_25_5_19;OPTIMUM;0.7439;0.0288;0.7107;0.0003;5910;5212;0;715;0;2;200;713
2;CPLEX-MIP;cplex-mip;mip-e;lex-continuity;-;instance_40_25_5_2;PARSE_ERROR;;;;;;;;;;;;;;
2;CPLEX-MIP;cplex-mip;mip-e;lex-continuity;-;instance_40_25_5_20;OPTIMUM;0.9756;0.0370;0.9326;0.0004;8180;6439;0;759;0;0;200;759
2;CPLEX-MIP;cplex-mip;mip-e;lex-continuity;-;instance_40_25_5_21;OPTIMUM;0.9165;0.0400;0.8699;0.0004;8490;6813;0;755;0;0;200;755
2;CPLEX-MIP;cplex-mip;mip-e;lex-continuity;-;instance_40_25_5_22;OPTIMUM;0.9123;0.0327;0.8738;0.0004;6757;5793;0;754;0;1;200;753
2;CPLEX-MIP;cplex-mip;mip-e;lex-continuity;-;instance_40_25_5_23;PARSE_ERROR;;;;;;;;;;;;;;
2;CPLEX-MIP;cplex-mip;mip-e;lex-continuity;-;instance_40_25_5_24;OPTIMUM;0.7010;0.0319;0.6643;0.0004;6415;5517;0;724;0;0;200;724
2;CPLEX-MIP;cplex-mip;mip-e;lex-continuity;-;instance_40_25_5_25;OPTIMUM;0.5260;0.0307;0.4903;0.0003;6367;5530;0;734;0;0;200;734
2;CPLEX-MIP;cplex-mip;mip-e;lex-continuity;-;instance_40_25_5_26;OPTIMUM;0.9799;0.0398;0.9333;0.0004;8367;6757;0;775;0;0;200;775
2;CPLEX-MIP;cplex-mip;mip-e;lex-continuity;-;instance_40_25_5_27;OPTIMUM;0.7233;0.0310;0.6877;0.0003;6288;5519;0;711;0;0;200;711
2;CPLEX-MIP;cplex-mip;mip-e;lex-continuity;-;instance_40_25_5_28;OPTIMUM;0.9372;0.0357;0.8953;0.0004;7869;6569;0;715;0;0;200;715
2;CPLEX-MIP;cplex-mip;mip-e;lex-continuity;-;instance_40_25_5_29;OPTIMUM;1.0095;0.0323;0.9718;0.0003;6686;5707;0;716;1;0;200;715
2;CPLEX-MIP;cplex-mip;mip-e;lex-continuity;-;instance_40_25_5_3;PARSE_ERROR;;;;;;;;;;;;;;
2;CPLEX-MIP;cplex-mip;mip-e;lex-continuity;-;instance_40_25_5_30;OPTIMUM;0.6528;0.0423;0.6040;0.0004;9104;7202;0;761;0;0;200;761
2;CPLEX-MIP;cplex-mip;mip-e;lex-continuity;-;instance_40_25_5_31;PARSE_ERROR;;;;;;;;;;;;;;
2;CPLEX-MIP;cplex-mip;mip-e;lex-continuity;-;instance_40_25_5_32;OPTIMUM;0.7087;0.0372;0.6660;0.0004;7826;6652;0;672;0;0;200;672
2;CPLEX-MIP;cplex-mip;mip-e;lex-continuity;-;instance_40_25_5_33;PARSE_ERROR;;;;;;;;;;;;;;
2;CPLEX-MIP;cplex-mip;mip-e;lex-continuity;-;instance_40_25_5_34;PARSE_ERROR;;;;;;;;;;;;;;
2;CPLEX-MIP;cplex-mip;mip-e;lex-continuity;-;instance_40_25_5_35;PARSE_ERROR;;;;;;;;;;;;;;
2;CPLEX-MIP;cplex-mip;mip-e;lex-continuity;-;instance_40_25_5_36;OPTIMUM;0.5458;0.0406;0.4997;0.0004;8531;6890;0;788;0;0;200;788
2;CPLEX-MIP;cplex-mip;mip-e;lex-continuity;-;instance_40_25_5_37;OPTIMUM;0.9849;0.0369;0.9414;0.0004;7699;6496;0;747;0;0;200;747
2;CPLEX-MIP;cplex-mip;mip-e;lex-continuity;-;instance_40_25_5_38;OPTIMUM;0.8431;0.0327;0.8053;0.0003;6726;5915;0;735;0;0;200;735
2;CPLEX-MIP;cplex-mip;mip-e;lex-continuity;-;instance_40_25_5_39;OPTIMUM;0.7589;0.0308;0.7236;0.0003;6492;5387;0;723;0;3;200;720
2;CPLEX-MIP;cplex-mip;mip-e;lex-continuity;-;instance_40_25_5_4;PARSE_ERROR;;;;;;;;;;;;;;
2;CPLEX-MIP;cplex-mip;mip-e;lex-continuity;-;instance_40_25_5_40;OPTIMUM;0.5905;0.0371;0.5474;0.0004;7792;6455;0;766;0;0;200;766
2;CPLEX-MIP;cplex-mip;mip-e;lex-continuity;-;instance_40_25_5_41;OPTIMUM;0.8512;0.0407;0.8037;0.0004;8669;6835;0;759;0;0;200;759
2;CPLEX-MIP;cplex-mip;mip-e;lex-continuity;-;instance_40_25_5_42;OPTIMUM;0.7066;0.0330;0.6678;0.0004;6886;5873;0;729;0;0;200;729
2;CPLEX-MIP;cplex-mip;mip-e;lex-continuity;-;instance_40_25_5_43;PARSE_ERROR;;;;;;;;;;;;;;
2;CPLEX-MIP;cplex-mip;mip-e;lex-continuity;-;instance_40_25_5_44;OPTIMUM;0.6865;0.0399;0.6404;0.0004;8468;6856;0;780;0;0;200;780
2;CPLEX-MIP;cplex-mip;mip-e;lex-continuity;-;instance_40_25_5_45;OPTIMUM;0.8649;0.0367;0.8216;0.0004;7993;6603;0;701;0;0;200;701
2;CPLEX-MIP;cplex-mip;mip-e;lex-continuity;-;instance_40_25_5_46;INFEASIBLE;0.0200;0.0163;0.0020;0.0000;8709;6987;0;;;;;
2;CPLEX-MIP;cplex-mip;mip-e;lex-continuity;-;instance_40_25_5_47;OPTIMUM;0.7766;0.0424;0.7272;0.0004;9002;7177;0;780;0;0;200;780
2;CPLEX-MIP;cplex-mip;mip-e;lex-continuity;-;instance_40_25_5_48;OPTIMUM;0.7872;0.0392;0.7408;0.0004;8403;6784;0;766;0;0;200;766
2;CPLEX-MIP;cplex-mip;mip-e;lex-continuity;-;instance_40_25_5_49;OPTIMUM;1.2825;0.0347;1.2414;0.0004;7358;6129;0;693;0;0;200;693
2;CPLEX-MIP;cplex-mip;mip-e;lex-continuity;-;instance_40_25_5_5;OPTIMUM;0.6461;0.0394;0.6003;0.0004;8268;6681;0;772;0;0;200;772
2;CPLEX-MIP;cplex-mip;mip-e;lex-continuity;-;instance_40_25_5_50;OPTIMUM;0.9940;0.0425;0.9441;0.0005;9009;7033;0;768;0;0;200;768
2;CPLEX-MIP;cplex-mip;mip-e;lex-continuity;-;instance_40_25_5_6;PARSE_ERROR;;;;;;;;;;;;;;
2;CPLEX-MIP;cplex-mip;mip-e;lex-continuity;-;instance_40_25_5_7;OPTIMUM;0.8472;0.0426;0.7964;0.0004;9134;7208;0;782;0;0;200;782
2;CPLEX-MIP;cplex-mip;mip-e;lex-continuity;-;instance_40_25_5_8;OPTIMUM;0.5751;0.0354;0.5340;0.0004;7559;6317;0;763;0;0;200;763
2;CPLEX-MIP;cplex-mip;mip-e;lex-continuity;-;instance_40_25_5_9;OPTIMUM;0.7025;0.0397;0.6563;0.0004;8465;6891;0;772;0;0;200;772
3;CPLEX-CP-T;cplex-cp;cp-t;lex-continuity;-;instance_30_15_4_1;TIMEOUT_FEASIBLE;300.0032;0.0023;299.9970;0.0000;2114;2952;27301488;271;0;0;120;271
3;CPLEX-CP-T;cplex-cp;cp-t;lex-continuity;-;instance_30_15_4_10;TIMEOUT_FEASIBLE;300.0046;0.0022;299.9986;0.0000;2110;2944;27490800;251;0;0;120;251
3;CPLEX-CP-T;cplex-cp;cp-t;lex-continuity;-;instance_30_15_4_11;PARSE_ERROR;;;;;;;;;;;;;;
3;CPLEX-CP-T;cplex-cp;cp-t;lex-continuity;-;instance_30_15_4_12;PARSE_ERROR;;;;;;;;;;;;;;
3;CPLEX-CP-T;cplex-cp;cp-t;lex-continuity;-;instance_30_15_4_13;TIMEOUT_FEASIBLE;299.9986;0.0018;299.9933;0.0000;1921;2564;28930206;295;3;0;120;292
3;CPLEX-CP-T;cplex-cp;cp-t;lex-continuity;-;instance_30_15_4_14;TIMEOUT_FEASIBLE;300.0050;0.0022;299.9992;0.0000;2144;3013;30109614;286;0;0;120;286
3;CPLEX-CP-T;cplex-cp;cp-t;lex-continuity;-;instance_30_15_4_15;TIMEOUT_FEASIBLE;300.0046;0.0022;299.9986;0.0000;2057;2839;27756777;304;0;0;120;304
3;CPLEX-CP-T;cplex-cp;cp-t;lex-continuity;-;instance_30_15_4_16;TIMEOUT_FEASIBLE;300.0053;0.0022;299.9994;0.0000;2119;2961;31800717;332;0;0;120;332
3;CPLEX-CP-T;cplex-cp;cp-t;lex-continuity;-;instance_30_15_4_17;TIMEOUT_FEASIBLE;300.0060;0.0022;300.0001;0.0000;2114;2954;30426052;311;0;0;120;311
3;CPLEX-CP-T;cplex-cp;cp-t;lex-continuity;-;instance_30_15_4_18;TIMEOUT_FEASIBLE;300.0048;0.0023;299.9985;0.0000;2108;2939;25478446;296;0;0;120;296
3;CPLEX-CP-T;cplex-cp;cp-t;lex-continuity;-;instance_30_15_4_19;PARSE_ERROR;;;;;;;;;;;;;;
3;CPLEX-CP-T;cplex-cp;cp-t;lex-continuity;-;instance_30_15_4_2;TIMEOUT_FEASIBLE;299.9966;0.0020;299.9908;0.0000;2143;3010;35930651;295;0;0;120;295
3;CPLEX-CP-T;cplex-cp;cp-t;lex-continuity;-;instance_30_15_4_20;TIMEOUT_FEASIBLE;300.0058;0.0022;299.9995;0.0000;2179;3081;32207502;282;0;0;120;282
3;CPLEX-CP-T;cplex-cp;cp-t;lex-continuity;-;instance_30_15_4_21;INFEASIBLE;0.0014;0.0000;0.0000;0.0000;720;3;0;;;;;
3;CPLEX-CP-T;cplex-cp;cp-t;lex-continuity;-;instance_30_15_4_22;PARSE_ERROR;;;;;;;;;;;;;;
3;CPLEX-CP-T;cplex-cp;cp-t;lex-continuity;-;instance_30_15_4_23;PARSE_ERROR;;;;;;;;;;;;;;
3;CPLEX-CP-T;cplex-cp;cp-t;lex-continuity;-;instance_30_15_4_24;TIMEOUT_FEASIBLE;300.0013;0.0022;299.9954;0.0000;2152;3029;26331688;280;0;0;120;280
3;CPLEX-CP-T;cplex-cp;cp-t;lex-continuity;-;instance_30_15_4_25;TIMEOUT_FEASIBLE;300.0053;0.0021;299.9997;0.0000;2100;2925;33281165;304;0;0;120;304
3;CPLEX-CP-T;cplex-cp;cp-t;lex-continuity;-;instance_30_15_4_26;PARSE_ERROR;;;;;;;;;;;;;;
3;CPLEX-CP-T;cplex-cp;cp-t;lex-continuity;-;instance_30_15_4_27;TIMEOUT_FEASIBLE;300.0053;0.0022;299.9994;0.0000;2133;2991;26306854;254;0;0;120;254
3;CPLEX-CP-T;cplex-cp;cp-t;lex-continuity;-;instance_30_15_4_28;PARSE_ERROR;;;;;;;;;;;;;;
3;CPLEX-CP-T;cplex-cp;cp-t;lex-continuity;-;instance_30_15_4_29;TIMEOUT_FEASIBLE;299.9976;0.0021;299.9915;0.0000;2021;2766;31864214;298;0;0;120;298
3;CPLEX-CP-T;cplex-cp;cp-t;lex-continuity;-;instance_30_15_4_3;TIMEOUT_FEASIBLE;300.0045;0.0024;299.9982;0.0000;2150;3024;27373649;293;0;0;120;293
3;CPLEX-CP-T;cplex-cp;cp-t;lex-continuity;-;instance_30_15_4_30;TIMEOUT_FEASIBLE;300.0045;0.0022;299.9984;0.0000;2119;2963;24941510;267;0;0;120;267
3;CPLEX-CP-T;cplex-cp;cp-t;lex-continuity;-;instance_30_15_4_31;TIMEOUT_FEASIBLE;299.9963;0.0022;299.9905;0.0000;2042;2809;28403483;297;0;0;120;297
3;CPLEX-CP-T;cplex-cp;cp-t;lex-continuity;-;instance_30_15_4_32;TIMEOUT_FEASIBLE;300.0057;0.0022;299.9996;0.0000;2073;2871;30692783;307;0;0;120;307
3;CPLEX-CP-T;cplex-cp;cp-t;lex-continuity;-;instance_30_15_4_33;TIMEOUT_FEASIBLE;300.0045;0.0022;299.9985;0.0001;2120;2965;25537028;264;0;0;120;264
3;CPLEX-CP-T;cplex-cp;cp-t;lex-continuity;-;instance_30_15_4_34;PARSE_ERROR;;;;;;;;;;;;;;
3;CPLEX-CP-T;cplex-cp;cp-t;lex-continuity;-;instance_30_15_4_35;PARSE_ERROR;;;;;;;;;;;;;;
3;CPLEX-CP-T;cplex-cp;cp-t;lex-continuity;-;instance_30_15_4_36;PARSE_ERROR;;;;;;;;;;;;;;
3;CPLEX-CP-T;cplex-cp;cp-t;lex-continuity;-;instance_30_15_4_37;TIMEOUT_FEASIBLE;299.9986;0.0023;299.9925;0.0000;2192;3107;30910999;306;0;0;120;306
3;CPLEX-CP-T;cplex-cp;cp-t;lex-continuity;-;instance_30_15_4_38;TIMEOUT_FEASIBLE;300.0051;0.0021;299.9988;0.0000;2086;2895;29911180;325;0;0;120;325
3;CPLEX-CP-T;cplex-cp;cp-t;lex-continuity;-;instance_30_15_4_39;TIMEOUT_FEASIBLE;300.0019;0.0023;299.9957;0.0000;2056;2837;27769738;337;0;0;120;337
3;CPLEX-CP-T;cplex-cp;cp-t;lex-continuity;-;instance_30_15_4_4;PARSE_ERROR;;;;;;;;;;;;;;
3;CPLEX-CP-T;cplex-cp;cp-t;lex-continuity;-;instance_30_15_4_40;PARSE_ERROR;;;;;;;;;;;;;;
3;CPLEX-CP-T;cplex-cp;cp-t;lex-continuity;-;instance_30_15_4_41;PARSE_ERROR;;;;;;;;;;;;;;
3;CPLEX-CP-T;cplex-cp;cp-t;lex-continuity;-;instance_30_15_4_42;TIMEOUT_FEASIBLE;299.9981;0.0023;299.9916;0.0000;2098;2921;22431485;301;0;0;120;301
3;CPLEX-CP-T;cplex-cp;cp-t;lex-continuity;-;instance_30_15_4_43;PARSE_ERROR;;;;;;;;;;;;;;
3;CPLEX-CP-T;cplex-cp;cp-t;lex-continuity;-;instance_30_15_4_44;PARSE_ERROR;;;;;;;;;;;;;;
3;CPLEX-CP-T;cplex-cp;cp-t;lex-continuity;-;instance_30_15_4_45;TIMEOUT_FEASIBLE;299.9985;0.0024;299.9924;0.0000;2134;2990;24950960;269;0;0;120;269
3;CPLEX-CP-T;cplex-cp;cp-t;lex-continuity;-;instance_30_15_4_46;PARSE_ERROR;;;;;;;;;;;;;;
3;CPLEX-CP-T;cplex-cp;cp-t;lex-continuity;-;instance_30_15_4_47;TIMEOUT_FEASIBLE;300.0054;0.0022;299.9993;0.0000;2189;3102;30909276;321;1;0;120;320
3;CPLEX-CP-T;cplex-cp;cp-t;lex-continuity;-;instance_30_15_4_48;TIMEOUT_FEASIBLE;300.0053;0.0021;299.9994;0.0001;2024;2770;26315607;294;0;0;120;294
3;CPLEX-CP-T;cplex-cp;cp-t;lex-continuity;-;instance_30_15_4_49;TIMEOUT_FEASIBLE;300.0051;0.0021;299.9992;0.0000;2005;2735;27777996;306;0;0;120;306
3;CPLEX-CP-T;cplex-cp;cp-t;lex-continuity;-;instance_30_15_4_5;TIMEOUT_FEASIBLE;300.0039;0.0022;299.9980;0.0000;1977;2677;28496587;290;1;0;120;289
3;CPLEX-CP-T;cplex-cp;cp-t;lex-continuity;-;instance_30_15_4_50;TIMEOUT_FEASIBLE;300.0040;0.0020;299.9982;0.0000;1952;2629;30238482;279;7;1;120;271
3;CPLEX-CP-T;cplex-cp;cp-t;lex-continuity;-;instance_30_15_4_6;TIMEOUT_FEASIBLE;299.9965;0.0022;299.9904;0.0000;2146;3017;32233415;350;0;0;120;350
3;CPLEX-CP-T;cplex-cp;cp-t;lex-continuity;-;instance_30_15_4_7;PARSE_ERROR;;;;;;;;;;;;;;
3;CPLEX-CP-T;cplex-cp;cp-t;lex-continuity;-;instance_30_15_4_8;INFEASIBLE;0.0014;0.0000;0.0000;0.0000;720;5;0;;;;;
3;CPLEX-CP-T;cplex-cp;cp-t;lex-continuity;-;instance_30_15_4_9;PARSE_ERROR;;;;;;;;;;;;;;
3;CPLEX-CP-T;cplex-cp;cp-t;lex-continuity;-;instance_40_25_5_1;TIMEOUT_FEASIBLE;300.0062;0.0054;299.9944;0.0001;4493;6851;14506450;456;0;0;200;456
3;CPLEX-CP-T;cplex-cp;cp-t;lex-continuity;-;instance_40_25_5_10;PARSE_ERROR;;;;;;;;;;;;;;
3;CPLEX-CP-T;cplex-cp;cp-t;lex-continuity;-;instance_40_25_5_11;TIMEOUT_FEASIBLE;300.0036;0.0055;299.9908;0.0001;4565;6996;12659896;454;0;0;200;454
3;CPLEX-CP-T;cplex-cp;cp-t;lex-continuity;-;instance_40_25_5_12;TIMEOUT_FEASIBLE;300.0035;0.0051;299.9913;0.0001;4417;6696;15122311;471;0;0;200;471
3;CPLEX-CP-T;cplex-cp;cp-t;lex-continuity;-;instance_40_25_5_13;TIMEOUT_FEASIBLE;300.0052;0.0057;299.9924;0.0001;4675;7216;12844766;449;0;0;200;449
3;CPLEX-CP-T;cplex-cp;cp-t;lex-continuity;-;instance_40_25_5_14;TIMEOUT_FEASIBLE;300.0053;0.0058;299.9922;0.0001;4826;7517;12133305;423;0;0;200;423
3;CPLEX-CP-T;cplex-cp;cp-t;lex-continuity;-;instance_40_25_5_15;TIMEOUT_FEASIBLE;300.0050;0.0053;299.9924;0.0001;4527;6920;13801271;443;0;3;200;440
3;CPLEX-CP-T;cplex-cp;cp-t;lex-continuity;-;instance_40_25_5_16;TIMEOUT_FEASIBLE;300.0051;0.0057;299.9922;0.0001;4604;7072;16274644;482;1;0;200;481
3;CPLEX-CP-T;cplex-cp;cp-t;lex-continuity;-;instance_40_25_5_17;TIMEOUT_FEASIBLE;300.0045;0.0053;299.9923;0.0001;4530;6925;13274693;440;0;0;200;440
3;CPLEX-CP-T;cplex-cp;cp-t;lex-continuity;-;instance_40_25_5_18;TIMEOUT_FEASIBLE;300.0050;0.0057;299.9921;0.0001;4499;6863;12676802;455;0;0;200;455
3;CPLEX-CP-T;cplex-cp;cp-t;lex-continuity;-;instance_40_25_5_19;TIMEOUT_FEASIBLE;300.0026;0.0051;299.9916;0.0001;4527;6920;15068434;471;0;0;200;471
3;CPLEX-CP-T;cplex-cp;cp-t;lex-continuity;-;instance_40_25_5_2;PARSE_ERROR;;;;;;;;;;;;;;
3;CPLEX-CP-T;cplex-cp;cp-t;lex-continuity;-;instance_40_25_5_20;TIMEOUT_FEASIBLE;300.0063;0.0052;299.9949;0.0001;4251;6367;12884646;442;0;0;200;442
3;CPLEX-CP-T;cplex-cp;cp-t;lex-continuity;-;instance_40_25_5_21;TIMEOUT_FEASIBLE;300.0046;0.0055;299.9926;0.0001;4607;7079;17697950;532;0;0;200;532
3;CPLEX-CP-T;cplex-cp;cp-t;lex-continuity;-;instance_40_25_5_22;TIMEOUT_FEASIBLE;300.0039;0.0051;299.9928;0.0001;4447;6760;14789037;481;0;0;200;481
3;CPLEX-CP-T;cplex-cp;cp-t;lex-continuity;-;instance_40_25_5_23;PARSE_ERROR;;;;;;;;;;;;;;
3;CPLEX-CP-T;cplex-cp;cp-t;lex-continuity;-;instance_40_25_5_24;TIMEOUT_FEASIBLE;300.0067;0.0051;299.9952;0.0001;4580;7025;15243797;501;0;1;200;500
3;CPLEX-CP-T;cplex-cp;cp-t;lex-continuity;-;instance_40_25_5_25;TIMEOUT_FEASIBLE;300.0055;0.0052;299.9934;0.0001;4580;7025;18543370;481;0;0;200;481
3;CPLEX-CP-T;cplex-cp;cp-t;lex-continuity;-;instance_40_25_5_26;TIMEOUT_FEASIBLE;300.0042;0.0055;299.9920;0.0001;4536;6938;13495017;455;0;0;200;455
3;CPLEX-CP-T;cplex-cp;cp-t;lex-continuity;-;instance_40_25_5_27;TIMEOUT_FEASIBLE;300.0029;0.0050;299.9918;0.0001;4481;6827;15704888;465;0;0;200;465
3;CPLEX-CP-T;cplex-cp;cp-t;lex-continuity;-;instance_40_25_5_28;TIMEOUT_FEASIBLE;300.0054;0.0054;299.9931;0.0001;4603;7072;15918505;499;0;0;200;499
3;CPLEX-CP-T;cplex-cp;cp-t;lex-continuity;-;instance_40_25_5_29;TIMEOUT_FEASIBLE;300.0056;0.0056;299.9927;0.0001;4611;7088;15784604;525;1;0;200;524
3;CPLEX-CP-T;cplex-cp;cp-t;lex-continuity;-;instance_40_25_5_3;PARSE_ERROR;;;;;;;;;;;;;;
3;CPLEX-CP-T;cplex-cp;cp-t;lex-continuity;-;instance_40_25_5_30;TIMEOUT_FEASIBLE;300.0059;0.0057;299.9928;0.0001;4536;6937;12066384;410;0;0;200;410
3;CPLEX-CP-T;cplex-cp;cp-t;lex-continuity;-;instance_40_25_5_31;PARSE_ERROR;;;;;;;;;;;;;;
3;CPLEX-CP-T;cplex-cp;cp-t;lex-continuity;-;instance_40_25_5_32;TIMEOUT_FEASIBLE;300.0059;0.0054;299.9932;0.0001;4628;7121;13628301;403;1;13;200;389
3;CPLEX-CP-T;cplex-cp;cp-t;lex-continuity;-;instance_40_25_5_33;PARSE_ERROR;;;;;;;;;;;;;;
3;CPLEX-CP-T;cplex-cp;cp-t;lex-continuity;-;instance_40_25_5_34;PARSE_ERROR;;;;;;;;;;;;;;
3;CPLEX-CP-T;cplex-cp;cp-t;lex-continuity;-;instance_40_25_5_35;PARSE_ERROR;;;;;;;;;;;;;;
3;CPLEX-CP-T;cplex-cp;cp-t;lex-continuity;-;instance_40_25_5_36;TIMEOUT_FEASIBLE;300.0060;0.0056;299.9930;0.0001;4709;7281;18067375;490;0;0;200;490
3;CPLEX-CP-T;cplex-cp;cp-t;lex-continuity;-;instance_40_25_5_37;TIMEOUT_FEASIBLE;300.0047;0.0056;299.9920;0.0001;4637;7139;14467590;449;0;0;200;449
3;CPLEX-CP-T;cplex-cp;cp-t;lex-continuity;-;instance_40_25_5_38;TIMEOUT_FEASIBLE;300.0025;0.0049;299.9918;0.0001;4328;6520;14139021;514;0;0;200;514
3;CPLEX-CP-T;cplex-cp;cp-t;lex-continuity;-;instance_40_25_5_39;TIMEOUT_FEASIBLE;300.0036;0.0050;299.9925;0.0001;4448;6762;15146185;434;0;0;200;434
3;CPLEX-CP-T;cplex-cp;cp-t;lex-continuity;-;instance_40_25_5_4;PARSE_ERROR;;;;;;;;;;;;;;
3;CPLEX-CP-T;cplex-cp;cp-t;lex-continuity;-;instance_40_25_5_40;TIMEOUT_FEASIBLE;300.0071;0.0058;299.9942;0.0001;4717;7298;14131625;424;0;0;200;424
3;CPLEX-CP-T;cplex-cp;cp-t;lex-continuity;-;instance_40_25_5_41;TIMEOUT_FEASIBLE;300.0043;0.0052;299.9920;0.0001;4330;6525;17524369;505;0;0;200;505
3;CPLEX-CP-T;cplex-cp;cp-t;lex-continuity;-;instance_40_25_5_42;TIMEOUT_FEASIBLE;300.0047;0.0051;299.9924;0.0001;4543;6948;15861315;545;0;0;200;545
3;CPLEX-CP-T;cplex-cp;cp-t;lex-continuity;-;instance_40_25_5_43;PARSE_ERROR;;;;;;;;;;;;;;
3;CPLEX-CP-T;cplex-cp;cp-t;lex-continuity;-;instance_40_25_5_44;TIMEOUT_FEASIBLE;300.0076;0.0052;299.9960;0.0001;4516;6898;14762168;549;0;10;200;539
3;CPLEX-CP-T;cplex-cp;cp-t;lex-continuity;-;instance_40_25_5_45;TIMEOUT_FEASIBLE;300.0045;0.0055;299.9927;0.0001;4617;7099;15128897;498;0;0;200;498
3;CPLEX-CP-T;cplex-cp;cp-t;lex-continuity;-;instance_40_25_5_46;INFEASIBLE;0.0018;0.0003;0.0000;0.0000;1200;32;0;;;;;
3;CPLEX-CP-T;cplex-cp;cp-t;lex-continuity;-;instance_40_25_5_47;TIMEOUT_FEASIBLE;300.0120;0.0054;299.9994;0.0001;4400;6664;12075035;462;0;0;200;462
3;CPLEX-CP-T;cplex-cp;cp-t;lex-continuity;-;instance_40_25_5_48;TIMEOUT_FEASIBLE;300.0043;0.0055;299.9923;0.0001;4646;7156;15575722;471;0;1;200;470
3;CPLEX-CP-T;cplex-cp;cp-t;lex-continuity;-;instance_40_25_5_49;TIMEOUT_FEASIBLE;300.0054;0.0051;299.9934;0.0001;4459;6783;13006174;452;2;2;200;448
3;CPLEX-CP-T;cplex-cp;cp-t;lex-continuity;-;instance_40_25_5_5;TIMEOUT_FEASIBLE;300.0048;0.0053;299.9923;0.0001;4537;6938;14048039;482;0;0;200;482
3;CPLEX-CP-T;cplex-cp;cp-t;lex-continuity;-;instance_40_25_5_50;TIMEOUT_FEASIBLE;300.0048;0.0055;299.9930;0.0001;4324;6513;13514803;480;0;2;200;478
3;CPLEX-CP-T;cplex-cp;cp-t;lex-continuity;-;instance_40_25_5_6;PARSE_ERROR;;;;;;;;;;;;;;
3;CPLEX-CP-T;cplex-cp;cp-t;lex-continuity;-;instance_40_25_5_7;TIMEOUT_FEASIBLE;300.0066;0.0055;299.9947;0.0001;4403;6671;12244145;452;0;0;200;452
3;CPLEX-CP-T;cplex-cp;cp-t;lex-continuity;-;instance_40_25_5_8;TIMEOUT_FEASIBLE;300.0046;0.0054;299.9931;0.0001;4602;7070;14377495;475;0;4;200;471
3;CPLEX-CP-T;cplex-cp;cp-t;lex-continuity;-;instance_40_25_5_9;TIMEOUT_FEASIBLE;300.0048;0.0059;299.9916;0.0001;4632;7130;13289992;424;0;0;200;424
4;CPLEX-CP-I;cplex-cp;cp-i;lex-continuity;-;instance_30_15_4_1;TIMEOUT_FEASIBLE;299.9996;0.0041;299.9921;0.0001;1430;2153;20708331;256;0;2;120;254
4;CPLEX-CP-I;cplex-cp;cp-i;lex-continuity;-;instance_30_15_4_10;TIMEOUT_FEASIBLE;300.0053;0.0037;299.9982;0.0001;1268;1920;23190419;287;0;0;120;287
4;CPLEX-CP-I;cplex-cp;cp-i;lex-continuity;-;instance_30_15_4_11;PARSE_ERROR;;;;;;;;;;;;;;
4;CPLEX-CP-I;cplex-cp;cp-i;lex-continuity;-;instance_30_15_4_12;PARSE_ERROR;;;;;;;;;;;;;;
4;CPLEX-CP-I;cplex-cp;cp-i;lex-continuity;-;instance_30_15_4_13;TIMEOUT_FEASIBLE;300.0095;0.0027;300.0038;0.0000;976;1461;24982359;305;3;0;120;302
4;CPLEX-CP-I;cplex-cp;cp-i;lex-continuity;-;instance_30_15_4_14;TIMEOUT_FEASIBLE;300.0017;0.0039;299.9944;0.0001;1339;2042;22726923;281;0;1;120;280
4;CPLEX-CP-I;cplex-cp;cp-i;lex-continuity;-;instance_30_15_4_15;TIMEOUT_FEASIBLE;300.0044;0.0040;299.9971;0.0000;1372;2057;22225991;323;0;0;120;323
4;CPLEX-CP-I;cplex-cp;cp-i;lex-continuity;-;instance_30_15_4_16;TIMEOUT_FEASIBLE;300.0041;0.0034;299.9976;0.0000;1050;1624;26084782;315;0;0;120;315
4;CPLEX-CP-I;cplex-cp;cp-i;lex-continuity;-;instance_30_15_4_17;TIMEOUT_FEASIBLE;300.0050;0.0036;299.9982;0.0001;1219;1858;25535211;292;0;0;120;292
4;CPLEX-CP-I;cplex-cp;cp-i;lex-continuity;-;instance_30_15_4_18;TIMEOUT_FEASIBLE;300.0057;0.0043;299.9979;0.0001;1553;2311;20580636;265;0;0;120;265
4;CPLEX-CP-I;cplex-cp;cp-i;lex-continuity;-;instance_30_15_4_19;PARSE_ERROR;;;;;;;;;;;;;;
4;CPLEX-CP-I;cplex-cp;cp-i;lex-continuity;-;instance_30_15_4_2;TIMEOUT_FEASIBLE;299.9969;0.0033;299.9904;0.0001;977;1505;27875002;312;0;1;120;311
4;CPLEX-CP-I;cplex-cp;cp-i;lex-continuity;-;instance_30_15_4_20;TIMEOUT_FEASIBLE;300.0047;0.0035;299.9981;0.0000;1095;1678;25978097;321;0;0;120;321
4;CPLEX-CP-I;cplex-cp;cp-i;lex-continuity;-;instance_30_15_4_21;INFEASIBLE;0.0015;0.0001;0.0000;0.0000;19;18;0;;;;;
4;CPLEX-CP-I;cplex-cp;cp-i;lex-continuity;-;instance_30_15_4_22;PARSE_ERROR;;;;;;;;;;;;;;
4;CPLEX-CP-I;cplex-cp;cp-i;lex-continuity;-;instance_30_15_4_23;PARSE_ERROR;;;;;;;;;;;;;;
4;CPLEX-CP-I;cplex-cp;cp-i;lex-continuity;-;instance_30_15_4_24;TIMEOUT_FEASIBLE;300.0071;0.0036;300.0001;0.0001;1423;2140;22130962;312;0;0;120;312
4;CPLEX-CP-I;cplex-cp;cp-i;lex-continuity;-;instance_30_15_4_25;TIMEOUT_FEASIBLE;300.0038;0.0032;299.9975;0.0001;1015;1549;28410671;295;0;0;120;295
4;CPLEX-CP-I;cplex-cp;cp-i;lex-continuity;-;instance_30_15_4_26;PARSE_ERROR;;;;;;;;;;;;;;
4;CPLEX-CP-I;cplex-cp;cp-i;lex-continuity;-;instance_30_15_4_27;TIMEOUT_FEASIBLE;300.0075;0.0040;300.0001;0.0001;1240;1895;22327971;295;0;0;120;295
4;CPLEX-CP-I;cplex-cp;cp-i;lex-continuity;-;instance_30_15_4_28;PARSE_ERROR;;;;;;;;;;;;;;
4;CPLEX-CP-I;cplex-cp;cp-i;lex-continuity;-;instance_30_15_4_29;TIMEOUT_FEASIBLE;299.9983;0.0031;299.9922;0.0000;925;1407;29560692;280;0;0;120;280
4;CPLEX-CP-I;cplex-cp;cp-i;lex-continuity;-;instance_30_15_4_3;TIMEOUT_FEASIBLE;300.0057;0.0038;299.9985;0.0001;1401;2126;22429921;333;0;0;120;333
4;CPLEX-CP-I;cplex-cp;cp-i;lex-continuity;-;instance_30_15_4_30;TIMEOUT_FEASIBLE;300.0107;0.0040;300.0033;0.0001;1411;2129;20535863;305;0;0;120;305
4;CPLEX-CP-I;cplex-cp;cp-i;lex-continuity;-;instance_30_15_4_31;TIMEOUT_FEASIBLE;299.9980;0.0039;299.9907;0.0000;1389;2057;22102677;319;0;0;120;319
4;CPLEX-CP-I;cplex-cp;cp-i;lex-continuity;-;instance_30_15_4_32;TIMEOUT_FEASIBLE;300.0040;0.0036;299.9972;0.0001;1246;1854;21971406;286;0;0;120;286
4;CPLEX-CP-I;cplex-cp;cp-i;lex-continuity;-;instance_30_15_4_33;TIMEOUT_FEASIBLE;300.0042;0.0040;299.9967;0.0001;1359;2036;21943559;309;0;0;120;309
4;CPLEX-CP-I;cplex-cp;cp-i;lex-continuity;-;instance_30_15_4_34;PARSE_ERROR;;;;;;;;;;;;;;
4;CPLEX-CP-I;cplex-cp;cp-i;lex-continuity;-;instance_30_15_4_35;PARSE_ERROR;;;;;;;;;;;;;;
4;CPLEX-CP-I;cplex-cp;cp-i;lex-continuity;-;instance_30_15_4_36;PARSE_ERROR;;;;;;;;;;;;;;
4;CPLEX-CP-I;cplex-cp;cp-i;lex-continuity;-;instance_30_15_4_37;TIMEOUT_FEASIBLE;299.9987;0.0035;299.9918;0.0001;1286;1980;22432225;292;0;0;120;292
4;CPLEX-CP-I;cplex-cp;cp-i;lex-continuity;-;instance_30_15_4_38;TIMEOUT_FEASIBLE;300.0052;0.0038;299.9980;0.0001;1246;1906;22853573;321;0;0;120;321
4;CPLEX-CP-I;cplex-cp;cp-i;lex-continuity;-;instance_30_15_4_39;TIMEOUT_FEASIBLE;300.0060;0.0041;299.9984;0.0001;1398;2093;20781666;296;0;0;120;296
4;CPLEX-CP-I;cplex-cp;cp-i;lex-continuity;-;instance_30_15_4_4;PARSE_ERROR;;;;;;;;;;;;;;
4;CPLEX-CP-I;cplex-cp;cp-i;lex-continuity;-;instance_30_15_4_40;PARSE_ERROR;;;;;;;;;;;;;;
4;CPLEX-CP-I;cplex-cp;cp-i;lex-continuity;-;instance_30_15_4_41;PARSE_ERROR;;;;;;;;;;;;;;
4;CPLEX-CP-I;cplex-cp;cp-i;lex-continuity;-;instance_30_15_4_42;TIMEOUT_FEASIBLE;300.0066;0.0044;299.9986;0.0001;1445;2156;17959249;295;0;0;120;295
4;CPLEX-CP-I;cplex-cp;cp-i;lex-continuity;-;instance_30_15_4_43;PARSE_ERROR;;;;;;;;;;;;;;
4;CPLEX-CP-I;cplex-cp;cp-i;lex-continuity;-;instance_30_15_4_44;PARSE_ERROR;;;;;;;;;;;;;;
4;CPLEX-CP-I;cplex-cp;cp-i;lex-continuity;-;instance_30_15_4_45;TIMEOUT_FEASIBLE;300.0031;0.0041;299.9953;0.0001;1447;2172;19648394;288;0;0;120;288
4;CPLEX-CP-I;cplex-cp;cp-i;lex-continuity;-;instance_30_15_4_46;PARSE_ERROR;;;;;;;;;;;;;;
4;CPLEX-CP-I;cplex-cp;cp-i;lex-continuity;-;instance_30_15_4_47;TIMEOUT_FEASIBLE;300.0043;0.0037;299.9973;0.0001;1230;1894;26139438;324;1;0;120;323
4;CPLEX-CP-I;cplex-cp;cp-i;lex-continuity;-;instance_30_15_4_48;TIMEOUT_FEASIBLE;300.0036;0.0038;299.9965;0.0000;1250;1889;21730473;291;0;0;120;291
4;CPLEX-CP-I;cplex-cp;cp-i;lex-continuity;-;instance_30_15_4_49;TIMEOUT_FEASIBLE;300.0031;0.0037;299.9961;0.0000;1242;1852;23177541;325;0;0;120;325
4;CPLEX-CP-I;cplex-cp;cp-i;lex-continuity;-;instance_30_15_4_5;TIMEOUT_FEASIBLE;300.0044;0.0033;299.9980;0.0001;1163;1743;22542209;296;1;0;120;295
4;CPLEX-CP-I;cplex-cp;cp-i;lex-continuity;-;instance_30_15_4_50;TIMEOUT_FEASIBLE;300.0054;0.0033;299.9989;0.0001;1018;1538;26404432;297;7;0;120;290
4;CPLEX-CP-I;cplex-cp;cp-i;lex-continuity;-;instance_30_15_4_6;TIMEOUT_FEASIBLE;300.0053;0.0034;299.9986;0.0001;1157;1769;23840613;333;0;0;120;333
4;CPLEX-CP-I;cplex-cp;cp-i;lex-continuity;-;instance_30_15_4_7;PARSE_ERROR;;;;;;;;;;;;;;
4;CPLEX-CP-I;cplex-cp;cp-i;lex-continuity;-;instance_30_15_4_8;INFEASIBLE;0.0015;0.0001;0.0000;0.0000;31;30;0;;;;;
4;CPLEX-CP-I;cplex-cp;cp-i;lex-continuity;-;instance_30_15_4_9;PARSE_ERROR;;;;;;;;;;;;;;
4;CPLEX-CP-I;cplex-cp;cp-i;lex-continuity;-;instance_40_25_5_1;TIMEOUT_FEASIBLE;300.0042;0.0112;299.9876;0.0001;2924;4256;12836121;521;0;0;200;521
4;CPLEX-CP-I;cplex-cp;cp-i;lex-continuity;-;instance_40_25_5_10;PARSE_ERROR;;;;;;;;;;;;;;
4;CPLEX-CP-I;cplex-cp;cp-i;lex-continuity;-;instance_40_25_5_11;TIMEOUT_FEASIBLE;300.0012;0.0119;299.9835;0.0001;3242;4737;12103392;524;0;0;200;524
4;CPLEX-CP-I;cplex-cp;cp-i;lex-continuity;-;instance_40_25_5_12;TIMEOUT_FEASIBLE;300.0028;0.0105;299.9868;0.0001;3081;4452;12876175;519;0;0;200;519
4;CPLEX-CP-I;cplex-cp;cp-i;lex-continuity;-;instance_40_25_5_13;TIMEOUT_FEASIBLE;300.0038;0.0108;299.9872;0.0001;3307;4840;12512483;507;0;0;200;507
4;CPLEX-CP-I;cplex-cp;cp-i;lex-continuity;-;instance_40_25_5_14;TIMEOUT_FEASIBLE;300.0238;0.0117;300.0061;0.0001;3615;5299;12027986;487;0;0;200;487
4;CPLEX-CP-I;cplex-cp;cp-i;lex-continuity;-;instance_40_25_5_15;TIMEOUT_FEASIBLE;300.0025;0.0101;299.9869;0.0001;3045;4478;13441232;525;0;0;200;525
4;CPLEX-CP-I;cplex-cp;cp-i;lex-continuity;-;instance_40_25_5_16;TIMEOUT_FEASIBLE;300.0028;0.0096;299.9880;0.0001;2949;4329;14698221;480;1;0;200;479
4;CPLEX-CP-I;cplex-cp;cp-i;lex-continuity;-;instance_40_25_5_17;TIMEOUT_FEASIBLE;300.0038;0.0108;299.9875;0.0001;3083;4481;12793828;497;0;0;200;497
4;CPLEX-CP-I;cplex-cp;cp-i;lex-continuity;-;instance_40_25_5_18;TIMEOUT_FEASIBLE;300.0044;0.0106;299.9882;0.0001;3222;4692;12963782;515;0;0;200;515
4;CPLEX-CP-I;cplex-cp;cp-i;lex-continuity;-;instance_40_25_5_19;TIMEOUT_FEASIBLE;300.0017;0.0086;299.9884;0.0001;2449;3616;16569205;467;0;0;200;467
4;CPLEX-CP-I;cplex-cp;cp-i;lex-continuity;-;instance_40_25_5_2;PARSE_ERROR;;;;;;;;;;;;;;
4;CPLEX-CP-I;cplex-cp;cp-i;lex-continuity;-;instance_40_25_5_20;TIMEOUT_FEASIBLE;300.0056;0.0105;299.9896;0.0001;3091;4401;12166186;482;0;0;200;482
4;CPLEX-CP-I;cplex-cp;cp-i;lex-continuity;-;instance_40_25_5_21;TIMEOUT_FEASIBLE;300.0045;0.0109;299.9878;0.0001;3280;4778;11925538;478;0;0;200;478
4;CPLEX-CP-I;cplex-cp;cp-i;lex-continuity;-;instance_40_25_5_22;TIMEOUT_FEASIBLE;300.0012;0.0089;299.9873;0.0001;2721;4000;15293030;474;0;1;200;473
4;CPLEX-CP-I;cplex-cp;cp-i;lex-continuity;-;instance_40_25_5_23;PARSE_ERROR;;;;;;;;;;;;;;
4;CPLEX-CP-I;cplex-cp;cp-i;lex-continuity;-;instance_40_25_5_24;TIMEOUT_FEASIBLE;299.9961;0.0090;299.9822;0.0001;2599;3824;16278555;502;0;0;200;502
4;CPLEX-CP-I;cplex-cp;cp-i;lex-continuity;-;instance_40_25_5_25;TIMEOUT_FEASIBLE;300.0045;0.0086;299.9911;0.0001;2636;3871;16595081;524;0;0;200;524
4;CPLEX-CP-I;cplex-cp;cp-i;lex-continuity;-;instance_40_25_5_26;TIMEOUT_FEASIBLE;300.0041;0.0104;299.9880;0.0001;3262;4762;11797044;494;0;0;200;494
4;CPLEX-CP-I;cplex-cp;cp-i;lex-continuity;-;instance_40_25_5_27;TIMEOUT_FEASIBLE;300.0128;0.0084;299.9996;0.0001;2621;3848;16841764;507;0;1;200;506
4;CPLEX-CP-I;cplex-cp;cp-i;lex-continuity;-;instance_40_25_5_28;TIMEOUT_FEASIBLE;300.0047;0.0099;299.9893;0.0001;3173;4676;13364735;504;0;0;200;504
4;CPLEX-CP-I;cplex-cp;cp-i;lex-continuity;-;instance_40_25_5_29;TIMEOUT_FEASIBLE;300.0026;0.0090;299.9887;0.0001;2759;4047;16322750;517;1;0;200;516
4;CPLEX-CP-I;cplex-cp;cp-i;lex-continuity;-;instance_40_25_5_3;PARSE_ERROR;;;;;;;;;;;;;;
4;CPLEX-CP-I;cplex-cp;cp-i;lex-continuity;-;instance_40_25_5_30;TIMEOUT_FEASIBLE;300.0079;0.0119;299.9900;0.0001;3553;5143;11183087;534;0;0;200;534
4;CPLEX-CP-I;cplex-cp;cp-i;lex-continuity;-;instance_40_25_5_31;PARSE_ERROR;;;;;;;;;;;;;;
4;CPLEX-CP-I;cplex-cp;cp-i;lex-continuity;-;instance_40_25_5_32;TIMEOUT_FEASIBLE;300.0043;0.0104;299.9884;0.0001;3251;4793;13581207;472;0;5;200;467
4;CPLEX-CP-I;cplex-cp;cp-i;lex-continuity;-;instance_40_25_5_33;PARSE_ERROR;;;;;;;;;;;;;;
4;CPLEX-CP-I;cplex-cp;cp-i;lex-continuity;-;instance_40_25_5_34;PARSE_ERROR;;;;;;;;;;;;;;
4;CPLEX-CP-I;cplex-cp;cp-i;lex-continuity;-;instance_40_25_5_35;PARSE_ERROR;;;;;;;;;;;;;;
4;CPLEX-CP-I;cplex-cp;cp-i;lex-continuity;-;instance_40_25_5_36;TIMEOUT_FEASIBLE;300.0002;0.0107;299.9835;0.0001;3286;4821;12648134;490;0;0;200;490
4;CPLEX-CP-I;cplex-cp;cp-i;lex-continuity;-;instance_40_25_5_37;TIMEOUT_FEASIBLE;300.0041;0.0106;299.9880;0.0001;3151;4633;13385417;488;0;0;200;488
4;CPLEX-CP-I;cplex-cp;cp-i;lex-continuity;-;instance_40_25_5_38;TIMEOUT_FEASIBLE;300.0328;0.0093;300.0182;0.0001;2820;4116;14797139;559;0;0;200;559
4;CPLEX-CP-I;cplex-cp;cp-i;lex-continuity;-;instance_40_25_5_39;TIMEOUT_FEASIBLE;300.0033;0.0091;299.9894;0.0001;2563;3767;15275075;470;0;0;200;470
4;CPLEX-CP-I;cplex-cp;cp-i;lex-continuity;-;instance_40_25_5_4;PARSE_ERROR;;;;;;;;;;;;;;
4;CPLEX-CP-I;cplex-cp;cp-i;lex-continuity;-;instance_40_25_5_40;TIMEOUT_FEASIBLE;300.0075;0.0111;299.9908;0.0001;3076;4533;13757582;491;0;3;200;488
4;CPLEX-CP-I;cplex-cp;cp-i;lex-continuity;-;instance_40_25_5_41;TIMEOUT_FEASIBLE;300.0034;0.0112;299.9865;0.0001;3241;4682;11445584;529;0;0;200;529
4;CPLEX-CP-I;cplex-cp;cp-i;lex-continuity;-;instance_40_25_5_42;TIMEOUT_FEASIBLE;300.0028;0.0096;299.9881;0.0001;2735;4071;14565118;491;0;0;200;491
4;CPLEX-CP-I;cplex-cp;cp-i;lex-continuity;-;instance_40_25_5_43;PARSE_ERROR;;;;;;;;;;;;;;
4;CPLEX-CP-I;cplex-cp;cp-i;lex-continuity;-;instance_40_25_5_44;TIMEOUT_FEASIBLE;300.0063;0.0117;299.9889;0.0001;3287;4819;11108981;526;0;0;200;526
4;CPLEX-CP-I;cplex-cp;cp-i;lex-continuity;-;instance_40_25_5_45;TIMEOUT_FEASIBLE;300.0027;0.0108;299.9861;0.0001;3187;4693;12383385;539;0;0;200;539
4;CPLEX-CP-I;cplex-cp;cp-i;lex-continuity;-;instance_40_25_5_46;INFEASIBLE;0.0028;0.0011;0.0000;0.0000;317;316;0;;;;;
4;CPLEX-CP-I;cplex-cp;cp-i;lex-continuity;-;instance_40_25_5_47;TIMEOUT_FEASIBLE;300.0039;0.0118;299.9864;0.0001;3472;5028;11411620;475;0;0;200;475
4;CPLEX-CP-I;cplex-cp;cp-i;lex-continuity;-;instance_40_25_5_48;TIMEOUT_FEASIBLE;299.9991;0.0110;299.9821;0.0001;3247;4793;12802305;551;0;0;200;551
4;CPLEX-CP-I;cplex-cp;cp-i;lex-continuity;-;instance_40_25_5_49;TIMEOUT_FEASIBLE;300.0033;0.0100;299.9880;0.0001;2951;4331;14512868;533;0;0;200;533
4;CPLEX-CP-I;cplex-cp;cp-i;lex-continuity;-;instance_40_25_5_5;TIMEOUT_FEASIBLE;300.0045;0.0107;299.9883;0.0001;3263;4745;13508383;484;0;0;200;484
4;CPLEX-CP-I;cplex-cp;cp-i;lex-continuity;-;instance_40_25_5_50;TIMEOUT_FEASIBLE;300.0044;0.0108;299.9879;0.0001;3408;4851;11320715;515;0;0;200;515
4;CPLEX-CP-I;cplex-cp;cp-i;lex-continuity;-;instance_40_25_5_6;PARSE_ERROR;;;;;;;;;;;;;;
4;CPLEX-CP-I;cplex-cp;cp-i;lex-continuity;-;instance_40_25_5_7;TIMEOUT_FEASIBLE;300.0080;0.0119;299.9899;0.0001;3454;4982;10616522;503;0;0;200;503
4;CPLEX-CP-I;cplex-cp;cp-i;lex-continuity;-;instance_40_25_5_8;TIMEOUT_FEASIBLE;300.0028;0.0099;299.9875;0.0001;3015;4436;13435114;500;0;0;200;500
4;CPLEX-CP-I;cplex-cp;cp-i;lex-continuity;-;instance_40_25_5_9;TIMEOUT_FEASIBLE;300.0039;0.0110;299.9870;0.0001;3326;4872;11836579;516;0;0;200;516
1;GUROBI-MIP;gurobi-mip;mip-e;lex-overtime;-;instance_30_15_4_1;OPTIMUM;0.3444;0.0165;0.1104;0.0002;3371;3079;0;438;0;0;120;438
1;GUROBI-MIP;gurobi-mip;mip-e;lex-overtime;-;instance_30_15_4_10;OPTIMUM;0.1083;0.0144;0.0907;0.0002;2858;2791;0;410;0;0;120;410
1;GUROBI-MIP;gurobi-mip;mip-e;lex-overtime;-;instance_30_15_4_11;PARSE_ERROR;;;;;;;;;;;;;;
1;GUROBI-MIP;gurobi-mip;mip-e;lex-overtime;-;instance_30_15_4_12;PARSE_ERROR;;;;;;;;;;;;;;
1;GUROBI-MIP;gurobi-mip;mip-e;lex-overtime;-;instance_30_15_4_13;OPTIMUM;0.1176;0.0118;0.1029;0.0002;2204;2192;1;386;3;0;120;383
1;GUROBI-MIP;gurobi-mip;mip-e;lex-overtime;-;instance_30_15_4_14;OPTIMUM;0.1272;0.0153;0.1087;0.0002;3089;2948;1;389;0;0;120;389
1;GUROBI-MIP;gurobi-mip;mip-e;lex-overtime;-;instance_30_15_4_15;OPTIMUM;0.1538;0.0168;0.1336;0.0002;3341;3041;0;446;0;0;120;446
1;GUROBI-MIP;gurobi-mip;mip-e;lex-overtime;-;instance_30_15_4_16;OPTIMUM;0.0871;0.0121;0.0722;0.0002;2300;2344;0;398;0;0;120;398
1;GUROBI-MIP;gurobi-mip;mip-e;lex-overtime;-;instance_30_15_4_17;OPTIMUM;0.1098;0.0144;0.0924;0.0002;2875;2724;0;417;0;0;120;417
1;GUROBI-MIP;gurobi-mip;mip-e;lex-overtime;-;instance_30_15_4_18;OPTIMUM;0.1540;0.0184;0.1321;0.0002;3959;3386;0;448;0;0;120;448
1;GUROBI-MIP;gurobi-mip;mip-e;lex-overtime;-;instance_30_15_4_19;PARSE_ERROR;;;;;;;;;;;;;;
1;GUROBI-MIP;gurobi-mip;mip-e;lex-overtime;-;instance_30_15_4_2;OPTIMUM;0.0861;0.0114;0.0720;0.0002;2165;2208;0;369;0;0;120;369
1;GUROBI-MIP;gurobi-mip;mip-e;lex-overtime;-;instance_30_15_4_20;OPTIMUM;0.0920;0.0129;0.0761;0.0002;2444;2469;0;420;0;0;120;420
1;GUROBI-MIP;gurobi-mip;mip-e;lex-overtime;-;instance_30_15_4_21;INFEASIBLE;0.0078;0.0039;0.0019;0.0000;1837;1922;0;;;;;
1;GUROBI-MIP;gurobi-mip;mip-e;lex-overtime;-;instance_30_15_4_22;PARSE_ERROR;;;;;;;;;;;;;;
1;GUROBI-MIP;gurobi-mip;mip-e;lex-overtime;-;instance_30_15_4_23;PARSE_ERROR;;;;;;;;;;;;;;
1;GUROBI-MIP;gurobi-mip;mip-e;lex-overtime;-;instance_30_15_4_24;OPTIMUM;0.1297;0.0168;0.1095;0.0002;3343;3066;0;444;0;0;120;444
1;GUROBI-MIP;gurobi-mip;mip-e;lex-overtime;-;instance_30_15_4_25;OPTIMUM;0.0841;0.0121;0.0690;0.0002;2287;2294;0;402;0;0;120;402
1;GUROBI-MIP;gurobi-mip;mip-e;lex-overtime;-;instance_30_15_4_26;PARSE_ERROR;;;;;;;;;;;;;;
1;GUROBI-MIP;gurobi-mip;mip-e;lex-overtime;-;instance_30_15_4_27;OPTIMUM;0.1115;0.0147;0.0938;0.0002;2917;2741;0;407;0;0;120;407
1;GUROBI-MIP;gurobi-mip;mip-e;lex-overtime;-;instance_30_15_4_28;PARSE_ERROR;;;;;;;;;;;;;;
1;GUROBI-MIP;gurobi-mip;mip-e;lex-overtime;-;instance_30_15_4_29;OPTIMUM;0.0823;0.0112;0.0684;0.0002;2095;2159;0;399;0;0;120;399
1;GUROBI-MIP;gurobi-mip;mip-e;lex-overtime;-;instance_30_15_4_3;OPTIMUM;0.1347;0.0170;0.1143;0.0002;3366;3038;0;431;0;0;120;431
1;GUROBI-MIP;gurobi-mip;mip-e;lex-overtime;-;instance_30_15_4_30;OPTIMUM;0.1366;0.0162;0.1171;0.0002;3307;3074;0;435;0;0;120;435
1;GUROBI-MIP;gurobi-mip;mip-e;lex-overtime;-;instance_30_15_4_31;OPTIMUM;0.1394;0.0163;0.1198;0.0002;3331;3021;0;407;0;0;120;407
1;GUROBI-MIP;gurobi-mip;mip-e;lex-overtime;-;instance_30_15_4_32;OPTIMUM;0.1260;0.0152;0.1076;0.0002;3155;2791;0;382;0;0;120;382
1;GUROBI-MIP;gurobi-mip;mip-e;lex-overtime;-;instance_30_15_4_33;OPTIMUM;0.1235;0.0161;0.1039;0.0002;3223;2979;0;429;0;0;120;429
1;GUROBI-MIP;gurobi-mip;mip-e;lex-overtime;-;instance_30_15_4_34;PARSE_ERROR;;;;;;;;;;;;;;
1;GUROBI-MIP;gurobi-mip;mip-e;lex-overtime;-;instance_30_15_4_35;PARSE_ERROR;;;;;;;;;;;;;;
1;GUROBI-MIP;gurobi-mip;mip-e;lex-overtime;-;instance_30_15_4_36;PARSE_ERROR;;;;;;;;;;;;;;
1;GUROBI-MIP;gurobi-mip;mip-e;lex-overtime;-;instance_30_15_4_37;OPTIMUM;0.1105;0.0146;0.0927;0.0002;2865;2755;0;420;0;0;120;420
1;GUROBI-MIP;gurobi-mip;mip-e;lex-overtime;-;instance_30_15_4_38;OPTIMUM;0.1107;0.0144;0.0931;0.0002;2845;2745;0;402;0;0;120;402
1;GUROBI-MIP;gurobi-mip;mip-e;lex-overtime;-;instance_30_15_4_39;OPTIMUM;0.1298;0.0165;0.1100;0.0002;3288;3013;0;437;0;0;120;437
1;GUROBI-MIP;gurobi-mip;mip-e;lex-overtime;-;instance_30_15_4_4;PARSE_ERROR;;;;;;;;;;;;;;
1;GUROBI-MIP;gurobi-mip;mip-e;lex-overtime;-;instance_30_15_4_40;PARSE_ERROR;;;;;;;;;;;;;;
1;GUROBI-MIP;gurobi-mip;mip-e;lex-overtime;-;instance_30_15_4_41;PARSE_ERROR;;;;;;;;;;;;;;
1;GUROBI-MIP;gurobi-mip;mip-e;lex-overtime;-;instance_30_15_4_42;OPTIMUM;0.1376;0.0161;0.1181;0.0002;3363;3102;0;432;0;0;120;432
1;GUROBI-MIP;gurobi-mip;mip-e;lex-overtime;-;instance_30_15_4_43;PARSE_ERROR;;;;;;;;;;;;;;
1;GUROBI-MIP;gurobi-mip;mip-e;lex-overtime;-;instance_30_15_4_44;PARSE_ERROR;;;;;;;;;;;;;;
1;GUROBI-MIP;gurobi-mip;mip-e;lex-overtime;-;instance_30_15_4_45;OPTIMUM;0.1402;0.0177;0.1189;0.0002;3586;3190;0;416;0;0;120;416
1;GUROBI-MIP;gurobi-mip;mip-e;lex-overtime;-;instance_30_15_4_46;PARSE_ERROR;;;;;;;;;;;;;;
1;GUROBI-MIP;gurobi-mip;mip-e;lex-overtime;-;instance_30_15_4_47;OPTIMUM;0.1095;0.0142;0.0922;0.0002;2811;2697;0;418;1;0;120;417
1;GUROBI-MIP;gurobi-mip;mip-e;lex-overtime;-;instance_30_15_4_48;OPTIMUM;0.1142;0.0150;0.0960;0.0002;2913;2779;0;430;0;0;120;430
1;GUROBI-MIP;gurobi-mip;mip-e;lex-overtime;-;instance_30_15_4_49;OPTIMUM;0.1288;0.0147;0.1110;0.0002;2912;2738;0;421;0;0;120;421
1;GUROBI-MIP;gurobi-mip;mip-e;lex-overtime;-;instance_30_15_4_5;OPTIMUM;0.1144;0.0140;0.0973;0.0002;2772;2611;0;401;1;0;120;400
1;GUROBI-MIP;gurobi-mip;mip-e;lex-overtime;-;instance_30_15_4_50;OPTIMUM;0.0913;0.0120;0.0766;0.0002;2294;2254;0;403;7;0;120;396
1;GUROBI-MIP;gurobi-mip;mip-e;lex-overtime;-;instance_30_15_4_6;OPTIMUM;0.1068;0.0137;0.0901;0.0002;2621;2606;0;436;0;0;120;436
1;GUROBI-MIP;gurobi-mip;mip-e;lex-overtime;-;instance_30_15_4_7;PARSE_ERROR;;;;;;;;;;;;;;
1;GUROBI-MIP;gurobi-mip;mip-e;lex-overtime;-;instance_30_15_4_8;INFEASIBLE;0.0096;0.0055;0.0023;0.0000;3104;2911;0;;;;;
1;GUROBI-MIP;gurobi-mip;mip-e;lex-overtime;-;instance_30_15_4_9;PARSE_ERROR;;;;;;;;;;;;;;
1;GUROBI-MIP;gurobi-mip;mip-e;lex-overtime;-;instance_40_25_5_1;OPTIMUM;0.3142;0.0379;0.2704;0.0004;7806;6177;0;777;0;0;200;777
1;GUROBI-MIP;gurobi-mip;mip-e;lex-overtime;-;instance_40_25_5_10;PARSE_ERROR;;;;;;;;;;;;;;
1;GUROBI-MIP;gurobi-mip;mip-e;lex-overtime;-;instance_40_25_5_11;OPTIMUM;0.3267;0.0401;0.2806;0.0004;8366;6741;0;783;0;0;200;783
1;GUROBI-MIP;gurobi-mip;mip-e;lex-overtime;-;instance_40_25_5_12;OPTIMUM;0.3353;0.0379;0.2916;0.0003;7935;6437;0;778;0;0;200;778
1;GUROBI-MIP;gurobi-mip;mip-e;lex-overtime;-;instance_40_25_5_13;OPTIMUM;0.3346;0.0399;0.2884;0.0004;8187;6772;1;783;0;0;200;783
1;GUROBI-MIP;gurobi-mip;mip-e;lex-overtime;-;instance_40_25_5_14;OPTIMUM;0.3565;0.0439;0.3064;0.0004;9031;7290;0;781;0;0;200;781
1;GUROBI-MIP;gurobi-mip;mip-e;lex-overtime;-;instance_40_25_5_15;OPTIMUM;0.3456;0.0383;0.3013;0.0004;7991;6437;0;710;0;0;200;710
1;GUROBI-MIP;gurobi-mip;mip-e;lex-overtime;-;instance_40_25_5_16;OPTIMUM;0.3204;0.0358;0.2788;0.0004;7425;6080;0;753;1;0;200;752
1;GUROBI-MIP;gurobi-mip;mip-e;lex-overtime;-;instance_40_25_5_17;OPTIMUM;0.3090;0.0380;0.2650;0.0004;7867;6418;1;741;0;0;200;741
1;GUROBI-MIP;gurobi-mip;mip-e;lex-overtime;-;instance_40_25_5_18;OPTIMUM;0.3138;0.0400;0.2676;0.0004;8262;6693;0;782;0;0;200;782
1;GUROBI-MIP;gurobi-mip;mip-e;lex-overtime;-;instance_40_25_5_19;OPTIMUM;0.2788;0.0301;0.2436;0.0003;5910;5212;0;713;0;0;200;713
1;GUROBI-MIP;gurobi-mip;mip-e;lex-overtime;-;instance_40_25_5_2;PARSE_ERROR;;;;;;;;;;;;;;
1;GUROBI-MIP;gurobi-mip;mip-e;lex-overtime;-;instance_40_25_5_20;OPTIMUM;0.4206;0.0392;0.3754;0.0004;8180;6439;0;759;0;0;200;759
1;GUROBI-MIP;gurobi-mip;mip-e;lex-overtime;-;instance_40_25_5_21;OPTIMUM;0.3667;0.0403;0.3201;0.0004;8490;6813;0;755;0;0;200;755
1;GUROBI-MIP;gurobi-mip;mip-e;lex-overtime;-;instance_40_25_5_22;OPTIMUM;0.3171;0.0334;0.2783;0.0003;6757;5793;0;752;0;0;200;752
1;GUROBI-MIP;gurobi-mip;mip-e;lex-overtime;-;instance_40_25_5_23;PARSE_ERROR;;;;;;;;;;;;;;
1;GUROBI-MIP;gurobi-mip;mip-e;lex-overtime;-;instance_40_25_5_24;OPTIMUM;0.2856;0.0322;0.2480;0.0003;6415;5517;1;724;0;0;200;724
1;GUROBI-MIP;gurobi-mip;mip-e;lex-overtime;-;instance_40_25_5_25;OPTIMUM;0.2725;0.0323;0.2352;0.0003;6367;5530;0;734;0;0;200;734
1;GUROBI-MIP;gurobi-mip;mip-e;lex-overtime;-;instance_40_25_5_26;OPTIMUM;0.3341;0.0402;0.2878;0.0004;8367;6757;0;775;0;0;200;775
1;GUROBI-MIP;gurobi-mip;mip-e;lex-overtime;-;instance_40_25_5_27;OPTIMUM;0.2790;0.0317;0.2423;0.0003;6288;5519;0;711;0;0;200;711
1;GUROBI-MIP;gurobi-mip;mip-e;lex-overtime;-;instance_40_25_5_28;OPTIMUM;0.3368;0.0379;0.2932;0.0003;7869;6569;0;715;0;0;200;715
1;GUROBI-MIP;gurobi-mip;mip-e;lex-overtime;-;instance_40_25_5_29;OPTIMUM;0.3533;0.0327;0.3156;0.0003;6686;5707;0;716;1;0;200;715
1;GUROBI-MIP;gurobi-mip;mip-e;lex-overtime;-;instance_40_25_5_3;PARSE_ERROR;;;;;;;;;;;;;;
1;GUROBI-MIP;gurobi-mip;mip-e;lex-overtime;-;instance_40_25_5_30;OPTIMUM;0.3618;0.0430;0.3124;0.0004;9104;7202;0;761;0;0;200;761
1;GUROBI-MIP;gurobi-mip;mip-e;lex-overtime;-;instance_40_25_5_31;PARSE_ERROR;;;;;;;;;;;;;;
1;GUROBI-MIP;gurobi-mip;mip-e;lex-overtime;-;instance_40_25_5_32;OPTIMUM;0.3248;0.0382;0.2808;0.0004;7826;6652;0;672;0;0;200;672
1;GUROBI-MIP;gurobi-mip;mip-e;lex-overtime;-;instance_40_25_5_33;PARSE_ERROR;;;;;;;;;;;;;;
1;GUROBI-MIP;gurobi-mip;mip-e;lex-overtime;-;instance_40_25_5_34;PARSE_ERROR;;;;;;;;;;;;;;
1;GUROBI-MIP;gurobi-mip;mip-e;lex-overtime;-;instance_40_25_5_35;PARSE_ERROR;;;;;;;;;;;;;;
1;GUROBI-MIP;gurobi-mip;mip-e;lex-overtime;-;instance_40_25_5_36;OPTIMUM;0.3280;0.0402;0.2817;0.0004;8531;6890;0;788;0;0;200;788
1;GUROBI-MIP;gurobi-mip;mip-e;lex-overtime;-;instance_40_25_5_37;OPTIMUM;0.2965;0.0380;0.2527;0.0004;7699;6496;0;747;0;0;200;747
1;GUROBI-MIP;gurobi-mip;mip-e;lex-overtime;-;instance_40_25_5_38;OPTIMUM;0.3007;0.0342;0.2614;0.0003;6726;5915;1;735;0;0;200;735
1;GUROBI-MIP;gurobi-mip;mip-e;lex-overtime;-;instance_40_25_5_39;OPTIMUM;0.4152;0.0320;0.3780;0.0003;6492;5387;1;720;0;0;200;720
1;GUROBI-MIP;gurobi-mip;mip-e;lex-overtime;-;instance_40_25_5_4;PARSE_ERROR;;;;;;;;;;;;;;
1;GUROBI-MIP;gurobi-mip;mip-e;lex-overtime;-;instance_40_25_5_40;OPTIMUM;0.2941;0.0376;0.2505;0.0004;7792;6455;0;766;0;0;200;766
1;GUROBI-MIP;gurobi-mip;mip-e;lex-overtime;-;instance_40_25_5_41;OPTIMUM;0.3969;0.0414;0.3491;0.0004;8669;6835;0;759;0;0;200;759
1;GUROBI-MIP;gurobi-mip;mip-e;lex-overtime;-;instance_40_25_5_42;OPTIMUM;0.3028;0.0339;0.2635;0.0003;6886;5873;0;729;0;0;200;729
1;GUROBI-MIP;gurobi-mip;mip-e;lex-overtime;-;instance_40_25_5_43;PARSE_ERROR;;;;;;;;;;;;;;
1;GUROBI-MIP;gurobi-mip;mip-e;lex-overtime;-;instance_40_25_5_44;OPTIMUM;0.3389;0.0408;0.2921;0.0004;8468;6856;0;780;0;0;200;780
1;GUROBI-MIP;gurobi-mip;mip-e;lex-overtime;-;instance_40_25_5_45;OPTIMUM;0.3087;0.0394;0.2632;0.0004;7993;6603;0;701;0;0;200;701
1;GUROBI-MIP;gurobi-mip;mip-e;lex-overtime;-;instance_40_25_5_46;INFEASIBLE;0.0233;0.0153;0.0053;0.0000;8709;6987;0;;;;;
1;GUROBI-MIP;gurobi-mip;mip-e;lex-overtime;-;instance_40_25_5_47;OPTIMUM;0.3656;0.0422;0.3172;0.0004;9002;7177;0;780;0;0;200;780
1;GUROBI-MIP;gurobi-mip;mip-e;lex-overtime;-;instance_40_25_5_48;OPTIMUM;0.3266;0.0403;0.2800;0.0004;8403;6784;0;766;0;0;200;766
1;GUROBI-MIP;gurobi-mip;mip-e;lex-overtime;-;instance_40_25_5_49;OPTIMUM;0.4722;0.0357;0.4310;0.0004;7358;6129;1;693;0;0;200;693
1;GUROBI-MIP;gurobi-mip;mip-e;lex-overtime;-;instance_40_25_5_5;OPTIMUM;0.3249;0.0408;0.2780;0.0004;8268;6681;0;772;0;0;200;772
1;GUROBI-MIP;gurobi-mip;mip-e;lex-overtime;-;instance_40_25_5_50;OPTIMUM;0.4672;0.0428;0.4178;0.0004;9009;7033;0;768;0;0;200;768
1;GUROBI-MIP;gurobi-mip;mip-e;lex-overtime;-;instance_40_25_5_6;PARSE_ERROR;;;;;;;;;;;;;;
1;GUROBI-MIP;gurobi-mip;mip-e;lex-overtime;-;instance_40_25_5_7;OPTIMUM;0.3808;0.0433;0.3311;0.0004;9134;7208;0;782;0;0;200;782
1;GUROBI-MIP;gurobi-mip;mip-e;lex-overtime;-;instance_40_25_5_8;OPTIMUM;0.3052;0.0365;0.2632;0.0003;7559;6317;1;763;0;0;200;763
1;GUROBI-MIP;gurobi-mip;mip-e;lex-overtime;-;instance_40_25_5_9;OPTIMUM;0.3507;0.0403;0.3041;0.0004;8465;6891;0;772;0;0;200;772
2;CPLEX-MIP;cplex-mip;mip-e;lex-overtime;-;instance_30_15_4_1;OPTIMUM;0.1881;0.0171;0.1683;0.0002;3371;3079;0;438;0;0;120;438
2;CPLEX-MIP;cplex-mip;mip-e;lex-overtime;-;instance_30_15_4_10;OPTIMUM;0.1490;0.0141;0.1326;0.0002;2858;2791;0;410;0;0;120;410
2;CPLEX-MIP;cplex-mip;mip-e;lex-overtime;-;instance_30_15_4_11;PARSE_ERROR;;;;;;;;;;;;;;
2;CPLEX-MIP;cplex-mip;mip-e;lex-overtime;-;instance_30_15_4_12;PARSE_ERROR;;;;;;;;;;;;;;
2;CPLEX-MIP;cplex-mip;mip-e;lex-overtime;-;instance_30_15_4_13;OPTIMUM;0.1596;0.0114;0.1462;0.0002;2204;2192;0;386;3;0;120;383
2;CPLEX-MIP;cplex-mip;mip-e;lex-overtime;-;instance_30_15_4_14;OPTIMUM;0.1795;0.0156;0.1615;0.0002;3089;2948;0;389;0;0;120;389
2;CPLEX-MIP;cplex-mip;mip-e;lex-overtime;-;instance_30_15_4_15;OPTIMUM;0.2089;0.0161;0.1904;0.0002;3341;3041;0;446;0;0;120;446
2;CPLEX-MIP;cplex-mip;mip-e;lex-overtime;-;instance_30_15_4_16;OPTIMUM;0.1277;0.0126;0.1130;0.0002;2300;2344;0;398;0;0;120;398
2;CPLEX-MIP;cplex-mip;mip-e;lex-overtime;-;instance_30_15_4_17;OPTIMUM;0.1568;0.0145;0.1400;0.0002;2875;2724;0;417;0;0;120;417
2;CPLEX-MIP;cplex-mip;mip-e;lex-overtime;-;instance_30_15_4_18;OPTIMUM;0.2715;0.0187;0.2499;0.0002;3959;3386;0;448;0;0;120;448
2;CPLEX-MIP;cplex-mip;mip-e;lex-overtime;-;instance_30_15_4_19;PARSE_ERROR;;;;;;;;;;;;;;
2;CPLEX-MIP;cplex-mip;mip-e;lex-overtime;-;instance_30_15_4_2;OPTIMUM;0.1231;0.0121;0.1091;0.0002;2165;2208;0;369;0;0;120;369
2;CPLEX-MIP;cplex-mip;mip-e;lex-overtime;-;instance_30_15_4_20;OPTIMUM;0.1468;0.0128;0.1319;0.0002;2444;2469;0;420;0;0;120;420
2;CPLEX-MIP;cplex-mip;mip-e;lex-overtime;-;instance_30_15_4_21;INFEASIBLE;0.0054;0.0040;0.0006;0.0000;1837;1922;0;;;;;
2;CPLEX-MIP;cplex-mip;mip-e;lex-overtime;-;instance_30_15_4_22;PARSE_ERROR;;;;;;;;;;;;;;
2;CPLEX-MIP;cplex-mip;mip-e;lex-overtime;-;instance_30_15_4_23;PARSE_ERROR;;;;;;;;;;;;;;
2;CPLEX-MIP;cplex-mip;mip-e;lex-overtime;-;instance_30_15_4_24;OPTIMUM;0.1693;0.0154;0.1514;0.0002;3343;3066;0;444;0;0;120;444
2;CPLEX-MIP;cplex-mip;mip-e;lex-overtime;-;instance_30_15_4_25;OPTIMUM;0.1285;0.0120;0.1145;0.0002;2287;2294;0;402;0;0;120;402
2;CPLEX-MIP;cplex-mip;mip-e;lex-overtime;-;instance_30_15_4_26;PARSE_ERROR;;;;;;;;;;;;;;
2;CPLEX-MIP;cplex-mip;mip-e;lex-overtime;-;instance_30_15_4_27;OPTIMUM;0.1532;0.0141;0.1369;0.0002;2917;2741;0;407;0;0;120;407
2;CPLEX-MIP;cplex-mip;mip-e;lex-overtime;-;instance_30_15_4_28;PARSE_ERROR;;;;;;;;;;;;;;
2;CPLEX-MIP;cplex-mip;mip-e;lex-overtime;-;instance_30_15_4_29;OPTIMUM;0.1426;0.0113;0.1294;0.0002;2095;2159;0;399;0;0;120;399
2;CPLEX-MIP;cplex-mip;mip-e;lex-overtime;-;instance_30_15_4_3;OPTIMUM;0.1927;0.0167;0.1733;0.0002;3366;3038;0;431;0;0;120;431
2;CPLEX-MIP;cplex-mip;mip-e;lex-overtime;-;instance_30_15_4_30;OPTIMUM;0.1916;0.0167;0.1723;0.0002;3307;3074;0;435;0;0;120;435
2;CPLEX-MIP;cplex-mip;mip-e;lex-overtime;-;instance_30_15_4_31;OPTIMUM;0.1797;0.0160;0.1612;0.0002;3331;3021;0;407;0;0;120;407
2;CPLEX-MIP;cplex-mip;mip-e;lex-overtime;-;instance_30_15_4_32;OPTIMUM;0.1881;0.0149;0.1708;0.0002;3155;2791;0;382;0;0;120;382
2;CPLEX-MIP;cplex-mip;mip-e;lex-overtime;-;instance_30_15_4_33;OPTIMUM;0.1918;0.0157;0.1736;0.0002;3223;2979;0;429;0;0;120;429
2;CPLEX-MIP;cplex-mip;mip-e;lex-overtime;-;instance_30_15_4_34;PARSE_ERROR;;;;;;;;;;;;;;
2;CPLEX-MIP;cplex-mip;mip-e;lex-overtime;-;instance_30_15_4_35;PARSE_ERROR;;;;;;;;;;;;;;
2;CPLEX-MIP;cplex-mip;mip-e;lex-overtime;-;instance_30_15_4_36;PARSE_ERROR;;;;;;;;;;;;;;
2;CPLEX-MIP;cplex-mip;mip-e;lex-overtime;-;instance_30_15_4_37;OPTIMUM;0.1606;0.0146;0.1436;0.0002;2865;2755;0;420;0;0;120;420
2;CPLEX-MIP;cplex-mip;mip-e;lex-overtime;-;instance_30_15_4_38;OPTIMUM;0.1824;0.0146;0.1655;0.0002;2845;2745;0;402;0;0;120;402
2;CPLEX-MIP;cplex-mip;mip-e;lex-overtime;-;instance_30_15_4_39;OPTIMUM;0.1866;0.0160;0.1681;0.0002;3288;3013;0;437;0;0;120;437
2;CPLEX-MIP;cplex-mip;mip-e;lex-overtime;-;instance_30_15_4_4;PARSE_ERROR;;;;;;;;;;;;;;
2;CPLEX-MIP;cplex-mip;mip-e;lex-overtime;-;instance_30_15_4_40;PARSE_ERROR;;;;;;;;;;;;;;
2;CPLEX-MIP;cplex-mip;mip-e;lex-overtime;-;instance_30_15_4_41;PARSE_ERROR;;;;;;;;;;;;;;
2;CPLEX-MIP;cplex-mip;mip-e;lex-overtime;-;instance_30_15_4_42;OPTIMUM;0.1767;0.0166;0.1576;0.0002;3363;3102;0;432;0;0;120;432
2;CPLEX-MIP;cplex-mip;mip-e;lex-overtime;-;instance_30_15_4_43;PARSE_ERROR;;;;;;;;;;;;;;
2;CPLEX-MIP;cplex-mip;mip-e;lex-overtime;-;instance_30_15_4_44;PARSE_ERROR;;;;;;;;;;;;;;
2;CPLEX-MIP;cplex-mip;mip-e;lex-overtime;-;instance_30_15_4_45;OPTIMUM;0.1992;0.0166;0.1801;0.0002;3586;3190;0;416;0;0;120;416
2;CPLEX-MIP;cplex-mip;mip-e;lex-overtime;-;instance_30_15_4_46;PARSE_ERROR;;;;;;;;;;;;;;
2;CPLEX-MIP;cplex-mip;mip-e;lex-overtime;-;instance_30_15_4_47;OPTIMUM;0.1360;0.0141;0.1197;0.0002;2811;2697;0;418;1;0;120;417
2;CPLEX-MIP;cplex-mip;mip-e;lex-overtime;-;instance_30_15_4_48;OPTIMUM;0.1672;0.0149;0.1499;0.0002;2913;2779;0;430;0;0;120;430
2;CPLEX-MIP;cplex-mip;mip-e;lex-overtime;-;instance_30_15_4_49;OPTIMUM;0.1919;0.0148;0.1749;0.0002;2912;2738;0;421;0;0;120;421
2;CPLEX-MIP;cplex-mip;mip-e;lex-overtime;-;instance_30_15_4_5;OPTIMUM;0.1729;0.0139;0.1568;0.0002;2772;2611;0;401;1;0;120;400
2;CPLEX-MIP;cplex-mip;mip-e;lex-overtime;-;instance_30_15_4_50;OPTIMUM;0.1399;0.0122;0.1258;0.0002;2294;2254;0;403;7;0;120;396
2;CPLEX-MIP;cplex-mip;mip-e;lex-overtime;-;instance_30_15_4_6;OPTIMUM;0.1321;0.0138;0.1160;0.0002;2621;2606;0;436;0;0;120;436
2;CPLEX-MIP;cplex-mip;mip-e;lex-overtime;-;instance_30_15_4_7;PARSE_ERROR;;;;;;;;;;;;;;
2;CPLEX-MIP;cplex-mip;mip-e;lex-overtime;-;instance_30_15_4_8;INFEASIBLE;0.0076;0.0059;0.0008;0.0000;3104;2911;0;;;;;
2;CPLEX-MIP;cplex-mip;mip-e;lex-overtime;-;instance_30_15_4_9;PARSE_ERROR;;;;;;;;;;;;;;
2;CPLEX-MIP;cplex-mip;mip-e;lex-overtime;-;instance_40_25_5_1;OPTIMUM;0.5600;0.0365;0.5170;0.0004;7806;6177;0;777;0;0;200;777
2;CPLEX-MIP;cplex-mip;mip-e;lex-overtime;-;instance_40_25_5_10;PARSE_ERROR;;;;;;;;;;;;;;
2;CPLEX-MIP;cplex-mip;mip-e;lex-overtime;-;instance_40_25_5_11;OPTIMUM;0.6083;0.0405;0.5613;0.0004;8366;6741;0;783;0;0;200;783
2;CPLEX-MIP;cplex-mip;mip-e;lex-overtime;-;instance_40_25_5_12;OPTIMUM;0.7074;0.0374;0.6640;0.0004;7935;6437;0;778;0;0;200;778
2;CPLEX-MIP;cplex-mip;mip-e;lex-overtime;-;instance_40_25_5_13;OPTIMUM;0.6480;0.0382;0.6031;0.0003;8187;6772;0;783;0;0;200;783
2;CPLEX-MIP;cplex-mip;mip-e;lex-overtime;-;instance_40_25_5_14;OPTIMUM;0.5615;0.0423;0.5125;0.0004;9031;7290;0;781;0;0;200;781
2;CPLEX-MIP;cplex-mip;mip-e;lex-overtime;-;instance_40_25_5_15;OPTIMUM;0.5285;0.0379;0.4850;0.0004;7991;6437;0;710;0;0;200;710
2;CPLEX-MIP;cplex-mip;mip-e;lex-overtime;-;instance_40_25_5_16;OPTIMUM;0.5787;0.0356;0.5372;0.0004;7425;6080;0;753;1;0;200;752
2;CPLEX-MIP;cplex-mip;mip-e;lex-overtime;-;instance_40_25_5_17;OPTIMUM;0.5157;0.0372;0.4726;0.0004;7867;6418;0;741;0;0;200;741
2;CPLEX-MIP;cplex-mip;mip-e;lex-overtime;-;instance_40_25_5_18;OPTIMUM;0.5016;0.0392;0.4560;0.0004;8262;6693;0;782;0;0;200;782
2;CPLEX-MIP;cplex-mip;mip-e;lex-overtime;-;instance_40_25_5_19;OPTIMUM;0.5390;0.0301;0.5044;0.0003;5910;5212;0;713;0;0;200;713
2;CPLEX-MIP;cplex-mip;mip-e;lex-overtime;-;instance_40_25_5_2;PARSE_ERROR;;;;;;;;;;;;;;
2;CPLEX-MIP;cplex-mip;mip-e;lex-overtime;-;instance_40_25_5_20;OPTIMUM;0.9025;0.0383;0.8571;0.0004;8180;6439;0;759;0;0;200;759
2;CPLEX-MIP;cplex-mip;mip-e;lex-overtime;-;instance_40_25_5_21;OPTIMUM;0.6135;0.0407;0.5659;0.0004;8490;6813;0;755;0;0;200;755
2;CPLEX-MIP;cplex-mip;mip-e;lex-overtime;-;instance_40_25_5_22;OPTIMUM;0.8635;0.0324;0.8254;0.0003;6757;5793;0;752;0;0;200;752
2;CPLEX-MIP;cplex-mip;mip-e;lex-overtime;-;instance_40_25_5_23;PARSE_ERROR;;;;;;;;;;;;;;
2;CPLEX-MIP;cplex-mip;mip-e;lex-overtime;-;instance_40_25_5_24;OPTIMUM;0.3944;0.0316;0.3582;0.0004;6415;5517;0;724;0;0;200;724
2;CPLEX-MIP;cplex-mip;mip-e;lex-overtime;-;instance_40_25_5_25;OPTIMUM;0.4633;0.0319;0.4256;0.0003;6367;5530;0;734;0;0;200;734
2;CPLEX-MIP;cplex-mip;mip-e;lex-overtime;-;instance_40_25_5_26;OPTIMUM;0.5646;0.0406;0.5171;0.0004;8367;6757;0;775;0;0;200;775
2;CPLEX-MIP;cplex-mip;mip-e;lex-overtime;-;instance_40_25_5_27;OPTIMUM;0.4701;0.0314;0.4335;0.0003;6288;5519;0;711;0;0;200;711
2;CPLEX-MIP;cplex-mip;mip-e;lex-overtime;-;instance_40_25_5_28;OPTIMUM;0.5235;0.0358;0.4823;0.0003;7869;6569;0;715;0;0;200;715
2;CPLEX-MIP;cplex-mip;mip-e;lex-overtime;-;instance_40_25_5_29;OPTIMUM;0.5765;0.0333;0.5379;0.0003;6686;5707;0;716;1;0;200;715
2;CPLEX-MIP;cplex-mip;mip-e;lex-overtime;-;instance_40_25_5_3;PARSE_ERROR;;;;;;;;;;;;;;
2;CPLEX-MIP;cplex-mip;mip-e;lex-overtime;-;instance_40_25_5_30;OPTIMUM;0.6175;0.0417;0.5693;0.0004;9104;7202;0;761;0;0;200;761
2;CPLEX-MIP;cplex-mip;mip-e;lex-overtime;-;instance_40_25_5_31;PARSE_ERROR;;;;;;;;;;;;;;
2;CPLEX-MIP;cplex-mip;mip-e;lex-overtime;-;instance_40_25_5_32;OPTIMUM;0.6554;0.0376;0.6117;0.0004;7826;6652;0;672;0;0;200;672
2;CPLEX-MIP;cplex-mip;mip-e;lex-overtime;-;instance_40_25_5_33;PARSE_ERROR;;;;;;;;;;;;;;
2;CPLEX-MIP;cplex-mip;mip-e;lex-overtime;-;instance_40_25_5_34;PARSE_ERROR;;;;;;;;;;;;;;
2;CPLEX-MIP;cplex-mip;mip-e;lex-overtime;-;instance_40_25_5_35;PARSE_ERROR;;;;;;;;;;;;;;
2;CPLEX-MIP;cplex-mip;mip-e;lex-overtime;-;instance_40_25_5_36;OPTIMUM;0.4726;0.0393;0.4274;0.0003;8531;6890;0;788;0;0;200;788
2;CPLEX-MIP;cplex-mip;mip-e;lex-overtime;-;instance_40_25_5_37;OPTIMUM;0.5407;0.0367;0.4979;0.0004;7699;6496;0;747;0;0;200;747
2;CPLEX-MIP;cplex-mip;mip-e;lex-overtime;-;instance_40_25_5_38;OPTIMUM;0.6151;0.0333;0.5760;0.0003;6726;5915;0;735;0;0;200;735
2;CPLEX-MIP;cplex-mip;mip-e;lex-overtime;-;instance_40_25_5_39;OPTIMUM;0.7399;0.0305;0.7040;0.0003;6492;5387;0;720;0;0;200;720
2;CPLEX-MIP;cplex-mip;mip-e;lex-overtime;-;instance_40_25_5_4;PARSE_ERROR;;;;;;;;;;;;;;
2;CPLEX-MIP;cplex-mip;mip-e;lex-overtime;-;instance_40_25_5_40;OPTIMUM;0.5471;0.0365;0.5050;0.0004;7792;6455;0;766;0;0;200;766
2;CPLEX-MIP;cplex-mip;mip-e;lex-overtime;-;instance_40_25_5_41;OPTIMUM;0.7289;0.0403;0.6817;0.0004;8669;6835;0;759;0;0;200;759
2;CPLEX-MIP;cplex-mip;mip-e;lex-overtime;-;instance_40_25_5_42;OPTIMUM;0.5423;0.0335;0.5035;0.0004;6886;5873;0;729;0;0;200;729
2;CPLEX-MIP;cplex-mip;mip-e;lex-overtime;-;instance_40_25_5_43;PARSE_ERROR;;;;;;;;;;;;;;
2;CPLEX-MIP;cplex-mip;mip-e;lex-overtime;-;instance_40_25_5_44;OPTIMUM;0.6379;0.0395;0.5920;0.0004;8468;6856;0;780;0;0;200;780
2;CPLEX-MIP;cplex-mip;mip-e;lex-overtime;-;instance_40_25_5_45;OPTIMUM;0.5555;0.0386;0.5104;0.0004;7993;6603;0;701;0;0;200;701
2;CPLEX-MIP;cplex-mip;mip-e;lex-overtime;-;instance_40_25_5_46;INFEASIBLE;0.0200;0.0164;0.0018;0.0000;8709;6987;0;;;;;
2;CPLEX-MIP;cplex-mip;mip-e;lex-overtime;-;instance_40_25_5_47;OPTIMUM;0.5563;0.0427;0.5065;0.0004;9002;7177;0;780;0;0;200;780
2;CPLEX-MIP;cplex-mip;mip-e;lex-overtime;-;instance_40_25_5_48;OPTIMUM;0.6087;0.0396;0.5623;0.0004;8403;6784;0;766;0;0;200;766
2;CPLEX-MIP;cplex-mip;mip-e;lex-overtime;-;instance_40_25_5_49;OPTIMUM;0.7824;0.0347;0.7415;0.0004;7358;6129;0;693;0;0;200;693
2;CPLEX-MIP;cplex-mip;mip-e;lex-overtime;-;instance_40_25_5_5;OPTIMUM;0.5659;0.0392;0.5197;0.0004;8268;6681;0;772;0;0;200;772
2;CPLEX-MIP;cplex-mip;mip-e;lex-overtime;-;instance_40_25_5_50;OPTIMUM;0.7589;0.0419;0.7102;0.0004;9009;7033;0;768;0;0;200;768
2;CPLEX-MIP;cplex-mip;mip-e;lex-overtime;-;instance_40_25_5_6;PARSE_ERROR;;;;;;;;;;;;;;
2;CPLEX-MIP;cplex-mip;mip-e;lex-overtime;-;instance_40_25_5_7;OPTIMUM;0.6286;0.0421;0.5797;0.0004;9134;7208;0;782;0;0;200;782
2;CPLEX-MIP;cplex-mip;mip-e;lex-overtime;-;instance_40_25_5_8;OPTIMUM;0.5382;0.0366;0.4954;0.0004;7559;6317;0;763;0;0;200;763
2;CPLEX-MIP;cplex-mip;mip-e;lex-overtime;-;instance_40_25_5_9;OPTIMUM;0.5657;0.0395;0.5195;0.0004;8465;6891;0;772;0;0;200;772
3;CPLEX-CP-T;cplex-cp;cp-t;lex-overtime;-;instance_30_15_4_1;TIMEOUT_FEASIBLE;299.9967;0.0040;299.9867;0.0001;2114;2952;1190;291;0;0;120;291
3;CPLEX-CP-T;cplex-cp;cp-t;lex-overtime;-;instance_30_15_4_10;TIMEOUT_FEASIBLE;299.9947;0.0039;299.9851;0.0001;2110;2944;437;292;0;0;120;292
3;CPLEX-CP-T;cplex-cp;cp-t;lex-overtime;-;instance_30_15_4_11;PARSE_ERROR;;;;;;;;;;;;;;
3;CPLEX-CP-T;cplex-cp;cp-t;lex-overtime;-;instance_30_15_4_12;PARSE_ERROR;;;;;;;;;;;;;;
3;CPLEX-CP-T;cplex-cp;cp-t;lex-overtime;-;instance_30_15_4_13;TIMEOUT_FEASIBLE;300.0072;0.0033;299.9988;0.0001;1921;2564;2239;304;3;0;120;301
3;CPLEX-CP-T;cplex-cp;cp-t;lex-overtime;-;instance_30_15_4_14;TIMEOUT_FEASIBLE;299.9960;0.0041;299.9862;0.0001;2144;3013;434;292;0;0;120;292
3;CPLEX-CP-T;cplex-cp;cp-t;lex-overtime;-;instance_30_15_4_15;TIMEOUT_FEASIBLE;300.0047;0.0040;299.9948;0.0001;2057;2839;1194;301;0;0;120;301
3;CPLEX-CP-T;cplex-cp;cp-t;lex-overtime;-;instance_30_15_4_16;TIMEOUT_FEASIBLE;300.0050;0.0037;299.9958;0.0001;2119;2961;1432;308;0;0;120;308
3;CPLEX-CP-T;cplex-cp;cp-t;lex-overtime;-;instance_30_15_4_17;TIMEOUT_FEASIBLE;300.0043;0.0039;299.9946;0.0001;2114;2954;796;295;0;0;120;295
3;CPLEX-CP-T;cplex-cp;cp-t;lex-overtime;-;instance_30_15_4_18;TIMEOUT_FEASIBLE;300.0056;0.0040;299.9960;0.0001;2108;2939;529;288;0;0;120;288
3;CPLEX-CP-T;cplex-cp;cp-t;lex-overtime;-;instance_30_15_4_19;PARSE_ERROR;;;;;;;;;;;;;;
3;CPLEX-CP-T;cplex-cp;cp-t;lex-overtime;-;instance_30_15_4_2;TIMEOUT_FEASIBLE;300.0003;0.0036;299.9908;0.0001;2143;3010;315;274;0;0;120;274
3;CPLEX-CP-T;cplex-cp;cp-t;lex-overtime;-;instance_30_15_4_20;TIMEOUT_FEASIBLE;300.0061;0.0038;299.9962;0.0001;2179;3081;358;273;0;0;120;273
3;CPLEX-CP-T;cplex-cp;cp-t;lex-overtime;-;instance_30_15_4_21;INFEASIBLE;0.0014;0.0000;0.0000;0.0000;720;3;0;;;;;
3;CPLEX-CP-T;cplex-cp;cp-t;lex-overtime;-;instance_30_15_4_22;PARSE_ERROR;;;;;;;;;;;;;;
3;CPLEX-CP-T;cplex-cp;cp-t;lex-overtime;-;instance_30_15_4_23;PARSE_ERROR;;;;;;;;;;;;;;
3;CPLEX-CP-T;cplex-cp;cp-t;lex-overtime;-;instance_30_15_4_24;TIMEOUT_FEASIBLE;300.0019;0.0040;299.9918;0.0001;2152;3029;495;234;0;0;120;234
3;CPLEX-CP-T;cplex-cp;cp-t;lex-overtime;-;instance_30_15_4_25;TIMEOUT_FEASIBLE;300.0050;0.0036;299.9960;0.0001;2100;2925;350;310;0;0;120;310
3;CPLEX-CP-T;cplex-cp;cp-t;lex-overtime;-;instance_30_15_4_26;PARSE_ERROR;;;;;;;;;;;;;;
3;CPLEX-CP-T;cplex-cp;cp-t;lex-overtime;-;instance_30_15_4_27;TIMEOUT_FEASIBLE;300.0058;0.0038;299.9965;0.0001;2133;2991;1222;288;0;0;120;288
3;CPLEX-CP-T;cplex-cp;cp-t;lex-overtime;-;instance_30_15_4_28;PARSE_ERROR;;;;;;;;;;;;;;
3;CPLEX-CP-T;cplex-cp;cp-t;lex-overtime;-;instance_30_15_4_29;TIMEOUT_FEASIBLE;300.0073;0.0035;299.9985;0.0001;2021;2766;917;280;0;0;120;280
3;CPLEX-CP-T;cplex-cp;cp-t;lex-overtime;-;instance_30_15_4_3;TIMEOUT_FEASIBLE;299.9960;0.0039;299.9862;0.0001;2150;3024;479;285;0;0;120;285
3;CPLEX-CP-T;cplex-cp;cp-t;lex-overtime;-;instance_30_15_4_30;TIMEOUT_FEASIBLE;300.0054;0.0040;299.9958;0.0001;2119;2963;484;310;0;0;120;310
3;CPLEX-CP-T;cplex-cp;cp-t;lex-overtime;-;instance_30_15_4_31;TIMEOUT_FEASIBLE;299.9955;0.0037;299.9863;0.0001;2042;2809;476;292;0;0;120;292
3;CPLEX-CP-T;cplex-cp;cp-t;lex-overtime;-;instance_30_15_4_32;TIMEOUT_FEASIBLE;300.0070;0.0039;299.9972;0.0001;2073;2871;448;313;0;0;120;313
3;CPLEX-CP-T;cplex-cp;cp-t;lex-overtime;-;instance_30_15_4_33;TIMEOUT_FEASIBLE;300.0059;0.0039;299.9963;0.0001;2120;2965;628;280;0;0;120;280
3;CPLEX-CP-T;cplex-cp;cp-t;lex-overtime;-;instance_30_15_4_34;PARSE_ERROR;;;;;;;;;;;;;;
3;CPLEX-CP-T;cplex-cp;cp-t;lex-overtime;-;instance_30_15_4_35;PARSE_ERROR;;;;;;;;;;;;;;
3;CPLEX-CP-T;cplex-cp;cp-t;lex-overtime;-;instance_30_15_4_36;PARSE_ERROR;;;;;;;;;;;;;;
3;CPLEX-CP-T;cplex-cp;cp-t;lex-overtime;-;instance_30_15_4_37;TIMEOUT_FEASIBLE;300.0007;0.0039;299.9912;0.0001;2192;3107;1228;287;0;0;120;287
3;CPLEX-CP-T;cplex-cp;cp-t;lex-overtime;-;instance_30_15_4_38;TIMEOUT_FEASIBLE;300.0055;0.0038;299.9962;0.0001;2086;2895;1207;283;0;0;120;283
3;CPLEX-CP-T;cplex-cp;cp-t;lex-overtime;-;instance_30_15_4_39;TIMEOUT_FEASIBLE;299.9962;0.0037;299.9866;0.0001;2056;2837;466;283;0;0;120;283
3;CPLEX-CP-T;cplex-cp;cp-t;lex-overtime;-;instance_30_15_4_4;PARSE_ERROR;;;;;;;;;;;;;;
3;CPLEX-CP-T;cplex-cp;cp-t;lex-overtime;-;instance_30_15_4_40;PARSE_ERROR;;;;;;;;;;;;;;
3;CPLEX-CP-T;cplex-cp;cp-t;lex-overtime;-;instance_30_15_4_41;PARSE_ERROR;;;;;;;;;;;;;;
3;CPLEX-CP-T;cplex-cp;cp-t;lex-overtime;-;instance_30_15_4_42;TIMEOUT_FEASIBLE;300.0091;0.0039;299.9995;0.0001;2098;2921;1238;246;0;0;120;246
3;CPLEX-CP-T;cplex-cp;cp-t;lex-overtime;-;instance_30_15_4_43;PARSE_ERROR;;;;;;;;;;;;;;
3;CPLEX-CP-T;cplex-cp;cp-t;lex-overtime;-;instance_30_15_4_44;PARSE_ERROR;;;;;;;;;;;;;;
3;CPLEX-CP-T;cplex-cp;cp-t;lex-overtime;-;instance_30_15_4_45;TIMEOUT_FEASIBLE;300.0022;0.0040;299.9920;0.0001;2134;2990;479;249;0;0;120;249
3;CPLEX-CP-T;cplex-cp;cp-t;lex-overtime;-;instance_30_15_4_46;PARSE_ERROR;;;;;;;;;;;;;;
3;CPLEX-CP-T;cplex-cp;cp-t;lex-overtime;-;instance_30_15_4_47;TIMEOUT_FEASIBLE;299.9992;0.0037;299.9900;0.0001;2189;3102;1258;344;1;0;120;343
3;CPLEX-CP-T;cplex-cp;cp-t;lex-overtime;-;instance_30_15_4_48;TIMEOUT_FEASIBLE;300.0059;0.0034;299.9970;0.0001;2024;2770;430;264;0;0;120;264
3;CPLEX-CP-T;cplex-cp;cp-t;lex-overtime;-;instance_30_15_4_49;TIMEOUT_FEASIBLE;299.9952;0.0037;299.9860;0.0001;2005;2735;420;282;0;0;120;282
3;CPLEX-CP-T;cplex-cp;cp-t;lex-overtime;-;instance_30_15_4_5;TIMEOUT_FEASIBLE;300.0064;0.0035;299.9973;0.0001;1977;2677;396;297;1;0;120;296
3;CPLEX-CP-T;cplex-cp;cp-t;lex-overtime;-;instance_30_15_4_50;TIMEOUT_FEASIBLE;300.0055;0.0034;299.9968;0.0001;1952;2629;320;295;7;0;120;288
3;CPLEX-CP-T;cplex-cp;cp-t;lex-overtime;-;instance_30_15_4_6;TIMEOUT_FEASIBLE;300.0055;0.0038;299.9961;0.0001;2146;3017;372;311;0;0;120;311
3;CPLEX-CP-T;cplex-cp;cp-t;lex-overtime;-;instance_30_15_4_7;PARSE_ERROR;;;;;;;;;;;;;;
3;CPLEX-CP-T;cplex-cp;cp-t;lex-overtime;-;instance_30_15_4_8;INFEASIBLE;0.0014;0.0000;0.0000;0.0000;720;5;0;;;;;
3;CPLEX-CP-T;cplex-cp;cp-t;lex-overtime;-;instance_30_15_4_9;PARSE_ERROR;;;;;;;;;;;;;;
3;CPLEX-CP-T;cplex-cp;cp-t;lex-overtime;-;instance_40_25_5_1;TIMEOUT_FEASIBLE;299.9999;0.0094;299.9801;0.0001;4493;6851;986;449;0;0;200;449
3;CPLEX-CP-T;cplex-cp;cp-t;lex-overtime;-;instance_40_25_5_10;PARSE_ERROR;;;;;;;;;;;;;;
3;CPLEX-CP-T;cplex-cp;cp-t;lex-overtime;-;instance_40_25_5_11;TIMEOUT_FEASIBLE;300.0070;0.0093;299.9873;0.0001;4565;6996;2096;501;0;0;200;501
3;CPLEX-CP-T;cplex-cp;cp-t;lex-overtime;-;instance_40_25_5_12;TIMEOUT_FEASIBLE;300.0042;0.0090;299.9853;0.0001;4417;6696;2078;520;0;0;200;520
3;CPLEX-CP-T;cplex-cp;cp-t;lex-overtime;-;instance_40_25_5_13;TIMEOUT_FEASIBLE;300.0043;0.0095;299.9840;0.0001;4675;7216;1140;479;0;0;200;479
3;CPLEX-CP-T;cplex-cp;cp-t;lex-overtime;-;instance_40_25_5_14;TIMEOUT_FEASIBLE;300.0041;0.0103;299.9817;0.0001;4826;7517;1283;516;0;0;200;516
3;CPLEX-CP-T;cplex-cp;cp-t;lex-overtime;-;instance_40_25_5_15;TIMEOUT_FEASIBLE;300.0031;0.0091;299.9840;0.0001;4527;6920;2407;475;0;0;200;475
3;CPLEX-CP-T;cplex-cp;cp-t;lex-overtime;-;instance_40_25_5_16;TIMEOUT_FEASIBLE;300.0051;0.0094;299.9841;0.0001;4604;7072;1049;455;1;0;200;454
3;CPLEX-CP-T;cplex-cp;cp-t;lex-overtime;-;instance_40_25_5_17;TIMEOUT_FEASIBLE;300.0032;0.0092;299.9838;0.0001;4530;6925;2143;455;0;0;200;455
3;CPLEX-CP-T;cplex-cp;cp-t;lex-overtime;-;instance_40_25_5_18;TIMEOUT_FEASIBLE;300.0049;0.0092;299.9842;0.0001;4499;6863;1227;535;0;0;200;535
3;CPLEX-CP-T;cplex-cp;cp-t;lex-overtime;-;instance_40_25_5_19;TIMEOUT_FEASIBLE;300.0041;0.0086;299.9849;0.0001;4527;6920;853;461;0;0;200;461
3;CPLEX-CP-T;cplex-cp;cp-t;lex-overtime;-;instance_40_25_5_2;PARSE_ERROR;;;;;;;;;;;;;;
3;CPLEX-CP-T;cplex-cp;cp-t;lex-overtime;-;instance_40_25_5_20;TIMEOUT_FEASIBLE;300.0087;0.0087;299.9894;0.0001;4251;6367;1043;487;0;0;200;487
3;CPLEX-CP-T;cplex-cp;cp-t;lex-overtime;-;instance_40_25_5_21;TIMEOUT_FEASIBLE;300.0044;0.0094;299.9834;0.0001;4607;7079;1130;529;0;0;200;529
3;CPLEX-CP-T;cplex-cp;cp-t;lex-overtime;-;instance_40_25_5_22;TIMEOUT_FEASIBLE;300.0127;0.0088;299.9941;0.0001;4447;6760;910;492;0;0;200;492
3;CPLEX-CP-T;cplex-cp;cp-t;lex-overtime;-;instance_40_25_5_23;PARSE_ERROR;;;;;;;;;;;;;;
3;CPLEX-CP-T;cplex-cp;cp-t;lex-overtime;-;instance_40_25_5_24;TIMEOUT_FEASIBLE;300.0070;0.0090;299.9873;0.0001;4580;7025;912;495;0;0;200;495
3;CPLEX-CP-T;cplex-cp;cp-t;lex-overtime;-;instance_40_25_5_25;TIMEOUT_FEASIBLE;300.0122;0.0092;299.9931;0.0001;4580;7025;960;489;0;0;200;489
3;CPLEX-CP-T;cplex-cp;cp-t;lex-overtime;-;instance_40_25_5_26;TIMEOUT_FEASIBLE;300.0058;0.0092;299.9848;0.0001;4536;6938;2156;479;0;0;200;479
3;CPLEX-CP-T;cplex-cp;cp-t;lex-overtime;-;instance_40_25_5_27;TIMEOUT_FEASIBLE;300.0124;0.0087;299.9943;0.0001;4481;6827;945;481;0;0;200;481
3;CPLEX-CP-T;cplex-cp;cp-t;lex-overtime;-;instance_40_25_5_28;TIMEOUT_FEASIBLE;300.0141;0.0097;299.9943;0.0001;4603;7072;2287;463;0;0;200;463
3;CPLEX-CP-T;cplex-cp;cp-t;lex-overtime;-;instance_40_25_5_29;TIMEOUT_FEASIBLE;300.0035;0.0091;299.9850;0.0001;4611;7088;964;502;1;0;200;501
3;CPLEX-CP-T;cplex-cp;cp-t;lex-overtime;-;instance_40_25_5_3;PARSE_ERROR;;;;;;;;;;;;;;
3;CPLEX-CP-T;cplex-cp;cp-t;lex-overtime;-;instance_40_25_5_30;TIMEOUT_FEASIBLE;300.0072;0.0097;299.9861;0.0001;4536;6937;1255;413;0;0;200;413
3;CPLEX-CP-T;cplex-cp;cp-t;lex-overtime;-;instance_40_25_5_31;PARSE_ERROR;;;;;;;;;;;;;;
3;CPLEX-CP-T;cplex-cp;cp-t;lex-overtime;-;instance_40_25_5_32;TIMEOUT_FEASIBLE;300.0064;0.0095;299.9855;0.0001;4628;7121;2126;425;0;0;200;425
3;CPLEX-CP-T;cplex-cp;cp-t;lex-overtime;-;instance_40_25_5_33;PARSE_ERROR;;;;;;;;;;;;;;
3;CPLEX-CP-T;cplex-cp;cp-t;lex-overtime;-;instance_40_25_5_34;PARSE_ERROR;;;;;;;;;;;;;;
3;CPLEX-CP-T;cplex-cp;cp-t;lex-overtime;-;instance_40_25_5_35;PARSE_ERROR;;;;;;;;;;;;;;
3;CPLEX-CP-T;cplex-cp;cp-t;lex-overtime;-;instance_40_25_5_36;TIMEOUT_FEASIBLE;300.0029;0.0094;299.9824;0.0001;4709;7281;1128;489;0;0;200;489
3;CPLEX-CP-T;cplex-cp;cp-t;lex-overtime;-;instance_40_25_5_37;TIMEOUT_FEASIBLE;300.0043;0.0092;299.9843;0.0001;4637;7139;2304;432;0;0;200;432
3;CPLEX-CP-T;cplex-cp;cp-t;lex-overtime;-;instance_40_25_5_38;TIMEOUT_FEASIBLE;300.0045;0.0085;299.9861;0.0001;4328;6520;2714;482;0;0;200;482
3;CPLEX-CP-T;cplex-cp;cp-t;lex-overtime;-;instance_40_25_5_39;TIMEOUT_FEASIBLE;300.0048;0.0087;299.9859;0.0001;4448;6762;2135;428;0;0;200;428
3;CPLEX-CP-T;cplex-cp;cp-t;lex-overtime;-;instance_40_25_5_4;PARSE_ERROR;;;;;;;;;;;;;;
3;CPLEX-CP-T;cplex-cp;cp-t;lex-overtime;-;instance_40_25_5_40;TIMEOUT_FEASIBLE;300.0001;0.0098;299.9797;0.0001;4717;7298;1110;495;0;0;200;495
3;CPLEX-CP-T;cplex-cp;cp-t;lex-overtime;-;instance_40_25_5_41;TIMEOUT_FEASIBLE;300.0053;0.0090;299.9849;0.0001;4330;6525;1086;512;0;0;200;512
3;CPLEX-CP-T;cplex-cp;cp-t;lex-overtime;-;instance_40_25_5_42;TIMEOUT_FEASIBLE;300.0046;0.0091;299.9844;0.0001;4543;6948;943;513;0;0;200;513
3;CPLEX-CP-T;cplex-cp;cp-t;lex-overtime;-;instance_40_25_5_43;PARSE_ERROR;;;;;;;;;;;;;;
3;CPLEX-CP-T;cplex-cp;cp-t;lex-overtime;-;instance_40_25_5_44;TIMEOUT_FEASIBLE;300.0061;0.0091;299.9856;0.0001;4516;6898;1110;436;0;0;200;436
3;CPLEX-CP-T;cplex-cp;cp-t;lex-overtime;-;instance_40_25_5_45;TIMEOUT_FEASIBLE;300.0047;0.0093;299.9842;0.0001;4617;7099;1126;512;0;0;200;512
3;CPLEX-CP-T;cplex-cp;cp-t;lex-overtime;-;instance_40_25_5_46;INFEASIBLE;0.0018;0.0003;0.0000;0.0000;1200;32;0;;;;;
3;CPLEX-CP-T;cplex-cp;cp-t;lex-overtime;-;instance_40_25_5_47;TIMEOUT_FEASIBLE;300.0020;0.0092;299.9823;0.0001;4400;6664;1207;458;0;0;200;458
3;CPLEX-CP-T;cplex-cp;cp-t;lex-overtime;-;instance_40_25_5_48;TIMEOUT_FEASIBLE;300.0047;0.0095;299.9844;0.0001;4646;7156;1131;514;0;0;200;514
3;CPLEX-CP-T;cplex-cp;cp-t;lex-overtime;-;instance_40_25_5_49;TIMEOUT_FEASIBLE;300.0048;0.0085;299.9852;0.0001;4459;6783;9190;496;0;0;200;496
3;CPLEX-CP-T;cplex-cp;cp-t;lex-overtime;-;instance_40_25_5_5;TIMEOUT_FEASIBLE;300.0046;0.0093;299.9848;0.0001;4537;6938;1147;441;0;0;200;441
3;CPLEX-CP-T;cplex-cp;cp-t;lex-overtime;-;instance_40_25_5_50;TIMEOUT_FEASIBLE;300.0039;0.0092;299.9845;0.0001;4324;6513;1190;440;0;0;200;440
3;CPLEX-CP-T;cplex-cp;cp-t;lex-overtime;-;instance_40_25_5_6;PARSE_ERROR;;;;;;;;;;;;;;
3;CPLEX-CP-T;cplex-cp;cp-t;lex-overtime;-;instance_40_25_5_7;TIMEOUT_FEASIBLE;300.0067;0.0094;299.9866;0.0001;4403;6671;1162;440;0;0;200;440
3;CPLEX-CP-T;cplex-cp;cp-t;lex-overtime;-;instance_40_25_5_8;TIMEOUT_FEASIBLE;300.0041;0.0092;299.9844;0.0001;4602;7070;1046;522;0;0;200;522
3;CPLEX-CP-T;cplex-cp;cp-t;lex-overtime;-;instance_40_25_5_9;TIMEOUT_FEASIBLE;300.0050;0.0095;299.9843;0.0001;4632;7130;1153;411;0;0;200;411
4;CPLEX-CP-I;cplex-cp;cp-i;lex-overtime;-;instance_30_15_4_1;TIMEOUT_FEASIBLE;300.0097;0.0065;299.9978;0.0001;1430;2153;594;272;0;0;120;272
4;CPLEX-CP-I;cplex-cp;cp-i;lex-overtime;-;instance_30_15_4_10;TIMEOUT_FEASIBLE;300.0046;0.0058;299.9939;0.0001;1268;1920;693;297;0;0;120;297
4;CPLEX-CP-I;cplex-cp;cp-i;lex-overtime;-;instance_30_15_4_11;PARSE_ERROR;;;;;;;;;;;;;;
4;CPLEX-CP-I;cplex-cp;cp-i;lex-overtime;-;instance_30_15_4_12;PARSE_ERROR;;;;;;;;;;;;;;
4;CPLEX-CP-I;cplex-cp;cp-i;lex-overtime;-;instance_30_15_4_13;TIMEOUT_FEASIBLE;300.0017;0.0049;299.9924;0.0001;976;1461;482;318;3;0;120;315
4;CPLEX-CP-I;cplex-cp;cp-i;lex-overtime;-;instance_30_15_4_14;TIMEOUT_FEASIBLE;300.0055;0.0062;299.9944;0.0001;1339;2042;497;278;0;0;120;278
4;CPLEX-CP-I;cplex-cp;cp-i;lex-overtime;-;instance_30_15_4_15;TIMEOUT_FEASIBLE;299.9970;0.0063;299.9857;0.0001;1372;2057;547;318;0;0;120;318
4;CPLEX-CP-I;cplex-cp;cp-i;lex-overtime;-;instance_30_15_4_16;TIMEOUT_FEASIBLE;300.0030;0.0052;299.9932;0.0001;1050;1624;568;303;0;0;120;303
4;CPLEX-CP-I;cplex-cp;cp-i;lex-overtime;-;instance_30_15_4_17;TIMEOUT_FEASIBLE;300.0025;0.0062;299.9913;0.0001;1219;1858;448;291;0;0;120;291
4;CPLEX-CP-I;cplex-cp;cp-i;lex-overtime;-;instance_30_15_4_18;TIMEOUT_FEASIBLE;300.0089;0.0069;299.9966;0.0001;1553;2311;637;301;0;0;120;301
4;CPLEX-CP-I;cplex-cp;cp-i;lex-overtime;-;instance_30_15_4_19;PARSE_ERROR;;;;;;;;;;;;;;
4;CPLEX-CP-I;cplex-cp;cp-i;lex-overtime;-;instance_30_15_4_2;TIMEOUT_FEASIBLE;299.9985;0.0052;299.9889;0.0001;977;1505;292;298;0;0;120;298
4;CPLEX-CP-I;cplex-cp;cp-i;lex-overtime;-;instance_30_15_4_20;TIMEOUT_FEASIBLE;300.0035;0.0053;299.9937;0.0001;1095;1678;391;304;0;0;120;304
4;CPLEX-CP-I;cplex-cp;cp-i;lex-overtime;-;instance_30_15_4_21;INFEASIBLE;0.0014;0.0001;0.0000;0.0000;19;18;0;;;;;
4;CPLEX-CP-I;cplex-cp;cp-i;lex-overtime;-;instance_30_15_4_22;PARSE_ERROR;;;;;;;;;;;;;;
4;CPLEX-CP-I;cplex-cp;cp-i;lex-overtime;-;instance_30_15_4_23;PARSE_ERROR;;;;;;;;;;;;;;
4;CPLEX-CP-I;cplex-cp;cp-i;lex-overtime;-;instance_30_15_4_24;TIMEOUT_FEASIBLE;300.0025;0.0068;299.9905;0.0001;1423;2140;548;316;0;0;120;316
4;CPLEX-CP-I;cplex-cp;cp-i;lex-overtime;-;instance_30_15_4_25;TIMEOUT_FEASIBLE;300.0037;0.0056;299.9933;0.0001;1015;1549;1424;314;0;0;120;314
4;CPLEX-CP-I;cplex-cp;cp-i;lex-overtime;-;instance_30_15_4_26;PARSE_ERROR;;;;;;;;;;;;;;
4;CPLEX-CP-I;cplex-cp;cp-i;lex-overtime;-;instance_30_15_4_27;TIMEOUT_FEASIBLE;300.0003;0.0063;299.9887;0.0001;1240;1895;665;314;0;0;120;314
4;CPLEX-CP-I;cplex-cp;cp-i;lex-overtime;-;instance_30_15_4_28;PARSE_ERROR;;;;;;;;;;;;;;
4;CPLEX-CP-I;cplex-cp;cp-i;lex-overtime;-;instance_30_15_4_29;TIMEOUT_FEASIBLE;300.0039;0.0044;299.9952;0.0001;925;1407;303;296;0;0;120;296
4;CPLEX-CP-I;cplex-cp;cp-i;lex-overtime;-;instance_30_15_4_3;TIMEOUT_FEASIBLE;299.9950;0.0062;299.9838;0.0001;1401;2126;534;293;0;0;120;293
4;CPLEX-CP-I;cplex-cp;cp-i;lex-overtime;-;instance_30_15_4_30;TIMEOUT_FEASIBLE;299.9948;0.0066;299.9830;0.0001;1411;2129;576;307;0;0;120;307
4;CPLEX-CP-I;cplex-cp;cp-i;lex-overtime;-;instance_30_15_4_31;TIMEOUT_FEASIBLE;300.0049;0.0062;299.9935;0.0001;1389;2057;584;295;0;0;120;295
4;CPLEX-CP-I;cplex-cp;cp-i;lex-overtime;-;instance_30_15_4_32;TIMEOUT_FEASIBLE;299.9953;0.0061;299.9844;0.0001;1246;1854;507;326;0;0;120;326
4;CPLEX-CP-I;cplex-cp;cp-i;lex-overtime;-;instance_30_15_4_33;TIMEOUT_FEASIBLE;300.0059;0.0057;299.9951;0.0001;1359;2036;504;286;0;0;120;286
4;CPLEX-CP-I;cplex-cp;cp-i;lex-overtime;-;instance_30_15_4_34;PARSE_ERROR;;;;;;;;;;;;;;
4;CPLEX-CP-I;cplex-cp;cp-i;lex-overtime;-;instance_30_15_4_35;PARSE_ERROR;;;;;;;;;;;;;;
4;CPLEX-CP-I;cplex-cp;cp-i;lex-overtime;-;instance_30_15_4_36;PARSE_ERROR;;;;;;;;;;;;;;
4;CPLEX-CP-I;cplex-cp;cp-i;lex-overtime;-;instance_30_15_4_37;TIMEOUT_FEASIBLE;300.0048;0.0063;299.9935;0.0001;1286;1980;450;261;0;0;120;261
4;CPLEX-CP-I;cplex-cp;cp-i;lex-overtime;-;instance_30_15_4_38;TIMEOUT_FEASIBLE;300.0137;0.0061;300.0025;0.0001;1246;1906;434;300;0;0;120;300
4;CPLEX-CP-I;cplex-cp;cp-i;lex-overtime;-;instance_30_15_4_39;TIMEOUT_FEASIBLE;300.0046;0.0066;299.9927;0.0001;1398;2093;537;334;0;0;120;334
4;CPLEX-CP-I;cplex-cp;cp-i;lex-overtime;-;instance_30_15_4_4;PARSE_ERROR;;;;;;;;;;;;;;
4;CPLEX-CP-I;cplex-cp;cp-i;lex-overtime;-;instance_30_15_4_40;PARSE_ERROR;;;;;;;;;;;;;;
4;CPLEX-CP-I;cplex-cp;cp-i;lex-overtime;-;instance_30_15_4_41;PARSE_ERROR;;;;;;;;;;;;;;
4;CPLEX-CP-I;cplex-cp;cp-i;lex-overtime;-;instance_30_15_4_42;TIMEOUT_FEASIBLE;300.0027;0.0068;299.9907;0.0001;1445;2156;578;299;0;0;120;299
4;CPLEX-CP-I;cplex-cp;cp-i;lex-overtime;-;instance_30_15_4_43;PARSE_ERROR;;;;;;;;;;;;;;
4;CPLEX-CP-I;cplex-cp;cp-i;lex-overtime;-;instance_30_15_4_44;PARSE_ERROR;;;;;;;;;;;;;;
4;CPLEX-CP-I;cplex-cp;cp-i;lex-overtime;-;instance_30_15_4_45;TIMEOUT_FEASIBLE;299.9998;0.0066;299.9880;0.0001;1447;2172;566;311;0;0;120;311
4;CPLEX-CP-I;cplex-cp;cp-i;lex-overtime;-;instance_30_15_4_46;PARSE_ERROR;;;;;;;;;;;;;;
4;CPLEX-CP-I;cplex-cp;cp-i;lex-overtime;-;instance_30_15_4_47;TIMEOUT_FEASIBLE;300.0076;0.0053;299.9978;0.0001;1230;1894;418;331;1;0;120;330
4;CPLEX-CP-I;cplex-cp;cp-i;lex-overtime;-;instance_30_15_4_48;TIMEOUT_FEASIBLE;300.0056;0.0060;299.9949;0.0001;1250;1889;467;282;0;0;120;282
4;CPLEX-CP-I;cplex-cp;cp-i;lex-overtime;-;instance_30_15_4_49;TIMEOUT_FEASIBLE;299.9953;0.0057;299.9847;0.0001;1242;1852;464;305;0;0;120;305
4;CPLEX-CP-I;cplex-cp;cp-i;lex-overtime;-;instance_30_15_4_5;TIMEOUT_FEASIBLE;299.9961;0.0055;299.9859;0.0001;1163;1743;417;296;1;0;120;295
4;CPLEX-CP-I;cplex-cp;cp-i;lex-overtime;-;instance_30_15_4_50;TIMEOUT_FEASIBLE;299.9932;0.0048;299.9839;0.0001;1018;1538;366;297;7;0;120;290
4;CPLEX-CP-I;cplex-cp;cp-i;lex-overtime;-;instance_30_15_4_6;TIMEOUT_FEASIBLE;300.0053;0.0055;299.9952;0.0001;1157;1769;420;308;0;0;120;308
4;CPLEX-CP-I;cplex-cp;cp-i;lex-overtime;-;instance_30_15_4_7;PARSE_ERROR;;;;;;;;;;;;;;
4;CPLEX-CP-I;cplex-cp;cp-i;lex-overtime;-;instance_30_15_4_8;INFEASIBLE;0.0014;0.0001;0.0000;0.0000;31;30;0;;;;;
4;CPLEX-CP-I;cplex-cp;cp-i;lex-overtime;-;instance_30_15_4_9;PARSE_ERROR;;;;;;;;;;;;;;
4;CPLEX-CP-I;cplex-cp;cp-i;lex-overtime;-;instance_40_25_5_1;TIMEOUT_FEASIBLE;300.0053;0.0173;299.9789;0.0001;2924;4256;1336;467;0;0;200;467
4;CPLEX-CP-I;cplex-cp;cp-i;lex-overtime;-;instance_40_25_5_10;PARSE_ERROR;;;;;;;;;;;;;;
4;CPLEX-CP-I;cplex-cp;cp-i;lex-overtime;-;instance_40_25_5_11;TIMEOUT_FEASIBLE;300.0144;0.0184;299.9856;0.0002;3242;4737;1428;559;0;0;200;559
4;CPLEX-CP-I;cplex-cp;cp-i;lex-overtime;-;instance_40_25_5_12;TIMEOUT_FEASIBLE;300.0063;0.0162;299.9813;0.0002;3081;4452;1398;461;0;0;200;461
4;CPLEX-CP-I;cplex-cp;cp-i;lex-overtime;-;instance_40_25_5_13;TIMEOUT_FEASIBLE;300.0092;0.0173;299.9821;0.0002;3307;4840;1402;496;0;0;200;496
4;CPLEX-CP-I;cplex-cp;cp-i;lex-overtime;-;instance_40_25_5_14;TIMEOUT_FEASIBLE;300.0177;0.0192;299.9874;0.0002;3615;5299;1618;526;0;0;200;526
4;CPLEX-CP-I;cplex-cp;cp-i;lex-overtime;-;instance_40_25_5_15;TIMEOUT_FEASIBLE;300.0052;0.0170;299.9788;0.0001;3045;4478;1272;510;0;0;200;510
4;CPLEX-CP-I;cplex-cp;cp-i;lex-overtime;-;instance_40_25_5_16;TIMEOUT_FEASIBLE;300.0122;0.0164;299.9868;0.0002;2949;4329;1174;474;1;0;200;473
4;CPLEX-CP-I;cplex-cp;cp-i;lex-overtime;-;instance_40_25_5_17;TIMEOUT_FEASIBLE;300.0135;0.0172;299.9870;0.0002;3083;4481;1304;550;0;0;200;550
4;CPLEX-CP-I;cplex-cp;cp-i;lex-overtime;-;instance_40_25_5_18;TIMEOUT_FEASIBLE;300.0060;0.0172;299.9788;0.0001;3222;4692;1370;456;0;0;200;456
4;CPLEX-CP-I;cplex-cp;cp-i;lex-overtime;-;instance_40_25_5_19;TIMEOUT_FEASIBLE;299.9969;0.0134;299.9761;0.0002;2449;3616;899;494;0;0;200;494
4;CPLEX-CP-I;cplex-cp;cp-i;lex-overtime;-;instance_40_25_5_2;PARSE_ERROR;;;;;;;;;;;;;;
4;CPLEX-CP-I;cplex-cp;cp-i;lex-overtime;-;instance_40_25_5_20;TIMEOUT_FEASIBLE;300.0092;0.0171;299.9828;0.0002;3091;4401;1752;529;0;0;200;529
4;CPLEX-CP-I;cplex-cp;cp-i;lex-overtime;-;instance_40_25_5_21;TIMEOUT_FEASIBLE;300.0121;0.0176;299.9843;0.0001;3280;4778;1279;493;0;0;200;493
4;CPLEX-CP-I;cplex-cp;cp-i;lex-overtime;-;instance_40_25_5_22;TIMEOUT_FEASIBLE;300.0017;0.0146;299.9791;0.0001;2721;4000;1123;491;0;0;200;491
4;CPLEX-CP-I;cplex-cp;cp-i;lex-overtime;-;instance_40_25_5_23;PARSE_ERROR;;;;;;;;;;;;;;
4;CPLEX-CP-I;cplex-cp;cp-i;lex-overtime;-;instance_40_25_5_24;TIMEOUT_FEASIBLE;300.0092;0.0146;299.9868;0.0001;2599;3824;1371;535;0;0;200;535
4;CPLEX-CP-I;cplex-cp;cp-i;lex-overtime;-;instance_40_25_5_25;TIMEOUT_FEASIBLE;300.0019;0.0139;299.9805;0.0001;2636;3871;1108;512;0;0;200;512
4;CPLEX-CP-I;cplex-cp;cp-i;lex-overtime;-;instance_40_25_5_26;TIMEOUT_FEASIBLE;300.0040;0.0165;299.9781;0.0001;3262;4762;1444;539;0;0;200;539
4;CPLEX-CP-I;cplex-cp;cp-i;lex-overtime;-;instance_40_25_5_27;TIMEOUT_FEASIBLE;300.0016;0.0138;299.9804;0.0001;2621;3848;1061;484;0;0;200;484
4;CPLEX-CP-I;cplex-cp;cp-i;lex-overtime;-;instance_40_25_5_28;TIMEOUT_FEASIBLE;300.0031;0.0170;299.9772;0.0002;3173;4676;1374;530;0;0;200;530
4;CPLEX-CP-I;cplex-cp;cp-i;lex-overtime;-;instance_40_25_5_29;TIMEOUT_FEASIBLE;300.0116;0.0143;299.9894;0.0001;2759;4047;1152;490;1;0;200;489
4;CPLEX-CP-I;cplex-cp;cp-i;lex-overtime;-;instance_40_25_5_3;PARSE_ERROR;;;;;;;;;;;;;;
4;CPLEX-CP-I;cplex-cp;cp-i;lex-overtime;-;instance_40_25_5_30;TIMEOUT_FEASIBLE;300.0193;0.0179;299.9904;0.0002;3553;5143;1615;494;0;0;200;494
4;CPLEX-CP-I;cplex-cp;cp-i;lex-overtime;-;instance_40_25_5_31;PARSE_ERROR;;;;;;;;;;;;;;
4;CPLEX-CP-I;cplex-cp;cp-i;lex-overtime;-;instance_40_25_5_32;TIMEOUT_FEASIBLE;300.0002;0.0158;299.9755;0.0001;3251;4793;1301;452;0;0;200;452
4;CPLEX-CP-I;cplex-cp;cp-i;lex-overtime;-;instance_40_25_5_33;PARSE_ERROR;;;;;;;;;;;;;;
4;CPLEX-CP-I;cplex-cp;cp-i;lex-overtime;-;instance_40_25_5_34;PARSE_ERROR;;;;;;;;;;;;;;
4;CPLEX-CP-I;cplex-cp;cp-i;lex-overtime;-;instance_40_25_5_35;PARSE_ERROR;;;;;;;;;;;;;;
4;CPLEX-CP-I;cplex-cp;cp-i;lex-overtime;-;instance_40_25_5_36;TIMEOUT_FEASIBLE;300.0110;0.0180;299.9829;0.0001;3286;4821;1408;491;0;0;200;491
4;CPLEX-CP-I;cplex-cp;cp-i;lex-overtime;-;instance_40_25_5_37;TIMEOUT_FEASIBLE;300.0030;0.0167;299.9765;0.0001;3151;4633;1294;510;0;0;200;510
4;CPLEX-CP-I;cplex-cp;cp-i;lex-overtime;-;instance_40_25_5_38;TIMEOUT_FEASIBLE;300.0026;0.0151;299.9791;0.0001;2820;4116;1164;494;0;0;200;494
4;CPLEX-CP-I;cplex-cp;cp-i;lex-overtime;-;instance_40_25_5_39;TIMEOUT_FEASIBLE;300.0050;0.0145;299.9826;0.0001;2563;3767;995;463;0;0;200;463
4;CPLEX-CP-I;cplex-cp;cp-i;lex-overtime;-;instance_40_25_5_4;PARSE_ERROR;;;;;;;;;;;;;;
4;CPLEX-CP-I;cplex-cp;cp-i;lex-overtime;-;instance_40_25_5_40;TIMEOUT_FEASIBLE;300.0143;0.0150;299.9909;0.0001;3076;4533;1287;461;0;0;200;461
4;CPLEX-CP-I;cplex-cp;cp-i;lex-overtime;-;instance_40_25_5_41;TIMEOUT_FEASIBLE;300.0052;0.0177;299.9770;0.0001;3241;4682;1434;521;0;0;200;521
4;CPLEX-CP-I;cplex-cp;cp-i;lex-overtime;-;instance_40_25_5_42;TIMEOUT_FEASIBLE;300.0121;0.0151;299.9887;0.0001;2735;4071;1099;493;0;0;200;493
4;CPLEX-CP-I;cplex-cp;cp-i;lex-overtime;-;instance_40_25_5_43;PARSE_ERROR;;;;;;;;;;;;;;
4;CPLEX-CP-I;cplex-cp;cp-i;lex-overtime;-;instance_40_25_5_44;TIMEOUT_FEASIBLE;300.0082;0.0177;299.9808;0.0001;3287;4819;1422;532;0;0;200;532
4;CPLEX-CP-I;cplex-cp;cp-i;lex-overtime;-;instance_40_25_5_45;TIMEOUT_FEASIBLE;300.0083;0.0168;299.9822;0.0001;3187;4693;1158;504;0;0;200;504
4;CPLEX-CP-I;cplex-cp;cp-i;lex-overtime;-;instance_40_25_5_46;INFEASIBLE;0.0026;0.0010;0.0000;0.0000;317;316;0;;;;;
4;CPLEX-CP-I;cplex-cp;cp-i;lex-overtime;-;instance_40_25_5_47;TIMEOUT_FEASIBLE;300.0069;0.0168;299.9804;0.0001;3472;5028;1585;469;0;0;200;469
4;CPLEX-CP-I;cplex-cp;cp-i;lex-overtime;-;instance_40_25_5_48;TIMEOUT_FEASIBLE;300.0123;0.0169;299.9865;0.0001;3247;4793;1373;525;0;0;200;525
4;CPLEX-CP-I;cplex-cp;cp-i;lex-overtime;-;instance_40_25_5_49;TIMEOUT_FEASIBLE;300.0063;0.0150;299.9828;0.0001;2951;4331;1184;488;0;0;200;488
4;CPLEX-CP-I;cplex-cp;cp-i;lex-overtime;-;instance_40_25_5_5;TIMEOUT_FEASIBLE;300.0115;0.0170;299.9848;0.0001;3263;4745;1374;531;0;0;200;531
4;CPLEX-CP-I;cplex-cp;cp-i;lex-overtime;-;instance_40_25_5_50;TIMEOUT_FEASIBLE;300.0025;0.0172;299.9755;0.0002;3408;4851;1605;504;0;0;200;504
4;CPLEX-CP-I;cplex-cp;cp-i;lex-overtime;-;instance_40_25_5_6;PARSE_ERROR;;;;;;;;;;;;;;
4;CPLEX-CP-I;cplex-cp;cp-i;lex-overtime;-;instance_40_25_5_7;TIMEOUT_FEASIBLE;300.0471;0.0188;300.0177;0.0001;3454;4982;1631;523;0;0;200;523
4;CPLEX-CP-I;cplex-cp;cp-i;lex-overtime;-;instance_40_25_5_8;TIMEOUT_FEASIBLE;300.0008;0.0164;299.9754;0.0001;3015;4436;1237;518;0;0;200;518
4;CPLEX-CP-I;cplex-cp;cp-i;lex-overtime;-;instance_40_25_5_9;TIMEOUT_FEASIBLE;300.0035;0.0176;299.9761;0.0001;3326;4872;1407;521;0;0;200;521
1;GUROBI-MIP;gurobi-mip;mip-e;epsilon;0;instance_30_15_4_1;OPTIMUM;0.4305;0.0222;0.1944;0.0002;3371;3079;1;451;8;0;120;443
1;GUROBI-MIP;gurobi-mip;mip-e;epsilon;0;instance_30_15_4_10;OPTIMUM;0.1841;0.0192;0.1613;0.0002;2858;2791;1;428;10;0;120;418
1;GUROBI-MIP;gurobi-mip;mip-e;epsilon;0;instance_30_15_4_11;PARSE_ERROR;;;;;;;;;;;;;;
1;GUROBI-MIP;gurobi-mip;mip-e;epsilon;0;instance_30_15_4_12;PARSE_ERROR;;;;;;;;;;;;;;
1;GUROBI-MIP;gurobi-mip;mip-e;epsilon;0;instance_30_15_4_13;OPTIMUM;0.2358;0.0152;0.2174;0.0002;2204;2192;1;389;6;0;120;383
1;GUROBI-MIP;gurobi-mip;mip-e;epsilon;0;instance_30_15_4_14;OPTIMUM;0.1994;0.0199;0.1759;0.0002;3089;2948;1;425;13;0;120;412
1;GUROBI-MIP;gurobi-mip;mip-e;epsilon;0;instance_30_15_4_15;OPTIMUM;0.2347;0.0216;0.2092;0.0002;3341;3041;1;452;4;0;120;448
1;GUROBI-MIP;gurobi-mip;mip-e;epsilon;0;instance_30_15_4_16;OPTIMUM;0.1368;0.0161;0.1174;0.0002;2300;2344;1;402;3;0;120;399
1;GUROBI-MIP;gurobi-mip;mip-e;epsilon;0;instance_30_15_4_17;OPTIMUM;0.1729;0.0188;0.1505;0.0002;2875;2724;1;428;7;0;120;421
1;GUROBI-MIP;gurobi-mip;mip-e;epsilon;0;instance_30_15_4_18;OPTIMUM;0.2769;0.0243;0.2483;0.0002;3959;3386;1;463;5;0;120;458
1;GUROBI-MIP;gurobi-mip;mip-e;epsilon;0;instance_30_15_4_19;PARSE_ERROR;;;;;;;;;;;;;;
1;GUROBI-MIP;gurobi-mip;mip-e;epsilon;0;instance_30_15_4_2;OPTIMUM;0.1532;0.0154;0.1345;0.0002;2165;2208;1;379;4;3;120;372
1;GUROBI-MIP;gurobi-mip;mip-e;epsilon;0;instance_30_15_4_20;OPTIMUM;0.1463;0.0168;0.1261;0.0002;2444;2469;1;434;6;0;120;428
1;GUROBI-MIP;gurobi-mip;mip-e;epsilon;0;instance_30_15_4_21;INFEASIBLE;0.0073;0.0036;0.0018;0.0000;1837;1922;0;;;;;
1;GUROBI-MIP;gurobi-mip;mip-e;epsilon;0;instance_30_15_4_22;PARSE_ERROR;;;;;;;;;;;;;;
1;GUROBI-MIP;gurobi-mip;mip-e;epsilon;0;instance_30_15_4_23;PARSE_ERROR;;;;;;;;;;;;;;
1;GUROBI-MIP;gurobi-mip;mip-e;epsilon;0;instance_30_15_4_24;OPTIMUM;0.2200;0.0222;0.1938;0.0002;3343;3066;1;450;3;0;120;447
1;GUROBI-MIP;gurobi-mip;mip-e;epsilon;0;instance_30_15_4_25;OPTIMUM;0.1365;0.0161;0.1172;0.0002;2287;2294;1;411;3;0;120;408
1;GUROBI-MIP;gurobi-mip;mip-e;epsilon;0;instance_30_15_4_26;PARSE_ERROR;;;;;;;;;;;;;;
1;GUROBI-MIP;gurobi-mip;mip-e;epsilon;0;instance_30_15_4_27;OPTIMUM;0.1941;0.0195;0.1708;0.0002;2917;2741;1;416;6;0;120;410
1;GUROBI-MIP;gurobi-mip;mip-e;epsilon;0;instance_30_15_4_28;PARSE_ERROR;;;;;;;;;;;;;;
1;GUROBI-MIP;gurobi-mip;mip-e;epsilon;0;instance_30_15_4_29;OPTIMUM;0.1307;0.0149;0.1127;0.0002;2095;2159;1;410;5;0;120;405
1;GUROBI-MIP;gurobi-mip;mip-e;epsilon;0;instance_30_15_4_3;OPTIMUM;0.2332;0.0216;0.2079;0.0002;3366;3038;1;443;5;0;120;438
1;GUROBI-MIP;gurobi-mip;mip-e;epsilon;0;instance_30_15_4_30;OPTIMUM;0.2259;0.0213;0.2009;0.0002;3307;3074;1;444;7;0;120;437
1;GUROBI-MIP;gurobi-mip;mip-e;epsilon;0;instance_30_15_4_31;OPTIMUM;0.2428;0.0219;0.2170;0.0002;3331;3021;1;419;7;0;120;412
1;GUROBI-MIP;gurobi-mip;mip-e;epsilon;0;instance_30_15_4_32;OPTIMUM;0.2091;0.0204;0.1849;0.0002;3155;2791;1;390;3;0;120;387
1;GUROBI-MIP;gurobi-mip;mip-e;epsilon;0;instance_30_15_4_33;OPTIMUM;0.2172;0.0213;0.1920;0.0002;3223;2979;1;438;3;0;120;435
1;GUROBI-MIP;gurobi-mip;mip-e;epsilon;0;instance_30_15_4_34;PARSE_ERROR;;;;;;;;;;;;;;
1;GUROBI-MIP;gurobi-mip;mip-e;epsilon;0;instance_30_15_4_35;PARSE_ERROR;;;;;;;;;;;;;;
1;GUROBI-MIP;gurobi-mip;mip-e;epsilon;0;instance_30_15_4_36;PARSE_ERROR;;;;;;;;;;;;;;
1;GUROBI-MIP;gurobi-mip;mip-e;epsilon;0;instance_30_15_4_37;OPTIMUM;0.1806;0.0193;0.1576;0.0002;2865;2755;1;433;6;0;120;427
1;GUROBI-MIP;gurobi-mip;mip-e;epsilon;0;instance_30_15_4_38;OPTIMUM;0.1984;0.0192;0.1757;0.0002;2845;2745;1;406;4;0;120;402
1;GUROBI-MIP;gurobi-mip;mip-e;epsilon;0;instance_30_15_4_39;OPTIMUM;0.2037;0.0211;0.1789;0.0002;3288;3013;1;450;3;0;120;447
1;GUROBI-MIP;gurobi-mip;mip-e;epsilon;0;instance_30_15_4_4;PARSE_ERROR;;;;;;;;;;;;;;
1;GUROBI-MIP;gurobi-mip;mip-e;epsilon;0;instance_30_15_4_40;PARSE_ERROR;;;;;;;;;;;;;;
1;GUROBI-MIP;gurobi-mip;mip-e;epsilon;0;instance_30_15_4_41;PARSE_ERROR;;;;;;;;;;;;;;
1;GUROBI-MIP;gurobi-mip;mip-e;epsilon;0;instance_30_15_4_42;OPTIMUM;0.2413;0.0218;0.2156;0.0002;3363;3102;1;443;6;0;120;437
1;GUROBI-MIP;gurobi-mip;mip-e;epsilon;0;instance_30_15_4_43;PARSE_ERROR;;;;;;;;;;;;;;
1;GUROBI-MIP;gurobi-mip;mip-e;epsilon;0;instance_30_15_4_44;PARSE_ERROR;;;;;;;;;;;;;;
1;GUROBI-MIP;gurobi-mip;mip-e;epsilon;0;instance_30_15_4_45;OPTIMUM;0.2377;0.0230;0.2104;0.0002;3586;3190;1;428;6;0;120;422
1;GUROBI-MIP;gurobi-mip;mip-e;epsilon;0;instance_30_15_4_46;PARSE_ERROR;;;;;;;;;;;;;;
1;GUROBI-MIP;gurobi-mip;mip-e;epsilon;0;instance_30_15_4_47;OPTIMUM;0.1617;0.0187;0.1395;0.0002;2811;2697;1;433;5;0;120;428
1;GUROBI-MIP;gurobi-mip;mip-e;epsilon;0;instance_30_15_4_48;OPTIMUM;0.1856;0.0196;0.1624;0.0002;2913;2779;1;437;6;0;120;431
1;GUROBI-MIP;gurobi-mip;mip-e;epsilon;0;instance_30_15_4_49;OPTIMUM;0.1877;0.0200;0.1638;0.0002;2912;2738;1;442;6;0;120;436
1;GUROBI-MIP;gurobi-mip;mip-e;epsilon;0;instance_30_15_4_5;OPTIMUM;0.1797;0.0183;0.1579;0.0002;2772;2611;1;431;11;0;120;420
1;GUROBI-MIP;gurobi-mip;mip-e;epsilon;0;instance_30_15_4_50;OPTIMUM;0.1353;0.0155;0.1165;0.0002;2294;2254;1;415;11;0;120;404
1;GUROBI-MIP;gurobi-mip;mip-e;epsilon;0;instance_30_15_4_6;OPTIMUM;0.1681;0.0179;0.1467;0.0002;2621;2606;1;446;5;0;120;441
1;GUROBI-MIP;gurobi-mip;mip-e;epsilon;0;instance_30_15_4_7;PARSE_ERROR;;;;;;;;;;;;;;
1;GUROBI-MIP;gurobi-mip;mip-e;epsilon;0;instance_30_15_4_8;INFEASIBLE;0.0096;0.0056;0.0021;0.0000;3104;2911;0;;;;;
1;GUROBI-MIP;gurobi-mip;mip-e;epsilon;0;instance_30_15_4_9;PARSE_ERROR;;;;;;;;;;;;;;
1;GUROBI-MIP;gurobi-mip;mip-e;epsilon;0;instance_40_25_5_1;OPTIMUM;0.6716;0.0492;0.6151;0.0004;7806;6177;1;783;4;0;200;779
1;GUROBI-MIP;gurobi-mip;mip-e;epsilon;0;instance_40_25_5_10;PARSE_ERROR;;;;;;;;;;;;;;
1;GUROBI-MIP;gurobi-mip;mip-e;epsilon;0;instance_40_25_5_11;OPTIMUM;0.7148;0.0533;0.6539;0.0004;8366;6741;1;784;1;0;200;783
1;GUROBI-MIP;gurobi-mip;mip-e;epsilon;0;instance_40_25_5_12;OPTIMUM;0.6482;0.0505;0.5903;0.0004;7935;6437;1;784;3;0;200;781
1;GUROBI-MIP;gurobi-mip;mip-e;epsilon;0;instance_40_25_5_13;OPTIMUM;0.7241;0.0517;0.6649;0.0004;8187;6772;1;787;3;0;200;784
1;GUROBI-MIP;gurobi-mip;mip-e;epsilon;0;instance_40_25_5_14;OPTIMUM;0.7904;0.0573;0.7248;0.0005;9031;7290;1;782;1;0;200;781
1;GUROBI-MIP;gurobi-mip;mip-e;epsilon;0;instance_40_25_5_15;OPTIMUM;0.6498;0.0509;0.5915;0.0004;7991;6437;1;721;6;0;200;715
1;GUROBI-MIP;gurobi-mip;mip-e;epsilon;0;instance_40_25_5_16;OPTIMUM;0.6050;0.0479;0.5503;0.0004;7425;6080;1;765;6;0;200;759
1;GUROBI-MIP;gurobi-mip;mip-e;epsilon;0;instance_40_25_5_17;OPTIMUM;0.6539;0.0510;0.5952;0.0004;7867;6418;1;753;8;0;200;745
1;GUROBI-MIP;gurobi-mip;mip-e;epsilon;0;instance_40_25_5_18;OPTIMUM;0.6844;0.0531;0.6239;0.0004;8262;6693;1;786;2;0;200;784
1;GUROBI-MIP;gurobi-mip;mip-e;epsilon;0;instance_40_25_5_19;OPTIMUM;0.5145;0.0401;0.4687;0.0004;5910;5212;1;745;11;1;200;733
1;GUROBI-MIP;gurobi-mip;mip-e;epsilon;0;instance_40_25_5_2;PARSE_ERROR;;;;;;;;;;;;;;
1;GUROBI-MIP;gurobi-mip;mip-e;epsilon;0;instance_40_25_5_20;OPTIMUM;0.8370;0.0519;0.7774;0.0004;8180;6439;1;772;5;0;200;767
1;GUROBI-MIP;gurobi-mip;mip-e;epsilon;0;instance_40_25_5_21;OPTIMUM;0.7366;0.0533;0.6756;0.0004;8490;6813;1;760;2;0;200;758
1;GUROBI-MIP;gurobi-mip;mip-e;epsilon;0;instance_40_25_5_22;OPTIMUM;0.6596;0.0450;0.6081;0.0004;6757;5793;1;771;10;0;200;761
1;GUROBI-MIP;gurobi-mip;mip-e;epsilon;0;instance_40_25_5_23;PARSE_ERROR;;;;;;;;;;;;;;
1;GUROBI-MIP;gurobi-mip;mip-e;epsilon;0;instance_40_25_5_24;OPTIMUM;0.6061;0.0424;0.5575;0.0004;6415;5517;1;752;14;0;200;738
1;GUROBI-MIP;gurobi-mip;mip-e;epsilon;0;instance_40_25_5_25;OPTIMUM;0.5323;0.0427;0.4837;0.0004;6367;5530;1;769;8;0;200;761
1;GUROBI-MIP;gurobi-mip;mip-e;epsilon;0;instance_40_25_5_26;OPTIMUM;0.7420;0.0528;0.6818;0.0004;8367;6757;1;778;2;0;200;776
1;GUROBI-MIP;gurobi-mip;mip-e;epsilon;0;instance_40_25_5_27;OPTIMUM;0.6130;0.0416;0.5657;0.0004;6288;5519;1;755;16;0;200;739
1;GUROBI-MIP;gurobi-mip;mip-e;epsilon;0;instance_40_25_5_28;OPTIMUM;0.6880;0.0505;0.6303;0.0004;7869;6569;1;752;11;0;200;741
1;GUROBI-MIP;gurobi-mip;mip-e;epsilon;0;instance_40_25_5_29;OPTIMUM;0.5218;0.0439;0.4716;0.0003;6686;5707;1;757;13;0;200;744
1;GUROBI-MIP;gurobi-mip;mip-e;epsilon;0;instance_40_25_5_3;PARSE_ERROR;;;;;;;;;;;;;;
1;GUROBI-MIP;gurobi-mip;mip-e;epsilon;0;instance_40_25_5_30;OPTIMUM;0.8030;0.0567;0.7385;0.0005;9104;7202;1;771;5;0;200;766
1;GUROBI-MIP;gurobi-mip;mip-e;epsilon;0;instance_40_25_5_31;PARSE_ERROR;;;;;;;;;;;;;;
1;GUROBI-MIP;gurobi-mip;mip-e;epsilon;0;instance_40_25_5_32;OPTIMUM;0.6266;0.0501;0.5691;0.0004;7826;6652;1;724;14;0;200;710
1;GUROBI-MIP;gurobi-mip;mip-e;epsilon;0;instance_40_25_5_33;PARSE_ERROR;;;;;;;;;;;;;;
1;GUROBI-MIP;gurobi-mip;mip-e;epsilon;0;instance_40_25_5_34;PARSE_ERROR;;;;;;;;;;;;;;
1;GUROBI-MIP;gurobi-mip;mip-e;epsilon;0;instance_40_25_5_35;PARSE_ERROR;;;;;;;;;;;;;;
1;GUROBI-MIP;gurobi-mip;mip-e;epsilon;0;instance_40_25_5_36;OPTIMUM;0.5894;0.0540;0.5277;0.0004;8531;6890;1;788;0;0;200;788
1;GUROBI-MIP;gurobi-mip;mip-e;epsilon;0;instance_40_25_5_37;OPTIMUM;0.6251;0.0506;0.5673;0.0004;7699;6496;1;755;5;0;200;750
1;GUROBI-MIP;gurobi-mip;mip-e;epsilon;0;instance_40_25_5_38;OPTIMUM;0.6442;0.0448;0.5931;0.0004;6726;5915;1;741;5;0;200;736
1;GUROBI-MIP;gurobi-mip;mip-e;epsilon;0;instance_40_25_5_39;OPTIMUM;0.5507;0.0423;0.5018;0.0004;6492;5387;1;749;11;0;200;738
1;GUROBI-MIP;gurobi-mip;mip-e;epsilon;0;instance_40_25_5_4;PARSE_ERROR;;;;;;;;;;;;;;
1;GUROBI-MIP;gurobi-mip;mip-e;epsilon;0;instance_40_25_5_40;OPTIMUM;0.6022;0.0506;0.5440;0.0004;7792;6455;1;775;6;0;200;769
1;GUROBI-MIP;gurobi-mip;mip-e;epsilon;0;instance_40_25_5_41;OPTIMUM;0.8254;0.0545;0.7630;0.0005;8669;6835;1;771;6;0;200;765
1;GUROBI-MIP;gurobi-mip;mip-e;epsilon;0;instance_40_25_5_42;OPTIMUM;0.5476;0.0455;0.4952;0.0004;6886;5873;1;747;8;0;200;739
1;GUROBI-MIP;gurobi-mip;mip-e;epsilon;0;instance_40_25_5_43;PARSE_ERROR;;;;;;;;;;;;;;
1;GUROBI-MIP;gurobi-mip;mip-e;epsilon;0;instance_40_25_5_44;OPTIMUM;0.7135;0.0538;0.6517;0.0004;8468;6856;1;786;3;0;200;783
1;GUROBI-MIP;gurobi-mip;mip-e;epsilon;0;instance_40_25_5_45;OPTIMUM;0.6765;0.0516;0.6177;0.0004;7993;6603;1;711;6;0;200;705
1;GUROBI-MIP;gurobi-mip;mip-e;epsilon;0;instance_40_25_5_46;INFEASIBLE;0.0240;0.0158;0.0055;0.0000;8709;6987;0;;;;;
1;GUROBI-MIP;gurobi-mip;mip-e;epsilon;0;instance_40_25_5_47;OPTIMUM;0.7985;0.0561;0.7344;0.0004;9002;7177;1;785;3;0;200;782
1;GUROBI-MIP;gurobi-mip;mip-e;epsilon;0;instance_40_25_5_48;OPTIMUM;0.6300;0.0539;0.5681;0.0005;8403;6784;1;769;1;0;200;768
1;GUROBI-MIP;gurobi-mip;mip-e;epsilon;0;instance_40_25_5_49;OPTIMUM;0.7410;0.0478;0.6861;0.0004;7358;6129;1;737;17;0;200;720
1;GUROBI-MIP;gurobi-mip;mip-e;epsilon;0;instance_40_25_5_5;OPTIMUM;0.7138;0.0549;0.6514;0.0005;8268;6681;1;787;6;0;200;781
1;GUROBI-MIP;gurobi-mip;mip-e;epsilon;0;instance_40_25_5_50;OPTIMUM;0.8916;0.0567;0.8265;0.0005;9009;7033;1;791;5;0;200;786
1;GUROBI-MIP;gurobi-mip;mip-e;epsilon;0;instance_40_25_5_6;PARSE_ERROR;;;;;;;;;;;;;;
1;GUROBI-MIP;gurobi-mip;mip-e;epsilon;0;instance_40_25_5_7;OPTIMUM;0.7250;0.0574;0.6593;0.0004;9134;7208;1;785;1;0;200;784
1;GUROBI-MIP;gurobi-mip;mip-e;epsilon;0;instance_40_25_5_8;OPTIMUM;0.6702;0.0495;0.6135;0.0004;7559;6317;1;772;4;0;200;768
1;GUROBI-MIP;gurobi-mip;mip-e;epsilon;0;instance_40_25_5_9;OPTIMUM;0.6926;0.0552;0.6293;0.0004;8465;6891;1;777;2;0;200;775
2;CPLEX-MIP;cplex-mip;mip-e;epsilon;0;instance_30_15_4_1;OPTIMUM;0.3018;0.0218;0.2762;0.0002;3371;3079;0;451;8;0;120;443
2;CPLEX-MIP;cplex-mip;mip-e;epsilon;0;instance_30_15_4_10;OPTIMUM;0.2397;0.0191;0.2174;0.0002;2858;2791;0;428;10;0;120;418
2;CPLEX-MIP;cplex-mip;mip-e;epsilon;0;instance_30_15_4_11;PARSE_ERROR;;;;;;;;;;;;;;
2;CPLEX-MIP;cplex-mip;mip-e;epsilon;0;instance_30_15_4_12;PARSE_ERROR;;;;;;;;;;;;;;
2;CPLEX-MIP;cplex-mip;mip-e;epsilon;0;instance_30_15_4_13;OPTIMUM;0.3458;0.0153;0.3277;0.0003;2204;2192;0;389;6;0;120;383
2;CPLEX-MIP;cplex-mip;mip-e;epsilon;0;instance_30_15_4_14;OPTIMUM;0.2990;0.0199;0.2759;0.0002;3089;2948;0;425;13;0;120;412
2;CPLEX-MIP;cplex-mip;mip-e;epsilon;0;instance_30_15_4_15;OPTIMUM;0.3150;0.0214;0.2902;0.0002;3341;3041;0;452;4;0;120;448
2;CPLEX-MIP;cplex-mip;mip-e;epsilon;0;instance_30_15_4_16;OPTIMUM;0.2147;0.0158;0.1961;0.0002;2300;2344;0;402;3;0;120;399
2;CPLEX-MIP;cplex-mip;mip-e;epsilon;0;instance_30_15_4_17;OPTIMUM;0.2397;0.0187;0.2178;0.0002;2875;2724;0;428;7;0;120;421
2;CPLEX-MIP;cplex-mip;mip-e;epsilon;0;instance_30_15_4_18;OPTIMUM;0.3961;0.0244;0.3676;0.0002;3959;3386;0;463;5;0;120;458
2;CPLEX-MIP;cplex-mip;mip-e;epsilon;0;instance_30_15_4_19;PARSE_ERROR;;;;;;;;;;;;;;
2;CPLEX-MIP;cplex-mip;mip-e;epsilon;0;instance_30_15_4_2;OPTIMUM;0.2378;0.0146;0.2207;0.0002;2165;2208;0;379;4;3;120;372
2;CPLEX-MIP;cplex-mip;mip-e;epsilon;0;instance_30_15_4_20;OPTIMUM;0.2164;0.0168;0.1967;0.0002;2444;2469;0;434;6;0;120;428
2;CPLEX-MIP;cplex-mip;mip-e;epsilon;0;instance_30_15_4_21;INFEASIBLE;0.0055;0.0041;0.0006;0.0000;1837;1922;0;;;;;
2;CPLEX-MIP;cplex-mip;mip-e;epsilon;0;instance_30_15_4_22;PARSE_ERROR;;;;;;;;;;;;;;
2;CPLEX-MIP;cplex-mip;mip-e;epsilon;0;instance_30_15_4_23;PARSE_ERROR;;;;;;;;;;;;;;
2;CPLEX-MIP;cplex-mip;mip-e;epsilon;0;instance_30_15_4_24;OPTIMUM;0.2764;0.0216;0.2515;0.0002;3343;3066;0;450;3;0;120;447
2;CPLEX-MIP;cplex-mip;mip-e;epsilon;0;instance_30_15_4_25;OPTIMUM;0.2050;0.0160;0.1861;0.0002;2287;2294;0;411;3;0;120;408
2;CPLEX-MIP;cplex-mip;mip-e;epsilon;0;instance_30_15_4_26;PARSE_ERROR;;;;;;;;;;;;;;
2;CPLEX-MIP;cplex-mip;mip-e;epsilon;0;instance_30_15_4_27;OPTIMUM;0.2522;0.0189;0.2301;0.0002;2917;2741;0;416;6;0;120;410
2;CPLEX-MIP;cplex-mip;mip-e;epsilon;0;instance_30_15_4_28;PARSE_ERROR;;;;;;;;;;;;;;
2;CPLEX-MIP;cplex-mip;mip-e;epsilon;0;instance_30_15_4_29;OPTIMUM;0.2170;0.0140;0.2005;0.0002;2095;2159;0;410;5;0;120;405
2;CPLEX-MIP;cplex-mip;mip-e;epsilon;0;instance_30_15_4_3;OPTIMUM;0.3338;0.0208;0.3093;0.0002;3366;3038;0;443;5;0;120;438
2;CPLEX-MIP;cplex-mip;mip-e;epsilon;0;instance_30_15_4_30;OPTIMUM;0.3252;0.0217;0.3000;0.0002;3307;3074;0;444;7;0;120;437
2;CPLEX-MIP;cplex-mip;mip-e;epsilon;0;instance_30_15_4_31;OPTIMUM;0.3613;0.0220;0.3356;0.0002;3331;3021;0;419;7;0;120;412
2;CPLEX-MIP;cplex-mip;mip-e;epsilon;0;instance_30_15_4_32;OPTIMUM;0.3733;0.0196;0.3502;0.0002;3155;2791;0;390;3;0;120;387
2;CPLEX-MIP;cplex-mip;mip-e;epsilon;0;instance_30_15_4_33;OPTIMUM;0.2949;0.0211;0.2702;0.0002;3223;2979;0;438;3;0;120;435
2;CPLEX-MIP;cplex-mip;mip-e;epsilon;0;instance_30_15_4_34;PARSE_ERROR;;;;;;;;;;;;;;
2;CPLEX-MIP;cplex-mip;mip-e;epsilon;0;instance_30_15_4_35;PARSE_ERROR;;;;;;;;;;;;;;
2;CPLEX-MIP;cplex-mip;mip-e;epsilon;0;instance_30_15_4_36;PARSE_ERROR;;;;;;;;;;;;;;
2;CPLEX-MIP;cplex-mip;mip-e;epsilon;0;instance_30_15_4_37;OPTIMUM;0.2614;0.0190;0.2391;0.0002;2865;2755;0;433;6;0;120;427
2;CPLEX-MIP;cplex-mip;mip-e;epsilon;0;instance_30_15_4_38;OPTIMUM;0.3178;0.0192;0.2954;0.0002;2845;2745;0;406;4;0;120;402
2;CPLEX-MIP;cplex-mip;mip-e;epsilon;0;instance_30_15_4_39;OPTIMUM;0.2958;0.0208;0.2715;0.0002;3288;3013;0;450;3;0;120;447
2;CPLEX-MIP;cplex-mip;mip-e;epsilon;0;instance_30_15_4_4;PARSE_ERROR;;;;;;;;;;;;;;
2;CPLEX-MIP;cplex-mip;mip-e;epsilon;0;instance_30_15_4_40;PARSE_ERROR;;;;;;;;;;;;;;
2;CPLEX-MIP;cplex-mip;mip-e;epsilon;0;instance_30_15_4_41;PARSE_ERROR;;;;;;;;;;;;;;
2;CPLEX-MIP;cplex-mip;mip-e;epsilon;0;instance_30_15_4_42;OPTIMUM;0.3048;0.0220;0.2793;0.0002;3363;3102;0;443;6;0;120;437
2;CPLEX-MIP;cplex-mip;mip-e;epsilon;0;instance_30_15_4_43;PARSE_ERROR;;;;;;;;;;;;;;
2;CPLEX-MIP;cplex-mip;mip-e;epsilon;0;instance_30_15_4_44;PARSE_ERROR;;;;;;;;;;;;;;
2;CPLEX-MIP;cplex-mip;mip-e;epsilon;0;instance_30_15_4_45;OPTIMUM;0.3298;0.0232;0.3026;0.0002;3586;3190;0;428;6;0;120;422
2;CPLEX-MIP;cplex-mip;mip-e;epsilon;0;instance_30_15_4_46;PARSE_ERROR;;;;;;;;;;;;;;
2;CPLEX-MIP;cplex-mip;mip-e;epsilon;0;instance_30_15_4_47;OPTIMUM;0.2210;0.0189;0.1989;0.0002;2811;2697;0;433;5;0;120;428
2;CPLEX-MIP;cplex-mip;mip-e;epsilon;0;instance_30_15_4_48;OPTIMUM;0.2815;0.0194;0.2587;0.0002;2913;2779;0;437;6;0;120;431
2;CPLEX-MIP;cplex-mip;mip-e;epsilon;0;instance_30_15_4_49;OPTIMUM;0.2903;0.0187;0.2684;0.0002;2912;2738;0;442;6;0;120;436
2;CPLEX-MIP;cplex-mip;mip-e;epsilon;0;instance_30_15_4_5;OPTIMUM;0.2394;0.0185;0.2178;0.0002;2772;2611;0;431;11;0;120;420
2;CPLEX-MIP;cplex-mip;mip-e;epsilon;0;instance_30_15_4_50;OPTIMUM;0.2070;0.0155;0.1889;0.0002;2294;2254;0;415;11;0;120;404
2;CPLEX-MIP;cplex-mip;mip-e;epsilon;0;instance_30_15_4_6;OPTIMUM;0.2202;0.0178;0.1994;0.0002;2621;2606;0;446;5;0;120;441
2;CPLEX-MIP;cplex-mip;mip-e;epsilon;0;instance_30_15_4_7;PARSE_ERROR;;;;;;;;;;;;;;
2;CPLEX-MIP;cplex-mip;mip-e;epsilon;0;instance_30_15_4_8;INFEASIBLE;0.0077;0.0060;0.0009;0.0000;3104;2911;0;;;;;
2;CPLEX-MIP;cplex-mip;mip-e;epsilon;0;instance_30_15_4_9;PARSE_ERROR;;;;;;;;;;;;;;
2;CPLEX-MIP;cplex-mip;mip-e;epsilon;0;instance_40_25_5_1;OPTIMUM;1.0203;0.0490;0.9620;0.0005;7806;6177;0;783;4;0;200;779
2;CPLEX-MIP;cplex-mip;mip-e;epsilon;0;instance_40_25_5_10;PARSE_ERROR;;;;;;;;;;;;;;
2;CPLEX-MIP;cplex-mip;mip-e;epsilon;0;instance_40_25_5_11;OPTIMUM;1.1037;0.0535;1.0395;0.0005;8366;6741;0;784;1;0;200;783
2;CPLEX-MIP;cplex-mip;mip-e;epsilon;0;instance_40_25_5_12;OPTIMUM;0.8736;0.0524;0.8113;0.0005;7935;6437;0;784;3;0;200;781
2;CPLEX-MIP;cplex-mip;mip-e;epsilon;0;instance_40_25_5_13;OPTIMUM;1.2969;0.0520;1.2337;0.0005;8187;6772;0;787;3;0;200;784
2;CPLEX-MIP;cplex-mip;mip-e;epsilon;0;instance_40_25_5_14;OPTIMUM;1.2089;0.0562;1.1418;0.0005;9031;7290;0;782;1;0;200;781
2;CPLEX-MIP;cplex-mip;mip-e;epsilon;0;instance_40_25_5_15;OPTIMUM;1.2206;0.0510;1.1595;0.0004;7991;6437;0;721;6;0;200;715
2;CPLEX-MIP;cplex-mip;mip-e;epsilon;0;instance_40_25_5_16;OPTIMUM;1.0772;0.0486;1.0188;0.0004;7425;6080;0;765;6;0;200;759
2;CPLEX-MIP;cplex-mip;mip-e;epsilon;0;instance_40_25_5_17;OPTIMUM;1.0500;0.0492;0.9913;0.0005;7867;6418;0;753;8;0;200;745
2;CPLEX-MIP;cplex-mip;mip-e;epsilon;0;instance_40_25_5_18;OPTIMUM;1.0436;0.0521;0.9810;0.0005;8262;6693;0;786;2;0;200;784
2;CPLEX-MIP;cplex-mip;mip-e;epsilon;0;instance_40_25_5_19;OPTIMUM;0.9448;0.0400;0.8977;0.0004;5910;5212;0;745;11;1;200;733
2;CPLEX-MIP;cplex-mip;mip-e;epsilon;0;instance_40_25_5_2;PARSE_ERROR;;;;;;;;;;;;;;
2;CPLEX-MIP;cplex-mip;mip-e;epsilon;0;instance_40_25_5_20;OPTIMUM;1.8707;0.0516;1.8082;0.0004;8180;6439;0;772;5;0;200;767
2;CPLEX-MIP;cplex-mip;mip-e;epsilon;0;instance_40_25_5_21;OPTIMUM;1.3257;0.0529;1.2619;0.0005;8490;6813;0;760;2;0;200;758
2;CPLEX-MIP;cplex-mip;mip-e;epsilon;0;instance_40_25_5_22;OPTIMUM;1.1555;0.0430;1.1048;0.0004;6757;5793;0;771;10;0;200;761
2;CPLEX-MIP;cplex-mip;mip-e;epsilon;0;instance_40_25_5_23;PARSE_ERROR;;;;;;;;;;;;;;
2;CPLEX-MIP;cplex-mip;mip-e;epsilon;0;instance_40_25_5_24;OPTIMUM;0.9383;0.0420;0.8890;0.0004;6415;5517;0;752;14;0;200;738
2;CPLEX-MIP;cplex-mip;mip-e;epsilon;0;instance_40_25_5_25;OPTIMUM;0.7579;0.0419;0.7088;0.0004;6367;5530;0;769;8;0;200;761
2;CPLEX-MIP;cplex-mip;mip-e;epsilon;0;instance_40_25_5_26;OPTIMUM;1.6447;0.0531;1.5803;0.0005;8367;6757;0;778;2;0;200;776
2;CPLEX-MIP;cplex-mip;mip-e;epsilon;0;instance_40_25_5_27;OPTIMUM;1.1202;0.0415;1.0710;0.0004;6288;5519;0;755;16;0;200;739
2;CPLEX-MIP;cplex-mip;mip-e;epsilon;0;instance_40_25_5_28;OPTIMUM;1.2224;0.0496;1.1631;0.0005;7869;6569;0;752;11;0;200;741
2;CPLEX-MIP;cplex-mip;mip-e;epsilon;0;instance_40_25_5_29;OPTIMUM;0.9595;0.0439;0.9075;0.0004;6686;5707;0;757;13;0;200;744
2;CPLEX-MIP;cplex-mip;mip-e;epsilon;0;instance_40_25_5_3;PARSE_ERROR;;;;;;;;;;;;;;
2;CPLEX-MIP;cplex-mip;mip-e;epsilon;0;instance_40_25_5_30;OPTIMUM;1.0836;0.0559;1.0173;0.0005;9104;7202;0;771;5;0;200;766
2;CPLEX-MIP;cplex-mip;mip-e;epsilon;0;instance_40_25_5_31;PARSE_ERROR;;;;;;;;;;;;;;
2;CPLEX-MIP;cplex-mip;mip-e;epsilon;0;instance_40_25_5_32;OPTIMUM;1.2283;0.0505;1.1682;0.0005;7826;6652;0;724;14;0;200;710
2;CPLEX-MIP;cplex-mip;mip-e;epsilon;0;instance_40_25_5_33;PARSE_ERROR;;;;;;;;;;;;;;
2;CPLEX-MIP;cplex-mip;mip-e;epsilon;0;instance_40_25_5_34;PARSE_ERROR;;;;;;;;;;;;;;
2;CPLEX-MIP;cplex-mip;mip-e;epsilon;0;instance_40_25_5_35;PARSE_ERROR;;;;;;;;;;;;;;
2;CPLEX-MIP;cplex-mip;mip-e;epsilon;0;instance_40_25_5_36;OPTIMUM;0.8449;0.0519;0.7840;0.0005;8531;6890;0;788;0;0;200;788
2;CPLEX-MIP;cplex-mip;mip-e;epsilon;0;instance_40_25_5_37;OPTIMUM;0.9517;0.0490;0.8934;0.0005;7699;6496;0;755;5;0;200;750
2;CPLEX-MIP;cplex-mip;mip-e;epsilon;0;instance_40_25_5_38;OPTIMUM;1.4770;0.0461;1.4209;0.0004;6726;5915;0;741;5;0;200;736
2;CPLEX-MIP;cplex-mip;mip-e;epsilon;0;instance_40_25_5_39;OPTIMUM;1.0272;0.0427;0.9763;0.0004;6492;5387;0;749;11;0;200;738
2;CPLEX-MIP;cplex-mip;mip-e;epsilon;0;instance_40_25_5_4;PARSE_ERROR;;;;;;;;;;;;;;
2;CPLEX-MIP;cplex-mip;mip-e;epsilon;0;instance_40_25_5_40;OPTIMUM;0.8103;0.0485;0.7537;0.0004;7792;6455;0;775;6;0;200;769
2;CPLEX-MIP;cplex-mip;mip-e;epsilon;0;instance_40_25_5_41;OPTIMUM;1.0552;0.0530;0.9923;0.0005;8669;6835;0;771;6;0;200;765
2;CPLEX-MIP;cplex-mip;mip-e;epsilon;0;instance_40_25_5_42;OPTIMUM;0.9163;0.0445;0.8632;0.0004;6886;5873;0;747;8;0;200;739
2;CPLEX-MIP;cplex-mip;mip-e;epsilon;0;instance_40_25_5_43;PARSE_ERROR;;;;;;;;;;;;;;
2;CPLEX-MIP;cplex-mip;mip-e;epsilon;0;instance_40_25_5_44;OPTIMUM;0.9806;0.0528;0.9182;0.0005;8468;6856;0;786;3;0;200;783
2;CPLEX-MIP;cplex-mip;mip-e;epsilon;0;instance_40_25_5_45;OPTIMUM;1.4374;0.0510;1.3754;0.0005;7993;6603;0;711;6;0;200;705
2;CPLEX-MIP;cplex-mip;mip-e;epsilon;0;instance_40_25_5_46;INFEASIBLE;0.0199;0.0163;0.0019;0.0000;8709;6987;0;;;;;
2;CPLEX-MIP;cplex-mip;mip-e;epsilon;0;instance_40_25_5_47;OPTIMUM;1.0380;0.0559;0.9721;0.0005;9002;7177;0;785;3;0;200;782
2;CPLEX-MIP;cplex-mip;mip-e;epsilon;0;instance_40_25_5_48;OPTIMUM;0.9495;0.0526;0.8869;0.0004;8403;6784;0;769;1;0;200;768
2;CPLEX-MIP;cplex-mip;mip-e;epsilon;0;instance_40_25_5_49;OPTIMUM;1.4250;0.0477;1.3672;0.0005;7358;6129;0;737;17;0;200;720
2;CPLEX-MIP;cplex-mip;mip-e;epsilon;0;instance_40_25_5_5;OPTIMUM;1.0973;0.0520;1.0347;0.0005;8268;6681;0;787;6;0;200;781
2;CPLEX-MIP;cplex-mip;mip-e;epsilon;0;instance_40_25_5_50;OPTIMUM;1.1022;0.0550;1.0372;0.0005;9009;7033;0;791;5;0;200;786
2;CPLEX-MIP;cplex-mip;mip-e;epsilon;0;instance_40_25_5_6;PARSE_ERROR;;;;;;;;;;;;;;
2;CPLEX-MIP;cplex-mip;mip-e;epsilon;0;instance_40_25_5_7;OPTIMUM;0.9136;0.0550;0.8489;0.0005;9134;7208;0;785;1;0;200;784
2;CPLEX-MIP;cplex-mip;mip-e;epsilon;0;instance_40_25_5_8;OPTIMUM;1.3433;0.0480;1.2852;0.0005;7559;6317;0;772;4;0;200;768
2;CPLEX-MIP;cplex-mip;mip-e;epsilon;0;instance_40_25_5_9;OPTIMUM;1.2607;0.0561;1.1926;0.0005;8465;6891;0;777;2;0;200;775
3;CPLEX-CP-T;cplex-cp;cp-t;epsilon;0;instance_30_15_4_1;TIMEOUT_FEASIBLE;299.9979;0.0039;299.9880;0.0001;2114;2952;749;451;8;0;120;443
3;CPLEX-CP-T;cplex-cp;cp-t;epsilon;0;instance_30_15_4_10;TIMEOUT_FEASIBLE;299.9954;0.0039;299.9857;0.0001;2110;2944;701;428;10;0;120;418
3;CPLEX-CP-T;cplex-cp;cp-t;epsilon;0;instance_30_15_4_11;PARSE_ERROR;;;;;;;;;;;;;;
3;CPLEX-CP-T;cplex-cp;cp-t;epsilon;0;instance_30_15_4_12;PARSE_ERROR;;;;;;;;;;;;;;
3;CPLEX-CP-T;cplex-cp;cp-t;epsilon;0;instance_30_15_4_13;TIMEOUT_FEASIBLE;299.9976;0.0033;299.9885;0.0001;1921;2564;465;389;6;0;120;383
3;CPLEX-CP-T;cplex-cp;cp-t;epsilon;0;instance_30_15_4_14;TIMEOUT_FEASIBLE;300.0059;0.0040;299.9956;0.0001;2144;3013;26306;425;13;0;120;412
3;CPLEX-CP-T;cplex-cp;cp-t;epsilon;0;instance_30_15_4_15;TIMEOUT_FEASIBLE;300.0052;0.0040;299.9955;0.0001;2057;2839;20851;452;4;0;120;448
3;CPLEX-CP-T;cplex-cp;cp-t;epsilon;0;instance_30_15_4_16;TIMEOUT_FEASIBLE;300.0047;0.0037;299.9953;0.0001;2119;2961;16501;402;3;0;120;399
3;CPLEX-CP-T;cplex-cp;cp-t;epsilon;0;instance_30_15_4_17;TIMEOUT_FEASIBLE;300.0057;0.0040;299.9959;0.0001;2114;2954;19625;428;7;0;120;421
3;CPLEX-CP-T;cplex-cp;cp-t;epsilon;0;instance_30_15_4_18;TIMEOUT_FEASIBLE;300.0067;0.0041;299.9961;0.0001;2108;2939;24894;463;5;0;120;458
3;CPLEX-CP-T;cplex-cp;cp-t;epsilon;0;instance_30_15_4_19;PARSE_ERROR;;;;;;;;;;;;;;
3;CPLEX-CP-T;cplex-cp;cp-t;epsilon;0;instance_30_15_4_2;TIMEOUT_FEASIBLE;300.0068;0.0037;299.9971;0.0001;2143;3010;29378;379;4;12;120;363
3;CPLEX-CP-T;cplex-cp;cp-t;epsilon;0;instance_30_15_4_20;TIMEOUT_FEASIBLE;300.0048;0.0039;299.9954;0.0001;2179;3081;12124;434;6;0;120;428
3;CPLEX-CP-T;cplex-cp;cp-t;epsilon;0;instance_30_15_4_21;INFEASIBLE;0.0014;0.0000;0.0000;0.0000;720;3;0;;;;;
3;CPLEX-CP-T;cplex-cp;cp-t;epsilon;0;instance_30_15_4_22;PARSE_ERROR;;;;;;;;;;;;;;
3;CPLEX-CP-T;cplex-cp;cp-t;epsilon;0;instance_30_15_4_23;PARSE_ERROR;;;;;;;;;;;;;;
3;CPLEX-CP-T;cplex-cp;cp-t;epsilon;0;instance_30_15_4_24;TIMEOUT_FEASIBLE;299.9989;0.0042;299.9885;0.0001;2152;3029;224;450;3;0;120;447
3;CPLEX-CP-T;cplex-cp;cp-t;epsilon;0;instance_30_15_4_25;TIMEOUT_FEASIBLE;300.0050;0.0037;299.9957;0.0001;2100;2925;16144;411;3;0;120;408
3;CPLEX-CP-T;cplex-cp;cp-t;epsilon;0;instance_30_15_4_26;PARSE_ERROR;;;;;;;;;;;;;;
3;CPLEX-CP-T;cplex-cp;cp-t;epsilon;0;instance_30_15_4_27;TIMEOUT_FEASIBLE;300.0061;0.0038;299.9966;0.0001;2133;2991;27100;416;6;0;120;410
3;CPLEX-CP-T;cplex-cp;cp-t;epsilon;0;instance_30_15_4_28;PARSE_ERROR;;;;;;;;;;;;;;
3;CPLEX-CP-T;cplex-cp;cp-t;epsilon;0;instance_30_15_4_29;TIMEOUT_FEASIBLE;299.9990;0.0036;299.9893;0.0001;2021;2766;167819;410;5;0;120;405
3;CPLEX-CP-T;cplex-cp;cp-t;epsilon;0;instance_30_15_4_3;TIMEOUT_FEASIBLE;299.9955;0.0039;299.9856;0.0001;2150;3024;203;443;5;0;120;438
3;CPLEX-CP-T;cplex-cp;cp-t;epsilon;0;instance_30_15_4_30;TIMEOUT_FEASIBLE;300.0051;0.0039;299.9953;0.0001;2119;2963;20226;444;7;0;120;437
3;CPLEX-CP-T;cplex-cp;cp-t;epsilon;0;instance_30_15_4_31;TIMEOUT_FEASIBLE;300.0040;0.0039;299.9945;0.0001;2042;2809;244;419;7;0;120;412
3;CPLEX-CP-T;cplex-cp;cp-t;epsilon;0;instance_30_15_4_32;TIMEOUT_FEASIBLE;300.0062;0.0038;299.9967;0.0001;2073;2871;210;390;3;0;120;387
3;CPLEX-CP-T;cplex-cp;cp-t;epsilon;0;instance_30_15_4_33;TIMEOUT_FEASIBLE;300.0049;0.0040;299.9947;0.0001;2120;2965;266843;438;3;0;120;435
3;CPLEX-CP-T;cplex-cp;cp-t;epsilon;0;instance_30_15_4_34;PARSE_ERROR;;;;;;;;;;;;;;
3;CPLEX-CP-T;cplex-cp;cp-t;epsilon;0;instance_30_15_4_35;PARSE_ERROR;;;;;;;;;;;;;;
3;CPLEX-CP-T;cplex-cp;cp-t;epsilon;0;instance_30_15_4_36;PARSE_ERROR;;;;;;;;;;;;;;
3;CPLEX-CP-T;cplex-cp;cp-t;epsilon;0;instance_30_15_4_37;TIMEOUT_FEASIBLE;300.0089;0.0042;299.9985;0.0001;2192;3107;28641;433;6;0;120;427
3;CPLEX-CP-T;cplex-cp;cp-t;epsilon;0;instance_30_15_4_38;TIMEOUT_FEASIBLE;299.9957;0.0039;299.9856;0.0001;2086;2895;2386135;406;4;0;120;402
3;CPLEX-CP-T;cplex-cp;cp-t;epsilon;0;instance_30_15_4_39;TIMEOUT_FEASIBLE;299.9955;0.0039;299.9856;0.0001;2056;2837;20691;450;3;0;120;447
3;CPLEX-CP-T;cplex-cp;cp-t;epsilon;0;instance_30_15_4_4;PARSE_ERROR;;;;;;;;;;;;;;
3;CPLEX-CP-T;cplex-cp;cp-t;epsilon;0;instance_30_15_4_40;PARSE_ERROR;;;;;;;;;;;;;;
3;CPLEX-CP-T;cplex-cp;cp-t;epsilon;0;instance_30_15_4_41;PARSE_ERROR;;;;;;;;;;;;;;
3;CPLEX-CP-T;cplex-cp;cp-t;epsilon;0;instance_30_15_4_42;TIMEOUT_FEASIBLE;299.9957;0.0040;299.9857;0.0001;2098;2921;204519;443;6;0;120;437
3;CPLEX-CP-T;cplex-cp;cp-t;epsilon;0;instance_30_15_4_43;PARSE_ERROR;;;;;;;;;;;;;;
3;CPLEX-CP-T;cplex-cp;cp-t;epsilon;0;instance_30_15_4_44;PARSE_ERROR;;;;;;;;;;;;;;
3;CPLEX-CP-T;cplex-cp;cp-t;epsilon;0;instance_30_15_4_45;TIMEOUT_FEASIBLE;300.0090;0.0040;299.9993;0.0001;2134;2990;178;428;6;0;120;422
3;CPLEX-CP-T;cplex-cp;cp-t;epsilon;0;instance_30_15_4_46;PARSE_ERROR;;;;;;;;;;;;;;
3;CPLEX-CP-T;cplex-cp;cp-t;epsilon;0;instance_30_15_4_47;TIMEOUT_FEASIBLE;299.9968;0.0023;299.9906;0.0000;2189;3102;9339310;433;10;0;120;423
3;CPLEX-CP-T;cplex-cp;cp-t;epsilon;0;instance_30_15_4_48;TIMEOUT_FEASIBLE;300.0057;0.0037;299.9962;0.0001;2024;2770;21794;437;6;0;120;431
3;CPLEX-CP-T;cplex-cp;cp-t;epsilon;0;instance_30_15_4_49;TIMEOUT_FEASIBLE;300.0056;0.0036;299.9968;0.0001;2005;2735;597;442;6;0;120;436
3;CPLEX-CP-T;cplex-cp;cp-t;epsilon;0;instance_30_15_4_5;TIMEOUT_FEASIBLE;299.9950;0.0037;299.9857;0.0001;1977;2677;22802;431;11;0;120;420
3;CPLEX-CP-T;cplex-cp;cp-t;epsilon;0;instance_30_15_4_50;TIMEOUT_FEASIBLE;300.0054;0.0035;299.9967;0.0001;1952;2629;14655;415;11;0;120;404
3;CPLEX-CP-T;cplex-cp;cp-t;epsilon;0;instance_30_15_4_6;TIMEOUT_FEASIBLE;300.0051;0.0040;299.9955;0.0001;2146;3017;151;446;5;0;120;441
3;CPLEX-CP-T;cplex-cp;cp-t;epsilon;0;instance_30_15_4_7;PARSE_ERROR;;;;;;;;;;;;;;
3;CPLEX-CP-T;cplex-cp;cp-t;epsilon;0;instance_30_15_4_8;INFEASIBLE;0.0014;0.0000;0.0000;0.0000;720;5;0;;;;;
3;CPLEX-CP-T;cplex-cp;cp-t;epsilon;0;instance_30_15_4_9;PARSE_ERROR;;;;;;;;;;;;;;
3;CPLEX-CP-T;cplex-cp;cp-t;epsilon;0;instance_40_25_5_1;TIMEOUT_FEASIBLE;300.0088;0.0092;299.9876;0.0001;4493;6851;43335;783;4;0;200;779
3;CPLEX-CP-T;cplex-cp;cp-t;epsilon;0;instance_40_25_5_10;PARSE_ERROR;;;;;;;;;;;;;;
3;CPLEX-CP-T;cplex-cp;cp-t;epsilon;0;instance_40_25_5_11;TIMEOUT_FEASIBLE;300.0052;0.0095;299.9858;0.0001;4565;6996;400;784;1;0;200;783
3;CPLEX-CP-T;cplex-cp;cp-t;epsilon;0;instance_40_25_5_12;TIMEOUT_FEASIBLE;300.0042;0.0090;299.9844;0.0001;4417;6696;465;784;3;0;200;781
3;CPLEX-CP-T;cplex-cp;cp-t;epsilon;0;instance_40_25_5_13;TIMEOUT_FEASIBLE;300.0052;0.0098;299.9820;0.0001;4675;7216;51726;787;3;0;200;784
3;CPLEX-CP-T;cplex-cp;cp-t;epsilon;0;instance_40_25_5_14;TIMEOUT_FEASIBLE;300.0038;0.0102;299.9813;0.0002;4826;7517;50690;782;1;0;200;781
3;CPLEX-CP-T;cplex-cp;cp-t;epsilon;0;instance_40_25_5_15;TIMEOUT_FEASIBLE;300.0041;0.0094;299.9816;0.0001;4527;6920;42323;721;6;0;200;715
3;CPLEX-CP-T;cplex-cp;cp-t;epsilon;0;instance_40_25_5_16;TIMEOUT_FEASIBLE;300.0045;0.0093;299.9842;0.0001;4604;7072;48868;765;6;0;200;759
3;CPLEX-CP-T;cplex-cp;cp-t;epsilon;0;instance_40_25_5_17;TIMEOUT_FEASIBLE;300.0134;0.0094;299.9897;0.0019;4530;6925;77597;753;8;0;200;745
3;CPLEX-CP-T;cplex-cp;cp-t;epsilon;0;instance_40_25_5_18;TIMEOUT_FEASIBLE;300.0147;0.0094;299.9923;0.0001;4499;6863;60290;786;2;0;200;784
3;CPLEX-CP-T;cplex-cp;cp-t;epsilon;0;instance_40_25_5_19;TIMEOUT_FEASIBLE;300.0043;0.0089;299.9837;0.0001;4527;6920;180956;745;11;3;200;731
3;CPLEX-CP-T;cplex-cp;cp-t;epsilon;0;instance_40_25_5_2;PARSE_ERROR;;;;;;;;;;;;;;
3;CPLEX-CP-T;cplex-cp;cp-t;epsilon;0;instance_40_25_5_20;TIMEOUT_FEASIBLE;300.0059;0.0091;299.9858;0.0001;4251;6367;462;772;5;7;200;760
3;CPLEX-CP-T;cplex-cp;cp-t;epsilon;0;instance_40_25_5_21;TIMEOUT_FEASIBLE;300.0060;0.0096;299.9833;0.0001;4607;7079;54066;760;2;0;200;758
3;CPLEX-CP-T;cplex-cp;cp-t;epsilon;0;instance_40_25_5_22;TIMEOUT_FEASIBLE;300.0053;0.0090;299.9826;0.0001;4447;6760;232744;771;10;3;200;758
3;CPLEX-CP-T;cplex-cp;cp-t;epsilon;0;instance_40_25_5_23;PARSE_ERROR;;;;;;;;;;;;;;
3;CPLEX-CP-T;cplex-cp;cp-t;epsilon;0;instance_40_25_5_24;TIMEOUT_FEASIBLE;300.0040;0.0100;299.9810;0.0001;4580;7025;308346;752;14;0;200;738
3;CPLEX-CP-T;cplex-cp;cp-t;epsilon;0;instance_40_25_5_25;TIMEOUT_FEASIBLE;300.0038;0.0094;299.9848;0.0001;4580;7025;968;769;8;0;200;761
3;CPLEX-CP-T;cplex-cp;cp-t;epsilon;0;instance_40_25_5_26;TIMEOUT_FEASIBLE;300.0051;0.0097;299.9828;0.0001;4536;6938;49522;778;2;1;200;775
3;CPLEX-CP-T;cplex-cp;cp-t;epsilon;0;instance_40_25_5_27;TIMEOUT_FEASIBLE;300.0045;0.0091;299.9825;0.0001;4481;6827;228726;755;16;0;200;739
3;CPLEX-CP-T;cplex-cp;cp-t;epsilon;0;instance_40_25_5_28;TIMEOUT_FEASIBLE;300.0057;0.0058;299.9924;0.0001;4603;7072;3976943;752;25;0;200;727
3;CPLEX-CP-T;cplex-cp;cp-t;epsilon;0;instance_40_25_5_29;TIMEOUT_FEASIBLE;300.0139;0.0091;299.9951;0.0001;4611;7088;549;757;13;0;200;744
3;CPLEX-CP-T;cplex-cp;cp-t;epsilon;0;instance_40_25_5_3;PARSE_ERROR;;;;;;;;;;;;;;
3;CPLEX-CP-T;cplex-cp;cp-t;epsilon;0;instance_40_25_5_30;TIMEOUT_FEASIBLE;300.0066;0.0096;299.9857;0.0001;4536;6937;433;771;5;0;200;766
3;CPLEX-CP-T;cplex-cp;cp-t;epsilon;0;instance_40_25_5_31;PARSE_ERROR;;;;;;;;;;;;;;
3;CPLEX-CP-T;cplex-cp;cp-t;epsilon;0;instance_40_25_5_32;TIMEOUT_FEASIBLE;300.0070;0.0090;299.9839;0.0023;4628;7121;302402;724;14;0;200;710
3;CPLEX-CP-T;cplex-cp;cp-t;epsilon;0;instance_40_25_5_33;PARSE_ERROR;;;;;;;;;;;;;;
3;CPLEX-CP-T;cplex-cp;cp-t;epsilon;0;instance_40_25_5_34;PARSE_ERROR;;;;;;;;;;;;;;
3;CPLEX-CP-T;cplex-cp;cp-t;epsilon;0;instance_40_25_5_35;PARSE_ERROR;;;;;;;;;;;;;;
3;CPLEX-CP-T;cplex-cp;cp-t;epsilon;0;instance_40_25_5_36;TIMEOUT_FEASIBLE;300.0026;0.0092;299.9836;0.0001;4709;7281;1065;788;0;0;200;788
3;CPLEX-CP-T;cplex-cp;cp-t;epsilon;0;instance_40_25_5_37;TIMEOUT_FEASIBLE;300.0144;0.0094;299.9919;0.0001;4637;7139;50683;755;5;0;200;750
3;CPLEX-CP-T;cplex-cp;cp-t;epsilon;0;instance_40_25_5_38;TIMEOUT_FEASIBLE;300.0052;0.0087;299.9855;0.0001;4328;6520;46925;741;5;0;200;736
3;CPLEX-CP-T;cplex-cp;cp-t;epsilon;0;instance_40_25_5_39;TIMEOUT_FEASIBLE;300.0063;0.0090;299.9842;0.0001;4448;6762;265098;749;11;9;200;729
3;CPLEX-CP-T;cplex-cp;cp-t;epsilon;0;instance_40_25_5_4;PARSE_ERROR;;;;;;;;;;;;;;
3;CPLEX-CP-T;cplex-cp;cp-t;epsilon;0;instance_40_25_5_40;TIMEOUT_FEASIBLE;300.0069;0.0096;299.9867;0.0001;4717;7298;402;775;6;0;200;769
3;CPLEX-CP-T;cplex-cp;cp-t;epsilon;0;instance_40_25_5_41;TIMEOUT_FEASIBLE;300.0042;0.0092;299.9832;0.0001;4330;6525;43971;771;6;0;200;765
3;CPLEX-CP-T;cplex-cp;cp-t;epsilon;0;instance_40_25_5_42;TIMEOUT_FEASIBLE;300.0044;0.0091;299.9846;0.0001;4543;6948;43314;747;8;0;200;739
3;CPLEX-CP-T;cplex-cp;cp-t;epsilon;0;instance_40_25_5_43;PARSE_ERROR;;;;;;;;;;;;;;
3;CPLEX-CP-T;cplex-cp;cp-t;epsilon;0;instance_40_25_5_44;TIMEOUT_FEASIBLE;300.0077;0.0094;299.9874;0.0001;4516;6898;1165;786;3;0;200;783
3;CPLEX-CP-T;cplex-cp;cp-t;epsilon;0;instance_40_25_5_45;TIMEOUT_FEASIBLE;300.0053;0.0095;299.9837;0.0001;4617;7099;53135;711;6;0;200;705
3;CPLEX-CP-T;cplex-cp;cp-t;epsilon;0;instance_40_25_5_46;INFEASIBLE;0.0018;0.0003;0.0000;0.0000;1200;32;0;;;;;
3;CPLEX-CP-T;cplex-cp;cp-t;epsilon;0;instance_40_25_5_47;TIMEOUT_FEASIBLE;300.0106;0.0094;299.9893;0.0001;4400;6664;52298;785;3;0;200;782
3;CPLEX-CP-T;cplex-cp;cp-t;epsilon;0;instance_40_25_5_48;TIMEOUT_FEASIBLE;300.0046;0.0096;299.9847;0.0001;4646;7156;398;769;1;0;200;768
3;CPLEX-CP-T;cplex-cp;cp-t;epsilon;0;instance_40_25_5_49;TIMEOUT_FEASIBLE;300.0047;0.0051;299.9918;0.0001;4459;6783;4306958;737;27;0;200;710
3;CPLEX-CP-T;cplex-cp;cp-t;epsilon;0;instance_40_25_5_5;TIMEOUT_FEASIBLE;300.0051;0.0092;299.9852;0.0001;4537;6938;363;787;6;0;200;781
3;CPLEX-CP-T;cplex-cp;cp-t;epsilon;0;instance_40_25_5_50;TIMEOUT_FEASIBLE;300.0049;0.0092;299.9851;0.0001;4324;6513;435;791;5;7;200;779
3;CPLEX-CP-T;cplex-cp;cp-t;epsilon;0;instance_40_25_5_6;PARSE_ERROR;;;;;;;;;;;;;;
3;CPLEX-CP-T;cplex-cp;cp-t;epsilon;0;instance_40_25_5_7;TIMEOUT_FEASIBLE;300.0072;0.0094;299.9866;0.0001;4403;6671;392;785;1;0;200;784
3;CPLEX-CP-T;cplex-cp;cp-t;epsilon;0;instance_40_25_5_8;TIMEOUT_FEASIBLE;300.0044;0.0084;299.9866;0.0001;4602;7070;354;772;4;0;200;768
3;CPLEX-CP-T;cplex-cp;cp-t;epsilon;0;instance_40_25_5_9;TIMEOUT_FEASIBLE;300.0058;0.0095;299.9850;0.0001;4632;7130;754;777;2;0;200;775
4;CPLEX-CP-I;cplex-cp;cp-i;epsilon;0;instance_30_15_4_1;TIMEOUT_FEASIBLE;299.9993;0.0067;299.9871;0.0001;1430;2153;170;451;8;0;120;443
4;CPLEX-CP-I;cplex-cp;cp-i;epsilon;0;instance_30_15_4_10;TIMEOUT_FEASIBLE;300.0043;0.0057;299.9935;0.0001;1268;1920;176;428;10;0;120;418
4;CPLEX-CP-I;cplex-cp;cp-i;epsilon;0;instance_30_15_4_11;PARSE_ERROR;;;;;;;;;;;;;;
4;CPLEX-CP-I;cplex-cp;cp-i;epsilon;0;instance_30_15_4_12;PARSE_ERROR;;;;;;;;;;;;;;
4;CPLEX-CP-I;cplex-cp;cp-i;epsilon;0;instance_30_15_4_13;TIMEOUT_FEASIBLE;300.0011;0.0045;299.9922;0.0001;976;1461;158;389;6;0;120;383
4;CPLEX-CP-I;cplex-cp;cp-i;epsilon;0;instance_30_15_4_14;TIMEOUT_FEASIBLE;299.9956;0.0067;299.9833;0.0001;1339;2042;12124;425;13;0;120;412
4;CPLEX-CP-I;cplex-cp;cp-i;epsilon;0;instance_30_15_4_15;TIMEOUT_FEASIBLE;300.0028;0.0067;299.9905;0.0001;1372;2057;13664;452;4;2;120;446
4;CPLEX-CP-I;cplex-cp;cp-i;epsilon;0;instance_30_15_4_16;TIMEOUT_FEASIBLE;299.9939;0.0053;299.9839;0.0001;1050;1624;17140;402;3;0;120;399
4;CPLEX-CP-I;cplex-cp;cp-i;epsilon;0;instance_30_15_4_17;TIMEOUT_FEASIBLE;300.0040;0.0060;299.9929;0.0001;1219;1858;9196;428;7;0;120;421
4;CPLEX-CP-I;cplex-cp;cp-i;epsilon;0;instance_30_15_4_18;TIMEOUT_FEASIBLE;300.0047;0.0073;299.9914;0.0001;1553;2311;13216;463;5;0;120;458
4;CPLEX-CP-I;cplex-cp;cp-i;epsilon;0;instance_30_15_4_19;PARSE_ERROR;;;;;;;;;;;;;;
4;CPLEX-CP-I;cplex-cp;cp-i;epsilon;0;instance_30_15_4_2;TIMEOUT_FEASIBLE;299.9959;0.0057;299.9853;0.0001;977;1505;31264;379;4;6;120;369
4;CPLEX-CP-I;cplex-cp;cp-i;epsilon;0;instance_30_15_4_20;TIMEOUT_FEASIBLE;300.0050;0.0055;299.9946;0.0001;1095;1678;8530;434;6;0;120;428
4;CPLEX-CP-I;cplex-cp;cp-i;epsilon;0;instance_30_15_4_21;INFEASIBLE;0.0014;0.0001;0.0000;0.0000;19;18;0;;;;;
4;CPLEX-CP-I;cplex-cp;cp-i;epsilon;0;instance_30_15_4_22;PARSE_ERROR;;;;;;;;;;;;;;
4;CPLEX-CP-I;cplex-cp;cp-i;epsilon;0;instance_30_15_4_23;PARSE_ERROR;;;;;;;;;;;;;;
4;CPLEX-CP-I;cplex-cp;cp-i;epsilon;0;instance_30_15_4_24;TIMEOUT_FEASIBLE;299.9983;0.0066;299.9864;0.0001;1423;2140;4285;450;3;0;120;447
4;CPLEX-CP-I;cplex-cp;cp-i;epsilon;0;instance_30_15_4_25;TIMEOUT_FEASIBLE;299.9937;0.0052;299.9836;0.0001;1015;1549;17715;411;3;0;120;408
4;CPLEX-CP-I;cplex-cp;cp-i;epsilon;0;instance_30_15_4_26;PARSE_ERROR;;;;;;;;;;;;;;
4;CPLEX-CP-I;cplex-cp;cp-i;epsilon;0;instance_30_15_4_27;TIMEOUT_FEASIBLE;300.0067;0.0061;299.9952;0.0001;1240;1895;23778;416;6;0;120;410
4;CPLEX-CP-I;cplex-cp;cp-i;epsilon;0;instance_30_15_4_28;PARSE_ERROR;;;;;;;;;;;;;;
4;CPLEX-CP-I;cplex-cp;cp-i;epsilon;0;instance_30_15_4_29;TIMEOUT_FEASIBLE;300.0041;0.0049;299.9945;0.0001;925;1407;16459;410;5;0;120;405
4;CPLEX-CP-I;cplex-cp;cp-i;epsilon;0;instance_30_15_4_3;TIMEOUT_FEASIBLE;299.9938;0.0067;299.9818;0.0001;1401;2126;7457;443;5;0;120;438
4;CPLEX-CP-I;cplex-cp;cp-i;epsilon;0;instance_30_15_4_30;TIMEOUT_FEASIBLE;300.0041;0.0065;299.9921;0.0001;1411;2129;21288;444;7;1;120;436
4;CPLEX-CP-I;cplex-cp;cp-i;epsilon;0;instance_30_15_4_31;TIMEOUT_FEASIBLE;300.0044;0.0064;299.9924;0.0001;1389;2057;195;419;7;0;120;412
4;CPLEX-CP-I;cplex-cp;cp-i;epsilon;0;instance_30_15_4_32;TIMEOUT_FEASIBLE;300.0037;0.0062;299.9920;0.0001;1246;1854;20090;390;3;0;120;387
4;CPLEX-CP-I;cplex-cp;cp-i;epsilon;0;instance_30_15_4_33;TIMEOUT_FEASIBLE;300.0043;0.0065;299.9921;0.0001;1359;2036;75122;438;3;0;120;435
4;CPLEX-CP-I;cplex-cp;cp-i;epsilon;0;instance_30_15_4_34;PARSE_ERROR;;;;;;;;;;;;;;
4;CPLEX-CP-I;cplex-cp;cp-i;epsilon;0;instance_30_15_4_35;PARSE_ERROR;;;;;;;;;;;;;;
4;CPLEX-CP-I;cplex-cp;cp-i;epsilon;0;instance_30_15_4_36;PARSE_ERROR;;;;;;;;;;;;;;
4;CPLEX-CP-I;cplex-cp;cp-i;epsilon;0;instance_30_15_4_37;TIMEOUT_FEASIBLE;299.9990;0.0061;299.9875;0.0001;1286;1980;42000;433;6;0;120;427
4;CPLEX-CP-I;cplex-cp;cp-i;epsilon;0;instance_30_15_4_38;TIMEOUT_FEASIBLE;299.9955;0.0063;299.9838;0.0001;1246;1906;109422;406;4;0;120;402
4;CPLEX-CP-I;cplex-cp;cp-i;epsilon;0;instance_30_15_4_39;TIMEOUT_FEASIBLE;300.0044;0.0066;299.9923;0.0001;1398;2093;7848;450;3;0;120;447
4;CPLEX-CP-I;cplex-cp;cp-i;epsilon;0;instance_30_15_4_4;PARSE_ERROR;;;;;;;;;;;;;;
4;CPLEX-CP-I;cplex-cp;cp-i;epsilon;0;instance_30_15_4_40;PARSE_ERROR;;;;;;;;;;;;;;
4;CPLEX-CP-I;cplex-cp;cp-i;epsilon;0;instance_30_15_4_41;PARSE_ERROR;;;;;;;;;;;;;;
4;CPLEX-CP-I;cplex-cp;cp-i;epsilon;0;instance_30_15_4_42;TIMEOUT_FEASIBLE;300.0059;0.0069;299.9929;0.0001;1445;2156;74131;443;6;0;120;437
4;CPLEX-CP-I;cplex-cp;cp-i;epsilon;0;instance_30_15_4_43;PARSE_ERROR;;;;;;;;;;;;;;
4;CPLEX-CP-I;cplex-cp;cp-i;epsilon;0;instance_30_15_4_44;PARSE_ERROR;;;;;;;;;;;;;;
4;CPLEX-CP-I;cplex-cp;cp-i;epsilon;0;instance_30_15_4_45;TIMEOUT_FEASIBLE;300.0049;0.0069;299.9925;0.0001;1447;2172;4457;428;6;0;120;422
4;CPLEX-CP-I;cplex-cp;cp-i;epsilon;0;instance_30_15_4_46;PARSE_ERROR;;;;;;;;;;;;;;
4;CPLEX-CP-I;cplex-cp;cp-i;epsilon;0;instance_30_15_4_47;TIMEOUT_FEASIBLE;300.0041;0.0057;299.9931;0.0001;1230;1894;3070644;433;5;0;120;428
4;CPLEX-CP-I;cplex-cp;cp-i;epsilon;0;instance_30_15_4_48;TIMEOUT_FEASIBLE;299.9953;0.0063;299.9836;0.0001;1250;1889;9869;437;6;1;120;430
4;CPLEX-CP-I;cplex-cp;cp-i;epsilon;0;instance_30_15_4_49;TIMEOUT_FEASIBLE;300.0044;0.0057;299.9938;0.0001;1242;1852;181;442;6;0;120;436
4;CPLEX-CP-I;cplex-cp;cp-i;epsilon;0;instance_30_15_4_5;TIMEOUT_FEASIBLE;300.0043;0.0059;299.9932;0.0001;1163;1743;19228;431;11;0;120;420
4;CPLEX-CP-I;cplex-cp;cp-i;epsilon;0;instance_30_15_4_50;TIMEOUT_FEASIBLE;299.9948;0.0052;299.9849;0.0001;1018;1538;4574;415;11;0;120;404
4;CPLEX-CP-I;cplex-cp;cp-i;epsilon;0;instance_30_15_4_6;TIMEOUT_FEASIBLE;300.0041;0.0057;299.9933;0.0001;1157;1769;153;446;5;0;120;441
4;CPLEX-CP-I;cplex-cp;cp-i;epsilon;0;instance_30_15_4_7;PARSE_ERROR;;;;;;;;;;;;;;
4;CPLEX-CP-I;cplex-cp;cp-i;epsilon;0;instance_30_15_4_8;INFEASIBLE;0.0015;0.0001;0.0000;0.0000;31;30;0;;;;;
4;CPLEX-CP-I;cplex-cp;cp-i;epsilon;0;instance_30_15_4_9;PARSE_ERROR;;;;;;;;;;;;;;
4;CPLEX-CP-I;cplex-cp;cp-i;epsilon;0;instance_40_25_5_1;TIMEOUT_FEASIBLE;299.9975;0.0165;299.9721;0.0001;2924;4256;371;783;4;0;200;779
4;CPLEX-CP-I;cplex-cp;cp-i;epsilon;0;instance_40_25_5_10;PARSE_ERROR;;;;;;;;;;;;;;
4;CPLEX-CP-I;cplex-cp;cp-i;epsilon;0;instance_40_25_5_11;TIMEOUT_FEASIBLE;300.0047;0.0177;299.9768;0.0001;3242;4737;410;784;1;0;200;783
4;CPLEX-CP-I;cplex-cp;cp-i;epsilon;0;instance_40_25_5_12;TIMEOUT_FEASIBLE;300.0021;0.0171;299.9756;0.0001;3081;4452;406;784;3;0;200;781
4;CPLEX-CP-I;cplex-cp;cp-i;epsilon;0;instance_40_25_5_13;TIMEOUT_FEASIBLE;300.0134;0.0177;299.9858;0.0002;3307;4840;383;787;3;1;200;783
4;CPLEX-CP-I;cplex-cp;cp-i;epsilon;0;instance_40_25_5_14;TIMEOUT_FEASIBLE;300.0124;0.0194;299.9820;0.0002;3615;5299;22692;782;1;0;200;781
4;CPLEX-CP-I;cplex-cp;cp-i;epsilon;0;instance_40_25_5_15;TIMEOUT_FEASIBLE;300.0020;0.0178;299.9741;0.0002;3045;4478;24084;721;6;0;200;715
4;CPLEX-CP-I;cplex-cp;cp-i;epsilon;0;instance_40_25_5_16;TIMEOUT_FEASIBLE;300.0023;0.0165;299.9760;0.0002;2949;4329;22977;765;6;0;200;759
4;CPLEX-CP-I;cplex-cp;cp-i;epsilon;0;instance_40_25_5_17;TIMEOUT_FEASIBLE;300.0025;0.0184;299.9739;0.0002;3083;4481;47556;753;8;0;200;745
4;CPLEX-CP-I;cplex-cp;cp-i;epsilon;0;instance_40_25_5_18;TIMEOUT_FEASIBLE;300.0030;0.0177;299.9752;0.0002;3222;4692;22490;786;2;0;200;784
4;CPLEX-CP-I;cplex-cp;cp-i;epsilon;0;instance_40_25_5_19;TIMEOUT_FEASIBLE;300.0030;0.0146;299.9797;0.0002;2449;3616;57243;745;11;1;200;733
4;CPLEX-CP-I;cplex-cp;cp-i;epsilon;0;instance_40_25_5_2;PARSE_ERROR;;;;;;;;;;;;;;
4;CPLEX-CP-I;cplex-cp;cp-i;epsilon;0;instance_40_25_5_20;TIMEOUT_FEASIBLE;300.0052;0.0183;299.9769;0.0002;3091;4401;28079;772;5;14;200;753
4;CPLEX-CP-I;cplex-cp;cp-i;epsilon;0;instance_40_25_5_21;TIMEOUT_FEASIBLE;300.0038;0.0184;299.9749;0.0002;3280;4778;12304;760;2;0;200;758
4;CPLEX-CP-I;cplex-cp;cp-i;epsilon;0;instance_40_25_5_22;TIMEOUT_FEASIBLE;300.0132;0.0160;299.9875;0.0002;2721;4000;85416;771;10;2;200;759
4;CPLEX-CP-I;cplex-cp;cp-i;epsilon;0;instance_40_25_5_23;PARSE_ERROR;;;;;;;;;;;;;;
4;CPLEX-CP-I;cplex-cp;cp-i;epsilon;0;instance_40_25_5_24;TIMEOUT_FEASIBLE;300.0052;0.0157;299.9804;0.0002;2599;3824;134641;752;14;0;200;738
4;CPLEX-CP-I;cplex-cp;cp-i;epsilon;0;instance_40_25_5_25;TIMEOUT_FEASIBLE;300.0034;0.0149;299.9800;0.0002;2636;3871;7146;769;8;0;200;761
4;CPLEX-CP-I;cplex-cp;cp-i;epsilon;0;instance_40_25_5_26;TIMEOUT_FEASIBLE;300.0087;0.0170;299.9824;0.0001;3262;4762;407;778;2;2;200;774
4;CPLEX-CP-I;cplex-cp;cp-i;epsilon;0;instance_40_25_5_27;TIMEOUT_FEASIBLE;300.0102;0.0150;299.9856;0.0002;2621;3848;110478;755;16;0;200;739
4;CPLEX-CP-I;cplex-cp;cp-i;epsilon;0;instance_40_25_5_28;TIMEOUT_FEASIBLE;300.0020;0.0106;299.9857;0.0001;3173;4676;2450702;752;44;0;200;708
4;CPLEX-CP-I;cplex-cp;cp-i;epsilon;0;instance_40_25_5_29;TIMEOUT_FEASIBLE;300.0115;0.0154;299.9872;0.0002;2759;4047;35273;757;13;2;200;742
4;CPLEX-CP-I;cplex-cp;cp-i;epsilon;0;instance_40_25_5_3;PARSE_ERROR;;;;;;;;;;;;;;
4;CPLEX-CP-I;cplex-cp;cp-i;epsilon;0;instance_40_25_5_30;TIMEOUT_FEASIBLE;300.0048;0.0195;299.9747;0.0002;3553;5143;466;771;5;0;200;766
4;CPLEX-CP-I;cplex-cp;cp-i;epsilon;0;instance_40_25_5_31;PARSE_ERROR;;;;;;;;;;;;;;
4;CPLEX-CP-I;cplex-cp;cp-i;epsilon;0;instance_40_25_5_32;TIMEOUT_FEASIBLE;300.0033;0.0177;299.9752;0.0002;3251;4793;70419;724;14;0;200;710
4;CPLEX-CP-I;cplex-cp;cp-i;epsilon;0;instance_40_25_5_33;PARSE_ERROR;;;;;;;;;;;;;;
4;CPLEX-CP-I;cplex-cp;cp-i;epsilon;0;instance_40_25_5_34;PARSE_ERROR;;;;;;;;;;;;;;
4;CPLEX-CP-I;cplex-cp;cp-i;epsilon;0;instance_40_25_5_35;PARSE_ERROR;;;;;;;;;;;;;;
4;CPLEX-CP-I;cplex-cp;cp-i;epsilon;0;instance_40_25_5_36;TIMEOUT_FEASIBLE;300.0101;0.0199;299.9794;0.0002;3286;4821;8317;788;0;0;200;788
4;CPLEX-CP-I;cplex-cp;cp-i;epsilon;0;instance_40_25_5_37;TIMEOUT_FEASIBLE;300.0022;0.0182;299.9742;0.0002;3151;4633;27964;755;5;0;200;750
4;CPLEX-CP-I;cplex-cp;cp-i;epsilon;0;instance_40_25_5_38;TIMEOUT_FEASIBLE;300.0030;0.0156;299.9778;0.0002;2820;4116;52885;741;5;0;200;736
4;CPLEX-CP-I;cplex-cp;cp-i;epsilon;0;instance_40_25_5_39;TIMEOUT_FEASIBLE;300.0031;0.0159;299.9782;0.0002;2563;3767;167023;749;11;5;200;733
4;CPLEX-CP-I;cplex-cp;cp-i;epsilon;0;instance_40_25_5_4;PARSE_ERROR;;;;;;;;;;;;;;
4;CPLEX-CP-I;cplex-cp;cp-i;epsilon;0;instance_40_25_5_40;TIMEOUT_FEASIBLE;300.0037;0.0168;299.9770;0.0002;3076;4533;11623;775;6;0;200;769
4;CPLEX-CP-I;cplex-cp;cp-i;epsilon;0;instance_40_25_5_41;TIMEOUT_FEASIBLE;300.0038;0.0181;299.9758;0.0001;3241;4682;422;771;6;0;200;765
4;CPLEX-CP-I;cplex-cp;cp-i;epsilon;0;instance_40_25_5_42;TIMEOUT_FEASIBLE;300.0013;0.0159;299.9758;0.0002;2735;4071;55069;747;8;2;200;737
4;CPLEX-CP-I;cplex-cp;cp-i;epsilon;0;instance_40_25_5_43;PARSE_ERROR;;;;;;;;;;;;;;
4;CPLEX-CP-I;cplex-cp;cp-i;epsilon;0;instance_40_25_5_44;TIMEOUT_FEASIBLE;300.0062;0.0195;299.9760;0.0002;3287;4819;32682;786;3;2;200;781
4;CPLEX-CP-I;cplex-cp;cp-i;epsilon;0;instance_40_25_5_45;TIMEOUT_FEASIBLE;300.0128;0.0185;299.9839;0.0002;3187;4693;24535;711;6;0;200;705
4;CPLEX-CP-I;cplex-cp;cp-i;epsilon;0;instance_40_25_5_46;INFEASIBLE;0.0026;0.0010;0.0000;0.0000;317;316;0;;;;;
4;CPLEX-CP-I;cplex-cp;cp-i;epsilon;0;instance_40_25_5_47;TIMEOUT_FEASIBLE;299.9987;0.0184;299.9696;0.0002;3472;5028;29082;785;3;0;200;782
4;CPLEX-CP-I;cplex-cp;cp-i;epsilon;0;instance_40_25_5_48;TIMEOUT_FEASIBLE;300.0117;0.0180;299.9834;0.0002;3247;4793;19739;769;1;3;200;765
4;CPLEX-CP-I;cplex-cp;cp-i;epsilon;0;instance_40_25_5_49;TIMEOUT_FEASIBLE;300.0026;0.0096;299.9877;0.0001;2951;4331;8911572;737;44;0;200;693
4;CPLEX-CP-I;cplex-cp;cp-i;epsilon;0;instance_40_25_5_5;TIMEOUT_FEASIBLE;300.0058;0.0167;299.9793;0.0002;3263;4745;13516;787;6;2;200;779
4;CPLEX-CP-I;cplex-cp;cp-i;epsilon;0;instance_40_25_5_50;TIMEOUT_FEASIBLE;300.0036;0.0184;299.9746;0.0002;3408;4851;20249;791;5;0;200;786
4;CPLEX-CP-I;cplex-cp;cp-i;epsilon;0;instance_40_25_5_6;PARSE_ERROR;;;;;;;;;;;;;;
4;CPLEX-CP-I;cplex-cp;cp-i;epsilon;0;instance_40_25_5_7;TIMEOUT_FEASIBLE;300.0122;0.0188;299.9831;0.0002;3454;4982;452;785;1;1;200;783
4;CPLEX-CP-I;cplex-cp;cp-i;epsilon;0;instance_40_25_5_8;TIMEOUT_FEASIBLE;300.0133;0.0159;299.9884;0.0001;3015;4436;385;772;4;0;200;768
4;CPLEX-CP-I;cplex-cp;cp-i;epsilon;0;instance_40_25_5_9;TIMEOUT_FEASIBLE;300.0076;0.0183;299.9786;0.0002;3326;4872;26093;777;2;0;200;775
1;GUROBI-MIP;gurobi-mip;mip-e;epsilon;0.01;instance_30_15_4_1;OPTIMUM;0.4614;0.0223;0.1956;0.0002;3371;3079;1;447;4;0;120;443
1;GUROBI-MIP;gurobi-mip;mip-e;epsilon;0.01;instance_30_15_4_10;OPTIMUM;0.1839;0.0189;0.1614;0.0002;2858;2791;1;424;6;0;120;418
1;GUROBI-MIP;gurobi-mip;mip-e;epsilon;0.01;instance_30_15_4_11;PARSE_ERROR;;;;;;;;;;;;;;
1;GUROBI-MIP;gurobi-mip;mip-e;epsilon;0.01;instance_30_15_4_12;PARSE_ERROR;;;;;;;;;;;;;;
1;GUROBI-MIP;gurobi-mip;mip-e;epsilon;0.01;instance_30_15_4_13;OPTIMUM;0.1694;0.0155;0.1506;0.0002;2204;2192;1;386;3;0;120;383
1;GUROBI-MIP;gurobi-mip;mip-e;epsilon;0.01;instance_30_15_4_14;OPTIMUM;0.2012;0.0206;0.1767;0.0002;3089;2948;1;421;9;0;120;412
1;GUROBI-MIP;gurobi-mip;mip-e;epsilon;0.01;instance_30_15_4_15;OPTIMUM;0.2812;0.0224;0.2548;0.0002;3341;3041;1;448;1;0;120;447
1;GUROBI-MIP;gurobi-mip;mip-e;epsilon;0.01;instance_30_15_4_16;OPTIMUM;0.1258;0.0160;0.1065;0.0002;2300;2344;1;398;0;0;120;398
1;GUROBI-MIP;gurobi-mip;mip-e;epsilon;0.01;instance_30_15_4_17;OPTIMUM;0.1648;0.0192;0.1422;0.0002;2875;2724;1;425;3;0;120;422
1;GUROBI-MIP;gurobi-mip;mip-e;epsilon;0.01;instance_30_15_4_18;OPTIMUM;0.3437;0.0247;0.3149;0.0002;3959;3386;1;460;3;0;120;457
1;GUROBI-MIP;gurobi-mip;mip-e;epsilon;0.01;instance_30_15_4_19;PARSE_ERROR;;;;;;;;;;;;;;
1;GUROBI-MIP;gurobi-mip;mip-e;epsilon;0.01;instance_30_15_4_2;OPTIMUM;0.1541;0.0150;0.1361;0.0002;2165;2208;1;376;2;1;120;373
1;GUROBI-MIP;gurobi-mip;mip-e;epsilon;0.01;instance_30_15_4_20;OPTIMUM;0.1437;0.0165;0.1239;0.0002;2444;2469;1;430;4;0;120;426
1;GUROBI-MIP;gurobi-mip;mip-e;epsilon;0.01;instance_30_15_4_21;INFEASIBLE;0.0073;0.0036;0.0019;0.0000;1837;1922;0;;;;;
1;GUROBI-MIP;gurobi-mip;mip-e;epsilon;0.01;instance_30_15_4_22;PARSE_ERROR;;;;;;;;;;;;;;
1;GUROBI-MIP;gurobi-mip;mip-e;epsilon;0.01;instance_30_15_4_23;PARSE_ERROR;;;;;;;;;;;;;;
1;GUROBI-MIP;gurobi-mip;mip-e;epsilon;0.01;instance_30_15_4_24;OPTIMUM;0.2105;0.0215;0.1851;0.0002;3343;3066;1;447;1;0;120;446
1;GUROBI-MIP;gurobi-mip;mip-e;epsilon;0.01;instance_30_15_4_25;OPTIMUM;0.1447;0.0165;0.1250;0.0002;2287;2294;1;409;2;0;120;407
1;GUROBI-MIP;gurobi-mip;mip-e;epsilon;0.01;instance_30_15_4_26;PARSE_ERROR;;;;;;;;;;;;;;
1;GUROBI-MIP;gurobi-mip;mip-e;epsilon;0.01;instance_30_15_4_27;OPTIMUM;0.1904;0.0198;0.1667;0.0002;2917;2741;1;412;2;0;120;410
1;GUROBI-MIP;gurobi-mip;mip-e;epsilon;0.01;instance_30_15_4_28;PARSE_ERROR;;;;;;;;;;;;;;
1;GUROBI-MIP;gurobi-mip;mip-e;epsilon;0.01;instance_30_15_4_29;OPTIMUM;0.1375;0.0149;0.1194;0.0002;2095;2159;1;407;3;0;120;404
1;GUROBI-MIP;gurobi-mip;mip-e;epsilon;0.01;instance_30_15_4_3;OPTIMUM;0.2762;0.0216;0.2507;0.0002;3366;3038;1;439;2;0;120;437
1;GUROBI-MIP;gurobi-mip;mip-e;epsilon;0.01;instance_30_15_4_30;OPTIMUM;0.2958;0.0216;0.2702;0.0002;3307;3074;1;440;3;0;120;437
1;GUROBI-MIP;gurobi-mip;mip-e;epsilon;0.01;instance_30_15_4_31;OPTIMUM;0.2466;0.0216;0.2211;0.0002;3331;3021;1;416;4;0;120;412
1;GUROBI-MIP;gurobi-mip;mip-e;epsilon;0.01;instance_30_15_4_32;OPTIMUM;0.1942;0.0207;0.1695;0.0002;3155;2791;1;387;1;0;120;386
1;GUROBI-MIP;gurobi-mip;mip-e;epsilon;0.01;instance_30_15_4_33;OPTIMUM;0.2006;0.0215;0.1751;0.0002;3223;2979;1;434;1;0;120;433
1;GUROBI-MIP;gurobi-mip;mip-e;epsilon;0.01;instance_30_15_4_34;PARSE_ERROR;;;;;;;;;;;;;;
1;GUROBI-MIP;gurobi-mip;mip-e;epsilon;0.01;instance_30_15_4_35;PARSE_ERROR;;;;;;;;;;;;;;
1;GUROBI-MIP;gurobi-mip;mip-e;epsilon;0.01;instance_30_15_4_36;PARSE_ERROR;;;;;;;;;;;;;;
1;GUROBI-MIP;gurobi-mip;mip-e;epsilon;0.01;instance_30_15_4_37;OPTIMUM;0.1706;0.0190;0.1480;0.0002;2865;2755;1;429;3;0;120;426
1;GUROBI-MIP;gurobi-mip;mip-e;epsilon;0.01;instance_30_15_4_38;OPTIMUM;0.1854;0.0193;0.1623;0.0002;2845;2745;1;402;0;0;120;402
1;GUROBI-MIP;gurobi-mip;mip-e;epsilon;0.01;instance_30_15_4_39;OPTIMUM;0.2031;0.0213;0.1779;0.0002;3288;3013;1;446;2;0;120;444
1;GUROBI-MIP;gurobi-mip;mip-e;epsilon;0.01;instance_30_15_4_4;PARSE_ERROR;;;;;;;;;;;;;;
1;GUROBI-MIP;gurobi-mip;mip-e;epsilon;0.01;instance_30_15_4_40;PARSE_ERROR;;;;;;;;;;;;;;
1;GUROBI-MIP;gurobi-mip;mip-e;epsilon;0.01;instance_30_15_4_41;PARSE_ERROR;;;;;;;;;;;;;;
1;GUROBI-MIP;gurobi-mip;mip-e;epsilon;0.01;instance_30_15_4_42;OPTIMUM;0.2294;0.0215;0.2040;0.0002;3363;3102;1;439;2;0;120;437
1;GUROBI-MIP;gurobi-mip;mip-e;epsilon;0.01;instance_30_15_4_43;PARSE_ERROR;;;;;;;;;;;;;;
1;GUROBI-MIP;gurobi-mip;mip-e;epsilon;0.01;instance_30_15_4_44;PARSE_ERROR;;;;;;;;;;;;;;
1;GUROBI-MIP;gurobi-mip;mip-e;epsilon;0.01;instance_30_15_4_45;OPTIMUM;0.2209;0.0225;0.1943;0.0002;3586;3190;1;424;2;0;120;422
1;GUROBI-MIP;gurobi-mip;mip-e;epsilon;0.01;instance_30_15_4_46;PARSE_ERROR;;;;;;;;;;;;;;
1;GUROBI-MIP;gurobi-mip;mip-e;epsilon;0.01;instance_30_15_4_47;OPTIMUM;0.1710;0.0190;0.1484;0.0002;2811;2697;1;432;4;0;120;428
1;GUROBI-MIP;gurobi-mip;mip-e;epsilon;0.01;instance_30_15_4_48;OPTIMUM;0.1865;0.0195;0.1633;0.0002;2913;2779;1;433;2;0;120;431
1;GUROBI-MIP;gurobi-mip;mip-e;epsilon;0.01;instance_30_15_4_49;OPTIMUM;0.1720;0.0196;0.1487;0.0002;2912;2738;1;438;3;0;120;435
1;GUROBI-MIP;gurobi-mip;mip-e;epsilon;0.01;instance_30_15_4_5;OPTIMUM;0.1679;0.0182;0.1462;0.0002;2772;2611;1;427;6;0;120;421
1;GUROBI-MIP;gurobi-mip;mip-e;epsilon;0.01;instance_30_15_4_50;OPTIMUM;0.1476;0.0160;0.1285;0.0002;2294;2254;1;412;9;0;120;403
1;GUROBI-MIP;gurobi-mip;mip-e;epsilon;0.01;instance_30_15_4_6;OPTIMUM;0.2063;0.0179;0.1849;0.0002;2621;2606;1;442;2;0;120;440
1;GUROBI-MIP;gurobi-mip;mip-e;epsilon;0.01;instance_30_15_4_7;PARSE_ERROR;;;;;;;;;;;;;;
1;GUROBI-MIP;gurobi-mip;mip-e;epsilon;0.01;instance_30_15_4_8;INFEASIBLE;0.0100;0.0057;0.0024;0.0000;3104;2911;0;;;;;
1;GUROBI-MIP;gurobi-mip;mip-e;epsilon;0.01;instance_30_15_4_9;PARSE_ERROR;;;;;;;;;;;;;;
1;GUROBI-MIP;gurobi-mip;mip-e;epsilon;0.01;instance_40_25_5_1;OPTIMUM;0.6033;0.0491;0.5470;0.0004;7806;6177;1;777;0;0;200;777
1;GUROBI-MIP;gurobi-mip;mip-e;epsilon;0.01;instance_40_25_5_10;PARSE_ERROR;;;;;;;;;;;;;;
1;GUROBI-MIP;gurobi-mip;mip-e;epsilon;0.01;instance_40_25_5_11;OPTIMUM;0.5614;0.0530;0.5006;0.0004;8366;6741;1;783;0;0;200;783
1;GUROBI-MIP;gurobi-mip;mip-e;epsilon;0.01;instance_40_25_5_12;OPTIMUM;0.6241;0.0511;0.5660;0.0004;7935;6437;1;778;0;0;200;778
1;GUROBI-MIP;gurobi-mip;mip-e;epsilon;0.01;instance_40_25_5_13;OPTIMUM;0.9500;0.0530;0.8894;0.0004;8187;6772;1;783;0;0;200;783
1;GUROBI-MIP;gurobi-mip;mip-e;epsilon;0.01;instance_40_25_5_14;OPTIMUM;0.6347;0.0576;0.5692;0.0004;9031;7290;1;781;0;0;200;781
1;GUROBI-MIP;gurobi-mip;mip-e;epsilon;0.01;instance_40_25_5_15;OPTIMUM;0.5904;0.0507;0.5323;0.0004;7991;6437;1;714;1;0;200;713
1;GUROBI-MIP;gurobi-mip;mip-e;epsilon;0.01;instance_40_25_5_16;OPTIMUM;0.5390;0.0477;0.4845;0.0004;7425;6080;1;760;2;0;200;758
1;GUROBI-MIP;gurobi-mip;mip-e;epsilon;0.01;instance_40_25_5_17;OPTIMUM;0.6862;0.0570;0.6210;0.0004;7867;6418;1;747;3;0;200;744
1;GUROBI-MIP;gurobi-mip;mip-e;epsilon;0.01;instance_40_25_5_18;OPTIMUM;0.5644;0.0528;0.5039;0.0005;8262;6693;1;782;0;0;200;782
1;GUROBI-MIP;gurobi-mip;mip-e;epsilon;0.01;instance_40_25_5_19;OPTIMUM;0.4095;0.0398;0.3635;0.0004;5910;5212;1;738;5;0;200;733
1;GUROBI-MIP;gurobi-mip;mip-e;epsilon;0.01;instance_40_25_5_2;PARSE_ERROR;;;;;;;;;;;;;;
1;GUROBI-MIP;gurobi-mip;mip-e;epsilon;0.01;instance_40_25_5_20;OPTIMUM;0.7580;0.0513;0.6993;0.0004;8180;6439;1;767;2;0;200;765
1;GUROBI-MIP;gurobi-mip;mip-e;epsilon;0.01;instance_40_25_5_21;OPTIMUM;0.6638;0.0539;0.6024;0.0004;8490;6813;1;755;0;0;200;755
1;GUROBI-MIP;gurobi-mip;mip-e;epsilon;0.01;instance_40_25_5_22;OPTIMUM;1.4341;0.0447;1.3821;0.0004;6757;5793;1;765;5;0;200;760
1;GUROBI-MIP;gurobi-mip;mip-e;epsilon;0.01;instance_40_25_5_23;PARSE_ERROR;;;;;;;;;;;;;;
1;GUROBI-MIP;gurobi-mip;mip-e;epsilon;0.01;instance_40_25_5_24;OPTIMUM;0.7381;0.0422;0.6896;0.0004;6415;5517;1;745;7;0;200;738
1;GUROBI-MIP;gurobi-mip;mip-e;epsilon;0.01;instance_40_25_5_25;OPTIMUM;0.5038;0.0431;0.4547;0.0004;6367;5530;1;762;5;0;200;757
1;GUROBI-MIP;gurobi-mip;mip-e;epsilon;0.01;instance_40_25_5_26;OPTIMUM;0.7049;0.0533;0.6434;0.0004;8367;6757;1;775;0;0;200;775
1;GUROBI-MIP;gurobi-mip;mip-e;epsilon;0.01;instance_40_25_5_27;OPTIMUM;0.6384;0.0422;0.5902;0.0004;6288;5519;1;749;10;0;200;739
1;GUROBI-MIP;gurobi-mip;mip-e;epsilon;0.01;instance_40_25_5_28;OPTIMUM;0.7435;0.0509;0.6854;0.0004;7869;6569;1;746;5;0;200;741
1;GUROBI-MIP;gurobi-mip;mip-e;epsilon;0.01;instance_40_25_5_29;OPTIMUM;0.5246;0.0434;0.4749;0.0003;6686;5707;1;751;5;0;200;746
1;GUROBI-MIP;gurobi-mip;mip-e;epsilon;0.01;instance_40_25_5_3;PARSE_ERROR;;;;;;;;;;;;;;
1;GUROBI-MIP;gurobi-mip;mip-e;epsilon;0.01;instance_40_25_5_30;OPTIMUM;0.7376;0.0570;0.6722;0.0005;9104;7202;1;764;1;0;200;763
1;GUROBI-MIP;gurobi-mip;mip-e;epsilon;0.01;instance_40_25_5_31;PARSE_ERROR;;;;;;;;;;;;;;
1;GUROBI-MIP;gurobi-mip;mip-e;epsilon;0.01;instance_40_25_5_32;OPTIMUM;0.7512;0.0503;0.6940;0.0004;7826;6652;1;718;9;0;200;709
1;GUROBI-MIP;gurobi-mip;mip-e;epsilon;0.01;instance_40_25_5_33;PARSE_ERROR;;;;;;;;;;;;;;
1;GUROBI-MIP;gurobi-mip;mip-e;epsilon;0.01;instance_40_25_5_34;PARSE_ERROR;;;;;;;;;;;;;;
1;GUROBI-MIP;gurobi-mip;mip-e;epsilon;0.01;instance_40_25_5_35;PARSE_ERROR;;;;;;;;;;;;;;
1;GUROBI-MIP;gurobi-mip;mip-e;epsilon;0.01;instance_40_25_5_36;OPTIMUM;0.5844;0.0542;0.5224;0.0004;8531;6890;1;788;0;0;200;788
1;GUROBI-MIP;gurobi-mip;mip-e;epsilon;0.01;instance_40_25_5_37;OPTIMUM;0.5644;0.0499;0.5074;0.0004;7699;6496;1;750;1;0;200;749
1;GUROBI-MIP;gurobi-mip;mip-e;epsilon;0.01;instance_40_25_5_38;OPTIMUM;0.4908;0.0444;0.4404;0.0004;6726;5915;1;735;0;0;200;735
1;GUROBI-MIP;gurobi-mip;mip-e;epsilon;0.01;instance_40_25_5_39;OPTIMUM;0.6002;0.0434;0.5506;0.0004;6492;5387;1;742;6;0;200;736
1;GUROBI-MIP;gurobi-mip;mip-e;epsilon;0.01;instance_40_25_5_4;PARSE_ERROR;;;;;;;;;;;;;;
1;GUROBI-MIP;gurobi-mip;mip-e;epsilon;0.01;instance_40_25_5_40;OPTIMUM;0.5858;0.0496;0.5291;0.0004;7792;6455;1;769;1;0;200;768
1;GUROBI-MIP;gurobi-mip;mip-e;epsilon;0.01;instance_40_25_5_41;OPTIMUM;0.8112;0.0541;0.7491;0.0004;8669;6835;1;765;2;0;200;763
1;GUROBI-MIP;gurobi-mip;mip-e;epsilon;0.01;instance_40_25_5_42;OPTIMUM;0.5084;0.0449;0.4571;0.0004;6886;5873;1;741;4;0;200;737
1;GUROBI-MIP;gurobi-mip;mip-e;epsilon;0.01;instance_40_25_5_43;PARSE_ERROR;;;;;;;;;;;;;;
1;GUROBI-MIP;gurobi-mip;mip-e;epsilon;0.01;instance_40_25_5_44;OPTIMUM;0.5883;0.0535;0.5270;0.0005;8468;6856;1;780;0;0;200;780
1;GUROBI-MIP;gurobi-mip;mip-e;epsilon;0.01;instance_40_25_5_45;OPTIMUM;0.6259;0.0515;0.5669;0.0004;7993;6603;1;704;1;0;200;703
1;GUROBI-MIP;gurobi-mip;mip-e;epsilon;0.01;instance_40_25_5_46;INFEASIBLE;0.0233;0.0154;0.0052;0.0000;8709;6987;0;;;;;
1;GUROBI-MIP;gurobi-mip;mip-e;epsilon;0.01;instance_40_25_5_47;OPTIMUM;0.6454;0.0563;0.5810;0.0005;9002;7177;1;780;0;0;200;780
1;GUROBI-MIP;gurobi-mip;mip-e;epsilon;0.01;instance_40_25_5_48;OPTIMUM;0.6481;0.0537;0.5863;0.0004;8403;6784;1;766;0;0;200;766
1;GUROBI-MIP;gurobi-mip;mip-e;epsilon;0.01;instance_40_25_5_49;OPTIMUM;0.8701;0.0480;0.8151;0.0004;7358;6129;1;730;10;0;200;720
1;GUROBI-MIP;gurobi-mip;mip-e;epsilon;0.01;instance_40_25_5_5;OPTIMUM;0.6701;0.0530;0.6091;0.0005;8268;6681;1;781;3;0;200;778
1;GUROBI-MIP;gurobi-mip;mip-e;epsilon;0.01;instance_40_25_5_50;OPTIMUM;0.8005;0.0573;0.7354;0.0004;9009;7033;1;785;2;0;200;783
1;GUROBI-MIP;gurobi-mip;mip-e;epsilon;0.01;instance_40_25_5_6;PARSE_ERROR;;;;;;;;;;;;;;
1;GUROBI-MIP;gurobi-mip;mip-e;epsilon;0.01;instance_40_25_5_7;OPTIMUM;0.6230;0.0571;0.5576;0.0004;9134;7208;1;782;0;0;200;782
1;GUROBI-MIP;gurobi-mip;mip-e;epsilon;0.01;instance_40_25_5_8;OPTIMUM;0.5645;0.0487;0.5084;0.0004;7559;6317;1;767;1;0;200;766
1;GUROBI-MIP;gurobi-mip;mip-e;epsilon;0.01;instance_40_25_5_9;OPTIMUM;0.6705;0.0538;0.6088;0.0004;8465;6891;1;772;0;0;200;772
2;CPLEX-MIP;cplex-mip;mip-e;epsilon;0.01;instance_30_15_4_1;OPTIMUM;0.2994;0.0216;0.2741;0.0002;3371;3079;0;447;4;0;120;443
2;CPLEX-MIP;cplex-mip;mip-e;epsilon;0.01;instance_30_15_4_10;OPTIMUM;0.2394;0.0186;0.2178;0.0002;2858;2791;0;424;6;0;120;418
2;CPLEX-MIP;cplex-mip;mip-e;epsilon;0.01;instance_30_15_4_11;PARSE_ERROR;;;;;;;;;;;;;;
2;CPLEX-MIP;cplex-mip;mip-e;epsilon;0.01;instance_30_15_4_12;PARSE_ERROR;;;;;;;;;;;;;;
2;CPLEX-MIP;cplex-mip;mip-e;epsilon;0.01;instance_30_15_4_13;OPTIMUM;0.2954;0.0149;0.2780;0.0002;2204;2192;0;386;3;0;120;383
2;CPLEX-MIP;cplex-mip;mip-e;epsilon;0.01;instance_30_15_4_14;OPTIMUM;0.3165;0.0197;0.2936;0.0002;3089;2948;0;421;9;0;120;412
2;CPLEX-MIP;cplex-mip;mip-e;epsilon;0.01;instance_30_15_4_15;OPTIMUM;0.4031;0.0222;0.3771;0.0003;3341;3041;0;448;1;0;120;447
2;CPLEX-MIP;cplex-mip;mip-e;epsilon;0.01;instance_30_15_4_16;OPTIMUM;0.2027;0.0155;0.1845;0.0002;2300;2344;0;398;0;0;120;398
2;CPLEX-MIP;cplex-mip;mip-e;epsilon;0.01;instance_30_15_4_17;OPTIMUM;0.2435;0.0193;0.2209;0.0002;2875;2724;0;425;3;0;120;422
2;CPLEX-MIP;cplex-mip;mip-e;epsilon;0.01;instance_30_15_4_18;OPTIMUM;0.5130;0.0240;0.4847;0.0003;3959;3386;0;460;3;0;120;457
2;CPLEX-MIP;cplex-mip;mip-e;epsilon;0.01;instance_30_15_4_19;PARSE_ERROR;;;;;;;;;;;;;;
2;CPLEX-MIP;cplex-mip;mip-e;epsilon;0.01;instance_30_15_4_2;OPTIMUM;0.2513;0.0151;0.2335;0.0002;2165;2208;0;376;2;1;120;373
2;CPLEX-MIP;cplex-mip;mip-e;epsilon;0.01;instance_30_15_4_20;OPTIMUM;0.2153;0.0166;0.1958;0.0002;2444;2469;0;430;4;0;120;426
2;CPLEX-MIP;cplex-mip;mip-e;epsilon;0.01;instance_30_15_4_21;INFEASIBLE;0.0056;0.0041;0.0007;0.0000;1837;1922;0;;;;;
2;CPLEX-MIP;cplex-mip;mip-e;epsilon;0.01;instance_30_15_4_22;PARSE_ERROR;;;;;;;;;;;;;;
2;CPLEX-MIP;cplex-mip;mip-e;epsilon;0.01;instance_30_15_4_23;PARSE_ERROR;;;;;;;;;;;;;;
2;CPLEX-MIP;cplex-mip;mip-e;epsilon;0.01;instance_30_15_4_24;OPTIMUM;0.3524;0.0218;0.3269;0.0002;3343;3066;0;447;1;0;120;446
2;CPLEX-MIP;cplex-mip;mip-e;epsilon;0.01;instance_30_15_4_25;OPTIMUM;0.2318;0.0155;0.2135;0.0002;2287;2294;0;409;2;0;120;407
2;CPLEX-MIP;cplex-mip;mip-e;epsilon;0.01;instance_30_15_4_26;PARSE_ERROR;;;;;;;;;;;;;;
2;CPLEX-MIP;cplex-mip;mip-e;epsilon;0.01;instance_30_15_4_27;OPTIMUM;0.2521;0.0184;0.2307;0.0003;2917;2741;0;412;2;0;120;410
2;CPLEX-MIP;cplex-mip;mip-e;epsilon;0.01;instance_30_15_4_28;PARSE_ERROR;;;;;;;;;;;;;;
2;CPLEX-MIP;cplex-mip;mip-e;epsilon;0.01;instance_30_15_4_29;OPTIMUM;0.2408;0.0146;0.2235;0.0002;2095;2159;0;407;3;0;120;404
2;CPLEX-MIP;cplex-mip;mip-e;epsilon;0.01;instance_30_15_4_3;OPTIMUM;0.4092;0.0215;0.3841;0.0002;3366;3038;0;439;2;0;120;437
2;CPLEX-MIP;cplex-mip;mip-e;epsilon;0.01;instance_30_15_4_30;OPTIMUM;0.3588;0.0213;0.3339;0.0002;3307;3074;0;440;3;0;120;437
2;CPLEX-MIP;cplex-mip;mip-e;epsilon;0.01;instance_30_15_4_31;OPTIMUM;0.4348;0.0221;0.4089;0.0002;3331;3021;0;416;4;0;120;412
2;CPLEX-MIP;cplex-mip;mip-e;epsilon;0.01;instance_30_15_4_32;OPTIMUM;0.3248;0.0200;0.3013;0.0002;3155;2791;0;387;1;0;120;386
2;CPLEX-MIP;cplex-mip;mip-e;epsilon;0.01;instance_30_15_4_33;OPTIMUM;0.3011;0.0212;0.2763;0.0002;3223;2979;0;434;1;0;120;433
2;CPLEX-MIP;cplex-mip;mip-e;epsilon;0.01;instance_30_15_4_34;PARSE_ERROR;;;;;;;;;;;;;;
2;CPLEX-MIP;cplex-mip;mip-e;epsilon;0.01;instance_30_15_4_35;PARSE_ERROR;;;;;;;;;;;;;;
2;CPLEX-MIP;cplex-mip;mip-e;epsilon;0.01;instance_30_15_4_36;PARSE_ERROR;;;;;;;;;;;;;;
2;CPLEX-MIP;cplex-mip;mip-e;epsilon;0.01;instance_30_15_4_37;OPTIMUM;0.2552;0.0186;0.2334;0.0002;2865;2755;0;429;3;0;120;426
2;CPLEX-MIP;cplex-mip;mip-e;epsilon;0.01;instance_30_15_4_38;OPTIMUM;0.3500;0.0185;0.3281;0.0002;2845;2745;0;402;0;0;120;402
2;CPLEX-MIP;cplex-mip;mip-e;epsilon;0.01;instance_30_15_4_39;OPTIMUM;0.3246;0.0208;0.3002;0.0002;3288;3013;0;446;2;0;120;444
2;CPLEX-MIP;cplex-mip;mip-e;epsilon;0.01;instance_30_15_4_4;PARSE_ERROR;;;;;;;;;;;;;;
2;CPLEX-MIP;cplex-mip;mip-e;epsilon;0.01;instance_30_15_4_40;PARSE_ERROR;;;;;;;;;;;;;;
2;CPLEX-MIP;cplex-mip;mip-e;epsilon;0.01;instance_30_15_4_41;PARSE_ERROR;;;;;;;;;;;;;;
2;CPLEX-MIP;cplex-mip;mip-e;epsilon;0.01;instance_30_15_4_42;OPTIMUM;0.3071;0.0220;0.2814;0.0002;3363;3102;0;439;2;0;120;437
2;CPLEX-MIP;cplex-mip;mip-e;epsilon;0.01;instance_30_15_4_43;PARSE_ERROR;;;;;;;;;;;;;;
2;CPLEX-MIP;cplex-mip;mip-e;epsilon;0.01;instance_30_15_4_44;PARSE_ERROR;;;;;;;;;;;;;;
2;CPLEX-MIP;cplex-mip;mip-e;epsilon;0.01;instance_30_15_4_45;OPTIMUM;0.3197;0.0222;0.2937;0.0002;3586;3190;0;424;2;0;120;422
2;CPLEX-MIP;cplex-mip;mip-e;epsilon;0.01;instance_30_15_4_46;PARSE_ERROR;;;;;;;;;;;;;;
2;CPLEX-MIP;cplex-mip;mip-e;epsilon;0.01;instance_30_15_4_47;OPTIMUM;0.3137;0.0195;0.2909;0.0002;2811;2697;0;432;4;0;120;428
2;CPLEX-MIP;cplex-mip;mip-e;epsilon;0.01;instance_30_15_4_48;OPTIMUM;0.2847;0.0192;0.2622;0.0002;2913;2779;0;433;2;0;120;431
2;CPLEX-MIP;cplex-mip;mip-e;epsilon;0.01;instance_30_15_4_49;OPTIMUM;0.2655;0.0188;0.2435;0.0002;2912;2738;0;438;3;0;120;435
2;CPLEX-MIP;cplex-mip;mip-e;epsilon;0.01;instance_30_15_4_5;OPTIMUM;0.2513;0.0182;0.2300;0.0002;2772;2611;0;427;6;0;120;421
2;CPLEX-MIP;cplex-mip;mip-e;epsilon;0.01;instance_30_15_4_50;OPTIMUM;0.2552;0.0154;0.2372;0.0002;2294;2254;0;412;9;0;120;403
2;CPLEX-MIP;cplex-mip;mip-e;epsilon;0.01;instance_30_15_4_6;OPTIMUM;0.2432;0.0176;0.2227;0.0002;2621;2606;0;442;2;0;120;440
2;CPLEX-MIP;cplex-mip;mip-e;epsilon;0.01;instance_30_15_4_7;PARSE_ERROR;;;;;;;;;;;;;;
2;CPLEX-MIP;cplex-mip;mip-e;epsilon;0.01;instance_30_15_4_8;INFEASIBLE;0.0080;0.0063;0.0008;0.0000;3104;2911;0;;;;;
2;CPLEX-MIP;cplex-mip;mip-e;epsilon;0.01;instance_30_15_4_9;PARSE_ERROR;;;;;;;;;;;;;;
2;CPLEX-MIP;cplex-mip;mip-e;epsilon;0.01;instance_40_25_5_1;OPTIMUM;1.2692;0.0499;1.2092;0.0005;7806;6177;0;777;0;0;200;777
2;CPLEX-MIP;cplex-mip;mip-e;epsilon;0.01;instance_40_25_5_10;PARSE_ERROR;;;;;;;;;;;;;;
2;CPLEX-MIP;cplex-mip;mip-e;epsilon;0.01;instance_40_25_5_11;OPTIMUM;1.0279;0.0516;0.9663;0.0005;8366;6741;0;783;0;0;200;783
2;CPLEX-MIP;cplex-mip;mip-e;epsilon;0.01;instance_40_25_5_12;OPTIMUM;1.2789;0.0498;1.2183;0.0005;7935;6437;0;778;0;0;200;778
2;CPLEX-MIP;cplex-mip;mip-e;epsilon;0.01;instance_40_25_5_13;OPTIMUM;1.2263;0.0505;1.1660;0.0005;8187;6772;0;783;0;0;200;783
2;CPLEX-MIP;cplex-mip;mip-e;epsilon;0.01;instance_40_25_5_14;OPTIMUM;0.9773;0.0561;0.9102;0.0005;9031;7290;0;781;0;0;200;781
2;CPLEX-MIP;cplex-mip;mip-e;epsilon;0.01;instance_40_25_5_15;OPTIMUM;1.2703;0.0492;1.2107;0.0004;7991;6437;0;714;1;0;200;713
2;CPLEX-MIP;cplex-mip;mip-e;epsilon;0.01;instance_40_25_5_16;OPTIMUM;1.1062;0.0485;1.0480;0.0005;7425;6080;0;760;2;0;200;758
2;CPLEX-MIP;cplex-mip;mip-e;epsilon;0.01;instance_40_25_5_17;OPTIMUM;0.9812;0.0503;0.9216;0.0004;7867;6418;0;747;3;0;200;744
2;CPLEX-MIP;cplex-mip;mip-e;epsilon;0.01;instance_40_25_5_18;OPTIMUM;1.0731;0.0519;1.0110;0.0005;8262;6693;0;782;0;0;200;782
2;CPLEX-MIP;cplex-mip;mip-e;epsilon;0.01;instance_40_25_5_19;OPTIMUM;0.8450;0.0403;0.7972;0.0004;5910;5212;0;738;5;0;200;733
2;CPLEX-MIP;cplex-mip;mip-e;epsilon;0.01;instance_40_25_5_2;PARSE_ERROR;;;;;;;;;;;;;;
2;CPLEX-MIP;cplex-mip;mip-e;epsilon;0.01;instance_40_25_5_20;OPTIMUM;1.9293;0.0523;1.8659;0.0004;8180;6439;0;767;2;0;200;765
2;CPLEX-MIP;cplex-mip;mip-e;epsilon;0.01;instance_40_25_5_21;OPTIMUM;1.4598;0.0538;1.3944;0.0005;8490;6813;0;755;0;0;200;755
2;CPLEX-MIP;cplex-mip;mip-e;epsilon;0.01;instance_40_25_5_22;OPTIMUM;1.0060;0.0431;0.9546;0.0004;6757;5793;0;765;5;0;200;760
2;CPLEX-MIP;cplex-mip;mip-e;epsilon;0.01;instance_40_25_5_23;PARSE_ERROR;;;;;;;;;;;;;;
2;CPLEX-MIP;cplex-mip;mip-e;epsilon;0.01;instance_40_25_5_24;OPTIMUM;1.1002;0.0425;1.0486;0.0004;6415;5517;0;745;7;0;200;738
2;CPLEX-MIP;cplex-mip;mip-e;epsilon;0.01;instance_40_25_5_25;OPTIMUM;0.8856;0.0407;0.8371;0.0004;6367;5530;0;762;5;0;200;757
2;CPLEX-MIP;cplex-mip;mip-e;epsilon;0.01;instance_40_25_5_26;OPTIMUM;1.1703;0.0526;1.1067;0.0005;8367;6757;0;775;0;0;200;775
2;CPLEX-MIP;cplex-mip;mip-e;epsilon;0.01;instance_40_25_5_27;OPTIMUM;1.0249;0.0420;0.9752;0.0004;6288;5519;0;749;10;0;200;739
2;CPLEX-MIP;cplex-mip;mip-e;epsilon;0.01;instance_40_25_5_28;OPTIMUM;0.9147;0.0507;0.8541;0.0005;7869;6569;0;746;5;0;200;741
2;CPLEX-MIP;cplex-mip;mip-e;epsilon;0.01;instance_40_25_5_29;OPTIMUM;1.0259;0.0430;0.9746;0.0004;6686;5707;0;751;5;0;200;746
2;CPLEX-MIP;cplex-mip;mip-e;epsilon;0.01;instance_40_25_5_3;PARSE_ERROR;;;;;;;;;;;;;;
2;CPLEX-MIP;cplex-mip;mip-e;epsilon;0.01;instance_40_25_5_30;OPTIMUM;1.4442;0.0565;1.3758;0.0005;9104;7202;0;764;1;0;200;763
2;CPLEX-MIP;cplex-mip;mip-e;epsilon;0.01;instance_40_25_5_31;PARSE_ERROR;;;;;;;;;;;;;;
2;CPLEX-MIP;cplex-mip;mip-e;epsilon;0.01;instance_40_25_5_32;OPTIMUM;1.3011;0.0518;1.2385;0.0005;7826;6652;0;718;9;0;200;709
2;CPLEX-MIP;cplex-mip;mip-e;epsilon;0.01;instance_40_25_5_33;PARSE_ERROR;;;;;;;;;;;;;;
2;CPLEX-MIP;cplex-mip;mip-e;epsilon;0.01;instance_40_25_5_34;PARSE_ERROR;;;;;;;;;;;;;;
2;CPLEX-MIP;cplex-mip;mip-e;epsilon;0.01;instance_40_25_5_35;PARSE_ERROR;;;;;;;;;;;;;;
2;CPLEX-MIP;cplex-mip;mip-e;epsilon;0.01;instance_40_25_5_36;OPTIMUM;1.2156;0.0522;1.1528;0.0005;8531;6890;0;788;0;0;200;788
2;CPLEX-MIP;cplex-mip;mip-e;epsilon;0.01;instance_40_25_5_37;OPTIMUM;1.1969;0.0489;1.1380;0.0005;7699;6496;0;750;1;0;200;749
2;CPLEX-MIP;cplex-mip;mip-e;epsilon;0.01;instance_40_25_5_38;OPTIMUM;1.1134;0.0440;1.0611;0.0004;6726;5915;0;735;0;0;200;735
2;CPLEX-MIP;cplex-mip;mip-e;epsilon;0.01;instance_40_25_5_39;OPTIMUM;1.0331;0.0413;0.9838;0.0004;6492;5387;0;742;6;0;200;736
2;CPLEX-MIP;cplex-mip;mip-e;epsilon;0.01;instance_40_25_5_4;PARSE_ERROR;;;;;;;;;;;;;;
2;CPLEX-MIP;cplex-mip;mip-e;epsilon;0.01;instance_40_25_5_40;OPTIMUM;0.7992;0.0483;0.7425;0.0004;7792;6455;0;769;1;0;200;768
2;CPLEX-MIP;cplex-mip;mip-e;epsilon;0.01;instance_40_25_5_41;OPTIMUM;1.1405;0.0532;1.0768;0.0005;8669;6835;0;765;2;0;200;763
2;CPLEX-MIP;cplex-mip;mip-e;epsilon;0.01;instance_40_25_5_42;OPTIMUM;0.9431;0.0444;0.8909;0.0004;6886;5873;0;741;4;0;200;737
2;CPLEX-MIP;cplex-mip;mip-e;epsilon;0.01;instance_40_25_5_43;PARSE_ERROR;;;;;;;;;;;;;;
2;CPLEX-MIP;cplex-mip;mip-e;epsilon;0.01;instance_40_25_5_44;OPTIMUM;1.1564;0.0523;1.0942;0.0005;8468;6856;0;780;0;0;200;780
2;CPLEX-MIP;cplex-mip;mip-e;epsilon;0.01;instance_40_25_5_45;OPTIMUM;1.1275;0.0495;1.0686;0.0005;7993;6603;0;704;1;0;200;703
2;CPLEX-MIP;cplex-mip;mip-e;epsilon;0.01;instance_40_25_5_46;INFEASIBLE;0.0189;0.0155;0.0018;0.0000;8709;6987;0;;;;;
2;CPLEX-MIP;cplex-mip;mip-e;epsilon;0.01;instance_40_25_5_47;OPTIMUM;1.2935;0.0553;1.2272;0.0005;9002;7177;0;780;0;0;200;780
2;CPLEX-MIP;cplex-mip;mip-e;epsilon;0.01;instance_40_25_5_48;OPTIMUM;1.1957;0.0522;1.1330;0.0005;8403;6784;0;766;0;0;200;766
2;CPLEX-MIP;cplex-mip;mip-e;epsilon;0.01;instance_40_25_5_49;OPTIMUM;1.1367;0.0469;1.0807;0.0004;7358;6129;0;730;10;0;200;720
2;CPLEX-MIP;cplex-mip;mip-e;epsilon;0.01;instance_40_25_5_5;OPTIMUM;0.9211;0.0529;0.8585;0.0005;8268;6681;0;781;3;0;200;778
2;CPLEX-MIP;cplex-mip;mip-e;epsilon;0.01;instance_40_25_5_50;OPTIMUM;1.1734;0.0552;1.1066;0.0005;9009;7033;0;785;2;0;200;783
2;CPLEX-MIP;cplex-mip;mip-e;epsilon;0.01;instance_40_25_5_6;PARSE_ERROR;;;;;;;;;;;;;;
2;CPLEX-MIP;cplex-mip;mip-e;epsilon;0.01;instance_40_25_5_7;OPTIMUM;0.9761;0.0554;0.9108;0.0005;9134;7208;0;782;0;0;200;782
2;CPLEX-MIP;cplex-mip;mip-e;epsilon;0.01;instance_40_25_5_8;OPTIMUM;1.3503;0.0493;1.2914;0.0005;7559;6317;0;767;1;0;200;766
2;CPLEX-MIP;cplex-mip;mip-e;epsilon;0.01;instance_40_25_5_9;OPTIMUM;1.2153;0.0534;1.1515;0.0005;8465;6891;0;772;0;0;200;772
3;CPLEX-CP-T;cplex-cp;cp-t;epsilon;0.01;instance_30_15_4_1;TIMEOUT_FEASIBLE;299.9991;0.0040;299.9892;0.0001;2114;2952;749;447;4;0;120;443
3;CPLEX-CP-T;cplex-cp;cp-t;epsilon;0.01;instance_30_15_4_10;TIMEOUT_FEASIBLE;299.9952;0.0039;299.9855;0.0001;2110;2944;701;424;6;0;120;418
3;CPLEX-CP-T;cplex-cp;cp-t;epsilon;0.01;instance_30_15_4_11;PARSE_ERROR;;;;;;;;;;;;;;
3;CPLEX-CP-T;cplex-cp;cp-t;epsilon;0.01;instance_30_15_4_12;PARSE_ERROR;;;;;;;;;;;;;;
3;CPLEX-CP-T;cplex-cp;cp-t;epsilon;0.01;instance_30_15_4_13;TIMEOUT_FEASIBLE;299.9979;0.0033;299.9894;0.0001;1921;2564;465;386;3;0;120;383
3;CPLEX-CP-T;cplex-cp;cp-t;epsilon;0.01;instance_30_15_4_14;TIMEOUT_FEASIBLE;299.9957;0.0040;299.9860;0.0001;2144;3013;26306;421;9;0;120;412
3;CPLEX-CP-T;cplex-cp;cp-t;epsilon;0.01;instance_30_15_4_15;TIMEOUT_FEASIBLE;300.0052;0.0040;299.9951;0.0001;2057;2839;20851;448;1;0;120;447
3;CPLEX-CP-T;cplex-cp;cp-t;epsilon;0.01;instance_30_15_4_16;TIMEOUT_FEASIBLE;300.0054;0.0037;299.9961;0.0001;2119;2961;16501;398;0;2;120;396
3;CPLEX-CP-T;cplex-cp;cp-t;epsilon;0.01;instance_30_15_4_17;TIMEOUT_FEASIBLE;300.0049;0.0039;299.9950;0.0001;2114;2954;19625;425;3;0;120;422
3;CPLEX-CP-T;cplex-cp;cp-t;epsilon;0.01;instance_30_15_4_18;TIMEOUT_FEASIBLE;300.0056;0.0042;299.9955;0.0001;2108;2939;24894;459;3;0;120;456
3;CPLEX-CP-T;cplex-cp;cp-t;epsilon;0.01;instance_30_15_4_19;PARSE_ERROR;;;;;;;;;;;;;;
3;CPLEX-CP-T;cplex-cp;cp-t;epsilon;0.01;instance_30_15_4_2;TIMEOUT_FEASIBLE;300.0043;0.0039;299.9944;0.0001;2143;3010;29378;376;2;2;120;372
3;CPLEX-CP-T;cplex-cp;cp-t;epsilon;0.01;instance_30_15_4_20;TIMEOUT_FEASIBLE;300.0047;0.0038;299.9949;0.0001;2179;3081;12124;430;4;0;120;426
3;CPLEX-CP-T;cplex-cp;cp-t;epsilon;0.01;instance_30_15_4_21;INFEASIBLE;0.0014;0.0000;0.0000;0.0000;720;3;0;;;;;
3;CPLEX-CP-T;cplex-cp;cp-t;epsilon;0.01;instance_30_15_4_22;PARSE_ERROR;;;;;;;;;;;;;;
3;CPLEX-CP-T;cplex-cp;cp-t;epsilon;0.01;instance_30_15_4_23;PARSE_ERROR;;;;;;;;;;;;;;
3;CPLEX-CP-T;cplex-cp;cp-t;epsilon;0.01;instance_30_15_4_24;TIMEOUT_FEASIBLE;299.9954;0.0042;299.9855;0.0001;2152;3029;224;446;1;0;120;445
3;CPLEX-CP-T;cplex-cp;cp-t;epsilon;0.01;instance_30_15_4_25;TIMEOUT_FEASIBLE;300.0044;0.0037;299.9950;0.0001;2100;2925;16144;408;2;0;120;406
3;CPLEX-CP-T;cplex-cp;cp-t;epsilon;0.01;instance_30_15_4_26;PARSE_ERROR;;;;;;;;;;;;;;
3;CPLEX-CP-T;cplex-cp;cp-t;epsilon;0.01;instance_30_15_4_27;TIMEOUT_FEASIBLE;300.0081;0.0040;299.9982;0.0001;2133;2991;27100;412;2;0;120;410
3;CPLEX-CP-T;cplex-cp;cp-t;epsilon;0.01;instance_30_15_4_28;PARSE_ERROR;;;;;;;;;;;;;;
3;CPLEX-CP-T;cplex-cp;cp-t;epsilon;0.01;instance_30_15_4_29;TIMEOUT_FEASIBLE;300.0071;0.0037;299.9973;0.0001;2021;2766;167819;406;3;0;120;403
3;CPLEX-CP-T;cplex-cp;cp-t;epsilon;0.01;instance_30_15_4_3;TIMEOUT_FEASIBLE;299.9944;0.0040;299.9847;0.0001;2150;3024;203;439;2;0;120;437
3;CPLEX-CP-T;cplex-cp;cp-t;epsilon;0.01;instance_30_15_4_30;TIMEOUT_FEASIBLE;300.0056;0.0042;299.9955;0.0001;2119;2963;20226;440;3;0;120;437
3;CPLEX-CP-T;cplex-cp;cp-t;epsilon;0.01;instance_30_15_4_31;TIMEOUT_FEASIBLE;300.0041;0.0040;299.9943;0.0001;2042;2809;244;415;4;0;120;411
3;CPLEX-CP-T;cplex-cp;cp-t;epsilon;0.01;instance_30_15_4_32;TIMEOUT_FEASIBLE;300.0041;0.0039;299.9946;0.0001;2073;2871;210;387;1;0;120;386
3;CPLEX-CP-T;cplex-cp;cp-t;epsilon;0.01;instance_30_15_4_33;TIMEOUT_FEASIBLE;300.0056;0.0041;299.9951;0.0001;2120;2965;266843;434;1;0;120;433
3;CPLEX-CP-T;cplex-cp;cp-t;epsilon;0.01;instance_30_15_4_34;PARSE_ERROR;;;;;;;;;;;;;;
3;CPLEX-CP-T;cplex-cp;cp-t;epsilon;0.01;instance_30_15_4_35;PARSE_ERROR;;;;;;;;;;;;;;
3;CPLEX-CP-T;cplex-cp;cp-t;epsilon;0.01;instance_30_15_4_36;PARSE_ERROR;;;;;;;;;;;;;;
3;CPLEX-CP-T;cplex-cp;cp-t;epsilon;0.01;instance_30_15_4_37;TIMEOUT_FEASIBLE;300.0059;0.0040;299.9957;0.0001;2192;3107;28641;429;3;0;120;426
3;CPLEX-CP-T;cplex-cp;cp-t;epsilon;0.01;instance_30_15_4_38;TIMEOUT_FEASIBLE;300.0057;0.0040;299.9954;0.0001;2086;2895;2386135;402;0;0;120;402
3;CPLEX-CP-T;cplex-cp;cp-t;epsilon;0.01;instance_30_15_4_39;TIMEOUT_FEASIBLE;300.0056;0.0039;299.9958;0.0001;2056;2837;20691;446;2;0;120;444
3;CPLEX-CP-T;cplex-cp;cp-t;epsilon;0.01;instance_30_15_4_4;PARSE_ERROR;;;;;;;;;;;;;;
3;CPLEX-CP-T;cplex-cp;cp-t;epsilon;0.01;instance_30_15_4_40;PARSE_ERROR;;;;;;;;;;;;;;
3;CPLEX-CP-T;cplex-cp;cp-t;epsilon;0.01;instance_30_15_4_41;PARSE_ERROR;;;;;;;;;;;;;;
3;CPLEX-CP-T;cplex-cp;cp-t;epsilon;0.01;instance_30_15_4_42;TIMEOUT_FEASIBLE;300.0015;0.0041;299.9911;0.0001;2098;2921;204519;439;2;0;120;437
3;CPLEX-CP-T;cplex-cp;cp-t;epsilon;0.01;instance_30_15_4_43;PARSE_ERROR;;;;;;;;;;;;;;
3;CPLEX-CP-T;cplex-cp;cp-t;epsilon;0.01;instance_30_15_4_44;PARSE_ERROR;;;;;;;;;;;;;;
3;CPLEX-CP-T;cplex-cp;cp-t;epsilon;0.01;instance_30_15_4_45;TIMEOUT_FEASIBLE;300.0019;0.0040;299.9920;0.0001;2134;2990;178;424;2;0;120;422
3;CPLEX-CP-T;cplex-cp;cp-t;epsilon;0.01;instance_30_15_4_46;PARSE_ERROR;;;;;;;;;;;;;;
3;CPLEX-CP-T;cplex-cp;cp-t;epsilon;0.01;instance_30_15_4_47;TIMEOUT_FEASIBLE;299.9966;0.0022;299.9906;0.0001;2189;3102;9378775;433;10;0;120;423
3;CPLEX-CP-T;cplex-cp;cp-t;epsilon;0.01;instance_30_15_4_48;TIMEOUT_FEASIBLE;300.0050;0.0038;299.9957;0.0001;2024;2770;21794;433;2;0;120;431
3;CPLEX-CP-T;cplex-cp;cp-t;epsilon;0.01;instance_30_15_4_49;TIMEOUT_FEASIBLE;299.9959;0.0037;299.9863;0.0001;2005;2735;597;438;3;0;120;435
3;CPLEX-CP-T;cplex-cp;cp-t;epsilon;0.01;instance_30_15_4_5;TIMEOUT_FEASIBLE;299.9955;0.0036;299.9862;0.0001;1977;2677;22802;427;6;0;120;421
3;CPLEX-CP-T;cplex-cp;cp-t;epsilon;0.01;instance_30_15_4_50;TIMEOUT_FEASIBLE;300.0056;0.0034;299.9968;0.0001;1952;2629;14655;411;9;0;120;402
3;CPLEX-CP-T;cplex-cp;cp-t;epsilon;0.01;instance_30_15_4_6;TIMEOUT_FEASIBLE;300.0058;0.0039;299.9963;0.0001;2146;3017;151;442;2;0;120;440
3;CPLEX-CP-T;cplex-cp;cp-t;epsilon;0.01;instance_30_15_4_7;PARSE_ERROR;;;;;;;;;;;;;;
3;CPLEX-CP-T;cplex-cp;cp-t;epsilon;0.01;instance_30_15_4_8;INFEASIBLE;0.0014;0.0000;0.0000;0.0000;720;5;0;;;;;
3;CPLEX-CP-T;cplex-cp;cp-t;epsilon;0.01;instance_30_15_4_9;PARSE_ERROR;;;;;;;;;;;;;;
3;CPLEX-CP-T;cplex-cp;cp-t;epsilon;0.01;instance_40_25_5_1;TIMEOUT_FEASIBLE;300.0101;0.0094;299.9884;0.0001;4493;6851;43335;776;1;0;200;775
3;CPLEX-CP-T;cplex-cp;cp-t;epsilon;0.01;instance_40_25_5_10;PARSE_ERROR;;;;;;;;;;;;;;
3;CPLEX-CP-T;cplex-cp;cp-t;epsilon;0.01;instance_40_25_5_11;TIMEOUT_FEASIBLE;300.0067;0.0095;299.9868;0.0001;4565;6996;400;777;0;0;200;777
3;CPLEX-CP-T;cplex-cp;cp-t;epsilon;0.01;instance_40_25_5_12;TIMEOUT_FEASIBLE;300.0045;0.0093;299.9839;0.0001;4417;6696;465;778;1;0;200;777
3;CPLEX-CP-T;cplex-cp;cp-t;epsilon;0.01;instance_40_25_5_13;TIMEOUT_FEASIBLE;300.0063;0.0091;299.9840;0.0001;4675;7216;51726;780;1;2;200;777
3;CPLEX-CP-T;cplex-cp;cp-t;epsilon;0.01;instance_40_25_5_14;TIMEOUT_FEASIBLE;300.0059;0.0100;299.9837;0.0001;4826;7517;50690;775;0;0;200;775
3;CPLEX-CP-T;cplex-cp;cp-t;epsilon;0.01;instance_40_25_5_15;TIMEOUT_FEASIBLE;300.0148;0.0094;299.9924;0.0001;4527;6920;42323;714;2;0;200;712
3;CPLEX-CP-T;cplex-cp;cp-t;epsilon;0.01;instance_40_25_5_16;TIMEOUT_FEASIBLE;300.0043;0.0094;299.9838;0.0001;4604;7072;48868;758;2;0;200;756
3;CPLEX-CP-T;cplex-cp;cp-t;epsilon;0.01;instance_40_25_5_17;TIMEOUT_FEASIBLE;300.0044;0.0089;299.9821;0.0018;4530;6925;77597;746;4;0;200;742
3;CPLEX-CP-T;cplex-cp;cp-t;epsilon;0.01;instance_40_25_5_18;TIMEOUT_FEASIBLE;300.0130;0.0098;299.9913;0.0001;4499;6863;60290;779;0;0;200;779
3;CPLEX-CP-T;cplex-cp;cp-t;epsilon;0.01;instance_40_25_5_19;TIMEOUT_FEASIBLE;300.0032;0.0089;299.9833;0.0001;4527;6920;180956;738;6;0;200;732
3;CPLEX-CP-T;cplex-cp;cp-t;epsilon;0.01;instance_40_25_5_2;PARSE_ERROR;;;;;;;;;;;;;;
3;CPLEX-CP-T;cplex-cp;cp-t;epsilon;0.01;instance_40_25_5_20;TIMEOUT_FEASIBLE;300.0082;0.0087;299.9887;0.0001;4251;6367;462;765;2;8;200;755
3;CPLEX-CP-T;cplex-cp;cp-t;epsilon;0.01;instance_40_25_5_21;TIMEOUT_FEASIBLE;300.0056;0.0092;299.9830;0.0001;4607;7079;54066;753;0;0;200;753
3;CPLEX-CP-T;cplex-cp;cp-t;epsilon;0.01;instance_40_25_5_22;TIMEOUT_FEASIBLE;300.0034;0.0090;299.9817;0.0001;4447;6760;232744;764;5;0;200;759
3;CPLEX-CP-T;cplex-cp;cp-t;epsilon;0.01;instance_40_25_5_23;PARSE_ERROR;;;;;;;;;;;;;;
3;CPLEX-CP-T;cplex-cp;cp-t;epsilon;0.01;instance_40_25_5_24;TIMEOUT_FEASIBLE;300.0153;0.0092;299.9920;0.0001;4580;7025;308346;745;7;0;200;738
3;CPLEX-CP-T;cplex-cp;cp-t;epsilon;0.01;instance_40_25_5_25;TIMEOUT_FEASIBLE;300.0042;0.0091;299.9841;0.0001;4580;7025;968;762;6;0;200;756
3;CPLEX-CP-T;cplex-cp;cp-t;epsilon;0.01;instance_40_25_5_26;TIMEOUT_FEASIBLE;300.0050;0.0095;299.9821;0.0001;4536;6938;49522;771;0;0;200;771
3;CPLEX-CP-T;cplex-cp;cp-t;epsilon;0.01;instance_40_25_5_27;TIMEOUT_FEASIBLE;300.0029;0.0088;299.9816;0.0001;4481;6827;228726;748;11;0;200;737
3;CPLEX-CP-T;cplex-cp;cp-t;epsilon;0.01;instance_40_25_5_28;TIMEOUT_FEASIBLE;300.0050;0.0055;299.9921;0.0001;4603;7072;3971058;752;25;0;200;727
3;CPLEX-CP-T;cplex-cp;cp-t;epsilon;0.01;instance_40_25_5_29;TIMEOUT_FEASIBLE;300.0041;0.0092;299.9846;0.0001;4611;7088;549;750;5;3;200;742
3;CPLEX-CP-T;cplex-cp;cp-t;epsilon;0.01;instance_40_25_5_3;PARSE_ERROR;;;;;;;;;;;;;;
3;CPLEX-CP-T;cplex-cp;cp-t;epsilon;0.01;instance_40_25_5_30;TIMEOUT_FEASIBLE;300.0166;0.0096;299.9953;0.0001;4536;6937;433;764;1;0;200;763
3;CPLEX-CP-T;cplex-cp;cp-t;epsilon;0.01;instance_40_25_5_31;PARSE_ERROR;;;;;;;;;;;;;;
3;CPLEX-CP-T;cplex-cp;cp-t;epsilon;0.01;instance_40_25_5_32;TIMEOUT_FEASIBLE;300.0043;0.0095;299.9807;0.0025;4628;7121;302402;717;9;0;200;708
3;CPLEX-CP-T;cplex-cp;cp-t;epsilon;0.01;instance_40_25_5_33;PARSE_ERROR;;;;;;;;;;;;;;
3;CPLEX-CP-T;cplex-cp;cp-t;epsilon;0.01;instance_40_25_5_34;PARSE_ERROR;;;;;;;;;;;;;;
3;CPLEX-CP-T;cplex-cp;cp-t;epsilon;0.01;instance_40_25_5_35;PARSE_ERROR;;;;;;;;;;;;;;
3;CPLEX-CP-T;cplex-cp;cp-t;epsilon;0.01;instance_40_25_5_36;TIMEOUT_FEASIBLE;300.0086;0.0098;299.9879;0.0001;4709;7281;1065;781;0;0;200;781
3;CPLEX-CP-T;cplex-cp;cp-t;epsilon;0.01;instance_40_25_5_37;TIMEOUT_FEASIBLE;300.0055;0.0096;299.9828;0.0001;4637;7139;50683;748;1;0;200;747
3;CPLEX-CP-T;cplex-cp;cp-t;epsilon;0.01;instance_40_25_5_38;TIMEOUT_FEASIBLE;300.0035;0.0084;299.9834;0.0001;4328;6520;46925;734;2;0;200;732
3;CPLEX-CP-T;cplex-cp;cp-t;epsilon;0.01;instance_40_25_5_39;TIMEOUT_FEASIBLE;300.0044;0.0087;299.9838;0.0001;4448;6762;265098;742;7;5;200;730
3;CPLEX-CP-T;cplex-cp;cp-t;epsilon;0.01;instance_40_25_5_4;PARSE_ERROR;;;;;;;;;;;;;;
3;CPLEX-CP-T;cplex-cp;cp-t;epsilon;0.01;instance_40_25_5_40;TIMEOUT_FEASIBLE;300.0085;0.0094;299.9876;0.0001;4717;7298;402;768;1;0;200;767
3;CPLEX-CP-T;cplex-cp;cp-t;epsilon;0.01;instance_40_25_5_41;TIMEOUT_FEASIBLE;300.0062;0.0092;299.9836;0.0001;4330;6525;43971;764;2;0;200;762
3;CPLEX-CP-T;cplex-cp;cp-t;epsilon;0.01;instance_40_25_5_42;TIMEOUT_FEASIBLE;300.0034;0.0092;299.9822;0.0001;4543;6948;43314;740;4;0;200;736
3;CPLEX-CP-T;cplex-cp;cp-t;epsilon;0.01;instance_40_25_5_43;PARSE_ERROR;;;;;;;;;;;;;;
3;CPLEX-CP-T;cplex-cp;cp-t;epsilon;0.01;instance_40_25_5_44;TIMEOUT_FEASIBLE;300.0086;0.0094;299.9877;0.0001;4516;6898;1165;779;1;3;200;775
3;CPLEX-CP-T;cplex-cp;cp-t;epsilon;0.01;instance_40_25_5_45;TIMEOUT_FEASIBLE;300.0058;0.0097;299.9827;0.0001;4617;7099;53135;704;1;0;200;703
3;CPLEX-CP-T;cplex-cp;cp-t;epsilon;0.01;instance_40_25_5_46;INFEASIBLE;0.0018;0.0003;0.0000;0.0000;1200;32;0;;;;;
3;CPLEX-CP-T;cplex-cp;cp-t;epsilon;0.01;instance_40_25_5_47;TIMEOUT_FEASIBLE;300.0120;0.0093;299.9899;0.0001;4400;6664;52298;778;1;0;200;777
3;CPLEX-CP-T;cplex-cp;cp-t;epsilon;0.01;instance_40_25_5_48;TIMEOUT_FEASIBLE;300.0042;0.0095;299.9836;0.0001;4646;7156;398;762;0;0;200;762
3;CPLEX-CP-T;cplex-cp;cp-t;epsilon;0.01;instance_40_25_5_49;TIMEOUT_FEASIBLE;300.0044;0.0053;299.9911;0.0001;4459;6783;4321027;737;27;0;200;710
3;CPLEX-CP-T;cplex-cp;cp-t;epsilon;0.01;instance_40_25_5_5;TIMEOUT_FEASIBLE;300.0051;0.0091;299.9848;0.0001;4537;6938;363;781;4;4;200;773
3;CPLEX-CP-T;cplex-cp;cp-t;epsilon;0.01;instance_40_25_5_50;TIMEOUT_FEASIBLE;300.0050;0.0092;299.9845;0.0001;4324;6513;435;785;3;0;200;782
3;CPLEX-CP-T;cplex-cp;cp-t;epsilon;0.01;instance_40_25_5_6;PARSE_ERROR;;;;;;;;;;;;;;
3;CPLEX-CP-T;cplex-cp;cp-t;epsilon;0.01;instance_40_25_5_7;TIMEOUT_FEASIBLE;300.0006;0.0093;299.9798;0.0001;4403;6671;392;779;1;0;200;778
3;CPLEX-CP-T;cplex-cp;cp-t;epsilon;0.01;instance_40_25_5_8;TIMEOUT_FEASIBLE;300.0057;0.0092;299.9851;0.0001;4602;7070;354;765;2;0;200;763
3;CPLEX-CP-T;cplex-cp;cp-t;epsilon;0.01;instance_40_25_5_9;TIMEOUT_FEASIBLE;300.0047;0.0097;299.9832;0.0001;4632;7130;754;770;1;0;200;769
4;CPLEX-CP-I;cplex-cp;cp-i;epsilon;0.01;instance_30_15_4_1;TIMEOUT_FEASIBLE;300.0000;0.0066;299.9881;0.0001;1430;2153;170;447;4;0;120;443
4;CPLEX-CP-I;cplex-cp;cp-i;epsilon;0.01;instance_30_15_4_10;TIMEOUT_FEASIBLE;300.0042;0.0059;299.9933;0.0001;1268;1920;176;424;6;0;120;418
4;CPLEX-CP-I;cplex-cp;cp-i;epsilon;0.01;instance_30_15_4_11;PARSE_ERROR;;;;;;;;;;;;;;
4;CPLEX-CP-I;cplex-cp;cp-i;epsilon;0.01;instance_30_15_4_12;PARSE_ERROR;;;;;;;;;;;;;;
4;CPLEX-CP-I;cplex-cp;cp-i;epsilon;0.01;instance_30_15_4_13;TIMEOUT_FEASIBLE;300.0082;0.0051;299.9985;0.0001;976;1461;158;386;3;0;120;383
4;CPLEX-CP-I;cplex-cp;cp-i;epsilon;0.01;instance_30_15_4_14;TIMEOUT_FEASIBLE;300.0053;0.0060;299.9940;0.0001;1339;2042;12124;421;9;0;120;412
4;CPLEX-CP-I;cplex-cp;cp-i;epsilon;0.01;instance_30_15_4_15;TIMEOUT_FEASIBLE;300.0044;0.0062;299.9928;0.0001;1372;2057;13664;448;1;4;120;443
4;CPLEX-CP-I;cplex-cp;cp-i;epsilon;0.01;instance_30_15_4_16;TIMEOUT_FEASIBLE;300.0048;0.0054;299.9946;0.0001;1050;1624;17140;398;0;0;120;398
4;CPLEX-CP-I;cplex-cp;cp-i;epsilon;0.01;instance_30_15_4_17;TIMEOUT_FEASIBLE;300.0050;0.0056;299.9943;0.0001;1219;1858;9196;425;3;0;120;422
4;CPLEX-CP-I;cplex-cp;cp-i;epsilon;0.01;instance_30_15_4_18;TIMEOUT_FEASIBLE;299.9950;0.0072;299.9821;0.0001;1553;2311;13216;459;3;0;120;456
4;CPLEX-CP-I;cplex-cp;cp-i;epsilon;0.01;instance_30_15_4_19;PARSE_ERROR;;;;;;;;;;;;;;
4;CPLEX-CP-I;cplex-cp;cp-i;epsilon;0.01;instance_30_15_4_2;TIMEOUT_FEASIBLE;300.0034;0.0052;299.9934;0.0001;977;1505;31264;376;2;10;120;364
4;CPLEX-CP-I;cplex-cp;cp-i;epsilon;0.01;instance_30_15_4_20;TIMEOUT_FEASIBLE;300.0055;0.0056;299.9952;0.0001;1095;1678;8530;430;4;0;120;426
4;CPLEX-CP-I;cplex-cp;cp-i;epsilon;0.01;instance_30_15_4_21;INFEASIBLE;0.0014;0.0001;0.0000;0.0000;19;18;0;;;;;
4;CPLEX-CP-I;cplex-cp;cp-i;epsilon;0.01;instance_30_15_4_22;PARSE_ERROR;;;;;;;;;;;;;;
4;CPLEX-CP-I;cplex-cp;cp-i;epsilon;0.01;instance_30_15_4_23;PARSE_ERROR;;;;;;;;;;;;;;
4;CPLEX-CP-I;cplex-cp;cp-i;epsilon;0.01;instance_30_15_4_24;TIMEOUT_FEASIBLE;300.0128;0.0067;300.0005;0.0001;1423;2140;4285;446;1;0;120;445
4;CPLEX-CP-I;cplex-cp;cp-i;epsilon;0.01;instance_30_15_4_25;TIMEOUT_FEASIBLE;300.0062;0.0053;299.9959;0.0001;1015;1549;17715;407;2;0;120;405
4;CPLEX-CP-I;cplex-cp;cp-i;epsilon;0.01;instance_30_15_4_26;PARSE_ERROR;;;;;;;;;;;;;;
4;CPLEX-CP-I;cplex-cp;cp-i;epsilon;0.01;instance_30_15_4_27;TIMEOUT_FEASIBLE;299.9944;0.0067;299.9822;0.0001;1240;1895;23778;412;2;0;120;410
4;CPLEX-CP-I;cplex-cp;cp-i;epsilon;0.01;instance_30_15_4_28;PARSE_ERROR;;;;;;;;;;;;;;
4;CPLEX-CP-I;cplex-cp;cp-i;epsilon;0.01;instance_30_15_4_29;TIMEOUT_FEASIBLE;300.0066;0.0048;299.9973;0.0001;925;1407;16459;406;3;0;120;403
4;CPLEX-CP-I;cplex-cp;cp-i;epsilon;0.01;instance_30_15_4_3;TIMEOUT_FEASIBLE;300.0055;0.0066;299.9937;0.0001;1401;2126;7457;439;3;0;120;436
4;CPLEX-CP-I;cplex-cp;cp-i;epsilon;0.01;instance_30_15_4_30;TIMEOUT_FEASIBLE;299.9958;0.0067;299.9834;0.0001;1411;2129;21288;440;3;0;120;437
4;CPLEX-CP-I;cplex-cp;cp-i;epsilon;0.01;instance_30_15_4_31;TIMEOUT_FEASIBLE;300.0036;0.0063;299.9921;0.0001;1389;2057;195;415;4;0;120;411
4;CPLEX-CP-I;cplex-cp;cp-i;epsilon;0.01;instance_30_15_4_32;TIMEOUT_FEASIBLE;300.0051;0.0061;299.9936;0.0001;1246;1854;20090;387;1;0;120;386
4;CPLEX-CP-I;cplex-cp;cp-i;epsilon;0.01;instance_30_15_4_33;TIMEOUT_FEASIBLE;300.0048;0.0065;299.9927;0.0001;1359;2036;75122;434;1;0;120;433
4;CPLEX-CP-I;cplex-cp;cp-i;epsilon;0.01;instance_30_15_4_34;PARSE_ERROR;;;;;;;;;;;;;;
4;CPLEX-CP-I;cplex-cp;cp-i;epsilon;0.01;instance_30_15_4_35;PARSE_ERROR;;;;;;;;;;;;;;
4;CPLEX-CP-I;cplex-cp;cp-i;epsilon;0.01;instance_30_15_4_36;PARSE_ERROR;;;;;;;;;;;;;;
4;CPLEX-CP-I;cplex-cp;cp-i;epsilon;0.01;instance_30_15_4_37;TIMEOUT_FEASIBLE;300.0014;0.0063;299.9894;0.0001;1286;1980;42000;429;3;0;120;426
4;CPLEX-CP-I;cplex-cp;cp-i;epsilon;0.01;instance_30_15_4_38;TIMEOUT_FEASIBLE;300.0048;0.0064;299.9927;0.0001;1246;1906;109422;402;0;0;120;402
4;CPLEX-CP-I;cplex-cp;cp-i;epsilon;0.01;instance_30_15_4_39;TIMEOUT_FEASIBLE;300.0050;0.0066;299.9930;0.0001;1398;2093;7848;446;2;0;120;444
4;CPLEX-CP-I;cplex-cp;cp-i;epsilon;0.01;instance_30_15_4_4;PARSE_ERROR;;;;;;;;;;;;;;
4;CPLEX-CP-I;cplex-cp;cp-i;epsilon;0.01;instance_30_15_4_40;PARSE_ERROR;;;;;;;;;;;;;;
4;CPLEX-CP-I;cplex-cp;cp-i;epsilon;0.01;instance_30_15_4_41;PARSE_ERROR;;;;;;;;;;;;;;
4;CPLEX-CP-I;cplex-cp;cp-i;epsilon;0.01;instance_30_15_4_42;TIMEOUT_FEASIBLE;299.9992;0.0076;299.9853;0.0001;1445;2156;74131;439;2;0;120;437
4;CPLEX-CP-I;cplex-cp;cp-i;epsilon;0.01;instance_30_15_4_43;PARSE_ERROR;;;;;;;;;;;;;;
4;CPLEX-CP-I;cplex-cp;cp-i;epsilon;0.01;instance_30_15_4_44;PARSE_ERROR;;;;;;;;;;;;;;
4;CPLEX-CP-I;cplex-cp;cp-i;epsilon;0.01;instance_30_15_4_45;TIMEOUT_FEASIBLE;300.0035;0.0073;299.9906;0.0001;1447;2172;4457;424;2;0;120;422
4;CPLEX-CP-I;cplex-cp;cp-i;epsilon;0.01;instance_30_15_4_46;PARSE_ERROR;;;;;;;;;;;;;;
4;CPLEX-CP-I;cplex-cp;cp-i;epsilon;0.01;instance_30_15_4_47;TIMEOUT_FEASIBLE;300.0065;0.0064;299.9949;0.0001;1230;1894;3070644;429;4;0;120;425
4;CPLEX-CP-I;cplex-cp;cp-i;epsilon;0.01;instance_30_15_4_48;TIMEOUT_FEASIBLE;300.0052;0.0063;299.9936;0.0001;1250;1889;9869;433;2;0;120;431
4;CPLEX-CP-I;cplex-cp;cp-i;epsilon;0.01;instance_30_15_4_49;TIMEOUT_FEASIBLE;300.0045;0.0056;299.9940;0.0001;1242;1852;181;438;3;0;120;435
4;CPLEX-CP-I;cplex-cp;cp-i;epsilon;0.01;instance_30_15_4_5;TIMEOUT_FEASIBLE;299.9946;0.0059;299.9835;0.0001;1163;1743;19228;427;6;0;120;421
4;CPLEX-CP-I;cplex-cp;cp-i;epsilon;0.01;instance_30_15_4_50;TIMEOUT_FEASIBLE;299.9953;0.0047;299.9863;0.0001;1018;1538;4574;411;9;0;120;402
4;CPLEX-CP-I;cplex-cp;cp-i;epsilon;0.01;instance_30_15_4_6;TIMEOUT_FEASIBLE;299.9957;0.0056;299.9854;0.0001;1157;1769;153;442;2;0;120;440
4;CPLEX-CP-I;cplex-cp;cp-i;epsilon;0.01;instance_30_15_4_7;PARSE_ERROR;;;;;;;;;;;;;;
4;CPLEX-CP-I;cplex-cp;cp-i;epsilon;0.01;instance_30_15_4_8;INFEASIBLE;0.0013;0.0001;0.0000;0.0000;31;30;0;;;;;
4;CPLEX-CP-I;cplex-cp;cp-i;epsilon;0.01;instance_30_15_4_9;PARSE_ERROR;;;;;;;;;;;;;;
4;CPLEX-CP-I;cplex-cp;cp-i;epsilon;0.01;instance_40_25_5_1;TIMEOUT_FEASIBLE;300.0068;0.0177;299.9800;0.0001;2924;4256;371;777;0;0;200;777
4;CPLEX-CP-I;cplex-cp;cp-i;epsilon;0.01;instance_40_25_5_10;PARSE_ERROR;;;;;;;;;;;;;;
4;CPLEX-CP-I;cplex-cp;cp-i;epsilon;0.01;instance_40_25_5_11;TIMEOUT_FEASIBLE;300.0141;0.0188;299.9852;0.0001;3242;4737;410;777;0;0;200;777
4;CPLEX-CP-I;cplex-cp;cp-i;epsilon;0.01;instance_40_25_5_12;TIMEOUT_FEASIBLE;300.0154;0.0171;299.9892;0.0001;3081;4452;406;777;0;0;200;777
4;CPLEX-CP-I;cplex-cp;cp-i;epsilon;0.01;instance_40_25_5_13;TIMEOUT_FEASIBLE;300.0088;0.0175;299.9816;0.0001;3307;4840;383;780;0;0;200;780
4;CPLEX-CP-I;cplex-cp;cp-i;epsilon;0.01;instance_40_25_5_14;TIMEOUT_FEASIBLE;300.0675;0.0187;300.0372;0.0002;3615;5299;22692;775;0;0;200;775
4;CPLEX-CP-I;cplex-cp;cp-i;epsilon;0.01;instance_40_25_5_15;TIMEOUT_FEASIBLE;299.9999;0.0179;299.9712;0.0002;3045;4478;24084;714;1;0;200;713
4;CPLEX-CP-I;cplex-cp;cp-i;epsilon;0.01;instance_40_25_5_16;TIMEOUT_FEASIBLE;300.0104;0.0168;299.9841;0.0002;2949;4329;22977;758;2;0;200;756
4;CPLEX-CP-I;cplex-cp;cp-i;epsilon;0.01;instance_40_25_5_17;TIMEOUT_FEASIBLE;300.0131;0.0187;299.9840;0.0002;3083;4481;47556;746;3;0;200;743
4;CPLEX-CP-I;cplex-cp;cp-i;epsilon;0.01;instance_40_25_5_18;TIMEOUT_FEASIBLE;300.0265;0.0180;299.9982;0.0002;3222;4692;22490;779;0;0;200;779
4;CPLEX-CP-I;cplex-cp;cp-i;epsilon;0.01;instance_40_25_5_19;TIMEOUT_FEASIBLE;300.0077;0.0147;299.9844;0.0002;2449;3616;57243;738;5;0;200;733
4;CPLEX-CP-I;cplex-cp;cp-i;epsilon;0.01;instance_40_25_5_2;PARSE_ERROR;;;;;;;;;;;;;;
4;CPLEX-CP-I;cplex-cp;cp-i;epsilon;0.01;instance_40_25_5_20;TIMEOUT_FEASIBLE;300.0146;0.0176;299.9866;0.0002;3091;4401;28079;765;2;10;200;753
4;CPLEX-CP-I;cplex-cp;cp-i;epsilon;0.01;instance_40_25_5_21;TIMEOUT_FEASIBLE;300.0366;0.0193;300.0060;0.0002;3280;4778;12304;753;0;0;200;753
4;CPLEX-CP-I;cplex-cp;cp-i;epsilon;0.01;instance_40_25_5_22;TIMEOUT_FEASIBLE;300.0060;0.0161;299.9805;0.0002;2721;4000;85416;764;5;1;200;758
4;CPLEX-CP-I;cplex-cp;cp-i;epsilon;0.01;instance_40_25_5_23;PARSE_ERROR;;;;;;;;;;;;;;
4;CPLEX-CP-I;cplex-cp;cp-i;epsilon;0.01;instance_40_25_5_24;TIMEOUT_FEASIBLE;300.0036;0.0159;299.9786;0.0002;2599;3824;134641;745;8;0;200;737
4;CPLEX-CP-I;cplex-cp;cp-i;epsilon;0.01;instance_40_25_5_25;TIMEOUT_FEASIBLE;300.0102;0.0145;299.9867;0.0002;2636;3871;7146;762;6;0;200;756
4;CPLEX-CP-I;cplex-cp;cp-i;epsilon;0.01;instance_40_25_5_26;TIMEOUT_FEASIBLE;300.0038;0.0177;299.9755;0.0002;3262;4762;407;771;0;6;200;765
4;CPLEX-CP-I;cplex-cp;cp-i;epsilon;0.01;instance_40_25_5_27;TIMEOUT_FEASIBLE;300.0048;0.0148;299.9811;0.0002;2621;3848;110478;748;10;0;200;738
4;CPLEX-CP-I;cplex-cp;cp-i;epsilon;0.01;instance_40_25_5_28;TIMEOUT_FEASIBLE;299.9985;0.0108;299.9822;0.0001;3173;4676;2405287;752;44;0;200;708
4;CPLEX-CP-I;cplex-cp;cp-i;epsilon;0.01;instance_40_25_5_29;TIMEOUT_FEASIBLE;300.0027;0.0155;299.9782;0.0002;2759;4047;35273;750;5;0;200;745
4;CPLEX-CP-I;cplex-cp;cp-i;epsilon;0.01;instance_40_25_5_3;PARSE_ERROR;;;;;;;;;;;;;;
4;CPLEX-CP-I;cplex-cp;cp-i;epsilon;0.01;instance_40_25_5_30;TIMEOUT_FEASIBLE;300.0588;0.0190;300.0292;0.0001;3553;5143;466;764;2;0;200;762
4;CPLEX-CP-I;cplex-cp;cp-i;epsilon;0.01;instance_40_25_5_31;PARSE_ERROR;;;;;;;;;;;;;;
4;CPLEX-CP-I;cplex-cp;cp-i;epsilon;0.01;instance_40_25_5_32;TIMEOUT_FEASIBLE;299.9994;0.0168;299.9722;0.0002;3251;4793;70419;717;9;0;200;708
4;CPLEX-CP-I;cplex-cp;cp-i;epsilon;0.01;instance_40_25_5_33;PARSE_ERROR;;;;;;;;;;;;;;
4;CPLEX-CP-I;cplex-cp;cp-i;epsilon;0.01;instance_40_25_5_34;PARSE_ERROR;;;;;;;;;;;;;;
4;CPLEX-CP-I;cplex-cp;cp-i;epsilon;0.01;instance_40_25_5_35;PARSE_ERROR;;;;;;;;;;;;;;
4;CPLEX-CP-I;cplex-cp;cp-i;epsilon;0.01;instance_40_25_5_36;TIMEOUT_FEASIBLE;300.0045;0.0194;299.9739;0.0002;3286;4821;8317;782;0;0;200;782
4;CPLEX-CP-I;cplex-cp;cp-i;epsilon;0.01;instance_40_25_5_37;TIMEOUT_FEASIBLE;300.0017;0.0175;299.9743;0.0002;3151;4633;27964;748;1;0;200;747
4;CPLEX-CP-I;cplex-cp;cp-i;epsilon;0.01;instance_40_25_5_38;TIMEOUT_FEASIBLE;300.0122;0.0159;299.9867;0.0002;2820;4116;52885;734;0;0;200;734
4;CPLEX-CP-I;cplex-cp;cp-i;epsilon;0.01;instance_40_25_5_39;TIMEOUT_FEASIBLE;300.0024;0.0158;299.9777;0.0002;2563;3767;167023;742;8;4;200;730
4;CPLEX-CP-I;cplex-cp;cp-i;epsilon;0.01;instance_40_25_5_4;PARSE_ERROR;;;;;;;;;;;;;;
4;CPLEX-CP-I;cplex-cp;cp-i;epsilon;0.01;instance_40_25_5_40;TIMEOUT_FEASIBLE;300.0324;0.0171;300.0050;0.0002;3076;4533;11623;768;1;0;200;767
4;CPLEX-CP-I;cplex-cp;cp-i;epsilon;0.01;instance_40_25_5_41;TIMEOUT_FEASIBLE;300.0068;0.0191;299.9768;0.0002;3241;4682;422;764;2;0;200;762
4;CPLEX-CP-I;cplex-cp;cp-i;epsilon;0.01;instance_40_25_5_42;TIMEOUT_FEASIBLE;300.0011;0.0160;299.9755;0.0002;2735;4071;55069;740;4;5;200;731
4;CPLEX-CP-I;cplex-cp;cp-i;epsilon;0.01;instance_40_25_5_43;PARSE_ERROR;;;;;;;;;;;;;;
4;CPLEX-CP-I;cplex-cp;cp-i;epsilon;0.01;instance_40_25_5_44;TIMEOUT_FEASIBLE;300.0065;0.0182;299.9773;0.0002;3287;4819;32682;779;0;3;200;776
4;CPLEX-CP-I;cplex-cp;cp-i;epsilon;0.01;instance_40_25_5_45;TIMEOUT_FEASIBLE;300.0008;0.0190;299.9711;0.0002;3187;4693;24535;704;2;0;200;702
4;CPLEX-CP-I;cplex-cp;cp-i;epsilon;0.01;instance_40_25_5_46;INFEASIBLE;0.0026;0.0011;0.0000;0.0000;317;316;0;;;;;
4;CPLEX-CP-I;cplex-cp;cp-i;epsilon;0.01;instance_40_25_5_47;TIMEOUT_FEASIBLE;300.0085;0.0194;299.9782;0.0002;3472;5028;29082;778;0;0;200;778
4;CPLEX-CP-I;cplex-cp;cp-i;epsilon;0.01;instance_40_25_5_48;TIMEOUT_FEASIBLE;300.0020;0.0183;299.9734;0.0002;3247;4793;19739;762;0;0;200;762
4;CPLEX-CP-I;cplex-cp;cp-i;epsilon;0.01;instance_40_25_5_49;TIMEOUT_FEASIBLE;300.0010;0.0099;299.9859;0.0001;2951;4331;8841316;737;44;0;200;693
4;CPLEX-CP-I;cplex-cp;cp-i;epsilon;0.01;instance_40_25_5_5;TIMEOUT_FEASIBLE;300.0039;0.0183;299.9756;0.0002;3263;4745;13516;780;3;4;200;773
4;CPLEX-CP-I;cplex-cp;cp-i;epsilon;0.01;instance_40_25_5_50;TIMEOUT_FEASIBLE;300.0026;0.0185;299.9728;0.0002;3408;4851;20249;784;2;0;200;782
4;CPLEX-CP-I;cplex-cp;cp-i;epsilon;0.01;instance_40_25_5_6;PARSE_ERROR;;;;;;;;;;;;;;
4;CPLEX-CP-I;cplex-cp;cp-i;epsilon;0.01;instance_40_25_5_7;TIMEOUT_FEASIBLE;300.0029;0.0196;299.9723;0.0002;3454;4982;452;778;0;0;200;778
4;CPLEX-CP-I;cplex-cp;cp-i;epsilon;0.01;instance_40_25_5_8;TIMEOUT_FEASIBLE;300.0009;0.0165;299.9753;0.0001;3015;4436;385;765;2;1;200;762
4;CPLEX-CP-I;cplex-cp;cp-i;epsilon;0.01;instance_40_25_5_9;TIMEOUT_FEASIBLE;300.0039;0.0193;299.9739;0.0002;3326;4872;26093;770;1;0;200;769
1;GUROBI-MIP;gurobi-mip;mip-e;epsilon;0.025;instance_30_15_4_1;OPTIMUM;0.4996;0.0223;0.2548;0.0002;3371;3079;1;443;1;0;120;442
1;GUROBI-MIP;gurobi-mip;mip-e;epsilon;0.025;instance_30_15_4_10;OPTIMUM;0.1913;0.0199;0.1678;0.0002;2858;2791;1;420;3;0;120;417
1;GUROBI-MIP;gurobi-mip;mip-e;epsilon;0.025;instance_30_15_4_11;PARSE_ERROR;;;;;;;;;;;;;;
1;GUROBI-MIP;gurobi-mip;mip-e;epsilon;0.025;instance_30_15_4_12;PARSE_ERROR;;;;;;;;;;;;;;
1;GUROBI-MIP;gurobi-mip;mip-e;epsilon;0.025;instance_30_15_4_13;OPTIMUM;0.1716;0.0156;0.1527;0.0002;2204;2192;1;386;3;0;120;383
1;GUROBI-MIP;gurobi-mip;mip-e;epsilon;0.025;instance_30_15_4_14;OPTIMUM;0.1969;0.0210;0.1720;0.0002;3089;2948;1;415;5;0;120;410
1;GUROBI-MIP;gurobi-mip;mip-e;epsilon;0.025;instance_30_15_4_15;OPTIMUM;0.3198;0.0223;0.2935;0.0002;3341;3041;1;446;0;0;120;446
1;GUROBI-MIP;gurobi-mip;mip-e;epsilon;0.025;instance_30_15_4_16;OPTIMUM;0.1307;0.0166;0.1107;0.0002;2300;2344;1;398;0;0;120;398
1;GUROBI-MIP;gurobi-mip;mip-e;epsilon;0.025;instance_30_15_4_17;OPTIMUM;0.1707;0.0190;0.1481;0.0002;2875;2724;1;421;1;0;120;420
1;GUROBI-MIP;gurobi-mip;mip-e;epsilon;0.025;instance_30_15_4_18;OPTIMUM;0.2495;0.0253;0.2201;0.0002;3959;3386;1;454;1;0;120;453
1;GUROBI-MIP;gurobi-mip;mip-e;epsilon;0.025;instance_30_15_4_19;PARSE_ERROR;;;;;;;;;;;;;;
1;GUROBI-MIP;gurobi-mip;mip-e;epsilon;0.025;instance_30_15_4_2;OPTIMUM;0.1443;0.0159;0.1250;0.0002;2165;2208;1;370;0;1;120;369
1;GUROBI-MIP;gurobi-mip;mip-e;epsilon;0.025;instance_30_15_4_20;OPTIMUM;0.1467;0.0174;0.1259;0.0002;2444;2469;1;426;2;0;120;424
1;GUROBI-MIP;gurobi-mip;mip-e;epsilon;0.025;instance_30_15_4_21;INFEASIBLE;0.0076;0.0038;0.0019;0.0000;1837;1922;0;;;;;
1;GUROBI-MIP;gurobi-mip;mip-e;epsilon;0.025;instance_30_15_4_22;PARSE_ERROR;;;;;;;;;;;;;;
1;GUROBI-MIP;gurobi-mip;mip-e;epsilon;0.025;instance_30_15_4_23;PARSE_ERROR;;;;;;;;;;;;;;
1;GUROBI-MIP;gurobi-mip;mip-e;epsilon;0.025;instance_30_15_4_24;OPTIMUM;0.2161;0.0225;0.1895;0.0002;3343;3066;1;444;0;0;120;444
1;GUROBI-MIP;gurobi-mip;mip-e;epsilon;0.025;instance_30_15_4_25;OPTIMUM;0.1476;0.0160;0.1282;0.0002;2287;2294;1;402;0;0;120;402
1;GUROBI-MIP;gurobi-mip;mip-e;epsilon;0.025;instance_30_15_4_26;PARSE_ERROR;;;;;;;;;;;;;;
1;GUROBI-MIP;gurobi-mip;mip-e;epsilon;0.025;instance_30_15_4_27;OPTIMUM;0.1908;0.0205;0.1662;0.0002;2917;2741;1;407;0;0;120;407
1;GUROBI-MIP;gurobi-mip;mip-e;epsilon;0.025;instance_30_15_4_28;PARSE_ERROR;;;;;;;;;;;;;;
1;GUROBI-MIP;gurobi-mip;mip-e;epsilon;0.025;instance_30_15_4_29;OPTIMUM;0.1323;0.0148;0.1143;0.0002;2095;2159;1;402;1;0;120;401
1;GUROBI-MIP;gurobi-mip;mip-e;epsilon;0.025;instance_30_15_4_3;OPTIMUM;0.2611;0.0221;0.2352;0.0002;3366;3038;1;436;1;0;120;435
1;GUROBI-MIP;gurobi-mip;mip-e;epsilon;0.025;instance_30_15_4_30;OPTIMUM;0.2300;0.0223;0.2039;0.0002;3307;3074;1;435;0;0;120;435
1;GUROBI-MIP;gurobi-mip;mip-e;epsilon;0.025;instance_30_15_4_31;OPTIMUM;0.2313;0.0216;0.2056;0.0002;3331;3021;1;410;1;0;120;409
1;GUROBI-MIP;gurobi-mip;mip-e;epsilon;0.025;instance_30_15_4_32;OPTIMUM;0.2602;0.0205;0.2360;0.0002;3155;2791;1;382;0;0;120;382
1;GUROBI-MIP;gurobi-mip;mip-e;epsilon;0.025;instance_30_15_4_33;OPTIMUM;0.2214;0.0214;0.1960;0.0002;3223;2979;1;429;0;0;120;429
1;GUROBI-MIP;gurobi-mip;mip-e;epsilon;0.025;instance_30_15_4_34;PARSE_ERROR;;;;;;;;;;;;;;
1;GUROBI-MIP;gurobi-mip;mip-e;epsilon;0.025;instance_30_15_4_35;PARSE_ERROR;;;;;;;;;;;;;;
1;GUROBI-MIP;gurobi-mip;mip-e;epsilon;0.025;instance_30_15_4_36;PARSE_ERROR;;;;;;;;;;;;;;
1;GUROBI-MIP;gurobi-mip;mip-e;epsilon;0.025;instance_30_15_4_37;OPTIMUM;0.1847;0.0195;0.1614;0.0002;2865;2755;1;424;1;0;120;423
1;GUROBI-MIP;gurobi-mip;mip-e;epsilon;0.025;instance_30_15_4_38;OPTIMUM;0.1846;0.0195;0.1612;0.0002;2845;2745;1;402;0;0;120;402
1;GUROBI-MIP;gurobi-mip;mip-e;epsilon;0.025;instance_30_15_4_39;OPTIMUM;0.2249;0.0212;0.2000;0.0002;3288;3013;1;442;1;0;120;441
1;GUROBI-MIP;gurobi-mip;mip-e;epsilon;0.025;instance_30_15_4_4;PARSE_ERROR;;;;;;;;;;;;;;
1;GUROBI-MIP;gurobi-mip;mip-e;epsilon;0.025;instance_30_15_4_40;PARSE_ERROR;;;;;;;;;;;;;;
1;GUROBI-MIP;gurobi-mip;mip-e;epsilon;0.025;instance_30_15_4_41;PARSE_ERROR;;;;;;;;;;;;;;
1;GUROBI-MIP;gurobi-mip;mip-e;epsilon;0.025;instance_30_15_4_42;OPTIMUM;0.2326;0.0224;0.2062;0.0002;3363;3102;1;432;0;0;120;432
1;GUROBI-MIP;gurobi-mip;mip-e;epsilon;0.025;instance_30_15_4_43;PARSE_ERROR;;;;;;;;;;;;;;
1;GUROBI-MIP;gurobi-mip;mip-e;epsilon;0.025;instance_30_15_4_44;PARSE_ERROR;;;;;;;;;;;;;;
1;GUROBI-MIP;gurobi-mip;mip-e;epsilon;0.025;instance_30_15_4_45;OPTIMUM;0.2694;0.0234;0.2421;0.0002;3586;3190;1;422;1;0;120;421
1;GUROBI-MIP;gurobi-mip;mip-e;epsilon;0.025;instance_30_15_4_46;PARSE_ERROR;;;;;;;;;;;;;;
1;GUROBI-MIP;gurobi-mip;mip-e;epsilon;0.025;instance_30_15_4_47;OPTIMUM;0.1901;0.0193;0.1671;0.0002;2811;2697;1;424;2;0;120;422
1;GUROBI-MIP;gurobi-mip;mip-e;epsilon;0.025;instance_30_15_4_48;OPTIMUM;0.1827;0.0200;0.1588;0.0002;2913;2779;1;430;0;0;120;430
1;GUROBI-MIP;gurobi-mip;mip-e;epsilon;0.025;instance_30_15_4_49;OPTIMUM;0.1865;0.0193;0.1636;0.0002;2912;2738;1;434;2;0;120;432
1;GUROBI-MIP;gurobi-mip;mip-e;epsilon;0.025;instance_30_15_4_5;OPTIMUM;0.2339;0.0188;0.2115;0.0002;2772;2611;1;424;5;0;120;419
1;GUROBI-MIP;gurobi-mip;mip-e;epsilon;0.025;instance_30_15_4_50;OPTIMUM;0.1464;0.0160;0.1273;0.0002;2294;2254;1;409;8;0;120;401
1;GUROBI-MIP;gurobi-mip;mip-e;epsilon;0.025;instance_30_15_4_6;OPTIMUM;0.1821;0.0177;0.1610;0.0002;2621;2606;1;436;0;0;120;436
1;GUROBI-MIP;gurobi-mip;mip-e;epsilon;0.025;instance_30_15_4_7;PARSE_ERROR;;;;;;;;;;;;;;
1;GUROBI-MIP;gurobi-mip;mip-e;epsilon;0.025;instance_30_15_4_8;INFEASIBLE;0.0104;0.0058;0.0026;0.0000;3104;2911;0;;;;;
1;GUROBI-MIP;gurobi-mip;mip-e;epsilon;0.025;instance_30_15_4_9;PARSE_ERROR;;;;;;;;;;;;;;
1;GUROBI-MIP;gurobi-mip;mip-e;epsilon;0.025;instance_40_25_5_1;OPTIMUM;0.5939;0.0511;0.5349;0.0004;7806;6177;1;777;0;0;200;777
1;GUROBI-MIP;gurobi-mip;mip-e;epsilon;0.025;instance_40_25_5_10;PARSE_ERROR;;;;;;;;;;;;;;
1;GUROBI-MIP;gurobi-mip;mip-e;epsilon;0.025;instance_40_25_5_11;OPTIMUM;0.5628;0.0540;0.5013;0.0004;8366;6741;1;783;0;0;200;783
1;GUROBI-MIP;gurobi-mip;mip-e;epsilon;0.025;instance_40_25_5_12;OPTIMUM;0.6121;0.0520;0.5523;0.0004;7935;6437;1;778;0;0;200;778
1;GUROBI-MIP;gurobi-mip;mip-e;epsilon;0.025;instance_40_25_5_13;OPTIMUM;0.6112;0.0542;0.5486;0.0004;8187;6772;1;783;0;0;200;783
1;GUROBI-MIP;gurobi-mip;mip-e;epsilon;0.025;instance_40_25_5_14;OPTIMUM;0.6121;0.0579;0.5458;0.0005;9031;7290;1;781;0;0;200;781
1;GUROBI-MIP;gurobi-mip;mip-e;epsilon;0.025;instance_40_25_5_15;OPTIMUM;0.6671;0.0512;0.6085;0.0004;7991;6437;1;710;0;0;200;710
1;GUROBI-MIP;gurobi-mip;mip-e;epsilon;0.025;instance_40_25_5_16;OPTIMUM;0.6319;0.0497;0.5748;0.0004;7425;6080;1;753;1;0;200;752
1;GUROBI-MIP;gurobi-mip;mip-e;epsilon;0.025;instance_40_25_5_17;OPTIMUM;0.6089;0.0520;0.5492;0.0005;7867;6418;1;741;0;0;200;741
1;GUROBI-MIP;gurobi-mip;mip-e;epsilon;0.025;instance_40_25_5_18;OPTIMUM;0.5753;0.0534;0.5139;0.0004;8262;6693;1;782;0;0;200;782
1;GUROBI-MIP;gurobi-mip;mip-e;epsilon;0.025;instance_40_25_5_19;OPTIMUM;0.6455;0.0416;0.5977;0.0004;5910;5212;1;729;2;0;200;727
1;GUROBI-MIP;gurobi-mip;mip-e;epsilon;0.025;instance_40_25_5_2;PARSE_ERROR;;;;;;;;;;;;;;
1;GUROBI-MIP;gurobi-mip;mip-e;epsilon;0.025;instance_40_25_5_20;OPTIMUM;0.8693;0.0520;0.8095;0.0004;8180;6439;1;759;0;0;200;759
1;GUROBI-MIP;gurobi-mip;mip-e;epsilon;0.025;instance_40_25_5_21;OPTIMUM;0.6859;0.0549;0.6230;0.0005;8490;6813;1;755;0;0;200;755
1;GUROBI-MIP;gurobi-mip;mip-e;epsilon;0.025;instance_40_25_5_22;OPTIMUM;2.0186;0.0458;1.9653;0.0004;6757;5793;1;752;0;0;200;752
1;GUROBI-MIP;gurobi-mip;mip-e;epsilon;0.025;instance_40_25_5_23;PARSE_ERROR;;;;;;;;;;;;;;
1;GUROBI-MIP;gurobi-mip;mip-e;epsilon;0.025;instance_40_25_5_24;OPTIMUM;0.7764;0.0435;0.7263;0.0004;6415;5517;1;734;2;0;200;732
1;GUROBI-MIP;gurobi-mip;mip-e;epsilon;0.025;instance_40_25_5_25;OPTIMUM;0.6222;0.0431;0.5729;0.0004;6367;5530;1;754;3;0;200;751
1;GUROBI-MIP;gurobi-mip;mip-e;epsilon;0.025;instance_40_25_5_26;OPTIMUM;0.6162;0.0552;0.5530;0.0004;8367;6757;1;775;0;0;200;775
1;GUROBI-MIP;gurobi-mip;mip-e;epsilon;0.025;instance_40_25_5_27;OPTIMUM;0.5972;0.0421;0.5488;0.0004;6288;5519;1;738;5;0;200;733
1;GUROBI-MIP;gurobi-mip;mip-e;epsilon;0.025;instance_40_25_5_28;OPTIMUM;0.8628;0.0514;0.8041;0.0004;7869;6569;1;737;3;0;200;734
1;GUROBI-MIP;gurobi-mip;mip-e;epsilon;0.025;instance_40_25_5_29;OPTIMUM;0.5721;0.0464;0.5192;0.0003;6686;5707;1;739;3;0;200;736
1;GUROBI-MIP;gurobi-mip;mip-e;epsilon;0.025;instance_40_25_5_3;PARSE_ERROR;;;;;;;;;;;;;;
1;GUROBI-MIP;gurobi-mip;mip-e;epsilon;0.025;instance_40_25_5_30;OPTIMUM;0.6327;0.0575;0.5674;0.0004;9104;7202;1;761;0;0;200;761
1;GUROBI-MIP;gurobi-mip;mip-e;epsilon;0.025;instance_40_25_5_31;PARSE_ERROR;;;;;;;;;;;;;;
1;GUROBI-MIP;gurobi-mip;mip-e;epsilon;0.025;instance_40_25_5_32;OPTIMUM;0.5089;0.0512;0.4502;0.0004;7826;6652;1;706;4;0;200;702
1;GUROBI-MIP;gurobi-mip;mip-e;epsilon;0.025;instance_40_25_5_33;PARSE_ERROR;;;;;;;;;;;;;;
1;GUROBI-MIP;gurobi-mip;mip-e;epsilon;0.025;instance_40_25_5_34;PARSE_ERROR;;;;;;;;;;;;;;
1;GUROBI-MIP;gurobi-mip;mip-e;epsilon;0.025;instance_40_25_5_35;PARSE_ERROR;;;;;;;;;;;;;;
1;GUROBI-MIP;gurobi-mip;mip-e;epsilon;0.025;instance_40_25_5_36;OPTIMUM;0.6033;0.0546;0.5413;0.0004;8531;6890;1;788;0;0;200;788
1;GUROBI-MIP;gurobi-mip;mip-e;epsilon;0.025;instance_40_25_5_37;OPTIMUM;0.5415;0.0509;0.4828;0.0004;7699;6496;1;747;0;0;200;747
1;GUROBI-MIP;gurobi-mip;mip-e;epsilon;0.025;instance_40_25_5_38;OPTIMUM;0.5089;0.0467;0.4558;0.0004;6726;5915;1;735;0;0;200;735
1;GUROBI-MIP;gurobi-mip;mip-e;epsilon;0.025;instance_40_25_5_39;OPTIMUM;0.9163;0.0421;0.8676;0.0004;6492;5387;1;732;2;0;200;730
1;GUROBI-MIP;gurobi-mip;mip-e;epsilon;0.025;instance_40_25_5_4;PARSE_ERROR;;;;;;;;;;;;;;
1;GUROBI-MIP;gurobi-mip;mip-e;epsilon;0.025;instance_40_25_5_40;OPTIMUM;0.6145;0.0520;0.5551;0.0005;7792;6455;1;766;0;0;200;766
1;GUROBI-MIP;gurobi-mip;mip-e;epsilon;0.025;instance_40_25_5_41;OPTIMUM;0.7391;0.0550;0.6760;0.0004;8669;6835;1;759;0;0;200;759
1;GUROBI-MIP;gurobi-mip;mip-e;epsilon;0.025;instance_40_25_5_42;OPTIMUM;0.4932;0.0465;0.4399;0.0004;6886;5873;1;729;0;0;200;729
1;GUROBI-MIP;gurobi-mip;mip-e;epsilon;0.025;instance_40_25_5_43;PARSE_ERROR;;;;;;;;;;;;;;
1;GUROBI-MIP;gurobi-mip;mip-e;epsilon;0.025;instance_40_25_5_44;OPTIMUM;0.6087;0.0546;0.5464;0.0004;8468;6856;1;780;0;0;200;780
1;GUROBI-MIP;gurobi-mip;mip-e;epsilon;0.025;instance_40_25_5_45;OPTIMUM;0.6175;0.0530;0.5567;0.0004;7993;6603;1;701;0;0;200;701
1;GUROBI-MIP;gurobi-mip;mip-e;epsilon;0.025;instance_40_25_5_46;INFEASIBLE;0.0231;0.0153;0.0051;0.0000;8709;6987;0;;;;;
1;GUROBI-MIP;gurobi-mip;mip-e;epsilon;0.025;instance_40_25_5_47;OPTIMUM;0.7079;0.0586;0.6414;0.0005;9002;7177;1;780;0;0;200;780
1;GUROBI-MIP;gurobi-mip;mip-e;epsilon;0.025;instance_40_25_5_48;OPTIMUM;0.6354;0.0534;0.5740;0.0004;8403;6784;1;766;0;0;200;766
1;GUROBI-MIP;gurobi-mip;mip-e;epsilon;0.025;instance_40_25_5_49;OPTIMUM;1.0115;0.0503;0.9537;0.0004;7358;6129;1;721;5;0;200;716
1;GUROBI-MIP;gurobi-mip;mip-e;epsilon;0.025;instance_40_25_5_5;OPTIMUM;0.5857;0.0529;0.5251;0.0004;8268;6681;1;772;0;0;200;772
1;GUROBI-MIP;gurobi-mip;mip-e;epsilon;0.025;instance_40_25_5_50;OPTIMUM;0.7704;0.0592;0.7030;0.0005;9009;7033;1;782;1;0;200;781
1;GUROBI-MIP;gurobi-mip;mip-e;epsilon;0.025;instance_40_25_5_6;PARSE_ERROR;;;;;;;;;;;;;;
1;GUROBI-MIP;gurobi-mip;mip-e;epsilon;0.025;instance_40_25_5_7;OPTIMUM;0.6275;0.0574;0.5620;0.0004;9134;7208;1;782;0;0;200;782
1;GUROBI-MIP;gurobi-mip;mip-e;epsilon;0.025;instance_40_25_5_8;OPTIMUM;0.5862;0.0503;0.5288;0.0004;7559;6317;1;763;0;0;200;763
1;GUROBI-MIP;gurobi-mip;mip-e;epsilon;0.025;instance_40_25_5_9;OPTIMUM;0.6578;0.0548;0.5951;0.0005;8465;6891;1;772;0;0;200;772
2;CPLEX-MIP;cplex-mip;mip-e;epsilon;0.025;instance_30_15_4_1;OPTIMUM;0.3545;0.0218;0.3288;0.0002;3371;3079;0;443;1;0;120;442
2;CPLEX-MIP;cplex-mip;mip-e;epsilon;0.025;instance_30_15_4_10;OPTIMUM;0.2648;0.0199;0.2415;0.0002;2858;2791;0;420;3;0;120;417
2;CPLEX-MIP;cplex-mip;mip-e;epsilon;0.025;instance_30_15_4_11;PARSE_ERROR;;;;;;;;;;;;;;
2;CPLEX-MIP;cplex-mip;mip-e;epsilon;0.025;instance_30_15_4_12;PARSE_ERROR;;;;;;;;;;;;;;
2;CPLEX-MIP;cplex-mip;mip-e;epsilon;0.025;instance_30_15_4_13;OPTIMUM;0.3374;0.0147;0.3201;0.0002;2204;2192;0;386;3;0;120;383
2;CPLEX-MIP;cplex-mip;mip-e;epsilon;0.025;instance_30_15_4_14;OPTIMUM;0.2994;0.0207;0.2754;0.0002;3089;2948;0;415;5;0;120;410
2;CPLEX-MIP;cplex-mip;mip-e;epsilon;0.025;instance_30_15_4_15;OPTIMUM;0.4486;0.0219;0.4228;0.0003;3341;3041;0;446;0;0;120;446
2;CPLEX-MIP;cplex-mip;mip-e;epsilon;0.025;instance_30_15_4_16;OPTIMUM;0.2389;0.0164;0.2195;0.0002;2300;2344;0;398;0;0;120;398
2;CPLEX-MIP;cplex-mip;mip-e;epsilon;0.025;instance_30_15_4_17;OPTIMUM;0.2791;0.0196;0.2561;0.0002;2875;2724;0;421;1;0;120;420
2;CPLEX-MIP;cplex-mip;mip-e;epsilon;0.025;instance_30_15_4_18;OPTIMUM;0.3931;0.0238;0.3655;0.0002;3959;3386;0;454;1;0;120;453
2;CPLEX-MIP;cplex-mip;mip-e;epsilon;0.025;instance_30_15_4_19;PARSE_ERROR;;;;;;;;;;;;;;
2;CPLEX-MIP;cplex-mip;mip-e;epsilon;0.025;instance_30_15_4_2;OPTIMUM;0.2518;0.0154;0.2334;0.0002;2165;2208;0;370;0;1;120;369
2;CPLEX-MIP;cplex-mip;mip-e;epsilon;0.025;instance_30_15_4_20;OPTIMUM;0.2680;0.0169;0.2482;0.0002;2444;2469;0;426;2;0;120;424
2;CPLEX-MIP;cplex-mip;mip-e;epsilon;0.025;instance_30_15_4_21;INFEASIBLE;0.0056;0.0042;0.0006;0.0000;1837;1922;0;;;;;
2;CPLEX-MIP;cplex-mip;mip-e;epsilon;0.025;instance_30_15_4_22;PARSE_ERROR;;;;;;;;;;;;;;
2;CPLEX-MIP;cplex-mip;mip-e;epsilon;0.025;instance_30_15_4_23;PARSE_ERROR;;;;;;;;;;;;;;
2;CPLEX-MIP;cplex-mip;mip-e;epsilon;0.025;instance_30_15_4_24;OPTIMUM;0.2880;0.0219;0.2623;0.0002;3343;3066;0;444;0;0;120;444
2;CPLEX-MIP;cplex-mip;mip-e;epsilon;0.025;instance_30_15_4_25;OPTIMUM;0.2407;0.0162;0.2216;0.0003;2287;2294;0;402;0;0;120;402
2;CPLEX-MIP;cplex-mip;mip-e;epsilon;0.025;instance_30_15_4_26;PARSE_ERROR;;;;;;;;;;;;;;
2;CPLEX-MIP;cplex-mip;mip-e;epsilon;0.025;instance_30_15_4_27;OPTIMUM;0.3031;0.0194;0.2803;0.0002;2917;2741;0;407;0;0;120;407
2;CPLEX-MIP;cplex-mip;mip-e;epsilon;0.025;instance_30_15_4_28;PARSE_ERROR;;;;;;;;;;;;;;
2;CPLEX-MIP;cplex-mip;mip-e;epsilon;0.025;instance_30_15_4_29;OPTIMUM;0.2723;0.0148;0.2549;0.0002;2095;2159;0;402;1;0;120;401
2;CPLEX-MIP;cplex-mip;mip-e;epsilon;0.025;instance_30_15_4_3;OPTIMUM;0.4158;0.0217;0.3905;0.0003;3366;3038;0;436;1;0;120;435
2;CPLEX-MIP;cplex-mip;mip-e;epsilon;0.025;instance_30_15_4_30;OPTIMUM;0.3732;0.0208;0.3488;0.0002;3307;3074;0;435;0;0;120;435
2;CPLEX-MIP;cplex-mip;mip-e;epsilon;0.025;instance_30_15_4_31;OPTIMUM;0.3034;0.0216;0.2780;0.0002;3331;3021;0;410;1;0;120;409
2;CPLEX-MIP;cplex-mip;mip-e;epsilon;0.025;instance_30_15_4_32;OPTIMUM;0.4435;0.0205;0.4193;0.0002;3155;2791;0;382;0;0;120;382
2;CPLEX-MIP;cplex-mip;mip-e;epsilon;0.025;instance_30_15_4_33;OPTIMUM;0.3346;0.0218;0.3090;0.0002;3223;2979;0;429;0;0;120;429
2;CPLEX-MIP;cplex-mip;mip-e;epsilon;0.025;instance_30_15_4_34;PARSE_ERROR;;;;;;;;;;;;;;
2;CPLEX-MIP;cplex-mip;mip-e;epsilon;0.025;instance_30_15_4_35;PARSE_ERROR;;;;;;;;;;;;;;
2;CPLEX-MIP;cplex-mip;mip-e;epsilon;0.025;instance_30_15_4_36;PARSE_ERROR;;;;;;;;;;;;;;
2;CPLEX-MIP;cplex-mip;mip-e;epsilon;0.025;instance_30_15_4_37;OPTIMUM;0.2633;0.0194;0.2406;0.0002;2865;2755;0;424;1;0;120;423
2;CPLEX-MIP;cplex-mip;mip-e;epsilon;0.025;instance_30_15_4_38;OPTIMUM;0.3912;0.0191;0.3689;0.0002;2845;2745;0;402;0;0;120;402
2;CPLEX-MIP;cplex-mip;mip-e;epsilon;0.025;instance_30_15_4_39;OPTIMUM;0.3855;0.0205;0.3615;0.0002;3288;3013;0;442;1;0;120;441
2;CPLEX-MIP;cplex-mip;mip-e;epsilon;0.025;instance_30_15_4_4;PARSE_ERROR;;;;;;;;;;;;;;
2;CPLEX-MIP;cplex-mip;mip-e;epsilon;0.025;instance_30_15_4_40;PARSE_ERROR;;;;;;;;;;;;;;
2;CPLEX-MIP;cplex-mip;mip-e;epsilon;0.025;instance_30_15_4_41;PARSE_ERROR;;;;;;;;;;;;;;
2;CPLEX-MIP;cplex-mip;mip-e;epsilon;0.025;instance_30_15_4_42;OPTIMUM;0.3188;0.0218;0.2934;0.0002;3363;3102;0;432;0;0;120;432
2;CPLEX-MIP;cplex-mip;mip-e;epsilon;0.025;instance_30_15_4_43;PARSE_ERROR;;;;;;;;;;;;;;
2;CPLEX-MIP;cplex-mip;mip-e;epsilon;0.025;instance_30_15_4_44;PARSE_ERROR;;;;;;;;;;;;;;
2;CPLEX-MIP;cplex-mip;mip-e;epsilon;0.025;instance_30_15_4_45;OPTIMUM;0.5081;0.0222;0.4823;0.0002;3586;3190;0;422;1;0;120;421
2;CPLEX-MIP;cplex-mip;mip-e;epsilon;0.025;instance_30_15_4_46;PARSE_ERROR;;;;;;;;;;;;;;
2;CPLEX-MIP;cplex-mip;mip-e;epsilon;0.025;instance_30_15_4_47;OPTIMUM;0.2789;0.0189;0.2567;0.0002;2811;2697;0;424;2;0;120;422
2;CPLEX-MIP;cplex-mip;mip-e;epsilon;0.025;instance_30_15_4_48;OPTIMUM;0.3416;0.0191;0.3193;0.0002;2913;2779;0;430;0;0;120;430
2;CPLEX-MIP;cplex-mip;mip-e;epsilon;0.025;instance_30_15_4_49;OPTIMUM;0.3508;0.0195;0.3280;0.0002;2912;2738;0;434;2;0;120;432
2;CPLEX-MIP;cplex-mip;mip-e;epsilon;0.025;instance_30_15_4_5;OPTIMUM;0.2491;0.0188;0.2271;0.0002;2772;2611;0;424;5;0;120;419
2;CPLEX-MIP;cplex-mip;mip-e;epsilon;0.025;instance_30_15_4_50;OPTIMUM;0.2570;0.0157;0.2386;0.0002;2294;2254;0;409;8;0;120;401
2;CPLEX-MIP;cplex-mip;mip-e;epsilon;0.025;instance_30_15_4_6;OPTIMUM;0.2930;0.0182;0.2718;0.0002;2621;2606;0;436;0;0;120;436
2;CPLEX-MIP;cplex-mip;mip-e;epsilon;0.025;instance_30_15_4_7;PARSE_ERROR;;;;;;;;;;;;;;
2;CPLEX-MIP;cplex-mip;mip-e;epsilon;0.025;instance_30_15_4_8;INFEASIBLE;0.0076;0.0060;0.0008;0.0000;3104;2911;0;;;;;
2;CPLEX-MIP;cplex-mip;mip-e;epsilon;0.025;instance_30_15_4_9;PARSE_ERROR;;;;;;;;;;;;;;
2;CPLEX-MIP;cplex-mip;mip-e;epsilon;0.025;instance_40_25_5_1;OPTIMUM;1.1481;0.0498;1.0880;0.0005;7806;6177;0;777;0;0;200;777
2;CPLEX-MIP;cplex-mip;mip-e;epsilon;0.025;instance_40_25_5_10;PARSE_ERROR;;;;;;;;;;;;;;
2;CPLEX-MIP;cplex-mip;mip-e;epsilon;0.025;instance_40_25_5_11;OPTIMUM;0.9236;0.0537;0.8596;0.0005;8366;6741;0;783;0;0;200;783
2;CPLEX-MIP;cplex-mip;mip-e;epsilon;0.025;instance_40_25_5_12;OPTIMUM;1.0392;0.0508;0.9780;0.0005;7935;6437;0;778;0;0;200;778
2;CPLEX-MIP;cplex-mip;mip-e;epsilon;0.025;instance_40_25_5_13;OPTIMUM;1.2124;0.0530;1.1485;0.0005;8187;6772;0;783;0;0;200;783
2;CPLEX-MIP;cplex-mip;mip-e;epsilon;0.025;instance_40_25_5_14;OPTIMUM;1.2568;0.0579;1.1876;0.0005;9031;7290;0;781;0;0;200;781
2;CPLEX-MIP;cplex-mip;mip-e;epsilon;0.025;instance_40_25_5_15;OPTIMUM;1.2900;0.0505;1.2286;0.0004;7991;6437;0;710;0;0;200;710
2;CPLEX-MIP;cplex-mip;mip-e;epsilon;0.025;instance_40_25_5_16;OPTIMUM;1.4144;0.0500;1.3534;0.0005;7425;6080;0;753;1;0;200;752
2;CPLEX-MIP;cplex-mip;mip-e;epsilon;0.025;instance_40_25_5_17;OPTIMUM;1.4785;0.0509;1.4167;0.0005;7867;6418;0;741;0;0;200;741
2;CPLEX-MIP;cplex-mip;mip-e;epsilon;0.025;instance_40_25_5_18;OPTIMUM;0.9674;0.0531;0.9040;0.0005;8262;6693;0;782;0;0;200;782
2;CPLEX-MIP;cplex-mip;mip-e;epsilon;0.025;instance_40_25_5_19;OPTIMUM;1.2278;0.0406;1.1786;0.0004;5910;5212;0;729;2;0;200;727
2;CPLEX-MIP;cplex-mip;mip-e;epsilon;0.025;instance_40_25_5_2;PARSE_ERROR;;;;;;;;;;;;;;
2;CPLEX-MIP;cplex-mip;mip-e;epsilon;0.025;instance_40_25_5_20;OPTIMUM;1.9009;0.0550;1.8341;0.0005;8180;6439;0;759;0;0;200;759
2;CPLEX-MIP;cplex-mip;mip-e;epsilon;0.025;instance_40_25_5_21;OPTIMUM;1.6650;0.0540;1.5992;0.0005;8490;6813;0;755;0;0;200;755
2;CPLEX-MIP;cplex-mip;mip-e;epsilon;0.025;instance_40_25_5_22;OPTIMUM;1.6007;0.0443;1.5468;0.0004;6757;5793;0;752;0;0;200;752
2;CPLEX-MIP;cplex-mip;mip-e;epsilon;0.025;instance_40_25_5_23;PARSE_ERROR;;;;;;;;;;;;;;
2;CPLEX-MIP;cplex-mip;mip-e;epsilon;0.025;instance_40_25_5_24;OPTIMUM;1.1616;0.0418;1.1113;0.0004;6415;5517;0;734;2;0;200;732
2;CPLEX-MIP;cplex-mip;mip-e;epsilon;0.025;instance_40_25_5_25;OPTIMUM;1.1581;0.0436;1.1053;0.0004;6367;5530;0;754;3;0;200;751
2;CPLEX-MIP;cplex-mip;mip-e;epsilon;0.025;instance_40_25_5_26;OPTIMUM;1.1355;0.0544;1.0694;0.0005;8367;6757;0;775;0;0;200;775
2;CPLEX-MIP;cplex-mip;mip-e;epsilon;0.025;instance_40_25_5_27;OPTIMUM;1.0598;0.0425;1.0091;0.0004;6288;5519;0;738;5;0;200;733
2;CPLEX-MIP;cplex-mip;mip-e;epsilon;0.025;instance_40_25_5_28;OPTIMUM;1.5106;0.0521;1.4470;0.0005;7869;6569;0;737;3;0;200;734
2;CPLEX-MIP;cplex-mip;mip-e;epsilon;0.025;instance_40_25_5_29;OPTIMUM;1.2416;0.0447;1.1874;0.0004;6686;5707;0;739;3;0;200;736
2;CPLEX-MIP;cplex-mip;mip-e;epsilon;0.025;instance_40_25_5_3;PARSE_ERROR;;;;;;;;;;;;;;
2;CPLEX-MIP;cplex-mip;mip-e;epsilon;0.025;instance_40_25_5_30;OPTIMUM;1.4553;0.0576;1.3851;0.0006;9104;7202;0;761;0;0;200;761
2;CPLEX-MIP;cplex-mip;mip-e;epsilon;0.025;instance_40_25_5_31;PARSE_ERROR;;;;;;;;;;;;;;
2;CPLEX-MIP;cplex-mip;mip-e;epsilon;0.025;instance_40_25_5_32;OPTIMUM;1.2305;0.0515;1.1681;0.0005;7826;6652;0;706;4;0;200;702
2;CPLEX-MIP;cplex-mip;mip-e;epsilon;0.025;instance_40_25_5_33;PARSE_ERROR;;;;;;;;;;;;;;
2;CPLEX-MIP;cplex-mip;mip-e;epsilon;0.025;instance_40_25_5_34;PARSE_ERROR;;;;;;;;;;;;;;
2;CPLEX-MIP;cplex-mip;mip-e;epsilon;0.025;instance_40_25_5_35;PARSE_ERROR;;;;;;;;;;;;;;
2;CPLEX-MIP;cplex-mip;mip-e;epsilon;0.025;instance_40_25_5_36;OPTIMUM;1.1372;0.0556;1.0702;0.0005;8531;6890;0;788;0;0;200;788
2;CPLEX-MIP;cplex-mip;mip-e;epsilon;0.025;instance_40_25_5_37;OPTIMUM;1.1272;0.0486;1.0691;0.0005;7699;6496;0;747;0;0;200;747
2;CPLEX-MIP;cplex-mip;mip-e;epsilon;0.025;instance_40_25_5_38;OPTIMUM;1.0811;0.0461;1.0259;0.0004;6726;5915;0;735;0;0;200;735
2;CPLEX-MIP;cplex-mip;mip-e;epsilon;0.025;instance_40_25_5_39;OPTIMUM;1.7488;0.0430;1.6966;0.0004;6492;5387;0;732;2;0;200;730
2;CPLEX-MIP;cplex-mip;mip-e;epsilon;0.025;instance_40_25_5_4;PARSE_ERROR;;;;;;;;;;;;;;
2;CPLEX-MIP;cplex-mip;mip-e;epsilon;0.025;instance_40_25_5_40;OPTIMUM;0.9069;0.0486;0.8492;0.0004;7792;6455;0;766;0;0;200;766
2;CPLEX-MIP;cplex-mip;mip-e;epsilon;0.025;instance_40_25_5_41;OPTIMUM;1.0591;0.0541;0.9943;0.0005;8669;6835;0;759;0;0;200;759
2;CPLEX-MIP;cplex-mip;mip-e;epsilon;0.025;instance_40_25_5_42;OPTIMUM;0.9317;0.0469;0.8760;0.0005;6886;5873;0;729;0;0;200;729
2;CPLEX-MIP;cplex-mip;mip-e;epsilon;0.025;instance_40_25_5_43;PARSE_ERROR;;;;;;;;;;;;;;
2;CPLEX-MIP;cplex-mip;mip-e;epsilon;0.025;instance_40_25_5_44;OPTIMUM;1.0031;0.0528;0.9398;0.0005;8468;6856;0;780;0;0;200;780
2;CPLEX-MIP;cplex-mip;mip-e;epsilon;0.025;instance_40_25_5_45;OPTIMUM;1.3332;0.0519;1.2706;0.0005;7993;6603;0;701;0;0;200;701
2;CPLEX-MIP;cplex-mip;mip-e;epsilon;0.025;instance_40_25_5_46;INFEASIBLE;0.0205;0.0168;0.0020;0.0000;8709;6987;0;;;;;
2;CPLEX-MIP;cplex-mip;mip-e;epsilon;0.025;instance_40_25_5_47;OPTIMUM;1.7499;0.0574;1.6803;0.0006;9002;7177;0;780;0;0;200;780
2;CPLEX-MIP;cplex-mip;mip-e;epsilon;0.025;instance_40_25_5_48;OPTIMUM;1.3607;0.0550;1.2943;0.0005;8403;6784;0;766;0;0;200;766
2;CPLEX-MIP;cplex-mip;mip-e;epsilon;0.025;instance_40_25_5_49;OPTIMUM;1.4864;0.0470;1.4299;0.0005;7358;6129;0;721;5;0;200;716
2;CPLEX-MIP;cplex-mip;mip-e;epsilon;0.025;instance_40_25_5_5;OPTIMUM;0.9787;0.0539;0.9148;0.0005;8268;6681;0;772;0;0;200;772
2;CPLEX-MIP;cplex-mip;mip-e;epsilon;0.025;instance_40_25_5_50;OPTIMUM;1.8195;0.0569;1.7504;0.0005;9009;7033;0;782;1;0;200;781
2;CPLEX-MIP;cplex-mip;mip-e;epsilon;0.025;instance_40_25_5_6;PARSE_ERROR;;;;;;;;;;;;;;
2;CPLEX-MIP;cplex-mip;mip-e;epsilon;0.025;instance_40_25_5_7;OPTIMUM;1.6155;0.0563;1.5474;0.0005;9134;7208;0;782;0;0;200;782
2;CPLEX-MIP;cplex-mip;mip-e;epsilon;0.025;instance_40_25_5_8;OPTIMUM;1.0630;0.0481;1.0054;0.0005;7559;6317;0;763;0;0;200;763
2;CPLEX-MIP;cplex-mip;mip-e;epsilon;0.025;instance_40_25_5_9;OPTIMUM;1.1727;0.0544;1.1068;0.0005;8465;6891;0;772;0;0;200;772
3;CPLEX-CP-T;cplex-cp;cp-t;epsilon;0.025;instance_30_15_4_1;TIMEOUT_FEASIBLE;300.0023;0.0040;299.9922;0.0001;2114;2952;749;440;1;0;120;439
3;CPLEX-CP-T;cplex-cp;cp-t;epsilon;0.025;instance_30_15_4_10;TIMEOUT_FEASIBLE;299.9946;0.0039;299.9850;0.0001;2110;2944;701;418;3;0;120;415
3;CPLEX-CP-T;cplex-cp;cp-t;epsilon;0.025;instance_30_15_4_11;PARSE_ERROR;;;;;;;;;;;;;;
3;CPLEX-CP-T;cplex-cp;cp-t;epsilon;0.025;instance_30_15_4_12;PARSE_ERROR;;;;;;;;;;;;;;
3;CPLEX-CP-T;cplex-cp;cp-t;epsilon;0.025;instance_30_15_4_13;TIMEOUT_FEASIBLE;300.0064;0.0034;299.9978;0.0001;1921;2564;465;380;3;0;120;377
3;CPLEX-CP-T;cplex-cp;cp-t;epsilon;0.025;instance_30_15_4_14;TIMEOUT_FEASIBLE;300.0046;0.0040;299.9946;0.0001;2144;3013;26306;415;5;0;120;410
3;CPLEX-CP-T;cplex-cp;cp-t;epsilon;0.025;instance_30_15_4_15;TIMEOUT_FEASIBLE;300.0044;0.0040;299.9947;0.0001;2057;2839;20851;441;0;1;120;440
3;CPLEX-CP-T;cplex-cp;cp-t;epsilon;0.025;instance_30_15_4_16;TIMEOUT_FEASIBLE;300.0047;0.0039;299.9954;0.0001;2119;2961;16501;392;0;0;120;392
3;CPLEX-CP-T;cplex-cp;cp-t;epsilon;0.025;instance_30_15_4_17;TIMEOUT_FEASIBLE;300.0046;0.0039;299.9947;0.0001;2114;2954;19625;418;1;0;120;417
3;CPLEX-CP-T;cplex-cp;cp-t;epsilon;0.025;instance_30_15_4_18;TIMEOUT_FEASIBLE;300.0052;0.0042;299.9945;0.0001;2108;2939;24894;452;1;0;120;451
3;CPLEX-CP-T;cplex-cp;cp-t;epsilon;0.025;instance_30_15_4_19;PARSE_ERROR;;;;;;;;;;;;;;
3;CPLEX-CP-T;cplex-cp;cp-t;epsilon;0.025;instance_30_15_4_2;TIMEOUT_FEASIBLE;300.0038;0.0040;299.9940;0.0001;2143;3010;29378;370;0;5;120;365
3;CPLEX-CP-T;cplex-cp;cp-t;epsilon;0.025;instance_30_15_4_20;TIMEOUT_FEASIBLE;300.0049;0.0038;299.9953;0.0001;2179;3081;12124;424;2;0;120;422
3;CPLEX-CP-T;cplex-cp;cp-t;epsilon;0.025;instance_30_15_4_21;INFEASIBLE;0.0014;0.0000;0.0000;0.0000;720;3;0;;;;;
3;CPLEX-CP-T;cplex-cp;cp-t;epsilon;0.025;instance_30_15_4_22;PARSE_ERROR;;;;;;;;;;;;;;
3;CPLEX-CP-T;cplex-cp;cp-t;epsilon;0.025;instance_30_15_4_23;PARSE_ERROR;;;;;;;;;;;;;;
3;CPLEX-CP-T;cplex-cp;cp-t;epsilon;0.025;instance_30_15_4_24;TIMEOUT_FEASIBLE;300.0034;0.0041;299.9931;0.0001;2152;3029;224;439;0;0;120;439
3;CPLEX-CP-T;cplex-cp;cp-t;epsilon;0.025;instance_30_15_4_25;TIMEOUT_FEASIBLE;300.0043;0.0037;299.9953;0.0001;2100;2925;16144;401;1;0;120;400
3;CPLEX-CP-T;cplex-cp;cp-t;epsilon;0.025;instance_30_15_4_26;PARSE_ERROR;;;;;;;;;;;;;;
3;CPLEX-CP-T;cplex-cp;cp-t;epsilon;0.025;instance_30_15_4_27;TIMEOUT_FEASIBLE;299.9977;0.0040;299.9877;0.0001;2133;2991;27100;407;0;0;120;407
3;CPLEX-CP-T;cplex-cp;cp-t;epsilon;0.025;instance_30_15_4_28;PARSE_ERROR;;;;;;;;;;;;;;
3;CPLEX-CP-T;cplex-cp;cp-t;epsilon;0.025;instance_30_15_4_29;TIMEOUT_FEASIBLE;300.0044;0.0037;299.9948;0.0001;2021;2766;167819;400;1;0;120;399
3;CPLEX-CP-T;cplex-cp;cp-t;epsilon;0.025;instance_30_15_4_3;TIMEOUT_FEASIBLE;299.9957;0.0041;299.9858;0.0001;2150;3024;203;432;1;0;120;431
3;CPLEX-CP-T;cplex-cp;cp-t;epsilon;0.025;instance_30_15_4_30;TIMEOUT_FEASIBLE;300.0036;0.0040;299.9937;0.0001;2119;2963;20226;434;0;0;120;434
3;CPLEX-CP-T;cplex-cp;cp-t;epsilon;0.025;instance_30_15_4_31;TIMEOUT_FEASIBLE;300.0047;0.0038;299.9948;0.0001;2042;2809;244;409;1;0;120;408
3;CPLEX-CP-T;cplex-cp;cp-t;epsilon;0.025;instance_30_15_4_32;TIMEOUT_FEASIBLE;300.0056;0.0039;299.9959;0.0001;2073;2871;210;381;0;0;120;381
3;CPLEX-CP-T;cplex-cp;cp-t;epsilon;0.025;instance_30_15_4_33;TIMEOUT_FEASIBLE;300.0053;0.0042;299.9944;0.0001;2120;2965;266843;428;0;0;120;428
3;CPLEX-CP-T;cplex-cp;cp-t;epsilon;0.025;instance_30_15_4_34;PARSE_ERROR;;;;;;;;;;;;;;
3;CPLEX-CP-T;cplex-cp;cp-t;epsilon;0.025;instance_30_15_4_35;PARSE_ERROR;;;;;;;;;;;;;;
3;CPLEX-CP-T;cplex-cp;cp-t;epsilon;0.025;instance_30_15_4_36;PARSE_ERROR;;;;;;;;;;;;;;
3;CPLEX-CP-T;cplex-cp;cp-t;epsilon;0.025;instance_30_15_4_37;TIMEOUT_FEASIBLE;300.0027;0.0041;299.9920;0.0001;2192;3107;28641;423;1;0;120;422
3;CPLEX-CP-T;cplex-cp;cp-t;epsilon;0.025;instance_30_15_4_38;TIMEOUT_FEASIBLE;299.9960;0.0038;299.9862;0.0001;2086;2895;2386135;396;0;0;120;396
3;CPLEX-CP-T;cplex-cp;cp-t;epsilon;0.025;instance_30_15_4_39;TIMEOUT_FEASIBLE;300.0052;0.0040;299.9947;0.0001;2056;2837;20691;439;1;0;120;438
3;CPLEX-CP-T;cplex-cp;cp-t;epsilon;0.025;instance_30_15_4_4;PARSE_ERROR;;;;;;;;;;;;;;
3;CPLEX-CP-T;cplex-cp;cp-t;epsilon;0.025;instance_30_15_4_40;PARSE_ERROR;;;;;;;;;;;;;;
3;CPLEX-CP-T;cplex-cp;cp-t;epsilon;0.025;instance_30_15_4_41;PARSE_ERROR;;;;;;;;;;;;;;
3;CPLEX-CP-T;cplex-cp;cp-t;epsilon;0.025;instance_30_15_4_42;TIMEOUT_FEASIBLE;300.0089;0.0040;299.9987;0.0001;2098;2921;204519;432;1;0;120;431
3;CPLEX-CP-T;cplex-cp;cp-t;epsilon;0.025;instance_30_15_4_43;PARSE_ERROR;;;;;;;;;;;;;;
3;CPLEX-CP-T;cplex-cp;cp-t;epsilon;0.025;instance_30_15_4_44;PARSE_ERROR;;;;;;;;;;;;;;
3;CPLEX-CP-T;cplex-cp;cp-t;epsilon;0.025;instance_30_15_4_45;TIMEOUT_FEASIBLE;299.9970;0.0042;299.9867;0.0001;2134;2990;178;418;1;0;120;417
3;CPLEX-CP-T;cplex-cp;cp-t;epsilon;0.025;instance_30_15_4_46;PARSE_ERROR;;;;;;;;;;;;;;
3;CPLEX-CP-T;cplex-cp;cp-t;epsilon;0.025;instance_30_15_4_47;TIMEOUT_FEASIBLE;299.9977;0.0023;299.9916;0.0000;2189;3102;9255444;433;10;0;120;423
3;CPLEX-CP-T;cplex-cp;cp-t;epsilon;0.025;instance_30_15_4_48;TIMEOUT_FEASIBLE;299.9944;0.0037;299.9850;0.0001;2024;2770;21794;427;0;0;120;427
3;CPLEX-CP-T;cplex-cp;cp-t;epsilon;0.025;instance_30_15_4_49;TIMEOUT_FEASIBLE;299.9954;0.0037;299.9860;0.0001;2005;2735;597;432;2;0;120;430
3;CPLEX-CP-T;cplex-cp;cp-t;epsilon;0.025;instance_30_15_4_5;TIMEOUT_FEASIBLE;300.0051;0.0038;299.9955;0.0001;1977;2677;22802;421;5;0;120;416
3;CPLEX-CP-T;cplex-cp;cp-t;epsilon;0.025;instance_30_15_4_50;TIMEOUT_FEASIBLE;300.0055;0.0037;299.9963;0.0001;1952;2629;14655;405;8;0;120;397
3;CPLEX-CP-T;cplex-cp;cp-t;epsilon;0.025;instance_30_15_4_6;TIMEOUT_FEASIBLE;300.0042;0.0039;299.9947;0.0001;2146;3017;151;435;0;0;120;435
3;CPLEX-CP-T;cplex-cp;cp-t;epsilon;0.025;instance_30_15_4_7;PARSE_ERROR;;;;;;;;;;;;;;
3;CPLEX-CP-T;cplex-cp;cp-t;epsilon;0.025;instance_30_15_4_8;INFEASIBLE;0.0014;0.0000;0.0000;0.0000;720;5;0;;;;;
3;CPLEX-CP-T;cplex-cp;cp-t;epsilon;0.025;instance_30_15_4_9;PARSE_ERROR;;;;;;;;;;;;;;
3;CPLEX-CP-T;cplex-cp;cp-t;epsilon;0.025;instance_40_25_5_1;TIMEOUT_FEASIBLE;300.0100;0.0097;299.9881;0.0001;4493;6851;43335;764;0;0;200;764
3;CPLEX-CP-T;cplex-cp;cp-t;epsilon;0.025;instance_40_25_5_10;PARSE_ERROR;;;;;;;;;;;;;;
3;CPLEX-CP-T;cplex-cp;cp-t;epsilon;0.025;instance_40_25_5_11;TIMEOUT_FEASIBLE;300.0133;0.0096;299.9928;0.0001;4565;6996;400;765;0;0;200;765
3;CPLEX-CP-T;cplex-cp;cp-t;epsilon;0.025;instance_40_25_5_12;TIMEOUT_FEASIBLE;300.0037;0.0091;299.9837;0.0001;4417;6696;465;765;1;0;200;764
3;CPLEX-CP-T;cplex-cp;cp-t;epsilon;0.025;instance_40_25_5_13;TIMEOUT_FEASIBLE;300.0046;0.0097;299.9819;0.0001;4675;7216;51726;769;0;0;200;769
3;CPLEX-CP-T;cplex-cp;cp-t;epsilon;0.025;instance_40_25_5_14;TIMEOUT_FEASIBLE;300.0036;0.0101;299.9818;0.0001;4826;7517;50690;767;0;0;200;767
3;CPLEX-CP-T;cplex-cp;cp-t;epsilon;0.025;instance_40_25_5_15;TIMEOUT_FEASIBLE;300.0058;0.0093;299.9835;0.0001;4527;6920;42323;703;1;0;200;702
3;CPLEX-CP-T;cplex-cp;cp-t;epsilon;0.025;instance_40_25_5_16;TIMEOUT_FEASIBLE;300.0038;0.0093;299.9834;0.0001;4604;7072;48868;746;2;0;200;744
3;CPLEX-CP-T;cplex-cp;cp-t;epsilon;0.025;instance_40_25_5_17;TIMEOUT_FEASIBLE;300.0152;0.0097;299.9910;0.0019;4530;6925;77597;735;2;0;200;733
3;CPLEX-CP-T;cplex-cp;cp-t;epsilon;0.025;instance_40_25_5_18;TIMEOUT_FEASIBLE;300.0128;0.0094;299.9912;0.0001;4499;6863;60290;769;0;0;200;769
3;CPLEX-CP-T;cplex-cp;cp-t;epsilon;0.025;instance_40_25_5_19;TIMEOUT_FEASIBLE;300.0029;0.0090;299.9829;0.0001;4527;6920;180956;727;4;6;200;717
3;CPLEX-CP-T;cplex-cp;cp-t;epsilon;0.025;instance_40_25_5_2;PARSE_ERROR;;;;;;;;;;;;;;
3;CPLEX-CP-T;cplex-cp;cp-t;epsilon;0.025;instance_40_25_5_20;TIMEOUT_FEASIBLE;300.0079;0.0092;299.9877;0.0001;4251;6367;462;753;2;6;200;745
3;CPLEX-CP-T;cplex-cp;cp-t;epsilon;0.025;instance_40_25_5_21;TIMEOUT_FEASIBLE;300.0141;0.0096;299.9924;0.0001;4607;7079;54066;741;1;0;200;740
3;CPLEX-CP-T;cplex-cp;cp-t;epsilon;0.025;instance_40_25_5_22;TIMEOUT_FEASIBLE;300.0042;0.0090;299.9818;0.0001;4447;6760;232744;752;1;0;200;751
3;CPLEX-CP-T;cplex-cp;cp-t;epsilon;0.025;instance_40_25_5_23;PARSE_ERROR;;;;;;;;;;;;;;
3;CPLEX-CP-T;cplex-cp;cp-t;epsilon;0.025;instance_40_25_5_24;TIMEOUT_FEASIBLE;300.0068;0.0092;299.9841;0.0001;4580;7025;308346;734;4;0;200;730
3;CPLEX-CP-T;cplex-cp;cp-t;epsilon;0.025;instance_40_25_5_25;TIMEOUT_FEASIBLE;300.0057;0.0089;299.9861;0.0001;4580;7025;968;750;5;0;200;745
3;CPLEX-CP-T;cplex-cp;cp-t;epsilon;0.025;instance_40_25_5_26;TIMEOUT_FEASIBLE;300.0044;0.0096;299.9830;0.0002;4536;6938;49522;759;0;0;200;759
3;CPLEX-CP-T;cplex-cp;cp-t;epsilon;0.025;instance_40_25_5_27;TIMEOUT_FEASIBLE;300.0033;0.0090;299.9817;0.0001;4481;6827;228726;737;9;0;200;728
3;CPLEX-CP-T;cplex-cp;cp-t;epsilon;0.025;instance_40_25_5_28;TIMEOUT_FEASIBLE;300.0049;0.0053;299.9922;0.0001;4603;7072;3995767;752;25;0;200;727
3;CPLEX-CP-T;cplex-cp;cp-t;epsilon;0.025;instance_40_25_5_29;TIMEOUT_FEASIBLE;300.0052;0.0090;299.9858;0.0001;4611;7088;549;739;5;1;200;733
3;CPLEX-CP-T;cplex-cp;cp-t;epsilon;0.025;instance_40_25_5_3;PARSE_ERROR;;;;;;;;;;;;;;
3;CPLEX-CP-T;cplex-cp;cp-t;epsilon;0.025;instance_40_25_5_30;TIMEOUT_FEASIBLE;300.0079;0.0092;299.9876;0.0001;4536;6937;433;752;1;0;200;751
3;CPLEX-CP-T;cplex-cp;cp-t;epsilon;0.025;instance_40_25_5_31;PARSE_ERROR;;;;;;;;;;;;;;
3;CPLEX-CP-T;cplex-cp;cp-t;epsilon;0.025;instance_40_25_5_32;TIMEOUT_FEASIBLE;300.0067;0.0095;299.9831;0.0025;4628;7121;302402;706;7;0;200;699
3;CPLEX-CP-T;cplex-cp;cp-t;epsilon;0.025;instance_40_25_5_33;PARSE_ERROR;;;;;;;;;;;;;;
3;CPLEX-CP-T;cplex-cp;cp-t;epsilon;0.025;instance_40_25_5_34;PARSE_ERROR;;;;;;;;;;;;;;
3;CPLEX-CP-T;cplex-cp;cp-t;epsilon;0.025;instance_40_25_5_35;PARSE_ERROR;;;;;;;;;;;;;;
3;CPLEX-CP-T;cplex-cp;cp-t;epsilon;0.025;instance_40_25_5_36;TIMEOUT_FEASIBLE;300.0038;0.0098;299.9833;0.0001;4709;7281;1065;769;0;0;200;769
3;CPLEX-CP-T;cplex-cp;cp-t;epsilon;0.025;instance_40_25_5_37;TIMEOUT_FEASIBLE;300.0044;0.0094;299.9830;0.0001;4637;7139;50683;737;0;0;200;737
3;CPLEX-CP-T;cplex-cp;cp-t;epsilon;0.025;instance_40_25_5_38;TIMEOUT_FEASIBLE;300.0052;0.0085;299.9842;0.0002;4328;6520;46925;723;1;0;200;722
3;CPLEX-CP-T;cplex-cp;cp-t;epsilon;0.025;instance_40_25_5_39;TIMEOUT_FEASIBLE;300.0043;0.0091;299.9824;0.0001;4448;6762;265098;731;5;4;200;722
3;CPLEX-CP-T;cplex-cp;cp-t;epsilon;0.025;instance_40_25_5_4;PARSE_ERROR;;;;;;;;;;;;;;
3;CPLEX-CP-T;cplex-cp;cp-t;epsilon;0.025;instance_40_25_5_40;TIMEOUT_FEASIBLE;300.0071;0.0095;299.9857;0.0001;4717;7298;402;756;1;0;200;755
3;CPLEX-CP-T;cplex-cp;cp-t;epsilon;0.025;instance_40_25_5_41;TIMEOUT_FEASIBLE;300.0036;0.0092;299.9824;0.0001;4330;6525;43971;752;1;0;200;751
3;CPLEX-CP-T;cplex-cp;cp-t;epsilon;0.025;instance_40_25_5_42;TIMEOUT_FEASIBLE;300.0048;0.0092;299.9834;0.0001;4543;6948;43314;729;1;0;200;728
3;CPLEX-CP-T;cplex-cp;cp-t;epsilon;0.025;instance_40_25_5_43;PARSE_ERROR;;;;;;;;;;;;;;
3;CPLEX-CP-T;cplex-cp;cp-t;epsilon;0.025;instance_40_25_5_44;TIMEOUT_FEASIBLE;300.0079;0.0097;299.9870;0.0001;4516;6898;1165;767;0;0;200;767
3;CPLEX-CP-T;cplex-cp;cp-t;epsilon;0.025;instance_40_25_5_45;TIMEOUT_FEASIBLE;300.0143;0.0101;299.9901;0.0001;4617;7099;53135;694;1;0;200;693
3;CPLEX-CP-T;cplex-cp;cp-t;epsilon;0.025;instance_40_25_5_46;INFEASIBLE;0.0019;0.0003;0.0000;0.0000;1200;32;0;;;;;
3;CPLEX-CP-T;cplex-cp;cp-t;epsilon;0.025;instance_40_25_5_47;TIMEOUT_FEASIBLE;300.0121;0.0096;299.9901;0.0001;4400;6664;52298;767;0;0;200;767
3;CPLEX-CP-T;cplex-cp;cp-t;epsilon;0.025;instance_40_25_5_48;TIMEOUT_FEASIBLE;300.0040;0.0095;299.9837;0.0001;4646;7156;398;750;0;0;200;750
3;CPLEX-CP-T;cplex-cp;cp-t;epsilon;0.025;instance_40_25_5_49;TIMEOUT_FEASIBLE;300.0043;0.0052;299.9911;0.0001;4459;6783;4298367;737;27;0;200;710
3;CPLEX-CP-T;cplex-cp;cp-t;epsilon;0.025;instance_40_25_5_5;TIMEOUT_FEASIBLE;300.0051;0.0093;299.9846;0.0001;4537;6938;363;768;3;6;200;759
3;CPLEX-CP-T;cplex-cp;cp-t;epsilon;0.025;instance_40_25_5_50;TIMEOUT_FEASIBLE;300.0051;0.0092;299.9848;0.0001;4324;6513;435;773;3;0;200;770
3;CPLEX-CP-T;cplex-cp;cp-t;epsilon;0.025;instance_40_25_5_6;PARSE_ERROR;;;;;;;;;;;;;;
3;CPLEX-CP-T;cplex-cp;cp-t;epsilon;0.025;instance_40_25_5_7;TIMEOUT_FEASIBLE;300.0078;0.0093;299.9879;0.0001;4403;6671;392;766;0;0;200;766
3;CPLEX-CP-T;cplex-cp;cp-t;epsilon;0.025;instance_40_25_5_8;TIMEOUT_FEASIBLE;300.0044;0.0093;299.9843;0.0001;4602;7070;354;753;1;1;200;751
3;CPLEX-CP-T;cplex-cp;cp-t;epsilon;0.025;instance_40_25_5_9;TIMEOUT_FEASIBLE;300.0049;0.0095;299.9837;0.0001;4632;7130;754;761;1;0;200;760
4;CPLEX-CP-I;cplex-cp;cp-i;epsilon;0.025;instance_30_15_4_1;TIMEOUT_FEASIBLE;299.9996;0.0068;299.9873;0.0001;1430;2153;170;440;1;0;120;439
4;CPLEX-CP-I;cplex-cp;cp-i;epsilon;0.025;instance_30_15_4_10;TIMEOUT_FEASIBLE;300.0042;0.0059;299.9933;0.0001;1268;1920;176;418;3;0;120;415
4;CPLEX-CP-I;cplex-cp;cp-i;epsilon;0.025;instance_30_15_4_11;PARSE_ERROR;;;;;;;;;;;;;;
4;CPLEX-CP-I;cplex-cp;cp-i;epsilon;0.025;instance_30_15_4_12;PARSE_ERROR;;;;;;;;;;;;;;
4;CPLEX-CP-I;cplex-cp;cp-i;epsilon;0.025;instance_30_15_4_13;TIMEOUT_FEASIBLE;299.9979;0.0046;299.9889;0.0001;976;1461;158;380;3;0;120;377
4;CPLEX-CP-I;cplex-cp;cp-i;epsilon;0.025;instance_30_15_4_14;TIMEOUT_FEASIBLE;299.9952;0.0063;299.9836;0.0001;1339;2042;12124;415;5;0;120;410
4;CPLEX-CP-I;cplex-cp;cp-i;epsilon;0.025;instance_30_15_4_15;TIMEOUT_FEASIBLE;300.0045;0.0064;299.9928;0.0001;1372;2057;13664;441;0;0;120;441
4;CPLEX-CP-I;cplex-cp;cp-i;epsilon;0.025;instance_30_15_4_16;TIMEOUT_FEASIBLE;300.0043;0.0054;299.9942;0.0001;1050;1624;17140;392;0;0;120;392
4;CPLEX-CP-I;cplex-cp;cp-i;epsilon;0.025;instance_30_15_4_17;TIMEOUT_FEASIBLE;299.9945;0.0060;299.9836;0.0001;1219;1858;9196;418;1;0;120;417
4;CPLEX-CP-I;cplex-cp;cp-i;epsilon;0.025;instance_30_15_4_18;TIMEOUT_FEASIBLE;300.0063;0.0072;299.9933;0.0001;1553;2311;13216;452;1;0;120;451
4;CPLEX-CP-I;cplex-cp;cp-i;epsilon;0.025;instance_30_15_4_19;PARSE_ERROR;;;;;;;;;;;;;;
4;CPLEX-CP-I;cplex-cp;cp-i;epsilon;0.025;instance_30_15_4_2;TIMEOUT_FEASIBLE;300.0073;0.0049;299.9978;0.0001;977;1505;31264;370;0;6;120;364
4;CPLEX-CP-I;cplex-cp;cp-i;epsilon;0.025;instance_30_15_4_20;TIMEOUT_FEASIBLE;300.0050;0.0056;299.9948;0.0001;1095;1678;8530;424;2;0;120;422
4;CPLEX-CP-I;cplex-cp;cp-i;epsilon;0.025;instance_30_15_4_21;INFEASIBLE;0.0014;0.0001;0.0000;0.0000;19;18;0;;;;;
4;CPLEX-CP-I;cplex-cp;cp-i;epsilon;0.025;instance_30_15_4_22;PARSE_ERROR;;;;;;;;;;;;;;
4;CPLEX-CP-I;cplex-cp;cp-i;epsilon;0.025;instance_30_15_4_23;PARSE_ERROR;;;;;;;;;;;;;;
4;CPLEX-CP-I;cplex-cp;cp-i;epsilon;0.025;instance_30_15_4_24;TIMEOUT_FEASIBLE;300.0228;0.0061;300.0115;0.0001;1423;2140;4285;439;0;0;120;439
4;CPLEX-CP-I;cplex-cp;cp-i;epsilon;0.025;instance_30_15_4_25;TIMEOUT_FEASIBLE;300.0090;0.0054;299.9986;0.0001;1015;1549;17715;401;0;0;120;401
4;CPLEX-CP-I;cplex-cp;cp-i;epsilon;0.025;instance_30_15_4_26;PARSE_ERROR;;;;;;;;;;;;;;
4;CPLEX-CP-I;cplex-cp;cp-i;epsilon;0.025;instance_30_15_4_27;TIMEOUT_FEASIBLE;300.0077;0.0068;299.9953;0.0001;1240;1895;23778;406;0;0;120;406
4;CPLEX-CP-I;cplex-cp;cp-i;epsilon;0.025;instance_30_15_4_28;PARSE_ERROR;;;;;;;;;;;;;;
4;CPLEX-CP-I;cplex-cp;cp-i;epsilon;0.025;instance_30_15_4_29;TIMEOUT_FEASIBLE;299.9963;0.0048;299.9870;0.0001;925;1407;16459;400;1;0;120;399
4;CPLEX-CP-I;cplex-cp;cp-i;epsilon;0.025;instance_30_15_4_3;TIMEOUT_FEASIBLE;300.0057;0.0068;299.9937;0.0001;1401;2126;7457;432;1;0;120;431
4;CPLEX-CP-I;cplex-cp;cp-i;epsilon;0.025;instance_30_15_4_30;TIMEOUT_FEASIBLE;300.0059;0.0067;299.9937;0.0001;1411;2129;21288;433;0;0;120;433
4;CPLEX-CP-I;cplex-cp;cp-i;epsilon;0.025;instance_30_15_4_31;TIMEOUT_FEASIBLE;300.0038;0.0066;299.9916;0.0001;1389;2057;195;409;1;0;120;408
4;CPLEX-CP-I;cplex-cp;cp-i;epsilon;0.025;instance_30_15_4_32;TIMEOUT_FEASIBLE;300.0053;0.0063;299.9937;0.0001;1246;1854;20090;381;1;1;120;379
4;CPLEX-CP-I;cplex-cp;cp-i;epsilon;0.025;instance_30_15_4_33;TIMEOUT_FEASIBLE;300.0048;0.0066;299.9926;0.0001;1359;2036;75122;429;1;0;120;428
4;CPLEX-CP-I;cplex-cp;cp-i;epsilon;0.025;instance_30_15_4_34;PARSE_ERROR;;;;;;;;;;;;;;
4;CPLEX-CP-I;cplex-cp;cp-i;epsilon;0.025;instance_30_15_4_35;PARSE_ERROR;;;;;;;;;;;;;;
4;CPLEX-CP-I;cplex-cp;cp-i;epsilon;0.025;instance_30_15_4_36;PARSE_ERROR;;;;;;;;;;;;;;
4;CPLEX-CP-I;cplex-cp;cp-i;epsilon;0.025;instance_30_15_4_37;TIMEOUT_FEASIBLE;300.0019;0.0068;299.9895;0.0001;1286;1980;42000;423;2;0;120;421
4;CPLEX-CP-I;cplex-cp;cp-i;epsilon;0.025;instance_30_15_4_38;TIMEOUT_FEASIBLE;300.0045;0.0062;299.9928;0.0001;1246;1906;109422;396;0;1;120;395
4;CPLEX-CP-I;cplex-cp;cp-i;epsilon;0.025;instance_30_15_4_39;TIMEOUT_FEASIBLE;300.0042;0.0067;299.9922;0.0001;1398;2093;7848;439;1;0;120;438
4;CPLEX-CP-I;cplex-cp;cp-i;epsilon;0.025;instance_30_15_4_4;PARSE_ERROR;;;;;;;;;;;;;;
4;CPLEX-CP-I;cplex-cp;cp-i;epsilon;0.025;instance_30_15_4_40;PARSE_ERROR;;;;;;;;;;;;;;
4;CPLEX-CP-I;cplex-cp;cp-i;epsilon;0.025;instance_30_15_4_41;PARSE_ERROR;;;;;;;;;;;;;;
4;CPLEX-CP-I;cplex-cp;cp-i;epsilon;0.025;instance_30_15_4_42;TIMEOUT_FEASIBLE;300.0026;0.0072;299.9891;0.0001;1445;2156;74131;432;1;0;120;431
4;CPLEX-CP-I;cplex-cp;cp-i;epsilon;0.025;instance_30_15_4_43;PARSE_ERROR;;;;;;;;;;;;;;
4;CPLEX-CP-I;cplex-cp;cp-i;epsilon;0.025;instance_30_15_4_44;PARSE_ERROR;;;;;;;;;;;;;;
4;CPLEX-CP-I;cplex-cp;cp-i;epsilon;0.025;instance_30_15_4_45;TIMEOUT_FEASIBLE;299.9978;0.0072;299.9850;0.0001;1447;2172;4457;418;1;0;120;417
4;CPLEX-CP-I;cplex-cp;cp-i;epsilon;0.025;instance_30_15_4_46;PARSE_ERROR;;;;;;;;;;;;;;
4;CPLEX-CP-I;cplex-cp;cp-i;epsilon;0.025;instance_30_15_4_47;TIMEOUT_FEASIBLE;300.0046;0.0057;299.9937;0.0001;1230;1894;3070644;423;3;0;120;420
4;CPLEX-CP-I;cplex-cp;cp-i;epsilon;0.025;instance_30_15_4_48;TIMEOUT_FEASIBLE;300.0049;0.0065;299.9931;0.0001;1250;1889;9869;427;0;0;120;427
4;CPLEX-CP-I;cplex-cp;cp-i;epsilon;0.025;instance_30_15_4_49;TIMEOUT_FEASIBLE;300.0045;0.0059;299.9937;0.0001;1242;1852;181;431;2;0;120;429
4;CPLEX-CP-I;cplex-cp;cp-i;epsilon;0.025;instance_30_15_4_5;TIMEOUT_FEASIBLE;299.9935;0.0055;299.9827;0.0001;1163;1743;19228;421;5;0;120;416
4;CPLEX-CP-I;cplex-cp;cp-i;epsilon;0.025;instance_30_15_4_50;TIMEOUT_FEASIBLE;300.0064;0.0050;299.9968;0.0001;1018;1538;4574;405;8;0;120;397
4;CPLEX-CP-I;cplex-cp;cp-i;epsilon;0.025;instance_30_15_4_6;TIMEOUT_FEASIBLE;300.0019;0.0058;299.9912;0.0001;1157;1769;153;435;0;0;120;435
4;CPLEX-CP-I;cplex-cp;cp-i;epsilon;0.025;instance_30_15_4_7;PARSE_ERROR;;;;;;;;;;;;;;
4;CPLEX-CP-I;cplex-cp;cp-i;epsilon;0.025;instance_30_15_4_8;INFEASIBLE;0.0015;0.0001;0.0000;0.0000;31;30;0;;;;;
4;CPLEX-CP-I;cplex-cp;cp-i;epsilon;0.025;instance_30_15_4_9;PARSE_ERROR;;;;;;;;;;;;;;
4;CPLEX-CP-I;cplex-cp;cp-i;epsilon;0.025;instance_40_25_5_1;TIMEOUT_FEASIBLE;300.0254;0.0181;299.9983;0.0001;2924;4256;371;764;0;0;200;764
4;CPLEX-CP-I;cplex-cp;cp-i;epsilon;0.025;instance_40_25_5_10;PARSE_ERROR;;;;;;;;;;;;;;
4;CPLEX-CP-I;cplex-cp;cp-i;epsilon;0.025;instance_40_25_5_11;TIMEOUT_FEASIBLE;300.0186;0.0184;299.9902;0.0002;3242;4737;410;765;0;0;200;765
4;CPLEX-CP-I;cplex-cp;cp-i;epsilon;0.025;instance_40_25_5_12;TIMEOUT_FEASIBLE;300.0027;0.0164;299.9764;0.0001;3081;4452;406;766;0;0;200;766
4;CPLEX-CP-I;cplex-cp;cp-i;epsilon;0.025;instance_40_25_5_13;TIMEOUT_FEASIBLE;300.0130;0.0179;299.9848;0.0001;3307;4840;383;769;0;1;200;768
4;CPLEX-CP-I;cplex-cp;cp-i;epsilon;0.025;instance_40_25_5_14;TIMEOUT_FEASIBLE;300.0024;0.0196;299.9719;0.0002;3615;5299;22692;763;0;0;200;763
4;CPLEX-CP-I;cplex-cp;cp-i;epsilon;0.025;instance_40_25_5_15;TIMEOUT_FEASIBLE;300.0027;0.0178;299.9747;0.0002;3045;4478;24084;703;0;0;200;703
4;CPLEX-CP-I;cplex-cp;cp-i;epsilon;0.025;instance_40_25_5_16;TIMEOUT_FEASIBLE;300.0113;0.0165;299.9853;0.0002;2949;4329;22977;746;2;0;200;744
4;CPLEX-CP-I;cplex-cp;cp-i;epsilon;0.025;instance_40_25_5_17;TIMEOUT_FEASIBLE;300.0136;0.0177;299.9856;0.0002;3083;4481;47556;735;0;0;200;735
4;CPLEX-CP-I;cplex-cp;cp-i;epsilon;0.025;instance_40_25_5_18;TIMEOUT_FEASIBLE;300.0409;0.0181;300.0119;0.0002;3222;4692;22490;767;0;0;200;767
4;CPLEX-CP-I;cplex-cp;cp-i;epsilon;0.025;instance_40_25_5_19;TIMEOUT_FEASIBLE;300.0025;0.0151;299.9788;0.0002;2449;3616;57243;727;4;3;200;720
4;CPLEX-CP-I;cplex-cp;cp-i;epsilon;0.025;instance_40_25_5_2;PARSE_ERROR;;;;;;;;;;;;;;
4;CPLEX-CP-I;cplex-cp;cp-i;epsilon;0.025;instance_40_25_5_20;TIMEOUT_FEASIBLE;300.0031;0.0180;299.9751;0.0002;3091;4401;28079;754;0;7;200;747
4;CPLEX-CP-I;cplex-cp;cp-i;epsilon;0.025;instance_40_25_5_21;TIMEOUT_FEASIBLE;300.0036;0.0182;299.9742;0.0002;3280;4778;12304;741;0;0;200;741
4;CPLEX-CP-I;cplex-cp;cp-i;epsilon;0.025;instance_40_25_5_22;TIMEOUT_FEASIBLE;300.0117;0.0155;299.9869;0.0002;2721;4000;85416;752;1;5;200;746
4;CPLEX-CP-I;cplex-cp;cp-i;epsilon;0.025;instance_40_25_5_23;PARSE_ERROR;;;;;;;;;;;;;;
4;CPLEX-CP-I;cplex-cp;cp-i;epsilon;0.025;instance_40_25_5_24;TIMEOUT_FEASIBLE;300.0035;0.0144;299.9800;0.0002;2599;3824;134641;734;3;0;200;731
4;CPLEX-CP-I;cplex-cp;cp-i;epsilon;0.025;instance_40_25_5_25;TIMEOUT_FEASIBLE;300.0018;0.0144;299.9787;0.0001;2636;3871;7146;750;4;0;200;746
4;CPLEX-CP-I;cplex-cp;cp-i;epsilon;0.025;instance_40_25_5_26;TIMEOUT_FEASIBLE;300.0033;0.0171;299.9764;0.0001;3262;4762;407;759;0;0;200;759
4;CPLEX-CP-I;cplex-cp;cp-i;epsilon;0.025;instance_40_25_5_27;TIMEOUT_FEASIBLE;300.0218;0.0146;299.9980;0.0002;2621;3848;110478;737;6;0;200;731
4;CPLEX-CP-I;cplex-cp;cp-i;epsilon;0.025;instance_40_25_5_28;TIMEOUT_FEASIBLE;300.0096;0.0108;299.9932;0.0001;3173;4676;2491279;752;44;0;200;708
4;CPLEX-CP-I;cplex-cp;cp-i;epsilon;0.025;instance_40_25_5_29;TIMEOUT_FEASIBLE;300.0072;0.0152;299.9835;0.0002;2759;4047;35273;739;4;0;200;735
4;CPLEX-CP-I;cplex-cp;cp-i;epsilon;0.025;instance_40_25_5_3;PARSE_ERROR;;;;;;;;;;;;;;
4;CPLEX-CP-I;cplex-cp;cp-i;epsilon;0.025;instance_40_25_5_30;TIMEOUT_FEASIBLE;300.0071;0.0192;299.9776;0.0002;3553;5143;466;752;1;0;200;751
4;CPLEX-CP-I;cplex-cp;cp-i;epsilon;0.025;instance_40_25_5_31;PARSE_ERROR;;;;;;;;;;;;;;
4;CPLEX-CP-I;cplex-cp;cp-i;epsilon;0.025;instance_40_25_5_32;TIMEOUT_FEASIBLE;300.0136;0.0170;299.9859;0.0002;3251;4793;70419;706;5;0;200;701
4;CPLEX-CP-I;cplex-cp;cp-i;epsilon;0.025;instance_40_25_5_33;PARSE_ERROR;;;;;;;;;;;;;;
4;CPLEX-CP-I;cplex-cp;cp-i;epsilon;0.025;instance_40_25_5_34;PARSE_ERROR;;;;;;;;;;;;;;
4;CPLEX-CP-I;cplex-cp;cp-i;epsilon;0.025;instance_40_25_5_35;PARSE_ERROR;;;;;;;;;;;;;;
4;CPLEX-CP-I;cplex-cp;cp-i;epsilon;0.025;instance_40_25_5_36;TIMEOUT_FEASIBLE;299.9999;0.0193;299.9698;0.0002;3286;4821;8317;770;0;0;200;770
4;CPLEX-CP-I;cplex-cp;cp-i;epsilon;0.025;instance_40_25_5_37;TIMEOUT_FEASIBLE;300.0022;0.0184;299.9733;0.0002;3151;4633;27964;737;0;0;200;737
4;CPLEX-CP-I;cplex-cp;cp-i;epsilon;0.025;instance_40_25_5_38;TIMEOUT_FEASIBLE;300.0131;0.0155;299.9876;0.0002;2820;4116;52885;723;0;0;200;723
4;CPLEX-CP-I;cplex-cp;cp-i;epsilon;0.025;instance_40_25_5_39;TIMEOUT_FEASIBLE;300.0066;0.0154;299.9822;0.0002;2563;3767;167023;731;3;8;200;720
4;CPLEX-CP-I;cplex-cp;cp-i;epsilon;0.025;instance_40_25_5_4;PARSE_ERROR;;;;;;;;;;;;;;
4;CPLEX-CP-I;cplex-cp;cp-i;epsilon;0.025;instance_40_25_5_40;TIMEOUT_FEASIBLE;300.0095;0.0187;299.9808;0.0002;3076;4533;11623;757;0;0;200;757
4;CPLEX-CP-I;cplex-cp;cp-i;epsilon;0.025;instance_40_25_5_41;TIMEOUT_FEASIBLE;300.0025;0.0179;299.9741;0.0002;3241;4682;422;752;0;1;200;751
4;CPLEX-CP-I;cplex-cp;cp-i;epsilon;0.025;instance_40_25_5_42;TIMEOUT_FEASIBLE;300.0001;0.0153;299.9755;0.0002;2735;4071;55069;729;1;1;200;727
4;CPLEX-CP-I;cplex-cp;cp-i;epsilon;0.025;instance_40_25_5_43;PARSE_ERROR;;;;;;;;;;;;;;
4;CPLEX-CP-I;cplex-cp;cp-i;epsilon;0.025;instance_40_25_5_44;TIMEOUT_FEASIBLE;300.0033;0.0194;299.9727;0.0002;3287;4819;32682;767;0;0;200;767
4;CPLEX-CP-I;cplex-cp;cp-i;epsilon;0.025;instance_40_25_5_45;TIMEOUT_FEASIBLE;300.0025;0.0181;299.9741;0.0002;3187;4693;24535;694;0;0;200;694
4;CPLEX-CP-I;cplex-cp;cp-i;epsilon;0.025;instance_40_25_5_46;INFEASIBLE;0.0027;0.0010;0.0000;0.0000;317;316;0;;;;;
4;CPLEX-CP-I;cplex-cp;cp-i;epsilon;0.025;instance_40_25_5_47;TIMEOUT_FEASIBLE;300.0063;0.0195;299.9754;0.0002;3472;5028;29082;766;0;1;200;765
4;CPLEX-CP-I;cplex-cp;cp-i;epsilon;0.025;instance_40_25_5_48;TIMEOUT_FEASIBLE;300.0289;0.0179;300.0002;0.0002;3247;4793;19739;752;0;5;200;747
4;CPLEX-CP-I;cplex-cp;cp-i;epsilon;0.025;instance_40_25_5_49;TIMEOUT_FEASIBLE;300.0039;0.0100;299.9887;0.0001;2951;4331;8790800;737;44;0;200;693
4;CPLEX-CP-I;cplex-cp;cp-i;epsilon;0.025;instance_40_25_5_5;TIMEOUT_FEASIBLE;300.0046;0.0170;299.9774;0.0002;3263;4745;13516;768;1;0;200;767
4;CPLEX-CP-I;cplex-cp;cp-i;epsilon;0.025;instance_40_25_5_50;TIMEOUT_FEASIBLE;300.0100;0.0183;299.9803;0.0002;3408;4851;20249;772;1;0;200;771
4;CPLEX-CP-I;cplex-cp;cp-i;epsilon;0.025;instance_40_25_5_6;PARSE_ERROR;;;;;;;;;;;;;;
4;CPLEX-CP-I;cplex-cp;cp-i;epsilon;0.025;instance_40_25_5_7;TIMEOUT_FEASIBLE;300.0052;0.0193;299.9752;0.0001;3454;4982;452;766;0;0;200;766
4;CPLEX-CP-I;cplex-cp;cp-i;epsilon;0.025;instance_40_25_5_8;TIMEOUT_FEASIBLE;300.0014;0.0171;299.9750;0.0001;3015;4436;385;753;0;0;200;753
4;CPLEX-CP-I;cplex-cp;cp-i;epsilon;0.025;instance_40_25_5_9;TIMEOUT_FEASIBLE;300.0451;0.0192;300.0147;0.0002;3326;4872;26093;758;1;0;200;757
1;GUROBI-MIP;gurobi-mip;mip-e;epsilon;0.05;instance_30_15_4_1;OPTIMUM;0.4435;0.0216;0.2008;0.0002;3371;3079;1;438;0;0;120;438
1;GUROBI-MIP;gurobi-mip;mip-e;epsilon;0.05;instance_30_15_4_10;OPTIMUM;0.1904;0.0196;0.1672;0.0002;2858;2791;1;410;0;0;120;410
1;GUROBI-MIP;gurobi-mip;mip-e;epsilon;0.05;instance_30_15_4_11;PARSE_ERROR;;;;;;;;;;;;;;
1;GUROBI-MIP;gurobi-mip;mip-e;epsilon;0.05;instance_30_15_4_12;PARSE_ERROR;;;;;;;;;;;;;;
1;GUROBI-MIP;gurobi-mip;mip-e;epsilon;0.05;instance_30_15_4_13;OPTIMUM;0.1951;0.0157;0.1761;0.0002;2204;2192;1;386;3;0;120;383
1;GUROBI-MIP;gurobi-mip;mip-e;epsilon;0.05;instance_30_15_4_14;OPTIMUM;0.1986;0.0205;0.1742;0.0002;3089;2948;1;404;2;0;120;402
1;GUROBI-MIP;gurobi-mip;mip-e;epsilon;0.05;instance_30_15_4_15;OPTIMUM;0.2641;0.0215;0.2387;0.0002;3341;3041;1;446;0;0;120;446
1;GUROBI-MIP;gurobi-mip;mip-e;epsilon;0.05;instance_30_15_4_16;OPTIMUM;0.1297;0.0160;0.1105;0.0002;2300;2344;1;398;0;0;120;398
1;GUROBI-MIP;gurobi-mip;mip-e;epsilon;0.05;instance_30_15_4_17;OPTIMUM;0.1723;0.0192;0.1496;0.0002;2875;2724;1;417;0;0;120;417
1;GUROBI-MIP;gurobi-mip;mip-e;epsilon;0.05;instance_30_15_4_18;OPTIMUM;0.2511;0.0249;0.2220;0.0002;3959;3386;1;448;0;0;120;448
1;GUROBI-MIP;gurobi-mip;mip-e;epsilon;0.05;instance_30_15_4_19;PARSE_ERROR;;;;;;;;;;;;;;
1;GUROBI-MIP;gurobi-mip;mip-e;epsilon;0.05;instance_30_15_4_2;OPTIMUM;0.1395;0.0153;0.1209;0.0002;2165;2208;1;369;0;0;120;369
1;GUROBI-MIP;gurobi-mip;mip-e;epsilon;0.05;instance_30_15_4_20;OPTIMUM;0.1510;0.0170;0.1306;0.0002;2444;2469;1;420;0;0;120;420
1;GUROBI-MIP;gurobi-mip;mip-e;epsilon;0.05;instance_30_15_4_21;INFEASIBLE;0.0077;0.0039;0.0019;0.0000;1837;1922;0;;;;;
1;GUROBI-MIP;gurobi-mip;mip-e;epsilon;0.05;instance_30_15_4_22;PARSE_ERROR;;;;;;;;;;;;;;
1;GUROBI-MIP;gurobi-mip;mip-e;epsilon;0.05;instance_30_15_4_23;PARSE_ERROR;;;;;;;;;;;;;;
1;GUROBI-MIP;gurobi-mip;mip-e;epsilon;0.05;instance_30_15_4_24;OPTIMUM;0.2247;0.0222;0.1985;0.0002;3343;3066;1;444;0;0;120;444
1;GUROBI-MIP;gurobi-mip;mip-e;epsilon;0.05;instance_30_15_4_25;OPTIMUM;0.1404;0.0162;0.1209;0.0002;2287;2294;1;402;0;0;120;402
1;GUROBI-MIP;gurobi-mip;mip-e;epsilon;0.05;instance_30_15_4_26;PARSE_ERROR;;;;;;;;;;;;;;
1;GUROBI-MIP;gurobi-mip;mip-e;epsilon;0.05;instance_30_15_4_27;OPTIMUM;0.1881;0.0194;0.1650;0.0002;2917;2741;1;407;0;0;120;407
1;GUROBI-MIP;gurobi-mip;mip-e;epsilon;0.05;instance_30_15_4_28;PARSE_ERROR;;;;;;;;;;;;;;
1;GUROBI-MIP;gurobi-mip;mip-e;epsilon;0.05;instance_30_15_4_29;OPTIMUM;0.1293;0.0148;0.1113;0.0002;2095;2159;1;399;0;0;120;399
1;GUROBI-MIP;gurobi-mip;mip-e;epsilon;0.05;instance_30_15_4_3;OPTIMUM;0.2243;0.0218;0.1985;0.0002;3366;3038;1;431;0;0;120;431
1;GUROBI-MIP;gurobi-mip;mip-e;epsilon;0.05;instance_30_15_4_30;OPTIMUM;0.2214;0.0216;0.1959;0.0002;3307;3074;1;435;0;0;120;435
1;GUROBI-MIP;gurobi-mip;mip-e;epsilon;0.05;instance_30_15_4_31;OPTIMUM;0.2239;0.0218;0.1982;0.0002;3331;3021;1;407;0;0;120;407
1;GUROBI-MIP;gurobi-mip;mip-e;epsilon;0.05;instance_30_15_4_32;OPTIMUM;0.1988;0.0199;0.1751;0.0002;3155;2791;1;382;0;0;120;382
1;GUROBI-MIP;gurobi-mip;mip-e;epsilon;0.05;instance_30_15_4_33;OPTIMUM;0.2193;0.0208;0.1948;0.0002;3223;2979;1;429;0;0;120;429
1;GUROBI-MIP;gurobi-mip;mip-e;epsilon;0.05;instance_30_15_4_34;PARSE_ERROR;;;;;;;;;;;;;;
1;GUROBI-MIP;gurobi-mip;mip-e;epsilon;0.05;instance_30_15_4_35;PARSE_ERROR;;;;;;;;;;;;;;
1;GUROBI-MIP;gurobi-mip;mip-e;epsilon;0.05;instance_30_15_4_36;PARSE_ERROR;;;;;;;;;;;;;;
1;GUROBI-MIP;gurobi-mip;mip-e;epsilon;0.05;instance_30_15_4_37;OPTIMUM;0.1801;0.0191;0.1572;0.0002;2865;2755;1;420;0;0;120;420
1;GUROBI-MIP;gurobi-mip;mip-e;epsilon;0.05;instance_30_15_4_38;OPTIMUM;0.1948;0.0192;0.1721;0.0002;2845;2745;1;402;0;0;120;402
1;GUROBI-MIP;gurobi-mip;mip-e;epsilon;0.05;instance_30_15_4_39;OPTIMUM;0.2156;0.0214;0.1903;0.0002;3288;3013;1;437;0;0;120;437
1;GUROBI-MIP;gurobi-mip;mip-e;epsilon;0.05;instance_30_15_4_4;PARSE_ERROR;;;;;;;;;;;;;;
1;GUROBI-MIP;gurobi-mip;mip-e;epsilon;0.05;instance_30_15_4_40;PARSE_ERROR;;;;;;;;;;;;;;
1;GUROBI-MIP;gurobi-mip;mip-e;epsilon;0.05;instance_30_15_4_41;PARSE_ERROR;;;;;;;;;;;;;;
1;GUROBI-MIP;gurobi-mip;mip-e;epsilon;0.05;instance_30_15_4_42;OPTIMUM;0.2385;0.0223;0.2123;0.0002;3363;3102;1;432;0;0;120;432
1;GUROBI-MIP;gurobi-mip;mip-e;epsilon;0.05;instance_30_15_4_43;PARSE_ERROR;;;;;;;;;;;;;;
1;GUROBI-MIP;gurobi-mip;mip-e;epsilon;0.05;instance_30_15_4_44;PARSE_ERROR;;;;;;;;;;;;;;
1;GUROBI-MIP;gurobi-mip;mip-e;epsilon;0.05;instance_30_15_4_45;OPTIMUM;0.2425;0.0231;0.2154;0.0002;3586;3190;1;416;0;0;120;416
1;GUROBI-MIP;gurobi-mip;mip-e;epsilon;0.05;instance_30_15_4_46;PARSE_ERROR;;;;;;;;;;;;;;
1;GUROBI-MIP;gurobi-mip;mip-e;epsilon;0.05;instance_30_15_4_47;OPTIMUM;0.2012;0.0187;0.1789;0.0002;2811;2697;1;418;1;0;120;417
1;GUROBI-MIP;gurobi-mip;mip-e;epsilon;0.05;instance_30_15_4_48;OPTIMUM;0.1835;0.0198;0.1601;0.0002;2913;2779;1;430;0;0;120;430
1;GUROBI-MIP;gurobi-mip;mip-e;epsilon;0.05;instance_30_15_4_49;OPTIMUM;0.2095;0.0196;0.1862;0.0002;2912;2738;1;421;0;0;120;421
1;GUROBI-MIP;gurobi-mip;mip-e;epsilon;0.05;instance_30_15_4_5;OPTIMUM;0.2539;0.0186;0.2318;0.0002;2772;2611;1;416;3;0;120;413
1;GUROBI-MIP;gurobi-mip;mip-e;epsilon;0.05;instance_30_15_4_50;OPTIMUM;0.1494;0.0161;0.1301;0.0002;2294;2254;1;403;7;0;120;396
1;GUROBI-MIP;gurobi-mip;mip-e;epsilon;0.05;instance_30_15_4_6;OPTIMUM;0.1842;0.0179;0.1631;0.0002;2621;2606;1;436;0;0;120;436
1;GUROBI-MIP;gurobi-mip;mip-e;epsilon;0.05;instance_30_15_4_7;PARSE_ERROR;;;;;;;;;;;;;;
1;GUROBI-MIP;gurobi-mip;mip-e;epsilon;0.05;instance_30_15_4_8;INFEASIBLE;0.0098;0.0056;0.0022;0.0000;3104;2911;0;;;;;
1;GUROBI-MIP;gurobi-mip;mip-e;epsilon;0.05;instance_30_15_4_9;PARSE_ERROR;;;;;;;;;;;;;;
1;GUROBI-MIP;gurobi-mip;mip-e;epsilon;0.05;instance_40_25_5_1;OPTIMUM;0.6253;0.0501;0.5675;0.0004;7806;6177;1;777;0;0;200;777
1;GUROBI-MIP;gurobi-mip;mip-e;epsilon;0.05;instance_40_25_5_10;PARSE_ERROR;;;;;;;;;;;;;;
1;GUROBI-MIP;gurobi-mip;mip-e;epsilon;0.05;instance_40_25_5_11;OPTIMUM;0.5397;0.0532;0.4793;0.0004;8366;6741;1;783;0;0;200;783
1;GUROBI-MIP;gurobi-mip;mip-e;epsilon;0.05;instance_40_25_5_12;OPTIMUM;0.6292;0.0503;0.5720;0.0004;7935;6437;1;778;0;0;200;778
1;GUROBI-MIP;gurobi-mip;mip-e;epsilon;0.05;instance_40_25_5_13;OPTIMUM;0.6225;0.0525;0.5622;0.0005;8187;6772;1;783;0;0;200;783
1;GUROBI-MIP;gurobi-mip;mip-e;epsilon;0.05;instance_40_25_5_14;OPTIMUM;0.7128;0.0586;0.6459;0.0005;9031;7290;1;781;0;0;200;781
1;GUROBI-MIP;gurobi-mip;mip-e;epsilon;0.05;instance_40_25_5_15;OPTIMUM;0.6484;0.0509;0.5903;0.0004;7991;6437;1;710;0;0;200;710
1;GUROBI-MIP;gurobi-mip;mip-e;epsilon;0.05;instance_40_25_5_16;OPTIMUM;0.5916;0.0480;0.5369;0.0004;7425;6080;1;753;1;0;200;752
1;GUROBI-MIP;gurobi-mip;mip-e;epsilon;0.05;instance_40_25_5_17;OPTIMUM;0.5883;0.0505;0.5298;0.0004;7867;6418;1;741;0;0;200;741
1;GUROBI-MIP;gurobi-mip;mip-e;epsilon;0.05;instance_40_25_5_18;OPTIMUM;0.6003;0.0523;0.5407;0.0004;8262;6693;1;782;0;0;200;782
1;GUROBI-MIP;gurobi-mip;mip-e;epsilon;0.05;instance_40_25_5_19;OPTIMUM;0.6718;0.0405;0.6254;0.0004;5910;5212;1;713;0;0;200;713
1;GUROBI-MIP;gurobi-mip;mip-e;epsilon;0.05;instance_40_25_5_2;PARSE_ERROR;;;;;;;;;;;;;;
1;GUROBI-MIP;gurobi-mip;mip-e;epsilon;0.05;instance_40_25_5_20;OPTIMUM;0.7640;0.0516;0.7048;0.0004;8180;6439;1;759;0;0;200;759
1;GUROBI-MIP;gurobi-mip;mip-e;epsilon;0.05;instance_40_25_5_21;OPTIMUM;0.7088;0.0540;0.6464;0.0004;8490;6813;1;755;0;0;200;755
1;GUROBI-MIP;gurobi-mip;mip-e;epsilon;0.05;instance_40_25_5_22;OPTIMUM;0.5411;0.0443;0.4902;0.0004;6757;5793;1;752;0;0;200;752
1;GUROBI-MIP;gurobi-mip;mip-e;epsilon;0.05;instance_40_25_5_23;PARSE_ERROR;;;;;;;;;;;;;;
1;GUROBI-MIP;gurobi-mip;mip-e;epsilon;0.05;instance_40_25_5_24;OPTIMUM;0.5017;0.0425;0.4530;0.0004;6415;5517;1;724;0;0;200;724
1;GUROBI-MIP;gurobi-mip;mip-e;epsilon;0.05;instance_40_25_5_25;OPTIMUM;0.5248;0.0431;0.4755;0.0004;6367;5530;1;734;0;0;200;734
1;GUROBI-MIP;gurobi-mip;mip-e;epsilon;0.05;instance_40_25_5_26;OPTIMUM;0.7334;0.0537;0.6709;0.0005;8367;6757;1;775;0;0;200;775
1;GUROBI-MIP;gurobi-mip;mip-e;epsilon;0.05;instance_40_25_5_27;OPTIMUM;0.6523;0.0432;0.6019;0.0005;6288;5519;1;719;1;0;200;718
1;GUROBI-MIP;gurobi-mip;mip-e;epsilon;0.05;instance_40_25_5_28;OPTIMUM;0.6338;0.0512;0.5744;0.0004;7869;6569;1;715;0;0;200;715
1;GUROBI-MIP;gurobi-mip;mip-e;epsilon;0.05;instance_40_25_5_29;OPTIMUM;0.9622;0.0442;0.9110;0.0004;6686;5707;1;729;2;0;200;727
1;GUROBI-MIP;gurobi-mip;mip-e;epsilon;0.05;instance_40_25_5_3;PARSE_ERROR;;;;;;;;;;;;;;
1;GUROBI-MIP;gurobi-mip;mip-e;epsilon;0.05;instance_40_25_5_30;OPTIMUM;0.7384;0.0574;0.6722;0.0005;9104;7202;1;761;0;0;200;761
1;GUROBI-MIP;gurobi-mip;mip-e;epsilon;0.05;instance_40_25_5_31;PARSE_ERROR;;;;;;;;;;;;;;
1;GUROBI-MIP;gurobi-mip;mip-e;epsilon;0.05;instance_40_25_5_32;OPTIMUM;0.6773;0.0517;0.6178;0.0004;7826;6652;1;698;2;0;200;696
1;GUROBI-MIP;gurobi-mip;mip-e;epsilon;0.05;instance_40_25_5_33;PARSE_ERROR;;;;;;;;;;;;;;
1;GUROBI-MIP;gurobi-mip;mip-e;epsilon;0.05;instance_40_25_5_34;PARSE_ERROR;;;;;;;;;;;;;;
1;GUROBI-MIP;gurobi-mip;mip-e;epsilon;0.05;instance_40_25_5_35;PARSE_ERROR;;;;;;;;;;;;;;
1;GUROBI-MIP;gurobi-mip;mip-e;epsilon;0.05;instance_40_25_5_36;OPTIMUM;0.5918;0.0537;0.5305;0.0004;8531;6890;1;788;0;0;200;788
1;GUROBI-MIP;gurobi-mip;mip-e;epsilon;0.05;instance_40_25_5_37;OPTIMUM;0.5942;0.0499;0.5370;0.0004;7699;6496;1;747;0;0;200;747
1;GUROBI-MIP;gurobi-mip;mip-e;epsilon;0.05;instance_40_25_5_38;OPTIMUM;0.5704;0.0445;0.5192;0.0004;6726;5915;1;735;0;0;200;735
1;GUROBI-MIP;gurobi-mip;mip-e;epsilon;0.05;instance_40_25_5_39;OPTIMUM;0.6224;0.0421;0.5740;0.0004;6492;5387;1;720;0;0;200;720
1;GUROBI-MIP;gurobi-mip;mip-e;epsilon;0.05;instance_40_25_5_4;PARSE_ERROR;;;;;;;;;;;;;;
1;GUROBI-MIP;gurobi-mip;mip-e;epsilon;0.05;instance_40_25_5_40;OPTIMUM;0.7269;0.0499;0.6695;0.0004;7792;6455;1;766;0;0;200;766
1;GUROBI-MIP;gurobi-mip;mip-e;epsilon;0.05;instance_40_25_5_41;OPTIMUM;0.6983;0.0544;0.6361;0.0004;8669;6835;1;759;0;0;200;759
1;GUROBI-MIP;gurobi-mip;mip-e;epsilon;0.05;instance_40_25_5_42;OPTIMUM;0.4896;0.0455;0.4372;0.0004;6886;5873;1;729;0;0;200;729
1;GUROBI-MIP;gurobi-mip;mip-e;epsilon;0.05;instance_40_25_5_43;PARSE_ERROR;;;;;;;;;;;;;;
1;GUROBI-MIP;gurobi-mip;mip-e;epsilon;0.05;instance_40_25_5_44;OPTIMUM;0.6312;0.0552;0.5679;0.0005;8468;6856;1;780;0;0;200;780
1;GUROBI-MIP;gurobi-mip;mip-e;epsilon;0.05;instance_40_25_5_45;OPTIMUM;0.5965;0.0518;0.5371;0.0004;7993;6603;1;701;0;0;200;701
1;GUROBI-MIP;gurobi-mip;mip-e;epsilon;0.05;instance_40_25_5_46;INFEASIBLE;0.0233;0.0153;0.0053;0.0000;8709;6987;0;;;;;
1;GUROBI-MIP;gurobi-mip;mip-e;epsilon;0.05;instance_40_25_5_47;OPTIMUM;0.7167;0.0577;0.6514;0.0004;9002;7177;1;780;0;0;200;780
1;GUROBI-MIP;gurobi-mip;mip-e;epsilon;0.05;instance_40_25_5_48;OPTIMUM;0.6877;0.0543;0.6252;0.0005;8403;6784;1;766;0;0;200;766
1;GUROBI-MIP;gurobi-mip;mip-e;epsilon;0.05;instance_40_25_5_49;OPTIMUM;0.9557;0.0481;0.9005;0.0004;7358;6129;1;705;1;0;200;704
1;GUROBI-MIP;gurobi-mip;mip-e;epsilon;0.05;instance_40_25_5_5;OPTIMUM;0.6229;0.0532;0.5621;0.0004;8268;6681;1;772;0;0;200;772
1;GUROBI-MIP;gurobi-mip;mip-e;epsilon;0.05;instance_40_25_5_50;OPTIMUM;0.9205;0.0569;0.8554;0.0005;9009;7033;1;768;0;0;200;768
1;GUROBI-MIP;gurobi-mip;mip-e;epsilon;0.05;instance_40_25_5_6;PARSE_ERROR;;;;;;;;;;;;;;
1;GUROBI-MIP;gurobi-mip;mip-e;epsilon;0.05;instance_40_25_5_7;OPTIMUM;0.6694;0.0576;0.6033;0.0004;9134;7208;1;782;0;0;200;782
1;GUROBI-MIP;gurobi-mip;mip-e;epsilon;0.05;instance_40_25_5_8;OPTIMUM;0.5810;0.0489;0.5251;0.0004;7559;6317;1;763;0;0;200;763
1;GUROBI-MIP;gurobi-mip;mip-e;epsilon;0.05;instance_40_25_5_9;OPTIMUM;0.6778;0.0536;0.6166;0.0004;8465;6891;1;772;0;0;200;772
2;CPLEX-MIP;cplex-mip;mip-e;epsilon;0.05;instance_30_15_4_1;OPTIMUM;0.3165;0.0226;0.2902;0.0002;3371;3079;0;438;0;0;120;438
2;CPLEX-MIP;cplex-mip;mip-e;epsilon;0.05;instance_30_15_4_10;OPTIMUM;0.2908;0.0190;0.2687;0.0002;2858;2791;0;410;0;0;120;410
2;CPLEX-MIP;cplex-mip;mip-e;epsilon;0.05;instance_30_15_4_11;PARSE_ERROR;;;;;;;;;;;;;;
2;CPLEX-MIP;cplex-mip;mip-e;epsilon;0.05;instance_30_15_4_12;PARSE_ERROR;;;;;;;;;;;;;;
2;CPLEX-MIP;cplex-mip;mip-e;epsilon;0.05;instance_30_15_4_13;OPTIMUM;0.2834;0.0157;0.2648;0.0002;2204;2192;0;386;3;0;120;383
2;CPLEX-MIP;cplex-mip;mip-e;epsilon;0.05;instance_30_15_4_14;OPTIMUM;0.3012;0.0197;0.2783;0.0002;3089;2948;0;404;2;0;120;402
2;CPLEX-MIP;cplex-mip;mip-e;epsilon;0.05;instance_30_15_4_15;OPTIMUM;0.3406;0.0215;0.3154;0.0003;3341;3041;0;446;0;0;120;446
2;CPLEX-MIP;cplex-mip;mip-e;epsilon;0.05;instance_30_15_4_16;OPTIMUM;0.2580;0.0158;0.2395;0.0002;2300;2344;0;398;0;0;120;398
2;CPLEX-MIP;cplex-mip;mip-e;epsilon;0.05;instance_30_15_4_17;OPTIMUM;0.2420;0.0192;0.2196;0.0003;2875;2724;0;417;0;0;120;417
2;CPLEX-MIP;cplex-mip;mip-e;epsilon;0.05;instance_30_15_4_18;OPTIMUM;0.4686;0.0239;0.4408;0.0002;3959;3386;0;448;0;0;120;448
2;CPLEX-MIP;cplex-mip;mip-e;epsilon;0.05;instance_30_15_4_19;PARSE_ERROR;;;;;;;;;;;;;;
2;CPLEX-MIP;cplex-mip;mip-e;epsilon;0.05;instance_30_15_4_2;OPTIMUM;0.2325;0.0149;0.2150;0.0002;2165;2208;0;369;0;0;120;369
2;CPLEX-MIP;cplex-mip;mip-e;epsilon;0.05;instance_30_15_4_20;OPTIMUM;0.2577;0.0165;0.2382;0.0003;2444;2469;0;420;0;0;120;420
2;CPLEX-MIP;cplex-mip;mip-e;epsilon;0.05;instance_30_15_4_21;INFEASIBLE;0.0054;0.0040;0.0006;0.0000;1837;1922;0;;;;;
2;CPLEX-MIP;cplex-mip;mip-e;epsilon;0.05;instance_30_15_4_22;PARSE_ERROR;;;;;;;;;;;;;;
2;CPLEX-MIP;cplex-mip;mip-e;epsilon;0.05;instance_30_15_4_23;PARSE_ERROR;;;;;;;;;;;;;;
2;CPLEX-MIP;cplex-mip;mip-e;epsilon;0.05;instance_30_15_4_24;OPTIMUM;0.2838;0.0211;0.2592;0.0002;3343;3066;0;444;0;0;120;444
2;CPLEX-MIP;cplex-mip;mip-e;epsilon;0.05;instance_30_15_4_25;OPTIMUM;0.2341;0.0150;0.2163;0.0002;2287;2294;0;402;0;0;120;402
2;CPLEX-MIP;cplex-mip;mip-e;epsilon;0.05;instance_30_15_4_26;PARSE_ERROR;;;;;;;;;;;;;;
2;CPLEX-MIP;cplex-mip;mip-e;epsilon;0.05;instance_30_15_4_27;OPTIMUM;0.3006;0.0195;0.2778;0.0002;2917;2741;0;407;0;0;120;407
2;CPLEX-MIP;cplex-mip;mip-e;epsilon;0.05;instance_30_15_4_28;PARSE_ERROR;;;;;;;;;;;;;;
2;CPLEX-MIP;cplex-mip;mip-e;epsilon;0.05;instance_30_15_4_29;OPTIMUM;0.2187;0.0146;0.2015;0.0002;2095;2159;0;399;0;0;120;399
2;CPLEX-MIP;cplex-mip;mip-e;epsilon;0.05;instance_30_15_4_3;OPTIMUM;0.3725;0.0213;0.3477;0.0002;3366;3038;0;431;0;0;120;431
2;CPLEX-MIP;cplex-mip;mip-e;epsilon;0.05;instance_30_15_4_30;OPTIMUM;0.3403;0.0207;0.3162;0.0002;3307;3074;0;435;0;0;120;435
2;CPLEX-MIP;cplex-mip;mip-e;epsilon;0.05;instance_30_15_4_31;OPTIMUM;0.3583;0.0204;0.3346;0.0002;3331;3021;0;407;0;0;120;407
2;CPLEX-MIP;cplex-mip;mip-e;epsilon;0.05;instance_30_15_4_32;OPTIMUM;0.3539;0.0201;0.3303;0.0002;3155;2791;0;382;0;0;120;382
2;CPLEX-MIP;cplex-mip;mip-e;epsilon;0.05;instance_30_15_4_33;OPTIMUM;0.3004;0.0205;0.2764;0.0002;3223;2979;0;429;0;0;120;429
2;CPLEX-MIP;cplex-mip;mip-e;epsilon;0.05;instance_30_15_4_34;PARSE_ERROR;;;;;;;;;;;;;;
2;CPLEX-MIP;cplex-mip;mip-e;epsilon;0.05;instance_30_15_4_35;PARSE_ERROR;;;;;;;;;;;;;;
2;CPLEX-MIP;cplex-mip;mip-e;epsilon;0.05;instance_30_15_4_36;PARSE_ERROR;;;;;;;;;;;;;;
2;CPLEX-MIP;cplex-mip;mip-e;epsilon;0.05;instance_30_15_4_37;OPTIMUM;0.3400;0.0189;0.3180;0.0002;2865;2755;0;420;0;0;120;420
2;CPLEX-MIP;cplex-mip;mip-e;epsilon;0.05;instance_30_15_4_38;OPTIMUM;0.3479;0.0191;0.3256;0.0002;2845;2745;0;402;0;0;120;402
2;CPLEX-MIP;cplex-mip;mip-e;epsilon;0.05;instance_30_15_4_39;OPTIMUM;0.3111;0.0212;0.2861;0.0002;3288;3013;0;437;0;0;120;437
2;CPLEX-MIP;cplex-mip;mip-e;epsilon;0.05;instance_30_15_4_4;PARSE_ERROR;;;;;;;;;;;;;;
2;CPLEX-MIP;cplex-mip;mip-e;epsilon;0.05;instance_30_15_4_40;PARSE_ERROR;;;;;;;;;;;;;;
2;CPLEX-MIP;cplex-mip;mip-e;epsilon;0.05;instance_30_15_4_41;PARSE_ERROR;;;;;;;;;;;;;;
2;CPLEX-MIP;cplex-mip;mip-e;epsilon;0.05;instance_30_15_4_42;OPTIMUM;0.3218;0.0211;0.2972;0.0002;3363;3102;0;432;0;0;120;432
2;CPLEX-MIP;cplex-mip;mip-e;epsilon;0.05;instance_30_15_4_43;PARSE_ERROR;;;;;;;;;;;;;;
2;CPLEX-MIP;cplex-mip;mip-e;epsilon;0.05;instance_30_15_4_44;PARSE_ERROR;;;;;;;;;;;;;;
2;CPLEX-MIP;cplex-mip;mip-e;epsilon;0.05;instance_30_15_4_45;OPTIMUM;0.3365;0.0221;0.3109;0.0002;3586;3190;0;416;0;0;120;416
2;CPLEX-MIP;cplex-mip;mip-e;epsilon;0.05;instance_30_15_4_46;PARSE_ERROR;;;;;;;;;;;;;;
2;CPLEX-MIP;cplex-mip;mip-e;epsilon;0.05;instance_30_15_4_47;OPTIMUM;0.2440;0.0184;0.2224;0.0002;2811;2697;0;418;1;0;120;417
2;CPLEX-MIP;cplex-mip;mip-e;epsilon;0.05;instance_30_15_4_48;OPTIMUM;0.3293;0.0191;0.3070;0.0002;2913;2779;0;430;0;0;120;430
2;CPLEX-MIP;cplex-mip;mip-e;epsilon;0.05;instance_30_15_4_49;OPTIMUM;0.3708;0.0189;0.3487;0.0002;2912;2738;0;421;0;0;120;421
2;CPLEX-MIP;cplex-mip;mip-e;epsilon;0.05;instance_30_15_4_5;OPTIMUM;0.3524;0.0192;0.3300;0.0002;2772;2611;0;416;3;0;120;413
2;CPLEX-MIP;cplex-mip;mip-e;epsilon;0.05;instance_30_15_4_50;OPTIMUM;0.2664;0.0158;0.2477;0.0002;2294;2254;0;403;7;0;120;396
2;CPLEX-MIP;cplex-mip;mip-e;epsilon;0.05;instance_30_15_4_6;OPTIMUM;0.2553;0.0175;0.2349;0.0002;2621;2606;0;436;0;0;120;436
2;CPLEX-MIP;cplex-mip;mip-e;epsilon;0.05;instance_30_15_4_7;PARSE_ERROR;;;;;;;;;;;;;;
2;CPLEX-MIP;cplex-mip;mip-e;epsilon;0.05;instance_30_15_4_8;INFEASIBLE;0.0083;0.0065;0.0009;0.0000;3104;2911;0;;;;;
2;CPLEX-MIP;cplex-mip;mip-e;epsilon;0.05;instance_30_15_4_9;PARSE_ERROR;;;;;;;;;;;;;;
2;CPLEX-MIP;cplex-mip;mip-e;epsilon;0.05;instance_40_25_5_1;OPTIMUM;1.2949;0.0482;1.2363;0.0005;7806;6177;0;777;0;0;200;777
2;CPLEX-MIP;cplex-mip;mip-e;epsilon;0.05;instance_40_25_5_10;PARSE_ERROR;;;;;;;;;;;;;;
2;CPLEX-MIP;cplex-mip;mip-e;epsilon;0.05;instance_40_25_5_11;OPTIMUM;0.8943;0.0521;0.8325;0.0005;8366;6741;0;783;0;0;200;783
2;CPLEX-MIP;cplex-mip;mip-e;epsilon;0.05;instance_40_25_5_12;OPTIMUM;1.2510;0.0504;1.1902;0.0005;7935;6437;0;778;0;0;200;778
2;CPLEX-MIP;cplex-mip;mip-e;epsilon;0.05;instance_40_25_5_13;OPTIMUM;1.3029;0.0509;1.2420;0.0005;8187;6772;0;783;0;0;200;783
2;CPLEX-MIP;cplex-mip;mip-e;epsilon;0.05;instance_40_25_5_14;OPTIMUM;1.2586;0.0571;1.1903;0.0005;9031;7290;0;781;0;0;200;781
2;CPLEX-MIP;cplex-mip;mip-e;epsilon;0.05;instance_40_25_5_15;OPTIMUM;1.3380;0.0496;1.2781;0.0004;7991;6437;0;710;0;0;200;710
2;CPLEX-MIP;cplex-mip;mip-e;epsilon;0.05;instance_40_25_5_16;OPTIMUM;1.2719;0.0476;1.2145;0.0005;7425;6080;0;753;1;0;200;752
2;CPLEX-MIP;cplex-mip;mip-e;epsilon;0.05;instance_40_25_5_17;OPTIMUM;1.2047;0.0499;1.1446;0.0005;7867;6418;0;741;0;0;200;741
2;CPLEX-MIP;cplex-mip;mip-e;epsilon;0.05;instance_40_25_5_18;OPTIMUM;1.0261;0.0525;0.9632;0.0005;8262;6693;0;782;0;0;200;782
2;CPLEX-MIP;cplex-mip;mip-e;epsilon;0.05;instance_40_25_5_19;OPTIMUM;1.1715;0.0419;1.1217;0.0004;5910;5212;0;713;0;0;200;713
2;CPLEX-MIP;cplex-mip;mip-e;epsilon;0.05;instance_40_25_5_2;PARSE_ERROR;;;;;;;;;;;;;;
2;CPLEX-MIP;cplex-mip;mip-e;epsilon;0.05;instance_40_25_5_20;OPTIMUM;1.6414;0.0510;1.5795;0.0004;8180;6439;0;759;0;0;200;759
2;CPLEX-MIP;cplex-mip;mip-e;epsilon;0.05;instance_40_25_5_21;OPTIMUM;1.6207;0.0555;1.5537;0.0005;8490;6813;0;755;0;0;200;755
2;CPLEX-MIP;cplex-mip;mip-e;epsilon;0.05;instance_40_25_5_22;OPTIMUM;1.1118;0.0444;1.0588;0.0004;6757;5793;0;752;0;0;200;752
2;CPLEX-MIP;cplex-mip;mip-e;epsilon;0.05;instance_40_25_5_23;PARSE_ERROR;;;;;;;;;;;;;;
2;CPLEX-MIP;cplex-mip;mip-e;epsilon;0.05;instance_40_25_5_24;OPTIMUM;0.7227;0.0420;0.6729;0.0004;6415;5517;0;724;0;0;200;724
2;CPLEX-MIP;cplex-mip;mip-e;epsilon;0.05;instance_40_25_5_25;OPTIMUM;0.8420;0.0416;0.7927;0.0004;6367;5530;0;734;0;0;200;734
2;CPLEX-MIP;cplex-mip;mip-e;epsilon;0.05;instance_40_25_5_26;OPTIMUM;1.2627;0.0530;1.1987;0.0005;8367;6757;0;775;0;0;200;775
2;CPLEX-MIP;cplex-mip;mip-e;epsilon;0.05;instance_40_25_5_27;OPTIMUM;1.1657;0.0431;1.1142;0.0004;6288;5519;0;719;1;0;200;718
2;CPLEX-MIP;cplex-mip;mip-e;epsilon;0.05;instance_40_25_5_28;OPTIMUM;1.1285;0.0515;1.0671;0.0004;7869;6569;0;715;0;0;200;715
2;CPLEX-MIP;cplex-mip;mip-e;epsilon;0.05;instance_40_25_5_29;OPTIMUM;2.0942;0.0455;2.0391;0.0004;6686;5707;0;729;2;0;200;727
2;CPLEX-MIP;cplex-mip;mip-e;epsilon;0.05;instance_40_25_5_3;PARSE_ERROR;;;;;;;;;;;;;;
2;CPLEX-MIP;cplex-mip;mip-e;epsilon;0.05;instance_40_25_5_30;OPTIMUM;1.6983;0.0578;1.6281;0.0005;9104;7202;0;761;0;0;200;761
2;CPLEX-MIP;cplex-mip;mip-e;epsilon;0.05;instance_40_25_5_31;PARSE_ERROR;;;;;;;;;;;;;;
2;CPLEX-MIP;cplex-mip;mip-e;epsilon;0.05;instance_40_25_5_32;OPTIMUM;1.5106;0.0503;1.4497;0.0005;7826;6652;0;698;2;0;200;696
2;CPLEX-MIP;cplex-mip;mip-e;epsilon;0.05;instance_40_25_5_33;PARSE_ERROR;;;;;;;;;;;;;;
2;CPLEX-MIP;cplex-mip;mip-e;epsilon;0.05;instance_40_25_5_34;PARSE_ERROR;;;;;;;;;;;;;;
2;CPLEX-MIP;cplex-mip;mip-e;epsilon;0.05;instance_40_25_5_35;PARSE_ERROR;;;;;;;;;;;;;;
2;CPLEX-MIP;cplex-mip;mip-e;epsilon;0.05;instance_40_25_5_36;OPTIMUM;1.1812;0.0534;1.1172;0.0005;8531;6890;0;788;0;0;200;788
2;CPLEX-MIP;cplex-mip;mip-e;epsilon;0.05;instance_40_25_5_37;OPTIMUM;1.4743;0.0492;1.4146;0.0005;7699;6496;0;747;0;0;200;747
2;CPLEX-MIP;cplex-mip;mip-e;epsilon;0.05;instance_40_25_5_38;OPTIMUM;0.9814;0.0461;0.9268;0.0004;6726;5915;0;735;0;0;200;735
2;CPLEX-MIP;cplex-mip;mip-e;epsilon;0.05;instance_40_25_5_39;OPTIMUM;1.2604;0.0427;1.2086;0.0004;6492;5387;0;720;0;0;200;720
2;CPLEX-MIP;cplex-mip;mip-e;epsilon;0.05;instance_40_25_5_4;PARSE_ERROR;;;;;;;;;;;;;;
2;CPLEX-MIP;cplex-mip;mip-e;epsilon;0.05;instance_40_25_5_40;OPTIMUM;1.3046;0.0506;1.2434;0.0005;7792;6455;0;766;0;0;200;766
2;CPLEX-MIP;cplex-mip;mip-e;epsilon;0.05;instance_40_25_5_41;OPTIMUM;1.1837;0.0544;1.1174;0.0005;8669;6835;0;759;0;0;200;759
2;CPLEX-MIP;cplex-mip;mip-e;epsilon;0.05;instance_40_25_5_42;OPTIMUM;1.0857;0.0452;1.0312;0.0004;6886;5873;0;729;0;0;200;729
2;CPLEX-MIP;cplex-mip;mip-e;epsilon;0.05;instance_40_25_5_43;PARSE_ERROR;;;;;;;;;;;;;;
2;CPLEX-MIP;cplex-mip;mip-e;epsilon;0.05;instance_40_25_5_44;OPTIMUM;1.3360;0.0529;1.2725;0.0005;8468;6856;0;780;0;0;200;780
2;CPLEX-MIP;cplex-mip;mip-e;epsilon;0.05;instance_40_25_5_45;OPTIMUM;1.0535;0.0512;0.9925;0.0005;7993;6603;0;701;0;0;200;701
2;CPLEX-MIP;cplex-mip;mip-e;epsilon;0.05;instance_40_25_5_46;INFEASIBLE;0.0205;0.0169;0.0019;0.0000;8709;6987;0;;;;;
2;CPLEX-MIP;cplex-mip;mip-e;epsilon;0.05;instance_40_25_5_47;OPTIMUM;1.3705;0.0566;1.3024;0.0005;9002;7177;0;780;0;0;200;780
2;CPLEX-MIP;cplex-mip;mip-e;epsilon;0.05;instance_40_25_5_48;OPTIMUM;1.2511;0.0532;1.1868;0.0005;8403;6784;0;766;0;0;200;766
2;CPLEX-MIP;cplex-mip;mip-e;epsilon;0.05;instance_40_25_5_49;OPTIMUM;1.4232;0.0483;1.3649;0.0005;7358;6129;0;705;1;0;200;704
2;CPLEX-MIP;cplex-mip;mip-e;epsilon;0.05;instance_40_25_5_5;OPTIMUM;0.9791;0.0512;0.9181;0.0004;8268;6681;0;772;0;0;200;772
2;CPLEX-MIP;cplex-mip;mip-e;epsilon;0.05;instance_40_25_5_50;OPTIMUM;1.4662;0.0566;1.3980;0.0005;9009;7033;0;768;0;0;200;768
2;CPLEX-MIP;cplex-mip;mip-e;epsilon;0.05;instance_40_25_5_6;PARSE_ERROR;;;;;;;;;;;;;;
2;CPLEX-MIP;cplex-mip;mip-e;epsilon;0.05;instance_40_25_5_7;OPTIMUM;1.4773;0.0570;1.4084;0.0005;9134;7208;0;782;0;0;200;782
2;CPLEX-MIP;cplex-mip;mip-e;epsilon;0.05;instance_40_25_5_8;OPTIMUM;1.3444;0.0487;1.2859;0.0005;7559;6317;0;763;0;0;200;763
2;CPLEX-MIP;cplex-mip;mip-e;epsilon;0.05;instance_40_25_5_9;OPTIMUM;1.3590;0.0554;1.2923;0.0005;8465;6891;0;772;0;0;200;772
3;CPLEX-CP-T;cplex-cp;cp-t;epsilon;0.05;instance_30_15_4_1;TIMEOUT_FEASIBLE;300.0008;0.0041;299.9907;0.0001;2114;2952;749;429;1;0;120;428
3;CPLEX-CP-T;cplex-cp;cp-t;epsilon;0.05;instance_30_15_4_10;TIMEOUT_FEASIBLE;300.0044;0.0038;299.9941;0.0001;2110;2944;701;407;1;0;120;406
3;CPLEX-CP-T;cplex-cp;cp-t;epsilon;0.05;instance_30_15_4_11;PARSE_ERROR;;;;;;;;;;;;;;
3;CPLEX-CP-T;cplex-cp;cp-t;epsilon;0.05;instance_30_15_4_12;PARSE_ERROR;;;;;;;;;;;;;;
3;CPLEX-CP-T;cplex-cp;cp-t;epsilon;0.05;instance_30_15_4_13;TIMEOUT_FEASIBLE;300.0060;0.0034;299.9970;0.0001;1921;2564;465;370;3;0;120;367
3;CPLEX-CP-T;cplex-cp;cp-t;epsilon;0.05;instance_30_15_4_14;TIMEOUT_FEASIBLE;300.0061;0.0040;299.9962;0.0001;2144;3013;26306;404;3;0;120;401
3;CPLEX-CP-T;cplex-cp;cp-t;epsilon;0.05;instance_30_15_4_15;TIMEOUT_FEASIBLE;300.0056;0.0040;299.9957;0.0001;2057;2839;20851;430;0;0;120;430
3;CPLEX-CP-T;cplex-cp;cp-t;epsilon;0.05;instance_30_15_4_16;TIMEOUT_FEASIBLE;300.0053;0.0034;299.9966;0.0001;2119;2961;16501;385;0;0;120;385
3;CPLEX-CP-T;cplex-cp;cp-t;epsilon;0.05;instance_30_15_4_17;TIMEOUT_FEASIBLE;299.9951;0.0038;299.9854;0.0001;2114;2954;19625;407;0;0;120;407
3;CPLEX-CP-T;cplex-cp;cp-t;epsilon;0.05;instance_30_15_4_18;TIMEOUT_FEASIBLE;299.9953;0.0042;299.9849;0.0001;2108;2939;24894;440;1;0;120;439
3;CPLEX-CP-T;cplex-cp;cp-t;epsilon;0.05;instance_30_15_4_19;PARSE_ERROR;;;;;;;;;;;;;;
3;CPLEX-CP-T;cplex-cp;cp-t;epsilon;0.05;instance_30_15_4_2;TIMEOUT_FEASIBLE;300.0076;0.0038;299.9979;0.0001;2143;3010;29378;361;0;7;120;354
3;CPLEX-CP-T;cplex-cp;cp-t;epsilon;0.05;instance_30_15_4_20;TIMEOUT_FEASIBLE;300.0065;0.0038;299.9974;0.0001;2179;3081;12124;413;0;0;120;413
3;CPLEX-CP-T;cplex-cp;cp-t;epsilon;0.05;instance_30_15_4_21;INFEASIBLE;0.0014;0.0000;0.0000;0.0000;720;3;0;;;;;
3;CPLEX-CP-T;cplex-cp;cp-t;epsilon;0.05;instance_30_15_4_22;PARSE_ERROR;;;;;;;;;;;;;;
3;CPLEX-CP-T;cplex-cp;cp-t;epsilon;0.05;instance_30_15_4_23;PARSE_ERROR;;;;;;;;;;;;;;
3;CPLEX-CP-T;cplex-cp;cp-t;epsilon;0.05;instance_30_15_4_24;TIMEOUT_FEASIBLE;300.0066;0.0040;299.9968;0.0001;2152;3029;224;428;0;0;120;428
3;CPLEX-CP-T;cplex-cp;cp-t;epsilon;0.05;instance_30_15_4_25;TIMEOUT_FEASIBLE;300.0045;0.0038;299.9949;0.0001;2100;2925;16144;395;0;0;120;395
3;CPLEX-CP-T;cplex-cp;cp-t;epsilon;0.05;instance_30_15_4_26;PARSE_ERROR;;;;;;;;;;;;;;
3;CPLEX-CP-T;cplex-cp;cp-t;epsilon;0.05;instance_30_15_4_27;TIMEOUT_FEASIBLE;300.0079;0.0037;299.9983;0.0001;2133;2991;27100;396;0;0;120;396
3;CPLEX-CP-T;cplex-cp;cp-t;epsilon;0.05;instance_30_15_4_28;PARSE_ERROR;;;;;;;;;;;;;;
3;CPLEX-CP-T;cplex-cp;cp-t;epsilon;0.05;instance_30_15_4_29;TIMEOUT_FEASIBLE;300.0067;0.0037;299.9971;0.0001;2021;2766;167819;390;0;0;120;390
3;CPLEX-CP-T;cplex-cp;cp-t;epsilon;0.05;instance_30_15_4_3;TIMEOUT_FEASIBLE;299.9957;0.0040;299.9859;0.0001;2150;3024;203;421;0;0;120;421
3;CPLEX-CP-T;cplex-cp;cp-t;epsilon;0.05;instance_30_15_4_30;TIMEOUT_FEASIBLE;300.0055;0.0040;299.9960;0.0001;2119;2963;20226;422;0;1;120;421
3;CPLEX-CP-T;cplex-cp;cp-t;epsilon;0.05;instance_30_15_4_31;TIMEOUT_FEASIBLE;300.0057;0.0038;299.9963;0.0001;2042;2809;244;399;0;0;120;399
3;CPLEX-CP-T;cplex-cp;cp-t;epsilon;0.05;instance_30_15_4_32;TIMEOUT_FEASIBLE;300.0052;0.0038;299.9958;0.0001;2073;2871;210;373;0;0;120;373
3;CPLEX-CP-T;cplex-cp;cp-t;epsilon;0.05;instance_30_15_4_33;TIMEOUT_FEASIBLE;299.9955;0.0041;299.9852;0.0001;2120;2965;266843;417;0;0;120;417
3;CPLEX-CP-T;cplex-cp;cp-t;epsilon;0.05;instance_30_15_4_34;PARSE_ERROR;;;;;;;;;;;;;;
3;CPLEX-CP-T;cplex-cp;cp-t;epsilon;0.05;instance_30_15_4_35;PARSE_ERROR;;;;;;;;;;;;;;
3;CPLEX-CP-T;cplex-cp;cp-t;epsilon;0.05;instance_30_15_4_36;PARSE_ERROR;;;;;;;;;;;;;;
3;CPLEX-CP-T;cplex-cp;cp-t;epsilon;0.05;instance_30_15_4_37;TIMEOUT_FEASIBLE;300.0092;0.0040;299.9992;0.0001;2192;3107;28641;412;0;0;120;412
3;CPLEX-CP-T;cplex-cp;cp-t;epsilon;0.05;instance_30_15_4_38;TIMEOUT_FEASIBLE;300.0046;0.0039;299.9946;0.0001;2086;2895;2386135;389;0;0;120;389
3;CPLEX-CP-T;cplex-cp;cp-t;epsilon;0.05;instance_30_15_4_39;TIMEOUT_FEASIBLE;300.0055;0.0040;299.9955;0.0001;2056;2837;20691;428;0;0;120;428
3;CPLEX-CP-T;cplex-cp;cp-t;epsilon;0.05;instance_30_15_4_4;PARSE_ERROR;;;;;;;;;;;;;;
3;CPLEX-CP-T;cplex-cp;cp-t;epsilon;0.05;instance_30_15_4_40;PARSE_ERROR;;;;;;;;;;;;;;
3;CPLEX-CP-T;cplex-cp;cp-t;epsilon;0.05;instance_30_15_4_41;PARSE_ERROR;;;;;;;;;;;;;;
3;CPLEX-CP-T;cplex-cp;cp-t;epsilon;0.05;instance_30_15_4_42;TIMEOUT_FEASIBLE;300.0011;0.0041;299.9906;0.0001;2098;2921;204519;423;0;0;120;423
3;CPLEX-CP-T;cplex-cp;cp-t;epsilon;0.05;instance_30_15_4_43;PARSE_ERROR;;;;;;;;;;;;;;
3;CPLEX-CP-T;cplex-cp;cp-t;epsilon;0.05;instance_30_15_4_44;PARSE_ERROR;;;;;;;;;;;;;;
3;CPLEX-CP-T;cplex-cp;cp-t;epsilon;0.05;instance_30_15_4_45;TIMEOUT_FEASIBLE;299.9980;0.0042;299.9879;0.0001;2134;2990;178;407;0;0;120;407
3;CPLEX-CP-T;cplex-cp;cp-t;epsilon;0.05;instance_30_15_4_46;PARSE_ERROR;;;;;;;;;;;;;;
3;CPLEX-CP-T;cplex-cp;cp-t;epsilon;0.05;instance_30_15_4_47;TIMEOUT_FEASIBLE;299.9977;0.0024;299.9912;0.0000;2189;3102;9314925;433;10;0;120;423
3;CPLEX-CP-T;cplex-cp;cp-t;epsilon;0.05;instance_30_15_4_48;TIMEOUT_FEASIBLE;300.0040;0.0037;299.9945;0.0001;2024;2770;21794;416;0;0;120;416
3;CPLEX-CP-T;cplex-cp;cp-t;epsilon;0.05;instance_30_15_4_49;TIMEOUT_FEASIBLE;299.9943;0.0038;299.9848;0.0001;2005;2735;597;420;2;0;120;418
3;CPLEX-CP-T;cplex-cp;cp-t;epsilon;0.05;instance_30_15_4_5;TIMEOUT_FEASIBLE;300.0045;0.0036;299.9951;0.0001;1977;2677;22802;410;4;0;120;406
3;CPLEX-CP-T;cplex-cp;cp-t;epsilon;0.05;instance_30_15_4_50;TIMEOUT_FEASIBLE;300.0045;0.0037;299.9953;0.0001;1952;2629;14655;395;7;0;120;388
3;CPLEX-CP-T;cplex-cp;cp-t;epsilon;0.05;instance_30_15_4_6;TIMEOUT_FEASIBLE;300.0060;0.0039;299.9961;0.0001;2146;3017;151;424;0;0;120;424
3;CPLEX-CP-T;cplex-cp;cp-t;epsilon;0.05;instance_30_15_4_7;PARSE_ERROR;;;;;;;;;;;;;;
3;CPLEX-CP-T;cplex-cp;cp-t;epsilon;0.05;instance_30_15_4_8;INFEASIBLE;0.0014;0.0000;0.0000;0.0000;720;5;0;;;;;
3;CPLEX-CP-T;cplex-cp;cp-t;epsilon;0.05;instance_30_15_4_9;PARSE_ERROR;;;;;;;;;;;;;;
3;CPLEX-CP-T;cplex-cp;cp-t;epsilon;0.05;instance_40_25_5_1;TIMEOUT_FEASIBLE;300.0085;0.0095;299.9867;0.0001;4493;6851;43335;744;0;0;200;744
3;CPLEX-CP-T;cplex-cp;cp-t;epsilon;0.05;instance_40_25_5_10;PARSE_ERROR;;;;;;;;;;;;;;
3;CPLEX-CP-T;cplex-cp;cp-t;epsilon;0.05;instance_40_25_5_11;TIMEOUT_FEASIBLE;300.0056;0.0095;299.9851;0.0001;4565;6996;400;753;0;0;200;753
3;CPLEX-CP-T;cplex-cp;cp-t;epsilon;0.05;instance_40_25_5_12;TIMEOUT_FEASIBLE;300.0026;0.0090;299.9832;0.0001;4417;6696;465;746;0;0;200;746
3;CPLEX-CP-T;cplex-cp;cp-t;epsilon;0.05;instance_40_25_5_13;TIMEOUT_FEASIBLE;300.0158;0.0097;299.9925;0.0001;4675;7216;51726;751;1;0;200;750
3;CPLEX-CP-T;cplex-cp;cp-t;epsilon;0.05;instance_40_25_5_14;TIMEOUT_FEASIBLE;300.0042;0.0101;299.9822;0.0001;4826;7517;50690;752;0;0;200;752
3;CPLEX-CP-T;cplex-cp;cp-t;epsilon;0.05;instance_40_25_5_15;TIMEOUT_FEASIBLE;300.0141;0.0095;299.9912;0.0001;4527;6920;42323;686;0;0;200;686
3;CPLEX-CP-T;cplex-cp;cp-t;epsilon;0.05;instance_40_25_5_16;TIMEOUT_FEASIBLE;300.0127;0.0095;299.9920;0.0001;4604;7072;48868;727;2;0;200;725
3;CPLEX-CP-T;cplex-cp;cp-t;epsilon;0.05;instance_40_25_5_17;TIMEOUT_FEASIBLE;300.0039;0.0095;299.9804;0.0018;4530;6925;77597;716;1;0;200;715
3;CPLEX-CP-T;cplex-cp;cp-t;epsilon;0.05;instance_40_25_5_18;TIMEOUT_FEASIBLE;300.0040;0.0094;299.9823;0.0001;4499;6863;60290;747;0;0;200;747
3;CPLEX-CP-T;cplex-cp;cp-t;epsilon;0.05;instance_40_25_5_19;TIMEOUT_FEASIBLE;300.0025;0.0092;299.9822;0.0001;4527;6920;180956;708;3;1;200;704
3;CPLEX-CP-T;cplex-cp;cp-t;epsilon;0.05;instance_40_25_5_2;PARSE_ERROR;;;;;;;;;;;;;;
3;CPLEX-CP-T;cplex-cp;cp-t;epsilon;0.05;instance_40_25_5_20;TIMEOUT_FEASIBLE;300.0067;0.0093;299.9860;0.0001;4251;6367;462;735;1;5;200;729
3;CPLEX-CP-T;cplex-cp;cp-t;epsilon;0.05;instance_40_25_5_21;TIMEOUT_FEASIBLE;300.0045;0.0101;299.9811;0.0001;4607;7079;54066;722;0;0;200;722
3;CPLEX-CP-T;cplex-cp;cp-t;epsilon;0.05;instance_40_25_5_22;TIMEOUT_FEASIBLE;300.0012;0.0091;299.9793;0.0001;4447;6760;232744;734;1;3;200;730
3;CPLEX-CP-T;cplex-cp;cp-t;epsilon;0.05;instance_40_25_5_23;PARSE_ERROR;;;;;;;;;;;;;;
3;CPLEX-CP-T;cplex-cp;cp-t;epsilon;0.05;instance_40_25_5_24;TIMEOUT_FEASIBLE;300.0037;0.0095;299.9799;0.0001;4580;7025;308346;715;3;0;200;712
3;CPLEX-CP-T;cplex-cp;cp-t;epsilon;0.05;instance_40_25_5_25;TIMEOUT_FEASIBLE;300.0125;0.0093;299.9924;0.0001;4580;7025;968;731;4;0;200;727
3;CPLEX-CP-T;cplex-cp;cp-t;epsilon;0.05;instance_40_25_5_26;TIMEOUT_FEASIBLE;300.0047;0.0096;299.9819;0.0001;4536;6938;49522;740;0;0;200;740
3;CPLEX-CP-T;cplex-cp;cp-t;epsilon;0.05;instance_40_25_5_27;TIMEOUT_FEASIBLE;300.0037;0.0089;299.9809;0.0001;4481;6827;228726;718;5;0;200;713
3;CPLEX-CP-T;cplex-cp;cp-t;epsilon;0.05;instance_40_25_5_28;TIMEOUT_FEASIBLE;300.0136;0.0058;300.0002;0.0001;4603;7072;3943900;752;25;0;200;727
3;CPLEX-CP-T;cplex-cp;cp-t;epsilon;0.05;instance_40_25_5_29;TIMEOUT_FEASIBLE;300.0050;0.0091;299.9845;0.0001;4611;7088;549;720;4;0;200;716
3;CPLEX-CP-T;cplex-cp;cp-t;epsilon;0.05;instance_40_25_5_3;PARSE_ERROR;;;;;;;;;;;;;;
3;CPLEX-CP-T;cplex-cp;cp-t;epsilon;0.05;instance_40_25_5_30;TIMEOUT_FEASIBLE;300.0064;0.0097;299.9853;0.0001;4536;6937;433;735;1;0;200;734
3;CPLEX-CP-T;cplex-cp;cp-t;epsilon;0.05;instance_40_25_5_31;PARSE_ERROR;;;;;;;;;;;;;;
3;CPLEX-CP-T;cplex-cp;cp-t;epsilon;0.05;instance_40_25_5_32;TIMEOUT_FEASIBLE;300.0055;0.0100;299.9818;0.0026;4628;7121;302402;688;4;0;200;684
3;CPLEX-CP-T;cplex-cp;cp-t;epsilon;0.05;instance_40_25_5_33;PARSE_ERROR;;;;;;;;;;;;;;
3;CPLEX-CP-T;cplex-cp;cp-t;epsilon;0.05;instance_40_25_5_34;PARSE_ERROR;;;;;;;;;;;;;;
3;CPLEX-CP-T;cplex-cp;cp-t;epsilon;0.05;instance_40_25_5_35;PARSE_ERROR;;;;;;;;;;;;;;
3;CPLEX-CP-T;cplex-cp;cp-t;epsilon;0.05;instance_40_25_5_36;TIMEOUT_FEASIBLE;300.0075;0.0099;299.9868;0.0001;4709;7281;1065;751;0;0;200;751
3;CPLEX-CP-T;cplex-cp;cp-t;epsilon;0.05;instance_40_25_5_37;TIMEOUT_FEASIBLE;300.0046;0.0094;299.9828;0.0001;4637;7139;50683;718;0;0;200;718
3;CPLEX-CP-T;cplex-cp;cp-t;epsilon;0.05;instance_40_25_5_38;TIMEOUT_FEASIBLE;300.0034;0.0089;299.9819;0.0001;4328;6520;46925;710;1;2;200;707
3;CPLEX-CP-T;cplex-cp;cp-t;epsilon;0.05;instance_40_25_5_39;TIMEOUT_FEASIBLE;300.0040;0.0089;299.9828;0.0001;4448;6762;265098;712;2;6;200;704
3;CPLEX-CP-T;cplex-cp;cp-t;epsilon;0.05;instance_40_25_5_4;PARSE_ERROR;;;;;;;;;;;;;;
3;CPLEX-CP-T;cplex-cp;cp-t;epsilon;0.05;instance_40_25_5_40;TIMEOUT_FEASIBLE;300.0046;0.0097;299.9845;0.0001;4717;7298;402;737;0;0;200;737
3;CPLEX-CP-T;cplex-cp;cp-t;epsilon;0.05;instance_40_25_5_41;TIMEOUT_FEASIBLE;300.0034;0.0091;299.9818;0.0002;4330;6525;43971;735;0;1;200;734
3;CPLEX-CP-T;cplex-cp;cp-t;epsilon;0.05;instance_40_25_5_42;TIMEOUT_FEASIBLE;300.0027;0.0091;299.9823;0.0001;4543;6948;43314;710;0;0;200;710
3;CPLEX-CP-T;cplex-cp;cp-t;epsilon;0.05;instance_40_25_5_43;PARSE_ERROR;;;;;;;;;;;;;;
3;CPLEX-CP-T;cplex-cp;cp-t;epsilon;0.05;instance_40_25_5_44;TIMEOUT_FEASIBLE;300.0022;0.0093;299.9823;0.0001;4516;6898;1165;747;0;0;200;747
3;CPLEX-CP-T;cplex-cp;cp-t;epsilon;0.05;instance_40_25_5_45;TIMEOUT_FEASIBLE;300.0029;0.0095;299.9809;0.0001;4617;7099;53135;676;0;2;200;674
3;CPLEX-CP-T;cplex-cp;cp-t;epsilon;0.05;instance_40_25_5_46;INFEASIBLE;0.0018;0.0003;0.0000;0.0000;1200;32;0;;;;;
3;CPLEX-CP-T;cplex-cp;cp-t;epsilon;0.05;instance_40_25_5_47;TIMEOUT_FEASIBLE;300.0084;0.0099;299.9866;0.0001;4400;6664;52298;749;0;0;200;749
3;CPLEX-CP-T;cplex-cp;cp-t;epsilon;0.05;instance_40_25_5_48;TIMEOUT_FEASIBLE;300.0027;0.0095;299.9825;0.0001;4646;7156;398;731;0;0;200;731
3;CPLEX-CP-T;cplex-cp;cp-t;epsilon;0.05;instance_40_25_5_49;TIMEOUT_FEASIBLE;300.0050;0.0054;299.9913;0.0001;4459;6783;4270751;737;27;0;200;710
3;CPLEX-CP-T;cplex-cp;cp-t;epsilon;0.05;instance_40_25_5_5;TIMEOUT_FEASIBLE;300.0126;0.0095;299.9914;0.0001;4537;6938;363;748;4;0;200;744
3;CPLEX-CP-T;cplex-cp;cp-t;epsilon;0.05;instance_40_25_5_50;TIMEOUT_FEASIBLE;300.0039;0.0094;299.9829;0.0001;4324;6513;435;752;2;0;200;750
3;CPLEX-CP-T;cplex-cp;cp-t;epsilon;0.05;instance_40_25_5_6;PARSE_ERROR;;;;;;;;;;;;;;
3;CPLEX-CP-T;cplex-cp;cp-t;epsilon;0.05;instance_40_25_5_7;TIMEOUT_FEASIBLE;300.0077;0.0095;299.9863;0.0001;4403;6671;392;747;0;0;200;747
3;CPLEX-CP-T;cplex-cp;cp-t;epsilon;0.05;instance_40_25_5_8;TIMEOUT_FEASIBLE;300.0040;0.0093;299.9839;0.0001;4602;7070;354;737;0;0;200;737
3;CPLEX-CP-T;cplex-cp;cp-t;epsilon;0.05;instance_40_25_5_9;TIMEOUT_FEASIBLE;300.0042;0.0096;299.9835;0.0001;4632;7130;754;741;0;0;200;741
4;CPLEX-CP-I;cplex-cp;cp-i;epsilon;0.05;instance_30_15_4_1;TIMEOUT_FEASIBLE;299.9983;0.0068;299.9860;0.0001;1430;2153;170;430;0;0;120;430
4;CPLEX-CP-I;cplex-cp;cp-i;epsilon;0.05;instance_30_15_4_10;TIMEOUT_FEASIBLE;300.0046;0.0060;299.9936;0.0001;1268;1920;176;407;1;0;120;406
4;CPLEX-CP-I;cplex-cp;cp-i;epsilon;0.05;instance_30_15_4_11;PARSE_ERROR;;;;;;;;;;;;;;
4;CPLEX-CP-I;cplex-cp;cp-i;epsilon;0.05;instance_30_15_4_12;PARSE_ERROR;;;;;;;;;;;;;;
4;CPLEX-CP-I;cplex-cp;cp-i;epsilon;0.05;instance_30_15_4_13;TIMEOUT_FEASIBLE;300.0024;0.0052;299.9927;0.0001;976;1461;158;370;3;0;120;367
4;CPLEX-CP-I;cplex-cp;cp-i;epsilon;0.05;instance_30_15_4_14;TIMEOUT_FEASIBLE;300.0043;0.0068;299.9919;0.0001;1339;2042;12124;404;3;0;120;401
4;CPLEX-CP-I;cplex-cp;cp-i;epsilon;0.05;instance_30_15_4_15;TIMEOUT_FEASIBLE;299.9948;0.0065;299.9829;0.0001;1372;2057;13664;430;0;0;120;430
4;CPLEX-CP-I;cplex-cp;cp-i;epsilon;0.05;instance_30_15_4_16;TIMEOUT_FEASIBLE;300.0053;0.0054;299.9950;0.0001;1050;1624;17140;383;0;0;120;383
4;CPLEX-CP-I;cplex-cp;cp-i;epsilon;0.05;instance_30_15_4_17;TIMEOUT_FEASIBLE;300.0029;0.0062;299.9915;0.0001;1219;1858;9196;407;0;0;120;407
4;CPLEX-CP-I;cplex-cp;cp-i;epsilon;0.05;instance_30_15_4_18;TIMEOUT_FEASIBLE;300.0038;0.0078;299.9899;0.0001;1553;2311;13216;440;0;0;120;440
4;CPLEX-CP-I;cplex-cp;cp-i;epsilon;0.05;instance_30_15_4_19;PARSE_ERROR;;;;;;;;;;;;;;
4;CPLEX-CP-I;cplex-cp;cp-i;epsilon;0.05;instance_30_15_4_2;TIMEOUT_FEASIBLE;300.0058;0.0053;299.9958;0.0001;977;1505;31264;361;0;8;120;353
4;CPLEX-CP-I;cplex-cp;cp-i;epsilon;0.05;instance_30_15_4_20;TIMEOUT_FEASIBLE;300.0042;0.0055;299.9938;0.0001;1095;1678;8530;413;0;0;120;413
4;CPLEX-CP-I;cplex-cp;cp-i;epsilon;0.05;instance_30_15_4_21;INFEASIBLE;0.0014;0.0001;0.0000;0.0000;19;18;0;;;;;
4;CPLEX-CP-I;cplex-cp;cp-i;epsilon;0.05;instance_30_15_4_22;PARSE_ERROR;;;;;;;;;;;;;;
4;CPLEX-CP-I;cplex-cp;cp-i;epsilon;0.05;instance_30_15_4_23;PARSE_ERROR;;;;;;;;;;;;;;
4;CPLEX-CP-I;cplex-cp;cp-i;epsilon;0.05;instance_30_15_4_24;TIMEOUT_FEASIBLE;300.0055;0.0062;299.9937;0.0001;1423;2140;4285;428;0;0;120;428
4;CPLEX-CP-I;cplex-cp;cp-i;epsilon;0.05;instance_30_15_4_25;TIMEOUT_FEASIBLE;300.0027;0.0055;299.9921;0.0001;1015;1549;17715;391;0;0;120;391
4;CPLEX-CP-I;cplex-cp;cp-i;epsilon;0.05;instance_30_15_4_26;PARSE_ERROR;;;;;;;;;;;;;;
4;CPLEX-CP-I;cplex-cp;cp-i;epsilon;0.05;instance_30_15_4_27;TIMEOUT_FEASIBLE;300.0032;0.0068;299.9909;0.0001;1240;1895;23778;396;0;0;120;396
4;CPLEX-CP-I;cplex-cp;cp-i;epsilon;0.05;instance_30_15_4_28;PARSE_ERROR;;;;;;;;;;;;;;
4;CPLEX-CP-I;cplex-cp;cp-i;epsilon;0.05;instance_30_15_4_29;TIMEOUT_FEASIBLE;299.9934;0.0051;299.9834;0.0001;925;1407;16459;390;0;0;120;390
4;CPLEX-CP-I;cplex-cp;cp-i;epsilon;0.05;instance_30_15_4_3;TIMEOUT_FEASIBLE;299.9954;0.0068;299.9830;0.0001;1401;2126;7457;421;0;0;120;421
4;CPLEX-CP-I;cplex-cp;cp-i;epsilon;0.05;instance_30_15_4_30;TIMEOUT_FEASIBLE;300.0046;0.0068;299.9921;0.0001;1411;2129;21288;423;0;0;120;423
4;CPLEX-CP-I;cplex-cp;cp-i;epsilon;0.05;instance_30_15_4_31;TIMEOUT_FEASIBLE;300.0045;0.0066;299.9927;0.0001;1389;2057;195;401;0;0;120;401
4;CPLEX-CP-I;cplex-cp;cp-i;epsilon;0.05;instance_30_15_4_32;TIMEOUT_FEASIBLE;300.0036;0.0064;299.9919;0.0001;1246;1854;20090;371;0;0;120;371
4;CPLEX-CP-I;cplex-cp;cp-i;epsilon;0.05;instance_30_15_4_33;TIMEOUT_FEASIBLE;300.0042;0.0065;299.9921;0.0001;1359;2036;75122;418;0;0;120;418
4;CPLEX-CP-I;cplex-cp;cp-i;epsilon;0.05;instance_30_15_4_34;PARSE_ERROR;;;;;;;;;;;;;;
4;CPLEX-CP-I;cplex-cp;cp-i;epsilon;0.05;instance_30_15_4_35;PARSE_ERROR;;;;;;;;;;;;;;
4;CPLEX-CP-I;cplex-cp;cp-i;epsilon;0.05;instance_30_15_4_36;PARSE_ERROR;;;;;;;;;;;;;;
4;CPLEX-CP-I;cplex-cp;cp-i;epsilon;0.05;instance_30_15_4_37;TIMEOUT_FEASIBLE;300.0024;0.0065;299.9904;0.0001;1286;1980;42000;412;0;0;120;412
4;CPLEX-CP-I;cplex-cp;cp-i;epsilon;0.05;instance_30_15_4_38;TIMEOUT_FEASIBLE;300.0053;0.0066;299.9932;0.0001;1246;1906;109422;386;0;1;120;385
4;CPLEX-CP-I;cplex-cp;cp-i;epsilon;0.05;instance_30_15_4_39;TIMEOUT_FEASIBLE;299.9950;0.0068;299.9825;0.0001;1398;2093;7848;428;0;0;120;428
4;CPLEX-CP-I;cplex-cp;cp-i;epsilon;0.05;instance_30_15_4_4;PARSE_ERROR;;;;;;;;;;;;;;
4;CPLEX-CP-I;cplex-cp;cp-i;epsilon;0.05;instance_30_15_4_40;PARSE_ERROR;;;;;;;;;;;;;;
4;CPLEX-CP-I;cplex-cp;cp-i;epsilon;0.05;instance_30_15_4_41;PARSE_ERROR;;;;;;;;;;;;;;
4;CPLEX-CP-I;cplex-cp;cp-i;epsilon;0.05;instance_30_15_4_42;TIMEOUT_FEASIBLE;300.0087;0.0077;299.9948;0.0001;1445;2156;74131;421;0;0;120;421
4;CPLEX-CP-I;cplex-cp;cp-i;epsilon;0.05;instance_30_15_4_43;PARSE_ERROR;;;;;;;;;;;;;;
4;CPLEX-CP-I;cplex-cp;cp-i;epsilon;0.05;instance_30_15_4_44;PARSE_ERROR;;;;;;;;;;;;;;
4;CPLEX-CP-I;cplex-cp;cp-i;epsilon;0.05;instance_30_15_4_45;TIMEOUT_FEASIBLE;300.0073;0.0072;299.9945;0.0001;1447;2172;4457;407;0;0;120;407
4;CPLEX-CP-I;cplex-cp;cp-i;epsilon;0.05;instance_30_15_4_46;PARSE_ERROR;;;;;;;;;;;;;;
4;CPLEX-CP-I;cplex-cp;cp-i;epsilon;0.05;instance_30_15_4_47;TIMEOUT_FEASIBLE;300.0022;0.0067;299.9900;0.0001;1230;1894;3070644;414;2;0;120;412
4;CPLEX-CP-I;cplex-cp;cp-i;epsilon;0.05;instance_30_15_4_48;TIMEOUT_FEASIBLE;300.0047;0.0063;299.9932;0.0001;1250;1889;9869;416;0;1;120;415
4;CPLEX-CP-I;cplex-cp;cp-i;epsilon;0.05;instance_30_15_4_49;TIMEOUT_FEASIBLE;300.0040;0.0056;299.9936;0.0001;1242;1852;181;420;1;0;120;419
4;CPLEX-CP-I;cplex-cp;cp-i;epsilon;0.05;instance_30_15_4_5;TIMEOUT_FEASIBLE;299.9931;0.0060;299.9817;0.0001;1163;1743;19228;410;3;0;120;407
4;CPLEX-CP-I;cplex-cp;cp-i;epsilon;0.05;instance_30_15_4_50;TIMEOUT_FEASIBLE;300.0027;0.0054;299.9925;0.0001;1018;1538;4574;395;7;0;120;388
4;CPLEX-CP-I;cplex-cp;cp-i;epsilon;0.05;instance_30_15_4_6;TIMEOUT_FEASIBLE;300.0050;0.0056;299.9945;0.0001;1157;1769;153;424;0;0;120;424
4;CPLEX-CP-I;cplex-cp;cp-i;epsilon;0.05;instance_30_15_4_7;PARSE_ERROR;;;;;;;;;;;;;;
4;CPLEX-CP-I;cplex-cp;cp-i;epsilon;0.05;instance_30_15_4_8;INFEASIBLE;0.0015;0.0001;0.0000;0.0000;31;30;0;;;;;
4;CPLEX-CP-I;cplex-cp;cp-i;epsilon;0.05;instance_30_15_4_9;PARSE_ERROR;;;;;;;;;;;;;;
4;CPLEX-CP-I;cplex-cp;cp-i;epsilon;0.05;instance_40_25_5_1;TIMEOUT_FEASIBLE;300.0103;0.0178;299.9832;0.0001;2924;4256;371;744;0;0;200;744
4;CPLEX-CP-I;cplex-cp;cp-i;epsilon;0.05;instance_40_25_5_10;PARSE_ERROR;;;;;;;;;;;;;;
4;CPLEX-CP-I;cplex-cp;cp-i;epsilon;0.05;instance_40_25_5_11;TIMEOUT_FEASIBLE;300.0036;0.0192;299.9741;0.0002;3242;4737;410;745;0;0;200;745
4;CPLEX-CP-I;cplex-cp;cp-i;epsilon;0.05;instance_40_25_5_12;TIMEOUT_FEASIBLE;300.0096;0.0178;299.9813;0.0002;3081;4452;406;746;0;0;200;746
4;CPLEX-CP-I;cplex-cp;cp-i;epsilon;0.05;instance_40_25_5_13;TIMEOUT_FEASIBLE;300.0136;0.0179;299.9853;0.0002;3307;4840;383;748;0;2;200;746
4;CPLEX-CP-I;cplex-cp;cp-i;epsilon;0.05;instance_40_25_5_14;TIMEOUT_FEASIBLE;300.0130;0.0192;299.9824;0.0002;3615;5299;22692;743;0;0;200;743
4;CPLEX-CP-I;cplex-cp;cp-i;epsilon;0.05;instance_40_25_5_15;TIMEOUT_FEASIBLE;300.0003;0.0181;299.9721;0.0002;3045;4478;24084;686;0;1;200;685
4;CPLEX-CP-I;cplex-cp;cp-i;epsilon;0.05;instance_40_25_5_16;TIMEOUT_FEASIBLE;300.0164;0.0166;299.9899;0.0002;2949;4329;22977;728;2;0;200;726
4;CPLEX-CP-I;cplex-cp;cp-i;epsilon;0.05;instance_40_25_5_17;TIMEOUT_FEASIBLE;300.0083;0.0183;299.9796;0.0002;3083;4481;47556;718;0;0;200;718
4;CPLEX-CP-I;cplex-cp;cp-i;epsilon;0.05;instance_40_25_5_18;TIMEOUT_FEASIBLE;300.0019;0.0181;299.9733;0.0002;3222;4692;22490;747;0;0;200;747
4;CPLEX-CP-I;cplex-cp;cp-i;epsilon;0.05;instance_40_25_5_19;TIMEOUT_FEASIBLE;300.0019;0.0143;299.9791;0.0002;2449;3616;57243;708;1;1;200;706
4;CPLEX-CP-I;cplex-cp;cp-i;epsilon;0.05;instance_40_25_5_2;PARSE_ERROR;;;;;;;;;;;;;;
4;CPLEX-CP-I;cplex-cp;cp-i;epsilon;0.05;instance_40_25_5_20;TIMEOUT_FEASIBLE;300.0073;0.0177;299.9797;0.0002;3091;4401;28079;734;0;16;200;718
4;CPLEX-CP-I;cplex-cp;cp-i;epsilon;0.05;instance_40_25_5_21;TIMEOUT_FEASIBLE;300.0030;0.0176;299.9751;0.0002;3280;4778;12304;722;0;0;200;722
4;CPLEX-CP-I;cplex-cp;cp-i;epsilon;0.05;instance_40_25_5_22;TIMEOUT_FEASIBLE;300.0120;0.0155;299.9869;0.0002;2721;4000;85416;733;1;3;200;729
4;CPLEX-CP-I;cplex-cp;cp-i;epsilon;0.05;instance_40_25_5_23;PARSE_ERROR;;;;;;;;;;;;;;
4;CPLEX-CP-I;cplex-cp;cp-i;epsilon;0.05;instance_40_25_5_24;TIMEOUT_FEASIBLE;300.0049;0.0155;299.9802;0.0002;2599;3824;134641;715;1;0;200;714
4;CPLEX-CP-I;cplex-cp;cp-i;epsilon;0.05;instance_40_25_5_25;TIMEOUT_FEASIBLE;300.0045;0.0145;299.9818;0.0002;2636;3871;7146;731;2;0;200;729
4;CPLEX-CP-I;cplex-cp;cp-i;epsilon;0.05;instance_40_25_5_26;TIMEOUT_FEASIBLE;300.0037;0.0176;299.9758;0.0002;3262;4762;407;740;0;0;200;740
4;CPLEX-CP-I;cplex-cp;cp-i;epsilon;0.05;instance_40_25_5_27;TIMEOUT_FEASIBLE;300.0007;0.0145;299.9771;0.0002;2621;3848;110478;718;3;0;200;715
4;CPLEX-CP-I;cplex-cp;cp-i;epsilon;0.05;instance_40_25_5_28;TIMEOUT_FEASIBLE;300.0026;0.0111;299.9859;0.0001;3173;4676;2446334;752;44;0;200;708
4;CPLEX-CP-I;cplex-cp;cp-i;epsilon;0.05;instance_40_25_5_29;TIMEOUT_FEASIBLE;300.0130;0.0154;299.9889;0.0002;2759;4047;35273;721;3;3;200;715
4;CPLEX-CP-I;cplex-cp;cp-i;epsilon;0.05;instance_40_25_5_3;PARSE_ERROR;;;;;;;;;;;;;;
4;CPLEX-CP-I;cplex-cp;cp-i;epsilon;0.05;instance_40_25_5_30;TIMEOUT_FEASIBLE;300.0303;0.0189;300.0008;0.0002;3553;5143;466;734;0;0;200;734
4;CPLEX-CP-I;cplex-cp;cp-i;epsilon;0.05;instance_40_25_5_31;PARSE_ERROR;;;;;;;;;;;;;;
4;CPLEX-CP-I;cplex-cp;cp-i;epsilon;0.05;instance_40_25_5_32;TIMEOUT_FEASIBLE;300.0013;0.0164;299.9742;0.0002;3251;4793;70419;688;4;0;200;684
4;CPLEX-CP-I;cplex-cp;cp-i;epsilon;0.05;instance_40_25_5_33;PARSE_ERROR;;;;;;;;;;;;;;
4;CPLEX-CP-I;cplex-cp;cp-i;epsilon;0.05;instance_40_25_5_34;PARSE_ERROR;;;;;;;;;;;;;;
4;CPLEX-CP-I;cplex-cp;cp-i;epsilon;0.05;instance_40_25_5_35;PARSE_ERROR;;;;;;;;;;;;;;
4;CPLEX-CP-I;cplex-cp;cp-i;epsilon;0.05;instance_40_25_5_36;TIMEOUT_FEASIBLE;300.0008;0.0182;299.9714;0.0002;3286;4821;8317;751;0;0;200;751
4;CPLEX-CP-I;cplex-cp;cp-i;epsilon;0.05;instance_40_25_5_37;TIMEOUT_FEASIBLE;300.0115;0.0174;299.9841;0.0002;3151;4633;27964;718;0;0;200;718
4;CPLEX-CP-I;cplex-cp;cp-i;epsilon;0.05;instance_40_25_5_38;TIMEOUT_FEASIBLE;300.0112;0.0158;299.9857;0.0002;2820;4116;52885;707;0;0;200;707
4;CPLEX-CP-I;cplex-cp;cp-i;epsilon;0.05;instance_40_25_5_39;TIMEOUT_FEASIBLE;300.0120;0.0155;299.9873;0.0002;2563;3767;167023;712;1;4;200;707
4;CPLEX-CP-I;cplex-cp;cp-i;epsilon;0.05;instance_40_25_5_4;PARSE_ERROR;;;;;;;;;;;;;;
4;CPLEX-CP-I;cplex-cp;cp-i;epsilon;0.05;instance_40_25_5_40;TIMEOUT_FEASIBLE;300.0071;0.0178;299.9790;0.0002;3076;4533;11623;737;0;0;200;737
4;CPLEX-CP-I;cplex-cp;cp-i;epsilon;0.05;instance_40_25_5_41;TIMEOUT_FEASIBLE;300.0028;0.0183;299.9740;0.0002;3241;4682;422;733;0;1;200;732
4;CPLEX-CP-I;cplex-cp;cp-i;epsilon;0.05;instance_40_25_5_42;TIMEOUT_FEASIBLE;300.0010;0.0165;299.9753;0.0002;2735;4071;55069;710;0;1;200;709
4;CPLEX-CP-I;cplex-cp;cp-i;epsilon;0.05;instance_40_25_5_43;PARSE_ERROR;;;;;;;;;;;;;;
4;CPLEX-CP-I;cplex-cp;cp-i;epsilon;0.05;instance_40_25_5_44;TIMEOUT_FEASIBLE;300.0162;0.0199;299.9850;0.0002;3287;4819;32682;747;0;0;200;747
4;CPLEX-CP-I;cplex-cp;cp-i;epsilon;0.05;instance_40_25_5_45;TIMEOUT_FEASIBLE;300.0120;0.0184;299.9830;0.0002;3187;4693;24535;676;0;0;200;676
4;CPLEX-CP-I;cplex-cp;cp-i;epsilon;0.05;instance_40_25_5_46;INFEASIBLE;0.0027;0.0010;0.0000;0.0000;317;316;0;;;;;
4;CPLEX-CP-I;cplex-cp;cp-i;epsilon;0.05;instance_40_25_5_47;TIMEOUT_FEASIBLE;300.0071;0.0190;299.9777;0.0002;3472;5028;29082;746;0;0;200;746
4;CPLEX-CP-I;cplex-cp;cp-i;epsilon;0.05;instance_40_25_5_48;TIMEOUT_FEASIBLE;300.0125;0.0180;299.9837;0.0002;3247;4793;19739;732;0;2;200;730
4;CPLEX-CP-I;cplex-cp;cp-i;epsilon;0.05;instance_40_25_5_49;TIMEOUT_FEASIBLE;300.0022;0.0096;299.9873;0.0001;2951;4331;8775647;737;44;0;200;693
4;CPLEX-CP-I;cplex-cp;cp-i;epsilon;0.05;instance_40_25_5_5;TIMEOUT_FEASIBLE;300.0059;0.0168;299.9787;0.0002;3263;4745;13516;748;0;0;200;748
4;CPLEX-CP-I;cplex-cp;cp-i;epsilon;0.05;instance_40_25_5_50;TIMEOUT_FEASIBLE;300.0413;0.0179;300.0121;0.0002;3408;4851;20249;752;1;1;200;750
4;CPLEX-CP-I;cplex-cp;cp-i;epsilon;0.05;instance_40_25_5_6;PARSE_ERROR;;;;;;;;;;;;;;
4;CPLEX-CP-I;cplex-cp;cp-i;epsilon;0.05;instance_40_25_5_7;TIMEOUT_FEASIBLE;300.0132;0.0193;299.9830;0.0002;3454;4982;452;746;0;0;200;746
4;CPLEX-CP-I;cplex-cp;cp-i;epsilon;0.05;instance_40_25_5_8;TIMEOUT_FEASIBLE;300.0324;0.0160;300.0067;0.0001;3015;4436;385;734;0;0;200;734
4;CPLEX-CP-I;cplex-cp;cp-i;epsilon;0.05;instance_40_25_5_9;TIMEOUT_FEASIBLE;300.0028;0.0186;299.9729;0.0002;3326;4872;26093;742;0;0;200;742
1;GUROBI-MIP;gurobi-mip;mip-e;epsilon;0.10;instance_30_15_4_1;OPTIMUM;0.5989;0.0219;0.2034;0.0002;3371;3079;1;438;0;0;120;438
1;GUROBI-MIP;gurobi-mip;mip-e;epsilon;0.10;instance_30_15_4_10;OPTIMUM;0.1822;0.0192;0.1594;0.0002;2858;2791;1;410;0;0;120;410
1;GUROBI-MIP;gurobi-mip;mip-e;epsilon;0.10;instance_30_15_4_11;PARSE_ERROR;;;;;;;;;;;;;;
1;GUROBI-MIP;gurobi-mip;mip-e;epsilon;0.10;instance_30_15_4_12;PARSE_ERROR;;;;;;;;;;;;;;
1;GUROBI-MIP;gurobi-mip;mip-e;epsilon;0.10;instance_30_15_4_13;OPTIMUM;0.1764;0.0154;0.1578;0.0002;2204;2192;1;386;3;0;120;383
1;GUROBI-MIP;gurobi-mip;mip-e;epsilon;0.10;instance_30_15_4_14;OPTIMUM;0.2107;0.0202;0.1868;0.0002;3089;2948;1;389;0;0;120;389
1;GUROBI-MIP;gurobi-mip;mip-e;epsilon;0.10;instance_30_15_4_15;OPTIMUM;0.2484;0.0217;0.2229;0.0002;3341;3041;1;446;0;0;120;446
1;GUROBI-MIP;gurobi-mip;mip-e;epsilon;0.10;instance_30_15_4_16;OPTIMUM;0.1325;0.0161;0.1131;0.0002;2300;2344;1;398;0;0;120;398
1;GUROBI-MIP;gurobi-mip;mip-e;epsilon;0.10;instance_30_15_4_17;OPTIMUM;0.1705;0.0194;0.1474;0.0002;2875;2724;1;417;0;0;120;417
1;GUROBI-MIP;gurobi-mip;mip-e;epsilon;0.10;instance_30_15_4_18;OPTIMUM;0.2458;0.0246;0.2170;0.0002;3959;3386;1;448;0;0;120;448
1;GUROBI-MIP;gurobi-mip;mip-e;epsilon;0.10;instance_30_15_4_19;PARSE_ERROR;;;;;;;;;;;;;;
1;GUROBI-MIP;gurobi-mip;mip-e;epsilon;0.10;instance_30_15_4_2;OPTIMUM;0.1418;0.0153;0.1233;0.0002;2165;2208;1;369;0;0;120;369
1;GUROBI-MIP;gurobi-mip;mip-e;epsilon;0.10;instance_30_15_4_20;OPTIMUM;0.1534;0.0172;0.1327;0.0002;2444;2469;1;420;0;0;120;420
1;GUROBI-MIP;gurobi-mip;mip-e;epsilon;0.10;instance_30_15_4_21;INFEASIBLE;0.0073;0.0036;0.0019;0.0000;1837;1922;0;;;;;
1;GUROBI-MIP;gurobi-mip;mip-e;epsilon;0.10;instance_30_15_4_22;PARSE_ERROR;;;;;;;;;;;;;;
1;GUROBI-MIP;gurobi-mip;mip-e;epsilon;0.10;instance_30_15_4_23;PARSE_ERROR;;;;;;;;;;;;;;
1;GUROBI-MIP;gurobi-mip;mip-e;epsilon;0.10;instance_30_15_4_24;OPTIMUM;0.2304;0.0220;0.2045;0.0002;3343;3066;1;444;0;0;120;444
1;GUROBI-MIP;gurobi-mip;mip-e;epsilon;0.10;instance_30_15_4_25;OPTIMUM;0.1415;0.0158;0.1225;0.0002;2287;2294;1;402;0;0;120;402
1;GUROBI-MIP;gurobi-mip;mip-e;epsilon;0.10;instance_30_15_4_26;PARSE_ERROR;;;;;;;;;;;;;;
1;GUROBI-MIP;gurobi-mip;mip-e;epsilon;0.10;instance_30_15_4_27;OPTIMUM;0.1935;0.0197;0.1701;0.0002;2917;2741;1;407;0;0;120;407
1;GUROBI-MIP;gurobi-mip;mip-e;epsilon;0.10;instance_30_15_4_28;PARSE_ERROR;;;;;;;;;;;;;;
1;GUROBI-MIP;gurobi-mip;mip-e;epsilon;0.10;instance_30_15_4_29;OPTIMUM;0.1311;0.0150;0.1130;0.0002;2095;2159;1;399;0;0;120;399
1;GUROBI-MIP;gurobi-mip;mip-e;epsilon;0.10;instance_30_15_4_3;OPTIMUM;0.2199;0.0216;0.1944;0.0002;3366;3038;1;431;0;0;120;431
1;GUROBI-MIP;gurobi-mip;mip-e;epsilon;0.10;instance_30_15_4_30;OPTIMUM;0.2212;0.0213;0.1961;0.0002;3307;3074;1;435;0;0;120;435
1;GUROBI-MIP;gurobi-mip;mip-e;epsilon;0.10;instance_30_15_4_31;OPTIMUM;0.2243;0.0218;0.1985;0.0002;3331;3021;1;407;0;0;120;407
1;GUROBI-MIP;gurobi-mip;mip-e;epsilon;0.10;instance_30_15_4_32;OPTIMUM;0.2079;0.0204;0.1837;0.0002;3155;2791;1;382;0;0;120;382
1;GUROBI-MIP;gurobi-mip;mip-e;epsilon;0.10;instance_30_15_4_33;OPTIMUM;0.2134;0.0211;0.1886;0.0002;3223;2979;1;429;0;0;120;429
1;GUROBI-MIP;gurobi-mip;mip-e;epsilon;0.10;instance_30_15_4_34;PARSE_ERROR;;;;;;;;;;;;;;
1;GUROBI-MIP;gurobi-mip;mip-e;epsilon;0.10;instance_30_15_4_35;PARSE_ERROR;;;;;;;;;;;;;;
1;GUROBI-MIP;gurobi-mip;mip-e;epsilon;0.10;instance_30_15_4_36;PARSE_ERROR;;;;;;;;;;;;;;
1;GUROBI-MIP;gurobi-mip;mip-e;epsilon;0.10;instance_30_15_4_37;OPTIMUM;0.1765;0.0192;0.1536;0.0002;2865;2755;1;420;0;0;120;420
1;GUROBI-MIP;gurobi-mip;mip-e;epsilon;0.10;instance_30_15_4_38;OPTIMUM;0.1922;0.0192;0.1694;0.0002;2845;2745;1;402;0;0;120;402
1;GUROBI-MIP;gurobi-mip;mip-e;epsilon;0.10;instance_30_15_4_39;OPTIMUM;0.2273;0.0220;0.2013;0.0002;3288;3013;1;437;0;0;120;437
1;GUROBI-MIP;gurobi-mip;mip-e;epsilon;0.10;instance_30_15_4_4;PARSE_ERROR;;;;;;;;;;;;;;
1;GUROBI-MIP;gurobi-mip;mip-e;epsilon;0.10;instance_30_15_4_40;PARSE_ERROR;;;;;;;;;;;;;;
1;GUROBI-MIP;gurobi-mip;mip-e;epsilon;0.10;instance_30_15_4_41;PARSE_ERROR;;;;;;;;;;;;;;
1;GUROBI-MIP;gurobi-mip;mip-e;epsilon;0.10;instance_30_15_4_42;OPTIMUM;0.2642;0.0225;0.2376;0.0002;3363;3102;1;432;0;0;120;432
1;GUROBI-MIP;gurobi-mip;mip-e;epsilon;0.10;instance_30_15_4_43;PARSE_ERROR;;;;;;;;;;;;;;
1;GUROBI-MIP;gurobi-mip;mip-e;epsilon;0.10;instance_30_15_4_44;PARSE_ERROR;;;;;;;;;;;;;;
1;GUROBI-MIP;gurobi-mip;mip-e;epsilon;0.10;instance_30_15_4_45;OPTIMUM;0.2390;0.0228;0.2122;0.0002;3586;3190;1;416;0;0;120;416
1;GUROBI-MIP;gurobi-mip;mip-e;epsilon;0.10;instance_30_15_4_46;PARSE_ERROR;;;;;;;;;;;;;;
1;GUROBI-MIP;gurobi-mip;mip-e;epsilon;0.10;instance_30_15_4_47;OPTIMUM;0.2015;0.0193;0.1785;0.0002;2811;2697;1;418;1;0;120;417
1;GUROBI-MIP;gurobi-mip;mip-e;epsilon;0.10;instance_30_15_4_48;OPTIMUM;0.1823;0.0196;0.1592;0.0002;2913;2779;1;430;0;0;120;430
1;GUROBI-MIP;gurobi-mip;mip-e;epsilon;0.10;instance_30_15_4_49;OPTIMUM;0.2049;0.0191;0.1821;0.0002;2912;2738;1;421;0;0;120;421
1;GUROBI-MIP;gurobi-mip;mip-e;epsilon;0.10;instance_30_15_4_5;OPTIMUM;0.1893;0.0183;0.1674;0.0002;2772;2611;1;401;1;0;120;400
1;GUROBI-MIP;gurobi-mip;mip-e;epsilon;0.10;instance_30_15_4_50;OPTIMUM;0.1478;0.0161;0.1285;0.0002;2294;2254;1;403;7;0;120;396
1;GUROBI-MIP;gurobi-mip;mip-e;epsilon;0.10;instance_30_15_4_6;OPTIMUM;0.1795;0.0182;0.1578;0.0002;2621;2606;1;436;0;0;120;436
1;GUROBI-MIP;gurobi-mip;mip-e;epsilon;0.10;instance_30_15_4_7;PARSE_ERROR;;;;;;;;;;;;;;
1;GUROBI-MIP;gurobi-mip;mip-e;epsilon;0.10;instance_30_15_4_8;INFEASIBLE;0.0095;0.0056;0.0021;0.0000;3104;2911;0;;;;;
1;GUROBI-MIP;gurobi-mip;mip-e;epsilon;0.10;instance_30_15_4_9;PARSE_ERROR;;;;;;;;;;;;;;
1;GUROBI-MIP;gurobi-mip;mip-e;epsilon;0.10;instance_40_25_5_1;OPTIMUM;0.6161;0.0494;0.5590;0.0004;7806;6177;1;777;0;0;200;777
1;GUROBI-MIP;gurobi-mip;mip-e;epsilon;0.10;instance_40_25_5_10;PARSE_ERROR;;;;;;;;;;;;;;
1;GUROBI-MIP;gurobi-mip;mip-e;epsilon;0.10;instance_40_25_5_11;OPTIMUM;0.7052;0.0544;0.6427;0.0005;8366;6741;1;783;0;0;200;783
1;GUROBI-MIP;gurobi-mip;mip-e;epsilon;0.10;instance_40_25_5_12;OPTIMUM;0.6185;0.0516;0.5594;0.0004;7935;6437;1;778;0;0;200;778
1;GUROBI-MIP;gurobi-mip;mip-e;epsilon;0.10;instance_40_25_5_13;OPTIMUM;0.6406;0.0531;0.5795;0.0004;8187;6772;1;783;0;0;200;783
1;GUROBI-MIP;gurobi-mip;mip-e;epsilon;0.10;instance_40_25_5_14;OPTIMUM;0.7080;0.0575;0.6425;0.0005;9031;7290;1;781;0;0;200;781
1;GUROBI-MIP;gurobi-mip;mip-e;epsilon;0.10;instance_40_25_5_15;OPTIMUM;0.6666;0.0508;0.6085;0.0004;7991;6437;1;710;0;0;200;710
1;GUROBI-MIP;gurobi-mip;mip-e;epsilon;0.10;instance_40_25_5_16;OPTIMUM;0.5683;0.0472;0.5143;0.0004;7425;6080;1;753;1;0;200;752
1;GUROBI-MIP;gurobi-mip;mip-e;epsilon;0.10;instance_40_25_5_17;OPTIMUM;0.6336;0.0509;0.5745;0.0004;7867;6418;1;741;0;0;200;741
1;GUROBI-MIP;gurobi-mip;mip-e;epsilon;0.10;instance_40_25_5_18;OPTIMUM;0.5922;0.0529;0.5318;0.0005;8262;6693;1;782;0;0;200;782
1;GUROBI-MIP;gurobi-mip;mip-e;epsilon;0.10;instance_40_25_5_19;OPTIMUM;0.5149;0.0407;0.4681;0.0004;5910;5212;1;713;0;0;200;713
1;GUROBI-MIP;gurobi-mip;mip-e;epsilon;0.10;instance_40_25_5_2;PARSE_ERROR;;;;;;;;;;;;;;
1;GUROBI-MIP;gurobi-mip;mip-e;epsilon;0.10;instance_40_25_5_20;OPTIMUM;0.7324;0.0524;0.6719;0.0004;8180;6439;1;759;0;0;200;759
1;GUROBI-MIP;gurobi-mip;mip-e;epsilon;0.10;instance_40_25_5_21;OPTIMUM;0.7259;0.0540;0.6638;0.0004;8490;6813;1;755;0;0;200;755
1;GUROBI-MIP;gurobi-mip;mip-e;epsilon;0.10;instance_40_25_5_22;OPTIMUM;0.5518;0.0438;0.5017;0.0004;6757;5793;1;752;0;0;200;752
1;GUROBI-MIP;gurobi-mip;mip-e;epsilon;0.10;instance_40_25_5_23;PARSE_ERROR;;;;;;;;;;;;;;
1;GUROBI-MIP;gurobi-mip;mip-e;epsilon;0.10;instance_40_25_5_24;OPTIMUM;0.4895;0.0426;0.4408;0.0004;6415;5517;1;724;0;0;200;724
1;GUROBI-MIP;gurobi-mip;mip-e;epsilon;0.10;instance_40_25_5_25;OPTIMUM;0.4727;0.0426;0.4241;0.0004;6367;5530;1;734;0;0;200;734
1;GUROBI-MIP;gurobi-mip;mip-e;epsilon;0.10;instance_40_25_5_26;OPTIMUM;0.6599;0.0540;0.5981;0.0004;8367;6757;1;775;0;0;200;775
1;GUROBI-MIP;gurobi-mip;mip-e;epsilon;0.10;instance_40_25_5_27;OPTIMUM;0.5555;0.0432;0.5059;0.0004;6288;5519;1;711;0;0;200;711
1;GUROBI-MIP;gurobi-mip;mip-e;epsilon;0.10;instance_40_25_5_28;OPTIMUM;0.6642;0.0511;0.6054;0.0004;7869;6569;1;715;0;0;200;715
1;GUROBI-MIP;gurobi-mip;mip-e;epsilon;0.10;instance_40_25_5_29;OPTIMUM;0.6479;0.0443;0.5976;0.0003;6686;5707;1;716;1;0;200;715
1;GUROBI-MIP;gurobi-mip;mip-e;epsilon;0.10;instance_40_25_5_3;PARSE_ERROR;;;;;;;;;;;;;;
1;GUROBI-MIP;gurobi-mip;mip-e;epsilon;0.10;instance_40_25_5_30;OPTIMUM;0.8130;0.0574;0.7472;0.0005;9104;7202;1;761;0;0;200;761
1;GUROBI-MIP;gurobi-mip;mip-e;epsilon;0.10;instance_40_25_5_31;PARSE_ERROR;;;;;;;;;;;;;;
1;GUROBI-MIP;gurobi-mip;mip-e;epsilon;0.10;instance_40_25_5_32;OPTIMUM;0.6001;0.0516;0.5411;0.0004;7826;6652;1;672;0;0;200;672
1;GUROBI-MIP;gurobi-mip;mip-e;epsilon;0.10;instance_40_25_5_33;PARSE_ERROR;;;;;;;;;;;;;;
1;GUROBI-MIP;gurobi-mip;mip-e;epsilon;0.10;instance_40_25_5_34;PARSE_ERROR;;;;;;;;;;;;;;
1;GUROBI-MIP;gurobi-mip;mip-e;epsilon;0.10;instance_40_25_5_35;PARSE_ERROR;;;;;;;;;;;;;;
1;GUROBI-MIP;gurobi-mip;mip-e;epsilon;0.10;instance_40_25_5_36;OPTIMUM;0.5968;0.0543;0.5347;0.0004;8531;6890;1;788;0;0;200;788
1;GUROBI-MIP;gurobi-mip;mip-e;epsilon;0.10;instance_40_25_5_37;OPTIMUM;0.5963;0.0509;0.5381;0.0004;7699;6496;1;747;0;0;200;747
1;GUROBI-MIP;gurobi-mip;mip-e;epsilon;0.10;instance_40_25_5_38;OPTIMUM;0.5336;0.0447;0.4824;0.0004;6726;5915;1;735;0;0;200;735
1;GUROBI-MIP;gurobi-mip;mip-e;epsilon;0.10;instance_40_25_5_39;OPTIMUM;0.7776;0.0429;0.7281;0.0004;6492;5387;1;720;0;0;200;720
1;GUROBI-MIP;gurobi-mip;mip-e;epsilon;0.10;instance_40_25_5_4;PARSE_ERROR;;;;;;;;;;;;;;
1;GUROBI-MIP;gurobi-mip;mip-e;epsilon;0.10;instance_40_25_5_40;OPTIMUM;0.6544;0.0500;0.5968;0.0005;7792;6455;1;766;0;0;200;766
1;GUROBI-MIP;gurobi-mip;mip-e;epsilon;0.10;instance_40_25_5_41;OPTIMUM;0.6789;0.0542;0.6166;0.0005;8669;6835;1;759;0;0;200;759
1;GUROBI-MIP;gurobi-mip;mip-e;epsilon;0.10;instance_40_25_5_42;OPTIMUM;0.5224;0.0455;0.4699;0.0004;6886;5873;1;729;0;0;200;729
1;GUROBI-MIP;gurobi-mip;mip-e;epsilon;0.10;instance_40_25_5_43;PARSE_ERROR;;;;;;;;;;;;;;
1;GUROBI-MIP;gurobi-mip;mip-e;epsilon;0.10;instance_40_25_5_44;OPTIMUM;0.6274;0.0537;0.5659;0.0004;8468;6856;1;780;0;0;200;780
1;GUROBI-MIP;gurobi-mip;mip-e;epsilon;0.10;instance_40_25_5_45;OPTIMUM;0.5618;0.0512;0.5030;0.0004;7993;6603;1;701;0;0;200;701
1;GUROBI-MIP;gurobi-mip;mip-e;epsilon;0.10;instance_40_25_5_46;INFEASIBLE;0.0223;0.0144;0.0052;0.0000;8709;6987;0;;;;;
1;GUROBI-MIP;gurobi-mip;mip-e;epsilon;0.10;instance_40_25_5_47;OPTIMUM;0.7681;0.0571;0.7024;0.0005;9002;7177;1;780;0;0;200;780
1;GUROBI-MIP;gurobi-mip;mip-e;epsilon;0.10;instance_40_25_5_48;OPTIMUM;0.6587;0.0533;0.5974;0.0004;8403;6784;1;766;0;0;200;766
1;GUROBI-MIP;gurobi-mip;mip-e;epsilon;0.10;instance_40_25_5_49;OPTIMUM;0.8262;0.0469;0.7729;0.0004;7358;6129;1;693;0;0;200;693
1;GUROBI-MIP;gurobi-mip;mip-e;epsilon;0.10;instance_40_25_5_5;OPTIMUM;0.6320;0.0527;0.5721;0.0004;8268;6681;1;772;0;0;200;772
1;GUROBI-MIP;gurobi-mip;mip-e;epsilon;0.10;instance_40_25_5_50;OPTIMUM;0.9026;0.0566;0.8373;0.0005;9009;7033;1;768;0;0;200;768
1;GUROBI-MIP;gurobi-mip;mip-e;epsilon;0.10;instance_40_25_5_6;PARSE_ERROR;;;;;;;;;;;;;;
1;GUROBI-MIP;gurobi-mip;mip-e;epsilon;0.10;instance_40_25_5_7;OPTIMUM;0.7530;0.0573;0.6866;0.0005;9134;7208;1;782;0;0;200;782
1;GUROBI-MIP;gurobi-mip;mip-e;epsilon;0.10;instance_40_25_5_8;OPTIMUM;0.6046;0.0496;0.5478;0.0004;7559;6317;1;763;0;0;200;763
1;GUROBI-MIP;gurobi-mip;mip-e;epsilon;0.10;instance_40_25_5_9;OPTIMUM;0.6890;0.0550;0.6257;0.0005;8465;6891;1;772;0;0;200;772
2;CPLEX-MIP;cplex-mip;mip-e;epsilon;0.10;instance_30_15_4_1;OPTIMUM;0.3698;0.0216;0.3445;0.0002;3371;3079;0;438;0;0;120;438
2;CPLEX-MIP;cplex-mip;mip-e;epsilon;0.10;instance_30_15_4_10;OPTIMUM;0.2966;0.0198;0.2735;0.0002;2858;2791;0;410;0;0;120;410
2;CPLEX-MIP;cplex-mip;mip-e;epsilon;0.10;instance_30_15_4_11;PARSE_ERROR;;;;;;;;;;;;;;
2;CPLEX-MIP;cplex-mip;mip-e;epsilon;0.10;instance_30_15_4_12;PARSE_ERROR;;;;;;;;;;;;;;
2;CPLEX-MIP;cplex-mip;mip-e;epsilon;0.10;instance_30_15_4_13;OPTIMUM;0.2913;0.0153;0.2733;0.0002;2204;2192;0;386;3;0;120;383
2;CPLEX-MIP;cplex-mip;mip-e;epsilon;0.10;instance_30_15_4_14;OPTIMUM;0.4133;0.0205;0.3894;0.0002;3089;2948;0;389;0;0;120;389
2;CPLEX-MIP;cplex-mip;mip-e;epsilon;0.10;instance_30_15_4_15;OPTIMUM;0.3839;0.0215;0.3589;0.0002;3341;3041;0;446;0;0;120;446
2;CPLEX-MIP;cplex-mip;mip-e;epsilon;0.10;instance_30_15_4_16;OPTIMUM;0.2345;0.0158;0.2159;0.0002;2300;2344;0;398;0;0;120;398
2;CPLEX-MIP;cplex-mip;mip-e;epsilon;0.10;instance_30_15_4_17;OPTIMUM;0.2430;0.0191;0.2206;0.0002;2875;2724;0;417;0;0;120;417
2;CPLEX-MIP;cplex-mip;mip-e;epsilon;0.10;instance_30_15_4_18;OPTIMUM;0.4485;0.0241;0.4203;0.0003;3959;3386;0;448;0;0;120;448
2;CPLEX-MIP;cplex-mip;mip-e;epsilon;0.10;instance_30_15_4_19;PARSE_ERROR;;;;;;;;;;;;;;
2;CPLEX-MIP;cplex-mip;mip-e;epsilon;0.10;instance_30_15_4_2;OPTIMUM;0.2310;0.0148;0.2137;0.0002;2165;2208;0;369;0;0;120;369
2;CPLEX-MIP;cplex-mip;mip-e;epsilon;0.10;instance_30_15_4_20;OPTIMUM;0.2576;0.0164;0.2384;0.0002;2444;2469;0;420;0;0;120;420
2;CPLEX-MIP;cplex-mip;mip-e;epsilon;0.10;instance_30_15_4_21;INFEASIBLE;0.0058;0.0043;0.0006;0.0000;1837;1922;0;;;;;
2;CPLEX-MIP;cplex-mip;mip-e;epsilon;0.10;instance_30_15_4_22;PARSE_ERROR;;;;;;;;;;;;;;
2;CPLEX-MIP;cplex-mip;mip-e;epsilon;0.10;instance_30_15_4_23;PARSE_ERROR;;;;;;;;;;;;;;
2;CPLEX-MIP;cplex-mip;mip-e;epsilon;0.10;instance_30_15_4_24;OPTIMUM;0.3305;0.0217;0.3053;0.0002;3343;3066;0;444;0;0;120;444
2;CPLEX-MIP;cplex-mip;mip-e;epsilon;0.10;instance_30_15_4_25;OPTIMUM;0.2062;0.0157;0.1877;0.0002;2287;2294;0;402;0;0;120;402
2;CPLEX-MIP;cplex-mip;mip-e;epsilon;0.10;instance_30_15_4_26;PARSE_ERROR;;;;;;;;;;;;;;
2;CPLEX-MIP;cplex-mip;mip-e;epsilon;0.10;instance_30_15_4_27;OPTIMUM;0.2787;0.0189;0.2568;0.0002;2917;2741;0;407;0;0;120;407
2;CPLEX-MIP;cplex-mip;mip-e;epsilon;0.10;instance_30_15_4_28;PARSE_ERROR;;;;;;;;;;;;;;
2;CPLEX-MIP;cplex-mip;mip-e;epsilon;0.10;instance_30_15_4_29;OPTIMUM;0.2162;0.0146;0.1991;0.0002;2095;2159;0;399;0;0;120;399
2;CPLEX-MIP;cplex-mip;mip-e;epsilon;0.10;instance_30_15_4_3;OPTIMUM;0.3895;0.0212;0.3646;0.0002;3366;3038;0;431;0;0;120;431
2;CPLEX-MIP;cplex-mip;mip-e;epsilon;0.10;instance_30_15_4_30;OPTIMUM;0.3950;0.0218;0.3694;0.0002;3307;3074;0;435;0;0;120;435
2;CPLEX-MIP;cplex-mip;mip-e;epsilon;0.10;instance_30_15_4_31;OPTIMUM;0.4037;0.0208;0.3793;0.0002;3331;3021;0;407;0;0;120;407
2;CPLEX-MIP;cplex-mip;mip-e;epsilon;0.10;instance_30_15_4_32;OPTIMUM;0.4459;0.0203;0.4222;0.0002;3155;2791;0;382;0;0;120;382
2;CPLEX-MIP;cplex-mip;mip-e;epsilon;0.10;instance_30_15_4_33;OPTIMUM;0.3018;0.0207;0.2775;0.0002;3223;2979;0;429;0;0;120;429
2;CPLEX-MIP;cplex-mip;mip-e;epsilon;0.10;instance_30_15_4_34;PARSE_ERROR;;;;;;;;;;;;;;
2;CPLEX-MIP;cplex-mip;mip-e;epsilon;0.10;instance_30_15_4_35;PARSE_ERROR;;;;;;;;;;;;;;
2;CPLEX-MIP;cplex-mip;mip-e;epsilon;0.10;instance_30_15_4_36;PARSE_ERROR;;;;;;;;;;;;;;
2;CPLEX-MIP;cplex-mip;mip-e;epsilon;0.10;instance_30_15_4_37;OPTIMUM;0.3323;0.0190;0.3101;0.0002;2865;2755;0;420;0;0;120;420
2;CPLEX-MIP;cplex-mip;mip-e;epsilon;0.10;instance_30_15_4_38;OPTIMUM;0.3580;0.0189;0.3358;0.0002;2845;2745;0;402;0;0;120;402
2;CPLEX-MIP;cplex-mip;mip-e;epsilon;0.10;instance_30_15_4_39;OPTIMUM;0.4040;0.0208;0.3797;0.0002;3288;3013;0;437;0;0;120;437
2;CPLEX-MIP;cplex-mip;mip-e;epsilon;0.10;instance_30_15_4_4;PARSE_ERROR;;;;;;;;;;;;;;
2;CPLEX-MIP;cplex-mip;mip-e;epsilon;0.10;instance_30_15_4_40;PARSE_ERROR;;;;;;;;;;;;;;
2;CPLEX-MIP;cplex-mip;mip-e;epsilon;0.10;instance_30_15_4_41;PARSE_ERROR;;;;;;;;;;;;;;
2;CPLEX-MIP;cplex-mip;mip-e;epsilon;0.10;instance_30_15_4_42;OPTIMUM;0.3624;0.0217;0.3370;0.0002;3363;3102;0;432;0;0;120;432
2;CPLEX-MIP;cplex-mip;mip-e;epsilon;0.10;instance_30_15_4_43;PARSE_ERROR;;;;;;;;;;;;;;
2;CPLEX-MIP;cplex-mip;mip-e;epsilon;0.10;instance_30_15_4_44;PARSE_ERROR;;;;;;;;;;;;;;
2;CPLEX-MIP;cplex-mip;mip-e;epsilon;0.10;instance_30_15_4_45;OPTIMUM;0.4026;0.0228;0.3761;0.0002;3586;3190;0;416;0;0;120;416
2;CPLEX-MIP;cplex-mip;mip-e;epsilon;0.10;instance_30_15_4_46;PARSE_ERROR;;;;;;;;;;;;;;
2;CPLEX-MIP;cplex-mip;mip-e;epsilon;0.10;instance_30_15_4_47;OPTIMUM;0.2631;0.0187;0.2413;0.0002;2811;2697;0;418;1;0;120;417
2;CPLEX-MIP;cplex-mip;mip-e;epsilon;0.10;instance_30_15_4_48;OPTIMUM;0.2782;0.0194;0.2553;0.0002;2913;2779;0;430;0;0;120;430
2;CPLEX-MIP;cplex-mip;mip-e;epsilon;0.10;instance_30_15_4_49;OPTIMUM;0.3626;0.0190;0.3402;0.0002;2912;2738;0;421;0;0;120;421
2;CPLEX-MIP;cplex-mip;mip-e;epsilon;0.10;instance_30_15_4_5;OPTIMUM;0.2890;0.0180;0.2681;0.0002;2772;2611;0;401;1;0;120;400
2;CPLEX-MIP;cplex-mip;mip-e;epsilon;0.10;instance_30_15_4_50;OPTIMUM;0.2830;0.0160;0.2640;0.0002;2294;2254;0;403;7;0;120;396
2;CPLEX-MIP;cplex-mip;mip-e;epsilon;0.10;instance_30_15_4_6;OPTIMUM;0.2795;0.0179;0.2585;0.0002;2621;2606;0;436;0;0;120;436
2;CPLEX-MIP;cplex-mip;mip-e;epsilon;0.10;instance_30_15_4_7;PARSE_ERROR;;;;;;;;;;;;;;
2;CPLEX-MIP;cplex-mip;mip-e;epsilon;0.10;instance_30_15_4_8;INFEASIBLE;0.0079;0.0062;0.0008;0.0000;3104;2911;0;;;;;
2;CPLEX-MIP;cplex-mip;mip-e;epsilon;0.10;instance_30_15_4_9;PARSE_ERROR;;;;;;;;;;;;;;
2;CPLEX-MIP;cplex-mip;mip-e;epsilon;0.10;instance_40_25_5_1;OPTIMUM;1.1997;0.0483;1.1412;0.0004;7806;6177;0;777;0;0;200;777
2;CPLEX-MIP;cplex-mip;mip-e;epsilon;0.10;instance_40_25_5_10;PARSE_ERROR;;;;;;;;;;;;;;
2;CPLEX-MIP;cplex-mip;mip-e;epsilon;0.10;instance_40_25_5_11;OPTIMUM;1.1781;0.0524;1.1148;0.0005;8366;6741;0;783;0;0;200;783
2;CPLEX-MIP;cplex-mip;mip-e;epsilon;0.10;instance_40_25_5_12;OPTIMUM;1.0366;0.0507;0.9757;0.0005;7935;6437;0;778;0;0;200;778
2;CPLEX-MIP;cplex-mip;mip-e;epsilon;0.10;instance_40_25_5_13;OPTIMUM;1.1366;0.0514;1.0752;0.0005;8187;6772;0;783;0;0;200;783
2;CPLEX-MIP;cplex-mip;mip-e;epsilon;0.10;instance_40_25_5_14;OPTIMUM;0.9683;0.0571;0.9008;0.0005;9031;7290;0;781;0;0;200;781
2;CPLEX-MIP;cplex-mip;mip-e;epsilon;0.10;instance_40_25_5_15;OPTIMUM;1.4387;0.0486;1.3798;0.0004;7991;6437;0;710;0;0;200;710
2;CPLEX-MIP;cplex-mip;mip-e;epsilon;0.10;instance_40_25_5_16;OPTIMUM;1.3653;0.0482;1.3072;0.0006;7425;6080;0;753;1;0;200;752
2;CPLEX-MIP;cplex-mip;mip-e;epsilon;0.10;instance_40_25_5_17;OPTIMUM;1.1569;0.0503;1.0960;0.0005;7867;6418;0;741;0;0;200;741
2;CPLEX-MIP;cplex-mip;mip-e;epsilon;0.10;instance_40_25_5_18;OPTIMUM;1.2897;0.0537;1.2253;0.0005;8262;6693;0;782;0;0;200;782
2;CPLEX-MIP;cplex-mip;mip-e;epsilon;0.10;instance_40_25_5_19;OPTIMUM;0.9728;0.0385;0.9269;0.0004;5910;5212;0;713;0;0;200;713
2;CPLEX-MIP;cplex-mip;mip-e;epsilon;0.10;instance_40_25_5_2;PARSE_ERROR;;;;;;;;;;;;;;
2;CPLEX-MIP;cplex-mip;mip-e;epsilon;0.10;instance_40_25_5_20;OPTIMUM;1.9350;0.0501;1.8740;0.0004;8180;6439;0;759;0;0;200;759
2;CPLEX-MIP;cplex-mip;mip-e;epsilon;0.10;instance_40_25_5_21;OPTIMUM;1.4845;0.0547;1.4182;0.0005;8490;6813;0;755;0;0;200;755
2;CPLEX-MIP;cplex-mip;mip-e;epsilon;0.10;instance_40_25_5_22;OPTIMUM;1.1923;0.0447;1.1385;0.0004;6757;5793;0;752;0;0;200;752
2;CPLEX-MIP;cplex-mip;mip-e;epsilon;0.10;instance_40_25_5_23;PARSE_ERROR;;;;;;;;;;;;;;
2;CPLEX-MIP;cplex-mip;mip-e;epsilon;0.10;instance_40_25_5_24;OPTIMUM;1.0005;0.0408;0.9512;0.0004;6415;5517;0;724;0;0;200;724
2;CPLEX-MIP;cplex-mip;mip-e;epsilon;0.10;instance_40_25_5_25;OPTIMUM;0.9786;0.0405;0.9304;0.0004;6367;5530;0;734;0;0;200;734
2;CPLEX-MIP;cplex-mip;mip-e;epsilon;0.10;instance_40_25_5_26;OPTIMUM;1.1047;0.0534;1.0406;0.0005;8367;6757;0;775;0;0;200;775
2;CPLEX-MIP;cplex-mip;mip-e;epsilon;0.10;instance_40_25_5_27;OPTIMUM;1.1179;0.0427;1.0663;0.0004;6288;5519;0;711;0;0;200;711
2;CPLEX-MIP;cplex-mip;mip-e;epsilon;0.10;instance_40_25_5_28;OPTIMUM;1.3207;0.0496;1.2607;0.0005;7869;6569;0;715;0;0;200;715
2;CPLEX-MIP;cplex-mip;mip-e;epsilon;0.10;instance_40_25_5_29;OPTIMUM;1.3599;0.0451;1.3058;0.0004;6686;5707;0;716;1;0;200;715
2;CPLEX-MIP;cplex-mip;mip-e;epsilon;0.10;instance_40_25_5_3;PARSE_ERROR;;;;;;;;;;;;;;
2;CPLEX-MIP;cplex-mip;mip-e;epsilon;0.10;instance_40_25_5_30;OPTIMUM;1.4549;0.0563;1.3865;0.0005;9104;7202;0;761;0;0;200;761
2;CPLEX-MIP;cplex-mip;mip-e;epsilon;0.10;instance_40_25_5_31;PARSE_ERROR;;;;;;;;;;;;;;
2;CPLEX-MIP;cplex-mip;mip-e;epsilon;0.10;instance_40_25_5_32;OPTIMUM;1.1589;0.0515;1.0974;0.0005;7826;6652;0;672;0;0;200;672
2;CPLEX-MIP;cplex-mip;mip-e;epsilon;0.10;instance_40_25_5_33;PARSE_ERROR;;;;;;;;;;;;;;
2;CPLEX-MIP;cplex-mip;mip-e;epsilon;0.10;instance_40_25_5_34;PARSE_ERROR;;;;;;;;;;;;;;
2;CPLEX-MIP;cplex-mip;mip-e;epsilon;0.10;instance_40_25_5_35;PARSE_ERROR;;;;;;;;;;;;;;
2;CPLEX-MIP;cplex-mip;mip-e;epsilon;0.10;instance_40_25_5_36;OPTIMUM;1.1942;0.0536;1.1299;0.0005;8531;6890;0;788;0;0;200;788
2;CPLEX-MIP;cplex-mip;mip-e;epsilon;0.10;instance_40_25_5_37;OPTIMUM;1.3546;0.0498;1.2944;0.0005;7699;6496;0;747;0;0;200;747
2;CPLEX-MIP;cplex-mip;mip-e;epsilon;0.10;instance_40_25_5_38;OPTIMUM;1.0068;0.0434;0.9549;0.0004;6726;5915;0;735;0;0;200;735
2;CPLEX-MIP;cplex-mip;mip-e;epsilon;0.10;instance_40_25_5_39;OPTIMUM;1.2073;0.0417;1.1568;0.0004;6492;5387;0;720;0;0;200;720
2;CPLEX-MIP;cplex-mip;mip-e;epsilon;0.10;instance_40_25_5_4;PARSE_ERROR;;;;;;;;;;;;;;
2;CPLEX-MIP;cplex-mip;mip-e;epsilon;0.10;instance_40_25_5_40;OPTIMUM;0.9484;0.0484;0.8901;0.0005;7792;6455;0;766;0;0;200;766
2;CPLEX-MIP;cplex-mip;mip-e;epsilon;0.10;instance_40_25_5_41;OPTIMUM;1.4725;0.0549;1.4056;0.0005;8669;6835;0;759;0;0;200;759
2;CPLEX-MIP;cplex-mip;mip-e;epsilon;0.10;instance_40_25_5_42;OPTIMUM;0.8918;0.0435;0.8389;0.0004;6886;5873;0;729;0;0;200;729
2;CPLEX-MIP;cplex-mip;mip-e;epsilon;0.10;instance_40_25_5_43;PARSE_ERROR;;;;;;;;;;;;;;
2;CPLEX-MIP;cplex-mip;mip-e;epsilon;0.10;instance_40_25_5_44;OPTIMUM;1.2043;0.0527;1.1400;0.0005;8468;6856;0;780;0;0;200;780
2;CPLEX-MIP;cplex-mip;mip-e;epsilon;0.10;instance_40_25_5_45;OPTIMUM;1.3501;0.0523;1.2874;0.0005;7993;6603;0;701;0;0;200;701
2;CPLEX-MIP;cplex-mip;mip-e;epsilon;0.10;instance_40_25_5_46;INFEASIBLE;0.0207;0.0170;0.0020;0.0000;8709;6987;0;;;;;
2;CPLEX-MIP;cplex-mip;mip-e;epsilon;0.10;instance_40_25_5_47;OPTIMUM;1.3145;0.0567;1.2460;0.0006;9002;7177;0;780;0;0;200;780
2;CPLEX-MIP;cplex-mip;mip-e;epsilon;0.10;instance_40_25_5_48;OPTIMUM;1.0988;0.0538;1.0345;0.0005;8403;6784;0;766;0;0;200;766
2;CPLEX-MIP;cplex-mip;mip-e;epsilon;0.10;instance_40_25_5_49;OPTIMUM;1.3595;0.0477;1.3016;0.0005;7358;6129;0;693;0;0;200;693
2;CPLEX-MIP;cplex-mip;mip-e;epsilon;0.10;instance_40_25_5_5;OPTIMUM;1.1834;0.0519;1.1211;0.0005;8268;6681;0;772;0;0;200;772
2;CPLEX-MIP;cplex-mip;mip-e;epsilon;0.10;instance_40_25_5_50;OPTIMUM;1.4151;0.0564;1.3473;0.0005;9009;7033;0;768;0;0;200;768
2;CPLEX-MIP;cplex-mip;mip-e;epsilon;0.10;instance_40_25_5_6;PARSE_ERROR;;;;;;;;;;;;;;
2;CPLEX-MIP;cplex-mip;mip-e;epsilon;0.10;instance_40_25_5_7;OPTIMUM;1.3789;0.0565;1.3106;0.0005;9134;7208;0;782;0;0;200;782
2;CPLEX-MIP;cplex-mip;mip-e;epsilon;0.10;instance_40_25_5_8;OPTIMUM;1.0734;0.0478;1.0161;0.0004;7559;6317;0;763;0;0;200;763
2;CPLEX-MIP;cplex-mip;mip-e;epsilon;0.10;instance_40_25_5_9;OPTIMUM;1.0714;0.0542;1.0066;0.0005;8465;6891;0;772;0;0;200;772
3;CPLEX-CP-T;cplex-cp;cp-t;epsilon;0.10;instance_30_15_4_1;TIMEOUT_FEASIBLE;300.0033;0.0041;299.9934;0.0001;2114;2952;749;406;0;0;120;406
3;CPLEX-CP-T;cplex-cp;cp-t;epsilon;0.10;instance_30_15_4_10;TIMEOUT_FEASIBLE;299.9961;0.0039;299.9860;0.0001;2110;2944;701;386;0;0;120;386
3;CPLEX-CP-T;cplex-cp;cp-t;epsilon;0.10;instance_30_15_4_11;PARSE_ERROR;;;;;;;;;;;;;;
3;CPLEX-CP-T;cplex-cp;cp-t;epsilon;0.10;instance_30_15_4_12;PARSE_ERROR;;;;;;;;;;;;;;
3;CPLEX-CP-T;cplex-cp;cp-t;epsilon;0.10;instance_30_15_4_13;TIMEOUT_FEASIBLE;300.0054;0.0034;299.9966;0.0001;1921;2564;465;352;3;0;120;349
3;CPLEX-CP-T;cplex-cp;cp-t;epsilon;0.10;instance_30_15_4_14;TIMEOUT_FEASIBLE;300.0048;0.0041;299.9947;0.0001;2144;3013;26306;383;1;0;120;382
3;CPLEX-CP-T;cplex-cp;cp-t;epsilon;0.10;instance_30_15_4_15;TIMEOUT_FEASIBLE;300.0053;0.0040;299.9955;0.0001;2057;2839;20851;407;0;0;120;407
3;CPLEX-CP-T;cplex-cp;cp-t;epsilon;0.10;instance_30_15_4_16;TIMEOUT_FEASIBLE;300.0046;0.0040;299.9950;0.0001;2119;2961;16501;363;0;0;120;363
3;CPLEX-CP-T;cplex-cp;cp-t;epsilon;0.10;instance_30_15_4_17;TIMEOUT_FEASIBLE;300.0056;0.0040;299.9956;0.0001;2114;2954;19625;386;0;0;120;386
3;CPLEX-CP-T;cplex-cp;cp-t;epsilon;0.10;instance_30_15_4_18;TIMEOUT_FEASIBLE;300.0039;0.0044;299.9931;0.0001;2108;2939;24894;418;0;0;120;418
3;CPLEX-CP-T;cplex-cp;cp-t;epsilon;0.10;instance_30_15_4_19;PARSE_ERROR;;;;;;;;;;;;;;
3;CPLEX-CP-T;cplex-cp;cp-t;epsilon;0.10;instance_30_15_4_2;TIMEOUT_FEASIBLE;300.0047;0.0038;299.9952;0.0001;2143;3010;29378;345;0;8;120;337
3;CPLEX-CP-T;cplex-cp;cp-t;epsilon;0.10;instance_30_15_4_20;TIMEOUT_FEASIBLE;300.0038;0.0040;299.9940;0.0001;2179;3081;12124;391;0;0;120;391
3;CPLEX-CP-T;cplex-cp;cp-t;epsilon;0.10;instance_30_15_4_21;INFEASIBLE;0.0014;0.0000;0.0000;0.0000;720;3;0;;;;;
3;CPLEX-CP-T;cplex-cp;cp-t;epsilon;0.10;instance_30_15_4_22;PARSE_ERROR;;;;;;;;;;;;;;
3;CPLEX-CP-T;cplex-cp;cp-t;epsilon;0.10;instance_30_15_4_23;PARSE_ERROR;;;;;;;;;;;;;;
3;CPLEX-CP-T;cplex-cp;cp-t;epsilon;0.10;instance_30_15_4_24;TIMEOUT_FEASIBLE;300.0017;0.0039;299.9914;0.0001;2152;3029;224;406;0;0;120;406
3;CPLEX-CP-T;cplex-cp;cp-t;epsilon;0.10;instance_30_15_4_25;TIMEOUT_FEASIBLE;300.0031;0.0038;299.9938;0.0001;2100;2925;16144;371;0;0;120;371
3;CPLEX-CP-T;cplex-cp;cp-t;epsilon;0.10;instance_30_15_4_26;PARSE_ERROR;;;;;;;;;;;;;;
3;CPLEX-CP-T;cplex-cp;cp-t;epsilon;0.10;instance_30_15_4_27;TIMEOUT_FEASIBLE;300.0044;0.0040;299.9943;0.0001;2133;2991;27100;380;0;0;120;380
3;CPLEX-CP-T;cplex-cp;cp-t;epsilon;0.10;instance_30_15_4_28;PARSE_ERROR;;;;;;;;;;;;;;
3;CPLEX-CP-T;cplex-cp;cp-t;epsilon;0.10;instance_30_15_4_29;TIMEOUT_FEASIBLE;300.0034;0.0037;299.9940;0.0001;2021;2766;167819;369;0;0;120;369
3;CPLEX-CP-T;cplex-cp;cp-t;epsilon;0.10;instance_30_15_4_3;TIMEOUT_FEASIBLE;299.9952;0.0042;299.9852;0.0001;2150;3024;203;399;0;0;120;399
3;CPLEX-CP-T;cplex-cp;cp-t;epsilon;0.10;instance_30_15_4_30;TIMEOUT_FEASIBLE;300.0038;0.0042;299.9937;0.0001;2119;2963;20226;400;0;0;120;400
3;CPLEX-CP-T;cplex-cp;cp-t;epsilon;0.10;instance_30_15_4_31;TIMEOUT_FEASIBLE;299.9948;0.0039;299.9847;0.0001;2042;2809;244;378;0;0;120;378
3;CPLEX-CP-T;cplex-cp;cp-t;epsilon;0.10;instance_30_15_4_32;TIMEOUT_FEASIBLE;300.0038;0.0038;299.9943;0.0001;2073;2871;210;351;0;0;120;351
3;CPLEX-CP-T;cplex-cp;cp-t;epsilon;0.10;instance_30_15_4_33;TIMEOUT_FEASIBLE;300.0041;0.0042;299.9935;0.0001;2120;2965;266843;395;0;0;120;395
3;CPLEX-CP-T;cplex-cp;cp-t;epsilon;0.10;instance_30_15_4_34;PARSE_ERROR;;;;;;;;;;;;;;
3;CPLEX-CP-T;cplex-cp;cp-t;epsilon;0.10;instance_30_15_4_35;PARSE_ERROR;;;;;;;;;;;;;;
3;CPLEX-CP-T;cplex-cp;cp-t;epsilon;0.10;instance_30_15_4_36;PARSE_ERROR;;;;;;;;;;;;;;
3;CPLEX-CP-T;cplex-cp;cp-t;epsilon;0.10;instance_30_15_4_37;TIMEOUT_FEASIBLE;300.0047;0.0042;299.9945;0.0001;2192;3107;28641;390;0;0;120;390
3;CPLEX-CP-T;cplex-cp;cp-t;epsilon;0.10;instance_30_15_4_38;TIMEOUT_FEASIBLE;300.0040;0.0039;299.9937;0.0001;2086;2895;2386135;367;0;0;120;367
3;CPLEX-CP-T;cplex-cp;cp-t;epsilon;0.10;instance_30_15_4_39;TIMEOUT_FEASIBLE;300.0047;0.0039;299.9949;0.0001;2056;2837;20691;405;0;0;120;405
3;CPLEX-CP-T;cplex-cp;cp-t;epsilon;0.10;instance_30_15_4_4;PARSE_ERROR;;;;;;;;;;;;;;
3;CPLEX-CP-T;cplex-cp;cp-t;epsilon;0.10;instance_30_15_4_40;PARSE_ERROR;;;;;;;;;;;;;;
3;CPLEX-CP-T;cplex-cp;cp-t;epsilon;0.10;instance_30_15_4_41;PARSE_ERROR;;;;;;;;;;;;;;
3;CPLEX-CP-T;cplex-cp;cp-t;epsilon;0.10;instance_30_15_4_42;TIMEOUT_FEASIBLE;300.0091;0.0040;299.9990;0.0001;2098;2921;204519;399;0;0;120;399
3;CPLEX-CP-T;cplex-cp;cp-t;epsilon;0.10;instance_30_15_4_43;PARSE_ERROR;;;;;;;;;;;;;;
3;CPLEX-CP-T;cplex-cp;cp-t;epsilon;0.10;instance_30_15_4_44;PARSE_ERROR;;;;;;;;;;;;;;
3;CPLEX-CP-T;cplex-cp;cp-t;epsilon;0.10;instance_30_15_4_45;TIMEOUT_FEASIBLE;299.9958;0.0041;299.9856;0.0001;2134;2990;178;386;0;0;120;386
3;CPLEX-CP-T;cplex-cp;cp-t;epsilon;0.10;instance_30_15_4_46;PARSE_ERROR;;;;;;;;;;;;;;
3;CPLEX-CP-T;cplex-cp;cp-t;epsilon;0.10;instance_30_15_4_47;TIMEOUT_FEASIBLE;300.0052;0.0022;299.9990;0.0000;2189;3102;9197042;433;10;0;120;423
3;CPLEX-CP-T;cplex-cp;cp-t;epsilon;0.10;instance_30_15_4_48;TIMEOUT_FEASIBLE;299.9945;0.0038;299.9847;0.0001;2024;2770;21794;395;0;0;120;395
3;CPLEX-CP-T;cplex-cp;cp-t;epsilon;0.10;instance_30_15_4_49;TIMEOUT_FEASIBLE;300.0031;0.0037;299.9938;0.0001;2005;2735;597;401;0;0;120;401
3;CPLEX-CP-T;cplex-cp;cp-t;epsilon;0.10;instance_30_15_4_5;TIMEOUT_FEASIBLE;300.0049;0.0036;299.9955;0.0001;1977;2677;22802;388;2;0;120;386
3;CPLEX-CP-T;cplex-cp;cp-t;epsilon;0.10;instance_30_15_4_50;TIMEOUT_FEASIBLE;300.0044;0.0035;299.9955;0.0001;1952;2629;14655;374;7;0;120;367
3;CPLEX-CP-T;cplex-cp;cp-t;epsilon;0.10;instance_30_15_4_6;TIMEOUT_FEASIBLE;300.0033;0.0039;299.9935;0.0001;2146;3017;151;404;0;0;120;404
3;CPLEX-CP-T;cplex-cp;cp-t;epsilon;0.10;instance_30_15_4_7;PARSE_ERROR;;;;;;;;;;;;;;
3;CPLEX-CP-T;cplex-cp;cp-t;epsilon;0.10;instance_30_15_4_8;INFEASIBLE;0.0014;0.0000;0.0000;0.0000;720;5;0;;;;;
3;CPLEX-CP-T;cplex-cp;cp-t;epsilon;0.10;instance_30_15_4_9;PARSE_ERROR;;;;;;;;;;;;;;
3;CPLEX-CP-T;cplex-cp;cp-t;epsilon;0.10;instance_40_25_5_1;TIMEOUT_FEASIBLE;300.0043;0.0095;299.9817;0.0001;4493;6851;43335;710;0;0;200;710
3;CPLEX-CP-T;cplex-cp;cp-t;epsilon;0.10;instance_40_25_5_10;PARSE_ERROR;;;;;;;;;;;;;;
3;CPLEX-CP-T;cplex-cp;cp-t;epsilon;0.10;instance_40_25_5_11;TIMEOUT_FEASIBLE;300.0045;0.0095;299.9843;0.0001;4565;6996;400;715;0;0;200;715
3;CPLEX-CP-T;cplex-cp;cp-t;epsilon;0.10;instance_40_25_5_12;TIMEOUT_FEASIBLE;300.0024;0.0091;299.9830;0.0001;4417;6696;465;709;0;0;200;709
3;CPLEX-CP-T;cplex-cp;cp-t;epsilon;0.10;instance_40_25_5_13;TIMEOUT_FEASIBLE;300.0050;0.0102;299.9810;0.0001;4675;7216;51726;709;0;0;200;709
3;CPLEX-CP-T;cplex-cp;cp-t;epsilon;0.10;instance_40_25_5_14;TIMEOUT_FEASIBLE;300.0044;0.0103;299.9816;0.0001;4826;7517;50690;718;0;0;200;718
3;CPLEX-CP-T;cplex-cp;cp-t;epsilon;0.10;instance_40_25_5_15;TIMEOUT_FEASIBLE;300.0037;0.0097;299.9811;0.0001;4527;6920;42323;652;0;0;200;652
3;CPLEX-CP-T;cplex-cp;cp-t;epsilon;0.10;instance_40_25_5_16;TIMEOUT_FEASIBLE;300.0031;0.0098;299.9817;0.0001;4604;7072;48868;689;2;0;200;687
3;CPLEX-CP-T;cplex-cp;cp-t;epsilon;0.10;instance_40_25_5_17;TIMEOUT_FEASIBLE;300.0034;0.0099;299.9797;0.0019;4530;6925;77597;678;1;0;200;677
3;CPLEX-CP-T;cplex-cp;cp-t;epsilon;0.10;instance_40_25_5_18;TIMEOUT_FEASIBLE;300.0032;0.0098;299.9812;0.0002;4499;6863;60290;708;0;0;200;708
3;CPLEX-CP-T;cplex-cp;cp-t;epsilon;0.10;instance_40_25_5_19;TIMEOUT_FEASIBLE;300.0035;0.0092;299.9819;0.0001;4527;6920;180956;671;4;0;200;667
3;CPLEX-CP-T;cplex-cp;cp-t;epsilon;0.10;instance_40_25_5_2;PARSE_ERROR;;;;;;;;;;;;;;
3;CPLEX-CP-T;cplex-cp;cp-t;epsilon;0.10;instance_40_25_5_20;TIMEOUT_FEASIBLE;300.0017;0.0091;299.9811;0.0001;4251;6367;462;695;0;0;200;695
3;CPLEX-CP-T;cplex-cp;cp-t;epsilon;0.10;instance_40_25_5_21;TIMEOUT_FEASIBLE;300.0046;0.0099;299.9821;0.0001;4607;7079;54066;685;0;0;200;685
3;CPLEX-CP-T;cplex-cp;cp-t;epsilon;0.10;instance_40_25_5_22;TIMEOUT_FEASIBLE;300.0043;0.0092;299.9813;0.0001;4447;6760;232744;695;1;0;200;694
3;CPLEX-CP-T;cplex-cp;cp-t;epsilon;0.10;instance_40_25_5_23;PARSE_ERROR;;;;;;;;;;;;;;
3;CPLEX-CP-T;cplex-cp;cp-t;epsilon;0.10;instance_40_25_5_24;TIMEOUT_FEASIBLE;300.0134;0.0093;299.9908;0.0001;4580;7025;308346;677;2;1;200;674
3;CPLEX-CP-T;cplex-cp;cp-t;epsilon;0.10;instance_40_25_5_25;TIMEOUT_FEASIBLE;300.0039;0.0091;299.9840;0.0001;4580;7025;968;693;1;0;200;692
3;CPLEX-CP-T;cplex-cp;cp-t;epsilon;0.10;instance_40_25_5_26;TIMEOUT_FEASIBLE;300.0039;0.0097;299.9820;0.0001;4536;6938;49522;701;0;0;200;701
3;CPLEX-CP-T;cplex-cp;cp-t;epsilon;0.10;instance_40_25_5_27;TIMEOUT_FEASIBLE;300.0119;0.0092;299.9896;0.0001;4481;6827;228726;680;6;0;200;674
3;CPLEX-CP-T;cplex-cp;cp-t;epsilon;0.10;instance_40_25_5_28;TIMEOUT_FEASIBLE;300.0129;0.0057;299.9996;0.0001;4603;7072;3927262;752;25;0;200;727
3;CPLEX-CP-T;cplex-cp;cp-t;epsilon;0.10;instance_40_25_5_29;TIMEOUT_FEASIBLE;300.0024;0.0090;299.9830;0.0001;4611;7088;549;684;4;3;200;677
3;CPLEX-CP-T;cplex-cp;cp-t;epsilon;0.10;instance_40_25_5_3;PARSE_ERROR;;;;;;;;;;;;;;
3;CPLEX-CP-T;cplex-cp;cp-t;epsilon;0.10;instance_40_25_5_30;TIMEOUT_FEASIBLE;300.0039;0.0101;299.9830;0.0001;4536;6937;433;697;0;0;200;697
3;CPLEX-CP-T;cplex-cp;cp-t;epsilon;0.10;instance_40_25_5_31;PARSE_ERROR;;;;;;;;;;;;;;
3;CPLEX-CP-T;cplex-cp;cp-t;epsilon;0.10;instance_40_25_5_32;TIMEOUT_FEASIBLE;300.0041;0.0097;299.9797;0.0028;4628;7121;302402;652;3;0;200;649
3;CPLEX-CP-T;cplex-cp;cp-t;epsilon;0.10;instance_40_25_5_33;PARSE_ERROR;;;;;;;;;;;;;;
3;CPLEX-CP-T;cplex-cp;cp-t;epsilon;0.10;instance_40_25_5_34;PARSE_ERROR;;;;;;;;;;;;;;
3;CPLEX-CP-T;cplex-cp;cp-t;epsilon;0.10;instance_40_25_5_35;PARSE_ERROR;;;;;;;;;;;;;;
3;CPLEX-CP-T;cplex-cp;cp-t;epsilon;0.10;instance_40_25_5_36;TIMEOUT_FEASIBLE;300.0065;0.0096;299.9860;0.0001;4709;7281;1065;712;0;0;200;712
3;CPLEX-CP-T;cplex-cp;cp-t;epsilon;0.10;instance_40_25_5_37;TIMEOUT_FEASIBLE;300.0137;0.0095;299.9907;0.0001;4637;7139;50683;681;0;0;200;681
3;CPLEX-CP-T;cplex-cp;cp-t;epsilon;0.10;instance_40_25_5_38;TIMEOUT_FEASIBLE;300.0042;0.0088;299.9824;0.0001;4328;6520;46925;670;1;0;200;669
3;CPLEX-CP-T;cplex-cp;cp-t;epsilon;0.10;instance_40_25_5_39;TIMEOUT_FEASIBLE;300.0151;0.0091;299.9923;0.0001;4448;6762;265098;677;2;6;200;669
3;CPLEX-CP-T;cplex-cp;cp-t;epsilon;0.10;instance_40_25_5_4;PARSE_ERROR;;;;;;;;;;;;;;
3;CPLEX-CP-T;cplex-cp;cp-t;epsilon;0.10;instance_40_25_5_40;TIMEOUT_FEASIBLE;300.0049;0.0100;299.9831;0.0001;4717;7298;402;701;1;0;200;700
3;CPLEX-CP-T;cplex-cp;cp-t;epsilon;0.10;instance_40_25_5_41;TIMEOUT_FEASIBLE;300.0030;0.0096;299.9814;0.0001;4330;6525;43971;694;0;0;200;694
3;CPLEX-CP-T;cplex-cp;cp-t;epsilon;0.10;instance_40_25_5_42;TIMEOUT_FEASIBLE;300.0123;0.0096;299.9909;0.0001;4543;6948;43314;679;0;0;200;679
3;CPLEX-CP-T;cplex-cp;cp-t;epsilon;0.10;instance_40_25_5_43;PARSE_ERROR;;;;;;;;;;;;;;
3;CPLEX-CP-T;cplex-cp;cp-t;epsilon;0.10;instance_40_25_5_44;TIMEOUT_FEASIBLE;300.0047;0.0097;299.9833;0.0001;4516;6898;1165;708;0;0;200;708
3;CPLEX-CP-T;cplex-cp;cp-t;epsilon;0.10;instance_40_25_5_45;TIMEOUT_FEASIBLE;300.0126;0.0099;299.9904;0.0001;4617;7099;53135;641;0;0;200;641
3;CPLEX-CP-T;cplex-cp;cp-t;epsilon;0.10;instance_40_25_5_46;INFEASIBLE;0.0020;0.0003;0.0000;0.0000;1200;32;0;;;;;
3;CPLEX-CP-T;cplex-cp;cp-t;epsilon;0.10;instance_40_25_5_47;TIMEOUT_FEASIBLE;300.0084;0.0098;299.9856;0.0001;4400;6664;52298;710;0;0;200;710
3;CPLEX-CP-T;cplex-cp;cp-t;epsilon;0.10;instance_40_25_5_48;TIMEOUT_FEASIBLE;300.0021;0.0102;299.9806;0.0001;4646;7156;398;693;0;0;200;693
3;CPLEX-CP-T;cplex-cp;cp-t;epsilon;0.10;instance_40_25_5_49;TIMEOUT_FEASIBLE;300.0126;0.0052;299.9992;0.0001;4459;6783;4237544;737;27;0;200;710
3;CPLEX-CP-T;cplex-cp;cp-t;epsilon;0.10;instance_40_25_5_5;TIMEOUT_FEASIBLE;300.0049;0.0094;299.9837;0.0001;4537;6938;363;712;1;0;200;711
3;CPLEX-CP-T;cplex-cp;cp-t;epsilon;0.10;instance_40_25_5_50;TIMEOUT_FEASIBLE;300.0035;0.0091;299.9839;0.0001;4324;6513;435;716;1;0;200;715
3;CPLEX-CP-T;cplex-cp;cp-t;epsilon;0.10;instance_40_25_5_6;PARSE_ERROR;;;;;;;;;;;;;;
3;CPLEX-CP-T;cplex-cp;cp-t;epsilon;0.10;instance_40_25_5_7;TIMEOUT_FEASIBLE;300.0049;0.0096;299.9836;0.0001;4403;6671;392;714;0;0;200;714
3;CPLEX-CP-T;cplex-cp;cp-t;epsilon;0.10;instance_40_25_5_8;TIMEOUT_FEASIBLE;300.0035;0.0094;299.9839;0.0001;4602;7070;354;696;0;1;200;695
3;CPLEX-CP-T;cplex-cp;cp-t;epsilon;0.10;instance_40_25_5_9;TIMEOUT_FEASIBLE;300.0033;0.0096;299.9832;0.0001;4632;7130;754;701;0;0;200;701
4;CPLEX-CP-I;cplex-cp;cp-i;epsilon;0.10;instance_30_15_4_1;TIMEOUT_FEASIBLE;299.9980;0.0069;299.9856;0.0001;1430;2153;170;406;0;0;120;406
4;CPLEX-CP-I;cplex-cp;cp-i;epsilon;0.10;instance_30_15_4_10;TIMEOUT_FEASIBLE;300.0029;0.0060;299.9919;0.0001;1268;1920;176;386;0;0;120;386
4;CPLEX-CP-I;cplex-cp;cp-i;epsilon;0.10;instance_30_15_4_11;PARSE_ERROR;;;;;;;;;;;;;;
4;CPLEX-CP-I;cplex-cp;cp-i;epsilon;0.10;instance_30_15_4_12;PARSE_ERROR;;;;;;;;;;;;;;
4;CPLEX-CP-I;cplex-cp;cp-i;epsilon;0.10;instance_30_15_4_13;TIMEOUT_FEASIBLE;300.0050;0.0054;299.9948;0.0001;976;1461;158;351;3;0;120;348
4;CPLEX-CP-I;cplex-cp;cp-i;epsilon;0.10;instance_30_15_4_14;TIMEOUT_FEASIBLE;300.0043;0.0066;299.9920;0.0001;1339;2042;12124;383;0;0;120;383
4;CPLEX-CP-I;cplex-cp;cp-i;epsilon;0.10;instance_30_15_4_15;TIMEOUT_FEASIBLE;300.0102;0.0067;299.9979;0.0001;1372;2057;13664;408;0;0;120;408
4;CPLEX-CP-I;cplex-cp;cp-i;epsilon;0.10;instance_30_15_4_16;TIMEOUT_FEASIBLE;300.0070;0.0052;299.9971;0.0001;1050;1624;17140;362;0;0;120;362
4;CPLEX-CP-I;cplex-cp;cp-i;epsilon;0.10;instance_30_15_4_17;TIMEOUT_FEASIBLE;299.9968;0.0063;299.9852;0.0001;1219;1858;9196;387;0;0;120;387
4;CPLEX-CP-I;cplex-cp;cp-i;epsilon;0.10;instance_30_15_4_18;TIMEOUT_FEASIBLE;300.0025;0.0074;299.9891;0.0001;1553;2311;13216;417;0;0;120;417
4;CPLEX-CP-I;cplex-cp;cp-i;epsilon;0.10;instance_30_15_4_19;PARSE_ERROR;;;;;;;;;;;;;;
4;CPLEX-CP-I;cplex-cp;cp-i;epsilon;0.10;instance_30_15_4_2;TIMEOUT_FEASIBLE;300.0035;0.0054;299.9933;0.0001;977;1505;31264;346;0;3;120;343
4;CPLEX-CP-I;cplex-cp;cp-i;epsilon;0.10;instance_30_15_4_20;TIMEOUT_FEASIBLE;300.0054;0.0059;299.9945;0.0001;1095;1678;8530;391;0;0;120;391
4;CPLEX-CP-I;cplex-cp;cp-i;epsilon;0.10;instance_30_15_4_21;INFEASIBLE;0.0014;0.0001;0.0000;0.0000;19;18;0;;;;;
4;CPLEX-CP-I;cplex-cp;cp-i;epsilon;0.10;instance_30_15_4_22;PARSE_ERROR;;;;;;;;;;;;;;
4;CPLEX-CP-I;cplex-cp;cp-i;epsilon;0.10;instance_30_15_4_23;PARSE_ERROR;;;;;;;;;;;;;;
4;CPLEX-CP-I;cplex-cp;cp-i;epsilon;0.10;instance_30_15_4_24;TIMEOUT_FEASIBLE;300.0055;0.0067;299.9935;0.0001;1423;2140;4285;405;0;0;120;405
4;CPLEX-CP-I;cplex-cp;cp-i;epsilon;0.10;instance_30_15_4_25;TIMEOUT_FEASIBLE;300.0031;0.0055;299.9926;0.0001;1015;1549;17715;373;0;0;120;373
4;CPLEX-CP-I;cplex-cp;cp-i;epsilon;0.10;instance_30_15_4_26;PARSE_ERROR;;;;;;;;;;;;;;
4;CPLEX-CP-I;cplex-cp;cp-i;epsilon;0.10;instance_30_15_4_27;TIMEOUT_FEASIBLE;300.0088;0.0066;299.9967;0.0001;1240;1895;23778;378;0;0;120;378
4;CPLEX-CP-I;cplex-cp;cp-i;epsilon;0.10;instance_30_15_4_28;PARSE_ERROR;;;;;;;;;;;;;;
4;CPLEX-CP-I;cplex-cp;cp-i;epsilon;0.10;instance_30_15_4_29;TIMEOUT_FEASIBLE;300.0034;0.0047;299.9941;0.0001;925;1407;16459;371;0;0;120;371
4;CPLEX-CP-I;cplex-cp;cp-i;epsilon;0.10;instance_30_15_4_3;TIMEOUT_FEASIBLE;300.0038;0.0067;299.9916;0.0001;1401;2126;7457;400;0;0;120;400
4;CPLEX-CP-I;cplex-cp;cp-i;epsilon;0.10;instance_30_15_4_30;TIMEOUT_FEASIBLE;300.0045;0.0069;299.9918;0.0001;1411;2129;21288;400;0;0;120;400
4;CPLEX-CP-I;cplex-cp;cp-i;epsilon;0.10;instance_30_15_4_31;TIMEOUT_FEASIBLE;300.0047;0.0063;299.9931;0.0001;1389;2057;195;379;0;0;120;379
4;CPLEX-CP-I;cplex-cp;cp-i;epsilon;0.10;instance_30_15_4_32;TIMEOUT_FEASIBLE;299.9957;0.0064;299.9841;0.0001;1246;1854;20090;353;0;0;120;353
4;CPLEX-CP-I;cplex-cp;cp-i;epsilon;0.10;instance_30_15_4_33;TIMEOUT_FEASIBLE;300.0029;0.0068;299.9904;0.0001;1359;2036;75122;395;0;0;120;395
4;CPLEX-CP-I;cplex-cp;cp-i;epsilon;0.10;instance_30_15_4_34;PARSE_ERROR;;;;;;;;;;;;;;
4;CPLEX-CP-I;cplex-cp;cp-i;epsilon;0.10;instance_30_15_4_35;PARSE_ERROR;;;;;;;;;;;;;;
4;CPLEX-CP-I;cplex-cp;cp-i;epsilon;0.10;instance_30_15_4_36;PARSE_ERROR;;;;;;;;;;;;;;
4;CPLEX-CP-I;cplex-cp;cp-i;epsilon;0.10;instance_30_15_4_37;TIMEOUT_FEASIBLE;300.0103;0.0066;299.9981;0.0001;1286;1980;42000;390;0;0;120;390
4;CPLEX-CP-I;cplex-cp;cp-i;epsilon;0.10;instance_30_15_4_38;TIMEOUT_FEASIBLE;300.0101;0.0064;299.9983;0.0001;1246;1906;109422;367;0;1;120;366
4;CPLEX-CP-I;cplex-cp;cp-i;epsilon;0.10;instance_30_15_4_39;TIMEOUT_FEASIBLE;300.0055;0.0066;299.9936;0.0001;1398;2093;7848;405;0;0;120;405
4;CPLEX-CP-I;cplex-cp;cp-i;epsilon;0.10;instance_30_15_4_4;PARSE_ERROR;;;;;;;;;;;;;;
4;CPLEX-CP-I;cplex-cp;cp-i;epsilon;0.10;instance_30_15_4_40;PARSE_ERROR;;;;;;;;;;;;;;
4;CPLEX-CP-I;cplex-cp;cp-i;epsilon;0.10;instance_30_15_4_41;PARSE_ERROR;;;;;;;;;;;;;;
4;CPLEX-CP-I;cplex-cp;cp-i;epsilon;0.10;instance_30_15_4_42;TIMEOUT_FEASIBLE;300.0014;0.0075;299.9876;0.0001;1445;2156;74131;400;0;0;120;400
4;CPLEX-CP-I;cplex-cp;cp-i;epsilon;0.10;instance_30_15_4_43;PARSE_ERROR;;;;;;;;;;;;;;
4;CPLEX-CP-I;cplex-cp;cp-i;epsilon;0.10;instance_30_15_4_44;PARSE_ERROR;;;;;;;;;;;;;;
4;CPLEX-CP-I;cplex-cp;cp-i;epsilon;0.10;instance_30_15_4_45;TIMEOUT_FEASIBLE;300.0048;0.0067;299.9927;0.0001;1447;2172;4457;386;0;0;120;386
4;CPLEX-CP-I;cplex-cp;cp-i;epsilon;0.10;instance_30_15_4_46;PARSE_ERROR;;;;;;;;;;;;;;
4;CPLEX-CP-I;cplex-cp;cp-i;epsilon;0.10;instance_30_15_4_47;TIMEOUT_FEASIBLE;299.9954;0.0059;299.9843;0.0001;1230;1894;3070644;390;1;0;120;389
4;CPLEX-CP-I;cplex-cp;cp-i;epsilon;0.10;instance_30_15_4_48;TIMEOUT_FEASIBLE;300.0062;0.0063;299.9945;0.0001;1250;1889;9869;395;0;0;120;395
4;CPLEX-CP-I;cplex-cp;cp-i;epsilon;0.10;instance_30_15_4_49;TIMEOUT_FEASIBLE;300.0037;0.0057;299.9933;0.0001;1242;1852;181;398;0;0;120;398
4;CPLEX-CP-I;cplex-cp;cp-i;epsilon;0.10;instance_30_15_4_5;TIMEOUT_FEASIBLE;299.9952;0.0060;299.9841;0.0001;1163;1743;19228;388;1;0;120;387
4;CPLEX-CP-I;cplex-cp;cp-i;epsilon;0.10;instance_30_15_4_50;TIMEOUT_FEASIBLE;299.9952;0.0049;299.9859;0.0001;1018;1538;4574;375;7;0;120;368
4;CPLEX-CP-I;cplex-cp;cp-i;epsilon;0.10;instance_30_15_4_6;TIMEOUT_FEASIBLE;300.0047;0.0055;299.9945;0.0001;1157;1769;153;402;0;0;120;402
4;CPLEX-CP-I;cplex-cp;cp-i;epsilon;0.10;instance_30_15_4_7;PARSE_ERROR;;;;;;;;;;;;;;
4;CPLEX-CP-I;cplex-cp;cp-i;epsilon;0.10;instance_30_15_4_8;INFEASIBLE;0.0016;0.0001;0.0000;0.0000;31;30;0;;;;;
4;CPLEX-CP-I;cplex-cp;cp-i;epsilon;0.10;instance_30_15_4_9;PARSE_ERROR;;;;;;;;;;;;;;
4;CPLEX-CP-I;cplex-cp;cp-i;epsilon;0.10;instance_40_25_5_1;TIMEOUT_FEASIBLE;300.0089;0.0163;299.9835;0.0002;2924;4256;371;707;0;0;200;707
4;CPLEX-CP-I;cplex-cp;cp-i;epsilon;0.10;instance_40_25_5_10;PARSE_ERROR;;;;;;;;;;;;;;
4;CPLEX-CP-I;cplex-cp;cp-i;epsilon;0.10;instance_40_25_5_11;TIMEOUT_FEASIBLE;300.0047;0.0186;299.9763;0.0001;3242;4737;410;711;0;0;200;711
4;CPLEX-CP-I;cplex-cp;cp-i;epsilon;0.10;instance_40_25_5_12;TIMEOUT_FEASIBLE;300.0124;0.0165;299.9868;0.0002;3081;4452;406;707;0;0;200;707
4;CPLEX-CP-I;cplex-cp;cp-i;epsilon;0.10;instance_40_25_5_13;TIMEOUT_FEASIBLE;300.0028;0.0167;299.9763;0.0001;3307;4840;383;712;0;0;200;712
4;CPLEX-CP-I;cplex-cp;cp-i;epsilon;0.10;instance_40_25_5_14;TIMEOUT_FEASIBLE;300.0050;0.0183;299.9758;0.0001;3615;5299;22692;706;0;0;200;706
4;CPLEX-CP-I;cplex-cp;cp-i;epsilon;0.10;instance_40_25_5_15;TIMEOUT_FEASIBLE;300.0012;0.0177;299.9730;0.0002;3045;4478;24084;649;0;0;200;649
4;CPLEX-CP-I;cplex-cp;cp-i;epsilon;0.10;instance_40_25_5_16;TIMEOUT_FEASIBLE;300.0124;0.0160;299.9869;0.0002;2949;4329;22977;689;1;0;200;688
4;CPLEX-CP-I;cplex-cp;cp-i;epsilon;0.10;instance_40_25_5_17;TIMEOUT_FEASIBLE;300.0025;0.0181;299.9741;0.0002;3083;4481;47556;679;0;0;200;679
4;CPLEX-CP-I;cplex-cp;cp-i;epsilon;0.10;instance_40_25_5_18;TIMEOUT_FEASIBLE;300.0028;0.0176;299.9745;0.0002;3222;4692;22490;711;0;0;200;711
4;CPLEX-CP-I;cplex-cp;cp-i;epsilon;0.10;instance_40_25_5_19;TIMEOUT_FEASIBLE;300.0118;0.0147;299.9883;0.0002;2449;3616;57243;673;1;2;200;670
4;CPLEX-CP-I;cplex-cp;cp-i;epsilon;0.10;instance_40_25_5_2;PARSE_ERROR;;;;;;;;;;;;;;
4;CPLEX-CP-I;cplex-cp;cp-i;epsilon;0.10;instance_40_25_5_20;TIMEOUT_FEASIBLE;300.0086;0.0182;299.9800;0.0002;3091;4401;28079;695;0;1;200;694
4;CPLEX-CP-I;cplex-cp;cp-i;epsilon;0.10;instance_40_25_5_21;TIMEOUT_FEASIBLE;300.0016;0.0179;299.9733;0.0002;3280;4778;12304;686;0;0;200;686
4;CPLEX-CP-I;cplex-cp;cp-i;epsilon;0.10;instance_40_25_5_22;TIMEOUT_FEASIBLE;300.0007;0.0160;299.9753;0.0002;2721;4000;85416;696;1;0;200;695
4;CPLEX-CP-I;cplex-cp;cp-i;epsilon;0.10;instance_40_25_5_23;PARSE_ERROR;;;;;;;;;;;;;;
4;CPLEX-CP-I;cplex-cp;cp-i;epsilon;0.10;instance_40_25_5_24;TIMEOUT_FEASIBLE;300.0048;0.0152;299.9804;0.0002;2599;3824;134641;677;0;0;200;677
4;CPLEX-CP-I;cplex-cp;cp-i;epsilon;0.10;instance_40_25_5_25;TIMEOUT_FEASIBLE;300.0642;0.0143;300.0417;0.0002;2636;3871;7146;694;1;0;200;693
4;CPLEX-CP-I;cplex-cp;cp-i;epsilon;0.10;instance_40_25_5_26;TIMEOUT_FEASIBLE;300.0131;0.0173;299.9857;0.0002;3262;4762;407;701;0;0;200;701
4;CPLEX-CP-I;cplex-cp;cp-i;epsilon;0.10;instance_40_25_5_27;TIMEOUT_FEASIBLE;300.0005;0.0146;299.9772;0.0002;2621;3848;110478;680;2;0;200;678
4;CPLEX-CP-I;cplex-cp;cp-i;epsilon;0.10;instance_40_25_5_28;TIMEOUT_FEASIBLE;300.0031;0.0104;299.9871;0.0001;3173;4676;2450009;752;44;0;200;708
4;CPLEX-CP-I;cplex-cp;cp-i;epsilon;0.10;instance_40_25_5_29;TIMEOUT_FEASIBLE;300.0133;0.0150;299.9896;0.0002;2759;4047;35273;682;3;1;200;678
4;CPLEX-CP-I;cplex-cp;cp-i;epsilon;0.10;instance_40_25_5_3;PARSE_ERROR;;;;;;;;;;;;;;
4;CPLEX-CP-I;cplex-cp;cp-i;epsilon;0.10;instance_40_25_5_30;TIMEOUT_FEASIBLE;300.0064;0.0176;299.9782;0.0001;3553;5143;466;694;0;0;200;694
4;CPLEX-CP-I;cplex-cp;cp-i;epsilon;0.10;instance_40_25_5_31;PARSE_ERROR;;;;;;;;;;;;;;
4;CPLEX-CP-I;cplex-cp;cp-i;epsilon;0.10;instance_40_25_5_32;TIMEOUT_FEASIBLE;300.0035;0.0169;299.9761;0.0002;3251;4793;70419;652;2;0;200;650
4;CPLEX-CP-I;cplex-cp;cp-i;epsilon;0.10;instance_40_25_5_33;PARSE_ERROR;;;;;;;;;;;;;;
4;CPLEX-CP-I;cplex-cp;cp-i;epsilon;0.10;instance_40_25_5_34;PARSE_ERROR;;;;;;;;;;;;;;
4;CPLEX-CP-I;cplex-cp;cp-i;epsilon;0.10;instance_40_25_5_35;PARSE_ERROR;;;;;;;;;;;;;;
4;CPLEX-CP-I;cplex-cp;cp-i;epsilon;0.10;instance_40_25_5_36;TIMEOUT_FEASIBLE;300.0027;0.0178;299.9740;0.0002;3286;4821;8317;711;0;0;200;711
4;CPLEX-CP-I;cplex-cp;cp-i;epsilon;0.10;instance_40_25_5_37;TIMEOUT_FEASIBLE;300.0122;0.0178;299.9845;0.0002;3151;4633;27964;684;0;0;200;684
4;CPLEX-CP-I;cplex-cp;cp-i;epsilon;0.10;instance_40_25_5_38;TIMEOUT_FEASIBLE;300.0009;0.0159;299.9751;0.0002;2820;4116;52885;667;0;2;200;665
4;CPLEX-CP-I;cplex-cp;cp-i;epsilon;0.10;instance_40_25_5_39;TIMEOUT_FEASIBLE;300.0015;0.0155;299.9764;0.0002;2563;3767;167023;677;0;3;200;674
4;CPLEX-CP-I;cplex-cp;cp-i;epsilon;0.10;instance_40_25_5_4;PARSE_ERROR;;;;;;;;;;;;;;
4;CPLEX-CP-I;cplex-cp;cp-i;epsilon;0.10;instance_40_25_5_40;TIMEOUT_FEASIBLE;300.0078;0.0175;299.9796;0.0002;3076;4533;11623;699;0;0;200;699
4;CPLEX-CP-I;cplex-cp;cp-i;epsilon;0.10;instance_40_25_5_41;TIMEOUT_FEASIBLE;300.0112;0.0188;299.9818;0.0002;3241;4682;422;695;0;1;200;694
4;CPLEX-CP-I;cplex-cp;cp-i;epsilon;0.10;instance_40_25_5_42;TIMEOUT_FEASIBLE;300.0019;0.0166;299.9759;0.0002;2735;4071;55069;676;0;4;200;672
4;CPLEX-CP-I;cplex-cp;cp-i;epsilon;0.10;instance_40_25_5_43;PARSE_ERROR;;;;;;;;;;;;;;
4;CPLEX-CP-I;cplex-cp;cp-i;epsilon;0.10;instance_40_25_5_44;TIMEOUT_FEASIBLE;300.0041;0.0196;299.9736;0.0002;3287;4819;32682;708;0;0;200;708
4;CPLEX-CP-I;cplex-cp;cp-i;epsilon;0.10;instance_40_25_5_45;TIMEOUT_FEASIBLE;300.0190;0.0183;299.9903;0.0002;3187;4693;24535;640;0;0;200;640
4;CPLEX-CP-I;cplex-cp;cp-i;epsilon;0.10;instance_40_25_5_46;INFEASIBLE;0.0027;0.0010;0.0000;0.0000;317;316;0;;;;;
4;CPLEX-CP-I;cplex-cp;cp-i;epsilon;0.10;instance_40_25_5_47;TIMEOUT_FEASIBLE;300.0005;0.0190;299.9709;0.0002;3472;5028;29082;708;0;0;200;708
4;CPLEX-CP-I;cplex-cp;cp-i;epsilon;0.10;instance_40_25_5_48;TIMEOUT_FEASIBLE;300.0108;0.0187;299.9813;0.0002;3247;4793;19739;694;0;0;200;694
4;CPLEX-CP-I;cplex-cp;cp-i;epsilon;0.10;instance_40_25_5_49;TIMEOUT_FEASIBLE;300.0322;0.0097;300.0173;0.0001;2951;4331;8708209;737;44;0;200;693
4;CPLEX-CP-I;cplex-cp;cp-i;epsilon;0.10;instance_40_25_5_5;TIMEOUT_FEASIBLE;300.0148;0.0169;299.9875;0.0002;3263;4745;13516;710;0;0;200;710
4;CPLEX-CP-I;cplex-cp;cp-i;epsilon;0.10;instance_40_25_5_50;TIMEOUT_FEASIBLE;300.0173;0.0187;299.9875;0.0002;3408;4851;20249;712;1;0;200;711
4;CPLEX-CP-I;cplex-cp;cp-i;epsilon;0.10;instance_40_25_5_6;PARSE_ERROR;;;;;;;;;;;;;;
4;CPLEX-CP-I;cplex-cp;cp-i;epsilon;0.10;instance_40_25_5_7;TIMEOUT_FEASIBLE;300.0091;0.0181;299.9796;0.0002;3454;4982;452;713;0;0;200;713
4;CPLEX-CP-I;cplex-cp;cp-i;epsilon;0.10;instance_40_25_5_8;TIMEOUT_FEASIBLE;300.0099;0.0168;299.9836;0.0001;3015;4436;385;696;0;0;200;696
4;CPLEX-CP-I;cplex-cp;cp-i;epsilon;0.10;instance_40_25_5_9;TIMEOUT_FEASIBLE;300.0133;0.0191;299.9829;0.0002;3326;4872;26093;700;0;0;200;700
