"cfg_id","label","instance_name","cardinality","ic","sb","status","elapsed_s","solve_s","variables","hard_clauses","soft_clauses","best_value","similarity","continuity","overtime","coverage"
"4","SN-both-ss","instance_30_10_4_1","sorting-network","both","slot-service","OPTIMUM","16,11643","16,06467","22407","81427","1441","416","420","4","0","120"
"4","SN-both-ss","instance_30_10_4_10","sorting-network","both","slot-service","OPTIMUM","9,317657","9,266055","23902","80344","1399","403","409","6","0","120"
"4","SN-both-ss","instance_30_10_4_11","sorting-network","both","slot-service","OPTIMUM","14,46264","14,41231","22993","76325","1413","390","401","11","0","120"
"4","SN-both-ss","instance_30_10_4_12","sorting-network","both","slot-service","OPTIMUM","25,30568","25,25333","23897","83619","1360","387","394","7","0","120"
"4","SN-both-ss","instance_30_10_4_13","sorting-network","both","slot-service","UNSATISFIABLE","0,055652","0","0","0","0","","","","","120"
"4","SN-both-ss","instance_30_10_4_14","sorting-network","both","slot-service","UNSATISFIABLE","0,056997","0","0","0","0","","","","","120"
"4","SN-both-ss","instance_30_10_4_15","sorting-network","both","slot-service","UNSATISFIABLE","0,047316","0","0","0","0","","","","","120"
"4","SN-both-ss","instance_30_10_4_16","sorting-network","both","slot-service","OPTIMUM","14,0725","14,01705","24544","88447","1562","431","436","5","0","120"
"4","SN-both-ss","instance_30_10_4_17","sorting-network","both","slot-service","OPTIMUM","3,623976","3,585008","17932","59940","1291","400","402","2","0","120"
"4","SN-both-ss","instance_30_10_4_18","sorting-network","both","slot-service","OPTIMUM","3,793917","3,75566","18227","61386","1382","408","414","6","0","120"
"4","SN-both-ss","instance_30_10_4_19","sorting-network","both","slot-service","UNSATISFIABLE","0,084884","0","0","0","0","","","","","120"
"4","SN-both-ss","instance_30_10_4_2","sorting-network","both","slot-service","UNSATISFIABLE","0,09525","0","0","0","0","","","","","120"
"4","SN-both-ss","instance_30_10_4_20","sorting-network","both","slot-service","UNSATISFIABLE","0,055725","0","0","0","0","","","","","120"
"4","SN-both-ss","instance_30_10_4_21","sorting-network","both","slot-service","UNSATISFIABLE","0,096844","0","0","0","0","","","","","120"
"4","SN-both-ss","instance_30_10_4_22","sorting-network","both","slot-service","UNSATISFIABLE","0,078512","0","0","0","0","","","","","120"
"4","SN-both-ss","instance_30_10_4_23","sorting-network","both","slot-service","OPTIMUM","12,56982","12,51814","25136","85248","1499","379","382","3","0","120"
"4","SN-both-ss","instance_30_10_4_24","sorting-network","both","slot-service","OPTIMUM","4,25897","4,210318","20933","72300","1375","387","393","6","0","120"
"4","SN-both-ss","instance_30_10_4_25","sorting-network","both","slot-service","OPTIMUM","16,76001","16,70556","25021","90868","1435","444","446","2","0","120"
"4","SN-both-ss","instance_30_10_4_26","sorting-network","both","slot-service","UNSATISFIABLE","0,105752","0","0","0","0","","","","","120"
"4","SN-both-ss","instance_30_10_4_27","sorting-network","both","slot-service","OPTIMUM","18,76536","18,72085","20867","65664","1374","390","403","13","0","120"
"4","SN-both-ss","instance_30_10_4_28","sorting-network","both","slot-service","UNSATISFIABLE","0,046964","0","0","0","0","","","","","120"
"4","SN-both-ss","instance_30_10_4_29","sorting-network","both","slot-service","UNSATISFIABLE","0,062302","0","0","0","0","","","","","120"
"4","SN-both-ss","instance_30_10_4_3","sorting-network","both","slot-service","UNSATISFIABLE","0,064337","0","0","0","0","","","","","120"
"4","SN-both-ss","instance_30_10_4_30","sorting-network","both","slot-service","OPTIMUM","19,18606","19,1351","25475","83593","1482","396","405","9","0","120"
"4","SN-both-ss","instance_30_10_4_31","sorting-network","both","slot-service","OPTIMUM","7,126922","7,078723","22312","74195","1318","372","381","9","0","120"
"4","SN-both-ss","instance_30_10_4_32","sorting-network","both","slot-service","OPTIMUM","12,14005","12,09004","22811","79962","1493","423","424","1","0","120"
"4","SN-both-ss","instance_30_10_4_33","sorting-network","both","slot-service","OPTIMUM","19,52238","19,47009","22909","81375","1416","434","436","2","0","120"
"4","SN-both-ss","instance_30_10_4_34","sorting-network","both","slot-service","UNSATISFIABLE","0,064418","0","0","0","0","","","","","120"
"4","SN-both-ss","instance_30_10_4_35","sorting-network","both","slot-service","UNSATISFIABLE","0,056215","0","0","0","0","","","","","120"
"4","SN-both-ss","instance_30_10_4_36","sorting-network","both","slot-service","OPTIMUM","26,86007","26,80751","24139","82994","1497","401","406","5","0","120"
"4","SN-both-ss","instance_30_10_4_37","sorting-network","both","slot-service","OPTIMUM","14,6008","14,54932","22366","81789","1457","440","444","4","0","120"
"4","SN-both-ss","instance_30_10_4_38","sorting-network","both","slot-service","UNSATISFIABLE","0,066898","0","0","0","0","","","","","120"
"4","SN-both-ss","instance_30_10_4_39","sorting-network","both","slot-service","UNSATISFIABLE","0,055659","0","0","0","0","","","","","120"
"4","SN-both-ss","instance_30_10_4_4","sorting-network","both","slot-service","OPTIMUM","10,43161","10,38151","21790","78756","1419","427","430","3","0","120"
"4","SN-both-ss","instance_30_10_4_40","sorting-network","both","slot-service","UNSATISFIABLE","0,093471","0","0","0","0","","","","","120"
"4","SN-both-ss","instance_30_10_4_41","sorting-network","both","slot-service","OPTIMUM","9,012648","8,980997","15634","48943","1236","350","356","6","0","120"
"4","SN-both-ss","instance_30_10_4_42","sorting-network","both","slot-service","UNSATISFIABLE","0,064804","0","0","0","0","","","","","120"
"4","SN-both-ss","instance_30_10_4_43","sorting-network","both","slot-service","OPTIMUM","13,06931","13,01806","24971","81681","1427","412","418","6","0","120"
"4","SN-both-ss","instance_30_10_4_44","sorting-network","both","slot-service","UNSATISFIABLE","0,116305","0","0","0","0","","","","","120"
"4","SN-both-ss","instance_30_10_4_45","sorting-network","both","slot-service","OPTIMUM","5,809532","5,760809","21811","75811","1363","365","370","5","0","120"
"4","SN-both-ss","instance_30_10_4_46","sorting-network","both","slot-service","UNSATISFIABLE","0,050832","0","0","0","0","","","","","120"
"4","SN-both-ss","instance_30_10_4_47","sorting-network","both","slot-service","OPTIMUM","7,923467","7,884446","18986","62825","1390","395","399","4","0","120"
"4","SN-both-ss","instance_30_10_4_48","sorting-network","both","slot-service","OPTIMUM","7,544879","7,51039","17133","53628","1309","375","377","2","0","120"
"4","SN-both-ss","instance_30_10_4_49","sorting-network","both","slot-service","UNSATISFIABLE","0,108777","0","0","0","0","","","","","120"
"4","SN-both-ss","instance_30_10_4_5","sorting-network","both","slot-service","OPTIMUM","12,33433","12,29011","19574","68263","1452","418","422","4","0","120"
"4","SN-both-ss","instance_30_10_4_50","sorting-network","both","slot-service","UNSATISFIABLE","0,069564","0","0","0","0","","","","","120"
"4","SN-both-ss","instance_30_10_4_6","sorting-network","both","slot-service","OPTIMUM","9,706948","9,655114","22694","79828","1451","388","390","2","0","120"
"4","SN-both-ss","instance_30_10_4_7","sorting-network","both","slot-service","UNSATISFIABLE","0,064243","0","0","0","0","","","","","120"
"4","SN-both-ss","instance_30_10_4_8","sorting-network","both","slot-service","OPTIMUM","28,32336","28,27563","22170","72953","1365","414","421","7","0","120"
"4","SN-both-ss","instance_30_10_4_9","sorting-network","both","slot-service","UNSATISFIABLE","0,066616","0","0","0","0","","","","","120"
"4","SN-both-ss","instance_30_10_5_1","sorting-network","both","slot-service","OPTIMUM","22,35483","22,29395","28009","93827","1608","496","500","4","0","120"
"4","SN-both-ss","instance_30_10_5_10","sorting-network","both","slot-service","OPTIMUM","26,10568","26,04565","27524","92590","1703","480","486","6","0","120"
"4","SN-both-ss","instance_30_10_5_11","sorting-network","both","slot-service","UNSATISFIABLE","0,082442","0","0","0","0","","","","","120"
"4","SN-both-ss","instance_30_10_5_12","sorting-network","both","slot-service","UNSATISFIABLE","0,086765","0","0","0","0","","","","","120"
"4","SN-both-ss","instance_30_10_5_13","sorting-network","both","slot-service","UNSATISFIABLE","0,152128","0","0","0","0","","","","","120"
"4","SN-both-ss","instance_30_10_5_14","sorting-network","both","slot-service","UNSATISFIABLE","0,217253","0","0","0","0","","","","","120"
"4","SN-both-ss","instance_30_10_5_15","sorting-network","both","slot-service","UNSATISFIABLE","0,22752","0","0","0","0","","","","","120"
"4","SN-both-ss","instance_30_10_5_16","sorting-network","both","slot-service","OPTIMUM","34,51201","34,44175","34265","116876","1637","489","500","11","0","120"
"4","SN-both-ss","instance_30_10_5_17","sorting-network","both","slot-service","OPTIMUM","37,21774","37,16218","25439","82527","1568","492","504","12","0","120"
"4","SN-both-ss","instance_30_10_5_18","sorting-network","both","slot-service","OPTIMUM","25,71057","25,63766","34003","120861","1770","519","524","5","0","120"
"4","SN-both-ss","instance_30_10_5_19","sorting-network","both","slot-service","UNSATISFIABLE","0,082458","0","0","0","0","","","","","120"
"4","SN-both-ss","instance_30_10_5_2","sorting-network","both","slot-service","UNSATISFIABLE","0,15471","0","0","0","0","","","","","120"
"4","SN-both-ss","instance_30_10_5_20","sorting-network","both","slot-service","UNSATISFIABLE","0,14895","0","0","0","0","","","","","120"
"4","SN-both-ss","instance_30_10_5_21","sorting-network","both","slot-service","UNSATISFIABLE","0,08503","0","0","0","0","","","","","120"
"4","SN-both-ss","instance_30_10_5_22","sorting-network","both","slot-service","OPTIMUM","24,21496","24,14605","31357","109437","1772","497","502","5","0","120"
"4","SN-both-ss","instance_30_10_5_23","sorting-network","both","slot-service","UNSATISFIABLE","0,068087","0","0","0","0","","","","","120"
"4","SN-both-ss","instance_30_10_5_24","sorting-network","both","slot-service","UNSATISFIABLE","0,125401","0","0","0","0","","","","","120"
"4","SN-both-ss","instance_30_10_5_25","sorting-network","both","slot-service","UNSATISFIABLE","0,105659","0","0","0","0","","","","","120"
"4","SN-both-ss","instance_30_10_5_26","sorting-network","both","slot-service","UNSATISFIABLE","0,061456","0","0","0","0","","","","","120"
"4","SN-both-ss","instance_30_10_5_27","sorting-network","both","slot-service","UNSATISFIABLE","0,123759","0","0","0","0","","","","","120"
"4","SN-both-ss","instance_30_10_5_28","sorting-network","both","slot-service","UNSATISFIABLE","0,076908","0","0","0","0","","","","","120"
"4","SN-both-ss","instance_30_10_5_29","sorting-network","both","slot-service","UNSATISFIABLE","0,058417","0","0","0","0","","","","","120"
"4","SN-both-ss","instance_30_10_5_3","sorting-network","both","slot-service","OPTIMUM","21,56277","21,49458","31423","114365","1670","479","486","7","0","120"
"4","SN-both-ss","instance_30_10_5_30","sorting-network","both","slot-service","UNSATISFIABLE","0,085356","0","0","0","0","","","","","120"
"4","SN-both-ss","instance_30_10_5_31","sorting-network","both","slot-service","OPTIMUM","20,97487","20,9168","26212","85518","1535","517","522","5","0","120"
"4","SN-both-ss","instance_30_10_5_32","sorting-network","both","slot-service","OPTIMUM","36,94074","36,87234","31000","106929","1811","550","556","6","0","120"
"4","SN-both-ss","instance_30_10_5_33","sorting-network","both","slot-service","OPTIMUM","17,18773","17,09352","38943","151251","1881","553","554","1","0","120"
"4","SN-both-ss","instance_30_10_5_34","sorting-network","both","slot-service","OPTIMUM","31,87558","31,80931","33389","108578","1772","479","493","14","0","120"
"4","SN-both-ss","instance_30_10_5_35","sorting-network","both","slot-service","OPTIMUM","62,20259","62,13747","31896","103456","1737","499","507","8","0","120"
"4","SN-both-ss","instance_30_10_5_36","sorting-network","both","slot-service","OPTIMUM","35,35719","35,28088","38481","129690","1838","492","503","11","0","120"
"4","SN-both-ss","instance_30_10_5_37","sorting-network","both","slot-service","OPTIMUM","10,47532","10,42158","22983","73647","1495","494","495","1","0","120"
"4","SN-both-ss","instance_30_10_5_38","sorting-network","both","slot-service","OPTIMUM","30,69273","30,62963","28381","97882","1727","524","527","3","0","120"
"4","SN-both-ss","instance_30_10_5_39","sorting-network","both","slot-service","OPTIMUM","15,2357","15,1745","26381","95088","1757","522","524","2","0","120"
"4","SN-both-ss","instance_30_10_5_4","sorting-network","both","slot-service","UNSATISFIABLE","0,067401","0","0","0","0","","","","","120"
"4","SN-both-ss","instance_30_10_5_40","sorting-network","both","slot-service","UNSATISFIABLE","0,081252","0","0","0","0","","","","","120"
"4","SN-both-ss","instance_30_10_5_41","sorting-network","both","slot-service","UNSATISFIABLE","0,090731","0","0","0","0","","","","","120"
"4","SN-both-ss","instance_30_10_5_42","sorting-network","both","slot-service","OPTIMUM","34,50647","34,43672","34125","119254","1785","484","492","8","0","120"
"4","SN-both-ss","instance_30_10_5_43","sorting-network","both","slot-service","UNSATISFIABLE","0,082061","0","0","0","0","","","","","120"
"4","SN-both-ss","instance_30_10_5_44","sorting-network","both","slot-service","UNSATISFIABLE","0,22939","0","0","0","0","","","","","120"
"4","SN-both-ss","instance_30_10_5_45","sorting-network","both","slot-service","UNSATISFIABLE","0,081737","0","0","0","0","","","","","120"
"4","SN-both-ss","instance_30_10_5_46","sorting-network","both","slot-service","UNSATISFIABLE","0,054115","0","0","0","0","","","","","120"
"4","SN-both-ss","instance_30_10_5_47","sorting-network","both","slot-service","UNSATISFIABLE","0,053769","0","0","0","0","","","","","120"
"4","SN-both-ss","instance_30_10_5_48","sorting-network","both","slot-service","OPTIMUM","72,35324","72,29781","26015","85926","1619","483","494","8","3","120"
"4","SN-both-ss","instance_30_10_5_49","sorting-network","both","slot-service","TIMEOUT","300,114","0","0","0","0","","","","","120"
"4","SN-both-ss","instance_30_10_5_5","sorting-network","both","slot-service","UNSATISFIABLE","0,0845","0","0","0","0","","","","","120"
"4","SN-both-ss","instance_30_10_5_50","sorting-network","both","slot-service","UNSATISFIABLE","0,085453","0","0","0","0","","","","","120"
"4","SN-both-ss","instance_30_10_5_6","sorting-network","both","slot-service","UNSATISFIABLE","0,069626","0","0","0","0","","","","","120"
"4","SN-both-ss","instance_30_10_5_7","sorting-network","both","slot-service","UNSATISFIABLE","0,142413","0","0","0","0","","","","","120"
"4","SN-both-ss","instance_30_10_5_8","sorting-network","both","slot-service","OPTIMUM","7,591087","7,53212","27937","96720","1637","536","537","1","0","120"
"4","SN-both-ss","instance_30_10_5_9","sorting-network","both","slot-service","OPTIMUM","29,30726","29,25028","25593","84713","1426","481","491","10","0","120"
"4","SN-both-ss","instance_30_15_4_1","sorting-network","both","slot-service","OPTIMUM","17,98492","17,91376","30344","112160","2189","443","449","6","0","120"
"4","SN-both-ss","instance_30_15_4_10","sorting-network","both","slot-service","OPTIMUM","16,57293","16,50855","26769","93296","2088","418","426","8","0","120"
"4","SN-both-ss","instance_30_15_4_11","sorting-network","both","slot-service","OPTIMUM","60,39887","60,33949","25407","88972","1814","410","413","3","0","120"
"4","SN-both-ss","instance_30_15_4_12","sorting-network","both","slot-service","OPTIMUM","13,50312","13,44032","26694","94040","1970","440","443","3","0","120"
"4","SN-both-ss","instance_30_15_4_13","sorting-network","both","slot-service","OPTIMUM","9,414546","9,360918","22389","75381","1728","383","387","4","0","120"
"4","SN-both-ss","instance_30_15_4_14","sorting-network","both","slot-service","OPTIMUM","18,39454","18,33207","24509","93490","2034","412","422","10","0","120"
"4","SN-both-ss","instance_30_15_4_15","sorting-network","both","slot-service","OPTIMUM","18,94949","18,87788","31303","116339","2095","448","450","2","0","120"
"4","SN-both-ss","instance_30_15_4_16","sorting-network","both","slot-service","OPTIMUM","11,08616","11,03111","22679","76163","1901","399","401","2","0","120"
"4","SN-both-ss","instance_30_15_4_17","sorting-network","both","slot-service","OPTIMUM","9,141818","9,079759","26188","92725","2046","422","426","4","0","120"
"4","SN-both-ss","instance_30_15_4_18","sorting-network","both","slot-service","OPTIMUM","28,89329","28,80467","34043","138228","2186","458","463","5","0","120"
"4","SN-both-ss","instance_30_15_4_19","sorting-network","both","slot-service","OPTIMUM","10,53461","10,47653","23386","83695","1815","416","425","9","0","120"
"4","SN-both-ss","instance_30_15_4_2","sorting-network","both","slot-service","OPTIMUM","9,478351","9,436665","18563","61289","1847","374","378","4","0","120"
"4","SN-both-ss","instance_30_15_4_20","sorting-network","both","slot-service","OPTIMUM","11,34699","11,29207","21231","71668","1998","428","434","6","0","120"
"4","SN-both-ss","instance_30_15_4_21","sorting-network","both","slot-service","UNSATISFIABLE","0,081596","0","0","0","0","","","","","120"
"4","SN-both-ss","instance_30_15_4_22","sorting-network","both","slot-service","OPTIMUM","3,725098","3,666729","23926","84439","1889","428","434","6","0","120"
"4","SN-both-ss","instance_30_15_4_23","sorting-network","both","slot-service","OPTIMUM","19,97075","19,89883","31474","117462","2117","438","445","7","0","120"
"4","SN-both-ss","instance_30_15_4_24","sorting-network","both","slot-service","OPTIMUM","19,00221","18,934","27799","104865","2136","447","450","3","0","120"
"4","SN-both-ss","instance_30_15_4_25","sorting-network","both","slot-service","OPTIMUM","10,65649","10,59563","27458","89881","2013","408","411","3","0","120"
"4","SN-both-ss","instance_30_15_4_26","sorting-network","both","slot-service","OPTIMUM","11,98321","11,91783","27719","100309","2081","437","439","2","0","120"
"4","SN-both-ss","instance_30_15_4_27","sorting-network","both","slot-service","OPTIMUM","13,09354","13,03019","26574","96022","2004","410","414","4","0","120"
"4","SN-both-ss","instance_30_15_4_28","sorting-network","both","slot-service","OPTIMUM","30,56983","30,50464","27089","100504","1980","421","428","7","0","120"
"4","SN-both-ss","instance_30_15_4_29","sorting-network","both","slot-service","OPTIMUM","15,94216","15,89793","19715","65182","1741","405","409","4","0","120"
"4","SN-both-ss","instance_30_15_4_3","sorting-network","both","slot-service","OPTIMUM","20,62175","20,55292","28347","110709","2089","438","443","5","0","120"
"4","SN-both-ss","instance_30_15_4_30","sorting-network","both","slot-service","OPTIMUM","25,14318","25,07338","30836","117209","2120","437","443","6","0","120"
"4","SN-both-ss","instance_30_15_4_31","sorting-network","both","slot-service","OPTIMUM","16,00324","15,93538","28616","108252","2095","412","418","6","0","120"
"4","SN-both-ss","instance_30_15_4_32","sorting-network","both","slot-service","OPTIMUM","17,0987","17,03111","25514","100719","1995","387","390","3","0","120"
"4","SN-both-ss","instance_30_15_4_33","sorting-network","both","slot-service","OPTIMUM","27,64564","27,57438","30344","111332","2127","435","438","3","0","120"
"4","SN-both-ss","instance_30_15_4_34","sorting-network","both","slot-service","OPTIMUM","10,85389","10,78557","27737","108402","2078","399","401","2","0","120"
"4","SN-both-ss","instance_30_15_4_35","sorting-network","both","slot-service","UNSATISFIABLE","0,101959","0","0","0","0","","","","","120"
"4","SN-both-ss","instance_30_15_4_36","sorting-network","both","slot-service","OPTIMUM","12,59615","12,53009","27604","105036","1952","433","437","4","0","120"
"4","SN-both-ss","instance_30_15_4_37","sorting-network","both","slot-service","OPTIMUM","20,18374","20,12229","25735","92858","2075","427","431","4","0","120"
"4","SN-both-ss","instance_30_15_4_38","sorting-network","both","slot-service","OPTIMUM","10,40947","10,34752","25872","92886","1928","402","405","3","0","120"
"4","SN-both-ss","instance_30_15_4_39","sorting-network","both","slot-service","OPTIMUM","15,00277","14,93523","28252","106009","2104","447","450","3","0","120"
"4","SN-both-ss","instance_30_15_4_4","sorting-network","both","slot-service","OPTIMUM","31,65697","31,58519","30887","119079","2259","451","454","3","0","120"
"4","SN-both-ss","instance_30_15_4_40","sorting-network","both","slot-service","OPTIMUM","8,011708","7,946472","27700","102297","1913","450","450","0","0","120"
"4","SN-both-ss","instance_30_15_4_41","sorting-network","both","slot-service","OPTIMUM","9,950369","9,857056","33042","141836","2293","443","443","0","0","120"
"4","SN-both-ss","instance_30_15_4_42","sorting-network","both","slot-service","OPTIMUM","28,12638","28,05133","32777","122613","2228","437","440","3","0","120"
"4","SN-both-ss","instance_30_15_4_43","sorting-network","both","slot-service","OPTIMUM","34,26532","34,19717","28014","106255","2007","423","429","6","0","120"
"4","SN-both-ss","instance_30_15_4_44","sorting-network","both","slot-service","UNSATISFIABLE","0,086253","0","0","0","0","","","","","120"
"4","SN-both-ss","instance_30_15_4_45","sorting-network","both","slot-service","OPTIMUM","15,83641","15,76257","31696","123780","2171","422","425","3","0","120"
"4","SN-both-ss","instance_30_15_4_46","sorting-network","both","slot-service","OPTIMUM","25,33549","25,26724","27834","107915","2083","450","452","2","0","120"
"4","SN-both-ss","instance_30_15_4_47","sorting-network","both","slot-service","OPTIMUM","25,05204","24,99024","25690","92128","2054","428","432","4","0","120"
"4","SN-both-ss","instance_30_15_4_48","sorting-network","both","slot-service","OPTIMUM","15,54565","15,48169","26392","95046","1979","431","436","5","0","120"
"4","SN-both-ss","instance_30_15_4_49","sorting-network","both","slot-service","OPTIMUM","18,23798","18,16837","30574","107372","1997","436","441","5","0","120"
"4","SN-both-ss","instance_30_15_4_5","sorting-network","both","slot-service","OPTIMUM","18,53384","18,46546","28037","98987","1863","421","428","7","0","120"
"4","SN-both-ss","instance_30_15_4_50","sorting-network","both","slot-service","OPTIMUM","6,283373","6,22608","22897","77376","1841","404","415","11","0","120"
"4","SN-both-ss","instance_30_15_4_6","sorting-network","both","slot-service","OPTIMUM","9,851198","9,798196","20629","72507","1949","441","445","4","0","120"
"4","SN-both-ss","instance_30_15_4_7","sorting-network","both","slot-service","UNSATISFIABLE","0,112021","0","0","0","0","","","","","120"
"4","SN-both-ss","instance_30_15_4_8","sorting-network","both","slot-service","UNSATISFIABLE","0,091362","0","0","0","0","","","","","120"
"4","SN-both-ss","instance_30_15_4_9","sorting-network","both","slot-service","OPTIMUM","19,75864","19,69942","26102","87921","1844","402","408","6","0","120"
"4","SN-both-ss","instance_30_15_5_1","sorting-network","both","slot-service","OPTIMUM","33,94796","33,83686","45067","179944","2654","551","555","4","0","120"
"4","SN-both-ss","instance_30_15_5_10","sorting-network","both","slot-service","UNSATISFIABLE","0,21101","0","0","0","0","","","","","120"
"4","SN-both-ss","instance_30_15_5_11","sorting-network","both","slot-service","OPTIMUM","34,17955","34,08155","37993","133363","2458","540","548","8","0","120"
"4","SN-both-ss","instance_30_15_5_12","sorting-network","both","slot-service","OPTIMUM","28,06606","27,94767","50848","196358","2724","570","572","2","0","120"
"4","SN-both-ss","instance_30_15_5_13","sorting-network","both","slot-service","OPTIMUM","25,02024","24,91313","43981","167624","2479","561","569","8","0","120"
"4","SN-both-ss","instance_30_15_5_14","sorting-network","both","slot-service","OPTIMUM","30,70613","30,61259","36804","133389","2379","534","544","10","0","120"
"4","SN-both-ss","instance_30_15_5_15","sorting-network","both","slot-service","OPTIMUM","32,25528","32,15081","39799","165534","2570","546","547","1","0","120"
"4","SN-both-ss","instance_30_15_5_16","sorting-network","both","slot-service","OPTIMUM","38,50546","38,4052","42808","147253","2439","480","493","13","0","120"
"4","SN-both-ss","instance_30_15_5_17","sorting-network","both","slot-service","OPTIMUM","16,54913","16,47231","32244","122082","2281","548","551","3","0","120"
"4","SN-both-ss","instance_30_15_5_18","sorting-network","both","slot-service","OPTIMUM","33,75149","33,66785","37112","130200","2331","528","530","2","0","120"
"4","SN-both-ss","instance_30_15_5_19","sorting-network","both","slot-service","OPTIMUM","41,03978","40,94106","39139","147434","2619","530","536","6","0","120"
"4","SN-both-ss","instance_30_15_5_2","sorting-network","both","slot-service","OPTIMUM","38,16836","38,06239","42847","164287","2356","554","558","4","0","120"
"4","SN-both-ss","instance_30_15_5_20","sorting-network","both","slot-service","UNSATISFIABLE","0,294261","0","0","0","0","","","","","120"
"4","SN-both-ss","instance_30_15_5_21","sorting-network","both","slot-service","OPTIMUM","44,52399","44,42897","37514","141102","2476","511","514","3","0","120"
"4","SN-both-ss","instance_30_15_5_22","sorting-network","both","slot-service","OPTIMUM","18,23049","18,12388","42262","160266","2602","539","544","5","0","120"
"4","SN-both-ss","instance_30_15_5_23","sorting-network","both","slot-service","OPTIMUM","37,54206","37,43716","43849","161195","2661","540","546","6","0","120"
"4","SN-both-ss","instance_30_15_5_24","sorting-network","both","slot-service","OPTIMUM","29,73168","29,6249","43193","167048","2610","566","569","3","0","120"
"4","SN-both-ss","instance_30_15_5_25","sorting-network","both","slot-service","OPTIMUM","27,15468","27,05826","39202","141236","2365","541","544","3","0","120"
"4","SN-both-ss","instance_30_15_5_26","sorting-network","both","slot-service","UNSATISFIABLE","0,360383","0","0","0","0","","","","","120"
"4","SN-both-ss","instance_30_15_5_27","sorting-network","both","slot-service","OPTIMUM","209,2709","209,1759","39004","139764","2461","537","546","9","0","120"
"4","SN-both-ss","instance_30_15_5_28","sorting-network","both","slot-service","OPTIMUM","34,73877","34,62408","46689","187798","2491","561","565","4","0","120"
"4","SN-both-ss","instance_30_15_5_29","sorting-network","both","slot-service","OPTIMUM","59,7747","59,65978","45881","187020","2730","550","551","1","0","120"
"4","SN-both-ss","instance_30_15_5_3","sorting-network","both","slot-service","OPTIMUM","13,78019","13,71094","28637","101803","2307","515","520","5","0","120"
"4","SN-both-ss","instance_30_15_5_30","sorting-network","both","slot-service","OPTIMUM","12,37914","12,31023","29353","95271","2205","440","450","10","0","120"
"4","SN-both-ss","instance_30_15_5_31","sorting-network","both","slot-service","OPTIMUM","21,59212","21,51381","34205","125801","2239","522","531","9","0","120"
"4","SN-both-ss","instance_30_15_5_32","sorting-network","both","slot-service","OPTIMUM","24,55302","24,48443","29292","103992","2299","509","518","9","0","120"
"4","SN-both-ss","instance_30_15_5_33","sorting-network","both","slot-service","UNSATISFIABLE","0,438492","0","0","0","0","","","","","120"
"4","SN-both-ss","instance_30_15_5_34","sorting-network","both","slot-service","OPTIMUM","19,78197","19,67991","41267","165841","2632","591","591","0","0","120"
"4","SN-both-ss","instance_30_15_5_35","sorting-network","both","slot-service","OPTIMUM","40,23452","40,14097","37547","136161","2431","532","539","7","0","120"
"4","SN-both-ss","instance_30_15_5_36","sorting-network","both","slot-service","OPTIMUM","17,11641","17,04719","30954","108987","2366","507","513","6","0","120"
"4","SN-both-ss","instance_30_15_5_37","sorting-network","both","slot-service","UNSATISFIABLE","0,667477","0","0","0","0","","","","","120"
"4","SN-both-ss","instance_30_15_5_38","sorting-network","both","slot-service","UNSATISFIABLE","0,23679","0","0","0","0","","","","","120"
"4","SN-both-ss","instance_30_15_5_39","sorting-network","both","slot-service","OPTIMUM","24,3963","24,30618","34475","131641","2349","507","514","7","0","120"
"4","SN-both-ss","instance_30_15_5_4","sorting-network","both","slot-service","UNSATISFIABLE","0,273547","0","0","0","0","","","","","120"
"4","SN-both-ss","instance_30_15_5_40","sorting-network","both","slot-service","OPTIMUM","39,42764","39,33494","38254","137844","2487","526","536","10","0","120"
"4","SN-both-ss","instance_30_15_5_41","sorting-network","both","slot-service","OPTIMUM","34,60919","34,5316","34940","128047","2282","539","542","3","0","120"
"4","SN-both-ss","instance_30_15_5_42","sorting-network","both","slot-service","OPTIMUM","41,36939","41,26277","47718","166449","2533","537","547","10","0","120"
"4","SN-both-ss","instance_30_15_5_43","sorting-network","both","slot-service","OPTIMUM","34,99021","34,91848","31092","113411","2271","533","542","9","0","120"
"4","SN-both-ss","instance_30_15_5_44","sorting-network","both","slot-service","OPTIMUM","40,08402","39,9911","38675","136286","2490","545","552","7","0","120"
"4","SN-both-ss","instance_30_15_5_45","sorting-network","both","slot-service","OPTIMUM","26,64853","26,54739","41798","159529","2376","557","558","1","0","120"
"4","SN-both-ss","instance_30_15_5_46","sorting-network","both","slot-service","OPTIMUM","39,90848","39,79561","46337","182871","2583","552","553","1","0","120"
"4","SN-both-ss","instance_30_15_5_47","sorting-network","both","slot-service","OPTIMUM","16,21005","16,10468","42852","166682","2504","551","557","6","0","120"
"4","SN-both-ss","instance_30_15_5_48","sorting-network","both","slot-service","OPTIMUM","27,54644","27,47313","35499","115272","2292","498","511","13","0","120"
"4","SN-both-ss","instance_30_15_5_49","sorting-network","both","slot-service","UNSATISFIABLE","0,158232","0","0","0","0","","","","","120"
"4","SN-both-ss","instance_30_15_5_5","sorting-network","both","slot-service","OPTIMUM","31,37247","31,27488","40926","143973","2479","531","539","8","0","120"
"4","SN-both-ss","instance_30_15_5_50","sorting-network","both","slot-service","OPTIMUM","34,1792","34,08621","37364","136575","2407","555","558","3","0","120"
"4","SN-both-ss","instance_30_15_5_6","sorting-network","both","slot-service","OPTIMUM","18,00638","17,89599","46717","181324","2594","546","546","0","0","120"
"4","SN-both-ss","instance_30_15_5_7","sorting-network","both","slot-service","OPTIMUM","7,420204","7,32602","37508","137703","2344","544","545","1","0","120"
"4","SN-both-ss","instance_30_15_5_8","sorting-network","both","slot-service","OPTIMUM","43,03407","42,95866","33676","121386","2208","505","514","9","0","120"
"4","SN-both-ss","instance_30_15_5_9","sorting-network","both","slot-service","OPTIMUM","28,27209","28,17198","38980","149970","2463","531","533","2","0","120"
"4","SN-both-ss","instance_30_20_4_1","sorting-network","both","slot-service","OPTIMUM","27,55615","27,46113","38330","145485","2920","414","419","5","0","120"
"4","SN-both-ss","instance_30_20_4_10","sorting-network","both","slot-service","OPTIMUM","14,54671","14,47398","30510","117682","2784","442","446","4","0","120"
"4","SN-both-ss","instance_30_20_4_11","sorting-network","both","slot-service","OPTIMUM","41,13267","41,04019","36340","144139","2749","454","456","2","0","120"
"4","SN-both-ss","instance_30_20_4_12","sorting-network","both","slot-service","OPTIMUM","33,82507","33,72459","41637","160450","2929","446","448","2","0","120"
"4","SN-both-ss","instance_30_20_4_13","sorting-network","both","slot-service","OPTIMUM","35,95987","35,86251","38572","148546","2934","444","447","3","0","120"
"4","SN-both-ss","instance_30_20_4_14","sorting-network","both","slot-service","OPTIMUM","12,44705","12,38394","25251","90858","2445","462","463","1","0","120"
"4","SN-both-ss","instance_30_20_4_15","sorting-network","both","slot-service","OPTIMUM","27,2572","27,15962","38226","158833","2849","461","463","2","0","120"
"4","SN-both-ss","instance_30_20_4_16","sorting-network","both","slot-service","OPTIMUM","34,63906","34,5394","38132","165475","2661","420","423","3","0","120"
"4","SN-both-ss","instance_30_20_4_17","sorting-network","both","slot-service","OPTIMUM","10,07676","10,01255","25183","102771","2334","421","423","2","0","120"
"4","SN-both-ss","instance_30_20_4_18","sorting-network","both","slot-service","OPTIMUM","28,70979","28,63514","31176","122089","2540","435","440","5","0","120"
"4","SN-both-ss","instance_30_20_4_19","sorting-network","both","slot-service","OPTIMUM","20,43451","20,34532","34486","134634","2744","459","463","4","0","120"
"4","SN-both-ss","instance_30_20_4_2","sorting-network","both","slot-service","OPTIMUM","26,77893","26,70722","30713","114442","2536","430","437","7","0","120"
"4","SN-both-ss","instance_30_20_4_20","sorting-network","both","slot-service","OPTIMUM","18,39554","18,30648","34454","135089","2549","445","447","2","0","120"
"4","SN-both-ss","instance_30_20_4_21","sorting-network","both","slot-service","OPTIMUM","29,05552","28,95738","38011","155434","2891","438","440","2","0","120"
"4","SN-both-ss","instance_30_20_4_22","sorting-network","both","slot-service","OPTIMUM","32,68615","32,60951","33159","126926","2631","432","438","6","0","120"
"4","SN-both-ss","instance_30_20_4_23","sorting-network","both","slot-service","OPTIMUM","8,430902","8,362222","27569","109331","2482","455","455","0","0","120"
"4","SN-both-ss","instance_30_20_4_24","sorting-network","both","slot-service","OPTIMUM","32,65546","32,5463","42982","188143","2912","453","457","4","0","120"
"4","SN-both-ss","instance_30_20_4_25","sorting-network","both","slot-service","OPTIMUM","14,04712","13,97773","29345","112705","2544","439","441","2","0","120"
"4","SN-both-ss","instance_30_20_4_26","sorting-network","both","slot-service","OPTIMUM","20,70128","20,60653","37122","148566","2849","461","463","2","0","120"
"4","SN-both-ss","instance_30_20_4_27","sorting-network","both","slot-service","OPTIMUM","20,58869","20,49347","34888","148489","2912","463","463","0","0","120"
"4","SN-both-ss","instance_30_20_4_28","sorting-network","both","slot-service","OPTIMUM","12,7976","12,71901","32590","127504","2670","456","456","0","0","120"
"4","SN-both-ss","instance_30_20_4_29","sorting-network","both","slot-service","OPTIMUM","27,39145","27,29581","37310","153042","2850","469","471","2","0","120"
"4","SN-both-ss","instance_30_20_4_3","sorting-network","both","slot-service","OPTIMUM","27,45308","27,36307","34295","132313","2639","457","462","5","0","120"
"4","SN-both-ss","instance_30_20_4_30","sorting-network","both","slot-service","OPTIMUM","15,4826","15,38482","36813","159024","2701","467","468","1","0","120"
"4","SN-both-ss","instance_30_20_4_31","sorting-network","both","slot-service","OPTIMUM","4,331563","4,257919","30323","120179","2487","455","456","1","0","120"
"4","SN-both-ss","instance_30_20_4_32","sorting-network","both","slot-service","OPTIMUM","29,50796","29,40097","40895","175720","2998","455","458","3","0","120"
"4","SN-both-ss","instance_30_20_4_33","sorting-network","both","slot-service","OPTIMUM","10,37996","10,30765","28551","114876","2615","441","441","0","0","120"
"4","SN-both-ss","instance_30_20_4_34","sorting-network","both","slot-service","OPTIMUM","22,20342","22,10607","35034","141103","2759","461","463","2","0","120"
"4","SN-both-ss","instance_30_20_4_35","sorting-network","both","slot-service","OPTIMUM","8,932308","8,856308","32917","119085","2484","433","441","8","0","120"
"4","SN-both-ss","instance_30_20_4_36","sorting-network","both","slot-service","OPTIMUM","23,78902","23,71133","33051","124442","2395","442","449","7","0","120"
"4","SN-both-ss","instance_30_20_4_37","sorting-network","both","slot-service","OPTIMUM","22,90029","22,79573","38667","162578","2732","464","464","0","0","120"
"4","SN-both-ss","instance_30_20_4_38","sorting-network","both","slot-service","OPTIMUM","13,83416","13,74305","31693","137390","2582","446","447","1","0","120"
"4","SN-both-ss","instance_30_20_4_39","sorting-network","both","slot-service","OPTIMUM","29,61972","29,54029","33750","129457","2698","467","468","1","0","120"
"4","SN-both-ss","instance_30_20_4_4","sorting-network","both","slot-service","OPTIMUM","31,00291","30,92595","34270","127594","2672","435","439","4","0","120"
"4","SN-both-ss","instance_30_20_4_40","sorting-network","both","slot-service","OPTIMUM","20,19877","20,09337","42906","175808","2988","465","466","1","0","120"
"4","SN-both-ss","instance_30_20_4_41","sorting-network","both","slot-service","OPTIMUM","27,64981","27,57888","29105","112965","2582","455","459","4","0","120"
"4","SN-both-ss","instance_30_20_4_42","sorting-network","both","slot-service","OPTIMUM","15,72824","15,65541","30402","117357","2613","443","448","5","0","120"
"4","SN-both-ss","instance_30_20_4_43","sorting-network","both","slot-service","OPTIMUM","7,187355","7,127942","22855","85010","2288","430","433","3","0","120"
"4","SN-both-ss","instance_30_20_4_44","sorting-network","both","slot-service","OPTIMUM","24,91483","24,84577","27314","107758","2471","447","449","2","0","120"
"4","SN-both-ss","instance_30_20_4_45","sorting-network","both","slot-service","OPTIMUM","25,33509","25,24477","34664","133052","2680","460","461","1","0","120"
"4","SN-both-ss","instance_30_20_4_46","sorting-network","both","slot-service","OPTIMUM","15,79325","15,7186","29595","108429","2581","443","449","6","0","120"
"4","SN-both-ss","instance_30_20_4_47","sorting-network","both","slot-service","OPTIMUM","16,95201","16,85532","37377","141042","2727","459","464","5","0","120"
"4","SN-both-ss","instance_30_20_4_48","sorting-network","both","slot-service","OPTIMUM","30,10017","30,0086","33962","132220","2635","445","449","4","0","120"
"4","SN-both-ss","instance_30_20_4_49","sorting-network","both","slot-service","OPTIMUM","21,49834","21,42211","33567","116497","2524","415","423","8","0","120"
"4","SN-both-ss","instance_30_20_4_5","sorting-network","both","slot-service","OPTIMUM","27,47714","27,40114","33271","122163","2559","442","447","5","0","120"
"4","SN-both-ss","instance_30_20_4_50","sorting-network","both","slot-service","OPTIMUM","10,09634","10,02481","28895","116979","2642","437","439","2","0","120"
"4","SN-both-ss","instance_30_20_4_6","sorting-network","both","slot-service","OPTIMUM","28,29996","28,2271","31186","115417","2593","442","448","6","0","120"
"4","SN-both-ss","instance_30_20_4_7","sorting-network","both","slot-service","OPTIMUM","21,74053","21,64812","33859","131797","2571","431","437","6","0","120"
"4","SN-both-ss","instance_30_20_4_8","sorting-network","both","slot-service","OPTIMUM","23,05882","22,98634","31168","115851","2518","445","450","5","0","120"
"4","SN-both-ss","instance_30_20_4_9","sorting-network","both","slot-service","OPTIMUM","30,44923","30,37583","33479","116720","2549","431","438","7","0","120"
"4","SN-both-ss","instance_30_20_5_1","sorting-network","both","slot-service","OPTIMUM","16,72106","16,61044","47525","184627","3148","545","552","7","0","120"
"4","SN-both-ss","instance_30_20_5_10","sorting-network","both","slot-service","OPTIMUM","15,67873","15,58484","38632","144845","3092","531","537","6","0","120"
"4","SN-both-ss","instance_30_20_5_11","sorting-network","both","slot-service","OPTIMUM","17,86348","17,75167","50042","192508","3277","549","553","4","0","120"
"4","SN-both-ss","instance_30_20_5_12","sorting-network","both","slot-service","OPTIMUM","35,33785","35,22432","46406","196170","3050","560","565","5","0","120"
"4","SN-both-ss","instance_30_20_5_13","sorting-network","both","slot-service","OPTIMUM","22,94427","22,82577","48708","198571","3302","569","575","6","0","120"
"4","SN-both-ss","instance_30_20_5_14","sorting-network","both","slot-service","OPTIMUM","52,76221","52,62898","55236","245153","3621","586","589","3","0","120"
"4","SN-both-ss","instance_30_20_5_15","sorting-network","both","slot-service","OPTIMUM","40,47547","40,37851","43215","153567","2983","552","557","5","0","120"
"4","SN-both-ss","instance_30_20_5_16","sorting-network","both","slot-service","OPTIMUM","31,439","31,33088","47069","178465","3115","575","582","7","0","120"
"4","SN-both-ss","instance_30_20_5_17","sorting-network","both","slot-service","OPTIMUM","33,81394","33,70607","45342","182600","3244","530","532","2","0","120"
"4","SN-both-ss","instance_30_20_5_18","sorting-network","both","slot-service","OPTIMUM","57,95632","57,82342","58658","243995","3330","568","577","9","0","120"
"4","SN-both-ss","instance_30_20_5_19","sorting-network","both","slot-service","OPTIMUM","19,30784","19,1974","44935","184744","3049","551","555","4","0","120"
"4","SN-both-ss","instance_30_20_5_2","sorting-network","both","slot-service","OPTIMUM","49,35176","49,24503","43887","174198","3189","540","544","4","0","120"
"4","SN-both-ss","instance_30_20_5_20","sorting-network","both","slot-service","OPTIMUM","23,69966","23,58598","49964","189133","3294","559","565","6","0","120"
"4","SN-both-ss","instance_30_20_5_21","sorting-network","both","slot-service","OPTIMUM","41,33609","41,22722","47465","176177","3170","526","535","9","0","120"
"4","SN-both-ss","instance_30_20_5_22","sorting-network","both","slot-service","OPTIMUM","51,97346","51,8582","48399","194863","3343","561","568","7","0","120"
"4","SN-both-ss","instance_30_20_5_23","sorting-network","both","slot-service","OPTIMUM","38,45053","38,35661","37578","140722","2845","545","550","5","0","120"
"4","SN-both-ss","instance_30_20_5_24","sorting-network","both","slot-service","OPTIMUM","26,07417","25,96106","47978","196100","3110","572","576","4","0","120"
"4","SN-both-ss","instance_30_20_5_25","sorting-network","both","slot-service","OPTIMUM","25,44274","25,33458","46109","180623","3140","565","571","6","0","120"
"4","SN-both-ss","instance_30_20_5_26","sorting-network","both","slot-service","OPTIMUM","34,77211","34,67193","44023","163994","3024","561","566","5","0","120"
"4","SN-both-ss","instance_30_20_5_27","sorting-network","both","slot-service","OPTIMUM","35,52543","35,42073","43526","162163","3202","516","531","15","0","120"
"4","SN-both-ss","instance_30_20_5_28","sorting-network","both","slot-service","OPTIMUM","42,27403","42,17737","42299","143496","2857","523","534","11","0","120"
"4","SN-both-ss","instance_30_20_5_29","sorting-network","both","slot-service","OPTIMUM","12,14216","12,04613","37724","142574","2903","560","562","2","0","120"
"4","SN-both-ss","instance_30_20_5_3","sorting-network","both","slot-service","OPTIMUM","10,18086","10,08042","39005","159530","3048","566","566","0","0","120"
"4","SN-both-ss","instance_30_20_5_30","sorting-network","both","slot-service","OPTIMUM","42,38443","42,27046","48040","190485","3308","566","572","6","0","120"
"4","SN-both-ss","instance_30_20_5_31","sorting-network","both","slot-service","OPTIMUM","30,63555","30,52372","44596","195253","3115","582","582","0","0","120"
"4","SN-both-ss","instance_30_20_5_32","sorting-network","both","slot-service","OPTIMUM","37,02704","36,90948","51768","201831","3318","556","566","10","0","120"
"4","SN-both-ss","instance_30_20_5_33","sorting-network","both","slot-service","OPTIMUM","41,90824","41,80603","43721","160880","2869","517","525","8","0","120"
"4","SN-both-ss","instance_30_20_5_34","sorting-network","both","slot-service","OPTIMUM","17,31505","17,19678","51442","209418","3332","568","571","3","0","120"
"4","SN-both-ss","instance_30_20_5_35","sorting-network","both","slot-service","OPTIMUM","38,27097","38,15933","48648","190367","3039","557","562","5","0","120"
"4","SN-both-ss","instance_30_20_5_36","sorting-network","both","slot-service","OPTIMUM","20,91653","20,81558","42859","157440","2995","550","556","6","0","120"
"4","SN-both-ss","instance_30_20_5_37","sorting-network","both","slot-service","OPTIMUM","30,19413","30,08311","47011","180170","3053","547","553","6","0","120"
"4","SN-both-ss","instance_30_20_5_38","sorting-network","both","slot-service","OPTIMUM","47,40075","47,28021","49893","210115","3211","563","571","8","0","120"
"4","SN-both-ss","instance_30_20_5_39","sorting-network","both","slot-service","OPTIMUM","16,33029","16,23994","34418","134986","3057","545","546","1","0","120"
"4","SN-both-ss","instance_30_20_5_4","sorting-network","both","slot-service","OPTIMUM","64,02271","63,89754","54896","227550","3468","572","578","6","0","120"
"4","SN-both-ss","instance_30_20_5_40","sorting-network","both","slot-service","OPTIMUM","32,7654","32,64008","55440","226350","3586","574","578","4","0","120"
"4","SN-both-ss","instance_30_20_5_41","sorting-network","both","slot-service","OPTIMUM","55,2007","55,07868","55164","219298","3299","567","573","6","0","120"
"4","SN-both-ss","instance_30_20_5_42","sorting-network","both","slot-service","OPTIMUM","41,41808","41,28922","53516","229183","3338","590","590","0","0","120"
"4","SN-both-ss","instance_30_20_5_43","sorting-network","both","slot-service","OPTIMUM","14,8225","14,73157","36132","135863","2844","558","568","10","0","120"
"4","SN-both-ss","instance_30_20_5_44","sorting-network","both","slot-service","OPTIMUM","29,81634","29,70412","49383","190961","3134","573","577","4","0","120"
"4","SN-both-ss","instance_30_20_5_45","sorting-network","both","slot-service","OPTIMUM","30,4857","30,38833","39223","145072","2798","559","564","5","0","120"
"4","SN-both-ss","instance_30_20_5_46","sorting-network","both","slot-service","OPTIMUM","25,14693","25,04138","46409","170024","3011","558","565","7","0","120"
"4","SN-both-ss","instance_30_20_5_47","sorting-network","both","slot-service","OPTIMUM","26,19321","26,08768","44056","174493","3191","570","572","2","0","120"
"4","SN-both-ss","instance_30_20_5_48","sorting-network","both","slot-service","OPTIMUM","12,566","12,45612","44796","184955","3254","576","576","0","0","120"
"4","SN-both-ss","instance_30_20_5_49","sorting-network","both","slot-service","OPTIMUM","38,07123","37,96473","45109","182972","3099","542","549","7","0","120"
"4","SN-both-ss","instance_30_20_5_5","sorting-network","both","slot-service","OPTIMUM","55,63846","55,54011","41895","156190","2939","534","543","9","0","120"
"4","SN-both-ss","instance_30_20_5_50","sorting-network","both","slot-service","UNSATISFIABLE","0,17361","0","0","0","0","","","","","120"
"4","SN-both-ss","instance_30_20_5_6","sorting-network","both","slot-service","OPTIMUM","36,85265","36,72147","56045","243154","3318","575","577","2","0","120"
"4","SN-both-ss","instance_30_20_5_7","sorting-network","both","slot-service","OPTIMUM","27,82638","27,72047","43928","180099","3135","558","564","6","0","120"
"4","SN-both-ss","instance_30_20_5_8","sorting-network","both","slot-service","OPTIMUM","29,08328","28,96986","50448","192170","3305","563","569","6","0","120"
"4","SN-both-ss","instance_30_20_5_9","sorting-network","both","slot-service","OPTIMUM","24,68806","24,58339","43209","173450","3043","537","547","10","0","120"
"4","SN-both-ss","instance_30_25_4_1","sorting-network","both","slot-service","OPTIMUM","57,87257","57,77605","34924","147847","2997","454","460","6","0","120"
"4","SN-both-ss","instance_30_25_4_10","sorting-network","both","slot-service","OPTIMUM","17,69967","17,6061","35119","144969","3332","453","456","3","0","120"
"4","SN-both-ss","instance_30_25_4_11","sorting-network","both","slot-service","OPTIMUM","24,65436","24,54082","44188","197959","3201","457","458","1","0","120"
"4","SN-both-ss","instance_30_25_4_12","sorting-network","both","slot-service","OPTIMUM","47,02606","46,92198","40544","168906","3338","437","439","2","0","120"
"4","SN-both-ss","instance_30_25_4_13","sorting-network","both","slot-service","OPTIMUM","25,34764","25,23708","42931","179807","3437","462","466","4","0","120"
"4","SN-both-ss","instance_30_25_4_14","sorting-network","both","slot-service","OPTIMUM","33,84718","33,75558","35498","139996","3384","447","450","3","0","120"
"4","SN-both-ss","instance_30_25_4_15","sorting-network","both","slot-service","OPTIMUM","17,77497","17,67922","36036","133575","3065","446","451","5","0","120"
"4","SN-both-ss","instance_30_25_4_16","sorting-network","both","slot-service","OPTIMUM","21,00575","20,90241","37004","171454","3155","449","449","0","0","120"
"4","SN-both-ss","instance_30_25_4_17","sorting-network","both","slot-service","OPTIMUM","18,8043","18,69342","44062","190328","3514","444","449","5","0","120"
"4","SN-both-ss","instance_30_25_4_18","sorting-network","both","slot-service","OPTIMUM","35,69828","35,59406","43383","170230","3387","456","458","2","0","120"
"4","SN-both-ss","instance_30_25_4_19","sorting-network","both","slot-service","OPTIMUM","34,28584","34,18914","36440","153604","3505","436","441","5","0","120"
"4","SN-both-ss","instance_30_25_4_2","sorting-network","both","slot-service","OPTIMUM","19,1859","19,0826","38498","171483","3289","471","471","0","0","120"
"4","SN-both-ss","instance_30_25_4_20","sorting-network","both","slot-service","OPTIMUM","25,07435","24,97011","42273","169118","3244","462","468","6","0","120"
"4","SN-both-ss","instance_30_25_4_21","sorting-network","both","slot-service","OPTIMUM","26,43662","26,36037","32620","128098","3100","457","462","5","0","120"
"4","SN-both-ss","instance_30_25_4_22","sorting-network","both","slot-service","OPTIMUM","32,82584","32,71746","43620","185764","3440","466","469","3","0","120"
"4","SN-both-ss","instance_30_25_4_23","sorting-network","both","slot-service","OPTIMUM","19,55556","19,45448","39010","166300","3467","465","468","3","0","120"
"4","SN-both-ss","instance_30_25_4_24","sorting-network","both","slot-service","OPTIMUM","30,40071","30,29368","42698","184735","3224","460","461","1","0","120"
"4","SN-both-ss","instance_30_25_4_25","sorting-network","both","slot-service","OPTIMUM","41,25003","41,09264","55347","263606","3750","459","461","2","0","120"
"4","SN-both-ss","instance_30_25_4_26","sorting-network","both","slot-service","OPTIMUM","13,73015","13,63189","35249","143813","3126","461","465","4","0","120"
"4","SN-both-ss","instance_30_25_4_27","sorting-network","both","slot-service","OPTIMUM","40,00541","39,88853","43539","211311","3317","467","470","3","0","120"
"4","SN-both-ss","instance_30_25_4_28","sorting-network","both","slot-service","OPTIMUM","20,03964","19,96926","28826","113659","2922","411","413","2","0","120"
"4","SN-both-ss","instance_30_25_4_29","sorting-network","both","slot-service","OPTIMUM","42,52395","42,40598","49106","209816","3611","461","464","3","0","120"
"4","SN-both-ss","instance_30_25_4_3","sorting-network","both","slot-service","OPTIMUM","26,40462","26,30258","42964","162848","3320","427","433","6","0","120"
"4","SN-both-ss","instance_30_25_4_30","sorting-network","both","slot-service","OPTIMUM","35,35113","35,24784","41571","169891","3370","453","459","6","0","120"
"4","SN-both-ss","instance_30_25_4_31","sorting-network","both","slot-service","OPTIMUM","21,4737","21,37108","41062","166914","3354","437","439","2","0","120"
"4","SN-both-ss","instance_30_25_4_32","sorting-network","both","slot-service","OPTIMUM","24,85147","24,76119","34814","133133","3418","450","453","3","0","120"
"4","SN-both-ss","instance_30_25_4_33","sorting-network","both","slot-service","OPTIMUM","17,53809","17,42348","44721","198845","3348","470","470","0","0","120"
"4","SN-both-ss","instance_30_25_4_34","sorting-network","both","slot-service","OPTIMUM","29,5918","29,4753","45266","208324","3619","458","460","2","0","120"
"4","SN-both-ss","instance_30_25_4_35","sorting-network","both","slot-service","OPTIMUM","17,67551","17,58004","37850","147163","3092","447","451","4","0","120"
"4","SN-both-ss","instance_30_25_4_36","sorting-network","both","slot-service","OPTIMUM","32,00181","31,90163","36692","160594","3209","457","458","1","0","120"
"4","SN-both-ss","instance_30_25_4_37","sorting-network","both","slot-service","OPTIMUM","23,29171","23,1868","38928","170984","3378","440","444","4","0","120"
"4","SN-both-ss","instance_30_25_4_38","sorting-network","both","slot-service","OPTIMUM","25,17264","25,0644","41724","185822","3532","454","457","3","0","120"
"4","SN-both-ss","instance_30_25_4_39","sorting-network","both","slot-service","OPTIMUM","27,77498","27,6706","39805","175263","3240","428","433","5","0","120"
"4","SN-both-ss","instance_30_25_4_4","sorting-network","both","slot-service","OPTIMUM","22,83958","22,76255","33781","126369","3164","452","456","4","0","120"
"4","SN-both-ss","instance_30_25_4_40","sorting-network","both","slot-service","OPTIMUM","25,49785","25,39335","45365","168755","3492","450","453","3","0","120"
"4","SN-both-ss","instance_30_25_4_41","sorting-network","both","slot-service","OPTIMUM","25,11865","25,01877","38452","160667","3336","448","454","6","0","120"
"4","SN-both-ss","instance_30_25_4_42","sorting-network","both","slot-service","OPTIMUM","57,63704","57,50552","53002","241929","3706","475","476","1","0","120"
"4","SN-both-ss","instance_30_25_4_43","sorting-network","both","slot-service","OPTIMUM","22,42229","22,31983","39204","172552","3385","466","468","2","0","120"
"4","SN-both-ss","instance_30_25_4_44","sorting-network","both","slot-service","OPTIMUM","21,85802","21,76056","35639","152337","3239","431","437","6","0","120"
"4","SN-both-ss","instance_30_25_4_45","sorting-network","both","slot-service","OPTIMUM","28,38206","28,28303","39564","149719","3342","448","453","5","0","120"
"4","SN-both-ss","instance_30_25_4_46","sorting-network","both","slot-service","OPTIMUM","36,71914","36,59425","46399","233179","3715","470","473","3","0","120"
"4","SN-both-ss","instance_30_25_4_47","sorting-network","both","slot-service","OPTIMUM","29,12016","29,01472","37977","161127","3208","474","475","1","0","120"
"4","SN-both-ss","instance_30_25_4_48","sorting-network","both","slot-service","OPTIMUM","33,46313","33,35439","39651","185885","3270","465","465","0","0","120"
"4","SN-both-ss","instance_30_25_4_49","sorting-network","both","slot-service","OPTIMUM","19,71943","19,63981","34479","130995","3097","456","461","5","0","120"
"4","SN-both-ss","instance_30_25_4_5","sorting-network","both","slot-service","OPTIMUM","30,36484","30,2578","40427","169941","3517","463","464","1","0","120"
"4","SN-both-ss","instance_30_25_4_50","sorting-network","both","slot-service","OPTIMUM","30,43983","30,31836","45379","219567","3350","471","473","2","0","120"
"4","SN-both-ss","instance_30_25_4_6","sorting-network","both","slot-service","OPTIMUM","17,71942","17,62411","36885","151279","3036","461","466","5","0","120"
"4","SN-both-ss","instance_30_25_4_7","sorting-network","both","slot-service","OPTIMUM","31,17701","31,06008","42803","192692","3383","473","475","2","0","120"
"4","SN-both-ss","instance_30_25_4_8","sorting-network","both","slot-service","OPTIMUM","25,22328","25,11401","44764","184899","3653","475","475","0","0","120"
"4","SN-both-ss","instance_30_25_4_9","sorting-network","both","slot-service","OPTIMUM","30,859","30,75576","37712","168634","3348","463","465","2","0","120"
"4","SN-both-ss","instance_30_25_5_1","sorting-network","both","slot-service","OPTIMUM","31,20726","31,0777","52826","209113","3860","578","583","5","0","120"
"4","SN-both-ss","instance_30_25_5_10","sorting-network","both","slot-service","OPTIMUM","34,7604","34,6409","46686","180765","3652","554","563","9","0","120"
"4","SN-both-ss","instance_30_25_5_11","sorting-network","both","slot-service","OPTIMUM","28,31295","28,17907","51151","216679","3659","569","571","2","0","120"
"4","SN-both-ss","instance_30_25_5_12","sorting-network","both","slot-service","OPTIMUM","37,24539","37,11398","48976","213553","3997","580","581","1","0","120"
"4","SN-both-ss","instance_30_25_5_13","sorting-network","both","slot-service","OPTIMUM","52,01691","51,87949","55502","233850","3734","588","590","2","0","120"
"4","SN-both-ss","instance_30_25_5_14","sorting-network","both","slot-service","OPTIMUM","35,70899","35,57256","55546","226672","3837","571","579","8","0","120"
"4","SN-both-ss","instance_30_25_5_15","sorting-network","both","slot-service","OPTIMUM","28,67079","28,53833","55112","214629","3927","554","561","7","0","120"
"4","SN-both-ss","instance_30_25_5_16","sorting-network","both","slot-service","OPTIMUM","40,26922","40,08934","63511","265749","4022","579","583","4","0","120"
"4","SN-both-ss","instance_30_25_5_17","sorting-network","both","slot-service","UNSATISFIABLE","0,981864","0","0","0","0","","","","","120"
"4","SN-both-ss","instance_30_25_5_18","sorting-network","both","slot-service","OPTIMUM","60,24591","60,07068","59521","267773","4214","565","568","3","0","120"
"4","SN-both-ss","instance_30_25_5_19","sorting-network","both","slot-service","OPTIMUM","34,50449","34,36641","54818","235130","4001","556","567","11","0","120"
"4","SN-both-ss","instance_30_25_5_2","sorting-network","both","slot-service","OPTIMUM","50,82546","50,69753","50217","204155","3693","550","556","6","0","120"
"4","SN-both-ss","instance_30_25_5_20","sorting-network","both","slot-service","OPTIMUM","42,82274","42,68339","53533","217101","3881","577","579","2","0","120"
"4","SN-both-ss","instance_30_25_5_21","sorting-network","both","slot-service","OPTIMUM","52,83696","52,69964","53464","225178","3786","571","579","8","0","120"
"4","SN-both-ss","instance_30_25_5_22","sorting-network","both","slot-service","OPTIMUM","112,9614","112,836","51930","200723","3498","574","580","6","0","120"
"4","SN-both-ss","instance_30_25_5_23","sorting-network","both","slot-service","OPTIMUM","40,48374","40,35368","49705","214848","3665","572","573","1","0","120"
"4","SN-both-ss","instance_30_25_5_24","sorting-network","both","slot-service","OPTIMUM","53,36795","53,22279","57176","248041","4173","581","584","3","0","120"
"4","SN-both-ss","instance_30_25_5_25","sorting-network","both","slot-service","OPTIMUM","48,93841","48,75927","68517","286408","4043","575","582","7","0","120"
"4","SN-both-ss","instance_30_25_5_26","sorting-network","both","slot-service","OPTIMUM","31,82266","31,69495","51982","202589","3787","570","574","4","0","120"
"4","SN-both-ss","instance_30_25_5_27","sorting-network","both","slot-service","OPTIMUM","51,50963","51,37429","52598","231957","3924","583","587","4","0","120"
"4","SN-both-ss","instance_30_25_5_28","sorting-network","both","slot-service","OPTIMUM","33,64883","33,49663","59225","259873","4075","584","587","3","0","120"
"4","SN-both-ss","instance_30_25_5_29","sorting-network","both","slot-service","OPTIMUM","53,7207","53,57329","56912","254119","4011","565","567","2","0","120"
"4","SN-both-ss","instance_30_25_5_3","sorting-network","both","slot-service","OPTIMUM","37,46137","37,33825","51237","195820","3857","566","571","5","0","120"
"4","SN-both-ss","instance_30_25_5_30","sorting-network","both","slot-service","OPTIMUM","37,22651","37,09412","52379","219404","3812","558","569","11","0","120"
"4","SN-both-ss","instance_30_25_5_31","sorting-network","both","slot-service","OPTIMUM","45,67222","45,55744","43588","177945","3640","555","556","1","0","120"
"4","SN-both-ss","instance_30_25_5_32","sorting-network","both","slot-service","OPTIMUM","39,85084","39,70225","57937","261626","4032","573","573","0","0","120"
"4","SN-both-ss","instance_30_25_5_33","sorting-network","both","slot-service","OPTIMUM","40,31712","40,19238","48881","202200","3813","559","560","1","0","120"
"4","SN-both-ss","instance_30_25_5_34","sorting-network","both","slot-service","OPTIMUM","29,74374","29,59902","55020","250084","3859","577","580","3","0","120"
"4","SN-both-ss","instance_30_25_5_35","sorting-network","both","slot-service","OPTIMUM","30,2583","30,13131","49905","205961","3688","563","574","11","0","120"
"4","SN-both-ss","instance_30_25_5_36","sorting-network","both","slot-service","OPTIMUM","38,18947","38,04149","61683","239055","3988","570","573","3","0","120"
"4","SN-both-ss","instance_30_25_5_37","sorting-network","both","slot-service","OPTIMUM","28,38757","28,25539","52108","216829","3867","541","544","3","0","120"
"4","SN-both-ss","instance_30_25_5_38","sorting-network","both","slot-service","OPTIMUM","36,10249","35,9789","49606","198220","3633","566","572","6","0","120"
"4","SN-both-ss","instance_30_25_5_39","sorting-network","both","slot-service","OPTIMUM","70,67678","70,52913","55804","259050","3956","585","586","1","0","120"
"4","SN-both-ss","instance_30_25_5_4","sorting-network","both","slot-service","OPTIMUM","43,30045","43,16544","52753","219932","4041","583","585","2","0","120"
"4","SN-both-ss","instance_30_25_5_40","sorting-network","both","slot-service","OPTIMUM","24,69389","24,5648","50906","210295","3868","585","585","0","0","120"
"4","SN-both-ss","instance_30_25_5_41","sorting-network","both","slot-service","OPTIMUM","28,32148","28,18802","50735","209277","3945","584","585","1","0","120"
"4","SN-both-ss","instance_30_25_5_42","sorting-network","both","slot-service","OPTIMUM","26,03122","25,89595","50542","230116","3791","588","588","0","0","120"
"4","SN-both-ss","instance_30_25_5_43","sorting-network","both","slot-service","OPTIMUM","23,69184","23,56915","46732","198566","3849","530","538","8","0","120"
"4","SN-both-ss","instance_30_25_5_44","sorting-network","both","slot-service","OPTIMUM","30,03759","29,92219","42858","170380","3583","525","537","12","0","120"
"4","SN-both-ss","instance_30_25_5_45","sorting-network","both","slot-service","OPTIMUM","40,12803","39,99638","52861","212126","3828","572","574","2","0","120"
"4","SN-both-ss","instance_30_25_5_46","sorting-network","both","slot-service","OPTIMUM","55,30431","55,15657","59469","255218","4115","570","572","2","0","120"
"4","SN-both-ss","instance_30_25_5_47","sorting-network","both","slot-service","OPTIMUM","27,70315","27,57813","48663","195115","3983","575","577","2","0","120"
"4","SN-both-ss","instance_30_25_5_48","sorting-network","both","slot-service","OPTIMUM","39,55836","39,44044","47138","179881","3671","565","567","2","0","120"
"4","SN-both-ss","instance_30_25_5_49","sorting-network","both","slot-service","OPTIMUM","54,76417","54,61476","58314","259996","3934","578","580","2","0","120"
"4","SN-both-ss","instance_30_25_5_5","sorting-network","both","slot-service","OPTIMUM","35,4652","35,32266","55328","229896","3929","574","577","3","0","120"
"4","SN-both-ss","instance_30_25_5_50","sorting-network","both","slot-service","OPTIMUM","40,6727","40,53979","56624","218941","3799","573","575","2","0","120"
"4","SN-both-ss","instance_30_25_5_6","sorting-network","both","slot-service","OPTIMUM","25,16812","25,02058","55352","259375","4254","588","590","2","0","120"
"4","SN-both-ss","instance_30_25_5_7","sorting-network","both","slot-service","OPTIMUM","65,32553","65,17378","58893","248391","3818","573","581","8","0","120"
"4","SN-both-ss","instance_30_25_5_8","sorting-network","both","slot-service","OPTIMUM","37,02066","36,83236","66953","298400","4428","585","587","2","0","120"
"4","SN-both-ss","instance_30_25_5_9","sorting-network","both","slot-service","OPTIMUM","31,40066","31,27445","49787","201662","3815","590","591","1","0","120"
"4","SN-both-ss","instance_40_10_4_1","sorting-network","both","slot-service","OPTIMUM","43,6634","43,5877","35730","126425","2006","563","567","4","0","120"
"4","SN-both-ss","instance_40_10_4_10","sorting-network","both","slot-service","UNSATISFIABLE","0,093057","0","0","0","0","","","","","120"
"4","SN-both-ss","instance_40_10_4_11","sorting-network","both","slot-service","TIMEOUT","300,114","0","0","0","0","","","","","120"
"4","SN-both-ss","instance_40_10_4_12","sorting-network","both","slot-service","UNSATISFIABLE","0,080792","0","0","0","0","","","","","120"
"4","SN-both-ss","instance_40_10_4_13","sorting-network","both","slot-service","UNSATISFIABLE","0,103915","0","0","0","0","","","","","120"
"4","SN-both-ss","instance_40_10_4_14","sorting-network","both","slot-service","UNSATISFIABLE","0,242342","0","0","0","0","","","","","120"
"4","SN-both-ss","instance_40_10_4_15","sorting-network","both","slot-service","UNSATISFIABLE","0,161307","0","0","0","0","","","","","120"
"4","SN-both-ss","instance_40_10_4_16","sorting-network","both","slot-service","OPTIMUM","20,16321","20,09058","34017","122175","1866","569","578","9","0","120"
"4","SN-both-ss","instance_40_10_4_17","sorting-network","both","slot-service","OPTIMUM","10,33342","10,24289","35978","135050","2036","580","580","0","0","120"
"4","SN-both-ss","instance_40_10_4_18","sorting-network","both","slot-service","UNSATISFIABLE","0,084949","0","0","0","0","","","","","120"
"4","SN-both-ss","instance_40_10_4_19","sorting-network","both","slot-service","OPTIMUM","33,08586","33,01342","34502","118563","2091","548","556","8","0","120"
"4","SN-both-ss","instance_40_10_4_2","sorting-network","both","slot-service","TIMEOUT","300,1138","0","0","0","0","","","","","120"
"4","SN-both-ss","instance_40_10_4_20","sorting-network","both","slot-service","UNSATISFIABLE","0,109155","0","0","0","0","","","","","120"
"4","SN-both-ss","instance_40_10_4_21","sorting-network","both","slot-service","OPTIMUM","22,88221","22,8072","35372","122323","1901","557","561","4","0","120"
"4","SN-both-ss","instance_40_10_4_22","sorting-network","both","slot-service","OPTIMUM","32,43397","32,36844","30439","101687","1809","553","556","3","0","120"
"4","SN-both-ss","instance_40_10_4_23","sorting-network","both","slot-service","UNSATISFIABLE","0,158538","0","0","0","0","","","","","120"
"4","SN-both-ss","instance_40_10_4_24","sorting-network","both","slot-service","OPTIMUM","44,1256","44,02364","42797","162733","2072","580","588","8","0","120"
"4","SN-both-ss","instance_40_10_4_25","sorting-network","both","slot-service","UNSATISFIABLE","0,093753","0","0","0","0","","","","","120"
"4","SN-both-ss","instance_40_10_4_26","sorting-network","both","slot-service","UNSATISFIABLE","0,083463","0","0","0","0","","","","","120"
"4","SN-both-ss","instance_40_10_4_27","sorting-network","both","slot-service","UNSATISFIABLE","0,085434","0","0","0","0","","","","","120"
"4","SN-both-ss","instance_40_10_4_28","sorting-network","both","slot-service","TIMEOUT","300,1107","0","0","0","0","","","","","120"
"4","SN-both-ss","instance_40_10_4_29","sorting-network","both","slot-service","TIMEOUT","300,1114","0","0","0","0","","","","","120"
"4","SN-both-ss","instance_40_10_4_3","sorting-network","both","slot-service","OPTIMUM","19,39312","19,32388","34022","112434","1871","486","495","9","0","120"
"4","SN-both-ss","instance_40_10_4_30","sorting-network","both","slot-service","OPTIMUM","28,05858","27,97149","37208","131272","2025","498","502","4","0","120"
"4","SN-both-ss","instance_40_10_4_31","sorting-network","both","slot-service","TIMEOUT","300,1177","0","0","0","0","","","","","120"
"4","SN-both-ss","instance_40_10_4_32","sorting-network","both","slot-service","TIMEOUT","300,1138","0","0","0","0","","","","","120"
"4","SN-both-ss","instance_40_10_4_33","sorting-network","both","slot-service","UNSATISFIABLE","0,091742","0","0","0","0","","","","","120"
"4","SN-both-ss","instance_40_10_4_34","sorting-network","both","slot-service","UNSATISFIABLE","0,086874","0","0","0","0","","","","","120"
"4","SN-both-ss","instance_40_10_4_35","sorting-network","both","slot-service","UNSATISFIABLE","0,182348","0","0","0","0","","","","","120"
"4","SN-both-ss","instance_40_10_4_36","sorting-network","both","slot-service","OPTIMUM","44,68539","44,58704","45212","157430","2152","556","560","4","0","120"
"4","SN-both-ss","instance_40_10_4_37","sorting-network","both","slot-service","UNSATISFIABLE","0,176263","0","0","0","0","","","","","120"
"4","SN-both-ss","instance_40_10_4_38","sorting-network","both","slot-service","OPTIMUM","38,95539","38,88003","37714","130444","1919","547","555","8","0","120"
"4","SN-both-ss","instance_40_10_4_39","sorting-network","both","slot-service","UNSATISFIABLE","0,087947","0","0","0","0","","","","","120"
"4","SN-both-ss","instance_40_10_4_4","sorting-network","both","slot-service","UNSATISFIABLE","0,230229","0","0","0","0","","","","","120"
"4","SN-both-ss","instance_40_10_4_40","sorting-network","both","slot-service","OPTIMUM","56,77426","56,71984","24329","82426","1780","544","549","3","2","120"
"4","SN-both-ss","instance_40_10_4_41","sorting-network","both","slot-service","UNSATISFIABLE","0,086026","0","0","0","0","","","","","120"
"4","SN-both-ss","instance_40_10_4_42","sorting-network","both","slot-service","UNSATISFIABLE","0,088584","0","0","0","0","","","","","120"
"4","SN-both-ss","instance_40_10_4_43","sorting-network","both","slot-service","UNSATISFIABLE","0,105599","0","0","0","0","","","","","120"
"4","SN-both-ss","instance_40_10_4_44","sorting-network","both","slot-service","UNSATISFIABLE","0,091279","0","0","0","0","","","","","120"
"4","SN-both-ss","instance_40_10_4_45","sorting-network","both","slot-service","UNSATISFIABLE","0,093921","0","0","0","0","","","","","120"
"4","SN-both-ss","instance_40_10_4_46","sorting-network","both","slot-service","OPTIMUM","63,39152","63,32001","33507","119476","2003","557","563","6","0","120"
"4","SN-both-ss","instance_40_10_4_47","sorting-network","both","slot-service","UNSATISFIABLE","0,107278","0","0","0","0","","","","","120"
"4","SN-both-ss","instance_40_10_4_48","sorting-network","both","slot-service","OPTIMUM","30,10516","30,0387","31234","111235","1900","571","574","3","0","120"
"4","SN-both-ss","instance_40_10_4_49","sorting-network","both","slot-service","UNSATISFIABLE","0,087357","0","0","0","0","","","","","120"
"4","SN-both-ss","instance_40_10_4_5","sorting-network","both","slot-service","UNSATISFIABLE","0,134733","0","0","0","0","","","","","120"
"4","SN-both-ss","instance_40_10_4_50","sorting-network","both","slot-service","UNSATISFIABLE","0,148843","0","0","0","0","","","","","120"
"4","SN-both-ss","instance_40_10_4_6","sorting-network","both","slot-service","OPTIMUM","27,00003","26,93217","33325","112086","1889","554","562","8","0","120"
"4","SN-both-ss","instance_40_10_4_7","sorting-network","both","slot-service","UNSATISFIABLE","0,108394","0","0","0","0","","","","","120"
"4","SN-both-ss","instance_40_10_4_8","sorting-network","both","slot-service","UNSATISFIABLE","0,08359","0","0","0","0","","","","","120"
"4","SN-both-ss","instance_40_10_4_9","sorting-network","both","slot-service","UNSATISFIABLE","0,087808","0","0","0","0","","","","","120"
"4","SN-both-ss","instance_40_10_5_1","sorting-network","both","slot-service","UNSATISFIABLE","0,253926","0","0","0","0","","","","","120"
"4","SN-both-ss","instance_40_10_5_10","sorting-network","both","slot-service","UNSATISFIABLE","0,116816","0","0","0","0","","","","","120"
"4","SN-both-ss","instance_40_10_5_11","sorting-network","both","slot-service","OPTIMUM","131,3314","131,2496","43250","145560","2114","609","621","12","0","120"
"4","SN-both-ss","instance_40_10_5_12","sorting-network","both","slot-service","TIMEOUT","300,1117","0","0","0","0","","","","","120"
"4","SN-both-ss","instance_40_10_5_13","sorting-network","both","slot-service","UNSATISFIABLE","0,120922","0","0","0","0","","","","","120"
"4","SN-both-ss","instance_40_10_5_14","sorting-network","both","slot-service","OPTIMUM","63,35678","63,27036","45520","161710","2276","663","669","6","0","120"
"4","SN-both-ss","instance_40_10_5_15","sorting-network","both","slot-service","UNSATISFIABLE","0,114267","0","0","0","0","","","","","120"
"4","SN-both-ss","instance_40_10_5_16","sorting-network","both","slot-service","UNSATISFIABLE","0,248487","0","0","0","0","","","","","120"
"4","SN-both-ss","instance_40_10_5_17","sorting-network","both","slot-service","OPTIMUM","23,13087","23,04448","43658","156623","2324","706","709","3","0","120"
"4","SN-both-ss","instance_40_10_5_18","sorting-network","both","slot-service","UNSATISFIABLE","0,122446","0","0","0","0","","","","","120"
"4","SN-both-ss","instance_40_10_5_19","sorting-network","both","slot-service","OPTIMUM","295,0544","294,9658","45915","167930","2207","675","685","10","0","120"
"4","SN-both-ss","instance_40_10_5_2","sorting-network","both","slot-service","OPTIMUM","72,69056","72,59699","47836","165807","2180","704","719","15","0","120"
"4","SN-both-ss","instance_40_10_5_20","sorting-network","both","slot-service","UNSATISFIABLE","0,085085","0","0","0","0","","","","","120"
"4","SN-both-ss","instance_40_10_5_21","sorting-network","both","slot-service","UNSATISFIABLE","0,118799","0","0","0","0","","","","","120"
"4","SN-both-ss","instance_40_10_5_22","sorting-network","both","slot-service","TIMEOUT","300,1221","0","0","0","0","","","","","120"
"4","SN-both-ss","instance_40_10_5_23","sorting-network","both","slot-service","UNSATISFIABLE","0,091738","0","0","0","0","","","","","120"
"4","SN-both-ss","instance_40_10_5_24","sorting-network","both","slot-service","UNSATISFIABLE","0,235217","0","0","0","0","","","","","120"
"4","SN-both-ss","instance_40_10_5_25","sorting-network","both","slot-service","UNSATISFIABLE","0,085224","0","0","0","0","","","","","120"
"4","SN-both-ss","instance_40_10_5_26","sorting-network","both","slot-service","UNSATISFIABLE","0,284986","0","0","0","0","","","","","120"
"4","SN-both-ss","instance_40_10_5_27","sorting-network","both","slot-service","UNSATISFIABLE","0,129944","0","0","0","0","","","","","120"
"4","SN-both-ss","instance_40_10_5_28","sorting-network","both","slot-service","TIMEOUT","300,1214","0","0","0","0","","","","","120"
"4","SN-both-ss","instance_40_10_5_29","sorting-network","both","slot-service","OPTIMUM","40,43184","40,34442","43013","157027","2387","698","702","4","0","120"
"4","SN-both-ss","instance_40_10_5_3","sorting-network","both","slot-service","UNSATISFIABLE","0,524097","0","0","0","0","","","","","120"
"4","SN-both-ss","instance_40_10_5_30","sorting-network","both","slot-service","UNSATISFIABLE","0,100534","0","0","0","0","","","","","120"
"4","SN-both-ss","instance_40_10_5_31","sorting-network","both","slot-service","UNSATISFIABLE","0,099267","0","0","0","0","","","","","120"
"4","SN-both-ss","instance_40_10_5_32","sorting-network","both","slot-service","OPTIMUM","57,70651","57,62116","41316","150617","2311","699","701","2","0","120"
"4","SN-both-ss","instance_40_10_5_33","sorting-network","both","slot-service","UNSATISFIABLE","0,130853","0","0","0","0","","","","","120"
"4","SN-both-ss","instance_40_10_5_34","sorting-network","both","slot-service","UNSATISFIABLE","0,93506","0","0","0","0","","","","","120"
"4","SN-both-ss","instance_40_10_5_35","sorting-network","both","slot-service","UNSATISFIABLE","0,100178","0","0","0","0","","","","","120"
"4","SN-both-ss","instance_40_10_5_36","sorting-network","both","slot-service","UNSATISFIABLE","0,291676","0","0","0","0","","","","","120"
"4","SN-both-ss","instance_40_10_5_37","sorting-network","both","slot-service","UNSATISFIABLE","0,103904","0","0","0","0","","","","","120"
"4","SN-both-ss","instance_40_10_5_38","sorting-network","both","slot-service","UNSATISFIABLE","0,102912","0","0","0","0","","","","","120"
"4","SN-both-ss","instance_40_10_5_39","sorting-network","both","slot-service","OPTIMUM","85,58711","85,50434","41692","143922","2189","691","699","6","2","120"
"4","SN-both-ss","instance_40_10_5_4","sorting-network","both","slot-service","UNSATISFIABLE","0,09489","0","0","0","0","","","","","120"
"4","SN-both-ss","instance_40_10_5_40","sorting-network","both","slot-service","UNSATISFIABLE","0,110154","0","0","0","0","","","","","120"
"4","SN-both-ss","instance_40_10_5_41","sorting-network","both","slot-service","UNSATISFIABLE","0,742936","0","0","0","0","","","","","120"
"4","SN-both-ss","instance_40_10_5_42","sorting-network","both","slot-service","UNSATISFIABLE","0,090363","0","0","0","0","","","","","120"
"4","SN-both-ss","instance_40_10_5_43","sorting-network","both","slot-service","UNSATISFIABLE","0,102481","0","0","0","0","","","","","120"
"4","SN-both-ss","instance_40_10_5_44","sorting-network","both","slot-service","OPTIMUM","36,54824","36,4634","42998","141412","2059","634","647","13","0","120"
"4","SN-both-ss","instance_40_10_5_45","sorting-network","both","slot-service","TIMEOUT","300,1204","0","0","0","0","","","","","120"
"4","SN-both-ss","instance_40_10_5_46","sorting-network","both","slot-service","UNSATISFIABLE","0,088407","0","0","0","0","","","","","120"
"4","SN-both-ss","instance_40_10_5_47","sorting-network","both","slot-service","UNSATISFIABLE","0,119177","0","0","0","0","","","","","120"
"4","SN-both-ss","instance_40_10_5_48","sorting-network","both","slot-service","UNSATISFIABLE","0,173184","0","0","0","0","","","","","120"
"4","SN-both-ss","instance_40_10_5_49","sorting-network","both","slot-service","TIMEOUT","300,1196","0","0","0","0","","","","","120"
"4","SN-both-ss","instance_40_10_5_5","sorting-network","both","slot-service","TIMEOUT","300,1199","0","0","0","0","","","","","120"
"4","SN-both-ss","instance_40_10_5_50","sorting-network","both","slot-service","UNSATISFIABLE","0,101127","0","0","0","0","","","","","120"
"4","SN-both-ss","instance_40_10_5_6","sorting-network","both","slot-service","TIMEOUT","300,1177","0","0","0","0","","","","","120"
"4","SN-both-ss","instance_40_10_5_7","sorting-network","both","slot-service","OPTIMUM","59,60151","59,50838","45769","165908","2328","695","700","5","0","120"
"4","SN-both-ss","instance_40_10_5_8","sorting-network","both","slot-service","UNSATISFIABLE","0,099479","0","0","0","0","","","","","120"
"4","SN-both-ss","instance_40_10_5_9","sorting-network","both","slot-service","UNSATISFIABLE","0,204504","0","0","0","0","","","","","120"
"4","SN-both-ss","instance_40_15_4_1","sorting-network","both","slot-service","OPTIMUM","24,77797","24,67283","39849","147047","2764","591","593","2","0","120"
"4","SN-both-ss","instance_40_15_4_10","sorting-network","both","slot-service","OPTIMUM","87,03256","86,95778","30841","110140","2323","522","529","1","6","120"
"4","SN-both-ss","instance_40_15_4_11","sorting-network","both","slot-service","TIMEOUT","300,1218","0","0","0","0","","","","","120"
"4","SN-both-ss","instance_40_15_4_12","sorting-network","both","slot-service","UNSATISFIABLE","0,357033","0","0","0","0","","","","","120"
"4","SN-both-ss","instance_40_15_4_13","sorting-network","both","slot-service","UNSATISFIABLE","0,125933","0","0","0","0","","","","","120"
"4","SN-both-ss","instance_40_15_4_14","sorting-network","both","slot-service","OPTIMUM","37,19534","37,09507","41365","152380","2599","566","575","9","0","120"
"4","SN-both-ss","instance_40_15_4_15","sorting-network","both","slot-service","UNSATISFIABLE","0,12112","0","0","0","0","","","","","120"
"4","SN-both-ss","instance_40_15_4_16","sorting-network","both","slot-service","UNSATISFIABLE","0,28471","0","0","0","0","","","","","120"
"4","SN-both-ss","instance_40_15_4_17","sorting-network","both","slot-service","OPTIMUM","47,53527","47,43074","44198","163910","2860","519","527","8","0","120"
"4","SN-both-ss","instance_40_15_4_18","sorting-network","both","slot-service","OPTIMUM","26,8632","26,75775","43031","161910","2777","595","599","4","0","120"
"4","SN-both-ss","instance_40_15_4_19","sorting-network","both","slot-service","OPTIMUM","25,35189","25,25194","42992","148367","2816","585","591","6","0","120"
"4","SN-both-ss","instance_40_15_4_2","sorting-network","both","slot-service","TIMEOUT","300,1125","0","0","0","0","","","","","120"
"4","SN-both-ss","instance_40_15_4_20","sorting-network","both","slot-service","OPTIMUM","25,24443","25,13952","43368","163474","2667","580","580","0","0","120"
"4","SN-both-ss","instance_40_15_4_21","sorting-network","both","slot-service","OPTIMUM","39,52217","39,42774","38635","132522","2665","535","547","12","0","120"
"4","SN-both-ss","instance_40_15_4_22","sorting-network","both","slot-service","OPTIMUM","70,08413","69,96314","52895","203380","2874","590","593","3","0","120"
"4","SN-both-ss","instance_40_15_4_23","sorting-network","both","slot-service","OPTIMUM","52,30445","52,22517","37331","125012","2600","553","561","8","0","120"
"4","SN-both-ss","instance_40_15_4_24","sorting-network","both","slot-service","OPTIMUM","32,89939","32,80046","39602","143963","2655","580","586","6","0","120"
"4","SN-both-ss","instance_40_15_4_25","sorting-network","both","slot-service","OPTIMUM","40,12511","40,01686","43754","169958","2815","604","606","2","0","120"
"4","SN-both-ss","instance_40_15_4_26","sorting-network","both","slot-service","OPTIMUM","8,218693","8,143764","33251","114606","2516","593","593","0","0","120"
"4","SN-both-ss","instance_40_15_4_27","sorting-network","both","slot-service","UNSATISFIABLE","0,149427","0","0","0","0","","","","","120"
"4","SN-both-ss","instance_40_15_4_28","sorting-network","both","slot-service","OPTIMUM","30,3424","30,24464","38708","140505","2524","595","597","2","0","120"
"4","SN-both-ss","instance_40_15_4_29","sorting-network","both","slot-service","UNSATISFIABLE","0,111738","0","0","0","0","","","","","120"
"4","SN-both-ss","instance_40_15_4_3","sorting-network","both","slot-service","UNSATISFIABLE","0,084909","0","0","0","0","","","","","120"
"4","SN-both-ss","instance_40_15_4_30","sorting-network","both","slot-service","OPTIMUM","52,71782","52,62041","38337","143472","2639","532","536","4","0","120"
"4","SN-both-ss","instance_40_15_4_31","sorting-network","both","slot-service","OPTIMUM","33,05566","32,9511","42364","156588","2862","564","572","8","0","120"
"4","SN-both-ss","instance_40_15_4_32","sorting-network","both","slot-service","OPTIMUM","34,63583","34,53477","39174","148618","2788","591","592","1","0","120"
"4","SN-both-ss","instance_40_15_4_33","sorting-network","both","slot-service","UNSATISFIABLE","0,280331","0","0","0","0","","","","","120"
"4","SN-both-ss","instance_40_15_4_34","sorting-network","both","slot-service","OPTIMUM","36,13239","36,0572","34187","119142","2371","544","553","9","0","120"
"4","SN-both-ss","instance_40_15_4_35","sorting-network","both","slot-service","OPTIMUM","19,21882","19,14043","36534","126189","2601","554","564","10","0","120"
"4","SN-both-ss","instance_40_15_4_36","sorting-network","both","slot-service","OPTIMUM","37,90292","37,8034","40774","144611","2646","536","549","13","0","120"
"4","SN-both-ss","instance_40_15_4_37","sorting-network","both","slot-service","UNSATISFIABLE","0,275512","0","0","0","0","","","","","120"
"4","SN-both-ss","instance_40_15_4_38","sorting-network","both","slot-service","OPTIMUM","63,82085","63,71436","43674","164216","2833","564","567","3","0","120"
"4","SN-both-ss","instance_40_15_4_39","sorting-network","both","slot-service","OPTIMUM","43,28547","43,15969","53016","211691","2921","601","607","6","0","120"
"4","SN-both-ss","instance_40_15_4_4","sorting-network","both","slot-service","OPTIMUM","25,17133","25,07211","40593","143849","2745","538","549","11","0","120"
"4","SN-both-ss","instance_40_15_4_40","sorting-network","both","slot-service","OPTIMUM","30,2729","30,16875","41399","154941","2748","599","600","1","0","120"
"4","SN-both-ss","instance_40_15_4_41","sorting-network","both","slot-service","UNSATISFIABLE","0,148359","0","0","0","0","","","","","120"
"4","SN-both-ss","instance_40_15_4_42","sorting-network","both","slot-service","UNSATISFIABLE","0,148285","0","0","0","0","","","","","120"
"4","SN-both-ss","instance_40_15_4_43","sorting-network","both","slot-service","OPTIMUM","30,53692","30,43692","38721","150457","2609","566","571","5","0","120"
"4","SN-both-ss","instance_40_15_4_44","sorting-network","both","slot-service","OPTIMUM","45,12724","45,02985","41590","140266","2801","536","550","14","0","120"
"4","SN-both-ss","instance_40_15_4_45","sorting-network","both","slot-service","OPTIMUM","33,07468","32,9738","41535","149899","2684","584","589","5","0","120"
"4","SN-both-ss","instance_40_15_4_46","sorting-network","both","slot-service","OPTIMUM","37,60453","37,4925","48539","182383","2918","605","607","2","0","120"
"4","SN-both-ss","instance_40_15_4_47","sorting-network","both","slot-service","OPTIMUM","45,12202","45,02439","40556","137796","2667","571","578","7","0","120"
"4","SN-both-ss","instance_40_15_4_48","sorting-network","both","slot-service","OPTIMUM","28,75653","28,63504","49639","196978","2967","571","578","7","0","120"
"4","SN-both-ss","instance_40_15_4_49","sorting-network","both","slot-service","OPTIMUM","28,95197","28,83536","51610","193358","2907","582","586","4","0","120"
"4","SN-both-ss","instance_40_15_4_5","sorting-network","both","slot-service","OPTIMUM","47,79282","47,70851","35751","130561","2538","547","565","14","4","120"
"4","SN-both-ss","instance_40_15_4_50","sorting-network","both","slot-service","OPTIMUM","40,62274","40,54184","36807","131058","2535","585","591","6","0","120"
"4","SN-both-ss","instance_40_15_4_6","sorting-network","both","slot-service","OPTIMUM","31,94151","31,86732","34015","115022","2515","550","558","8","0","120"
"4","SN-both-ss","instance_40_15_4_7","sorting-network","both","slot-service","OPTIMUM","58,59878","58,48839","46364","168364","2902","572","582","10","0","120"
"4","SN-both-ss","instance_40_15_4_8","sorting-network","both","slot-service","OPTIMUM","34,98453","34,91314","32726","113666","2422","496","508","12","0","120"
"4","SN-both-ss","instance_40_15_4_9","sorting-network","both","slot-service","OPTIMUM","150,4","150,2925","43285","166010","2683","590","593","2","1","120"
"4","SN-both-ss","instance_40_15_5_1","sorting-network","both","slot-service","OPTIMUM","174,1762","174,0639","60259","236687","3457","751","755","4","0","120"
"4","SN-both-ss","instance_40_15_5_10","sorting-network","both","slot-service","OPTIMUM","47,11751","47,01358","56075","205831","3198","724","732","8","0","120"
"4","SN-both-ss","instance_40_15_5_11","sorting-network","both","slot-service","OPTIMUM","126,2882","126,1798","60858","217830","3247","695","704","9","0","120"
"4","SN-both-ss","instance_40_15_5_12","sorting-network","both","slot-service","OPTIMUM","60,85456","60,73827","61272","245502","3350","773","773","0","0","120"
"4","SN-both-ss","instance_40_15_5_13","sorting-network","both","slot-service","UNSATISFIABLE","0,624635","0","0","0","0","","","","","120"
"4","SN-both-ss","instance_40_15_5_14","sorting-network","both","slot-service","OPTIMUM","72,30886","72,19804","62858","232679","3227","711","724","13","0","120"
"4","SN-both-ss","instance_40_15_5_15","sorting-network","both","slot-service","OPTIMUM","61,57064","61,45217","68090","250597","3438","736","746","8","2","120"
"4","SN-both-ss","instance_40_15_5_16","sorting-network","both","slot-service","TIMEOUT","300,1201","0","0","0","0","","","","","120"
"4","SN-both-ss","instance_40_15_5_17","sorting-network","both","slot-service","TIMEOUT","300,1168","0","0","0","0","","","","","120"
"4","SN-both-ss","instance_40_15_5_18","sorting-network","both","slot-service","OPTIMUM","48,79778","48,69884","52250","186558","3134","685","692","7","0","120"
"4","SN-both-ss","instance_40_15_5_19","sorting-network","both","slot-service","UNSATISFIABLE","0,224083","0","0","0","0","","","","","120"
"4","SN-both-ss","instance_40_15_5_2","sorting-network","both","slot-service","OPTIMUM","70,57986","70,48442","51185","174451","3038","714","729","15","0","120"
"4","SN-both-ss","instance_40_15_5_20","sorting-network","both","slot-service","OPTIMUM","79,34513","79,25043","50703","182333","3176","703","711","8","0","120"
"4","SN-both-ss","instance_40_15_5_21","sorting-network","both","slot-service","OPTIMUM","50,83608","50,72014","64301","245967","3399","732","738","6","0","120"
"4","SN-both-ss","instance_40_15_5_22","sorting-network","both","slot-service","UNSATISFIABLE","0,141499","0","0","0","0","","","","","120"
"4","SN-both-ss","instance_40_15_5_23","sorting-network","both","slot-service","OPTIMUM","25,07612","24,98431","47225","168989","2884","717","721","4","0","120"
"4","SN-both-ss","instance_40_15_5_24","sorting-network","both","slot-service","OPTIMUM","180,3359","180,2334","53378","198603","3010","723","734","11","0","120"
"4","SN-both-ss","instance_40_15_5_25","sorting-network","both","slot-service","UNSATISFIABLE","0,143521","0","0","0","0","","","","","120"
"4","SN-both-ss","instance_40_15_5_26","sorting-network","both","slot-service","OPTIMUM","64,63351","64,52932","58725","205353","3105","710","721","11","0","120"
"4","SN-both-ss","instance_40_15_5_27","sorting-network","both","slot-service","OPTIMUM","93,05977","92,97047","47359","156144","3072","640","660","20","0","120"
"4","SN-both-ss","instance_40_15_5_28","sorting-network","both","slot-service","OPTIMUM","24,27822","24,17961","53130","191594","3477","749","753","4","0","120"
"4","SN-both-ss","instance_40_15_5_29","sorting-network","both","slot-service","UNSATISFIABLE","0,301368","0","0","0","0","","","","","120"
"4","SN-both-ss","instance_40_15_5_3","sorting-network","both","slot-service","OPTIMUM","57,95325","57,83595","62426","245467","3639","745","750","5","0","120"
"4","SN-both-ss","instance_40_15_5_30","sorting-network","both","slot-service","OPTIMUM","61,96602","61,84376","65918","260531","3294","706","716","10","0","120"
"4","SN-both-ss","instance_40_15_5_31","sorting-network","both","slot-service","OPTIMUM","52,35153","52,25007","56436","201874","3383","717","727","10","0","120"
"4","SN-both-ss","instance_40_15_5_32","sorting-network","both","slot-service","UNSATISFIABLE","0,156766","0","0","0","0","","","","","120"
"4","SN-both-ss","instance_40_15_5_33","sorting-network","both","slot-service","OPTIMUM","134,3039","134,214","46651","164555","2925","676","683","7","0","120"
"4","SN-both-ss","instance_40_15_5_34","sorting-network","both","slot-service","TIMEOUT","300,1246","0","0","0","0","","","","","120"
"4","SN-both-ss","instance_40_15_5_35","sorting-network","both","slot-service","OPTIMUM","36,42638","36,3173","55337","222463","3325","743","748","5","0","120"
"4","SN-both-ss","instance_40_15_5_36","sorting-network","both","slot-service","UNSATISFIABLE","0,451973","0","0","0","0","","","","","120"
"4","SN-both-ss","instance_40_15_5_37","sorting-network","both","slot-service","UNSATISFIABLE","0,395014","0","0","0","0","","","","","120"
"4","SN-both-ss","instance_40_15_5_38","sorting-network","both","slot-service","UNSATISFIABLE","0,122317","0","0","0","0","","","","","120"
"4","SN-both-ss","instance_40_15_5_39","sorting-network","both","slot-service","OPTIMUM","61,31823","61,21166","58906","219295","3368","700","706","6","0","120"
"4","SN-both-ss","instance_40_15_5_4","sorting-network","both","slot-service","OPTIMUM","34,78271","34,67384","59904","223558","3409","728","732","4","0","120"
"4","SN-both-ss","instance_40_15_5_40","sorting-network","both","slot-service","OPTIMUM","41,09792","40,99594","57658","198994","3214","696","706","10","0","120"
"4","SN-both-ss","instance_40_15_5_41","sorting-network","both","slot-service","OPTIMUM","32,27813","32,17215","57212","213816","3259","744","745","1","0","120"
"4","SN-both-ss","instance_40_15_5_42","sorting-network","both","slot-service","OPTIMUM","41,48568","41,39941","45571","154997","2907","685","694","9","0","120"
"4","SN-both-ss","instance_40_15_5_43","sorting-network","both","slot-service","OPTIMUM","94,60767","94,49016","65857","252341","3276","746","751","5","0","120"
"4","SN-both-ss","instance_40_15_5_44","sorting-network","both","slot-service","UNSATISFIABLE","0,786099","0","0","0","0","","","","","120"
"4","SN-both-ss","instance_40_15_5_45","sorting-network","both","slot-service","OPTIMUM","88,88672","88,78508","54471","189746","3047","716","725","9","0","120"
"4","SN-both-ss","instance_40_15_5_46","sorting-network","both","slot-service","OPTIMUM","51,36661","51,27089","50542","177521","3123","649","659","10","0","120"
"4","SN-both-ss","instance_40_15_5_47","sorting-network","both","slot-service","OPTIMUM","55,70103","55,59615","57877","199597","3162","656","663","7","0","120"
"4","SN-both-ss","instance_40_15_5_48","sorting-network","both","slot-service","OPTIMUM","44,57094","44,47624","51665","178921","2972","660","670","10","0","120"
"4","SN-both-ss","instance_40_15_5_49","sorting-network","both","slot-service","UNSATISFIABLE","0,154443","0","0","0","0","","","","","120"
"4","SN-both-ss","instance_40_15_5_5","sorting-network","both","slot-service","UNSATISFIABLE","0,364982","0","0","0","0","","","","","120"
"4","SN-both-ss","instance_40_15_5_50","sorting-network","both","slot-service","OPTIMUM","66,02162","65,92295","54311","198272","3021","701","709","8","0","120"
"4","SN-both-ss","instance_40_15_5_6","sorting-network","both","slot-service","UNSATISFIABLE","0,615161","0","0","0","0","","","","","120"
"4","SN-both-ss","instance_40_15_5_7","sorting-network","both","slot-service","OPTIMUM","183,0309","182,9031","68734","260806","3396","757","763","6","0","120"
"4","SN-both-ss","instance_40_15_5_8","sorting-network","both","slot-service","OPTIMUM","57,37661","57,27768","53126","187013","3259","694","702","8","0","120"
"4","SN-both-ss","instance_40_15_5_9","sorting-network","both","slot-service","TIMEOUT","300,1176","0","0","0","0","","","","","120"
"4","SN-both-ss","instance_40_20_4_1","sorting-network","both","slot-service","OPTIMUM","60,31374","60,1932","55002","213965","3637","585","593","8","0","120"
"4","SN-both-ss","instance_40_20_4_10","sorting-network","both","slot-service","OPTIMUM","32,16863","32,05934","47524","185080","3475","603","605","2","0","120"
"4","SN-both-ss","instance_40_20_4_11","sorting-network","both","slot-service","OPTIMUM","28,31514","28,18627","58809","230871","3746","590","594","4","0","120"
"4","SN-both-ss","instance_40_20_4_12","sorting-network","both","slot-service","OPTIMUM","35,07428","34,95976","51299","205604","3640","600","602","2","0","120"
"4","SN-both-ss","instance_40_20_4_13","sorting-network","both","slot-service","OPTIMUM","42,14494","42,02116","49308","199712","3579","609","614","5","0","120"
"4","SN-both-ss","instance_40_20_4_14","sorting-network","both","slot-service","OPTIMUM","34,80476","34,675","56045","235897","3795","618","619","1","0","120"
"4","SN-both-ss","instance_40_20_4_15","sorting-network","both","slot-service","OPTIMUM","53,89794","53,76917","57436","233681","3686","611","614","3","0","120"
"4","SN-both-ss","instance_40_20_4_16","sorting-network","both","slot-service","OPTIMUM","45,53357","45,40098","58669","248941","3668","599","602","3","0","120"
"4","SN-both-ss","instance_40_20_4_17","sorting-network","both","slot-service","OPTIMUM","15,57629","15,46762","43713","179598","3529","622","623","1","0","120"
"4","SN-both-ss","instance_40_20_4_18","sorting-network","both","slot-service","OPTIMUM","25,37725","25,27405","44611","169437","3597","573","575","2","0","120"
"4","SN-both-ss","instance_40_20_4_19","sorting-network","both","slot-service","OPTIMUM","50,44043","50,32734","49525","192612","3498","605","605","0","0","120"
"4","SN-both-ss","instance_40_20_4_2","sorting-network","both","slot-service","OPTIMUM","30,23997","30,12525","49972","195399","3609","595","600","5","0","120"
"4","SN-both-ss","instance_40_20_4_20","sorting-network","both","slot-service","OPTIMUM","24,1598","24,04339","51481","196510","3742","580","588","8","0","120"
"4","SN-both-ss","instance_40_20_4_21","sorting-network","both","slot-service","OPTIMUM","25,48491","25,37281","51540","186845","3392","585","595","10","0","120"
"4","SN-both-ss","instance_40_20_4_22","sorting-network","both","slot-service","OPTIMUM","38,86626","38,75736","45728","188123","3445","582","585","3","0","120"
"4","SN-both-ss","instance_40_20_4_23","sorting-network","both","slot-service","OPTIMUM","74,1507","74,0383","51022","188144","3580","574","582","8","0","120"
"4","SN-both-ss","instance_40_20_4_24","sorting-network","both","slot-service","OPTIMUM","36,72246","36,59739","52217","225228","3720","617","620","3","0","120"
"4","SN-both-ss","instance_40_20_4_25","sorting-network","both","slot-service","OPTIMUM","56,32317","56,19621","56317","221126","3751","604","609","5","0","120"
"4","SN-both-ss","instance_40_20_4_26","sorting-network","both","slot-service","OPTIMUM","30,89559","30,79892","40144","144130","3279","573","580","7","0","120"
"4","SN-both-ss","instance_40_20_4_27","sorting-network","both","slot-service","OPTIMUM","31,54844","31,44552","40479","165282","3366","578","582","4","0","120"
"4","SN-both-ss","instance_40_20_4_28","sorting-network","both","slot-service","UNSATISFIABLE","0,166478","0","0","0","0","","","","","120"
"4","SN-both-ss","instance_40_20_4_29","sorting-network","both","slot-service","OPTIMUM","21,2793","21,152","53668","227398","3691","623","624","1","0","120"
"4","SN-both-ss","instance_40_20_4_3","sorting-network","both","slot-service","OPTIMUM","38,79546","38,67086","54097","220017","3512","585","591","6","0","120"
"4","SN-both-ss","instance_40_20_4_30","sorting-network","both","slot-service","OPTIMUM","29,86459","29,75398","43778","166492","3261","599","604","5","0","120"
"4","SN-both-ss","instance_40_20_4_31","sorting-network","both","slot-service","OPTIMUM","28,95927","28,85552","44026","163636","3563","609","613","4","0","120"
"4","SN-both-ss","instance_40_20_4_32","sorting-network","both","slot-service","OPTIMUM","39,73317","39,6138","55759","218119","3743","613","616","3","0","120"
"4","SN-both-ss","instance_40_20_4_33","sorting-network","both","slot-service","OPTIMUM","26,61913","26,50364","48745","197794","3719","579","581","2","0","120"
"4","SN-both-ss","instance_40_20_4_34","sorting-network","both","slot-service","OPTIMUM","40,46685","40,35361","55031","192042","3671","581","589","8","0","120"
"4","SN-both-ss","instance_40_20_4_35","sorting-network","both","slot-service","OPTIMUM","39,78121","39,65498","54146","229094","3745","618","619","1","0","120"
"4","SN-both-ss","instance_40_20_4_36","sorting-network","both","slot-service","OPTIMUM","53,663","53,54934","52535","195138","3583","563","571","8","0","120"
"4","SN-both-ss","instance_40_20_4_37","sorting-network","both","slot-service","TIMEOUT","300,1169","0","0","0","0","","","","","120"
"4","SN-both-ss","instance_40_20_4_38","sorting-network","both","slot-service","OPTIMUM","27,13655","27,02188","46569","192184","3595","605","608","3","0","120"
"4","SN-both-ss","instance_40_20_4_39","sorting-network","both","slot-service","OPTIMUM","57,20602","57,08953","48376","195573","3371","608","611","3","0","120"
"4","SN-both-ss","instance_40_20_4_4","sorting-network","both","slot-service","OPTIMUM","22,09224","22,0109","35747","129894","3273","588","592","4","0","120"
"4","SN-both-ss","instance_40_20_4_40","sorting-network","both","slot-service","OPTIMUM","49,17055","49,0482","51970","216184","3504","619","621","2","0","120"
"4","SN-both-ss","instance_40_20_4_41","sorting-network","both","slot-service","OPTIMUM","40,9633","40,83805","56679","221983","4001","618","622","4","0","120"
"4","SN-both-ss","instance_40_20_4_42","sorting-network","both","slot-service","OPTIMUM","36,48925","36,38347","47725","170148","3496","605","607","2","0","120"
"4","SN-both-ss","instance_40_20_4_43","sorting-network","both","slot-service","OPTIMUM","21,15263","21,03093","51374","215279","3771","614","615","1","0","120"
"4","SN-both-ss","instance_40_20_4_44","sorting-network","both","slot-service","OPTIMUM","67,08872","66,92587","61727","265123","3799","602","604","2","0","120"
"4","SN-both-ss","instance_40_20_4_45","sorting-network","both","slot-service","OPTIMUM","42,89398","42,77328","52439","208049","3528","605","606","1","0","120"
"4","SN-both-ss","instance_40_20_4_46","sorting-network","both","slot-service","OPTIMUM","35,89153","35,78109","48761","183013","3551","584","586","2","0","120"
"4","SN-both-ss","instance_40_20_4_47","sorting-network","both","slot-service","OPTIMUM","66,61469","66,52236","35694","137156","3173","560","566","6","0","120"
"4","SN-both-ss","instance_40_20_4_48","sorting-network","both","slot-service","OPTIMUM","64,75592","64,64761","45026","174031","3626","577","583","6","0","120"
"4","SN-both-ss","instance_40_20_4_49","sorting-network","both","slot-service","OPTIMUM","42,77212","42,60627","64644","267085","3750","613","618","5","0","120"
"4","SN-both-ss","instance_40_20_4_5","sorting-network","both","slot-service","OPTIMUM","51,44537","51,30857","54742","243362","3745","607","610","3","0","120"
"4","SN-both-ss","instance_40_20_4_50","sorting-network","both","slot-service","OPTIMUM","45,8683","45,747","53772","211921","3713","598","603","5","0","120"
"4","SN-both-ss","instance_40_20_4_6","sorting-network","both","slot-service","OPTIMUM","24,23949","24,11985","50747","210942","3578","615","617","2","0","120"
"4","SN-both-ss","instance_40_20_4_7","sorting-network","both","slot-service","OPTIMUM","31,84943","31,74129","47096","174775","3464","607","610","3","0","120"
"4","SN-both-ss","instance_40_20_4_8","sorting-network","both","slot-service","OPTIMUM","39,88585","39,77099","50066","190446","3385","606","608","2","0","120"
"4","SN-both-ss","instance_40_20_4_9","sorting-network","both","slot-service","OPTIMUM","30,2593","30,14274","52342","205978","3631","619","619","0","0","120"
"4","SN-both-ss","instance_40_20_5_1","sorting-network","both","slot-service","TIMEOUT","300,1252","0","0","0","0","","","","","120"
"4","SN-both-ss","instance_40_20_5_10","sorting-network","both","slot-service","OPTIMUM","27,46345","27,35197","58160","216901","4081","716","724","8","0","120"
"4","SN-both-ss","instance_40_20_5_11","sorting-network","both","slot-service","OPTIMUM","40,72832","40,60159","69229","258497","4143","734","738","4","0","120"
"4","SN-both-ss","instance_40_20_5_12","sorting-network","both","slot-service","OPTIMUM","76,49734","76,36588","71387","261438","4408","724","732","8","0","120"
"4","SN-both-ss","instance_40_20_5_13","sorting-network","both","slot-service","OPTIMUM","69,96821","69,81626","71072","267399","4312","763","766","3","0","120"
"4","SN-both-ss","instance_40_20_5_14","sorting-network","both","slot-service","OPTIMUM","85,42328","85,26114","70606","295992","4541","772","774","2","0","120"
"4","SN-both-ss","instance_40_20_5_15","sorting-network","both","slot-service","OPTIMUM","30,93749","30,82423","55665","214793","4109","745","751","6","0","120"
"4","SN-both-ss","instance_40_20_5_16","sorting-network","both","slot-service","OPTIMUM","31,31411","31,20241","57518","224218","4090","745","749","4","0","120"
"4","SN-both-ss","instance_40_20_5_17","sorting-network","both","slot-service","OPTIMUM","70,19222","70,02142","83479","336088","4329","737","746","9","0","120"
"4","SN-both-ss","instance_40_20_5_18","sorting-network","both","slot-service","OPTIMUM","54,96462","54,8566","54839","208038","4143","758","761","3","0","120"
"4","SN-both-ss","instance_40_20_5_19","sorting-network","both","slot-service","OPTIMUM","49,01529","48,84655","84564","316203","4519","753","757","4","0","120"
"4","SN-both-ss","instance_40_20_5_2","sorting-network","both","slot-service","OPTIMUM","64,14399","63,98935","75023","278322","4418","751","762","11","0","120"
"4","SN-both-ss","instance_40_20_5_20","sorting-network","both","slot-service","OPTIMUM","63,55927","63,41289","68009","264984","4106","776","779","3","0","120"
"4","SN-both-ss","instance_40_20_5_21","sorting-network","both","slot-service","OPTIMUM","55,09872","54,92712","71670","322940","4406","761","763","2","0","120"
"4","SN-both-ss","instance_40_20_5_22","sorting-network","both","slot-service","OPTIMUM","54,74573","54,59387","69132","280331","4476","758","765","7","0","120"
"4","SN-both-ss","instance_40_20_5_23","sorting-network","both","slot-service","OPTIMUM","43,95197","43,82272","68672","259060","4458","766","771","5","0","120"
"4","SN-both-ss","instance_40_20_5_24","sorting-network","both","slot-service","OPTIMUM","72,67301","72,55436","63691","240499","4104","740","749","9","0","120"
"4","SN-both-ss","instance_40_20_5_25","sorting-network","both","slot-service","TIMEOUT","300,1259","0","0","0","0","","","","","120"
"4","SN-both-ss","instance_40_20_5_26","sorting-network","both","slot-service","OPTIMUM","73,67281","73,50849","77176","312415","4250","772","772","0","0","120"
"4","SN-both-ss","instance_40_20_5_27","sorting-network","both","slot-service","OPTIMUM","55,80291","55,69864","51264","192207","3661","689","699","10","0","120"
"4","SN-both-ss","instance_40_20_5_28","sorting-network","both","slot-service","OPTIMUM","36,65907","36,50867","68949","283364","4072","743","747","4","0","120"
"4","SN-both-ss","instance_40_20_5_29","sorting-network","both","slot-service","OPTIMUM","69,77873","69,62323","75749","281410","4314","734","745","11","0","120"
"4","SN-both-ss","instance_40_20_5_3","sorting-network","both","slot-service","OPTIMUM","72,6281","72,51206","58136","224802","4027","757","758","1","0","120"
"4","SN-both-ss","instance_40_20_5_30","sorting-network","both","slot-service","OPTIMUM","58,39144","58,26019","64852","260698","4400","755","759","4","0","120"
"4","SN-both-ss","instance_40_20_5_31","sorting-network","both","slot-service","OPTIMUM","33,72761","33,60151","64435","254919","4153","737","739","2","0","120"
"4","SN-both-ss","instance_40_20_5_32","sorting-network","both","slot-service","UNSATISFIABLE","0,457214","0","0","0","0","","","","","120"
"4","SN-both-ss","instance_40_20_5_33","sorting-network","both","slot-service","OPTIMUM","73,47178","73,30737","81113","332257","4331","769","773","4","0","120"
"4","SN-both-ss","instance_40_20_5_34","sorting-network","both","slot-service","TIMEOUT","300,1261","0","0","0","0","","","","","120"
"4","SN-both-ss","instance_40_20_5_35","sorting-network","both","slot-service","UNSATISFIABLE","0,572057","0","0","0","0","","","","","120"
"4","SN-both-ss","instance_40_20_5_36","sorting-network","both","slot-service","OPTIMUM","71,49367","71,35922","66106","239557","4267","722","734","12","0","120"
"4","SN-both-ss","instance_40_20_5_37","sorting-network","both","slot-service","OPTIMUM","52,38813","52,22866","70387","265572","4340","771","771","0","0","120"
"4","SN-both-ss","instance_40_20_5_38","sorting-network","both","slot-service","OPTIMUM","42,07991","41,91902","66503","285064","4283","764","765","1","0","120"
"4","SN-both-ss","instance_40_20_5_39","sorting-network","both","slot-service","OPTIMUM","48,05647","47,8948","68301","263667","4440","776","777","1","0","120"
"4","SN-both-ss","instance_40_20_5_4","sorting-network","both","slot-service","OPTIMUM","58,26895","58,10876","71723","269146","4315","723","731","8","0","120"
"4","SN-both-ss","instance_40_20_5_40","sorting-network","both","slot-service","OPTIMUM","78,99755","78,83188","71722","272414","4031","688","701","13","0","120"
"4","SN-both-ss","instance_40_20_5_41","sorting-network","both","slot-service","OPTIMUM","51,49279","51,37015","63661","248784","3938","723","732","9","0","120"
"4","SN-both-ss","instance_40_20_5_42","sorting-network","both","slot-service","OPTIMUM","70,01196","69,85266","73251","302865","4081","722","731","9","0","120"
"4","SN-both-ss","instance_40_20_5_43","sorting-network","both","slot-service","OPTIMUM","49,62696","49,46165","75070","324121","4425","756","757","1","0","120"
"4","SN-both-ss","instance_40_20_5_44","sorting-network","both","slot-service","OPTIMUM","54,66043","54,50787","74316","266726","4337","735","744","9","0","120"
"4","SN-both-ss","instance_40_20_5_45","sorting-network","both","slot-service","TIMEOUT","300,1161","0","0","0","0","","","","","120"
"4","SN-both-ss","instance_40_20_5_46","sorting-network","both","slot-service","OPTIMUM","43,25458","43,14094","58614","218182","3956","741","753","12","0","120"
"4","SN-both-ss","instance_40_20_5_47","sorting-network","both","slot-service","OPTIMUM","55,55267","55,44118","60479","209574","3995","703","715","12","0","120"
"4","SN-both-ss","instance_40_20_5_48","sorting-network","both","slot-service","OPTIMUM","40,48776","40,32878","73246","294738","4374","767","774","7","0","120"
"4","SN-both-ss","instance_40_20_5_49","sorting-network","both","slot-service","OPTIMUM","80,19359","80,02423","79385","325153","4512","776","785","9","0","120"
"4","SN-both-ss","instance_40_20_5_5","sorting-network","both","slot-service","UNSATISFIABLE","1,797611","0","0","0","0","","","","","120"
"4","SN-both-ss","instance_40_20_5_50","sorting-network","both","slot-service","OPTIMUM","43,56553","43,45057","59967","223343","3989","729","738","9","0","120"
"4","SN-both-ss","instance_40_20_5_6","sorting-network","both","slot-service","OPTIMUM","58,79425","58,62605","81094","332585","4147","733","746","13","0","120"
"4","SN-both-ss","instance_40_20_5_7","sorting-network","both","slot-service","OPTIMUM","8,706599","8,579079","59920","254186","3865","754","757","3","0","120"
"4","SN-both-ss","instance_40_20_5_8","sorting-network","both","slot-service","OPTIMUM","69,20743","69,0471","68846","304161","4331","775","778","3","0","120"
"4","SN-both-ss","instance_40_20_5_9","sorting-network","both","slot-service","OPTIMUM","62,65699","62,54906","55219","194242","3847","707","721","14","0","120"
"4","SN-both-ss","instance_40_25_4_1","sorting-network","both","slot-service","OPTIMUM","50,63933","50,46164","62992","272410","4571","625","627","2","0","120"
"4","SN-both-ss","instance_40_25_4_10","sorting-network","both","slot-service","OPTIMUM","49,61409","49,47116","57844","245379","4264","606","613","7","0","120"
"4","SN-both-ss","instance_40_25_4_11","sorting-network","both","slot-service","OPTIMUM","39,90735","39,73411","58537","267797","4236","626","627","1","0","120"
"4","SN-both-ss","instance_40_25_4_12","sorting-network","both","slot-service","OPTIMUM","47,60581","47,46008","58764","246909","4250","623","626","3","0","120"
"4","SN-both-ss","instance_40_25_4_13","sorting-network","both","slot-service","OPTIMUM","34,00149","33,86954","55455","220767","4511","623","625","2","0","120"
"4","SN-both-ss","instance_40_25_4_14","sorting-network","both","slot-service","OPTIMUM","47,1833","47,00462","66746","281572","4509","617","618","1","0","120"
"4","SN-both-ss","instance_40_25_4_15","sorting-network","both","slot-service","OPTIMUM","62,87495","62,73563","60573","236385","4079","594","608","14","0","120"
"4","SN-both-ss","instance_40_25_4_16","sorting-network","both","slot-service","OPTIMUM","34,27801","34,13973","56824","240627","4434","587","590","3","0","120"
"4","SN-both-ss","instance_40_25_4_17","sorting-network","both","slot-service","OPTIMUM","49,15804","49,02201","57367","217206","4496","600","607","7","0","120"
"4","SN-both-ss","instance_40_25_4_18","sorting-network","both","slot-service","OPTIMUM","34,79887","34,65915","58656","240308","4565","600","602","2","0","120"
"4","SN-both-ss","instance_40_25_4_19","sorting-network","both","slot-service","OPTIMUM","52,71944","52,52688","74399","312305","4388","612","617","5","0","120"
"4","SN-both-ss","instance_40_25_4_2","sorting-network","both","slot-service","OPTIMUM","35,64305","35,50571","56922","228556","4402","590","594","4","0","120"
"4","SN-both-ss","instance_40_25_4_20","sorting-network","both","slot-service","OPTIMUM","47,95162","47,83599","48302","178363","3859","571","580","9","0","120"
"4","SN-both-ss","instance_40_25_4_21","sorting-network","both","slot-service","OPTIMUM","60,1403","59,98824","66446","261324","4682","609","616","7","0","120"
"4","SN-both-ss","instance_40_25_4_22","sorting-network","both","slot-service","OPTIMUM","41,72929","41,59382","55135","223774","4211","609","613","4","0","120"
"4","SN-both-ss","instance_40_25_4_23","sorting-network","both","slot-service","OPTIMUM","67,22999","67,08342","61545","251591","4463","613","619","6","0","120"
"4","SN-both-ss","instance_40_25_4_24","sorting-network","both","slot-service","OPTIMUM","63,36708","63,18965","67500","277431","4614","611","615","4","0","120"
"4","SN-both-ss","instance_40_25_4_25","sorting-network","both","slot-service","OPTIMUM","36,2579","36,11803","55158","219647","4356","620","622","2","0","120"
"4","SN-both-ss","instance_40_25_4_26","sorting-network","both","slot-service","OPTIMUM","43,05593","42,91376","59311","241746","4310","616","618","2","0","120"
"4","SN-both-ss","instance_40_25_4_27","sorting-network","both","slot-service","OPTIMUM","30,33245","30,19647","56826","222434","4312","586","596","10","0","120"
"4","SN-both-ss","instance_40_25_4_28","sorting-network","both","slot-service","OPTIMUM","52,3004","52,11121","71374","309810","4635","603","607","4","0","120"
"4","SN-both-ss","instance_40_25_4_29","sorting-network","both","slot-service","OPTIMUM","34,84579","34,70266","58892","244349","4468","617","619","2","0","120"
"4","SN-both-ss","instance_40_25_4_3","sorting-network","both","slot-service","OPTIMUM","42,27431","42,14562","52010","211048","4293","615","622","7","0","120"
"4","SN-both-ss","instance_40_25_4_30","sorting-network","both","slot-service","OPTIMUM","61,81003","61,62094","66159","301796","4853","629","630","1","0","120"
"4","SN-both-ss","instance_40_25_4_31","sorting-network","both","slot-service","OPTIMUM","27,04865","26,91846","51368","205034","4188","615","619","4","0","120"
"4","SN-both-ss","instance_40_25_4_32","sorting-network","both","slot-service","OPTIMUM","53,21875","53,03279","66342","290894","4397","619","620","1","0","120"
"4","SN-both-ss","instance_40_25_4_33","sorting-network","both","slot-service","OPTIMUM","47,59641","47,45885","54162","232052","4252","618","623","5","0","120"
"4","SN-both-ss","instance_40_25_4_34","sorting-network","both","slot-service","OPTIMUM","37,10623","36,95716","58644","230138","4428","613","620","7","0","120"
"4","SN-both-ss","instance_40_25_4_35","sorting-network","both","slot-service","OPTIMUM","45,23195","45,09077","54824","243725","4448","607","609","2","0","120"
"4","SN-both-ss","instance_40_25_4_36","sorting-network","both","slot-service","OPTIMUM","35,75995","35,58182","60102","272611","4706","627","628","1","0","120"
"4","SN-both-ss","instance_40_25_4_37","sorting-network","both","slot-service","OPTIMUM","47,22051","47,06952","59069","250359","4475","603","608","5","0","120"
"4","SN-both-ss","instance_40_25_4_38","sorting-network","both","slot-service","OPTIMUM","41,54549","41,40607","56593","245916","4295","613","614","1","0","120"
"4","SN-both-ss","instance_40_25_4_39","sorting-network","both","slot-service","OPTIMUM","82,0969","81,9119","63803","285415","4482","615","619","4","0","120"
"4","SN-both-ss","instance_40_25_4_4","sorting-network","both","slot-service","OPTIMUM","59,62661","59,48237","57867","237235","4294","623","626","3","0","120"
"4","SN-both-ss","instance_40_25_4_40","sorting-network","both","slot-service","OPTIMUM","47,84004","47,69935","58867","235004","4558","606","609","3","0","120"
"4","SN-both-ss","instance_40_25_4_41","sorting-network","both","slot-service","OPTIMUM","90,09336","89,89392","65164","307073","4325","626","627","1","0","120"
"4","SN-both-ss","instance_40_25_4_42","sorting-network","both","slot-service","OPTIMUM","44,3163","44,14076","62298","265002","4392","606","610","4","0","120"
"4","SN-both-ss","instance_40_25_4_43","sorting-network","both","slot-service","OPTIMUM","38,42098","38,23533","66649","282184","4639","612","615","3","0","120"
"4","SN-both-ss","instance_40_25_4_44","sorting-network","both","slot-service","OPTIMUM","39,53144","39,40052","54743","209973","4145","592","597","5","0","120"
"4","SN-both-ss","instance_40_25_4_45","sorting-network","both","slot-service","OPTIMUM","56,5452","56,36655","62009","272096","4514","624","624","0","0","120"
"4","SN-both-ss","instance_40_25_4_46","sorting-network","both","slot-service","OPTIMUM","51,1709","50,98246","67070","300371","4689","631","631","0","0","120"
"4","SN-both-ss","instance_40_25_4_47","sorting-network","both","slot-service","OPTIMUM","62,12945","61,94586","60222","284479","4274","567","571","4","0","120"
"4","SN-both-ss","instance_40_25_4_48","sorting-network","both","slot-service","OPTIMUM","50,22095","50,01914","70332","334029","4884","625","625","0","0","120"
"4","SN-both-ss","instance_40_25_4_49","sorting-network","both","slot-service","OPTIMUM","29,2583","29,13196","51835","206921","4348","615","619","4","0","120"
"4","SN-both-ss","instance_40_25_4_5","sorting-network","both","slot-service","OPTIMUM","41,95843","41,81734","56949","234792","4271","558","560","2","0","120"
"4","SN-both-ss","instance_40_25_4_50","sorting-network","both","slot-service","OPTIMUM","47,58829","47,44001","60891","261517","4600","618","620","2","0","120"
"4","SN-both-ss","instance_40_25_4_6","sorting-network","both","slot-service","OPTIMUM","29,41055","29,27223","57821","231911","4376","589","591","2","0","120"
"4","SN-both-ss","instance_40_25_4_7","sorting-network","both","slot-service","OPTIMUM","38,80153","38,62711","62600","262918","4631","614","616","2","0","120"
"4","SN-both-ss","instance_40_25_4_8","sorting-network","both","slot-service","OPTIMUM","39,42449","39,29788","47548","200341","4162","595","600","5","0","120"
"4","SN-both-ss","instance_40_25_4_9","sorting-network","both","slot-service","OPTIMUM","71,68138","71,48463","67955","289923","4343","602","607","5","0","120"
"4","SN-both-ss","instance_40_25_5_1","sorting-network","both","slot-service","OPTIMUM","48,25773","48,09263","75369","318597","5042","779","782","3","0","120"
"4","SN-both-ss","instance_40_25_5_10","sorting-network","both","slot-service","OPTIMUM","72,0123","71,81234","93701","405562","5579","772","776","4","0","120"
"4","SN-both-ss","instance_40_25_5_11","sorting-network","both","slot-service","OPTIMUM","60,17028","59,98474","84526","358551","5310","783","783","0","0","120"
"4","SN-both-ss","instance_40_25_5_12","sorting-network","both","slot-service","OPTIMUM","74,11113","73,93094","83849","342368","5220","781","783","2","0","120"
"4","SN-both-ss","instance_40_25_5_13","sorting-network","both","slot-service","OPTIMUM","65,20234","65,02191","85445","350818","5572","784","786","2","0","120"
"4","SN-both-ss","instance_40_25_5_14","sorting-network","both","slot-service","OPTIMUM","99,2604","99,06025","96700","406811","5948","781","782","1","0","120"
"4","SN-both-ss","instance_40_25_5_15","sorting-network","both","slot-service","OPTIMUM","93,29853","93,13532","71230","316276","4880","715","721","6","0","120"
"4","SN-both-ss","instance_40_25_5_16","sorting-network","both","slot-service","OPTIMUM","46,42795","46,2553","83951","331370","5352","759","764","5","0","120"
"4","SN-both-ss","instance_40_25_5_17","sorting-network","both","slot-service","OPTIMUM","65,55965","65,38917","82840","339724","5422","745","752","7","0","120"
"4","SN-both-ss","instance_40_25_5_18","sorting-network","both","slot-service","OPTIMUM","85,09224","84,91093","84314","357657","5226","784","786","2","0","120"
"4","SN-both-ss","instance_40_25_5_19","sorting-network","both","slot-service","OPTIMUM","55,72494","55,60315","63830","236008","4888","734","741","7","0","120"
"4","SN-both-ss","instance_40_25_5_2","sorting-network","both","slot-service","OPTIMUM","57,95545","57,78166","80762","339718","5235","775","778","3","0","120"
"4","SN-both-ss","instance_40_25_5_20","sorting-network","both","slot-service","OPTIMUM","103,1285","102,9352","95144","393792","5198","767","772","5","0","120"
"4","SN-both-ss","instance_40_25_5_21","sorting-network","both","slot-service","OPTIMUM","61,68362","61,51088","76483","334422","5415","758","760","2","0","120"
"4","SN-both-ss","instance_40_25_5_22","sorting-network","both","slot-service","OPTIMUM","48,49131","48,32881","75883","289242","5001","761","769","8","0","120"
"4","SN-both-ss","instance_40_25_5_23","sorting-network","both","slot-service","OPTIMUM","82,09204","81,89527","103234","404881","5481","769","771","2","0","120"
"4","SN-both-ss","instance_40_25_5_24","sorting-network","both","slot-service","OPTIMUM","62,6863","62,53388","71810","270747","5145","738","750","12","0","120"
"4","SN-both-ss","instance_40_25_5_25","sorting-network","both","slot-service","OPTIMUM","61,89588","61,73346","76519","282068","5200","761","769","8","0","120"
"4","SN-both-ss","instance_40_25_5_26","sorting-network","both","slot-service","OPTIMUM","70,12886","69,94378","84527","352027","5441","776","777","1","0","120"
"4","SN-both-ss","instance_40_25_5_27","sorting-network","both","slot-service","OPTIMUM","65,51591","65,38162","68387","253716","5004","739","753","14","0","120"
"4","SN-both-ss","instance_40_25_5_28","sorting-network","both","slot-service","OPTIMUM","74,25659","74,08249","82768","336899","5379","742","750","8","0","120"
"4","SN-both-ss","instance_40_25_5_29","sorting-network","both","slot-service","OPTIMUM","63,48641","63,32741","73261","279036","5218","746","754","8","0","120"
"4","SN-both-ss","instance_40_25_5_3","sorting-network","both","slot-service","OPTIMUM","78,16121","77,97535","81756","348603","5253","722","733","11","0","120"
"4","SN-both-ss","instance_40_25_5_30","sorting-network","both","slot-service","OPTIMUM","114,8181","114,6178","87750","385015","5587","766","769","3","0","120"
"4","SN-both-ss","instance_40_25_5_31","sorting-network","both","slot-service","OPTIMUM","80,06947","79,83091","90829","402242","5579","788","791","3","0","120"
"4","SN-both-ss","instance_40_25_5_32","sorting-network","both","slot-service","OPTIMUM","96,38232","96,18829","83054","331684","5410","710","723","13","0","120"
"4","SN-both-ss","instance_40_25_5_33","sorting-network","both","slot-service","OPTIMUM","74,91053","74,72358","72048","271502","4849","769","776","7","0","120"
"4","SN-both-ss","instance_40_25_5_34","sorting-network","both","slot-service","OPTIMUM","71,07488","70,85442","88344","369711","5079","764","769","5","0","120"
"4","SN-both-ss","instance_40_25_5_35","sorting-network","both","slot-service","OPTIMUM","74,75406","74,53427","90299","357826","5297","748","756","8","0","120"
"4","SN-both-ss","instance_40_25_5_36","sorting-network","both","slot-service","OPTIMUM","54,04142","53,83946","76949","333938","5415","788","788","0","0","120"
"4","SN-both-ss","instance_40_25_5_37","sorting-network","both","slot-service","OPTIMUM","103,037","102,8393","76186","312196","5149","750","754","4","0","120"
"4","SN-both-ss","instance_40_25_5_38","sorting-network","both","slot-service","OPTIMUM","72,58878","72,39017","80090","300068","5033","736","740","4","0","120"
"4","SN-both-ss","instance_40_25_5_39","sorting-network","both","slot-service","OPTIMUM","62,81287","62,61112","77817","296764","4961","738","749","11","0","120"
"4","SN-both-ss","instance_40_25_5_4","sorting-network","both","slot-service","OPTIMUM","47,37983","47,16528","95279","369137","5462","779","783","4","0","120"
"4","SN-both-ss","instance_40_25_5_40","sorting-network","both","slot-service","OPTIMUM","46,26371","46,0667","76724","312133","5335","769","775","6","0","120"
"4","SN-both-ss","instance_40_25_5_41","sorting-network","both","slot-service","OPTIMUM","57,29971","57,07008","92864","395776","5080","765","771","6","0","120"
"4","SN-both-ss","instance_40_25_5_42","sorting-network","both","slot-service","OPTIMUM","38,86092","38,70679","61147","255176","4778","739","746","7","0","120"
"4","SN-both-ss","instance_40_25_5_43","sorting-network","both","slot-service","OPTIMUM","105,178","104,9735","77148","310602","4975","766","774","8","0","120"
"4","SN-both-ss","instance_40_25_5_44","sorting-network","both","slot-service","OPTIMUM","30,85234","30,64219","81845","349872","5141","783","785","2","0","120"
"4","SN-both-ss","instance_40_25_5_45","sorting-network","both","slot-service","OPTIMUM","61,07111","60,85617","91444","362811","5516","705","710","5","0","120"
"4","SN-both-ss","instance_40_25_5_46","sorting-network","both","slot-service","UNSATISFIABLE","0,305769","0","0","0","0","","","","","120"
"4","SN-both-ss","instance_40_25_5_47","sorting-network","both","slot-service","OPTIMUM","124,9043","124,7059","90691","390110","5386","782","784","2","0","120"
"4","SN-both-ss","instance_40_25_5_48","sorting-network","both","slot-service","OPTIMUM","52,0117","51,80407","76132","337744","5190","768","769","1","0","120"
"4","SN-both-ss","instance_40_25_5_49","sorting-network","both","slot-service","TIMEOUT","300,1296","0","0","0","0","","","","","120"
"4","SN-both-ss","instance_40_25_5_5","sorting-network","both","slot-service","OPTIMUM","76,02287","75,79768","94566","381723","5584","781","787","6","0","120"
"4","SN-both-ss","instance_40_25_5_50","sorting-network","both","slot-service","OPTIMUM","108,3728","108,1294","97365","420407","5582","786","790","4","0","120"
"4","SN-both-ss","instance_40_25_5_6","sorting-network","both","slot-service","OPTIMUM","70,80396","70,59741","86216","371958","5293","768","771","3","0","120"
"4","SN-both-ss","instance_40_25_5_7","sorting-network","both","slot-service","OPTIMUM","58,27289","58,05184","78784","364862","5107","784","785","1","0","120"
"4","SN-both-ss","instance_40_25_5_8","sorting-network","both","slot-service","OPTIMUM","142,2133","142,0101","78021","311776","5142","768","771","3","0","120"