"cfg_id","label","instance_name","cardinality","ic","sb","status","elapsed_s","solve_s","variables","hard_clauses","soft_clauses","best_value","similarity","continuity","overtime","coverage"
"3","SN-both-none","instance_30_10_4_1","sorting-network","both","none","OPTIMUM","17,73965","17,69007","22401","81401","1441","416","420","4","0","120"
"3","SN-both-none","instance_30_10_4_10","sorting-network","both","none","OPTIMUM","9,575819","9,52579","23901","80337","1399","403","410","7","0","120"
"3","SN-both-none","instance_30_10_4_11","sorting-network","both","none","OPTIMUM","17,76106","17,71157","22993","76322","1413","390","402","12","0","120"
"3","SN-both-none","instance_30_10_4_12","sorting-network","both","none","OPTIMUM","22,73655","22,68462","23897","83618","1360","387","394","7","0","120"
"3","SN-both-none","instance_30_10_4_13","sorting-network","both","none","UNSATISFIABLE","0,055329","0","0","0","0","","","","","120"
"3","SN-both-none","instance_30_10_4_14","sorting-network","both","none","UNSATISFIABLE","0,05528","0","0","0","0","","","","","120"
"3","SN-both-none","instance_30_10_4_15","sorting-network","both","none","UNSATISFIABLE","0,047479","0","0","0","0","","","","","120"
"3","SN-both-none","instance_30_10_4_16","sorting-network","both","none","OPTIMUM","13,50092","13,44954","24538","88421","1562","431","436","5","0","120"
"3","SN-both-none","instance_30_10_4_17","sorting-network","both","none","OPTIMUM","5,796862","5,760315","17923","59901","1291","400","402","2","0","120"
"3","SN-both-none","instance_30_10_4_18","sorting-network","both","none","OPTIMUM","3,784802","3,747383","18227","61386","1382","408","414","6","0","120"
"3","SN-both-none","instance_30_10_4_19","sorting-network","both","none","UNSATISFIABLE","0,084493","0","0","0","0","","","","","120"
"3","SN-both-none","instance_30_10_4_2","sorting-network","both","none","UNSATISFIABLE","0,093451","0","0","0","0","","","","","120"
"3","SN-both-none","instance_30_10_4_20","sorting-network","both","none","UNSATISFIABLE","0,055874","0","0","0","0","","","","","120"
"3","SN-both-none","instance_30_10_4_21","sorting-network","both","none","UNSATISFIABLE","0,097509","0","0","0","0","","","","","120"
"3","SN-both-none","instance_30_10_4_22","sorting-network","both","none","UNSATISFIABLE","0,067754","0","0","0","0","","","","","120"
"3","SN-both-none","instance_30_10_4_23","sorting-network","both","none","OPTIMUM","11,62421","11,57191","25135","85242","1499","379","381","2","0","120"
"3","SN-both-none","instance_30_10_4_24","sorting-network","both","none","OPTIMUM","5,373114","5,325602","20930","72284","1375","387","393","6","0","120"
"3","SN-both-none","instance_30_10_4_25","sorting-network","both","none","OPTIMUM","15,60782","15,55366","25018","90848","1435","444","445","1","0","120"
"3","SN-both-none","instance_30_10_4_26","sorting-network","both","none","UNSATISFIABLE","0,105429","0","0","0","0","","","","","120"
"3","SN-both-none","instance_30_10_4_27","sorting-network","both","none","OPTIMUM","19,32699","19,2831","20862","65639","1374","390","404","14","0","120"
"3","SN-both-none","instance_30_10_4_28","sorting-network","both","none","UNSATISFIABLE","0,048301","0","0","0","0","","","","","120"
"3","SN-both-none","instance_30_10_4_29","sorting-network","both","none","UNSATISFIABLE","0,062615","0","0","0","0","","","","","120"
"3","SN-both-none","instance_30_10_4_3","sorting-network","both","none","UNSATISFIABLE","0,062915","0","0","0","0","","","","","120"
"3","SN-both-none","instance_30_10_4_30","sorting-network","both","none","OPTIMUM","18,51316","18,46076","25475","83591","1482","396","404","8","0","120"
"3","SN-both-none","instance_30_10_4_31","sorting-network","both","none","OPTIMUM","10,22161","10,17234","22300","74140","1318","372","381","9","0","120"
"3","SN-both-none","instance_30_10_4_32","sorting-network","both","none","OPTIMUM","10,7704","10,72021","22795","79896","1493","423","424","1","0","120"
"3","SN-both-none","instance_30_10_4_33","sorting-network","both","none","OPTIMUM","12,38533","12,33445","22909","81373","1416","434","435","1","0","120"
"3","SN-both-none","instance_30_10_4_34","sorting-network","both","none","UNSATISFIABLE","0,064432","0","0","0","0","","","","","120"
"3","SN-both-none","instance_30_10_4_35","sorting-network","both","none","UNSATISFIABLE","0,055063","0","0","0","0","","","","","120"
"3","SN-both-none","instance_30_10_4_36","sorting-network","both","none","OPTIMUM","27,578","27,52747","24128","82944","1497","401","408","7","0","120"
"3","SN-both-none","instance_30_10_4_37","sorting-network","both","none","OPTIMUM","17,46729","17,41501","22366","81788","1457","440","443","3","0","120"
"3","SN-both-none","instance_30_10_4_38","sorting-network","both","none","UNSATISFIABLE","0,067541","0","0","0","0","","","","","120"
"3","SN-both-none","instance_30_10_4_39","sorting-network","both","none","UNSATISFIABLE","0,056474","0","0","0","0","","","","","120"
"3","SN-both-none","instance_30_10_4_4","sorting-network","both","none","OPTIMUM","11,26686","11,21709","21770","78668","1419","427","430","3","0","120"
"3","SN-both-none","instance_30_10_4_40","sorting-network","both","none","UNSATISFIABLE","0,081984","0","0","0","0","","","","","120"
"3","SN-both-none","instance_30_10_4_41","sorting-network","both","none","OPTIMUM","9,659624","9,626861","15610","48836","1236","350","356","6","0","120"
"3","SN-both-none","instance_30_10_4_42","sorting-network","both","none","UNSATISFIABLE","0,06487","0","0","0","0","","","","","120"
"3","SN-both-none","instance_30_10_4_43","sorting-network","both","none","OPTIMUM","16,64443","16,59389","24965","81653","1427","412","418","6","0","120"
"3","SN-both-none","instance_30_10_4_44","sorting-network","both","none","UNSATISFIABLE","0,125077","0","0","0","0","","","","","120"
"3","SN-both-none","instance_30_10_4_45","sorting-network","both","none","OPTIMUM","2,566073","2,517561","21803","75772","1363","365","370","5","0","120"
"3","SN-both-none","instance_30_10_4_46","sorting-network","both","none","UNSATISFIABLE","0,050628","0","0","0","0","","","","","120"
"3","SN-both-none","instance_30_10_4_47","sorting-network","both","none","OPTIMUM","10,96399","10,92594","18969","62749","1390","395","398","3","0","120"
"3","SN-both-none","instance_30_10_4_48","sorting-network","both","none","OPTIMUM","7,648129","7,61436","17133","53626","1309","375","377","2","0","120"
"3","SN-both-none","instance_30_10_4_49","sorting-network","both","none","UNSATISFIABLE","0,107524","0","0","0","0","","","","","120"
"3","SN-both-none","instance_30_10_4_5","sorting-network","both","none","OPTIMUM","18,111","18,06712","19570","68243","1452","418","422","4","0","120"
"3","SN-both-none","instance_30_10_4_50","sorting-network","both","none","UNSATISFIABLE","0,06599","0","0","0","0","","","","","120"
"3","SN-both-none","instance_30_10_4_6","sorting-network","both","none","OPTIMUM","9,636399","9,585468","22694","79828","1451","388","390","2","0","120"
"3","SN-both-none","instance_30_10_4_7","sorting-network","both","none","UNSATISFIABLE","0,065409","0","0","0","0","","","","","120"
"3","SN-both-none","instance_30_10_4_8","sorting-network","both","none","OPTIMUM","25,93914","25,89107","22161","72914","1365","414","421","7","0","120"
"3","SN-both-none","instance_30_10_4_9","sorting-network","both","none","UNSATISFIABLE","0,063749","0","0","0","0","","","","","120"
"3","SN-both-none","instance_30_10_5_1","sorting-network","both","none","OPTIMUM","25,63442","25,57486","27996","93772","1608","496","500","4","0","120"
"3","SN-both-none","instance_30_10_5_10","sorting-network","both","none","OPTIMUM","23,82546","23,76661","27521","92575","1703","480","486","6","0","120"
"3","SN-both-none","instance_30_10_5_11","sorting-network","both","none","UNSATISFIABLE","0,081233","0","0","0","0","","","","","120"
"3","SN-both-none","instance_30_10_5_12","sorting-network","both","none","UNSATISFIABLE","0,085675","0","0","0","0","","","","","120"
"3","SN-both-none","instance_30_10_5_13","sorting-network","both","none","UNSATISFIABLE","0,149291","0","0","0","0","","","","","120"
"3","SN-both-none","instance_30_10_5_14","sorting-network","both","none","UNSATISFIABLE","0,217619","0","0","0","0","","","","","120"
"3","SN-both-none","instance_30_10_5_15","sorting-network","both","none","UNSATISFIABLE","0,195112","0","0","0","0","","","","","120"
"3","SN-both-none","instance_30_10_5_16","sorting-network","both","none","OPTIMUM","34,84105","34,77014","34265","116876","1637","489","500","11","0","120"
"3","SN-both-none","instance_30_10_5_17","sorting-network","both","none","OPTIMUM","34,13754","34,08245","25434","82504","1568","492","506","14","0","120"
"3","SN-both-none","instance_30_10_5_18","sorting-network","both","none","OPTIMUM","29,57995","29,50952","34003","120858","1770","519","524","5","0","120"
"3","SN-both-none","instance_30_10_5_19","sorting-network","both","none","UNSATISFIABLE","0,080588","0","0","0","0","","","","","120"
"3","SN-both-none","instance_30_10_5_2","sorting-network","both","none","UNSATISFIABLE","0,1538","0","0","0","0","","","","","120"
"3","SN-both-none","instance_30_10_5_20","sorting-network","both","none","UNSATISFIABLE","0,146767","0","0","0","0","","","","","120"
"3","SN-both-none","instance_30_10_5_21","sorting-network","both","none","UNSATISFIABLE","0,082304","0","0","0","0","","","","","120"
"3","SN-both-none","instance_30_10_5_22","sorting-network","both","none","OPTIMUM","23,79725","23,73019","31349","109402","1772","497","502","5","0","120"
"3","SN-both-none","instance_30_10_5_23","sorting-network","both","none","UNSATISFIABLE","0,067498","0","0","0","0","","","","","120"
"3","SN-both-none","instance_30_10_5_24","sorting-network","both","none","UNSATISFIABLE","0,122716","0","0","0","0","","","","","120"
"3","SN-both-none","instance_30_10_5_25","sorting-network","both","none","UNSATISFIABLE","0,096533","0","0","0","0","","","","","120"
"3","SN-both-none","instance_30_10_5_26","sorting-network","both","none","UNSATISFIABLE","0,057788","0","0","0","0","","","","","120"
"3","SN-both-none","instance_30_10_5_27","sorting-network","both","none","UNSATISFIABLE","0,12267","0","0","0","0","","","","","120"
"3","SN-both-none","instance_30_10_5_28","sorting-network","both","none","UNSATISFIABLE","0,067845","0","0","0","0","","","","","120"
"3","SN-both-none","instance_30_10_5_29","sorting-network","both","none","UNSATISFIABLE","0,055514","0","0","0","0","","","","","120"
"3","SN-both-none","instance_30_10_5_3","sorting-network","both","none","OPTIMUM","20,40987","20,34514","31423","114364","1670","479","487","8","0","120"
"3","SN-both-none","instance_30_10_5_30","sorting-network","both","none","UNSATISFIABLE","0,084103","0","0","0","0","","","","","120"
"3","SN-both-none","instance_30_10_5_31","sorting-network","both","none","OPTIMUM","18,11025","18,05316","26208","85499","1535","517","523","6","0","120"
"3","SN-both-none","instance_30_10_5_32","sorting-network","both","none","OPTIMUM","32,48955","32,42455","30990","106887","1811","550","556","6","0","120"
"3","SN-both-none","instance_30_10_5_33","sorting-network","both","none","OPTIMUM","18,78827","18,69312","38925","151175","1881","553","554","1","0","120"
"3","SN-both-none","instance_30_10_5_34","sorting-network","both","none","OPTIMUM","36,51093","36,44666","33389","108575","1772","479","494","15","0","120"
"3","SN-both-none","instance_30_10_5_35","sorting-network","both","none","OPTIMUM","63,52717","63,46343","31890","103426","1737","499","506","6","1","120"
"3","SN-both-none","instance_30_10_5_36","sorting-network","both","none","OPTIMUM","40,39494","40,32089","38469","129634","1838","492","504","12","0","120"
"3","SN-both-none","instance_30_10_5_37","sorting-network","both","none","OPTIMUM","3,79718","3,746096","22983","73646","1495","494","496","2","0","120"
"3","SN-both-none","instance_30_10_5_38","sorting-network","both","none","OPTIMUM","40,37321","40,31257","28381","97881","1727","524","528","4","0","120"
"3","SN-both-none","instance_30_10_5_39","sorting-network","both","none","OPTIMUM","15,79224","15,73272","26380","95082","1757","522","524","2","0","120"
"3","SN-both-none","instance_30_10_5_4","sorting-network","both","none","UNSATISFIABLE","0,078095","0","0","0","0","","","","","120"
"3","SN-both-none","instance_30_10_5_40","sorting-network","both","none","UNSATISFIABLE","0,080207","0","0","0","0","","","","","120"
"3","SN-both-none","instance_30_10_5_41","sorting-network","both","none","UNSATISFIABLE","0,089639","0","0","0","0","","","","","120"
"3","SN-both-none","instance_30_10_5_42","sorting-network","both","none","OPTIMUM","42,32322","42,24864","34125","119254","1785","484","493","9","0","120"
"3","SN-both-none","instance_30_10_5_43","sorting-network","both","none","UNSATISFIABLE","0,081328","0","0","0","0","","","","","120"
"3","SN-both-none","instance_30_10_5_44","sorting-network","both","none","UNSATISFIABLE","0,230106","0","0","0","0","","","","","120"
"3","SN-both-none","instance_30_10_5_45","sorting-network","both","none","UNSATISFIABLE","0,082257","0","0","0","0","","","","","120"
"3","SN-both-none","instance_30_10_5_46","sorting-network","both","none","UNSATISFIABLE","0,054515","0","0","0","0","","","","","120"
"3","SN-both-none","instance_30_10_5_47","sorting-network","both","none","UNSATISFIABLE","0,052949","0","0","0","0","","","","","120"
"3","SN-both-none","instance_30_10_5_48","sorting-network","both","none","OPTIMUM","65,72024","65,66345","25976","85755","1619","483","490","6","1","120"
"3","SN-both-none","instance_30_10_5_49","sorting-network","both","none","TIMEOUT","300,109","0","0","0","0","","","","","120"
"3","SN-both-none","instance_30_10_5_5","sorting-network","both","none","UNSATISFIABLE","0,082264","0","0","0","0","","","","","120"
"3","SN-both-none","instance_30_10_5_50","sorting-network","both","none","UNSATISFIABLE","0,086011","0","0","0","0","","","","","120"
"3","SN-both-none","instance_30_10_5_6","sorting-network","both","none","UNSATISFIABLE","0,077008","0","0","0","0","","","","","120"
"3","SN-both-none","instance_30_10_5_7","sorting-network","both","none","UNSATISFIABLE","0,132579","0","0","0","0","","","","","120"
"3","SN-both-none","instance_30_10_5_8","sorting-network","both","none","OPTIMUM","9,599974","9,540432","27937","96718","1637","536","537","1","0","120"
"3","SN-both-none","instance_30_10_5_9","sorting-network","both","none","OPTIMUM","38,34368","38,2856","25587","84686","1426","481","490","9","0","120"
"3","SN-both-none","instance_30_15_4_1","sorting-network","both","none","OPTIMUM","21,39714","21,3267","30332","112108","2189","443","450","7","0","120"
"3","SN-both-none","instance_30_15_4_10","sorting-network","both","none","OPTIMUM","10,93412","10,87255","26769","93293","2088","418","427","9","0","120"
"3","SN-both-none","instance_30_15_4_11","sorting-network","both","none","OPTIMUM","48,04854","47,98742","25407","88970","1814","410","413","3","0","120"
"3","SN-both-none","instance_30_15_4_12","sorting-network","both","none","OPTIMUM","8,947201","8,886782","26682","93985","1970","440","444","4","0","120"
"3","SN-both-none","instance_30_15_4_13","sorting-network","both","none","OPTIMUM","7,155184","7,10209","22389","75378","1728","383","387","4","0","120"
"3","SN-both-none","instance_30_15_4_14","sorting-network","both","none","OPTIMUM","20,45067","20,39114","24507","93480","2034","412","422","10","0","120"
"3","SN-both-none","instance_30_15_4_15","sorting-network","both","none","OPTIMUM","15,44398","15,37361","31291","116287","2095","448","452","4","0","120"
"3","SN-both-none","instance_30_15_4_16","sorting-network","both","none","OPTIMUM","9,012934","8,958365","22679","76162","1901","399","401","2","0","120"
"3","SN-both-none","instance_30_15_4_17","sorting-network","both","none","OPTIMUM","10,59773","10,53641","26188","92725","2046","422","426","4","0","120"
"3","SN-both-none","instance_30_15_4_18","sorting-network","both","none","OPTIMUM","26,72212","26,62559","34040","138208","2186","458","463","5","0","120"
"3","SN-both-none","instance_30_15_4_19","sorting-network","both","none","OPTIMUM","13,99694","13,94147","23379","83663","1815","416","425","9","0","120"
"3","SN-both-none","instance_30_15_4_2","sorting-network","both","none","OPTIMUM","9,169299","9,127726","18563","61286","1847","374","377","3","0","120"
"3","SN-both-none","instance_30_15_4_20","sorting-network","both","none","OPTIMUM","8,739853","8,686639","21226","71646","1998","428","434","6","0","120"
"3","SN-both-none","instance_30_15_4_21","sorting-network","both","none","UNSATISFIABLE","0,077554","0","0","0","0","","","","","120"
"3","SN-both-none","instance_30_15_4_22","sorting-network","both","none","OPTIMUM","2,643155","2,588531","23917","84396","1889","428","435","7","0","120"
"3","SN-both-none","instance_30_15_4_23","sorting-network","both","none","OPTIMUM","15,4072","15,33484","31465","117417","2117","438","445","7","0","120"
"3","SN-both-none","instance_30_15_4_24","sorting-network","both","none","OPTIMUM","18,73652","18,67111","27799","104864","2136","447","450","3","0","120"
"3","SN-both-none","instance_30_15_4_25","sorting-network","both","none","OPTIMUM","8,861221","8,80166","27458","89876","2013","408","411","3","0","120"
"3","SN-both-none","instance_30_15_4_26","sorting-network","both","none","OPTIMUM","10,98281","10,92086","27716","100295","2081","437","440","3","0","120"
"3","SN-both-none","instance_30_15_4_27","sorting-network","both","none","OPTIMUM","7,959133","7,898793","26566","95987","2004","410","415","5","0","120"
"3","SN-both-none","instance_30_15_4_28","sorting-network","both","none","OPTIMUM","28,36536","28,30302","27078","100453","1980","421","428","7","0","120"
"3","SN-both-none","instance_30_15_4_29","sorting-network","both","none","OPTIMUM","12,77102","12,72887","19710","65156","1741","405","409","4","0","120"
"3","SN-both-none","instance_30_15_4_3","sorting-network","both","none","OPTIMUM","22,88645","22,82029","28347","110709","2089","438","442","4","0","120"
"3","SN-both-none","instance_30_15_4_30","sorting-network","both","none","OPTIMUM","34,7884","34,71709","30836","117206","2120","437","441","4","0","120"
"3","SN-both-none","instance_30_15_4_31","sorting-network","both","none","OPTIMUM","20,70522","20,63782","28616","108250","2095","412","417","5","0","120"
"3","SN-both-none","instance_30_15_4_32","sorting-network","both","none","OPTIMUM","14,54385","14,48134","25482","100587","1995","387","390","3","0","120"
"3","SN-both-none","instance_30_15_4_33","sorting-network","both","none","OPTIMUM","22,68348","22,61625","30339","111310","2127","435","438","3","0","120"
"3","SN-both-none","instance_30_15_4_34","sorting-network","both","none","OPTIMUM","11,53979","11,47405","27737","108402","2078","399","401","2","0","120"
"3","SN-both-none","instance_30_15_4_35","sorting-network","both","none","UNSATISFIABLE","0,089556","0","0","0","0","","","","","120"
"3","SN-both-none","instance_30_15_4_36","sorting-network","both","none","OPTIMUM","11,99372","11,93013","27542","104779","1952","433","437","4","0","120"
"3","SN-both-none","instance_30_15_4_37","sorting-network","both","none","OPTIMUM","19,68091","19,62079","25735","92854","2075","427","432","5","0","120"
"3","SN-both-none","instance_30_15_4_38","sorting-network","both","none","OPTIMUM","15,41477","15,35435","25872","92883","1928","402","404","2","0","120"
"3","SN-both-none","instance_30_15_4_39","sorting-network","both","none","OPTIMUM","14,516","14,45037","28252","106009","2104","447","450","3","0","120"
"3","SN-both-none","instance_30_15_4_4","sorting-network","both","none","OPTIMUM","31,31516","31,24491","30887","119077","2259","451","453","2","0","120"
"3","SN-both-none","instance_30_15_4_40","sorting-network","both","none","OPTIMUM","6,875908","6,811761","27679","102211","1913","450","450","0","0","120"
"3","SN-both-none","instance_30_15_4_41","sorting-network","both","none","OPTIMUM","14,11844","14,0276","33014","141718","2293","443","444","1","0","120"
"3","SN-both-none","instance_30_15_4_42","sorting-network","both","none","OPTIMUM","30,96826","30,89491","32777","122612","2228","437","440","3","0","120"
"3","SN-both-none","instance_30_15_4_43","sorting-network","both","none","OPTIMUM","34,27067","34,20631","27981","106116","2007","423","430","7","0","120"
"3","SN-both-none","instance_30_15_4_44","sorting-network","both","none","UNSATISFIABLE","0,084937","0","0","0","0","","","","","120"
"3","SN-both-none","instance_30_15_4_45","sorting-network","both","none","OPTIMUM","15,03314","14,96129","31677","123702","2171","422","427","5","0","120"
"3","SN-both-none","instance_30_15_4_46","sorting-network","both","none","OPTIMUM","36,82824","36,76286","27827","107885","2083","450","453","3","0","120"
"3","SN-both-none","instance_30_15_4_47","sorting-network","both","none","OPTIMUM","31,07115","31,00872","25690","92126","2054","428","432","4","0","120"
"3","SN-both-none","instance_30_15_4_48","sorting-network","both","none","OPTIMUM","15,46281","15,40247","26392","95045","1979","431","435","4","0","120"
"3","SN-both-none","instance_30_15_4_49","sorting-network","both","none","OPTIMUM","23,52496","23,45938","30558","107297","1997","436","442","6","0","120"
"3","SN-both-none","instance_30_15_4_5","sorting-network","both","none","OPTIMUM","17,13285","17,07017","28036","98981","1863","421","429","8","0","120"
"3","SN-both-none","instance_30_15_4_50","sorting-network","both","none","OPTIMUM","6,049494","5,994422","22896","77370","1841","404","415","11","0","120"
"3","SN-both-none","instance_30_15_4_6","sorting-network","both","none","OPTIMUM","7,451075","7,400834","20627","72496","1949","441","445","4","0","120"
"3","SN-both-none","instance_30_15_4_7","sorting-network","both","none","UNSATISFIABLE","0,111513","0","0","0","0","","","","","120"
"3","SN-both-none","instance_30_15_4_8","sorting-network","both","none","UNSATISFIABLE","0,09933","0","0","0","0","","","","","120"
"3","SN-both-none","instance_30_15_4_9","sorting-network","both","none","OPTIMUM","17,23477","17,17617","26102","87921","1844","402","408","6","0","120"
"3","SN-both-none","instance_30_15_5_1","sorting-network","both","none","OPTIMUM","33,07217","32,96117","45049","179867","2654","551","555","4","0","120"
"3","SN-both-none","instance_30_15_5_10","sorting-network","both","none","UNSATISFIABLE","0,224511","0","0","0","0","","","","","120"
"3","SN-both-none","instance_30_15_5_11","sorting-network","both","none","OPTIMUM","41,95844","41,86292","37993","133361","2458","540","546","6","0","120"
"3","SN-both-none","instance_30_15_5_12","sorting-network","both","none","OPTIMUM","27,75834","27,63909","50848","196356","2724","570","572","2","0","120"
"3","SN-both-none","instance_30_15_5_13","sorting-network","both","none","OPTIMUM","23,83145","23,7253","43971","167582","2479","561","571","10","0","120"
"3","SN-both-none","instance_30_15_5_14","sorting-network","both","none","OPTIMUM","39,95253","39,85903","36804","133389","2379","534","544","10","0","120"
"3","SN-both-none","instance_30_15_5_15","sorting-network","both","none","OPTIMUM","32,36426","32,26111","39799","165534","2570","546","548","2","0","120"
"3","SN-both-none","instance_30_15_5_16","sorting-network","both","none","OPTIMUM","40,51108","40,41234","42808","147252","2439","480","493","13","0","120"
"3","SN-both-none","instance_30_15_5_17","sorting-network","both","none","OPTIMUM","15,80554","15,72966","32244","122082","2281","548","551","3","0","120"
"3","SN-both-none","instance_30_15_5_18","sorting-network","both","none","OPTIMUM","38,31909","38,23806","37111","130193","2331","528","530","2","0","120"
"3","SN-both-none","instance_30_15_5_19","sorting-network","both","none","OPTIMUM","47,36297","47,26153","39125","147369","2619","530","536","6","0","120"
"3","SN-both-none","instance_30_15_5_2","sorting-network","both","none","OPTIMUM","36,39645","36,29218","42785","164033","2356","554","558","4","0","120"
"3","SN-both-none","instance_30_15_5_20","sorting-network","both","none","UNSATISFIABLE","0,317787","0","0","0","0","","","","","120"
"3","SN-both-none","instance_30_15_5_21","sorting-network","both","none","OPTIMUM","55,41358","55,3167","37514","141100","2476","511","515","4","0","120"
"3","SN-both-none","instance_30_15_5_22","sorting-network","both","none","OPTIMUM","22,27032","22,16811","42254","160229","2602","539","545","6","0","120"
"3","SN-both-none","instance_30_15_5_23","sorting-network","both","none","OPTIMUM","36,853","36,74707","43835","161133","2661","540","548","8","0","120"
"3","SN-both-none","instance_30_15_5_24","sorting-network","both","none","OPTIMUM","29,70419","29,59935","43193","167048","2610","566","569","3","0","120"
"3","SN-both-none","instance_30_15_5_25","sorting-network","both","none","OPTIMUM","30,37796","30,28347","39196","141207","2365","541","544","3","0","120"
"3","SN-both-none","instance_30_15_5_26","sorting-network","both","none","UNSATISFIABLE","0,358493","0","0","0","0","","","","","120"
"3","SN-both-none","instance_30_15_5_27","sorting-network","both","none","OPTIMUM","196,0447","195,9513","39004","139764","2461","537","545","8","0","120"
"3","SN-both-none","instance_30_15_5_28","sorting-network","both","none","OPTIMUM","28,45321","28,34039","46686","187784","2491","561","565","4","0","120"
"3","SN-both-none","instance_30_15_5_29","sorting-network","both","none","OPTIMUM","53,90138","53,79076","45864","186949","2730","550","552","2","0","120"
"3","SN-both-none","instance_30_15_5_3","sorting-network","both","none","OPTIMUM","12,74607","12,67908","28623","101741","2307","515","520","5","0","120"
"3","SN-both-none","instance_30_15_5_30","sorting-network","both","none","OPTIMUM","18,32771","18,26125","29343","95227","2205","440","450","10","0","120"
"3","SN-both-none","instance_30_15_5_31","sorting-network","both","none","OPTIMUM","24,13659","24,05824","34187","125727","2239","522","532","10","0","120"
"3","SN-both-none","instance_30_15_5_32","sorting-network","both","none","OPTIMUM","23,66847","23,59612","29292","103992","2299","509","518","9","0","120"
"3","SN-both-none","instance_30_15_5_33","sorting-network","both","none","UNSATISFIABLE","0,463757","0","0","0","0","","","","","120"
"3","SN-both-none","instance_30_15_5_34","sorting-network","both","none","OPTIMUM","19,76322","19,66213","41249","165766","2632","591","591","0","0","120"
"3","SN-both-none","instance_30_15_5_35","sorting-network","both","none","OPTIMUM","32,8154","32,72347","37530","136086","2431","532","540","8","0","120"
"3","SN-both-none","instance_30_15_5_36","sorting-network","both","none","OPTIMUM","19,37957","19,31012","30954","108985","2366","507","513","6","0","120"
"3","SN-both-none","instance_30_15_5_37","sorting-network","both","none","UNSATISFIABLE","0,677759","0","0","0","0","","","","","120"
"3","SN-both-none","instance_30_15_5_38","sorting-network","both","none","UNSATISFIABLE","0,240354","0","0","0","0","","","","","120"
"3","SN-both-none","instance_30_15_5_39","sorting-network","both","none","OPTIMUM","25,70615","25,61363","34462","131585","2349","507","513","6","0","120"
"3","SN-both-none","instance_30_15_5_4","sorting-network","both","none","UNSATISFIABLE","0,275429","0","0","0","0","","","","","120"
"3","SN-both-none","instance_30_15_5_40","sorting-network","both","none","OPTIMUM","47,41363","47,3184","38253","137835","2487","526","532","6","0","120"
"3","SN-both-none","instance_30_15_5_41","sorting-network","both","none","OPTIMUM","37,29699","37,21832","34934","128017","2282","539","540","1","0","120"
"3","SN-both-none","instance_30_15_5_42","sorting-network","both","none","OPTIMUM","45,37525","45,2656","47718","166447","2533","537","549","12","0","120"
"3","SN-both-none","instance_30_15_5_43","sorting-network","both","none","OPTIMUM","28,53107","28,45992","31092","113409","2271","533","542","9","0","120"
"3","SN-both-none","instance_30_15_5_44","sorting-network","both","none","OPTIMUM","47,60693","47,51268","38675","136285","2490","545","552","7","0","120"
"3","SN-both-none","instance_30_15_5_45","sorting-network","both","none","OPTIMUM","29,33609","29,23356","41769","159409","2376","557","559","2","0","120"
"3","SN-both-none","instance_30_15_5_46","sorting-network","both","none","OPTIMUM","33,46094","33,3482","46337","182870","2583","552","554","2","0","120"
"3","SN-both-none","instance_30_15_5_47","sorting-network","both","none","OPTIMUM","21,19081","21,0861","42852","166682","2504","551","556","5","0","120"
"3","SN-both-none","instance_30_15_5_48","sorting-network","both","none","OPTIMUM","26,50596","26,4306","35499","115272","2292","498","510","12","0","120"
"3","SN-both-none","instance_30_15_5_49","sorting-network","both","none","UNSATISFIABLE","0,159215","0","0","0","0","","","","","120"
"3","SN-both-none","instance_30_15_5_5","sorting-network","both","none","OPTIMUM","32,84937","32,75224","40903","143879","2479","531","540","9","0","120"
"3","SN-both-none","instance_30_15_5_50","sorting-network","both","none","OPTIMUM","37,53804","37,44264","37364","136574","2407","555","561","6","0","120"
"3","SN-both-none","instance_30_15_5_6","sorting-network","both","none","OPTIMUM","15,99964","15,88919","46712","181302","2594","546","546","0","0","120"
"3","SN-both-none","instance_30_15_5_7","sorting-network","both","none","OPTIMUM","7,340748","7,24601","37495","137649","2344","544","544","0","0","120"
"3","SN-both-none","instance_30_15_5_8","sorting-network","both","none","OPTIMUM","33,89407","33,81724","33676","121385","2208","505","514","9","0","120"
"3","SN-both-none","instance_30_15_5_9","sorting-network","both","none","OPTIMUM","31,88851","31,79025","38980","149969","2463","531","533","2","0","120"
"3","SN-both-none","instance_30_20_4_1","sorting-network","both","none","OPTIMUM","28,44711","28,354","38315","145418","2920","414","421","7","0","120"
"3","SN-both-none","instance_30_20_4_10","sorting-network","both","none","OPTIMUM","14,34629","14,27496","30510","117682","2784","442","446","4","0","120"
"3","SN-both-none","instance_30_20_4_11","sorting-network","both","none","OPTIMUM","43,97841","43,88857","36315","144036","2749","454","456","2","0","120"
"3","SN-both-none","instance_30_20_4_12","sorting-network","both","none","OPTIMUM","30,67854","30,5751","41637","160449","2929","446","448","2","0","120"
"3","SN-both-none","instance_30_20_4_13","sorting-network","both","none","OPTIMUM","28,4489","28,35351","38556","148478","2934","444","447","3","0","120"
"3","SN-both-none","instance_30_20_4_14","sorting-network","both","none","OPTIMUM","12,05278","11,98986","25236","90791","2445","462","463","1","0","120"
"3","SN-both-none","instance_30_20_4_15","sorting-network","both","none","OPTIMUM","26,18963","26,09266","38198","158718","2849","461","463","2","0","120"
"3","SN-both-none","instance_30_20_4_16","sorting-network","both","none","OPTIMUM","29,10714","29,00642","38132","165474","2661","420","424","4","0","120"
"3","SN-both-none","instance_30_20_4_17","sorting-network","both","none","OPTIMUM","10,76011","10,69768","25165","102692","2334","421","423","2","0","120"
"3","SN-both-none","instance_30_20_4_18","sorting-network","both","none","OPTIMUM","27,34321","27,271","31176","122088","2540","435","439","4","0","120"
"3","SN-both-none","instance_30_20_4_19","sorting-network","both","none","OPTIMUM","40,10069","40,01472","34439","134438","2744","459","463","4","0","120"
"3","SN-both-none","instance_30_20_4_2","sorting-network","both","none","OPTIMUM","26,33241","26,26457","30706","114412","2536","430","437","7","0","120"
"3","SN-both-none","instance_30_20_4_20","sorting-network","both","none","OPTIMUM","15,19921","15,11358","34454","135089","2549","445","449","4","0","120"
"3","SN-both-none","instance_30_20_4_21","sorting-network","both","none","OPTIMUM","25,32873","25,23522","37966","155249","2891","438","439","1","0","120"
"3","SN-both-none","instance_30_20_4_22","sorting-network","both","none","OPTIMUM","37,86349","37,78988","33159","126921","2631","432","439","7","0","120"
"3","SN-both-none","instance_30_20_4_23","sorting-network","both","none","OPTIMUM","11,95377","11,88914","27564","109309","2482","455","455","0","0","120"
"3","SN-both-none","instance_30_20_4_24","sorting-network","both","none","OPTIMUM","28,29665","28,18958","42982","188142","2912","453","455","2","0","120"
"3","SN-both-none","instance_30_20_4_25","sorting-network","both","none","OPTIMUM","13,90111","13,83327","29345","112705","2544","439","442","3","0","120"
"3","SN-both-none","instance_30_20_4_26","sorting-network","both","none","OPTIMUM","26,23522","26,14379","37117","148544","2849","461","463","2","0","120"
"3","SN-both-none","instance_30_20_4_27","sorting-network","both","none","OPTIMUM","21,15788","21,0671","34862","148383","2912","463","463","0","0","120"
"3","SN-both-none","instance_30_20_4_28","sorting-network","both","none","OPTIMUM","10,18207","10,10831","32574","127434","2670","456","456","0","0","120"
"3","SN-both-none","instance_30_20_4_29","sorting-network","both","none","OPTIMUM","31,30676","31,21398","37310","153042","2850","469","471","2","0","120"
"3","SN-both-none","instance_30_20_4_3","sorting-network","both","none","OPTIMUM","24,4409","24,35352","34294","132306","2639","457","460","3","0","120"
"3","SN-both-none","instance_30_20_4_30","sorting-network","both","none","OPTIMUM","15,4091","15,31448","36813","159024","2701","467","468","1","0","120"
"3","SN-both-none","instance_30_20_4_31","sorting-network","both","none","OPTIMUM","4,260914","4,190395","30323","120179","2487","455","456","1","0","120"
"3","SN-both-none","instance_30_20_4_32","sorting-network","both","none","OPTIMUM","29,51169","29,41094","40877","175645","2998","455","457","2","0","120"
"3","SN-both-none","instance_30_20_4_33","sorting-network","both","none","OPTIMUM","10,70311","10,63583","28536","114813","2615","441","441","0","0","120"
"3","SN-both-none","instance_30_20_4_34","sorting-network","both","none","OPTIMUM","20,64226","20,55032","34994","140938","2759","461","463","2","0","120"
"3","SN-both-none","instance_30_20_4_35","sorting-network","both","none","OPTIMUM","10,34093","10,27033","32917","119082","2484","433","442","9","0","120"
"3","SN-both-none","instance_30_20_4_36","sorting-network","both","none","OPTIMUM","24,1476","24,07566","33050","124436","2395","442","449","7","0","120"
"3","SN-both-none","instance_30_20_4_37","sorting-network","both","none","OPTIMUM","24,70373","24,60811","38667","162578","2732","464","464","0","0","120"
"3","SN-both-none","instance_30_20_4_38","sorting-network","both","none","OPTIMUM","13,54866","13,4615","31661","137256","2582","446","447","1","0","120"
"3","SN-both-none","instance_30_20_4_39","sorting-network","both","none","OPTIMUM","27,19375","27,12037","33750","129452","2698","467","468","1","0","120"
"3","SN-both-none","instance_30_20_4_4","sorting-network","both","none","OPTIMUM","22,96711","22,8935","34254","127525","2672","435","439","4","0","120"
"3","SN-both-none","instance_30_20_4_40","sorting-network","both","none","OPTIMUM","21,82496","21,72371","42906","175808","2988","465","466","1","0","120"
"3","SN-both-none","instance_30_20_4_41","sorting-network","both","none","OPTIMUM","26,50422","26,4363","29105","112961","2582","455","459","4","0","120"
"3","SN-both-none","instance_30_20_4_42","sorting-network","both","none","OPTIMUM","16,50574","16,43611","30398","117336","2613","443","448","5","0","120"
"3","SN-both-none","instance_30_20_4_43","sorting-network","both","none","OPTIMUM","8,997682","8,940905","22855","85008","2288","430","433","3","0","120"
"3","SN-both-none","instance_30_20_4_44","sorting-network","both","none","OPTIMUM","19,26454","19,20031","27314","107754","2471","447","449","2","0","120"
"3","SN-both-none","instance_30_20_4_45","sorting-network","both","none","OPTIMUM","27,83118","27,74489","34664","133052","2680","460","462","2","0","120"
"3","SN-both-none","instance_30_20_4_46","sorting-network","both","none","OPTIMUM","16,0085","15,93918","29589","108402","2581","443","449","6","0","120"
"3","SN-both-none","instance_30_20_4_47","sorting-network","both","none","OPTIMUM","13,99337","13,9011","37377","141042","2727","459","464","5","0","120"
"3","SN-both-none","instance_30_20_4_48","sorting-network","both","none","OPTIMUM","31,8396","31,75181","33961","132213","2635","445","449","4","0","120"
"3","SN-both-none","instance_30_20_4_49","sorting-network","both","none","OPTIMUM","20,0481","19,97634","33556","116448","2524","415","424","9","0","120"
"3","SN-both-none","instance_30_20_4_5","sorting-network","both","none","OPTIMUM","27,92713","27,85463","33271","122162","2559","442","448","6","0","120"
"3","SN-both-none","instance_30_20_4_50","sorting-network","both","none","OPTIMUM","8,57071","8,499716","28895","116979","2642","437","439","2","0","120"
"3","SN-both-none","instance_30_20_4_6","sorting-network","both","none","OPTIMUM","20,98753","20,91474","31186","115417","2593","442","448","6","0","120"
"3","SN-both-none","instance_30_20_4_7","sorting-network","both","none","OPTIMUM","16,99623","16,90967","33859","131793","2571","431","436","5","0","120"
"3","SN-both-none","instance_30_20_4_8","sorting-network","both","none","OPTIMUM","19,90736","19,83685","31166","115841","2518","445","450","5","0","120"
"3","SN-both-none","instance_30_20_4_9","sorting-network","both","none","OPTIMUM","26,47203","26,40097","33471","116685","2549","431","437","6","0","120"
"3","SN-both-none","instance_30_20_5_1","sorting-network","both","none","OPTIMUM","16,65119","16,54348","47525","184627","3148","545","552","7","0","120"
"3","SN-both-none","instance_30_20_5_10","sorting-network","both","none","OPTIMUM","15,60989","15,51613","38632","144845","3092","531","536","5","0","120"
"3","SN-both-none","instance_30_20_5_11","sorting-network","both","none","OPTIMUM","17,23562","17,12312","50012","192386","3277","549","554","5","0","120"
"3","SN-both-none","instance_30_20_5_12","sorting-network","both","none","OPTIMUM","40,03188","39,91794","46406","196168","3050","560","565","5","0","120"
"3","SN-both-none","instance_30_20_5_13","sorting-network","both","none","OPTIMUM","22,66162","22,54595","48708","198571","3302","569","575","6","0","120"
"3","SN-both-none","instance_30_20_5_14","sorting-network","both","none","OPTIMUM","40,06535","39,93317","55235","245147","3621","586","589","3","0","120"
"3","SN-both-none","instance_30_20_5_15","sorting-network","both","none","OPTIMUM","30,7309","30,63271","43215","153566","2983","552","558","6","0","120"
"3","SN-both-none","instance_30_20_5_16","sorting-network","both","none","OPTIMUM","29,73456","29,62907","47069","178464","3115","575","582","7","0","120"
"3","SN-both-none","instance_30_20_5_17","sorting-network","both","none","OPTIMUM","30,80367","30,69646","45342","182600","3244","530","534","4","0","120"
"3","SN-both-none","instance_30_20_5_18","sorting-network","both","none","OPTIMUM","53,23844","53,10856","58651","243962","3330","568","577","9","0","120"
"3","SN-both-none","instance_30_20_5_19","sorting-network","both","none","OPTIMUM","20,86758","20,76063","44919","184677","3049","551","555","4","0","120"
"3","SN-both-none","instance_30_20_5_2","sorting-network","both","none","OPTIMUM","48,11126","48,00395","43887","174198","3189","540","545","5","0","120"
"3","SN-both-none","instance_30_20_5_20","sorting-network","both","none","OPTIMUM","20,18841","20,08016","49945","189053","3294","559","565","6","0","120"
"3","SN-both-none","instance_30_20_5_21","sorting-network","both","none","OPTIMUM","33,39032","33,2843","47428","176022","3170","526","535","9","0","120"
"3","SN-both-none","instance_30_20_5_22","sorting-network","both","none","OPTIMUM","52,30846","52,19799","48361","194705","3343","561","566","5","0","120"
"3","SN-both-none","instance_30_20_5_23","sorting-network","both","none","OPTIMUM","27,05164","26,95821","37560","140644","2845","545","551","6","0","120"
"3","SN-both-none","instance_30_20_5_24","sorting-network","both","none","OPTIMUM","26,06185","25,94959","47978","196100","3110","572","576","4","0","120"
"3","SN-both-none","instance_30_20_5_25","sorting-network","both","none","OPTIMUM","29,52809","29,42151","46105","180604","3140","565","571","6","0","120"
"3","SN-both-none","instance_30_20_5_26","sorting-network","both","none","OPTIMUM","29,10725","29,00223","44001","163901","3024","561","567","6","0","120"
"3","SN-both-none","instance_30_20_5_27","sorting-network","both","none","OPTIMUM","31,73073","31,63118","43525","162157","3202","516","531","15","0","120"
"3","SN-both-none","instance_30_20_5_28","sorting-network","both","none","OPTIMUM","35,79075","35,69119","42260","143332","2857","523","536","13","0","120"
"3","SN-both-none","instance_30_20_5_29","sorting-network","both","none","OPTIMUM","15,68654","15,5959","37708","142508","2903","560","562","2","0","120"
"3","SN-both-none","instance_30_20_5_3","sorting-network","both","none","OPTIMUM","11,42384","11,32656","39002","159512","3048","566","566","0","0","120"
"3","SN-both-none","instance_30_20_5_30","sorting-network","both","none","OPTIMUM","37,99183","37,88123","47963","190170","3308","566","571","5","0","120"
"3","SN-both-none","instance_30_20_5_31","sorting-network","both","none","OPTIMUM","33,2696","33,15981","44596","195253","3115","582","583","1","0","120"
"3","SN-both-none","instance_30_20_5_32","sorting-network","both","none","OPTIMUM","40,32491","40,2108","51727","201661","3318","556","567","11","0","120"
"3","SN-both-none","instance_30_20_5_33","sorting-network","both","none","OPTIMUM","44,04672","43,9453","43721","160876","2869","517","526","9","0","120"
"3","SN-both-none","instance_30_20_5_34","sorting-network","both","none","OPTIMUM","17,04595","16,92914","51442","209418","3332","568","571","3","0","120"
"3","SN-both-none","instance_30_20_5_35","sorting-network","both","none","OPTIMUM","36,3247","36,21639","48626","190271","3039","557","564","7","0","120"
"3","SN-both-none","instance_30_20_5_36","sorting-network","both","none","OPTIMUM","22,81626","22,71453","42858","157433","2995","550","554","4","0","120"
"3","SN-both-none","instance_30_20_5_37","sorting-network","both","none","OPTIMUM","28,91833","28,81132","47011","180170","3053","547","553","6","0","120"
"3","SN-both-none","instance_30_20_5_38","sorting-network","both","none","OPTIMUM","41,43394","41,31495","49893","210114","3211","563","570","7","0","120"
"3","SN-both-none","instance_30_20_5_39","sorting-network","both","none","OPTIMUM","14,17498","14,08557","34413","134959","3057","545","546","1","0","120"
"3","SN-both-none","instance_30_20_5_4","sorting-network","both","none","OPTIMUM","70,14166","70,01777","54884","227500","3468","572","578","6","0","120"
"3","SN-both-none","instance_30_20_5_40","sorting-network","both","none","OPTIMUM","32,47189","32,34835","55440","226350","3586","574","578","4","0","120"
"3","SN-both-none","instance_30_20_5_41","sorting-network","both","none","OPTIMUM","43,05333","42,93286","55121","219118","3299","567","573","6","0","120"
"3","SN-both-none","instance_30_20_5_42","sorting-network","both","none","OPTIMUM","46,52071","46,39549","53516","229176","3338","590","590","0","0","120"
"3","SN-both-none","instance_30_20_5_43","sorting-network","both","none","OPTIMUM","15,0605","14,97026","36106","135756","2844","558","568","10","0","120"
"3","SN-both-none","instance_30_20_5_44","sorting-network","both","none","OPTIMUM","29,41196","29,3024","49368","190897","3134","573","577","4","0","120"
"3","SN-both-none","instance_30_20_5_45","sorting-network","both","none","OPTIMUM","24,75987","24,66685","39193","144946","2798","559","564","5","0","120"
"3","SN-both-none","instance_30_20_5_46","sorting-network","both","none","OPTIMUM","49,28164","49,17795","46390","169943","3011","558","566","8","0","120"
"3","SN-both-none","instance_30_20_5_47","sorting-network","both","none","OPTIMUM","24,62805","24,52453","44037","174414","3191","570","573","3","0","120"
"3","SN-both-none","instance_30_20_5_48","sorting-network","both","none","OPTIMUM","11,99707","11,89062","44796","184955","3254","576","576","0","0","120"
"3","SN-both-none","instance_30_20_5_49","sorting-network","both","none","OPTIMUM","34,04019","33,93422","45073","182821","3099","542","548","6","0","120"
"3","SN-both-none","instance_30_20_5_5","sorting-network","both","none","OPTIMUM","59,60355","59,50447","41895","156190","2939","534","543","9","0","120"
"3","SN-both-none","instance_30_20_5_50","sorting-network","both","none","UNSATISFIABLE","0,183297","0","0","0","0","","","","","120"
"3","SN-both-none","instance_30_20_5_6","sorting-network","both","none","OPTIMUM","24,76438","24,63477","56045","243153","3318","575","577","2","0","120"
"3","SN-both-none","instance_30_20_5_7","sorting-network","both","none","OPTIMUM","28,63269","28,52665","43928","180098","3135","558","563","5","0","120"
"3","SN-both-none","instance_30_20_5_8","sorting-network","both","none","OPTIMUM","34,68292","34,57099","50448","192167","3305","563","569","6","0","120"
"3","SN-both-none","instance_30_20_5_9","sorting-network","both","none","OPTIMUM","24,82623","24,7219","43209","173450","3043","537","546","9","0","120"
"3","SN-both-none","instance_30_25_4_1","sorting-network","both","none","OPTIMUM","37,00034","36,90726","34921","147833","2997","454","460","6","0","120"
"3","SN-both-none","instance_30_25_4_10","sorting-network","both","none","OPTIMUM","17,72384","17,6328","35119","144969","3332","453","456","3","0","120"
"3","SN-both-none","instance_30_25_4_11","sorting-network","both","none","OPTIMUM","29,96144","29,84991","44188","197959","3201","457","458","1","0","120"
"3","SN-both-none","instance_30_25_4_12","sorting-network","both","none","OPTIMUM","45,62953","45,52878","40544","168903","3338","437","438","1","0","120"
"3","SN-both-none","instance_30_25_4_13","sorting-network","both","none","OPTIMUM","28,86114","28,75616","42914","179737","3437","462","466","4","0","120"
"3","SN-both-none","instance_30_25_4_14","sorting-network","both","none","OPTIMUM","30,09577","29,99618","35472","139887","3384","447","451","4","0","120"
"3","SN-both-none","instance_30_25_4_15","sorting-network","both","none","OPTIMUM","18,11626","18,02578","36026","133532","3065","446","450","4","0","120"
"3","SN-both-none","instance_30_25_4_16","sorting-network","both","none","OPTIMUM","16,03303","15,93241","37004","171452","3155","449","449","0","0","120"
"3","SN-both-none","instance_30_25_4_17","sorting-network","both","none","OPTIMUM","30,02926","29,91882","44026","190178","3514","444","446","2","0","120"
"3","SN-both-none","instance_30_25_4_18","sorting-network","both","none","OPTIMUM","30,17073","30,06814","43383","170228","3387","456","460","4","0","120"
"3","SN-both-none","instance_30_25_4_19","sorting-network","both","none","OPTIMUM","32,1239","32,02791","36440","153604","3505","436","441","5","0","120"
"3","SN-both-none","instance_30_25_4_2","sorting-network","both","none","OPTIMUM","21,51395","21,41138","38498","171481","3289","471","471","0","0","120"
"3","SN-both-none","instance_30_25_4_20","sorting-network","both","none","OPTIMUM","27,97476","27,8739","42237","168970","3244","462","468","6","0","120"
"3","SN-both-none","instance_30_25_4_21","sorting-network","both","none","OPTIMUM","21,67035","21,59407","32613","128066","3100","457","462","5","0","120"
"3","SN-both-none","instance_30_25_4_22","sorting-network","both","none","OPTIMUM","36,23874","36,13219","43620","185764","3440","466","469","3","0","120"
"3","SN-both-none","instance_30_25_4_23","sorting-network","both","none","OPTIMUM","17,15395","17,05423","39010","166300","3467","465","468","3","0","120"
"3","SN-both-none","instance_30_25_4_24","sorting-network","both","none","OPTIMUM","30,01236","29,90436","42698","184735","3224","460","461","1","0","120"
"3","SN-both-none","instance_30_25_4_25","sorting-network","both","none","OPTIMUM","44,41865","44,26283","55347","263606","3750","459","460","1","0","120"
"3","SN-both-none","instance_30_25_4_26","sorting-network","both","none","OPTIMUM","26,28571","26,19107","35236","143755","3126","461","464","3","0","120"
"3","SN-both-none","instance_30_25_4_27","sorting-network","both","none","OPTIMUM","40,54958","40,43159","43521","211237","3317","467","470","3","0","120"
"3","SN-both-none","instance_30_25_4_28","sorting-network","both","none","OPTIMUM","24,1688","24,0988","28826","113658","2922","411","412","1","0","120"
"3","SN-both-none","instance_30_25_4_29","sorting-network","both","none","OPTIMUM","41,18765","41,07163","49106","209815","3611","461","465","4","0","120"
"3","SN-both-none","instance_30_25_4_3","sorting-network","both","none","OPTIMUM","17,61755","17,50749","42964","162847","3320","427","435","8","0","120"
"3","SN-both-none","instance_30_25_4_30","sorting-network","both","none","OPTIMUM","37,82495","37,72278","41553","169816","3370","453","459","6","0","120"
"3","SN-both-none","instance_30_25_4_31","sorting-network","both","none","OPTIMUM","30,79686","30,69618","41015","166721","3354","437","439","2","0","120"
"3","SN-both-none","instance_30_25_4_32","sorting-network","both","none","OPTIMUM","25,25898","25,17094","34814","133133","3418","450","453","3","0","120"
"3","SN-both-none","instance_30_25_4_33","sorting-network","both","none","OPTIMUM","11,20738","11,08812","44721","198844","3348","470","470","0","0","120"
"3","SN-both-none","instance_30_25_4_34","sorting-network","both","none","OPTIMUM","34,21658","34,10175","45266","208324","3619","458","459","1","0","120"
"3","SN-both-none","instance_30_25_4_35","sorting-network","both","none","OPTIMUM","16,71568","16,62067","37847","147148","3092","447","451","4","0","120"
"3","SN-both-none","instance_30_25_4_36","sorting-network","both","none","OPTIMUM","34,99707","34,89785","36692","160593","3209","457","458","1","0","120"
"3","SN-both-none","instance_30_25_4_37","sorting-network","both","none","OPTIMUM","20,33175","20,22963","38928","170982","3378","440","444","4","0","120"
"3","SN-both-none","instance_30_25_4_38","sorting-network","both","none","OPTIMUM","24,39413","24,28579","41724","185822","3532","454","457","3","0","120"
"3","SN-both-none","instance_30_25_4_39","sorting-network","both","none","OPTIMUM","25,44201","25,34014","39787","175189","3240","428","433","5","0","120"
"3","SN-both-none","instance_30_25_4_4","sorting-network","both","none","OPTIMUM","16,26027","16,18312","33781","126367","3164","452","456","4","0","120"
"3","SN-both-none","instance_30_25_4_40","sorting-network","both","none","OPTIMUM","19,85616","19,75514","45324","168584","3492","450","454","4","0","120"
"3","SN-both-none","instance_30_25_4_41","sorting-network","both","none","OPTIMUM","26,00964","25,91192","38434","160592","3336","448","453","5","0","120"
"3","SN-both-none","instance_30_25_4_42","sorting-network","both","none","OPTIMUM","46,47386","46,34618","52960","241756","3706","475","476","1","0","120"
"3","SN-both-none","instance_30_25_4_43","sorting-network","both","none","OPTIMUM","23,61343","23,51052","39194","172510","3385","466","469","3","0","120"
"3","SN-both-none","instance_30_25_4_44","sorting-network","both","none","OPTIMUM","27,26959","27,17563","35635","152318","3239","431","437","6","0","120"
"3","SN-both-none","instance_30_25_4_45","sorting-network","both","none","OPTIMUM","28,33523","28,23929","39544","149633","3342","448","453","5","0","120"
"3","SN-both-none","instance_30_25_4_46","sorting-network","both","none","OPTIMUM","47,66912","47,54666","46399","233179","3715","470","472","2","0","120"
"3","SN-both-none","instance_30_25_4_47","sorting-network","both","none","OPTIMUM","24,45758","24,35969","37977","161122","3208","474","475","1","0","120"
"3","SN-both-none","instance_30_25_4_48","sorting-network","both","none","OPTIMUM","32,64711","32,54117","39651","185884","3270","465","465","0","0","120"
"3","SN-both-none","instance_30_25_4_49","sorting-network","both","none","OPTIMUM","16,67328","16,5951","34479","130993","3097","456","460","4","0","120"
"3","SN-both-none","instance_30_25_4_5","sorting-network","both","none","OPTIMUM","29,15864","29,0567","40427","169939","3517","463","464","1","0","120"
"3","SN-both-none","instance_30_25_4_50","sorting-network","both","none","OPTIMUM","44,90366","44,78514","45379","219566","3350","471","473","2","0","120"
"3","SN-both-none","instance_30_25_4_6","sorting-network","both","none","OPTIMUM","17,14301","17,04852","36885","151279","3036","461","466","5","0","120"
"3","SN-both-none","instance_30_25_4_7","sorting-network","both","none","OPTIMUM","30,83783","30,72967","42792","192643","3383","473","475","2","0","120"
"3","SN-both-none","instance_30_25_4_8","sorting-network","both","none","OPTIMUM","21,55098","21,43764","44724","184731","3653","475","475","0","0","120"
"3","SN-both-none","instance_30_25_4_9","sorting-network","both","none","OPTIMUM","31,19279","31,09218","37712","168634","3348","463","465","2","0","120"
"3","SN-both-none","instance_30_25_5_1","sorting-network","both","none","OPTIMUM","28,59377","28,46556","52813","209055","3860","578","583","5","0","120"
"3","SN-both-none","instance_30_25_5_10","sorting-network","both","none","OPTIMUM","38,05319","37,93705","46668","180688","3652","554","566","12","0","120"
"3","SN-both-none","instance_30_25_5_11","sorting-network","both","none","OPTIMUM","30,80656","30,67539","51151","216678","3659","569","572","3","0","120"
"3","SN-both-none","instance_30_25_5_12","sorting-network","both","none","OPTIMUM","29,63487","29,5039","48976","213550","3997","580","581","1","0","120"
"3","SN-both-none","instance_30_25_5_13","sorting-network","both","none","OPTIMUM","52,11802","51,98255","55485","233780","3734","588","590","2","0","120"
"3","SN-both-none","instance_30_25_5_14","sorting-network","both","none","OPTIMUM","37,94763","37,81111","55537","226634","3837","571","580","9","0","120"
"3","SN-both-none","instance_30_25_5_15","sorting-network","both","none","OPTIMUM","30,44702","30,31687","55101","214581","3927","554","561","7","0","120"
"3","SN-both-none","instance_30_25_5_16","sorting-network","both","none","OPTIMUM","38,42892","38,25553","63511","265748","4022","579","583","4","0","120"
"3","SN-both-none","instance_30_25_5_17","sorting-network","both","none","UNSATISFIABLE","0,995956","0","0","0","0","","","","","120"
"3","SN-both-none","instance_30_25_5_18","sorting-network","both","none","OPTIMUM","56,90677","56,73196","59521","267772","4214","565","569","4","0","120"
"3","SN-both-none","instance_30_25_5_19","sorting-network","both","none","OPTIMUM","37,53432","37,39282","54769","234930","4001","556","566","10","0","120"
"3","SN-both-none","instance_30_25_5_2","sorting-network","both","none","OPTIMUM","51,20703","51,08043","50217","204152","3693","550","556","6","0","120"
"3","SN-both-none","instance_30_25_5_20","sorting-network","both","none","OPTIMUM","53,91968","53,7908","53532","217094","3881","577","579","2","0","120"
"3","SN-both-none","instance_30_25_5_21","sorting-network","both","none","OPTIMUM","51,07491","50,9429","53464","225176","3786","571","578","7","0","120"
"3","SN-both-none","instance_30_25_5_22","sorting-network","both","none","OPTIMUM","92,71232","92,59162","51913","200651","3498","574","580","5","1","120"
"3","SN-both-none","instance_30_25_5_23","sorting-network","both","none","OPTIMUM","40,39677","40,27216","49681","214749","3665","572","573","1","0","120"
"3","SN-both-none","instance_30_25_5_24","sorting-network","both","none","OPTIMUM","52,0607","51,92077","57176","248041","4173","581","584","3","0","120"
"3","SN-both-none","instance_30_25_5_25","sorting-network","both","none","OPTIMUM","42,21992","42,04056","68497","286324","4043","575","583","8","0","120"
"3","SN-both-none","instance_30_25_5_26","sorting-network","both","none","OPTIMUM","26,49235","26,36784","51981","202581","3787","570","575","5","0","120"
"3","SN-both-none","instance_30_25_5_27","sorting-network","both","none","OPTIMUM","54,92626","54,78942","52584","231898","3924","583","587","4","0","120"
"3","SN-both-none","instance_30_25_5_28","sorting-network","both","none","OPTIMUM","33,1","32,95385","59225","259873","4075","584","587","3","0","120"
"3","SN-both-none","instance_30_25_5_29","sorting-network","both","none","OPTIMUM","56,22234","56,07892","56912","254119","4011","565","567","2","0","120"
"3","SN-both-none","instance_30_25_5_3","sorting-network","both","none","OPTIMUM","38,3971","38,27612","51237","195820","3857","566","572","6","0","120"
"3","SN-both-none","instance_30_25_5_30","sorting-network","both","none","OPTIMUM","40,01287","39,88156","52372","219374","3812","558","568","10","0","120"
"3","SN-both-none","instance_30_25_5_31","sorting-network","both","none","OPTIMUM","33,69811","33,58702","43588","177945","3640","555","556","1","0","120"
"3","SN-both-none","instance_30_25_5_32","sorting-network","both","none","OPTIMUM","39,77582","39,62905","57894","261451","4032","573","573","0","0","120"
"3","SN-both-none","instance_30_25_5_33","sorting-network","both","none","OPTIMUM","38,54461","38,41938","48874","202170","3813","559","561","2","0","120"
"3","SN-both-none","instance_30_25_5_34","sorting-network","both","none","OPTIMUM","27,17339","27,03361","55020","250084","3859","577","579","2","0","120"
"3","SN-both-none","instance_30_25_5_35","sorting-network","both","none","OPTIMUM","30,65422","30,52971","49905","205961","3688","563","574","11","0","120"
"3","SN-both-none","instance_30_25_5_36","sorting-network","both","none","OPTIMUM","39,64449","39,506","61683","239053","3988","570","573","3","0","120"
"3","SN-both-none","instance_30_25_5_37","sorting-network","both","none","OPTIMUM","29,72063","29,59146","52108","216828","3867","541","544","3","0","120"
"3","SN-both-none","instance_30_25_5_38","sorting-network","both","none","OPTIMUM","34,33875","34,21539","49606","198219","3633","566","572","6","0","120"
"3","SN-both-none","instance_30_25_5_39","sorting-network","both","none","OPTIMUM","68,46786","68,32261","55804","259050","3956","585","586","1","0","120"
"3","SN-both-none","instance_30_25_5_4","sorting-network","both","none","OPTIMUM","30,64246","30,51026","52703","219726","4041","583","586","3","0","120"
"3","SN-both-none","instance_30_25_5_40","sorting-network","both","none","OPTIMUM","23,03165","22,90365","50890","210229","3868","585","585","0","0","120"
"3","SN-both-none","instance_30_25_5_41","sorting-network","both","none","OPTIMUM","27,50559","27,37941","50718","209206","3945","584","585","1","0","120"
"3","SN-both-none","instance_30_25_5_42","sorting-network","both","none","OPTIMUM","26,2006","26,06803","50500","229945","3791","588","588","0","0","120"
"3","SN-both-none","instance_30_25_5_43","sorting-network","both","none","OPTIMUM","35,06964","34,94685","46724","198532","3849","530","538","8","0","120"
"3","SN-both-none","instance_30_25_5_44","sorting-network","both","none","OPTIMUM","33,27698","33,16504","42833","170269","3583","525","535","10","0","120"
"3","SN-both-none","instance_30_25_5_45","sorting-network","both","none","OPTIMUM","43,13215","43,00056","52826","211978","3828","572","574","2","0","120"
"3","SN-both-none","instance_30_25_5_46","sorting-network","both","none","OPTIMUM","68,98233","68,83598","59437","255087","4115","570","574","4","0","120"
"3","SN-both-none","instance_30_25_5_47","sorting-network","both","none","OPTIMUM","23,83057","23,70865","48663","195115","3983","575","577","2","0","120"
"3","SN-both-none","instance_30_25_5_48","sorting-network","both","none","OPTIMUM","38,88706","38,77114","47137","179870","3671","565","567","2","0","120"
"3","SN-both-none","instance_30_25_5_49","sorting-network","both","none","OPTIMUM","60,03695","59,891","58314","259996","3934","578","580","2","0","120"
"3","SN-both-none","instance_30_25_5_5","sorting-network","both","none","OPTIMUM","20,35109","20,21582","55328","229891","3929","574","579","5","0","120"
"3","SN-both-none","instance_30_25_5_50","sorting-network","both","none","OPTIMUM","45,19008","45,05728","56624","218939","3799","573","574","1","0","120"
"3","SN-both-none","instance_30_25_5_6","sorting-network","both","none","OPTIMUM","46,64731","46,50279","55351","259369","4254","588","589","1","0","120"
"3","SN-both-none","instance_30_25_5_7","sorting-network","both","none","OPTIMUM","46,10629","45,96561","58880","248336","3818","573","581","8","0","120"
"3","SN-both-none","instance_30_25_5_8","sorting-network","both","none","OPTIMUM","37,58509","37,40021","66953","298400","4428","585","587","2","0","120"
"3","SN-both-none","instance_30_25_5_9","sorting-network","both","none","OPTIMUM","40,62536","40,50238","49695","201283","3815","590","591","1","0","120"
"3","SN-both-none","instance_40_10_4_1","sorting-network","both","none","OPTIMUM","45,92028","45,84598","35730","126424","2006","563","568","5","0","120"
"3","SN-both-none","instance_40_10_4_10","sorting-network","both","none","UNSATISFIABLE","0,09178","0","0","0","0","","","","","120"
"3","SN-both-none","instance_40_10_4_11","sorting-network","both","none","TIMEOUT","300,1151","0","0","0","0","","","","","120"
"3","SN-both-none","instance_40_10_4_12","sorting-network","both","none","UNSATISFIABLE","0,077714","0","0","0","0","","","","","120"
"3","SN-both-none","instance_40_10_4_13","sorting-network","both","none","UNSATISFIABLE","0,090847","0","0","0","0","","","","","120"
"3","SN-both-none","instance_40_10_4_14","sorting-network","both","none","UNSATISFIABLE","0,240166","0","0","0","0","","","","","120"
"3","SN-both-none","instance_40_10_4_15","sorting-network","both","none","UNSATISFIABLE","0,158672","0","0","0","0","","","","","120"
"3","SN-both-none","instance_40_10_4_16","sorting-network","both","none","OPTIMUM","19,35346","19,28348","34017","122173","1866","569","579","10","0","120"
"3","SN-both-none","instance_40_10_4_17","sorting-network","both","none","OPTIMUM","10,54513","10,45706","35978","135050","2036","580","580","0","0","120"
"3","SN-both-none","instance_40_10_4_18","sorting-network","both","none","UNSATISFIABLE","0,081939","0","0","0","0","","","","","120"
"3","SN-both-none","instance_40_10_4_19","sorting-network","both","none","OPTIMUM","36,04247","35,97236","34502","118561","2091","548","557","9","0","120"
"3","SN-both-none","instance_40_10_4_2","sorting-network","both","none","TIMEOUT","300,1167","0","0","0","0","","","","","120"
"3","SN-both-none","instance_40_10_4_20","sorting-network","both","none","UNSATISFIABLE","0,094177","0","0","0","0","","","","","120"
"3","SN-both-none","instance_40_10_4_21","sorting-network","both","none","OPTIMUM","21,1731","21,10093","35372","122323","1901","557","562","5","0","120"
"3","SN-both-none","instance_40_10_4_22","sorting-network","both","none","OPTIMUM","36,22054","36,15744","30439","101687","1809","553","556","3","0","120"
"3","SN-both-none","instance_40_10_4_23","sorting-network","both","none","UNSATISFIABLE","0,15749","0","0","0","0","","","","","120"
"3","SN-both-none","instance_40_10_4_24","sorting-network","both","none","OPTIMUM","36,49009","36,38372","42772","162629","2072","580","588","8","0","120"
"3","SN-both-none","instance_40_10_4_25","sorting-network","both","none","UNSATISFIABLE","0,091212","0","0","0","0","","","","","120"
"3","SN-both-none","instance_40_10_4_26","sorting-network","both","none","UNSATISFIABLE","0,084138","0","0","0","0","","","","","120"
"3","SN-both-none","instance_40_10_4_27","sorting-network","both","none","UNSATISFIABLE","0,084664","0","0","0","0","","","","","120"
"3","SN-both-none","instance_40_10_4_28","sorting-network","both","none","TIMEOUT","300,1107","0","0","0","0","","","","","120"
"3","SN-both-none","instance_40_10_4_29","sorting-network","both","none","TIMEOUT","300,1154","0","0","0","0","","","","","120"
"3","SN-both-none","instance_40_10_4_3","sorting-network","both","none","OPTIMUM","25,9586","25,8908","34022","112433","1871","486","497","11","0","120"
"3","SN-both-none","instance_40_10_4_30","sorting-network","both","none","OPTIMUM","30,82555","30,73914","37206","131262","2025","498","504","6","0","120"
"3","SN-both-none","instance_40_10_4_31","sorting-network","both","none","TIMEOUT","300,1102","0","0","0","0","","","","","120"
"3","SN-both-none","instance_40_10_4_32","sorting-network","both","none","OPTIMUM","136,5076","136,4373","34767","119514","1845","533","537","4","0","120"
"3","SN-both-none","instance_40_10_4_33","sorting-network","both","none","UNSATISFIABLE","0,093854","0","0","0","0","","","","","120"
"3","SN-both-none","instance_40_10_4_34","sorting-network","both","none","UNSATISFIABLE","0,087247","0","0","0","0","","","","","120"
"3","SN-both-none","instance_40_10_4_35","sorting-network","both","none","UNSATISFIABLE","0,18168","0","0","0","0","","","","","120"
"3","SN-both-none","instance_40_10_4_36","sorting-network","both","none","OPTIMUM","44,40531","44,30611","45204","157393","2152","556","560","4","0","120"
"3","SN-both-none","instance_40_10_4_37","sorting-network","both","none","UNSATISFIABLE","0,147248","0","0","0","0","","","","","120"
"3","SN-both-none","instance_40_10_4_38","sorting-network","both","none","OPTIMUM","39,13588","39,05907","37714","130440","1919","547","555","8","0","120"
"3","SN-both-none","instance_40_10_4_39","sorting-network","both","none","UNSATISFIABLE","0,089451","0","0","0","0","","","","","120"
"3","SN-both-none","instance_40_10_4_4","sorting-network","both","none","UNSATISFIABLE","0,23172","0","0","0","0","","","","","120"
"3","SN-both-none","instance_40_10_4_40","sorting-network","both","none","OPTIMUM","37,26223","37,20697","24329","82425","1780","544","550","3","3","120"
"3","SN-both-none","instance_40_10_4_41","sorting-network","both","none","UNSATISFIABLE","0,088359","0","0","0","0","","","","","120"
"3","SN-both-none","instance_40_10_4_42","sorting-network","both","none","UNSATISFIABLE","0,101008","0","0","0","0","","","","","120"
"3","SN-both-none","instance_40_10_4_43","sorting-network","both","none","UNSATISFIABLE","0,096181","0","0","0","0","","","","","120"
"3","SN-both-none","instance_40_10_4_44","sorting-network","both","none","UNSATISFIABLE","0,092684","0","0","0","0","","","","","120"
"3","SN-both-none","instance_40_10_4_45","sorting-network","both","none","UNSATISFIABLE","0,094755","0","0","0","0","","","","","120"
"3","SN-both-none","instance_40_10_4_46","sorting-network","both","none","OPTIMUM","60,04906","59,97876","33507","119474","2003","557","562","5","0","120"
"3","SN-both-none","instance_40_10_4_47","sorting-network","both","none","UNSATISFIABLE","0,108615","0","0","0","0","","","","","120"
"3","SN-both-none","instance_40_10_4_48","sorting-network","both","none","OPTIMUM","30,56646","30,50072","31214","111151","1900","571","574","3","0","120"
"3","SN-both-none","instance_40_10_4_49","sorting-network","both","none","UNSATISFIABLE","0,088325","0","0","0","0","","","","","120"
"3","SN-both-none","instance_40_10_4_5","sorting-network","both","none","UNSATISFIABLE","0,134935","0","0","0","0","","","","","120"
"3","SN-both-none","instance_40_10_4_50","sorting-network","both","none","UNSATISFIABLE","0,160652","0","0","0","0","","","","","120"
"3","SN-both-none","instance_40_10_4_6","sorting-network","both","none","OPTIMUM","32,19577","32,12797","33316","112042","1889","554","562","8","0","120"
"3","SN-both-none","instance_40_10_4_7","sorting-network","both","none","UNSATISFIABLE","0,112232","0","0","0","0","","","","","120"
"3","SN-both-none","instance_40_10_4_8","sorting-network","both","none","UNSATISFIABLE","0,083876","0","0","0","0","","","","","120"
"3","SN-both-none","instance_40_10_4_9","sorting-network","both","none","UNSATISFIABLE","0,087047","0","0","0","0","","","","","120"
"3","SN-both-none","instance_40_10_5_1","sorting-network","both","none","UNSATISFIABLE","0,253213","0","0","0","0","","","","","120"
"3","SN-both-none","instance_40_10_5_10","sorting-network","both","none","UNSATISFIABLE","0,120432","0","0","0","0","","","","","120"
"3","SN-both-none","instance_40_10_5_11","sorting-network","both","none","OPTIMUM","211,5908","211,5108","43236","145500","2114","609","621","12","0","120"
"3","SN-both-none","instance_40_10_5_12","sorting-network","both","none","TIMEOUT","300,1144","0","0","0","0","","","","","120"
"3","SN-both-none","instance_40_10_5_13","sorting-network","both","none","UNSATISFIABLE","0,121568","0","0","0","0","","","","","120"
"3","SN-both-none","instance_40_10_5_14","sorting-network","both","none","OPTIMUM","65,92478","65,82933","45519","161704","2276","663","670","7","0","120"
"3","SN-both-none","instance_40_10_5_15","sorting-network","both","none","UNSATISFIABLE","0,116346","0","0","0","0","","","","","120"
"3","SN-both-none","instance_40_10_5_16","sorting-network","both","none","UNSATISFIABLE","0,243063","0","0","0","0","","","","","120"
"3","SN-both-none","instance_40_10_5_17","sorting-network","both","none","OPTIMUM","22,3505","22,26874","43642","156557","2324","706","710","4","0","120"
"3","SN-both-none","instance_40_10_5_18","sorting-network","both","none","UNSATISFIABLE","0,124743","0","0","0","0","","","","","120"
"3","SN-both-none","instance_40_10_5_19","sorting-network","both","none","OPTIMUM","254,1376","254,0466","45915","167928","2207","675","684","9","0","120"
"3","SN-both-none","instance_40_10_5_2","sorting-network","both","none","OPTIMUM","70,65319","70,55808","47835","165799","2180","704","718","14","0","120"
"3","SN-both-none","instance_40_10_5_20","sorting-network","both","none","UNSATISFIABLE","0,098583","0","0","0","0","","","","","120"
"3","SN-both-none","instance_40_10_5_21","sorting-network","both","none","UNSATISFIABLE","0,124779","0","0","0","0","","","","","120"
"3","SN-both-none","instance_40_10_5_22","sorting-network","both","none","TIMEOUT","300,1231","0","0","0","0","","","","","120"
"3","SN-both-none","instance_40_10_5_23","sorting-network","both","none","UNSATISFIABLE","0,101401","0","0","0","0","","","","","120"
"3","SN-both-none","instance_40_10_5_24","sorting-network","both","none","UNSATISFIABLE","0,239555","0","0","0","0","","","","","120"
"3","SN-both-none","instance_40_10_5_25","sorting-network","both","none","UNSATISFIABLE","0,087713","0","0","0","0","","","","","120"
"3","SN-both-none","instance_40_10_5_26","sorting-network","both","none","UNSATISFIABLE","0,302556","0","0","0","0","","","","","120"
"3","SN-both-none","instance_40_10_5_27","sorting-network","both","none","UNSATISFIABLE","0,138287","0","0","0","0","","","","","120"
"3","SN-both-none","instance_40_10_5_28","sorting-network","both","none","TIMEOUT","300,1179","0","0","0","0","","","","","120"
"3","SN-both-none","instance_40_10_5_29","sorting-network","both","none","OPTIMUM","33,8124","33,72414","43009","157007","2387","698","702","4","0","120"
"3","SN-both-none","instance_40_10_5_3","sorting-network","both","none","UNSATISFIABLE","0,522219","0","0","0","0","","","","","120"
"3","SN-both-none","instance_40_10_5_30","sorting-network","both","none","UNSATISFIABLE","0,083968","0","0","0","0","","","","","120"
"3","SN-both-none","instance_40_10_5_31","sorting-network","both","none","UNSATISFIABLE","0,09866","0","0","0","0","","","","","120"
"3","SN-both-none","instance_40_10_5_32","sorting-network","both","none","OPTIMUM","42,32448","42,24152","41316","150617","2311","699","701","2","0","120"
"3","SN-both-none","instance_40_10_5_33","sorting-network","both","none","UNSATISFIABLE","0,123902","0","0","0","0","","","","","120"
"3","SN-both-none","instance_40_10_5_34","sorting-network","both","none","UNSATISFIABLE","1,22467","0","0","0","0","","","","","120"
"3","SN-both-none","instance_40_10_5_35","sorting-network","both","none","UNSATISFIABLE","0,091762","0","0","0","0","","","","","120"
"3","SN-both-none","instance_40_10_5_36","sorting-network","both","none","UNSATISFIABLE","0,274171","0","0","0","0","","","","","120"
"3","SN-both-none","instance_40_10_5_37","sorting-network","both","none","UNSATISFIABLE","0,090997","0","0","0","0","","","","","120"
"3","SN-both-none","instance_40_10_5_38","sorting-network","both","none","UNSATISFIABLE","0,102806","0","0","0","0","","","","","120"
"3","SN-both-none","instance_40_10_5_39","sorting-network","both","none","OPTIMUM","78,28638","78,204","41692","143920","2189","691","698","5","2","120"
"3","SN-both-none","instance_40_10_5_4","sorting-network","both","none","UNSATISFIABLE","0,089321","0","0","0","0","","","","","120"
"3","SN-both-none","instance_40_10_5_40","sorting-network","both","none","UNSATISFIABLE","0,104876","0","0","0","0","","","","","120"
"3","SN-both-none","instance_40_10_5_41","sorting-network","both","none","UNSATISFIABLE","0,69772","0","0","0","0","","","","","120"
"3","SN-both-none","instance_40_10_5_42","sorting-network","both","none","UNSATISFIABLE","0,0844","0","0","0","0","","","","","120"
"3","SN-both-none","instance_40_10_5_43","sorting-network","both","none","UNSATISFIABLE","0,088807","0","0","0","0","","","","","120"
"3","SN-both-none","instance_40_10_5_44","sorting-network","both","none","OPTIMUM","68,63826","68,5621","42988","141368","2059","634","647","13","0","120"
"3","SN-both-none","instance_40_10_5_45","sorting-network","both","none","TIMEOUT","300,1134","0","0","0","0","","","","","120"
"3","SN-both-none","instance_40_10_5_46","sorting-network","both","none","UNSATISFIABLE","0,089818","0","0","0","0","","","","","120"
"3","SN-both-none","instance_40_10_5_47","sorting-network","both","none","UNSATISFIABLE","0,119927","0","0","0","0","","","","","120"
"3","SN-both-none","instance_40_10_5_48","sorting-network","both","none","UNSATISFIABLE","0,169926","0","0","0","0","","","","","120"
"3","SN-both-none","instance_40_10_5_49","sorting-network","both","none","TIMEOUT","300,1128","0","0","0","0","","","","","120"
"3","SN-both-none","instance_40_10_5_5","sorting-network","both","none","TIMEOUT","300,1169","0","0","0","0","","","","","120"
"3","SN-both-none","instance_40_10_5_50","sorting-network","both","none","UNSATISFIABLE","0,104256","0","0","0","0","","","","","120"
"3","SN-both-none","instance_40_10_5_6","sorting-network","both","none","TIMEOUT","300,1242","0","0","0","0","","","","","120"
"3","SN-both-none","instance_40_10_5_7","sorting-network","both","none","OPTIMUM","64,49724","64,41242","45769","165908","2328","695","701","6","0","120"
"3","SN-both-none","instance_40_10_5_8","sorting-network","both","none","UNSATISFIABLE","0,103691","0","0","0","0","","","","","120"
"3","SN-both-none","instance_40_10_5_9","sorting-network","both","none","UNSATISFIABLE","0,205895","0","0","0","0","","","","","120"
"3","SN-both-none","instance_40_15_4_1","sorting-network","both","none","OPTIMUM","22,54098","22,44146","39849","147046","2764","591","592","1","0","120"
"3","SN-both-none","instance_40_15_4_10","sorting-network","both","none","OPTIMUM","83,96912","83,89803","30841","110139","2323","522","529","1","6","120"
"3","SN-both-none","instance_40_15_4_11","sorting-network","both","none","TIMEOUT","300,1185","0","0","0","0","","","","","120"
"3","SN-both-none","instance_40_15_4_12","sorting-network","both","none","UNSATISFIABLE","0,376113","0","0","0","0","","","","","120"
"3","SN-both-none","instance_40_15_4_13","sorting-network","both","none","UNSATISFIABLE","0,13564","0","0","0","0","","","","","120"
"3","SN-both-none","instance_40_15_4_14","sorting-network","both","none","OPTIMUM","37,84277","37,73859","41365","152377","2599","566","574","8","0","120"
"3","SN-both-none","instance_40_15_4_15","sorting-network","both","none","UNSATISFIABLE","0,110643","0","0","0","0","","","","","120"
"3","SN-both-none","instance_40_15_4_16","sorting-network","both","none","UNSATISFIABLE","0,284798","0","0","0","0","","","","","120"
"3","SN-both-none","instance_40_15_4_17","sorting-network","both","none","OPTIMUM","52,04594","51,94216","44198","163909","2860","519","528","9","0","120"
"3","SN-both-none","instance_40_15_4_18","sorting-network","both","none","OPTIMUM","35,26232","35,15443","43031","161909","2777","595","599","4","0","120"
"3","SN-both-none","instance_40_15_4_19","sorting-network","both","none","OPTIMUM","23,06033","22,95939","42992","148367","2816","585","590","5","0","120"
"3","SN-both-none","instance_40_15_4_2","sorting-network","both","none","TIMEOUT","300,1118","0","0","0","0","","","","","120"
"3","SN-both-none","instance_40_15_4_20","sorting-network","both","none","OPTIMUM","32,27926","32,1729","43360","163439","2667","580","580","0","0","120"
"3","SN-both-none","instance_40_15_4_21","sorting-network","both","none","OPTIMUM","47,61471","47,5221","38635","132520","2665","535","548","13","0","120"
"3","SN-both-none","instance_40_15_4_22","sorting-network","both","none","OPTIMUM","74,1009","73,98217","52895","203380","2874","590","593","3","0","120"
"3","SN-both-none","instance_40_15_4_23","sorting-network","both","none","OPTIMUM","48,37428","48,29633","37331","125012","2600","553","560","7","0","120"
"3","SN-both-none","instance_40_15_4_24","sorting-network","both","none","OPTIMUM","35,0335","34,9344","39602","143963","2655","580","585","5","0","120"
"3","SN-both-none","instance_40_15_4_25","sorting-network","both","none","OPTIMUM","39,40476","39,29726","43754","169955","2815","604","606","2","0","120"
"3","SN-both-none","instance_40_15_4_26","sorting-network","both","none","OPTIMUM","16,45197","16,37741","33251","114605","2516","593","594","1","0","120"
"3","SN-both-none","instance_40_15_4_27","sorting-network","both","none","UNSATISFIABLE","0,151998","0","0","0","0","","","","","120"
"3","SN-both-none","instance_40_15_4_28","sorting-network","both","none","OPTIMUM","38,46745","38,37093","38672","140350","2524","595","597","2","0","120"
"3","SN-both-none","instance_40_15_4_29","sorting-network","both","none","UNSATISFIABLE","0,121581","0","0","0","0","","","","","120"
"3","SN-both-none","instance_40_15_4_3","sorting-network","both","none","UNSATISFIABLE","0,092276","0","0","0","0","","","","","120"
"3","SN-both-none","instance_40_15_4_30","sorting-network","both","none","OPTIMUM","45,94185","45,84462","38337","143472","2639","532","535","3","0","120"
"3","SN-both-none","instance_40_15_4_31","sorting-network","both","none","OPTIMUM","25,76007","25,6563","42347","156512","2862","564","571","7","0","120"
"3","SN-both-none","instance_40_15_4_32","sorting-network","both","none","OPTIMUM","36,33277","36,23495","39174","148617","2788","591","593","2","0","120"
"3","SN-both-none","instance_40_15_4_33","sorting-network","both","none","UNSATISFIABLE","0,289091","0","0","0","0","","","","","120"
"3","SN-both-none","instance_40_15_4_34","sorting-network","both","none","OPTIMUM","32,49536","32,42008","34187","119141","2371","544","553","9","0","120"
"3","SN-both-none","instance_40_15_4_35","sorting-network","both","none","OPTIMUM","21,95398","21,87467","36534","126189","2601","554","564","10","0","120"
"3","SN-both-none","instance_40_15_4_36","sorting-network","both","none","OPTIMUM","38,05741","37,95348","40774","144609","2646","536","551","15","0","120"
"3","SN-both-none","instance_40_15_4_37","sorting-network","both","none","UNSATISFIABLE","0,294438","0","0","0","0","","","","","120"
"3","SN-both-none","instance_40_15_4_38","sorting-network","both","none","OPTIMUM","58,96999","58,86616","43657","164146","2833","564","567","3","0","120"
"3","SN-both-none","instance_40_15_4_39","sorting-network","both","none","OPTIMUM","42,66429","42,53945","52983","211556","2921","601","606","5","0","120"
"3","SN-both-none","instance_40_15_4_4","sorting-network","both","none","OPTIMUM","29,3633","29,26506","40568","143745","2745","538","548","10","0","120"
"3","SN-both-none","instance_40_15_4_40","sorting-network","both","none","OPTIMUM","28,53825","28,4349","41399","154940","2748","599","600","1","0","120"
"3","SN-both-none","instance_40_15_4_41","sorting-network","both","none","UNSATISFIABLE","0,147752","0","0","0","0","","","","","120"
"3","SN-both-none","instance_40_15_4_42","sorting-network","both","none","UNSATISFIABLE","0,155279","0","0","0","0","","","","","120"
"3","SN-both-none","instance_40_15_4_43","sorting-network","both","none","OPTIMUM","33,29655","33,19694","38721","150457","2609","566","571","5","0","120"
"3","SN-both-none","instance_40_15_4_44","sorting-network","both","none","OPTIMUM","50,73966","50,64196","41587","140251","2801","536","550","14","0","120"
"3","SN-both-none","instance_40_15_4_45","sorting-network","both","none","OPTIMUM","35,36575","35,26535","41535","149899","2684","584","589","5","0","120"
"3","SN-both-none","instance_40_15_4_46","sorting-network","both","none","OPTIMUM","40,22232","40,10848","48519","182301","2918","605","608","3","0","120"
"3","SN-both-none","instance_40_15_4_47","sorting-network","both","none","OPTIMUM","48,33527","48,23895","40552","137778","2667","571","579","8","0","120"
"3","SN-both-none","instance_40_15_4_48","sorting-network","both","none","OPTIMUM","32,42692","32,30728","49639","196978","2967","571","579","8","0","120"
"3","SN-both-none","instance_40_15_4_49","sorting-network","both","none","OPTIMUM","32,31245","32,19045","51603","193324","2907","582","586","4","0","120"
"3","SN-both-none","instance_40_15_4_5","sorting-network","both","none","OPTIMUM","39,79265","39,71338","35737","130499","2538","547","566","15","4","120"
"3","SN-both-none","instance_40_15_4_50","sorting-network","both","none","OPTIMUM","33,19071","33,10931","36807","131058","2535","585","591","6","0","120"
"3","SN-both-none","instance_40_15_4_6","sorting-network","both","none","OPTIMUM","29,61401","29,54051","34015","115021","2515","550","558","8","0","120"
"3","SN-both-none","instance_40_15_4_7","sorting-network","both","none","OPTIMUM","40,77093","40,66241","46356","168327","2902","572","583","11","0","120"
"3","SN-both-none","instance_40_15_4_8","sorting-network","both","none","OPTIMUM","32,6783","32,60574","32726","113666","2422","496","506","10","0","120"
"3","SN-both-none","instance_40_15_4_9","sorting-network","both","none","OPTIMUM","92,7867","92,68215","43284","166004","2683","590","592","2","0","120"
"3","SN-both-none","instance_40_15_5_1","sorting-network","both","none","OPTIMUM","136,4327","136,3226","60212","236495","3457","751","754","3","0","120"
"3","SN-both-none","instance_40_15_5_10","sorting-network","both","none","OPTIMUM","36,85269","36,74724","56059","205763","3198","724","732","8","0","120"
"3","SN-both-none","instance_40_15_5_11","sorting-network","both","none","OPTIMUM","50,17838","50,07264","60834","217730","3247","695","705","10","0","120"
"3","SN-both-none","instance_40_15_5_12","sorting-network","both","none","OPTIMUM","68,93495","68,82077","61264","245463","3350","773","774","1","0","120"
"3","SN-both-none","instance_40_15_5_13","sorting-network","both","none","UNSATISFIABLE","0,578103","0","0","0","0","","","","","120"
"3","SN-both-none","instance_40_15_5_14","sorting-network","both","none","OPTIMUM","59,2113","59,09995","62857","232672","3227","711","724","13","0","120"
"3","SN-both-none","instance_40_15_5_15","sorting-network","both","none","OPTIMUM","46,20827","46,0897","68081","250556","3438","736","744","8","0","120"
"3","SN-both-none","instance_40_15_5_16","sorting-network","both","none","TIMEOUT","300,1173","0","0","0","0","","","","","120"
"3","SN-both-none","instance_40_15_5_17","sorting-network","both","none","TIMEOUT","300,1192","0","0","0","0","","","","","120"
"3","SN-both-none","instance_40_15_5_18","sorting-network","both","none","OPTIMUM","75,20227","75,10314","52237","186504","3134","685","691","6","0","120"
"3","SN-both-none","instance_40_15_5_19","sorting-network","both","none","UNSATISFIABLE","0,235961","0","0","0","0","","","","","120"
"3","SN-both-none","instance_40_15_5_2","sorting-network","both","none","OPTIMUM","76,12903","76,0375","51185","174451","3038","714","730","16","0","120"
"3","SN-both-none","instance_40_15_5_20","sorting-network","both","none","OPTIMUM","62,5046","62,40735","50702","182326","3176","703","714","11","0","120"
"3","SN-both-none","instance_40_15_5_21","sorting-network","both","none","OPTIMUM","52,12825","52,01489","64276","245864","3399","732","739","7","0","120"
"3","SN-both-none","instance_40_15_5_22","sorting-network","both","none","UNSATISFIABLE","0,128951","0","0","0","0","","","","","120"
"3","SN-both-none","instance_40_15_5_23","sorting-network","both","none","OPTIMUM","32,80852","32,72094","47225","168989","2884","717","719","2","0","120"
"3","SN-both-none","instance_40_15_5_24","sorting-network","both","none","OPTIMUM","158,7643","158,6659","53378","198599","3010","723","732","9","0","120"
"3","SN-both-none","instance_40_15_5_25","sorting-network","both","none","UNSATISFIABLE","0,14281","0","0","0","0","","","","","120"
"3","SN-both-none","instance_40_15_5_26","sorting-network","both","none","OPTIMUM","64,80087","64,69974","58725","205353","3105","710","723","13","0","120"
"3","SN-both-none","instance_40_15_5_27","sorting-network","both","none","OPTIMUM","183,4278","183,3396","47359","156144","3072","640","656","16","0","120"
"3","SN-both-none","instance_40_15_5_28","sorting-network","both","none","OPTIMUM","24,42146","24,32431","53130","191594","3477","749","754","5","0","120"
"3","SN-both-none","instance_40_15_5_29","sorting-network","both","none","UNSATISFIABLE","0,290217","0","0","0","0","","","","","120"
"3","SN-both-none","instance_40_15_5_3","sorting-network","both","none","OPTIMUM","55,71778","55,60068","62426","245467","3639","745","749","4","0","120"
"3","SN-both-none","instance_40_15_5_30","sorting-network","both","none","OPTIMUM","46,40829","46,2852","65911","260500","3294","706","714","8","0","120"
"3","SN-both-none","instance_40_15_5_31","sorting-network","both","none","OPTIMUM","60,77845","60,67811","56436","201873","3383","717","728","11","0","120"
"3","SN-both-none","instance_40_15_5_32","sorting-network","both","none","UNSATISFIABLE","0,167146","0","0","0","0","","","","","120"
"3","SN-both-none","instance_40_15_5_33","sorting-network","both","none","OPTIMUM","101,6571","101,5683","46606","164365","2925","676","682","6","0","120"
"3","SN-both-none","instance_40_15_5_34","sorting-network","both","none","TIMEOUT","300,1254","0","0","0","0","","","","","120"
"3","SN-both-none","instance_40_15_5_35","sorting-network","both","none","OPTIMUM","33,88912","33,782","55306","222336","3325","743","749","6","0","120"
"3","SN-both-none","instance_40_15_5_36","sorting-network","both","none","UNSATISFIABLE","0,432049","0","0","0","0","","","","","120"
"3","SN-both-none","instance_40_15_5_37","sorting-network","both","none","UNSATISFIABLE","0,43954","0","0","0","0","","","","","120"
"3","SN-both-none","instance_40_15_5_38","sorting-network","both","none","UNSATISFIABLE","0,131995","0","0","0","0","","","","","120"
"3","SN-both-none","instance_40_15_5_39","sorting-network","both","none","OPTIMUM","59,79591","59,68697","58897","219257","3368","700","707","7","0","120"
"3","SN-both-none","instance_40_15_5_4","sorting-network","both","none","OPTIMUM","40,35743","40,24746","59904","223558","3409","728","737","9","0","120"
"3","SN-both-none","instance_40_15_5_40","sorting-network","both","none","OPTIMUM","49,13154","49,03248","57645","198940","3214","696","708","12","0","120"
"3","SN-both-none","instance_40_15_5_41","sorting-network","both","none","OPTIMUM","33,56723","33,46234","57200","213766","3259","744","745","1","0","120"
"3","SN-both-none","instance_40_15_5_42","sorting-network","both","none","OPTIMUM","32,59756","32,51148","45551","154913","2907","685","694","9","0","120"
"3","SN-both-none","instance_40_15_5_43","sorting-network","both","none","OPTIMUM","107,6742","107,5526","65830","252229","3276","746","751","5","0","120"
"3","SN-both-none","instance_40_15_5_44","sorting-network","both","none","UNSATISFIABLE","0,80206","0","0","0","0","","","","","120"
"3","SN-both-none","instance_40_15_5_45","sorting-network","both","none","OPTIMUM","95,72304","95,62586","54471","189746","3047","716","724","8","0","120"
"3","SN-both-none","instance_40_15_5_46","sorting-network","both","none","OPTIMUM","37,80194","37,70445","50501","177353","3123","649","659","10","0","120"
"3","SN-both-none","instance_40_15_5_47","sorting-network","both","none","OPTIMUM","47,45379","47,35399","57877","199596","3162","656","664","8","0","120"
"3","SN-both-none","instance_40_15_5_48","sorting-network","both","none","OPTIMUM","44,01733","43,92425","51665","178919","2972","660","674","14","0","120"
"3","SN-both-none","instance_40_15_5_49","sorting-network","both","none","UNSATISFIABLE","0,139543","0","0","0","0","","","","","120"
"3","SN-both-none","instance_40_15_5_5","sorting-network","both","none","UNSATISFIABLE","0,392559","0","0","0","0","","","","","120"
"3","SN-both-none","instance_40_15_5_50","sorting-network","both","none","OPTIMUM","55,44867","55,35077","54275","198122","3021","701","710","9","0","120"
"3","SN-both-none","instance_40_15_5_6","sorting-network","both","none","UNSATISFIABLE","0,602302","0","0","0","0","","","","","120"
"3","SN-both-none","instance_40_15_5_7","sorting-network","both","none","TIMEOUT","300,1231","0","0","0","0","","","","","120"
"3","SN-both-none","instance_40_15_5_8","sorting-network","both","none","OPTIMUM","48,72529","48,62624","53113","186958","3259","694","701","7","0","120"
"3","SN-both-none","instance_40_15_5_9","sorting-network","both","none","TIMEOUT","300,1207","0","0","0","0","","","","","120"
"3","SN-both-none","instance_40_20_4_1","sorting-network","both","none","OPTIMUM","63,01482","62,89462","55002","213963","3637","585","591","6","0","120"
"3","SN-both-none","instance_40_20_4_10","sorting-network","both","none","OPTIMUM","30,38166","30,27212","47524","185080","3475","603","605","2","0","120"
"3","SN-both-none","instance_40_20_4_11","sorting-network","both","none","OPTIMUM","25,78583","25,65831","58809","230871","3746","590","594","4","0","120"
"3","SN-both-none","instance_40_20_4_12","sorting-network","both","none","OPTIMUM","37,56177","37,44788","51281","205530","3640","600","603","3","0","120"
"3","SN-both-none","instance_40_20_4_13","sorting-network","both","none","OPTIMUM","37,07724","36,96343","49302","199686","3579","609","613","4","0","120"
"3","SN-both-none","instance_40_20_4_14","sorting-network","both","none","OPTIMUM","33,61219","33,48527","56045","235896","3795","618","619","1","0","120"
"3","SN-both-none","instance_40_20_4_15","sorting-network","both","none","OPTIMUM","56,55581","56,43328","57436","233681","3686","611","615","4","0","120"
"3","SN-both-none","instance_40_20_4_16","sorting-network","both","none","OPTIMUM","50,5248","50,3923","58669","248938","3668","599","601","2","0","120"
"3","SN-both-none","instance_40_20_4_17","sorting-network","both","none","OPTIMUM","16,94545","16,84172","43688","179496","3529","622","623","1","0","120"
"3","SN-both-none","instance_40_20_4_18","sorting-network","both","none","OPTIMUM","29,01023","28,90832","44611","169437","3597","573","575","2","0","120"
"3","SN-both-none","instance_40_20_4_19","sorting-network","both","none","OPTIMUM","46,69788","46,58892","49525","192612","3498","605","606","1","0","120"
"3","SN-both-none","instance_40_20_4_2","sorting-network","both","none","OPTIMUM","30,54605","30,43519","49972","195399","3609","595","601","6","0","120"
"3","SN-both-none","instance_40_20_4_20","sorting-network","both","none","OPTIMUM","17,41442","17,30243","51481","196508","3742","580","588","8","0","120"
"3","SN-both-none","instance_40_20_4_21","sorting-network","both","none","OPTIMUM","27,40489","27,29515","51533","186815","3392","585","593","8","0","120"
"3","SN-both-none","instance_40_20_4_22","sorting-network","both","none","OPTIMUM","38,30184","38,19555","45728","188123","3445","582","586","4","0","120"
"3","SN-both-none","instance_40_20_4_23","sorting-network","both","none","OPTIMUM","57,83668","57,72779","51022","188143","3580","574","581","7","0","120"
"3","SN-both-none","instance_40_20_4_24","sorting-network","both","none","OPTIMUM","39,52084","39,3979","52217","225227","3720","617","619","2","0","120"
"3","SN-both-none","instance_40_20_4_25","sorting-network","both","none","OPTIMUM","52,94805","52,82772","56284","220991","3751","604","609","5","0","120"
"3","SN-both-none","instance_40_20_4_26","sorting-network","both","none","OPTIMUM","28,342","28,24893","40144","144129","3279","573","580","7","0","120"
"3","SN-both-none","instance_40_20_4_27","sorting-network","both","none","OPTIMUM","35,60207","35,50267","40479","165282","3366","578","582","4","0","120"
"3","SN-both-none","instance_40_20_4_28","sorting-network","both","none","UNSATISFIABLE","0,163006","0","0","0","0","","","","","120"
"3","SN-both-none","instance_40_20_4_29","sorting-network","both","none","OPTIMUM","21,44975","21,32608","53668","227397","3691","623","624","1","0","120"
"3","SN-both-none","instance_40_20_4_3","sorting-network","both","none","OPTIMUM","44,71626","44,59519","54097","220017","3512","585","590","5","0","120"
"3","SN-both-none","instance_40_20_4_30","sorting-network","both","none","OPTIMUM","28,6666","28,56763","43777","166483","3261","599","602","3","0","120"
"3","SN-both-none","instance_40_20_4_31","sorting-network","both","none","OPTIMUM","30,90153","30,80066","44026","163636","3563","609","613","4","0","120"
"3","SN-both-none","instance_40_20_4_32","sorting-network","both","none","OPTIMUM","35,7106","35,58888","55759","218119","3743","613","616","3","0","120"
"3","SN-both-none","instance_40_20_4_33","sorting-network","both","none","OPTIMUM","19,13677","19,0244","48744","197786","3719","579","580","1","0","120"
"3","SN-both-none","instance_40_20_4_34","sorting-network","both","none","OPTIMUM","39,51621","39,40393","55022","191999","3671","581","590","9","0","120"
"3","SN-both-none","instance_40_20_4_35","sorting-network","both","none","OPTIMUM","98,8049","98,67613","54146","229093","3745","618","619","1","0","120"
"3","SN-both-none","instance_40_20_4_36","sorting-network","both","none","OPTIMUM","58,65209","58,53932","52533","195128","3583","563","571","8","0","120"
"3","SN-both-none","instance_40_20_4_37","sorting-network","both","none","TIMEOUT","300,1214","0","0","0","0","","","","","120"
"3","SN-both-none","instance_40_20_4_38","sorting-network","both","none","OPTIMUM","25,98191","25,87364","46569","192183","3595","605","607","2","0","120"
"3","SN-both-none","instance_40_20_4_39","sorting-network","both","none","OPTIMUM","42,52508","42,41554","48363","195519","3371","608","610","2","0","120"
"3","SN-both-none","instance_40_20_4_4","sorting-network","both","none","OPTIMUM","20,59145","20,51441","35747","129893","3273","588","594","6","0","120"
"3","SN-both-none","instance_40_20_4_40","sorting-network","both","none","OPTIMUM","43,19208","43,07447","51932","216028","3504","619","619","0","0","120"
"3","SN-both-none","instance_40_20_4_41","sorting-network","both","none","OPTIMUM","37,47304","37,35068","56650","221863","4001","618","622","4","0","120"
"3","SN-both-none","instance_40_20_4_42","sorting-network","both","none","OPTIMUM","36,40343","36,29992","47725","170141","3496","605","608","3","0","120"
"3","SN-both-none","instance_40_20_4_43","sorting-network","both","none","OPTIMUM","20,34824","20,22931","51374","215276","3771","614","615","1","0","120"
"3","SN-both-none","instance_40_20_4_44","sorting-network","both","none","OPTIMUM","35,35518","35,19208","61654","264825","3799","602","604","2","0","120"
"3","SN-both-none","instance_40_20_4_45","sorting-network","both","none","OPTIMUM","41,5756","41,45592","52439","208049","3528","605","606","1","0","120"
"3","SN-both-none","instance_40_20_4_46","sorting-network","both","none","OPTIMUM","28,59593","28,48457","48759","183001","3551","584","586","2","0","120"
"3","SN-both-none","instance_40_20_4_47","sorting-network","both","none","OPTIMUM","77,21252","77,12291","35693","137150","3173","560","569","9","0","120"
"3","SN-both-none","instance_40_20_4_48","sorting-network","both","none","OPTIMUM","55,09301","54,98742","45025","174025","3626","577","581","4","0","120"
"3","SN-both-none","instance_40_20_4_49","sorting-network","both","none","OPTIMUM","36,26318","36,10257","64616","266971","3750","613","618","5","0","120"
"3","SN-both-none","instance_40_20_4_5","sorting-network","both","none","OPTIMUM","51,60342","51,47203","54736","243336","3745","607","609","2","0","120"
"3","SN-both-none","instance_40_20_4_50","sorting-network","both","none","OPTIMUM","42,62377","42,50283","53772","211920","3713","598","603","5","0","120"
"3","SN-both-none","instance_40_20_4_6","sorting-network","both","none","OPTIMUM","34,0149","33,89926","50747","210941","3578","615","617","2","0","120"
"3","SN-both-none","instance_40_20_4_7","sorting-network","both","none","OPTIMUM","29,07523","28,96962","47096","174775","3464","607","610","3","0","120"
"3","SN-both-none","instance_40_20_4_8","sorting-network","both","none","OPTIMUM","42,90322","42,79535","50050","190378","3385","606","607","1","0","120"
"3","SN-both-none","instance_40_20_4_9","sorting-network","both","none","OPTIMUM","47,49056","47,37266","52331","205930","3631","619","619","0","0","120"
"3","SN-both-none","instance_40_20_5_1","sorting-network","both","none","TIMEOUT","300,1233","0","0","0","0","","","","","120"
"3","SN-both-none","instance_40_20_5_10","sorting-network","both","none","OPTIMUM","25,32785","25,21904","58155","216879","4081","716","724","8","0","120"
"3","SN-both-none","instance_40_20_5_11","sorting-network","both","none","OPTIMUM","41,71065","41,58318","69220","258456","4143","734","738","4","0","120"
"3","SN-both-none","instance_40_20_5_12","sorting-network","both","none","OPTIMUM","81,73487","81,60451","71387","261438","4408","724","734","10","0","120"
"3","SN-both-none","instance_40_20_5_13","sorting-network","both","none","OPTIMUM","53,53306","53,38612","71072","267398","4312","763","767","4","0","120"
"3","SN-both-none","instance_40_20_5_14","sorting-network","both","none","OPTIMUM","93,2033","93,0491","70606","295992","4541","772","772","0","0","120"
"3","SN-both-none","instance_40_20_5_15","sorting-network","both","none","OPTIMUM","30,26543","30,15653","55621","214607","4109","745","751","6","0","120"
"3","SN-both-none","instance_40_20_5_16","sorting-network","both","none","OPTIMUM","31,2656","31,1536","57518","224218","4090","745","749","4","0","120"
"3","SN-both-none","instance_40_20_5_17","sorting-network","both","none","OPTIMUM","71,30161","71,12679","83479","336088","4329","737","746","9","0","120"
"3","SN-both-none","instance_40_20_5_18","sorting-network","both","none","OPTIMUM","56,52586","56,42017","54839","208038","4143","758","763","5","0","120"
"3","SN-both-none","instance_40_20_5_19","sorting-network","both","none","OPTIMUM","48,33201","48,1679","84564","316203","4519","753","758","5","0","120"
"3","SN-both-none","instance_40_20_5_2","sorting-network","both","none","OPTIMUM","67,55325","67,4006","75023","278322","4418","751","762","11","0","120"
"3","SN-both-none","instance_40_20_5_20","sorting-network","both","none","OPTIMUM","66,75746","66,60738","67992","264913","4106","776","778","2","0","120"
"3","SN-both-none","instance_40_20_5_21","sorting-network","both","none","OPTIMUM","49,23119","49,07054","71634","322793","4406","761","763","2","0","120"
"3","SN-both-none","instance_40_20_5_22","sorting-network","both","none","OPTIMUM","55,1788","55,02237","69129","280314","4476","758","765","7","0","120"
"3","SN-both-none","instance_40_20_5_23","sorting-network","both","none","OPTIMUM","51,60986","51,4838","68659","259002","4458","766","770","4","0","120"
"3","SN-both-none","instance_40_20_5_24","sorting-network","both","none","OPTIMUM","60,99839","60,88245","63691","240497","4104","740","747","7","0","120"
"3","SN-both-none","instance_40_20_5_25","sorting-network","both","none","OPTIMUM","290,6231","290,5106","60779","220487","4198","699","716","17","0","120"
"3","SN-both-none","instance_40_20_5_26","sorting-network","both","none","OPTIMUM","74,78648","74,60396","77164","312364","4250","772","772","0","0","120"
"3","SN-both-none","instance_40_20_5_27","sorting-network","both","none","OPTIMUM","54,18806","54,08881","51264","192207","3661","689","700","11","0","120"
"3","SN-both-none","instance_40_20_5_28","sorting-network","both","none","OPTIMUM","28,12711","27,97331","68904","283180","4072","743","746","3","0","120"
"3","SN-both-none","instance_40_20_5_29","sorting-network","both","none","OPTIMUM","65,46447","65,30981","75749","281410","4314","734","745","11","0","120"
"3","SN-both-none","instance_40_20_5_3","sorting-network","both","none","OPTIMUM","55,63432","55,51592","58115","224715","4027","757","759","2","0","120"
"3","SN-both-none","instance_40_20_5_30","sorting-network","both","none","OPTIMUM","67,34068","67,21801","64830","260608","4400","755","759","4","0","120"
"3","SN-both-none","instance_40_20_5_31","sorting-network","both","none","OPTIMUM","30,79571","30,67318","64435","254917","4153","737","739","2","0","120"
"3","SN-both-none","instance_40_20_5_32","sorting-network","both","none","UNSATISFIABLE","0,444176","0","0","0","0","","","","","120"
"3","SN-both-none","instance_40_20_5_33","sorting-network","both","none","OPTIMUM","72,79173","72,62645","81113","332257","4331","769","773","4","0","120"
"3","SN-both-none","instance_40_20_5_34","sorting-network","both","none","TIMEOUT","300,1252","0","0","0","0","","","","","120"
"3","SN-both-none","instance_40_20_5_35","sorting-network","both","none","UNSATISFIABLE","0,589275","0","0","0","0","","","","","120"
"3","SN-both-none","instance_40_20_5_36","sorting-network","both","none","OPTIMUM","65,80518","65,68844","66093","239503","4267","722","734","12","0","120"
"3","SN-both-none","instance_40_20_5_37","sorting-network","both","none","OPTIMUM","86,37706","86,22472","70367","265486","4340","771","771","0","0","120"
"3","SN-both-none","instance_40_20_5_38","sorting-network","both","none","OPTIMUM","39,30458","39,15405","66503","285064","4283","764","765","1","0","120"
"3","SN-both-none","instance_40_20_5_39","sorting-network","both","none","OPTIMUM","64,77347","64,62597","68294","263637","4440","776","777","1","0","120"
"3","SN-both-none","instance_40_20_5_4","sorting-network","both","none","OPTIMUM","51,43787","51,29113","71707","269076","4315","723","732","9","0","120"
"3","SN-both-none","instance_40_20_5_40","sorting-network","both","none","OPTIMUM","85,83997","85,68784","71721","272404","4031","688","702","14","0","120"
"3","SN-both-none","instance_40_20_5_41","sorting-network","both","none","OPTIMUM","45,77091","45,64965","63596","248515","3938","723","733","10","0","120"
"3","SN-both-none","instance_40_20_5_42","sorting-network","both","none","OPTIMUM","64,16772","64,0078","73218","302730","4081","722","732","10","0","120"
"3","SN-both-none","instance_40_20_5_43","sorting-network","both","none","OPTIMUM","47,87678","47,71597","75070","324121","4425","756","757","1","0","120"
"3","SN-both-none","instance_40_20_5_44","sorting-network","both","none","OPTIMUM","60,18868","60,03852","74298","266652","4337","735","744","9","0","120"
"3","SN-both-none","instance_40_20_5_45","sorting-network","both","none","TIMEOUT","300,121","0","0","0","0","","","","","120"
"3","SN-both-none","instance_40_20_5_46","sorting-network","both","none","OPTIMUM","49,85805","49,74431","58614","218180","3956","741","753","12","0","120"
"3","SN-both-none","instance_40_20_5_47","sorting-network","both","none","OPTIMUM","55,81724","55,70566","60479","209573","3995","703","716","13","0","120"
"3","SN-both-none","instance_40_20_5_48","sorting-network","both","none","OPTIMUM","44,04951","43,89222","73246","294738","4374","767","774","7","0","120"
"3","SN-both-none","instance_40_20_5_49","sorting-network","both","none","OPTIMUM","104,4413","104,2676","79384","325147","4512","776","785","9","0","120"
"3","SN-both-none","instance_40_20_5_5","sorting-network","both","none","UNSATISFIABLE","1,765755","0","0","0","0","","","","","120"
"3","SN-both-none","instance_40_20_5_50","sorting-network","both","none","OPTIMUM","54,08662","53,97745","59953","223285","3989","729","740","11","0","120"
"3","SN-both-none","instance_40_20_5_6","sorting-network","both","none","OPTIMUM","116,0764","115,9058","81054","332420","4147","733","746","13","0","120"
"3","SN-both-none","instance_40_20_5_7","sorting-network","both","none","OPTIMUM","9,900257","9,776328","59884","254038","3865","754","756","2","0","120"
"3","SN-both-none","instance_40_20_5_8","sorting-network","both","none","OPTIMUM","79,16464","79,00415","68846","304161","4331","775","778","3","0","120"
"3","SN-both-none","instance_40_25_4_1","sorting-network","both","none","OPTIMUM","55,94575","55,77393","62918","272108","4571","625","628","3","0","120"
"3","SN-both-none","instance_40_25_4_10","sorting-network","both","none","OPTIMUM","41,93726","41,79863","57840","245361","4264","606","612","6","0","120"
"3","SN-both-none","instance_40_25_4_11","sorting-network","both","none","OPTIMUM","42,20758","42,03753","58537","267797","4236","626","627","1","0","120"
"3","SN-both-none","instance_40_25_4_12","sorting-network","both","none","OPTIMUM","54,62632","54,48676","58738","246799","4250","623","626","3","0","120"
"3","SN-both-none","instance_40_25_4_13","sorting-network","both","none","OPTIMUM","32,58777","32,45817","55455","220765","4511","623","626","3","0","120"
"3","SN-both-none","instance_40_25_4_14","sorting-network","both","none","OPTIMUM","46,75033","46,57313","66746","281572","4509","617","618","1","0","120"
"3","SN-both-none","instance_40_25_4_15","sorting-network","both","none","OPTIMUM","166,9311","166,7951","60565","236347","4079","594","605","11","0","120"
"3","SN-both-none","instance_40_25_4_16","sorting-network","both","none","OPTIMUM","33,55617","33,41987","56824","240626","4434","587","589","2","0","120"
"3","SN-both-none","instance_40_25_4_17","sorting-network","both","none","OPTIMUM","52,41876","52,28887","57367","217202","4496","600","608","8","0","120"
"3","SN-both-none","instance_40_25_4_18","sorting-network","both","none","OPTIMUM","33,77156","33,63519","58639","240238","4565","600","602","2","0","120"
"3","SN-both-none","instance_40_25_4_19","sorting-network","both","none","OPTIMUM","62,19338","62,00515","74399","312302","4388","612","618","6","0","120"
"3","SN-both-none","instance_40_25_4_2","sorting-network","both","none","OPTIMUM","42,37716","42,24405","56906","228490","4402","590","596","6","0","120"
"3","SN-both-none","instance_40_25_4_20","sorting-network","both","none","OPTIMUM","47,20335","47,09031","48302","178363","3859","571","580","9","0","120"
"3","SN-both-none","instance_40_25_4_21","sorting-network","both","none","OPTIMUM","60,89641","60,74581","66421","261219","4682","609","616","7","0","120"
"3","SN-both-none","instance_40_25_4_22","sorting-network","both","none","OPTIMUM","47,47242","47,33983","55135","223772","4211","609","613","4","0","120"
"3","SN-both-none","instance_40_25_4_23","sorting-network","both","none","OPTIMUM","65,46671","65,32541","61542","251575","4463","613","618","5","0","120"
"3","SN-both-none","instance_40_25_4_24","sorting-network","both","none","OPTIMUM","57,08016","56,90489","67481","277353","4614","611","614","3","0","120"
"3","SN-both-none","instance_40_25_4_25","sorting-network","both","none","OPTIMUM","45,82356","45,69079","55158","219644","4356","620","623","3","0","120"
"3","SN-both-none","instance_40_25_4_26","sorting-network","both","none","OPTIMUM","40,79093","40,651","59274","241594","4310","616","619","3","0","120"
"3","SN-both-none","instance_40_25_4_27","sorting-network","both","none","OPTIMUM","25,83193","25,70038","56826","222429","4312","586","597","11","0","120"
"3","SN-both-none","instance_40_25_4_28","sorting-network","both","none","OPTIMUM","51,59504","51,40799","71374","309810","4635","603","606","3","0","120"
"3","SN-both-none","instance_40_25_4_29","sorting-network","both","none","OPTIMUM","32,64589","32,50741","58892","244348","4468","617","620","3","0","120"
"3","SN-both-none","instance_40_25_4_3","sorting-network","both","none","OPTIMUM","41,54246","41,41696","52004","211022","4293","615","620","5","0","120"
"3","SN-both-none","instance_40_25_4_30","sorting-network","both","none","OPTIMUM","63,1336","62,94968","66159","301796","4853","629","631","2","0","120"
"3","SN-both-none","instance_40_25_4_31","sorting-network","both","none","OPTIMUM","38,77499","38,64871","51368","205033","4188","615","619","4","0","120"
"3","SN-both-none","instance_40_25_4_32","sorting-network","both","none","OPTIMUM","47,78256","47,60018","66308","290754","4397","619","620","1","0","120"
"3","SN-both-none","instance_40_25_4_33","sorting-network","both","none","OPTIMUM","40,71969","40,58328","54123","231894","4252","618","623","5","0","120"
"3","SN-both-none","instance_40_25_4_34","sorting-network","both","none","OPTIMUM","46,75477","46,61898","58628","230072","4428","613","620","7","0","120"
"3","SN-both-none","instance_40_25_4_35","sorting-network","both","none","OPTIMUM","42,14983","42,01199","54824","243725","4448","607","609","2","0","120"
"3","SN-both-none","instance_40_25_4_36","sorting-network","both","none","OPTIMUM","36,05213","35,88089","60102","272611","4706","627","629","2","0","120"
"3","SN-both-none","instance_40_25_4_37","sorting-network","both","none","OPTIMUM","45,41731","45,27572","59069","250359","4475","603","609","6","0","120"
"3","SN-both-none","instance_40_25_4_38","sorting-network","both","none","OPTIMUM","37,77458","37,63804","56569","245814","4295","613","614","1","0","120"
"3","SN-both-none","instance_40_25_4_39","sorting-network","both","none","OPTIMUM","71,33562","71,15936","63762","285247","4482","615","619","4","0","120"
"3","SN-both-none","instance_40_25_4_4","sorting-network","both","none","OPTIMUM","52,7241","52,58531","57867","237235","4294","623","626","3","0","120"
"3","SN-both-none","instance_40_25_4_40","sorting-network","both","none","OPTIMUM","44,28124","44,14441","58866","234997","4558","606","609","3","0","120"
"3","SN-both-none","instance_40_25_4_41","sorting-network","both","none","OPTIMUM","66,52512","66,34103","65159","307051","4325","626","627","1","0","120"
"3","SN-both-none","instance_40_25_4_42","sorting-network","both","none","OPTIMUM","65,7597","65,58674","62272","264896","4392","606","608","2","0","120"
"3","SN-both-none","instance_40_25_4_43","sorting-network","both","none","OPTIMUM","40,95657","40,78","66601","281986","4639","612","615","3","0","120"
"3","SN-both-none","instance_40_25_4_44","sorting-network","both","none","OPTIMUM","50,79283","50,66659","54743","209972","4145","592","598","6","0","120"
"3","SN-both-none","instance_40_25_4_45","sorting-network","both","none","OPTIMUM","60,93196","60,76138","61932","271781","4514","624","624","0","0","120"
"3","SN-both-none","instance_40_25_4_46","sorting-network","both","none","OPTIMUM","47,86738","47,68213","67026","300193","4689","631","631","0","0","120"
"3","SN-both-none","instance_40_25_4_47","sorting-network","both","none","OPTIMUM","56,83576","56,65886","60222","284478","4274","567","571","4","0","120"
"3","SN-both-none","instance_40_25_4_48","sorting-network","both","none","OPTIMUM","54,63268","54,43764","70332","334029","4884","625","625","0","0","120"
"3","SN-both-none","instance_40_25_4_49","sorting-network","both","none","OPTIMUM","31,5609","31,43643","51835","206921","4348","615","619","4","0","120"
"3","SN-both-none","instance_40_25_4_5","sorting-network","both","none","OPTIMUM","48,81965","48,65631","56929","234710","4271","558","560","2","0","120"
"3","SN-both-none","instance_40_25_4_50","sorting-network","both","none","OPTIMUM","40,84328","40,69676","60841","261313","4600","618","620","2","0","120"
"3","SN-both-none","instance_40_25_4_6","sorting-network","both","none","OPTIMUM","33,7179","33,58347","57821","231910","4376","589","591","2","0","120"
"3","SN-both-none","instance_40_25_4_7","sorting-network","both","none","OPTIMUM","37,61016","37,44078","62597","262902","4631","614","615","1","0","120"
"3","SN-both-none","instance_40_25_4_8","sorting-network","both","none","OPTIMUM","37,8147","37,69422","47548","200341","4162","595","602","7","0","120"
"3","SN-both-none","instance_40_25_4_9","sorting-network","both","none","OPTIMUM","65,77362","65,5929","67954","289917","4343","602","607","5","0","120"
"3","SN-both-none","instance_40_25_5_1","sorting-network","both","none","OPTIMUM","44,1556","43,98937","75343","318491","5042","779","783","4","0","120"
"3","SN-both-none","instance_40_25_5_10","sorting-network","both","none","OPTIMUM","77,23554","77,03929","93701","405562","5579","772","776","4","0","120"
"3","SN-both-none","instance_40_25_5_11","sorting-network","both","none","OPTIMUM","59,97633","59,79877","84490","358403","5310","783","783","0","0","120"
"3","SN-both-none","instance_40_25_5_12","sorting-network","both","none","OPTIMUM","76,99389","76,81724","83848","342359","5220","781","784","3","0","120"
"3","SN-both-none","instance_40_25_5_13","sorting-network","both","none","OPTIMUM","54,40027","54,22468","85386","350578","5572","784","786","2","0","120"
"3","SN-both-none","instance_40_25_5_14","sorting-network","both","none","OPTIMUM","90,98633","90,78776","96700","406811","5948","781","781","0","0","120"
"3","SN-both-none","instance_40_25_5_15","sorting-network","both","none","OPTIMUM","64,21623","64,05394","71208","316183","4880","715","719","4","0","120"
"3","SN-both-none","instance_40_25_5_16","sorting-network","both","none","OPTIMUM","60,78","60,60743","83951","331369","5352","759","764","5","0","120"
"3","SN-both-none","instance_40_25_5_17","sorting-network","both","none","OPTIMUM","66,05968","65,88615","82840","339724","5422","745","753","8","0","120"
"3","SN-both-none","instance_40_25_5_18","sorting-network","both","none","OPTIMUM","80,68198","80,50361","84295","357579","5226","784","786","2","0","120"
"3","SN-both-none","instance_40_25_5_19","sorting-network","both","none","OPTIMUM","52,95697","52,83808","63830","236008","4888","734","740","6","0","120"
"3","SN-both-none","instance_40_25_5_2","sorting-network","both","none","OPTIMUM","58,84338","58,67357","80762","339718","5235","775","778","3","0","120"
"3","SN-both-none","instance_40_25_5_20","sorting-network","both","none","OPTIMUM","120,2173","120,0123","95066","393473","5198","767","772","5","0","120"
"3","SN-both-none","instance_40_25_5_21","sorting-network","both","none","OPTIMUM","57,62338","57,44735","76483","334421","5415","758","760","2","0","120"
"3","SN-both-none","instance_40_25_5_22","sorting-network","both","none","OPTIMUM","47,8668","47,71075","75883","289242","5001","761","769","8","0","120"
"3","SN-both-none","instance_40_25_5_23","sorting-network","both","none","OPTIMUM","139,3167","139,1182","103218","404811","5481","769","772","3","0","120"
"3","SN-both-none","instance_40_25_5_24","sorting-network","both","none","OPTIMUM","53,25249","53,10178","71791","270665","5145","738","750","12","0","120"
"3","SN-both-none","instance_40_25_5_25","sorting-network","both","none","OPTIMUM","56,01402","55,85641","76506","282013","5200","761","769","8","0","120"
"3","SN-both-none","instance_40_25_5_26","sorting-network","both","none","OPTIMUM","71,3303","71,1554","84527","352027","5441","776","777","1","0","120"
"3","SN-both-none","instance_40_25_5_27","sorting-network","both","none","OPTIMUM","72,83769","72,70811","68368","253638","5004","739","754","15","0","120"
"3","SN-both-none","instance_40_25_5_28","sorting-network","both","none","OPTIMUM","86,81292","86,64186","82768","336899","5379","742","750","8","0","120"
"3","SN-both-none","instance_40_25_5_29","sorting-network","both","none","OPTIMUM","78,80924","78,65676","73261","279034","5218","746","753","7","0","120"
"3","SN-both-none","instance_40_25_5_3","sorting-network","both","none","OPTIMUM","63,19767","63,02429","81708","348406","5253","722","732","10","0","120"
"3","SN-both-none","instance_40_25_5_30","sorting-network","both","none","OPTIMUM","105,3997","105,2041","87735","384953","5587","766","771","5","0","120"
"3","SN-both-none","instance_40_25_5_31","sorting-network","both","none","OPTIMUM","79,21898","79,02771","90790","402083","5579","788","791","3","0","120"
"3","SN-both-none","instance_40_25_5_32","sorting-network","both","none","OPTIMUM","80,86852","80,69495","83000","331461","5410","710","722","12","0","120"
"3","SN-both-none","instance_40_25_5_33","sorting-network","both","none","OPTIMUM","73,38607","73,23477","72048","271502","4849","769","774","5","0","120"
"3","SN-both-none","instance_40_25_5_34","sorting-network","both","none","OPTIMUM","112,2183","112,0388","88323","369621","5079","764","770","6","0","120"
"3","SN-both-none","instance_40_25_5_35","sorting-network","both","none","OPTIMUM","85,11667","84,93531","90299","357823","5297","748","755","7","0","120"
"3","SN-both-none","instance_40_25_5_36","sorting-network","both","none","OPTIMUM","34,26104","34,09213","76927","333848","5415","788","788","0","0","120"
"3","SN-both-none","instance_40_25_5_37","sorting-network","both","none","OPTIMUM","124,4556","124,2856","76186","312196","5149","750","753","3","0","120"
"3","SN-both-none","instance_40_25_5_38","sorting-network","both","none","OPTIMUM","108,6425","108,4775","80090","300068","5033","736","739","3","0","120"
"3","SN-both-none","instance_40_25_5_39","sorting-network","both","none","OPTIMUM","52,59404","52,4373","77817","296760","4961","738","747","9","0","120"
"3","SN-both-none","instance_40_25_5_4","sorting-network","both","none","OPTIMUM","50,70761","50,52302","95278","369128","5462","779","783","4","0","120"
"3","SN-both-none","instance_40_25_5_40","sorting-network","both","none","OPTIMUM","45,76523","45,60107","76724","312133","5335","769","774","5","0","120"
"3","SN-both-none","instance_40_25_5_41","sorting-network","both","none","OPTIMUM","61,89331","61,69905","92811","395560","5080","765","771","6","0","120"
"3","SN-both-none","instance_40_25_5_42","sorting-network","both","none","OPTIMUM","36,20122","36,06938","61123","255076","4778","739","746","7","0","120"
"3","SN-both-none","instance_40_25_5_43","sorting-network","both","none","OPTIMUM","146,7659","146,5992","77148","310602","4975","766","771","5","0","120"
"3","SN-both-none","instance_40_25_5_44","sorting-network","both","none","OPTIMUM","33,03881","32,86068","81826","349794","5141","783","785","2","0","120"
"3","SN-both-none","instance_40_25_5_45","sorting-network","both","none","OPTIMUM","63,41622","63,23219","91444","362811","5516","705","711","6","0","120"
"3","SN-both-none","instance_40_25_5_46","sorting-network","both","none","UNSATISFIABLE","0,286304","0","0","0","0","","","","","120"
"3","SN-both-none","instance_40_25_5_47","sorting-network","both","none","OPTIMUM","103,628","103,4384","90691","390109","5386","782","785","3","0","120"
"3","SN-both-none","instance_40_25_5_48","sorting-network","both","none","OPTIMUM","52,68354","52,50716","76096","337596","5190","768","769","1","0","120"
"3","SN-both-none","instance_40_25_5_49","sorting-network","both","none","OPTIMUM","195,0612","194,8904","81535","326119","5205","720","731","11","0","120"
"3","SN-both-none","instance_40_25_5_5","sorting-network","both","none","OPTIMUM","81,1815","80,99617","94566","381723","5584","781","787","6","0","120"
"3","SN-both-none","instance_40_25_5_50","sorting-network","both","none","OPTIMUM","116,6565","116,4605","97365","420405","5582","786","791","5","0","120"
"3","SN-both-none","instance_40_25_5_6","sorting-network","both","none","OPTIMUM","76,57938","76,39349","86216","371958","5293","768","769","1","0","120"
"3","SN-both-none","instance_40_25_5_7","sorting-network","both","none","OPTIMUM","61,90727","61,73061","78784","364862","5107","784","785","1","0","120"