"cfg_id","label","instance_name","cardinality","ic","sb","status","elapsed_s","solve_s","variables","hard_clauses","soft_clauses","best_value","similarity","continuity","overtime","coverage"
"2","SN-none-ss","instance_30_10_4_1","sorting-network","none","slot-service","OPTIMUM","10,33748","10,30215","15464","60165","1441","416","421","5","0","120"
"2","SN-none-ss","instance_30_10_4_10","sorting-network","none","slot-service","OPTIMUM","9,320077","9,282532","17515","61403","1399","403","411","8","0","120"
"2","SN-none-ss","instance_30_10_4_11","sorting-network","none","slot-service","OPTIMUM","14,28217","14,24637","16741","57801","1413","390","400","10","0","120"
"2","SN-none-ss","instance_30_10_4_12","sorting-network","none","slot-service","OPTIMUM","12,2418","12,2041","16833","62658","1360","387","394","7","0","120"
"2","SN-none-ss","instance_30_10_4_13","sorting-network","none","slot-service","UNSATISFIABLE","0,046482","0","0","0","0","","","","","120"
"2","SN-none-ss","instance_30_10_4_14","sorting-network","none","slot-service","UNSATISFIABLE","0,049133","0","0","0","0","","","","","120"
"2","SN-none-ss","instance_30_10_4_15","sorting-network","none","slot-service","UNSATISFIABLE","0,028551","0","0","0","0","","","","","120"
"2","SN-none-ss","instance_30_10_4_16","sorting-network","none","slot-service","OPTIMUM","11,49862","11,45435","18093","69338","1562","431","436","5","0","120"
"2","SN-none-ss","instance_30_10_4_17","sorting-network","none","slot-service","OPTIMUM","2,706886","2,678238","11086","39660","1291","400","401","1","0","120"
"2","SN-none-ss","instance_30_10_4_18","sorting-network","none","slot-service","OPTIMUM","5,586049","5,558285","11434","40931","1382","408","414","6","0","120"
"2","SN-none-ss","instance_30_10_4_19","sorting-network","none","slot-service","UNSATISFIABLE","0,066191","0","0","0","0","","","","","120"
"2","SN-none-ss","instance_30_10_4_2","sorting-network","none","slot-service","UNSATISFIABLE","0,077598","0","0","0","0","","","","","120"
"2","SN-none-ss","instance_30_10_4_20","sorting-network","none","slot-service","UNSATISFIABLE","0,049544","0","0","0","0","","","","","120"
"2","SN-none-ss","instance_30_10_4_21","sorting-network","none","slot-service","UNSATISFIABLE","0,078987","0","0","0","0","","","","","120"
"2","SN-none-ss","instance_30_10_4_22","sorting-network","none","slot-service","UNSATISFIABLE","0,05317","0","0","0","0","","","","","120"
"2","SN-none-ss","instance_30_10_4_23","sorting-network","none","slot-service","OPTIMUM","11,28536","11,24838","18163","64555","1499","379","382","3","0","120"
"2","SN-none-ss","instance_30_10_4_24","sorting-network","none","slot-service","OPTIMUM","10,60513","10,57324","13822","51178","1375","387","393","6","0","120"
"2","SN-none-ss","instance_30_10_4_25","sorting-network","none","slot-service","OPTIMUM","14,25174","14,2058","18132","70477","1435","444","445","1","0","120"
"2","SN-none-ss","instance_30_10_4_26","sorting-network","none","slot-service","UNSATISFIABLE","0,081283","0","0","0","0","","","","","120"
"2","SN-none-ss","instance_30_10_4_27","sorting-network","none","slot-service","OPTIMUM","17,73342","17,70241","14266","46080","1374","390","401","11","0","120"
"2","SN-none-ss","instance_30_10_4_28","sorting-network","none","slot-service","UNSATISFIABLE","0,039691","0","0","0","0","","","","","120"
"2","SN-none-ss","instance_30_10_4_29","sorting-network","none","slot-service","UNSATISFIABLE","0,050085","0","0","0","0","","","","","120"
"2","SN-none-ss","instance_30_10_4_3","sorting-network","none","slot-service","UNSATISFIABLE","0,050072","0","0","0","0","","","","","120"
"2","SN-none-ss","instance_30_10_4_30","sorting-network","none","slot-service","OPTIMUM","24,56855","24,52983","19120","64737","1482","396","405","9","0","120"
"2","SN-none-ss","instance_30_10_4_31","sorting-network","none","slot-service","OPTIMUM","8,759984","8,72687","14893","52172","1318","372","380","8","0","120"
"2","SN-none-ss","instance_30_10_4_32","sorting-network","none","slot-service","OPTIMUM","9,932734","9,898576","15733","58435","1493","423","424","1","0","120"
"2","SN-none-ss","instance_30_10_4_33","sorting-network","none","slot-service","OPTIMUM","14,52208","14,48722","15103","58209","1416","434","436","2","0","120"
"2","SN-none-ss","instance_30_10_4_34","sorting-network","none","slot-service","UNSATISFIABLE","0,052162","0","0","0","0","","","","","120"
"2","SN-none-ss","instance_30_10_4_35","sorting-network","none","slot-service","UNSATISFIABLE","0,046964","0","0","0","0","","","","","120"
"2","SN-none-ss","instance_30_10_4_36","sorting-network","none","slot-service","OPTIMUM","22,79367","22,74897","18345","65808","1497","401","405","4","0","120"
"2","SN-none-ss","instance_30_10_4_37","sorting-network","none","slot-service","OPTIMUM","17,1282","17,09137","15550","61588","1457","440","444","4","0","120"
"2","SN-none-ss","instance_30_10_4_38","sorting-network","none","slot-service","UNSATISFIABLE","0,054166","0","0","0","0","","","","","120"
"2","SN-none-ss","instance_30_10_4_39","sorting-network","none","slot-service","UNSATISFIABLE","0,048848","0","0","0","0","","","","","120"
"2","SN-none-ss","instance_30_10_4_4","sorting-network","none","slot-service","OPTIMUM","10,11618","10,08106","15032","58711","1419","427","429","2","0","120"
"2","SN-none-ss","instance_30_10_4_40","sorting-network","none","slot-service","UNSATISFIABLE","0,06199","0","0","0","0","","","","","120"
"2","SN-none-ss","instance_30_10_4_41","sorting-network","none","slot-service","OPTIMUM","8,054729","8,033767","8928","29032","1236","350","357","7","0","120"
"2","SN-none-ss","instance_30_10_4_42","sorting-network","none","slot-service","UNSATISFIABLE","0,051444","0","0","0","0","","","","","120"
"2","SN-none-ss","instance_30_10_4_43","sorting-network","none","slot-service","OPTIMUM","19,0762","19,03916","18822","63455","1427","412","419","7","0","120"
"2","SN-none-ss","instance_30_10_4_44","sorting-network","none","slot-service","UNSATISFIABLE","0,079854","0","0","0","0","","","","","120"
"2","SN-none-ss","instance_30_10_4_45","sorting-network","none","slot-service","OPTIMUM","2,349469","2,315527","14833","55115","1363","365","371","6","0","120"
"2","SN-none-ss","instance_30_10_4_46","sorting-network","none","slot-service","UNSATISFIABLE","0,028748","0","0","0","0","","","","","120"
"2","SN-none-ss","instance_30_10_4_47","sorting-network","none","slot-service","OPTIMUM","9,109904","9,081533","12154","42563","1390","395","398","3","0","120"
"2","SN-none-ss","instance_30_10_4_48","sorting-network","none","slot-service","OPTIMUM","8,518862","8,491957","10589","34225","1309","375","377","2","0","120"
"2","SN-none-ss","instance_30_10_4_49","sorting-network","none","slot-service","UNSATISFIABLE","0,088981","0","0","0","0","","","","","120"
"2","SN-none-ss","instance_30_10_4_5","sorting-network","none","slot-service","OPTIMUM","11,04892","11,0173","13721","50930","1452","418","423","5","0","120"
"2","SN-none-ss","instance_30_10_4_50","sorting-network","none","slot-service","UNSATISFIABLE","0,052194","0","0","0","0","","","","","120"
"2","SN-none-ss","instance_30_10_4_6","sorting-network","none","slot-service","OPTIMUM","10,35388","10,3178","15363","57534","1451","388","389","1","0","120"
"2","SN-none-ss","instance_30_10_4_7","sorting-network","none","slot-service","UNSATISFIABLE","0,04969","0","0","0","0","","","","","120"
"2","SN-none-ss","instance_30_10_4_8","sorting-network","none","slot-service","OPTIMUM","27,01871","26,98477","15738","53874","1365","414","422","8","0","120"
"2","SN-none-ss","instance_30_10_4_9","sorting-network","none","slot-service","UNSATISFIABLE","0,051513","0","0","0","0","","","","","120"
"2","SN-none-ss","instance_30_10_5_1","sorting-network","none","slot-service","OPTIMUM","25,06191","25,02169","17628","62993","1608","496","499","3","0","120"
"2","SN-none-ss","instance_30_10_5_10","sorting-network","none","slot-service","OPTIMUM","23,8748","23,83317","18011","64332","1703","480","486","6","0","120"
"2","SN-none-ss","instance_30_10_5_11","sorting-network","none","slot-service","UNSATISFIABLE","0,053487","0","0","0","0","","","","","120"
"2","SN-none-ss","instance_30_10_5_12","sorting-network","none","slot-service","UNSATISFIABLE","0,078354","0","0","0","0","","","","","120"
"2","SN-none-ss","instance_30_10_5_13","sorting-network","none","slot-service","UNSATISFIABLE","0,127323","0","0","0","0","","","","","120"
"2","SN-none-ss","instance_30_10_5_14","sorting-network","none","slot-service","UNSATISFIABLE","0,259609","0","0","0","0","","","","","120"
"2","SN-none-ss","instance_30_10_5_15","sorting-network","none","slot-service","UNSATISFIABLE","0,184413","0","0","0","0","","","","","120"
"2","SN-none-ss","instance_30_10_5_16","sorting-network","none","slot-service","OPTIMUM","36,85261","36,79918","24354","86799","1637","489","498","9","0","120"
"2","SN-none-ss","instance_30_10_5_17","sorting-network","none","slot-service","OPTIMUM","34,00381","33,96661","15816","53964","1568","492","505","13","0","120"
"2","SN-none-ss","instance_30_10_5_18","sorting-network","none","slot-service","OPTIMUM","26,00237","25,94494","24216","91813","1770","519","525","6","0","120"
"2","SN-none-ss","instance_30_10_5_19","sorting-network","none","slot-service","UNSATISFIABLE","0,051907","0","0","0","0","","","","","120"
"2","SN-none-ss","instance_30_10_5_2","sorting-network","none","slot-service","UNSATISFIABLE","0,114524","0","0","0","0","","","","","120"
"2","SN-none-ss","instance_30_10_5_20","sorting-network","none","slot-service","UNSATISFIABLE","0,117293","0","0","0","0","","","","","120"
"2","SN-none-ss","instance_30_10_5_21","sorting-network","none","slot-service","UNSATISFIABLE","0,055912","0","0","0","0","","","","","120"
"2","SN-none-ss","instance_30_10_5_22","sorting-network","none","slot-service","OPTIMUM","22,35956","22,30451","22317","82622","1772","497","501","4","0","120"
"2","SN-none-ss","instance_30_10_5_23","sorting-network","none","slot-service","UNSATISFIABLE","0,053988","0","0","0","0","","","","","120"
"2","SN-none-ss","instance_30_10_5_24","sorting-network","none","slot-service","UNSATISFIABLE","0,084519","0","0","0","0","","","","","120"
"2","SN-none-ss","instance_30_10_5_25","sorting-network","none","slot-service","UNSATISFIABLE","0,085465","0","0","0","0","","","","","120"
"2","SN-none-ss","instance_30_10_5_26","sorting-network","none","slot-service","UNSATISFIABLE","0,051431","0","0","0","0","","","","","120"
"2","SN-none-ss","instance_30_10_5_27","sorting-network","none","slot-service","UNSATISFIABLE","0,085136","0","0","0","0","","","","","120"
"2","SN-none-ss","instance_30_10_5_28","sorting-network","none","slot-service","UNSATISFIABLE","0,050364","0","0","0","0","","","","","120"
"2","SN-none-ss","instance_30_10_5_29","sorting-network","none","slot-service","UNSATISFIABLE","0,049615","0","0","0","0","","","","","120"
"2","SN-none-ss","instance_30_10_5_3","sorting-network","none","slot-service","OPTIMUM","27,10032","27,04567","21813","85824","1670","479","487","8","0","120"
"2","SN-none-ss","instance_30_10_5_30","sorting-network","none","slot-service","UNSATISFIABLE","0,055983","0","0","0","0","","","","","120"
"2","SN-none-ss","instance_30_10_5_31","sorting-network","none","slot-service","OPTIMUM","14,5949","14,55548","17128","58559","1535","517","523","6","0","120"
"2","SN-none-ss","instance_30_10_5_32","sorting-network","none","slot-service","OPTIMUM","25,68133","25,6289","21761","79503","1811","550","555","5","0","120"
"2","SN-none-ss","instance_30_10_5_33","sorting-network","none","slot-service","OPTIMUM","23,74022","23,67214","28839","119853","1881","553","554","1","0","120"
"2","SN-none-ss","instance_30_10_5_34","sorting-network","none","slot-service","OPTIMUM","32,72721","32,67296","23688","79763","1772","479","495","16","0","120"
"2","SN-none-ss","instance_30_10_5_35","sorting-network","none","slot-service","OPTIMUM","53,1935","53,14267","22351","75128","1737","499","507","5","3","120"
"2","SN-none-ss","instance_30_10_5_36","sorting-network","none","slot-service","OPTIMUM","38,1666","38,10433","28591","100309","1838","492","503","11","0","120"
"2","SN-none-ss","instance_30_10_5_37","sorting-network","none","slot-service","OPTIMUM","4,508222","4,474524","13580","45716","1495","494","496","2","0","120"
"2","SN-none-ss","instance_30_10_5_38","sorting-network","none","slot-service","OPTIMUM","28,43338","28,38381","18959","69916","1727","524","527","3","0","120"
"2","SN-none-ss","instance_30_10_5_39","sorting-network","none","slot-service","OPTIMUM","12,88838","12,83858","17873","69828","1757","522","525","3","0","120"
"2","SN-none-ss","instance_30_10_5_4","sorting-network","none","slot-service","UNSATISFIABLE","0,051747","0","0","0","0","","","","","120"
"2","SN-none-ss","instance_30_10_5_40","sorting-network","none","slot-service","UNSATISFIABLE","0,053437","0","0","0","0","","","","","120"
"2","SN-none-ss","instance_30_10_5_41","sorting-network","none","slot-service","UNSATISFIABLE","0,079048","0","0","0","0","","","","","120"
"2","SN-none-ss","instance_30_10_5_42","sorting-network","none","slot-service","OPTIMUM","32,91466","32,85838","24099","88733","1785","484","492","8","0","120"
"2","SN-none-ss","instance_30_10_5_43","sorting-network","none","slot-service","UNSATISFIABLE","0,051965","0","0","0","0","","","","","120"
"2","SN-none-ss","instance_30_10_5_44","sorting-network","none","slot-service","UNSATISFIABLE","0,189683","0","0","0","0","","","","","120"
"2","SN-none-ss","instance_30_10_5_45","sorting-network","none","slot-service","UNSATISFIABLE","0,056643","0","0","0","0","","","","","120"
"2","SN-none-ss","instance_30_10_5_46","sorting-network","none","slot-service","UNSATISFIABLE","0,048042","0","0","0","0","","","","","120"
"2","SN-none-ss","instance_30_10_5_47","sorting-network","none","slot-service","UNSATISFIABLE","0,0488","0","0","0","0","","","","","120"
"2","SN-none-ss","instance_30_10_5_48","sorting-network","none","slot-service","OPTIMUM","57,15185","57,11151","17680","61168","1619","483","490","7","0","120"
"2","SN-none-ss","instance_30_10_5_49","sorting-network","none","slot-service","TIMEOUT","300,1152","0","0","0","0","","","","","120"
"2","SN-none-ss","instance_30_10_5_5","sorting-network","none","slot-service","UNSATISFIABLE","0,057013","0","0","0","0","","","","","120"
"2","SN-none-ss","instance_30_10_5_50","sorting-network","none","slot-service","UNSATISFIABLE","0,071263","0","0","0","0","","","","","120"
"2","SN-none-ss","instance_30_10_5_6","sorting-network","none","slot-service","UNSATISFIABLE","0,054359","0","0","0","0","","","","","120"
"2","SN-none-ss","instance_30_10_5_7","sorting-network","none","slot-service","UNSATISFIABLE","0,101356","0","0","0","0","","","","","120"
"2","SN-none-ss","instance_30_10_5_8","sorting-network","none","slot-service","OPTIMUM","8,504664","8,455723","18347","68234","1637","536","537","1","0","120"
"2","SN-none-ss","instance_30_10_5_9","sorting-network","none","slot-service","OPTIMUM","29,71017","29,67347","16011","56249","1426","481","492","11","0","120"
"2","SN-none-ss","instance_30_15_4_1","sorting-network","none","slot-service","OPTIMUM","22,86545","22,80623","24131","93747","2189","443","448","5","0","120"
"2","SN-none-ss","instance_30_15_4_10","sorting-network","none","slot-service","OPTIMUM","10,57894","10,52512","20999","76244","2088","418","425","7","0","120"
"2","SN-none-ss","instance_30_15_4_11","sorting-network","none","slot-service","OPTIMUM","49,33343","49,28318","17700","66103","1814","410","413","3","0","120"
"2","SN-none-ss","instance_30_15_4_12","sorting-network","none","slot-service","OPTIMUM","8,463907","8,4121","19564","72912","1970","440","441","1","0","120"
"2","SN-none-ss","instance_30_15_4_13","sorting-network","none","slot-service","OPTIMUM","7,80642","7,768145","15445","54753","1728","383","387","4","0","120"
"2","SN-none-ss","instance_30_15_4_14","sorting-network","none","slot-service","OPTIMUM","18,44363","18,39126","18087","74434","2034","412","422","10","0","120"
"2","SN-none-ss","instance_30_15_4_15","sorting-network","none","slot-service","OPTIMUM","16,47736","16,41523","25006","97692","2095","448","451","3","0","120"
"2","SN-none-ss","instance_30_15_4_16","sorting-network","none","slot-service","OPTIMUM","7,921051","7,880512","16367","57442","1901","399","401","2","0","120"
"2","SN-none-ss","instance_30_15_4_17","sorting-network","none","slot-service","OPTIMUM","8,852889","8,801378","18832","70136","2046","422","426","4","0","120"
"2","SN-none-ss","instance_30_15_4_18","sorting-network","none","slot-service","OPTIMUM","27,87091","27,80313","26536","115956","2186","458","462","4","0","120"
"2","SN-none-ss","instance_30_15_4_19","sorting-network","none","slot-service","OPTIMUM","8,7487","8,705719","16400","62994","1815","416","425","9","0","120"
"2","SN-none-ss","instance_30_15_4_2","sorting-network","none","slot-service","OPTIMUM","8,052522","8,019962","12282","42645","1847","374","378","4","0","120"
"2","SN-none-ss","instance_30_15_4_20","sorting-network","none","slot-service","OPTIMUM","6,797372","6,759544","14637","52097","1998","428","434","6","0","120"
"2","SN-none-ss","instance_30_15_4_21","sorting-network","none","slot-service","UNSATISFIABLE","0,070209","0","0","0","0","","","","","120"
"2","SN-none-ss","instance_30_15_4_22","sorting-network","none","slot-service","OPTIMUM","2,290908","2,248362","17200","64519","1889","428","435","7","0","120"
"2","SN-none-ss","instance_30_15_4_23","sorting-network","none","slot-service","OPTIMUM","16,2304","16,16908","24682","97336","2117","438","444","6","0","120"
"2","SN-none-ss","instance_30_15_4_24","sorting-network","none","slot-service","OPTIMUM","13,03867","12,98103","21717","86853","2136","447","449","2","0","120"
"2","SN-none-ss","instance_30_15_4_25","sorting-network","none","slot-service","OPTIMUM","14,573","14,52163","20298","68627","2013","408","411","3","0","120"
"2","SN-none-ss","instance_30_15_4_26","sorting-network","none","slot-service","OPTIMUM","15,28619","15,23018","21535","81973","2081","437","441","4","0","120"
"2","SN-none-ss","instance_30_15_4_27","sorting-network","none","slot-service","OPTIMUM","12,99819","12,94436","19629","75403","2004","410","415","5","0","120"
"2","SN-none-ss","instance_30_15_4_28","sorting-network","none","slot-service","OPTIMUM","42,98105","42,9255","20282","80325","1980","421","428","7","0","120"
"2","SN-none-ss","instance_30_15_4_29","sorting-network","none","slot-service","OPTIMUM","15,77745","15,74281","12341","43311","1741","405","409","4","0","120"
"2","SN-none-ss","instance_30_15_4_3","sorting-network","none","slot-service","OPTIMUM","19,0716","19,0136","21697","89879","2089","438","442","4","0","120"
"2","SN-none-ss","instance_30_15_4_30","sorting-network","none","slot-service","OPTIMUM","26,52735","26,46387","24520","98495","2120","437","443","6","0","120"
"2","SN-none-ss","instance_30_15_4_31","sorting-network","none","slot-service","OPTIMUM","23,70974","23,65063","22709","90759","2095","412","417","5","0","120"
"2","SN-none-ss","instance_30_15_4_32","sorting-network","none","slot-service","OPTIMUM","19,04829","18,99234","18988","81405","1995","387","390","3","0","120"
"2","SN-none-ss","instance_30_15_4_33","sorting-network","none","slot-service","OPTIMUM","26,37879","26,31796","23508","91045","2127","435","437","2","0","120"
"2","SN-none-ss","instance_30_15_4_34","sorting-network","none","slot-service","OPTIMUM","13,65576","13,60212","20077","84577","2078","399","403","4","0","120"
"2","SN-none-ss","instance_30_15_4_35","sorting-network","none","slot-service","UNSATISFIABLE","0,082049","0","0","0","0","","","","","120"
"2","SN-none-ss","instance_30_15_4_36","sorting-network","none","slot-service","OPTIMUM","13,23548","13,17866","21180","85996","1952","433","438","5","0","120"
"2","SN-none-ss","instance_30_15_4_37","sorting-network","none","slot-service","OPTIMUM","21,38065","21,32786","19210","73491","2075","427","432","5","0","120"
"2","SN-none-ss","instance_30_15_4_38","sorting-network","none","slot-service","OPTIMUM","14,07697","14,02608","18905","72217","1928","402","402","0","0","120"
"2","SN-none-ss","instance_30_15_4_39","sorting-network","none","slot-service","OPTIMUM","7,367486","7,311264","21472","84836","2104","447","450","3","0","120"
"2","SN-none-ss","instance_30_15_4_4","sorting-network","none","slot-service","OPTIMUM","29,26642","29,20189","24860","101203","2259","451","454","3","0","120"
"2","SN-none-ss","instance_30_15_4_40","sorting-network","none","slot-service","OPTIMUM","7,691049","7,636039","20708","80597","1913","450","450","0","0","120"
"2","SN-none-ss","instance_30_15_4_41","sorting-network","none","slot-service","OPTIMUM","15,36625","15,29661","26540","122579","2293","443","444","1","0","120"
"2","SN-none-ss","instance_30_15_4_42","sorting-network","none","slot-service","OPTIMUM","22,12158","22,05618","26651","104474","2228","437","441","4","0","120"
"2","SN-none-ss","instance_30_15_4_43","sorting-network","none","slot-service","OPTIMUM","31,81255","31,75595","21813","87884","2007","423","429","6","0","120"
"2","SN-none-ss","instance_30_15_4_44","sorting-network","none","slot-service","UNSATISFIABLE","0,077473","0","0","0","0","","","","","120"
"2","SN-none-ss","instance_30_15_4_45","sorting-network","none","slot-service","OPTIMUM","13,48636","13,42648","24646","101628","2171","422","424","2","0","120"
"2","SN-none-ss","instance_30_15_4_46","sorting-network","none","slot-service","OPTIMUM","25,93088","25,87188","21908","90372","2083","450","453","3","0","120"
"2","SN-none-ss","instance_30_15_4_47","sorting-network","none","slot-service","OPTIMUM","24,3357","24,28498","18649","71241","2054","428","433","5","0","120"
"2","SN-none-ss","instance_30_15_4_48","sorting-network","none","slot-service","OPTIMUM","17,85389","17,80079","19847","75662","1979","431","437","6","0","120"
"2","SN-none-ss","instance_30_15_4_49","sorting-network","none","slot-service","OPTIMUM","18,73691","18,67787","24303","88792","1997","436","441","5","0","120"
"2","SN-none-ss","instance_30_15_4_5","sorting-network","none","slot-service","OPTIMUM","19,28831","19,23473","20858","77686","1863","421","428","7","0","120"
"2","SN-none-ss","instance_30_15_4_50","sorting-network","none","slot-service","OPTIMUM","4,910593","4,868713","17039","60040","1841","404","415","11","0","120"
"2","SN-none-ss","instance_30_15_4_6","sorting-network","none","slot-service","OPTIMUM","7,26752","7,228797","14864","55434","1949","441","445","4","0","120"
"2","SN-none-ss","instance_30_15_4_7","sorting-network","none","slot-service","UNSATISFIABLE","0,101857","0","0","0","0","","","","","120"
"2","SN-none-ss","instance_30_15_4_8","sorting-network","none","slot-service","UNSATISFIABLE","0,085793","0","0","0","0","","","","","120"
"2","SN-none-ss","instance_30_15_4_9","sorting-network","none","slot-service","OPTIMUM","13,54438","13,50413","18494","64869","1844","402","409","7","0","120"
"2","SN-none-ss","instance_30_15_5_1","sorting-network","none","slot-service","OPTIMUM","26,15345","26,05538","35928","152789","2654","551","555","4","0","120"
"2","SN-none-ss","instance_30_15_5_10","sorting-network","none","slot-service","UNSATISFIABLE","0,175304","0","0","0","0","","","","","120"
"2","SN-none-ss","instance_30_15_5_11","sorting-network","none","slot-service","OPTIMUM","34,41861","34,349","29358","107718","2458","540","549","9","0","120"
"2","SN-none-ss","instance_30_15_5_12","sorting-network","none","slot-service","OPTIMUM","31,10258","30,99795","41520","168646","2724","570","572","2","0","120"
"2","SN-none-ss","instance_30_15_5_13","sorting-network","none","slot-service","OPTIMUM","21,86575","21,77744","33553","135113","2479","561","571","10","0","120"
"2","SN-none-ss","instance_30_15_5_14","sorting-network","none","slot-service","OPTIMUM","35,15499","35,09006","26174","100756","2379","534","545","11","0","120"
"2","SN-none-ss","instance_30_15_5_15","sorting-network","none","slot-service","OPTIMUM","27,38514","27,29496","31111","137950","2570","546","548","2","0","120"
"2","SN-none-ss","instance_30_15_5_16","sorting-network","none","slot-service","OPTIMUM","32,41668","32,34216","33124","118507","2439","480","494","14","0","120"
"2","SN-none-ss","instance_30_15_5_17","sorting-network","none","slot-service","OPTIMUM","17,69315","17,63386","21673","89553","2281","548","551","3","0","120"
"2","SN-none-ss","instance_30_15_5_18","sorting-network","none","slot-service","OPTIMUM","26,72968","26,66002","27396","101364","2331","528","529","1","0","120"
"2","SN-none-ss","instance_30_15_5_19","sorting-network","none","slot-service","OPTIMUM","39,75244","39,67836","30140","120728","2619","530","535","5","0","120"
"2","SN-none-ss","instance_30_15_5_2","sorting-network","none","slot-service","OPTIMUM","24,71066","24,62014","33139","135439","2356","554","559","5","0","120"
"2","SN-none-ss","instance_30_15_5_20","sorting-network","none","slot-service","UNSATISFIABLE","0,261305","0","0","0","0","","","","","120"
"2","SN-none-ss","instance_30_15_5_21","sorting-network","none","slot-service","OPTIMUM","43,17058","43,09851","28076","113101","2476","511","515","4","0","120"
"2","SN-none-ss","instance_30_15_5_22","sorting-network","none","slot-service","OPTIMUM","21,25801","21,16354","33959","135641","2602","539","543","4","0","120"
"2","SN-none-ss","instance_30_15_5_23","sorting-network","none","slot-service","OPTIMUM","36,59692","36,50269","34708","134058","2661","540","546","6","0","120"
"2","SN-none-ss","instance_30_15_5_24","sorting-network","none","slot-service","OPTIMUM","33,80875","33,71686","33042","135353","2610","566","569","3","0","120"
"2","SN-none-ss","instance_30_15_5_25","sorting-network","none","slot-service","OPTIMUM","23,57538","23,50423","29538","112541","2365","541","546","5","0","120"
"2","SN-none-ss","instance_30_15_5_26","sorting-network","none","slot-service","UNSATISFIABLE","0,300564","0","0","0","0","","","","","120"
"2","SN-none-ss","instance_30_15_5_27","sorting-network","none","slot-service","TIMEOUT","300,1115","0","0","0","0","","","","","120"
"2","SN-none-ss","instance_30_15_5_28","sorting-network","none","slot-service","OPTIMUM","33,71961","33,61824","37100","157410","2491","561","565","4","0","120"
"2","SN-none-ss","instance_30_15_5_29","sorting-network","none","slot-service","OPTIMUM","46,57623","46,47419","36041","157784","2730","550","551","1","0","120"
"2","SN-none-ss","instance_30_15_5_3","sorting-network","none","slot-service","OPTIMUM","9,84232","9,787928","19493","74646","2307","515","520","5","0","120"
"2","SN-none-ss","instance_30_15_5_30","sorting-network","none","slot-service","OPTIMUM","12,59511","12,54265","20106","67833","2205","440","449","9","0","120"
"2","SN-none-ss","instance_30_15_5_31","sorting-network","none","slot-service","OPTIMUM","17,47539","17,41432","24103","94734","2239","522","531","9","0","120"
"2","SN-none-ss","instance_30_15_5_32","sorting-network","none","slot-service","OPTIMUM","14,91103","14,85665","19796","74967","2299","509","519","10","0","120"
"2","SN-none-ss","instance_30_15_5_33","sorting-network","none","slot-service","UNSATISFIABLE","0,352132","0","0","0","0","","","","","120"
"2","SN-none-ss","instance_30_15_5_34","sorting-network","none","slot-service","OPTIMUM","17,73264","17,64196","32612","140150","2632","591","591","0","0","120"
"2","SN-none-ss","instance_30_15_5_35","sorting-network","none","slot-service","OPTIMUM","46,39451","46,3263","28343","108794","2431","532","540","8","0","120"
"2","SN-none-ss","instance_30_15_5_36","sorting-network","none","slot-service","OPTIMUM","20,47522","20,41678","22280","83250","2366","507","512","5","0","120"
"2","SN-none-ss","instance_30_15_5_37","sorting-network","none","slot-service","UNSATISFIABLE","0,493899","0","0","0","0","","","","","120"
"2","SN-none-ss","instance_30_15_5_38","sorting-network","none","slot-service","UNSATISFIABLE","0,205988","0","0","0","0","","","","","120"
"2","SN-none-ss","instance_30_15_5_39","sorting-network","none","slot-service","OPTIMUM","25,14715","25,07929","26270","107294","2349","507","513","6","0","120"
"2","SN-none-ss","instance_30_15_5_4","sorting-network","none","slot-service","UNSATISFIABLE","0,243309","0","0","0","0","","","","","120"
"2","SN-none-ss","instance_30_15_5_40","sorting-network","none","slot-service","OPTIMUM","50,77162","50,70148","28557","109053","2487","526","535","9","0","120"
"2","SN-none-ss","instance_30_15_5_41","sorting-network","none","slot-service","OPTIMUM","32,26988","32,20376","25336","99519","2282","539","541","2","0","120"
"2","SN-none-ss","instance_30_15_5_42","sorting-network","none","slot-service","OPTIMUM","38,75492","38,66203","38250","138350","2533","537","546","9","0","120"
"2","SN-none-ss","instance_30_15_5_43","sorting-network","none","slot-service","OPTIMUM","29,34367","29,28246","22447","87732","2271","533","542","9","0","120"
"2","SN-none-ss","instance_30_15_5_44","sorting-network","none","slot-service","OPTIMUM","46,00695","45,93538","29735","109759","2490","545","552","7","0","120"
"2","SN-none-ss","instance_30_15_5_45","sorting-network","none","slot-service","OPTIMUM","28,08499","27,99668","32732","132633","2376","557","558","1","0","120"
"2","SN-none-ss","instance_30_15_5_46","sorting-network","none","slot-service","OPTIMUM","37,29742","37,19669","36967","155054","2583","552","554","2","0","120"
"2","SN-none-ss","instance_30_15_5_47","sorting-network","none","slot-service","OPTIMUM","20,52321","20,43171","33309","136718","2504","551","556","5","0","120"
"2","SN-none-ss","instance_30_15_5_48","sorting-network","none","slot-service","OPTIMUM","27,74727","27,6864","25508","85100","2292","498","510","12","0","120"
"2","SN-none-ss","instance_30_15_5_49","sorting-network","none","slot-service","UNSATISFIABLE","0,153868","0","0","0","0","","","","","120"
"2","SN-none-ss","instance_30_15_5_5","sorting-network","none","slot-service","OPTIMUM","23,20977","23,13972","30587","112165","2479","531","540","9","0","120"
"2","SN-none-ss","instance_30_15_5_50","sorting-network","none","slot-service","OPTIMUM","29,33401","29,26472","27826","108248","2407","555","561","6","0","120"
"2","SN-none-ss","instance_30_15_5_6","sorting-network","none","slot-service","OPTIMUM","14,12037","14,01666","38279","156295","2594","546","546","0","0","120"
"2","SN-none-ss","instance_30_15_5_7","sorting-network","none","slot-service","OPTIMUM","7,554684","7,486059","27755","107554","2344","544","544","0","0","120"
"2","SN-none-ss","instance_30_15_5_8","sorting-network","none","slot-service","OPTIMUM","30,05856","29,99236","24915","95372","2208","505","514","9","0","120"
"2","SN-none-ss","instance_30_15_5_9","sorting-network","none","slot-service","OPTIMUM","22,05304","21,97801","30475","124738","2463","531","533","2","0","120"
"2","SN-none-ss","instance_30_20_4_1","sorting-network","none","slot-service","OPTIMUM","22,13113","22,0584","31545","125376","2920","414","419","5","0","120"
"2","SN-none-ss","instance_30_20_4_10","sorting-network","none","slot-service","OPTIMUM","19,66638","19,60661","23562","95926","2784","442","445","3","0","120"
"2","SN-none-ss","instance_30_20_4_11","sorting-network","none","slot-service","OPTIMUM","42,06984","41,99644","29784","124731","2749","454","455","1","0","120"
"2","SN-none-ss","instance_30_20_4_12","sorting-network","none","slot-service","OPTIMUM","24,28671","24,19607","35122","141139","2929","446","448","2","0","120"
"2","SN-none-ss","instance_30_20_4_13","sorting-network","none","slot-service","OPTIMUM","29,02243","28,94621","32304","129994","2934","444","447","3","0","120"
"2","SN-none-ss","instance_30_20_4_14","sorting-network","none","slot-service","OPTIMUM","8,942843","8,890568","18891","72019","2445","462","463","1","0","120"
"2","SN-none-ss","instance_30_20_4_15","sorting-network","none","slot-service","OPTIMUM","29,56659","29,47794","31417","138622","2849","461","462","1","0","120"
"2","SN-none-ss","instance_30_20_4_16","sorting-network","none","slot-service","OPTIMUM","33,8838","33,79566","31361","145410","2661","420","424","4","0","120"
"2","SN-none-ss","instance_30_20_4_17","sorting-network","none","slot-service","OPTIMUM","10,83819","10,78278","18079","81671","2334","421","423","2","0","120"
"2","SN-none-ss","instance_30_20_4_18","sorting-network","none","slot-service","OPTIMUM","23,19109","23,12774","24490","102270","2540","435","440","5","0","120"
"2","SN-none-ss","instance_30_20_4_19","sorting-network","none","slot-service","OPTIMUM","19,64966","19,57915","28188","115982","2744","459","463","4","0","120"
"2","SN-none-ss","instance_30_20_4_2","sorting-network","none","slot-service","OPTIMUM","24,66853","24,60729","24322","95448","2536","430","437","7","0","120"
"2","SN-none-ss","instance_30_20_4_20","sorting-network","none","slot-service","OPTIMUM","19,892","19,82678","26879","111162","2549","445","448","3","0","120"
"2","SN-none-ss","instance_30_20_4_21","sorting-network","none","slot-service","OPTIMUM","28,58363","28,49601","31224","135311","2891","438","439","1","0","120"
"2","SN-none-ss","instance_30_20_4_22","sorting-network","none","slot-service","OPTIMUM","28,18372","28,11768","26900","108389","2631","432","439","7","0","120"
"2","SN-none-ss","instance_30_20_4_23","sorting-network","none","slot-service","OPTIMUM","7,250622","7,194781","20696","87651","2482","455","455","0","0","120"
"2","SN-none-ss","instance_30_20_4_24","sorting-network","none","slot-service","OPTIMUM","29,51322","29,41241","36710","169566","2912","453","456","3","0","120"
"2","SN-none-ss","instance_30_20_4_25","sorting-network","none","slot-service","OPTIMUM","19,67985","19,62084","22107","90064","2544","439","442","3","0","120"
"2","SN-none-ss","instance_30_20_4_26","sorting-network","none","slot-service","OPTIMUM","21,66743","21,59314","30553","129099","2849","461","462","1","0","120"
"2","SN-none-ss","instance_30_20_4_27","sorting-network","none","slot-service","OPTIMUM","17,7365","17,66588","28705","128339","2912","463","463","0","0","120"
"2","SN-none-ss","instance_30_20_4_28","sorting-network","none","slot-service","OPTIMUM","17,47106","17,40482","26431","109219","2670","456","456","0","0","120"
"2","SN-none-ss","instance_30_20_4_29","sorting-network","none","slot-service","OPTIMUM","27,79302","27,72054","29827","129055","2850","469","471","2","0","120"
"2","SN-none-ss","instance_30_20_4_3","sorting-network","none","slot-service","OPTIMUM","26,22479","26,15426","28743","115892","2639","457","461","4","0","120"
"2","SN-none-ss","instance_30_20_4_30","sorting-network","none","slot-service","OPTIMUM","15,83244","15,74573","29697","135966","2701","467","468","1","0","120"
"2","SN-none-ss","instance_30_20_4_31","sorting-network","none","slot-service","OPTIMUM","5,906005","5,842622","24585","101806","2487","455","456","1","0","120"
"2","SN-none-ss","instance_30_20_4_32","sorting-network","none","slot-service","OPTIMUM","30,08618","29,98746","34643","157214","2998","455","458","3","0","120"
"2","SN-none-ss","instance_30_20_4_33","sorting-network","none","slot-service","OPTIMUM","11,92256","11,86118","22502","96955","2615","441","441","0","0","120"
"2","SN-none-ss","instance_30_20_4_34","sorting-network","none","slot-service","OPTIMUM","20,91853","20,84523","29481","124661","2759","461","463","2","0","120"
"2","SN-none-ss","instance_30_20_4_35","sorting-network","none","slot-service","OPTIMUM","11,50593","11,44382","25586","97340","2484","433","442","9","0","120"
"2","SN-none-ss","instance_30_20_4_36","sorting-network","none","slot-service","OPTIMUM","17,94282","17,877","26340","104576","2395","442","450","8","0","120"
"2","SN-none-ss","instance_30_20_4_37","sorting-network","none","slot-service","OPTIMUM","20,37646","20,28567","32016","140950","2732","464","464","0","0","120"
"2","SN-none-ss","instance_30_20_4_38","sorting-network","none","slot-service","OPTIMUM","11,25758","11,18924","24541","116170","2582","446","447","1","0","120"
"2","SN-none-ss","instance_30_20_4_39","sorting-network","none","slot-service","OPTIMUM","28,13038","28,0628","27032","109563","2698","467","468","1","0","120"
"2","SN-none-ss","instance_30_20_4_4","sorting-network","none","slot-service","OPTIMUM","25,2357","25,16866","27426","107293","2672","435","438","3","0","120"
"2","SN-none-ss","instance_30_20_4_40","sorting-network","none","slot-service","OPTIMUM","19,97311","19,87735","36648","155285","2988","465","465","0","0","120"
"2","SN-none-ss","instance_30_20_4_41","sorting-network","none","slot-service","OPTIMUM","23,56962","23,50775","23477","96308","2582","455","459","4","0","120"
"2","SN-none-ss","instance_30_20_4_42","sorting-network","none","slot-service","OPTIMUM","12,33076","12,26548","24401","99579","2613","443","448","5","0","120"
"2","SN-none-ss","instance_30_20_4_43","sorting-network","none","slot-service","OPTIMUM","8,706919","8,661263","16121","65035","2288","430","432","2","0","120"
"2","SN-none-ss","instance_30_20_4_44","sorting-network","none","slot-service","OPTIMUM","22,29507","22,23811","19919","85840","2471","447","449","2","0","120"
"2","SN-none-ss","instance_30_20_4_45","sorting-network","none","slot-service","OPTIMUM","26,79828","26,72996","29188","115367","2680","460","463","3","0","120"
"2","SN-none-ss","instance_30_20_4_46","sorting-network","none","slot-service","OPTIMUM","13,30243","13,24197","23233","89559","2581","443","449","6","0","120"
"2","SN-none-ss","instance_30_20_4_47","sorting-network","none","slot-service","OPTIMUM","15,23826","15,16893","30069","118006","2727","459","464","5","0","120"
"2","SN-none-ss","instance_30_20_4_48","sorting-network","none","slot-service","OPTIMUM","30,39553","30,32519","27206","112216","2635","445","449","4","0","120"
"2","SN-none-ss","instance_30_20_4_49","sorting-network","none","slot-service","OPTIMUM","21,81979","21,75774","25703","93173","2524","415","425","10","0","120"
"2","SN-none-ss","instance_30_20_4_5","sorting-network","none","slot-service","OPTIMUM","19,44481","19,38069","26210","101236","2559","442","448","6","0","120"
"2","SN-none-ss","instance_30_20_4_50","sorting-network","none","slot-service","OPTIMUM","7,306153","7,244932","22888","97718","2642","437","439","2","0","120"
"2","SN-none-ss","instance_30_20_4_6","sorting-network","none","slot-service","OPTIMUM","25,74876","25,68952","24167","93449","2593","442","447","5","0","120"
"2","SN-none-ss","instance_30_20_4_7","sorting-network","none","slot-service","OPTIMUM","15,38128","15,31129","27816","113886","2571","431","436","5","0","120"
"2","SN-none-ss","instance_30_20_4_8","sorting-network","none","slot-service","OPTIMUM","21,53879","21,47715","24734","95640","2518","445","449","4","0","120"
"2","SN-none-ss","instance_30_20_4_9","sorting-network","none","slot-service","OPTIMUM","25,4244","25,36052","26412","95751","2549","431","437","6","0","120"
"2","SN-none-ss","instance_30_20_5_1","sorting-network","none","slot-service","OPTIMUM","17,72006","17,62237","37768","153892","3148","545","551","6","0","120"
"2","SN-none-ss","instance_30_20_5_10","sorting-network","none","slot-service","OPTIMUM","15,18159","15,11335","28192","112497","3092","531","537","6","0","120"
"2","SN-none-ss","instance_30_20_5_11","sorting-network","none","slot-service","OPTIMUM","18,51834","18,42035","40618","162700","3277","549","553","4","0","120"
"2","SN-none-ss","instance_30_20_5_12","sorting-network","none","slot-service","OPTIMUM","39,38906","39,29024","36520","166841","3050","560","565","5","0","120"
"2","SN-none-ss","instance_30_20_5_13","sorting-network","none","slot-service","OPTIMUM","24,76837","24,66841","38786","166980","3302","569","575","6","0","120"
"2","SN-none-ss","instance_30_20_5_14","sorting-network","none","slot-service","OPTIMUM","34,60846","34,48917","45991","217675","3621","586","590","4","0","120"
"2","SN-none-ss","instance_30_20_5_15","sorting-network","none","slot-service","OPTIMUM","31,3575","31,2817","33757","125499","2983","552","558","6","0","120"
"2","SN-none-ss","instance_30_20_5_16","sorting-network","none","slot-service","OPTIMUM","32,18071","32,08491","38836","154050","3115","575","582","7","0","120"
"2","SN-none-ss","instance_30_20_5_17","sorting-network","none","slot-service","OPTIMUM","29,44075","29,34916","35610","151655","3244","530","532","2","0","120"
"2","SN-none-ss","instance_30_20_5_18","sorting-network","none","slot-service","OPTIMUM","46,07242","45,9534","49742","217518","3330","568","578","10","0","120"
"2","SN-none-ss","instance_30_20_5_19","sorting-network","none","slot-service","OPTIMUM","19,73367","19,63626","35652","157197","3049","551","555","4","0","120"
"2","SN-none-ss","instance_30_20_5_2","sorting-network","none","slot-service","OPTIMUM","39,69355","39,60473","34234","143714","3189","540","547","7","0","120"
"2","SN-none-ss","instance_30_20_5_20","sorting-network","none","slot-service","OPTIMUM","20,63755","20,53811","41223","163192","3294","559","566","7","0","120"
"2","SN-none-ss","instance_30_20_5_21","sorting-network","none","slot-service","OPTIMUM","32,31928","32,2241","38058","148233","3170","526","536","10","0","120"
"2","SN-none-ss","instance_30_20_5_22","sorting-network","none","slot-service","OPTIMUM","46,41956","46,3232","38552","163605","3343","561","568","7","0","120"
"2","SN-none-ss","instance_30_20_5_23","sorting-network","none","slot-service","OPTIMUM","34,55605","34,48434","29242","115973","2845","545","551","6","0","120"
"2","SN-none-ss","instance_30_20_5_24","sorting-network","none","slot-service","OPTIMUM","26,02652","25,92723","38956","167174","3110","572","576","4","0","120"
"2","SN-none-ss","instance_30_20_5_25","sorting-network","none","slot-service","OPTIMUM","23,72571","23,6304","36264","151410","3140","565","570","5","0","120"
"2","SN-none-ss","instance_30_20_5_26","sorting-network","none","slot-service","OPTIMUM","31,37552","31,28827","33669","133234","3024","561","566","5","0","120"
"2","SN-none-ss","instance_30_20_5_27","sorting-network","none","slot-service","OPTIMUM","32,99541","32,90253","35011","136917","3202","516","529","13","0","120"
"2","SN-none-ss","instance_30_20_5_28","sorting-network","none","slot-service","OPTIMUM","37,88339","37,81025","32494","114369","2857","523","535","12","0","120"
"2","SN-none-ss","instance_30_20_5_29","sorting-network","none","slot-service","OPTIMUM","17,75409","17,68634","29131","115675","2903","560","562","2","0","120"
"2","SN-none-ss","instance_30_20_5_3","sorting-network","none","slot-service","OPTIMUM","8,914976","8,829452","29596","131604","3048","566","566","0","0","120"
"2","SN-none-ss","instance_30_20_5_30","sorting-network","none","slot-service","OPTIMUM","39,13737","39,0369","38667","162653","3308","566","571","5","0","120"
"2","SN-none-ss","instance_30_20_5_31","sorting-network","none","slot-service","OPTIMUM","26,49177","26,39553","35018","164429","3115","582","582","0","0","120"
"2","SN-none-ss","instance_30_20_5_32","sorting-network","none","slot-service","OPTIMUM","36,65201","36,548","42443","174150","3318","556","566","10","0","120"
"2","SN-none-ss","instance_30_20_5_33","sorting-network","none","slot-service","OPTIMUM","36,58263","36,49259","34287","132847","2869","517","524","7","0","120"
"2","SN-none-ss","instance_30_20_5_34","sorting-network","none","slot-service","OPTIMUM","32,49688","32,39074","42502","180701","3332","568","571","3","0","120"
"2","SN-none-ss","instance_30_20_5_35","sorting-network","none","slot-service","OPTIMUM","32,50128","32,40266","38834","161248","3039","557","563","6","0","120"
"2","SN-none-ss","instance_30_20_5_36","sorting-network","none","slot-service","OPTIMUM","18,62874","18,55041","33443","129498","2995","550","556","6","0","120"
"2","SN-none-ss","instance_30_20_5_37","sorting-network","none","slot-service","OPTIMUM","31,42819","31,33593","37725","150880","3053","547","555","8","0","120"
"2","SN-none-ss","instance_30_20_5_38","sorting-network","none","slot-service","OPTIMUM","56,37498","56,2701","40101","181065","3211","563","570","7","0","120"
"2","SN-none-ss","instance_30_20_5_39","sorting-network","none","slot-service","OPTIMUM","17,96618","17,89889","25059","107207","3057","545","547","2","0","120"
"2","SN-none-ss","instance_30_20_5_4","sorting-network","none","slot-service","OPTIMUM","57,7872","57,67727","45613","197537","3468","572","577","5","0","120"
"2","SN-none-ss","instance_30_20_5_40","sorting-network","none","slot-service","OPTIMUM","31,29901","31,18708","45659","195001","3586","574","576","2","0","120"
"2","SN-none-ss","instance_30_20_5_41","sorting-network","none","slot-service","OPTIMUM","31,22243","31,11228","46249","192823","3299","567","573","6","0","120"
"2","SN-none-ss","instance_30_20_5_42","sorting-network","none","slot-service","OPTIMUM","42,37112","42,25944","43275","198775","3338","590","590","0","0","120"
"2","SN-none-ss","instance_30_20_5_43","sorting-network","none","slot-service","OPTIMUM","22,07035","22,00133","26695","107842","2844","558","567","9","0","120"
"2","SN-none-ss","instance_30_20_5_44","sorting-network","none","slot-service","OPTIMUM","32,64017","32,54054","40395","164323","3134","573","577","4","0","120"
"2","SN-none-ss","instance_30_20_5_45","sorting-network","none","slot-service","OPTIMUM","28,95737","28,88477","30238","118413","2798","559","564","5","0","120"
"2","SN-none-ss","instance_30_20_5_46","sorting-network","none","slot-service","OPTIMUM","24,8596","24,76841","37309","143035","3011","558","566","8","0","120"
"2","SN-none-ss","instance_30_20_5_47","sorting-network","none","slot-service","OPTIMUM","20,30897","20,21378","35342","148663","3191","570","572","2","0","120"
"2","SN-none-ss","instance_30_20_5_48","sorting-network","none","slot-service","OPTIMUM","14,39096","14,29743","35370","154866","3254","576","576","0","0","120"
"2","SN-none-ss","instance_30_20_5_49","sorting-network","none","slot-service","OPTIMUM","32,36554","32,26833","36547","157527","3099","542","548","6","0","120"
"2","SN-none-ss","instance_30_20_5_5","sorting-network","none","slot-service","OPTIMUM","45,20035","45,12665","32006","125314","2939","534","545","11","0","120"
"2","SN-none-ss","instance_30_20_5_50","sorting-network","none","slot-service","UNSATISFIABLE","0,138532","0","0","0","0","","","","","120"
"2","SN-none-ss","instance_30_20_5_6","sorting-network","none","slot-service","OPTIMUM","23,0274","22,90223","46899","216025","3318","575","577","2","0","120"
"2","SN-none-ss","instance_30_20_5_7","sorting-network","none","slot-service","OPTIMUM","27,06816","26,97107","34334","151582","3135","558","564","6","0","120"
"2","SN-none-ss","instance_30_20_5_8","sorting-network","none","slot-service","OPTIMUM","34,14921","34,04631","41577","165834","3305","563","569","6","0","120"
"2","SN-none-ss","instance_30_20_5_9","sorting-network","none","slot-service","OPTIMUM","21,07856","20,98834","33550","143059","3043","537","547","10","0","120"
"2","SN-none-ss","instance_30_25_4_1","sorting-network","none","slot-service","OPTIMUM","32,70252","32,62748","28520","128860","2997","454","460","6","0","120"
"2","SN-none-ss","instance_30_25_4_10","sorting-network","none","slot-service","OPTIMUM","23,18044","23,11053","28740","124281","3332","453","456","3","0","120"
"2","SN-none-ss","instance_30_25_4_11","sorting-network","none","slot-service","OPTIMUM","20,91051","20,81078","36727","173481","3201","457","458","1","0","120"
"2","SN-none-ss","instance_30_25_4_12","sorting-network","none","slot-service","OPTIMUM","45,74707","45,65367","34203","150096","3338","437","437","0","0","120"
"2","SN-none-ss","instance_30_25_4_13","sorting-network","none","slot-service","OPTIMUM","29,81416","29,71814","36485","158643","3437","462","465","3","0","120"
"2","SN-none-ss","instance_30_25_4_14","sorting-network","none","slot-service","OPTIMUM","27,39586","27,32129","29199","121334","3384","447","451","4","0","120"
"2","SN-none-ss","instance_30_25_4_15","sorting-network","none","slot-service","OPTIMUM","19,14695","19,07659","29528","114290","3065","446","451","5","0","120"
"2","SN-none-ss","instance_30_25_4_16","sorting-network","none","slot-service","OPTIMUM","13,08795","12,99595","30467","152081","3155","449","449","0","0","120"
"2","SN-none-ss","instance_30_25_4_17","sorting-network","none","slot-service","OPTIMUM","22,06788","21,96528","38123","172752","3514","444","446","2","0","120"
"2","SN-none-ss","instance_30_25_4_18","sorting-network","none","slot-service","OPTIMUM","32,94897","32,85213","37290","152192","3387","456","459","3","0","120"
"2","SN-none-ss","instance_30_25_4_19","sorting-network","none","slot-service","OPTIMUM","30,09234","30,00704","30794","135060","3505","436","441","5","0","120"
"2","SN-none-ss","instance_30_25_4_2","sorting-network","none","slot-service","OPTIMUM","21,18399","21,08821","32531","153853","3289","471","471","0","0","120"
"2","SN-none-ss","instance_30_25_4_20","sorting-network","none","slot-service","OPTIMUM","19,04819","18,95233","35978","150476","3244","462","469","7","0","120"
"2","SN-none-ss","instance_30_25_4_21","sorting-network","none","slot-service","OPTIMUM","26,4972","26,42976","25730","107659","3100","457","461","4","0","120"
"2","SN-none-ss","instance_30_25_4_22","sorting-network","none","slot-service","OPTIMUM","31,9516","31,85514","36960","163829","3440","466","469","3","0","120"
"2","SN-none-ss","instance_30_25_4_23","sorting-network","none","slot-service","OPTIMUM","22,53101","22,44102","32988","146418","3467","465","469","4","0","120"
"2","SN-none-ss","instance_30_25_4_24","sorting-network","none","slot-service","OPTIMUM","30,8026","30,70571","35382","160898","3224","460","461","1","0","120"
"2","SN-none-ss","instance_30_25_4_25","sorting-network","none","slot-service","OPTIMUM","43,4199","43,29782","48119","239214","3750","459","461","2","0","120"
"2","SN-none-ss","instance_30_25_4_26","sorting-network","none","slot-service","OPTIMUM","19,8702","19,79737","28735","124505","3126","461","465","4","0","120"
"2","SN-none-ss","instance_30_25_4_27","sorting-network","none","slot-service","OPTIMUM","33,77259","33,66897","37045","189362","3317","467","470","3","0","120"
"2","SN-none-ss","instance_30_25_4_28","sorting-network","none","slot-service","OPTIMUM","19,18222","19,12026","22856","95994","2922","411","413","2","0","120"
"2","SN-none-ss","instance_30_25_4_29","sorting-network","none","slot-service","OPTIMUM","41,97084","41,86","42931","191530","3611","461","466","5","0","120"
"2","SN-none-ss","instance_30_25_4_3","sorting-network","none","slot-service","OPTIMUM","23,26776","23,17618","36166","142676","3320","427","435","8","0","120"
"2","SN-none-ss","instance_30_25_4_30","sorting-network","none","slot-service","OPTIMUM","30,9628","30,86527","36059","153609","3370","453","458","5","0","120"
"2","SN-none-ss","instance_30_25_4_31","sorting-network","none","slot-service","OPTIMUM","24,84186","24,74747","34895","148677","3354","437","439","2","0","120"
"2","SN-none-ss","instance_30_25_4_32","sorting-network","none","slot-service","OPTIMUM","26,66101","26,59275","27531","110108","3418","450","452","2","0","120"
"2","SN-none-ss","instance_30_25_4_33","sorting-network","none","slot-service","OPTIMUM","12,75196","12,64808","36988","175905","3348","470","470","0","0","120"
"2","SN-none-ss","instance_30_25_4_34","sorting-network","none","slot-service","OPTIMUM","26,52985","26,42449","38731","186332","3619","458","460","2","0","120"
"2","SN-none-ss","instance_30_25_4_35","sorting-network","none","slot-service","OPTIMUM","15,99655","15,9209","31466","128225","3092","447","451","4","0","120"
"2","SN-none-ss","instance_30_25_4_36","sorting-network","none","slot-service","OPTIMUM","25,88062","25,79065","29963","140637","3209","457","457","0","0","120"
"2","SN-none-ss","instance_30_25_4_37","sorting-network","none","slot-service","OPTIMUM","20,65303","20,55872","32287","151296","3378","440","444","4","0","120"
"2","SN-none-ss","instance_30_25_4_38","sorting-network","none","slot-service","OPTIMUM","29,70077","29,60471","35310","164542","3532","454","458","4","0","120"
"2","SN-none-ss","instance_30_25_4_39","sorting-network","none","slot-service","OPTIMUM","22,35957","22,26796","33051","153160","3240","428","431","3","0","120"
"2","SN-none-ss","instance_30_25_4_4","sorting-network","none","slot-service","OPTIMUM","20,41627","20,34902","27546","107895","3164","452","457","5","0","120"
"2","SN-none-ss","instance_30_25_4_40","sorting-network","none","slot-service","OPTIMUM","15,7953","15,70098","38914","149618","3492","450","453","3","0","120"
"2","SN-none-ss","instance_30_25_4_41","sorting-network","none","slot-service","OPTIMUM","27,70139","27,60871","32940","144387","3336","448","455","7","0","120"
"2","SN-none-ss","instance_30_25_4_42","sorting-network","none","slot-service","OPTIMUM","46,31209","46,19269","46765","223426","3706","475","476","1","0","120"
"2","SN-none-ss","instance_30_25_4_43","sorting-network","none","slot-service","OPTIMUM","20,81697","20,72635","32433","150471","3385","466","468","2","0","120"
"2","SN-none-ss","instance_30_25_4_44","sorting-network","none","slot-service","OPTIMUM","20,00139","19,91254","29348","133719","3239","431","436","5","0","120"
"2","SN-none-ss","instance_30_25_4_45","sorting-network","none","slot-service","OPTIMUM","25,80331","25,71339","33412","131498","3342","448","453","5","0","120"
"2","SN-none-ss","instance_30_25_4_46","sorting-network","none","slot-service","OPTIMUM","39,40854","39,29447","39959","211020","3715","470","472","2","0","120"
"2","SN-none-ss","instance_30_25_4_47","sorting-network","none","slot-service","OPTIMUM","21,47723","21,38271","31387","141594","3208","474","474","0","0","120"
"2","SN-none-ss","instance_30_25_4_48","sorting-network","none","slot-service","OPTIMUM","33,17234","33,07197","33699","168285","3270","465","465","0","0","120"
"2","SN-none-ss","instance_30_25_4_49","sorting-network","none","slot-service","OPTIMUM","15,91784","15,84883","28234","112474","3097","456","462","6","0","120"
"2","SN-none-ss","instance_30_25_4_5","sorting-network","none","slot-service","OPTIMUM","27,19525","27,09883","34462","152279","3517","463","464","1","0","120"
"2","SN-none-ss","instance_30_25_4_50","sorting-network","none","slot-service","OPTIMUM","36,44044","36,32821","38815","200096","3350","471","473","2","0","120"
"2","SN-none-ss","instance_30_25_4_6","sorting-network","none","slot-service","OPTIMUM","13,34421","13,27188","29990","129126","3036","461","465","4","0","120"
"2","SN-none-ss","instance_30_25_4_7","sorting-network","none","slot-service","OPTIMUM","22,25225","22,15075","36372","173654","3383","473","475","2","0","120"
"2","SN-none-ss","instance_30_25_4_8","sorting-network","none","slot-service","OPTIMUM","27,29983","27,19621","39102","168130","3653","475","475","0","0","120"
"2","SN-none-ss","instance_30_25_4_9","sorting-network","none","slot-service","OPTIMUM","22,08827","21,9987","31353","147654","3348","463","465","2","0","120"
"2","SN-none-ss","instance_30_25_5_1","sorting-network","none","slot-service","OPTIMUM","30,81801","30,69987","44096","183209","3860","578","583","5","0","120"
"2","SN-none-ss","instance_30_25_5_10","sorting-network","none","slot-service","OPTIMUM","41,16379","41,05898","37413","153245","3652","554","562","8","0","120"
"2","SN-none-ss","instance_30_25_5_11","sorting-network","none","slot-service","OPTIMUM","23,60006","23,48146","42413","190764","3659","569","570","1","0","120"
"2","SN-none-ss","instance_30_25_5_12","sorting-network","none","slot-service","OPTIMUM","34,90461","34,78654","39980","186908","3997","580","581","1","0","120"
"2","SN-none-ss","instance_30_25_5_13","sorting-network","none","slot-service","OPTIMUM","52,12569","52,00394","46526","204635","3734","588","590","2","0","120"
"2","SN-none-ss","instance_30_25_5_14","sorting-network","none","slot-service","OPTIMUM","34,53299","34,41319","46742","198106","3837","571","580","9","0","120"
"2","SN-none-ss","instance_30_25_5_15","sorting-network","none","slot-service","OPTIMUM","28,89198","28,77301","46248","188343","3927","554","561","7","0","120"
"2","SN-none-ss","instance_30_25_5_16","sorting-network","none","slot-service","OPTIMUM","33,79594","33,65589","54593","239284","4022","579","583","4","0","120"
"2","SN-none-ss","instance_30_25_5_17","sorting-network","none","slot-service","UNSATISFIABLE","0,90422","0","0","0","0","","","","","120"
"2","SN-none-ss","instance_30_25_5_18","sorting-network","none","slot-service","OPTIMUM","60,73318","60,59627","50617","241386","4214","565","569","4","0","120"
"2","SN-none-ss","instance_30_25_5_19","sorting-network","none","slot-service","OPTIMUM","27,13336","27,01145","45048","203463","4001","556","565","9","0","120"
"2","SN-none-ss","instance_30_25_5_2","sorting-network","none","slot-service","OPTIMUM","48,32581","48,21727","40520","175330","3693","550","555","5","0","120"
"2","SN-none-ss","instance_30_25_5_20","sorting-network","none","slot-service","OPTIMUM","32,905","32,78363","44562","190490","3881","577","580","3","0","120"
"2","SN-none-ss","instance_30_25_5_21","sorting-network","none","slot-service","OPTIMUM","55,94436","55,8228","44611","198892","3786","571","578","7","0","120"
"2","SN-none-ss","instance_30_25_5_22","sorting-network","none","slot-service","OPTIMUM","200,7755","200,6617","42583","172968","3498","574","584","5","5","120"
"2","SN-none-ss","instance_30_25_5_23","sorting-network","none","slot-service","OPTIMUM","38,95078","38,83333","40605","187860","3665","572","573","1","0","120"
"2","SN-none-ss","instance_30_25_5_24","sorting-network","none","slot-service","OPTIMUM","55,01377","54,88538","47967","217893","4173","581","585","4","0","120"
"2","SN-none-ss","instance_30_25_5_25","sorting-network","none","slot-service","OPTIMUM","43,25865","43,11549","59059","258321","4043","575","582","7","0","120"
"2","SN-none-ss","instance_30_25_5_26","sorting-network","none","slot-service","OPTIMUM","24,4349","24,31863","43559","177624","3787","570","575","5","0","120"
"2","SN-none-ss","instance_30_25_5_27","sorting-network","none","slot-service","OPTIMUM","46,44465","46,32104","44235","207194","3924","583","587","4","0","120"
"2","SN-none-ss","instance_30_25_5_28","sorting-network","none","slot-service","OPTIMUM","31,45545","31,32262","49737","228737","4075","584","587","3","0","120"
"2","SN-none-ss","instance_30_25_5_29","sorting-network","none","slot-service","OPTIMUM","54,79032","54,66224","47355","223085","4011","565","567","2","0","120"
"2","SN-none-ss","instance_30_25_5_3","sorting-network","none","slot-service","OPTIMUM","37,29079","37,18156","41789","165817","3857","566","572","6","0","120"
"2","SN-none-ss","instance_30_25_5_30","sorting-network","none","slot-service","OPTIMUM","30,68998","30,56464","43487","193021","3812","558","569","11","0","120"
"2","SN-none-ss","instance_30_25_5_31","sorting-network","none","slot-service","OPTIMUM","31,01227","30,91059","33669","146441","3640","555","555","0","0","120"
"2","SN-none-ss","instance_30_25_5_32","sorting-network","none","slot-service","OPTIMUM","40,39016","40,2524","49003","235118","4032","573","573","0","0","120"
"2","SN-none-ss","instance_30_25_5_33","sorting-network","none","slot-service","OPTIMUM","32,03652","31,92492","40101","173814","3813","559","560","1","0","120"
"2","SN-none-ss","instance_30_25_5_34","sorting-network","none","slot-service","OPTIMUM","24,54602","24,41882","45578","219207","3859","577","580","3","0","120"
"2","SN-none-ss","instance_30_25_5_35","sorting-network","none","slot-service","OPTIMUM","33,09425","32,98381","40012","174405","3688","563","572","9","0","120"
"2","SN-none-ss","instance_30_25_5_36","sorting-network","none","slot-service","OPTIMUM","31,96999","31,84171","52495","211809","3988","570","573","3","0","120"
"2","SN-none-ss","instance_30_25_5_37","sorting-network","none","slot-service","OPTIMUM","29,21703","29,10082","42423","188063","3867","541","544","3","0","120"
"2","SN-none-ss","instance_30_25_5_38","sorting-network","none","slot-service","OPTIMUM","36,34962","36,23651","40625","171566","3633","566","570","4","0","120"
"2","SN-none-ss","instance_30_25_5_39","sorting-network","none","slot-service","OPTIMUM","57,04378","56,91074","45921","226494","3956","585","585","0","0","120"
"2","SN-none-ss","instance_30_25_5_4","sorting-network","none","slot-service","OPTIMUM","24,97778","24,84993","43572","192664","4041","583","585","2","0","120"
"2","SN-none-ss","instance_30_25_5_40","sorting-network","none","slot-service","OPTIMUM","29,51511","29,40165","41644","180362","3868","585","585","0","0","120"
"2","SN-none-ss","instance_30_25_5_41","sorting-network","none","slot-service","OPTIMUM","27,95918","27,84354","41346","181413","3945","584","585","1","0","120"
"2","SN-none-ss","instance_30_25_5_42","sorting-network","none","slot-service","OPTIMUM","26,49689","26,37306","42335","205752","3791","588","588","0","0","120"
"2","SN-none-ss","instance_30_25_5_43","sorting-network","none","slot-service","OPTIMUM","24,47035","24,36106","37763","171972","3849","530","538","8","0","120"
"2","SN-none-ss","instance_30_25_5_44","sorting-network","none","slot-service","OPTIMUM","31,09861","30,99916","34060","144242","3583","525","538","13","0","120"
"2","SN-none-ss","instance_30_25_5_45","sorting-network","none","slot-service","OPTIMUM","39,41161","39,29587","43600","184625","3828","572","574","2","0","120"
"2","SN-none-ss","instance_30_25_5_46","sorting-network","none","slot-service","OPTIMUM","54,8965","54,7651","50002","227108","4115","570","573","3","0","120"
"2","SN-none-ss","instance_30_25_5_47","sorting-network","none","slot-service","OPTIMUM","29,95393","29,84928","39512","165778","3983","575","576","1","0","120"
"2","SN-none-ss","instance_30_25_5_48","sorting-network","none","slot-service","OPTIMUM","32,44012","32,3352","38450","154087","3671","565","567","2","0","120"
"2","SN-none-ss","instance_30_25_5_49","sorting-network","none","slot-service","OPTIMUM","65,30638","65,17552","48250","227224","3934","578","580","2","0","120"
"2","SN-none-ss","instance_30_25_5_5","sorting-network","none","slot-service","OPTIMUM","22,13012","22,00146","46420","203497","3929","574","577","3","0","120"
"2","SN-none-ss","instance_30_25_5_50","sorting-network","none","slot-service","OPTIMUM","35,82837","35,70844","47336","191357","3799","573","575","2","0","120"
"2","SN-none-ss","instance_30_25_5_6","sorting-network","none","slot-service","OPTIMUM","34,51235","34,37695","46973","234480","4254","588","589","1","0","120"
"2","SN-none-ss","instance_30_25_5_7","sorting-network","none","slot-service","OPTIMUM","51,25026","51,11405","50045","222158","3818","573","581","8","0","120"
"2","SN-none-ss","instance_30_25_5_8","sorting-network","none","slot-service","OPTIMUM","41,71813","41,55077","57344","266563","4428","585","587","2","0","120"
"2","SN-none-ss","instance_30_25_5_9","sorting-network","none","slot-service","OPTIMUM","44,15266","44,03895","40645","174523","3815","590","591","1","0","120"
"2","SN-none-ss","instance_40_10_4_1","sorting-network","none","slot-service","OPTIMUM","34,592","34,53418","25683","96611","2006","563","567","4","0","120"
"2","SN-none-ss","instance_40_10_4_10","sorting-network","none","slot-service","UNSATISFIABLE","0,076815","0","0","0","0","","","","","120"
"2","SN-none-ss","instance_40_10_4_11","sorting-network","none","slot-service","TIMEOUT","300,1128","0","0","0","0","","","","","120"
"2","SN-none-ss","instance_40_10_4_12","sorting-network","none","slot-service","UNSATISFIABLE","0,049634","0","0","0","0","","","","","120"
"2","SN-none-ss","instance_40_10_4_13","sorting-network","none","slot-service","UNSATISFIABLE","0,079638","0","0","0","0","","","","","120"
"2","SN-none-ss","instance_40_10_4_14","sorting-network","none","slot-service","UNSATISFIABLE","0,189466","0","0","0","0","","","","","120"
"2","SN-none-ss","instance_40_10_4_15","sorting-network","none","slot-service","UNSATISFIABLE","0,117717","0","0","0","0","","","","","120"
"2","SN-none-ss","instance_40_10_4_16","sorting-network","none","slot-service","OPTIMUM","26,3604","26,30544","24081","92695","1866","569","577","8","0","120"
"2","SN-none-ss","instance_40_10_4_17","sorting-network","none","slot-service","OPTIMUM","15,18382","15,12451","25846","103776","2036","580","580","0","0","120"
"2","SN-none-ss","instance_40_10_4_18","sorting-network","none","slot-service","UNSATISFIABLE","0,054016","0","0","0","0","","","","","120"
"2","SN-none-ss","instance_40_10_4_19","sorting-network","none","slot-service","OPTIMUM","34,93114","34,87564","24157","87874","2091","548","558","10","0","120"
"2","SN-none-ss","instance_40_10_4_2","sorting-network","none","slot-service","TIMEOUT","300,117","0","0","0","0","","","","","120"
"2","SN-none-ss","instance_40_10_4_20","sorting-network","none","slot-service","UNSATISFIABLE","0,081569","0","0","0","0","","","","","120"
"2","SN-none-ss","instance_40_10_4_21","sorting-network","none","slot-service","OPTIMUM","25,23885","25,18519","24463","89229","1901","557","561","4","0","120"
"2","SN-none-ss","instance_40_10_4_22","sorting-network","none","slot-service","OPTIMUM","29,85533","29,80697","20026","70285","1809","553","555","2","0","120"
"2","SN-none-ss","instance_40_10_4_23","sorting-network","none","slot-service","UNSATISFIABLE","0,115107","0","0","0","0","","","","","120"
"2","SN-none-ss","instance_40_10_4_24","sorting-network","none","slot-service","OPTIMUM","38,85316","38,76986","32506","132150","2072","580","588","8","0","120"
"2","SN-none-ss","instance_40_10_4_25","sorting-network","none","slot-service","UNSATISFIABLE","0,079802","0","0","0","0","","","","","120"
"2","SN-none-ss","instance_40_10_4_26","sorting-network","none","slot-service","UNSATISFIABLE","0,052337","0","0","0","0","","","","","120"
"2","SN-none-ss","instance_40_10_4_27","sorting-network","none","slot-service","UNSATISFIABLE","0,068623","0","0","0","0","","","","","120"
"2","SN-none-ss","instance_40_10_4_28","sorting-network","none","slot-service","TIMEOUT","300,1156","0","0","0","0","","","","","120"
"2","SN-none-ss","instance_40_10_4_29","sorting-network","none","slot-service","TIMEOUT","300,1091","0","0","0","0","","","","","120"
"2","SN-none-ss","instance_40_10_4_3","sorting-network","none","slot-service","OPTIMUM","18,92955","18,87432","23393","80885","1871","486","495","9","0","120"
"2","SN-none-ss","instance_40_10_4_30","sorting-network","none","slot-service","OPTIMUM","26,06419","26,00481","27006","100164","2025","498","504","6","0","120"
"2","SN-none-ss","instance_40_10_4_31","sorting-network","none","slot-service","TIMEOUT","300,1072","0","0","0","0","","","","","120"
"2","SN-none-ss","instance_40_10_4_32","sorting-network","none","slot-service","OPTIMUM","176,3221","176,2639","24281","88378","1845","533","540","4","3","120"
"2","SN-none-ss","instance_40_10_4_33","sorting-network","none","slot-service","UNSATISFIABLE","0,082478","0","0","0","0","","","","","120"
"2","SN-none-ss","instance_40_10_4_34","sorting-network","none","slot-service","UNSATISFIABLE","0,071514","0","0","0","0","","","","","120"
"2","SN-none-ss","instance_40_10_4_35","sorting-network","none","slot-service","UNSATISFIABLE","0,143632","0","0","0","0","","","","","120"
"2","SN-none-ss","instance_40_10_4_36","sorting-network","none","slot-service","OPTIMUM","41,26427","41,19194","34991","127095","2152","556","561","5","0","120"
"2","SN-none-ss","instance_40_10_4_37","sorting-network","none","slot-service","UNSATISFIABLE","0,115192","0","0","0","0","","","","","120"
"2","SN-none-ss","instance_40_10_4_38","sorting-network","none","slot-service","OPTIMUM","34,23039","34,16967","26989","98620","1919","547","557","10","0","120"
"2","SN-none-ss","instance_40_10_4_39","sorting-network","none","slot-service","UNSATISFIABLE","0,068903","0","0","0","0","","","","","120"
"2","SN-none-ss","instance_40_10_4_4","sorting-network","none","slot-service","UNSATISFIABLE","0,19725","0","0","0","0","","","","","120"
"2","SN-none-ss","instance_40_10_4_40","sorting-network","none","slot-service","OPTIMUM","37,67943","37,64379","14520","53299","1780","544","548","2","2","120"
"2","SN-none-ss","instance_40_10_4_41","sorting-network","none","slot-service","UNSATISFIABLE","0,054896","0","0","0","0","","","","","120"
"2","SN-none-ss","instance_40_10_4_42","sorting-network","none","slot-service","UNSATISFIABLE","0,078869","0","0","0","0","","","","","120"
"2","SN-none-ss","instance_40_10_4_43","sorting-network","none","slot-service","UNSATISFIABLE","0,084964","0","0","0","0","","","","","120"
"2","SN-none-ss","instance_40_10_4_44","sorting-network","none","slot-service","UNSATISFIABLE","0,07811","0","0","0","0","","","","","120"
"2","SN-none-ss","instance_40_10_4_45","sorting-network","none","slot-service","UNSATISFIABLE","0,081368","0","0","0","0","","","","","120"
"2","SN-none-ss","instance_40_10_4_46","sorting-network","none","slot-service","OPTIMUM","74,80132","74,74488","24022","91341","2003","557","561","4","0","120"
"2","SN-none-ss","instance_40_10_4_47","sorting-network","none","slot-service","UNSATISFIABLE","0,084211","0","0","0","0","","","","","120"
"2","SN-none-ss","instance_40_10_4_48","sorting-network","none","slot-service","OPTIMUM","22,85292","22,79981","21401","82007","1900","571","574","3","0","120"
"2","SN-none-ss","instance_40_10_4_49","sorting-network","none","slot-service","UNSATISFIABLE","0,070684","0","0","0","0","","","","","120"
"2","SN-none-ss","instance_40_10_4_5","sorting-network","none","slot-service","UNSATISFIABLE","0,104787","0","0","0","0","","","","","120"
"2","SN-none-ss","instance_40_10_4_50","sorting-network","none","slot-service","UNSATISFIABLE","0,120065","0","0","0","0","","","","","120"
"2","SN-none-ss","instance_40_10_4_6","sorting-network","none","slot-service","OPTIMUM","29,65343","29,60017","23203","82056","1889","554","563","9","0","120"
"2","SN-none-ss","instance_40_10_4_7","sorting-network","none","slot-service","UNSATISFIABLE","0,084445","0","0","0","0","","","","","120"
"2","SN-none-ss","instance_40_10_4_8","sorting-network","none","slot-service","UNSATISFIABLE","0,055621","0","0","0","0","","","","","120"
"2","SN-none-ss","instance_40_10_4_9","sorting-network","none","slot-service","UNSATISFIABLE","0,069371","0","0","0","0","","","","","120"
"2","SN-none-ss","instance_40_10_5_1","sorting-network","none","slot-service","UNSATISFIABLE","0,204738","0","0","0","0","","","","","120"
"2","SN-none-ss","instance_40_10_5_10","sorting-network","none","slot-service","UNSATISFIABLE","0,079106","0","0","0","0","","","","","120"
"2","SN-none-ss","instance_40_10_5_11","sorting-network","none","slot-service","OPTIMUM","116,5286","116,4757","27988","99737","2114","609","621","12","0","120"
"2","SN-none-ss","instance_40_10_5_12","sorting-network","none","slot-service","TIMEOUT","300,1089","0","0","0","0","","","","","120"
"2","SN-none-ss","instance_40_10_5_13","sorting-network","none","slot-service","UNSATISFIABLE","0,093175","0","0","0","0","","","","","120"
"2","SN-none-ss","instance_40_10_5_14","sorting-network","none","slot-service","OPTIMUM","47,95656","47,89341","31890","121224","2276","663","671","8","0","120"
"2","SN-none-ss","instance_40_10_5_15","sorting-network","none","slot-service","UNSATISFIABLE","0,081091","0","0","0","0","","","","","120"
"2","SN-none-ss","instance_40_10_5_16","sorting-network","none","slot-service","UNSATISFIABLE","0,201782","0","0","0","0","","","","","120"
"2","SN-none-ss","instance_40_10_5_17","sorting-network","none","slot-service","OPTIMUM","27,21374","27,15515","29311","112871","2324","706","710","4","0","120"
"2","SN-none-ss","instance_40_10_5_18","sorting-network","none","slot-service","UNSATISFIABLE","0,0971","0","0","0","0","","","","","120"
"2","SN-none-ss","instance_40_10_5_19","sorting-network","none","slot-service","TIMEOUT","300,1151","0","0","0","0","","","","","120"
"2","SN-none-ss","instance_40_10_5_2","sorting-network","none","slot-service","OPTIMUM","69,71389","69,65292","32918","121455","2180","704","718","14","0","120"
"2","SN-none-ss","instance_40_10_5_20","sorting-network","none","slot-service","UNSATISFIABLE","0,061218","0","0","0","0","","","","","120"
"2","SN-none-ss","instance_40_10_5_21","sorting-network","none","slot-service","UNSATISFIABLE","0,094609","0","0","0","0","","","","","120"
"2","SN-none-ss","instance_40_10_5_22","sorting-network","none","slot-service","TIMEOUT","300,1182","0","0","0","0","","","","","120"
"2","SN-none-ss","instance_40_10_5_23","sorting-network","none","slot-service","UNSATISFIABLE","0,079184","0","0","0","0","","","","","120"
"2","SN-none-ss","instance_40_10_5_24","sorting-network","none","slot-service","UNSATISFIABLE","0,177372","0","0","0","0","","","","","120"
"2","SN-none-ss","instance_40_10_5_25","sorting-network","none","slot-service","UNSATISFIABLE","0,073565","0","0","0","0","","","","","120"
"2","SN-none-ss","instance_40_10_5_26","sorting-network","none","slot-service","UNSATISFIABLE","0,231725","0","0","0","0","","","","","120"
"2","SN-none-ss","instance_40_10_5_27","sorting-network","none","slot-service","UNSATISFIABLE","0,115244","0","0","0","0","","","","","120"
"2","SN-none-ss","instance_40_10_5_28","sorting-network","none","slot-service","TIMEOUT","300,1152","0","0","0","0","","","","","120"
"2","SN-none-ss","instance_40_10_5_29","sorting-network","none","slot-service","OPTIMUM","44,98662","44,92325","29010","115398","2387","698","701","3","0","120"
"2","SN-none-ss","instance_40_10_5_3","sorting-network","none","slot-service","UNSATISFIABLE","0,231266","0","0","0","0","","","","","120"
"2","SN-none-ss","instance_40_10_5_30","sorting-network","none","slot-service","UNSATISFIABLE","0,062887","0","0","0","0","","","","","120"
"2","SN-none-ss","instance_40_10_5_31","sorting-network","none","slot-service","UNSATISFIABLE","0,080569","0","0","0","0","","","","","120"
"2","SN-none-ss","instance_40_10_5_32","sorting-network","none","slot-service","OPTIMUM","31,60429","31,54996","25940","103775","2311","699","701","2","0","120"
"2","SN-none-ss","instance_40_10_5_33","sorting-network","none","slot-service","UNSATISFIABLE","0,083685","0","0","0","0","","","","","120"
"2","SN-none-ss","instance_40_10_5_34","sorting-network","none","slot-service","UNSATISFIABLE","1,387933","0","0","0","0","","","","","120"
"2","SN-none-ss","instance_40_10_5_35","sorting-network","none","slot-service","UNSATISFIABLE","0,080165","0","0","0","0","","","","","120"
"2","SN-none-ss","instance_40_10_5_36","sorting-network","none","slot-service","UNSATISFIABLE","0,244047","0","0","0","0","","","","","120"
"2","SN-none-ss","instance_40_10_5_37","sorting-network","none","slot-service","UNSATISFIABLE","0,078788","0","0","0","0","","","","","120"
"2","SN-none-ss","instance_40_10_5_38","sorting-network","none","slot-service","UNSATISFIABLE","0,075261","0","0","0","0","","","","","120"
"2","SN-none-ss","instance_40_10_5_39","sorting-network","none","slot-service","OPTIMUM","90,54078","90,48415","28499","104711","2189","691","697","6","0","120"
"2","SN-none-ss","instance_40_10_5_4","sorting-network","none","slot-service","UNSATISFIABLE","0,074278","0","0","0","0","","","","","120"
"2","SN-none-ss","instance_40_10_5_40","sorting-network","none","slot-service","UNSATISFIABLE","0,108049","0","0","0","0","","","","","120"
"2","SN-none-ss","instance_40_10_5_41","sorting-network","none","slot-service","UNSATISFIABLE","0,677203","0","0","0","0","","","","","120"
"2","SN-none-ss","instance_40_10_5_42","sorting-network","none","slot-service","UNSATISFIABLE","0,062632","0","0","0","0","","","","","120"
"2","SN-none-ss","instance_40_10_5_43","sorting-network","none","slot-service","UNSATISFIABLE","0,076289","0","0","0","0","","","","","120"
"2","SN-none-ss","instance_40_10_5_44","sorting-network","none","slot-service","OPTIMUM","51,18737","51,13288","29102","100114","2059","634","647","13","0","120"
"2","SN-none-ss","instance_40_10_5_45","sorting-network","none","slot-service","TIMEOUT","300,1088","0","0","0","0","","","","","120"
"2","SN-none-ss","instance_40_10_5_46","sorting-network","none","slot-service","UNSATISFIABLE","0,079539","0","0","0","0","","","","","120"
"2","SN-none-ss","instance_40_10_5_47","sorting-network","none","slot-service","UNSATISFIABLE","0,093816","0","0","0","0","","","","","120"
"2","SN-none-ss","instance_40_10_5_48","sorting-network","none","slot-service","UNSATISFIABLE","0,137108","0","0","0","0","","","","","120"
"2","SN-none-ss","instance_40_10_5_49","sorting-network","none","slot-service","TIMEOUT","300,1127","0","0","0","0","","","","","120"
"2","SN-none-ss","instance_40_10_5_5","sorting-network","none","slot-service","TIMEOUT","300,1133","0","0","0","0","","","","","120"
"2","SN-none-ss","instance_40_10_5_50","sorting-network","none","slot-service","UNSATISFIABLE","0,081419","0","0","0","0","","","","","120"
"2","SN-none-ss","instance_40_10_5_6","sorting-network","none","slot-service","TIMEOUT","300,118","0","0","0","0","","","","","120"
"2","SN-none-ss","instance_40_10_5_7","sorting-network","none","slot-service","OPTIMUM","61,89554","61,83309","31614","122651","2328","695","701","6","0","120"
"2","SN-none-ss","instance_40_10_5_8","sorting-network","none","slot-service","UNSATISFIABLE","0,075899","0","0","0","0","","","","","120"
"2","SN-none-ss","instance_40_10_5_9","sorting-network","none","slot-service","UNSATISFIABLE","0,155099","0","0","0","0","","","","","120"
"2","SN-none-ss","instance_40_15_4_1","sorting-network","none","slot-service","OPTIMUM","19,32599","19,25245","30536","119414","2764","591","593","2","0","120"
"2","SN-none-ss","instance_40_15_4_10","sorting-network","none","slot-service","OPTIMUM","66,72166","66,665","20232","78662","2323","522","524","2","0","120"
"2","SN-none-ss","instance_40_15_4_11","sorting-network","none","slot-service","TIMEOUT","300,1214","0","0","0","0","","","","","120"
"2","SN-none-ss","instance_40_15_4_12","sorting-network","none","slot-service","UNSATISFIABLE","0,302478","0","0","0","0","","","","","120"
"2","SN-none-ss","instance_40_15_4_13","sorting-network","none","slot-service","UNSATISFIABLE","0,113778","0","0","0","0","","","","","120"
"2","SN-none-ss","instance_40_15_4_14","sorting-network","none","slot-service","OPTIMUM","36,75221","36,67513","31652","123518","2599","566","575","9","0","120"
"2","SN-none-ss","instance_40_15_4_15","sorting-network","none","slot-service","UNSATISFIABLE","0,101307","0","0","0","0","","","","","120"
"2","SN-none-ss","instance_40_15_4_16","sorting-network","none","slot-service","UNSATISFIABLE","0,250354","0","0","0","0","","","","","120"
"2","SN-none-ss","instance_40_15_4_17","sorting-network","none","slot-service","OPTIMUM","41,75052","41,65274","35772","138908","2860","519","529","10","0","120"
"2","SN-none-ss","instance_40_15_4_18","sorting-network","none","slot-service","OPTIMUM","36,20605","36,11169","34164","135620","2777","595","600","5","0","120"
"2","SN-none-ss","instance_40_15_4_19","sorting-network","none","slot-service","OPTIMUM","21,83325","21,76146","32802","117179","2816","585","589","4","0","120"
"2","SN-none-ss","instance_40_15_4_2","sorting-network","none","slot-service","TIMEOUT","300,118","0","0","0","0","","","","","120"
"2","SN-none-ss","instance_40_15_4_20","sorting-network","none","slot-service","OPTIMUM","24,41898","24,32593","33956","135521","2667","580","580","0","0","120"
"2","SN-none-ss","instance_40_15_4_21","sorting-network","none","slot-service","OPTIMUM","30,97814","30,9063","29250","104659","2665","535","548","13","0","120"
"2","SN-none-ss","instance_40_15_4_22","sorting-network","none","slot-service","OPTIMUM","50,63259","50,52955","42918","171899","2874","590","593","3","0","120"
"2","SN-none-ss","instance_40_15_4_23","sorting-network","none","slot-service","OPTIMUM","44,80556","44,74049","27480","95105","2600","553","559","6","0","120"
"2","SN-none-ss","instance_40_15_4_24","sorting-network","none","slot-service","OPTIMUM","32,64229","32,57137","28266","109119","2655","580","586","6","0","120"
"2","SN-none-ss","instance_40_15_4_25","sorting-network","none","slot-service","OPTIMUM","27,982","27,8856","34364","142090","2815","604","606","2","0","120"
"2","SN-none-ss","instance_40_15_4_26","sorting-network","none","slot-service","OPTIMUM","3,990526","3,931302","23263","84952","2516","593","595","2","0","120"
"2","SN-none-ss","instance_40_15_4_27","sorting-network","none","slot-service","UNSATISFIABLE","0,11532","0","0","0","0","","","","","120"
"2","SN-none-ss","instance_40_15_4_28","sorting-network","none","slot-service","OPTIMUM","32,91948","32,84949","29236","112376","2524","595","598","3","0","120"
"2","SN-none-ss","instance_40_15_4_29","sorting-network","none","slot-service","UNSATISFIABLE","0,107341","0","0","0","0","","","","","120"
"2","SN-none-ss","instance_40_15_4_3","sorting-network","none","slot-service","UNSATISFIABLE","0,07606","0","0","0","0","","","","","120"
"2","SN-none-ss","instance_40_15_4_30","sorting-network","none","slot-service","OPTIMUM","48,37405","48,30565","28434","112759","2639","532","534","2","0","120"
"2","SN-none-ss","instance_40_15_4_31","sorting-network","none","slot-service","OPTIMUM","29,81483","29,7346","33112","129187","2862","564","573","9","0","120"
"2","SN-none-ss","instance_40_15_4_32","sorting-network","none","slot-service","OPTIMUM","29,73428","29,65869","30526","122981","2788","591","592","1","0","120"
"2","SN-none-ss","instance_40_15_4_33","sorting-network","none","slot-service","UNSATISFIABLE","0,249023","0","0","0","0","","","","","120"
"2","SN-none-ss","instance_40_15_4_34","sorting-network","none","slot-service","OPTIMUM","28,25708","28,19466","23563","87582","2371","544","553","9","0","120"
"2","SN-none-ss","instance_40_15_4_35","sorting-network","none","slot-service","OPTIMUM","29,84191","29,7766","26496","95545","2601","554","565","11","0","120"
"2","SN-none-ss","instance_40_15_4_36","sorting-network","none","slot-service","OPTIMUM","39,43162","39,35647","30947","115442","2646","536","551","15","0","120"
"2","SN-none-ss","instance_40_15_4_37","sorting-network","none","slot-service","UNSATISFIABLE","0,234742","0","0","0","0","","","","","120"
"2","SN-none-ss","instance_40_15_4_38","sorting-network","none","slot-service","OPTIMUM","42,16793","42,07963","33747","133298","2833","564","566","2","0","120"
"2","SN-none-ss","instance_40_15_4_39","sorting-network","none","slot-service","OPTIMUM","27,33452","27,22215","42703","181097","2921","601","607","6","0","120"
"2","SN-none-ss","instance_40_15_4_4","sorting-network","none","slot-service","OPTIMUM","26,3427","26,27001","29798","111803","2745","538","550","12","0","120"
"2","SN-none-ss","instance_40_15_4_40","sorting-network","none","slot-service","OPTIMUM","25,07158","24,99347","31217","124714","2748","599","600","1","0","120"
"2","SN-none-ss","instance_40_15_4_41","sorting-network","none","slot-service","UNSATISFIABLE","0,12224","0","0","0","0","","","","","120"
"2","SN-none-ss","instance_40_15_4_42","sorting-network","none","slot-service","UNSATISFIABLE","0,110694","0","0","0","0","","","","","120"
"2","SN-none-ss","instance_40_15_4_43","sorting-network","none","slot-service","OPTIMUM","31,65854","31,58974","28384","118379","2609","566","572","6","0","120"
"2","SN-none-ss","instance_40_15_4_44","sorting-network","none","slot-service","OPTIMUM","40,11613","40,04402","31668","110818","2801","536","550","14","0","120"
"2","SN-none-ss","instance_40_15_4_45","sorting-network","none","slot-service","OPTIMUM","30,87947","30,80744","30972","117364","2684","584","590","6","0","120"
"2","SN-none-ss","instance_40_15_4_46","sorting-network","none","slot-service","OPTIMUM","28,91336","28,81507","38590","151211","2918","605","609","4","0","120"
"2","SN-none-ss","instance_40_15_4_47","sorting-network","none","slot-service","OPTIMUM","39,82443","39,75804","30411","106898","2667","571","580","9","0","120"
"2","SN-none-ss","instance_40_15_4_48","sorting-network","none","slot-service","OPTIMUM","32,92937","32,82706","39380","164592","2967","571","577","6","0","120"
"2","SN-none-ss","instance_40_15_4_49","sorting-network","none","slot-service","OPTIMUM","27,6761","27,57083","41328","162852","2907","582","587","5","0","120"
"2","SN-none-ss","instance_40_15_4_5","sorting-network","none","slot-service","OPTIMUM","29,59033","29,52333","26074","101818","2538","547","563","13","3","120"
"2","SN-none-ss","instance_40_15_4_50","sorting-network","none","slot-service","OPTIMUM","35,07107","35,00589","26176","98485","2535","585","592","7","0","120"
"2","SN-none-ss","instance_40_15_4_6","sorting-network","none","slot-service","OPTIMUM","30,97216","30,91276","23304","83225","2515","550","559","9","0","120"
"2","SN-none-ss","instance_40_15_4_7","sorting-network","none","slot-service","OPTIMUM","41,79357","41,69731","37242","141292","2902","572","584","12","0","120"
"2","SN-none-ss","instance_40_15_4_8","sorting-network","none","slot-service","OPTIMUM","32,07618","32,01796","21515","79658","2422","496","508","12","0","120"
"2","SN-none-ss","instance_40_15_4_9","sorting-network","none","slot-service","OPTIMUM","79,8574","79,76502","33082","135753","2683","590","592","2","0","120"
"2","SN-none-ss","instance_40_15_5_1","sorting-network","none","slot-service","OPTIMUM","270,6468","270,5521","46350","193132","3457","751","755","4","0","120"
"2","SN-none-ss","instance_40_15_5_10","sorting-network","none","slot-service","OPTIMUM","26,62773","26,53797","42592","165779","3198","724","733","9","0","120"
"2","SN-none-ss","instance_40_15_5_11","sorting-network","none","slot-service","OPTIMUM","47,90016","47,81385","45287","170007","3247","695","705","10","0","120"
"2","SN-none-ss","instance_40_15_5_12","sorting-network","none","slot-service","OPTIMUM","98,28083","98,18124","47422","204328","3350","773","774","1","0","120"
"2","SN-none-ss","instance_40_15_5_13","sorting-network","none","slot-service","UNSATISFIABLE","0,528585","0","0","0","0","","","","","120"
"2","SN-none-ss","instance_40_15_5_14","sorting-network","none","slot-service","OPTIMUM","73,76867","73,6713","47859","188094","3227","711","722","11","0","120"
"2","SN-none-ss","instance_40_15_5_15","sorting-network","none","slot-service","OPTIMUM","54,62331","54,52062","54369","209837","3438","736","744","8","0","120"
"2","SN-none-ss","instance_40_15_5_16","sorting-network","none","slot-service","TIMEOUT","300,1175","0","0","0","0","","","","","120"
"2","SN-none-ss","instance_40_15_5_17","sorting-network","none","slot-service","TIMEOUT","300,1131","0","0","0","0","","","","","120"
"2","SN-none-ss","instance_40_15_5_18","sorting-network","none","slot-service","OPTIMUM","69,30788","69,22805","37365","140991","3134","685","692","7","0","120"
"2","SN-none-ss","instance_40_15_5_19","sorting-network","none","slot-service","UNSATISFIABLE","0,186725","0","0","0","0","","","","","120"
"2","SN-none-ss","instance_40_15_5_2","sorting-network","none","slot-service","OPTIMUM","67,30993","67,23336","36970","131196","3038","714","728","14","0","120"
"2","SN-none-ss","instance_40_15_5_20","sorting-network","none","slot-service","OPTIMUM","56,35858","56,2763","38020","144705","3176","703","713","10","0","120"
"2","SN-none-ss","instance_40_15_5_21","sorting-network","none","slot-service","OPTIMUM","50,21627","50,11581","50471","204909","3399","732","739","7","0","120"
"2","SN-none-ss","instance_40_15_5_22","sorting-network","none","slot-service","UNSATISFIABLE","0,111122","0","0","0","0","","","","","120"
"2","SN-none-ss","instance_40_15_5_23","sorting-network","none","slot-service","OPTIMUM","26,04381","25,98184","32696","124492","2884","717","721","4","0","120"
"2","SN-none-ss","instance_40_15_5_24","sorting-network","none","slot-service","OPTIMUM","110,7028","110,6166","39542","157485","3010","723","734","11","0","120"
"2","SN-none-ss","instance_40_15_5_25","sorting-network","none","slot-service","UNSATISFIABLE","0,138498","0","0","0","0","","","","","120"
"2","SN-none-ss","instance_40_15_5_26","sorting-network","none","slot-service","OPTIMUM","48,95869","48,87737","44012","160321","3105","710","720","10","0","120"
"2","SN-none-ss","instance_40_15_5_27","sorting-network","none","slot-service","OPTIMUM","55,7173","55,65556","34890","118405","3072","640","658","18","0","120"
"2","SN-none-ss","instance_40_15_5_28","sorting-network","none","slot-service","OPTIMUM","22,48709","22,40815","38532","146697","3477","749","754","5","0","120"
"2","SN-none-ss","instance_40_15_5_29","sorting-network","none","slot-service","UNSATISFIABLE","0,236307","0","0","0","0","","","","","120"
"2","SN-none-ss","instance_40_15_5_3","sorting-network","none","slot-service","OPTIMUM","52,83922","52,74204","47638","199102","3639","745","749","4","0","120"
"2","SN-none-ss","instance_40_15_5_30","sorting-network","none","slot-service","OPTIMUM","44,8626","44,75552","52908","221889","3294","706","713","7","0","120"
"2","SN-none-ss","instance_40_15_5_31","sorting-network","none","slot-service","OPTIMUM","49,41964","49,33344","43523","163484","3383","717","728","11","0","120"
"2","SN-none-ss","instance_40_15_5_32","sorting-network","none","slot-service","UNSATISFIABLE","0,150032","0","0","0","0","","","","","120"
"2","SN-none-ss","instance_40_15_5_33","sorting-network","none","slot-service","OPTIMUM","92,57487","92,50767","32910","123667","2925","676","683","7","0","120"
"2","SN-none-ss","instance_40_15_5_34","sorting-network","none","slot-service","TIMEOUT","300,1224","0","0","0","0","","","","","120"
"2","SN-none-ss","instance_40_15_5_35","sorting-network","none","slot-service","OPTIMUM","32,0494","31,95598","40731","179019","3325","743","747","4","0","120"
"2","SN-none-ss","instance_40_15_5_36","sorting-network","none","slot-service","UNSATISFIABLE","0,36782","0","0","0","0","","","","","120"
"2","SN-none-ss","instance_40_15_5_37","sorting-network","none","slot-service","UNSATISFIABLE","0,348829","0","0","0","0","","","","","120"
"2","SN-none-ss","instance_40_15_5_38","sorting-network","none","slot-service","UNSATISFIABLE","0,098288","0","0","0","0","","","","","120"
"2","SN-none-ss","instance_40_15_5_39","sorting-network","none","slot-service","OPTIMUM","49,52636","49,43872","44019","173229","3368","700","706","6","0","120"
"2","SN-none-ss","instance_40_15_5_4","sorting-network","none","slot-service","OPTIMUM","41,92202","41,83078","44532","175942","3409","728","734","6","0","120"
"2","SN-none-ss","instance_40_15_5_40","sorting-network","none","slot-service","OPTIMUM","40,6759","40,58763","41932","151092","3214","696","712","16","0","120"
"2","SN-none-ss","instance_40_15_5_41","sorting-network","none","slot-service","OPTIMUM","25,40003","25,31289","42338","167769","3259","744","745","1","0","120"
"2","SN-none-ss","instance_40_15_5_42","sorting-network","none","slot-service","OPTIMUM","40,72174","40,66316","30494","109342","2907","685","693","8","0","120"
"2","SN-none-ss","instance_40_15_5_43","sorting-network","none","slot-service","OPTIMUM","85,06873","84,97223","50087","203405","3276","746","751","5","0","120"
"2","SN-none-ss","instance_40_15_5_44","sorting-network","none","slot-service","UNSATISFIABLE","0,764854","0","0","0","0","","","","","120"
"2","SN-none-ss","instance_40_15_5_45","sorting-network","none","slot-service","OPTIMUM","98,67608","98,59237","40830","147936","3047","716","724","8","0","120"
"2","SN-none-ss","instance_40_15_5_46","sorting-network","none","slot-service","OPTIMUM","40,23531","40,1573","36489","134475","3123","649","660","11","0","120"
"2","SN-none-ss","instance_40_15_5_47","sorting-network","none","slot-service","OPTIMUM","46,91215","46,82488","43709","157450","3162","656","663","7","0","120"
"2","SN-none-ss","instance_40_15_5_48","sorting-network","none","slot-service","OPTIMUM","52,70445","52,62493","36937","135159","2972","660","673","13","0","120"
"2","SN-none-ss","instance_40_15_5_49","sorting-network","none","slot-service","UNSATISFIABLE","0,119085","0","0","0","0","","","","","120"
"2","SN-none-ss","instance_40_15_5_5","sorting-network","none","slot-service","UNSATISFIABLE","0,301472","0","0","0","0","","","","","120"
"2","SN-none-ss","instance_40_15_5_50","sorting-network","none","slot-service","OPTIMUM","51,88861","51,80559","40122","156076","3021","701","707","6","0","120"
"2","SN-none-ss","instance_40_15_5_6","sorting-network","none","slot-service","UNSATISFIABLE","0,510727","0","0","0","0","","","","","120"
"2","SN-none-ss","instance_40_15_5_7","sorting-network","none","slot-service","OPTIMUM","113,4519","113,3461","54432","216151","3396","757","762","5","0","120"
"2","SN-none-ss","instance_40_15_5_8","sorting-network","none","slot-service","OPTIMUM","38,9389","38,85684","39331","145984","3259","694","703","9","0","120"
"2","SN-none-ss","instance_40_15_5_9","sorting-network","none","slot-service","TIMEOUT","300,1174","0","0","0","0","","","","","120"
"2","SN-none-ss","instance_40_20_4_1","sorting-network","none","slot-service","OPTIMUM","51,47621","51,36649","44934","184098","3637","585","594","9","0","120"
"2","SN-none-ss","instance_40_20_4_10","sorting-network","none","slot-service","OPTIMUM","34,50621","34,41336","37162","152492","3475","603","606","3","0","120"
"2","SN-none-ss","instance_40_20_4_11","sorting-network","none","slot-service","OPTIMUM","18,51212","18,39865","49266","200301","3746","590","594","4","0","120"
"2","SN-none-ss","instance_40_20_4_12","sorting-network","none","slot-service","OPTIMUM","32,76098","32,65861","41155","173322","3640","600","603","3","0","120"
"2","SN-none-ss","instance_40_20_4_13","sorting-network","none","slot-service","OPTIMUM","33,93038","33,82453","40519","173705","3579","609","613","4","0","120"
"2","SN-none-ss","instance_40_20_4_14","sorting-network","none","slot-service","OPTIMUM","33,61739","33,49921","47079","209352","3795","618","619","1","0","120"
"2","SN-none-ss","instance_40_20_4_15","sorting-network","none","slot-service","OPTIMUM","53,88638","53,77183","46843","199847","3686","611","615","4","0","120"
"2","SN-none-ss","instance_40_20_4_16","sorting-network","none","slot-service","OPTIMUM","38,07691","37,95406","48956","220159","3668","599","600","1","0","120"
"2","SN-none-ss","instance_40_20_4_17","sorting-network","none","slot-service","OPTIMUM","17,96338","17,87232","33186","146241","3529","622","623","1","0","120"
"2","SN-none-ss","instance_40_20_4_18","sorting-network","none","slot-service","OPTIMUM","21,73784","21,65004","34692","138314","3597","573","576","3","0","120"
"2","SN-none-ss","instance_40_20_4_19","sorting-network","none","slot-service","OPTIMUM","34,44653","34,34951","39950","162207","3498","605","606","1","0","120"
"2","SN-none-ss","instance_40_20_4_2","sorting-network","none","slot-service","OPTIMUM","25,6059","25,50851","40439","165073","3609","595","600","5","0","120"
"2","SN-none-ss","instance_40_20_4_20","sorting-network","none","slot-service","OPTIMUM","17,63797","17,53109","42103","168711","3742","580","588","8","0","120"
"2","SN-none-ss","instance_40_20_4_21","sorting-network","none","slot-service","OPTIMUM","29,6882","29,59172","41123","154309","3392","585","593","8","0","120"
"2","SN-none-ss","instance_40_20_4_22","sorting-network","none","slot-service","OPTIMUM","37,93552","37,83929","36757","159394","3445","582","586","4","0","120"
"2","SN-none-ss","instance_40_20_4_23","sorting-network","none","slot-service","OPTIMUM","80,38339","80,28368","41749","160646","3580","574","581","7","0","120"
"2","SN-none-ss","instance_40_20_4_24","sorting-network","none","slot-service","OPTIMUM","36,92206","36,80986","42373","196055","3720","617","620","3","0","120"
"2","SN-none-ss","instance_40_20_4_25","sorting-network","none","slot-service","OPTIMUM","55,93931","55,82729","46999","193450","3751","604","609","5","0","120"
"2","SN-none-ss","instance_40_20_4_26","sorting-network","none","slot-service","OPTIMUM","25,38381","25,31191","30652","115971","3279","573","579","6","0","120"
"2","SN-none-ss","instance_40_20_4_27","sorting-network","none","slot-service","OPTIMUM","19,89044","19,80496","30931","135159","3366","578","584","6","0","120"
"2","SN-none-ss","instance_40_20_4_28","sorting-network","none","slot-service","UNSATISFIABLE","0,157964","0","0","0","0","","","","","120"
"2","SN-none-ss","instance_40_20_4_29","sorting-network","none","slot-service","OPTIMUM","20,6957","20,58271","43951","198535","3691","623","625","2","0","120"
"2","SN-none-ss","instance_40_20_4_3","sorting-network","none","slot-service","OPTIMUM","37,67356","37,56272","43923","187747","3512","585","592","7","0","120"
"2","SN-none-ss","instance_40_20_4_30","sorting-network","none","slot-service","OPTIMUM","28,52058","28,42928","34189","138073","3261","599","604","5","0","120"
"2","SN-none-ss","instance_40_20_4_31","sorting-network","none","slot-service","OPTIMUM","23,87","23,78342","33697","131497","3563","609","612","3","0","120"
"2","SN-none-ss","instance_40_20_4_32","sorting-network","none","slot-service","OPTIMUM","34,85354","34,74637","46110","187339","3743","613","617","4","0","120"
"2","SN-none-ss","instance_40_20_4_33","sorting-network","none","slot-service","OPTIMUM","20,06827","19,96558","39843","171373","3719","579","580","1","0","120"
"2","SN-none-ss","instance_40_20_4_34","sorting-network","none","slot-service","OPTIMUM","38,96091","38,85863","44918","162006","3671","581","589","8","0","120"
"2","SN-none-ss","instance_40_20_4_35","sorting-network","none","slot-service","OPTIMUM","49,40157","49,28798","44856","201541","3745","618","619","1","0","120"
"2","SN-none-ss","instance_40_20_4_36","sorting-network","none","slot-service","OPTIMUM","57,42851","57,32668","42785","164585","3583","563","573","10","0","120"
"2","SN-none-ss","instance_40_20_4_37","sorting-network","none","slot-service","TIMEOUT","300,1186","0","0","0","0","","","","","120"
"2","SN-none-ss","instance_40_20_4_38","sorting-network","none","slot-service","OPTIMUM","31,04569","30,94341","37047","163931","3595","605","608","3","0","120"
"2","SN-none-ss","instance_40_20_4_39","sorting-network","none","slot-service","OPTIMUM","46,68598","46,58779","38030","162719","3371","608","610","2","0","120"
"2","SN-none-ss","instance_40_20_4_4","sorting-network","none","slot-service","OPTIMUM","19,22312","19,15564","26914","103721","3273","588","594","6","0","120"
"2","SN-none-ss","instance_40_20_4_40","sorting-network","none","slot-service","OPTIMUM","44,00757","43,89979","42581","188332","3504","619","619","0","0","120"
"2","SN-none-ss","instance_40_20_4_41","sorting-network","none","slot-service","OPTIMUM","37,02309","36,91023","47913","195987","4001","618","622","4","0","120"
"2","SN-none-ss","instance_40_20_4_42","sorting-network","none","slot-service","OPTIMUM","36,39377","36,30148","37866","140931","3496","605","608","3","0","120"
"2","SN-none-ss","instance_40_20_4_43","sorting-network","none","slot-service","OPTIMUM","21,6231","21,51561","41480","185922","3771","614","615","1","0","120"
"2","SN-none-ss","instance_40_20_4_44","sorting-network","none","slot-service","OPTIMUM","46,46137","46,33811","51215","231112","3799","602","604","2","0","120"
"2","SN-none-ss","instance_40_20_4_45","sorting-network","none","slot-service","OPTIMUM","43,98646","43,87871","42845","177424","3528","605","608","3","0","120"
"2","SN-none-ss","instance_40_20_4_46","sorting-network","none","slot-service","OPTIMUM","39,4151","39,32009","38710","153173","3551","584","586","2","0","120"
"2","SN-none-ss","instance_40_20_4_47","sorting-network","none","slot-service","OPTIMUM","67,20915","67,14135","25215","106098","3173","560","569","9","0","120"
"2","SN-none-ss","instance_40_20_4_48","sorting-network","none","slot-service","OPTIMUM","53,56074","53,46651","35639","146186","3626","577","584","7","0","120"
"2","SN-none-ss","instance_40_20_4_49","sorting-network","none","slot-service","OPTIMUM","37,42323","37,3001","54484","234279","3750","613","618","5","0","120"
"2","SN-none-ss","instance_40_20_4_5","sorting-network","none","slot-service","OPTIMUM","45,18033","45,05653","45302","215365","3745","607","611","4","0","120"
"2","SN-none-ss","instance_40_20_4_50","sorting-network","none","slot-service","OPTIMUM","36,38589","36,27807","44913","185636","3713","598","602","4","0","120"
"2","SN-none-ss","instance_40_20_4_6","sorting-network","none","slot-service","OPTIMUM","25,28662","25,17713","41302","182970","3578","615","618","3","0","120"
"2","SN-none-ss","instance_40_20_4_7","sorting-network","none","slot-service","OPTIMUM","28,77072","28,683","37011","143289","3464","607","611","4","0","120"
"2","SN-none-ss","instance_40_20_4_8","sorting-network","none","slot-service","OPTIMUM","38,27759","38,18169","39773","159891","3385","606","607","1","0","120"
"2","SN-none-ss","instance_40_20_4_9","sorting-network","none","slot-service","OPTIMUM","30,10819","29,99579","42821","177724","3631","619","619","0","0","120"
"2","SN-none-ss","instance_40_20_5_1","sorting-network","none","slot-service","TIMEOUT","300,1242","0","0","0","0","","","","","120"
"2","SN-none-ss","instance_40_20_5_10","sorting-network","none","slot-service","OPTIMUM","24,80457","24,71365","43268","170685","4081","716","724","8","0","120"
"2","SN-none-ss","instance_40_20_5_11","sorting-network","none","slot-service","OPTIMUM","37,57726","37,46693","56570","220897","4143","734","738","4","0","120"
"2","SN-none-ss","instance_40_20_5_12","sorting-network","none","slot-service","OPTIMUM","67,52856","67,42166","57845","219125","4408","724","734","10","0","120"
"2","SN-none-ss","instance_40_20_5_13","sorting-network","none","slot-service","OPTIMUM","44,18812","44,07765","56070","222795","4312","763","767","4","0","120"
"2","SN-none-ss","instance_40_20_5_14","sorting-network","none","slot-service","OPTIMUM","62,43198","62,3139","56616","251205","4541","772","772","0","0","120"
"2","SN-none-ss","instance_40_20_5_15","sorting-network","none","slot-service","OPTIMUM","29,46786","29,37191","43108","177496","4109","745","751","6","0","120"
"2","SN-none-ss","instance_40_20_5_16","sorting-network","none","slot-service","OPTIMUM","22,91745","22,81909","44386","182880","4090","745","749","4","0","120"
"2","SN-none-ss","instance_40_20_5_17","sorting-network","none","slot-service","OPTIMUM","67,35688","67,20913","68687","288962","4329","737","745","8","0","120"
"2","SN-none-ss","instance_40_20_5_18","sorting-network","none","slot-service","OPTIMUM","49,51411","49,42495","40810","164303","4143","758","761","3","0","120"
"2","SN-none-ss","instance_40_20_5_19","sorting-network","none","slot-service","OPTIMUM","42,86101","42,71285","69321","268358","4519","753","758","5","0","120"
"2","SN-none-ss","instance_40_20_5_2","sorting-network","none","slot-service","OPTIMUM","66,06466","65,95243","60509","232936","4418","751","761","10","0","120"
"2","SN-none-ss","instance_40_20_5_20","sorting-network","none","slot-service","OPTIMUM","46,35559","46,24388","54234","224032","4106","776","779","3","0","120"
"2","SN-none-ss","instance_40_20_5_21","sorting-network","none","slot-service","OPTIMUM","42,54959","42,4022","57200","279895","4406","761","762","1","0","120"
"2","SN-none-ss","instance_40_20_5_22","sorting-network","none","slot-service","OPTIMUM","54,00726","53,88951","56622","243213","4476","758","766","8","0","120"
"2","SN-none-ss","instance_40_20_5_23","sorting-network","none","slot-service","OPTIMUM","51,11713","51,0067","55915","221171","4458","766","771","5","0","120"
"2","SN-none-ss","instance_40_20_5_24","sorting-network","none","slot-service","OPTIMUM","61,22131","61,11796","50136","200260","4104","740","748","8","0","120"
"2","SN-none-ss","instance_40_20_5_25","sorting-network","none","slot-service","TIMEOUT","300,1212","0","0","0","0","","","","","120"
"2","SN-none-ss","instance_40_20_5_26","sorting-network","none","slot-service","OPTIMUM","61,94729","61,80272","63084","270520","4250","772","772","0","0","120"
"2","SN-none-ss","instance_40_20_5_27","sorting-network","none","slot-service","OPTIMUM","50,37195","50,28932","36642","147026","3661","689","700","11","0","120"
"2","SN-none-ss","instance_40_20_5_28","sorting-network","none","slot-service","OPTIMUM","30,1845","30,07055","55385","240277","4072","743","747","4","0","120"
"2","SN-none-ss","instance_40_20_5_29","sorting-network","none","slot-service","OPTIMUM","57,29331","57,17881","62238","238969","4314","734","746","12","0","120"
"2","SN-none-ss","instance_40_20_5_3","sorting-network","none","slot-service","OPTIMUM","62,40566","62,31048","44207","183408","4027","757","758","1","0","120"
"2","SN-none-ss","instance_40_20_5_30","sorting-network","none","slot-service","OPTIMUM","53,20085","53,09375","51513","218357","4400","755","758","3","0","120"
"2","SN-none-ss","instance_40_20_5_31","sorting-network","none","slot-service","OPTIMUM","28,22279","28,11531","51224","215687","4153","737","741","4","0","120"
"2","SN-none-ss","instance_40_20_5_32","sorting-network","none","slot-service","UNSATISFIABLE","0,396229","0","0","0","0","","","","","120"
"2","SN-none-ss","instance_40_20_5_33","sorting-network","none","slot-service","OPTIMUM","71,11866","70,96732","67036","287180","4331","769","774","5","0","120"
"2","SN-none-ss","instance_40_20_5_34","sorting-network","none","slot-service","TIMEOUT","300,1252","0","0","0","0","","","","","120"
"2","SN-none-ss","instance_40_20_5_35","sorting-network","none","slot-service","UNSATISFIABLE","0,529806","0","0","0","0","","","","","120"
"2","SN-none-ss","instance_40_20_5_36","sorting-network","none","slot-service","OPTIMUM","57,89571","57,79802","51729","194968","4267","722","731","9","0","120"
"2","SN-none-ss","instance_40_20_5_37","sorting-network","none","slot-service","OPTIMUM","52,16866","52,0574","57143","226222","4340","771","773","2","0","120"
"2","SN-none-ss","instance_40_20_5_38","sorting-network","none","slot-service","OPTIMUM","22,52185","22,41024","52292","239705","4283","764","765","1","0","120"
"2","SN-none-ss","instance_40_20_5_39","sorting-network","none","slot-service","OPTIMUM","44,22921","44,11891","54636","223143","4440","776","777","1","0","120"
"2","SN-none-ss","instance_40_20_5_4","sorting-network","none","slot-service","OPTIMUM","50,87476","50,76101","58507","229917","4315","723","733","10","0","120"
"2","SN-none-ss","instance_40_20_5_40","sorting-network","none","slot-service","OPTIMUM","67,98904","67,8766","57292","229554","4031","688","701","13","0","120"
"2","SN-none-ss","instance_40_20_5_41","sorting-network","none","slot-service","OPTIMUM","40,34346","40,23843","49876","207817","3938","723","735","12","0","120"
"2","SN-none-ss","instance_40_20_5_42","sorting-network","none","slot-service","OPTIMUM","66,20084","66,05486","59557","262161","4081","722","730","8","0","120"
"2","SN-none-ss","instance_40_20_5_43","sorting-network","none","slot-service","OPTIMUM","38,37724","38,2287","60954","278626","4425","756","758","2","0","120"
"2","SN-none-ss","instance_40_20_5_44","sorting-network","none","slot-service","OPTIMUM","57,15901","57,04888","59507","220721","4337","735","745","10","0","120"
"2","SN-none-ss","instance_40_20_5_45","sorting-network","none","slot-service","TIMEOUT","300,118","0","0","0","0","","","","","120"
"2","SN-none-ss","instance_40_20_5_46","sorting-network","none","slot-service","OPTIMUM","41,28539","41,18954","45199","178335","3956","741","753","12","0","120"
"2","SN-none-ss","instance_40_20_5_47","sorting-network","none","slot-service","OPTIMUM","54,03027","53,93361","48065","172700","3995","703","716","13","0","120"
"2","SN-none-ss","instance_40_20_5_48","sorting-network","none","slot-service","OPTIMUM","32,91803","32,79897","58469","247892","4374","767","774","7","0","120"
"2","SN-none-ss","instance_40_20_5_49","sorting-network","none","slot-service","OPTIMUM","85,87671","85,72789","65010","282442","4512","776","785","9","0","120"
"2","SN-none-ss","instance_40_20_5_5","sorting-network","none","slot-service","UNSATISFIABLE","22,58506","0","0","0","0","","","","","120"
"2","SN-none-ss","instance_40_20_5_50","sorting-network","none","slot-service","OPTIMUM","49,55588","49,46197","46147","180248","3989","729","739","10","0","120"
"2","SN-none-ss","instance_40_20_5_6","sorting-network","none","slot-service","OPTIMUM","62,96218","62,81139","67099","290972","4147","733","746","13","0","120"
"2","SN-none-ss","instance_40_20_5_7","sorting-network","none","slot-service","OPTIMUM","10,60634","10,50447","43992","204071","3865","754","758","4","0","120"
"2","SN-none-ss","instance_40_20_5_8","sorting-network","none","slot-service","OPTIMUM","46,83902","46,72207","54789","259036","4331","775","778","3","0","120"
"2","SN-none-ss","instance_40_20_5_9","sorting-network","none","slot-service","OPTIMUM","48,64357","48,55578","42079","155181","3847","707","722","15","0","120"
"2","SN-none-ss","instance_40_25_4_1","sorting-network","none","slot-service","OPTIMUM","61,77943","61,64247","53516","244306","4571","625","628","3","0","120"
"2","SN-none-ss","instance_40_25_4_10","sorting-network","none","slot-service","OPTIMUM","39,18903","39,06235","48071","216372","4264","606","613","7","0","120"
"2","SN-none-ss","instance_40_25_4_11","sorting-network","none","slot-service","OPTIMUM","37,18128","37,05205","48216","233868","4236","626","627","1","0","120"
"2","SN-none-ss","instance_40_25_4_12","sorting-network","none","slot-service","OPTIMUM","44,34597","44,217","49672","219963","4250","623","626","3","0","120"
"2","SN-none-ss","instance_40_25_4_13","sorting-network","none","slot-service","OPTIMUM","32,09817","31,98119","45890","192394","4511","623","625","2","0","120"
"2","SN-none-ss","instance_40_25_4_14","sorting-network","none","slot-service","OPTIMUM","47,45866","47,322","56926","249396","4509","617","618","1","0","120"
"2","SN-none-ss","instance_40_25_4_15","sorting-network","none","slot-service","OPTIMUM","97,31974","97,19417","51063","208162","4079","594","605","11","0","120"
"2","SN-none-ss","instance_40_25_4_16","sorting-network","none","slot-service","OPTIMUM","35,0934","34,96815","47568","213160","4434","587","588","1","0","120"
"2","SN-none-ss","instance_40_25_4_17","sorting-network","none","slot-service","OPTIMUM","54,96196","54,84082","48344","190476","4496","600","606","6","0","120"
"2","SN-none-ss","instance_40_25_4_18","sorting-network","none","slot-service","OPTIMUM","31,78538","31,66289","48991","209101","4565","600","602","2","0","120"
"2","SN-none-ss","instance_40_25_4_19","sorting-network","none","slot-service","OPTIMUM","53,24674","53,06806","65840","286942","4388","612","616","4","0","120"
"2","SN-none-ss","instance_40_25_4_2","sorting-network","none","slot-service","OPTIMUM","34,51588","34,39843","46302","194645","4402","590","597","7","0","120"
"2","SN-none-ss","instance_40_25_4_20","sorting-network","none","slot-service","OPTIMUM","40,26648","40,16321","38433","147505","3859","571","581","10","0","120"
"2","SN-none-ss","instance_40_25_4_21","sorting-network","none","slot-service","OPTIMUM","55,29235","55,15815","56684","232372","4682","609","616","7","0","120"
"2","SN-none-ss","instance_40_25_4_22","sorting-network","none","slot-service","OPTIMUM","35,72978","35,60761","46191","197274","4211","609","613","4","0","120"
"2","SN-none-ss","instance_40_25_4_23","sorting-network","none","slot-service","OPTIMUM","65,19136","65,05939","51536","221890","4463","613","619","6","0","120"
"2","SN-none-ss","instance_40_25_4_24","sorting-network","none","slot-service","OPTIMUM","53,47557","53,33664","57330","244414","4614","611","614","3","0","120"
"2","SN-none-ss","instance_40_25_4_25","sorting-network","none","slot-service","OPTIMUM","35,41039","35,2928","45814","191975","4356","620","623","3","0","120"
"2","SN-none-ss","instance_40_25_4_26","sorting-network","none","slot-service","OPTIMUM","39,50941","39,38328","48771","210468","4310","616","618","2","0","120"
"2","SN-none-ss","instance_40_25_4_27","sorting-network","none","slot-service","OPTIMUM","25,93442","25,81367","47436","194586","4312","586","596","10","0","120"
"2","SN-none-ss","instance_40_25_4_28","sorting-network","none","slot-service","OPTIMUM","50,83889","50,67032","60300","273761","4635","603","608","5","0","120"
"2","SN-none-ss","instance_40_25_4_29","sorting-network","none","slot-service","OPTIMUM","32,50954","32,37914","50306","218906","4468","617","620","3","0","120"
"2","SN-none-ss","instance_40_25_4_3","sorting-network","none","slot-service","OPTIMUM","38,17596","38,06448","40628","175026","4293","615","621","6","0","120"
"2","SN-none-ss","instance_40_25_4_30","sorting-network","none","slot-service","OPTIMUM","58,20613","58,04151","57166","271548","4853","629","630","1","0","120"
"2","SN-none-ss","instance_40_25_4_31","sorting-network","none","slot-service","OPTIMUM","26,59508","26,48148","41286","175120","4188","615","619","4","0","120"
"2","SN-none-ss","instance_40_25_4_32","sorting-network","none","slot-service","OPTIMUM","50,01538","49,83989","57373","264361","4397","619","620","1","0","120"
"2","SN-none-ss","instance_40_25_4_33","sorting-network","none","slot-service","OPTIMUM","43,58817","43,47012","43810","198665","4252","618","623","5","0","120"
"2","SN-none-ss","instance_40_25_4_34","sorting-network","none","slot-service","OPTIMUM","44,39214","44,27359","48242","196971","4428","613","619","6","0","120"
"2","SN-none-ss","instance_40_25_4_35","sorting-network","none","slot-service","OPTIMUM","50,72398","50,60031","45753","213863","4448","607","608","1","0","120"
"2","SN-none-ss","instance_40_25_4_36","sorting-network","none","slot-service","OPTIMUM","33,45622","33,31861","50288","240223","4706","627","629","2","0","120"
"2","SN-none-ss","instance_40_25_4_37","sorting-network","none","slot-service","OPTIMUM","49,27764","49,14869","49953","220444","4475","603","607","4","0","120"
"2","SN-none-ss","instance_40_25_4_38","sorting-network","none","slot-service","OPTIMUM","39,04921","38,92301","46937","217252","4295","613","613","0","0","120"
"2","SN-none-ss","instance_40_25_4_39","sorting-network","none","slot-service","OPTIMUM","69,16732","69,02418","53889","255998","4482","615","619","4","0","120"
"2","SN-none-ss","instance_40_25_4_4","sorting-network","none","slot-service","OPTIMUM","51,62181","51,50084","47734","204559","4294","623","626","3","0","120"
"2","SN-none-ss","instance_40_25_4_40","sorting-network","none","slot-service","OPTIMUM","44,13949","44,01593","49323","206690","4558","606","610","4","0","120"
"2","SN-none-ss","instance_40_25_4_41","sorting-network","none","slot-service","OPTIMUM","44,85528","44,67807","56415","281131","4325","626","627","1","0","120"
"2","SN-none-ss","instance_40_25_4_42","sorting-network","none","slot-service","OPTIMUM","44,84407","44,71012","51894","231202","4392","606","612","6","0","120"
"2","SN-none-ss","instance_40_25_4_43","sorting-network","none","slot-service","OPTIMUM","44,00369","43,85908","57667","255560","4639","612","614","2","0","120"
"2","SN-none-ss","instance_40_25_4_44","sorting-network","none","slot-service","OPTIMUM","41,03725","40,92232","44805","180481","4145","592","598","6","0","120"
"2","SN-none-ss","instance_40_25_4_45","sorting-network","none","slot-service","OPTIMUM","58,26938","58,13129","53392","246586","4514","624","624","0","0","120"
"2","SN-none-ss","instance_40_25_4_46","sorting-network","none","slot-service","OPTIMUM","43,99835","43,82859","57899","269810","4689","631","631","0","0","120"
"2","SN-none-ss","instance_40_25_4_47","sorting-network","none","slot-service","OPTIMUM","46,64512","46,50446","51187","257677","4274","567","569","2","0","120"
"2","SN-none-ss","instance_40_25_4_48","sorting-network","none","slot-service","OPTIMUM","48,26141","48,08356","59815","299058","4884","625","625","0","0","120"
"2","SN-none-ss","instance_40_25_4_49","sorting-network","none","slot-service","OPTIMUM","33,90859","33,79689","42810","177920","4348","615","619","4","0","120"
"2","SN-none-ss","instance_40_25_4_5","sorting-network","none","slot-service","OPTIMUM","39,62864","39,50693","46964","202614","4271","558","560","2","0","120"
"2","SN-none-ss","instance_40_25_4_50","sorting-network","none","slot-service","OPTIMUM","30,24652","30,11363","51781","231535","4600","618","620","2","0","120"
"2","SN-none-ss","instance_40_25_4_6","sorting-network","none","slot-service","OPTIMUM","28,92689","28,80252","48611","204595","4376","589","592","3","0","120"
"2","SN-none-ss","instance_40_25_4_7","sorting-network","none","slot-service","OPTIMUM","37,73044","37,59631","53071","234639","4631","614","616","2","0","120"
"2","SN-none-ss","instance_40_25_4_8","sorting-network","none","slot-service","OPTIMUM","34,31692","34,20912","37795","169166","4162","595","602","7","0","120"
"2","SN-none-ss","instance_40_25_4_9","sorting-network","none","slot-service","OPTIMUM","70,14737","70,00155","58486","261890","4343","602","607","5","0","120"
"2","SN-none-ss","instance_40_25_5_1","sorting-network","none","slot-service","OPTIMUM","35,97251","35,82664","60052","269633","5042","779","783","4","0","120"
"2","SN-none-ss","instance_40_25_5_10","sorting-network","none","slot-service","OPTIMUM","102,3175","102,1441","79088","357998","5579","772","776","4","0","120"
"2","SN-none-ss","instance_40_25_5_11","sorting-network","none","slot-service","OPTIMUM","44,50869","44,33822","71116","318736","5310","783","783","0","0","120"
"2","SN-none-ss","instance_40_25_5_12","sorting-network","none","slot-service","OPTIMUM","79,69506","79,537","69466","299657","5220","781","783","2","0","120"
"2","SN-none-ss","instance_40_25_5_13","sorting-network","none","slot-service","OPTIMUM","52,50467","52,34343","72241","308050","5572","784","787","3","0","120"
"2","SN-none-ss","instance_40_25_5_14","sorting-network","none","slot-service","OPTIMUM","70,88399","70,70937","83288","362930","5948","781","781","0","0","120"
"2","SN-none-ss","instance_40_25_5_15","sorting-network","none","slot-service","OPTIMUM","58,28483","58,13569","57938","276802","4880","715","719","4","0","120"
"2","SN-none-ss","instance_40_25_5_16","sorting-network","none","slot-service","OPTIMUM","62,8329","62,67665","69873","289530","5352","759","764","5","0","120"
"2","SN-none-ss","instance_40_25_5_17","sorting-network","none","slot-service","OPTIMUM","59,3313","59,17545","69117","295576","5422","745","751","6","0","120"
"2","SN-none-ss","instance_40_25_5_18","sorting-network","none","slot-service","OPTIMUM","80,47183","80,31406","69871","311138","5226","784","786","2","0","120"
"2","SN-none-ss","instance_40_25_5_19","sorting-network","none","slot-service","OPTIMUM","50,00978","49,90725","49086","190138","4888","734","742","8","0","120"
"2","SN-none-ss","instance_40_25_5_2","sorting-network","none","slot-service","OPTIMUM","41,15744","41,0064","66914","295091","5235","775","778","3","0","120"
"2","SN-none-ss","instance_40_25_5_20","sorting-network","none","slot-service","OPTIMUM","95,29269","95,1157","81054","351876","5198","767","772","5","0","120"
"2","SN-none-ss","instance_40_25_5_21","sorting-network","none","slot-service","OPTIMUM","58,01711","57,85831","62993","294356","5415","758","760","2","0","120"
"2","SN-none-ss","instance_40_25_5_22","sorting-network","none","slot-service","OPTIMUM","42,7441","42,62107","61938","245207","5001","761","768","7","0","120"
"2","SN-none-ss","instance_40_25_5_23","sorting-network","none","slot-service","OPTIMUM","74,49996","74,31592","89861","365152","5481","769","772","3","0","120"
"2","SN-none-ss","instance_40_25_5_24","sorting-network","none","slot-service","OPTIMUM","60,45107","60,3328","57793","229131","5145","738","749","11","0","120"
"2","SN-none-ss","instance_40_25_5_25","sorting-network","none","slot-service","OPTIMUM","50,30443","50,18125","63290","242798","5200","761","769","8","0","120"
"2","SN-none-ss","instance_40_25_5_26","sorting-network","none","slot-service","OPTIMUM","46,8869","46,72977","70394","306389","5441","776","777","1","0","120"
"2","SN-none-ss","instance_40_25_5_27","sorting-network","none","slot-service","OPTIMUM","62,06953","61,96235","54409","209924","5004","739","753","14","0","120"
"2","SN-none-ss","instance_40_25_5_28","sorting-network","none","slot-service","OPTIMUM","72,6592","72,50388","67956","289587","5379","742","749","7","0","120"
"2","SN-none-ss","instance_40_25_5_29","sorting-network","none","slot-service","OPTIMUM","54,80378","54,6773","60895","242321","5218","746","753","7","0","120"
"2","SN-none-ss","instance_40_25_5_3","sorting-network","none","slot-service","OPTIMUM","69,17713","69,01793","68548","309376","5253","722","733","11","0","120"
"2","SN-none-ss","instance_40_25_5_30","sorting-network","none","slot-service","OPTIMUM","82,53051","82,36305","73708","339188","5587","766","770","4","0","120"
"2","SN-none-ss","instance_40_25_5_31","sorting-network","none","slot-service","OPTIMUM","69,75198","69,57503","76569","359836","5579","788","790","2","0","120"
"2","SN-none-ss","instance_40_25_5_32","sorting-network","none","slot-service","OPTIMUM","95,49416","95,33335","69721","292040","5410","710","722","12","0","120"
"2","SN-none-ss","instance_40_25_5_33","sorting-network","none","slot-service","OPTIMUM","73,22783","73,11339","57519","225896","4849","769","774","5","0","120"
"2","SN-none-ss","instance_40_25_5_34","sorting-network","none","slot-service","OPTIMUM","70,44047","70,27258","75349","331101","5079","764","768","4","0","120"
"2","SN-none-ss","instance_40_25_5_35","sorting-network","none","slot-service","OPTIMUM","72,0765","71,9012","77853","320914","5297","748","756","8","0","120"
"2","SN-none-ss","instance_40_25_5_36","sorting-network","none","slot-service","OPTIMUM","29,2235","29,06966","63280","289484","5415","788","788","0","0","120"
"2","SN-none-ss","instance_40_25_5_37","sorting-network","none","slot-service","OPTIMUM","80,01968","79,87482","62122","267195","5149","750","753","3","0","120"
"2","SN-none-ss","instance_40_25_5_38","sorting-network","none","slot-service","OPTIMUM","72,81795","72,69278","66589","257409","5033","736","739","3","0","120"
"2","SN-none-ss","instance_40_25_5_39","sorting-network","none","slot-service","OPTIMUM","57,72685","57,60224","63851","255279","4961","738","748","10","0","120"
"2","SN-none-ss","instance_40_25_5_4","sorting-network","none","slot-service","OPTIMUM","45,92867","45,75607","82146","330083","5462","779","783","4","0","120"
"2","SN-none-ss","instance_40_25_5_40","sorting-network","none","slot-service","OPTIMUM","43,25848","43,10931","62742","267329","5335","769","774","5","0","120"
"2","SN-none-ss","instance_40_25_5_41","sorting-network","none","slot-service","OPTIMUM","52,71857","52,54682","78031","347728","5080","765","771","6","0","120"
"2","SN-none-ss","instance_40_25_5_42","sorting-network","none","slot-service","OPTIMUM","36,24884","36,1384","46390","208532","4778","739","746","7","0","120"
"2","SN-none-ss","instance_40_25_5_43","sorting-network","none","slot-service","OPTIMUM","95,30356","95,15819","62782","264903","4975","766","774","8","0","120"
"2","SN-none-ss","instance_40_25_5_44","sorting-network","none","slot-service","OPTIMUM","29,20369","29,04651","68788","307303","5141","783","785","2","0","120"
"2","SN-none-ss","instance_40_25_5_45","sorting-network","none","slot-service","OPTIMUM","68,57315","68,40551","77216","317118","5516","705","709","4","0","120"
"2","SN-none-ss","instance_40_25_5_46","sorting-network","none","slot-service","UNSATISFIABLE","0,282004","0","0","0","0","","","","","120"
"2","SN-none-ss","instance_40_25_5_47","sorting-network","none","slot-service","OPTIMUM","94,74388","94,57261","77613","351273","5386","782","784","2","0","120"
"2","SN-none-ss","instance_40_25_5_48","sorting-network","none","slot-service","OPTIMUM","48,43455","48,28376","60985","288966","5190","768","769","1","0","120"
"2","SN-none-ss","instance_40_25_5_49","sorting-network","none","slot-service","OPTIMUM","245,6555","245,5013","67568","284645","5205","720","736","16","0","120"
"2","SN-none-ss","instance_40_25_5_5","sorting-network","none","slot-service","OPTIMUM","66,3342","66,16045","80184","335387","5584","781","787","6","0","120"
"2","SN-none-ss","instance_40_25_5_50","sorting-network","none","slot-service","OPTIMUM","71,7088","71,52191","84825","383215","5582","786","790","4","0","120"
"2","SN-none-ss","instance_40_25_5_6","sorting-network","none","slot-service","OPTIMUM","59,89526","59,73316","72068","325934","5293","768","770","2","0","120"
"2","SN-none-ss","instance_40_25_5_7","sorting-network","none","slot-service","OPTIMUM","70,27091","70,10797","66009","322614","5107","784","785","1","0","120"
"2","SN-none-ss","instance_40_25_5_8","sorting-network","none","slot-service","OPTIMUM","62,00825","61,86275","63241","264726","5142","768","772","4","0","120"
"2","SN-none-ss","instance_40_25_5_9","sorting-network","none","slot-service","OPTIMUM","75,12058","74,97535","59504","277603","5254","775","776","1","0","120"