"cfg_id","label","instance_name","cardinality","ic","sb","status","elapsed_s","solve_s","variables","hard_clauses","soft_clauses","best_value","similarity","continuity","overtime","coverage"
"6","TOT-none-ss","instance_30_10_4_1","totalizer","none","slot-service","OPTIMUM","12,934","12,8976","6167","62343","1441","416","420","4","0","120"
"6","TOT-none-ss","instance_30_10_4_10","totalizer","none","slot-service","OPTIMUM","9,539493","9,504354","6342","59467","1399","403","409","6","0","120"
"6","TOT-none-ss","instance_30_10_4_11","totalizer","none","slot-service","OPTIMUM","17,52482","17,4904","6135","56471","1413","390","400","10","0","120"
"6","TOT-none-ss","instance_30_10_4_12","totalizer","none","slot-service","OPTIMUM","19,52969","19,49326","6469","64416","1360","387","395","8","0","120"
"6","TOT-none-ss","instance_30_10_4_13","totalizer","none","slot-service","UNSATISFIABLE","0,047069","0","0","0","0","","","","","120"
"6","TOT-none-ss","instance_30_10_4_14","totalizer","none","slot-service","UNSATISFIABLE","0,048252","0","0","0","0","","","","","120"
"6","TOT-none-ss","instance_30_10_4_15","totalizer","none","slot-service","UNSATISFIABLE","0,027732","0","0","0","0","","","","","120"
"6","TOT-none-ss","instance_30_10_4_16","totalizer","none","slot-service","OPTIMUM","11,9599","11,91498","6971","70082","1562","431","436","5","0","120"
"6","TOT-none-ss","instance_30_10_4_17","totalizer","none","slot-service","OPTIMUM","3,342739","3,314261","5208","41584","1291","400","402","2","0","120"
"6","TOT-none-ss","instance_30_10_4_18","totalizer","none","slot-service","OPTIMUM","6,756408","6,726407","5430","48777","1382","408","413","5","0","120"
"6","TOT-none-ss","instance_30_10_4_19","totalizer","none","slot-service","UNSATISFIABLE","0,067368","0","0","0","0","","","","","120"
"6","TOT-none-ss","instance_30_10_4_2","totalizer","none","slot-service","UNSATISFIABLE","0,065672","0","0","0","0","","","","","120"
"6","TOT-none-ss","instance_30_10_4_20","totalizer","none","slot-service","UNSATISFIABLE","0,048736","0","0","0","0","","","","","120"
"6","TOT-none-ss","instance_30_10_4_21","totalizer","none","slot-service","UNSATISFIABLE","0,068068","0","0","0","0","","","","","120"
"6","TOT-none-ss","instance_30_10_4_22","totalizer","none","slot-service","UNSATISFIABLE","0,052849","0","0","0","0","","","","","120"
"6","TOT-none-ss","instance_30_10_4_23","totalizer","none","slot-service","OPTIMUM","9,424246","9,387215","6676","65131","1499","379","381","2","0","120"
"6","TOT-none-ss","instance_30_10_4_24","totalizer","none","slot-service","OPTIMUM","5,439761","5,407189","5790","49932","1375","387","393","6","0","120"
"6","TOT-none-ss","instance_30_10_4_25","totalizer","none","slot-service","OPTIMUM","16,6511","16,60413","7237","75581","1435","444","446","2","0","120"
"6","TOT-none-ss","instance_30_10_4_26","totalizer","none","slot-service","UNSATISFIABLE","0,070563","0","0","0","0","","","","","120"
"6","TOT-none-ss","instance_30_10_4_27","totalizer","none","slot-service","OPTIMUM","14,11084","14,08035","5616","45152","1374","390","403","13","0","120"
"6","TOT-none-ss","instance_30_10_4_28","totalizer","none","slot-service","UNSATISFIABLE","0,0295","0","0","0","0","","","","","120"
"6","TOT-none-ss","instance_30_10_4_29","totalizer","none","slot-service","UNSATISFIABLE","0,050628","0","0","0","0","","","","","120"
"6","TOT-none-ss","instance_30_10_4_3","totalizer","none","slot-service","UNSATISFIABLE","0,048955","0","0","0","0","","","","","120"
"6","TOT-none-ss","instance_30_10_4_30","totalizer","none","slot-service","OPTIMUM","16,30359","16,25831","6832","67783","1482","396","405","9","0","120"
"6","TOT-none-ss","instance_30_10_4_31","totalizer","none","slot-service","OPTIMUM","9,126411","9,092807","5960","54262","1318","372","380","8","0","120"
"6","TOT-none-ss","instance_30_10_4_32","totalizer","none","slot-service","OPTIMUM","13,87352","13,83747","6106","61965","1493","423","424","1","0","120"
"6","TOT-none-ss","instance_30_10_4_33","totalizer","none","slot-service","OPTIMUM","12,20068","12,16344","6600","65499","1416","434","435","1","0","120"
"6","TOT-none-ss","instance_30_10_4_34","totalizer","none","slot-service","UNSATISFIABLE","0,052292","0","0","0","0","","","","","120"
"6","TOT-none-ss","instance_30_10_4_35","totalizer","none","slot-service","UNSATISFIABLE","0,047145","0","0","0","0","","","","","120"
"6","TOT-none-ss","instance_30_10_4_36","totalizer","none","slot-service","OPTIMUM","21,36968","21,31963","7285","78390","1497","401","406","5","0","120"
"6","TOT-none-ss","instance_30_10_4_37","totalizer","none","slot-service","OPTIMUM","13,79099","13,74702","6739","68080","1457","440","444","4","0","120"
"6","TOT-none-ss","instance_30_10_4_38","totalizer","none","slot-service","UNSATISFIABLE","0,052215","0","0","0","0","","","","","120"
"6","TOT-none-ss","instance_30_10_4_39","totalizer","none","slot-service","UNSATISFIABLE","0,049774","0","0","0","0","","","","","120"
"6","TOT-none-ss","instance_30_10_4_4","totalizer","none","slot-service","OPTIMUM","6,561971","6,526892","6351","61515","1419","427","430","3","0","120"
"6","TOT-none-ss","instance_30_10_4_40","totalizer","none","slot-service","UNSATISFIABLE","0,050575","0","0","0","0","","","","","120"
"6","TOT-none-ss","instance_30_10_4_41","totalizer","none","slot-service","OPTIMUM","7,584913","7,563614","4696","32554","1236","350","356","6","0","120"
"6","TOT-none-ss","instance_30_10_4_42","totalizer","none","slot-service","UNSATISFIABLE","0,053434","0","0","0","0","","","","","120"
"6","TOT-none-ss","instance_30_10_4_43","totalizer","none","slot-service","OPTIMUM","16,90691","16,861","6719","67467","1427","412","418","6","0","120"
"6","TOT-none-ss","instance_30_10_4_44","totalizer","none","slot-service","UNSATISFIABLE","0,069157","0","0","0","0","","","","","120"
"6","TOT-none-ss","instance_30_10_4_45","totalizer","none","slot-service","OPTIMUM","6,287104","6,253831","5910","53671","1363","365","371","6","0","120"
"6","TOT-none-ss","instance_30_10_4_46","totalizer","none","slot-service","UNSATISFIABLE","0,030478","0","0","0","0","","","","","120"
"6","TOT-none-ss","instance_30_10_4_47","totalizer","none","slot-service","OPTIMUM","5,436075","5,40701","5435","43001","1390","395","398","3","0","120"
"6","TOT-none-ss","instance_30_10_4_48","totalizer","none","slot-service","OPTIMUM","5,482611","5,457354","4782","34203","1309","375","377","2","0","120"
"6","TOT-none-ss","instance_30_10_4_49","totalizer","none","slot-service","UNSATISFIABLE","0,080995","0","0","0","0","","","","","120"
"6","TOT-none-ss","instance_30_10_4_5","totalizer","none","slot-service","OPTIMUM","11,95014","11,91807","5915","53322","1452","418","422","4","0","120"
"6","TOT-none-ss","instance_30_10_4_50","totalizer","none","slot-service","UNSATISFIABLE","0,052373","0","0","0","0","","","","","120"
"6","TOT-none-ss","instance_30_10_4_6","totalizer","none","slot-service","OPTIMUM","8,679181","8,642547","6119","65338","1451","388","389","1","0","120"
"6","TOT-none-ss","instance_30_10_4_7","totalizer","none","slot-service","UNSATISFIABLE","0,049892","0","0","0","0","","","","","120"
"6","TOT-none-ss","instance_30_10_4_8","totalizer","none","slot-service","OPTIMUM","26,41204","26,37726","6155","57976","1365","414","421","7","0","120"
"6","TOT-none-ss","instance_30_10_4_9","totalizer","none","slot-service","UNSATISFIABLE","0,050815","0","0","0","0","","","","","120"
"6","TOT-none-ss","instance_30_10_5_1","totalizer","none","slot-service","OPTIMUM","20,39415","20,34542","7152","65781","1608","496","500","4","0","120"
"6","TOT-none-ss","instance_30_10_5_10","totalizer","none","slot-service","OPTIMUM","18,2742","18,22257","7475","74758","1703","480","486","6","0","120"
"6","TOT-none-ss","instance_30_10_5_11","totalizer","none","slot-service","UNSATISFIABLE","0,055417","0","0","0","0","","","","","120"
"6","TOT-none-ss","instance_30_10_5_12","totalizer","none","slot-service","UNSATISFIABLE","0,081994","0","0","0","0","","","","","120"
"6","TOT-none-ss","instance_30_10_5_13","totalizer","none","slot-service","UNSATISFIABLE","0,122655","0","0","0","0","","","","","120"
"6","TOT-none-ss","instance_30_10_5_14","totalizer","none","slot-service","UNSATISFIABLE","0,149639","0","0","0","0","","","","","120"
"6","TOT-none-ss","instance_30_10_5_15","totalizer","none","slot-service","UNSATISFIABLE","0,134384","0","0","0","0","","","","","120"
"6","TOT-none-ss","instance_30_10_5_16","totalizer","none","slot-service","OPTIMUM","34,24882","34,18935","8284","102939","1637","489","499","10","0","120"
"6","TOT-none-ss","instance_30_10_5_17","totalizer","none","slot-service","OPTIMUM","34,1741","34,13315","6822","64022","1568","492","504","12","0","120"
"6","TOT-none-ss","instance_30_10_5_18","totalizer","none","slot-service","OPTIMUM","22,70312","22,64161","9023","103459","1770","519","523","4","0","120"
"6","TOT-none-ss","instance_30_10_5_19","totalizer","none","slot-service","UNSATISFIABLE","0,053005","0","0","0","0","","","","","120"
"6","TOT-none-ss","instance_30_10_5_2","totalizer","none","slot-service","UNSATISFIABLE","0,086562","0","0","0","0","","","","","120"
"6","TOT-none-ss","instance_30_10_5_20","totalizer","none","slot-service","UNSATISFIABLE","0,108819","0","0","0","0","","","","","120"
"6","TOT-none-ss","instance_30_10_5_21","totalizer","none","slot-service","UNSATISFIABLE","0,055829","0","0","0","0","","","","","120"
"6","TOT-none-ss","instance_30_10_5_22","totalizer","none","slot-service","OPTIMUM","20,10731","20,04926","8400","88892","1772","497","502","5","0","120"
"6","TOT-none-ss","instance_30_10_5_23","totalizer","none","slot-service","UNSATISFIABLE","0,052953","0","0","0","0","","","","","120"
"6","TOT-none-ss","instance_30_10_5_24","totalizer","none","slot-service","UNSATISFIABLE","0,076246","0","0","0","0","","","","","120"
"6","TOT-none-ss","instance_30_10_5_25","totalizer","none","slot-service","UNSATISFIABLE","0,087444","0","0","0","0","","","","","120"
"6","TOT-none-ss","instance_30_10_5_26","totalizer","none","slot-service","UNSATISFIABLE","0,052425","0","0","0","0","","","","","120"
"6","TOT-none-ss","instance_30_10_5_27","totalizer","none","slot-service","UNSATISFIABLE","0,084328","0","0","0","0","","","","","120"
"6","TOT-none-ss","instance_30_10_5_28","totalizer","none","slot-service","UNSATISFIABLE","0,052643","0","0","0","0","","","","","120"
"6","TOT-none-ss","instance_30_10_5_29","totalizer","none","slot-service","UNSATISFIABLE","0,051468","0","0","0","0","","","","","120"
"6","TOT-none-ss","instance_30_10_5_3","totalizer","none","slot-service","OPTIMUM","18,21733","18,15494","8565","101178","1670","479","487","8","0","120"
"6","TOT-none-ss","instance_30_10_5_30","totalizer","none","slot-service","UNSATISFIABLE","0,055363","0","0","0","0","","","","","120"
"6","TOT-none-ss","instance_30_10_5_31","totalizer","none","slot-service","OPTIMUM","18,4302","18,38934","6688","64475","1535","517","522","5","0","120"
"6","TOT-none-ss","instance_30_10_5_32","totalizer","none","slot-service","OPTIMUM","24,232","24,17474","8602","91349","1811","550","555","5","0","120"
"6","TOT-none-ss","instance_30_10_5_33","totalizer","none","slot-service","OPTIMUM","27,03494","26,94617","9779","133865","1881","553","554","1","0","120"
"6","TOT-none-ss","instance_30_10_5_34","totalizer","none","slot-service","OPTIMUM","27,97594","27,91854","8310","87351","1772","479","494","15","0","120"
"6","TOT-none-ss","instance_30_10_5_35","totalizer","none","slot-service","OPTIMUM","47,6817","47,63007","7789","75364","1737","499","506","5","2","120"
"6","TOT-none-ss","instance_30_10_5_36","totalizer","none","slot-service","OPTIMUM","32,69439","32,62817","9295","108515","1838","492","503","11","0","120"
"6","TOT-none-ss","instance_30_10_5_37","totalizer","none","slot-service","OPTIMUM","4,365193","4,333779","5732","44498","1495","494","495","1","0","120"
"6","TOT-none-ss","instance_30_10_5_38","totalizer","none","slot-service","OPTIMUM","33,2929","33,23844","7767","79438","1727","524","528","4","0","120"
"6","TOT-none-ss","instance_30_10_5_39","totalizer","none","slot-service","OPTIMUM","16,4817","16,42818","7785","79908","1757","522","524","2","0","120"
"6","TOT-none-ss","instance_30_10_5_4","totalizer","none","slot-service","UNSATISFIABLE","0,052258","0","0","0","0","","","","","120"
"6","TOT-none-ss","instance_30_10_5_40","totalizer","none","slot-service","UNSATISFIABLE","0,066762","0","0","0","0","","","","","120"
"6","TOT-none-ss","instance_30_10_5_41","totalizer","none","slot-service","UNSATISFIABLE","0,082909","0","0","0","0","","","","","120"
"6","TOT-none-ss","instance_30_10_5_42","totalizer","none","slot-service","OPTIMUM","29,29063","29,23368","8046","90693","1785","484","492","8","0","120"
"6","TOT-none-ss","instance_30_10_5_43","totalizer","none","slot-service","UNSATISFIABLE","0,051581","0","0","0","0","","","","","120"
"6","TOT-none-ss","instance_30_10_5_44","totalizer","none","slot-service","UNSATISFIABLE","0,143743","0","0","0","0","","","","","120"
"6","TOT-none-ss","instance_30_10_5_45","totalizer","none","slot-service","UNSATISFIABLE","0,05639","0","0","0","0","","","","","120"
"6","TOT-none-ss","instance_30_10_5_46","totalizer","none","slot-service","UNSATISFIABLE","0,047298","0","0","0","0","","","","","120"
"6","TOT-none-ss","instance_30_10_5_47","totalizer","none","slot-service","UNSATISFIABLE","0,048231","0","0","0","0","","","","","120"
"6","TOT-none-ss","instance_30_10_5_48","totalizer","none","slot-service","OPTIMUM","60,59761","60,55755","6841","63968","1619","483","491","8","0","120"
"6","TOT-none-ss","instance_30_10_5_49","totalizer","none","slot-service","TIMEOUT","300,1118","0","0","0","0","","","","","120"
"6","TOT-none-ss","instance_30_10_5_5","totalizer","none","slot-service","UNSATISFIABLE","0,069108","0","0","0","0","","","","","120"
"6","TOT-none-ss","instance_30_10_5_50","totalizer","none","slot-service","UNSATISFIABLE","0,068487","0","0","0","0","","","","","120"
"6","TOT-none-ss","instance_30_10_5_6","totalizer","none","slot-service","UNSATISFIABLE","0,053895","0","0","0","0","","","","","120"
"6","TOT-none-ss","instance_30_10_5_7","totalizer","none","slot-service","UNSATISFIABLE","0,083704","0","0","0","0","","","","","120"
"6","TOT-none-ss","instance_30_10_5_8","totalizer","none","slot-service","OPTIMUM","10,50305","10,44784","7612","79936","1637","536","537","1","0","120"
"6","TOT-none-ss","instance_30_10_5_9","totalizer","none","slot-service","OPTIMUM","31,91729","31,87658","6577","63105","1426","481","492","11","0","120"
"6","TOT-none-ss","instance_30_15_4_1","totalizer","none","slot-service","OPTIMUM","15,08576","15,023","9590","100499","2189","443","448","5","0","120"
"6","TOT-none-ss","instance_30_15_4_10","totalizer","none","slot-service","OPTIMUM","7,353668","7,298923","8588","80232","2088","418","426","8","0","120"
"6","TOT-none-ss","instance_30_15_4_11","totalizer","none","slot-service","OPTIMUM","57,76078","57,71136","7489","68071","1814","410","412","2","0","120"
"6","TOT-none-ss","instance_30_15_4_12","totalizer","none","slot-service","OPTIMUM","12,33611","12,28296","8182","77220","1970","440","443","3","0","120"
"6","TOT-none-ss","instance_30_15_4_13","totalizer","none","slot-service","OPTIMUM","10,4551","10,41697","6617","55035","1728","383","389","6","0","120"
"6","TOT-none-ss","instance_30_15_4_14","totalizer","none","slot-service","OPTIMUM","13,9791","13,9245","8291","80770","2034","412","422","10","0","120"
"6","TOT-none-ss","instance_30_15_4_15","totalizer","none","slot-service","OPTIMUM","15,44494","15,38321","9325","97790","2095","448","451","3","0","120"
"6","TOT-none-ss","instance_30_15_4_16","totalizer","none","slot-service","OPTIMUM","9,409768","9,372669","6814","53330","1901","399","400","1","0","120"
"6","TOT-none-ss","instance_30_15_4_17","totalizer","none","slot-service","OPTIMUM","9,906758","9,853573","8078","79246","2046","422","427","5","0","120"
"6","TOT-none-ss","instance_30_15_4_18","totalizer","none","slot-service","OPTIMUM","23,30887","23,23999","10299","120104","2186","458","463","5","0","120"
"6","TOT-none-ss","instance_30_15_4_19","totalizer","none","slot-service","OPTIMUM","3,869041","3,818976","7437","67302","1815","416","424","8","0","120"
"6","TOT-none-ss","instance_30_15_4_2","totalizer","none","slot-service","OPTIMUM","7,229414","7,195615","6054","42891","1847","374","378","4","0","120"
"6","TOT-none-ss","instance_30_15_4_20","totalizer","none","slot-service","OPTIMUM","5,499774","5,46243","7024","53839","1998","428","434","6","0","120"
"6","TOT-none-ss","instance_30_15_4_21","totalizer","none","slot-service","UNSATISFIABLE","0,071183","0","0","0","0","","","","","120"
"6","TOT-none-ss","instance_30_15_4_22","totalizer","none","slot-service","OPTIMUM","0,835187","0,785736","7478","67463","1889","428","435","7","0","120"
"6","TOT-none-ss","instance_30_15_4_23","totalizer","none","slot-service","OPTIMUM","14,24624","14,1834","9575","102394","2117","438","445","7","0","120"
"6","TOT-none-ss","instance_30_15_4_24","totalizer","none","slot-service","OPTIMUM","16,12437","16,06554","9085","94239","2136","447","449","2","0","120"
"6","TOT-none-ss","instance_30_15_4_25","totalizer","none","slot-service","OPTIMUM","7,171448","7,12","7983","71403","2013","408","411","3","0","120"
"6","TOT-none-ss","instance_30_15_4_26","totalizer","none","slot-service","OPTIMUM","10,32168","10,2658","8707","82723","2081","437","442","5","0","120"
"6","TOT-none-ss","instance_30_15_4_27","totalizer","none","slot-service","OPTIMUM","6,791225","6,738057","8059","76425","2004","410","415","5","0","120"
"6","TOT-none-ss","instance_30_15_4_28","totalizer","none","slot-service","OPTIMUM","23,38229","23,32554","8403","85933","1980","421","427","6","0","120"
"6","TOT-none-ss","instance_30_15_4_29","totalizer","none","slot-service","OPTIMUM","7,771248","7,734433","6201","47501","1741","405","409","4","0","120"
"6","TOT-none-ss","instance_30_15_4_3","totalizer","none","slot-service","OPTIMUM","16,23424","16,17551","8632","96181","2089","438","442","4","0","120"
"6","TOT-none-ss","instance_30_15_4_30","totalizer","none","slot-service","OPTIMUM","23,09404","23,03232","9069","95341","2120","437","442","5","0","120"
"6","TOT-none-ss","instance_30_15_4_31","totalizer","none","slot-service","OPTIMUM","16,16778","16,10782","9285","97089","2095","412","418","6","0","120"
"6","TOT-none-ss","instance_30_15_4_32","totalizer","none","slot-service","OPTIMUM","17,33285","17,27786","8283","84831","1995","387","389","2","0","120"
"6","TOT-none-ss","instance_30_15_4_33","totalizer","none","slot-service","OPTIMUM","19,37477","19,31571","9061","91533","2127","435","438","3","0","120"
"6","TOT-none-ss","instance_30_15_4_34","totalizer","none","slot-service","OPTIMUM","15,21724","15,16047","8385","90037","2078","399","400","1","0","120"
"6","TOT-none-ss","instance_30_15_4_35","totalizer","none","slot-service","UNSATISFIABLE","0,096173","0","0","0","0","","","","","120"
"6","TOT-none-ss","instance_30_15_4_36","totalizer","none","slot-service","OPTIMUM","8,977068","8,921644","8551","84598","1952","433","437","4","0","120"
"6","TOT-none-ss","instance_30_15_4_37","totalizer","none","slot-service","OPTIMUM","19,2206","19,16783","8099","75011","2075","427","431","4","0","120"
"6","TOT-none-ss","instance_30_15_4_38","totalizer","none","slot-service","OPTIMUM","9,808186","9,756778","7725","72479","1928","402","405","3","0","120"
"6","TOT-none-ss","instance_30_15_4_39","totalizer","none","slot-service","OPTIMUM","12,56027","12,50355","8706","91778","2104","447","450","3","0","120"
"6","TOT-none-ss","instance_30_15_4_4","totalizer","none","slot-service","OPTIMUM","27,51207","27,44691","9704","105583","2259","451","453","2","0","120"
"6","TOT-none-ss","instance_30_15_4_40","totalizer","none","slot-service","OPTIMUM","6,91733","6,863965","7723","81683","1913","450","450","0","0","120"
"6","TOT-none-ss","instance_30_15_4_41","totalizer","none","slot-service","OPTIMUM","13,70019","13,62956","10561","127935","2293","443","443","0","0","120"
"6","TOT-none-ss","instance_30_15_4_42","totalizer","none","slot-service","OPTIMUM","28,29423","28,22937","9853","108208","2228","437","441","4","0","120"
"6","TOT-none-ss","instance_30_15_4_43","totalizer","none","slot-service","OPTIMUM","24,71305","24,65459","8707","93588","2007","423","429","6","0","120"
"6","TOT-none-ss","instance_30_15_4_44","totalizer","none","slot-service","UNSATISFIABLE","0,077133","0","0","0","0","","","","","120"
"6","TOT-none-ss","instance_30_15_4_45","totalizer","none","slot-service","OPTIMUM","13,22903","13,16941","9159","103870","2171","422","425","3","0","120"
"6","TOT-none-ss","instance_30_15_4_46","totalizer","none","slot-service","OPTIMUM","14,03527","13,97324","9157","99344","2083","450","452","2","0","120"
"6","TOT-none-ss","instance_30_15_4_47","totalizer","none","slot-service","OPTIMUM","23,42713","23,37411","8119","76093","2054","428","432","4","0","120"
"6","TOT-none-ss","instance_30_15_4_48","totalizer","none","slot-service","OPTIMUM","15,21762","15,16446","8321","77474","1979","431","434","3","0","120"
"6","TOT-none-ss","instance_30_15_4_49","totalizer","none","slot-service","OPTIMUM","19,35466","19,29735","8769","87006","1997","436","442","6","0","120"
"6","TOT-none-ss","instance_30_15_4_5","totalizer","none","slot-service","OPTIMUM","16,70213","16,64605","7866","77556","1863","421","429","8","0","120"
"6","TOT-none-ss","instance_30_15_4_50","totalizer","none","slot-service","OPTIMUM","4,467814","4,424282","7459","64794","1841","404","415","11","0","120"
"6","TOT-none-ss","instance_30_15_4_6","totalizer","none","slot-service","OPTIMUM","8,486476","8,448591","7016","55354","1949","441","446","5","0","120"
"6","TOT-none-ss","instance_30_15_4_7","totalizer","none","slot-service","UNSATISFIABLE","0,103741","0","0","0","0","","","","","120"
"6","TOT-none-ss","instance_30_15_4_8","totalizer","none","slot-service","UNSATISFIABLE","0,096528","0","0","0","0","","","","","120"
"6","TOT-none-ss","instance_30_15_4_9","totalizer","none","slot-service","OPTIMUM","10,62705","10,57852","7049","66797","1844","402","409","7","0","120"
"6","TOT-none-ss","instance_30_15_5_1","totalizer","none","slot-service","OPTIMUM","26,95268","26,85049","12768","164777","2654","551","555","4","0","120"
"6","TOT-none-ss","instance_30_15_5_10","totalizer","none","slot-service","UNSATISFIABLE","0,144162","0","0","0","0","","","","","120"
"6","TOT-none-ss","instance_30_15_5_11","totalizer","none","slot-service","OPTIMUM","31,88011","31,80713","10986","123372","2458","540","549","9","0","120"
"6","TOT-none-ss","instance_30_15_5_12","totalizer","none","slot-service","OPTIMUM","35,28472","35,1748","13704","186304","2724","570","572","2","0","120"
"6","TOT-none-ss","instance_30_15_5_13","totalizer","none","slot-service","OPTIMUM","19,0679","18,96974","11567","149827","2479","561","570","9","0","120"
"6","TOT-none-ss","instance_30_15_5_14","totalizer","none","slot-service","OPTIMUM","26,75724","26,68688","10188","116274","2379","534","544","10","0","120"
"6","TOT-none-ss","instance_30_15_5_15","totalizer","none","slot-service","OPTIMUM","26,56239","26,46524","11988","157736","2570","546","547","1","0","120"
"6","TOT-none-ss","instance_30_15_5_16","totalizer","none","slot-service","OPTIMUM","35,59822","35,52062","11588","130487","2439","480","493","13","0","120"
"6","TOT-none-ss","instance_30_15_5_17","totalizer","none","slot-service","OPTIMUM","8,402198","8,342175","9039","96395","2281","548","551","3","0","120"
"6","TOT-none-ss","instance_30_15_5_18","totalizer","none","slot-service","OPTIMUM","25,1234","25,051","10188","109440","2331","528","530","2","0","120"
"6","TOT-none-ss","instance_30_15_5_19","totalizer","none","slot-service","OPTIMUM","41,15316","41,0567","12292","150592","2619","530","535","5","0","120"
"6","TOT-none-ss","instance_30_15_5_2","totalizer","none","slot-service","OPTIMUM","23,8867","23,78997","11981","149819","2356","554","556","2","0","120"
"6","TOT-none-ss","instance_30_15_5_20","totalizer","none","slot-service","UNSATISFIABLE","0,209323","0","0","0","0","","","","","120"
"6","TOT-none-ss","instance_30_15_5_21","totalizer","none","slot-service","OPTIMUM","43,37429","43,29733","11343","130051","2476","511","515","4","0","120"
"6","TOT-none-ss","instance_30_15_5_22","totalizer","none","slot-service","OPTIMUM","22,74824","22,65159","12287","151185","2602","539","545","6","0","120"
"6","TOT-none-ss","instance_30_15_5_23","totalizer","none","slot-service","OPTIMUM","37,52029","37,42317","12567","147500","2661","540","547","7","0","120"
"6","TOT-none-ss","instance_30_15_5_24","totalizer","none","slot-service","OPTIMUM","30,60342","30,49913","12748","170175","2610","566","570","4","0","120"
"6","TOT-none-ss","instance_30_15_5_25","totalizer","none","slot-service","OPTIMUM","25,18546","25,10987","10642","124351","2365","541","544","3","0","120"
"6","TOT-none-ss","instance_30_15_5_26","totalizer","none","slot-service","UNSATISFIABLE","0,242955","0","0","0","0","","","","","120"
"6","TOT-none-ss","instance_30_15_5_27","totalizer","none","slot-service","TIMEOUT","300,1172","0","0","0","0","","","","","120"
"6","TOT-none-ss","instance_30_15_5_28","totalizer","none","slot-service","OPTIMUM","24,95137","24,84631","12502","175152","2491","561","565","4","0","120"
"6","TOT-none-ss","instance_30_15_5_29","totalizer","none","slot-service","OPTIMUM","49,36544","49,26076","13102","169910","2730","550","551","1","0","120"
"6","TOT-none-ss","instance_30_15_5_3","totalizer","none","slot-service","OPTIMUM","8,683597","8,62377","8928","84470","2307","515","522","7","0","120"
"6","TOT-none-ss","instance_30_15_5_30","totalizer","none","slot-service","OPTIMUM","7,864452","7,807774","8457","71081","2205","440","450","10","0","120"
"6","TOT-none-ss","instance_30_15_5_31","totalizer","none","slot-service","OPTIMUM","17,70414","17,63579","9303","105286","2239","522","532","10","0","120"
"6","TOT-none-ss","instance_30_15_5_32","totalizer","none","slot-service","OPTIMUM","19,48434","19,4298","8460","78969","2299","509","518","9","0","120"
"6","TOT-none-ss","instance_30_15_5_33","totalizer","none","slot-service","UNSATISFIABLE","0,298332","0","0","0","0","","","","","120"
"6","TOT-none-ss","instance_30_15_5_34","totalizer","none","slot-service","OPTIMUM","21,45527","21,35618","12476","153838","2632","591","591","0","0","120"
"6","TOT-none-ss","instance_30_15_5_35","totalizer","none","slot-service","OPTIMUM","41,30367","41,23482","10448","111132","2431","532","541","9","0","120"
"6","TOT-none-ss","instance_30_15_5_36","totalizer","none","slot-service","OPTIMUM","18,11971","18,05622","9732","99964","2366","507","512","5","0","120"
"6","TOT-none-ss","instance_30_15_5_37","totalizer","none","slot-service","UNSATISFIABLE","0,524414","0","0","0","0","","","","","120"
"6","TOT-none-ss","instance_30_15_5_38","totalizer","none","slot-service","UNSATISFIABLE","0,162963","0","0","0","0","","","","","120"
"6","TOT-none-ss","instance_30_15_5_39","totalizer","none","slot-service","OPTIMUM","23,18671","23,11946","10403","115038","2349","507","513","6","0","120"
"6","TOT-none-ss","instance_30_15_5_4","totalizer","none","slot-service","UNSATISFIABLE","0,202035","0","0","0","0","","","","","120"
"6","TOT-none-ss","instance_30_15_5_40","totalizer","none","slot-service","OPTIMUM","39,71808","39,64813","11026","121565","2487","526","533","7","0","120"
"6","TOT-none-ss","instance_30_15_5_41","totalizer","none","slot-service","OPTIMUM","32,90898","32,84036","10351","113355","2282","539","542","3","0","120"
"6","TOT-none-ss","instance_30_15_5_42","totalizer","none","slot-service","OPTIMUM","38,32893","38,23429","12055","148230","2533","537","547","10","0","120"
"6","TOT-none-ss","instance_30_15_5_43","totalizer","none","slot-service","OPTIMUM","27,46528","27,40331","9285","96620","2271","533","542","9","0","120"
"6","TOT-none-ss","instance_30_15_5_44","totalizer","none","slot-service","OPTIMUM","34,83959","34,7406","11423","138747","2490","545","552","7","0","120"
"6","TOT-none-ss","instance_30_15_5_45","totalizer","none","slot-service","OPTIMUM","22,6208","22,53133","11391","139131","2376","557","558","1","0","120"
"6","TOT-none-ss","instance_30_15_5_46","totalizer","none","slot-service","OPTIMUM","31,9851","31,88846","12704","162154","2583","552","553","1","0","120"
"6","TOT-none-ss","instance_30_15_5_47","totalizer","none","slot-service","OPTIMUM","19,34027","19,248","11660","149168","2504","551","554","3","0","120"
"6","TOT-none-ss","instance_30_15_5_48","totalizer","none","slot-service","OPTIMUM","22,73332","22,67335","9481","94496","2292","498","509","11","0","120"
"6","TOT-none-ss","instance_30_15_5_49","totalizer","none","slot-service","UNSATISFIABLE","0,146381","0","0","0","0","","","","","120"
"6","TOT-none-ss","instance_30_15_5_5","totalizer","none","slot-service","OPTIMUM","25,56626","25,4973","10845","123815","2479","531","538","7","0","120"
"6","TOT-none-ss","instance_30_15_5_50","totalizer","none","slot-service","OPTIMUM","35,32709","35,25701","10938","121836","2407","555","559","4","0","120"
"6","TOT-none-ss","instance_30_15_5_6","totalizer","none","slot-service","OPTIMUM","17,64736","17,54698","12765","169285","2594","546","546","0","0","120"
"6","TOT-none-ss","instance_30_15_5_7","totalizer","none","slot-service","OPTIMUM","9,873471","9,802829","10039","118328","2344","544","545","1","0","120"
"6","TOT-none-ss","instance_30_15_5_8","totalizer","none","slot-service","OPTIMUM","25,57819","25,5126","9665","104284","2208","505","515","10","0","120"
"6","TOT-none-ss","instance_30_15_5_9","totalizer","none","slot-service","OPTIMUM","23,16802","23,07519","11590","138656","2463","531","533","2","0","120"
"6","TOT-none-ss","instance_30_20_4_1","totalizer","none","slot-service","OPTIMUM","22,0819","21,99395","12460","136652","2920","414","422","8","0","120"
"6","TOT-none-ss","instance_30_20_4_10","totalizer","none","slot-service","OPTIMUM","11,08534","11,0283","9822","96038","2784","442","446","4","0","120"
"6","TOT-none-ss","instance_30_20_4_11","totalizer","none","slot-service","OPTIMUM","36,34024","36,25383","12174","138205","2749","454","455","1","0","120"
"6","TOT-none-ss","instance_30_20_4_12","totalizer","none","slot-service","OPTIMUM","29,83735","29,74549","13153","151009","2929","446","448","2","0","120"
"6","TOT-none-ss","instance_30_20_4_13","totalizer","none","slot-service","OPTIMUM","27,19529","27,11015","12408","134720","2934","444","446","2","0","120"
"6","TOT-none-ss","instance_30_20_4_14","totalizer","none","slot-service","OPTIMUM","8,22791","8,177668","8524","68789","2445","462","464","2","0","120"
"6","TOT-none-ss","instance_30_20_4_15","totalizer","none","slot-service","OPTIMUM","24,37628","24,28514","12396","148272","2849","461","462","1","0","120"
"6","TOT-none-ss","instance_30_20_4_16","totalizer","none","slot-service","OPTIMUM","31,35489","31,26256","12158","157328","2661","420","423","3","0","120"
"6","TOT-none-ss","instance_30_20_4_17","totalizer","none","slot-service","OPTIMUM","11,16148","11,10704","8852","84661","2334","421","423","2","0","120"
"6","TOT-none-ss","instance_30_20_4_18","totalizer","none","slot-service","OPTIMUM","18,5351","18,47499","10161","103534","2540","435","440","5","0","120"
"6","TOT-none-ss","instance_30_20_4_19","totalizer","none","slot-service","OPTIMUM","18,10102","18,02889","11807","129102","2744","459","463","4","0","120"
"6","TOT-none-ss","instance_30_20_4_2","totalizer","none","slot-service","OPTIMUM","20,6316","20,57318","9988","96396","2536","430","437","7","0","120"
"6","TOT-none-ss","instance_30_20_4_20","totalizer","none","slot-service","OPTIMUM","20,80822","20,74366","10438","113832","2549","445","448","3","0","120"
"6","TOT-none-ss","instance_30_20_4_21","totalizer","none","slot-service","OPTIMUM","22,96655","22,87452","12622","148965","2891","438","440","2","0","120"
"6","TOT-none-ss","instance_30_20_4_22","totalizer","none","slot-service","OPTIMUM","22,03075","21,96223","10994","116431","2631","432","439","7","0","120"
"6","TOT-none-ss","instance_30_20_4_23","totalizer","none","slot-service","OPTIMUM","4,161389","4,107465","9136","89667","2482","455","455","0","0","120"
"6","TOT-none-ss","instance_30_20_4_24","totalizer","none","slot-service","OPTIMUM","25,84761","25,75111","13400","172064","2912","453","456","3","0","120"
"6","TOT-none-ss","instance_30_20_4_25","totalizer","none","slot-service","OPTIMUM","14,95762","14,90122","9213","91946","2544","439","442","3","0","120"
"6","TOT-none-ss","instance_30_20_4_26","totalizer","none","slot-service","OPTIMUM","18,76064","18,68905","11885","128911","2849","461","463","2","0","120"
"6","TOT-none-ss","instance_30_20_4_27","totalizer","none","slot-service","OPTIMUM","15,32542","15,24254","12087","137413","2912","463","463","0","0","120"
"6","TOT-none-ss","instance_30_20_4_28","totalizer","none","slot-service","OPTIMUM","18,00988","17,94233","11002","119997","2670","456","456","0","0","120"
"6","TOT-none-ss","instance_30_20_4_29","totalizer","none","slot-service","OPTIMUM","27,26407","27,19431","11338","129655","2850","469","471","2","0","120"
"6","TOT-none-ss","instance_30_20_4_3","totalizer","none","slot-service","OPTIMUM","27,46607","27,39813","11223","122006","2639","457","462","5","0","120"
"6","TOT-none-ss","instance_30_20_4_30","totalizer","none","slot-service","OPTIMUM","12,15564","12,07384","11189","136740","2701","467","468","1","0","120"
"6","TOT-none-ss","instance_30_20_4_31","totalizer","none","slot-service","OPTIMUM","7,771384","7,711992","9550","100130","2487","455","457","2","0","120"
"6","TOT-none-ss","instance_30_20_4_32","totalizer","none","slot-service","OPTIMUM","24,75884","24,66619","12925","159914","2998","455","457","2","0","120"
"6","TOT-none-ss","instance_30_20_4_33","totalizer","none","slot-service","OPTIMUM","10,24323","10,17914","10290","105391","2615","441","441","0","0","120"
"6","TOT-none-ss","instance_30_20_4_34","totalizer","none","slot-service","OPTIMUM","25,95495","25,88427","11775","129733","2759","461","463","2","0","120"
"6","TOT-none-ss","instance_30_20_4_35","totalizer","none","slot-service","OPTIMUM","10,33059","10,2701","10286","100280","2484","433","442","9","0","120"
"6","TOT-none-ss","instance_30_20_4_36","totalizer","none","slot-service","OPTIMUM","15,73774","15,67515","10197","105450","2395","442","449","7","0","120"
"6","TOT-none-ss","instance_30_20_4_37","totalizer","none","slot-service","OPTIMUM","25,14146","25,05435","12105","148738","2732","464","464","0","0","120"
"6","TOT-none-ss","instance_30_20_4_38","totalizer","none","slot-service","OPTIMUM","11,14608","11,07687","10997","123418","2582","446","447","1","0","120"
"6","TOT-none-ss","instance_30_20_4_39","totalizer","none","slot-service","OPTIMUM","26,46079","26,39531","11064","116105","2698","467","468","1","0","120"
"6","TOT-none-ss","instance_30_20_4_4","totalizer","none","slot-service","OPTIMUM","17,69332","17,62829","11034","111171","2672","435","441","6","0","120"
"6","TOT-none-ss","instance_30_20_4_40","totalizer","none","slot-service","OPTIMUM","17,49593","17,4065","12764","152823","2988","465","466","1","0","120"
"6","TOT-none-ss","instance_30_20_4_41","totalizer","none","slot-service","OPTIMUM","21,6563","21,5949","10210","103672","2582","455","459","4","0","120"
"6","TOT-none-ss","instance_30_20_4_42","totalizer","none","slot-service","OPTIMUM","8,710114","8,647259","10553","105645","2613","443","448","5","0","120"
"6","TOT-none-ss","instance_30_20_4_43","totalizer","none","slot-service","OPTIMUM","12,17962","12,12996","7901","69227","2288","430","432","2","0","120"
"6","TOT-none-ss","instance_30_20_4_44","totalizer","none","slot-service","OPTIMUM","16,61774","16,56397","9193","86394","2471","447","449","2","0","120"
"6","TOT-none-ss","instance_30_20_4_45","totalizer","none","slot-service","OPTIMUM","22,05966","21,9893","10970","122863","2680","460","462","2","0","120"
"6","TOT-none-ss","instance_30_20_4_46","totalizer","none","slot-service","OPTIMUM","16,51865","16,46033","9960","95131","2581","443","448","5","0","120"
"6","TOT-none-ss","instance_30_20_4_47","totalizer","none","slot-service","OPTIMUM","14,69661","14,62917","11221","123192","2727","459","464","5","0","120"
"6","TOT-none-ss","instance_30_20_4_48","totalizer","none","slot-service","OPTIMUM","28,33284","28,26578","11195","121176","2635","445","449","4","0","120"
"6","TOT-none-ss","instance_30_20_4_49","totalizer","none","slot-service","OPTIMUM","16,89566","16,83231","10382","104647","2524","415","424","9","0","120"
"6","TOT-none-ss","instance_30_20_4_5","totalizer","none","slot-service","OPTIMUM","23,84372","23,78","10475","105848","2559","442","448","6","0","120"
"6","TOT-none-ss","instance_30_20_4_50","totalizer","none","slot-service","OPTIMUM","8,57887","8,520325","9845","98312","2642","437","439","2","0","120"
"6","TOT-none-ss","instance_30_20_4_6","totalizer","none","slot-service","OPTIMUM","15,12088","15,06126","9854","97751","2593","442","447","5","0","120"
"6","TOT-none-ss","instance_30_20_4_7","totalizer","none","slot-service","OPTIMUM","14,7802","14,71342","10958","114632","2571","431","436","5","0","120"
"6","TOT-none-ss","instance_30_20_4_8","totalizer","none","slot-service","OPTIMUM","20,17257","20,11387","9601","93470","2518","445","450","5","0","120"
"6","TOT-none-ss","instance_30_20_4_9","totalizer","none","slot-service","OPTIMUM","28,47716","28,41908","10059","95073","2549","431","439","8","0","120"
"6","TOT-none-ss","instance_30_20_5_1","totalizer","none","slot-service","OPTIMUM","19,68397","19,58444","13577","169954","3148","545","551","6","0","120"
"6","TOT-none-ss","instance_30_20_5_10","totalizer","none","slot-service","OPTIMUM","14,09913","14,01129","12006","135319","3092","531","537","6","0","120"
"6","TOT-none-ss","instance_30_20_5_11","totalizer","none","slot-service","OPTIMUM","10,42112","10,32001","14186","173418","3277","549","553","4","0","120"
"6","TOT-none-ss","instance_30_20_5_12","totalizer","none","slot-service","OPTIMUM","24,82739","24,72463","14145","178049","3050","560","564","4","0","120"
"6","TOT-none-ss","instance_30_20_5_13","totalizer","none","slot-service","OPTIMUM","20,41657","20,31744","13825","173376","3302","569","574","5","0","120"
"6","TOT-none-ss","instance_30_20_5_14","totalizer","none","slot-service","OPTIMUM","22,52787","22,40361","17251","241439","3621","586","588","2","0","120"
"6","TOT-none-ss","instance_30_20_5_15","totalizer","none","slot-service","OPTIMUM","32,37998","32,29028","12196","133855","2983","552","558","6","0","120"
"6","TOT-none-ss","instance_30_20_5_16","totalizer","none","slot-service","OPTIMUM","29,45851","29,35708","14062","167718","3115","575","582","7","0","120"
"6","TOT-none-ss","instance_30_20_5_17","totalizer","none","slot-service","OPTIMUM","28,75706","28,66109","13713","165337","3244","530","532","2","0","120"
"6","TOT-none-ss","instance_30_20_5_18","totalizer","none","slot-service","OPTIMUM","44,77645","44,65379","16577","231708","3330","568","578","10","0","120"
"6","TOT-none-ss","instance_30_20_5_19","totalizer","none","slot-service","OPTIMUM","13,61359","13,51282","13610","170449","3049","551","555","4","0","120"
"6","TOT-none-ss","instance_30_20_5_2","totalizer","none","slot-service","OPTIMUM","33,39387","33,29468","13294","155220","3189","540","545","5","0","120"
"6","TOT-none-ss","instance_30_20_5_20","totalizer","none","slot-service","OPTIMUM","17,13436","17,02967","14825","176710","3294","559","565","6","0","120"
"6","TOT-none-ss","instance_30_20_5_21","totalizer","none","slot-service","OPTIMUM","31,06962","30,97043","13869","160649","3170","526","536","10","0","120"
"6","TOT-none-ss","instance_30_20_5_22","totalizer","none","slot-service","OPTIMUM","49,03483","48,93464","13937","173213","3343","561","568","7","0","120"
"6","TOT-none-ss","instance_30_20_5_23","totalizer","none","slot-service","OPTIMUM","34,90731","34,83649","11484","122277","2845","545","550","5","0","120"
"6","TOT-none-ss","instance_30_20_5_24","totalizer","none","slot-service","OPTIMUM","15,05877","14,95478","14390","186894","3110","572","575","3","0","120"
"6","TOT-none-ss","instance_30_20_5_25","totalizer","none","slot-service","OPTIMUM","20,0647","19,96368","13858","163258","3140","565","571","6","0","120"
"6","TOT-none-ss","instance_30_20_5_26","totalizer","none","slot-service","OPTIMUM","29,84493","29,7496","12754","146568","3024","561","567","6","0","120"
"6","TOT-none-ss","instance_30_20_5_27","totalizer","none","slot-service","OPTIMUM","25,17154","25,07676","13007","142843","3202","516","530","14","0","120"
"6","TOT-none-ss","instance_30_20_5_28","totalizer","none","slot-service","OPTIMUM","34,05228","33,98147","11576","118085","2857","523","535","12","0","120"
"6","TOT-none-ss","instance_30_20_5_29","totalizer","none","slot-service","OPTIMUM","10,70606","10,63535","11338","120435","2903","560","562","2","0","120"
"6","TOT-none-ss","instance_30_20_5_3","totalizer","none","slot-service","OPTIMUM","6,648727","6,557098","12600","139538","3048","566","566","0","0","120"
"6","TOT-none-ss","instance_30_20_5_30","totalizer","none","slot-service","OPTIMUM","43,09488","42,98847","14751","178057","3308","566","573","7","0","120"
"6","TOT-none-ss","instance_30_20_5_31","totalizer","none","slot-service","OPTIMUM","22,38345","22,2773","14130","194717","3115","582","582","0","0","120"
"6","TOT-none-ss","instance_30_20_5_32","totalizer","none","slot-service","OPTIMUM","36,9074","36,7988","14989","183584","3318","556","567","11","0","120"
"6","TOT-none-ss","instance_30_20_5_33","totalizer","none","slot-service","OPTIMUM","39,77688","39,68322","12572","145625","2869","517","524","7","0","120"
"6","TOT-none-ss","instance_30_20_5_34","totalizer","none","slot-service","OPTIMUM","16,23648","16,12839","14759","194057","3332","568","571","3","0","120"
"6","TOT-none-ss","instance_30_20_5_35","totalizer","none","slot-service","OPTIMUM","26,78105","26,67702","13939","177550","3039","557","563","6","0","120"
"6","TOT-none-ss","instance_30_20_5_36","totalizer","none","slot-service","OPTIMUM","22,83746","22,74454","12926","138816","2995","550","555","5","0","120"
"6","TOT-none-ss","instance_30_20_5_37","totalizer","none","slot-service","OPTIMUM","21,8207","21,72985","12834","148968","3053","547","554","7","0","120"
"6","TOT-none-ss","instance_30_20_5_38","totalizer","none","slot-service","OPTIMUM","31,50141","31,3858","15185","200033","3211","563","569","6","0","120"
"6","TOT-none-ss","instance_30_20_5_39","totalizer","none","slot-service","OPTIMUM","17,60595","17,5367","11819","117071","3057","545","546","1","0","120"
"6","TOT-none-ss","instance_30_20_5_4","totalizer","none","slot-service","OPTIMUM","43,17374","43,05442","16294","225535","3468","572","578","6","0","120"
"6","TOT-none-ss","instance_30_20_5_40","totalizer","none","slot-service","OPTIMUM","28,87421","28,76257","15499","201273","3586","574","577","3","0","120"
"6","TOT-none-ss","instance_30_20_5_41","totalizer","none","slot-service","OPTIMUM","26,48797","26,37132","15955","208959","3299","567","574","7","0","120"
"6","TOT-none-ss","instance_30_20_5_42","totalizer","none","slot-service","OPTIMUM","36,57335","36,45653","16108","219433","3338","590","590","0","0","120"
"6","TOT-none-ss","instance_30_20_5_43","totalizer","none","slot-service","OPTIMUM","21,55218","21,47663","11267","120994","2844","558","568","10","0","120"
"6","TOT-none-ss","instance_30_20_5_44","totalizer","none","slot-service","OPTIMUM","26,70588","26,6014","14085","173447","3134","573","577","4","0","120"
"6","TOT-none-ss","instance_30_20_5_45","totalizer","none","slot-service","OPTIMUM","23,34214","23,26946","11606","123373","2798","559","564","5","0","120"
"6","TOT-none-ss","instance_30_20_5_46","totalizer","none","slot-service","OPTIMUM","30,85166","30,75193","13513","158249","3011","558","566","8","0","120"
"6","TOT-none-ss","instance_30_20_5_47","totalizer","none","slot-service","OPTIMUM","21,19814","21,09649","13935","172875","3191","570","572","2","0","120"
"6","TOT-none-ss","instance_30_20_5_48","totalizer","none","slot-service","OPTIMUM","14,82211","14,72016","14053","179556","3254","576","576","0","0","120"
"6","TOT-none-ss","instance_30_20_5_49","totalizer","none","slot-service","OPTIMUM","27,00933","26,8985","14053","180835","3099","542","548","6","0","120"
"6","TOT-none-ss","instance_30_20_5_5","totalizer","none","slot-service","OPTIMUM","47,99197","47,89934","12404","146712","2939","534","545","11","0","120"
"6","TOT-none-ss","instance_30_20_5_50","totalizer","none","slot-service","UNSATISFIABLE","0,142198","0","0","0","0","","","","","120"
"6","TOT-none-ss","instance_30_20_5_6","totalizer","none","slot-service","OPTIMUM","13,47092","13,35361","15928","218947","3318","575","577","2","0","120"
"6","TOT-none-ss","instance_30_20_5_7","totalizer","none","slot-service","OPTIMUM","24,0942","23,99068","14176","173014","3135","558","563","5","0","120"
"6","TOT-none-ss","instance_30_20_5_8","totalizer","none","slot-service","OPTIMUM","33,80915","33,70655","14652","177372","3305","563","569","6","0","120"
"6","TOT-none-ss","instance_30_20_5_9","totalizer","none","slot-service","OPTIMUM","22,47741","22,38208","12929","159163","3043","537","548","11","0","120"
"6","TOT-none-ss","instance_30_25_4_1","totalizer","none","slot-service","OPTIMUM","30,70327","30,6143","12206","134870","2997","454","460","6","0","120"
"6","TOT-none-ss","instance_30_25_4_10","totalizer","none","slot-service","OPTIMUM","18,77049","18,70198","11883","122917","3332","453","456","3","0","120"
"6","TOT-none-ss","instance_30_25_4_11","totalizer","none","slot-service","OPTIMUM","22,18779","22,09015","13543","177151","3201","457","458","1","0","120"
"6","TOT-none-ss","instance_30_25_4_12","totalizer","none","slot-service","OPTIMUM","41,84768","41,75409","13110","148596","3338","437","438","1","0","120"
"6","TOT-none-ss","instance_30_25_4_13","totalizer","none","slot-service","OPTIMUM","18,99464","18,89715","13926","164739","3437","462","465","3","0","120"
"6","TOT-none-ss","instance_30_25_4_14","totalizer","none","slot-service","OPTIMUM","30,50448","30,43282","12505","124962","3384","447","450","3","0","120"
"6","TOT-none-ss","instance_30_25_4_15","totalizer","none","slot-service","OPTIMUM","16,19087","16,11906","11778","122436","3065","446","450","4","0","120"
"6","TOT-none-ss","instance_30_25_4_16","totalizer","none","slot-service","OPTIMUM","11,65367","11,56057","13042","155581","3155","449","449","0","0","120"
"6","TOT-none-ss","instance_30_25_4_17","totalizer","none","slot-service","OPTIMUM","18,18766","18,08424","14658","175896","3514","444","447","3","0","120"
"6","TOT-none-ss","instance_30_25_4_18","totalizer","none","slot-service","OPTIMUM","27,11206","27,01727","13981","152940","3387","456","458","2","0","120"
"6","TOT-none-ss","instance_30_25_4_19","totalizer","none","slot-service","OPTIMUM","28,45627","28,36614","13191","145726","3505","436","441","5","0","120"
"6","TOT-none-ss","instance_30_25_4_2","totalizer","none","slot-service","OPTIMUM","19,96047","19,86681","13400","155761","3289","471","471","0","0","120"
"6","TOT-none-ss","instance_30_25_4_20","totalizer","none","slot-service","OPTIMUM","16,1506","16,05851","13171","149918","3244","462","469","7","0","120"
"6","TOT-none-ss","instance_30_25_4_21","totalizer","none","slot-service","OPTIMUM","19,75787","19,68852","11578","115231","3100","457","461","4","0","120"
"6","TOT-none-ss","instance_30_25_4_22","totalizer","none","slot-service","OPTIMUM","37,70762","37,60848","14327","173861","3440","466","469","3","0","120"
"6","TOT-none-ss","instance_30_25_4_23","totalizer","none","slot-service","OPTIMUM","10,20241","10,10866","13588","156302","3467","465","468","3","0","120"
"6","TOT-none-ss","instance_30_25_4_24","totalizer","none","slot-service","OPTIMUM","25,01799","24,92328","13192","160788","3224","460","461","1","0","120"
"6","TOT-none-ss","instance_30_25_4_25","totalizer","none","slot-service","OPTIMUM","42,44818","42,32114","16983","247212","3750","459","460","1","0","120"
"6","TOT-none-ss","instance_30_25_4_26","totalizer","none","slot-service","OPTIMUM","18,01532","17,94278","12258","124035","3126","461","465","4","0","120"
"6","TOT-none-ss","instance_30_25_4_27","totalizer","none","slot-service","OPTIMUM","32,00194","31,88812","15196","216238","3317","467","470","3","0","120"
"6","TOT-none-ss","instance_30_25_4_28","totalizer","none","slot-service","OPTIMUM","23,1052","23,04311","10183","98342","2922","411","413","2","0","120"
"6","TOT-none-ss","instance_30_25_4_29","totalizer","none","slot-service","OPTIMUM","34,02636","33,91811","15862","197774","3611","461","465","4","0","120"
"6","TOT-none-ss","instance_30_25_4_3","totalizer","none","slot-service","OPTIMUM","21,70738","21,61534","13455","142840","3320","427","438","11","0","120"
"6","TOT-none-ss","instance_30_25_4_30","totalizer","none","slot-service","OPTIMUM","28,41079","28,3126","14176","158787","3370","453","458","5","0","120"
"6","TOT-none-ss","instance_30_25_4_31","totalizer","none","slot-service","OPTIMUM","14,07364","13,97672","14210","158473","3354","437","440","3","0","120"
"6","TOT-none-ss","instance_30_25_4_32","totalizer","none","slot-service","OPTIMUM","25,77949","25,70861","12197","119416","3418","450","453","3","0","120"
"6","TOT-none-ss","instance_30_25_4_33","totalizer","none","slot-service","OPTIMUM","5,8155","5,712129","14443","179271","3348","470","470","0","0","120"
"6","TOT-none-ss","instance_30_25_4_34","totalizer","none","slot-service","OPTIMUM","22,90708","22,80324","15060","191980","3619","458","460","2","0","120"
"6","TOT-none-ss","instance_30_25_4_35","totalizer","none","slot-service","OPTIMUM","16,94577","16,87537","11972","121465","3092","447","451","4","0","120"
"6","TOT-none-ss","instance_30_25_4_36","totalizer","none","slot-service","OPTIMUM","23,05944","22,96811","13061","147557","3209","457","458","1","0","120"
"6","TOT-none-ss","instance_30_25_4_37","totalizer","none","slot-service","OPTIMUM","19,62759","19,53042","14001","161456","3378","440","444","4","0","120"
"6","TOT-none-ss","instance_30_25_4_38","totalizer","none","slot-service","OPTIMUM","36,0397","35,9383","14502","176688","3532","454","458","4","0","120"
"6","TOT-none-ss","instance_30_25_4_39","totalizer","none","slot-service","OPTIMUM","22,05268","21,9637","12426","146810","3240","428","431","3","0","120"
"6","TOT-none-ss","instance_30_25_4_4","totalizer","none","slot-service","OPTIMUM","15,34612","15,27883","11663","110783","3164","452","456","4","0","120"
"6","TOT-none-ss","instance_30_25_4_40","totalizer","none","slot-service","OPTIMUM","15,98538","15,88876","14289","152064","3492","450","452","2","0","120"
"6","TOT-none-ss","instance_30_25_4_41","totalizer","none","slot-service","OPTIMUM","24,5831","24,49185","13203","144573","3336","448","455","7","0","120"
"6","TOT-none-ss","instance_30_25_4_42","totalizer","none","slot-service","OPTIMUM","38,18553","38,06603","16806","228426","3706","475","476","1","0","120"
"6","TOT-none-ss","instance_30_25_4_43","totalizer","none","slot-service","OPTIMUM","17,64439","17,55226","13244","156095","3385","466","468","2","0","120"
"6","TOT-none-ss","instance_30_25_4_44","totalizer","none","slot-service","OPTIMUM","16,27801","16,18782","12876","141951","3239","431","436","5","0","120"
"6","TOT-none-ss","instance_30_25_4_45","totalizer","none","slot-service","OPTIMUM","24,96496","24,8893","12803","127182","3342","448","452","4","0","120"
"6","TOT-none-ss","instance_30_25_4_46","totalizer","none","slot-service","OPTIMUM","37,58106","37,46019","17061","242660","3715","470","472","2","0","120"
"6","TOT-none-ss","instance_30_25_4_47","totalizer","none","slot-service","OPTIMUM","15,65973","15,56743","13182","146798","3208","474","474","0","0","120"
"6","TOT-none-ss","instance_30_25_4_48","totalizer","none","slot-service","OPTIMUM","27,80306","27,70046","13895","176655","3270","465","465","0","0","120"
"6","TOT-none-ss","instance_30_25_4_49","totalizer","none","slot-service","OPTIMUM","11,14294","11,075","11615","114356","3097","456","461","5","0","120"
"6","TOT-none-ss","instance_30_25_4_5","totalizer","none","slot-service","OPTIMUM","24,01264","23,91339","14534","167121","3517","463","464","1","0","120"
"6","TOT-none-ss","instance_30_25_4_50","totalizer","none","slot-service","OPTIMUM","27,263","27,15365","15043","205154","3350","471","473","2","0","120"
"6","TOT-none-ss","instance_30_25_4_6","totalizer","none","slot-service","OPTIMUM","13,69411","13,60845","12013","133706","3036","461","466","5","0","120"
"6","TOT-none-ss","instance_30_25_4_7","totalizer","none","slot-service","OPTIMUM","24,26245","24,15794","14834","186450","3383","473","475","2","0","120"
"6","TOT-none-ss","instance_30_25_4_8","totalizer","none","slot-service","OPTIMUM","24,9637","24,86361","15064","171050","3653","475","475","0","0","120"
"6","TOT-none-ss","instance_30_25_4_9","totalizer","none","slot-service","OPTIMUM","22,62807","22,53601","13299","154064","3348","463","465","2","0","120"
"6","TOT-none-ss","instance_30_25_5_1","totalizer","none","slot-service","OPTIMUM","23,14325","23,02248","17004","200321","3860","578","583","5","0","120"
"6","TOT-none-ss","instance_30_25_5_10","totalizer","none","slot-service","OPTIMUM","32,02378","31,91843","14632","162353","3652","554","564","10","0","120"
"6","TOT-none-ss","instance_30_25_5_11","totalizer","none","slot-service","OPTIMUM","19,52058","19,39982","16155","204430","3659","569","570","1","0","120"
"6","TOT-none-ss","instance_30_25_5_12","totalizer","none","slot-service","OPTIMUM","24,08833","23,97415","15963","188402","3997","580","581","1","0","120"
"6","TOT-none-ss","instance_30_25_5_13","totalizer","none","slot-service","OPTIMUM","48,55692","48,42693","16891","230333","3734","588","590","2","0","120"
"6","TOT-none-ss","instance_30_25_5_14","totalizer","none","slot-service","OPTIMUM","29,11467","28,98837","17268","224276","3837","571","580","9","0","120"
"6","TOT-none-ss","instance_30_25_5_15","totalizer","none","slot-service","OPTIMUM","25,57963","25,45442","17162","208431","3927","554","561","7","0","120"
"6","TOT-none-ss","instance_30_25_5_16","totalizer","none","slot-service","OPTIMUM","25,86698","25,7249","18850","257716","4022","579","582","3","0","120"
"6","TOT-none-ss","instance_30_25_5_17","totalizer","none","slot-service","UNSATISFIABLE","0,729202","0","0","0","0","","","","","120"
"6","TOT-none-ss","instance_30_25_5_18","totalizer","none","slot-service","OPTIMUM","52,40223","52,22873","19121","268048","4214","565","570","5","0","120"
"6","TOT-none-ss","instance_30_25_5_19","totalizer","none","slot-service","OPTIMUM","25,79828","25,67454","16766","217011","4001","556","567","11","0","120"
"6","TOT-none-ss","instance_30_25_5_2","totalizer","none","slot-service","OPTIMUM","33,21213","33,09402","15199","190688","3693","550","556","6","0","120"
"6","TOT-none-ss","instance_30_25_5_20","totalizer","none","slot-service","OPTIMUM","26,37845","26,25185","17186","218386","3881","577","580","3","0","120"
"6","TOT-none-ss","instance_30_25_5_21","totalizer","none","slot-service","OPTIMUM","30,74823","30,6223","17154","218892","3786","571","578","7","0","120"
"6","TOT-none-ss","instance_30_25_5_22","totalizer","none","slot-service","OPTIMUM","110,3358","110,2174","15463","195344","3498","574","581","6","1","120"
"6","TOT-none-ss","instance_30_25_5_23","totalizer","none","slot-service","OPTIMUM","29,00085","28,88211","16213","204352","3665","572","573","1","0","120"
"6","TOT-none-ss","instance_30_25_5_24","totalizer","none","slot-service","OPTIMUM","44,49774","44,36169","17925","243423","4173","581","584","3","0","120"
"6","TOT-none-ss","instance_30_25_5_25","totalizer","none","slot-service","OPTIMUM","54,59892","54,41806","19734","275175","4043","575","582","7","0","120"
"6","TOT-none-ss","instance_30_25_5_26","totalizer","none","slot-service","OPTIMUM","18,67688","18,55907","16004","187432","3787","570","574","4","0","120"
"6","TOT-none-ss","instance_30_25_5_27","totalizer","none","slot-service","OPTIMUM","33,7384","33,60797","17324","227010","3924","583","587","4","0","120"
"6","TOT-none-ss","instance_30_25_5_28","totalizer","none","slot-service","OPTIMUM","26,4875","26,31372","18755","275857","4075","584","586","2","0","120"
"6","TOT-none-ss","instance_30_25_5_29","totalizer","none","slot-service","OPTIMUM","40,81458","40,68265","17459","243101","4011","565","568","3","0","120"
"6","TOT-none-ss","instance_30_25_5_3","totalizer","none","slot-service","OPTIMUM","32,9974","32,88632","15300","174379","3857","566","573","7","0","120"
"6","TOT-none-ss","instance_30_25_5_30","totalizer","none","slot-service","OPTIMUM","25,51377","25,38231","17079","221495","3812","558","569","11","0","120"
"6","TOT-none-ss","instance_30_25_5_31","totalizer","none","slot-service","OPTIMUM","23,73071","23,61721","14613","170009","3640","555","556","1","0","120"
"6","TOT-none-ss","instance_30_25_5_32","totalizer","none","slot-service","OPTIMUM","34,22857","34,08645","18029","251012","4032","573","573","0","0","120"
"6","TOT-none-ss","instance_30_25_5_33","totalizer","none","slot-service","OPTIMUM","26,19637","26,0906","14908","173768","3813","559","560","1","0","120"
"6","TOT-none-ss","instance_30_25_5_34","totalizer","none","slot-service","OPTIMUM","18,48961","18,36193","16682","232969","3859","577","580","3","0","120"
"6","TOT-none-ss","instance_30_25_5_35","totalizer","none","slot-service","OPTIMUM","23,05134","22,94325","14907","180669","3688","563","573","10","0","120"
"6","TOT-none-ss","instance_30_25_5_36","totalizer","none","slot-service","OPTIMUM","32,52573","32,39963","17436","212595","3988","570","573","3","0","120"
"6","TOT-none-ss","instance_30_25_5_37","totalizer","none","slot-service","OPTIMUM","22,62509","22,50274","16489","201725","3867","541","544","3","0","120"
"6","TOT-none-ss","instance_30_25_5_38","totalizer","none","slot-service","OPTIMUM","28,85906","28,74494","15446","182582","3633","566","571","5","0","120"
"6","TOT-none-ss","instance_30_25_5_39","totalizer","none","slot-service","OPTIMUM","45,0859","44,95139","17567","252732","3956","585","585","0","0","120"
"6","TOT-none-ss","instance_30_25_5_4","totalizer","none","slot-service","OPTIMUM","22,25058","22,12742","17364","209194","4041","583","585","2","0","120"
"6","TOT-none-ss","instance_30_25_5_40","totalizer","none","slot-service","OPTIMUM","29,15006","29,03827","15586","186932","3868","585","585","0","0","120"
"6","TOT-none-ss","instance_30_25_5_41","totalizer","none","slot-service","OPTIMUM","19,86016","19,7364","16554","203085","3945","584","585","1","0","120"
"6","TOT-none-ss","instance_30_25_5_42","totalizer","none","slot-service","OPTIMUM","18,59116","18,46177","17130","229296","3791","588","588","0","0","120"
"6","TOT-none-ss","instance_30_25_5_43","totalizer","none","slot-service","OPTIMUM","17,28391","17,16664","16035","192086","3849","530","539","9","0","120"
"6","TOT-none-ss","instance_30_25_5_44","totalizer","none","slot-service","OPTIMUM","27,85527","27,74476","14726","167492","3583","525","537","12","0","120"
"6","TOT-none-ss","instance_30_25_5_45","totalizer","none","slot-service","OPTIMUM","38,72363","38,60325","16490","205009","3828","572","574","2","0","120"
"6","TOT-none-ss","instance_30_25_5_46","totalizer","none","slot-service","OPTIMUM","47,28362","47,14449","18740","250104","4115","570","574","4","0","120"
"6","TOT-none-ss","instance_30_25_5_47","totalizer","none","slot-service","OPTIMUM","28,03231","27,91199","16145","195492","3983","575","576","1","0","120"
"6","TOT-none-ss","instance_30_25_5_48","totalizer","none","slot-service","OPTIMUM","35,45682","35,35068","15085","164109","3671","565","567","2","0","120"
"6","TOT-none-ss","instance_30_25_5_49","totalizer","none","slot-service","OPTIMUM","54,2088","54,0763","17295","244506","3934","578","580","2","0","120"
"6","TOT-none-ss","instance_30_25_5_5","totalizer","none","slot-service","OPTIMUM","17,62525","17,49246","18009","231363","3929","574","577","3","0","120"
"6","TOT-none-ss","instance_30_25_5_50","totalizer","none","slot-service","OPTIMUM","33,2215","33,09985","16572","205207","3799","573","574","1","0","120"
"6","TOT-none-ss","instance_30_25_5_6","totalizer","none","slot-service","OPTIMUM","18,57839","18,43808","18529","256778","4254","588","590","2","0","120"
"6","TOT-none-ss","instance_30_25_5_7","totalizer","none","slot-service","OPTIMUM","45,35211","45,21695","17810","242622","3818","573","580","7","0","120"
"6","TOT-none-ss","instance_30_25_5_8","totalizer","none","slot-service","OPTIMUM","32,88866","32,71119","20198","291925","4428","585","587","2","0","120"
"6","TOT-none-ss","instance_30_25_5_9","totalizer","none","slot-service","OPTIMUM","28,97685","28,86213","15501","181983","3815","590","591","1","0","120"
"6","TOT-none-ss","instance_40_10_4_1","totalizer","none","slot-service","OPTIMUM","48,57488","48,5077","9775","115769","2006","563","568","5","0","120"
"6","TOT-none-ss","instance_40_10_4_10","totalizer","none","slot-service","UNSATISFIABLE","0,083248","0","0","0","0","","","","","120"
"6","TOT-none-ss","instance_40_10_4_11","totalizer","none","slot-service","TIMEOUT","300,1161","0","0","0","0","","","","","120"
"6","TOT-none-ss","instance_40_10_4_12","totalizer","none","slot-service","UNSATISFIABLE","0,052698","0","0","0","0","","","","","120"
"6","TOT-none-ss","instance_40_10_4_13","totalizer","none","slot-service","UNSATISFIABLE","0,088863","0","0","0","0","","","","","120"
"6","TOT-none-ss","instance_40_10_4_14","totalizer","none","slot-service","UNSATISFIABLE","0,177961","0","0","0","0","","","","","120"
"6","TOT-none-ss","instance_40_10_4_15","totalizer","none","slot-service","UNSATISFIABLE","0,120636","0","0","0","0","","","","","120"
"6","TOT-none-ss","instance_40_10_4_16","totalizer","none","slot-service","OPTIMUM","21,78324","21,71805","9128","107427","1866","569","579","10","0","120"
"6","TOT-none-ss","instance_40_10_4_17","totalizer","none","slot-service","OPTIMUM","8,997877","8,926418","9562","129004","2036","580","580","0","0","120"
"6","TOT-none-ss","instance_40_10_4_18","totalizer","none","slot-service","UNSATISFIABLE","0,069649","0","0","0","0","","","","","120"
"6","TOT-none-ss","instance_40_10_4_19","totalizer","none","slot-service","OPTIMUM","35,90927","35,83993","9797","111974","2091","548","556","8","0","120"
"6","TOT-none-ss","instance_40_10_4_2","totalizer","none","slot-service","TIMEOUT","300,1157","0","0","0","0","","","","","120"
"6","TOT-none-ss","instance_40_10_4_20","totalizer","none","slot-service","UNSATISFIABLE","0,088878","0","0","0","0","","","","","120"
"6","TOT-none-ss","instance_40_10_4_21","totalizer","none","slot-service","OPTIMUM","17,33759","17,27684","8467","99293","1901","557","562","5","0","120"
"6","TOT-none-ss","instance_40_10_4_22","totalizer","none","slot-service","OPTIMUM","34,69594","34,6453","7147","72087","1809","553","557","4","0","120"
"6","TOT-none-ss","instance_40_10_4_23","totalizer","none","slot-service","UNSATISFIABLE","0,09771","0","0","0","0","","","","","120"
"6","TOT-none-ss","instance_40_10_4_24","totalizer","none","slot-service","OPTIMUM","27,94242","27,8459","11398","156146","2072","580","586","6","0","120"
"6","TOT-none-ss","instance_40_10_4_25","totalizer","none","slot-service","UNSATISFIABLE","0,084024","0","0","0","0","","","","","120"
"6","TOT-none-ss","instance_40_10_4_26","totalizer","none","slot-service","UNSATISFIABLE","0,05857","0","0","0","0","","","","","120"
"6","TOT-none-ss","instance_40_10_4_27","totalizer","none","slot-service","UNSATISFIABLE","0,068876","0","0","0","0","","","","","120"
"6","TOT-none-ss","instance_40_10_4_28","totalizer","none","slot-service","TIMEOUT","300,1151","0","0","0","0","","","","","120"
"6","TOT-none-ss","instance_40_10_4_29","totalizer","none","slot-service","TIMEOUT","300,1141","0","0","0","0","","","","","120"
"6","TOT-none-ss","instance_40_10_4_3","totalizer","none","slot-service","OPTIMUM","29,4826","29,42271","8513","94617","1871","486","495","9","0","120"
"6","TOT-none-ss","instance_40_10_4_30","totalizer","none","slot-service","OPTIMUM","24,29335","24,22796","9471","118880","2025","498","501","3","0","120"
"6","TOT-none-ss","instance_40_10_4_31","totalizer","none","slot-service","TIMEOUT","300,108","0","0","0","0","","","","","120"
"6","TOT-none-ss","instance_40_10_4_32","totalizer","none","slot-service","OPTIMUM","106,9273","106,8665","8702","98894","1845","533","538","5","0","120"
"6","TOT-none-ss","instance_40_10_4_33","totalizer","none","slot-service","UNSATISFIABLE","0,084466","0","0","0","0","","","","","120"
"6","TOT-none-ss","instance_40_10_4_34","totalizer","none","slot-service","UNSATISFIABLE","0,067904","0","0","0","0","","","","","120"
"6","TOT-none-ss","instance_40_10_4_35","totalizer","none","slot-service","UNSATISFIABLE","0,132913","0","0","0","0","","","","","120"
"6","TOT-none-ss","instance_40_10_4_36","totalizer","none","slot-service","OPTIMUM","38,9827","38,89458","10794","134989","2152","556","561","5","0","120"
"6","TOT-none-ss","instance_40_10_4_37","totalizer","none","slot-service","UNSATISFIABLE","0,098194","0","0","0","0","","","","","120"
"6","TOT-none-ss","instance_40_10_4_38","totalizer","none","slot-service","OPTIMUM","39,52683","39,45795","9625","120602","1919","547","556","9","0","120"
"6","TOT-none-ss","instance_40_10_4_39","totalizer","none","slot-service","UNSATISFIABLE","0,079883","0","0","0","0","","","","","120"
"6","TOT-none-ss","instance_40_10_4_4","totalizer","none","slot-service","UNSATISFIABLE","0,171802","0","0","0","0","","","","","120"
"6","TOT-none-ss","instance_40_10_4_40","totalizer","none","slot-service","OPTIMUM","43,67274","43,63741","6617","53511","1780","544","548","2","2","120"
"6","TOT-none-ss","instance_40_10_4_41","totalizer","none","slot-service","UNSATISFIABLE","0,055177","0","0","0","0","","","","","120"
"6","TOT-none-ss","instance_40_10_4_42","totalizer","none","slot-service","UNSATISFIABLE","0,082147","0","0","0","0","","","","","120"
"6","TOT-none-ss","instance_40_10_4_43","totalizer","none","slot-service","UNSATISFIABLE","0,088443","0","0","0","0","","","","","120"
"6","TOT-none-ss","instance_40_10_4_44","totalizer","none","slot-service","UNSATISFIABLE","0,08523","0","0","0","0","","","","","120"
"6","TOT-none-ss","instance_40_10_4_45","totalizer","none","slot-service","UNSATISFIABLE","0,080929","0","0","0","0","","","","","120"
"6","TOT-none-ss","instance_40_10_4_46","totalizer","none","slot-service","OPTIMUM","88,06803","88,00706","9010","103985","2003","557","562","5","0","120"
"6","TOT-none-ss","instance_40_10_4_47","totalizer","none","slot-service","UNSATISFIABLE","0,086656","0","0","0","0","","","","","120"
"6","TOT-none-ss","instance_40_10_4_48","totalizer","none","slot-service","OPTIMUM","31,11414","31,05388","8965","102763","1900","571","574","3","0","120"
"6","TOT-none-ss","instance_40_10_4_49","totalizer","none","slot-service","UNSATISFIABLE","0,066464","0","0","0","0","","","","","120"
"6","TOT-none-ss","instance_40_10_4_5","totalizer","none","slot-service","UNSATISFIABLE","0,086829","0","0","0","0","","","","","120"
"6","TOT-none-ss","instance_40_10_4_50","totalizer","none","slot-service","UNSATISFIABLE","0,117828","0","0","0","0","","","","","120"
"6","TOT-none-ss","instance_40_10_4_6","totalizer","none","slot-service","OPTIMUM","30,99033","30,93331","8463","89692","1889","554","563","9","0","120"
"6","TOT-none-ss","instance_40_10_4_7","totalizer","none","slot-service","UNSATISFIABLE","0,089951","0","0","0","0","","","","","120"
"6","TOT-none-ss","instance_40_10_4_8","totalizer","none","slot-service","UNSATISFIABLE","0,05648","0","0","0","0","","","","","120"
"6","TOT-none-ss","instance_40_10_4_9","totalizer","none","slot-service","UNSATISFIABLE","0,068613","0","0","0","0","","","","","120"
"6","TOT-none-ss","instance_40_10_5_1","totalizer","none","slot-service","UNSATISFIABLE","0,168515","0","0","0","0","","","","","120"
"6","TOT-none-ss","instance_40_10_5_10","totalizer","none","slot-service","UNSATISFIABLE","0,084177","0","0","0","0","","","","","120"
"6","TOT-none-ss","instance_40_10_5_11","totalizer","none","slot-service","OPTIMUM","121,9185","121,8606","9307","119861","2114","609","620","11","0","120"
"6","TOT-none-ss","instance_40_10_5_12","totalizer","none","slot-service","TIMEOUT","300,1191","0","0","0","0","","","","","120"
"6","TOT-none-ss","instance_40_10_5_13","totalizer","none","slot-service","UNSATISFIABLE","0,125536","0","0","0","0","","","","","120"
"6","TOT-none-ss","instance_40_10_5_14","totalizer","none","slot-service","OPTIMUM","51,60534","51,53021","11417","145074","2276","663","669","6","0","120"
"6","TOT-none-ss","instance_40_10_5_15","totalizer","none","slot-service","UNSATISFIABLE","0,110682","0","0","0","0","","","","","120"
"6","TOT-none-ss","instance_40_10_5_16","totalizer","none","slot-service","UNSATISFIABLE","0,165182","0","0","0","0","","","","","120"
"6","TOT-none-ss","instance_40_10_5_17","totalizer","none","slot-service","OPTIMUM","29,79008","29,71573","10533","135809","2324","706","709","3","0","120"
"6","TOT-none-ss","instance_40_10_5_18","totalizer","none","slot-service","UNSATISFIABLE","0,106545","0","0","0","0","","","","","120"
"6","TOT-none-ss","instance_40_10_5_19","totalizer","none","slot-service","TIMEOUT","300,1185","0","0","0","0","","","","","120"
"6","TOT-none-ss","instance_40_10_5_2","totalizer","none","slot-service","OPTIMUM","98,86808","98,78741","11505","152281","2180","704","718","14","0","120"
"6","TOT-none-ss","instance_40_10_5_20","totalizer","none","slot-service","UNSATISFIABLE","0,061185","0","0","0","0","","","","","120"
"6","TOT-none-ss","instance_40_10_5_21","totalizer","none","slot-service","UNSATISFIABLE","0,083542","0","0","0","0","","","","","120"
"6","TOT-none-ss","instance_40_10_5_22","totalizer","none","slot-service","TIMEOUT","300,1198","0","0","0","0","","","","","120"
"6","TOT-none-ss","instance_40_10_5_23","totalizer","none","slot-service","UNSATISFIABLE","0,082254","0","0","0","0","","","","","120"
"6","TOT-none-ss","instance_40_10_5_24","totalizer","none","slot-service","UNSATISFIABLE","0,138964","0","0","0","0","","","","","120"
"6","TOT-none-ss","instance_40_10_5_25","totalizer","none","slot-service","UNSATISFIABLE","0,075964","0","0","0","0","","","","","120"
"6","TOT-none-ss","instance_40_10_5_26","totalizer","none","slot-service","UNSATISFIABLE","0,208812","0","0","0","0","","","","","120"
"6","TOT-none-ss","instance_40_10_5_27","totalizer","none","slot-service","UNSATISFIABLE","0,127481","0","0","0","0","","","","","120"
"6","TOT-none-ss","instance_40_10_5_28","totalizer","none","slot-service","TIMEOUT","300,1215","0","0","0","0","","","","","120"
"6","TOT-none-ss","instance_40_10_5_29","totalizer","none","slot-service","OPTIMUM","47,15636","47,07714","11810","148296","2387","698","702","4","0","120"
"6","TOT-none-ss","instance_40_10_5_3","totalizer","none","slot-service","UNSATISFIABLE","0,171569","0","0","0","0","","","","","120"
"6","TOT-none-ss","instance_40_10_5_30","totalizer","none","slot-service","UNSATISFIABLE","0,059975","0","0","0","0","","","","","120"
"6","TOT-none-ss","instance_40_10_5_31","totalizer","none","slot-service","UNSATISFIABLE","0,089036","0","0","0","0","","","","","120"
"6","TOT-none-ss","instance_40_10_5_32","totalizer","none","slot-service","OPTIMUM","33,65115","33,57907","10594","134535","2311","699","701","2","0","120"
"6","TOT-none-ss","instance_40_10_5_33","totalizer","none","slot-service","UNSATISFIABLE","0,099929","0","0","0","0","","","","","120"
"6","TOT-none-ss","instance_40_10_5_34","totalizer","none","slot-service","UNSATISFIABLE","1,143955","0","0","0","0","","","","","120"
"6","TOT-none-ss","instance_40_10_5_35","totalizer","none","slot-service","UNSATISFIABLE","0,077706","0","0","0","0","","","","","120"
"6","TOT-none-ss","instance_40_10_5_36","totalizer","none","slot-service","UNSATISFIABLE","0,209471","0","0","0","0","","","","","120"
"6","TOT-none-ss","instance_40_10_5_37","totalizer","none","slot-service","UNSATISFIABLE","0,079668","0","0","0","0","","","","","120"
"6","TOT-none-ss","instance_40_10_5_38","totalizer","none","slot-service","UNSATISFIABLE","0,077178","0","0","0","0","","","","","120"
"6","TOT-none-ss","instance_40_10_5_39","totalizer","none","slot-service","OPTIMUM","91,2095","91,14947","10523","126335","2189","691","696","5","0","120"
"6","TOT-none-ss","instance_40_10_5_4","totalizer","none","slot-service","UNSATISFIABLE","0,07847","0","0","0","0","","","","","120"
"6","TOT-none-ss","instance_40_10_5_40","totalizer","none","slot-service","UNSATISFIABLE","0,082064","0","0","0","0","","","","","120"
"6","TOT-none-ss","instance_40_10_5_41","totalizer","none","slot-service","UNSATISFIABLE","0,53022","0","0","0","0","","","","","120"
"6","TOT-none-ss","instance_40_10_5_42","totalizer","none","slot-service","UNSATISFIABLE","0,075445","0","0","0","0","","","","","120"
"6","TOT-none-ss","instance_40_10_5_43","totalizer","none","slot-service","UNSATISFIABLE","0,077955","0","0","0","0","","","","","120"
"6","TOT-none-ss","instance_40_10_5_44","totalizer","none","slot-service","OPTIMUM","28,52457","28,46578","9885","116306","2059","634","647","13","0","120"
"6","TOT-none-ss","instance_40_10_5_45","totalizer","none","slot-service","TIMEOUT","300,1215","0","0","0","0","","","","","120"
"6","TOT-none-ss","instance_40_10_5_46","totalizer","none","slot-service","UNSATISFIABLE","0,082916","0","0","0","0","","","","","120"
"6","TOT-none-ss","instance_40_10_5_47","totalizer","none","slot-service","UNSATISFIABLE","0,085356","0","0","0","0","","","","","120"
"6","TOT-none-ss","instance_40_10_5_48","totalizer","none","slot-service","UNSATISFIABLE","0,122741","0","0","0","0","","","","","120"
"6","TOT-none-ss","instance_40_10_5_49","totalizer","none","slot-service","OPTIMUM","151,8796","151,7875","12815","177482","2407","710","722","12","0","120"
"6","TOT-none-ss","instance_40_10_5_5","totalizer","none","slot-service","TIMEOUT","300,1128","0","0","0","0","","","","","120"
"6","TOT-none-ss","instance_40_10_5_50","totalizer","none","slot-service","UNSATISFIABLE","0,088596","0","0","0","0","","","","","120"
"6","TOT-none-ss","instance_40_10_5_6","totalizer","none","slot-service","TIMEOUT","300,1183","0","0","0","0","","","","","120"
"6","TOT-none-ss","instance_40_10_5_7","totalizer","none","slot-service","OPTIMUM","48,84767","48,76918","11140","153293","2328","695","703","8","0","120"
"6","TOT-none-ss","instance_40_10_5_8","totalizer","none","slot-service","UNSATISFIABLE","0,081156","0","0","0","0","","","","","120"
"6","TOT-none-ss","instance_40_10_5_9","totalizer","none","slot-service","UNSATISFIABLE","0,114667","0","0","0","0","","","","","120"
"6","TOT-none-ss","instance_40_15_4_1","totalizer","none","slot-service","OPTIMUM","24,97085","24,87801","11798","138674","2764","591","593","2","0","120"
"6","TOT-none-ss","instance_40_15_4_10","totalizer","none","slot-service","OPTIMUM","71,48187","71,42046","9148","89588","2323","522","527","2","3","120"
"6","TOT-none-ss","instance_40_15_4_11","totalizer","none","slot-service","TIMEOUT","300,1193","0","0","0","0","","","","","120"
"6","TOT-none-ss","instance_40_15_4_12","totalizer","none","slot-service","UNSATISFIABLE","0,235534","0","0","0","0","","","","","120"
"6","TOT-none-ss","instance_40_15_4_13","totalizer","none","slot-service","UNSATISFIABLE","0,114019","0","0","0","0","","","","","120"
"6","TOT-none-ss","instance_40_15_4_14","totalizer","none","slot-service","OPTIMUM","30,32313","30,23089","11940","137706","2599","566","573","7","0","120"
"6","TOT-none-ss","instance_40_15_4_15","totalizer","none","slot-service","UNSATISFIABLE","0,102536","0","0","0","0","","","","","120"
"6","TOT-none-ss","instance_40_15_4_16","totalizer","none","slot-service","UNSATISFIABLE","0,212176","0","0","0","0","","","","","120"
"6","TOT-none-ss","instance_40_15_4_17","totalizer","none","slot-service","OPTIMUM","38,05188","37,95352","12685","152572","2860","519","528","9","0","120"
"6","TOT-none-ss","instance_40_15_4_18","totalizer","none","slot-service","OPTIMUM","26,70092","26,60187","12898","155932","2777","595","599","4","0","120"
"6","TOT-none-ss","instance_40_15_4_19","totalizer","none","slot-service","OPTIMUM","17,67924","17,58683","11775","138173","2816","585","590","5","0","120"
"6","TOT-none-ss","instance_40_15_4_2","totalizer","none","slot-service","TIMEOUT","300,1159","0","0","0","0","","","","","120"
"6","TOT-none-ss","instance_40_15_4_20","totalizer","none","slot-service","OPTIMUM","19,99511","19,89783","12248","145339","2667","580","580","0","0","120"
"6","TOT-none-ss","instance_40_15_4_21","totalizer","none","slot-service","OPTIMUM","29,88368","29,80965","11078","118041","2665","535","549","14","0","120"
"6","TOT-none-ss","instance_40_15_4_22","totalizer","none","slot-service","OPTIMUM","46,41836","46,30734","13688","192223","2874","590","593","3","0","120"
"6","TOT-none-ss","instance_40_15_4_23","totalizer","none","slot-service","OPTIMUM","38,72692","38,65783","10252","113743","2600","553","559","6","0","120"
"6","TOT-none-ss","instance_40_15_4_24","totalizer","none","slot-service","OPTIMUM","31,36692","31,29892","10591","116521","2655","580","586","6","0","120"
"6","TOT-none-ss","instance_40_15_4_25","totalizer","none","slot-service","OPTIMUM","29,92439","29,81915","12855","161380","2815","604","606","2","0","120"
"6","TOT-none-ss","instance_40_15_4_26","totalizer","none","slot-service","OPTIMUM","10,03069","9,968198","9759","93884","2516","593","593","0","0","120"
"6","TOT-none-ss","instance_40_15_4_27","totalizer","none","slot-service","UNSATISFIABLE","0,128891","0","0","0","0","","","","","120"
"6","TOT-none-ss","instance_40_15_4_28","totalizer","none","slot-service","OPTIMUM","32,21662","32,14402","11170","122338","2524","595","598","3","0","120"
"6","TOT-none-ss","instance_40_15_4_29","totalizer","none","slot-service","UNSATISFIABLE","0,111129","0","0","0","0","","","","","120"
"6","TOT-none-ss","instance_40_15_4_3","totalizer","none","slot-service","UNSATISFIABLE","0,0699","0","0","0","0","","","","","120"
"6","TOT-none-ss","instance_40_15_4_30","totalizer","none","slot-service","OPTIMUM","37,58582","37,51361","10811","128703","2639","532","537","5","0","120"
"6","TOT-none-ss","instance_40_15_4_31","totalizer","none","slot-service","OPTIMUM","22,63277","22,53819","12458","140601","2862","564","574","10","0","120"
"6","TOT-none-ss","instance_40_15_4_32","totalizer","none","slot-service","OPTIMUM","30,10888","30,01433","12116","145741","2788","591","593","2","0","120"
"6","TOT-none-ss","instance_40_15_4_33","totalizer","none","slot-service","UNSATISFIABLE","0,208411","0","0","0","0","","","","","120"
"6","TOT-none-ss","instance_40_15_4_34","totalizer","none","slot-service","OPTIMUM","26,67289","26,60981","9889","98364","2371","544","553","9","0","120"
"6","TOT-none-ss","instance_40_15_4_35","totalizer","none","slot-service","OPTIMUM","27,12784","27,06138","10014","108757","2601","554","565","11","0","120"
"6","TOT-none-ss","instance_40_15_4_36","totalizer","none","slot-service","OPTIMUM","31,30798","31,23383","11090","122336","2646","536","551","15","0","120"
"6","TOT-none-ss","instance_40_15_4_37","totalizer","none","slot-service","UNSATISFIABLE","0,182062","0","0","0","0","","","","","120"
"6","TOT-none-ss","instance_40_15_4_38","totalizer","none","slot-service","OPTIMUM","54,11668","54,0237","12080","148110","2833","564","567","2","1","120"
"6","TOT-none-ss","instance_40_15_4_39","totalizer","none","slot-service","OPTIMUM","26,34274","26,22722","14508","201533","2921","601","606","5","0","120"
"6","TOT-none-ss","instance_40_15_4_4","totalizer","none","slot-service","OPTIMUM","29,8781","29,80174","11814","125511","2745","538","551","13","0","120"
"6","TOT-none-ss","instance_40_15_4_40","totalizer","none","slot-service","OPTIMUM","27,13256","27,03846","12263","139464","2748","599","600","1","0","120"
"6","TOT-none-ss","instance_40_15_4_41","totalizer","none","slot-service","UNSATISFIABLE","0,130692","0","0","0","0","","","","","120"
"6","TOT-none-ss","instance_40_15_4_42","totalizer","none","slot-service","UNSATISFIABLE","0,122424","0","0","0","0","","","","","120"
"6","TOT-none-ss","instance_40_15_4_43","totalizer","none","slot-service","OPTIMUM","26,2617","26,19081","10732","127045","2609","566","571","5","0","120"
"6","TOT-none-ss","instance_40_15_4_44","totalizer","none","slot-service","OPTIMUM","45,63012","45,53527","12024","136312","2801","536","551","15","0","120"
"6","TOT-none-ss","instance_40_15_4_45","totalizer","none","slot-service","OPTIMUM","26,79075","26,71711","11171","127564","2684","584","589","5","0","120"
"6","TOT-none-ss","instance_40_15_4_46","totalizer","none","slot-service","OPTIMUM","39,35022","39,24653","13050","166719","2918","605","609","4","0","120"
"6","TOT-none-ss","instance_40_15_4_47","totalizer","none","slot-service","OPTIMUM","49,93528","49,8661","10600","119784","2667","571","580","9","0","120"
"6","TOT-none-ss","instance_40_15_4_48","totalizer","none","slot-service","OPTIMUM","29,94882","29,83856","13711","191618","2967","571","579","8","0","120"
"6","TOT-none-ss","instance_40_15_4_49","totalizer","none","slot-service","OPTIMUM","23,95359","23,8428","13982","181160","2907","582","587","5","0","120"
"6","TOT-none-ss","instance_40_15_4_5","totalizer","none","slot-service","OPTIMUM","45,52472","45,45517","10722","113066","2538","547","566","15","4","120"
"6","TOT-none-ss","instance_40_15_4_50","totalizer","none","slot-service","OPTIMUM","33,19382","33,12741","9956","111847","2535","585","591","5","1","120"
"6","TOT-none-ss","instance_40_15_4_6","totalizer","none","slot-service","OPTIMUM","31,78284","31,72245","9771","87453","2515","550","559","9","0","120"
"6","TOT-none-ss","instance_40_15_4_7","totalizer","none","slot-service","OPTIMUM","39,10884","38,99992","12936","158326","2902","572","582","10","0","120"
"6","TOT-none-ss","instance_40_15_4_8","totalizer","none","slot-service","OPTIMUM","32,3908","32,33485","8831","85750","2422","496","509","13","0","120"
"6","TOT-none-ss","instance_40_15_4_9","totalizer","none","slot-service","OPTIMUM","75,11096","75,01345","12617","155965","2683","590","592","2","0","120"
"6","TOT-none-ss","instance_40_15_5_1","totalizer","none","slot-service","OPTIMUM","134,4712","134,3409","16387","252586","3457","751","756","4","1","120"
"6","TOT-none-ss","instance_40_15_5_10","totalizer","none","slot-service","OPTIMUM","29,89769","29,78216","15206","204451","3198","724","731","7","0","120"
"6","TOT-none-ss","instance_40_15_5_11","totalizer","none","slot-service","OPTIMUM","48,31482","48,20036","14642","204375","3247","695","699","4","0","120"
"6","TOT-none-ss","instance_40_15_5_12","totalizer","none","slot-service","OPTIMUM","72,23112","72,10416","16879","239104","3350","773","773","0","0","120"
"6","TOT-none-ss","instance_40_15_5_13","totalizer","none","slot-service","UNSATISFIABLE","0,304442","0","0","0","0","","","","","120"
"6","TOT-none-ss","instance_40_15_5_14","totalizer","none","slot-service","OPTIMUM","67,64667","67,52187","16003","232492","3227","711","722","11","0","120"
"6","TOT-none-ss","instance_40_15_5_15","totalizer","none","slot-service","OPTIMUM","53,46653","53,3344","17474","249923","3438","736","744","8","0","120"
"6","TOT-none-ss","instance_40_15_5_16","totalizer","none","slot-service","TIMEOUT","300,1298","0","0","0","0","","","","","120"
"6","TOT-none-ss","instance_40_15_5_17","totalizer","none","slot-service","TIMEOUT","300,1185","0","0","0","0","","","","","120"
"6","TOT-none-ss","instance_40_15_5_18","totalizer","none","slot-service","OPTIMUM","40,69921","40,61139","13527","168335","3134","685","692","7","0","120"
"6","TOT-none-ss","instance_40_15_5_19","totalizer","none","slot-service","UNSATISFIABLE","0,154497","0","0","0","0","","","","","120"
"6","TOT-none-ss","instance_40_15_5_2","totalizer","none","slot-service","OPTIMUM","66,47731","66,39184","13194","163672","3038","714","727","13","0","120"
"6","TOT-none-ss","instance_40_15_5_20","totalizer","none","slot-service","OPTIMUM","50,68345","50,58609","14738","189517","3176","703","712","9","0","120"
"6","TOT-none-ss","instance_40_15_5_21","totalizer","none","slot-service","OPTIMUM","38,24989","38,10549","18103","274575","3399","732","738","6","0","120"
"6","TOT-none-ss","instance_40_15_5_22","totalizer","none","slot-service","UNSATISFIABLE","0,115943","0","0","0","0","","","","","120"
"6","TOT-none-ss","instance_40_15_5_23","totalizer","none","slot-service","OPTIMUM","26,00922","25,93489","11570","133488","2884","717","719","2","0","120"
"6","TOT-none-ss","instance_40_15_5_24","totalizer","none","slot-service","OPTIMUM","96,97496","96,8791","14278","188903","3010","723","733","10","0","120"
"6","TOT-none-ss","instance_40_15_5_25","totalizer","none","slot-service","UNSATISFIABLE","0,148256","0","0","0","0","","","","","120"
"6","TOT-none-ss","instance_40_15_5_26","totalizer","none","slot-service","OPTIMUM","64,66455","64,56289","13994","193671","3105","710","722","12","0","120"
"6","TOT-none-ss","instance_40_15_5_27","totalizer","none","slot-service","OPTIMUM","53,1637","53,08219","12356","145967","3072","640","657","16","1","120"
"6","TOT-none-ss","instance_40_15_5_28","totalizer","none","slot-service","OPTIMUM","29,52464","29,43047","14740","188473","3477","749","752","3","0","120"
"6","TOT-none-ss","instance_40_15_5_29","totalizer","none","slot-service","UNSATISFIABLE","0,200705","0","0","0","0","","","","","120"
"6","TOT-none-ss","instance_40_15_5_3","totalizer","none","slot-service","OPTIMUM","62,133","61,99031","17654","265834","3639","745","749","4","0","120"
"6","TOT-none-ss","instance_40_15_5_30","totalizer","none","slot-service","OPTIMUM","40,81551","40,67109","17327","273975","3294","706","715","9","0","120"
"6","TOT-none-ss","instance_40_15_5_31","totalizer","none","slot-service","OPTIMUM","47,5292","47,42729","15570","200438","3383","717","728","11","0","120"
"6","TOT-none-ss","instance_40_15_5_32","totalizer","none","slot-service","UNSATISFIABLE","0,19587","0","0","0","0","","","","","120"
"6","TOT-none-ss","instance_40_15_5_33","totalizer","none","slot-service","OPTIMUM","117,6232","117,5387","12367","149315","2925","676","682","6","0","120"
"6","TOT-none-ss","instance_40_15_5_34","totalizer","none","slot-service","OPTIMUM","163,0547","162,9407","16785","246602","3397","728","737","9","0","120"
"6","TOT-none-ss","instance_40_15_5_35","totalizer","none","slot-service","OPTIMUM","63,48284","63,3732","16280","227731","3325","743","748","5","0","120"
"6","TOT-none-ss","instance_40_15_5_36","totalizer","none","slot-service","UNSATISFIABLE","0,343448","0","0","0","0","","","","","120"
"6","TOT-none-ss","instance_40_15_5_37","totalizer","none","slot-service","UNSATISFIABLE","0,334733","0","0","0","0","","","","","120"
"6","TOT-none-ss","instance_40_15_5_38","totalizer","none","slot-service","UNSATISFIABLE","0,12612","0","0","0","0","","","","","120"
"6","TOT-none-ss","instance_40_15_5_39","totalizer","none","slot-service","OPTIMUM","47,9733","47,87344","15290","208923","3368","700","707","7","0","120"
"6","TOT-none-ss","instance_40_15_5_4","totalizer","none","slot-service","OPTIMUM","26,60404","26,50151","15655","224638","3409","728","737","9","0","120"
"6","TOT-none-ss","instance_40_15_5_40","totalizer","none","slot-service","OPTIMUM","44,15386","44,06386","13947","182620","3214","696","710","14","0","120"
"6","TOT-none-ss","instance_40_15_5_41","totalizer","none","slot-service","OPTIMUM","25,62104","25,52728","14222","192363","3259","744","745","1","0","120"
"6","TOT-none-ss","instance_40_15_5_42","totalizer","none","slot-service","OPTIMUM","24,4931","24,42837","11207","128194","2907","685","694","9","0","120"
"6","TOT-none-ss","instance_40_15_5_43","totalizer","none","slot-service","OPTIMUM","59,55024","59,43885","16280","249971","3276","746","752","6","0","120"
"6","TOT-none-ss","instance_40_15_5_44","totalizer","none","slot-service","UNSATISFIABLE","0,75801","0","0","0","0","","","","","120"
"6","TOT-none-ss","instance_40_15_5_45","totalizer","none","slot-service","OPTIMUM","96,05344","95,96286","13112","172886","3047","716","724","8","0","120"
"6","TOT-none-ss","instance_40_15_5_46","totalizer","none","slot-service","OPTIMUM","36,47222","36,38567","13359","164385","3123","649","661","12","0","120"
"6","TOT-none-ss","instance_40_15_5_47","totalizer","none","slot-service","OPTIMUM","33,36852","33,27312","14654","189350","3162","656","665","9","0","120"
"6","TOT-none-ss","instance_40_15_5_48","totalizer","none","slot-service","OPTIMUM","46,2563","46,17056","12985","154991","2972","660","670","10","0","120"
"6","TOT-none-ss","instance_40_15_5_49","totalizer","none","slot-service","UNSATISFIABLE","0,129696","0","0","0","0","","","","","120"
"6","TOT-none-ss","instance_40_15_5_5","totalizer","none","slot-service","UNSATISFIABLE","0,269361","0","0","0","0","","","","","120"
"6","TOT-none-ss","instance_40_15_5_50","totalizer","none","slot-service","OPTIMUM","52,76914","52,67489","14275","184018","3021","701","708","7","0","120"
"6","TOT-none-ss","instance_40_15_5_6","totalizer","none","slot-service","UNSATISFIABLE","0,420676","0","0","0","0","","","","","120"
"6","TOT-none-ss","instance_40_15_5_7","totalizer","none","slot-service","OPTIMUM","202,7882","202,6502","17141","267501","3396","757","761","4","0","120"
"6","TOT-none-ss","instance_40_15_5_8","totalizer","none","slot-service","OPTIMUM","44,94615","44,85207","14522","183402","3259","694","704","10","0","120"
"6","TOT-none-ss","instance_40_15_5_9","totalizer","none","slot-service","TIMEOUT","300,1129","0","0","0","0","","","","","120"
"6","TOT-none-ss","instance_40_20_4_1","totalizer","none","slot-service","OPTIMUM","61,49682","61,37786","16318","216376","3637","585","592","7","0","120"
"6","TOT-none-ss","instance_40_20_4_10","totalizer","none","slot-service","OPTIMUM","21,11837","21,02318","13745","160862","3475","603","605","2","0","120"
"6","TOT-none-ss","instance_40_20_4_11","totalizer","none","slot-service","OPTIMUM","15,97938","15,86105","16546","228117","3746","590","594","4","0","120"
"6","TOT-none-ss","instance_40_20_4_12","totalizer","none","slot-service","OPTIMUM","31,84373","31,73332","15441","195970","3640","600","602","2","0","120"
"6","TOT-none-ss","instance_40_20_4_13","totalizer","none","slot-service","OPTIMUM","29,55538","29,43978","16016","205707","3579","609","614","5","0","120"
"6","TOT-none-ss","instance_40_20_4_14","totalizer","none","slot-service","OPTIMUM","43,08711","42,96763","16731","222608","3795","618","619","1","0","120"
"6","TOT-none-ss","instance_40_20_4_15","totalizer","none","slot-service","OPTIMUM","44,88131","44,76081","16781","233679","3686","611","615","4","0","120"
"6","TOT-none-ss","instance_40_20_4_16","totalizer","none","slot-service","OPTIMUM","38,96023","38,83145","17290","249935","3668","599","601","2","0","120"
"6","TOT-none-ss","instance_40_20_4_17","totalizer","none","slot-service","OPTIMUM","11,16074","11,06538","13770","165725","3529","622","623","1","0","120"
"6","TOT-none-ss","instance_40_20_4_18","totalizer","none","slot-service","OPTIMUM","20,75392","20,6635","13358","142518","3597","573","575","2","0","120"
"6","TOT-none-ss","instance_40_20_4_19","totalizer","none","slot-service","OPTIMUM","24,27164","24,17126","14302","178019","3498","605","605","0","0","120"
"6","TOT-none-ss","instance_40_20_4_2","totalizer","none","slot-service","OPTIMUM","22,08043","21,98046","14421","174021","3609","595","600","5","0","120"
"6","TOT-none-ss","instance_40_20_4_20","totalizer","none","slot-service","OPTIMUM","12,57132","12,45998","15386","178603","3742","580","588","8","0","120"
"6","TOT-none-ss","instance_40_20_4_21","totalizer","none","slot-service","OPTIMUM","23,88443","23,78314","14159","169061","3392","585","593","8","0","120"
"6","TOT-none-ss","instance_40_20_4_22","totalizer","none","slot-service","OPTIMUM","30,02143","29,91657","14421","184144","3445","582","586","4","0","120"
"6","TOT-none-ss","instance_40_20_4_23","totalizer","none","slot-service","OPTIMUM","50,9324","50,81653","15991","201186","3580","574","582","8","0","120"
"6","TOT-none-ss","instance_40_20_4_24","totalizer","none","slot-service","OPTIMUM","28,09676","27,98265","16405","214103","3720","617","618","1","0","120"
"6","TOT-none-ss","instance_40_20_4_25","totalizer","none","slot-service","OPTIMUM","42,0286","41,91131","17083","218328","3751","604","609","5","0","120"
"6","TOT-none-ss","instance_40_20_4_26","totalizer","none","slot-service","OPTIMUM","25,84712","25,77347","12384","121661","3279","573","580","7","0","120"
"6","TOT-none-ss","instance_40_20_4_27","totalizer","none","slot-service","OPTIMUM","20,70245","20,61705","12841","148841","3366","578","584","6","0","120"
"6","TOT-none-ss","instance_40_20_4_28","totalizer","none","slot-service","UNSATISFIABLE","0,161907","0","0","0","0","","","","","120"
"6","TOT-none-ss","instance_40_20_4_29","totalizer","none","slot-service","OPTIMUM","15,39767","15,28171","16582","224325","3691","623","624","1","0","120"
"6","TOT-none-ss","instance_40_20_4_3","totalizer","none","slot-service","OPTIMUM","31,93188","31,81275","15918","223917","3512","585","590","5","0","120"
"6","TOT-none-ss","instance_40_20_4_30","totalizer","none","slot-service","OPTIMUM","32,31404","32,21453","13688","164725","3261","599","604","5","0","120"
"6","TOT-none-ss","instance_40_20_4_31","totalizer","none","slot-service","OPTIMUM","24,41887","24,32348","13773","161749","3563","609","612","3","0","120"
"6","TOT-none-ss","instance_40_20_4_32","totalizer","none","slot-service","OPTIMUM","27,16273","27,04645","16012","214137","3743","613","617","4","0","120"
"6","TOT-none-ss","instance_40_20_4_33","totalizer","none","slot-service","OPTIMUM","21,48818","21,37356","15877","206095","3719","579","580","1","0","120"
"6","TOT-none-ss","instance_40_20_4_34","totalizer","none","slot-service","OPTIMUM","38,28788","38,1819","15397","183966","3671","581","590","9","0","120"
"6","TOT-none-ss","instance_40_20_4_35","totalizer","none","slot-service","OPTIMUM","66,47033","66,35056","16762","227637","3745","618","619","1","0","120"
"6","TOT-none-ss","instance_40_20_4_36","totalizer","none","slot-service","OPTIMUM","55,24806","55,13873","15078","191283","3583","563","571","8","0","120"
"6","TOT-none-ss","instance_40_20_4_37","totalizer","none","slot-service","OPTIMUM","205,666","205,5765","13019","143794","3213","605","610","4","1","120"
"6","TOT-none-ss","instance_40_20_4_38","totalizer","none","slot-service","OPTIMUM","22,6883","22,58619","14915","176801","3595","605","608","3","0","120"
"6","TOT-none-ss","instance_40_20_4_39","totalizer","none","slot-service","OPTIMUM","39,59889","39,49747","13913","175953","3371","608","610","2","0","120"
"6","TOT-none-ss","instance_40_20_4_4","totalizer","none","slot-service","OPTIMUM","15,35664","15,2883","11872","109921","3273","588","594","6","0","120"
"6","TOT-none-ss","instance_40_20_4_40","totalizer","none","slot-service","OPTIMUM","27,12384","27,0118","15642","207326","3504","619","620","1","0","120"
"6","TOT-none-ss","instance_40_20_4_41","totalizer","none","slot-service","OPTIMUM","28,18399","28,06385","17335","223191","4001","618","622","4","0","120"
"6","TOT-none-ss","instance_40_20_4_42","totalizer","none","slot-service","OPTIMUM","30,34849","30,25472","14150","150453","3496","605","607","2","0","120"
"6","TOT-none-ss","instance_40_20_4_43","totalizer","none","slot-service","OPTIMUM","11,50245","11,38743","16416","214074","3771","614","615","1","0","120"
"6","TOT-none-ss","instance_40_20_4_44","totalizer","none","slot-service","OPTIMUM","26,84462","26,71306","17467","254858","3799","602","604","2","0","120"
"6","TOT-none-ss","instance_40_20_4_45","totalizer","none","slot-service","OPTIMUM","33,53026","33,42834","14904","187808","3528","605","607","2","0","120"
"6","TOT-none-ss","instance_40_20_4_46","totalizer","none","slot-service","OPTIMUM","27,18586","27,08286","14487","167429","3551","584","586","2","0","120"
"6","TOT-none-ss","instance_40_20_4_47","totalizer","none","slot-service","OPTIMUM","98,25508","98,18051","11825","125910","3173","560","569","9","0","120"
"6","TOT-none-ss","instance_40_20_4_48","totalizer","none","slot-service","OPTIMUM","54,60061","54,49382","14633","170816","3626","577","584","7","0","120"
"6","TOT-none-ss","instance_40_20_4_49","totalizer","none","slot-service","OPTIMUM","30,53054","30,36374","18466","273431","3750","613","617","4","0","120"
"6","TOT-none-ss","instance_40_20_4_5","totalizer","none","slot-service","OPTIMUM","51,24612","51,11197","17504","250573","3745","607","610","3","0","120"
"6","TOT-none-ss","instance_40_20_4_50","totalizer","none","slot-service","OPTIMUM","33,95008","33,82873","16625","218598","3713","598","602","4","0","120"
"6","TOT-none-ss","instance_40_20_4_6","totalizer","none","slot-service","OPTIMUM","20,20834","20,09548","15577","198950","3578","615","616","1","0","120"
"6","TOT-none-ss","instance_40_20_4_7","totalizer","none","slot-service","OPTIMUM","33,46036","33,36163","13811","162307","3464","607","610","3","0","120"
"6","TOT-none-ss","instance_40_20_4_8","totalizer","none","slot-service","OPTIMUM","40,58174","40,46802","15292","194655","3385","606","608","2","0","120"
"6","TOT-none-ss","instance_40_20_4_9","totalizer","none","slot-service","OPTIMUM","25,88731","25,77638","15413","190798","3631","619","619","0","0","120"
"6","TOT-none-ss","instance_40_20_5_1","totalizer","none","slot-service","TIMEOUT","300,1242","0","0","0","0","","","","","120"
"6","TOT-none-ss","instance_40_20_5_10","totalizer","none","slot-service","OPTIMUM","24,37462","24,2768","16453","195869","4081","716","724","8","0","120"
"6","TOT-none-ss","instance_40_20_5_11","totalizer","none","slot-service","OPTIMUM","32,60374","32,44874","19559","279451","4143","734","738","4","0","120"
"6","TOT-none-ss","instance_40_20_5_12","totalizer","none","slot-service","OPTIMUM","69,59871","69,47734","18765","258867","4408","724","735","11","0","120"
"6","TOT-none-ss","instance_40_20_5_13","totalizer","none","slot-service","OPTIMUM","48,68059","48,56074","19305","254937","4312","763","767","4","0","120"
"6","TOT-none-ss","instance_40_20_5_14","totalizer","none","slot-service","OPTIMUM","55,90527","55,7521","20639","310889","4541","772","772","0","0","120"
"6","TOT-none-ss","instance_40_20_5_15","totalizer","none","slot-service","OPTIMUM","22,66694","22,55972","17374","212518","4109","745","751","6","0","120"
"6","TOT-none-ss","instance_40_20_5_16","totalizer","none","slot-service","OPTIMUM","25,66623","25,56215","16850","222304","4090","745","751","6","0","120"
"6","TOT-none-ss","instance_40_20_5_17","totalizer","none","slot-service","OPTIMUM","62,27335","62,10798","21070","342564","4329","737","745","8","0","120"
"6","TOT-none-ss","instance_40_20_5_18","totalizer","none","slot-service","OPTIMUM","46,72294","46,62216","16476","204651","4143","758","763","5","0","120"
"6","TOT-none-ss","instance_40_20_5_19","totalizer","none","slot-service","OPTIMUM","39,73766","39,58169","20887","300666","4519","753","758","5","0","120"
"6","TOT-none-ss","instance_40_20_5_2","totalizer","none","slot-service","OPTIMUM","49,91943","49,77125","19766","276066","4418","751","761","10","0","120"
"6","TOT-none-ss","instance_40_20_5_20","totalizer","none","slot-service","OPTIMUM","40,39908","40,2536","19163","267856","4106","776","779","3","0","120"
"6","TOT-none-ss","instance_40_20_5_21","totalizer","none","slot-service","OPTIMUM","37,79065","37,62589","21651","338075","4406","761","763","2","0","120"
"6","TOT-none-ss","instance_40_20_5_22","totalizer","none","slot-service","OPTIMUM","117,9756","117,8261","20081","289045","4476","758","764","6","0","120"
"6","TOT-none-ss","instance_40_20_5_23","totalizer","none","slot-service","OPTIMUM","34,73865","34,61479","19714","256915","4458","766","771","5","0","120"
"6","TOT-none-ss","instance_40_20_5_24","totalizer","none","slot-service","OPTIMUM","47,24233","47,12711","18203","239968","4104","740","749","9","0","120"
"6","TOT-none-ss","instance_40_20_5_25","totalizer","none","slot-service","TIMEOUT","300,1285","0","0","0","0","","","","","120"
"6","TOT-none-ss","instance_40_20_5_26","totalizer","none","slot-service","OPTIMUM","66,9514","66,78708","21467","327992","4250","772","772","0","0","120"
"6","TOT-none-ss","instance_40_20_5_27","totalizer","none","slot-service","OPTIMUM","47,62664","47,53028","14726","188174","3661","689","700","11","0","120"
"6","TOT-none-ss","instance_40_20_5_28","totalizer","none","slot-service","OPTIMUM","25,2848","25,1255","19330","304937","4072","743","746","3","0","120"
"6","TOT-none-ss","instance_40_20_5_29","totalizer","none","slot-service","OPTIMUM","53,79532","53,64741","19729","281751","4314","734","746","12","0","120"
"6","TOT-none-ss","instance_40_20_5_3","totalizer","none","slot-service","OPTIMUM","55,86727","55,752","17580","233148","4027","757","758","1","0","120"
"6","TOT-none-ss","instance_40_20_5_30","totalizer","none","slot-service","OPTIMUM","56,02342","55,87366","19639","277621","4400","755","759","4","0","120"
"6","TOT-none-ss","instance_40_20_5_31","totalizer","none","slot-service","OPTIMUM","22,63333","22,51746","17940","237757","4153","737","741","4","0","120"
"6","TOT-none-ss","instance_40_20_5_32","totalizer","none","slot-service","UNSATISFIABLE","0,310767","0","0","0","0","","","","","120"
"6","TOT-none-ss","instance_40_20_5_33","totalizer","none","slot-service","OPTIMUM","67,35083","67,1924","20941","333100","4331","769","775","6","0","120"
"6","TOT-none-ss","instance_40_20_5_34","totalizer","none","slot-service","OPTIMUM","254,6105","254,4649","19088","272085","4151","748","759","9","2","120"
"6","TOT-none-ss","instance_40_20_5_35","totalizer","none","slot-service","UNSATISFIABLE","0,43264","0","0","0","0","","","","","120"
"6","TOT-none-ss","instance_40_20_5_36","totalizer","none","slot-service","OPTIMUM","56,59255","56,47075","18268","243262","4267","722","732","10","0","120"
"6","TOT-none-ss","instance_40_20_5_37","totalizer","none","slot-service","OPTIMUM","50,77942","50,65273","19181","253776","4340","771","772","1","0","120"
"6","TOT-none-ss","instance_40_20_5_38","totalizer","none","slot-service","OPTIMUM","16,96968","16,82242","18846","278811","4283","764","765","1","0","120"
"6","TOT-none-ss","instance_40_20_5_39","totalizer","none","slot-service","OPTIMUM","111,2347","111,0794","19984","272035","4440","776","777","1","0","120"
"6","TOT-none-ss","instance_40_20_5_4","totalizer","none","slot-service","OPTIMUM","49,02818","48,87331","19708","269909","4315","723","733","10","0","120"
"6","TOT-none-ss","instance_40_20_5_40","totalizer","none","slot-service","OPTIMUM","71,85798","71,70739","18958","263510","4031","688","700","12","0","120"
"6","TOT-none-ss","instance_40_20_5_41","totalizer","none","slot-service","OPTIMUM","35,63186","35,51815","17533","222345","3938","723","733","10","0","120"
"6","TOT-none-ss","instance_40_20_5_42","totalizer","none","slot-service","OPTIMUM","45,51727","45,34759","20896","321999","4081","722","733","11","0","120"
"6","TOT-none-ss","instance_40_20_5_43","totalizer","none","slot-service","OPTIMUM","32,57882","32,40717","21832","351586","4425","756","758","2","0","120"
"6","TOT-none-ss","instance_40_20_5_44","totalizer","none","slot-service","OPTIMUM","43,12225","42,97073","19394","272719","4337","735","744","9","0","120"
"6","TOT-none-ss","instance_40_20_5_45","totalizer","none","slot-service","TIMEOUT","300,121","0","0","0","0","","","","","120"
"6","TOT-none-ss","instance_40_20_5_46","totalizer","none","slot-service","OPTIMUM","39,37127","39,26068","17307","213381","3956","741","753","12","0","120"
"6","TOT-none-ss","instance_40_20_5_47","totalizer","none","slot-service","OPTIMUM","53,53785","53,42688","17641","217284","3995","703","717","14","0","120"
"6","TOT-none-ss","instance_40_20_5_48","totalizer","none","slot-service","OPTIMUM","29,76828","29,61745","19870","290734","4374","767","774","7","0","120"
"6","TOT-none-ss","instance_40_20_5_49","totalizer","none","slot-service","OPTIMUM","56,98669","56,81967","22504","339072","4512","776","785","9","0","120"
"6","TOT-none-ss","instance_40_20_5_5","totalizer","none","slot-service","UNSATISFIABLE","16,69744","0","0","0","0","","","","","120"
"6","TOT-none-ss","instance_40_20_5_50","totalizer","none","slot-service","OPTIMUM","43,24743","43,14457","16267","203308","3989","729","738","9","0","120"
"6","TOT-none-ss","instance_40_20_5_6","totalizer","none","slot-service","OPTIMUM","45,79531","45,63094","21253","336706","4147","733","746","13","0","120"
"6","TOT-none-ss","instance_40_20_5_7","totalizer","none","slot-service","OPTIMUM","7,106977","6,997287","16649","234217","3865","754","756","2","0","120"
"6","TOT-none-ss","instance_40_20_5_8","totalizer","none","slot-service","OPTIMUM","54,73088","54,57519","19709","310060","4331","775","777","2","0","120"
"6","TOT-none-ss","instance_40_20_5_9","totalizer","none","slot-service","OPTIMUM","50,81141","50,71311","15682","179505","3847","707","720","13","0","120"
"6","TOT-none-ss","instance_40_25_4_1","totalizer","none","slot-service","OPTIMUM","46,50727","46,3344","20425","274714","4571","625","627","2","0","120"
"6","TOT-none-ss","instance_40_25_4_10","totalizer","none","slot-service","OPTIMUM","36,54723","36,40882","18649","248696","4264","606","613","7","0","120"
"6","TOT-none-ss","instance_40_25_4_11","totalizer","none","slot-service","OPTIMUM","17,60239","17,46384","18190","251670","4236","626","627","1","0","120"
"6","TOT-none-ss","instance_40_25_4_12","totalizer","none","slot-service","OPTIMUM","60,05758","59,92384","18095","239469","4250","623","625","2","0","120"
"6","TOT-none-ss","instance_40_25_4_13","totalizer","none","slot-service","OPTIMUM","23,32629","23,20421","17643","205718","4511","623","625","2","0","120"
"6","TOT-none-ss","instance_40_25_4_14","totalizer","none","slot-service","OPTIMUM","47,83381","47,65845","20183","285062","4509","617","618","1","0","120"
"6","TOT-none-ss","instance_40_25_4_15","totalizer","none","slot-service","OPTIMUM","56,46598","56,33571","17560","224900","4079","594","607","13","0","120"
"6","TOT-none-ss","instance_40_25_4_16","totalizer","none","slot-service","OPTIMUM","32,42481","32,29423","18234","234694","4434","587","590","3","0","120"
"6","TOT-none-ss","instance_40_25_4_17","totalizer","none","slot-service","OPTIMUM","43,65656","43,53178","17450","197432","4496","600","608","8","0","120"
"6","TOT-none-ss","instance_40_25_4_18","totalizer","none","slot-service","OPTIMUM","25,68219","25,55153","18242","229731","4565","600","602","2","0","120"
"6","TOT-none-ss","instance_40_25_4_19","totalizer","none","slot-service","OPTIMUM","52,11479","51,9254","21252","313846","4388","612","617","5","0","120"
"6","TOT-none-ss","instance_40_25_4_2","totalizer","none","slot-service","OPTIMUM","27,90415","27,78632","16927","201947","4402","590","598","8","0","120"
"6","TOT-none-ss","instance_40_25_4_20","totalizer","none","slot-service","OPTIMUM","48,40556","48,29783","14556","164727","3859","571","581","10","0","120"
"6","TOT-none-ss","instance_40_25_4_21","totalizer","none","slot-service","OPTIMUM","41,56075","41,38565","20707","275634","4682","609","615","6","0","120"
"6","TOT-none-ss","instance_40_25_4_22","totalizer","none","slot-service","OPTIMUM","30,76765","30,64486","17567","210928","4211","609","613","4","0","120"
"6","TOT-none-ss","instance_40_25_4_23","totalizer","none","slot-service","OPTIMUM","53,75193","53,61114","19540","255296","4463","613","619","6","0","120"
"6","TOT-none-ss","instance_40_25_4_24","totalizer","none","slot-service","OPTIMUM","42,84263","42,67208","19962","273698","4614","611","615","4","0","120"
"6","TOT-none-ss","instance_40_25_4_25","totalizer","none","slot-service","OPTIMUM","32,64253","32,51647","17438","206749","4356","620","622","2","0","120"
"6","TOT-none-ss","instance_40_25_4_26","totalizer","none","slot-service","OPTIMUM","46,78998","46,659","18062","227482","4310","616","620","4","0","120"
"6","TOT-none-ss","instance_40_25_4_27","totalizer","none","slot-service","OPTIMUM","23,98326","23,8534","18138","228388","4312","586","597","11","0","120"
"6","TOT-none-ss","instance_40_25_4_28","totalizer","none","slot-service","OPTIMUM","42,38017","42,20433","20189","293747","4635","603","607","4","0","120"
"6","TOT-none-ss","instance_40_25_4_29","totalizer","none","slot-service","OPTIMUM","27,12183","26,99672","17778","221396","4468","617","619","2","0","120"
"6","TOT-none-ss","instance_40_25_4_3","totalizer","none","slot-service","OPTIMUM","41,23309","41,12281","15894","185516","4293","615","622","7","0","120"
"6","TOT-none-ss","instance_40_25_4_30","totalizer","none","slot-service","OPTIMUM","44,89177","44,71544","20733","298262","4853","629","630","1","0","120"
"6","TOT-none-ss","instance_40_25_4_31","totalizer","none","slot-service","OPTIMUM","30,31832","30,20373","16429","186058","4188","615","619","4","0","120"
"6","TOT-none-ss","instance_40_25_4_32","totalizer","none","slot-service","OPTIMUM","32,32791","32,15308","20235","283371","4397","619","620","1","0","120"
"6","TOT-none-ss","instance_40_25_4_33","totalizer","none","slot-service","OPTIMUM","40,79063","40,66609","17080","216985","4252","618","623","5","0","120"
"6","TOT-none-ss","instance_40_25_4_34","totalizer","none","slot-service","OPTIMUM","28,74441","28,62007","17362","214503","4428","613","618","5","0","120"
"6","TOT-none-ss","instance_40_25_4_35","totalizer","none","slot-service","OPTIMUM","38,81934","38,68056","18493","251541","4448","607","610","3","0","120"
"6","TOT-none-ss","instance_40_25_4_36","totalizer","none","slot-service","OPTIMUM","49,32265","49,1879","18922","255803","4706","627","629","2","0","120"
"6","TOT-none-ss","instance_40_25_4_37","totalizer","none","slot-service","OPTIMUM","37,94209","37,81296","17992","238524","4475","603","608","5","0","120"
"6","TOT-none-ss","instance_40_25_4_38","totalizer","none","slot-service","OPTIMUM","32,76508","32,63158","18147","238270","4295","613","614","1","0","120"
"6","TOT-none-ss","instance_40_25_4_39","totalizer","none","slot-service","OPTIMUM","61,9823","61,80012","20580","299974","4482","615","619","4","0","120"
"6","TOT-none-ss","instance_40_25_4_4","totalizer","none","slot-service","OPTIMUM","37,86064","37,73335","17872","225711","4294","623","626","3","0","120"
"6","TOT-none-ss","instance_40_25_4_40","totalizer","none","slot-service","OPTIMUM","36,83028","36,70003","18821","224648","4558","606","610","4","0","120"
"6","TOT-none-ss","instance_40_25_4_41","totalizer","none","slot-service","OPTIMUM","50,11338","49,9304","20199","304385","4325","626","627","1","0","120"
"6","TOT-none-ss","instance_40_25_4_42","totalizer","none","slot-service","OPTIMUM","34,71641","34,57886","18371","252372","4392","606","611","5","0","120"
"6","TOT-none-ss","instance_40_25_4_43","totalizer","none","slot-service","OPTIMUM","27,09658","26,9155","20745","287226","4639","612","614","2","0","120"
"6","TOT-none-ss","instance_40_25_4_44","totalizer","none","slot-service","OPTIMUM","29,27723","29,16206","16230","183677","4145","592","598","6","0","120"
"6","TOT-none-ss","instance_40_25_4_45","totalizer","none","slot-service","OPTIMUM","43,85847","43,68606","19770","269142","4514","624","624","0","0","120"
"6","TOT-none-ss","instance_40_25_4_46","totalizer","none","slot-service","OPTIMUM","40,95775","40,77779","20936","303194","4689","631","631","0","0","120"
"6","TOT-none-ss","instance_40_25_4_47","totalizer","none","slot-service","OPTIMUM","44,26015","44,08547","19334","285107","4274","567","571","4","0","120"
"6","TOT-none-ss","instance_40_25_4_48","totalizer","none","slot-service","OPTIMUM","46,23234","46,04115","21419","326154","4884","625","625","0","0","120"
"6","TOT-none-ss","instance_40_25_4_49","totalizer","none","slot-service","OPTIMUM","21,88504","21,76358","17221","207744","4348","615","619","4","0","120"
"6","TOT-none-ss","instance_40_25_4_5","totalizer","none","slot-service","OPTIMUM","36,80554","36,68546","16765","207988","4271","558","561","3","0","120"
"6","TOT-none-ss","instance_40_25_4_50","totalizer","none","slot-service","OPTIMUM","24,42466","24,28587","18746","248725","4600","618","620","2","0","120"
"6","TOT-none-ss","instance_40_25_4_6","totalizer","none","slot-service","OPTIMUM","23,06778","22,93952","17748","220023","4376","589","591","2","0","120"
"6","TOT-none-ss","instance_40_25_4_7","totalizer","none","slot-service","OPTIMUM","35,87884","35,70816","20031","265919","4631","614","615","1","0","120"
"6","TOT-none-ss","instance_40_25_4_8","totalizer","none","slot-service","OPTIMUM","25,87846","25,76594","15194","182682","4162","595","599","4","0","120"
"6","TOT-none-ss","instance_40_25_4_9","totalizer","none","slot-service","OPTIMUM","65,7683","65,59231","19728","280100","4343","602","607","5","0","120"
"6","TOT-none-ss","instance_40_25_5_1","totalizer","none","slot-service","OPTIMUM","58,34758","58,15086","21810","326443","5042","779","782","3","0","120"
"6","TOT-none-ss","instance_40_25_5_10","totalizer","none","slot-service","OPTIMUM","49,86399","49,63046","26974","434446","5579","772","776","4","0","120"
"6","TOT-none-ss","instance_40_25_5_11","totalizer","none","slot-service","OPTIMUM","35,87069","35,6695","24338","365854","5310","783","784","1","0","120"
"6","TOT-none-ss","instance_40_25_5_12","totalizer","none","slot-service","OPTIMUM","55,79861","55,59044","24138","349053","5220","781","783","2","0","120"
"6","TOT-none-ss","instance_40_25_5_13","totalizer","none","slot-service","OPTIMUM","52,98442","52,76298","25137","383400","5572","784","786","2","0","120"
"6","TOT-none-ss","instance_40_25_5_14","totalizer","none","slot-service","OPTIMUM","84,10392","83,87376","27302","429954","5948","781","782","1","0","120"
"6","TOT-none-ss","instance_40_25_5_15","totalizer","none","slot-service","OPTIMUM","28,18868","27,99472","21380","314162","4880","715","720","5","0","120"
"6","TOT-none-ss","instance_40_25_5_16","totalizer","none","slot-service","OPTIMUM","43,86456","43,65059","23851","343674","5352","759","765","6","0","120"
"6","TOT-none-ss","instance_40_25_5_17","totalizer","none","slot-service","OPTIMUM","53,69625","53,48288","24595","372878","5422","745","752","7","0","120"
"6","TOT-none-ss","instance_40_25_5_18","totalizer","none","slot-service","OPTIMUM","75,12822","74,92036","23533","364756","5226","784","785","1","0","120"
"6","TOT-none-ss","instance_40_25_5_19","totalizer","none","slot-service","OPTIMUM","57,54329","57,40633","18773","231120","4888","734","742","8","0","120"
"6","TOT-none-ss","instance_40_25_5_2","totalizer","none","slot-service","OPTIMUM","30,6672","30,46164","23597","360807","5235","775","778","3","0","120"
"6","TOT-none-ss","instance_40_25_5_20","totalizer","none","slot-service","OPTIMUM","144,0225","143,7905","25843","418986","5198","767","772","5","0","120"
"6","TOT-none-ss","instance_40_25_5_21","totalizer","none","slot-service","OPTIMUM","35,16005","34,94576","24983","373866","5415","758","760","2","0","120"
"6","TOT-none-ss","instance_40_25_5_22","totalizer","none","slot-service","OPTIMUM","38,67164","38,4891","20896","282647","5001","761","768","7","0","120"
"6","TOT-none-ss","instance_40_25_5_23","totalizer","none","slot-service","OPTIMUM","61,38417","61,15176","26547","415944","5481","769","771","2","0","120"
"6","TOT-none-ss","instance_40_25_5_24","totalizer","none","slot-service","OPTIMUM","42,087","41,90709","21153","263759","5145","738","748","10","0","120"
"6","TOT-none-ss","instance_40_25_5_25","totalizer","none","slot-service","OPTIMUM","40,04728","39,85663","22041","289160","5200","761","769","8","0","120"
"6","TOT-none-ss","instance_40_25_5_26","totalizer","none","slot-service","OPTIMUM","77,4609","77,24891","24509","366067","5441","776","777","1","0","120"
"6","TOT-none-ss","instance_40_25_5_27","totalizer","none","slot-service","OPTIMUM","53,14743","53,00071","20176","257622","5004","739","753","14","0","120"
"6","TOT-none-ss","instance_40_25_5_28","totalizer","none","slot-service","OPTIMUM","67,36682","67,16848","23009","332423","5379","742","749","7","0","120"
"6","TOT-none-ss","instance_40_25_5_29","totalizer","none","slot-service","OPTIMUM","49,93721","49,7412","22048","294891","5218","746","753","7","0","120"
"6","TOT-none-ss","instance_40_25_5_3","totalizer","none","slot-service","OPTIMUM","67,39517","67,182","23786","362054","5253","722","731","9","0","120"
"6","TOT-none-ss","instance_40_25_5_30","totalizer","none","slot-service","OPTIMUM","76,27494","76,04332","26441","425120","5587","766","770","4","0","120"
"6","TOT-none-ss","instance_40_25_5_31","totalizer","none","slot-service","OPTIMUM","49,16607","48,92686","26449","433412","5579","788","790","2","0","120"
"6","TOT-none-ss","instance_40_25_5_32","totalizer","none","slot-service","OPTIMUM","77,94416","77,72956","24490","360298","5410","710","722","12","0","120"
"6","TOT-none-ss","instance_40_25_5_33","totalizer","none","slot-service","OPTIMUM","62,95488","62,78014","20016","262580","4849","769","775","6","0","120"
"6","TOT-none-ss","instance_40_25_5_34","totalizer","none","slot-service","OPTIMUM","65,21209","65,00414","23890","371407","5079","764","769","5","0","120"
"6","TOT-none-ss","instance_40_25_5_35","totalizer","none","slot-service","OPTIMUM","63,41694","63,19938","25092","376376","5297","748","754","6","0","120"
"6","TOT-none-ss","instance_40_25_5_36","totalizer","none","slot-service","OPTIMUM","23,27019","23,07346","23280","333016","5415","788","788","0","0","120"
"6","TOT-none-ss","instance_40_25_5_37","totalizer","none","slot-service","OPTIMUM","71,70547","71,52013","21443","302317","5149","750","754","4","0","120"
"6","TOT-none-ss","instance_40_25_5_38","totalizer","none","slot-service","OPTIMUM","55,01013","54,81787","22004","310927","5033","736","739","3","0","120"
"6","TOT-none-ss","instance_40_25_5_39","totalizer","none","slot-service","OPTIMUM","58,16535","57,96788","21552","312881","4961","738","748","10","0","120"
"6","TOT-none-ss","instance_40_25_5_4","totalizer","none","slot-service","OPTIMUM","42,40422","42,19254","25267","366669","5462","779","783","4","0","120"
"6","TOT-none-ss","instance_40_25_5_40","totalizer","none","slot-service","OPTIMUM","33,04318","32,86344","21756","287193","5335","769","773","4","0","120"
"6","TOT-none-ss","instance_40_25_5_41","totalizer","none","slot-service","OPTIMUM","47,55236","47,33374","24140","393764","5080","765","770","5","0","120"
"6","TOT-none-ss","instance_40_25_5_42","totalizer","none","slot-service","OPTIMUM","25,62297","25,48702","18544","239876","4778","739","746","7","0","120"
"6","TOT-none-ss","instance_40_25_5_43","totalizer","none","slot-service","OPTIMUM","74,97576","74,79077","21555","298697","4975","766","772","6","0","120"
"6","TOT-none-ss","instance_40_25_5_44","totalizer","none","slot-service","OPTIMUM","19,73643","19,52668","23037","361687","5141","783","785","2","0","120"
"6","TOT-none-ss","instance_40_25_5_45","totalizer","none","slot-service","OPTIMUM","53,81485","53,61357","24789","375658","5516","705","709","4","0","120"
"6","TOT-none-ss","instance_40_25_5_46","totalizer","none","slot-service","UNSATISFIABLE","0,335627","0","0","0","0","","","","","120"
"6","TOT-none-ss","instance_40_25_5_47","totalizer","none","slot-service","OPTIMUM","89,88756","89,65271","26638","424831","5386","782","784","2","0","120"
"6","TOT-none-ss","instance_40_25_5_48","totalizer","none","slot-service","OPTIMUM","40,86062","40,66778","22518","342562","5190","768","769","1","0","120"
"6","TOT-none-ss","instance_40_25_5_49","totalizer","none","slot-service","OPTIMUM","249,7795","249,5723","23515","347581","5205","720","734","14","0","120"
"6","TOT-none-ss","instance_40_25_5_5","totalizer","none","slot-service","OPTIMUM","62,9721","62,76289","26007","404057","5584","781","787","6","0","120"
"6","TOT-none-ss","instance_40_25_5_50","totalizer","none","slot-service","OPTIMUM","73,11749","72,85578","28972","489639","5582","786","790","4","0","120"
"6","TOT-none-ss","instance_40_25_5_6","totalizer","none","slot-service","OPTIMUM","51,46912","51,24708","24279","372834","5293","768","769","1","0","120"
"6","TOT-none-ss","instance_40_25_5_7","totalizer","none","slot-service","OPTIMUM","53,97741","53,76369","23801","380696","5107","784","785","1","0","120"
"6","TOT-none-ss","instance_40_25_5_8","totalizer","none","slot-service","OPTIMUM","40,76242","40,57153","21633","307154","5142","768","772","4","0","120"
"6","TOT-none-ss","instance_40_25_5_9","totalizer","none","slot-service","OPTIMUM","55,2691","55,06066","22753","339355","5254","775","776","1","0","120"