"cfg_id","label","instance_name","cardinality","ic","sb","status","elapsed_s","solve_s","variables","hard_clauses","soft_clauses","best_value","similarity","continuity","overtime","coverage"
"8","TOT-both-ss","instance_30_10_4_1","totalizer","both","slot-service","OPTIMUM","12,64765","12,59717","9582","78913","1441","416","421","5","0","120"
"8","TOT-both-ss","instance_30_10_4_10","totalizer","both","slot-service","OPTIMUM","9,220491","9,170938","9292","73768","1399","403","411","8","0","120"
"8","TOT-both-ss","instance_30_10_4_11","totalizer","both","slot-service","OPTIMUM","14,29661","14,251","9038","70477","1413","390","402","12","0","120"
"8","TOT-both-ss","instance_30_10_4_12","totalizer","both","slot-service","OPTIMUM","22,62156","22,5728","9578","79761","1360","387","394","7","0","120"
"8","TOT-both-ss","instance_30_10_4_13","totalizer","both","slot-service","UNSATISFIABLE","0,051263","0","0","0","0","","","","","120"
"8","TOT-both-ss","instance_30_10_4_14","totalizer","both","slot-service","UNSATISFIABLE","0,051701","0","0","0","0","","","","","120"
"8","TOT-both-ss","instance_30_10_4_15","totalizer","both","slot-service","UNSATISFIABLE","0,047339","0","0","0","0","","","","","120"
"8","TOT-both-ss","instance_30_10_4_16","totalizer","both","slot-service","OPTIMUM","13,82075","13,76978","9909","84109","1562","431","435","4","0","120"
"8","TOT-both-ss","instance_30_10_4_17","totalizer","both","slot-service","OPTIMUM","2,672147","2,63759","8327","57024","1291","400","402","2","0","120"
"8","TOT-both-ss","instance_30_10_4_18","totalizer","both","slot-service","OPTIMUM","6,293018","6,253235","8848","65084","1382","408","413","5","0","120"
"8","TOT-both-ss","instance_30_10_4_19","totalizer","both","slot-service","UNSATISFIABLE","0,072469","0","0","0","0","","","","","120"
"8","TOT-both-ss","instance_30_10_4_2","totalizer","both","slot-service","UNSATISFIABLE","0,081917","0","0","0","0","","","","","120"
"8","TOT-both-ss","instance_30_10_4_20","totalizer","both","slot-service","UNSATISFIABLE","0,055137","0","0","0","0","","","","","120"
"8","TOT-both-ss","instance_30_10_4_21","totalizer","both","slot-service","UNSATISFIABLE","0,085123","0","0","0","0","","","","","120"
"8","TOT-both-ss","instance_30_10_4_22","totalizer","both","slot-service","UNSATISFIABLE","0,065713","0","0","0","0","","","","","120"
"8","TOT-both-ss","instance_30_10_4_23","totalizer","both","slot-service","OPTIMUM","8,277241","8,226367","9752","80296","1499","379","381","2","0","120"
"8","TOT-both-ss","instance_30_10_4_24","totalizer","both","slot-service","OPTIMUM","7,573355","7,53512","8815","65130","1375","387","393","6","0","120"
"8","TOT-both-ss","instance_30_10_4_25","totalizer","both","slot-service","OPTIMUM","13,36286","13,30856","10408","91338","1435","444","445","1","0","120"
"8","TOT-both-ss","instance_30_10_4_26","totalizer","both","slot-service","UNSATISFIABLE","0,093481","0","0","0","0","","","","","120"
"8","TOT-both-ss","instance_30_10_4_27","totalizer","both","slot-service","OPTIMUM","14,95744","14,92178","8644","59774","1374","390","402","12","0","120"
"8","TOT-both-ss","instance_30_10_4_28","totalizer","both","slot-service","UNSATISFIABLE","0,045797","0","0","0","0","","","","","120"
"8","TOT-both-ss","instance_30_10_4_29","totalizer","both","slot-service","UNSATISFIABLE","0,055692","0","0","0","0","","","","","120"
"8","TOT-both-ss","instance_30_10_4_3","totalizer","both","slot-service","UNSATISFIABLE","0,054445","0","0","0","0","","","","","120"
"8","TOT-both-ss","instance_30_10_4_30","totalizer","both","slot-service","OPTIMUM","18,89153","18,84009","9751","81939","1482","396","406","10","0","120"
"8","TOT-both-ss","instance_30_10_4_31","totalizer","both","slot-service","OPTIMUM","10,12086","10,07235","9195","70321","1318","372","380","8","0","120"
"8","TOT-both-ss","instance_30_10_4_32","totalizer","both","slot-service","OPTIMUM","12,96612","12,91709","9525","78416","1493","423","424","1","0","120"
"8","TOT-both-ss","instance_30_10_4_33","totalizer","both","slot-service","OPTIMUM","13,16636","13,11594","9905","82011","1416","434","436","2","0","120"
"8","TOT-both-ss","instance_30_10_4_34","totalizer","both","slot-service","UNSATISFIABLE","0,063895","0","0","0","0","","","","","120"
"8","TOT-both-ss","instance_30_10_4_35","totalizer","both","slot-service","UNSATISFIABLE","0,05355","0","0","0","0","","","","","120"
"8","TOT-both-ss","instance_30_10_4_36","totalizer","both","slot-service","OPTIMUM","21,25203","21,19841","9923","90766","1497","401","407","6","0","120"
"8","TOT-both-ss","instance_30_10_4_37","totalizer","both","slot-service","OPTIMUM","10,86651","10,81594","9813","83361","1457","440","443","3","0","120"
"8","TOT-both-ss","instance_30_10_4_38","totalizer","both","slot-service","UNSATISFIABLE","0,065255","0","0","0","0","","","","","120"
"8","TOT-both-ss","instance_30_10_4_39","totalizer","both","slot-service","UNSATISFIABLE","0,054215","0","0","0","0","","","","","120"
"8","TOT-both-ss","instance_30_10_4_4","totalizer","both","slot-service","OPTIMUM","6,766117","6,716551","9408","76460","1419","427","429","2","0","120"
"8","TOT-both-ss","instance_30_10_4_40","totalizer","both","slot-service","UNSATISFIABLE","0,069511","0","0","0","0","","","","","120"
"8","TOT-both-ss","instance_30_10_4_41","totalizer","both","slot-service","OPTIMUM","7,582022","7,551734","7641","46661","1236","350","356","6","0","120"
"8","TOT-both-ss","instance_30_10_4_42","totalizer","both","slot-service","UNSATISFIABLE","0,06524","0","0","0","0","","","","","120"
"8","TOT-both-ss","instance_30_10_4_43","totalizer","both","slot-service","OPTIMUM","20,30573","20,25444","9515","80803","1427","412","419","7","0","120"
"8","TOT-both-ss","instance_30_10_4_44","totalizer","both","slot-service","UNSATISFIABLE","0,096915","0","0","0","0","","","","","120"
"8","TOT-both-ss","instance_30_10_4_45","totalizer","both","slot-service","OPTIMUM","6,471804","6,426064","9039","68885","1363","365","371","6","0","120"
"8","TOT-both-ss","instance_30_10_4_46","totalizer","both","slot-service","UNSATISFIABLE","0,047763","0","0","0","0","","","","","120"
"8","TOT-both-ss","instance_30_10_4_47","totalizer","both","slot-service","OPTIMUM","8,220257","8,185319","8545","57989","1390","395","399","4","0","120"
"8","TOT-both-ss","instance_30_10_4_48","totalizer","both","slot-service","OPTIMUM","6,287755","6,255233","7845","49350","1309","375","377","2","0","120"
"8","TOT-both-ss","instance_30_10_4_49","totalizer","both","slot-service","UNSATISFIABLE","0,105121","0","0","0","0","","","","","120"
"8","TOT-both-ss","instance_30_10_4_5","totalizer","both","slot-service","OPTIMUM","13,15458","13,11179","8664","66315","1452","418","423","5","0","120"
"8","TOT-both-ss","instance_30_10_4_50","totalizer","both","slot-service","UNSATISFIABLE","0,064906","0","0","0","0","","","","","120"
"8","TOT-both-ss","instance_30_10_4_6","totalizer","both","slot-service","OPTIMUM","7,984528","7,932959","9659","82218","1451","388","390","2","0","120"
"8","TOT-both-ss","instance_30_10_4_7","totalizer","both","slot-service","UNSATISFIABLE","0,056077","0","0","0","0","","","","","120"
"8","TOT-both-ss","instance_30_10_4_8","totalizer","both","slot-service","OPTIMUM","25,1218","25,07544","9123","72337","1365","414","422","8","0","120"
"8","TOT-both-ss","instance_30_10_4_9","totalizer","both","slot-service","UNSATISFIABLE","0,055768","0","0","0","0","","","","","120"
"8","TOT-both-ss","instance_30_10_5_1","totalizer","both","slot-service","OPTIMUM","19,44064","19,38236","11340","88429","1608","496","499","3","0","120"
"8","TOT-both-ss","instance_30_10_5_10","totalizer","both","slot-service","OPTIMUM","17,496","17,43504","11577","96288","1703","480","486","6","0","120"
"8","TOT-both-ss","instance_30_10_5_11","totalizer","both","slot-service","UNSATISFIABLE","0,073985","0","0","0","0","","","","","120"
"8","TOT-both-ss","instance_30_10_5_12","totalizer","both","slot-service","UNSATISFIABLE","0,089899","0","0","0","0","","","","","120"
"8","TOT-both-ss","instance_30_10_5_13","totalizer","both","slot-service","UNSATISFIABLE","0,141952","0","0","0","0","","","","","120"
"8","TOT-both-ss","instance_30_10_5_14","totalizer","both","slot-service","UNSATISFIABLE","0,195782","0","0","0","0","","","","","120"
"8","TOT-both-ss","instance_30_10_5_15","totalizer","both","slot-service","UNSATISFIABLE","0,154573","0","0","0","0","","","","","120"
"8","TOT-both-ss","instance_30_10_5_16","totalizer","both","slot-service","OPTIMUM","36,05056","35,98032","12720","125166","1637","489","499","10","0","120"
"8","TOT-both-ss","instance_30_10_5_17","totalizer","both","slot-service","OPTIMUM","37,43461","37,37789","10939","85391","1568","492","505","13","0","120"
"8","TOT-both-ss","instance_30_10_5_18","totalizer","both","slot-service","OPTIMUM","31,11395","31,04025","13239","125831","1770","519","524","5","0","120"
"8","TOT-both-ss","instance_30_10_5_19","totalizer","both","slot-service","UNSATISFIABLE","0,078974","0","0","0","0","","","","","120"
"8","TOT-both-ss","instance_30_10_5_2","totalizer","both","slot-service","UNSATISFIABLE","0,124368","0","0","0","0","","","","","120"
"8","TOT-both-ss","instance_30_10_5_20","totalizer","both","slot-service","UNSATISFIABLE","0,127912","0","0","0","0","","","","","120"
"8","TOT-both-ss","instance_30_10_5_21","totalizer","both","slot-service","UNSATISFIABLE","0,082044","0","0","0","0","","","","","120"
"8","TOT-both-ss","instance_30_10_5_22","totalizer","both","slot-service","OPTIMUM","21,91423","21,84831","12456","109947","1772","497","503","6","0","120"
"8","TOT-both-ss","instance_30_10_5_23","totalizer","both","slot-service","UNSATISFIABLE","0,060314","0","0","0","0","","","","","120"
"8","TOT-both-ss","instance_30_10_5_24","totalizer","both","slot-service","UNSATISFIABLE","0,112749","0","0","0","0","","","","","120"
"8","TOT-both-ss","instance_30_10_5_25","totalizer","both","slot-service","UNSATISFIABLE","0,096389","0","0","0","0","","","","","120"
"8","TOT-both-ss","instance_30_10_5_26","totalizer","both","slot-service","UNSATISFIABLE","0,058958","0","0","0","0","","","","","120"
"8","TOT-both-ss","instance_30_10_5_27","totalizer","both","slot-service","UNSATISFIABLE","0,111498","0","0","0","0","","","","","120"
"8","TOT-both-ss","instance_30_10_5_28","totalizer","both","slot-service","UNSATISFIABLE","0,061054","0","0","0","0","","","","","120"
"8","TOT-both-ss","instance_30_10_5_29","totalizer","both","slot-service","UNSATISFIABLE","0,056532","0","0","0","0","","","","","120"
"8","TOT-both-ss","instance_30_10_5_3","totalizer","both","slot-service","OPTIMUM","23,77719","23,70809","12628","122615","1670","479","486","7","0","120"
"8","TOT-both-ss","instance_30_10_5_30","totalizer","both","slot-service","UNSATISFIABLE","0,070623","0","0","0","0","","","","","120"
"8","TOT-both-ss","instance_30_10_5_31","totalizer","both","slot-service","OPTIMUM","18,60364","18,54867","10616","84912","1535","517","523","6","0","120"
"8","TOT-both-ss","instance_30_10_5_32","totalizer","both","slot-service","OPTIMUM","21,75611","21,68904","12504","111385","1811","550","556","6","0","120"
"8","TOT-both-ss","instance_30_10_5_33","totalizer","both","slot-service","OPTIMUM","34,85681","34,76172","14438","158679","1881","553","554","1","0","120"
"8","TOT-both-ss","instance_30_10_5_34","totalizer","both","slot-service","OPTIMUM","30,34407","30,27707","12298","108434","1772","479","494","15","0","120"
"8","TOT-both-ss","instance_30_10_5_35","totalizer","both","slot-service","OPTIMUM","44,68321","44,62109","12057","98006","1737","499","506","7","0","120"
"8","TOT-both-ss","instance_30_10_5_36","totalizer","both","slot-service","OPTIMUM","34,47586","34,40106","13314","129538","1838","492","505","13","0","120"
"8","TOT-both-ss","instance_30_10_5_37","totalizer","both","slot-service","OPTIMUM","5,757067","5,714382","9693","65025","1495","494","496","2","0","120"
"8","TOT-both-ss","instance_30_10_5_38","totalizer","both","slot-service","OPTIMUM","33,62708","33,56235","11819","100754","1727","524","527","3","0","120"
"8","TOT-both-ss","instance_30_10_5_39","totalizer","both","slot-service","OPTIMUM","13,50939","13,44654","11531","99168","1757","522","524","2","0","120"
"8","TOT-both-ss","instance_30_10_5_4","totalizer","both","slot-service","UNSATISFIABLE","0,059535","0","0","0","0","","","","","120"
"8","TOT-both-ss","instance_30_10_5_40","totalizer","both","slot-service","UNSATISFIABLE","0,08508","0","0","0","0","","","","","120"
"8","TOT-both-ss","instance_30_10_5_41","totalizer","both","slot-service","UNSATISFIABLE","0,09172","0","0","0","0","","","","","120"
"8","TOT-both-ss","instance_30_10_5_42","totalizer","both","slot-service","OPTIMUM","31,49216","31,42424","12509","113808","1785","484","493","9","0","120"
"8","TOT-both-ss","instance_30_10_5_43","totalizer","both","slot-service","UNSATISFIABLE","0,070403","0","0","0","0","","","","","120"
"8","TOT-both-ss","instance_30_10_5_44","totalizer","both","slot-service","UNSATISFIABLE","0,162843","0","0","0","0","","","","","120"
"8","TOT-both-ss","instance_30_10_5_45","totalizer","both","slot-service","UNSATISFIABLE","0,070512","0","0","0","0","","","","","120"
"8","TOT-both-ss","instance_30_10_5_46","totalizer","both","slot-service","UNSATISFIABLE","0,05488","0","0","0","0","","","","","120"
"8","TOT-both-ss","instance_30_10_5_47","totalizer","both","slot-service","UNSATISFIABLE","0,052791","0","0","0","0","","","","","120"
"8","TOT-both-ss","instance_30_10_5_48","totalizer","both","slot-service","OPTIMUM","51,84927","51,79397","10707","83480","1619","483","491","8","0","120"
"8","TOT-both-ss","instance_30_10_5_49","totalizer","both","slot-service","TIMEOUT","300,1129","0","0","0","0","","","","","120"
"8","TOT-both-ss","instance_30_10_5_5","totalizer","both","slot-service","UNSATISFIABLE","0,085131","0","0","0","0","","","","","120"
"8","TOT-both-ss","instance_30_10_5_50","totalizer","both","slot-service","UNSATISFIABLE","0,085303","0","0","0","0","","","","","120"
"8","TOT-both-ss","instance_30_10_5_6","totalizer","both","slot-service","UNSATISFIABLE","0,068829","0","0","0","0","","","","","120"
"8","TOT-both-ss","instance_30_10_5_7","totalizer","both","slot-service","UNSATISFIABLE","0,111518","0","0","0","0","","","","","120"
"8","TOT-both-ss","instance_30_10_5_8","totalizer","both","slot-service","OPTIMUM","14,68265","14,62074","11543","100312","1637","536","537","1","0","120"
"8","TOT-both-ss","instance_30_10_5_9","totalizer","both","slot-service","OPTIMUM","26,86374","26,80666","10645","84349","1426","481","494","13","0","120"
"8","TOT-both-ss","instance_30_15_4_1","totalizer","both","slot-service","OPTIMUM","16,12465","16,05416","12361","113830","2189","443","448","5","0","120"
"8","TOT-both-ss","instance_30_15_4_10","totalizer","both","slot-service","OPTIMUM","11,62851","11,56757","11335","93506","2088","418","425","7","0","120"
"8","TOT-both-ss","instance_30_15_4_11","totalizer","both","slot-service","OPTIMUM","37,556","37,49842","10879","85106","1814","410","413","3","0","120"
"8","TOT-both-ss","instance_30_15_4_12","totalizer","both","slot-service","OPTIMUM","12,91696","12,85558","11263","93052","1970","440","443","3","0","120"
"8","TOT-both-ss","instance_30_15_4_13","totalizer","both","slot-service","OPTIMUM","8,094304","8,040201","9708","70105","1728","383","388","5","0","120"
"8","TOT-both-ss","instance_30_15_4_14","totalizer","both","slot-service","OPTIMUM","13,06917","13,00773","11247","95034","2034","412","421","9","0","120"
"8","TOT-both-ss","instance_30_15_4_15","totalizer","both","slot-service","OPTIMUM","14,99137","14,9224","12218","111865","2095","448","451","3","0","120"
"8","TOT-both-ss","instance_30_15_4_16","totalizer","both","slot-service","OPTIMUM","11,2038","11,15323","9661","67021","1901","399","400","1","0","120"
"8","TOT-both-ss","instance_30_15_4_17","totalizer","both","slot-service","OPTIMUM","11,58767","11,52516","11590","96305","2046","422","427","5","0","120"
"8","TOT-both-ss","instance_30_15_4_18","totalizer","both","slot-service","OPTIMUM","24,52793","24,4375","13486","136212","2186","458","462","4","0","120"
"8","TOT-both-ss","instance_30_15_4_19","totalizer","both","slot-service","OPTIMUM","4,963016","4,902809","10660","83329","1815","416","424","8","0","120"
"8","TOT-both-ss","instance_30_15_4_2","totalizer","both","slot-service","OPTIMUM","11,85545","11,81614","8967","56787","1847","374","378","4","0","120"
"8","TOT-both-ss","instance_30_15_4_20","totalizer","both","slot-service","OPTIMUM","8,219627","8,168587","9993","68014","1998","428","434","6","0","120"
"8","TOT-both-ss","instance_30_15_4_21","totalizer","both","slot-service","UNSATISFIABLE","0,081814","0","0","0","0","","","","","120"
"8","TOT-both-ss","instance_30_15_4_22","totalizer","both","slot-service","OPTIMUM","1,950542","1,89414","10346","81917","1889","428","433","5","0","120"
"8","TOT-both-ss","instance_30_15_4_23","totalizer","both","slot-service","OPTIMUM","17,24832","17,179","12522","116906","2117","438","444","6","0","120"
"8","TOT-both-ss","instance_30_15_4_24","totalizer","both","slot-service","OPTIMUM","20,98636","20,91941","11713","106987","2136","447","450","3","0","120"
"8","TOT-both-ss","instance_30_15_4_25","totalizer","both","slot-service","OPTIMUM","10,38609","10,32818","11063","86331","2013","408","411","3","0","120"
"8","TOT-both-ss","instance_30_15_4_26","totalizer","both","slot-service","OPTIMUM","12,41922","12,35719","11521","96247","2081","437","441","4","0","120"
"8","TOT-both-ss","instance_30_15_4_27","totalizer","both","slot-service","OPTIMUM","7,985732","7,924742","11054","90898","2004","410","414","4","0","120"
"8","TOT-both-ss","instance_30_15_4_28","totalizer","both","slot-service","OPTIMUM","28,67402","28,61062","11358","100822","1980","421","428","7","0","120"
"8","TOT-both-ss","instance_30_15_4_29","totalizer","both","slot-service","OPTIMUM","9,589508","9,546837","9370","63128","1741","405","409","4","0","120"
"8","TOT-both-ss","instance_30_15_4_3","totalizer","both","slot-service","OPTIMUM","17,78888","17,71881","12005","113029","2089","438","443","5","0","120"
"8","TOT-both-ss","instance_30_15_4_30","totalizer","both","slot-service","OPTIMUM","23,78773","23,72167","11892","109147","2120","437","442","5","0","120"
"8","TOT-both-ss","instance_30_15_4_31","totalizer","both","slot-service","OPTIMUM","13,55062","13,48485","11940","109916","2095","412","419","7","0","120"
"8","TOT-both-ss","instance_30_15_4_32","totalizer","both","slot-service","OPTIMUM","15,83286","15,7711","11223","99555","1995","387","389","2","0","120"
"8","TOT-both-ss","instance_30_15_4_33","totalizer","both","slot-service","OPTIMUM","19,88383","19,81782","12024","106380","2127","435","437","2","0","120"
"8","TOT-both-ss","instance_30_15_4_34","totalizer","both","slot-service","OPTIMUM","8,318742","8,253996","12014","108372","2078","399","402","3","0","120"
"8","TOT-both-ss","instance_30_15_4_35","totalizer","both","slot-service","UNSATISFIABLE","0,102463","0","0","0","0","","","","","120"
"8","TOT-both-ss","instance_30_15_4_36","totalizer","both","slot-service","OPTIMUM","10,56888","10,50723","11390","98296","1952","433","438","5","0","120"
"8","TOT-both-ss","instance_30_15_4_37","totalizer","both","slot-service","OPTIMUM","20,4021","20,34255","10983","89036","2075","427","432","5","0","120"
"8","TOT-both-ss","instance_30_15_4_38","totalizer","both","slot-service","OPTIMUM","15,47154","15,412","10860","88188","1928","402","404","2","0","120"
"8","TOT-both-ss","instance_30_15_4_39","totalizer","both","slot-service","OPTIMUM","12,05188","11,98481","11999","107841","2104","447","450","3","0","120"
"8","TOT-both-ss","instance_30_15_4_4","totalizer","both","slot-service","OPTIMUM","29,64832","29,5791","12559","119407","2259","451","453","2","0","120"
"8","TOT-both-ss","instance_30_15_4_40","totalizer","both","slot-service","OPTIMUM","13,16737","13,10433","11047","98511","1913","450","450","0","0","120"
"8","TOT-both-ss","instance_30_15_4_41","totalizer","both","slot-service","OPTIMUM","7,99865","7,907398","13430","142102","2293","443","444","1","0","120"
"8","TOT-both-ss","instance_30_15_4_42","totalizer","both","slot-service","OPTIMUM","28,6828","28,61206","12752","122287","2228","437","440","3","0","120"
"8","TOT-both-ss","instance_30_15_4_43","totalizer","both","slot-service","OPTIMUM","32,15541","32,08895","11479","107287","2007","423","429","6","0","120"
"8","TOT-both-ss","instance_30_15_4_44","totalizer","both","slot-service","UNSATISFIABLE","0,083725","0","0","0","0","","","","","120"
"8","TOT-both-ss","instance_30_15_4_45","totalizer","both","slot-service","OPTIMUM","13,42339","13,35394","12563","121104","2171","422","425","3","0","120"
"8","TOT-both-ss","instance_30_15_4_46","totalizer","both","slot-service","OPTIMUM","19,48269","19,41436","11850","112445","2083","450","452","2","0","120"
"8","TOT-both-ss","instance_30_15_4_47","totalizer","both","slot-service","OPTIMUM","18,8895","18,82937","11260","91538","2054","428","433","5","0","120"
"8","TOT-both-ss","instance_30_15_4_48","totalizer","both","slot-service","OPTIMUM","14,37587","14,31439","11249","91932","1979","431","435","4","0","120"
"8","TOT-both-ss","instance_30_15_4_49","totalizer","both","slot-service","OPTIMUM","23,85425","23,78951","11669","101158","1997","436","440","4","0","120"
"8","TOT-both-ss","instance_30_15_4_5","totalizer","both","slot-service","OPTIMUM","15,17424","15,11276","11027","93127","1863","421","429","8","0","120"
"8","TOT-both-ss","instance_30_15_4_50","totalizer","both","slot-service","OPTIMUM","6,711942","6,656593","10262","78370","1841","404","415","11","0","120"
"8","TOT-both-ss","instance_30_15_4_6","totalizer","both","slot-service","OPTIMUM","8,050307","7,999011","9725","68449","1949","441","446","5","0","120"
"8","TOT-both-ss","instance_30_15_4_7","totalizer","both","slot-service","UNSATISFIABLE","0,109659","0","0","0","0","","","","","120"
"8","TOT-both-ss","instance_30_15_4_8","totalizer","both","slot-service","UNSATISFIABLE","0,090289","0","0","0","0","","","","","120"
"8","TOT-both-ss","instance_30_15_4_9","totalizer","both","slot-service","OPTIMUM","13,22336","13,16669","10589","83857","1844","402","408","6","0","120"
"8","TOT-both-ss","instance_30_15_5_1","totalizer","both","slot-service","OPTIMUM","28,91486","28,80769","16541","184652","2654","551","555","4","0","120"
"8","TOT-both-ss","instance_30_15_5_10","totalizer","both","slot-service","UNSATISFIABLE","0,17429","0","0","0","0","","","","","120"
"8","TOT-both-ss","instance_30_15_5_11","totalizer","both","slot-service","OPTIMUM","32,59548","32,50043","14776","143063","2458","540","547","7","0","120"
"8","TOT-both-ss","instance_30_15_5_12","totalizer","both","slot-service","OPTIMUM","23,29408","23,17734","17626","207292","2724","570","572","2","0","120"
"8","TOT-both-ss","instance_30_15_5_13","totalizer","both","slot-service","OPTIMUM","20,75118","20,6458","16155","174402","2479","561","571","10","0","120"
"8","TOT-both-ss","instance_30_15_5_14","totalizer","both","slot-service","OPTIMUM","29,14201","29,0488","14881","140999","2379","534","545","11","0","120"
"8","TOT-both-ss","instance_30_15_5_15","totalizer","both","slot-service","OPTIMUM","28,10233","27,99618","16163","179842","2570","546","548","2","0","120"
"8","TOT-both-ss","instance_30_15_5_16","totalizer","both","slot-service","OPTIMUM","40,0092","39,90854","15718","152215","2439","480","495","15","0","120"
"8","TOT-both-ss","instance_30_15_5_17","totalizer","both","slot-service","OPTIMUM","14,31663","14,24331","13695","121270","2281","548","551","3","0","120"
"8","TOT-both-ss","instance_30_15_5_18","totalizer","both","slot-service","OPTIMUM","27,13176","27,05382","14154","129984","2331","528","529","1","0","120"
"8","TOT-both-ss","instance_30_15_5_19","totalizer","both","slot-service","OPTIMUM","40,61275","40,50698","16069","170500","2619","530","536","6","0","120"
"8","TOT-both-ss","instance_30_15_5_2","totalizer","both","slot-service","OPTIMUM","32,38489","32,28025","16081","171929","2356","554","557","3","0","120"
"8","TOT-both-ss","instance_30_15_5_20","totalizer","both","slot-service","UNSATISFIABLE","0,241553","0","0","0","0","","","","","120"
"8","TOT-both-ss","instance_30_15_5_21","totalizer","both","slot-service","OPTIMUM","41,98453","41,88617","15316","151300","2476","511","514","3","0","120"
"8","TOT-both-ss","instance_30_15_5_22","totalizer","both","slot-service","OPTIMUM","21,39313","21,28852","15888","169772","2602","539","544","5","0","120"
"8","TOT-both-ss","instance_30_15_5_23","totalizer","both","slot-service","OPTIMUM","35,65052","35,54589","16401","167615","2661","540","548","8","0","120"
"8","TOT-both-ss","instance_30_15_5_24","totalizer","both","slot-service","OPTIMUM","30,80789","30,69291","17406","195848","2610","566","570","4","0","120"
"8","TOT-both-ss","instance_30_15_5_25","totalizer","both","slot-service","OPTIMUM","22,15596","22,05879","14735","145968","2365","541","543","2","0","120"
"8","TOT-both-ss","instance_30_15_5_26","totalizer","both","slot-service","UNSATISFIABLE","0,287694","0","0","0","0","","","","","120"
"8","TOT-both-ss","instance_30_15_5_27","totalizer","both","slot-service","OPTIMUM","179,621","179,5232","15020","147840","2461","537","546","9","0","120"
"8","TOT-both-ss","instance_30_15_5_28","totalizer","both","slot-service","OPTIMUM","28,98975","28,87603","16822","198706","2491","561","565","4","0","120"
"8","TOT-both-ss","instance_30_15_5_29","totalizer","both","slot-service","OPTIMUM","46,87973","46,76999","17161","191176","2730","550","552","2","0","120"
"8","TOT-both-ss","instance_30_15_5_3","totalizer","both","slot-service","OPTIMUM","11,51879","11,4525","12904","105337","2307","515","520","5","0","120"
"8","TOT-both-ss","instance_30_15_5_30","totalizer","both","slot-service","OPTIMUM","11,56851","11,50492","12346","91579","2205","440","449","9","0","120"
"8","TOT-both-ss","instance_30_15_5_31","totalizer","both","slot-service","OPTIMUM","20,175","20,09964","13848","129051","2239","522","531","9","0","120"
"8","TOT-both-ss","instance_30_15_5_32","totalizer","both","slot-service","OPTIMUM","16,87886","16,81451","13023","102378","2299","509","518","9","0","120"
"8","TOT-both-ss","instance_30_15_5_33","totalizer","both","slot-service","UNSATISFIABLE","0,326526","0","0","0","0","","","","","120"
"8","TOT-both-ss","instance_30_15_5_34","totalizer","both","slot-service","OPTIMUM","12,80347","12,69938","16263","173391","2632","591","591","0","0","120"
"8","TOT-both-ss","instance_30_15_5_35","totalizer","both","slot-service","OPTIMUM","36,90913","36,82034","14342","131281","2431","532","540","8","0","120"
"8","TOT-both-ss","instance_30_15_5_36","totalizer","both","slot-service","OPTIMUM","14,82371","14,75161","13526","119931","2366","507","513","6","0","120"
"8","TOT-both-ss","instance_30_15_5_37","totalizer","both","slot-service","UNSATISFIABLE","0,696443","0","0","0","0","","","","","120"
"8","TOT-both-ss","instance_30_15_5_38","totalizer","both","slot-service","UNSATISFIABLE","0,182942","0","0","0","0","","","","","120"
"8","TOT-both-ss","instance_30_15_5_39","totalizer","both","slot-service","OPTIMUM","30,77866","30,68798","14127","134221","2349","507","514","7","0","120"
"8","TOT-both-ss","instance_30_15_5_4","totalizer","both","slot-service","UNSATISFIABLE","0,223076","0","0","0","0","","","","","120"
"8","TOT-both-ss","instance_30_15_5_40","totalizer","both","slot-service","OPTIMUM","46,76545","46,67153","15041","142884","2487","526","536","10","0","120"
"8","TOT-both-ss","instance_30_15_5_41","totalizer","both","slot-service","OPTIMUM","32,97609","32,88441","14279","134357","2282","539","542","3","0","120"
"8","TOT-both-ss","instance_30_15_5_42","totalizer","both","slot-service","OPTIMUM","65,66329","65,5586","16093","169569","2533","537","549","12","0","120"
"8","TOT-both-ss","instance_30_15_5_43","totalizer","both","slot-service","OPTIMUM","26,30373","26,2224","13144","116799","2271","533","542","9","0","120"
"8","TOT-both-ss","instance_30_15_5_44","totalizer","both","slot-service","OPTIMUM","40,59429","40,49197","15290","158694","2490","545","552","7","0","120"
"8","TOT-both-ss","instance_30_15_5_45","totalizer","both","slot-service","OPTIMUM","23,06638","22,9641","15270","159079","2376","557","559","2","0","120"
"8","TOT-both-ss","instance_30_15_5_46","totalizer","both","slot-service","OPTIMUM","40,36736","40,25627","16684","183285","2583","552","554","2","0","120"
"8","TOT-both-ss","instance_30_15_5_47","totalizer","both","slot-service","OPTIMUM","20,89452","20,78875","16011","172580","2504","551","555","4","0","120"
"8","TOT-both-ss","instance_30_15_5_48","totalizer","both","slot-service","OPTIMUM","22,10447","22,02927","13959","117912","2292","498","510","12","0","120"
"8","TOT-both-ss","instance_30_15_5_49","totalizer","both","slot-service","UNSATISFIABLE","0,157436","0","0","0","0","","","","","120"
"8","TOT-both-ss","instance_30_15_5_5","totalizer","both","slot-service","OPTIMUM","29,63191","29,53685","15272","147011","2479","531","538","7","0","120"
"8","TOT-both-ss","instance_30_15_5_50","totalizer","both","slot-service","OPTIMUM","44,70685","44,61218","14945","143063","2407","555","561","6","0","120"
"8","TOT-both-ss","instance_30_15_5_6","totalizer","both","slot-service","OPTIMUM","24,52044","24,40979","16477","188456","2594","546","546","0","0","120"
"8","TOT-both-ss","instance_30_15_5_7","totalizer","both","slot-service","OPTIMUM","10,3974","10,30423","14349","141045","2344","544","545","1","0","120"
"8","TOT-both-ss","instance_30_15_5_8","totalizer","both","slot-service","OPTIMUM","29,40845","29,33543","13452","123502","2208","505","513","8","0","120"
"8","TOT-both-ss","instance_30_15_5_9","totalizer","both","slot-service","OPTIMUM","33,06733","32,96607","15394","158888","2463","531","533","2","0","120"
"8","TOT-both-ss","instance_30_20_4_1","totalizer","both","slot-service","OPTIMUM","21,38132","21,28879","15444","151541","2920","414","420","6","0","120"
"8","TOT-both-ss","instance_30_20_4_10","totalizer","both","slot-service","OPTIMUM","11,34394","11,27785","13263","112900","2784","442","446","4","0","120"
"8","TOT-both-ss","instance_30_20_4_11","totalizer","both","slot-service","OPTIMUM","38,19418","38,10033","15122","152659","2749","454","455","1","0","120"
"8","TOT-both-ss","instance_30_20_4_12","totalizer","both","slot-service","OPTIMUM","25,27471","25,17671","16040","165032","2929","446","448","2","0","120"
"8","TOT-both-ss","instance_30_20_4_13","totalizer","both","slot-service","OPTIMUM","26,15837","26,06539","15216","148094","2934","444","447","3","0","120"
"8","TOT-both-ss","instance_30_20_4_14","totalizer","both","slot-service","OPTIMUM","8,592565","8,535126","11362","82624","2445","462","463","1","0","120"
"8","TOT-both-ss","instance_30_20_4_15","totalizer","both","slot-service","OPTIMUM","23,38555","23,28957","15354","163095","2849","461","462","1","0","120"
"8","TOT-both-ss","instance_30_20_4_16","totalizer","both","slot-service","OPTIMUM","37,30312","37,20275","15079","171857","2661","420","425","5","0","120"
"8","TOT-both-ss","instance_30_20_4_17","totalizer","both","slot-service","OPTIMUM","7,545261","7,484409","11900","99865","2334","421","422","1","0","120"
"8","TOT-both-ss","instance_30_20_4_18","totalizer","both","slot-service","OPTIMUM","21,35439","21,28556","13153","118233","2540","435","440","5","0","120"
"8","TOT-both-ss","instance_30_20_4_19","totalizer","both","slot-service","OPTIMUM","22,20567","22,11468","14707","143254","2744","459","463","4","0","120"
"8","TOT-both-ss","instance_30_20_4_2","totalizer","both","slot-service","OPTIMUM","25,93175","25,866","12885","110484","2536","430","438","8","0","120"
"8","TOT-both-ss","instance_30_20_4_20","totalizer","both","slot-service","OPTIMUM","25,58156","25,49693","13918","131901","2549","445","448","3","0","120"
"8","TOT-both-ss","instance_30_20_4_21","totalizer","both","slot-service","OPTIMUM","24,09726","24,00076","15597","163680","2891","438","440","2","0","120"
"8","TOT-both-ss","instance_30_20_4_22","totalizer","both","slot-service","OPTIMUM","28,74226","28,66823","13845","130422","2631","432","438","6","0","120"
"8","TOT-both-ss","instance_30_20_4_23","totalizer","both","slot-service","OPTIMUM","7,023764","6,96061","12512","106669","2482","455","455","0","0","120"
"8","TOT-both-ss","instance_30_20_4_24","totalizer","both","slot-service","OPTIMUM","27,11778","27,01508","16155","185797","2912","453","456","3","0","120"
"8","TOT-both-ss","instance_30_20_4_25","totalizer","both","slot-service","OPTIMUM","15,63267","15,56731","12610","109117","2544","439","442","3","0","120"
"8","TOT-both-ss","instance_30_20_4_26","totalizer","both","slot-service","OPTIMUM","14,52964","14,44033","14674","142580","2849","461","462","1","0","120"
"8","TOT-both-ss","instance_30_20_4_27","totalizer","both","slot-service","OPTIMUM","17,33934","17,24684","15041","152979","2912","463","463","0","0","120"
"8","TOT-both-ss","instance_30_20_4_28","totalizer","both","slot-service","OPTIMUM","10,68511","10,59974","13836","133460","2670","456","456","0","0","120"
"8","TOT-both-ss","instance_30_20_4_29","totalizer","both","slot-service","OPTIMUM","31,00125","30,9113","14837","147674","2850","469","471","2","0","120"
"8","TOT-both-ss","instance_30_20_4_3","totalizer","both","slot-service","OPTIMUM","24,4463","24,35603","13818","134651","2639","457","462","5","0","120"
"8","TOT-both-ss","instance_30_20_4_30","totalizer","both","slot-service","OPTIMUM","8,561994","8,46906","14503","154602","2701","467","468","1","0","120"
"8","TOT-both-ss","instance_30_20_4_31","totalizer","both","slot-service","OPTIMUM","5,787707","5,721049","12515","115213","2487","455","456","1","0","120"
"8","TOT-both-ss","instance_30_20_4_32","totalizer","both","slot-service","OPTIMUM","20,37086","20,27231","15664","173212","2998","455","457","2","0","120"
"8","TOT-both-ss","instance_30_20_4_33","totalizer","both","slot-service","OPTIMUM","14,05851","13,98693","13031","118682","2615","441","441","0","0","120"
"8","TOT-both-ss","instance_30_20_4_34","totalizer","both","slot-service","OPTIMUM","23,48747","23,3997","14466","142545","2759","461","463","2","0","120"
"8","TOT-both-ss","instance_30_20_4_35","totalizer","both","slot-service","OPTIMUM","10,39527","10,32584","13443","116011","2484","433","442","9","0","120"
"8","TOT-both-ss","instance_30_20_4_36","totalizer","both","slot-service","OPTIMUM","17,20492","17,13614","13127","120338","2395","442","448","6","0","120"
"8","TOT-both-ss","instance_30_20_4_37","totalizer","both","slot-service","OPTIMUM","24,3625","24,26561","15300","165818","2732","464","464","0","0","120"
"8","TOT-both-ss","instance_30_20_4_38","totalizer","both","slot-service","OPTIMUM","14,09156","14,00436","14053","139048","2582","446","447","1","0","120"
"8","TOT-both-ss","instance_30_20_4_39","totalizer","both","slot-service","OPTIMUM","23,74691","23,67418","13919","130469","2698","467","468","1","0","120"
"8","TOT-both-ss","instance_30_20_4_4","totalizer","both","slot-service","OPTIMUM","19,77841","19,70741","13969","125858","2672","435","439","4","0","120"
"8","TOT-both-ss","instance_30_20_4_40","totalizer","both","slot-service","OPTIMUM","20,57226","20,47355","15744","168806","2988","465","466","1","0","120"
"8","TOT-both-ss","instance_30_20_4_41","totalizer","both","slot-service","OPTIMUM","20,25147","20,182","12762","115783","2582","455","459","4","0","120"
"8","TOT-both-ss","instance_30_20_4_42","totalizer","both","slot-service","OPTIMUM","14,92799","14,85869","13233","118549","2613","443","448","5","0","120"
"8","TOT-both-ss","instance_30_20_4_43","totalizer","both","slot-service","OPTIMUM","7,972205","7,916174","10986","84642","2288","430","433","3","0","120"
"8","TOT-both-ss","instance_30_20_4_44","totalizer","both","slot-service","OPTIMUM","18,66424","18,60145","12269","101698","2471","447","449","2","0","120"
"8","TOT-both-ss","instance_30_20_4_45","totalizer","both","slot-service","OPTIMUM","25,83079","25,74444","13755","136580","2680","460","462","2","0","120"
"8","TOT-both-ss","instance_30_20_4_46","totalizer","both","slot-service","OPTIMUM","12,42082","12,3547","12921","109863","2581","443","449","6","0","120"
"8","TOT-both-ss","instance_30_20_4_47","totalizer","both","slot-service","OPTIMUM","14,33695","14,24799","14709","140878","2727","459","464","5","0","120"
"8","TOT-both-ss","instance_30_20_4_48","totalizer","both","slot-service","OPTIMUM","28,69815","28,6092","14178","136046","2635","445","449","4","0","120"
"8","TOT-both-ss","instance_30_20_4_49","totalizer","both","slot-service","OPTIMUM","16,81515","16,74438","13697","121571","2524","415","424","9","0","120"
"8","TOT-both-ss","instance_30_20_4_5","totalizer","both","slot-service","OPTIMUM","26,22114","26,15208","13468","120957","2559","442","448","6","0","120"
"8","TOT-both-ss","instance_30_20_4_50","totalizer","both","slot-service","OPTIMUM","8,112118","8,0473","12911","113839","2642","437","439","2","0","120"
"8","TOT-both-ss","instance_30_20_4_6","totalizer","both","slot-service","OPTIMUM","25,26998","25,20262","13163","114177","2593","442","447","5","0","120"
"8","TOT-both-ss","instance_30_20_4_7","totalizer","both","slot-service","OPTIMUM","14,36513","14,29194","13749","128253","2571","431","436","5","0","120"
"8","TOT-both-ss","instance_30_20_4_8","totalizer","both","slot-service","OPTIMUM","19,80377","19,73997","12672","108865","2518","445","450","5","0","120"
"8","TOT-both-ss","instance_30_20_4_9","totalizer","both","slot-service","OPTIMUM","24,35163","24,28638","13180","110726","2549","431","438","7","0","120"
"8","TOT-both-ss","instance_30_20_5_1","totalizer","both","slot-service","OPTIMUM","9,924548","9,812972","18061","193983","3148","545","552","7","0","120"
"8","TOT-both-ss","instance_30_20_5_10","totalizer","both","slot-service","OPTIMUM","17,07687","16,9782","16668","160249","3092","531","537","6","0","120"
"8","TOT-both-ss","instance_30_20_5_11","totalizer","both","slot-service","OPTIMUM","13,38512","13,2735","18497","196834","3277","549","554","5","0","120"
"8","TOT-both-ss","instance_30_20_5_12","totalizer","both","slot-service","OPTIMUM","20,5765","20,46286","18398","201274","3050","560","563","3","0","120"
"8","TOT-both-ss","instance_30_20_5_13","totalizer","both","slot-service","OPTIMUM","15,21348","15,10185","18272","197791","3302","569","575","6","0","120"
"8","TOT-both-ss","instance_30_20_5_14","totalizer","both","slot-service","OPTIMUM","25,55542","25,39341","21263","262663","3621","586","589","3","0","120"
"8","TOT-both-ss","instance_30_20_5_15","totalizer","both","slot-service","OPTIMUM","36,67792","36,57727","16154","154761","2983","552","557","5","0","120"
"8","TOT-both-ss","instance_30_20_5_16","totalizer","both","slot-service","OPTIMUM","27,56812","27,45736","17705","186297","3115","575","582","7","0","120"
"8","TOT-both-ss","instance_30_20_5_17","totalizer","both","slot-service","OPTIMUM","27,51583","27,40674","18182","189382","3244","530","532","2","0","120"
"8","TOT-both-ss","instance_30_20_5_18","totalizer","both","slot-service","OPTIMUM","43,68176","43,54913","20351","251593","3330","568","577","9","0","120"
"8","TOT-both-ss","instance_30_20_5_19","totalizer","both","slot-service","OPTIMUM","11,85868","11,74804","17528","191014","3049","551","554","3","0","120"
"8","TOT-both-ss","instance_30_20_5_2","totalizer","both","slot-service","OPTIMUM","39,5456","39,43991","17715","179042","3189","540","546","6","0","120"
"8","TOT-both-ss","instance_30_20_5_20","totalizer","both","slot-service","OPTIMUM","14,0936","13,97999","18586","196319","3294","559","566","7","0","120"
"8","TOT-both-ss","instance_30_20_5_21","totalizer","both","slot-service","OPTIMUM","31,47421","31,36644","17886","181841","3170","526","535","9","0","120"
"8","TOT-both-ss","instance_30_20_5_22","totalizer","both","slot-service","OPTIMUM","51,0333","50,91966","18528","197875","3343","561","568","7","0","120"
"8","TOT-both-ss","instance_30_20_5_23","totalizer","both","slot-service","OPTIMUM","23,46735","23,37518","15180","141336","2845","545","551","6","0","120"
"8","TOT-both-ss","instance_30_20_5_24","totalizer","both","slot-service","OPTIMUM","19,41874","19,30216","18635","209964","3110","572","575","3","0","120"
"8","TOT-both-ss","instance_30_20_5_25","totalizer","both","slot-service","OPTIMUM","26,80349","26,69039","17910","184921","3140","565","571","6","0","120"
"8","TOT-both-ss","instance_30_20_5_26","totalizer","both","slot-service","OPTIMUM","32,6293","32,52629","16905","169084","3024","561","567","6","0","120"
"8","TOT-both-ss","instance_30_20_5_27","totalizer","both","slot-service","OPTIMUM","26,71271","26,6123","16713","161897","3202","516","531","15","0","120"
"8","TOT-both-ss","instance_30_20_5_28","totalizer","both","slot-service","OPTIMUM","30,72876","30,63543","15696","139710","2857","523","536","13","0","120"
"8","TOT-both-ss","instance_30_20_5_29","totalizer","both","slot-service","OPTIMUM","9,995657","9,902519","15563","142356","2903","560","562","2","0","120"
"8","TOT-both-ss","instance_30_20_5_3","totalizer","both","slot-service","OPTIMUM","8,487071","8,387431","16648","161086","3048","566","566","0","0","120"
"8","TOT-both-ss","instance_30_20_5_30","totalizer","both","slot-service","OPTIMUM","39,32324","39,20393","18621","198685","3308","566","571","5","0","120"
"8","TOT-both-ss","instance_30_20_5_31","totalizer","both","slot-service","OPTIMUM","38,37633","38,25779","18616","219163","3115","582","582","0","0","120"
"8","TOT-both-ss","instance_30_20_5_32","totalizer","both","slot-service","OPTIMUM","34,48022","34,36538","18942","204643","3318","556","567","11","0","120"
"8","TOT-both-ss","instance_30_20_5_33","totalizer","both","slot-service","OPTIMUM","34,77809","34,67602","16564","166550","2869","517","525","8","0","120"
"8","TOT-both-ss","instance_30_20_5_34","totalizer","both","slot-service","OPTIMUM","22,22973","22,11136","18688","215598","3332","568","571","3","0","120"
"8","TOT-both-ss","instance_30_20_5_35","totalizer","both","slot-service","OPTIMUM","32,49006","32,37635","18085","199805","3039","557","563","6","0","120"
"8","TOT-both-ss","instance_30_20_5_36","totalizer","both","slot-service","OPTIMUM","25,83619","25,73556","16863","159372","2995","550","555","5","0","120"
"8","TOT-both-ss","instance_30_20_5_37","totalizer","both","slot-service","OPTIMUM","26,37518","26,27282","17033","172148","3053","547","552","5","0","120"
"8","TOT-both-ss","instance_30_20_5_38","totalizer","both","slot-service","OPTIMUM","37,88632","37,76494","19280","222015","3211","563","570","7","0","120"
"8","TOT-both-ss","instance_30_20_5_39","totalizer","both","slot-service","OPTIMUM","17,99657","17,90592","15656","137386","3057","545","547","2","0","120"
"8","TOT-both-ss","instance_30_20_5_4","totalizer","both","slot-service","OPTIMUM","44,95455","44,82352","20687","250058","3468","572","578","6","0","120"
"8","TOT-both-ss","instance_30_20_5_40","totalizer","both","slot-service","OPTIMUM","29,04738","28,92639","20011","226548","3586","574","575","1","0","120"
"8","TOT-both-ss","instance_30_20_5_41","totalizer","both","slot-service","OPTIMUM","45,38702","45,26349","19697","228984","3299","567","573","6","0","120"
"8","TOT-both-ss","instance_30_20_5_42","totalizer","both","slot-service","OPTIMUM","42,69597","42,56869","20320","242003","3338","590","590","0","0","120"
"8","TOT-both-ss","instance_30_20_5_43","totalizer","both","slot-service","OPTIMUM","22,18767","22,09461","15184","141327","2844","558","568","10","0","120"
"8","TOT-both-ss","instance_30_20_5_44","totalizer","both","slot-service","OPTIMUM","25,86873","25,75661","17826","193431","3134","573","577","4","0","120"
"8","TOT-both-ss","instance_30_20_5_45","totalizer","both","slot-service","OPTIMUM","20,78784","20,69257","15521","143882","2798","559","564","5","0","120"
"8","TOT-both-ss","instance_30_20_5_46","totalizer","both","slot-service","OPTIMUM","28,14435","28,03353","17358","178390","3011","558","567","9","0","120"
"8","TOT-both-ss","instance_30_20_5_47","totalizer","both","slot-service","OPTIMUM","18,47975","18,36694","17843","193595","3191","570","572","2","0","120"
"8","TOT-both-ss","instance_30_20_5_48","totalizer","both","slot-service","OPTIMUM","15,57258","15,45753","18399","203453","3254","576","577","1","0","120"
"8","TOT-both-ss","instance_30_20_5_49","totalizer","both","slot-service","OPTIMUM","25,08798","24,97641","17758","199464","3099","542","549","7","0","120"
"8","TOT-both-ss","instance_30_20_5_5","totalizer","both","slot-service","OPTIMUM","45,96698","45,8641","16829","170774","2939","534","543","9","0","120"
"8","TOT-both-ss","instance_30_20_5_50","totalizer","both","slot-service","UNSATISFIABLE","0,152439","0","0","0","0","","","","","120"
"8","TOT-both-ss","instance_30_20_5_6","totalizer","both","slot-service","OPTIMUM","15,1001","14,97747","19851","239562","3318","575","577","2","0","120"
"8","TOT-both-ss","instance_30_20_5_7","totalizer","both","slot-service","OPTIMUM","29,86625","29,75625","18143","193821","3135","558","564","6","0","120"
"8","TOT-both-ss","instance_30_20_5_8","totalizer","both","slot-service","OPTIMUM","30,48937","30,37563","18561","198028","3305","563","569","6","0","120"
"8","TOT-both-ss","instance_30_20_5_9","totalizer","both","slot-service","OPTIMUM","24,0336","23,92624","17300","183020","3043","537","547","10","0","120"
"8","TOT-both-ss","instance_30_25_4_1","totalizer","both","slot-service","OPTIMUM","30,7902","30,69258","15115","149137","2997","454","460","6","0","120"
"8","TOT-both-ss","instance_30_25_4_10","totalizer","both","slot-service","OPTIMUM","21,00308","20,90454","14982","138721","3332","453","456","3","0","120"
"8","TOT-both-ss","instance_30_25_4_11","totalizer","both","slot-service","OPTIMUM","19,02047","18,90654","16939","195925","3201","457","458","1","0","120"
"8","TOT-both-ss","instance_30_25_4_12","totalizer","both","slot-service","OPTIMUM","45,22189","45,11741","15931","162518","3338","437","438","1","0","120"
"8","TOT-both-ss","instance_30_25_4_13","totalizer","both","slot-service","OPTIMUM","17,36118","17,25295","17086","181155","3437","462","466","4","0","120"
"8","TOT-both-ss","instance_30_25_4_14","totalizer","both","slot-service","OPTIMUM","32,34502","32,25145","15322","138656","3384","447","449","2","0","120"
"8","TOT-both-ss","instance_30_25_4_15","totalizer","both","slot-service","OPTIMUM","17,03038","16,9364","14598","136147","3065","446","450","4","0","120"
"8","TOT-both-ss","instance_30_25_4_16","totalizer","both","slot-service","OPTIMUM","11,98615","11,88325","15916","170090","3155","449","449","0","0","120"
"8","TOT-both-ss","instance_30_25_4_17","totalizer","both","slot-service","OPTIMUM","14,25187","14,13838","17331","189200","3514","444","447","3","0","120"
"8","TOT-both-ss","instance_30_25_4_18","totalizer","both","slot-service","OPTIMUM","28,77881","28,66441","16685","166190","3387","456","460","4","0","120"
"8","TOT-both-ss","instance_30_25_4_19","totalizer","both","slot-service","OPTIMUM","35,769","35,67152","16028","160562","3505","436","440","4","0","120"
"8","TOT-both-ss","instance_30_25_4_2","totalizer","both","slot-service","OPTIMUM","17,71823","17,61531","16003","168835","3289","471","471","0","0","120"
"8","TOT-both-ss","instance_30_25_4_20","totalizer","both","slot-service","OPTIMUM","25,04371","24,93905","15974","163904","3244","462","467","5","0","120"
"8","TOT-both-ss","instance_30_25_4_21","totalizer","both","slot-service","OPTIMUM","19,873","19,79298","14645","130370","3100","457","462","5","0","120"
"8","TOT-both-ss","instance_30_25_4_22","totalizer","both","slot-service","OPTIMUM","30,93132","30,82007","17585","191432","3440","466","469","3","0","120"
"8","TOT-both-ss","instance_30_25_4_23","totalizer","both","slot-service","OPTIMUM","15,27983","15,17677","16528","171834","3467","465","468","3","0","120"
"8","TOT-both-ss","instance_30_25_4_24","totalizer","both","slot-service","OPTIMUM","24,12679","24,02097","16654","179725","3224","460","462","2","0","120"
"8","TOT-both-ss","instance_30_25_4_25","totalizer","both","slot-service","OPTIMUM","35,59409","35,43128","20345","266238","3750","459","460","1","0","120"
"8","TOT-both-ss","instance_30_25_4_26","totalizer","both","slot-service","OPTIMUM","15,04315","14,94847","15257","138659","3126","461","465","4","0","120"
"8","TOT-both-ss","instance_30_25_4_27","totalizer","both","slot-service","OPTIMUM","28,69135","28,56651","18431","234549","3317","467","470","3","0","120"
"8","TOT-both-ss","instance_30_25_4_28","totalizer","both","slot-service","OPTIMUM","20,56167","20,4919","12963","111871","2922","411","413","2","0","120"
"8","TOT-both-ss","instance_30_25_4_29","totalizer","both","slot-service","OPTIMUM","28,90894","28,7918","18712","211642","3611","461","466","5","0","120"
"8","TOT-both-ss","instance_30_25_4_3","totalizer","both","slot-service","OPTIMUM","33,26001","33,16072","16373","157124","3320","427","435","8","0","120"
"8","TOT-both-ss","instance_30_25_4_30","totalizer","both","slot-service","OPTIMUM","31,40257","31,29836","16706","171143","3370","453","458","5","0","120"
"8","TOT-both-ss","instance_30_25_4_31","totalizer","both","slot-service","OPTIMUM","19,39049","19,28558","17030","172304","3354","437","440","3","0","120"
"8","TOT-both-ss","instance_30_25_4_32","totalizer","both","slot-service","OPTIMUM","21,75351","21,66265","15566","136713","3418","450","453","3","0","120"
"8","TOT-both-ss","instance_30_25_4_33","totalizer","both","slot-service","OPTIMUM","7,273145","7,161072","17696","196123","3348","470","470","0","0","120"
"8","TOT-both-ss","instance_30_25_4_34","totalizer","both","slot-service","OPTIMUM","18,96887","18,85375","18303","209414","3619","458","460","2","0","120"
"8","TOT-both-ss","instance_30_25_4_35","totalizer","both","slot-service","OPTIMUM","15,91762","15,82293","14727","134899","3092","447","451","4","0","120"
"8","TOT-both-ss","instance_30_25_4_36","totalizer","both","slot-service","OPTIMUM","25,89189","25,79111","15991","162122","3209","457","458","1","0","120"
"8","TOT-both-ss","instance_30_25_4_37","totalizer","both","slot-service","OPTIMUM","17,7927","17,68547","16821","175368","3378","440","444","4","0","120"
"8","TOT-both-ss","instance_30_25_4_38","totalizer","both","slot-service","OPTIMUM","19,57611","19,46003","17594","193368","3532","454","457","3","0","120"
"8","TOT-both-ss","instance_30_25_4_39","totalizer","both","slot-service","OPTIMUM","20,76119","20,66214","15697","164093","3240","428","433","5","0","120"
"8","TOT-both-ss","instance_30_25_4_4","totalizer","both","slot-service","OPTIMUM","17,17164","17,09296","14460","124469","3164","452","457","5","0","120"
"8","TOT-both-ss","instance_30_25_4_40","totalizer","both","slot-service","OPTIMUM","21,55868","21,45673","17222","166297","3492","450","452","2","0","120"
"8","TOT-both-ss","instance_30_25_4_41","totalizer","both","slot-service","OPTIMUM","18,92512","18,82333","15792","156939","3336","448","454","6","0","120"
"8","TOT-both-ss","instance_30_25_4_42","totalizer","both","slot-service","OPTIMUM","47,10734","46,98181","19542","241557","3706","475","476","1","0","120"
"8","TOT-both-ss","instance_30_25_4_43","totalizer","both","slot-service","OPTIMUM","19,89165","19,79114","16509","173614","3385","466","467","1","0","120"
"8","TOT-both-ss","instance_30_25_4_44","totalizer","both","slot-service","OPTIMUM","18,94026","18,84174","15665","155721","3239","431","436","5","0","120"
"8","TOT-both-ss","instance_30_25_4_45","totalizer","both","slot-service","OPTIMUM","26,59607","26,49937","15531","140609","3342","448","452","4","0","120"
"8","TOT-both-ss","instance_30_25_4_46","totalizer","both","slot-service","OPTIMUM","36,14745","36,01143","20133","260199","3715","470","472","2","0","120"
"8","TOT-both-ss","instance_30_25_4_47","totalizer","both","slot-service","OPTIMUM","20,28327","20,18502","16070","161099","3208","474","474","0","0","120"
"8","TOT-both-ss","instance_30_25_4_48","totalizer","both","slot-service","OPTIMUM","29,37794","29,27026","16568","189947","3270","465","465","0","0","120"
"8","TOT-both-ss","instance_30_25_4_49","totalizer","both","slot-service","OPTIMUM","11,45421","11,37583","14464","128149","3097","456","461","5","0","120"
"8","TOT-both-ss","instance_30_25_4_5","totalizer","both","slot-service","OPTIMUM","19,59876","19,49016","17223","180051","3517","463","464","1","0","120"
"8","TOT-both-ss","instance_30_25_4_50","totalizer","both","slot-service","OPTIMUM","26,13696","26,01752","17925","219553","3350","471","473","2","0","120"
"8","TOT-both-ss","instance_30_25_4_6","totalizer","both","slot-service","OPTIMUM","10,10316","10,00651","15383","151059","3036","461","467","6","0","120"
"8","TOT-both-ss","instance_30_25_4_7","totalizer","both","slot-service","OPTIMUM","19,92141","19,80813","17688","200372","3383","473","475","2","0","120"
"8","TOT-both-ss","instance_30_25_4_8","totalizer","both","slot-service","OPTIMUM","30,16677","30,05727","17744","184197","3653","475","475","0","0","120"
"8","TOT-both-ss","instance_30_25_4_9","totalizer","both","slot-service","OPTIMUM","17,23282","17,12962","16344","170290","3348","463","465","2","0","120"
"8","TOT-both-ss","instance_30_25_5_1","totalizer","both","slot-service","OPTIMUM","21,65633","21,52445","20669","219491","3860","578","583","5","0","120"
"8","TOT-both-ss","instance_30_25_5_10","totalizer","both","slot-service","OPTIMUM","41,83577","41,72112","18500","182883","3652","554","564","10","0","120"
"8","TOT-both-ss","instance_30_25_5_11","totalizer","both","slot-service","OPTIMUM","18,52407","18,39507","19856","224083","3659","569","571","2","0","120"
"8","TOT-both-ss","instance_30_25_5_12","totalizer","both","slot-service","OPTIMUM","21,76217","21,63919","19838","209155","3997","580","581","1","0","120"
"8","TOT-both-ss","instance_30_25_5_13","totalizer","both","slot-service","OPTIMUM","44,75974","44,62081","20996","253266","3734","588","590","2","0","120"
"8","TOT-both-ss","instance_30_25_5_14","totalizer","both","slot-service","OPTIMUM","38,62666","38,49172","21303","246426","3837","571","579","8","0","120"
"8","TOT-both-ss","instance_30_25_5_15","totalizer","both","slot-service","OPTIMUM","23,10333","22,9694","20849","227537","3927","554","560","6","0","120"
"8","TOT-both-ss","instance_30_25_5_16","totalizer","both","slot-service","OPTIMUM","27,19793","27,02281","22646","277697","4022","579","582","3","0","120"
"8","TOT-both-ss","instance_30_25_5_17","totalizer","both","slot-service","UNSATISFIABLE","0,771846","0","0","0","0","","","","","120"
"8","TOT-both-ss","instance_30_25_5_18","totalizer","both","slot-service","OPTIMUM","50,84921","50,6685","22865","288251","4214","565","569","4","0","120"
"8","TOT-both-ss","instance_30_25_5_19","totalizer","both","slot-service","OPTIMUM","26,74368","26,60652","21095","241802","4001","556","566","10","0","120"
"8","TOT-both-ss","instance_30_25_5_2","totalizer","both","slot-service","OPTIMUM","46,22244","46,09464","19232","211941","3693","550","555","5","0","120"
"8","TOT-both-ss","instance_30_25_5_20","totalizer","both","slot-service","OPTIMUM","43,63751","43,50191","21069","238765","3881","577","580","3","0","120"
"8","TOT-both-ss","instance_30_25_5_21","totalizer","both","slot-service","OPTIMUM","42,58868","42,45263","20875","238476","3786","571","578","7","0","120"
"8","TOT-both-ss","instance_30_25_5_22","totalizer","both","slot-service","OPTIMUM","116,4378","116,3099","19329","215627","3498","574","583","7","2","120"
"8","TOT-both-ss","instance_30_25_5_23","totalizer","both","slot-service","OPTIMUM","33,06905","32,93773","19999","224938","3665","572","573","1","0","120"
"8","TOT-both-ss","instance_30_25_5_24","totalizer","both","slot-service","OPTIMUM","48,0243","47,84637","22151","266877","4173","581","584","3","0","120"
"8","TOT-both-ss","instance_30_25_5_25","totalizer","both","slot-service","OPTIMUM","42,72701","42,54193","23665","296476","4043","575","581","6","0","120"
"8","TOT-both-ss","instance_30_25_5_26","totalizer","both","slot-service","OPTIMUM","20,19995","20,07464","19634","206287","3787","570","575","5","0","120"
"8","TOT-both-ss","instance_30_25_5_27","totalizer","both","slot-service","OPTIMUM","35,08779","34,95138","20873","245413","3924","583","587","4","0","120"
"8","TOT-both-ss","instance_30_25_5_28","totalizer","both","slot-service","OPTIMUM","36,91888","36,73664","23038","300277","4075","584","587","3","0","120"
"8","TOT-both-ss","instance_30_25_5_29","totalizer","both","slot-service","OPTIMUM","40,32904","40,15435","21755","267309","4011","565","568","3","0","120"
"8","TOT-both-ss","instance_30_25_5_3","totalizer","both","slot-service","OPTIMUM","32,6079","32,48716","19662","197710","3857","566","570","4","0","120"
"8","TOT-both-ss","instance_30_25_5_30","totalizer","both","slot-service","OPTIMUM","34,81799","34,68066","20785","241196","3812","558","570","12","0","120"
"8","TOT-both-ss","instance_30_25_5_31","totalizer","both","slot-service","OPTIMUM","25,22757","25,10895","18952","194135","3640","555","556","1","0","120"
"8","TOT-both-ss","instance_30_25_5_32","totalizer","both","slot-service","OPTIMUM","38,46965","38,29663","21794","270764","4032","573","573","0","0","120"
"8","TOT-both-ss","instance_30_25_5_33","totalizer","both","slot-service","OPTIMUM","35,04791","34,92814","19106","196656","3813","559","561","2","0","120"
"8","TOT-both-ss","instance_30_25_5_34","totalizer","both","slot-service","OPTIMUM","23,0893","22,95031","21064","257666","3859","577","580","3","0","120"
"8","TOT-both-ss","instance_30_25_5_35","totalizer","both","slot-service","OPTIMUM","21,71562","21,59235","19417","204915","3688","563","574","11","0","120"
"8","TOT-both-ss","instance_30_25_5_36","totalizer","both","slot-service","OPTIMUM","32,331","32,19436","21254","232993","3988","570","573","3","0","120"
"8","TOT-both-ss","instance_30_25_5_37","totalizer","both","slot-service","OPTIMUM","23,20248","23,07216","20615","223379","3867","541","544","3","0","120"
"8","TOT-both-ss","instance_30_25_5_38","totalizer","both","slot-service","OPTIMUM","30,36886","30,24608","19266","202682","3633","566","571","5","0","120"
"8","TOT-both-ss","instance_30_25_5_39","totalizer","both","slot-service","OPTIMUM","45,62962","45,45567","22119","278922","3956","585","589","4","0","120"
"8","TOT-both-ss","instance_30_25_5_4","totalizer","both","slot-service","OPTIMUM","22,25764","22,12304","21234","229296","4041","583","585","2","0","120"
"8","TOT-both-ss","instance_30_25_5_40","totalizer","both","slot-service","OPTIMUM","36,00858","35,88329","19889","210869","3868","585","585","0","0","120"
"8","TOT-both-ss","instance_30_25_5_41","totalizer","both","slot-service","OPTIMUM","25,22649","25,09155","20527","224099","3945","584","585","1","0","120"
"8","TOT-both-ss","instance_30_25_5_42","totalizer","both","slot-service","OPTIMUM","20,36649","20,22802","20560","247370","3791","588","588","0","0","120"
"8","TOT-both-ss","instance_30_25_5_43","totalizer","both","slot-service","OPTIMUM","18,91501","18,78705","19940","213092","3849","530","538","8","0","120"
"8","TOT-both-ss","instance_30_25_5_44","totalizer","both","slot-service","OPTIMUM","32,8953","32,77785","18523","187226","3583","525","535","10","0","120"
"8","TOT-both-ss","instance_30_25_5_45","totalizer","both","slot-service","OPTIMUM","34,9883","34,84813","20375","225722","3828","572","575","3","0","120"
"8","TOT-both-ss","instance_30_25_5_46","totalizer","both","slot-service","OPTIMUM","46,94054","46,76571","22897","272346","4115","570","574","4","0","120"
"8","TOT-both-ss","instance_30_25_5_47","totalizer","both","slot-service","OPTIMUM","20,17141","20,04318","20466","218905","3983","575","577","2","0","120"
"8","TOT-both-ss","instance_30_25_5_48","totalizer","both","slot-service","OPTIMUM","27,88612","27,77035","18977","184681","3671","565","567","2","0","120"
"8","TOT-both-ss","instance_30_25_5_49","totalizer","both","slot-service","OPTIMUM","48,50779","48,33621","21785","269960","3934","578","580","2","0","120"
"8","TOT-both-ss","instance_30_25_5_5","totalizer","both","slot-service","OPTIMUM","17,30785","17,16405","21719","251024","3929","574","579","5","0","120"
"8","TOT-both-ss","instance_30_25_5_50","totalizer","both","slot-service","OPTIMUM","34,56894","34,43453","20455","225513","3799","573","575","2","0","120"
"8","TOT-both-ss","instance_30_25_5_6","totalizer","both","slot-service","OPTIMUM","19,97549","19,80049","22230","276135","4254","588","589","1","0","120"
"8","TOT-both-ss","instance_30_25_5_7","totalizer","both","slot-service","OPTIMUM","47,08277","46,90996","21568","262917","3818","573","581","8","0","120"
"8","TOT-both-ss","instance_30_25_5_8","totalizer","both","slot-service","OPTIMUM","35,10022","34,90513","24696","317814","4428","585","587","2","0","120"
"8","TOT-both-ss","instance_30_25_5_9","totalizer","both","slot-service","OPTIMUM","37,49087","37,36865","19477","203232","3815","590","591","1","0","120"
"8","TOT-both-ss","instance_40_10_4_1","totalizer","both","slot-service","OPTIMUM","40,72418","40,62831","14119","137785","2006","563","567","4","0","120"
"8","TOT-both-ss","instance_40_10_4_10","totalizer","both","slot-service","UNSATISFIABLE","0,090832","0","0","0","0","","","","","120"
"8","TOT-both-ss","instance_40_10_4_11","totalizer","both","slot-service","TIMEOUT","300,1137","0","0","0","0","","","","","120"
"8","TOT-both-ss","instance_40_10_4_12","totalizer","both","slot-service","UNSATISFIABLE","0,059761","0","0","0","0","","","","","120"
"8","TOT-both-ss","instance_40_10_4_13","totalizer","both","slot-service","UNSATISFIABLE","0,096429","0","0","0","0","","","","","120"
"8","TOT-both-ss","instance_40_10_4_14","totalizer","both","slot-service","UNSATISFIABLE","0,224261","0","0","0","0","","","","","120"
"8","TOT-both-ss","instance_40_10_4_15","totalizer","both","slot-service","UNSATISFIABLE","0,140434","0","0","0","0","","","","","120"
"8","TOT-both-ss","instance_40_10_4_16","totalizer","both","slot-service","OPTIMUM","19,50865","19,43133","13441","128951","1866","569","579","10","0","120"
"8","TOT-both-ss","instance_40_10_4_17","totalizer","both","slot-service","OPTIMUM","11,67152","11,57432","14190","152266","2036","580","580","0","0","120"
"8","TOT-both-ss","instance_40_10_4_18","totalizer","both","slot-service","UNSATISFIABLE","0,075331","0","0","0","0","","","","","120"
"8","TOT-both-ss","instance_40_10_4_19","totalizer","both","slot-service","OPTIMUM","36,5622","36,47084","14434","135803","2091","548","558","10","0","120"
"8","TOT-both-ss","instance_40_10_4_2","totalizer","both","slot-service","TIMEOUT","300,1114","0","0","0","0","","","","","120"
"8","TOT-both-ss","instance_40_10_4_20","totalizer","both","slot-service","UNSATISFIABLE","0,096762","0","0","0","0","","","","","120"
"8","TOT-both-ss","instance_40_10_4_21","totalizer","both","slot-service","OPTIMUM","15,39336","15,32169","13520","124531","1901","557","561","4","0","120"
"8","TOT-both-ss","instance_40_10_4_22","totalizer","both","slot-service","OPTIMUM","33,20787","33,14703","11997","96209","1809","553","556","3","0","120"
"8","TOT-both-ss","instance_40_10_4_23","totalizer","both","slot-service","UNSATISFIABLE","0,136382","0","0","0","0","","","","","120"
"8","TOT-both-ss","instance_40_10_4_24","totalizer","both","slot-service","OPTIMUM","34,40515","34,2983","15873","179297","2072","580","588","8","0","120"
"8","TOT-both-ss","instance_40_10_4_25","totalizer","both","slot-service","UNSATISFIABLE","0,094696","0","0","0","0","","","","","120"
"8","TOT-both-ss","instance_40_10_4_26","totalizer","both","slot-service","UNSATISFIABLE","0,085119","0","0","0","0","","","","","120"
"8","TOT-both-ss","instance_40_10_4_27","totalizer","both","slot-service","UNSATISFIABLE","0,085644","0","0","0","0","","","","","120"
"8","TOT-both-ss","instance_40_10_4_28","totalizer","both","slot-service","OPTIMUM","197,6353","197,5682","12733","112444","1826","536","549","9","4","120"
"8","TOT-both-ss","instance_40_10_4_29","totalizer","both","slot-service","TIMEOUT","300,1181","0","0","0","0","","","","","120"
"8","TOT-both-ss","instance_40_10_4_3","totalizer","both","slot-service","OPTIMUM","23,27563","23,20305","13064","117598","1871","486","497","11","0","120"
"8","TOT-both-ss","instance_40_10_4_30","totalizer","both","slot-service","OPTIMUM","22,53298","22,43681","14151","142352","2025","498","502","4","0","120"
"8","TOT-both-ss","instance_40_10_4_31","totalizer","both","slot-service","TIMEOUT","300,109","0","0","0","0","","","","","120"
"8","TOT-both-ss","instance_40_10_4_32","totalizer","both","slot-service","TIMEOUT","300,1159","0","0","0","0","","","","","120"
"8","TOT-both-ss","instance_40_10_4_33","totalizer","both","slot-service","UNSATISFIABLE","0,103784","0","0","0","0","","","","","120"
"8","TOT-both-ss","instance_40_10_4_34","totalizer","both","slot-service","UNSATISFIABLE","0,087464","0","0","0","0","","","","","120"
"8","TOT-both-ss","instance_40_10_4_35","totalizer","both","slot-service","UNSATISFIABLE","0,161994","0","0","0","0","","","","","120"
"8","TOT-both-ss","instance_40_10_4_36","totalizer","both","slot-service","OPTIMUM","42,56702","42,46882","15160","157328","2152","556","561","5","0","120"
"8","TOT-both-ss","instance_40_10_4_37","totalizer","both","slot-service","UNSATISFIABLE","0,127301","0","0","0","0","","","","","120"
"8","TOT-both-ss","instance_40_10_4_38","totalizer","both","slot-service","OPTIMUM","32,88214","32,7849","14164","144076","1919","547","556","9","0","120"
"8","TOT-both-ss","instance_40_10_4_39","totalizer","both","slot-service","UNSATISFIABLE","0,088688","0","0","0","0","","","","","120"
"8","TOT-both-ss","instance_40_10_4_4","totalizer","both","slot-service","UNSATISFIABLE","0,20574","0","0","0","0","","","","","120"
"8","TOT-both-ss","instance_40_10_4_40","totalizer","both","slot-service","OPTIMUM","30,34267","30,29011","10838","74718","1780","544","549","3","2","120"
"8","TOT-both-ss","instance_40_10_4_41","totalizer","both","slot-service","UNSATISFIABLE","0,083936","0","0","0","0","","","","","120"
"8","TOT-both-ss","instance_40_10_4_42","totalizer","both","slot-service","UNSATISFIABLE","0,08959","0","0","0","0","","","","","120"
"8","TOT-both-ss","instance_40_10_4_43","totalizer","both","slot-service","UNSATISFIABLE","0,108375","0","0","0","0","","","","","120"
"8","TOT-both-ss","instance_40_10_4_44","totalizer","both","slot-service","UNSATISFIABLE","0,104211","0","0","0","0","","","","","120"
"8","TOT-both-ss","instance_40_10_4_45","totalizer","both","slot-service","UNSATISFIABLE","0,092397","0","0","0","0","","","","","120"
"8","TOT-both-ss","instance_40_10_4_46","totalizer","both","slot-service","OPTIMUM","58,45081","58,37959","13180","124756","2003","557","561","4","0","120"
"8","TOT-both-ss","instance_40_10_4_47","totalizer","both","slot-service","UNSATISFIABLE","0,09608","0","0","0","0","","","","","120"
"8","TOT-both-ss","instance_40_10_4_48","totalizer","both","slot-service","OPTIMUM","21,01837","20,94657","13097","124193","1900","571","573","2","0","120"
"8","TOT-both-ss","instance_40_10_4_49","totalizer","both","slot-service","UNSATISFIABLE","0,08675","0","0","0","0","","","","","120"
"8","TOT-both-ss","instance_40_10_4_5","totalizer","both","slot-service","UNSATISFIABLE","0,115733","0","0","0","0","","","","","120"
"8","TOT-both-ss","instance_40_10_4_50","totalizer","both","slot-service","UNSATISFIABLE","0,137637","0","0","0","0","","","","","120"
"8","TOT-both-ss","instance_40_10_4_6","totalizer","both","slot-service","OPTIMUM","25,1172","25,05192","12888","111806","1889","554","562","8","0","120"
"8","TOT-both-ss","instance_40_10_4_7","totalizer","both","slot-service","UNSATISFIABLE","0,096056","0","0","0","0","","","","","120"
"8","TOT-both-ss","instance_40_10_4_8","totalizer","both","slot-service","UNSATISFIABLE","0,072804","0","0","0","0","","","","","120"
"8","TOT-both-ss","instance_40_10_4_9","totalizer","both","slot-service","UNSATISFIABLE","0,086561","0","0","0","0","","","","","120"
"8","TOT-both-ss","instance_40_10_5_1","totalizer","both","slot-service","UNSATISFIABLE","0,203903","0","0","0","0","","","","","120"
"8","TOT-both-ss","instance_40_10_5_10","totalizer","both","slot-service","UNSATISFIABLE","0,120842","0","0","0","0","","","","","120"
"8","TOT-both-ss","instance_40_10_5_11","totalizer","both","slot-service","OPTIMUM","174,938","174,8561","16102","156384","2114","609","621","12","0","120"
"8","TOT-both-ss","instance_40_10_5_12","totalizer","both","slot-service","TIMEOUT","300,1183","0","0","0","0","","","","","120"
"8","TOT-both-ss","instance_40_10_5_13","totalizer","both","slot-service","UNSATISFIABLE","0,135963","0","0","0","0","","","","","120"
"8","TOT-both-ss","instance_40_10_5_14","totalizer","both","slot-service","OPTIMUM","47,24861","47,15961","17111","176248","2276","663","672","9","0","120"
"8","TOT-both-ss","instance_40_10_5_15","totalizer","both","slot-service","UNSATISFIABLE","0,112739","0","0","0","0","","","","","120"
"8","TOT-both-ss","instance_40_10_5_16","totalizer","both","slot-service","UNSATISFIABLE","0,197884","0","0","0","0","","","","","120"
"8","TOT-both-ss","instance_40_10_5_17","totalizer","both","slot-service","OPTIMUM","30,25365","30,17082","16753","169639","2324","706","710","4","0","120"
"8","TOT-both-ss","instance_40_10_5_18","totalizer","both","slot-service","UNSATISFIABLE","0,124145","0","0","0","0","","","","","120"
"8","TOT-both-ss","instance_40_10_5_19","totalizer","both","slot-service","TIMEOUT","300,117","0","0","0","0","","","","","120"
"8","TOT-both-ss","instance_40_10_5_2","totalizer","both","slot-service","OPTIMUM","74,33561","74,24153","17452","185227","2180","704","719","15","0","120"
"8","TOT-both-ss","instance_40_10_5_20","totalizer","both","slot-service","UNSATISFIABLE","0,083085","0","0","0","0","","","","","120"
"8","TOT-both-ss","instance_40_10_5_21","totalizer","both","slot-service","UNSATISFIABLE","0,103062","0","0","0","0","","","","","120"
"8","TOT-both-ss","instance_40_10_5_22","totalizer","both","slot-service","TIMEOUT","300,1193","0","0","0","0","","","","","120"
"8","TOT-both-ss","instance_40_10_5_23","totalizer","both","slot-service","UNSATISFIABLE","0,113119","0","0","0","0","","","","","120"
"8","TOT-both-ss","instance_40_10_5_24","totalizer","both","slot-service","UNSATISFIABLE","0,184526","0","0","0","0","","","","","120"
"8","TOT-both-ss","instance_40_10_5_25","totalizer","both","slot-service","UNSATISFIABLE","0,08204","0","0","0","0","","","","","120"
"8","TOT-both-ss","instance_40_10_5_26","totalizer","both","slot-service","UNSATISFIABLE","0,236235","0","0","0","0","","","","","120"
"8","TOT-both-ss","instance_40_10_5_27","totalizer","both","slot-service","UNSATISFIABLE","0,13105","0","0","0","0","","","","","120"
"8","TOT-both-ss","instance_40_10_5_28","totalizer","both","slot-service","TIMEOUT","300,1236","0","0","0","0","","","","","120"
"8","TOT-both-ss","instance_40_10_5_29","totalizer","both","slot-service","OPTIMUM","38,00021","37,90802","17514","179921","2387","698","701","3","0","120"
"8","TOT-both-ss","instance_40_10_5_3","totalizer","both","slot-service","UNSATISFIABLE","0,223094","0","0","0","0","","","","","120"
"8","TOT-both-ss","instance_40_10_5_30","totalizer","both","slot-service","UNSATISFIABLE","0,083792","0","0","0","0","","","","","120"
"8","TOT-both-ss","instance_40_10_5_31","totalizer","both","slot-service","UNSATISFIABLE","0,092797","0","0","0","0","","","","","120"
"8","TOT-both-ss","instance_40_10_5_32","totalizer","both","slot-service","OPTIMUM","35,93344","35,8454","17254","171483","2311","699","700","1","0","120"
"8","TOT-both-ss","instance_40_10_5_33","totalizer","both","slot-service","UNSATISFIABLE","0,111868","0","0","0","0","","","","","120"
"8","TOT-both-ss","instance_40_10_5_34","totalizer","both","slot-service","UNSATISFIABLE","3,645148","0","0","0","0","","","","","120"
"8","TOT-both-ss","instance_40_10_5_35","totalizer","both","slot-service","UNSATISFIABLE","0,087044","0","0","0","0","","","","","120"
"8","TOT-both-ss","instance_40_10_5_36","totalizer","both","slot-service","UNSATISFIABLE","0,225876","0","0","0","0","","","","","120"
"8","TOT-both-ss","instance_40_10_5_37","totalizer","both","slot-service","UNSATISFIABLE","0,090418","0","0","0","0","","","","","120"
"8","TOT-both-ss","instance_40_10_5_38","totalizer","both","slot-service","UNSATISFIABLE","0,086023","0","0","0","0","","","","","120"
"8","TOT-both-ss","instance_40_10_5_39","totalizer","both","slot-service","OPTIMUM","89,4597","89,37501","16026","156344","2189","691","697","4","2","120"
"8","TOT-both-ss","instance_40_10_5_4","totalizer","both","slot-service","UNSATISFIABLE","0,088416","0","0","0","0","","","","","120"
"8","TOT-both-ss","instance_40_10_5_40","totalizer","both","slot-service","UNSATISFIABLE","0,109654","0","0","0","0","","","","","120"
"8","TOT-both-ss","instance_40_10_5_41","totalizer","both","slot-service","UNSATISFIABLE","0,655677","0","0","0","0","","","","","120"
"8","TOT-both-ss","instance_40_10_5_42","totalizer","both","slot-service","UNSATISFIABLE","0,082264","0","0","0","0","","","","","120"
"8","TOT-both-ss","instance_40_10_5_43","totalizer","both","slot-service","UNSATISFIABLE","0,08968","0","0","0","0","","","","","120"
"8","TOT-both-ss","instance_40_10_5_44","totalizer","both","slot-service","OPTIMUM","38,06913","37,9889","15750","148928","2059","634","647","13","0","120"
"8","TOT-both-ss","instance_40_10_5_45","totalizer","both","slot-service","TIMEOUT","300,122","0","0","0","0","","","","","120"
"8","TOT-both-ss","instance_40_10_5_46","totalizer","both","slot-service","UNSATISFIABLE","0,10353","0","0","0","0","","","","","120"
"8","TOT-both-ss","instance_40_10_5_47","totalizer","both","slot-service","UNSATISFIABLE","0,113188","0","0","0","0","","","","","120"
"8","TOT-both-ss","instance_40_10_5_48","totalizer","both","slot-service","UNSATISFIABLE","0,156504","0","0","0","0","","","","","120"
"8","TOT-both-ss","instance_40_10_5_49","totalizer","both","slot-service","OPTIMUM","233,8634","233,7639","18633","209163","2407","710","723","13","0","120"
"8","TOT-both-ss","instance_40_10_5_5","totalizer","both","slot-service","TIMEOUT","300,1186","0","0","0","0","","","","","120"
"8","TOT-both-ss","instance_40_10_5_50","totalizer","both","slot-service","UNSATISFIABLE","0,116753","0","0","0","0","","","","","120"
"8","TOT-both-ss","instance_40_10_5_6","totalizer","both","slot-service","TIMEOUT","300,1218","0","0","0","0","","","","","120"
"8","TOT-both-ss","instance_40_10_5_7","totalizer","both","slot-service","OPTIMUM","49,7121","49,61677","17471","187846","2328","695","700","5","0","120"
"8","TOT-both-ss","instance_40_10_5_8","totalizer","both","slot-service","UNSATISFIABLE","0,115717","0","0","0","0","","","","","120"
"8","TOT-both-ss","instance_40_10_5_9","totalizer","both","slot-service","UNSATISFIABLE","0,13477","0","0","0","0","","","","","120"
"8","TOT-both-ss","instance_40_15_4_1","totalizer","both","slot-service","OPTIMUM","20,60642","20,50284","15894","159865","2764","591","592","1","0","120"
"8","TOT-both-ss","instance_40_15_4_10","totalizer","both","slot-service","OPTIMUM","69,64623","69,57375","13795","113896","2323","522","524","1","1","120"
"8","TOT-both-ss","instance_40_15_4_11","totalizer","both","slot-service","TIMEOUT","300,1167","0","0","0","0","","","","","120"
"8","TOT-both-ss","instance_40_15_4_12","totalizer","both","slot-service","UNSATISFIABLE","0,28652","0","0","0","0","","","","","120"
"8","TOT-both-ss","instance_40_15_4_13","totalizer","both","slot-service","UNSATISFIABLE","0,124536","0","0","0","0","","","","","120"
"8","TOT-both-ss","instance_40_15_4_14","totalizer","both","slot-service","OPTIMUM","36,35541","36,24914","16167","159624","2599","566","574","8","0","120"
"8","TOT-both-ss","instance_40_15_4_15","totalizer","both","slot-service","UNSATISFIABLE","0,125485","0","0","0","0","","","","","120"
"8","TOT-both-ss","instance_40_15_4_16","totalizer","both","slot-service","UNSATISFIABLE","0,238154","0","0","0","0","","","","","120"
"8","TOT-both-ss","instance_40_15_4_17","totalizer","both","slot-service","OPTIMUM","43,68633","43,57777","16445","171068","2860","519","527","8","0","120"
"8","TOT-both-ss","instance_40_15_4_18","totalizer","both","slot-service","OPTIMUM","22,23388","22,11949","16873","176444","2777","595","600","5","0","120"
"8","TOT-both-ss","instance_40_15_4_19","totalizer","both","slot-service","OPTIMUM","26,26293","26,1536","16533","162301","2816","585","589","4","0","120"
"8","TOT-both-ss","instance_40_15_4_2","totalizer","both","slot-service","TIMEOUT","300,1167","0","0","0","0","","","","","120"
"8","TOT-both-ss","instance_40_15_4_20","totalizer","both","slot-service","OPTIMUM","24,15256","24,04935","16387","166154","2667","580","580","0","0","120"
"8","TOT-both-ss","instance_40_15_4_21","totalizer","both","slot-service","OPTIMUM","41,49599","41,40092","15217","138970","2665","535","546","11","0","120"
"8","TOT-both-ss","instance_40_15_4_22","totalizer","both","slot-service","OPTIMUM","37,5943","37,46914","18337","217272","2874","590","593","3","0","120"
"8","TOT-both-ss","instance_40_15_4_23","totalizer","both","slot-service","OPTIMUM","39,13097","39,03724","14928","136714","2600","553","560","7","0","120"
"8","TOT-both-ss","instance_40_15_4_24","totalizer","both","slot-service","OPTIMUM","31,88107","31,78531","15707","143337","2655","580","587","7","0","120"
"8","TOT-both-ss","instance_40_15_4_25","totalizer","both","slot-service","OPTIMUM","31,86163","31,75147","17032","182578","2815","604","607","3","0","120"
"8","TOT-both-ss","instance_40_15_4_26","totalizer","both","slot-service","OPTIMUM","11,80488","11,73357","14033","115880","2516","593","594","1","0","120"
"8","TOT-both-ss","instance_40_15_4_27","totalizer","both","slot-service","UNSATISFIABLE","0,141606","0","0","0","0","","","","","120"
"8","TOT-both-ss","instance_40_15_4_28","totalizer","both","slot-service","OPTIMUM","43,19098","43,09644","15402","143275","2524","595","598","3","0","120"
"8","TOT-both-ss","instance_40_15_4_29","totalizer","both","slot-service","UNSATISFIABLE","0,111729","0","0","0","0","","","","","120"
"8","TOT-both-ss","instance_40_15_4_3","totalizer","both","slot-service","UNSATISFIABLE","0,083587","0","0","0","0","","","","","120"
"8","TOT-both-ss","instance_40_15_4_30","totalizer","both","slot-service","OPTIMUM","43,46281","43,36595","15571","153144","2639","532","535","3","0","120"
"8","TOT-both-ss","instance_40_15_4_31","totalizer","both","slot-service","OPTIMUM","29,99964","29,89688","16501","161384","2862","564","572","8","0","120"
"8","TOT-both-ss","instance_40_15_4_32","totalizer","both","slot-service","OPTIMUM","40,93207","40,83008","15899","164478","2788","591","592","1","0","120"
"8","TOT-both-ss","instance_40_15_4_33","totalizer","both","slot-service","UNSATISFIABLE","0,254907","0","0","0","0","","","","","120"
"8","TOT-both-ss","instance_40_15_4_34","totalizer","both","slot-service","OPTIMUM","33,48112","33,40685","14323","121454","2371","544","553","9","0","120"
"8","TOT-both-ss","instance_40_15_4_35","totalizer","both","slot-service","OPTIMUM","27,80885","27,71663","14771","132651","2601","554","565","11","0","120"
"8","TOT-both-ss","instance_40_15_4_36","totalizer","both","slot-service","OPTIMUM","36,79587","36,69912","15481","144887","2646","536","551","15","0","120"
"8","TOT-both-ss","instance_40_15_4_37","totalizer","both","slot-service","UNSATISFIABLE","0,230508","0","0","0","0","","","","","120"
"8","TOT-both-ss","instance_40_15_4_38","totalizer","both","slot-service","OPTIMUM","47,6539","47,54587","16850","172464","2833","564","566","2","0","120"
"8","TOT-both-ss","instance_40_15_4_39","totalizer","both","slot-service","OPTIMUM","19,72222","19,59819","18915","224799","2921","601","607","6","0","120"
"8","TOT-both-ss","instance_40_15_4_4","totalizer","both","slot-service","OPTIMUM","28,17981","28,08121","16363","149089","2745","538","552","14","0","120"
"8","TOT-both-ss","instance_40_15_4_40","totalizer","both","slot-service","OPTIMUM","22,45458","22,35136","16626","162817","2748","599","600","1","0","120"
"8","TOT-both-ss","instance_40_15_4_41","totalizer","both","slot-service","UNSATISFIABLE","0,151131","0","0","0","0","","","","","120"
"8","TOT-both-ss","instance_40_15_4_42","totalizer","both","slot-service","UNSATISFIABLE","0,157782","0","0","0","0","","","","","120"
"8","TOT-both-ss","instance_40_15_4_43","totalizer","both","slot-service","OPTIMUM","35,0752","34,97394","15680","152927","2609","566","572","6","0","120"
"8","TOT-both-ss","instance_40_15_4_44","totalizer","both","slot-service","OPTIMUM","40,97845","40,87504","16318","157720","2801","536","552","16","0","120"
"8","TOT-both-ss","instance_40_15_4_45","totalizer","both","slot-service","OPTIMUM","27,68893","27,58669","16006","152113","2684","584","587","3","0","120"
"8","TOT-both-ss","instance_40_15_4_46","totalizer","both","slot-service","OPTIMUM","30,74736","30,63155","17695","191099","2918","605","610","5","0","120"
"8","TOT-both-ss","instance_40_15_4_47","totalizer","both","slot-service","OPTIMUM","57,05104","56,95389","15451","143800","2667","571","579","8","0","120"
"8","TOT-both-ss","instance_40_15_4_48","totalizer","both","slot-service","OPTIMUM","26,16349","26,04052","18367","215848","2967","571","579","8","0","120"
"8","TOT-both-ss","instance_40_15_4_49","totalizer","both","slot-service","OPTIMUM","39,99794","39,87628","18326","204074","2907","582","585","3","0","120"
"8","TOT-both-ss","instance_40_15_4_5","totalizer","both","slot-service","OPTIMUM","43,14205","43,04989","14962","134839","2538","547","565","15","3","120"
"8","TOT-both-ss","instance_40_15_4_50","totalizer","both","slot-service","OPTIMUM","34,88964","34,79503","14578","135866","2535","585","592","7","0","120"
"8","TOT-both-ss","instance_40_15_4_6","totalizer","both","slot-service","OPTIMUM","32,32933","32,25966","14409","111528","2515","550","558","8","0","120"
"8","TOT-both-ss","instance_40_15_4_7","totalizer","both","slot-service","OPTIMUM","32,88723","32,77551","17076","179124","2902","572","582","10","0","120"
"8","TOT-both-ss","instance_40_15_4_8","totalizer","both","slot-service","OPTIMUM","28,18608","28,11679","13972","112200","2422","496","508","12","0","120"
"8","TOT-both-ss","instance_40_15_4_9","totalizer","both","slot-service","OPTIMUM","90,30309","90,19435","17057","178864","2683","590","592","2","0","120"
"8","TOT-both-ss","instance_40_15_5_1","totalizer","both","slot-service","OPTIMUM","135,1087","134,952","22670","287007","3457","751","755","4","0","120"
"8","TOT-both-ss","instance_40_15_5_10","totalizer","both","slot-service","OPTIMUM","23,5625","23,44586","20777","235639","3198","724","731","7","0","120"
"8","TOT-both-ss","instance_40_15_5_11","totalizer","both","slot-service","OPTIMUM","61,7273","61,61341","21241","240390","3247","695","706","11","0","120"
"8","TOT-both-ss","instance_40_15_5_12","totalizer","both","slot-service","OPTIMUM","34,29313","34,14059","22412","270154","3350","773","774","1","0","120"
"8","TOT-both-ss","instance_40_15_5_13","totalizer","both","slot-service","UNSATISFIABLE","0,323381","0","0","0","0","","","","","120"
"8","TOT-both-ss","instance_40_15_5_14","totalizer","both","slot-service","OPTIMUM","65,3079","65,16445","21853","265653","3227","711","721","10","0","120"
"8","TOT-both-ss","instance_40_15_5_15","totalizer","both","slot-service","OPTIMUM","50,88096","50,73173","23113","281097","3438","736","745","8","1","120"
"8","TOT-both-ss","instance_40_15_5_16","totalizer","both","slot-service","TIMEOUT","300,1252","0","0","0","0","","","","","120"
"8","TOT-both-ss","instance_40_15_5_17","totalizer","both","slot-service","TIMEOUT","300,1154","0","0","0","0","","","","","120"
"8","TOT-both-ss","instance_40_15_5_18","totalizer","both","slot-service","OPTIMUM","64,87103","64,76743","20069","203872","3134","685","692","7","0","120"
"8","TOT-both-ss","instance_40_15_5_19","totalizer","both","slot-service","UNSATISFIABLE","0,18096","0","0","0","0","","","","","120"
"8","TOT-both-ss","instance_40_15_5_2","totalizer","both","slot-service","OPTIMUM","77,31661","77,21827","19556","197681","3038","714","728","14","0","120"
"8","TOT-both-ss","instance_40_15_5_20","totalizer","both","slot-service","OPTIMUM","55,58053","55,47412","20063","218531","3176","703","711","8","0","120"
"8","TOT-both-ss","instance_40_15_5_21","totalizer","both","slot-service","OPTIMUM","43,65998","43,49994","23801","306169","3399","732","736","4","0","120"
"8","TOT-both-ss","instance_40_15_5_22","totalizer","both","slot-service","UNSATISFIABLE","0,136575","0","0","0","0","","","","","120"
"8","TOT-both-ss","instance_40_15_5_23","totalizer","both","slot-service","OPTIMUM","26,92295","26,83255","17929","167719","2884","717","718","1","0","120"
"8","TOT-both-ss","instance_40_15_5_24","totalizer","both","slot-service","OPTIMUM","99,71458","99,60696","19871","219749","3010","723","729","6","0","120"
"8","TOT-both-ss","instance_40_15_5_25","totalizer","both","slot-service","UNSATISFIABLE","0,150211","0","0","0","0","","","","","120"
"8","TOT-both-ss","instance_40_15_5_26","totalizer","both","slot-service","OPTIMUM","53,97011","53,86129","20313","227515","3105","710","721","11","0","120"
"8","TOT-both-ss","instance_40_15_5_27","totalizer","both","slot-service","OPTIMUM","65,07028","64,97452","18205","175856","3072","640","658","18","0","120"
"8","TOT-both-ss","instance_40_15_5_28","totalizer","both","slot-service","OPTIMUM","20,06494","19,95682","21105","222852","3477","749","754","5","0","120"
"8","TOT-both-ss","instance_40_15_5_29","totalizer","both","slot-service","UNSATISFIABLE","0,236644","0","0","0","0","","","","","120"
"8","TOT-both-ss","instance_40_15_5_3","totalizer","both","slot-service","OPTIMUM","58,08082","57,92616","23937","300711","3639","745","750","5","0","120"
"8","TOT-both-ss","instance_40_15_5_30","totalizer","both","slot-service","OPTIMUM","52,2738","52,11778","22682","303671","3294","706","718","12","0","120"
"8","TOT-both-ss","instance_40_15_5_31","totalizer","both","slot-service","OPTIMUM","53,11084","52,99592","21055","229962","3383","717","728","11","0","120"
"8","TOT-both-ss","instance_40_15_5_32","totalizer","both","slot-service","UNSATISFIABLE","0,198353","0","0","0","0","","","","","120"
"8","TOT-both-ss","instance_40_15_5_33","totalizer","both","slot-service","OPTIMUM","119,9201","119,8263","17848","179789","2925","676","683","7","0","120"
"8","TOT-both-ss","instance_40_15_5_34","totalizer","both","slot-service","TIMEOUT","300,1227","0","0","0","0","","","","","120"
"8","TOT-both-ss","instance_40_15_5_35","totalizer","both","slot-service","OPTIMUM","27,22582","27,1039","21932","259315","3325","743","749","6","0","120"
"8","TOT-both-ss","instance_40_15_5_36","totalizer","both","slot-service","UNSATISFIABLE","0,369349","0","0","0","0","","","","","120"
"8","TOT-both-ss","instance_40_15_5_37","totalizer","both","slot-service","UNSATISFIABLE","0,341624","0","0","0","0","","","","","120"
"8","TOT-both-ss","instance_40_15_5_38","totalizer","both","slot-service","UNSATISFIABLE","0,145312","0","0","0","0","","","","","120"
"8","TOT-both-ss","instance_40_15_5_39","totalizer","both","slot-service","OPTIMUM","46,10669","45,99355","21679","244329","3368","700","706","6","0","120"
"8","TOT-both-ss","instance_40_15_5_4","totalizer","both","slot-service","OPTIMUM","30,28603","30,16465","22215","260492","3409","728","735","7","0","120"
"8","TOT-both-ss","instance_40_15_5_40","totalizer","both","slot-service","OPTIMUM","41,9951","41,88851","20727","219866","3214","696","710","14","0","120"
"8","TOT-both-ss","instance_40_15_5_41","totalizer","both","slot-service","OPTIMUM","34,10608","33,99869","20638","227878","3259","744","745","1","0","120"
"8","TOT-both-ss","instance_40_15_5_42","totalizer","both","slot-service","OPTIMUM","32,91065","32,81762","17615","162935","2907","685","693","8","0","120"
"8","TOT-both-ss","instance_40_15_5_43","totalizer","both","slot-service","OPTIMUM","46,62448","46,4708","22960","288233","3276","746","751","5","0","120"
"8","TOT-both-ss","instance_40_15_5_44","totalizer","both","slot-service","UNSATISFIABLE","0,769289","0","0","0","0","","","","","120"
"8","TOT-both-ss","instance_40_15_5_45","totalizer","both","slot-service","OPTIMUM","85,55633","85,4542","19264","205410","3047","716","725","9","0","120"
"8","TOT-both-ss","instance_40_15_5_46","totalizer","both","slot-service","OPTIMUM","44,72967","44,62856","19458","197455","3123","649","658","9","0","120"
"8","TOT-both-ss","instance_40_15_5_47","totalizer","both","slot-service","OPTIMUM","62,48108","62,37196","20286","220769","3162","656","666","10","0","120"
"8","TOT-both-ss","instance_40_15_5_48","totalizer","both","slot-service","OPTIMUM","46,59734","46,50102","18852","187465","2972","660","672","12","0","120"
"8","TOT-both-ss","instance_40_15_5_49","totalizer","both","slot-service","UNSATISFIABLE","0,151168","0","0","0","0","","","","","120"
"8","TOT-both-ss","instance_40_15_5_5","totalizer","both","slot-service","UNSATISFIABLE","0,316443","0","0","0","0","","","","","120"
"8","TOT-both-ss","instance_40_15_5_50","totalizer","both","slot-service","OPTIMUM","56,0352","55,9327","19824","214872","3021","701","707","6","0","120"
"8","TOT-both-ss","instance_40_15_5_6","totalizer","both","slot-service","UNSATISFIABLE","0,48827","0","0","0","0","","","","","120"
"8","TOT-both-ss","instance_40_15_5_7","totalizer","both","slot-service","OPTIMUM","107,462","107,3059","23431","302478","3396","757","765","8","0","120"
"8","TOT-both-ss","instance_40_15_5_8","totalizer","both","slot-service","OPTIMUM","50,099","49,99283","20209","214267","3259","694","702","8","0","120"
"8","TOT-both-ss","instance_40_15_5_9","totalizer","both","slot-service","TIMEOUT","300,1163","0","0","0","0","","","","","120"
"8","TOT-both-ss","instance_40_20_4_1","totalizer","both","slot-service","OPTIMUM","61,68792","61,55813","20506","237667","3637","585","589","4","0","120"
"8","TOT-both-ss","instance_40_20_4_10","totalizer","both","slot-service","OPTIMUM","22,36662","22,2565","18405","185988","3475","603","608","5","0","120"
"8","TOT-both-ss","instance_40_20_4_11","totalizer","both","slot-service","OPTIMUM","33,18241","33,04604","21038","251849","3746","590","594","4","0","120"
"8","TOT-both-ss","instance_40_20_4_12","totalizer","both","slot-service","OPTIMUM","32,34406","32,22083","20212","221406","3640","600","601","1","0","120"
"8","TOT-both-ss","instance_40_20_4_13","totalizer","both","slot-service","OPTIMUM","32,05235","31,92372","19920","225788","3579","609","613","4","0","120"
"8","TOT-both-ss","instance_40_20_4_14","totalizer","both","slot-service","OPTIMUM","45,99231","45,8619","20610","242401","3795","618","619","1","0","120"
"8","TOT-both-ss","instance_40_20_4_15","totalizer","both","slot-service","OPTIMUM","49,30912","49,16612","21641","259959","3686","611","615","4","0","120"
"8","TOT-both-ss","instance_40_20_4_16","totalizer","both","slot-service","OPTIMUM","42,05916","41,88925","21526","271337","3668","599","603","4","0","120"
"8","TOT-both-ss","instance_40_20_4_17","totalizer","both","slot-service","OPTIMUM","16,21796","16,10675","18690","191782","3529","622","623","1","0","120"
"8","TOT-both-ss","instance_40_20_4_18","totalizer","both","slot-service","OPTIMUM","21,10753","21,00418","18103","166787","3597","573","576","3","0","120"
"8","TOT-both-ss","instance_40_20_4_19","totalizer","both","slot-service","OPTIMUM","40,9298","40,81341","18797","201754","3498","605","605","0","0","120"
"8","TOT-both-ss","instance_40_20_4_2","totalizer","both","slot-service","OPTIMUM","26,31499","26,19998","18959","197575","3609","595","600","5","0","120"
"8","TOT-both-ss","instance_40_20_4_20","totalizer","both","slot-service","OPTIMUM","22,91937","22,79952","19336","199040","3742","580","588","8","0","120"
"8","TOT-both-ss","instance_40_20_4_21","totalizer","both","slot-service","OPTIMUM","30,43134","30,31488","18868","194071","3392","585","593","8","0","120"
"8","TOT-both-ss","instance_40_20_4_22","totalizer","both","slot-service","OPTIMUM","31,64911","31,52558","18759","206923","3445","582","586","4","0","120"
"8","TOT-both-ss","instance_40_20_4_23","totalizer","both","slot-service","OPTIMUM","52,56896","52,43943","20093","221922","3580","574","580","6","0","120"
"8","TOT-both-ss","instance_40_20_4_24","totalizer","both","slot-service","OPTIMUM","27,09073","26,96242","20721","235848","3720","617","618","1","0","120"
"8","TOT-both-ss","instance_40_20_4_25","totalizer","both","slot-service","OPTIMUM","39,17218","39,03895","21232","239452","3751","604","609","5","0","120"
"8","TOT-both-ss","instance_40_20_4_26","totalizer","both","slot-service","OPTIMUM","26,31164","26,21373","16459","142358","3279","573","580","7","0","120"
"8","TOT-both-ss","instance_40_20_4_27","totalizer","both","slot-service","OPTIMUM","23,48195","23,37339","17372","171850","3366","578","583","5","0","120"
"8","TOT-both-ss","instance_40_20_4_28","totalizer","both","slot-service","UNSATISFIABLE","0,176039","0","0","0","0","","","","","120"
"8","TOT-both-ss","instance_40_20_4_29","totalizer","both","slot-service","OPTIMUM","16,09723","15,96492","20835","246322","3691","623","625","2","0","120"
"8","TOT-both-ss","instance_40_20_4_3","totalizer","both","slot-service","OPTIMUM","43,034","42,90038","20761","249035","3512","585","591","6","0","120"
"8","TOT-both-ss","instance_40_20_4_30","totalizer","both","slot-service","OPTIMUM","29,64072","29,53038","17970","186210","3261","599","603","4","0","120"
"8","TOT-both-ss","instance_40_20_4_31","totalizer","both","slot-service","OPTIMUM","21,75408","21,63926","18492","186062","3563","609","613","4","0","120"
"8","TOT-both-ss","instance_40_20_4_32","totalizer","both","slot-service","OPTIMUM","30,88542","30,75371","20602","238347","3743","613","616","3","0","120"
"8","TOT-both-ss","instance_40_20_4_33","totalizer","both","slot-service","OPTIMUM","16,80068","16,67336","19860","226042","3719","579","581","2","0","120"
"8","TOT-both-ss","instance_40_20_4_34","totalizer","both","slot-service","OPTIMUM","39,90947","39,78773","19621","205454","3671","581","589","8","0","120"
"8","TOT-both-ss","instance_40_20_4_35","totalizer","both","slot-service","OPTIMUM","42,80049","42,66858","20618","247248","3745","618","619","1","0","120"
"8","TOT-both-ss","instance_40_20_4_36","totalizer","both","slot-service","OPTIMUM","49,19607","49,07203","19654","215260","3583","563","571","8","0","120"
"8","TOT-both-ss","instance_40_20_4_37","totalizer","both","slot-service","OPTIMUM","294,9636","294,8567","17223","165700","3213","605","608","3","0","120"
"8","TOT-both-ss","instance_40_20_4_38","totalizer","both","slot-service","OPTIMUM","22,13005","22,01659","19023","198050","3595","605","607","2","0","120"
"8","TOT-both-ss","instance_40_20_4_39","totalizer","both","slot-service","OPTIMUM","51,44846","51,33083","18642","200777","3371","608","610","2","0","120"
"8","TOT-both-ss","instance_40_20_4_4","totalizer","both","slot-service","OPTIMUM","18,34486","18,26728","15747","129586","3273","588","592","4","0","120"
"8","TOT-both-ss","instance_40_20_4_40","totalizer","both","slot-service","OPTIMUM","24,47811","24,35298","19678","227612","3504","619","620","1","0","120"
"8","TOT-both-ss","instance_40_20_4_41","totalizer","both","slot-service","OPTIMUM","23,91504","23,78455","21136","241755","4001","618","623","5","0","120"
"8","TOT-both-ss","instance_40_20_4_42","totalizer","both","slot-service","OPTIMUM","39,21418","39,10768","18366","172006","3496","605","608","3","0","120"
"8","TOT-both-ss","instance_40_20_4_43","totalizer","both","slot-service","OPTIMUM","15,17381","15,04652","20732","236107","3771","614","615","1","0","120"
"8","TOT-both-ss","instance_40_20_4_44","totalizer","both","slot-service","OPTIMUM","35,6089","35,44021","22295","281327","3799","602","604","2","0","120"
"8","TOT-both-ss","instance_40_20_4_45","totalizer","both","slot-service","OPTIMUM","32,47032","32,35078","19470","212335","3528","605","607","2","0","120"
"8","TOT-both-ss","instance_40_20_4_46","totalizer","both","slot-service","OPTIMUM","30,19654","30,08107","18655","189245","3551","584","586","2","0","120"
"8","TOT-both-ss","instance_40_20_4_47","totalizer","both","slot-service","OPTIMUM","77,31549","77,21701","16350","149732","3173","560","568","8","0","120"
"8","TOT-both-ss","instance_40_20_4_48","totalizer","both","slot-service","OPTIMUM","50,77761","50,66581","18640","191471","3626","577","582","5","0","120"
"8","TOT-both-ss","instance_40_20_4_49","totalizer","both","slot-service","OPTIMUM","30,30333","30,12733","23065","299223","3750","613","617","4","0","120"
"8","TOT-both-ss","instance_40_20_4_5","totalizer","both","slot-service","OPTIMUM","40,43797","40,26974","21453","271538","3745","607","609","2","0","120"
"8","TOT-both-ss","instance_40_20_4_50","totalizer","both","slot-service","OPTIMUM","34,67097","34,53944","20497","237985","3713","598","604","6","0","120"
"8","TOT-both-ss","instance_40_20_4_6","totalizer","both","slot-service","OPTIMUM","17,75641","17,63312","19572","220464","3578","615","617","2","0","120"
"8","TOT-both-ss","instance_40_20_4_7","totalizer","both","slot-service","OPTIMUM","28,8901","28,77955","18354","186123","3464","607","611","4","0","120"
"8","TOT-both-ss","instance_40_20_4_8","totalizer","both","slot-service","OPTIMUM","42,21758","42,08931","19734","217754","3385","606","607","1","0","120"
"8","TOT-both-ss","instance_40_20_4_9","totalizer","both","slot-service","OPTIMUM","27,52704","27,40696","19522","211882","3631","619","619","0","0","120"
"8","TOT-both-ss","instance_40_20_5_1","totalizer","both","slot-service","TIMEOUT","300,1243","0","0","0","0","","","","","120"
"8","TOT-both-ss","instance_40_20_5_10","totalizer","both","slot-service","OPTIMUM","21,37102","21,25483","22972","232613","4081","716","724","8","0","120"
"8","TOT-both-ss","instance_40_20_5_11","totalizer","both","slot-service","OPTIMUM","37,80811","37,64631","24770","308437","4143","734","738","4","0","120"
"8","TOT-both-ss","instance_40_20_5_12","totalizer","both","slot-service","OPTIMUM","65,8926","65,73642","24827","292748","4408","724","732","8","0","120"
"8","TOT-both-ss","instance_40_20_5_13","totalizer","both","slot-service","OPTIMUM","42,85939","42,70463","25221","288121","4312","763","766","3","0","120"
"8","TOT-both-ss","instance_40_20_5_14","totalizer","both","slot-service","OPTIMUM","178,0554","177,885","26853","346322","4541","772","773","1","0","120"
"8","TOT-both-ss","instance_40_20_5_15","totalizer","both","slot-service","OPTIMUM","31,55494","31,43466","22748","241715","4109","745","751","6","0","120"
"8","TOT-both-ss","instance_40_20_5_16","totalizer","both","slot-service","OPTIMUM","34,60127","34,47994","22682","254118","4090","745","750","5","0","120"
"8","TOT-both-ss","instance_40_20_5_17","totalizer","both","slot-service","OPTIMUM","62,56811","62,38796","27321","378448","4329","737","746","9","0","120"
"8","TOT-both-ss","instance_40_20_5_18","totalizer","both","slot-service","OPTIMUM","48,93952","48,82259","22724","239266","4143","758","762","4","0","120"
"8","TOT-both-ss","instance_40_20_5_19","totalizer","both","slot-service","OPTIMUM","45,37264","45,1998","27474","338471","4519","753","758","5","0","120"
"8","TOT-both-ss","instance_40_20_5_2","totalizer","both","slot-service","OPTIMUM","52,59114","52,42687","26163","311942","4418","751","760","9","0","120"
"8","TOT-both-ss","instance_40_20_5_20","totalizer","both","slot-service","OPTIMUM","46,22201","46,06401","24626","297474","4106","776","779","3","0","120"
"8","TOT-both-ss","instance_40_20_5_21","totalizer","both","slot-service","OPTIMUM","44,83076","44,65189","27358","370016","4406","761","763","2","0","120"
"8","TOT-both-ss","instance_40_20_5_22","totalizer","both","slot-service","OPTIMUM","60,37172","60,20744","25489","317995","4476","758","765","7","0","120"
"8","TOT-both-ss","instance_40_20_5_23","totalizer","both","slot-service","OPTIMUM","36,88087","36,7276","25013","286008","4458","766","770","4","0","120"
"8","TOT-both-ss","instance_40_20_5_24","totalizer","both","slot-service","OPTIMUM","58,40242","58,24775","23831","270773","4104","740","749","9","0","120"
"8","TOT-both-ss","instance_40_20_5_25","totalizer","both","slot-service","OPTIMUM","182,1695","182,046","23188","257909","4198","699","719","16","4","120"
"8","TOT-both-ss","instance_40_20_5_26","totalizer","both","slot-service","OPTIMUM","55,62365","55,44792","27298","360421","4250","772","772","0","0","120"
"8","TOT-both-ss","instance_40_20_5_27","totalizer","both","slot-service","OPTIMUM","54,44639","54,33172","21291","224913","3661","689","699","10","0","120"
"8","TOT-both-ss","instance_40_20_5_28","totalizer","both","slot-service","OPTIMUM","35,07461","34,90797","25263","338506","4072","743","746","3","0","120"
"8","TOT-both-ss","instance_40_20_5_29","totalizer","both","slot-service","OPTIMUM","55,57718","55,41457","25741","315182","4314","734","745","11","0","120"
"8","TOT-both-ss","instance_40_20_5_3","totalizer","both","slot-service","OPTIMUM","54,38077","54,23401","23159","264422","4027","757","760","3","0","120"
"8","TOT-both-ss","instance_40_20_5_30","totalizer","both","slot-service","OPTIMUM","58,17252","58,01034","25548","310606","4400","755","759","4","0","120"
"8","TOT-both-ss","instance_40_20_5_31","totalizer","both","slot-service","OPTIMUM","26,4363","26,28918","23284","267215","4153","737","741","4","0","120"
"8","TOT-both-ss","instance_40_20_5_32","totalizer","both","slot-service","UNSATISFIABLE","0,348573","0","0","0","0","","","","","120"
"8","TOT-both-ss","instance_40_20_5_33","totalizer","both","slot-service","OPTIMUM","61,94041","61,76511","27244","369291","4331","769","775","6","0","120"
"8","TOT-both-ss","instance_40_20_5_34","totalizer","both","slot-service","TIMEOUT","300,1303","0","0","0","0","","","","","120"
"8","TOT-both-ss","instance_40_20_5_35","totalizer","both","slot-service","UNSATISFIABLE","0,435516","0","0","0","0","","","","","120"
"8","TOT-both-ss","instance_40_20_5_36","totalizer","both","slot-service","OPTIMUM","57,90049","57,74697","24402","277385","4267","722","732","10","0","120"
"8","TOT-both-ss","instance_40_20_5_37","totalizer","both","slot-service","OPTIMUM","42,42438","42,27223","24644","284124","4340","771","773","2","0","120"
"8","TOT-both-ss","instance_40_20_5_38","totalizer","both","slot-service","OPTIMUM","18,8259","18,6654","25002","314262","4283","764","766","2","0","120"
"8","TOT-both-ss","instance_40_20_5_39","totalizer","both","slot-service","OPTIMUM","125,1507","124,986","25419","302999","4440","776","777","1","0","120"
"8","TOT-both-ss","instance_40_20_5_4","totalizer","both","slot-service","OPTIMUM","39,37532","39,21599","25177","299962","4315","723","730","7","0","120"
"8","TOT-both-ss","instance_40_20_5_40","totalizer","both","slot-service","OPTIMUM","76,41052","76,25158","24778","295678","4031","688","701","13","0","120"
"8","TOT-both-ss","instance_40_20_5_41","totalizer","both","slot-service","OPTIMUM","33,82682","33,70752","23283","254210","3938","723","733","10","0","120"
"8","TOT-both-ss","instance_40_20_5_42","totalizer","both","slot-service","OPTIMUM","57,43752","57,26159","26488","353179","4081","722","730","8","0","120"
"8","TOT-both-ss","instance_40_20_5_43","totalizer","both","slot-service","OPTIMUM","40,08496","39,89578","28068","388125","4425","756","758","2","0","120"
"8","TOT-both-ss","instance_40_20_5_44","totalizer","both","slot-service","OPTIMUM","46,12384","45,96179","25830","308476","4337","735","745","10","0","120"
"8","TOT-both-ss","instance_40_20_5_45","totalizer","both","slot-service","TIMEOUT","300,1145","0","0","0","0","","","","","120"
"8","TOT-both-ss","instance_40_20_5_46","totalizer","both","slot-service","OPTIMUM","40,92257","40,80089","22935","243678","3956","741","754","13","0","120"
"8","TOT-both-ss","instance_40_20_5_47","totalizer","both","slot-service","OPTIMUM","63,05841","62,93844","22887","245252","3995","703","718","15","0","120"
"8","TOT-both-ss","instance_40_20_5_48","totalizer","both","slot-service","OPTIMUM","32,43774","32,27239","26143","326592","4374","767","773","6","0","120"
"8","TOT-both-ss","instance_40_20_5_49","totalizer","both","slot-service","OPTIMUM","65,41075","65,2276","28169","371191","4512","776","785","9","0","120"
"8","TOT-both-ss","instance_40_20_5_5","totalizer","both","slot-service","UNSATISFIABLE","1,948259","0","0","0","0","","","","","120"
"8","TOT-both-ss","instance_40_20_5_50","totalizer","both","slot-service","OPTIMUM","47,75802","47,64218","22362","237275","3989","729","740","11","0","120"
"8","TOT-both-ss","instance_40_20_5_6","totalizer","both","slot-service","OPTIMUM","50,90678","50,72699","26843","367527","4147","733","747","14","0","120"
"8","TOT-both-ss","instance_40_20_5_7","totalizer","both","slot-service","OPTIMUM","19,35108","19,20158","23505","273554","3865","754","756","2","0","120"
"8","TOT-both-ss","instance_40_20_5_8","totalizer","both","slot-service","OPTIMUM","40,63072","40,44822","25940","345939","4331","775","778","3","0","120"
"8","TOT-both-ss","instance_40_20_5_9","totalizer","both","slot-service","OPTIMUM","54,38064","54,27254","21094","208488","3847","707","721","14","0","120"
"8","TOT-both-ss","instance_40_25_4_1","totalizer","both","slot-service","OPTIMUM","46,90733","46,72541","24453","295328","4571","625","627","2","0","120"
"8","TOT-both-ss","instance_40_25_4_10","totalizer","both","slot-service","OPTIMUM","43,72692","43,55141","22711","269597","4264","606","612","6","0","120"
"8","TOT-both-ss","instance_40_25_4_11","totalizer","both","slot-service","OPTIMUM","23,05192","22,87937","22960","278605","4236","626","627","1","0","120"
"8","TOT-both-ss","instance_40_25_4_12","totalizer","both","slot-service","OPTIMUM","41,17793","41,03472","21967","259347","4250","623","625","2","0","120"
"8","TOT-both-ss","instance_40_25_4_13","totalizer","both","slot-service","OPTIMUM","26,3588","26,22636","21963","228057","4511","623","625","2","0","120"
"8","TOT-both-ss","instance_40_25_4_14","totalizer","both","slot-service","OPTIMUM","41,85433","41,66723","24811","310598","4509","617","618","1","0","120"
"8","TOT-both-ss","instance_40_25_4_15","totalizer","both","slot-service","OPTIMUM","62,52234","62,38325","21617","245477","4079","594","608","14","0","120"
"8","TOT-both-ss","instance_40_25_4_16","totalizer","both","slot-service","OPTIMUM","33,89996","33,75954","22169","255145","4434","587","589","2","0","120"
"8","TOT-both-ss","instance_40_25_4_17","totalizer","both","slot-service","OPTIMUM","50,65648","50,52817","21277","216936","4496","600","605","5","0","120"
"8","TOT-both-ss","instance_40_25_4_18","totalizer","both","slot-service","OPTIMUM","26,04944","25,90764","22785","253860","4565","600","602","2","0","120"
"8","TOT-both-ss","instance_40_25_4_19","totalizer","both","slot-service","OPTIMUM","47,94526","47,74938","25064","333431","4388","612","617","5","0","120"
"8","TOT-both-ss","instance_40_25_4_2","totalizer","both","slot-service","OPTIMUM","30,80184","30,67158","21798","228406","4402","590","598","8","0","120"
"8","TOT-both-ss","instance_40_25_4_20","totalizer","both","slot-service","OPTIMUM","53,06225","52,9411","19113","188539","3859","571","580","9","0","120"
"8","TOT-both-ss","instance_40_25_4_21","totalizer","both","slot-service","OPTIMUM","50,37151","50,18827","24818","296724","4682","609","615","6","0","120"
"8","TOT-both-ss","instance_40_25_4_22","totalizer","both","slot-service","OPTIMUM","33,10752","32,97443","21669","232098","4211","609","613","4","0","120"
"8","TOT-both-ss","instance_40_25_4_23","totalizer","both","slot-service","OPTIMUM","63,20251","63,02686","23823","277515","4463","613","617","4","0","120"
"8","TOT-both-ss","instance_40_25_4_24","totalizer","both","slot-service","OPTIMUM","54,72319","54,54169","24652","299435","4614","611","615","4","0","120"
"8","TOT-both-ss","instance_40_25_4_25","totalizer","both","slot-service","OPTIMUM","33,44624","33,3166","21517","227693","4356","620","622","2","0","120"
"8","TOT-both-ss","instance_40_25_4_26","totalizer","both","slot-service","OPTIMUM","37,79902","37,66098","22436","250700","4310","616","617","1","0","120"
"8","TOT-both-ss","instance_40_25_4_27","totalizer","both","slot-service","OPTIMUM","27,10519","26,96805","22259","249386","4312","586","597","11","0","120"
"8","TOT-both-ss","instance_40_25_4_28","totalizer","both","slot-service","OPTIMUM","45,93293","45,74583","25185","321654","4635","603","607","4","0","120"
"8","TOT-both-ss","instance_40_25_4_29","totalizer","both","slot-service","OPTIMUM","33,37585","33,24168","21606","240773","4468","617","620","3","0","120"
"8","TOT-both-ss","instance_40_25_4_3","totalizer","both","slot-service","OPTIMUM","36,44257","36,31971","21033","213334","4293","615","621","6","0","120"
"8","TOT-both-ss","instance_40_25_4_30","totalizer","both","slot-service","OPTIMUM","42,25266","42,06533","24871","321588","4853","629","631","2","0","120"
"8","TOT-both-ss","instance_40_25_4_31","totalizer","both","slot-service","OPTIMUM","23,67125","23,54826","20779","208588","4188","615","618","3","0","120"
"8","TOT-both-ss","instance_40_25_4_32","totalizer","both","slot-service","OPTIMUM","37,60741","37,42604","24267","304340","4397","619","620","1","0","120"
"8","TOT-both-ss","instance_40_25_4_33","totalizer","both","slot-service","OPTIMUM","37,44072","37,30497","21869","242714","4252","618","623","5","0","120"
"8","TOT-both-ss","instance_40_25_4_34","totalizer","both","slot-service","OPTIMUM","27,79237","27,65677","22227","240374","4428","613","619","6","0","120"
"8","TOT-both-ss","instance_40_25_4_35","totalizer","both","slot-service","OPTIMUM","44,21989","44,04362","22929","275869","4448","607","610","3","0","120"
"8","TOT-both-ss","instance_40_25_4_36","totalizer","both","slot-service","OPTIMUM","31,79465","31,62149","23420","280877","4706","627","629","2","0","120"
"8","TOT-both-ss","instance_40_25_4_37","totalizer","both","slot-service","OPTIMUM","41,68853","41,54721","22201","261769","4475","603","608","5","0","120"
"8","TOT-both-ss","instance_40_25_4_38","totalizer","both","slot-service","OPTIMUM","38,81367","38,67387","22204","259304","4295","613","613","0","0","120"
"8","TOT-both-ss","instance_40_25_4_39","totalizer","both","slot-service","OPTIMUM","64,58158","64,39467","24752","321473","4482","615","619","4","0","120"
"8","TOT-both-ss","instance_40_25_4_4","totalizer","both","slot-service","OPTIMUM","35,25246","35,11419","22570","251287","4294","623","626","3","0","120"
"8","TOT-both-ss","instance_40_25_4_40","totalizer","both","slot-service","OPTIMUM","39,76336","39,6273","22974","246192","4558","606","609","3","0","120"
"8","TOT-both-ss","instance_40_25_4_41","totalizer","both","slot-service","OPTIMUM","46,7885","46,59568","24253","325105","4325","626","627","1","0","120"
"8","TOT-both-ss","instance_40_25_4_42","totalizer","both","slot-service","OPTIMUM","37,06026","36,88194","23063","278304","4392","606","609","3","0","120"
"8","TOT-both-ss","instance_40_25_4_43","totalizer","both","slot-service","OPTIMUM","31,19247","31,0073","24688","307016","4639","612","615","3","0","120"
"8","TOT-both-ss","instance_40_25_4_44","totalizer","both","slot-service","OPTIMUM","33,77565","33,65168","20330","205265","4145","592","598","6","0","120"
"8","TOT-both-ss","instance_40_25_4_45","totalizer","both","slot-service","OPTIMUM","48,93678","48,75759","23565","288420","4514","624","624","0","0","120"
"8","TOT-both-ss","instance_40_25_4_46","totalizer","both","slot-service","OPTIMUM","35,61044","35,41915","25296","327643","4689","631","631","0","0","120"
"8","TOT-both-ss","instance_40_25_4_47","totalizer","both","slot-service","OPTIMUM","49,97889","49,79597","23245","305435","4274","567","570","3","0","120"
"8","TOT-both-ss","instance_40_25_4_48","totalizer","both","slot-service","OPTIMUM","45,584","45,38768","26126","353593","4884","625","625","0","0","120"
"8","TOT-both-ss","instance_40_25_4_49","totalizer","both","slot-service","OPTIMUM","20,46141","20,32989","21730","231815","4348","615","619","4","0","120"
"8","TOT-both-ss","instance_40_25_4_5","totalizer","both","slot-service","OPTIMUM","33,13895","33,00667","21409","232880","4271","558","560","2","0","120"
"8","TOT-both-ss","instance_40_25_4_50","totalizer","both","slot-service","OPTIMUM","39,86534","39,694","23196","272771","4600","618","619","1","0","120"
"8","TOT-both-ss","instance_40_25_4_6","totalizer","both","slot-service","OPTIMUM","25,85765","25,72022","21741","240131","4376","589","592","3","0","120"
"8","TOT-both-ss","instance_40_25_4_7","totalizer","both","slot-service","OPTIMUM","30,84446","30,66648","24085","286430","4631","614","615","1","0","120"
"8","TOT-both-ss","instance_40_25_4_8","totalizer","both","slot-service","OPTIMUM","26,72044","26,59995","19818","206953","4162","595","600","5","0","120"
"8","TOT-both-ss","instance_40_25_4_9","totalizer","both","slot-service","OPTIMUM","66,72651","66,54291","23806","301435","4343","602","605","3","0","120"
"8","TOT-both-ss","instance_40_25_5_1","totalizer","both","slot-service","OPTIMUM","68,52917","68,31715","28256","364033","5042","779","781","2","0","120"
"8","TOT-both-ss","instance_40_25_5_10","totalizer","both","slot-service","OPTIMUM","56,9019","56,64039","33313","472128","5579","772","776","4","0","120"
"8","TOT-both-ss","instance_40_25_5_11","totalizer","both","slot-service","OPTIMUM","35,47662","35,24673","29725","395867","5310","783","783","0","0","120"
"8","TOT-both-ss","instance_40_25_5_12","totalizer","both","slot-service","OPTIMUM","71,0757","70,8505","29858","381868","5220","781","783","2","0","120"
"8","TOT-both-ss","instance_40_25_5_13","totalizer","both","slot-service","OPTIMUM","52,43767","52,20322","31016","416824","5572","784","785","1","0","120"
"8","TOT-both-ss","instance_40_25_5_14","totalizer","both","slot-service","OPTIMUM","70,83488","70,59524","33361","465691","5948","781","781","0","0","120"
"8","TOT-both-ss","instance_40_25_5_15","totalizer","both","slot-service","OPTIMUM","62,67788","62,47064","26899","344872","4880","715","720","5","0","120"
"8","TOT-both-ss","instance_40_25_5_16","totalizer","both","slot-service","OPTIMUM","42,70723","42,48206","29564","375102","5352","759","765","6","0","120"
"8","TOT-both-ss","instance_40_25_5_17","totalizer","both","slot-service","OPTIMUM","52,34723","52,11535","30663","407788","5422","745","752","7","0","120"
"8","TOT-both-ss","instance_40_25_5_18","totalizer","both","slot-service","OPTIMUM","64,52322","64,2951","29808","401199","5226","784","786","2","0","120"
"8","TOT-both-ss","instance_40_25_5_19","totalizer","both","slot-service","OPTIMUM","58,19503","58,01329","25154","266540","4888","734","740","6","0","120"
"8","TOT-both-ss","instance_40_25_5_2","totalizer","both","slot-service","OPTIMUM","25,82971","25,61008","29536","395998","5235","775","778","3","0","120"
"8","TOT-both-ss","instance_40_25_5_20","totalizer","both","slot-service","OPTIMUM","99,08678","98,83999","31423","450398","5198","767","771","4","0","120"
"8","TOT-both-ss","instance_40_25_5_21","totalizer","both","slot-service","OPTIMUM","37,50044","37,27034","30471","404060","5415","758","760","2","0","120"
"8","TOT-both-ss","instance_40_25_5_22","totalizer","both","slot-service","OPTIMUM","44,41004","44,21018","27152","317832","5001","761","770","9","0","120"
"8","TOT-both-ss","instance_40_25_5_23","totalizer","both","slot-service","OPTIMUM","85,72281","85,47582","31841","445295","5481","769","772","3","0","120"
"8","TOT-both-ss","instance_40_25_5_24","totalizer","both","slot-service","OPTIMUM","47,74083","47,54969","26765","295269","5145","738","749","11","0","120"
"8","TOT-both-ss","instance_40_25_5_25","totalizer","both","slot-service","OPTIMUM","54,00576","53,82698","27485","319224","5200","761","769","8","0","120"
"8","TOT-both-ss","instance_40_25_5_26","totalizer","both","slot-service","OPTIMUM","41,97382","41,78056","30662","401715","5441","776","777","1","0","120"
"8","TOT-both-ss","instance_40_25_5_27","totalizer","both","slot-service","OPTIMUM","56,79332","56,62002","26393","292718","5004","739","753","14","0","120"
"8","TOT-both-ss","instance_40_25_5_28","totalizer","both","slot-service","OPTIMUM","63,91953","63,7266","29263","368235","5379","742","751","9","0","120"
"8","TOT-both-ss","instance_40_25_5_29","totalizer","both","slot-service","OPTIMUM","53,18622","52,98471","27226","322662","5218","746","753","7","0","120"
"8","TOT-both-ss","instance_40_25_5_3","totalizer","both","slot-service","OPTIMUM","119,5189","119,2943","29257","392411","5253","722","732","10","0","120"
"8","TOT-both-ss","instance_40_25_5_30","totalizer","both","slot-service","OPTIMUM","87,78233","87,53115","32552","461567","5587","766","770","4","0","120"
"8","TOT-both-ss","instance_40_25_5_31","totalizer","both","slot-service","OPTIMUM","74,62278","74,36741","32085","464732","5579","788","791","3","0","120"
"8","TOT-both-ss","instance_40_25_5_32","totalizer","both","slot-service","OPTIMUM","82,80848","82,58122","29869","389694","5410","710","723","13","0","120"
"8","TOT-both-ss","instance_40_25_5_33","totalizer","both","slot-service","OPTIMUM","73,76642","73,57848","26359","298608","4849","769","775","6","0","120"
"8","TOT-both-ss","instance_40_25_5_34","totalizer","both","slot-service","OPTIMUM","82,36556","82,12926","29193","400423","5079","764","770","6","0","120"
"8","TOT-both-ss","instance_40_25_5_35","totalizer","both","slot-service","OPTIMUM","70,41087","70,18448","30353","404786","5297","748","756","8","0","120"
"8","TOT-both-ss","instance_40_25_5_36","totalizer","both","slot-service","OPTIMUM","27,48745","27,27234","29413","369142","5415","788","788","0","0","120"
"8","TOT-both-ss","instance_40_25_5_37","totalizer","both","slot-service","OPTIMUM","68,72953","68,52628","27415","336814","5149","750","753","3","0","120"
"8","TOT-both-ss","instance_40_25_5_38","totalizer","both","slot-service","OPTIMUM","67,42447","67,21245","28001","343950","5033","736","740","4","0","120"
"8","TOT-both-ss","instance_40_25_5_39","totalizer","both","slot-service","OPTIMUM","56,19503","55,9797","27199","344144","4961","738","748","10","0","120"
"8","TOT-both-ss","instance_40_25_5_4","totalizer","both","slot-service","OPTIMUM","37,52617","37,29842","30754","396679","5462","779","782","3","0","120"
"8","TOT-both-ss","instance_40_25_5_40","totalizer","both","slot-service","OPTIMUM","38,06494","37,86726","27970","322795","5335","769","772","3","0","120"
"8","TOT-both-ss","instance_40_25_5_41","totalizer","both","slot-service","OPTIMUM","61,1136","60,8792","30528","431434","5080","765","769","4","0","120"
"8","TOT-both-ss","instance_40_25_5_42","totalizer","both","slot-service","OPTIMUM","35,16285","34,98469","24819","275684","4778","739","746","7","0","120"
"8","TOT-both-ss","instance_40_25_5_43","totalizer","both","slot-service","OPTIMUM","150,6827","150,4755","27956","335544","4975","766","773","7","0","120"
"8","TOT-both-ss","instance_40_25_5_44","totalizer","both","slot-service","OPTIMUM","20,50451","20,28527","28992","396290","5141","783","785","2","0","120"
"8","TOT-both-ss","instance_40_25_5_45","totalizer","both","slot-service","OPTIMUM","54,8206","54,58307","30946","411095","5516","705","710","5","0","120"
"8","TOT-both-ss","instance_40_25_5_46","totalizer","both","slot-service","UNSATISFIABLE","0,364936","0","0","0","0","","","","","120"
"8","TOT-both-ss","instance_40_25_5_47","totalizer","both","slot-service","OPTIMUM","89,348","89,10136","32142","455040","5386","782","784","2","0","120"
"8","TOT-both-ss","instance_40_25_5_48","totalizer","both","slot-service","OPTIMUM","51,06713","50,84639","28973","380864","5190","768","769","1","0","120"
"8","TOT-both-ss","instance_40_25_5_49","totalizer","both","slot-service","OPTIMUM","179,1061","178,8804","29186","380213","5205","720","733","13","0","120"
"8","TOT-both-ss","instance_40_25_5_5","totalizer","both","slot-service","OPTIMUM","62,2445","61,99707","32060","439173","5584","781","787","6","0","120"
"8","TOT-both-ss","instance_40_25_5_50","totalizer","both","slot-service","OPTIMUM","77,38953","77,11655","34225","518761","5582","786","791","5","0","120"
"8","TOT-both-ss","instance_40_25_5_6","totalizer","both","slot-service","OPTIMUM","63,94202","63,70687","30338","408408","5293","768","770","2","0","120"
"8","TOT-both-ss","instance_40_25_5_7","totalizer","both","slot-service","OPTIMUM","55,59836","55,36668","29555","414668","5107","784","785","1","0","120"
"8","TOT-both-ss","instance_40_25_5_8","totalizer","both","slot-service","OPTIMUM","44,17325","43,96396","27976","343558","5142","768","771","3","0","120"
"8","TOT-both-ss","instance_40_25_5_9","totalizer","both","slot-service","OPTIMUM","62,36923","62,15406","29085","376167","5254","775","776","1","0","120"