"cfg_id","label","instance_name","cardinality","ic","sb","status","elapsed_s","solve_s","variables","hard_clauses","soft_clauses","best_value","similarity","continuity","overtime","coverage"
"7","TOT-both-none","instance_30_10_4_1","totalizer","both","none","OPTIMUM","12,05541","12,0073","9576","78887","1441","416","420","4","0","120"
"7","TOT-both-none","instance_30_10_4_10","totalizer","both","none","OPTIMUM","9,788561","9,741089","9291","73761","1399","403","410","7","0","120"
"7","TOT-both-none","instance_30_10_4_11","totalizer","both","none","OPTIMUM","18,54175","18,49632","9038","70474","1413","390","402","12","0","120"
"7","TOT-both-none","instance_30_10_4_12","totalizer","both","none","OPTIMUM","14,74319","14,69354","9578","79760","1360","387","394","7","0","120"
"7","TOT-both-none","instance_30_10_4_13","totalizer","both","none","UNSATISFIABLE","0,050909","0","0","0","0","","","","","120"
"7","TOT-both-none","instance_30_10_4_14","totalizer","both","none","UNSATISFIABLE","0,050639","0","0","0","0","","","","","120"
"7","TOT-both-none","instance_30_10_4_15","totalizer","both","none","UNSATISFIABLE","0,045052","0","0","0","0","","","","","120"
"7","TOT-both-none","instance_30_10_4_16","totalizer","both","none","OPTIMUM","13,24665","13,19801","9903","84083","1562","431","436","5","0","120"
"7","TOT-both-none","instance_30_10_4_17","totalizer","both","none","OPTIMUM","4,372167","4,338779","8318","56985","1291","400","402","2","0","120"
"7","TOT-both-none","instance_30_10_4_18","totalizer","both","none","OPTIMUM","6,300599","6,263632","8848","65084","1382","408","413","5","0","120"
"7","TOT-both-none","instance_30_10_4_19","totalizer","both","none","UNSATISFIABLE","0,07111","0","0","0","0","","","","","120"
"7","TOT-both-none","instance_30_10_4_2","totalizer","both","none","UNSATISFIABLE","0,070497","0","0","0","0","","","","","120"
"7","TOT-both-none","instance_30_10_4_20","totalizer","both","none","UNSATISFIABLE","0,052544","0","0","0","0","","","","","120"
"7","TOT-both-none","instance_30_10_4_21","totalizer","both","none","UNSATISFIABLE","0,083614","0","0","0","0","","","","","120"
"7","TOT-both-none","instance_30_10_4_22","totalizer","both","none","UNSATISFIABLE","0,065903","0","0","0","0","","","","","120"
"7","TOT-both-none","instance_30_10_4_23","totalizer","both","none","OPTIMUM","10,50488","10,45553","9751","80290","1499","379","381","2","0","120"
"7","TOT-both-none","instance_30_10_4_24","totalizer","both","none","OPTIMUM","6,642648","6,605352","8812","65114","1375","387","394","7","0","120"
"7","TOT-both-none","instance_30_10_4_25","totalizer","both","none","OPTIMUM","16,54098","16,48823","10405","91318","1435","444","446","2","0","120"
"7","TOT-both-none","instance_30_10_4_26","totalizer","both","none","UNSATISFIABLE","0,09267","0","0","0","0","","","","","120"
"7","TOT-both-none","instance_30_10_4_27","totalizer","both","none","OPTIMUM","17,05175","17,01651","8639","59749","1374","390","403","13","0","120"
"7","TOT-both-none","instance_30_10_4_28","totalizer","both","none","UNSATISFIABLE","0,044557","0","0","0","0","","","","","120"
"7","TOT-both-none","instance_30_10_4_29","totalizer","both","none","UNSATISFIABLE","0,054573","0","0","0","0","","","","","120"
"7","TOT-both-none","instance_30_10_4_3","totalizer","both","none","UNSATISFIABLE","0,053875","0","0","0","0","","","","","120"
"7","TOT-both-none","instance_30_10_4_30","totalizer","both","none","OPTIMUM","18,51459","18,46624","9751","81937","1482","396","404","8","0","120"
"7","TOT-both-none","instance_30_10_4_31","totalizer","both","none","OPTIMUM","7,687505","7,642236","9183","70266","1318","372","379","7","0","120"
"7","TOT-both-none","instance_30_10_4_32","totalizer","both","none","OPTIMUM","9,565744","9,516841","9509","78350","1493","423","424","1","0","120"
"7","TOT-both-none","instance_30_10_4_33","totalizer","both","none","OPTIMUM","19,71583","19,66608","9905","82009","1416","434","435","1","0","120"
"7","TOT-both-none","instance_30_10_4_34","totalizer","both","none","UNSATISFIABLE","0,062961","0","0","0","0","","","","","120"
"7","TOT-both-none","instance_30_10_4_35","totalizer","both","none","UNSATISFIABLE","0,051713","0","0","0","0","","","","","120"
"7","TOT-both-none","instance_30_10_4_36","totalizer","both","none","OPTIMUM","23,55999","23,5087","9912","90716","1497","401","406","5","0","120"
"7","TOT-both-none","instance_30_10_4_37","totalizer","both","none","OPTIMUM","11,07578","11,02501","9813","83360","1457","440","444","4","0","120"
"7","TOT-both-none","instance_30_10_4_38","totalizer","both","none","UNSATISFIABLE","0,063593","0","0","0","0","","","","","120"
"7","TOT-both-none","instance_30_10_4_39","totalizer","both","none","UNSATISFIABLE","0,052933","0","0","0","0","","","","","120"
"7","TOT-both-none","instance_30_10_4_4","totalizer","both","none","OPTIMUM","8,131155","8,085889","9388","76372","1419","427","430","3","0","120"
"7","TOT-both-none","instance_30_10_4_40","totalizer","both","none","UNSATISFIABLE","0,069152","0","0","0","0","","","","","120"
"7","TOT-both-none","instance_30_10_4_41","totalizer","both","none","OPTIMUM","9,080791","9,051654","7617","46554","1236","350","356","6","0","120"
"7","TOT-both-none","instance_30_10_4_42","totalizer","both","none","UNSATISFIABLE","0,063185","0","0","0","0","","","","","120"
"7","TOT-both-none","instance_30_10_4_43","totalizer","both","none","OPTIMUM","21,26892","21,21968","9509","80775","1427","412","418","6","0","120"
"7","TOT-both-none","instance_30_10_4_44","totalizer","both","none","UNSATISFIABLE","0,085819","0","0","0","0","","","","","120"
"7","TOT-both-none","instance_30_10_4_45","totalizer","both","none","OPTIMUM","7,321066","7,275676","9031","68846","1363","365","370","5","0","120"
"7","TOT-both-none","instance_30_10_4_46","totalizer","both","none","UNSATISFIABLE","0,046762","0","0","0","0","","","","","120"
"7","TOT-both-none","instance_30_10_4_47","totalizer","both","none","OPTIMUM","10,6863","10,65116","8528","57913","1390","395","399","4","0","120"
"7","TOT-both-none","instance_30_10_4_48","totalizer","both","none","OPTIMUM","7,238787","7,207306","7845","49348","1309","375","377","2","0","120"
"7","TOT-both-none","instance_30_10_4_49","totalizer","both","none","UNSATISFIABLE","0,104227","0","0","0","0","","","","","120"
"7","TOT-both-none","instance_30_10_4_5","totalizer","both","none","OPTIMUM","15,21997","15,17404","8660","66295","1452","418","422","4","0","120"
"7","TOT-both-none","instance_30_10_4_50","totalizer","both","none","UNSATISFIABLE","0,065229","0","0","0","0","","","","","120"
"7","TOT-both-none","instance_30_10_4_6","totalizer","both","none","OPTIMUM","7,857109","7,804154","9659","82218","1451","388","390","2","0","120"
"7","TOT-both-none","instance_30_10_4_7","totalizer","both","none","UNSATISFIABLE","0,055251","0","0","0","0","","","","","120"
"7","TOT-both-none","instance_30_10_4_8","totalizer","both","none","OPTIMUM","21,02407","20,97722","9114","72298","1365","414","421","7","0","120"
"7","TOT-both-none","instance_30_10_4_9","totalizer","both","none","UNSATISFIABLE","0,055108","0","0","0","0","","","","","120"
"7","TOT-both-none","instance_30_10_5_1","totalizer","both","none","OPTIMUM","18,96392","18,90647","11327","88374","1608","496","500","4","0","120"
"7","TOT-both-none","instance_30_10_5_10","totalizer","both","none","OPTIMUM","25,76111","25,70048","11574","96273","1703","480","483","3","0","120"
"7","TOT-both-none","instance_30_10_5_11","totalizer","both","none","UNSATISFIABLE","0,080567","0","0","0","0","","","","","120"
"7","TOT-both-none","instance_30_10_5_12","totalizer","both","none","UNSATISFIABLE","0,088824","0","0","0","0","","","","","120"
"7","TOT-both-none","instance_30_10_5_13","totalizer","both","none","UNSATISFIABLE","0,141651","0","0","0","0","","","","","120"
"7","TOT-both-none","instance_30_10_5_14","totalizer","both","none","UNSATISFIABLE","0,186042","0","0","0","0","","","","","120"
"7","TOT-both-none","instance_30_10_5_15","totalizer","both","none","UNSATISFIABLE","0,153474","0","0","0","0","","","","","120"
"7","TOT-both-none","instance_30_10_5_16","totalizer","both","none","OPTIMUM","34,84701","34,77627","12720","125166","1637","489","500","11","0","120"
"7","TOT-both-none","instance_30_10_5_17","totalizer","both","none","OPTIMUM","27,12128","27,0633","10934","85368","1568","492","506","14","0","120"
"7","TOT-both-none","instance_30_10_5_18","totalizer","both","none","OPTIMUM","28,48275","28,4115","13239","125828","1770","519","523","4","0","120"
"7","TOT-both-none","instance_30_10_5_19","totalizer","both","none","UNSATISFIABLE","0,06797","0","0","0","0","","","","","120"
"7","TOT-both-none","instance_30_10_5_2","totalizer","both","none","UNSATISFIABLE","0,120712","0","0","0","0","","","","","120"
"7","TOT-both-none","instance_30_10_5_20","totalizer","both","none","UNSATISFIABLE","0,128664","0","0","0","0","","","","","120"
"7","TOT-both-none","instance_30_10_5_21","totalizer","both","none","UNSATISFIABLE","0,081305","0","0","0","0","","","","","120"
"7","TOT-both-none","instance_30_10_5_22","totalizer","both","none","OPTIMUM","19,79045","19,72514","12448","109912","1772","497","502","5","0","120"
"7","TOT-both-none","instance_30_10_5_23","totalizer","both","none","UNSATISFIABLE","0,059392","0","0","0","0","","","","","120"
"7","TOT-both-none","instance_30_10_5_24","totalizer","both","none","UNSATISFIABLE","0,101343","0","0","0","0","","","","","120"
"7","TOT-both-none","instance_30_10_5_25","totalizer","both","none","UNSATISFIABLE","0,095144","0","0","0","0","","","","","120"
"7","TOT-both-none","instance_30_10_5_26","totalizer","both","none","UNSATISFIABLE","0,057849","0","0","0","0","","","","","120"
"7","TOT-both-none","instance_30_10_5_27","totalizer","both","none","UNSATISFIABLE","0,112316","0","0","0","0","","","","","120"
"7","TOT-both-none","instance_30_10_5_28","totalizer","both","none","UNSATISFIABLE","0,06063","0","0","0","0","","","","","120"
"7","TOT-both-none","instance_30_10_5_29","totalizer","both","none","UNSATISFIABLE","0,055246","0","0","0","0","","","","","120"
"7","TOT-both-none","instance_30_10_5_3","totalizer","both","none","OPTIMUM","17,11784","17,04887","12628","122614","1670","479","486","7","0","120"
"7","TOT-both-none","instance_30_10_5_30","totalizer","both","none","UNSATISFIABLE","0,080947","0","0","0","0","","","","","120"
"7","TOT-both-none","instance_30_10_5_31","totalizer","both","none","OPTIMUM","18,96166","18,90544","10612","84893","1535","517","523","6","0","120"
"7","TOT-both-none","instance_30_10_5_32","totalizer","both","none","OPTIMUM","27,85359","27,78776","12494","111343","1811","550","555","5","0","120"
"7","TOT-both-none","instance_30_10_5_33","totalizer","both","none","OPTIMUM","23,40008","23,30291","14420","158603","1881","553","554","1","0","120"
"7","TOT-both-none","instance_30_10_5_34","totalizer","both","none","OPTIMUM","34,2179","34,15043","12298","108431","1772","479","495","16","0","120"
"7","TOT-both-none","instance_30_10_5_35","totalizer","both","none","OPTIMUM","38,81439","38,75286","12051","97976","1737","499","503","3","1","120"
"7","TOT-both-none","instance_30_10_5_36","totalizer","both","none","OPTIMUM","33,807","33,73224","13302","129482","1838","492","504","12","0","120"
"7","TOT-both-none","instance_30_10_5_37","totalizer","both","none","OPTIMUM","5,552474","5,510891","9693","65024","1495","494","496","2","0","120"
"7","TOT-both-none","instance_30_10_5_38","totalizer","both","none","OPTIMUM","35,56386","35,49914","11819","100753","1727","524","527","3","0","120"
"7","TOT-both-none","instance_30_10_5_39","totalizer","both","none","OPTIMUM","14,16514","14,10396","11530","99162","1757","522","524","2","0","120"
"7","TOT-both-none","instance_30_10_5_4","totalizer","both","none","UNSATISFIABLE","0,05841","0","0","0","0","","","","","120"
"7","TOT-both-none","instance_30_10_5_40","totalizer","both","none","UNSATISFIABLE","0,085509","0","0","0","0","","","","","120"
"7","TOT-both-none","instance_30_10_5_41","totalizer","both","none","UNSATISFIABLE","0,090152","0","0","0","0","","","","","120"
"7","TOT-both-none","instance_30_10_5_42","totalizer","both","none","OPTIMUM","27,55568","27,48745","12509","113808","1785","484","493","9","0","120"
"7","TOT-both-none","instance_30_10_5_43","totalizer","both","none","UNSATISFIABLE","0,079372","0","0","0","0","","","","","120"
"7","TOT-both-none","instance_30_10_5_44","totalizer","both","none","UNSATISFIABLE","0,170664","0","0","0","0","","","","","120"
"7","TOT-both-none","instance_30_10_5_45","totalizer","both","none","UNSATISFIABLE","0,0808","0","0","0","0","","","","","120"
"7","TOT-both-none","instance_30_10_5_46","totalizer","both","none","UNSATISFIABLE","0,05225","0","0","0","0","","","","","120"
"7","TOT-both-none","instance_30_10_5_47","totalizer","both","none","UNSATISFIABLE","0,050621","0","0","0","0","","","","","120"
"7","TOT-both-none","instance_30_10_5_48","totalizer","both","none","OPTIMUM","57,40012","57,3464","10668","83309","1619","483","492","8","1","120"
"7","TOT-both-none","instance_30_10_5_49","totalizer","both","none","TIMEOUT","300,112","0","0","0","0","","","","","120"
"7","TOT-both-none","instance_30_10_5_5","totalizer","both","none","UNSATISFIABLE","0,081929","0","0","0","0","","","","","120"
"7","TOT-both-none","instance_30_10_5_50","totalizer","both","none","UNSATISFIABLE","0,085801","0","0","0","0","","","","","120"
"7","TOT-both-none","instance_30_10_5_6","totalizer","both","none","UNSATISFIABLE","0,06782","0","0","0","0","","","","","120"
"7","TOT-both-none","instance_30_10_5_7","totalizer","both","none","UNSATISFIABLE","0,10661","0","0","0","0","","","","","120"
"7","TOT-both-none","instance_30_10_5_8","totalizer","both","none","OPTIMUM","16,02246","15,96084","11543","100310","1637","536","537","1","0","120"
"7","TOT-both-none","instance_30_10_5_9","totalizer","both","none","OPTIMUM","30,08287","30,02859","10639","84322","1426","481","492","11","0","120"
"7","TOT-both-none","instance_30_15_4_1","totalizer","both","none","OPTIMUM","17,65989","17,59004","12349","113778","2189","443","450","7","0","120"
"7","TOT-both-none","instance_30_15_4_10","totalizer","both","none","OPTIMUM","10,78784","10,72712","11335","93503","2088","418","425","7","0","120"
"7","TOT-both-none","instance_30_15_4_11","totalizer","both","none","OPTIMUM","50,26788","50,21179","10879","85104","1814","410","413","3","0","120"
"7","TOT-both-none","instance_30_15_4_12","totalizer","both","none","OPTIMUM","6,102474","6,042565","11251","92997","1970","440","444","4","0","120"
"7","TOT-both-none","instance_30_15_4_13","totalizer","both","none","OPTIMUM","12,6398","12,58861","9708","70102","1728","383","388","5","0","120"
"7","TOT-both-none","instance_30_15_4_14","totalizer","both","none","OPTIMUM","14,96392","14,90365","11245","95024","2034","412","422","10","0","120"
"7","TOT-both-none","instance_30_15_4_15","totalizer","both","none","OPTIMUM","20,09476","20,02746","12206","111813","2095","448","452","4","0","120"
"7","TOT-both-none","instance_30_15_4_16","totalizer","both","none","OPTIMUM","15,06822","15,0169","9661","67020","1901","399","401","2","0","120"
"7","TOT-both-none","instance_30_15_4_17","totalizer","both","none","OPTIMUM","9,126076","9,065416","11590","96305","2046","422","427","5","0","120"
"7","TOT-both-none","instance_30_15_4_18","totalizer","both","none","OPTIMUM","19,85742","19,7676","13483","136192","2186","458","462","4","0","120"
"7","TOT-both-none","instance_30_15_4_19","totalizer","both","none","OPTIMUM","9,354348","9,29855","10653","83297","1815","416","423","7","0","120"
"7","TOT-both-none","instance_30_15_4_2","totalizer","both","none","OPTIMUM","10,83946","10,80118","8967","56784","1847","374","378","4","0","120"
"7","TOT-both-none","instance_30_15_4_20","totalizer","both","none","OPTIMUM","9,84138","9,791134","9988","67992","1998","428","434","6","0","120"
"7","TOT-both-none","instance_30_15_4_21","totalizer","both","none","UNSATISFIABLE","0,079783","0","0","0","0","","","","","120"
"7","TOT-both-none","instance_30_15_4_22","totalizer","both","none","OPTIMUM","3,179828","3,124103","10337","81874","1889","428","435","7","0","120"
"7","TOT-both-none","instance_30_15_4_23","totalizer","both","none","OPTIMUM","20,62671","20,55741","12513","116861","2117","438","444","6","0","120"
"7","TOT-both-none","instance_30_15_4_24","totalizer","both","none","OPTIMUM","21,92454","21,86158","11713","106986","2136","447","450","3","0","120"
"7","TOT-both-none","instance_30_15_4_25","totalizer","both","none","OPTIMUM","7,719341","7,662184","11063","86326","2013","408","411","3","0","120"
"7","TOT-both-none","instance_30_15_4_26","totalizer","both","none","OPTIMUM","8,632102","8,572544","11518","96233","2081","437","442","5","0","120"
"7","TOT-both-none","instance_30_15_4_27","totalizer","both","none","OPTIMUM","12,878","12,81952","11046","90863","2004","410","415","5","0","120"
"7","TOT-both-none","instance_30_15_4_28","totalizer","both","none","OPTIMUM","20,89632","20,8339","11347","100771","1980","421","427","6","0","120"
"7","TOT-both-none","instance_30_15_4_29","totalizer","both","none","OPTIMUM","11,10013","11,05841","9365","63102","1741","405","409","4","0","120"
"7","TOT-both-none","instance_30_15_4_3","totalizer","both","none","OPTIMUM","22,49805","22,43189","12005","113029","2089","438","443","5","0","120"
"7","TOT-both-none","instance_30_15_4_30","totalizer","both","none","OPTIMUM","25,56574","25,5014","11892","109144","2120","437","443","6","0","120"
"7","TOT-both-none","instance_30_15_4_31","totalizer","both","none","OPTIMUM","14,46622","14,40057","11940","109914","2095","412","417","5","0","120"
"7","TOT-both-none","instance_30_15_4_32","totalizer","both","none","OPTIMUM","16,34644","16,2844","11191","99423","1995","387","390","3","0","120"
"7","TOT-both-none","instance_30_15_4_33","totalizer","both","none","OPTIMUM","31,32477","31,26048","12019","106358","2127","435","438","3","0","120"
"7","TOT-both-none","instance_30_15_4_34","totalizer","both","none","OPTIMUM","8,314754","8,251083","12014","108372","2078","399","403","4","0","120"
"7","TOT-both-none","instance_30_15_4_35","totalizer","both","none","UNSATISFIABLE","0,090553","0","0","0","0","","","","","120"
"7","TOT-both-none","instance_30_15_4_36","totalizer","both","none","OPTIMUM","13,97792","13,91737","11328","98039","1952","433","438","5","0","120"
"7","TOT-both-none","instance_30_15_4_37","totalizer","both","none","OPTIMUM","20,9392","20,87924","10983","89032","2075","427","432","5","0","120"
"7","TOT-both-none","instance_30_15_4_38","totalizer","both","none","OPTIMUM","15,71137","15,65287","10860","88185","1928","402","405","3","0","120"
"7","TOT-both-none","instance_30_15_4_39","totalizer","both","none","OPTIMUM","11,01235","10,94733","11999","107841","2104","447","450","3","0","120"
"7","TOT-both-none","instance_30_15_4_4","totalizer","both","none","OPTIMUM","33,37137","33,30125","12559","119405","2259","451","453","2","0","120"
"7","TOT-both-none","instance_30_15_4_40","totalizer","both","none","OPTIMUM","7,617151","7,555909","11026","98425","1913","450","450","0","0","120"
"7","TOT-both-none","instance_30_15_4_41","totalizer","both","none","OPTIMUM","9,523798","9,432881","13402","141984","2293","443","444","1","0","120"
"7","TOT-both-none","instance_30_15_4_42","totalizer","both","none","OPTIMUM","26,96378","26,89362","12752","122286","2228","437","440","3","0","120"
"7","TOT-both-none","instance_30_15_4_43","totalizer","both","none","OPTIMUM","30,36143","30,29717","11446","107148","2007","423","429","6","0","120"
"7","TOT-both-none","instance_30_15_4_44","totalizer","both","none","UNSATISFIABLE","0,082619","0","0","0","0","","","","","120"
"7","TOT-both-none","instance_30_15_4_45","totalizer","both","none","OPTIMUM","11,72465","11,6561","12544","121026","2171","422","427","5","0","120"
"7","TOT-both-none","instance_30_15_4_46","totalizer","both","none","OPTIMUM","32,13963","32,07331","11843","112415","2083","450","452","2","0","120"
"7","TOT-both-none","instance_30_15_4_47","totalizer","both","none","OPTIMUM","19,21981","19,15997","11260","91536","2054","428","432","4","0","120"
"7","TOT-both-none","instance_30_15_4_48","totalizer","both","none","OPTIMUM","13,23202","13,17329","11249","91931","1979","431","435","4","0","120"
"7","TOT-both-none","instance_30_15_4_49","totalizer","both","none","OPTIMUM","20,39037","20,32563","11653","101083","1997","436","442","6","0","120"
"7","TOT-both-none","instance_30_15_4_5","totalizer","both","none","OPTIMUM","15,74488","15,68616","11026","93121","1863","421","429","8","0","120"
"7","TOT-both-none","instance_30_15_4_50","totalizer","both","none","OPTIMUM","7,62839","7,5738","10261","78364","1841","404","415","11","0","120"
"7","TOT-both-none","instance_30_15_4_6","totalizer","both","none","OPTIMUM","8,296947","8,246954","9723","68438","1949","441","446","5","0","120"
"7","TOT-both-none","instance_30_15_4_7","totalizer","both","none","UNSATISFIABLE","0,107273","0","0","0","0","","","","","120"
"7","TOT-both-none","instance_30_15_4_8","totalizer","both","none","UNSATISFIABLE","0,089914","0","0","0","0","","","","","120"
"7","TOT-both-none","instance_30_15_4_9","totalizer","both","none","OPTIMUM","13,46867","13,41106","10589","83857","1844","402","409","7","0","120"
"7","TOT-both-none","instance_30_15_5_1","totalizer","both","none","OPTIMUM","27,59921","27,48821","16523","184575","2654","551","555","4","0","120"
"7","TOT-both-none","instance_30_15_5_10","totalizer","both","none","UNSATISFIABLE","0,175594","0","0","0","0","","","","","120"
"7","TOT-both-none","instance_30_15_5_11","totalizer","both","none","OPTIMUM","35,40658","35,30887","14776","143061","2458","540","548","8","0","120"
"7","TOT-both-none","instance_30_15_5_12","totalizer","both","none","OPTIMUM","24,45781","24,33867","17626","207290","2724","570","572","2","0","120"
"7","TOT-both-none","instance_30_15_5_13","totalizer","both","none","OPTIMUM","23,14477","23,03915","16145","174360","2479","561","570","9","0","120"
"7","TOT-both-none","instance_30_15_5_14","totalizer","both","none","OPTIMUM","29,72654","29,63281","14881","140999","2379","534","545","11","0","120"
"7","TOT-both-none","instance_30_15_5_15","totalizer","both","none","OPTIMUM","29,24067","29,12887","16163","179842","2570","546","549","3","0","120"
"7","TOT-both-none","instance_30_15_5_16","totalizer","both","none","OPTIMUM","38,20756","38,10691","15718","152214","2439","480","493","13","0","120"
"7","TOT-both-none","instance_30_15_5_17","totalizer","both","none","OPTIMUM","13,42466","13,35197","13695","121270","2281","548","551","3","0","120"
"7","TOT-both-none","instance_30_15_5_18","totalizer","both","none","OPTIMUM","32,73428","32,65863","14153","129977","2331","528","530","2","0","120"
"7","TOT-both-none","instance_30_15_5_19","totalizer","both","none","OPTIMUM","41,27015","41,16507","16055","170435","2619","530","534","4","0","120"
"7","TOT-both-none","instance_30_15_5_2","totalizer","both","none","OPTIMUM","28,3821","28,27631","16019","171675","2356","554","557","3","0","120"
"7","TOT-both-none","instance_30_15_5_20","totalizer","both","none","UNSATISFIABLE","0,240123","0","0","0","0","","","","","120"
"7","TOT-both-none","instance_30_15_5_21","totalizer","both","none","OPTIMUM","59,61709","59,51959","15316","151298","2476","511","515","4","0","120"
"7","TOT-both-none","instance_30_15_5_22","totalizer","both","none","OPTIMUM","17,51516","17,41077","15880","169735","2602","539","544","5","0","120"
"7","TOT-both-none","instance_30_15_5_23","totalizer","both","none","OPTIMUM","35,88186","35,77688","16387","167553","2661","540","547","7","0","120"
"7","TOT-both-none","instance_30_15_5_24","totalizer","both","none","OPTIMUM","30,75309","30,63523","17406","195848","2610","566","570","4","0","120"
"7","TOT-both-none","instance_30_15_5_25","totalizer","both","none","OPTIMUM","24,68923","24,58484","14729","145939","2365","541","543","2","0","120"
"7","TOT-both-none","instance_30_15_5_26","totalizer","both","none","UNSATISFIABLE","0,275811","0","0","0","0","","","","","120"
"7","TOT-both-none","instance_30_15_5_27","totalizer","both","none","OPTIMUM","213,7892","213,692","15020","147840","2461","537","546","9","0","120"
"7","TOT-both-none","instance_30_15_5_28","totalizer","both","none","OPTIMUM","26,41264","26,29603","16819","198692","2491","561","565","4","0","120"
"7","TOT-both-none","instance_30_15_5_29","totalizer","both","none","OPTIMUM","41,6929","41,58221","17144","191105","2730","550","551","1","0","120"
"7","TOT-both-none","instance_30_15_5_3","totalizer","both","none","OPTIMUM","9,812853","9,747224","12890","105275","2307","515","521","6","0","120"
"7","TOT-both-none","instance_30_15_5_30","totalizer","both","none","OPTIMUM","9,023283","8,964032","12336","91535","2205","440","449","9","0","120"
"7","TOT-both-none","instance_30_15_5_31","totalizer","both","none","OPTIMUM","19,97782","19,90518","13830","128977","2239","522","531","9","0","120"
"7","TOT-both-none","instance_30_15_5_32","totalizer","both","none","OPTIMUM","12,40026","12,3366","13023","102378","2299","509","519","10","0","120"
"7","TOT-both-none","instance_30_15_5_33","totalizer","both","none","UNSATISFIABLE","0,319229","0","0","0","0","","","","","120"
"7","TOT-both-none","instance_30_15_5_34","totalizer","both","none","OPTIMUM","11,65259","11,55249","16245","173316","2632","591","591","0","0","120"
"7","TOT-both-none","instance_30_15_5_35","totalizer","both","none","OPTIMUM","36,86657","36,77947","14325","131206","2431","532","539","7","0","120"
"7","TOT-both-none","instance_30_15_5_36","totalizer","both","none","OPTIMUM","16,83801","16,76784","13526","119929","2366","507","513","6","0","120"
"7","TOT-both-none","instance_30_15_5_37","totalizer","both","none","UNSATISFIABLE","0,683592","0","0","0","0","","","","","120"
"7","TOT-both-none","instance_30_15_5_38","totalizer","both","none","UNSATISFIABLE","0,191369","0","0","0","0","","","","","120"
"7","TOT-both-none","instance_30_15_5_39","totalizer","both","none","OPTIMUM","31,26196","31,17207","14114","134165","2349","507","513","6","0","120"
"7","TOT-both-none","instance_30_15_5_4","totalizer","both","none","UNSATISFIABLE","0,233005","0","0","0","0","","","","","120"
"7","TOT-both-none","instance_30_15_5_40","totalizer","both","none","OPTIMUM","36,684","36,59318","15040","142875","2487","526","535","9","0","120"
"7","TOT-both-none","instance_30_15_5_41","totalizer","both","none","OPTIMUM","30,47792","30,38787","14273","134327","2282","539","541","2","0","120"
"7","TOT-both-none","instance_30_15_5_42","totalizer","both","none","OPTIMUM","44,30548","44,20231","16093","169567","2533","537","549","12","0","120"
"7","TOT-both-none","instance_30_15_5_43","totalizer","both","none","OPTIMUM","30,64341","30,5729","13144","116797","2271","533","542","9","0","120"
"7","TOT-both-none","instance_30_15_5_44","totalizer","both","none","OPTIMUM","40,16188","40,05736","15290","158693","2490","545","552","7","0","120"
"7","TOT-both-none","instance_30_15_5_45","totalizer","both","none","OPTIMUM","24,53318","24,43578","15241","158959","2376","557","558","1","0","120"
"7","TOT-both-none","instance_30_15_5_46","totalizer","both","none","OPTIMUM","36,74624","36,64024","16684","183284","2583","552","555","3","0","120"
"7","TOT-both-none","instance_30_15_5_47","totalizer","both","none","OPTIMUM","16,74506","16,64078","16011","172580","2504","551","554","3","0","120"
"7","TOT-both-none","instance_30_15_5_48","totalizer","both","none","OPTIMUM","25,55127","25,4809","13959","117912","2292","498","510","12","0","120"
"7","TOT-both-none","instance_30_15_5_49","totalizer","both","none","UNSATISFIABLE","0,156933","0","0","0","0","","","","","120"
"7","TOT-both-none","instance_30_15_5_5","totalizer","both","none","OPTIMUM","26,71409","26,61812","15249","146917","2479","531","540","9","0","120"
"7","TOT-both-none","instance_30_15_5_50","totalizer","both","none","OPTIMUM","31,7473","31,6532","14945","143062","2407","555","560","5","0","120"
"7","TOT-both-none","instance_30_15_5_6","totalizer","both","none","OPTIMUM","15,35584","15,24574","16472","188434","2594","546","546","0","0","120"
"7","TOT-both-none","instance_30_15_5_7","totalizer","both","none","OPTIMUM","6,365062","6,274573","14336","140991","2344","544","544","0","0","120"
"7","TOT-both-none","instance_30_15_5_8","totalizer","both","none","OPTIMUM","29,23934","29,16458","13452","123501","2208","505","515","10","0","120"
"7","TOT-both-none","instance_30_15_5_9","totalizer","both","none","OPTIMUM","28,75248","28,65242","15394","158887","2463","531","533","2","0","120"
"7","TOT-both-none","instance_30_20_4_1","totalizer","both","none","OPTIMUM","17,05186","16,96026","15429","151474","2920","414","421","7","0","120"
"7","TOT-both-none","instance_30_20_4_10","totalizer","both","none","OPTIMUM","12,49034","12,42498","13263","112900","2784","442","446","4","0","120"
"7","TOT-both-none","instance_30_20_4_11","totalizer","both","none","OPTIMUM","37,17902","37,08502","15097","152556","2749","454","456","2","0","120"
"7","TOT-both-none","instance_30_20_4_12","totalizer","both","none","OPTIMUM","22,99804","22,89977","16040","165031","2929","446","448","2","0","120"
"7","TOT-both-none","instance_30_20_4_13","totalizer","both","none","OPTIMUM","22,74746","22,65671","15200","148026","2934","444","448","4","0","120"
"7","TOT-both-none","instance_30_20_4_14","totalizer","both","none","OPTIMUM","11,54285","11,48869","11347","82557","2445","462","463","1","0","120"
"7","TOT-both-none","instance_30_20_4_15","totalizer","both","none","OPTIMUM","18,54147","18,44537","15326","162980","2849","461","462","1","0","120"
"7","TOT-both-none","instance_30_20_4_16","totalizer","both","none","OPTIMUM","35,93354","35,83461","15079","171856","2661","420","424","4","0","120"
"7","TOT-both-none","instance_30_20_4_17","totalizer","both","none","OPTIMUM","9,462712","9,403414","11882","99786","2334","421","422","1","0","120"
"7","TOT-both-none","instance_30_20_4_18","totalizer","both","none","OPTIMUM","25,05325","24,98689","13153","118232","2540","435","440","5","0","120"
"7","TOT-both-none","instance_30_20_4_19","totalizer","both","none","OPTIMUM","20,69281","20,60475","14660","143058","2744","459","462","3","0","120"
"7","TOT-both-none","instance_30_20_4_2","totalizer","both","none","OPTIMUM","23,50715","23,44292","12878","110454","2536","430","437","7","0","120"
"7","TOT-both-none","instance_30_20_4_20","totalizer","both","none","OPTIMUM","28,00829","27,92289","13918","131901","2549","445","447","2","0","120"
"7","TOT-both-none","instance_30_20_4_21","totalizer","both","none","OPTIMUM","20,60648","20,51197","15552","163495","2891","438","438","0","0","120"
"7","TOT-both-none","instance_30_20_4_22","totalizer","both","none","OPTIMUM","32,92341","32,85032","13845","130417","2631","432","438","6","0","120"
"7","TOT-both-none","instance_30_20_4_23","totalizer","both","none","OPTIMUM","9,67758","9,615982","12507","106647","2482","455","455","0","0","120"
"7","TOT-both-none","instance_30_20_4_24","totalizer","both","none","OPTIMUM","26,57066","26,46927","16155","185796","2912","453","456","3","0","120"
"7","TOT-both-none","instance_30_20_4_25","totalizer","both","none","OPTIMUM","10,98261","10,91776","12610","109117","2544","439","442","3","0","120"
"7","TOT-both-none","instance_30_20_4_26","totalizer","both","none","OPTIMUM","16,75364","16,66523","14669","142558","2849","461","463","2","0","120"
"7","TOT-both-none","instance_30_20_4_27","totalizer","both","none","OPTIMUM","16,32495","16,23314","15015","152873","2912","463","463","0","0","120"
"7","TOT-both-none","instance_30_20_4_28","totalizer","both","none","OPTIMUM","12,44176","12,35621","13820","133390","2670","456","456","0","0","120"
"7","TOT-both-none","instance_30_20_4_29","totalizer","both","none","OPTIMUM","31,0805","30,98956","14837","147674","2850","469","471","2","0","120"
"7","TOT-both-none","instance_30_20_4_3","totalizer","both","none","OPTIMUM","26,17777","26,09165","13817","134644","2639","457","460","3","0","120"
"7","TOT-both-none","instance_30_20_4_30","totalizer","both","none","OPTIMUM","8,609793","8,515653","14503","154602","2701","467","468","1","0","120"
"7","TOT-both-none","instance_30_20_4_31","totalizer","both","none","OPTIMUM","5,843899","5,779041","12515","115213","2487","455","456","1","0","120"
"7","TOT-both-none","instance_30_20_4_32","totalizer","both","none","OPTIMUM","23,90688","23,80767","15646","173137","2998","455","458","3","0","120"
"7","TOT-both-none","instance_30_20_4_33","totalizer","both","none","OPTIMUM","16,19762","16,12949","13016","118619","2615","441","442","1","0","120"
"7","TOT-both-none","instance_30_20_4_34","totalizer","both","none","OPTIMUM","29,97623","29,88908","14426","142380","2759","461","463","2","0","120"
"7","TOT-both-none","instance_30_20_4_35","totalizer","both","none","OPTIMUM","9,511591","9,443709","13443","116008","2484","433","442","9","0","120"
"7","TOT-both-none","instance_30_20_4_36","totalizer","both","none","OPTIMUM","19,8561","19,78704","13126","120332","2395","442","450","8","0","120"
"7","TOT-both-none","instance_30_20_4_37","totalizer","both","none","OPTIMUM","24,46774","24,3722","15300","165818","2732","464","464","0","0","120"
"7","TOT-both-none","instance_30_20_4_38","totalizer","both","none","OPTIMUM","14,92307","14,83215","14021","138914","2582","446","447","1","0","120"
"7","TOT-both-none","instance_30_20_4_39","totalizer","both","none","OPTIMUM","24,18897","24,11665","13919","130464","2698","467","468","1","0","120"
"7","TOT-both-none","instance_30_20_4_4","totalizer","both","none","OPTIMUM","27,24043","27,17023","13953","125789","2672","435","440","5","0","120"
"7","TOT-both-none","instance_30_20_4_40","totalizer","both","none","OPTIMUM","20,70477","20,60962","15744","168806","2988","465","466","1","0","120"
"7","TOT-both-none","instance_30_20_4_41","totalizer","both","none","OPTIMUM","23,55769","23,49166","12762","115779","2582","455","460","5","0","120"
"7","TOT-both-none","instance_30_20_4_42","totalizer","both","none","OPTIMUM","12,44045","12,37394","13229","118528","2613","443","448","5","0","120"
"7","TOT-both-none","instance_30_20_4_43","totalizer","both","none","OPTIMUM","6,960661","6,906743","10986","84640","2288","430","432","2","0","120"
"7","TOT-both-none","instance_30_20_4_44","totalizer","both","none","OPTIMUM","18,81585","18,75626","12269","101694","2471","447","449","2","0","120"
"7","TOT-both-none","instance_30_20_4_45","totalizer","both","none","OPTIMUM","22,08759","21,99846","13755","136580","2680","460","462","2","0","120"
"7","TOT-both-none","instance_30_20_4_46","totalizer","both","none","OPTIMUM","5,604838","5,537444","12915","109836","2581","443","449","6","0","120"
"7","TOT-both-none","instance_30_20_4_47","totalizer","both","none","OPTIMUM","18,77796","18,68139","14709","140878","2727","459","464","5","0","120"
"7","TOT-both-none","instance_30_20_4_48","totalizer","both","none","OPTIMUM","27,16879","27,08267","14177","136039","2635","445","449","4","0","120"
"7","TOT-both-none","instance_30_20_4_49","totalizer","both","none","OPTIMUM","19,11516","19,04625","13686","121522","2524","415","425","10","0","120"
"7","TOT-both-none","instance_30_20_4_5","totalizer","both","none","OPTIMUM","25,67169","25,60395","13468","120956","2559","442","448","6","0","120"
"7","TOT-both-none","instance_30_20_4_50","totalizer","both","none","OPTIMUM","8,158105","8,09364","12911","113839","2642","437","439","2","0","120"
"7","TOT-both-none","instance_30_20_4_6","totalizer","both","none","OPTIMUM","24,1681","24,10183","13163","114177","2593","442","448","6","0","120"
"7","TOT-both-none","instance_30_20_4_7","totalizer","both","none","OPTIMUM","18,18697","18,11555","13749","128249","2571","431","437","6","0","120"
"7","TOT-both-none","instance_30_20_4_8","totalizer","both","none","OPTIMUM","19,84761","19,78508","12670","108855","2518","445","449","4","0","120"
"7","TOT-both-none","instance_30_20_4_9","totalizer","both","none","OPTIMUM","26,39812","26,33309","13172","110691","2549","431","438","7","0","120"
"7","TOT-both-none","instance_30_20_5_1","totalizer","both","none","OPTIMUM","18,41859","18,30817","18061","193983","3148","545","550","5","0","120"
"7","TOT-both-none","instance_30_20_5_10","totalizer","both","none","OPTIMUM","18,0328","17,93357","16668","160249","3092","531","535","4","0","120"
"7","TOT-both-none","instance_30_20_5_11","totalizer","both","none","OPTIMUM","13,3495","13,23898","18467","196712","3277","549","553","4","0","120"
"7","TOT-both-none","instance_30_20_5_12","totalizer","both","none","OPTIMUM","21,46768","21,3568","18398","201272","3050","560","564","4","0","120"
"7","TOT-both-none","instance_30_20_5_13","totalizer","both","none","OPTIMUM","14,37762","14,26784","18272","197791","3302","569","575","6","0","120"
"7","TOT-both-none","instance_30_20_5_14","totalizer","both","none","OPTIMUM","26,23132","26,07341","21262","262657","3621","586","589","3","0","120"
"7","TOT-both-none","instance_30_20_5_15","totalizer","both","none","OPTIMUM","33,19813","33,09953","16154","154760","2983","552","557","5","0","120"
"7","TOT-both-none","instance_30_20_5_16","totalizer","both","none","OPTIMUM","24,20347","24,09501","17705","186296","3115","575","582","7","0","120"
"7","TOT-both-none","instance_30_20_5_17","totalizer","both","none","OPTIMUM","27,63997","27,53241","18182","189382","3244","530","534","4","0","120"
"7","TOT-both-none","instance_30_20_5_18","totalizer","both","none","OPTIMUM","49,1929","49,06326","20344","251560","3330","568","575","7","0","120"
"7","TOT-both-none","instance_30_20_5_19","totalizer","both","none","OPTIMUM","14,83465","14,72622","17512","190947","3049","551","556","5","0","120"
"7","TOT-both-none","instance_30_20_5_2","totalizer","both","none","OPTIMUM","38,06133","37,9563","17715","179042","3189","540","545","5","0","120"
"7","TOT-both-none","instance_30_20_5_20","totalizer","both","none","OPTIMUM","16,80725","16,69584","18567","196239","3294","559","565","6","0","120"
"7","TOT-both-none","instance_30_20_5_21","totalizer","both","none","OPTIMUM","28,90485","28,80004","17849","181686","3170","526","534","8","0","120"
"7","TOT-both-none","instance_30_20_5_22","totalizer","both","none","OPTIMUM","42,33445","42,22552","18490","197717","3343","561","568","7","0","120"
"7","TOT-both-none","instance_30_20_5_23","totalizer","both","none","OPTIMUM","14,83467","14,74426","15162","141258","2845","545","551","6","0","120"
"7","TOT-both-none","instance_30_20_5_24","totalizer","both","none","OPTIMUM","16,5238","16,40833","18635","209964","3110","572","576","4","0","120"
"7","TOT-both-none","instance_30_20_5_25","totalizer","both","none","OPTIMUM","24,26716","24,15902","17906","184902","3140","565","570","5","0","120"
"7","TOT-both-none","instance_30_20_5_26","totalizer","both","none","OPTIMUM","29,3162","29,21545","16883","168991","3024","561","567","6","0","120"
"7","TOT-both-none","instance_30_20_5_27","totalizer","both","none","OPTIMUM","33,03217","32,93177","16712","161891","3202","516","532","16","0","120"
"7","TOT-both-none","instance_30_20_5_28","totalizer","both","none","OPTIMUM","31,18009","31,08777","15657","139546","2857","523","535","12","0","120"
"7","TOT-both-none","instance_30_20_5_29","totalizer","both","none","OPTIMUM","9,862144","9,76949","15547","142290","2903","560","562","2","0","120"
"7","TOT-both-none","instance_30_20_5_3","totalizer","both","none","OPTIMUM","9,252965","9,15451","16645","161068","3048","566","566","0","0","120"
"7","TOT-both-none","instance_30_20_5_30","totalizer","both","none","OPTIMUM","35,47289","35,35936","18544","198370","3308","566","571","5","0","120"
"7","TOT-both-none","instance_30_20_5_31","totalizer","both","none","OPTIMUM","38,82473","38,7074","18616","219163","3115","582","582","0","0","120"
"7","TOT-both-none","instance_30_20_5_32","totalizer","both","none","OPTIMUM","29,44075","29,32782","18901","204473","3318","556","567","11","0","120"
"7","TOT-both-none","instance_30_20_5_33","totalizer","both","none","OPTIMUM","38,02206","37,91935","16564","166546","2869","517","526","9","0","120"
"7","TOT-both-none","instance_30_20_5_34","totalizer","both","none","OPTIMUM","21,28027","21,16139","18688","215598","3332","568","571","3","0","120"
"7","TOT-both-none","instance_30_20_5_35","totalizer","both","none","OPTIMUM","29,4856","29,37465","18063","199709","3039","557","563","6","0","120"
"7","TOT-both-none","instance_30_20_5_36","totalizer","both","none","OPTIMUM","24,88493","24,78518","16862","159365","2995","550","556","6","0","120"
"7","TOT-both-none","instance_30_20_5_37","totalizer","both","none","OPTIMUM","26,45037","26,34772","17033","172148","3053","547","554","7","0","120"
"7","TOT-both-none","instance_30_20_5_38","totalizer","both","none","OPTIMUM","31,87669","31,75831","19280","222014","3211","563","570","7","0","120"
"7","TOT-both-none","instance_30_20_5_39","totalizer","both","none","OPTIMUM","21,77316","21,68415","15651","137359","3057","545","547","2","0","120"
"7","TOT-both-none","instance_30_20_5_4","totalizer","both","none","OPTIMUM","51,19039","51,05825","20675","250008","3468","572","577","5","0","120"
"7","TOT-both-none","instance_30_20_5_40","totalizer","both","none","OPTIMUM","30,32517","30,20169","20011","226548","3586","574","577","3","0","120"
"7","TOT-both-none","instance_30_20_5_41","totalizer","both","none","OPTIMUM","44,81054","44,68767","19654","228804","3299","567","572","5","0","120"
"7","TOT-both-none","instance_30_20_5_42","totalizer","both","none","OPTIMUM","37,08942","36,96291","20320","241996","3338","590","590","0","0","120"
"7","TOT-both-none","instance_30_20_5_43","totalizer","both","none","OPTIMUM","16,24839","16,15652","15158","141220","2844","558","569","11","0","120"
"7","TOT-both-none","instance_30_20_5_44","totalizer","both","none","OPTIMUM","29,52829","29,41913","17811","193367","3134","573","576","3","0","120"
"7","TOT-both-none","instance_30_20_5_45","totalizer","both","none","OPTIMUM","35,37325","35,28161","15491","143756","2798","559","564","5","0","120"
"7","TOT-both-none","instance_30_20_5_46","totalizer","both","none","OPTIMUM","26,67018","26,56487","17339","178309","3011","558","567","9","0","120"
"7","TOT-both-none","instance_30_20_5_47","totalizer","both","none","OPTIMUM","18,76367","18,65416","17824","193516","3191","570","573","3","0","120"
"7","TOT-both-none","instance_30_20_5_48","totalizer","both","none","OPTIMUM","15,62837","15,51541","18399","203453","3254","576","577","1","0","120"
"7","TOT-both-none","instance_30_20_5_49","totalizer","both","none","OPTIMUM","29,74466","29,63233","17722","199313","3099","542","548","6","0","120"
"7","TOT-both-none","instance_30_20_5_5","totalizer","both","none","OPTIMUM","42,83803","42,73214","16829","170774","2939","534","545","11","0","120"
"7","TOT-both-none","instance_30_20_5_50","totalizer","both","none","UNSATISFIABLE","0,168191","0","0","0","0","","","","","120"
"7","TOT-both-none","instance_30_20_5_6","totalizer","both","none","OPTIMUM","15,12508","15,00231","19851","239561","3318","575","576","1","0","120"
"7","TOT-both-none","instance_30_20_5_7","totalizer","both","none","OPTIMUM","26,82245","26,71333","18143","193820","3135","558","564","6","0","120"
"7","TOT-both-none","instance_30_20_5_8","totalizer","both","none","OPTIMUM","25,4692","25,35792","18561","198025","3305","563","568","5","0","120"
"7","TOT-both-none","instance_30_20_5_9","totalizer","both","none","OPTIMUM","22,6806","22,57539","17300","183020","3043","537","546","9","0","120"
"7","TOT-both-none","instance_30_25_4_1","totalizer","both","none","OPTIMUM","35,68288","35,58977","15112","149123","2997","454","458","4","0","120"
"7","TOT-both-none","instance_30_25_4_10","totalizer","both","none","OPTIMUM","19,01175","18,91081","14982","138721","3332","453","456","3","0","120"
"7","TOT-both-none","instance_30_25_4_11","totalizer","both","none","OPTIMUM","19,12013","19,01232","16939","195925","3201","457","458","1","0","120"
"7","TOT-both-none","instance_30_25_4_12","totalizer","both","none","OPTIMUM","46,16908","46,0715","15931","162515","3338","437","437","0","0","120"
"7","TOT-both-none","instance_30_25_4_13","totalizer","both","none","OPTIMUM","21,36677","21,25972","17069","181085","3437","462","466","4","0","120"
"7","TOT-both-none","instance_30_25_4_14","totalizer","both","none","OPTIMUM","34,61487","34,52548","15296","138547","3384","447","451","4","0","120"
"7","TOT-both-none","instance_30_25_4_15","totalizer","both","none","OPTIMUM","14,68284","14,59184","14588","136104","3065","446","451","5","0","120"
"7","TOT-both-none","instance_30_25_4_16","totalizer","both","none","OPTIMUM","12,92217","12,82218","15916","170088","3155","449","449","0","0","120"
"7","TOT-both-none","instance_30_25_4_17","totalizer","both","none","OPTIMUM","13,86237","13,75489","17295","189050","3514","444","448","4","0","120"
"7","TOT-both-none","instance_30_25_4_18","totalizer","both","none","OPTIMUM","28,41686","28,31553","16685","166188","3387","456","460","4","0","120"
"7","TOT-both-none","instance_30_25_4_19","totalizer","both","none","OPTIMUM","34,97819","34,87962","16028","160562","3505","436","441","5","0","120"
"7","TOT-both-none","instance_30_25_4_2","totalizer","both","none","OPTIMUM","19,93697","19,83395","16003","168833","3289","471","471","0","0","120"
"7","TOT-both-none","instance_30_25_4_20","totalizer","both","none","OPTIMUM","23,02061","22,91682","15938","163756","3244","462","469","7","0","120"
"7","TOT-both-none","instance_30_25_4_21","totalizer","both","none","OPTIMUM","25,10203","25,02677","14638","130338","3100","457","462","5","0","120"
"7","TOT-both-none","instance_30_25_4_22","totalizer","both","none","OPTIMUM","29,07276","28,96329","17585","191432","3440","466","469","3","0","120"
"7","TOT-both-none","instance_30_25_4_23","totalizer","both","none","OPTIMUM","15,11863","15,01562","16528","171834","3467","465","469","4","0","120"
"7","TOT-both-none","instance_30_25_4_24","totalizer","both","none","OPTIMUM","27,90371","27,79852","16654","179725","3224","460","462","2","0","120"
"7","TOT-both-none","instance_30_25_4_25","totalizer","both","none","OPTIMUM","35,61685","35,45629","20345","266238","3750","459","460","1","0","120"
"7","TOT-both-none","instance_30_25_4_26","totalizer","both","none","OPTIMUM","15,85187","15,76174","15244","138601","3126","461","464","3","0","120"
"7","TOT-both-none","instance_30_25_4_27","totalizer","both","none","OPTIMUM","39,79308","39,67012","18413","234475","3317","467","470","3","0","120"
"7","TOT-both-none","instance_30_25_4_28","totalizer","both","none","OPTIMUM","23,40115","23,33269","12963","111870","2922","411","412","1","0","120"
"7","TOT-both-none","instance_30_25_4_29","totalizer","both","none","OPTIMUM","32,46458","32,34806","18712","211641","3611","461","466","5","0","120"
"7","TOT-both-none","instance_30_25_4_3","totalizer","both","none","OPTIMUM","23,77773","23,67732","16373","157123","3320","427","438","11","0","120"
"7","TOT-both-none","instance_30_25_4_30","totalizer","both","none","OPTIMUM","28,38873","28,28554","16688","171068","3370","453","459","6","0","120"
"7","TOT-both-none","instance_30_25_4_31","totalizer","both","none","OPTIMUM","19,19221","19,0875","16983","172111","3354","437","440","3","0","120"
"7","TOT-both-none","instance_30_25_4_32","totalizer","both","none","OPTIMUM","22,07202","21,97443","15566","136713","3418","450","453","3","0","120"
"7","TOT-both-none","instance_30_25_4_33","totalizer","both","none","OPTIMUM","7,259747","7,142048","17696","196122","3348","470","470","0","0","120"
"7","TOT-both-none","instance_30_25_4_34","totalizer","both","none","OPTIMUM","20,81529","20,70048","18303","209414","3619","458","460","2","0","120"
"7","TOT-both-none","instance_30_25_4_35","totalizer","both","none","OPTIMUM","16,30156","16,21254","14724","134884","3092","447","451","4","0","120"
"7","TOT-both-none","instance_30_25_4_36","totalizer","both","none","OPTIMUM","22,57292","22,47216","15991","162121","3209","457","458","1","0","120"
"7","TOT-both-none","instance_30_25_4_37","totalizer","both","none","OPTIMUM","19,03063","18,92669","16821","175366","3378","440","444","4","0","120"
"7","TOT-both-none","instance_30_25_4_38","totalizer","both","none","OPTIMUM","24,37236","24,25954","17594","193368","3532","454","458","4","0","120"
"7","TOT-both-none","instance_30_25_4_39","totalizer","both","none","OPTIMUM","19,1998","19,10159","15679","164019","3240","428","433","5","0","120"
"7","TOT-both-none","instance_30_25_4_4","totalizer","both","none","OPTIMUM","15,4054","15,32836","14460","124467","3164","452","456","4","0","120"
"7","TOT-both-none","instance_30_25_4_40","totalizer","both","none","OPTIMUM","13,03317","12,92722","17181","166126","3492","450","454","4","0","120"
"7","TOT-both-none","instance_30_25_4_41","totalizer","both","none","OPTIMUM","17,78306","17,68298","15774","156864","3336","448","455","7","0","120"
"7","TOT-both-none","instance_30_25_4_42","totalizer","both","none","OPTIMUM","36,4409","36,31215","19500","241384","3706","475","476","1","0","120"
"7","TOT-both-none","instance_30_25_4_43","totalizer","both","none","OPTIMUM","19,05503","18,95355","16499","173572","3385","466","469","3","0","120"
"7","TOT-both-none","instance_30_25_4_44","totalizer","both","none","OPTIMUM","17,18039","17,08255","15661","155702","3239","431","435","4","0","120"
"7","TOT-both-none","instance_30_25_4_45","totalizer","both","none","OPTIMUM","22,52965","22,43663","15511","140523","3342","448","452","4","0","120"
"7","TOT-both-none","instance_30_25_4_46","totalizer","both","none","OPTIMUM","31,19832","31,06459","20133","260199","3715","470","473","3","0","120"
"7","TOT-both-none","instance_30_25_4_47","totalizer","both","none","OPTIMUM","19,4306","19,32963","16070","161094","3208","474","474","0","0","120"
"7","TOT-both-none","instance_30_25_4_48","totalizer","both","none","OPTIMUM","44,54378","44,43568","16568","189946","3270","465","465","0","0","120"
"7","TOT-both-none","instance_30_25_4_49","totalizer","both","none","OPTIMUM","10,26831","10,19287","14464","128147","3097","456","462","6","0","120"
"7","TOT-both-none","instance_30_25_4_5","totalizer","both","none","OPTIMUM","14,56328","14,4546","17223","180049","3517","463","464","1","0","120"
"7","TOT-both-none","instance_30_25_4_50","totalizer","both","none","OPTIMUM","22,26561","22,1466","17925","219552","3350","471","473","2","0","120"
"7","TOT-both-none","instance_30_25_4_6","totalizer","both","none","OPTIMUM","11,08722","10,99116","15383","151059","3036","461","467","6","0","120"
"7","TOT-both-none","instance_30_25_4_7","totalizer","both","none","OPTIMUM","21,87056","21,75762","17677","200323","3383","473","475","2","0","120"
"7","TOT-both-none","instance_30_25_4_8","totalizer","both","none","OPTIMUM","21,74237","21,63398","17704","184029","3653","475","475","0","0","120"
"7","TOT-both-none","instance_30_25_4_9","totalizer","both","none","OPTIMUM","17,45367","17,35123","16344","170290","3348","463","465","2","0","120"
"7","TOT-both-none","instance_30_25_5_1","totalizer","both","none","OPTIMUM","25,12652","25,00003","20656","219433","3860","578","583","5","0","120"
"7","TOT-both-none","instance_30_25_5_10","totalizer","both","none","OPTIMUM","35,79721","35,68523","18482","182806","3652","554","564","10","0","120"
"7","TOT-both-none","instance_30_25_5_11","totalizer","both","none","OPTIMUM","18,05703","17,92861","19856","224082","3659","569","571","2","0","120"
"7","TOT-both-none","instance_30_25_5_12","totalizer","both","none","OPTIMUM","24,70483","24,58463","19838","209152","3997","580","581","1","0","120"
"7","TOT-both-none","instance_30_25_5_13","totalizer","both","none","OPTIMUM","38,75549","38,61812","20979","253196","3734","588","590","2","0","120"
"7","TOT-both-none","instance_30_25_5_14","totalizer","both","none","OPTIMUM","21,37476","21,236","21294","246388","3837","571","580","9","0","120"
"7","TOT-both-none","instance_30_25_5_15","totalizer","both","none","OPTIMUM","26,12037","25,99286","20838","227489","3927","554","561","7","0","120"
"7","TOT-both-none","instance_30_25_5_16","totalizer","both","none","OPTIMUM","26,35327","26,18072","22646","277696","4022","579","583","4","0","120"
"7","TOT-both-none","instance_30_25_5_17","totalizer","both","none","UNSATISFIABLE","0,857868","0","0","0","0","","","","","120"
"7","TOT-both-none","instance_30_25_5_18","totalizer","both","none","OPTIMUM","46,75426","46,56786","22865","288250","4214","565","570","5","0","120"
"7","TOT-both-none","instance_30_25_5_19","totalizer","both","none","OPTIMUM","27,04372","26,90811","21046","241602","4001","556","564","8","0","120"
"7","TOT-both-none","instance_30_25_5_2","totalizer","both","none","OPTIMUM","41,9493","41,82493","19232","211938","3693","550","555","5","0","120"
"7","TOT-both-none","instance_30_25_5_20","totalizer","both","none","OPTIMUM","43,85467","43,7198","21068","238758","3881","577","579","2","0","120"
"7","TOT-both-none","instance_30_25_5_21","totalizer","both","none","OPTIMUM","50,90898","50,77668","20875","238474","3786","571","579","8","0","120"
"7","TOT-both-none","instance_30_25_5_22","totalizer","both","none","OPTIMUM","115,7891","115,6584","19312","215555","3498","574","581","7","0","120"
"7","TOT-both-none","instance_30_25_5_23","totalizer","both","none","OPTIMUM","29,52181","29,39265","19975","224839","3665","572","573","1","0","120"
"7","TOT-both-none","instance_30_25_5_24","totalizer","both","none","OPTIMUM","44,37282","44,2026","22151","266877","4173","581","585","4","0","120"
"7","TOT-both-none","instance_30_25_5_25","totalizer","both","none","OPTIMUM","44,85879","44,67077","23645","296392","4043","575","583","8","0","120"
"7","TOT-both-none","instance_30_25_5_26","totalizer","both","none","OPTIMUM","19,27945","19,1552","19633","206279","3787","570","575","5","0","120"
"7","TOT-both-none","instance_30_25_5_27","totalizer","both","none","OPTIMUM","34,47941","34,34648","20859","245354","3924","583","587","4","0","120"
"7","TOT-both-none","instance_30_25_5_28","totalizer","both","none","OPTIMUM","39,52345","39,34279","23038","300277","4075","584","587","3","0","120"
"7","TOT-both-none","instance_30_25_5_29","totalizer","both","none","OPTIMUM","44,52623","44,35812","21755","267309","4011","565","568","3","0","120"
"7","TOT-both-none","instance_30_25_5_3","totalizer","both","none","OPTIMUM","31,92024","31,80093","19662","197710","3857","566","572","6","0","120"
"7","TOT-both-none","instance_30_25_5_30","totalizer","both","none","OPTIMUM","22,85024","22,71837","20778","241166","3812","558","569","11","0","120"
"7","TOT-both-none","instance_30_25_5_31","totalizer","both","none","OPTIMUM","26,43807","26,32035","18952","194135","3640","555","556","1","0","120"
"7","TOT-both-none","instance_30_25_5_32","totalizer","both","none","OPTIMUM","35,12805","34,95629","21751","270589","4032","573","573","0","0","120"
"7","TOT-both-none","instance_30_25_5_33","totalizer","both","none","OPTIMUM","21,32371","21,20467","19099","196626","3813","559","560","1","0","120"
"7","TOT-both-none","instance_30_25_5_34","totalizer","both","none","OPTIMUM","29,16119","29,02167","21064","257666","3859","577","580","3","0","120"
"7","TOT-both-none","instance_30_25_5_35","totalizer","both","none","OPTIMUM","21,79752","21,66947","19417","204915","3688","563","573","10","0","120"
"7","TOT-both-none","instance_30_25_5_36","totalizer","both","none","OPTIMUM","29,67073","29,53897","21254","232991","3988","570","573","3","0","120"
"7","TOT-both-none","instance_30_25_5_37","totalizer","both","none","OPTIMUM","23,16209","23,03679","20615","223378","3867","541","544","3","0","120"
"7","TOT-both-none","instance_30_25_5_38","totalizer","both","none","OPTIMUM","30,53244","30,40837","19266","202681","3633","566","571","5","0","120"
"7","TOT-both-none","instance_30_25_5_39","totalizer","both","none","OPTIMUM","46,01055","45,83772","22119","278922","3956","585","587","2","0","120"
"7","TOT-both-none","instance_30_25_5_4","totalizer","both","none","OPTIMUM","39,65726","39,52772","21184","229090","4041","583","585","2","0","120"
"7","TOT-both-none","instance_30_25_5_40","totalizer","both","none","OPTIMUM","21,54878","21,42545","19873","210803","3868","585","585","0","0","120"
"7","TOT-both-none","instance_30_25_5_41","totalizer","both","none","OPTIMUM","24,52553","24,39182","20510","224028","3945","584","585","1","0","120"
"7","TOT-both-none","instance_30_25_5_42","totalizer","both","none","OPTIMUM","29,54966","29,41402","20518","247199","3791","588","588","0","0","120"
"7","TOT-both-none","instance_30_25_5_43","totalizer","both","none","OPTIMUM","21,89361","21,76965","19932","213058","3849","530","539","9","0","120"
"7","TOT-both-none","instance_30_25_5_44","totalizer","both","none","OPTIMUM","31,18164","31,06503","18498","187115","3583","525","538","13","0","120"
"7","TOT-both-none","instance_30_25_5_45","totalizer","both","none","OPTIMUM","34,87985","34,74618","20340","225574","3828","572","574","2","0","120"
"7","TOT-both-none","instance_30_25_5_46","totalizer","both","none","OPTIMUM","50,84923","50,67506","22865","272215","4115","570","574","4","0","120"
"7","TOT-both-none","instance_30_25_5_47","totalizer","both","none","OPTIMUM","16,49461","16,36614","20466","218905","3983","575","578","3","0","120"
"7","TOT-both-none","instance_30_25_5_48","totalizer","both","none","OPTIMUM","30,41736","30,30216","18976","184670","3671","565","567","2","0","120"
"7","TOT-both-none","instance_30_25_5_49","totalizer","both","none","OPTIMUM","48,92821","48,7586","21785","269960","3934","578","580","2","0","120"
"7","TOT-both-none","instance_30_25_5_5","totalizer","both","none","OPTIMUM","21,4149","21,27653","21719","251019","3929","574","578","4","0","120"
"7","TOT-both-none","instance_30_25_5_50","totalizer","both","none","OPTIMUM","36,01734","35,88989","20455","225511","3799","573","574","1","0","120"
"7","TOT-both-none","instance_30_25_5_6","totalizer","both","none","OPTIMUM","21,05386","20,88457","22229","276129","4254","588","590","2","0","120"
"7","TOT-both-none","instance_30_25_5_7","totalizer","both","none","OPTIMUM","39,31997","39,14947","21555","262862","3818","573","581","8","0","120"
"7","TOT-both-none","instance_30_25_5_8","totalizer","both","none","OPTIMUM","27,5441","27,35729","24696","317814","4428","585","587","2","0","120"
"7","TOT-both-none","instance_30_25_5_9","totalizer","both","none","OPTIMUM","25,37358","25,2541","19385","202853","3815","590","592","2","0","120"
"7","TOT-both-none","instance_40_10_4_1","totalizer","both","none","OPTIMUM","32,03964","31,94736","14119","137784","2006","563","567","4","0","120"
"7","TOT-both-none","instance_40_10_4_10","totalizer","both","none","UNSATISFIABLE","0,090145","0","0","0","0","","","","","120"
"7","TOT-both-none","instance_40_10_4_11","totalizer","both","none","TIMEOUT","300,1142","0","0","0","0","","","","","120"
"7","TOT-both-none","instance_40_10_4_12","totalizer","both","none","UNSATISFIABLE","0,059147","0","0","0","0","","","","","120"
"7","TOT-both-none","instance_40_10_4_13","totalizer","both","none","UNSATISFIABLE","0,09293","0","0","0","0","","","","","120"
"7","TOT-both-none","instance_40_10_4_14","totalizer","both","none","UNSATISFIABLE","0,220302","0","0","0","0","","","","","120"
"7","TOT-both-none","instance_40_10_4_15","totalizer","both","none","UNSATISFIABLE","0,140801","0","0","0","0","","","","","120"
"7","TOT-both-none","instance_40_10_4_16","totalizer","both","none","OPTIMUM","20,47741","20,40659","13441","128949","1866","569","579","10","0","120"
"7","TOT-both-none","instance_40_10_4_17","totalizer","both","none","OPTIMUM","21,14513","21,04822","14190","152266","2036","580","580","0","0","120"
"7","TOT-both-none","instance_40_10_4_18","totalizer","both","none","UNSATISFIABLE","0,083325","0","0","0","0","","","","","120"
"7","TOT-both-none","instance_40_10_4_19","totalizer","both","none","OPTIMUM","34,13957","34,04978","14434","135801","2091","548","555","7","0","120"
"7","TOT-both-none","instance_40_10_4_2","totalizer","both","none","TIMEOUT","300,1146","0","0","0","0","","","","","120"
"7","TOT-both-none","instance_40_10_4_20","totalizer","both","none","UNSATISFIABLE","0,095608","0","0","0","0","","","","","120"
"7","TOT-both-none","instance_40_10_4_21","totalizer","both","none","OPTIMUM","13,58039","13,50803","13520","124531","1901","557","561","4","0","120"
"7","TOT-both-none","instance_40_10_4_22","totalizer","both","none","OPTIMUM","27,95957","27,89791","11997","96209","1809","553","556","3","0","120"
"7","TOT-both-none","instance_40_10_4_23","totalizer","both","none","UNSATISFIABLE","0,136538","0","0","0","0","","","","","120"
"7","TOT-both-none","instance_40_10_4_24","totalizer","both","none","OPTIMUM","27,40877","27,3046","15848","179193","2072","580","588","8","0","120"
"7","TOT-both-none","instance_40_10_4_25","totalizer","both","none","UNSATISFIABLE","0,105778","0","0","0","0","","","","","120"
"7","TOT-both-none","instance_40_10_4_26","totalizer","both","none","UNSATISFIABLE","0,083677","0","0","0","0","","","","","120"
"7","TOT-both-none","instance_40_10_4_27","totalizer","both","none","UNSATISFIABLE","0,085862","0","0","0","0","","","","","120"
"7","TOT-both-none","instance_40_10_4_28","totalizer","both","none","TIMEOUT","300,1126","0","0","0","0","","","","","120"
"7","TOT-both-none","instance_40_10_4_29","totalizer","both","none","TIMEOUT","300,1197","0","0","0","0","","","","","120"
"7","TOT-both-none","instance_40_10_4_3","totalizer","both","none","OPTIMUM","26,82684","26,75585","13064","117597","1871","486","495","9","0","120"
"7","TOT-both-none","instance_40_10_4_30","totalizer","both","none","OPTIMUM","25,06743","24,97367","14149","142342","2025","498","501","3","0","120"
"7","TOT-both-none","instance_40_10_4_31","totalizer","both","none","TIMEOUT","300,1137","0","0","0","0","","","","","120"
"7","TOT-both-none","instance_40_10_4_32","totalizer","both","none","OPTIMUM","181,9729","181,9021","13202","122432","1845","533","540","4","3","120"
"7","TOT-both-none","instance_40_10_4_33","totalizer","both","none","UNSATISFIABLE","0,091541","0","0","0","0","","","","","120"
"7","TOT-both-none","instance_40_10_4_34","totalizer","both","none","UNSATISFIABLE","0,08564","0","0","0","0","","","","","120"
"7","TOT-both-none","instance_40_10_4_35","totalizer","both","none","UNSATISFIABLE","0,162004","0","0","0","0","","","","","120"
"7","TOT-both-none","instance_40_10_4_36","totalizer","both","none","OPTIMUM","48,20137","48,10388","15152","157291","2152","556","562","6","0","120"
"7","TOT-both-none","instance_40_10_4_37","totalizer","both","none","UNSATISFIABLE","0,127149","0","0","0","0","","","","","120"
"7","TOT-both-none","instance_40_10_4_38","totalizer","both","none","OPTIMUM","30,29652","30,20329","14164","144072","1919","547","556","9","0","120"
"7","TOT-both-none","instance_40_10_4_39","totalizer","both","none","UNSATISFIABLE","0,086787","0","0","0","0","","","","","120"
"7","TOT-both-none","instance_40_10_4_4","totalizer","both","none","UNSATISFIABLE","0,193175","0","0","0","0","","","","","120"
"7","TOT-both-none","instance_40_10_4_40","totalizer","both","none","OPTIMUM","32,09483","32,04446","10838","74717","1780","544","550","4","2","120"
"7","TOT-both-none","instance_40_10_4_41","totalizer","both","none","UNSATISFIABLE","0,08318","0","0","0","0","","","","","120"
"7","TOT-both-none","instance_40_10_4_42","totalizer","both","none","UNSATISFIABLE","0,091481","0","0","0","0","","","","","120"
"7","TOT-both-none","instance_40_10_4_43","totalizer","both","none","UNSATISFIABLE","0,097826","0","0","0","0","","","","","120"
"7","TOT-both-none","instance_40_10_4_44","totalizer","both","none","UNSATISFIABLE","0,104783","0","0","0","0","","","","","120"
"7","TOT-both-none","instance_40_10_4_45","totalizer","both","none","UNSATISFIABLE","0,093534","0","0","0","0","","","","","120"
"7","TOT-both-none","instance_40_10_4_46","totalizer","both","none","OPTIMUM","47,32548","47,25427","13180","124754","2003","557","561","4","0","120"
"7","TOT-both-none","instance_40_10_4_47","totalizer","both","none","UNSATISFIABLE","0,096593","0","0","0","0","","","","","120"
"7","TOT-both-none","instance_40_10_4_48","totalizer","both","none","OPTIMUM","27,30991","27,23774","13077","124109","1900","571","574","3","0","120"
"7","TOT-both-none","instance_40_10_4_49","totalizer","both","none","UNSATISFIABLE","0,085262","0","0","0","0","","","","","120"
"7","TOT-both-none","instance_40_10_4_5","totalizer","both","none","UNSATISFIABLE","0,12714","0","0","0","0","","","","","120"
"7","TOT-both-none","instance_40_10_4_50","totalizer","both","none","UNSATISFIABLE","0,151348","0","0","0","0","","","","","120"
"7","TOT-both-none","instance_40_10_4_6","totalizer","both","none","OPTIMUM","24,3303","24,2643","12879","111762","1889","554","563","9","0","120"
"7","TOT-both-none","instance_40_10_4_7","totalizer","both","none","UNSATISFIABLE","0,107247","0","0","0","0","","","","","120"
"7","TOT-both-none","instance_40_10_4_8","totalizer","both","none","UNSATISFIABLE","0,082817","0","0","0","0","","","","","120"
"7","TOT-both-none","instance_40_10_4_9","totalizer","both","none","UNSATISFIABLE","0,086856","0","0","0","0","","","","","120"
"7","TOT-both-none","instance_40_10_5_1","totalizer","both","none","UNSATISFIABLE","0,20218","0","0","0","0","","","","","120"
"7","TOT-both-none","instance_40_10_5_10","totalizer","both","none","UNSATISFIABLE","0,119547","0","0","0","0","","","","","120"
"7","TOT-both-none","instance_40_10_5_11","totalizer","both","none","OPTIMUM","168,5026","168,4171","16088","156324","2114","609","621","12","0","120"
"7","TOT-both-none","instance_40_10_5_12","totalizer","both","none","TIMEOUT","300,1169","0","0","0","0","","","","","120"
"7","TOT-both-none","instance_40_10_5_13","totalizer","both","none","UNSATISFIABLE","0,132899","0","0","0","0","","","","","120"
"7","TOT-both-none","instance_40_10_5_14","totalizer","both","none","OPTIMUM","47,39231","47,30559","17110","176242","2276","663","671","8","0","120"
"7","TOT-both-none","instance_40_10_5_15","totalizer","both","none","UNSATISFIABLE","0,122606","0","0","0","0","","","","","120"
"7","TOT-both-none","instance_40_10_5_16","totalizer","both","none","UNSATISFIABLE","0,197882","0","0","0","0","","","","","120"
"7","TOT-both-none","instance_40_10_5_17","totalizer","both","none","OPTIMUM","35,2088","35,12135","16737","169573","2324","706","710","4","0","120"
"7","TOT-both-none","instance_40_10_5_18","totalizer","both","none","UNSATISFIABLE","0,125926","0","0","0","0","","","","","120"
"7","TOT-both-none","instance_40_10_5_19","totalizer","both","none","OPTIMUM","283,9383","283,8417","17728","195714","2207","675","682","7","0","120"
"7","TOT-both-none","instance_40_10_5_2","totalizer","both","none","OPTIMUM","84,20444","84,11333","17451","185219","2180","704","719","15","0","120"
"7","TOT-both-none","instance_40_10_5_20","totalizer","both","none","UNSATISFIABLE","0,082754","0","0","0","0","","","","","120"
"7","TOT-both-none","instance_40_10_5_21","totalizer","both","none","UNSATISFIABLE","0,103075","0","0","0","0","","","","","120"
"7","TOT-both-none","instance_40_10_5_22","totalizer","both","none","TIMEOUT","300,1189","0","0","0","0","","","","","120"
"7","TOT-both-none","instance_40_10_5_23","totalizer","both","none","UNSATISFIABLE","0,114754","0","0","0","0","","","","","120"
"7","TOT-both-none","instance_40_10_5_24","totalizer","both","none","UNSATISFIABLE","0,179078","0","0","0","0","","","","","120"
"7","TOT-both-none","instance_40_10_5_25","totalizer","both","none","UNSATISFIABLE","0,080933","0","0","0","0","","","","","120"
"7","TOT-both-none","instance_40_10_5_26","totalizer","both","none","UNSATISFIABLE","0,245696","0","0","0","0","","","","","120"
"7","TOT-both-none","instance_40_10_5_27","totalizer","both","none","UNSATISFIABLE","0,14586","0","0","0","0","","","","","120"
"7","TOT-both-none","instance_40_10_5_28","totalizer","both","none","TIMEOUT","300,1227","0","0","0","0","","","","","120"
"7","TOT-both-none","instance_40_10_5_29","totalizer","both","none","OPTIMUM","28,49613","28,40648","17510","179901","2387","698","701","3","0","120"
"7","TOT-both-none","instance_40_10_5_3","totalizer","both","none","UNSATISFIABLE","0,222262","0","0","0","0","","","","","120"
"7","TOT-both-none","instance_40_10_5_30","totalizer","both","none","UNSATISFIABLE","0,081124","0","0","0","0","","","","","120"
"7","TOT-both-none","instance_40_10_5_31","totalizer","both","none","UNSATISFIABLE","0,115193","0","0","0","0","","","","","120"
"7","TOT-both-none","instance_40_10_5_32","totalizer","both","none","OPTIMUM","38,65275","38,56496","17254","171483","2311","699","700","1","0","120"
"7","TOT-both-none","instance_40_10_5_33","totalizer","both","none","UNSATISFIABLE","0,118277","0","0","0","0","","","","","120"
"7","TOT-both-none","instance_40_10_5_34","totalizer","both","none","UNSATISFIABLE","1,417893","0","0","0","0","","","","","120"
"7","TOT-both-none","instance_40_10_5_35","totalizer","both","none","UNSATISFIABLE","0,086711","0","0","0","0","","","","","120"
"7","TOT-both-none","instance_40_10_5_36","totalizer","both","none","UNSATISFIABLE","0,230312","0","0","0","0","","","","","120"
"7","TOT-both-none","instance_40_10_5_37","totalizer","both","none","UNSATISFIABLE","0,088248","0","0","0","0","","","","","120"
"7","TOT-both-none","instance_40_10_5_38","totalizer","both","none","UNSATISFIABLE","0,084693","0","0","0","0","","","","","120"
"7","TOT-both-none","instance_40_10_5_39","totalizer","both","none","OPTIMUM","88,02313","87,94499","16026","156342","2189","691","697","6","0","120"
"7","TOT-both-none","instance_40_10_5_4","totalizer","both","none","UNSATISFIABLE","0,090958","0","0","0","0","","","","","120"
"7","TOT-both-none","instance_40_10_5_40","totalizer","both","none","UNSATISFIABLE","0,108825","0","0","0","0","","","","","120"
"7","TOT-both-none","instance_40_10_5_41","totalizer","both","none","UNSATISFIABLE","0,662445","0","0","0","0","","","","","120"
"7","TOT-both-none","instance_40_10_5_42","totalizer","both","none","UNSATISFIABLE","0,080738","0","0","0","0","","","","","120"
"7","TOT-both-none","instance_40_10_5_43","totalizer","both","none","UNSATISFIABLE","0,087006","0","0","0","0","","","","","120"
"7","TOT-both-none","instance_40_10_5_44","totalizer","both","none","OPTIMUM","46,77539","46,69877","15740","148884","2059","634","649","15","0","120"
"7","TOT-both-none","instance_40_10_5_45","totalizer","both","none","TIMEOUT","300,1166","0","0","0","0","","","","","120"
"7","TOT-both-none","instance_40_10_5_46","totalizer","both","none","UNSATISFIABLE","0,115306","0","0","0","0","","","","","120"
"7","TOT-both-none","instance_40_10_5_47","totalizer","both","none","UNSATISFIABLE","0,107624","0","0","0","0","","","","","120"
"7","TOT-both-none","instance_40_10_5_48","totalizer","both","none","UNSATISFIABLE","0,155044","0","0","0","0","","","","","120"
"7","TOT-both-none","instance_40_10_5_49","totalizer","both","none","TIMEOUT","300,1192","0","0","0","0","","","","","120"
"7","TOT-both-none","instance_40_10_5_5","totalizer","both","none","TIMEOUT","300,1138","0","0","0","0","","","","","120"
"7","TOT-both-none","instance_40_10_5_50","totalizer","both","none","UNSATISFIABLE","0,105977","0","0","0","0","","","","","120"
"7","TOT-both-none","instance_40_10_5_6","totalizer","both","none","TIMEOUT","300,1278","0","0","0","0","","","","","120"
"7","TOT-both-none","instance_40_10_5_7","totalizer","both","none","OPTIMUM","49,01887","48,92429","17471","187846","2328","695","699","4","0","120"
"7","TOT-both-none","instance_40_10_5_8","totalizer","both","none","UNSATISFIABLE","0,107661","0","0","0","0","","","","","120"
"7","TOT-both-none","instance_40_10_5_9","totalizer","both","none","UNSATISFIABLE","0,13631","0","0","0","0","","","","","120"
"7","TOT-both-none","instance_40_15_4_1","totalizer","both","none","OPTIMUM","21,32603","21,22615","15894","159864","2764","591","593","2","0","120"
"7","TOT-both-none","instance_40_15_4_10","totalizer","both","none","OPTIMUM","38,29858","38,22803","13795","113895","2323","522","523","1","0","120"
"7","TOT-both-none","instance_40_15_4_11","totalizer","both","none","TIMEOUT","300,1156","0","0","0","0","","","","","120"
"7","TOT-both-none","instance_40_15_4_12","totalizer","both","none","UNSATISFIABLE","0,273805","0","0","0","0","","","","","120"
"7","TOT-both-none","instance_40_15_4_13","totalizer","both","none","UNSATISFIABLE","0,12298","0","0","0","0","","","","","120"
"7","TOT-both-none","instance_40_15_4_14","totalizer","both","none","OPTIMUM","32,52881","32,42581","16167","159621","2599","566","576","10","0","120"
"7","TOT-both-none","instance_40_15_4_15","totalizer","both","none","UNSATISFIABLE","0,122534","0","0","0","0","","","","","120"
"7","TOT-both-none","instance_40_15_4_16","totalizer","both","none","UNSATISFIABLE","0,235525","0","0","0","0","","","","","120"
"7","TOT-both-none","instance_40_15_4_17","totalizer","both","none","OPTIMUM","39,11976","39,01647","16445","171067","2860","519","526","7","0","120"
"7","TOT-both-none","instance_40_15_4_18","totalizer","both","none","OPTIMUM","25,16596","25,05737","16873","176443","2777","595","600","5","0","120"
"7","TOT-both-none","instance_40_15_4_19","totalizer","both","none","OPTIMUM","24,81275","24,70729","16533","162301","2816","585","590","5","0","120"
"7","TOT-both-none","instance_40_15_4_2","totalizer","both","none","TIMEOUT","300,1235","0","0","0","0","","","","","120"
"7","TOT-both-none","instance_40_15_4_20","totalizer","both","none","OPTIMUM","27,90187","27,79412","16379","166119","2667","580","580","0","0","120"
"7","TOT-both-none","instance_40_15_4_21","totalizer","both","none","OPTIMUM","31,93619","31,84116","15217","138968","2665","535","546","11","0","120"
"7","TOT-both-none","instance_40_15_4_22","totalizer","both","none","OPTIMUM","49,6808","49,5574","18337","217272","2874","590","593","3","0","120"
"7","TOT-both-none","instance_40_15_4_23","totalizer","both","none","OPTIMUM","45,49095","45,39578","14928","136714","2600","553","559","6","0","120"
"7","TOT-both-none","instance_40_15_4_24","totalizer","both","none","OPTIMUM","29,02878","28,93128","15707","143337","2655","580","587","7","0","120"
"7","TOT-both-none","instance_40_15_4_25","totalizer","both","none","OPTIMUM","38,35727","38,24773","17032","182575","2815","604","605","1","0","120"
"7","TOT-both-none","instance_40_15_4_26","totalizer","both","none","OPTIMUM","8,950773","8,879177","14033","115879","2516","593","594","1","0","120"
"7","TOT-both-none","instance_40_15_4_27","totalizer","both","none","UNSATISFIABLE","0,148659","0","0","0","0","","","","","120"
"7","TOT-both-none","instance_40_15_4_28","totalizer","both","none","OPTIMUM","28,79453","28,6973","15366","143120","2524","595","597","2","0","120"
"7","TOT-both-none","instance_40_15_4_29","totalizer","both","none","UNSATISFIABLE","0,121945","0","0","0","0","","","","","120"
"7","TOT-both-none","instance_40_15_4_3","totalizer","both","none","UNSATISFIABLE","0,072779","0","0","0","0","","","","","120"
"7","TOT-both-none","instance_40_15_4_30","totalizer","both","none","OPTIMUM","42,47163","42,3699","15571","153144","2639","532","535","3","0","120"
"7","TOT-both-none","instance_40_15_4_31","totalizer","both","none","OPTIMUM","20,6247","20,52049","16484","161308","2862","564","571","7","0","120"
"7","TOT-both-none","instance_40_15_4_32","totalizer","both","none","OPTIMUM","34,85243","34,74355","15899","164477","2788","591","592","1","0","120"
"7","TOT-both-none","instance_40_15_4_33","totalizer","both","none","UNSATISFIABLE","0,27443","0","0","0","0","","","","","120"
"7","TOT-both-none","instance_40_15_4_34","totalizer","both","none","OPTIMUM","32,94618","32,8733","14323","121453","2371","544","553","9","0","120"
"7","TOT-both-none","instance_40_15_4_35","totalizer","both","none","OPTIMUM","25,44123","25,3444","14771","132651","2601","554","564","10","0","120"
"7","TOT-both-none","instance_40_15_4_36","totalizer","both","none","OPTIMUM","31,74209","31,64341","15481","144885","2646","536","551","15","0","120"
"7","TOT-both-none","instance_40_15_4_37","totalizer","both","none","UNSATISFIABLE","0,221676","0","0","0","0","","","","","120"
"7","TOT-both-none","instance_40_15_4_38","totalizer","both","none","OPTIMUM","67,22739","67,11826","16833","172394","2833","564","567","3","0","120"
"7","TOT-both-none","instance_40_15_4_39","totalizer","both","none","OPTIMUM","25,34869","25,22338","18882","224664","2921","601","607","6","0","120"
"7","TOT-both-none","instance_40_15_4_4","totalizer","both","none","OPTIMUM","24,07718","23,97731","16338","148985","2745","538","551","13","0","120"
"7","TOT-both-none","instance_40_15_4_40","totalizer","both","none","OPTIMUM","22,64737","22,54358","16626","162816","2748","599","600","1","0","120"
"7","TOT-both-none","instance_40_15_4_41","totalizer","both","none","UNSATISFIABLE","0,156351","0","0","0","0","","","","","120"
"7","TOT-both-none","instance_40_15_4_42","totalizer","both","none","UNSATISFIABLE","0,146532","0","0","0","0","","","","","120"
"7","TOT-both-none","instance_40_15_4_43","totalizer","both","none","OPTIMUM","31,64032","31,54174","15680","152927","2609","566","572","6","0","120"
"7","TOT-both-none","instance_40_15_4_44","totalizer","both","none","OPTIMUM","40,90535","40,80246","16315","157705","2801","536","552","16","0","120"
"7","TOT-both-none","instance_40_15_4_45","totalizer","both","none","OPTIMUM","30,85732","30,75814","16006","152113","2684","584","589","5","0","120"
"7","TOT-both-none","instance_40_15_4_46","totalizer","both","none","OPTIMUM","39,18358","39,06575","17675","191017","2918","605","607","2","0","120"
"7","TOT-both-none","instance_40_15_4_47","totalizer","both","none","OPTIMUM","52,10632","52,00993","15447","143782","2667","571","578","7","0","120"
"7","TOT-both-none","instance_40_15_4_48","totalizer","both","none","OPTIMUM","26,63178","26,50851","18367","215848","2967","571","577","6","0","120"
"7","TOT-both-none","instance_40_15_4_49","totalizer","both","none","OPTIMUM","26,98272","26,86407","18319","204040","2907","582","585","3","0","120"
"7","TOT-both-none","instance_40_15_4_5","totalizer","both","none","OPTIMUM","44,62019","44,52701","14948","134777","2538","547","566","16","3","120"
"7","TOT-both-none","instance_40_15_4_50","totalizer","both","none","OPTIMUM","29,83722","29,74398","14578","135866","2535","585","591","6","0","120"
"7","TOT-both-none","instance_40_15_4_6","totalizer","both","none","OPTIMUM","27,99582","27,9261","14409","111527","2515","550","559","9","0","120"
"7","TOT-both-none","instance_40_15_4_7","totalizer","both","none","OPTIMUM","46,42824","46,31694","17068","179087","2902","572","583","11","0","120"
"7","TOT-both-none","instance_40_15_4_8","totalizer","both","none","OPTIMUM","30,62251","30,55219","13972","112200","2422","496","508","12","0","120"
"7","TOT-both-none","instance_40_15_4_9","totalizer","both","none","OPTIMUM","76,75968","76,65343","17056","178858","2683","590","592","2","0","120"
"7","TOT-both-none","instance_40_15_5_1","totalizer","both","none","OPTIMUM","140,763","140,6165","22623","286815","3457","751","755","4","0","120"
"7","TOT-both-none","instance_40_15_5_10","totalizer","both","none","OPTIMUM","36,47302","36,36321","20761","235571","3198","724","732","8","0","120"
"7","TOT-both-none","instance_40_15_5_11","totalizer","both","none","OPTIMUM","73,93606","73,82133","21217","240290","3247","695","703","8","0","120"
"7","TOT-both-none","instance_40_15_5_12","totalizer","both","none","OPTIMUM","86,62109","86,48021","22404","270115","3350","773","774","1","0","120"
"7","TOT-both-none","instance_40_15_5_13","totalizer","both","none","UNSATISFIABLE","0,498278","0","0","0","0","","","","","120"
"7","TOT-both-none","instance_40_15_5_14","totalizer","both","none","OPTIMUM","55,71534","55,57283","21852","265646","3227","711","721","10","0","120"
"7","TOT-both-none","instance_40_15_5_15","totalizer","both","none","OPTIMUM","47,4259","47,27578","23104","281056","3438","736","744","8","0","120"
"7","TOT-both-none","instance_40_15_5_16","totalizer","both","none","TIMEOUT","300,1245","0","0","0","0","","","","","120"
"7","TOT-both-none","instance_40_15_5_17","totalizer","both","none","TIMEOUT","300,1237","0","0","0","0","","","","","120"
"7","TOT-both-none","instance_40_15_5_18","totalizer","both","none","OPTIMUM","81,60749","81,50767","20056","203818","3134","685","692","7","0","120"
"7","TOT-both-none","instance_40_15_5_19","totalizer","both","none","UNSATISFIABLE","0,170862","0","0","0","0","","","","","120"
"7","TOT-both-none","instance_40_15_5_2","totalizer","both","none","OPTIMUM","69,82573","69,7258","19556","197681","3038","714","728","14","0","120"
"7","TOT-both-none","instance_40_15_5_20","totalizer","both","none","OPTIMUM","49,44519","49,33676","20062","218524","3176","703","711","8","0","120"
"7","TOT-both-none","instance_40_15_5_21","totalizer","both","none","OPTIMUM","56,51197","56,35617","23776","306066","3399","732","738","6","0","120"
"7","TOT-both-none","instance_40_15_5_22","totalizer","both","none","UNSATISFIABLE","0,135583","0","0","0","0","","","","","120"
"7","TOT-both-none","instance_40_15_5_23","totalizer","both","none","OPTIMUM","27,58854","27,49866","17929","167719","2884","717","722","5","0","120"
"7","TOT-both-none","instance_40_15_5_24","totalizer","both","none","OPTIMUM","235,6887","235,5819","19871","219745","3010","723","734","11","0","120"
"7","TOT-both-none","instance_40_15_5_25","totalizer","both","none","UNSATISFIABLE","0,160375","0","0","0","0","","","","","120"
"7","TOT-both-none","instance_40_15_5_26","totalizer","both","none","OPTIMUM","50,20367","50,09687","20313","227515","3105","710","722","12","0","120"
"7","TOT-both-none","instance_40_15_5_27","totalizer","both","none","OPTIMUM","49,59809","49,50321","18205","175856","3072","640","658","18","0","120"
"7","TOT-both-none","instance_40_15_5_28","totalizer","both","none","OPTIMUM","24,66252","24,55337","21105","222852","3477","749","754","5","0","120"
"7","TOT-both-none","instance_40_15_5_29","totalizer","both","none","UNSATISFIABLE","0,234316","0","0","0","0","","","","","120"
"7","TOT-both-none","instance_40_15_5_3","totalizer","both","none","OPTIMUM","55,09994","54,94552","23937","300711","3639","745","750","5","0","120"
"7","TOT-both-none","instance_40_15_5_30","totalizer","both","none","OPTIMUM","39,65555","39,50064","22675","303640","3294","706","716","10","0","120"
"7","TOT-both-none","instance_40_15_5_31","totalizer","both","none","OPTIMUM","51,43701","51,32724","21055","229961","3383","717","726","9","0","120"
"7","TOT-both-none","instance_40_15_5_32","totalizer","both","none","UNSATISFIABLE","0,174922","0","0","0","0","","","","","120"
"7","TOT-both-none","instance_40_15_5_33","totalizer","both","none","OPTIMUM","110,1905","110,0972","17803","179599","2925","676","682","6","0","120"
"7","TOT-both-none","instance_40_15_5_34","totalizer","both","none","TIMEOUT","300,1228","0","0","0","0","","","","","120"
"7","TOT-both-none","instance_40_15_5_35","totalizer","both","none","OPTIMUM","53,69225","53,57441","21901","259188","3325","743","747","4","0","120"
"7","TOT-both-none","instance_40_15_5_36","totalizer","both","none","UNSATISFIABLE","0,381755","0","0","0","0","","","","","120"
"7","TOT-both-none","instance_40_15_5_37","totalizer","both","none","UNSATISFIABLE","0,33224","0","0","0","0","","","","","120"
"7","TOT-both-none","instance_40_15_5_38","totalizer","both","none","UNSATISFIABLE","0,128108","0","0","0","0","","","","","120"
"7","TOT-both-none","instance_40_15_5_39","totalizer","both","none","OPTIMUM","52,27078","52,15946","21670","244291","3368","700","706","6","0","120"
"7","TOT-both-none","instance_40_15_5_4","totalizer","both","none","OPTIMUM","32,01159","31,89361","22215","260492","3409","728","737","9","0","120"
"7","TOT-both-none","instance_40_15_5_40","totalizer","both","none","OPTIMUM","38,64249","38,53744","20714","219812","3214","696","711","15","0","120"
"7","TOT-both-none","instance_40_15_5_41","totalizer","both","none","OPTIMUM","36,4925","36,38663","20626","227828","3259","744","745","1","0","120"
"7","TOT-both-none","instance_40_15_5_42","totalizer","both","none","OPTIMUM","31,66685","31,5808","17595","162851","2907","685","692","7","0","120"
"7","TOT-both-none","instance_40_15_5_43","totalizer","both","none","OPTIMUM","58,19365","58,0401","22933","288121","3276","746","751","5","0","120"
"7","TOT-both-none","instance_40_15_5_44","totalizer","both","none","UNSATISFIABLE","0,738879","0","0","0","0","","","","","120"
"7","TOT-both-none","instance_40_15_5_45","totalizer","both","none","OPTIMUM","89,78157","89,68075","19264","205410","3047","716","725","9","0","120"
"7","TOT-both-none","instance_40_15_5_46","totalizer","both","none","OPTIMUM","29,97999","29,88194","19417","197287","3123","649","659","10","0","120"
"7","TOT-both-none","instance_40_15_5_47","totalizer","both","none","OPTIMUM","51,20383","51,09615","20286","220768","3162","656","663","7","0","120"
"7","TOT-both-none","instance_40_15_5_48","totalizer","both","none","OPTIMUM","46,41851","46,32372","18852","187463","2972","660","672","12","0","120"
"7","TOT-both-none","instance_40_15_5_49","totalizer","both","none","UNSATISFIABLE","0,15968","0","0","0","0","","","","","120"
"7","TOT-both-none","instance_40_15_5_5","totalizer","both","none","UNSATISFIABLE","0,322628","0","0","0","0","","","","","120"
"7","TOT-both-none","instance_40_15_5_50","totalizer","both","none","OPTIMUM","59,74643","59,64411","19788","214722","3021","701","708","7","0","120"
"7","TOT-both-none","instance_40_15_5_6","totalizer","both","none","UNSATISFIABLE","0,496772","0","0","0","0","","","","","120"
"7","TOT-both-none","instance_40_15_5_7","totalizer","both","none","OPTIMUM","102,8533","102,7027","23412","302400","3396","757","761","4","0","120"
"7","TOT-both-none","instance_40_15_5_8","totalizer","both","none","OPTIMUM","48,21515","48,10976","20196","214212","3259","694","702","8","0","120"
"7","TOT-both-none","instance_40_15_5_9","totalizer","both","none","TIMEOUT","300,118","0","0","0","0","","","","","120"
"7","TOT-both-none","instance_40_20_4_1","totalizer","both","none","OPTIMUM","51,3787","51,24986","20506","237665","3637","585","592","7","0","120"
"7","TOT-both-none","instance_40_20_4_10","totalizer","both","none","OPTIMUM","20,5209","20,41287","18405","185988","3475","603","608","5","0","120"
"7","TOT-both-none","instance_40_20_4_11","totalizer","both","none","OPTIMUM","32,84076","32,708","21038","251849","3746","590","593","3","0","120"
"7","TOT-both-none","instance_40_20_4_12","totalizer","both","none","OPTIMUM","28,81058","28,6892","20194","221332","3640","600","603","3","0","120"
"7","TOT-both-none","instance_40_20_4_13","totalizer","both","none","OPTIMUM","30,86436","30,74316","19914","225762","3579","609","615","6","0","120"
"7","TOT-both-none","instance_40_20_4_14","totalizer","both","none","OPTIMUM","41,31757","41,18968","20610","242400","3795","618","620","2","0","120"
"7","TOT-both-none","instance_40_20_4_15","totalizer","both","none","OPTIMUM","45,26537","45,12978","21641","259959","3686","611","614","3","0","120"
"7","TOT-both-none","instance_40_20_4_16","totalizer","both","none","OPTIMUM","33,42988","33,26546","21526","271334","3668","599","601","2","0","120"
"7","TOT-both-none","instance_40_20_4_17","totalizer","both","none","OPTIMUM","11,38494","11,27505","18665","191680","3529","622","623","1","0","120"
"7","TOT-both-none","instance_40_20_4_18","totalizer","both","none","OPTIMUM","24,01857","23,91382","18103","166787","3597","573","576","3","0","120"
"7","TOT-both-none","instance_40_20_4_19","totalizer","both","none","OPTIMUM","39,96484","39,8488","18797","201754","3498","605","605","0","0","120"
"7","TOT-both-none","instance_40_20_4_2","totalizer","both","none","OPTIMUM","27,17889","27,06679","18959","197575","3609","595","601","6","0","120"
"7","TOT-both-none","instance_40_20_4_20","totalizer","both","none","OPTIMUM","17,72145","17,60957","19336","199038","3742","580","588","8","0","120"
"7","TOT-both-none","instance_40_20_4_21","totalizer","both","none","OPTIMUM","23,5529","23,4388","18861","194041","3392","585","595","10","0","120"
"7","TOT-both-none","instance_40_20_4_22","totalizer","both","none","OPTIMUM","32,49694","32,38252","18759","206923","3445","582","585","3","0","120"
"7","TOT-both-none","instance_40_20_4_23","totalizer","both","none","OPTIMUM","91,07902","90,95633","20093","221921","3580","574","580","6","0","120"
"7","TOT-both-none","instance_40_20_4_24","totalizer","both","none","OPTIMUM","30,79015","30,66549","20721","235847","3720","617","618","1","0","120"
"7","TOT-both-none","instance_40_20_4_25","totalizer","both","none","OPTIMUM","39,49204","39,36336","21199","239317","3751","604","609","5","0","120"
"7","TOT-both-none","instance_40_20_4_26","totalizer","both","none","OPTIMUM","26,17011","26,07568","16459","142357","3279","573","580","7","0","120"
"7","TOT-both-none","instance_40_20_4_27","totalizer","both","none","OPTIMUM","22,0203","21,91794","17372","171850","3366","578","584","6","0","120"
"7","TOT-both-none","instance_40_20_4_28","totalizer","both","none","UNSATISFIABLE","0,16929","0","0","0","0","","","","","120"
"7","TOT-both-none","instance_40_20_4_29","totalizer","both","none","OPTIMUM","18,5742","18,44889","20835","246321","3691","623","624","1","0","120"
"7","TOT-both-none","instance_40_20_4_3","totalizer","both","none","OPTIMUM","39,60186","39,47228","20761","249035","3512","585","591","6","0","120"
"7","TOT-both-none","instance_40_20_4_30","totalizer","both","none","OPTIMUM","31,92599","31,81416","17969","186201","3261","599","604","5","0","120"
"7","TOT-both-none","instance_40_20_4_31","totalizer","both","none","OPTIMUM","23,76396","23,65406","18492","186062","3563","609","613","4","0","120"
"7","TOT-both-none","instance_40_20_4_32","totalizer","both","none","OPTIMUM","32,14812","32,01973","20602","238347","3743","613","617","4","0","120"
"7","TOT-both-none","instance_40_20_4_33","totalizer","both","none","OPTIMUM","15,95437","15,82909","19859","226034","3719","579","581","2","0","120"
"7","TOT-both-none","instance_40_20_4_34","totalizer","both","none","OPTIMUM","39,68066","39,55793","19612","205411","3671","581","589","8","0","120"
"7","TOT-both-none","instance_40_20_4_35","totalizer","both","none","OPTIMUM","51,071","50,93988","20618","247247","3745","618","619","1","0","120"
"7","TOT-both-none","instance_40_20_4_36","totalizer","both","none","OPTIMUM","48,31306","48,18949","19652","215250","3583","563","572","9","0","120"
"7","TOT-both-none","instance_40_20_4_37","totalizer","both","none","OPTIMUM","260,7114","260,6066","17223","165699","3213","605","612","4","3","120"
"7","TOT-both-none","instance_40_20_4_38","totalizer","both","none","OPTIMUM","23,37683","23,26074","19023","198049","3595","605","606","1","0","120"
"7","TOT-both-none","instance_40_20_4_39","totalizer","both","none","OPTIMUM","38,26491","38,14957","18629","200723","3371","608","610","2","0","120"
"7","TOT-both-none","instance_40_20_4_4","totalizer","both","none","OPTIMUM","17,96532","17,88411","15747","129585","3273","588","595","7","0","120"
"7","TOT-both-none","instance_40_20_4_40","totalizer","both","none","OPTIMUM","29,35456","29,2275","19640","227456","3504","619","620","1","0","120"
"7","TOT-both-none","instance_40_20_4_41","totalizer","both","none","OPTIMUM","28,97759","28,84373","21107","241635","4001","618","623","5","0","120"
"7","TOT-both-none","instance_40_20_4_42","totalizer","both","none","OPTIMUM","32,96596","32,85847","18366","171999","3496","605","608","3","0","120"
"7","TOT-both-none","instance_40_20_4_43","totalizer","both","none","OPTIMUM","22,30624","22,17581","20732","236104","3771","614","615","1","0","120"
"7","TOT-both-none","instance_40_20_4_44","totalizer","both","none","OPTIMUM","25,72143","25,55007","22222","281029","3799","602","604","2","0","120"
"7","TOT-both-none","instance_40_20_4_45","totalizer","both","none","OPTIMUM","35,53662","35,41804","19470","212335","3528","605","607","2","0","120"
"7","TOT-both-none","instance_40_20_4_46","totalizer","both","none","OPTIMUM","32,70624","32,59585","18653","189233","3551","584","587","3","0","120"
"7","TOT-both-none","instance_40_20_4_47","totalizer","both","none","OPTIMUM","79,84914","79,75374","16349","149726","3173","560","569","9","0","120"
"7","TOT-both-none","instance_40_20_4_48","totalizer","both","none","OPTIMUM","54,40095","54,28823","18639","191465","3626","577","583","6","0","120"
"7","TOT-both-none","instance_40_20_4_49","totalizer","both","none","OPTIMUM","29,5849","29,40545","23037","299109","3750","613","617","4","0","120"
"7","TOT-both-none","instance_40_20_4_5","totalizer","both","none","OPTIMUM","52,5352","52,36895","21447","271512","3745","607","609","2","0","120"
"7","TOT-both-none","instance_40_20_4_50","totalizer","both","none","OPTIMUM","33,70013","33,57117","20497","237984","3713","598","603","5","0","120"
"7","TOT-both-none","instance_40_20_4_6","totalizer","both","none","OPTIMUM","37,67808","37,55621","19572","220463","3578","615","618","3","0","120"
"7","TOT-both-none","instance_40_20_4_7","totalizer","both","none","OPTIMUM","30,74494","30,63579","18354","186123","3464","607","611","4","0","120"
"7","TOT-both-none","instance_40_20_4_8","totalizer","both","none","OPTIMUM","37,52029","37,39675","19718","217686","3385","606","608","2","0","120"
"7","TOT-both-none","instance_40_20_4_9","totalizer","both","none","OPTIMUM","29,58733","29,46839","19511","211834","3631","619","619","0","0","120"
"7","TOT-both-none","instance_40_20_5_1","totalizer","both","none","TIMEOUT","300,1294","0","0","0","0","","","","","120"
"7","TOT-both-none","instance_40_20_5_10","totalizer","both","none","OPTIMUM","24,68287","24,57086","22967","232591","4081","716","724","8","0","120"
"7","TOT-both-none","instance_40_20_5_11","totalizer","both","none","OPTIMUM","39,54936","39,39166","24761","308396","4143","734","738","4","0","120"
"7","TOT-both-none","instance_40_20_5_12","totalizer","both","none","OPTIMUM","77,84436","77,68849","24827","292748","4408","724","732","8","0","120"
"7","TOT-both-none","instance_40_20_5_13","totalizer","both","none","OPTIMUM","61,00579","60,85109","25221","288120","4312","763","766","3","0","120"
"7","TOT-both-none","instance_40_20_5_14","totalizer","both","none","OPTIMUM","119,2214","119,0458","26853","346322","4541","772","773","1","0","120"
"7","TOT-both-none","instance_40_20_5_15","totalizer","both","none","OPTIMUM","22,47916","22,36155","22704","241529","4109","745","751","6","0","120"
"7","TOT-both-none","instance_40_20_5_16","totalizer","both","none","OPTIMUM","36,48398","36,36638","22682","254118","4090","745","750","5","0","120"
"7","TOT-both-none","instance_40_20_5_17","totalizer","both","none","OPTIMUM","68,69382","68,51502","27321","378448","4329","737","746","9","0","120"
"7","TOT-both-none","instance_40_20_5_18","totalizer","both","none","OPTIMUM","48,12405","48,01081","22724","239266","4143","758","762","4","0","120"
"7","TOT-both-none","instance_40_20_5_19","totalizer","both","none","OPTIMUM","48,0153","47,84624","27474","338471","4519","753","756","3","0","120"
"7","TOT-both-none","instance_40_20_5_2","totalizer","both","none","OPTIMUM","57,59569","57,43139","26163","311942","4418","751","762","11","0","120"
"7","TOT-both-none","instance_40_20_5_20","totalizer","both","none","OPTIMUM","54,14688","53,99008","24609","297403","4106","776","778","2","0","120"
"7","TOT-both-none","instance_40_20_5_21","totalizer","both","none","OPTIMUM","40,44956","40,27746","27322","369869","4406","761","763","2","0","120"
"7","TOT-both-none","instance_40_20_5_22","totalizer","both","none","OPTIMUM","75,7212","75,56092","25486","317978","4476","758","765","7","0","120"
"7","TOT-both-none","instance_40_20_5_23","totalizer","both","none","OPTIMUM","72,00245","71,85073","25000","285950","4458","766","770","4","0","120"
"7","TOT-both-none","instance_40_20_5_24","totalizer","both","none","OPTIMUM","57,5044","57,35788","23831","270771","4104","740","748","8","0","120"
"7","TOT-both-none","instance_40_20_5_25","totalizer","both","none","OPTIMUM","192,0609","191,9376","23175","257853","4198","699","717","18","0","120"
"7","TOT-both-none","instance_40_20_5_26","totalizer","both","none","OPTIMUM","55,16492","54,98913","27286","360370","4250","772","772","0","0","120"
"7","TOT-both-none","instance_40_20_5_27","totalizer","both","none","OPTIMUM","48,52197","48,4136","21291","224913","3661","689","700","11","0","120"
"7","TOT-both-none","instance_40_20_5_28","totalizer","both","none","OPTIMUM","25,26661","25,10029","25218","338322","4072","743","747","4","0","120"
"7","TOT-both-none","instance_40_20_5_29","totalizer","both","none","OPTIMUM","55,5419","55,37956","25741","315182","4314","734","745","11","0","120"
"7","TOT-both-none","instance_40_20_5_3","totalizer","both","none","OPTIMUM","48,9277","48,77809","23138","264335","4027","757","758","1","0","120"
"7","TOT-both-none","instance_40_20_5_30","totalizer","both","none","OPTIMUM","57,99662","57,83532","25526","310516","4400","755","759","4","0","120"
"7","TOT-both-none","instance_40_20_5_31","totalizer","both","none","OPTIMUM","25,76423","25,61534","23284","267213","4153","737","741","4","0","120"
"7","TOT-both-none","instance_40_20_5_32","totalizer","both","none","UNSATISFIABLE","0,333877","0","0","0","0","","","","","120"
"7","TOT-both-none","instance_40_20_5_33","totalizer","both","none","OPTIMUM","64,55274","64,37573","27244","369291","4331","769","774","5","0","120"
"7","TOT-both-none","instance_40_20_5_34","totalizer","both","none","TIMEOUT","300,1235","0","0","0","0","","","","","120"
"7","TOT-both-none","instance_40_20_5_35","totalizer","both","none","UNSATISFIABLE","0,542902","0","0","0","0","","","","","120"
"7","TOT-both-none","instance_40_20_5_36","totalizer","both","none","OPTIMUM","63,19435","63,03808","24389","277331","4267","722","732","10","0","120"
"7","TOT-both-none","instance_40_20_5_37","totalizer","both","none","OPTIMUM","44,27904","44,12603","24624","284038","4340","771","772","1","0","120"
"7","TOT-both-none","instance_40_20_5_38","totalizer","both","none","OPTIMUM","18,88822","18,72697","25002","314262","4283","764","766","2","0","120"
"7","TOT-both-none","instance_40_20_5_39","totalizer","both","none","OPTIMUM","68,16604","68,01067","25412","302969","4440","776","777","1","0","120"
"7","TOT-both-none","instance_40_20_5_4","totalizer","both","none","OPTIMUM","46,26329","46,09932","25161","299892","4315","723","732","9","0","120"
"7","TOT-both-none","instance_40_20_5_40","totalizer","both","none","OPTIMUM","79,53124","79,37419","24777","295668","4031","688","701","13","0","120"
"7","TOT-both-none","instance_40_20_5_41","totalizer","both","none","OPTIMUM","44,30412","44,18441","23218","253941","3938","723","735","12","0","120"
"7","TOT-both-none","instance_40_20_5_42","totalizer","both","none","OPTIMUM","43,57117","43,40013","26455","353044","4081","722","729","7","0","120"
"7","TOT-both-none","instance_40_20_5_43","totalizer","both","none","OPTIMUM","42,58661","42,40187","28068","388125","4425","756","758","2","0","120"
"7","TOT-both-none","instance_40_20_5_44","totalizer","both","none","OPTIMUM","44,16238","44,0003","25812","308402","4337","735","745","10","0","120"
"7","TOT-both-none","instance_40_20_5_45","totalizer","both","none","TIMEOUT","300,1158","0","0","0","0","","","","","120"
"7","TOT-both-none","instance_40_20_5_46","totalizer","both","none","OPTIMUM","37,95024","37,83445","22935","243676","3956","741","751","10","0","120"
"7","TOT-both-none","instance_40_20_5_47","totalizer","both","none","OPTIMUM","61,25955","61,14177","22887","245251","3995","703","717","14","0","120"
"7","TOT-both-none","instance_40_20_5_48","totalizer","both","none","OPTIMUM","31,24093","31,07573","26143","326592","4374","767","774","7","0","120"
"7","TOT-both-none","instance_40_20_5_49","totalizer","both","none","OPTIMUM","69,20527","69,02358","28168","371185","4512","776","785","9","0","120"
"7","TOT-both-none","instance_40_20_5_5","totalizer","both","none","UNSATISFIABLE","1,871678","0","0","0","0","","","","","120"
"7","TOT-both-none","instance_40_20_5_50","totalizer","both","none","OPTIMUM","40,60508","40,49207","22348","237217","3989","729","739","10","0","120"
"7","TOT-both-none","instance_40_20_5_6","totalizer","both","none","OPTIMUM","46,24068","46,06376","26803","367362","4147","733","745","12","0","120"
"7","TOT-both-none","instance_40_20_5_7","totalizer","both","none","OPTIMUM","8,053395","7,905283","23469","273406","3865","754","757","3","0","120"
"7","TOT-both-none","instance_40_20_5_8","totalizer","both","none","OPTIMUM","46,24605","46,07809","25940","345939","4331","775","777","2","0","120"
"7","TOT-both-none","instance_40_20_5_9","totalizer","both","none","OPTIMUM","67,18076","67,07638","21094","208486","3847","707","720","13","0","120"
"7","TOT-both-none","instance_40_25_4_1","totalizer","both","none","OPTIMUM","46,20213","46,02255","24379","295026","4571","625","628","3","0","120"
"7","TOT-both-none","instance_40_25_4_10","totalizer","both","none","OPTIMUM","36,63265","36,4596","22707","269579","4264","606","612","6","0","120"
"7","TOT-both-none","instance_40_25_4_11","totalizer","both","none","OPTIMUM","23,01455","22,84192","22960","278605","4236","626","627","1","0","120"
"7","TOT-both-none","instance_40_25_4_12","totalizer","both","none","OPTIMUM","48,07281","47,93197","21941","259237","4250","623","625","2","0","120"
"7","TOT-both-none","instance_40_25_4_13","totalizer","both","none","OPTIMUM","25,97175","25,84335","21963","228055","4511","623","626","3","0","120"
"7","TOT-both-none","instance_40_25_4_14","totalizer","both","none","OPTIMUM","43,88944","43,69444","24811","310598","4509","617","618","1","0","120"
"7","TOT-both-none","instance_40_25_4_15","totalizer","both","none","OPTIMUM","70,5648","70,42935","21609","245439","4079","594","607","13","0","120"
"7","TOT-both-none","instance_40_25_4_16","totalizer","both","none","OPTIMUM","29,52752","29,38877","22169","255144","4434","587","589","2","0","120"
"7","TOT-both-none","instance_40_25_4_17","totalizer","both","none","OPTIMUM","37,69532","37,56956","21277","216932","4496","600","607","7","0","120"
"7","TOT-both-none","instance_40_25_4_18","totalizer","both","none","OPTIMUM","27,26779","27,12678","22768","253790","4565","600","602","2","0","120"
"7","TOT-both-none","instance_40_25_4_19","totalizer","both","none","OPTIMUM","46,88659","46,69013","25064","333428","4388","612","618","6","0","120"
"7","TOT-both-none","instance_40_25_4_2","totalizer","both","none","OPTIMUM","29,87401","29,74402","21782","228340","4402","590","597","7","0","120"
"7","TOT-both-none","instance_40_25_4_20","totalizer","both","none","OPTIMUM","54,31977","54,20395","19113","188539","3859","571","581","10","0","120"
"7","TOT-both-none","instance_40_25_4_21","totalizer","both","none","OPTIMUM","57,20115","57,01809","24793","296619","4682","609","615","6","0","120"
"7","TOT-both-none","instance_40_25_4_22","totalizer","both","none","OPTIMUM","32,93238","32,80143","21669","232096","4211","609","613","4","0","120"
"7","TOT-both-none","instance_40_25_4_23","totalizer","both","none","OPTIMUM","54,67974","54,50445","23820","277499","4463","613","618","5","0","120"
"7","TOT-both-none","instance_40_25_4_24","totalizer","both","none","OPTIMUM","48,80337","48,62006","24633","299357","4614","611","614","3","0","120"
"7","TOT-both-none","instance_40_25_4_25","totalizer","both","none","OPTIMUM","34,99219","34,86121","21517","227690","4356","620","622","2","0","120"
"7","TOT-both-none","instance_40_25_4_26","totalizer","both","none","OPTIMUM","36,09323","35,95453","22399","250548","4310","616","620","4","0","120"
"7","TOT-both-none","instance_40_25_4_27","totalizer","both","none","OPTIMUM","22,82656","22,68995","22259","249381","4312","586","597","11","0","120"
"7","TOT-both-none","instance_40_25_4_28","totalizer","both","none","OPTIMUM","39,08403","38,8961","25185","321654","4635","603","607","4","0","120"
"7","TOT-both-none","instance_40_25_4_29","totalizer","both","none","OPTIMUM","30,20924","30,07728","21606","240772","4468","617","619","2","0","120"
"7","TOT-both-none","instance_40_25_4_3","totalizer","both","none","OPTIMUM","43,41642","43,29201","21027","213308","4293","615","622","7","0","120"
"7","TOT-both-none","instance_40_25_4_30","totalizer","both","none","OPTIMUM","44,599","44,41268","24871","321588","4853","629","630","1","0","120"
"7","TOT-both-none","instance_40_25_4_31","totalizer","both","none","OPTIMUM","25,46238","25,33953","20779","208587","4188","615","618","3","0","120"
"7","TOT-both-none","instance_40_25_4_32","totalizer","both","none","OPTIMUM","44,11816","43,93854","24233","304200","4397","619","620","1","0","120"
"7","TOT-both-none","instance_40_25_4_33","totalizer","both","none","OPTIMUM","36,14377","36,01113","21830","242556","4252","618","623","5","0","120"
"7","TOT-both-none","instance_40_25_4_34","totalizer","both","none","OPTIMUM","34,62195","34,48876","22211","240308","4428","613","620","7","0","120"
"7","TOT-both-none","instance_40_25_4_35","totalizer","both","none","OPTIMUM","40,74476","40,57257","22929","275869","4448","607","608","1","0","120"
"7","TOT-both-none","instance_40_25_4_36","totalizer","both","none","OPTIMUM","33,81628","33,64435","23420","280877","4706","627","629","2","0","120"
"7","TOT-both-none","instance_40_25_4_37","totalizer","both","none","OPTIMUM","40,38232","40,23822","22201","261769","4475","603","609","6","0","120"
"7","TOT-both-none","instance_40_25_4_38","totalizer","both","none","OPTIMUM","34,53724","34,39745","22180","259202","4295","613","613","0","0","120"
"7","TOT-both-none","instance_40_25_4_39","totalizer","both","none","OPTIMUM","67,31234","67,12367","24711","321305","4482","615","619","4","0","120"
"7","TOT-both-none","instance_40_25_4_4","totalizer","both","none","OPTIMUM","31,84915","31,71253","22570","251287","4294","623","625","2","0","120"
"7","TOT-both-none","instance_40_25_4_40","totalizer","both","none","OPTIMUM","37,24455","37,10841","22973","246185","4558","606","608","2","0","120"
"7","TOT-both-none","instance_40_25_4_41","totalizer","both","none","OPTIMUM","41,37838","41,19472","24248","325083","4325","626","627","1","0","120"
"7","TOT-both-none","instance_40_25_4_42","totalizer","both","none","OPTIMUM","34,39141","34,2184","23037","278198","4392","606","610","4","0","120"
"7","TOT-both-none","instance_40_25_4_43","totalizer","both","none","OPTIMUM","32,78758","32,60458","24640","306818","4639","612","615","3","0","120"
"7","TOT-both-none","instance_40_25_4_44","totalizer","both","none","OPTIMUM","34,27752","34,15731","20330","205264","4145","592","598","6","0","120"
"7","TOT-both-none","instance_40_25_4_45","totalizer","both","none","OPTIMUM","46,58275","46,40904","23488","288105","4514","624","624","0","0","120"
"7","TOT-both-none","instance_40_25_4_46","totalizer","both","none","OPTIMUM","35,79912","35,6104","25252","327465","4689","631","631","0","0","120"
"7","TOT-both-none","instance_40_25_4_47","totalizer","both","none","OPTIMUM","39,66868","39,49024","23245","305434","4274","567","570","3","0","120"
"7","TOT-both-none","instance_40_25_4_48","totalizer","both","none","OPTIMUM","52,92741","52,73019","26126","353593","4884","625","625","0","0","120"
"7","TOT-both-none","instance_40_25_4_49","totalizer","both","none","OPTIMUM","22,32523","22,19291","21730","231815","4348","615","619","4","0","120"
"7","TOT-both-none","instance_40_25_4_5","totalizer","both","none","OPTIMUM","32,83661","32,70545","21389","232798","4271","558","561","3","0","120"
"7","TOT-both-none","instance_40_25_4_50","totalizer","both","none","OPTIMUM","22,77739","22,60601","23146","272567","4600","618","620","2","0","120"
"7","TOT-both-none","instance_40_25_4_6","totalizer","both","none","OPTIMUM","27,32442","27,18772","21741","240130","4376","589","591","2","0","120"
"7","TOT-both-none","instance_40_25_4_7","totalizer","both","none","OPTIMUM","34,05457","33,87632","24082","286414","4631","614","615","1","0","120"
"7","TOT-both-none","instance_40_25_4_8","totalizer","both","none","OPTIMUM","26,67727","26,55744","19818","206953","4162","595","600","5","0","120"
"7","TOT-both-none","instance_40_25_4_9","totalizer","both","none","OPTIMUM","63,4348","63,25422","23805","301429","4343","602","606","4","0","120"
"7","TOT-both-none","instance_40_25_5_1","totalizer","both","none","OPTIMUM","47,52362","47,31056","28230","363927","5042","779","782","3","0","120"
"7","TOT-both-none","instance_40_25_5_10","totalizer","both","none","OPTIMUM","50,70087","50,4532","33313","472128","5579","772","776","4","0","120"
"7","TOT-both-none","instance_40_25_5_11","totalizer","both","none","OPTIMUM","32,49428","32,27213","29689","395719","5310","783","783","0","0","120"
"7","TOT-both-none","instance_40_25_5_12","totalizer","both","none","OPTIMUM","60,63027","60,41283","29857","381859","5220","781","783","2","0","120"
"7","TOT-both-none","instance_40_25_5_13","totalizer","both","none","OPTIMUM","40,72538","40,49162","30957","416584","5572","784","786","2","0","120"
"7","TOT-both-none","instance_40_25_5_14","totalizer","both","none","OPTIMUM","78,21986","77,97243","33361","465691","5948","781","782","1","0","120"
"7","TOT-both-none","instance_40_25_5_15","totalizer","both","none","OPTIMUM","68,96189","68,78102","26877","344779","4880","715","718","3","0","120"
"7","TOT-both-none","instance_40_25_5_16","totalizer","both","none","OPTIMUM","60,79329","60,58122","29564","375101","5352","759","763","4","0","120"
"7","TOT-both-none","instance_40_25_5_17","totalizer","both","none","OPTIMUM","50,42554","50,19593","30663","407788","5422","745","751","6","0","120"
"7","TOT-both-none","instance_40_25_5_18","totalizer","both","none","OPTIMUM","62,01399","61,78463","29789","401121","5226","784","785","1","0","120"
"7","TOT-both-none","instance_40_25_5_19","totalizer","both","none","OPTIMUM","48,71138","48,5272","25154","266540","4888","734","742","8","0","120"
"7","TOT-both-none","instance_40_25_5_2","totalizer","both","none","OPTIMUM","28,86767","28,63401","29536","395998","5235","775","778","3","0","120"
"7","TOT-both-none","instance_40_25_5_20","totalizer","both","none","OPTIMUM","131,1955","130,9457","31345","450079","5198","767","772","5","0","120"
"7","TOT-both-none","instance_40_25_5_21","totalizer","both","none","OPTIMUM","34,20229","33,97506","30471","404059","5415","758","760","2","0","120"
"7","TOT-both-none","instance_40_25_5_22","totalizer","both","none","OPTIMUM","41,7849","41,58681","27152","317832","5001","761","770","9","0","120"
"7","TOT-both-none","instance_40_25_5_23","totalizer","both","none","OPTIMUM","100,1492","99,90178","31825","445225","5481","769","771","2","0","120"
"7","TOT-both-none","instance_40_25_5_24","totalizer","both","none","OPTIMUM","50,06367","49,87252","26746","295187","5145","738","751","13","0","120"
"7","TOT-both-none","instance_40_25_5_25","totalizer","both","none","OPTIMUM","46,68599","46,48503","27472","319169","5200","761","769","8","0","120"
"7","TOT-both-none","instance_40_25_5_26","totalizer","both","none","OPTIMUM","47,41128","47,147","30662","401715","5441","776","777","1","0","120"
"7","TOT-both-none","instance_40_25_5_27","totalizer","both","none","OPTIMUM","53,1964","53,00527","26374","292640","5004","739","753","14","0","120"
"7","TOT-both-none","instance_40_25_5_28","totalizer","both","none","OPTIMUM","60,38134","60,16518","29263","368235","5379","742","751","9","0","120"
"7","TOT-both-none","instance_40_25_5_29","totalizer","both","none","OPTIMUM","49,61946","49,41904","27226","322660","5218","746","752","6","0","120"
"7","TOT-both-none","instance_40_25_5_3","totalizer","both","none","OPTIMUM","51,88168","51,66285","29209","392214","5253","722","733","11","0","120"
"7","TOT-both-none","instance_40_25_5_30","totalizer","both","none","OPTIMUM","85,29983","85,05338","32537","461505","5587","766","769","3","0","120"
"7","TOT-both-none","instance_40_25_5_31","totalizer","both","none","OPTIMUM","48,16453","47,91799","32046","464573","5579","788","790","2","0","120"
"7","TOT-both-none","instance_40_25_5_32","totalizer","both","none","OPTIMUM","86,88958","86,66583","29815","389471","5410","710","721","11","0","120"
"7","TOT-both-none","instance_40_25_5_33","totalizer","both","none","OPTIMUM","74,24289","74,06898","26359","298608","4849","769","773","4","0","120"
"7","TOT-both-none","instance_40_25_5_34","totalizer","both","none","OPTIMUM","77,19037","76,96473","29172","400333","5079","764","769","5","0","120"
"7","TOT-both-none","instance_40_25_5_35","totalizer","both","none","OPTIMUM","62,62701","62,39365","30353","404783","5297","748","754","6","0","120"
"7","TOT-both-none","instance_40_25_5_36","totalizer","both","none","OPTIMUM","37,78272","37,56839","29391","369052","5415","788","788","0","0","120"
"7","TOT-both-none","instance_40_25_5_37","totalizer","both","none","OPTIMUM","75,72097","75,52054","27415","336814","5149","750","754","4","0","120"
"7","TOT-both-none","instance_40_25_5_38","totalizer","both","none","OPTIMUM","59,40118","59,2083","28001","343950","5033","736","740","4","0","120"
"7","TOT-both-none","instance_40_25_5_39","totalizer","both","none","OPTIMUM","41,83194","41,624","27199","344140","4961","738","749","11","0","120"
"7","TOT-both-none","instance_40_25_5_4","totalizer","both","none","OPTIMUM","37,50164","37,27072","30753","396670","5462","779","782","3","0","120"
"7","TOT-both-none","instance_40_25_5_40","totalizer","both","none","OPTIMUM","37,08622","36,87317","27970","322795","5335","769","774","5","0","120"
"7","TOT-both-none","instance_40_25_5_41","totalizer","both","none","OPTIMUM","59,08537","58,8511","30475","431218","5080","765","770","5","0","120"
"7","TOT-both-none","instance_40_25_5_42","totalizer","both","none","OPTIMUM","29,01335","28,8307","24795","275584","4778","739","746","7","0","120"
"7","TOT-both-none","instance_40_25_5_43","totalizer","both","none","OPTIMUM","102,5221","102,3188","27956","335544","4975","766","772","6","0","120"
"7","TOT-both-none","instance_40_25_5_44","totalizer","both","none","OPTIMUM","19,2977","19,06533","28973","396212","5141","783","785","2","0","120"
"7","TOT-both-none","instance_40_25_5_45","totalizer","both","none","OPTIMUM","55,49671","55,26457","30946","411095","5516","705","709","4","0","120"
"7","TOT-both-none","instance_40_25_5_46","totalizer","both","none","UNSATISFIABLE","0,353103","0","0","0","0","","","","","120"
"7","TOT-both-none","instance_40_25_5_47","totalizer","both","none","OPTIMUM","89,88721","89,64055","32142","455039","5386","782","784","2","0","120"
"7","TOT-both-none","instance_40_25_5_48","totalizer","both","none","OPTIMUM","47,59276","47,37714","28937","380716","5190","768","769","1","0","120"
"7","TOT-both-none","instance_40_25_5_49","totalizer","both","none","OPTIMUM","160,9213","160,6987","29177","380173","5205","720","735","15","0","120"
"7","TOT-both-none","instance_40_25_5_5","totalizer","both","none","OPTIMUM","56,51502","56,27818","32060","439173","5584","781","787","6","0","120"
"7","TOT-both-none","instance_40_25_5_50","totalizer","both","none","OPTIMUM","77,29188","77,0241","34225","518759","5582","786","791","5","0","120"
"7","TOT-both-none","instance_40_25_5_6","totalizer","both","none","OPTIMUM","67,70595","67,47482","30338","408408","5293","768","768","0","0","120"
"7","TOT-both-none","instance_40_25_5_7","totalizer","both","none","OPTIMUM","54,4496","54,22222","29555","414668","5107","784","785","1","0","120"
"7","TOT-both-none","instance_40_25_5_8","totalizer","both","none","OPTIMUM","52,12688","51,92187","27952","343460","5142","768","771","3","0","120"
"7","TOT-both-none","instance_40_25_5_9","totalizer","both","none","OPTIMUM","62,43985","62,21924","29059","376061","5254","775","776","1","0","120"