"cfg_id","label","instance_name","cardinality","ic","sb","status","elapsed_s","solve_s","variables","hard_clauses","soft_clauses","best_value","similarity","continuity","overtime","coverage"
"5","TOT-none-none","instance_30_10_4_1","totalizer","none","none","OPTIMUM","13,75772","13,72467","6161","62317","1441","416","420","4","0","120"
"5","TOT-none-none","instance_30_10_4_10","totalizer","none","none","OPTIMUM","10,40441","10,37039","5936","57797","1399","403","409","6","0","120"
"5","TOT-none-none","instance_30_10_4_11","totalizer","none","none","OPTIMUM","17,50141","17,46953","5726","54938","1413","390","402","12","0","120"
"5","TOT-none-none","instance_30_10_4_12","totalizer","none","none","OPTIMUM","15,66143","15,62678","6048","62607","1360","387","394","7","0","120"
"5","TOT-none-none","instance_30_10_4_13","totalizer","none","none","UNSATISFIABLE","0,04478","0","0","0","0","","","","","120"
"5","TOT-none-none","instance_30_10_4_14","totalizer","none","none","UNSATISFIABLE","0,04647","0","0","0","0","","","","","120"
"5","TOT-none-none","instance_30_10_4_15","totalizer","none","none","UNSATISFIABLE","0,025631","0","0","0","0","","","","","120"
"5","TOT-none-none","instance_30_10_4_16","totalizer","none","none","OPTIMUM","11,89314","11,85152","6555","68091","1562","431","436","5","0","120"
"5","TOT-none-none","instance_30_10_4_17","totalizer","none","none","OPTIMUM","4,477236","4,45111","4770","39967","1291","400","401","1","0","120"
"5","TOT-none-none","instance_30_10_4_18","totalizer","none","none","OPTIMUM","6,745068","6,715083","5430","48777","1382","408","413","5","0","120"
"5","TOT-none-none","instance_30_10_4_19","totalizer","none","none","UNSATISFIABLE","0,06569","0","0","0","0","","","","","120"
"5","TOT-none-none","instance_30_10_4_2","totalizer","none","none","UNSATISFIABLE","0,066282","0","0","0","0","","","","","120"
"5","TOT-none-none","instance_30_10_4_20","totalizer","none","none","UNSATISFIABLE","0,048926","0","0","0","0","","","","","120"
"5","TOT-none-none","instance_30_10_4_21","totalizer","none","none","UNSATISFIABLE","0,068098","0","0","0","0","","","","","120"
"5","TOT-none-none","instance_30_10_4_22","totalizer","none","none","UNSATISFIABLE","0,053435","0","0","0","0","","","","","120"
"5","TOT-none-none","instance_30_10_4_23","totalizer","none","none","OPTIMUM","5,685377","5,650588","6257","63444","1499","379","382","3","0","120"
"5","TOT-none-none","instance_30_10_4_24","totalizer","none","none","OPTIMUM","5,457702","5,428993","5370","48224","1375","387","392","5","0","120"
"5","TOT-none-none","instance_30_10_4_25","totalizer","none","none","OPTIMUM","16,24626","16,20143","6809","73557","1435","444","446","2","0","120"
"5","TOT-none-none","instance_30_10_4_26","totalizer","none","none","UNSATISFIABLE","0,068323","0","0","0","0","","","","","120"
"5","TOT-none-none","instance_30_10_4_27","totalizer","none","none","OPTIMUM","13,27983","13,25332","5189","43780","1374","390","402","12","0","120"
"5","TOT-none-none","instance_30_10_4_28","totalizer","none","none","UNSATISFIABLE","0,02671","0","0","0","0","","","","","120"
"5","TOT-none-none","instance_30_10_4_29","totalizer","none","none","UNSATISFIABLE","0,048699","0","0","0","0","","","","","120"
"5","TOT-none-none","instance_30_10_4_3","totalizer","none","none","UNSATISFIABLE","0,048531","0","0","0","0","","","","","120"
"5","TOT-none-none","instance_30_10_4_30","totalizer","none","none","OPTIMUM","13,94384","13,90125","6420","66246","1482","396","405","9","0","120"
"5","TOT-none-none","instance_30_10_4_31","totalizer","none","none","OPTIMUM","8,348505","8,317754","5510","52622","1318","372","381","9","0","120"
"5","TOT-none-none","instance_30_10_4_32","totalizer","none","none","OPTIMUM","10,2829","10,24797","6090","61899","1493","423","424","1","0","120"
"5","TOT-none-none","instance_30_10_4_33","totalizer","none","none","OPTIMUM","17,87302","17,83823","6159","63611","1416","434","435","1","0","120"
"5","TOT-none-none","instance_30_10_4_34","totalizer","none","none","UNSATISFIABLE","0,050966","0","0","0","0","","","","","120"
"5","TOT-none-none","instance_30_10_4_35","totalizer","none","none","UNSATISFIABLE","0,043754","0","0","0","0","","","","","120"
"5","TOT-none-none","instance_30_10_4_36","totalizer","none","none","OPTIMUM","25,26775","25,22289","6893","76672","1497","401","405","4","0","120"
"5","TOT-none-none","instance_30_10_4_37","totalizer","none","none","OPTIMUM","9,003549","8,961141","6318","66181","1457","440","443","3","0","120"
"5","TOT-none-none","instance_30_10_4_38","totalizer","none","none","UNSATISFIABLE","0,050846","0","0","0","0","","","","","120"
"5","TOT-none-none","instance_30_10_4_39","totalizer","none","none","UNSATISFIABLE","0,04859","0","0","0","0","","","","","120"
"5","TOT-none-none","instance_30_10_4_4","totalizer","none","none","OPTIMUM","8,252591","8,220005","5914","59551","1419","427","429","2","0","120"
"5","TOT-none-none","instance_30_10_4_40","totalizer","none","none","UNSATISFIABLE","0,058858","0","0","0","0","","","","","120"
"5","TOT-none-none","instance_30_10_4_41","totalizer","none","none","OPTIMUM","9,48342","9,464163","4270","31226","1236","350","357","7","0","120"
"5","TOT-none-none","instance_30_10_4_42","totalizer","none","none","UNSATISFIABLE","0,050024","0","0","0","0","","","","","120"
"5","TOT-none-none","instance_30_10_4_43","totalizer","none","none","OPTIMUM","13,57339","13,53048","6319","65912","1427","412","419","7","0","120"
"5","TOT-none-none","instance_30_10_4_44","totalizer","none","none","UNSATISFIABLE","0,067316","0","0","0","0","","","","","120"
"5","TOT-none-none","instance_30_10_4_45","totalizer","none","none","OPTIMUM","7,791557","7,761273","5480","51981","1363","365","370","5","0","120"
"5","TOT-none-none","instance_30_10_4_46","totalizer","none","none","UNSATISFIABLE","0,026884","0","0","0","0","","","","","120"
"5","TOT-none-none","instance_30_10_4_47","totalizer","none","none","OPTIMUM","8,826425","8,80003","4993","41386","1390","395","399","4","0","120"
"5","TOT-none-none","instance_30_10_4_48","totalizer","none","none","OPTIMUM","5,240112","5,2162","4368","32922","1309","375","377","2","0","120"
"5","TOT-none-none","instance_30_10_4_49","totalizer","none","none","UNSATISFIABLE","0,078838","0","0","0","0","","","","","120"
"5","TOT-none-none","instance_30_10_4_5","totalizer","none","none","OPTIMUM","17,29161","17,26102","5528","51736","1452","418","422","4","0","120"
"5","TOT-none-none","instance_30_10_4_50","totalizer","none","none","UNSATISFIABLE","0,050626","0","0","0","0","","","","","120"
"5","TOT-none-none","instance_30_10_4_6","totalizer","none","none","OPTIMUM","7,658594","7,622777","6119","65338","1451","388","389","1","0","120"
"5","TOT-none-none","instance_30_10_4_7","totalizer","none","none","UNSATISFIABLE","0,048261","0","0","0","0","","","","","120"
"5","TOT-none-none","instance_30_10_4_8","totalizer","none","none","OPTIMUM","20,78087","20,74705","5743","56454","1365","414","421","7","0","120"
"5","TOT-none-none","instance_30_10_4_9","totalizer","none","none","UNSATISFIABLE","0,047778","0","0","0","0","","","","","120"
"5","TOT-none-none","instance_30_10_5_1","totalizer","none","none","OPTIMUM","17,66805","17,63037","6612","63720","1608","496","500","4","0","120"
"5","TOT-none-none","instance_30_10_5_10","totalizer","none","none","OPTIMUM","25,14395","25,09577","6952","72837","1703","480","486","6","0","120"
"5","TOT-none-none","instance_30_10_5_11","totalizer","none","none","UNSATISFIABLE","0,052331","0","0","0","0","","","","","120"
"5","TOT-none-none","instance_30_10_5_12","totalizer","none","none","UNSATISFIABLE","0,068125","0","0","0","0","","","","","120"
"5","TOT-none-none","instance_30_10_5_13","totalizer","none","none","UNSATISFIABLE","0,117852","0","0","0","0","","","","","120"
"5","TOT-none-none","instance_30_10_5_14","totalizer","none","none","UNSATISFIABLE","0,126715","0","0","0","0","","","","","120"
"5","TOT-none-none","instance_30_10_5_15","totalizer","none","none","UNSATISFIABLE","0,130045","0","0","0","0","","","","","120"
"5","TOT-none-none","instance_30_10_5_16","totalizer","none","none","OPTIMUM","36,25038","36,18761","8284","102939","1637","489","499","10","0","120"
"5","TOT-none-none","instance_30_10_5_17","totalizer","none","none","OPTIMUM","22,01272","21,97585","6294","62213","1568","492","506","14","0","120"
"5","TOT-none-none","instance_30_10_5_18","totalizer","none","none","OPTIMUM","25,52572","25,4644","8502","101105","1770","519","524","5","0","120"
"5","TOT-none-none","instance_30_10_5_19","totalizer","none","none","UNSATISFIABLE","0,049207","0","0","0","0","","","","","120"
"5","TOT-none-none","instance_30_10_5_2","totalizer","none","none","UNSATISFIABLE","0,091474","0","0","0","0","","","","","120"
"5","TOT-none-none","instance_30_10_5_20","totalizer","none","none","UNSATISFIABLE","0,104172","0","0","0","0","","","","","120"
"5","TOT-none-none","instance_30_10_5_21","totalizer","none","none","UNSATISFIABLE","0,053215","0","0","0","0","","","","","120"
"5","TOT-none-none","instance_30_10_5_22","totalizer","none","none","OPTIMUM","18,87991","18,82611","7886","86742","1772","497","501","4","0","120"
"5","TOT-none-none","instance_30_10_5_23","totalizer","none","none","UNSATISFIABLE","0,051813","0","0","0","0","","","","","120"
"5","TOT-none-none","instance_30_10_5_24","totalizer","none","none","UNSATISFIABLE","0,074561","0","0","0","0","","","","","120"
"5","TOT-none-none","instance_30_10_5_25","totalizer","none","none","UNSATISFIABLE","0,084262","0","0","0","0","","","","","120"
"5","TOT-none-none","instance_30_10_5_26","totalizer","none","none","UNSATISFIABLE","0,049152","0","0","0","0","","","","","120"
"5","TOT-none-none","instance_30_10_5_27","totalizer","none","none","UNSATISFIABLE","0,072744","0","0","0","0","","","","","120"
"5","TOT-none-none","instance_30_10_5_28","totalizer","none","none","UNSATISFIABLE","0,04751","0","0","0","0","","","","","120"
"5","TOT-none-none","instance_30_10_5_29","totalizer","none","none","UNSATISFIABLE","0,048069","0","0","0","0","","","","","120"
"5","TOT-none-none","instance_30_10_5_3","totalizer","none","none","OPTIMUM","12,851","12,79505","8051","98862","1670","479","486","7","0","120"
"5","TOT-none-none","instance_30_10_5_30","totalizer","none","none","UNSATISFIABLE","0,05424","0","0","0","0","","","","","120"
"5","TOT-none-none","instance_30_10_5_31","totalizer","none","none","OPTIMUM","19,26662","19,22909","6179","62678","1535","517","523","6","0","120"
"5","TOT-none-none","instance_30_10_5_32","totalizer","none","none","OPTIMUM","24,52699","24,47228","8084","89089","1811","550","556","6","0","120"
"5","TOT-none-none","instance_30_10_5_33","totalizer","none","none","OPTIMUM","28,52934","28,44636","9761","133789","1881","553","554","1","0","120"
"5","TOT-none-none","instance_30_10_5_34","totalizer","none","none","OPTIMUM","29,8243","29,77101","7803","85493","1772","479","494","15","0","120"
"5","TOT-none-none","instance_30_10_5_35","totalizer","none","none","OPTIMUM","48,45781","48,40992","7239","73429","1737","499","508","7","2","120"
"5","TOT-none-none","instance_30_10_5_36","totalizer","none","none","OPTIMUM","31,41887","31,35798","8768","106367","1838","492","504","12","0","120"
"5","TOT-none-none","instance_30_10_5_37","totalizer","none","none","OPTIMUM","4,270611","4,240468","5221","42868","1495","494","496","2","0","120"
"5","TOT-none-none","instance_30_10_5_38","totalizer","none","none","OPTIMUM","20,13562","20,08698","7253","77317","1727","524","528","4","0","120"
"5","TOT-none-none","instance_30_10_5_39","totalizer","none","none","OPTIMUM","17,30811","17,25692","7293","77731","1757","522","524","2","0","120"
"5","TOT-none-none","instance_30_10_5_4","totalizer","none","none","UNSATISFIABLE","0,048261","0","0","0","0","","","","","120"
"5","TOT-none-none","instance_30_10_5_40","totalizer","none","none","UNSATISFIABLE","0,054822","0","0","0","0","","","","","120"
"5","TOT-none-none","instance_30_10_5_41","totalizer","none","none","UNSATISFIABLE","0,067756","0","0","0","0","","","","","120"
"5","TOT-none-none","instance_30_10_5_42","totalizer","none","none","OPTIMUM","29,57399","29,52127","8046","90693","1785","484","492","8","0","120"
"5","TOT-none-none","instance_30_10_5_43","totalizer","none","none","UNSATISFIABLE","0,049795","0","0","0","0","","","","","120"
"5","TOT-none-none","instance_30_10_5_44","totalizer","none","none","UNSATISFIABLE","0,13689","0","0","0","0","","","","","120"
"5","TOT-none-none","instance_30_10_5_45","totalizer","none","none","UNSATISFIABLE","0,052723","0","0","0","0","","","","","120"
"5","TOT-none-none","instance_30_10_5_46","totalizer","none","none","UNSATISFIABLE","0,04305","0","0","0","0","","","","","120"
"5","TOT-none-none","instance_30_10_5_47","totalizer","none","none","UNSATISFIABLE","0,045035","0","0","0","0","","","","","120"
"5","TOT-none-none","instance_30_10_5_48","totalizer","none","none","OPTIMUM","72,67939","72,64209","6292","61991","1619","483","490","7","0","120"
"5","TOT-none-none","instance_30_10_5_49","totalizer","none","none","TIMEOUT","300,1119","0","0","0","0","","","","","120"
"5","TOT-none-none","instance_30_10_5_5","totalizer","none","none","UNSATISFIABLE","0,054875","0","0","0","0","","","","","120"
"5","TOT-none-none","instance_30_10_5_50","totalizer","none","none","UNSATISFIABLE","0,065045","0","0","0","0","","","","","120"
"5","TOT-none-none","instance_30_10_5_6","totalizer","none","none","UNSATISFIABLE","0,051796","0","0","0","0","","","","","120"
"5","TOT-none-none","instance_30_10_5_7","totalizer","none","none","UNSATISFIABLE","0,079155","0","0","0","0","","","","","120"
"5","TOT-none-none","instance_30_10_5_8","totalizer","none","none","OPTIMUM","12,14819","12,09798","7105","77819","1637","536","537","1","0","120"
"5","TOT-none-none","instance_30_10_5_9","totalizer","none","none","OPTIMUM","25,53266","25,49618","6056","61253","1426","481","495","14","0","120"
"5","TOT-none-none","instance_30_15_4_1","totalizer","none","none","OPTIMUM","14,49929","14,43989","9177","98120","2189","443","448","5","0","120"
"5","TOT-none-none","instance_30_15_4_10","totalizer","none","none","OPTIMUM","13,74216","13,68959","8184","78250","2088","418","426","8","0","120"
"5","TOT-none-none","instance_30_15_4_11","totalizer","none","none","OPTIMUM","47,5566","47,50945","7048","66172","1814","410","413","3","0","120"
"5","TOT-none-none","instance_30_15_4_12","totalizer","none","none","OPTIMUM","7,174434","7,124741","7740","75129","1970","440","443","3","0","120"
"5","TOT-none-none","instance_30_15_4_13","totalizer","none","none","OPTIMUM","8,435782","8,401284","6195","53397","1728","383","388","5","0","120"
"5","TOT-none-none","instance_30_15_4_14","totalizer","none","none","OPTIMUM","15,88457","15,8343","7865","78601","2034","412","420","8","0","120"
"5","TOT-none-none","instance_30_15_4_15","totalizer","none","none","OPTIMUM","17,59771","17,54165","8880","95351","2095","448","452","4","0","120"
"5","TOT-none-none","instance_30_15_4_16","totalizer","none","none","OPTIMUM","8,458406","8,423402","6413","51693","1901","399","400","1","0","120"
"5","TOT-none-none","instance_30_15_4_17","totalizer","none","none","OPTIMUM","8,918621","8,866458","8078","79246","2046","422","426","4","0","120"
"5","TOT-none-none","instance_30_15_4_18","totalizer","none","none","OPTIMUM","18,66878","18,60351","9856","117253","2186","458","463","5","0","120"
"5","TOT-none-none","instance_30_15_4_19","totalizer","none","none","OPTIMUM","5,819367","5,780355","6995","65315","1815","416","424","8","0","120"
"5","TOT-none-none","instance_30_15_4_2","totalizer","none","none","OPTIMUM","6,274281","6,244551","5637","41298","1847","374","377","3","0","120"
"5","TOT-none-none","instance_30_15_4_20","totalizer","none","none","OPTIMUM","5,746325","5,711867","6599","52063","1998","428","434","6","0","120"
"5","TOT-none-none","instance_30_15_4_21","totalizer","none","none","UNSATISFIABLE","0,056533","0","0","0","0","","","","","120"
"5","TOT-none-none","instance_30_15_4_22","totalizer","none","none","OPTIMUM","0,683306","0,644994","7059","65475","1889","428","434","6","0","120"
"5","TOT-none-none","instance_30_15_4_23","totalizer","none","none","OPTIMUM","15,22823","15,16844","9145","99967","2117","438","445","7","0","120"
"5","TOT-none-none","instance_30_15_4_24","totalizer","none","none","OPTIMUM","18,29605","18,23874","8687","91935","2136","447","450","3","0","120"
"5","TOT-none-none","instance_30_15_4_25","totalizer","none","none","OPTIMUM","6,869031","6,819957","7560","69718","2013","408","411","3","0","120"
"5","TOT-none-none","instance_30_15_4_26","totalizer","none","none","OPTIMUM","9,211202","9,158678","8307","80594","2081","437","440","3","0","120"
"5","TOT-none-none","instance_30_15_4_27","totalizer","none","none","OPTIMUM","10,673","10,62402","7625","74302","2004","410","415","5","0","120"
"5","TOT-none-none","instance_30_15_4_28","totalizer","none","none","OPTIMUM","27,06943","27,01649","7976","83705","1980","421","427","6","0","120"
"5","TOT-none-none","instance_30_15_4_29","totalizer","none","none","OPTIMUM","11,69129","11,65864","5774","45898","1741","405","409","4","0","120"
"5","TOT-none-none","instance_30_15_4_3","totalizer","none","none","OPTIMUM","17,51256","17,45446","8632","96181","2089","438","441","3","0","120"
"5","TOT-none-none","instance_30_15_4_30","totalizer","none","none","OPTIMUM","29,22179","29,16518","8665","93053","2120","437","441","4","0","120"
"5","TOT-none-none","instance_30_15_4_31","totalizer","none","none","OPTIMUM","13,63121","13,57393","8883","94758","2095","412","417","5","0","120"
"5","TOT-none-none","instance_30_15_4_32","totalizer","none","none","OPTIMUM","11,2649","11,21268","7822","82376","1995","387","389","2","0","120"
"5","TOT-none-none","instance_30_15_4_33","totalizer","none","none","OPTIMUM","31,07871","31,02293","8638","89244","2127","435","437","2","0","120"
"5","TOT-none-none","instance_30_15_4_34","totalizer","none","none","OPTIMUM","13,86496","13,81071","8385","90037","2078","399","401","2","0","120"
"5","TOT-none-none","instance_30_15_4_35","totalizer","none","none","UNSATISFIABLE","0,081737","0","0","0","0","","","","","120"
"5","TOT-none-none","instance_30_15_4_36","totalizer","none","none","OPTIMUM","11,16267","11,10945","8071","82055","1952","433","437","4","0","120"
"5","TOT-none-none","instance_30_15_4_37","totalizer","none","none","OPTIMUM","20,76873","20,71959","7694","73038","2075","427","432","5","0","120"
"5","TOT-none-none","instance_30_15_4_38","totalizer","none","none","OPTIMUM","14,50873","14,45985","7298","70465","1928","402","404","2","0","120"
"5","TOT-none-none","instance_30_15_4_39","totalizer","none","none","OPTIMUM","9,395532","9,340705","8706","91778","2104","447","450","3","0","120"
"5","TOT-none-none","instance_30_15_4_4","totalizer","none","none","OPTIMUM","27,96434","27,90238","9295","103084","2259","451","454","3","0","120"
"5","TOT-none-none","instance_30_15_4_40","totalizer","none","none","OPTIMUM","7,051191","6,99792","7702","81597","1913","450","450","0","0","120"
"5","TOT-none-none","instance_30_15_4_41","totalizer","none","none","OPTIMUM","12,55394","12,48589","10111","124895","2293","443","443","0","0","120"
"5","TOT-none-none","instance_30_15_4_42","totalizer","none","none","OPTIMUM","28,03301","27,96961","9438","105889","2228","437","440","3","0","120"
"5","TOT-none-none","instance_30_15_4_43","totalizer","none","none","OPTIMUM","24,93069","24,87415","8253","91150","2007","423","430","7","0","120"
"5","TOT-none-none","instance_30_15_4_44","totalizer","none","none","UNSATISFIABLE","0,057228","0","0","0","0","","","","","120"
"5","TOT-none-none","instance_30_15_4_45","totalizer","none","none","OPTIMUM","12,88771","12,82777","9140","103792","2171","422","426","4","0","120"
"5","TOT-none-none","instance_30_15_4_46","totalizer","none","none","OPTIMUM","22,69376","22,63555","8751","96934","2083","450","453","3","0","120"
"5","TOT-none-none","instance_30_15_4_47","totalizer","none","none","OPTIMUM","24,0195","23,96879","7685","74091","2054","428","432","4","0","120"
"5","TOT-none-none","instance_30_15_4_48","totalizer","none","none","OPTIMUM","14,12756","14,07467","7900","75404","1979","431","434","3","0","120"
"5","TOT-none-none","instance_30_15_4_49","totalizer","none","none","OPTIMUM","20,74969","20,69419","8340","84863","1997","436","442","6","0","120"
"5","TOT-none-none","instance_30_15_4_5","totalizer","none","none","OPTIMUM","12,59089","12,53865","7440","75531","1863","421","427","6","0","120"
"5","TOT-none-none","instance_30_15_4_50","totalizer","none","none","OPTIMUM","3,454711","3,415623","7047","63116","1841","404","415","11","0","120"
"5","TOT-none-none","instance_30_15_4_6","totalizer","none","none","OPTIMUM","5,69562","5,660454","6615","53495","1949","441","445","4","0","120"
"5","TOT-none-none","instance_30_15_4_7","totalizer","none","none","UNSATISFIABLE","0,088049","0","0","0","0","","","","","120"
"5","TOT-none-none","instance_30_15_4_8","totalizer","none","none","UNSATISFIABLE","0,094542","0","0","0","0","","","","","120"
"5","TOT-none-none","instance_30_15_4_9","totalizer","none","none","OPTIMUM","10,69404","10,64629","7049","66797","1844","402","408","6","0","120"
"5","TOT-none-none","instance_30_15_5_1","totalizer","none","none","OPTIMUM","26,8887","26,79209","12238","161410","2654","551","555","4","0","120"
"5","TOT-none-none","instance_30_15_5_10","totalizer","none","none","UNSATISFIABLE","0,14166","0","0","0","0","","","","","120"
"5","TOT-none-none","instance_30_15_5_11","totalizer","none","none","OPTIMUM","32,12088","32,05318","10478","120884","2458","540","550","10","0","120"
"5","TOT-none-none","instance_30_15_5_12","totalizer","none","none","OPTIMUM","30,55182","30,44765","13192","183011","2724","570","572","2","0","120"
"5","TOT-none-none","instance_30_15_5_13","totalizer","none","none","OPTIMUM","23,58516","23,49213","11557","149785","2479","561","571","10","0","120"
"5","TOT-none-none","instance_30_15_5_14","totalizer","none","none","OPTIMUM","24,65496","24,58854","10188","116274","2379","534","545","11","0","120"
"5","TOT-none-none","instance_30_15_5_15","totalizer","none","none","OPTIMUM","25,48087","25,38763","11988","157736","2570","546","548","2","0","120"
"5","TOT-none-none","instance_30_15_5_16","totalizer","none","none","OPTIMUM","31,51749","31,44458","11068","128077","2439","480","494","14","0","120"
"5","TOT-none-none","instance_30_15_5_17","totalizer","none","none","OPTIMUM","8,415564","8,356692","9039","96395","2281","548","551","3","0","120"
"5","TOT-none-none","instance_30_15_5_18","totalizer","none","none","OPTIMUM","27,83403","27,7692","9667","106879","2331","528","529","1","0","120"
"5","TOT-none-none","instance_30_15_5_19","totalizer","none","none","OPTIMUM","43,10377","43,00748","11763","147692","2619","530","536","6","0","120"
"5","TOT-none-none","instance_30_15_5_2","totalizer","none","none","OPTIMUM","30,57445","30,48129","11389","146534","2356","554","558","4","0","120"
"5","TOT-none-none","instance_30_15_5_20","totalizer","none","none","UNSATISFIABLE","0,206567","0","0","0","0","","","","","120"
"5","TOT-none-none","instance_30_15_5_21","totalizer","none","none","OPTIMUM","41,05847","40,98623","10818","127123","2476","511","514","3","0","120"
"5","TOT-none-none","instance_30_15_5_22","totalizer","none","none","OPTIMUM","17,27407","17,17944","11789","148207","2602","539","545","6","0","120"
"5","TOT-none-none","instance_30_15_5_23","totalizer","none","none","OPTIMUM","33,33564","33,24554","12033","144531","2661","540","548","8","0","120"
"5","TOT-none-none","instance_30_15_5_24","totalizer","none","none","OPTIMUM","27,91822","27,81551","12748","170175","2610","566","570","4","0","120"
"5","TOT-none-none","instance_30_15_5_25","totalizer","none","none","OPTIMUM","22,40484","22,33458","10105","121666","2365","541","544","3","0","120"
"5","TOT-none-none","instance_30_15_5_26","totalizer","none","none","UNSATISFIABLE","0,230483","0","0","0","0","","","","","120"
"5","TOT-none-none","instance_30_15_5_27","totalizer","none","none","OPTIMUM","144,558","144,4891","10533","124507","2461","537","546","9","0","120"
"5","TOT-none-none","instance_30_15_5_28","totalizer","none","none","OPTIMUM","27,54341","27,44251","12499","175138","2491","561","566","5","0","120"
"5","TOT-none-none","instance_30_15_5_29","totalizer","none","none","OPTIMUM","46,44172","46,34361","12553","166297","2730","550","550","0","0","120"
"5","TOT-none-none","instance_30_15_5_3","totalizer","none","none","OPTIMUM","11,15836","11,10378","8398","82095","2307","515","520","5","0","120"
"5","TOT-none-none","instance_30_15_5_30","totalizer","none","none","OPTIMUM","5,770448","5,719999","7947","69127","2205","440","449","9","0","120"
"5","TOT-none-none","instance_30_15_5_31","totalizer","none","none","OPTIMUM","18,77789","18,71473","9285","105212","2239","522","531","9","0","120"
"5","TOT-none-none","instance_30_15_5_32","totalizer","none","none","OPTIMUM","16,98191","16,92763","8460","78969","2299","509","519","10","0","120"
"5","TOT-none-none","instance_30_15_5_33","totalizer","none","none","UNSATISFIABLE","0,292299","0","0","0","0","","","","","120"
"5","TOT-none-none","instance_30_15_5_34","totalizer","none","none","OPTIMUM","13,36698","13,27525","11950","150435","2632","591","591","0","0","120"
"5","TOT-none-none","instance_30_15_5_35","totalizer","none","none","OPTIMUM","32,968","32,90134","9913","108468","2431","532","540","8","0","120"
"5","TOT-none-none","instance_30_15_5_36","totalizer","none","none","OPTIMUM","14,84736","14,78544","9234","97691","2366","507","512","5","0","120"
"5","TOT-none-none","instance_30_15_5_37","totalizer","none","none","UNSATISFIABLE","0,573945","0","0","0","0","","","","","120"
"5","TOT-none-none","instance_30_15_5_38","totalizer","none","none","UNSATISFIABLE","0,160626","0","0","0","0","","","","","120"
"5","TOT-none-none","instance_30_15_5_39","totalizer","none","none","OPTIMUM","28,65905","28,59327","9887","112196","2349","507","512","5","0","120"
"5","TOT-none-none","instance_30_15_5_4","totalizer","none","none","UNSATISFIABLE","0,21184","0","0","0","0","","","","","120"
"5","TOT-none-none","instance_30_15_5_40","totalizer","none","none","OPTIMUM","37,68773","37,61715","10505","118868","2487","526","534","8","0","120"
"5","TOT-none-none","instance_30_15_5_41","totalizer","none","none","OPTIMUM","30,67614","30,60925","9807","110631","2282","539","542","3","0","120"
"5","TOT-none-none","instance_30_15_5_42","totalizer","none","none","OPTIMUM","45,30238","45,20806","11529","145503","2533","537","547","10","0","120"
"5","TOT-none-none","instance_30_15_5_43","totalizer","none","none","OPTIMUM","22,64482","22,58518","8782","94218","2271","533","542","9","0","120"
"5","TOT-none-none","instance_30_15_5_44","totalizer","none","none","OPTIMUM","41,12749","41,03785","10914","136203","2490","545","552","7","0","120"
"5","TOT-none-none","instance_30_15_5_45","totalizer","none","none","OPTIMUM","21,61501","21,52457","10854","135936","2376","557","559","2","0","120"
"5","TOT-none-none","instance_30_15_5_46","totalizer","none","none","OPTIMUM","35,89174","35,79263","12168","158844","2583","552","555","3","0","120"
"5","TOT-none-none","instance_30_15_5_47","totalizer","none","none","OPTIMUM","20,9171","20,82343","11660","149168","2504","551","555","4","0","120"
"5","TOT-none-none","instance_30_15_5_48","totalizer","none","none","OPTIMUM","25,73093","25,67001","9481","94496","2292","498","511","13","0","120"
"5","TOT-none-none","instance_30_15_5_49","totalizer","none","none","UNSATISFIABLE","0,157011","0","0","0","0","","","","","120"
"5","TOT-none-none","instance_30_15_5_5","totalizer","none","none","OPTIMUM","24,69023","24,61889","10822","123721","2479","531","538","7","0","120"
"5","TOT-none-none","instance_30_15_5_50","totalizer","none","none","OPTIMUM","32,1591","32,08986","10414","119126","2407","555","560","5","0","120"
"5","TOT-none-none","instance_30_15_5_6","totalizer","none","none","OPTIMUM","15,49549","15,3957","12256","165987","2594","546","546","0","0","120"
"5","TOT-none-none","instance_30_15_5_7","totalizer","none","none","OPTIMUM","6,458097","6,388003","10026","118274","2344","544","544","0","0","120"
"5","TOT-none-none","instance_30_15_5_8","totalizer","none","none","OPTIMUM","24,47144","24,40839","9176","101828","2208","505","513","8","0","120"
"5","TOT-none-none","instance_30_15_5_9","totalizer","none","none","OPTIMUM","23,31085","23,22463","11078","135664","2463","531","533","2","0","120"
"5","TOT-none-none","instance_30_20_4_1","totalizer","none","none","OPTIMUM","20,97129","20,88462","12016","133856","2920","414","420","6","0","120"
"5","TOT-none-none","instance_30_20_4_10","totalizer","none","none","OPTIMUM","11,54946","11,48956","9822","96038","2784","442","446","4","0","120"
"5","TOT-none-none","instance_30_20_4_11","totalizer","none","none","OPTIMUM","39,03396","38,94694","11716","135262","2749","454","455","1","0","120"
"5","TOT-none-none","instance_30_20_4_12","totalizer","none","none","OPTIMUM","26,11259","26,02293","12733","148091","2929","446","448","2","0","120"
"5","TOT-none-none","instance_30_20_4_13","totalizer","none","none","OPTIMUM","24,22961","24,14699","11976","131915","2934","444","448","4","0","120"
"5","TOT-none-none","instance_30_20_4_14","totalizer","none","none","OPTIMUM","9,66353","9,616959","8094","66561","2445","462","463","1","0","120"
"5","TOT-none-none","instance_30_20_4_15","totalizer","none","none","OPTIMUM","21,18208","21,09501","11945","145185","2849","461","462","1","0","120"
"5","TOT-none-none","instance_30_20_4_16","totalizer","none","none","OPTIMUM","41,83702","41,74316","11737","154207","2661","420","424","4","0","120"
"5","TOT-none-none","instance_30_20_4_17","totalizer","none","none","OPTIMUM","6,094535","6,043094","8411","82127","2334","421","423","2","0","120"
"5","TOT-none-none","instance_30_20_4_18","totalizer","none","none","OPTIMUM","20,96565","20,90777","9750","100961","2540","435","440","5","0","120"
"5","TOT-none-none","instance_30_20_4_19","totalizer","none","none","OPTIMUM","24,86644","24,79833","11339","126218","2744","459","463","4","0","120"
"5","TOT-none-none","instance_30_20_4_2","totalizer","none","none","OPTIMUM","20,42718","20,37169","9560","94006","2536","430","437","7","0","120"
"5","TOT-none-none","instance_30_20_4_20","totalizer","none","none","OPTIMUM","22,6416","22,57873","10438","113832","2549","445","448","3","0","120"
"5","TOT-none-none","instance_30_20_4_21","totalizer","none","none","OPTIMUM","18,67205","18,58504","12156","145820","2891","438","439","1","0","120"
"5","TOT-none-none","instance_30_20_4_22","totalizer","none","none","OPTIMUM","24,38329","24,3198","10575","113834","2631","432","438","6","0","120"
"5","TOT-none-none","instance_30_20_4_23","totalizer","none","none","OPTIMUM","8,362515","8,305676","9131","89645","2482","455","455","0","0","120"
"5","TOT-none-none","instance_30_20_4_24","totalizer","none","none","OPTIMUM","29,12725","29,03251","12988","168614","2912","453","458","5","0","120"
"5","TOT-none-none","instance_30_20_4_25","totalizer","none","none","OPTIMUM","11,53322","11,47569","9213","91946","2544","439","442","3","0","120"
"5","TOT-none-none","instance_30_20_4_26","totalizer","none","none","OPTIMUM","17,4969","17,42914","11471","125979","2849","461","463","2","0","120"
"5","TOT-none-none","instance_30_20_4_27","totalizer","none","none","OPTIMUM","20,20078","20,11739","12061","137307","2912","463","463","0","0","120"
"5","TOT-none-none","instance_30_20_4_28","totalizer","none","none","OPTIMUM","11,76534","11,70078","10574","117342","2670","456","456","0","0","120"
"5","TOT-none-none","instance_30_20_4_29","totalizer","none","none","OPTIMUM","28,45209","28,38437","11338","129655","2850","469","471","2","0","120"
"5","TOT-none-none","instance_30_20_4_3","totalizer","none","none","OPTIMUM","29,90242","29,83722","10828","119406","2639","457","460","3","0","120"
"5","TOT-none-none","instance_30_20_4_30","totalizer","none","none","OPTIMUM","9,271436","9,187635","11189","136740","2701","467","468","1","0","120"
"5","TOT-none-none","instance_30_20_4_31","totalizer","none","none","OPTIMUM","9,774478","9,713881","9550","100130","2487","455","457","2","0","120"
"5","TOT-none-none","instance_30_20_4_32","totalizer","none","none","OPTIMUM","26,03128","25,94034","12496","156548","2998","455","458","3","0","120"
"5","TOT-none-none","instance_30_20_4_33","totalizer","none","none","OPTIMUM","9,363518","9,303784","9859","102692","2615","441","441","0","0","120"
"5","TOT-none-none","instance_30_20_4_34","totalizer","none","none","OPTIMUM","19,32142","19,25392","11332","126721","2759","461","463","2","0","120"
"5","TOT-none-none","instance_30_20_4_35","totalizer","none","none","OPTIMUM","9,183219","9,124609","9854","97952","2484","433","442","9","0","120"
"5","TOT-none-none","instance_30_20_4_36","totalizer","none","none","OPTIMUM","22,62477","22,56296","9769","102937","2395","442","449","7","0","120"
"5","TOT-none-none","instance_30_20_4_37","totalizer","none","none","OPTIMUM","21,50249","21,41497","12105","148738","2732","464","464","0","0","120"
"5","TOT-none-none","instance_30_20_4_38","totalizer","none","none","OPTIMUM","11,53352","11,46768","10518","120284","2582","446","447","1","0","120"
"5","TOT-none-none","instance_30_20_4_39","totalizer","none","none","OPTIMUM","30,04675","29,98354","10643","113472","2698","467","468","1","0","120"
"5","TOT-none-none","instance_30_20_4_4","totalizer","none","none","OPTIMUM","17,4627","17,39992","10587","108610","2672","435","439","4","0","120"
"5","TOT-none-none","instance_30_20_4_40","totalizer","none","none","OPTIMUM","21,25221","21,1641","12764","152823","2988","465","466","1","0","120"
"5","TOT-none-none","instance_30_20_4_41","totalizer","none","none","OPTIMUM","22,58345","22,52384","9816","101178","2582","455","459","4","0","120"
"5","TOT-none-none","instance_30_20_4_42","totalizer","none","none","OPTIMUM","10,76107","10,7026","10139","103115","2613","443","448","5","0","120"
"5","TOT-none-none","instance_30_20_4_43","totalizer","none","none","OPTIMUM","7,991548","7,943384","7481","67206","2288","430","433","3","0","120"
"5","TOT-none-none","instance_30_20_4_44","totalizer","none","none","OPTIMUM","12,25481","12,20266","8764","83963","2471","447","449","2","0","120"
"5","TOT-none-none","instance_30_20_4_45","totalizer","none","none","OPTIMUM","22,44461","22,37392","10970","122863","2680","460","460","0","0","120"
"5","TOT-none-none","instance_30_20_4_46","totalizer","none","none","OPTIMUM","9,844055","9,788784","9541","92885","2581","443","448","5","0","120"
"5","TOT-none-none","instance_30_20_4_47","totalizer","none","none","OPTIMUM","13,83376","13,76586","11221","123192","2727","459","464","5","0","120"
"5","TOT-none-none","instance_30_20_4_48","totalizer","none","none","OPTIMUM","24,75254","24,68681","10767","118486","2635","445","449","4","0","120"
"5","TOT-none-none","instance_30_20_4_49","totalizer","none","none","OPTIMUM","22,00859","21,94943","9931","102430","2524","415","425","10","0","120"
"5","TOT-none-none","instance_30_20_4_5","totalizer","none","none","OPTIMUM","18,21607","18,15684","10050","103412","2559","442","448","6","0","120"
"5","TOT-none-none","instance_30_20_4_50","totalizer","none","none","OPTIMUM","8,601962","8,543831","9845","98312","2642","437","439","2","0","120"
"5","TOT-none-none","instance_30_20_4_6","totalizer","none","none","OPTIMUM","15,80605","15,74816","9854","97751","2593","442","446","4","0","120"
"5","TOT-none-none","instance_30_20_4_7","totalizer","none","none","OPTIMUM","18,74835","18,68629","10541","111982","2571","431","436","5","0","120"
"5","TOT-none-none","instance_30_20_4_8","totalizer","none","none","OPTIMUM","14,57554","14,52042","9599","93460","2518","445","450","5","0","120"
"5","TOT-none-none","instance_30_20_4_9","totalizer","none","none","OPTIMUM","30,8881","30,8323","9620","92891","2549","431","438","7","0","120"
"5","TOT-none-none","instance_30_20_5_1","totalizer","none","none","OPTIMUM","16,76168","16,66401","13577","169954","3148","545","550","5","0","120"
"5","TOT-none-none","instance_30_20_5_10","totalizer","none","none","OPTIMUM","15,51817","15,43142","12006","135319","3092","531","535","4","0","120"
"5","TOT-none-none","instance_30_20_5_11","totalizer","none","none","OPTIMUM","15,44022","15,34059","14156","173296","3277","549","554","5","0","120"
"5","TOT-none-none","instance_30_20_5_12","totalizer","none","none","OPTIMUM","15,53596","15,4357","13596","174185","3050","560","563","3","0","120"
"5","TOT-none-none","instance_30_20_5_13","totalizer","none","none","OPTIMUM","20,66201","20,56392","13825","173376","3302","569","574","5","0","120"
"5","TOT-none-none","instance_30_20_5_14","totalizer","none","none","OPTIMUM","23,01778","22,89834","16720","237084","3621","586","589","3","0","120"
"5","TOT-none-none","instance_30_20_5_15","totalizer","none","none","OPTIMUM","34,5894","34,50476","11689","131181","2983","552","559","7","0","120"
"5","TOT-none-none","instance_30_20_5_16","totalizer","none","none","OPTIMUM","25,21317","25,11748","13554","164460","3115","575","582","7","0","120"
"5","TOT-none-none","instance_30_20_5_17","totalizer","none","none","OPTIMUM","25,63454","25,53852","13713","165337","3244","530","533","3","0","120"
"5","TOT-none-none","instance_30_20_5_18","totalizer","none","none","OPTIMUM","46,74262","46,62589","16043","227688","3330","568","578","10","0","120"
"5","TOT-none-none","instance_30_20_5_19","totalizer","none","none","OPTIMUM","17,30122","17,20634","13064","166761","3049","551","555","4","0","120"
"5","TOT-none-none","instance_30_20_5_2","totalizer","none","none","OPTIMUM","36,93923","36,84542","13294","155220","3189","540","547","7","0","120"
"5","TOT-none-none","instance_30_20_5_20","totalizer","none","none","OPTIMUM","15,2145","15,1137","14294","173290","3294","559","565","6","0","120"
"5","TOT-none-none","instance_30_20_5_21","totalizer","none","none","OPTIMUM","30,17037","30,07587","13310","157454","3170","526","536","10","0","120"
"5","TOT-none-none","instance_30_20_5_22","totalizer","none","none","OPTIMUM","41,9533","41,85458","13899","173055","3343","561","567","6","0","120"
"5","TOT-none-none","instance_30_20_5_23","totalizer","none","none","OPTIMUM","29,29482","29,22757","10968","119338","2845","545","551","6","0","120"
"5","TOT-none-none","instance_30_20_5_24","totalizer","none","none","OPTIMUM","14,00623","13,90391","14390","186894","3110","572","576","4","0","120"
"5","TOT-none-none","instance_30_20_5_25","totalizer","none","none","OPTIMUM","23,08522","22,99133","13320","159913","3140","565","570","5","0","120"
"5","TOT-none-none","instance_30_20_5_26","totalizer","none","none","OPTIMUM","26,77928","26,68984","12185","143422","3024","561","566","5","0","120"
"5","TOT-none-none","instance_30_20_5_27","totalizer","none","none","OPTIMUM","23,93206","23,84407","12503","139907","3202","516","532","16","0","120"
"5","TOT-none-none","instance_30_20_5_28","totalizer","none","none","OPTIMUM","49,23632","49,16898","11003","115473","2857","523","534","11","0","120"
"5","TOT-none-none","instance_30_20_5_29","totalizer","none","none","OPTIMUM","13,52819","13,46073","11322","120369","2903","560","562","2","0","120"
"5","TOT-none-none","instance_30_20_5_3","totalizer","none","none","OPTIMUM","5,551106","5,466082","12069","136205","3048","566","566","0","0","120"
"5","TOT-none-none","instance_30_20_5_30","totalizer","none","none","OPTIMUM","39,79938","39,70007","14146","174147","3308","566","572","6","0","120"
"5","TOT-none-none","instance_30_20_5_31","totalizer","none","none","OPTIMUM","20,47063","20,36478","14130","194717","3115","582","582","0","0","120"
"5","TOT-none-none","instance_30_20_5_32","totalizer","none","none","OPTIMUM","37,7002","37,59703","14422","179875","3318","556","568","12","0","120"
"5","TOT-none-none","instance_30_20_5_33","totalizer","none","none","OPTIMUM","39,16281","39,07316","12044","142676","2869","517","526","9","0","120"
"5","TOT-none-none","instance_30_20_5_34","totalizer","none","none","OPTIMUM","18,11786","18,01188","14759","194057","3332","568","571","3","0","120"
"5","TOT-none-none","instance_30_20_5_35","totalizer","none","none","OPTIMUM","31,92468","31,82489","13374","174014","3039","557","563","6","0","120"
"5","TOT-none-none","instance_30_20_5_36","totalizer","none","none","OPTIMUM","21,64329","21,55659","12398","135782","2995","550","556","6","0","120"
"5","TOT-none-none","instance_30_20_5_37","totalizer","none","none","OPTIMUM","20,6915","20,60176","12834","148968","3053","547","554","7","0","120"
"5","TOT-none-none","instance_30_20_5_38","totalizer","none","none","OPTIMUM","34,78521","34,67916","14645","196160","3211","563","569","6","0","120"
"5","TOT-none-none","instance_30_20_5_39","totalizer","none","none","OPTIMUM","13,35748","13,29228","11308","114065","3057","545","546","1","0","120"
"5","TOT-none-none","instance_30_20_5_4","totalizer","none","none","OPTIMUM","50,51559","50,40014","16282","225485","3468","572","577","5","0","120"
"5","TOT-none-none","instance_30_20_5_40","totalizer","none","none","OPTIMUM","27,29249","27,18548","15499","201273","3586","574","577","3","0","120"
"5","TOT-none-none","instance_30_20_5_41","totalizer","none","none","OPTIMUM","39,35344","39,24339","15396","205190","3299","567","573","6","0","120"
"5","TOT-none-none","instance_30_20_5_42","totalizer","none","none","OPTIMUM","35,42814","35,31263","15562","215198","3338","590","590","0","0","120"
"5","TOT-none-none","instance_30_20_5_43","totalizer","none","none","OPTIMUM","18,27341","18,20698","10728","118045","2844","558","568","10","0","120"
"5","TOT-none-none","instance_30_20_5_44","totalizer","none","none","OPTIMUM","30,47114","30,37363","13545","169908","3134","573","577","4","0","120"
"5","TOT-none-none","instance_30_20_5_45","totalizer","none","none","OPTIMUM","25,51929","25,45174","11058","120387","2798","559","564","5","0","120"
"5","TOT-none-none","instance_30_20_5_46","totalizer","none","none","OPTIMUM","26,75298","26,65883","12988","155140","3011","558","568","10","0","120"
"5","TOT-none-none","instance_30_20_5_47","totalizer","none","none","OPTIMUM","19,67806","19,57922","13394","169438","3191","570","572","2","0","120"
"5","TOT-none-none","instance_30_20_5_48","totalizer","none","none","OPTIMUM","16,00135","15,89896","14053","179556","3254","576","577","1","0","120"
"5","TOT-none-none","instance_30_20_5_49","totalizer","none","none","OPTIMUM","29,19421","29,09489","13506","177187","3099","542","548","6","0","120"
"5","TOT-none-none","instance_30_20_5_5","totalizer","none","none","OPTIMUM","50,30633","50,2161","12404","146712","2939","534","545","11","0","120"
"5","TOT-none-none","instance_30_20_5_50","totalizer","none","none","UNSATISFIABLE","0,141306","0","0","0","0","","","","","120"
"5","TOT-none-none","instance_30_20_5_6","totalizer","none","none","OPTIMUM","23,16896","23,05782","15403","214661","3318","575","576","1","0","120"
"5","TOT-none-none","instance_30_20_5_7","totalizer","none","none","OPTIMUM","25,57809","25,48215","13647","169521","3135","558","563","5","0","120"
"5","TOT-none-none","instance_30_20_5_8","totalizer","none","none","OPTIMUM","29,26679","29,16761","14132","174069","3305","563","569","6","0","120"
"5","TOT-none-none","instance_30_20_5_9","totalizer","none","none","OPTIMUM","25,24668","25,15492","12929","159163","3043","537","547","10","0","120"
"5","TOT-none-none","instance_30_25_5_1","totalizer","none","none","OPTIMUM","22,21746","22,1025","16484","196569","3860","578","583","5","0","120"
"5","TOT-none-none","instance_30_25_5_10","totalizer","none","none","OPTIMUM","34,67447","34,57238","14099","158960","3652","554","564","10","0","120"
"5","TOT-none-none","instance_30_25_5_11","totalizer","none","none","OPTIMUM","19,66799","19,55112","15644","200427","3659","569","571","2","0","120"
"5","TOT-none-none","instance_30_25_5_12","totalizer","none","none","OPTIMUM","21,9247","21,8158","15428","184167","3997","580","581","1","0","120"
"5","TOT-none-none","instance_30_25_5_13","totalizer","none","none","OPTIMUM","44,64766","44,51888","16874","230263","3734","588","590","2","0","120"
"5","TOT-none-none","instance_30_25_5_14","totalizer","none","none","OPTIMUM","28,27639","28,14827","17259","224238","3837","571","580","9","0","120"
"5","TOT-none-none","instance_30_25_5_15","totalizer","none","none","OPTIMUM","23,4597","23,33937","16640","204732","3927","554","560","6","0","120"
"5","TOT-none-none","instance_30_25_5_16","totalizer","none","none","OPTIMUM","22,99342","22,85861","18336","253390","4022","579","582","3","0","120"
"5","TOT-none-none","instance_30_25_5_17","totalizer","none","none","UNSATISFIABLE","0,70641","0","0","0","0","","","","","120"
"5","TOT-none-none","instance_30_25_5_18","totalizer","none","none","OPTIMUM","49,73533","49,56985","18600","263416","4214","565","568","3","0","120"
"5","TOT-none-none","instance_30_25_5_19","totalizer","none","none","OPTIMUM","25,72644","25,6032","16717","216811","4001","556","565","9","0","120"
"5","TOT-none-none","instance_30_25_5_2","totalizer","none","none","OPTIMUM","35,98355","35,87437","14664","187116","3693","550","556","6","0","120"
"5","TOT-none-none","instance_30_25_5_20","totalizer","none","none","OPTIMUM","25,94403","25,8204","16665","214484","3881","577","580","3","0","120"
"5","TOT-none-none","instance_30_25_5_21","totalizer","none","none","OPTIMUM","31,51298","31,38802","16639","214875","3786","571","577","6","0","120"
"5","TOT-none-none","instance_30_25_5_22","totalizer","none","none","OPTIMUM","112,7615","112,6466","14925","191851","3498","574","585","6","5","120"
"5","TOT-none-none","instance_30_25_5_23","totalizer","none","none","OPTIMUM","28,551","28,43682","15665","200132","3665","572","573","1","0","120"
"5","TOT-none-none","instance_30_25_5_24","totalizer","none","none","OPTIMUM","45,10571","44,94805","17925","243423","4173","581","584","3","0","120"
"5","TOT-none-none","instance_30_25_5_25","totalizer","none","none","OPTIMUM","38,67997","38,51067","19180","270555","4043","575","581","6","0","120"
"5","TOT-none-none","instance_30_25_5_26","totalizer","none","none","OPTIMUM","20,55852","20,44444","15497","183799","3787","570","575","5","0","120"
"5","TOT-none-none","instance_30_25_5_27","totalizer","none","none","OPTIMUM","34,46733","34,34601","16804","222619","3924","583","586","3","0","120"
"5","TOT-none-none","instance_30_25_5_28","totalizer","none","none","OPTIMUM","27,19767","27,02817","18755","275857","4075","584","587","3","0","120"
"5","TOT-none-none","instance_30_25_5_29","totalizer","none","none","OPTIMUM","40,21762","40,08417","17459","243101","4011","565","568","3","0","120"
"5","TOT-none-none","instance_30_25_5_3","totalizer","none","none","OPTIMUM","34,15993","34,05169","15300","174379","3857","566","573","7","0","120"
"5","TOT-none-none","instance_30_25_5_30","totalizer","none","none","OPTIMUM","30,74663","30,61708","16560","217511","3812","558","570","12","0","120"
"5","TOT-none-none","instance_30_25_5_31","totalizer","none","none","OPTIMUM","22,6059","22,50053","14613","170009","3640","555","555","0","0","120"
"5","TOT-none-none","instance_30_25_5_32","totalizer","none","none","OPTIMUM","37,68814","37,55336","17467","246257","4032","573","573","0","0","120"
"5","TOT-none-none","instance_30_25_5_33","totalizer","none","none","OPTIMUM","25,98912","25,88202","14901","173738","3813","559","560","1","0","120"
"5","TOT-none-none","instance_30_25_5_34","totalizer","none","none","OPTIMUM","22,21667","22,09124","16682","232969","3859","577","581","4","0","120"
"5","TOT-none-none","instance_30_25_5_35","totalizer","none","none","OPTIMUM","22,36301","22,25567","14907","180669","3688","563","572","9","0","120"
"5","TOT-none-none","instance_30_25_5_36","totalizer","none","none","OPTIMUM","28,28661","28,16544","16915","208834","3988","570","573","3","0","120"
"5","TOT-none-none","instance_30_25_5_37","totalizer","none","none","OPTIMUM","19,9999","19,88478","15953","197774","3867","541","544","3","0","120"
"5","TOT-none-none","instance_30_25_5_38","totalizer","none","none","OPTIMUM","31,40701","31,29788","14924","178882","3633","566","571","5","0","120"
"5","TOT-none-none","instance_30_25_5_39","totalizer","none","none","OPTIMUM","45,74384","45,60827","17567","252732","3956","585","588","3","0","120"
"5","TOT-none-none","instance_30_25_5_4","totalizer","none","none","OPTIMUM","19,00622","18,88663","16789","204891","4041","583","586","3","0","120"
"5","TOT-none-none","instance_30_25_5_40","totalizer","none","none","OPTIMUM","18,79296","18,68121","15570","186866","3868","585","585","0","0","120"
"5","TOT-none-none","instance_30_25_5_41","totalizer","none","none","OPTIMUM","25,11978","25,00323","16008","199056","3945","584","585","1","0","120"
"5","TOT-none-none","instance_30_25_5_42","totalizer","none","none","OPTIMUM","15,76297","15,63913","16605","224808","3791","588","588","0","0","120"
"5","TOT-none-none","instance_30_25_5_43","totalizer","none","none","OPTIMUM","22,97158","22,85916","15495","188278","3849","530","538","8","0","120"
"5","TOT-none-none","instance_30_25_5_44","totalizer","none","none","OPTIMUM","29,38984","29,28534","14190","164087","3583","525","538","13","0","120"
"5","TOT-none-none","instance_30_25_5_45","totalizer","none","none","OPTIMUM","39,82244","39,70614","15931","201091","3828","572","575","3","0","120"
"5","TOT-none-none","instance_30_25_5_46","totalizer","none","none","OPTIMUM","54,05102","53,91512","18161","245525","4115","570","574","4","0","120"
"5","TOT-none-none","instance_30_25_5_47","totalizer","none","none","OPTIMUM","34,73677","34,62311","16145","195492","3983","575","577","2","0","120"
"5","TOT-none-none","instance_30_25_5_48","totalizer","none","none","OPTIMUM","32,11263","32,01153","14566","160732","3671","565","567","2","0","120"
"5","TOT-none-none","instance_30_25_5_49","totalizer","none","none","OPTIMUM","46,49001","46,36222","17295","244506","3934","578","580","2","0","120"
"5","TOT-none-none","instance_30_25_5_5","totalizer","none","none","OPTIMUM","15,70494","15,57912","17488","227231","3929","574","579","5","0","120"
"5","TOT-none-none","instance_30_25_5_50","totalizer","none","none","OPTIMUM","35,51498","35,39843","16066","201585","3799","573","574","1","0","120"
"5","TOT-none-none","instance_30_25_5_6","totalizer","none","none","OPTIMUM","19,63082","19,49944","18022","252073","4254","588","589","1","0","120"
"5","TOT-none-none","instance_30_25_5_7","totalizer","none","none","OPTIMUM","40,97671","40,84576","17283","238288","3818","573","581","8","0","120"
"5","TOT-none-none","instance_30_25_5_8","totalizer","none","none","OPTIMUM","30,75827","30,58655","20198","291925","4428","585","587","2","0","120"
"5","TOT-none-none","instance_30_25_5_9","totalizer","none","none","OPTIMUM","22,23319","22,12639","14882","177825","3815","590","592","2","0","120"
"5","TOT-none-none","instance_40_10_4_1","totalizer","none","none","OPTIMUM","41,17665","41,11442","9221","113273","2006","563","568","5","0","120"
"5","TOT-none-none","instance_40_10_4_10","totalizer","none","none","UNSATISFIABLE","0,067869","0","0","0","0","","","","","120"
"5","TOT-none-none","instance_40_10_4_11","totalizer","none","none","TIMEOUT","300,1128","0","0","0","0","","","","","120"
"5","TOT-none-none","instance_40_10_4_12","totalizer","none","none","UNSATISFIABLE","0,048521","0","0","0","0","","","","","120"
"5","TOT-none-none","instance_40_10_4_13","totalizer","none","none","UNSATISFIABLE","0,081324","0","0","0","0","","","","","120"
"5","TOT-none-none","instance_40_10_4_14","totalizer","none","none","UNSATISFIABLE","0,174919","0","0","0","0","","","","","120"
"5","TOT-none-none","instance_40_10_4_15","totalizer","none","none","UNSATISFIABLE","0,107088","0","0","0","0","","","","","120"
"5","TOT-none-none","instance_40_10_4_16","totalizer","none","none","OPTIMUM","24,98334","24,92515","8574","104861","1866","569","579","10","0","120"
"5","TOT-none-none","instance_40_10_4_17","totalizer","none","none","OPTIMUM","25,42091","25,3513","9562","129004","2036","580","580","0","0","120"
"5","TOT-none-none","instance_40_10_4_18","totalizer","none","none","UNSATISFIABLE","0,054511","0","0","0","0","","","","","120"
"5","TOT-none-none","instance_40_10_4_19","totalizer","none","none","OPTIMUM","32,40633","32,34437","9211","109588","2091","548","555","7","0","120"
"5","TOT-none-none","instance_40_10_4_2","totalizer","none","none","TIMEOUT","300,1181","0","0","0","0","","","","","120"
"5","TOT-none-none","instance_40_10_4_20","totalizer","none","none","UNSATISFIABLE","0,081698","0","0","0","0","","","","","120"
"5","TOT-none-none","instance_40_10_4_21","totalizer","none","none","OPTIMUM","17,37676","17,31971","8467","99293","1901","557","562","5","0","120"
"5","TOT-none-none","instance_40_10_4_22","totalizer","none","none","OPTIMUM","27,55819","27,50779","7147","72087","1809","553","555","2","0","120"
"5","TOT-none-none","instance_40_10_4_23","totalizer","none","none","UNSATISFIABLE","0,096703","0","0","0","0","","","","","120"
"5","TOT-none-none","instance_40_10_4_24","totalizer","none","none","OPTIMUM","33,8838","33,78894","10795","153037","2072","580","587","7","0","120"
"5","TOT-none-none","instance_40_10_4_25","totalizer","none","none","UNSATISFIABLE","0,081678","0","0","0","0","","","","","120"
"5","TOT-none-none","instance_40_10_4_26","totalizer","none","none","UNSATISFIABLE","0,0552","0","0","0","0","","","","","120"
"5","TOT-none-none","instance_40_10_4_27","totalizer","none","none","UNSATISFIABLE","0,070727","0","0","0","0","","","","","120"
"5","TOT-none-none","instance_40_10_4_28","totalizer","none","none","OPTIMUM","117,695","117,6396","7828","88022","1826","536","548","11","1","120"
"5","TOT-none-none","instance_40_10_4_29","totalizer","none","none","TIMEOUT","300,1119","0","0","0","0","","","","","120"
"5","TOT-none-none","instance_40_10_4_3","totalizer","none","none","OPTIMUM","24,85265","24,79749","7939","92484","1871","486","495","9","0","120"
"5","TOT-none-none","instance_40_10_4_30","totalizer","none","none","OPTIMUM","24,10055","24,03517","9469","118870","2025","498","501","3","0","120"
"5","TOT-none-none","instance_40_10_4_31","totalizer","none","none","TIMEOUT","300,1156","0","0","0","0","","","","","120"
"5","TOT-none-none","instance_40_10_4_32","totalizer","none","none","OPTIMUM","94,0886","94,03117","8140","96611","1845","533","537","4","0","120"
"5","TOT-none-none","instance_40_10_4_33","totalizer","none","none","UNSATISFIABLE","0,080842","0","0","0","0","","","","","120"
"5","TOT-none-none","instance_40_10_4_34","totalizer","none","none","UNSATISFIABLE","0,075187","0","0","0","0","","","","","120"
"5","TOT-none-none","instance_40_10_4_35","totalizer","none","none","UNSATISFIABLE","0,128309","0","0","0","0","","","","","120"
"5","TOT-none-none","instance_40_10_4_36","totalizer","none","none","OPTIMUM","40,57947","40,4964","10220","132431","2152","556","562","6","0","120"
"5","TOT-none-none","instance_40_10_4_37","totalizer","none","none","UNSATISFIABLE","0,097132","0","0","0","0","","","","","120"
"5","TOT-none-none","instance_40_10_4_38","totalizer","none","none","OPTIMUM","31,50693","31,44148","9050","118182","1919","547","556","9","0","120"
"5","TOT-none-none","instance_40_10_4_39","totalizer","none","none","UNSATISFIABLE","0,056317","0","0","0","0","","","","","120"
"5","TOT-none-none","instance_40_10_4_4","totalizer","none","none","UNSATISFIABLE","0,159114","0","0","0","0","","","","","120"
"5","TOT-none-none","instance_40_10_4_40","totalizer","none","none","OPTIMUM","34,57635","34,5434","6065","51492","1780","544","550","3","3","120"
"5","TOT-none-none","instance_40_10_4_41","totalizer","none","none","UNSATISFIABLE","0,062992","0","0","0","0","","","","","120"
"5","TOT-none-none","instance_40_10_4_42","totalizer","none","none","UNSATISFIABLE","0,078341","0","0","0","0","","","","","120"
"5","TOT-none-none","instance_40_10_4_43","totalizer","none","none","UNSATISFIABLE","0,085274","0","0","0","0","","","","","120"
"5","TOT-none-none","instance_40_10_4_44","totalizer","none","none","UNSATISFIABLE","0,080351","0","0","0","0","","","","","120"
"5","TOT-none-none","instance_40_10_4_45","totalizer","none","none","UNSATISFIABLE","0,078401","0","0","0","0","","","","","120"
"5","TOT-none-none","instance_40_10_4_46","totalizer","none","none","OPTIMUM","40,98332","40,92448","8472","101585","2003","557","562","5","0","120"
"5","TOT-none-none","instance_40_10_4_47","totalizer","none","none","UNSATISFIABLE","0,081798","0","0","0","0","","","","","120"
"5","TOT-none-none","instance_40_10_4_48","totalizer","none","none","OPTIMUM","29,49142","29,43271","8396","100299","1900","571","573","2","0","120"
"5","TOT-none-none","instance_40_10_4_49","totalizer","none","none","UNSATISFIABLE","0,055648","0","0","0","0","","","","","120"
"5","TOT-none-none","instance_40_10_4_5","totalizer","none","none","UNSATISFIABLE","0,085796","0","0","0","0","","","","","120"
"5","TOT-none-none","instance_40_10_4_50","totalizer","none","none","UNSATISFIABLE","0,115569","0","0","0","0","","","","","120"
"5","TOT-none-none","instance_40_10_4_6","totalizer","none","none","OPTIMUM","22,00868","21,95628","7891","87433","1889","554","562","8","0","120"
"5","TOT-none-none","instance_40_10_4_7","totalizer","none","none","UNSATISFIABLE","0,096207","0","0","0","0","","","","","120"
"5","TOT-none-none","instance_40_10_4_8","totalizer","none","none","UNSATISFIABLE","0,052054","0","0","0","0","","","","","120"
"5","TOT-none-none","instance_40_10_4_9","totalizer","none","none","UNSATISFIABLE","0,065794","0","0","0","0","","","","","120"
"5","TOT-none-none","instance_40_10_5_1","totalizer","none","none","UNSATISFIABLE","0,168281","0","0","0","0","","","","","120"
"5","TOT-none-none","instance_40_10_5_10","totalizer","none","none","UNSATISFIABLE","0,082954","0","0","0","0","","","","","120"
"5","TOT-none-none","instance_40_10_5_11","totalizer","none","none","OPTIMUM","121,2088","121,1533","9293","119801","2114","609","620","11","0","120"
"5","TOT-none-none","instance_40_10_5_12","totalizer","none","none","TIMEOUT","300,11","0","0","0","0","","","","","120"
"5","TOT-none-none","instance_40_10_5_13","totalizer","none","none","UNSATISFIABLE","0,11968","0","0","0","0","","","","","120"
"5","TOT-none-none","instance_40_10_5_14","totalizer","none","none","OPTIMUM","52,67917","52,60305","10725","141925","2276","663","670","7","0","120"
"5","TOT-none-none","instance_40_10_5_15","totalizer","none","none","UNSATISFIABLE","0,087772","0","0","0","0","","","","","120"
"5","TOT-none-none","instance_40_10_5_16","totalizer","none","none","UNSATISFIABLE","0,161524","0","0","0","0","","","","","120"
"5","TOT-none-none","instance_40_10_5_17","totalizer","none","none","OPTIMUM","40,65979","40,58454","10517","135743","2324","706","711","5","0","120"
"5","TOT-none-none","instance_40_10_5_18","totalizer","none","none","UNSATISFIABLE","0,102711","0","0","0","0","","","","","120"
"5","TOT-none-none","instance_40_10_5_19","totalizer","none","none","TIMEOUT","300,1166","0","0","0","0","","","","","120"
"5","TOT-none-none","instance_40_10_5_2","totalizer","none","none","OPTIMUM","69,70842","69,62956","10795","149336","2180","704","719","15","0","120"
"5","TOT-none-none","instance_40_10_5_20","totalizer","none","none","UNSATISFIABLE","0,058403","0","0","0","0","","","","","120"
"5","TOT-none-none","instance_40_10_5_21","totalizer","none","none","UNSATISFIABLE","0,08358","0","0","0","0","","","","","120"
"5","TOT-none-none","instance_40_10_5_22","totalizer","none","none","TIMEOUT","300,1113","0","0","0","0","","","","","120"
"5","TOT-none-none","instance_40_10_5_23","totalizer","none","none","UNSATISFIABLE","0,079326","0","0","0","0","","","","","120"
"5","TOT-none-none","instance_40_10_5_24","totalizer","none","none","UNSATISFIABLE","0,140916","0","0","0","0","","","","","120"
"5","TOT-none-none","instance_40_10_5_25","totalizer","none","none","UNSATISFIABLE","0,062511","0","0","0","0","","","","","120"
"5","TOT-none-none","instance_40_10_5_26","totalizer","none","none","UNSATISFIABLE","0,211271","0","0","0","0","","","","","120"
"5","TOT-none-none","instance_40_10_5_27","totalizer","none","none","UNSATISFIABLE","0,123286","0","0","0","0","","","","","120"
"5","TOT-none-none","instance_40_10_5_28","totalizer","none","none","TIMEOUT","300,1171","0","0","0","0","","","","","120"
"5","TOT-none-none","instance_40_10_5_29","totalizer","none","none","OPTIMUM","31,34729","31,26968","11098","145063","2387","698","702","4","0","120"
"5","TOT-none-none","instance_40_10_5_3","totalizer","none","none","UNSATISFIABLE","0,170128","0","0","0","0","","","","","120"
"5","TOT-none-none","instance_40_10_5_30","totalizer","none","none","UNSATISFIABLE","0,075129","0","0","0","0","","","","","120"
"5","TOT-none-none","instance_40_10_5_31","totalizer","none","none","UNSATISFIABLE","0,084995","0","0","0","0","","","","","120"
"5","TOT-none-none","instance_40_10_5_32","totalizer","none","none","OPTIMUM","44,85483","44,78325","10594","134535","2311","699","700","1","0","120"
"5","TOT-none-none","instance_40_10_5_33","totalizer","none","none","UNSATISFIABLE","0,087012","0","0","0","0","","","","","120"
"5","TOT-none-none","instance_40_10_5_34","totalizer","none","none","UNSATISFIABLE","2,338628","0","0","0","0","","","","","120"
"5","TOT-none-none","instance_40_10_5_35","totalizer","none","none","UNSATISFIABLE","0,077693","0","0","0","0","","","","","120"
"5","TOT-none-none","instance_40_10_5_36","totalizer","none","none","UNSATISFIABLE","0,198187","0","0","0","0","","","","","120"
"5","TOT-none-none","instance_40_10_5_37","totalizer","none","none","UNSATISFIABLE","0,076089","0","0","0","0","","","","","120"
"5","TOT-none-none","instance_40_10_5_38","totalizer","none","none","UNSATISFIABLE","0,064537","0","0","0","0","","","","","120"
"5","TOT-none-none","instance_40_10_5_39","totalizer","none","none","OPTIMUM","72,35498","72,29761","9847","123509","2189","691","698","5","2","120"
"5","TOT-none-none","instance_40_10_5_4","totalizer","none","none","UNSATISFIABLE","0,065279","0","0","0","0","","","","","120"
"5","TOT-none-none","instance_40_10_5_40","totalizer","none","none","UNSATISFIABLE","0,07875","0","0","0","0","","","","","120"
"5","TOT-none-none","instance_40_10_5_41","totalizer","none","none","UNSATISFIABLE","0,49603","0","0","0","0","","","","","120"
"5","TOT-none-none","instance_40_10_5_42","totalizer","none","none","UNSATISFIABLE","0,060123","0","0","0","0","","","","","120"
"5","TOT-none-none","instance_40_10_5_43","totalizer","none","none","UNSATISFIABLE","0,075171","0","0","0","0","","","","","120"
"5","TOT-none-none","instance_40_10_5_44","totalizer","none","none","OPTIMUM","27,09254","27,03615","9165","113757","2059","634","647","13","0","120"
"5","TOT-none-none","instance_40_10_5_45","totalizer","none","none","TIMEOUT","300,1128","0","0","0","0","","","","","120"
"5","TOT-none-none","instance_40_10_5_46","totalizer","none","none","UNSATISFIABLE","0,084219","0","0","0","0","","","","","120"
"5","TOT-none-none","instance_40_10_5_47","totalizer","none","none","UNSATISFIABLE","0,081933","0","0","0","0","","","","","120"
"5","TOT-none-none","instance_40_10_5_48","totalizer","none","none","UNSATISFIABLE","0,119379","0","0","0","0","","","","","120"
"5","TOT-none-none","instance_40_10_5_49","totalizer","none","none","OPTIMUM","169,9355","169,852","12087","174067","2407","710","726","13","3","120"
"5","TOT-none-none","instance_40_10_5_5","totalizer","none","none","TIMEOUT","300,113","0","0","0","0","","","","","120"
"5","TOT-none-none","instance_40_10_5_50","totalizer","none","none","UNSATISFIABLE","0,083458","0","0","0","0","","","","","120"
"5","TOT-none-none","instance_40_10_5_6","totalizer","none","none","TIMEOUT","300,1201","0","0","0","0","","","","","120"
"5","TOT-none-none","instance_40_10_5_7","totalizer","none","none","OPTIMUM","52,04514","51,96725","11140","153293","2328","695","702","7","0","120"
"5","TOT-none-none","instance_40_10_5_8","totalizer","none","none","UNSATISFIABLE","0,0809","0","0","0","0","","","","","120"
"5","TOT-none-none","instance_40_10_5_9","totalizer","none","none","UNSATISFIABLE","0,109608","0","0","0","0","","","","","120"
"5","TOT-none-none","instance_40_15_4_1","totalizer","none","none","OPTIMUM","17,77714","17,68627","11251","135723","2764","591","593","2","0","120"
"5","TOT-none-none","instance_40_15_4_10","totalizer","none","none","OPTIMUM","56,192","56,13616","8556","87034","2323","522","525","1","2","120"
"5","TOT-none-none","instance_40_15_4_11","totalizer","none","none","TIMEOUT","300,1161","0","0","0","0","","","","","120"
"5","TOT-none-none","instance_40_15_4_12","totalizer","none","none","UNSATISFIABLE","0,248314","0","0","0","0","","","","","120"
"5","TOT-none-none","instance_40_15_4_13","totalizer","none","none","UNSATISFIABLE","0,099767","0","0","0","0","","","","","120"
"5","TOT-none-none","instance_40_15_4_14","totalizer","none","none","OPTIMUM","36,59894","36,50976","11375","134719","2599","566","576","10","0","120"
"5","TOT-none-none","instance_40_15_4_15","totalizer","none","none","UNSATISFIABLE","0,099735","0","0","0","0","","","","","120"
"5","TOT-none-none","instance_40_15_4_16","totalizer","none","none","UNSATISFIABLE","0,207571","0","0","0","0","","","","","120"
"5","TOT-none-none","instance_40_15_4_17","totalizer","none","none","OPTIMUM","39,23141","39,13684","12161","149668","2860","519","527","8","0","120"
"5","TOT-none-none","instance_40_15_4_18","totalizer","none","none","OPTIMUM","26,1952","26,0987","12346","152763","2777","595","598","3","0","120"
"5","TOT-none-none","instance_40_15_4_19","totalizer","none","none","OPTIMUM","23,24889","23,15545","11775","138173","2816","585","591","6","0","120"
"5","TOT-none-none","instance_40_15_4_2","totalizer","none","none","TIMEOUT","300,1111","0","0","0","0","","","","","120"
"5","TOT-none-none","instance_40_15_4_20","totalizer","none","none","OPTIMUM","21,64991","21,55702","11697","142226","2667","580","580","0","0","120"
"5","TOT-none-none","instance_40_15_4_21","totalizer","none","none","OPTIMUM","26,60589","26,53626","10542","115648","2665","535","548","13","0","120"
"5","TOT-none-none","instance_40_15_4_22","totalizer","none","none","OPTIMUM","50,97465","50,86312","13688","192223","2874","590","593","3","0","120"
"5","TOT-none-none","instance_40_15_4_23","totalizer","none","none","OPTIMUM","38,81873","38,74997","10252","113743","2600","553","560","7","0","120"
"5","TOT-none-none","instance_40_15_4_24","totalizer","none","none","OPTIMUM","28,48308","28,41445","10591","116521","2655","580","587","7","0","120"
"5","TOT-none-none","instance_40_15_4_25","totalizer","none","none","OPTIMUM","27,85006","27,75291","12292","157998","2815","604","605","1","0","120"
"5","TOT-none-none","instance_40_15_4_26","totalizer","none","none","OPTIMUM","19,11212","19,05124","9198","91398","2516","593","594","1","0","120"
"5","TOT-none-none","instance_40_15_4_27","totalizer","none","none","UNSATISFIABLE","0,126193","0","0","0","0","","","","","120"
"5","TOT-none-none","instance_40_15_4_28","totalizer","none","none","OPTIMUM","32,98931","32,91629","10572","119326","2524","595","598","3","0","120"
"5","TOT-none-none","instance_40_15_4_29","totalizer","none","none","UNSATISFIABLE","0,101161","0","0","0","0","","","","","120"
"5","TOT-none-none","instance_40_15_4_3","totalizer","none","none","UNSATISFIABLE","0,066226","0","0","0","0","","","","","120"
"5","TOT-none-none","instance_40_15_4_30","totalizer","none","none","OPTIMUM","35,39421","35,32075","10811","128703","2639","532","537","5","0","120"
"5","TOT-none-none","instance_40_15_4_31","totalizer","none","none","OPTIMUM","20,92035","20,82983","11891","137425","2862","564","572","8","0","120"
"5","TOT-none-none","instance_40_15_4_32","totalizer","none","none","OPTIMUM","29,83295","29,73782","11597","142675","2788","591","592","1","0","120"
"5","TOT-none-none","instance_40_15_4_33","totalizer","none","none","UNSATISFIABLE","0,217337","0","0","0","0","","","","","120"
"5","TOT-none-none","instance_40_15_4_34","totalizer","none","none","OPTIMUM","39,935","39,8742","9327","95895","2371","544","554","10","0","120"
"5","TOT-none-none","instance_40_15_4_35","totalizer","none","none","OPTIMUM","25,75111","25,68496","10014","108757","2601","554","564","10","0","120"
"5","TOT-none-none","instance_40_15_4_36","totalizer","none","none","OPTIMUM","39,5811","39,5119","10519","119566","2646","536","553","17","0","120"
"5","TOT-none-none","instance_40_15_4_37","totalizer","none","none","UNSATISFIABLE","0,187266","0","0","0","0","","","","","120"
"5","TOT-none-none","instance_40_15_4_38","totalizer","none","none","OPTIMUM","55,16262","55,06974","12063","148040","2833","564","567","3","0","120"
"5","TOT-none-none","instance_40_15_4_39","totalizer","none","none","OPTIMUM","28,76268","28,6488","13892","197654","2921","601","607","6","0","120"
"5","TOT-none-none","instance_40_15_4_4","totalizer","none","none","OPTIMUM","25,07543","25,0039","11198","122568","2745","538","551","13","0","120"
"5","TOT-none-none","instance_40_15_4_40","totalizer","none","none","OPTIMUM","25,83761","25,74717","11703","136340","2748","599","600","1","0","120"
"5","TOT-none-none","instance_40_15_4_41","totalizer","none","none","UNSATISFIABLE","0,130278","0","0","0","0","","","","","120"
"5","TOT-none-none","instance_40_15_4_42","totalizer","none","none","UNSATISFIABLE","0,110931","0","0","0","0","","","","","120"
"5","TOT-none-none","instance_40_15_4_43","totalizer","none","none","OPTIMUM","28,46633","28,3964","10732","127045","2609","566","571","5","0","120"
"5","TOT-none-none","instance_40_15_4_44","totalizer","none","none","OPTIMUM","46,47879","46,38708","11454","133903","2801","536","552","16","0","120"
"5","TOT-none-none","instance_40_15_4_45","totalizer","none","none","OPTIMUM","24,41557","24,34299","11171","127564","2684","584","588","4","0","120"
"5","TOT-none-none","instance_40_15_4_46","totalizer","none","none","OPTIMUM","33,93953","33,83215","13030","166637","2918","605","607","2","0","120"
"5","TOT-none-none","instance_40_15_4_47","totalizer","none","none","OPTIMUM","50,13189","50,06231","10596","119766","2667","571","579","8","0","120"
"5","TOT-none-none","instance_40_15_4_48","totalizer","none","none","OPTIMUM","28,52197","28,41187","13711","191618","2967","571","578","7","0","120"
"5","TOT-none-none","instance_40_15_4_49","totalizer","none","none","OPTIMUM","24,4959","24,38691","13414","177818","2907","582","585","3","0","120"
"5","TOT-none-none","instance_40_15_4_5","totalizer","none","none","OPTIMUM","28,08715","28,0211","10150","110452","2538","547","562","13","2","120"
"5","TOT-none-none","instance_40_15_4_50","totalizer","none","none","OPTIMUM","28,62705","28,55985","9956","111847","2535","585","591","5","1","120"
"5","TOT-none-none","instance_40_15_4_6","totalizer","none","none","OPTIMUM","35,24614","35,18747","9180","85065","2515","550","559","9","0","120"
"5","TOT-none-none","instance_40_15_4_7","totalizer","none","none","OPTIMUM","38,45409","38,35594","12385","155387","2902","572","584","12","0","120"
"5","TOT-none-none","instance_40_15_4_8","totalizer","none","none","OPTIMUM","28,94992","28,89363","8831","85750","2422","496","508","12","0","120"
"5","TOT-none-none","instance_40_15_4_9","totalizer","none","none","OPTIMUM","86,97419","86,87784","12045","152664","2683","590","594","3","1","120"
"5","TOT-none-none","instance_40_15_5_1","totalizer","none","none","OPTIMUM","106,3723","106,2622","16340","252394","3457","751","757","4","2","120"
"5","TOT-none-none","instance_40_15_5_10","totalizer","none","none","OPTIMUM","20,54106","20,44535","14491","200616","3198","724","733","9","0","120"
"5","TOT-none-none","instance_40_15_5_11","totalizer","none","none","OPTIMUM","56,81593","56,7191","14618","204275","3247","695","705","10","0","120"
"5","TOT-none-none","instance_40_15_5_12","totalizer","none","none","OPTIMUM","23,46839","23,36281","16182","234546","3350","773","774","1","0","120"
"5","TOT-none-none","instance_40_15_5_13","totalizer","none","none","UNSATISFIABLE","0,395008","0","0","0","0","","","","","120"
"5","TOT-none-none","instance_40_15_5_14","totalizer","none","none","OPTIMUM","55,13006","55,02942","15285","228530","3227","711","723","12","0","120"
"5","TOT-none-none","instance_40_15_5_15","totalizer","none","none","OPTIMUM","44,39706","44,28844","16775","245780","3438","736","744","8","0","120"
"5","TOT-none-none","instance_40_15_5_16","totalizer","none","none","TIMEOUT","300,1235","0","0","0","0","","","","","120"
"5","TOT-none-none","instance_40_15_5_17","totalizer","none","none","TIMEOUT","300,118","0","0","0","0","","","","","120"
"5","TOT-none-none","instance_40_15_5_18","totalizer","none","none","OPTIMUM","42,36131","42,27305","13514","168281","3134","685","692","7","0","120"
"5","TOT-none-none","instance_40_15_5_19","totalizer","none","none","UNSATISFIABLE","0,157585","0","0","0","0","","","","","120"
"5","TOT-none-none","instance_40_15_5_2","totalizer","none","none","OPTIMUM","68,0903","68,00616","13194","163672","3038","714","730","16","0","120"
"5","TOT-none-none","instance_40_15_5_20","totalizer","none","none","OPTIMUM","43,16442","43,06911","14062","186172","3176","703","712","9","0","120"
"5","TOT-none-none","instance_40_15_5_21","totalizer","none","none","OPTIMUM","45,78986","45,65081","17389","270269","3399","732","738","6","0","120"
"5","TOT-none-none","instance_40_15_5_22","totalizer","none","none","UNSATISFIABLE","0,111905","0","0","0","0","","","","","120"
"5","TOT-none-none","instance_40_15_5_23","totalizer","none","none","OPTIMUM","30,03508","29,96088","11570","133488","2884","717","720","3","0","120"
"5","TOT-none-none","instance_40_15_5_24","totalizer","none","none","OPTIMUM","78,13762","78,04488","13592","185305","3010","723","731","8","0","120"
"5","TOT-none-none","instance_40_15_5_25","totalizer","none","none","UNSATISFIABLE","0,125557","0","0","0","0","","","","","120"
"5","TOT-none-none","instance_40_15_5_26","totalizer","none","none","OPTIMUM","60,04232","59,94602","13994","193671","3105","710","722","12","0","120"
"5","TOT-none-none","instance_40_15_5_27","totalizer","none","none","OPTIMUM","43,97109","43,89076","12356","145967","3072","640","658","18","0","120"
"5","TOT-none-none","instance_40_15_5_28","totalizer","none","none","OPTIMUM","25,53319","25,43766","14740","188473","3477","749","754","5","0","120"
"5","TOT-none-none","instance_40_15_5_29","totalizer","none","none","UNSATISFIABLE","0,186824","0","0","0","0","","","","","120"
"5","TOT-none-none","instance_40_15_5_3","totalizer","none","none","OPTIMUM","63,38992","63,25247","17654","265834","3639","745","749","4","0","120"
"5","TOT-none-none","instance_40_15_5_30","totalizer","none","none","OPTIMUM","45,4226","45,28446","16650","269618","3294","706","716","10","0","120"
"5","TOT-none-none","instance_40_15_5_31","totalizer","none","none","OPTIMUM","50,707","50,61308","14894","196953","3383","717","729","12","0","120"
"5","TOT-none-none","instance_40_15_5_32","totalizer","none","none","UNSATISFIABLE","0,172021","0","0","0","0","","","","","120"
"5","TOT-none-none","instance_40_15_5_33","totalizer","none","none","OPTIMUM","97,82536","97,748","11638","146031","2925","676","683","7","0","120"
"5","TOT-none-none","instance_40_15_5_34","totalizer","none","none","OPTIMUM","284,1805","284,0702","16064","242591","3397","728","737","9","0","120"
"5","TOT-none-none","instance_40_15_5_35","totalizer","none","none","OPTIMUM","23,89096","23,79002","15542","223398","3325","743","748","5","0","120"
"5","TOT-none-none","instance_40_15_5_36","totalizer","none","none","UNSATISFIABLE","0,336901","0","0","0","0","","","","","120"
"5","TOT-none-none","instance_40_15_5_37","totalizer","none","none","UNSATISFIABLE","0,308819","0","0","0","0","","","","","120"
"5","TOT-none-none","instance_40_15_5_38","totalizer","none","none","UNSATISFIABLE","0,112631","0","0","0","0","","","","","120"
"5","TOT-none-none","instance_40_15_5_39","totalizer","none","none","OPTIMUM","43,13617","43,04251","15281","208885","3368","700","707","7","0","120"
"5","TOT-none-none","instance_40_15_5_4","totalizer","none","none","OPTIMUM","28,24877","28,14739","15655","224638","3409","728","735","7","0","120"
"5","TOT-none-none","instance_40_15_5_40","totalizer","none","none","OPTIMUM","37,0331","36,94101","13934","182566","3214","696","711","15","0","120"
"5","TOT-none-none","instance_40_15_5_41","totalizer","none","none","OPTIMUM","27,00991","26,91025","14210","192313","3259","744","745","1","0","120"
"5","TOT-none-none","instance_40_15_5_42","totalizer","none","none","OPTIMUM","21,6596","21,59136","11187","128110","2907","685","693","8","0","120"
"5","TOT-none-none","instance_40_15_5_43","totalizer","none","none","OPTIMUM","75,80727","75,68166","16253","249859","3276","746","750","4","0","120"
"5","TOT-none-none","instance_40_15_5_44","totalizer","none","none","UNSATISFIABLE","0,854676","0","0","0","0","","","","","120"
"5","TOT-none-none","instance_40_15_5_45","totalizer","none","none","OPTIMUM","76,98105","76,87894","13112","172886","3047","716","725","9","0","120"
"5","TOT-none-none","instance_40_15_5_46","totalizer","none","none","OPTIMUM","40,34894","40,24825","13318","164217","3123","649","660","11","0","120"
"5","TOT-none-none","instance_40_15_5_47","totalizer","none","none","OPTIMUM","31,88813","31,78212","13958","186082","3162","656","666","10","0","120"
"5","TOT-none-none","instance_40_15_5_48","totalizer","none","none","OPTIMUM","44,72193","44,62596","12280","151840","2972","660","674","14","0","120"
"5","TOT-none-none","instance_40_15_5_49","totalizer","none","none","UNSATISFIABLE","0,155881","0","0","0","0","","","","","120"
"5","TOT-none-none","instance_40_15_5_5","totalizer","none","none","UNSATISFIABLE","0,314396","0","0","0","0","","","","","120"
"5","TOT-none-none","instance_40_15_5_50","totalizer","none","none","OPTIMUM","53,09163","52,98774","13552","180313","3021","701","707","6","0","120"
"5","TOT-none-none","instance_40_15_5_6","totalizer","none","none","UNSATISFIABLE","0,479655","0","0","0","0","","","","","120"
"5","TOT-none-none","instance_40_15_5_7","totalizer","none","none","OPTIMUM","94,84374","94,68522","17122","267423","3396","757","764","7","0","120"
"5","TOT-none-none","instance_40_15_5_8","totalizer","none","none","OPTIMUM","42,89376","42,78699","13810","179930","3259","694","703","9","0","120"
"5","TOT-none-none","instance_40_15_5_9","totalizer","none","none","TIMEOUT","300,1144","0","0","0","0","","","","","120"
"5","TOT-none-none","instance_40_20_4_1","totalizer","none","none","OPTIMUM","42,7533","42,64094","15742","212640","3637","585","590","5","0","120"
"5","TOT-none-none","instance_40_20_4_10","totalizer","none","none","OPTIMUM","21,77816","21,68649","13745","160862","3475","603","607","4","0","120"
"5","TOT-none-none","instance_40_20_4_11","totalizer","none","none","OPTIMUM","15,77335","15,65531","16546","228117","3746","590","594","4","0","120"
"5","TOT-none-none","instance_40_20_4_12","totalizer","none","none","OPTIMUM","28,6998","28,59149","15423","195896","3640","600","603","3","0","120"
"5","TOT-none-none","instance_40_20_4_13","totalizer","none","none","OPTIMUM","32,94279","32,83281","15454","201768","3579","609","612","3","0","120"
"5","TOT-none-none","instance_40_20_4_14","totalizer","none","none","OPTIMUM","31,41627","31,3036","16178","218340","3795","618","619","1","0","120"
"5","TOT-none-none","instance_40_20_4_15","totalizer","none","none","OPTIMUM","49,26756","49,14857","16781","233679","3686","611","614","3","0","120"
"5","TOT-none-none","instance_40_20_4_16","totalizer","none","none","OPTIMUM","39,07695","38,95901","16724","245573","3668","599","602","3","0","120"
"5","TOT-none-none","instance_40_20_4_17","totalizer","none","none","OPTIMUM","10,42676","10,33386","13745","165623","3529","622","623","1","0","120"
"5","TOT-none-none","instance_40_20_4_18","totalizer","none","none","OPTIMUM","21,58657","21,49691","13358","142518","3597","573","576","3","0","120"
"5","TOT-none-none","instance_40_20_4_19","totalizer","none","none","OPTIMUM","24,75362","24,65243","14302","178019","3498","605","605","0","0","120"
"5","TOT-none-none","instance_40_20_4_2","totalizer","none","none","OPTIMUM","23,73791","23,63753","14421","174021","3609","595","600","5","0","120"
"5","TOT-none-none","instance_40_20_4_20","totalizer","none","none","OPTIMUM","20,1167","20,01685","14851","175185","3742","580","588","8","0","120"
"5","TOT-none-none","instance_40_20_4_21","totalizer","none","none","OPTIMUM","23,25494","23,15482","14152","169031","3392","585","592","7","0","120"
"5","TOT-none-none","instance_40_20_4_22","totalizer","none","none","OPTIMUM","30,74172","30,64043","14421","184144","3445","582","585","3","0","120"
"5","TOT-none-none","instance_40_20_4_23","totalizer","none","none","OPTIMUM","68,78838","68,6766","15441","197888","3580","574","580","6","0","120"
"5","TOT-none-none","instance_40_20_4_24","totalizer","none","none","OPTIMUM","29,88694","29,77497","15834","209712","3720","617","618","1","0","120"
"5","TOT-none-none","instance_40_20_4_25","totalizer","none","none","OPTIMUM","44,33738","44,22355","16496","214354","3751","604","609","5","0","120"
"5","TOT-none-none","instance_40_20_4_26","totalizer","none","none","OPTIMUM","22,78312","22,71417","11842","118806","3279","573","580","7","0","120"
"5","TOT-none-none","instance_40_20_4_27","totalizer","none","none","OPTIMUM","28,072","27,98323","12841","148841","3366","578","582","4","0","120"
"5","TOT-none-none","instance_40_20_4_28","totalizer","none","none","UNSATISFIABLE","0,168097","0","0","0","0","","","","","120"
"5","TOT-none-none","instance_40_20_4_29","totalizer","none","none","OPTIMUM","17,39439","17,28257","16020","220083","3691","623","623","0","0","120"
"5","TOT-none-none","instance_40_20_4_3","totalizer","none","none","OPTIMUM","33,59211","33,47488","15918","223917","3512","585","592","7","0","120"
"5","TOT-none-none","instance_40_20_4_30","totalizer","none","none","OPTIMUM","29,15126","29,05663","13125","161399","3261","599","603","4","0","120"
"5","TOT-none-none","instance_40_20_4_31","totalizer","none","none","OPTIMUM","26,94832","26,85233","13773","161749","3563","609","613","4","0","120"
"5","TOT-none-none","instance_40_20_4_32","totalizer","none","none","OPTIMUM","27,07411","26,96351","16012","214137","3743","613","617","4","0","120"
"5","TOT-none-none","instance_40_20_4_33","totalizer","none","none","OPTIMUM","17,82894","17,72199","15337","202389","3719","579","581","2","0","120"
"5","TOT-none-none","instance_40_20_4_34","totalizer","none","none","OPTIMUM","38,11788","38,01604","14834","180972","3671","581","591","10","0","120"
"5","TOT-none-none","instance_40_20_4_35","totalizer","none","none","OPTIMUM","31,66251","31,54791","16226","223436","3745","618","619","1","0","120"
"5","TOT-none-none","instance_40_20_4_36","totalizer","none","none","OPTIMUM","45,98222","45,87533","15076","191273","3583","563","571","8","0","120"
"5","TOT-none-none","instance_40_20_4_37","totalizer","none","none","OPTIMUM","219,874","219,7869","12466","140543","3213","605","612","4","3","120"
"5","TOT-none-none","instance_40_20_4_38","totalizer","none","none","OPTIMUM","21,95003","21,85295","14346","173021","3595","605","608","3","0","120"
"5","TOT-none-none","instance_40_20_4_39","totalizer","none","none","OPTIMUM","50,37796","50,27805","13900","175899","3371","608","611","3","0","120"
"5","TOT-none-none","instance_40_20_4_4","totalizer","none","none","OPTIMUM","15,18749","15,12416","11339","107032","3273","588","592","4","0","120"
"5","TOT-none-none","instance_40_20_4_40","totalizer","none","none","OPTIMUM","27,45882","27,35403","15049","203106","3504","619","619","0","0","120"
"5","TOT-none-none","instance_40_20_4_41","totalizer","none","none","OPTIMUM","25,1276","25,00877","16772","219330","4001","618","623","5","0","120"
"5","TOT-none-none","instance_40_20_4_42","totalizer","none","none","OPTIMUM","32,05493","31,96383","13592","147356","3496","605","608","3","0","120"
"5","TOT-none-none","instance_40_20_4_43","totalizer","none","none","OPTIMUM","19,24406","19,13764","15837","209916","3771","614","615","1","0","120"
"5","TOT-none-none","instance_40_20_4_44","totalizer","none","none","OPTIMUM","36,70668","36,57994","17394","254560","3799","602","604","2","0","120"
"5","TOT-none-none","instance_40_20_4_45","totalizer","none","none","OPTIMUM","31,20034","31,09936","14904","187808","3528","605","607","2","0","120"
"5","TOT-none-none","instance_40_20_4_46","totalizer","none","none","OPTIMUM","33,76204","33,66554","13925","164123","3551","584","586","2","0","120"
"5","TOT-none-none","instance_40_20_4_47","totalizer","none","none","OPTIMUM","104,5332","104,4643","11255","122797","3173","560","567","7","0","120"
"5","TOT-none-none","instance_40_20_4_48","totalizer","none","none","OPTIMUM","90,19552","90,09954","14078","167456","3626","577","585","8","0","120"
"5","TOT-none-none","instance_40_20_4_49","totalizer","none","none","OPTIMUM","26,60035","26,44348","18438","273317","3750","613","617","4","0","120"
"5","TOT-none-none","instance_40_20_4_5","totalizer","none","none","OPTIMUM","43,49647","43,37681","16938","246058","3745","607","608","1","0","120"
"5","TOT-none-none","instance_40_20_4_50","totalizer","none","none","OPTIMUM","37,50554","37,39329","16094","214889","3713","598","602","4","0","120"
"5","TOT-none-none","instance_40_20_4_6","totalizer","none","none","OPTIMUM","19,46382","19,36103","15014","194851","3578","615","617","2","0","120"
"5","TOT-none-none","instance_40_20_4_7","totalizer","none","none","OPTIMUM","31,23165","31,13537","13811","162307","3464","607","610","3","0","120"
"5","TOT-none-none","instance_40_20_4_8","totalizer","none","none","OPTIMUM","41,0915","40,98514","14707","191166","3385","606","607","1","0","120"
"5","TOT-none-none","instance_40_20_4_9","totalizer","none","none","OPTIMUM","26,94341","26,84127","14847","187080","3631","619","619","0","0","120"
"5","TOT-none-none","instance_40_20_5_1","totalizer","none","none","TIMEOUT","300,117","0","0","0","0","","","","","120"
"5","TOT-none-none","instance_40_20_5_10","totalizer","none","none","OPTIMUM","22,08954","21,99084","16448","195847","4081","716","723","7","0","120"
"5","TOT-none-none","instance_40_20_5_11","totalizer","none","none","OPTIMUM","29,66436","29,51671","18875","275204","4143","734","737","3","0","120"
"5","TOT-none-none","instance_40_20_5_12","totalizer","none","none","OPTIMUM","77,71156","77,59006","18765","258867","4408","724","734","10","0","120"
"5","TOT-none-none","instance_40_20_5_13","totalizer","none","none","OPTIMUM","40,17332","40,05811","18587","250510","4312","763","768","5","0","120"
"5","TOT-none-none","instance_40_20_5_14","totalizer","none","none","OPTIMUM","50,51338","50,35887","20639","310889","4541","772","773","1","0","120"
"5","TOT-none-none","instance_40_20_5_15","totalizer","none","none","OPTIMUM","23,6602","23,55966","16655","208177","4109","745","751","6","0","120"
"5","TOT-none-none","instance_40_20_5_16","totalizer","none","none","OPTIMUM","27,45531","27,35036","16850","222304","4090","745","751","6","0","120"
"5","TOT-none-none","instance_40_20_5_17","totalizer","none","none","OPTIMUM","69,58814","69,42564","21070","342564","4329","737","745","8","0","120"
"5","TOT-none-none","instance_40_20_5_18","totalizer","none","none","OPTIMUM","46,96199","46,8599","16476","204651","4143","758","763","5","0","120"
"5","TOT-none-none","instance_40_20_5_19","totalizer","none","none","OPTIMUM","39,26938","39,11727","20887","300666","4519","753","757","4","0","120"
"5","TOT-none-none","instance_40_20_5_2","totalizer","none","none","OPTIMUM","52,32831","52,1808","19766","276066","4418","751","762","11","0","120"
"5","TOT-none-none","instance_40_20_5_20","totalizer","none","none","OPTIMUM","40,92088","40,77551","18468","263259","4106","776","779","3","0","120"
"5","TOT-none-none","instance_40_20_5_21","totalizer","none","none","OPTIMUM","35,5029","35,34005","20911","332075","4406","761","762","1","0","120"
"5","TOT-none-none","instance_40_20_5_22","totalizer","none","none","OPTIMUM","77,86718","77,72422","19394","284075","4476","758","765","7","0","120"
"5","TOT-none-none","instance_40_20_5_23","totalizer","none","none","OPTIMUM","36,56214","36,44823","19015","252445","4458","766","770","4","0","120"
"5","TOT-none-none","instance_40_20_5_24","totalizer","none","none","OPTIMUM","51,23588","51,11813","17511","235738","4104","740","748","8","0","120"
"5","TOT-none-none","instance_40_20_5_25","totalizer","none","none","OPTIMUM","278,7464","278,6415","16955","223592","4198","699","715","16","0","120"
"5","TOT-none-none","instance_40_20_5_26","totalizer","none","none","OPTIMUM","62,98761","62,82859","20743","322790","4250","772","772","0","0","120"
"5","TOT-none-none","instance_40_20_5_27","totalizer","none","none","OPTIMUM","52,04814","51,95265","14726","188174","3661","689","698","9","0","120"
"5","TOT-none-none","instance_40_20_5_28","totalizer","none","none","OPTIMUM","28,98382","28,83301","19285","304753","4072","743","747","4","0","120"
"5","TOT-none-none","instance_40_20_5_29","totalizer","none","none","OPTIMUM","53,37278","53,22679","19729","281751","4314","734","745","11","0","120"
"5","TOT-none-none","instance_40_20_5_3","totalizer","none","none","OPTIMUM","56,28266","56,1738","16856","228788","4027","757","758","1","0","120"
"5","TOT-none-none","instance_40_20_5_30","totalizer","none","none","OPTIMUM","49,07116","48,92786","19617","277531","4400","755","760","5","0","120"
"5","TOT-none-none","instance_40_20_5_31","totalizer","none","none","OPTIMUM","29,64962","29,53868","17260","233235","4153","737","739","2","0","120"
"5","TOT-none-none","instance_40_20_5_32","totalizer","none","none","UNSATISFIABLE","0,296833","0","0","0","0","","","","","120"
"5","TOT-none-none","instance_40_20_5_33","totalizer","none","none","OPTIMUM","68,16233","68,00182","20941","333100","4331","769","773","4","0","120"
"5","TOT-none-none","instance_40_20_5_34","totalizer","none","none","TIMEOUT","300,122","0","0","0","0","","","","","120"
"5","TOT-none-none","instance_40_20_5_35","totalizer","none","none","UNSATISFIABLE","0,467097","0","0","0","0","","","","","120"
"5","TOT-none-none","instance_40_20_5_36","totalizer","none","none","OPTIMUM","50,80434","50,69077","18255","243208","4267","722","731","9","0","120"
"5","TOT-none-none","instance_40_20_5_37","totalizer","none","none","OPTIMUM","48,9382","48,8221","18474","249338","4340","771","772","1","0","120"
"5","TOT-none-none","instance_40_20_5_38","totalizer","none","none","OPTIMUM","16,84339","16,70209","18846","278811","4283","764","765","1","0","120"
"5","TOT-none-none","instance_40_20_5_39","totalizer","none","none","OPTIMUM","42,80144","42,65954","19286","267331","4440","776","777","1","0","120"
"5","TOT-none-none","instance_40_20_5_4","totalizer","none","none","OPTIMUM","42,16906","42,02725","19012","265391","4315","723","732","9","0","120"
"5","TOT-none-none","instance_40_20_5_40","totalizer","none","none","OPTIMUM","91,79663","91,67881","18252","259046","4031","688","702","14","0","120"
"5","TOT-none-none","instance_40_20_5_41","totalizer","none","none","OPTIMUM","33,87466","33,77166","16751","217517","3938","723","731","8","0","120"
"5","TOT-none-none","instance_40_20_5_42","totalizer","none","none","OPTIMUM","52,95445","52,80288","20163","316659","4081","722","732","10","0","120"
"5","TOT-none-none","instance_40_20_5_43","totalizer","none","none","OPTIMUM","28,93604","28,7648","21832","351586","4425","756","758","2","0","120"
"5","TOT-none-none","instance_40_20_5_44","totalizer","none","none","OPTIMUM","47,95472","47,8088","19376","272645","4337","735","744","9","0","120"
"5","TOT-none-none","instance_40_20_5_45","totalizer","none","none","TIMEOUT","300,1136","0","0","0","0","","","","","120"
"5","TOT-none-none","instance_40_20_5_46","totalizer","none","none","OPTIMUM","34,71666","34,61549","16619","209439","3956","741","754","13","0","120"
"5","TOT-none-none","instance_40_20_5_47","totalizer","none","none","OPTIMUM","55,11375","55,00884","16980","213897","3995","703","717","14","0","120"
"5","TOT-none-none","instance_40_20_5_48","totalizer","none","none","OPTIMUM","29,81102","29,66221","19870","290734","4374","767","773","6","0","120"
"5","TOT-none-none","instance_40_20_5_49","totalizer","none","none","OPTIMUM","103,6906","103,5316","21795","333666","4512","776","785","9","0","120"
"5","TOT-none-none","instance_40_20_5_5","totalizer","none","none","UNSATISFIABLE","18,55273","0","0","0","0","","","","","120"
"5","TOT-none-none","instance_40_20_5_50","totalizer","none","none","OPTIMUM","47,42685","47,32706","16253","203250","3989","729","740","11","0","120"
"5","TOT-none-none","instance_40_20_5_6","totalizer","none","none","OPTIMUM","56,30787","56,14902","20520","331381","4147","733","746","13","0","120"
"5","TOT-none-none","instance_40_20_5_7","totalizer","none","none","OPTIMUM","8,239363","8,132757","16613","234069","3865","754","756","2","0","120"
"5","TOT-none-none","instance_40_20_5_8","totalizer","none","none","OPTIMUM","49,77737","49,62647","19709","310060","4331","775","778","3","0","120"
"5","TOT-none-none","instance_40_20_5_9","totalizer","none","none","OPTIMUM","52,5193","52,42387","15000","176046","3847","707","720","13","0","120"
"5","TOT-none-none","instance_40_25_4_1","totalizer","none","none","OPTIMUM","45,52638","45,35645","19792","269640","4571","625","628","3","0","120"
"5","TOT-none-none","instance_40_25_4_10","totalizer","none","none","OPTIMUM","39,73696","39,60477","18085","244294","4264","606","612","6","0","120"
"5","TOT-none-none","instance_40_25_4_11","totalizer","none","none","OPTIMUM","19,40916","19,27109","18190","251670","4236","626","627","1","0","120"
"5","TOT-none-none","instance_40_25_4_12","totalizer","none","none","OPTIMUM","32,28565","32,15777","17524","235089","4250","623","625","2","0","120"
"5","TOT-none-none","instance_40_25_4_13","totalizer","none","none","OPTIMUM","30,01135","29,89535","17066","201772","4511","623","626","3","0","120"
"5","TOT-none-none","instance_40_25_4_14","totalizer","none","none","OPTIMUM","47,07549","46,90163","20183","285062","4509","617","618","1","0","120"
"5","TOT-none-none","instance_40_25_4_15","totalizer","none","none","OPTIMUM","73,22467","73,09893","16991","220933","4079","594","607","13","0","120"
"5","TOT-none-none","instance_40_25_4_16","totalizer","none","none","OPTIMUM","30,51011","30,38294","17685","230389","4434","587","589","2","0","120"
"5","TOT-none-none","instance_40_25_4_17","totalizer","none","none","OPTIMUM","38,83083","38,71617","16911","193702","4496","600","607","7","0","120"
"5","TOT-none-none","instance_40_25_4_18","totalizer","none","none","OPTIMUM","23,29231","23,15794","18225","229661","4565","600","602","2","0","120"
"5","TOT-none-none","instance_40_25_4_19","totalizer","none","none","OPTIMUM","49,90451","49,71835","20715","309086","4388","612","617","5","0","120"
"5","TOT-none-none","instance_40_25_4_2","totalizer","none","none","OPTIMUM","29,08594","28,96647","16911","201881","4402","590","595","5","0","120"
"5","TOT-none-none","instance_40_25_4_20","totalizer","none","none","OPTIMUM","36,09682","35,99028","14556","164727","3859","571","581","10","0","120"
"5","TOT-none-none","instance_40_25_4_21","totalizer","none","none","OPTIMUM","39,91583","39,74546","20124","271384","4682","609","616","7","0","120"
"5","TOT-none-none","instance_40_25_4_22","totalizer","none","none","OPTIMUM","29,57578","29,45926","17014","206842","4211","609","613","4","0","120"
"5","TOT-none-none","instance_40_25_4_23","totalizer","none","none","OPTIMUM","55,62796","55,49052","18971","250978","4463","613","619","6","0","120"
"5","TOT-none-none","instance_40_25_4_24","totalizer","none","none","OPTIMUM","49,09347","48,9246","19943","273620","4614","611","612","1","0","120"
"5","TOT-none-none","instance_40_25_4_25","totalizer","none","none","OPTIMUM","20,72112","20,60047","16876","202659","4356","620","623","3","0","120"
"5","TOT-none-none","instance_40_25_4_26","totalizer","none","none","OPTIMUM","35,71586","35,58703","17447","223082","4310","616","618","2","0","120"
"5","TOT-none-none","instance_40_25_4_27","totalizer","none","none","OPTIMUM","21,98837","21,86424","17586","224623","4312","586","596","10","0","120"
"5","TOT-none-none","instance_40_25_4_28","totalizer","none","none","OPTIMUM","39,74634","39,56985","20189","293747","4635","603","607","4","0","120"
"5","TOT-none-none","instance_40_25_4_29","totalizer","none","none","OPTIMUM","28,47975","28,35533","17241","217137","4468","617","618","1","0","120"
"5","TOT-none-none","instance_40_25_4_3","totalizer","none","none","OPTIMUM","39,54858","39,43943","15888","185490","4293","615","623","8","0","120"
"5","TOT-none-none","instance_40_25_4_30","totalizer","none","none","OPTIMUM","49,77953","49,59923","20733","298262","4853","629","631","2","0","120"
"5","TOT-none-none","instance_40_25_4_31","totalizer","none","none","OPTIMUM","25,11125","24,99861","15846","182103","4188","615","619","4","0","120"
"5","TOT-none-none","instance_40_25_4_32","totalizer","none","none","OPTIMUM","37,42516","37,25117","19628","278202","4397","619","620","1","0","120"
"5","TOT-none-none","instance_40_25_4_33","totalizer","none","none","OPTIMUM","35,20739","35,08438","17041","216827","4252","618","623","5","0","120"
"5","TOT-none-none","instance_40_25_4_34","totalizer","none","none","OPTIMUM","34,86541","34,74172","17346","214437","4428","613","620","7","0","120"
"5","TOT-none-none","instance_40_25_4_35","totalizer","none","none","OPTIMUM","39,62631","39,49032","18493","251541","4448","607","610","3","0","120"
"5","TOT-none-none","instance_40_25_4_36","totalizer","none","none","OPTIMUM","53,0794","52,94361","18922","255803","4706","627","628","1","0","120"
"5","TOT-none-none","instance_40_25_4_37","totalizer","none","none","OPTIMUM","36,63111","36,50013","17992","238524","4475","603","609","6","0","120"
"5","TOT-none-none","instance_40_25_4_38","totalizer","none","none","OPTIMUM","34,3656","34,23376","17578","233802","4295","613","613","0","0","120"
"5","TOT-none-none","instance_40_25_4_39","totalizer","none","none","OPTIMUM","65,43584","65,26074","19976","294941","4482","615","619","4","0","120"
"5","TOT-none-none","instance_40_25_4_4","totalizer","none","none","OPTIMUM","34,10457","33,97892","17872","225711","4294","623","626","3","0","120"
"5","TOT-none-none","instance_40_25_4_40","totalizer","none","none","OPTIMUM","35,95664","35,8328","18257","220511","4558","606","610","4","0","120"
"5","TOT-none-none","instance_40_25_4_41","totalizer","none","none","OPTIMUM","45,19527","45,017","19625","298994","4325","626","627","1","0","120"
"5","TOT-none-none","instance_40_25_4_42","totalizer","none","none","OPTIMUM","31,05457","30,91991","18345","252266","4392","606","611","5","0","120"
"5","TOT-none-none","instance_40_25_4_43","totalizer","none","none","OPTIMUM","31,89903","31,72403","20137","282317","4639","612","615","3","0","120"
"5","TOT-none-none","instance_40_25_4_44","totalizer","none","none","OPTIMUM","26,12981","26,02084","15676","179935","4145","592","597","5","0","120"
"5","TOT-none-none","instance_40_25_4_45","totalizer","none","none","OPTIMUM","44,63854","44,475","19142","264224","4514","624","624","0","0","120"
"5","TOT-none-none","instance_40_25_4_46","totalizer","none","none","OPTIMUM","38,66057","38,484","20892","303016","4689","631","631","0","0","120"
"5","TOT-none-none","instance_40_25_4_47","totalizer","none","none","OPTIMUM","43,57101","43,40415","18782","280268","4274","567","569","2","0","120"
"5","TOT-none-none","instance_40_25_4_48","totalizer","none","none","OPTIMUM","44,84261","44,65684","21419","326154","4884","625","625","0","0","120"
"5","TOT-none-none","instance_40_25_4_49","totalizer","none","none","OPTIMUM","21,90398","21,7863","17221","207744","4348","615","619","4","0","120"
"5","TOT-none-none","instance_40_25_4_5","totalizer","none","none","OPTIMUM","32,68329","32,56413","16745","207906","4271","558","560","2","0","120"
"5","TOT-none-none","instance_40_25_4_50","totalizer","none","none","OPTIMUM","29,43325","29,2973","18696","248521","4600","618","620","2","0","120"
"5","TOT-none-none","instance_40_25_4_6","totalizer","none","none","OPTIMUM","24,72375","24,60216","17208","216090","4376","589","591","2","0","120"
"5","TOT-none-none","instance_40_25_4_7","totalizer","none","none","OPTIMUM","37,12795","36,98648","19467","261386","4631","614","616","2","0","120"
"5","TOT-none-none","instance_40_25_4_8","totalizer","none","none","OPTIMUM","25,91653","25,80842","15194","182682","4162","595","600","5","0","120"
"5","TOT-none-none","instance_40_25_4_9","totalizer","none","none","OPTIMUM","69,54166","69,37391","19165","275321","4343","602","606","4","0","120"
"5","TOT-none-none","instance_40_25_5_1","totalizer","none","none","OPTIMUM","33,41794","33,23","21784","326337","5042","779","781","2","0","120"
"5","TOT-none-none","instance_40_25_5_10","totalizer","none","none","OPTIMUM","47,32792","47,09978","26974","434446","5579","772","776","4","0","120"
"5","TOT-none-none","instance_40_25_5_11","totalizer","none","none","OPTIMUM","33,84163","33,64168","23605","359910","5310","783","783","0","0","120"
"5","TOT-none-none","instance_40_25_5_12","totalizer","none","none","OPTIMUM","59,26275","59,06458","23421","343499","5220","781","783","2","0","120"
"5","TOT-none-none","instance_40_25_5_13","totalizer","none","none","OPTIMUM","43,14157","42,92946","25078","383160","5572","784","787","3","0","120"
"5","TOT-none-none","instance_40_25_5_14","totalizer","none","none","OPTIMUM","88,15706","87,92582","27302","429954","5948","781","781","0","0","120"
"5","TOT-none-none","instance_40_25_5_15","totalizer","none","none","OPTIMUM","46,94115","46,75448","20662","308452","4880","715","719","4","0","120"
"5","TOT-none-none","instance_40_25_5_16","totalizer","none","none","OPTIMUM","37,65462","37,45461","23149","338520","5352","759","763","4","0","120"
"5","TOT-none-none","instance_40_25_5_17","totalizer","none","none","OPTIMUM","51,05067","50,84112","24595","372878","5422","745","752","7","0","120"
"5","TOT-none-none","instance_40_25_5_18","totalizer","none","none","OPTIMUM","70,96698","70,7565","23514","364678","5226","784","785","1","0","120"
"5","TOT-none-none","instance_40_25_5_19","totalizer","none","none","OPTIMUM","55,26545","55,13281","18773","231120","4888","734","741","7","0","120"
"5","TOT-none-none","instance_40_25_5_2","totalizer","none","none","OPTIMUM","27,98047","27,7753","23597","360807","5235","775","778","3","0","120"
"5","TOT-none-none","instance_40_25_5_20","totalizer","none","none","OPTIMUM","88,16653","87,94161","25053","412891","5198","767","772","5","0","120"
"5","TOT-none-none","instance_40_25_5_21","totalizer","none","none","OPTIMUM","55,40264","55,19388","24282","367979","5415","758","760","2","0","120"
"5","TOT-none-none","instance_40_25_5_22","totalizer","none","none","OPTIMUM","39,73332","39,55321","20896","282647","5001","761","769","8","0","120"
"5","TOT-none-none","instance_40_25_5_23","totalizer","none","none","OPTIMUM","71,82538","71,60119","25849","410341","5481","769","771","2","0","120"
"5","TOT-none-none","instance_40_25_5_24","totalizer","none","none","OPTIMUM","51,07691","50,93804","20435","259187","5145","738","749","11","0","120"
"5","TOT-none-none","instance_40_25_5_25","totalizer","none","none","OPTIMUM","47,26802","47,08559","21338","284709","5200","761","769","8","0","120"
"5","TOT-none-none","instance_40_25_5_26","totalizer","none","none","OPTIMUM","82,86501","82,66056","24509","366067","5441","776","778","2","0","120"
"5","TOT-none-none","instance_40_25_5_27","totalizer","none","none","OPTIMUM","50,426","50,28474","20157","257544","5004","739","754","15","0","120"
"5","TOT-none-none","instance_40_25_5_28","totalizer","none","none","OPTIMUM","60,61622","60,43086","23009","332423","5379","742","750","8","0","120"
"5","TOT-none-none","instance_40_25_5_29","totalizer","none","none","OPTIMUM","53,05471","52,87536","21379","290318","5218","746","753","7","0","120"
"5","TOT-none-none","instance_40_25_5_3","totalizer","none","none","OPTIMUM","63,69254","63,51415","23064","356626","5253","722","733","11","0","120"
"5","TOT-none-none","instance_40_25_5_30","totalizer","none","none","OPTIMUM","80,47575","80,27245","26426","425058","5587","766","770","4","0","120"
"5","TOT-none-none","instance_40_25_5_31","totalizer","none","none","OPTIMUM","44,30889","44,0821","25714","427077","5579","788","790","2","0","120"
"5","TOT-none-none","instance_40_25_5_32","totalizer","none","none","OPTIMUM","82,8933","82,68528","23747","354836","5410","710","722","12","0","120"
"5","TOT-none-none","instance_40_25_5_33","totalizer","none","none","OPTIMUM","69,23476","69,05956","20016","262580","4849","769","774","5","0","120"
"5","TOT-none-none","instance_40_25_5_34","totalizer","none","none","OPTIMUM","64,8277","64,61985","23197","365807","5079","764","769","5","0","120"
"5","TOT-none-none","instance_40_25_5_35","totalizer","none","none","OPTIMUM","60,02754","59,8147","24420","371114","5297","748","757","9","0","120"
"5","TOT-none-none","instance_40_25_5_36","totalizer","none","none","OPTIMUM","25,93922","25,74482","23258","332926","5415","788","788","0","0","120"
"5","TOT-none-none","instance_40_25_5_37","totalizer","none","none","OPTIMUM","73,51293","73,32584","21443","302317","5149","750","753","3","0","120"
"5","TOT-none-none","instance_40_25_5_38","totalizer","none","none","OPTIMUM","58,11719","57,92636","22004","310927","5033","736","741","5","0","120"
"5","TOT-none-none","instance_40_25_5_39","totalizer","none","none","OPTIMUM","70,39958","70,21049","20848","308269","4961","738","748","10","0","120"
"5","TOT-none-none","instance_40_25_5_4","totalizer","none","none","OPTIMUM","34,91692","34,70762","24570","361374","5462","779","783","4","0","120"
"5","TOT-none-none","instance_40_25_5_40","totalizer","none","none","OPTIMUM","34,73975","34,55673","21756","287193","5335","769","775","6","0","120"
"5","TOT-none-none","instance_40_25_5_41","totalizer","none","none","OPTIMUM","39,50372","39,28283","24087","393548","5080","765","770","5","0","120"
"5","TOT-none-none","instance_40_25_5_42","totalizer","none","none","OPTIMUM","29,2265","29,09349","18520","239776","4778","739","745","6","0","120"
"5","TOT-none-none","instance_40_25_5_43","totalizer","none","none","OPTIMUM","84,27201","84,08873","21555","298697","4975","766","773","7","0","120"
"5","TOT-none-none","instance_40_25_5_44","totalizer","none","none","OPTIMUM","21,51177","21,30771","23018","361609","5141","783","786","3","0","120"
"5","TOT-none-none","instance_40_25_5_45","totalizer","none","none","OPTIMUM","55,935","55,72053","24789","375658","5516","705","710","5","0","120"
"5","TOT-none-none","instance_40_25_5_46","totalizer","none","none","UNSATISFIABLE","0,328914","0","0","0","0","","","","","120"
"5","TOT-none-none","instance_40_25_5_47","totalizer","none","none","OPTIMUM","86,07754","85,85313","25935","418622","5386","782","784","2","0","120"
"5","TOT-none-none","instance_40_25_5_48","totalizer","none","none","OPTIMUM","53,11142","52,90824","22482","342414","5190","768","769","1","0","120"
"5","TOT-none-none","instance_40_25_5_49","totalizer","none","none","OPTIMUM","216,0872","215,8887","22798","342451","5205","720","736","16","0","120"
"5","TOT-none-none","instance_40_25_5_5","totalizer","none","none","OPTIMUM","63,13591","62,91217","26007","404057","5584","781","787","6","0","120"
"5","TOT-none-none","instance_40_25_5_50","totalizer","none","none","OPTIMUM","69,10058","68,85038","28287","483376","5582","786","791","5","0","120"
"5","TOT-none-none","instance_40_25_5_6","totalizer","none","none","OPTIMUM","53,94342","53,73021","24279","372834","5293","768","770","2","0","120"
"5","TOT-none-none","instance_40_25_5_7","totalizer","none","none","OPTIMUM","50,79534","50,58506","23801","380696","5107","784","785","1","0","120"
"5","TOT-none-none","instance_40_25_5_8","totalizer","none","none","OPTIMUM","49,84046","49,65182","21609","307056","5142","768","772","4","0","120"
"5","TOT-none-none","instance_40_25_5_9","totalizer","none","none","OPTIMUM","55,56187","55,36696","22727","339249","5254","775","777","2","0","120"