cfg_id;label;instance_name;method;objective_mode;objective_policy;delta;similarity_reference_optimum;similarity_lower_bound;similarity_realized_loss_absolute;similarity_realized_loss_fraction;similarity_realized_loss_ratio;cardinality;ic;sb;status;elapsed_s;timeout_seconds;solve_s;solver_calls;variables;hard_clauses;soft_clauses;best_value;weighted_reference_score;similarity;continuity;overtime;coverage;stage_objectives;stage_optima
1;ORIGINAL;instance_30_10_4_1;lex-overtime;lexicographic;overtime-priority;-;;;;;;sorting-network;none;none;OPTIMUM;63.10777055;300.0;62.929282507;3;75519;180323;847;404.0;404.0;404.0;0.0;0.0;120.0;overtime | continuity | similarity;0 | 0 | 404
1;ORIGINAL;instance_30_10_4_10;lex-overtime;lexicographic;overtime-priority;-;;;;;;sorting-network;none;none;OPTIMUM;55.53331673;300.0;55.354522343999996;3;74110;173776;825;389.0;389.0;389.0;0.0;0.0;120.0;overtime | continuity | similarity;0 | 0 | 389
1;ORIGINAL;instance_30_10_4_11;lex-overtime;lexicographic;overtime-priority;-;;;;;;sorting-network;none;none;OPTIMUM;42.16740557;300.0;41.984555574;3;77953;179545;858;371.0;371.0;371.0;0.0;0.0;120.0;overtime | continuity | similarity;0 | 0 | 371
1;ORIGINAL;instance_30_10_4_12;lex-overtime;lexicographic;overtime-priority;-;;;;;;sorting-network;none;none;OPTIMUM;49.97039197;300.0;49.798055044;3;67533;163135;781;374.0;374.0;374.0;0.0;0.0;120.0;overtime | continuity | similarity;0 | 0 | 374
1;ORIGINAL;instance_30_10_4_13;lex-overtime;lexicographic;overtime-priority;-;;;;;;sorting-network;none;none;UNSATISFIABLE;0.034418213;300.0;0;1;0;0;0;;;;;;;;
1;ORIGINAL;instance_30_10_4_14;lex-overtime;lexicographic;overtime-priority;-;;;;;;sorting-network;none;none;UNSATISFIABLE;0.034685507;300.0;0;1;0;0;0;;;;;;;;
1;ORIGINAL;instance_30_10_4_15;lex-overtime;lexicographic;overtime-priority;-;;;;;;sorting-network;none;none;UNSATISFIABLE;0.024553024;300.0;0;1;0;0;0;;;;;;;;
1;ORIGINAL;instance_30_10_4_16;lex-overtime;lexicographic;overtime-priority;-;;;;;;sorting-network;none;none;OPTIMUM;65.15735415;300.0;64.948905674;3;85738;203564;902;427.0;427.0;427.0;0.0;0.0;120.0;overtime | continuity | similarity;0 | 0 | 427
1;ORIGINAL;instance_30_10_4_17;lex-overtime;lexicographic;overtime-priority;-;;;;;;sorting-network;none;none;OPTIMUM;49.63147021;300.0;49.464640384000006;3;70709;158210;847;400.0;400.0;400.0;0.0;0.0;120.0;overtime | continuity | similarity;0 | 0 | 400
1;ORIGINAL;instance_30_10_4_18;lex-overtime;lexicographic;overtime-priority;-;;;;;;sorting-network;none;none;OPTIMUM;29.1225625;300.0;28.962402636;3;73055;164213;858;397.0;397.0;397.0;0.0;0.0;120.0;overtime | continuity | similarity;0 | 0 | 397
1;ORIGINAL;instance_30_10_4_19;lex-overtime;lexicographic;overtime-priority;-;;;;;;sorting-network;none;none;UNSATISFIABLE;0.042481363;300.0;0;1;0;0;0;;;;;;;;
1;ORIGINAL;instance_30_10_4_2;lex-overtime;lexicographic;overtime-priority;-;;;;;;sorting-network;none;none;UNSATISFIABLE;0.054064068;300.0;0;1;0;0;0;;;;;;;;
1;ORIGINAL;instance_30_10_4_20;lex-overtime;lexicographic;overtime-priority;-;;;;;;sorting-network;none;none;UNSATISFIABLE;0.033879623;300.0;0;1;0;0;0;;;;;;;;
1;ORIGINAL;instance_30_10_4_21;lex-overtime;lexicographic;overtime-priority;-;;;;;;sorting-network;none;none;UNSATISFIABLE;0.042340588;300.0;0;1;0;0;0;;;;;;;;
1;ORIGINAL;instance_30_10_4_22;lex-overtime;lexicographic;overtime-priority;-;;;;;;sorting-network;none;none;UNSATISFIABLE;0.039283322;300.0;0;1;0;0;0;;;;;;;;
1;ORIGINAL;instance_30_10_4_23;lex-overtime;lexicographic;overtime-priority;-;;;;;;sorting-network;none;none;OPTIMUM;42.65739485;300.0;42.46565187499999;3;84165;195755;891;378.0;378.0;378.0;0.0;0.0;120.0;overtime | continuity | similarity;0 | 0 | 378
1;ORIGINAL;instance_30_10_4_24;lex-overtime;lexicographic;overtime-priority;-;;;;;;sorting-network;none;none;OPTIMUM;60.43041485;300.0;60.253675597;3;74154;171039;847;384.0;384.0;385.0;1.0;0.0;120.0;overtime | continuity | similarity;0 | 1 | 385
1;ORIGINAL;instance_30_10_4_25;lex-overtime;lexicographic;overtime-priority;-;;;;;;sorting-network;none;none;OPTIMUM;54.1526633;300.0;53.972502527;3;64625;162368;748;443.0;443.0;443.0;0.0;0.0;120.0;overtime | continuity | similarity;0 | 0 | 443
1;ORIGINAL;instance_30_10_4_26;lex-overtime;lexicographic;overtime-priority;-;;;;;;sorting-network;none;none;UNSATISFIABLE;0.047450033;300.0;0;1;0;0;0;;;;;;;;
1;ORIGINAL;instance_30_10_4_27;lex-overtime;lexicographic;overtime-priority;-;;;;;;sorting-network;none;none;OPTIMUM;55.85845995;300.0;55.681810575;3;79864;176783;869;360.0;360.0;364.0;4.0;0.0;120.0;overtime | continuity | similarity;0 | 4 | 364
1;ORIGINAL;instance_30_10_4_28;lex-overtime;lexicographic;overtime-priority;-;;;;;;sorting-network;none;none;UNSATISFIABLE;0.027177627;300.0;0;1;0;0;0;;;;;;;;
1;ORIGINAL;instance_30_10_4_29;lex-overtime;lexicographic;overtime-priority;-;;;;;;sorting-network;none;none;UNSATISFIABLE;0.03897279;300.0;0;1;0;0;0;;;;;;;;
1;ORIGINAL;instance_30_10_4_3;lex-overtime;lexicographic;overtime-priority;-;;;;;;sorting-network;none;none;UNSATISFIABLE;0.036733513;300.0;0;1;0;0;0;;;;;;;;
1;ORIGINAL;instance_30_10_4_30;lex-overtime;lexicographic;overtime-priority;-;;;;;;sorting-network;none;none;OPTIMUM;42.97398933;300.0;42.789509317;3;77911;181646;836;358.0;358.0;359.0;1.0;0.0;120.0;overtime | continuity | similarity;0 | 1 | 359
1;ORIGINAL;instance_30_10_4_31;lex-overtime;lexicographic;overtime-priority;-;;;;;;sorting-network;none;none;OPTIMUM;55.8909703;300.0;55.719711236;3;72364;166393;803;369.0;369.0;375.0;6.0;0.0;120.0;overtime | continuity | similarity;0 | 6 | 375
1;ORIGINAL;instance_30_10_4_32;lex-overtime;lexicographic;overtime-priority;-;;;;;;sorting-network;none;none;OPTIMUM;56.97860212;300.0;56.791149222;3;82138;191286;891;419.0;419.0;419.0;0.0;0.0;120.0;overtime | continuity | similarity;0 | 0 | 419
1;ORIGINAL;instance_30_10_4_33;lex-overtime;lexicographic;overtime-priority;-;;;;;;sorting-network;none;none;OPTIMUM;68.2261789;300.0;68.060584347;3;70163;167387;814;433.0;433.0;433.0;0.0;0.0;120.0;overtime | continuity | similarity;0 | 0 | 433
1;ORIGINAL;instance_30_10_4_34;lex-overtime;lexicographic;overtime-priority;-;;;;;;sorting-network;none;none;UNSATISFIABLE;0.040463127;300.0;0;1;0;0;0;;;;;;;;
1;ORIGINAL;instance_30_10_4_35;lex-overtime;lexicographic;overtime-priority;-;;;;;;sorting-network;none;none;UNSATISFIABLE;0.034664623;300.0;0;1;0;0;0;;;;;;;;
1;ORIGINAL;instance_30_10_4_36;lex-overtime;lexicographic;overtime-priority;-;;;;;;sorting-network;none;none;OPTIMUM;52.43095578;300.0;52.250850226;3;71974;172182;803;385.0;385.0;385.0;0.0;0.0;120.0;overtime | continuity | similarity;0 | 0 | 385
1;ORIGINAL;instance_30_10_4_37;lex-overtime;lexicographic;overtime-priority;-;;;;;;sorting-network;none;none;OPTIMUM;64.79524851;300.0;64.618780304;3;73650;176797;836;432.0;432.0;432.0;0.0;0.0;120.0;overtime | continuity | similarity;0 | 0 | 432
1;ORIGINAL;instance_30_10_4_38;lex-overtime;lexicographic;overtime-priority;-;;;;;;sorting-network;none;none;UNSATISFIABLE;0.040537237;300.0;0;1;0;0;0;;;;;;;;
1;ORIGINAL;instance_30_10_4_39;lex-overtime;lexicographic;overtime-priority;-;;;;;;sorting-network;none;none;UNSATISFIABLE;0.035163384;300.0;0;1;0;0;0;;;;;;;;
1;ORIGINAL;instance_30_10_4_4;lex-overtime;lexicographic;overtime-priority;-;;;;;;sorting-network;none;none;OPTIMUM;66.8110045;300.0;66.63685603799999;3;77796;183199;869;426.0;426.0;426.0;0.0;0.0;120.0;overtime | continuity | similarity;0 | 0 | 426
1;ORIGINAL;instance_30_10_4_40;lex-overtime;lexicographic;overtime-priority;-;;;;;;sorting-network;none;none;UNSATISFIABLE;0.045546959;300.0;0;1;0;0;0;;;;;;;;
1;ORIGINAL;instance_30_10_4_41;lex-overtime;lexicographic;overtime-priority;-;;;;;;sorting-network;none;none;OPTIMUM;25.88387185;300.0;25.737371326999998;3;68385;147486;836;338.0;338.0;340.0;2.0;0.0;120.0;overtime | continuity | similarity;0 | 2 | 340
1;ORIGINAL;instance_30_10_4_42;lex-overtime;lexicographic;overtime-priority;-;;;;;;sorting-network;none;none;UNSATISFIABLE;0.038247628;300.0;0;1;0;0;0;;;;;;;;
1;ORIGINAL;instance_30_10_4_43;lex-overtime;lexicographic;overtime-priority;-;;;;;;sorting-network;none;none;OPTIMUM;64.385728;300.0;64.20737996400001;3;71629;168353;792;403.0;403.0;404.0;1.0;0.0;120.0;overtime | continuity | similarity;0 | 1 | 404
1;ORIGINAL;instance_30_10_4_44;lex-overtime;lexicographic;overtime-priority;-;;;;;;sorting-network;none;none;UNSATISFIABLE;0.057567254;300.0;0;1;0;0;0;;;;;;;;
1;ORIGINAL;instance_30_10_4_45;lex-overtime;lexicographic;overtime-priority;-;;;;;;sorting-network;none;none;OPTIMUM;34.6689077;300.0;34.493357793;3;72924;170511;836;357.0;357.0;357.0;0.0;0.0;120.0;overtime | continuity | similarity;0 | 0 | 357
1;ORIGINAL;instance_30_10_4_46;lex-overtime;lexicographic;overtime-priority;-;;;;;;sorting-network;none;none;UNSATISFIABLE;0.025334718;300.0;0;1;0;0;0;;;;;;;;
1;ORIGINAL;instance_30_10_4_47;lex-overtime;lexicographic;overtime-priority;-;;;;;;sorting-network;none;none;OPTIMUM;50.59219458;300.0;50.417520906;3;81433;180441;913;387.0;387.0;387.0;0.0;0.0;120.0;overtime | continuity | similarity;0 | 0 | 387
1;ORIGINAL;instance_30_10_4_48;lex-overtime;lexicographic;overtime-priority;-;;;;;;sorting-network;none;none;OPTIMUM;3.648430862;300.0;3.494149105;3;76596;165826;891;373.0;373.0;373.0;0.0;0.0;120.0;overtime | continuity | similarity;0 | 0 | 373
1;ORIGINAL;instance_30_10_4_49;lex-overtime;lexicographic;overtime-priority;-;;;;;;sorting-network;none;none;UNSATISFIABLE;0.055661;300.0;0;1;0;0;0;;;;;;;;
1;ORIGINAL;instance_30_10_4_5;lex-overtime;lexicographic;overtime-priority;-;;;;;;sorting-network;none;none;OPTIMUM;42.7130516;300.0;42.531397099;3;80482;183714;891;414.0;414.0;415.0;1.0;0.0;120.0;overtime | continuity | similarity;0 | 1 | 415
1;ORIGINAL;instance_30_10_4_50;lex-overtime;lexicographic;overtime-priority;-;;;;;;sorting-network;none;none;UNSATISFIABLE;0.039308187;300.0;0;1;0;0;0;;;;;;;;
1;ORIGINAL;instance_30_10_4_6;lex-overtime;lexicographic;overtime-priority;-;;;;;;sorting-network;none;none;OPTIMUM;65.50447728;300.0;65.320078135;3;76984;180841;858;384.0;384.0;384.0;0.0;0.0;120.0;overtime | continuity | similarity;0 | 0 | 384
1;ORIGINAL;instance_30_10_4_7;lex-overtime;lexicographic;overtime-priority;-;;;;;;sorting-network;none;none;UNSATISFIABLE;0.036833909;300.0;0;1;0;0;0;;;;;;;;
1;ORIGINAL;instance_30_10_4_8;lex-overtime;lexicographic;overtime-priority;-;;;;;;sorting-network;none;none;OPTIMUM;53.01014152;300.0;52.842394819000006;3;70002;161736;803;398.0;398.0;399.0;1.0;0.0;120.0;overtime | continuity | similarity;0 | 1 | 399
1;ORIGINAL;instance_30_10_4_9;lex-overtime;lexicographic;overtime-priority;-;;;;;;sorting-network;none;none;UNSATISFIABLE;0.036532649;300.0;0;1;0;0;0;;;;;;;;
1;ORIGINAL;instance_30_10_5_1;lex-overtime;lexicographic;overtime-priority;-;;;;;;sorting-network;none;none;OPTIMUM;76.39168409;300.0;76.169467529;3;98989;224784;990;486.0;486.0;486.0;0.0;0.0;150.0;overtime | continuity | similarity;0 | 0 | 486
1;ORIGINAL;instance_30_10_5_10;lex-overtime;lexicographic;overtime-priority;-;;;;;;sorting-network;none;none;OPTIMUM;54.39206086;300.0;54.156216646;3;109542;246569;1045;477.0;477.0;478.0;1.0;0.0;150.0;overtime | continuity | similarity;0 | 1 | 478
1;ORIGINAL;instance_30_10_5_11;lex-overtime;lexicographic;overtime-priority;-;;;;;;sorting-network;none;none;UNSATISFIABLE;0.040087484;300.0;0;1;0;0;0;;;;;;;;
1;ORIGINAL;instance_30_10_5_12;lex-overtime;lexicographic;overtime-priority;-;;;;;;sorting-network;none;none;UNSATISFIABLE;0.054941737;300.0;0;1;0;0;0;;;;;;;;
1;ORIGINAL;instance_30_10_5_13;lex-overtime;lexicographic;overtime-priority;-;;;;;;sorting-network;none;none;UNSATISFIABLE;0.068678679;300.0;0;1;0;0;0;;;;;;;;
1;ORIGINAL;instance_30_10_5_14;lex-overtime;lexicographic;overtime-priority;-;;;;;;sorting-network;none;none;UNSATISFIABLE;0.197303856;300.0;0;1;0;0;0;;;;;;;;
1;ORIGINAL;instance_30_10_5_15;lex-overtime;lexicographic;overtime-priority;-;;;;;;sorting-network;none;none;UNSATISFIABLE;0.115310442;300.0;0;1;0;0;0;;;;;;;;
1;ORIGINAL;instance_30_10_5_16;lex-overtime;lexicographic;overtime-priority;-;;;;;;sorting-network;none;none;OPTIMUM;55.12411557;300.0;54.906811143;3;85975;210070;858;473.0;473.0;473.0;0.0;0.0;150.0;overtime | continuity | similarity;0 | 0 | 473
1;ORIGINAL;instance_30_10_5_17;lex-overtime;lexicographic;overtime-priority;-;;;;;;sorting-network;none;none;OPTIMUM;52.38455317;300.0;52.178611823;3;93609;208847;968;414.0;414.0;414.0;0.0;0.0;150.0;overtime | continuity | similarity;0 | 0 | 414
1;ORIGINAL;instance_30_10_5_18;lex-overtime;lexicographic;overtime-priority;-;;;;;;sorting-network;none;none;OPTIMUM;73.10803517;300.0;72.86632841;3;100058;242255;946;516.0;516.0;518.0;2.0;0.0;150.0;overtime | continuity | similarity;0 | 2 | 518
1;ORIGINAL;instance_30_10_5_19;lex-overtime;lexicographic;overtime-priority;-;;;;;;sorting-network;none;none;UNSATISFIABLE;0.038306979;300.0;0;1;0;0;0;;;;;;;;
1;ORIGINAL;instance_30_10_5_2;lex-overtime;lexicographic;overtime-priority;-;;;;;;sorting-network;none;none;UNSATISFIABLE;0.08009473;300.0;0;1;0;0;0;;;;;;;;
1;ORIGINAL;instance_30_10_5_20;lex-overtime;lexicographic;overtime-priority;-;;;;;;sorting-network;none;none;UNSATISFIABLE;0.051993013;300.0;0;1;0;0;0;;;;;;;;
1;ORIGINAL;instance_30_10_5_21;lex-overtime;lexicographic;overtime-priority;-;;;;;;sorting-network;none;none;UNSATISFIABLE;0.039534279;300.0;0;1;0;0;0;;;;;;;;
1;ORIGINAL;instance_30_10_5_22;lex-overtime;lexicographic;overtime-priority;-;;;;;;sorting-network;none;none;OPTIMUM;56.99459598;300.0;56.747367764;3;107156;251243;1001;495.0;495.0;497.0;2.0;0.0;150.0;overtime | continuity | similarity;0 | 2 | 497
1;ORIGINAL;instance_30_10_5_23;lex-overtime;lexicographic;overtime-priority;-;;;;;;sorting-network;none;none;UNSATISFIABLE;0.037696697;300.0;0;1;0;0;0;;;;;;;;
1;ORIGINAL;instance_30_10_5_24;lex-overtime;lexicographic;overtime-priority;-;;;;;;sorting-network;none;none;UNSATISFIABLE;0.047717051;300.0;0;1;0;0;0;;;;;;;;
1;ORIGINAL;instance_30_10_5_25;lex-overtime;lexicographic;overtime-priority;-;;;;;;sorting-network;none;none;UNSATISFIABLE;0.07056869;300.0;0;1;0;0;0;;;;;;;;
1;ORIGINAL;instance_30_10_5_26;lex-overtime;lexicographic;overtime-priority;-;;;;;;sorting-network;none;none;UNSATISFIABLE;0.033540911;300.0;0;1;0;0;0;;;;;;;;
1;ORIGINAL;instance_30_10_5_27;lex-overtime;lexicographic;overtime-priority;-;;;;;;sorting-network;none;none;UNSATISFIABLE;0.048372652;300.0;0;1;0;0;0;;;;;;;;
1;ORIGINAL;instance_30_10_5_28;lex-overtime;lexicographic;overtime-priority;-;;;;;;sorting-network;none;none;UNSATISFIABLE;0.038248107;300.0;0;1;0;0;0;;;;;;;;
1;ORIGINAL;instance_30_10_5_29;lex-overtime;lexicographic;overtime-priority;-;;;;;;sorting-network;none;none;UNSATISFIABLE;0.035814812;300.0;0;1;0;0;0;;;;;;;;
1;ORIGINAL;instance_30_10_5_3;lex-overtime;lexicographic;overtime-priority;-;;;;;;sorting-network;none;none;OPTIMUM;50.09709681;300.0;49.86926977500001;3;90830;222635;902;470.0;470.0;472.0;2.0;0.0;150.0;overtime | continuity | similarity;0 | 2 | 472
1;ORIGINAL;instance_30_10_5_30;lex-overtime;lexicographic;overtime-priority;-;;;;;;sorting-network;none;none;UNSATISFIABLE;0.054709509;300.0;0;1;0;0;0;;;;;;;;
1;ORIGINAL;instance_30_10_5_31;lex-overtime;lexicographic;overtime-priority;-;;;;;;sorting-network;none;none;OPTIMUM;48.29780927;300.0;48.094142907;3;91440;206458;946;506.0;506.0;506.0;0.0;0.0;150.0;overtime | continuity | similarity;0 | 0 | 506
1;ORIGINAL;instance_30_10_5_32;lex-overtime;lexicographic;overtime-priority;-;;;;;;sorting-network;none;none;OPTIMUM;88.93464044;300.0;88.68980436000001;3;106804;248450;1012;543.0;543.0;543.0;0.0;0.0;150.0;overtime | continuity | similarity;0 | 0 | 543
1;ORIGINAL;instance_30_10_5_33;lex-overtime;lexicographic;overtime-priority;-;;;;;;sorting-network;none;none;OPTIMUM;82.37557436;300.0;82.07839210899999;3;105382;273000;957;552.0;552.0;552.0;0.0;0.0;150.0;overtime | continuity | similarity;0 | 0 | 552
1;ORIGINAL;instance_30_10_5_34;lex-overtime;lexicographic;overtime-priority;-;;;;;;sorting-network;none;none;OPTIMUM;56.23684773;300.0;55.976777649;3;115008;261579;1034;446.0;446.0;449.0;3.0;0.0;150.0;overtime | continuity | similarity;0 | 3 | 449
1;ORIGINAL;instance_30_10_5_35;lex-overtime;lexicographic;overtime-priority;-;;;;;;sorting-network;none;none;OPTIMUM;51.2454891;300.0;51.001359508;3;111102;251847;1034;492.0;492.0;492.0;0.0;0.0;150.0;overtime | continuity | similarity;0 | 0 | 492
1;ORIGINAL;instance_30_10_5_36;lex-overtime;lexicographic;overtime-priority;-;;;;;;sorting-network;none;none;OPTIMUM;60.65650032;300.0;60.366442115;3;111349;264781;979;485.0;485.0;489.0;4.0;0.0;150.0;overtime | continuity | similarity;0 | 4 | 489
1;ORIGINAL;instance_30_10_5_37;lex-overtime;lexicographic;overtime-priority;-;;;;;;sorting-network;none;none;OPTIMUM;25.55987318;300.0;25.360924077;3;96790;211583;1001;494.0;494.0;494.0;0.0;0.0;150.0;overtime | continuity | similarity;0 | 0 | 494
1;ORIGINAL;instance_30_10_5_38;lex-overtime;lexicographic;overtime-priority;-;;;;;;sorting-network;none;none;OPTIMUM;74.65867736;300.0;74.403337549;3;111566;254092;1056;518.0;518.0;518.0;0.0;0.0;150.0;overtime | continuity | similarity;0 | 0 | 518
1;ORIGINAL;instance_30_10_5_39;lex-overtime;lexicographic;overtime-priority;-;;;;;;sorting-network;none;none;OPTIMUM;60.49593633;300.0;60.250025553;3;111364;255702;1056;520.0;520.0;521.0;1.0;0.0;150.0;overtime | continuity | similarity;0 | 1 | 521
1;ORIGINAL;instance_30_10_5_4;lex-overtime;lexicographic;overtime-priority;-;;;;;;sorting-network;none;none;UNSATISFIABLE;0.035681458;300.0;0;1;0;0;0;;;;;;;;
1;ORIGINAL;instance_30_10_5_40;lex-overtime;lexicographic;overtime-priority;-;;;;;;sorting-network;none;none;UNSATISFIABLE;0.038800632;300.0;0;1;0;0;0;;;;;;;;
1;ORIGINAL;instance_30_10_5_41;lex-overtime;lexicographic;overtime-priority;-;;;;;;sorting-network;none;none;UNSATISFIABLE;0.064598778;300.0;0;1;0;0;0;;;;;;;;
1;ORIGINAL;instance_30_10_5_42;lex-overtime;lexicographic;overtime-priority;-;;;;;;sorting-network;none;none;OPTIMUM;74.04707705;300.0;73.79898474600002;3;108637;257885;1001;474.0;474.0;475.0;1.0;0.0;150.0;overtime | continuity | similarity;0 | 1 | 475
1;ORIGINAL;instance_30_10_5_43;lex-overtime;lexicographic;overtime-priority;-;;;;;;sorting-network;none;none;UNSATISFIABLE;0.047541369;300.0;0;1;0;0;0;;;;;;;;
1;ORIGINAL;instance_30_10_5_44;lex-overtime;lexicographic;overtime-priority;-;;;;;;sorting-network;none;none;UNSATISFIABLE;0.098267113;300.0;0;1;0;0;0;;;;;;;;
1;ORIGINAL;instance_30_10_5_45;lex-overtime;lexicographic;overtime-priority;-;;;;;;sorting-network;none;none;UNSATISFIABLE;0.037769406;300.0;0;1;0;0;0;;;;;;;;
1;ORIGINAL;instance_30_10_5_46;lex-overtime;lexicographic;overtime-priority;-;;;;;;sorting-network;none;none;UNSATISFIABLE;0.031283064;300.0;0;1;0;0;0;;;;;;;;
1;ORIGINAL;instance_30_10_5_47;lex-overtime;lexicographic;overtime-priority;-;;;;;;sorting-network;none;none;UNSATISFIABLE;0.034186261;300.0;0;1;0;0;0;;;;;;;;
1;ORIGINAL;instance_30_10_5_48;lex-overtime;lexicographic;overtime-priority;-;;;;;;sorting-network;none;none;OPTIMUM;61.94806585;300.0;61.726898958999996;3;105387;235758;1023;472.0;472.0;473.0;1.0;0.0;150.0;overtime | continuity | similarity;0 | 1 | 473
1;ORIGINAL;instance_30_10_5_49;lex-overtime;lexicographic;overtime-priority;-;;;;;;sorting-network;none;none;TIMEOUT;300.1056181;300.0;0.060532132;2;17836;58899;30;;;;;;;overtime;0
1;ORIGINAL;instance_30_10_5_5;lex-overtime;lexicographic;overtime-priority;-;;;;;;sorting-network;none;none;UNSATISFIABLE;0.040490298;300.0;0;1;0;0;0;;;;;;;;
1;ORIGINAL;instance_30_10_5_50;lex-overtime;lexicographic;overtime-priority;-;;;;;;sorting-network;none;none;UNSATISFIABLE;0.053967479;300.0;0;1;0;0;0;;;;;;;;
1;ORIGINAL;instance_30_10_5_6;lex-overtime;lexicographic;overtime-priority;-;;;;;;sorting-network;none;none;UNSATISFIABLE;0.037859735;300.0;0;1;0;0;0;;;;;;;;
1;ORIGINAL;instance_30_10_5_7;lex-overtime;lexicographic;overtime-priority;-;;;;;;sorting-network;none;none;UNSATISFIABLE;0.065215101;300.0;0;1;0;0;0;;;;;;;;
1;ORIGINAL;instance_30_10_5_8;lex-overtime;lexicographic;overtime-priority;-;;;;;;sorting-network;none;none;OPTIMUM;80.99368529;300.0;80.773090638;3;96161;222819;968;535.0;535.0;535.0;0.0;0.0;150.0;overtime | continuity | similarity;0 | 0 | 535
1;ORIGINAL;instance_30_10_5_9;lex-overtime;lexicographic;overtime-priority;-;;;;;;sorting-network;none;none;OPTIMUM;50.72168733;300.0;50.52968096600001;3;82439;188314;880;470.0;470.0;473.0;3.0;0.0;150.0;overtime | continuity | similarity;0 | 3 | 473
1;ORIGINAL;instance_30_15_4_1;lex-overtime;lexicographic;overtime-priority;-;;;;;;sorting-network;none;none;OPTIMUM;80.74555681;300.0;80.442344361;3;118519;281062;1264;438.0;438.0;438.0;0.0;0.0;120.0;overtime | continuity | similarity;0 | 0 | 438
1;ORIGINAL;instance_30_15_4_10;lex-overtime;lexicographic;overtime-priority;-;;;;;;sorting-network;none;none;OPTIMUM;70.28878491;300.0;70.002706197;3;117796;268717;1280;410.0;410.0;410.0;0.0;0.0;120.0;overtime | continuity | similarity;0 | 0 | 410
1;ORIGINAL;instance_30_15_4_11;lex-overtime;lexicographic;overtime-priority;-;;;;;;sorting-network;none;none;OPTIMUM;70.00525834;300.0;69.79168954;3;93940;217600;1136;406.0;406.0;406.0;0.0;0.0;120.0;overtime | continuity | similarity;0 | 0 | 406
1;ORIGINAL;instance_30_15_4_12;lex-overtime;lexicographic;overtime-priority;-;;;;;;sorting-network;none;none;OPTIMUM;69.67369099;300.0;69.427237707;3;106903;246438;1216;439.0;439.0;439.0;0.0;0.0;120.0;overtime | continuity | similarity;0 | 0 | 439
1;ORIGINAL;instance_30_15_4_13;lex-overtime;lexicographic;overtime-priority;-;;;;;;sorting-network;none;none;OPTIMUM;53.33595812;300.0;53.134552747;3;94674;212444;1136;383.0;383.0;386.0;3.0;0.0;120.0;overtime | continuity | similarity;0 | 3 | 386
1;ORIGINAL;instance_30_15_4_14;lex-overtime;lexicographic;overtime-priority;-;;;;;;sorting-network;none;none;OPTIMUM;72.604685;300.0;72.353058025;3;112462;261938;1264;389.0;389.0;389.0;0.0;0.0;120.0;overtime | continuity | similarity;0 | 0 | 389
1;ORIGINAL;instance_30_15_4_15;lex-overtime;lexicographic;overtime-priority;-;;;;;;sorting-network;none;none;OPTIMUM;76.35684248;300.0;76.064346557;3;114652;275500;1232;446.0;446.0;446.0;0.0;0.0;120.0;overtime | continuity | similarity;0 | 0 | 446
1;ORIGINAL;instance_30_15_4_16;lex-overtime;lexicographic;overtime-priority;-;;;;;;sorting-network;none;none;OPTIMUM;52.84168353;300.0;52.61988712;3;110767;245462;1264;398.0;398.0;398.0;0.0;0.0;120.0;overtime | continuity | similarity;0 | 0 | 398
1;ORIGINAL;instance_30_15_4_17;lex-overtime;lexicographic;overtime-priority;-;;;;;;sorting-network;none;none;OPTIMUM;74.38379664;300.0;74.135130828;3;113633;259788;1264;417.0;417.0;417.0;0.0;0.0;120.0;overtime | continuity | similarity;0 | 0 | 417
1;ORIGINAL;instance_30_15_4_18;lex-overtime;lexicographic;overtime-priority;-;;;;;;sorting-network;none;none;OPTIMUM;75.07587114;300.0;74.76566806;3;118524;298042;1248;448.0;448.0;448.0;0.0;0.0;120.0;overtime | continuity | similarity;0 | 0 | 448
1;ORIGINAL;instance_30_15_4_19;lex-overtime;lexicographic;overtime-priority;-;;;;;;sorting-network;none;none;OPTIMUM;65.66046328;300.0;65.439225424;3;98009;225129;1168;391.0;391.0;392.0;1.0;0.0;120.0;overtime | continuity | similarity;0 | 1 | 392
1;ORIGINAL;instance_30_15_4_2;lex-overtime;lexicographic;overtime-priority;-;;;;;;sorting-network;none;none;OPTIMUM;67.37022951;300.0;67.143791667;3;116446;250256;1328;369.0;369.0;369.0;0.0;0.0;120.0;overtime | continuity | similarity;0 | 0 | 369
1;ORIGINAL;instance_30_15_4_20;lex-overtime;lexicographic;overtime-priority;-;;;;;;sorting-network;none;none;OPTIMUM;70.00950418;300.0;69.74949856799999;3;121313;264594;1344;420.0;420.0;420.0;0.0;0.0;120.0;overtime | continuity | similarity;0 | 0 | 420
1;ORIGINAL;instance_30_15_4_21;lex-overtime;lexicographic;overtime-priority;-;;;;;;sorting-network;none;none;UNSATISFIABLE;0.041884401;300.0;0;1;0;0;0;;;;;;;;
1;ORIGINAL;instance_30_15_4_22;lex-overtime;lexicographic;overtime-priority;-;;;;;;sorting-network;none;none;OPTIMUM;72.80319903;300.0;72.577197225;3;104562;238141;1216;413.0;413.0;413.0;0.0;0.0;120.0;overtime | continuity | similarity;0 | 0 | 413
1;ORIGINAL;instance_30_15_4_23;lex-overtime;lexicographic;overtime-priority;-;;;;;;sorting-network;none;none;OPTIMUM;72.29581566;300.0;71.99491235200001;3;112033;270540;1216;427.0;427.0;427.0;0.0;0.0;120.0;overtime | continuity | similarity;0 | 0 | 427
1;ORIGINAL;instance_30_15_4_24;lex-overtime;lexicographic;overtime-priority;-;;;;;;sorting-network;none;none;OPTIMUM;82.02266156;300.0;81.723569822;3;123410;288786;1312;444.0;444.0;444.0;0.0;0.0;120.0;overtime | continuity | similarity;0 | 0 | 444
1;ORIGINAL;instance_30_15_4_25;lex-overtime;lexicographic;overtime-priority;-;;;;;;sorting-network;none;none;OPTIMUM;52.87616058;300.0;52.626072726;3;117076;261364;1280;402.0;402.0;402.0;0.0;0.0;120.0;overtime | continuity | similarity;0 | 0 | 402
1;ORIGINAL;instance_30_15_4_26;lex-overtime;lexicographic;overtime-priority;-;;;;;;sorting-network;none;none;OPTIMUM;79.00172596;300.0;78.73946172699999;3;111226;260109;1232;436.0;436.0;436.0;0.0;0.0;120.0;overtime | continuity | similarity;0 | 0 | 436
1;ORIGINAL;instance_30_15_4_27;lex-overtime;lexicographic;overtime-priority;-;;;;;;sorting-network;none;none;OPTIMUM;70.91537417;300.0;70.663278041;3;111626;258222;1248;407.0;407.0;407.0;0.0;0.0;120.0;overtime | continuity | similarity;0 | 0 | 407
1;ORIGINAL;instance_30_15_4_28;lex-overtime;lexicographic;overtime-priority;-;;;;;;sorting-network;none;none;OPTIMUM;67.54833179;300.0;67.304501022;3;107636;253718;1216;410.0;410.0;410.0;0.0;0.0;120.0;overtime | continuity | similarity;0 | 0 | 410
1;ORIGINAL;instance_30_15_4_29;lex-overtime;lexicographic;overtime-priority;-;;;;;;sorting-network;none;none;OPTIMUM;43.46701523;300.0;43.265496579;3;99695;217285;1216;399.0;399.0;399.0;0.0;0.0;120.0;overtime | continuity | similarity;0 | 0 | 399
1;ORIGINAL;instance_30_15_4_3;lex-overtime;lexicographic;overtime-priority;-;;;;;;sorting-network;none;none;OPTIMUM;70.23895989;300.0;69.951467235;3;118898;284332;1280;431.0;431.0;431.0;0.0;0.0;120.0;overtime | continuity | similarity;0 | 0 | 431
1;ORIGINAL;instance_30_15_4_30;lex-overtime;lexicographic;overtime-priority;-;;;;;;sorting-network;none;none;OPTIMUM;74.51529383;300.0;74.208710395;3;118917;285885;1264;435.0;435.0;435.0;0.0;0.0;120.0;overtime | continuity | similarity;0 | 0 | 435
1;ORIGINAL;instance_30_15_4_31;lex-overtime;lexicographic;overtime-priority;-;;;;;;sorting-network;none;none;OPTIMUM;74.64266071;300.0;74.35518426200001;3;112398;268670;1232;407.0;407.0;407.0;0.0;0.0;120.0;overtime | continuity | similarity;0 | 0 | 407
1;ORIGINAL;instance_30_15_4_32;lex-overtime;lexicographic;overtime-priority;-;;;;;;sorting-network;none;none;OPTIMUM;63.77424679;300.0;63.489209662;3;110958;263887;1248;382.0;382.0;382.0;0.0;0.0;120.0;overtime | continuity | similarity;0 | 0 | 382
1;ORIGINAL;instance_30_15_4_33;lex-overtime;lexicographic;overtime-priority;-;;;;;;sorting-network;none;none;OPTIMUM;79.59141491;300.0;79.29321406599999;3;120286;283228;1280;429.0;429.0;429.0;0.0;0.0;120.0;overtime | continuity | similarity;0 | 0 | 429
1;ORIGINAL;instance_30_15_4_34;lex-overtime;lexicographic;overtime-priority;-;;;;;;sorting-network;none;none;OPTIMUM;69.17780037;300.0;68.88995718799998;3;114878;274258;1264;396.0;396.0;396.0;0.0;0.0;120.0;overtime | continuity | similarity;0 | 0 | 396
1;ORIGINAL;instance_30_15_4_35;lex-overtime;lexicographic;overtime-priority;-;;;;;;sorting-network;none;none;UNSATISFIABLE;0.063474655;300.0;0;1;0;0;0;;;;;;;;
1;ORIGINAL;instance_30_15_4_36;lex-overtime;lexicographic;overtime-priority;-;;;;;;sorting-network;none;none;OPTIMUM;57.97940117;300.0;57.727034719;3;99541;241210;1152;427.0;427.0;427.0;0.0;0.0;120.0;overtime | continuity | similarity;0 | 0 | 427
1;ORIGINAL;instance_30_15_4_37;lex-overtime;lexicographic;overtime-priority;-;;;;;;sorting-network;none;none;OPTIMUM;63.51492984;300.0;63.226761684;3;120896;275769;1312;420.0;420.0;420.0;0.0;0.0;120.0;overtime | continuity | similarity;0 | 0 | 420
1;ORIGINAL;instance_30_15_4_38;lex-overtime;lexicographic;overtime-priority;-;;;;;;sorting-network;none;none;OPTIMUM;64.57562793;300.0;64.33051418800001;3;106259;245830;1216;402.0;402.0;402.0;0.0;0.0;120.0;overtime | continuity | similarity;0 | 0 | 402
1;ORIGINAL;instance_30_15_4_39;lex-overtime;lexicographic;overtime-priority;-;;;;;;sorting-network;none;none;OPTIMUM;71.69142659;300.0;71.42987192199999;3;109253;260496;1216;437.0;437.0;437.0;0.0;0.0;120.0;overtime | continuity | similarity;0 | 0 | 437
1;ORIGINAL;instance_30_15_4_4;lex-overtime;lexicographic;overtime-priority;-;;;;;;sorting-network;none;none;OPTIMUM;91.73253727;300.0;91.42248488;3;124082;298107;1296;450.0;450.0;450.0;0.0;0.0;120.0;overtime | continuity | similarity;0 | 0 | 450
1;ORIGINAL;instance_30_15_4_40;lex-overtime;lexicographic;overtime-priority;-;;;;;;sorting-network;none;none;OPTIMUM;69.18262541;300.0;68.94722347700001;3;99528;238283;1152;450.0;450.0;450.0;0.0;0.0;120.0;overtime | continuity | similarity;0 | 0 | 450
1;ORIGINAL;instance_30_15_4_41;lex-overtime;lexicographic;overtime-priority;-;;;;;;sorting-network;none;none;OPTIMUM;80.57648931;300.0;80.260660934;3;118521;304561;1248;443.0;443.0;443.0;0.0;0.0;120.0;overtime | continuity | similarity;0 | 0 | 443
1;ORIGINAL;instance_30_15_4_42;lex-overtime;lexicographic;overtime-priority;-;;;;;;sorting-network;none;none;OPTIMUM;77.65657966;300.0;77.34908092299999;3;118667;287127;1248;432.0;432.0;432.0;0.0;0.0;120.0;overtime | continuity | similarity;0 | 0 | 432
1;ORIGINAL;instance_30_15_4_43;lex-overtime;lexicographic;overtime-priority;-;;;;;;sorting-network;none;none;OPTIMUM;82.42378921;300.0;82.14231783999999;3;111450;265683;1232;411.0;411.0;411.0;0.0;0.0;120.0;overtime | continuity | similarity;0 | 0 | 411
1;ORIGINAL;instance_30_15_4_44;lex-overtime;lexicographic;overtime-priority;-;;;;;;sorting-network;none;none;UNSATISFIABLE;0.053382114;300.0;0;1;0;0;0;;;;;;;;
1;ORIGINAL;instance_30_15_4_45;lex-overtime;lexicographic;overtime-priority;-;;;;;;sorting-network;none;none;OPTIMUM;71.48640702;300.0;71.179501893;3;119428;291257;1264;416.0;416.0;416.0;0.0;0.0;120.0;overtime | continuity | similarity;0 | 0 | 416
1;ORIGINAL;instance_30_15_4_46;lex-overtime;lexicographic;overtime-priority;-;;;;;;sorting-network;none;none;OPTIMUM;76.06282613;300.0;75.781955333;3;113933;272887;1248;446.0;446.0;446.0;0.0;0.0;120.0;overtime | continuity | similarity;0 | 0 | 446
1;ORIGINAL;instance_30_15_4_47;lex-overtime;lexicographic;overtime-priority;-;;;;;;sorting-network;none;none;OPTIMUM;59.76215193;300.0;59.469859328;3;126490;285815;1344;417.0;417.0;418.0;1.0;0.0;120.0;overtime | continuity | similarity;0 | 1 | 418
1;ORIGINAL;instance_30_15_4_48;lex-overtime;lexicographic;overtime-priority;-;;;;;;sorting-network;none;none;OPTIMUM;65.29471908;300.0;65.05769297100001;3;102677;240160;1184;430.0;430.0;430.0;0.0;0.0;120.0;overtime | continuity | similarity;0 | 0 | 430
1;ORIGINAL;instance_30_15_4_49;lex-overtime;lexicographic;overtime-priority;-;;;;;;sorting-network;none;none;OPTIMUM;74.73823709;300.0;74.48342454;3;109375;257676;1200;421.0;421.0;421.0;0.0;0.0;120.0;overtime | continuity | similarity;0 | 0 | 421
1;ORIGINAL;instance_30_15_4_5;lex-overtime;lexicographic;overtime-priority;-;;;;;;sorting-network;none;none;OPTIMUM;63.173926;300.0;62.944814001000005;3;100279;235405;1152;400.0;400.0;401.0;1.0;0.0;120.0;overtime | continuity | similarity;0 | 1 | 401
1;ORIGINAL;instance_30_15_4_50;lex-overtime;lexicographic;overtime-priority;-;;;;;;sorting-network;none;none;OPTIMUM;65.60711071;300.0;65.386263853;3;102468;230064;1152;396.0;396.0;403.0;7.0;0.0;120.0;overtime | continuity | similarity;0 | 7 | 403
1;ORIGINAL;instance_30_15_4_6;lex-overtime;lexicographic;overtime-priority;-;;;;;;sorting-network;none;none;OPTIMUM;79.85855875;300.0;79.623029378;3;114094;252913;1296;436.0;436.0;436.0;0.0;0.0;120.0;overtime | continuity | similarity;0 | 0 | 436
1;ORIGINAL;instance_30_15_4_7;lex-overtime;lexicographic;overtime-priority;-;;;;;;sorting-network;none;none;UNSATISFIABLE;0.076669843;300.0;0;1;0;0;0;;;;;;;;
1;ORIGINAL;instance_30_15_4_8;lex-overtime;lexicographic;overtime-priority;-;;;;;;sorting-network;none;none;UNSATISFIABLE;0.065271393;300.0;0;1;0;0;0;;;;;;;;
1;ORIGINAL;instance_30_15_4_9;lex-overtime;lexicographic;overtime-priority;-;;;;;;sorting-network;none;none;OPTIMUM;53.63950043;300.0;53.415938773;3;100545;228991;1168;385.0;385.0;386.0;1.0;0.0;120.0;overtime | continuity | similarity;0 | 1 | 386
1;ORIGINAL;instance_30_15_5_1;lex-overtime;lexicographic;overtime-priority;-;;;;;;sorting-network;none;none;OPTIMUM;87.37429171;300.0;86.961331931;3;166309;411361;1472;543.0;543.0;545.0;2.0;0.0;150.0;overtime | continuity | similarity;0 | 2 | 545
1;ORIGINAL;instance_30_15_5_10;lex-overtime;lexicographic;overtime-priority;-;;;;;;sorting-network;none;none;UNSATISFIABLE;0.090430124;300.0;0;1;0;0;0;;;;;;;;
1;ORIGINAL;instance_30_15_5_11;lex-overtime;lexicographic;overtime-priority;-;;;;;;sorting-network;none;none;OPTIMUM;93.32955209;300.0;92.982204727;3;151701;350997;1440;522.0;522.0;522.0;0.0;0.0;150.0;overtime | continuity | similarity;0 | 0 | 522
1;ORIGINAL;instance_30_15_5_12;lex-overtime;lexicographic;overtime-priority;-;;;;;;sorting-network;none;none;OPTIMUM;99.10410736;300.0;98.677116368;3;163859;411165;1440;568.0;568.0;568.0;0.0;0.0;150.0;overtime | continuity | similarity;0 | 0 | 568
1;ORIGINAL;instance_30_15_5_13;lex-overtime;lexicographic;overtime-priority;-;;;;;;sorting-network;none;none;OPTIMUM;83.86708182;300.0;83.479848809;3;145774;359628;1376;540.0;540.0;540.0;0.0;0.0;150.0;overtime | continuity | similarity;0 | 0 | 540
1;ORIGINAL;instance_30_15_5_14;lex-overtime;lexicographic;overtime-priority;-;;;;;;sorting-network;none;none;OPTIMUM;88.47132093;300.0;88.12655499200001;3;144885;338241;1408;504.0;504.0;505.0;1.0;0.0;150.0;overtime | continuity | similarity;0 | 1 | 505
1;ORIGINAL;instance_30_15_5_15;lex-overtime;lexicographic;overtime-priority;-;;;;;;sorting-network;none;none;OPTIMUM;77.85600844;300.0;77.46965360300001;3;143342;362562;1376;545.0;545.0;545.0;0.0;0.0;150.0;overtime | continuity | similarity;0 | 0 | 545
1;ORIGINAL;instance_30_15_5_16;lex-overtime;lexicographic;overtime-priority;-;;;;;;sorting-network;none;none;OPTIMUM;70.9917486;300.0;70.633472753;3;148435;347774;1376;464.0;464.0;467.0;3.0;0.0;150.0;overtime | continuity | similarity;0 | 3 | 467
1;ORIGINAL;instance_30_15_5_17;lex-overtime;lexicographic;overtime-priority;-;;;;;;sorting-network;none;none;OPTIMUM;83.65187117;300.0;83.314720713;3;141824;329951;1424;542.0;542.0;542.0;0.0;0.0;150.0;overtime | continuity | similarity;0 | 0 | 542
1;ORIGINAL;instance_30_15_5_18;lex-overtime;lexicographic;overtime-priority;-;;;;;;sorting-network;none;none;OPTIMUM;87.27587688;300.0;86.942357765;3;144356;333838;1408;527.0;527.0;527.0;0.0;0.0;150.0;overtime | continuity | similarity;0 | 0 | 527
1;ORIGINAL;instance_30_15_5_19;lex-overtime;lexicographic;overtime-priority;-;;;;;;sorting-network;none;none;OPTIMUM;95.91213695;300.0;95.54555716300001;3;157952;374599;1472;522.0;522.0;522.0;0.0;0.0;150.0;overtime | continuity | similarity;0 | 0 | 522
1;ORIGINAL;instance_30_15_5_2;lex-overtime;lexicographic;overtime-priority;-;;;;;;sorting-network;none;none;OPTIMUM;73.63755774;300.0;73.28975724499999;3;124978;317103;1248;546.0;546.0;546.0;0.0;0.0;150.0;overtime | continuity | similarity;0 | 0 | 546
1;ORIGINAL;instance_30_15_5_20;lex-overtime;lexicographic;overtime-priority;-;;;;;;sorting-network;none;none;UNSATISFIABLE;0.115388821;300.0;0;1;0;0;0;;;;;;;;
1;ORIGINAL;instance_30_15_5_21;lex-overtime;lexicographic;overtime-priority;-;;;;;;sorting-network;none;none;OPTIMUM;102.3937587;300.0;102.048333691;3;147702;350580;1424;509.0;509.0;509.0;0.0;0.0;150.0;overtime | continuity | similarity;0 | 0 | 509
1;ORIGINAL;instance_30_15_5_22;lex-overtime;lexicographic;overtime-priority;-;;;;;;sorting-network;none;none;OPTIMUM;84.49871029;300.0;84.095001771;3;159042;383920;1456;536.0;536.0;536.0;0.0;0.0;150.0;overtime | continuity | similarity;0 | 0 | 536
1;ORIGINAL;instance_30_15_5_23;lex-overtime;lexicographic;overtime-priority;-;;;;;;sorting-network;none;none;OPTIMUM;96.79854109;300.0;96.400680484;3;157025;376912;1440;532.0;532.0;532.0;0.0;0.0;150.0;overtime | continuity | similarity;0 | 0 | 532
2;SN-none-ss;instance_30_10_4_1;lex-overtime;lexicographic;overtime-priority;-;;;;;;sorting-network;none;slot-service;OPTIMUM;61.01044082;300.0;60.82850612600001;3;75525;180349;847;404.0;404.0;404.0;0.0;0.0;120.0;overtime | continuity | similarity;0 | 0 | 404
2;SN-none-ss;instance_30_10_4_10;lex-overtime;lexicographic;overtime-priority;-;;;;;;sorting-network;none;slot-service;OPTIMUM;54.54396342;300.0;54.364575114000004;3;74516;175446;825;389.0;389.0;389.0;0.0;0.0;120.0;overtime | continuity | similarity;0 | 0 | 389
2;SN-none-ss;instance_30_10_4_11;lex-overtime;lexicographic;overtime-priority;-;;;;;;sorting-network;none;slot-service;OPTIMUM;42.74498227;300.0;42.560385838;3;78362;181078;858;371.0;371.0;371.0;0.0;0.0;120.0;overtime | continuity | similarity;0 | 0 | 371
2;SN-none-ss;instance_30_10_4_12;lex-overtime;lexicographic;overtime-priority;-;;;;;;sorting-network;none;slot-service;OPTIMUM;49.99717959;300.0;49.814458136999995;3;67954;164944;781;374.0;374.0;374.0;0.0;0.0;120.0;overtime | continuity | similarity;0 | 0 | 374
2;SN-none-ss;instance_30_10_4_13;lex-overtime;lexicographic;overtime-priority;-;;;;;;sorting-network;none;slot-service;UNSATISFIABLE;0.034409203;300.0;0;1;0;0;0;;;;;;;;
2;SN-none-ss;instance_30_10_4_14;lex-overtime;lexicographic;overtime-priority;-;;;;;;sorting-network;none;slot-service;UNSATISFIABLE;0.035456439;300.0;0;1;0;0;0;;;;;;;;
2;SN-none-ss;instance_30_10_4_15;lex-overtime;lexicographic;overtime-priority;-;;;;;;sorting-network;none;slot-service;UNSATISFIABLE;0.027990157;300.0;0;1;0;0;0;;;;;;;;
2;SN-none-ss;instance_30_10_4_16;lex-overtime;lexicographic;overtime-priority;-;;;;;;sorting-network;none;slot-service;OPTIMUM;65.17856322;300.0;64.95654017;3;86154;205555;902;427.0;427.0;427.0;0.0;0.0;120.0;overtime | continuity | similarity;0 | 0 | 427
2;SN-none-ss;instance_30_10_4_17;lex-overtime;lexicographic;overtime-priority;-;;;;;;sorting-network;none;slot-service;OPTIMUM;50.81630348;300.0;50.649845963;3;71147;159827;847;400.0;400.0;400.0;0.0;0.0;120.0;overtime | continuity | similarity;0 | 0 | 400
2;SN-none-ss;instance_30_10_4_18;lex-overtime;lexicographic;overtime-priority;-;;;;;;sorting-network;none;slot-service;OPTIMUM;29.10092521;300.0;28.938859734;3;73055;164213;858;397.0;397.0;397.0;0.0;0.0;120.0;overtime | continuity | similarity;0 | 0 | 397
2;SN-none-ss;instance_30_10_4_19;lex-overtime;lexicographic;overtime-priority;-;;;;;;sorting-network;none;slot-service;UNSATISFIABLE;0.045724225;300.0;0;1;0;0;0;;;;;;;;
2;SN-none-ss;instance_30_10_4_2;lex-overtime;lexicographic;overtime-priority;-;;;;;;sorting-network;none;slot-service;UNSATISFIABLE;0.043132238;300.0;0;1;0;0;0;;;;;;;;
2;SN-none-ss;instance_30_10_4_20;lex-overtime;lexicographic;overtime-priority;-;;;;;;sorting-network;none;slot-service;UNSATISFIABLE;0.035701642;300.0;0;1;0;0;0;;;;;;;;
2;SN-none-ss;instance_30_10_4_21;lex-overtime;lexicographic;overtime-priority;-;;;;;;sorting-network;none;slot-service;UNSATISFIABLE;0.046901768;300.0;0;1;0;0;0;;;;;;;;
2;SN-none-ss;instance_30_10_4_22;lex-overtime;lexicographic;overtime-priority;-;;;;;;sorting-network;none;slot-service;UNSATISFIABLE;0.054772898;300.0;0;1;0;0;0;;;;;;;;
2;SN-none-ss;instance_30_10_4_23;lex-overtime;lexicographic;overtime-priority;-;;;;;;sorting-network;none;slot-service;OPTIMUM;40.6556427;300.0;40.452720471;3;84584;197442;891;378.0;378.0;378.0;0.0;0.0;120.0;overtime | continuity | similarity;0 | 0 | 378
2;SN-none-ss;instance_30_10_4_24;lex-overtime;lexicographic;overtime-priority;-;;;;;;sorting-network;none;slot-service;OPTIMUM;59.39129755;300.0;59.212769338;3;74574;172747;847;384.0;384.0;385.0;1.0;0.0;120.0;overtime | continuity | similarity;0 | 1 | 385
2;SN-none-ss;instance_30_10_4_25;lex-overtime;lexicographic;overtime-priority;-;;;;;;sorting-network;none;slot-service;OPTIMUM;55.18204269;300.0;54.997401943;3;65053;164392;748;443.0;443.0;443.0;0.0;0.0;120.0;overtime | continuity | similarity;0 | 0 | 443
2;SN-none-ss;instance_30_10_4_26;lex-overtime;lexicographic;overtime-priority;-;;;;;;sorting-network;none;slot-service;UNSATISFIABLE;0.049220908;300.0;0;1;0;0;0;;;;;;;;
2;SN-none-ss;instance_30_10_4_27;lex-overtime;lexicographic;overtime-priority;-;;;;;;sorting-network;none;slot-service;OPTIMUM;55.05002395;300.0;54.866745681;3;80291;178155;869;360.0;360.0;364.0;4.0;0.0;120.0;overtime | continuity | similarity;0 | 4 | 364
2;SN-none-ss;instance_30_10_4_28;lex-overtime;lexicographic;overtime-priority;-;;;;;;sorting-network;none;slot-service;UNSATISFIABLE;0.02861384;300.0;0;1;0;0;0;;;;;;;;
2;SN-none-ss;instance_30_10_4_29;lex-overtime;lexicographic;overtime-priority;-;;;;;;sorting-network;none;slot-service;UNSATISFIABLE;0.037080456;300.0;0;1;0;0;0;;;;;;;;
2;SN-none-ss;instance_30_10_4_3;lex-overtime;lexicographic;overtime-priority;-;;;;;;sorting-network;none;slot-service;UNSATISFIABLE;0.036880245;300.0;0;1;0;0;0;;;;;;;;
2;SN-none-ss;instance_30_10_4_30;lex-overtime;lexicographic;overtime-priority;-;;;;;;sorting-network;none;slot-service;OPTIMUM;43.05833337;300.0;42.866503529;3;78323;183183;836;358.0;358.0;359.0;1.0;0.0;120.0;overtime | continuity | similarity;0 | 1 | 359
2;SN-none-ss;instance_30_10_4_31;lex-overtime;lexicographic;overtime-priority;-;;;;;;sorting-network;none;slot-service;OPTIMUM;53.93813657;300.0;53.755749176;3;72814;168033;803;369.0;369.0;375.0;6.0;0.0;120.0;overtime | continuity | similarity;0 | 6 | 375
2;SN-none-ss;instance_30_10_4_32;lex-overtime;lexicographic;overtime-priority;-;;;;;;sorting-network;none;slot-service;OPTIMUM;56.013036;300.0;55.824230924000005;3;82154;191352;891;419.0;419.0;419.0;0.0;0.0;120.0;overtime | continuity | similarity;0 | 0 | 419
2;SN-none-ss;instance_30_10_4_33;lex-overtime;lexicographic;overtime-priority;-;;;;;;sorting-network;none;slot-service;OPTIMUM;68.28011515;300.0;68.101711677;3;70604;169275;814;433.0;433.0;433.0;0.0;0.0;120.0;overtime | continuity | similarity;0 | 0 | 433
2;SN-none-ss;instance_30_10_4_34;lex-overtime;lexicographic;overtime-priority;-;;;;;;sorting-network;none;slot-service;UNSATISFIABLE;0.04007587;300.0;0;1;0;0;0;;;;;;;;
2;SN-none-ss;instance_30_10_4_35;lex-overtime;lexicographic;overtime-priority;-;;;;;;sorting-network;none;slot-service;UNSATISFIABLE;0.034893727;300.0;0;1;0;0;0;;;;;;;;
2;SN-none-ss;instance_30_10_4_36;lex-overtime;lexicographic;overtime-priority;-;;;;;;sorting-network;none;slot-service;OPTIMUM;52.46892657;300.0;52.277141484;3;72366;173900;803;385.0;385.0;385.0;0.0;0.0;120.0;overtime | continuity | similarity;0 | 0 | 385
2;SN-none-ss;instance_30_10_4_37;lex-overtime;lexicographic;overtime-priority;-;;;;;;sorting-network;none;slot-service;OPTIMUM;68.25280663;300.0;68.070239787;3;74071;178696;836;432.0;432.0;432.0;0.0;0.0;120.0;overtime | continuity | similarity;0 | 0 | 432
2;SN-none-ss;instance_30_10_4_38;lex-overtime;lexicographic;overtime-priority;-;;;;;;sorting-network;none;slot-service;UNSATISFIABLE;0.052678656;300.0;0;1;0;0;0;;;;;;;;
2;SN-none-ss;instance_30_10_4_39;lex-overtime;lexicographic;overtime-priority;-;;;;;;sorting-network;none;slot-service;UNSATISFIABLE;0.036192771;300.0;0;1;0;0;0;;;;;;;;
2;SN-none-ss;instance_30_10_4_4;lex-overtime;lexicographic;overtime-priority;-;;;;;;sorting-network;none;slot-service;OPTIMUM;68.04625032;300.0;67.862149794;3;78233;185163;869;426.0;426.0;426.0;0.0;0.0;120.0;overtime | continuity | similarity;0 | 0 | 426
2;SN-none-ss;instance_30_10_4_40;lex-overtime;lexicographic;overtime-priority;-;;;;;;sorting-network;none;slot-service;UNSATISFIABLE;0.040094748;300.0;0;1;0;0;0;;;;;;;;
2;SN-none-ss;instance_30_10_4_41;lex-overtime;lexicographic;overtime-priority;-;;;;;;sorting-network;none;slot-service;OPTIMUM;24.25815795;300.0;24.112715179;3;68811;148814;836;338.0;338.0;340.0;2.0;0.0;120.0;overtime | continuity | similarity;0 | 2 | 340
2;SN-none-ss;instance_30_10_4_42;lex-overtime;lexicographic;overtime-priority;-;;;;;;sorting-network;none;slot-service;UNSATISFIABLE;0.036841254;300.0;0;1;0;0;0;;;;;;;;
2;SN-none-ss;instance_30_10_4_43;lex-overtime;lexicographic;overtime-priority;-;;;;;;sorting-network;none;slot-service;OPTIMUM;60.07183348;300.0;59.888053006;3;72029;169908;792;403.0;403.0;404.0;1.0;0.0;120.0;overtime | continuity | similarity;0 | 1 | 404
2;SN-none-ss;instance_30_10_4_44;lex-overtime;lexicographic;overtime-priority;-;;;;;;sorting-network;none;slot-service;UNSATISFIABLE;0.057201141;300.0;0;1;0;0;0;;;;;;;;
2;SN-none-ss;instance_30_10_4_45;lex-overtime;lexicographic;overtime-priority;-;;;;;;sorting-network;none;slot-service;OPTIMUM;33.30236828;300.0;33.125921289000004;3;73354;172201;836;357.0;357.0;357.0;0.0;0.0;120.0;overtime | continuity | similarity;0 | 0 | 357
2;SN-none-ss;instance_30_10_4_46;lex-overtime;lexicographic;overtime-priority;-;;;;;;sorting-network;none;slot-service;UNSATISFIABLE;0.028106845;300.0;0;1;0;0;0;;;;;;;;
2;SN-none-ss;instance_30_10_4_47;lex-overtime;lexicographic;overtime-priority;-;;;;;;sorting-network;none;slot-service;OPTIMUM;50.61076667;300.0;50.433110445000004;3;81875;182056;913;387.0;387.0;387.0;0.0;0.0;120.0;overtime | continuity | similarity;0 | 0 | 387
2;SN-none-ss;instance_30_10_4_48;lex-overtime;lexicographic;overtime-priority;-;;;;;;sorting-network;none;slot-service;OPTIMUM;3.664270678;300.0;3.504290885;3;77010;167107;891;373.0;373.0;373.0;0.0;0.0;120.0;overtime | continuity | similarity;0 | 0 | 373
2;SN-none-ss;instance_30_10_4_49;lex-overtime;lexicographic;overtime-priority;-;;;;;;sorting-network;none;slot-service;UNSATISFIABLE;0.047854059;300.0;0;1;0;0;0;;;;;;;;
2;SN-none-ss;instance_30_10_4_5;lex-overtime;lexicographic;overtime-priority;-;;;;;;sorting-network;none;slot-service;OPTIMUM;41.78369583;300.0;41.597524992000004;3;80869;185300;891;414.0;414.0;415.0;1.0;0.0;120.0;overtime | continuity | similarity;0 | 1 | 415
2;SN-none-ss;instance_30_10_4_50;lex-overtime;lexicographic;overtime-priority;-;;;;;;sorting-network;none;slot-service;UNSATISFIABLE;0.039256662;300.0;0;1;0;0;0;;;;;;;;
2;SN-none-ss;instance_30_10_4_6;lex-overtime;lexicographic;overtime-priority;-;;;;;;sorting-network;none;slot-service;OPTIMUM;65.50377418;300.0;65.323778917;3;76984;180841;858;384.0;384.0;384.0;0.0;0.0;120.0;overtime | continuity | similarity;0 | 0 | 384
2;SN-none-ss;instance_30_10_4_7;lex-overtime;lexicographic;overtime-priority;-;;;;;;sorting-network;none;slot-service;UNSATISFIABLE;0.037950565;300.0;0;1;0;0;0;;;;;;;;
2;SN-none-ss;instance_30_10_4_8;lex-overtime;lexicographic;overtime-priority;-;;;;;;sorting-network;none;slot-service;OPTIMUM;54.99347514;300.0;54.815870184999994;3;70414;163258;803;398.0;398.0;399.0;1.0;0.0;120.0;overtime | continuity | similarity;0 | 1 | 399
2;SN-none-ss;instance_30_10_4_9;lex-overtime;lexicographic;overtime-priority;-;;;;;;sorting-network;none;slot-service;UNSATISFIABLE;0.039509498;300.0;0;1;0;0;0;;;;;;;;
2;SN-none-ss;instance_30_10_5_1;lex-overtime;lexicographic;overtime-priority;-;;;;;;sorting-network;none;slot-service;OPTIMUM;76.4401073;300.0;76.213512363;3;99529;226845;990;486.0;486.0;486.0;0.0;0.0;150.0;overtime | continuity | similarity;0 | 0 | 486
2;SN-none-ss;instance_30_10_5_10;lex-overtime;lexicographic;overtime-priority;-;;;;;;sorting-network;none;slot-service;OPTIMUM;53.77098716;300.0;53.532978326;3;110065;248490;1045;477.0;477.0;478.0;1.0;0.0;150.0;overtime | continuity | similarity;0 | 1 | 478
2;SN-none-ss;instance_30_10_5_11;lex-overtime;lexicographic;overtime-priority;-;;;;;;sorting-network;none;slot-service;UNSATISFIABLE;0.042181481;300.0;0;1;0;0;0;;;;;;;;
2;SN-none-ss;instance_30_10_5_12;lex-overtime;lexicographic;overtime-priority;-;;;;;;sorting-network;none;slot-service;UNSATISFIABLE;0.060578656;300.0;0;1;0;0;0;;;;;;;;
2;SN-none-ss;instance_30_10_5_13;lex-overtime;lexicographic;overtime-priority;-;;;;;;sorting-network;none;slot-service;UNSATISFIABLE;0.073773036;300.0;0;1;0;0;0;;;;;;;;
2;SN-none-ss;instance_30_10_5_14;lex-overtime;lexicographic;overtime-priority;-;;;;;;sorting-network;none;slot-service;UNSATISFIABLE;0.195114024;300.0;0;1;0;0;0;;;;;;;;
2;SN-none-ss;instance_30_10_5_15;lex-overtime;lexicographic;overtime-priority;-;;;;;;sorting-network;none;slot-service;UNSATISFIABLE;0.096855189;300.0;0;1;0;0;0;;;;;;;;
2;SN-none-ss;instance_30_10_5_16;lex-overtime;lexicographic;overtime-priority;-;;;;;;sorting-network;none;slot-service;OPTIMUM;55.20789327;300.0;54.984331918;3;85975;210070;858;473.0;473.0;473.0;0.0;0.0;150.0;overtime | continuity | similarity;0 | 0 | 473
2;SN-none-ss;instance_30_10_5_17;lex-overtime;lexicographic;overtime-priority;-;;;;;;sorting-network;none;slot-service;OPTIMUM;50.41835691;300.0;50.21288716;3;94137;210656;968;414.0;414.0;414.0;0.0;0.0;150.0;overtime | continuity | similarity;0 | 0 | 414
2;SN-none-ss;instance_30_10_5_18;lex-overtime;lexicographic;overtime-priority;-;;;;;;sorting-network;none;slot-service;OPTIMUM;72.4680783;300.0;72.209722125;3;100579;244609;946;516.0;516.0;518.0;2.0;0.0;150.0;overtime | continuity | similarity;0 | 2 | 518
2;SN-none-ss;instance_30_10_5_19;lex-overtime;lexicographic;overtime-priority;-;;;;;;sorting-network;none;slot-service;UNSATISFIABLE;0.048572827;300.0;0;1;0;0;0;;;;;;;;
2;SN-none-ss;instance_30_10_5_2;lex-overtime;lexicographic;overtime-priority;-;;;;;;sorting-network;none;slot-service;UNSATISFIABLE;0.058999711;300.0;0;1;0;0;0;;;;;;;;
2;SN-none-ss;instance_30_10_5_20;lex-overtime;lexicographic;overtime-priority;-;;;;;;sorting-network;none;slot-service;UNSATISFIABLE;0.055174723;300.0;0;1;0;0;0;;;;;;;;
2;SN-none-ss;instance_30_10_5_21;lex-overtime;lexicographic;overtime-priority;-;;;;;;sorting-network;none;slot-service;UNSATISFIABLE;0.05340483;300.0;0;1;0;0;0;;;;;;;;
2;SN-none-ss;instance_30_10_5_22;lex-overtime;lexicographic;overtime-priority;-;;;;;;sorting-network;none;slot-service;OPTIMUM;57.7487311;300.0;57.504797592;3;107670;253393;1001;495.0;495.0;497.0;2.0;0.0;150.0;overtime | continuity | similarity;0 | 2 | 497
2;SN-none-ss;instance_30_10_5_23;lex-overtime;lexicographic;overtime-priority;-;;;;;;sorting-network;none;slot-service;UNSATISFIABLE;0.040453536;300.0;0;1;0;0;0;;;;;;;;
2;SN-none-ss;instance_30_10_5_24;lex-overtime;lexicographic;overtime-priority;-;;;;;;sorting-network;none;slot-service;UNSATISFIABLE;0.049601615;300.0;0;1;0;0;0;;;;;;;;
2;SN-none-ss;instance_30_10_5_25;lex-overtime;lexicographic;overtime-priority;-;;;;;;sorting-network;none;slot-service;UNSATISFIABLE;0.06959234;300.0;0;1;0;0;0;;;;;;;;
2;SN-none-ss;instance_30_10_5_26;lex-overtime;lexicographic;overtime-priority;-;;;;;;sorting-network;none;slot-service;UNSATISFIABLE;0.038242063;300.0;0;1;0;0;0;;;;;;;;
2;SN-none-ss;instance_30_10_5_27;lex-overtime;lexicographic;overtime-priority;-;;;;;;sorting-network;none;slot-service;UNSATISFIABLE;0.050587973;300.0;0;1;0;0;0;;;;;;;;
2;SN-none-ss;instance_30_10_5_28;lex-overtime;lexicographic;overtime-priority;-;;;;;;sorting-network;none;slot-service;UNSATISFIABLE;0.033486137;300.0;0;1;0;0;0;;;;;;;;
2;SN-none-ss;instance_30_10_5_29;lex-overtime;lexicographic;overtime-priority;-;;;;;;sorting-network;none;slot-service;UNSATISFIABLE;0.035047564;300.0;0;1;0;0;0;;;;;;;;
2;SN-none-ss;instance_30_10_5_3;lex-overtime;lexicographic;overtime-priority;-;;;;;;sorting-network;none;slot-service;OPTIMUM;53.34779619;300.0;53.117625787;3;91344;224951;902;470.0;470.0;472.0;2.0;0.0;150.0;overtime | continuity | similarity;0 | 2 | 472
2;SN-none-ss;instance_30_10_5_30;lex-overtime;lexicographic;overtime-priority;-;;;;;;sorting-network;none;slot-service;UNSATISFIABLE;0.053909578;300.0;0;1;0;0;0;;;;;;;;
2;SN-none-ss;instance_30_10_5_31;lex-overtime;lexicographic;overtime-priority;-;;;;;;sorting-network;none;slot-service;OPTIMUM;48.68206642;300.0;48.46608147399999;3;91949;208255;946;506.0;506.0;506.0;0.0;0.0;150.0;overtime | continuity | similarity;0 | 0 | 506
2;SN-none-ss;instance_30_10_5_32;lex-overtime;lexicographic;overtime-priority;-;;;;;;sorting-network;none;slot-service;OPTIMUM;87.37883544;300.0;87.132994715;3;107322;250710;1012;543.0;543.0;543.0;0.0;0.0;150.0;overtime | continuity | similarity;0 | 0 | 543
2;SN-none-ss;instance_30_10_5_33;lex-overtime;lexicographic;overtime-priority;-;;;;;;sorting-network;none;slot-service;OPTIMUM;80.30822722;300.0;79.996856267;3;105400;273076;957;552.0;552.0;552.0;0.0;0.0;150.0;overtime | continuity | similarity;0 | 0 | 552
2;SN-none-ss;instance_30_10_5_34;lex-overtime;lexicographic;overtime-priority;-;;;;;;sorting-network;none;slot-service;OPTIMUM;52.34786876;300.0;52.058557054;3;115515;263437;1034;446.0;446.0;449.0;3.0;0.0;150.0;overtime | continuity | similarity;0 | 3 | 449
2;SN-none-ss;instance_30_10_5_35;lex-overtime;lexicographic;overtime-priority;-;;;;;;sorting-network;none;slot-service;OPTIMUM;52.28879522;300.0;52.030412837;3;111652;253782;1034;492.0;492.0;492.0;0.0;0.0;150.0;overtime | continuity | similarity;0 | 0 | 492
2;SN-none-ss;instance_30_10_5_36;lex-overtime;lexicographic;overtime-priority;-;;;;;;sorting-network;none;slot-service;OPTIMUM;63.09213825;300.0;62.797735796;3;111876;266929;979;485.0;485.0;489.0;4.0;0.0;150.0;overtime | continuity | similarity;0 | 4 | 489
2;SN-none-ss;instance_30_10_5_37;lex-overtime;lexicographic;overtime-priority;-;;;;;;sorting-network;none;slot-service;OPTIMUM;26.21667379;300.0;26.000290198000002;3;97301;213213;1001;494.0;494.0;494.0;0.0;0.0;150.0;overtime | continuity | similarity;0 | 0 | 494
2;SN-none-ss;instance_30_10_5_38;lex-overtime;lexicographic;overtime-priority;-;;;;;;sorting-network;none;slot-service;OPTIMUM;75.00552057;300.0;74.745423607;3;112080;256213;1056;518.0;518.0;518.0;0.0;0.0;150.0;overtime | continuity | similarity;0 | 0 | 518
2;SN-none-ss;instance_30_10_5_39;lex-overtime;lexicographic;overtime-priority;-;;;;;;sorting-network;none;slot-service;OPTIMUM;60.61692112;300.0;60.366348273;3;111856;257879;1056;520.0;520.0;521.0;1.0;0.0;150.0;overtime | continuity | similarity;0 | 1 | 521
2;SN-none-ss;instance_30_10_5_4;lex-overtime;lexicographic;overtime-priority;-;;;;;;sorting-network;none;slot-service;UNSATISFIABLE;0.036522838;300.0;0;1;0;0;0;;;;;;;;
2;SN-none-ss;instance_30_10_5_40;lex-overtime;lexicographic;overtime-priority;-;;;;;;sorting-network;none;slot-service;UNSATISFIABLE;0.037299734;300.0;0;1;0;0;0;;;;;;;;
2;SN-none-ss;instance_30_10_5_41;lex-overtime;lexicographic;overtime-priority;-;;;;;;sorting-network;none;slot-service;UNSATISFIABLE;0.059935514;300.0;0;1;0;0;0;;;;;;;;
2;SN-none-ss;instance_30_10_5_42;lex-overtime;lexicographic;overtime-priority;-;;;;;;sorting-network;none;slot-service;OPTIMUM;74.11775424;300.0;73.865945898;3;108637;257885;1001;474.0;474.0;475.0;1.0;0.0;150.0;overtime | continuity | similarity;0 | 1 | 475
2;SN-none-ss;instance_30_10_5_43;lex-overtime;lexicographic;overtime-priority;-;;;;;;sorting-network;none;slot-service;UNSATISFIABLE;0.038798263;300.0;0;1;0;0;0;;;;;;;;
2;SN-none-ss;instance_30_10_5_44;lex-overtime;lexicographic;overtime-priority;-;;;;;;sorting-network;none;slot-service;UNSATISFIABLE;0.10074914;300.0;0;1;0;0;0;;;;;;;;
2;SN-none-ss;instance_30_10_5_45;lex-overtime;lexicographic;overtime-priority;-;;;;;;sorting-network;none;slot-service;UNSATISFIABLE;0.050629497;300.0;0;1;0;0;0;;;;;;;;
2;SN-none-ss;instance_30_10_5_46;lex-overtime;lexicographic;overtime-priority;-;;;;;;sorting-network;none;slot-service;UNSATISFIABLE;0.035716132;300.0;0;1;0;0;0;;;;;;;;
2;SN-none-ss;instance_30_10_5_47;lex-overtime;lexicographic;overtime-priority;-;;;;;;sorting-network;none;slot-service;UNSATISFIABLE;0.035963874;300.0;0;1;0;0;0;;;;;;;;
2;SN-none-ss;instance_30_10_5_48;lex-overtime;lexicographic;overtime-priority;-;;;;;;sorting-network;none;slot-service;OPTIMUM;60.51360347;300.0;60.287261546;3;105936;237735;1023;472.0;472.0;473.0;1.0;0.0;150.0;overtime | continuity | similarity;0 | 1 | 473
2;SN-none-ss;instance_30_10_5_49;lex-overtime;lexicographic;overtime-priority;-;;;;;;sorting-network;none;slot-service;TIMEOUT;300.1063833;300.0;0.060607722;2;18347;60544;30;;;;;;;overtime;0
2;SN-none-ss;instance_30_10_5_5;lex-overtime;lexicographic;overtime-priority;-;;;;;;sorting-network;none;slot-service;UNSATISFIABLE;0.051502697;300.0;0;1;0;0;0;;;;;;;;
2;SN-none-ss;instance_30_10_5_50;lex-overtime;lexicographic;overtime-priority;-;;;;;;sorting-network;none;slot-service;UNSATISFIABLE;0.056629788;300.0;0;1;0;0;0;;;;;;;;
2;SN-none-ss;instance_30_10_5_6;lex-overtime;lexicographic;overtime-priority;-;;;;;;sorting-network;none;slot-service;UNSATISFIABLE;0.038696209;300.0;0;1;0;0;0;;;;;;;;
2;SN-none-ss;instance_30_10_5_7;lex-overtime;lexicographic;overtime-priority;-;;;;;;sorting-network;none;slot-service;UNSATISFIABLE;0.05643977;300.0;0;1;0;0;0;;;;;;;;
2;SN-none-ss;instance_30_10_5_8;lex-overtime;lexicographic;overtime-priority;-;;;;;;sorting-network;none;slot-service;OPTIMUM;81.01929229;300.0;80.790560836;3;96668;224936;968;535.0;535.0;535.0;0.0;0.0;150.0;overtime | continuity | similarity;0 | 0 | 535
2;SN-none-ss;instance_30_10_5_9;lex-overtime;lexicographic;overtime-priority;-;;;;;;sorting-network;none;slot-service;OPTIMUM;49.67286164;300.0;49.480039086;3;82960;190166;880;470.0;470.0;473.0;3.0;0.0;150.0;overtime | continuity | similarity;0 | 3 | 473
2;SN-none-ss;instance_30_15_4_1;lex-overtime;lexicographic;overtime-priority;-;;;;;;sorting-network;none;slot-service;OPTIMUM;82.29593416;300.0;81.98854242200001;3;118932;283441;1264;438.0;438.0;438.0;0.0;0.0;120.0;overtime | continuity | similarity;0 | 0 | 438
2;SN-none-ss;instance_30_15_4_10;lex-overtime;lexicographic;overtime-priority;-;;;;;;sorting-network;none;slot-service;OPTIMUM;70.32027921;300.0;70.033637893;3;118200;270699;1280;410.0;410.0;410.0;0.0;0.0;120.0;overtime | continuity | similarity;0 | 0 | 410
2;SN-none-ss;instance_30_15_4_11;lex-overtime;lexicographic;overtime-priority;-;;;;;;sorting-network;none;slot-service;OPTIMUM;68.77815241;300.0;68.541320646;3;94381;219499;1136;406.0;406.0;406.0;0.0;0.0;120.0;overtime | continuity | similarity;0 | 0 | 406
2;SN-none-ss;instance_30_15_4_12;lex-overtime;lexicographic;overtime-priority;-;;;;;;sorting-network;none;slot-service;OPTIMUM;70.70915224;300.0;70.45464199700001;3;107345;248529;1216;439.0;439.0;439.0;0.0;0.0;120.0;overtime | continuity | similarity;0 | 0 | 439
2;SN-none-ss;instance_30_15_4_13;lex-overtime;lexicographic;overtime-priority;-;;;;;;sorting-network;none;slot-service;OPTIMUM;54.54852402;300.0;54.336507622;3;95096;214082;1136;383.0;383.0;386.0;3.0;0.0;120.0;overtime | continuity | similarity;0 | 3 | 386
2;SN-none-ss;instance_30_15_4_14;lex-overtime;lexicographic;overtime-priority;-;;;;;;sorting-network;none;slot-service;OPTIMUM;72.82860358;300.0;72.54316462499999;3;112888;264107;1264;389.0;389.0;389.0;0.0;0.0;120.0;overtime | continuity | similarity;0 | 0 | 389
2;SN-none-ss;instance_30_15_4_15;lex-overtime;lexicographic;overtime-priority;-;;;;;;sorting-network;none;slot-service;OPTIMUM;78.70574112;300.0;78.39286512299999;3;115097;277939;1232;446.0;446.0;446.0;0.0;0.0;120.0;overtime | continuity | similarity;0 | 0 | 446
2;SN-none-ss;instance_30_15_4_16;lex-overtime;lexicographic;overtime-priority;-;;;;;;sorting-network;none;slot-service;OPTIMUM;52.84614535;300.0;52.618207552;3;111168;247099;1264;398.0;398.0;398.0;0.0;0.0;120.0;overtime | continuity | similarity;0 | 0 | 398
2;SN-none-ss;instance_30_15_4_17;lex-overtime;lexicographic;overtime-priority;-;;;;;;sorting-network;none;slot-service;OPTIMUM;74.41138079;300.0;74.161027339;3;113633;259788;1264;417.0;417.0;417.0;0.0;0.0;120.0;overtime | continuity | similarity;0 | 0 | 417
2;SN-none-ss;instance_30_15_4_18;lex-overtime;lexicographic;overtime-priority;-;;;;;;sorting-network;none;slot-service;OPTIMUM;76.21796408;300.0;75.891274047;3;118967;300893;1248;448.0;448.0;448.0;0.0;0.0;120.0;overtime | continuity | similarity;0 | 0 | 448
2;SN-none-ss;instance_30_15_4_19;lex-overtime;lexicographic;overtime-priority;-;;;;;;sorting-network;none;slot-service;OPTIMUM;65.7913167;300.0;65.56516381;3;98451;227116;1168;391.0;391.0;392.0;1.0;0.0;120.0;overtime | continuity | similarity;0 | 1 | 392
2;SN-none-ss;instance_30_15_4_2;lex-overtime;lexicographic;overtime-priority;-;;;;;;sorting-network;none;slot-service;OPTIMUM;67.43427559;300.0;67.208807258;3;116863;251849;1328;369.0;369.0;369.0;0.0;0.0;120.0;overtime | continuity | similarity;0 | 0 | 369
2;SN-none-ss;instance_30_15_4_20;lex-overtime;lexicographic;overtime-priority;-;;;;;;sorting-network;none;slot-service;OPTIMUM;70.18047822;300.0;69.896375768;3;121738;266370;1344;420.0;420.0;420.0;0.0;0.0;120.0;overtime | continuity | similarity;0 | 0 | 420
2;SN-none-ss;instance_30_15_4_21;lex-overtime;lexicographic;overtime-priority;-;;;;;;sorting-network;none;slot-service;UNSATISFIABLE;0.053709692;300.0;0;1;0;0;0;;;;;;;;
2;SN-none-ss;instance_30_15_4_22;lex-overtime;lexicographic;overtime-priority;-;;;;;;sorting-network;none;slot-service;OPTIMUM;72.63582708;300.0;72.40828433;3;104981;240129;1216;413.0;413.0;413.0;0.0;0.0;120.0;overtime | continuity | similarity;0 | 0 | 413
2;SN-none-ss;instance_30_15_4_23;lex-overtime;lexicographic;overtime-priority;-;;;;;;sorting-network;none;slot-service;OPTIMUM;73.94542223;300.0;73.650801482;3;112463;272967;1216;427.0;427.0;427.0;0.0;0.0;120.0;overtime | continuity | similarity;0 | 0 | 427
2;SN-none-ss;instance_30_15_4_24;lex-overtime;lexicographic;overtime-priority;-;;;;;;sorting-network;none;slot-service;OPTIMUM;82.07320143;300.0;81.766567129;3;123808;291090;1312;444.0;444.0;444.0;0.0;0.0;120.0;overtime | continuity | similarity;0 | 0 | 444
2;SN-none-ss;instance_30_15_4_25;lex-overtime;lexicographic;overtime-priority;-;;;;;;sorting-network;none;slot-service;OPTIMUM;54.0734758;300.0;53.792630499999994;3;117499;263049;1280;402.0;402.0;402.0;0.0;0.0;120.0;overtime | continuity | similarity;0 | 0 | 402
2;SN-none-ss;instance_30_15_4_26;lex-overtime;lexicographic;overtime-priority;-;;;;;;sorting-network;none;slot-service;OPTIMUM;78.98273096;300.0;78.698098067;3;111626;262238;1232;436.0;436.0;436.0;0.0;0.0;120.0;overtime | continuity | similarity;0 | 0 | 436
2;SN-none-ss;instance_30_15_4_27;lex-overtime;lexicographic;overtime-priority;-;;;;;;sorting-network;none;slot-service;OPTIMUM;70.70480736;300.0;70.45164689;3;112060;260345;1248;407.0;407.0;407.0;0.0;0.0;120.0;overtime | continuity | similarity;0 | 0 | 407
2;SN-none-ss;instance_30_15_4_28;lex-overtime;lexicographic;overtime-priority;-;;;;;;sorting-network;none;slot-service;OPTIMUM;67.55412461;300.0;67.303958244;3;108063;255946;1216;410.0;410.0;410.0;0.0;0.0;120.0;overtime | continuity | similarity;0 | 0 | 410
2;SN-none-ss;instance_30_15_4_29;lex-overtime;lexicographic;overtime-priority;-;;;;;;sorting-network;none;slot-service;OPTIMUM;43.47782697;300.0;43.261853122;3;100122;218888;1216;399.0;399.0;399.0;0.0;0.0;120.0;overtime | continuity | similarity;0 | 0 | 399
2;SN-none-ss;instance_30_15_4_3;lex-overtime;lexicographic;overtime-priority;-;;;;;;sorting-network;none;slot-service;OPTIMUM;70.29910776;300.0;69.992450434;3;118898;284332;1280;431.0;431.0;431.0;0.0;0.0;120.0;overtime | continuity | similarity;0 | 0 | 431
2;SN-none-ss;instance_30_15_4_30;lex-overtime;lexicographic;overtime-priority;-;;;;;;sorting-network;none;slot-service;OPTIMUM;80.21801632;300.0;79.90860287;3;119321;288173;1264;435.0;435.0;435.0;0.0;0.0;120.0;overtime | continuity | similarity;0 | 0 | 435
2;SN-none-ss;instance_30_15_4_31;lex-overtime;lexicographic;overtime-priority;-;;;;;;sorting-network;none;slot-service;OPTIMUM;74.63257669;300.0;74.333765469;3;112800;271001;1232;407.0;407.0;407.0;0.0;0.0;120.0;overtime | continuity | similarity;0 | 0 | 407
2;SN-none-ss;instance_30_15_4_32;lex-overtime;lexicographic;overtime-priority;-;;;;;;sorting-network;none;slot-service;OPTIMUM;64.65709793;300.0;64.370875512;3;111419;266342;1248;382.0;382.0;382.0;0.0;0.0;120.0;overtime | continuity | similarity;0 | 0 | 382
2;SN-none-ss;instance_30_15_4_33;lex-overtime;lexicographic;overtime-priority;-;;;;;;sorting-network;none;slot-service;OPTIMUM;79.49076233;300.0;79.183017625;3;120709;285517;1280;429.0;429.0;429.0;0.0;0.0;120.0;overtime | continuity | similarity;0 | 0 | 429
2;SN-none-ss;instance_30_15_4_34;lex-overtime;lexicographic;overtime-priority;-;;;;;;sorting-network;none;slot-service;OPTIMUM;69.25408837;300.0;68.964582471;3;114878;274258;1264;396.0;396.0;396.0;0.0;0.0;120.0;overtime | continuity | similarity;0 | 0 | 396
2;SN-none-ss;instance_30_15_4_35;lex-overtime;lexicographic;overtime-priority;-;;;;;;sorting-network;none;slot-service;UNSATISFIABLE;0.062812608;300.0;0;1;0;0;0;;;;;;;;
2;SN-none-ss;instance_30_15_4_36;lex-overtime;lexicographic;overtime-priority;-;;;;;;sorting-network;none;slot-service;OPTIMUM;58.1519753;300.0;57.907200365;3;100021;243753;1152;427.0;427.0;427.0;0.0;0.0;120.0;overtime | continuity | similarity;0 | 0 | 427
2;SN-none-ss;instance_30_15_4_37;lex-overtime;lexicographic;overtime-priority;-;;;;;;sorting-network;none;slot-service;OPTIMUM;62.37192695;300.0;62.084319195;3;121301;277742;1312;420.0;420.0;420.0;0.0;0.0;120.0;overtime | continuity | similarity;0 | 0 | 420
2;SN-none-ss;instance_30_15_4_38;lex-overtime;lexicographic;overtime-priority;-;;;;;;sorting-network;none;slot-service;OPTIMUM;64.62642593;300.0;64.379293251;3;106686;247844;1216;402.0;402.0;402.0;0.0;0.0;120.0;overtime | continuity | similarity;0 | 0 | 402
2;SN-none-ss;instance_30_15_4_39;lex-overtime;lexicographic;overtime-priority;-;;;;;;sorting-network;none;slot-service;OPTIMUM;71.65663948;300.0;71.399718461;3;109253;260496;1216;437.0;437.0;437.0;0.0;0.0;120.0;overtime | continuity | similarity;0 | 0 | 437
2;SN-none-ss;instance_30_15_4_4;lex-overtime;lexicographic;overtime-priority;-;;;;;;sorting-network;none;slot-service;OPTIMUM;95.19503317;300.0;94.874747771;3;124491;300606;1296;450.0;450.0;450.0;0.0;0.0;120.0;overtime | continuity | similarity;0 | 0 | 450
2;SN-none-ss;instance_30_15_4_40;lex-overtime;lexicographic;overtime-priority;-;;;;;;sorting-network;none;slot-service;OPTIMUM;69.02234408;300.0;68.784605099;3;99549;238369;1152;450.0;450.0;450.0;0.0;0.0;120.0;overtime | continuity | similarity;0 | 0 | 450
2;SN-none-ss;instance_30_15_4_41;lex-overtime;lexicographic;overtime-priority;-;;;;;;sorting-network;none;slot-service;OPTIMUM;79.32849271;300.0;78.997827278;3;118971;307601;1248;443.0;443.0;443.0;0.0;0.0;120.0;overtime | continuity | similarity;0 | 0 | 443
2;SN-none-ss;instance_30_15_4_42;lex-overtime;lexicographic;overtime-priority;-;;;;;;sorting-network;none;slot-service;OPTIMUM;76.57501122;300.0;76.266516328;3;119082;289446;1248;432.0;432.0;432.0;0.0;0.0;120.0;overtime | continuity | similarity;0 | 0 | 432
2;SN-none-ss;instance_30_15_4_43;lex-overtime;lexicographic;overtime-priority;-;;;;;;sorting-network;none;slot-service;OPTIMUM;83.55627428;300.0;83.252924475;3;111904;268121;1232;411.0;411.0;411.0;0.0;0.0;120.0;overtime | continuity | similarity;0 | 0 | 411
2;SN-none-ss;instance_30_15_4_44;lex-overtime;lexicographic;overtime-priority;-;;;;;;sorting-network;none;slot-service;UNSATISFIABLE;0.061244245;300.0;0;1;0;0;0;;;;;;;;
2;SN-none-ss;instance_30_15_4_45;lex-overtime;lexicographic;overtime-priority;-;;;;;;sorting-network;none;slot-service;OPTIMUM;72.85202706;300.0;72.541947667;3;119447;291335;1264;416.0;416.0;416.0;0.0;0.0;120.0;overtime | continuity | similarity;0 | 0 | 416
2;SN-none-ss;instance_30_15_4_46;lex-overtime;lexicographic;overtime-priority;-;;;;;;sorting-network;none;slot-service;OPTIMUM;76.14733127;300.0;75.845069545;3;114339;275297;1248;446.0;446.0;446.0;0.0;0.0;120.0;overtime | continuity | similarity;0 | 0 | 446
2;SN-none-ss;instance_30_15_4_47;lex-overtime;lexicographic;overtime-priority;-;;;;;;sorting-network;none;slot-service;OPTIMUM;59.86255461;300.0;59.570399804;3;126924;287817;1344;417.0;417.0;418.0;1.0;0.0;120.0;overtime | continuity | similarity;0 | 1 | 418
2;SN-none-ss;instance_30_15_4_48;lex-overtime;lexicographic;overtime-priority;-;;;;;;sorting-network;none;slot-service;OPTIMUM;65.34165896;300.0;65.087777567;3;103098;242230;1184;430.0;430.0;430.0;0.0;0.0;120.0;overtime | continuity | similarity;0 | 0 | 430
2;SN-none-ss;instance_30_15_4_49;lex-overtime;lexicographic;overtime-priority;-;;;;;;sorting-network;none;slot-service;OPTIMUM;77.92166021;300.0;77.658189763;3;109804;259819;1200;421.0;421.0;421.0;0.0;0.0;120.0;overtime | continuity | similarity;0 | 0 | 421
2;SN-none-ss;instance_30_15_4_5;lex-overtime;lexicographic;overtime-priority;-;;;;;;sorting-network;none;slot-service;OPTIMUM;63.26785153;300.0;63.025395013;3;100705;237430;1152;400.0;400.0;401.0;1.0;0.0;120.0;overtime | continuity | similarity;0 | 1 | 401
2;SN-none-ss;instance_30_15_4_50;lex-overtime;lexicographic;overtime-priority;-;;;;;;sorting-network;none;slot-service;OPTIMUM;66.80253274;300.0;66.566111848;3;102880;231742;1152;396.0;396.0;403.0;7.0;0.0;120.0;overtime | continuity | similarity;0 | 7 | 403
2;SN-none-ss;instance_30_15_4_6;lex-overtime;lexicographic;overtime-priority;-;;;;;;sorting-network;none;slot-service;OPTIMUM;80.27817448;300.0;80.04310242300001;3;114495;254772;1296;436.0;436.0;436.0;0.0;0.0;120.0;overtime | continuity | similarity;0 | 0 | 436
2;SN-none-ss;instance_30_15_4_7;lex-overtime;lexicographic;overtime-priority;-;;;;;;sorting-network;none;slot-service;UNSATISFIABLE;0.076463199;300.0;0;1;0;0;0;;;;;;;;
2;SN-none-ss;instance_30_15_4_8;lex-overtime;lexicographic;overtime-priority;-;;;;;;sorting-network;none;slot-service;UNSATISFIABLE;0.067528254;300.0;0;1;0;0;0;;;;;;;;
2;SN-none-ss;instance_30_15_4_9;lex-overtime;lexicographic;overtime-priority;-;;;;;;sorting-network;none;slot-service;OPTIMUM;52.49952638;300.0;52.275102023;3;100545;228991;1168;385.0;385.0;386.0;1.0;0.0;120.0;overtime | continuity | similarity;0 | 1 | 386
2;SN-none-ss;instance_30_15_5_1;lex-overtime;lexicographic;overtime-priority;-;;;;;;sorting-network;none;slot-service;OPTIMUM;87.24502067;300.0;86.81478055800001;3;166839;414728;1472;543.0;543.0;545.0;2.0;0.0;150.0;overtime | continuity | similarity;0 | 2 | 545
2;SN-none-ss;instance_30_15_5_10;lex-overtime;lexicographic;overtime-priority;-;;;;;;sorting-network;none;slot-service;UNSATISFIABLE;0.089543199;300.0;0;1;0;0;0;;;;;;;;
2;SN-none-ss;instance_30_15_5_11;lex-overtime;lexicographic;overtime-priority;-;;;;;;sorting-network;none;slot-service;OPTIMUM;91.38331581;300.0;91.02010115399999;3;152209;353485;1440;522.0;522.0;522.0;0.0;0.0;150.0;overtime | continuity | similarity;0 | 0 | 522
2;SN-none-ss;instance_30_15_5_12;lex-overtime;lexicographic;overtime-priority;-;;;;;;sorting-network;none;slot-service;OPTIMUM;99.08440366;300.0;98.65457410600001;3;164371;414458;1440;568.0;568.0;568.0;0.0;0.0;150.0;overtime | continuity | similarity;0 | 0 | 568
2;SN-none-ss;instance_30_15_5_13;lex-overtime;lexicographic;overtime-priority;-;;;;;;sorting-network;none;slot-service;OPTIMUM;82.66500885;300.0;82.24467709599999;3;145784;359670;1376;540.0;540.0;540.0;0.0;0.0;150.0;overtime | continuity | similarity;0 | 0 | 540
2;SN-none-ss;instance_30_15_5_14;lex-overtime;lexicographic;overtime-priority;-;;;;;;sorting-network;none;slot-service;OPTIMUM;88.48566175;300.0;88.104165529;3;144885;338241;1408;504.0;504.0;505.0;1.0;0.0;150.0;overtime | continuity | similarity;0 | 1 | 505
2;SN-none-ss;instance_30_15_5_15;lex-overtime;lexicographic;overtime-priority;-;;;;;;sorting-network;none;slot-service;OPTIMUM;78.14243512;300.0;77.71567366400001;3;143342;362562;1376;545.0;545.0;545.0;0.0;0.0;150.0;overtime | continuity | similarity;0 | 0 | 545
2;SN-none-ss;instance_30_15_5_16;lex-overtime;lexicographic;overtime-priority;-;;;;;;sorting-network;none;slot-service;OPTIMUM;73.40636751;300.0;73.00099074900001;3;148955;350184;1376;464.0;464.0;467.0;3.0;0.0;150.0;overtime | continuity | similarity;0 | 3 | 467
2;SN-none-ss;instance_30_15_5_17;lex-overtime;lexicographic;overtime-priority;-;;;;;;sorting-network;none;slot-service;OPTIMUM;83.89828767;300.0;83.51948054399999;3;141824;329951;1424;542.0;542.0;542.0;0.0;0.0;150.0;overtime | continuity | similarity;0 | 0 | 542
2;SN-none-ss;instance_30_15_5_18;lex-overtime;lexicographic;overtime-priority;-;;;;;;sorting-network;none;slot-service;OPTIMUM;91.47380522;300.0;91.091457359;3;144877;336399;1408;527.0;527.0;527.0;0.0;0.0;150.0;overtime | continuity | similarity;0 | 0 | 527
2;SN-none-ss;instance_30_15_5_19;lex-overtime;lexicographic;overtime-priority;-;;;;;;sorting-network;none;slot-service;OPTIMUM;93.61036688;300.0;93.16641943100001;3;158481;377499;1472;522.0;522.0;522.0;0.0;0.0;150.0;overtime | continuity | similarity;0 | 0 | 522
2;SN-none-ss;instance_30_15_5_2;lex-overtime;lexicographic;overtime-priority;-;;;;;;sorting-network;none;slot-service;OPTIMUM;73.60495603;300.0;73.194750823;3;125570;320388;1248;546.0;546.0;546.0;0.0;0.0;150.0;overtime | continuity | similarity;0 | 0 | 546
2;SN-none-ss;instance_30_15_5_20;lex-overtime;lexicographic;overtime-priority;-;;;;;;sorting-network;none;slot-service;UNSATISFIABLE;0.114949344;300.0;0;1;0;0;0;;;;;;;;
2;SN-none-ss;instance_30_15_5_21;lex-overtime;lexicographic;overtime-priority;-;;;;;;sorting-network;none;slot-service;OPTIMUM;103.7567228;300.0;103.349939299;3;148227;353508;1424;509.0;509.0;509.0;0.0;0.0;150.0;overtime | continuity | similarity;0 | 0 | 509
2;SN-none-ss;instance_30_15_5_22;lex-overtime;lexicographic;overtime-priority;-;;;;;;sorting-network;none;slot-service;OPTIMUM;89.40386118;300.0;88.94668500000002;3;159540;386898;1456;536.0;536.0;536.0;0.0;0.0;150.0;overtime | continuity | similarity;0 | 0 | 536
2;SN-none-ss;instance_30_15_5_23;lex-overtime;lexicographic;overtime-priority;-;;;;;;sorting-network;none;slot-service;OPTIMUM;98.93335477;300.0;98.48427503900001;3;157559;379881;1440;532.0;532.0;532.0;0.0;0.0;150.0;overtime | continuity | similarity;0 | 0 | 532
3;SN-both-none;instance_30_10_4_1;lex-overtime;lexicographic;overtime-priority;-;;;;;;sorting-network;both;none;OPTIMUM;63.75801966;300.0;63.519970877;3;82462;201585;847;404.0;404.0;404.0;0.0;0.0;120.0;overtime | continuity | similarity;0 | 0 | 404
3;SN-both-none;instance_30_10_4_10;lex-overtime;lexicographic;overtime-priority;-;;;;;;sorting-network;both;none;OPTIMUM;56.06808786;300.0;55.831572163;3;80902;194380;825;389.0;389.0;389.0;0.0;0.0;120.0;overtime | continuity | similarity;0 | 0 | 389
3;SN-both-none;instance_30_10_4_11;lex-overtime;lexicographic;overtime-priority;-;;;;;;sorting-network;both;none;OPTIMUM;43.88298304;300.0;43.650996846;3;84614;199599;858;371.0;371.0;371.0;0.0;0.0;120.0;overtime | continuity | similarity;0 | 0 | 371
3;SN-both-none;instance_30_10_4_12;lex-overtime;lexicographic;overtime-priority;-;;;;;;sorting-network;both;none;OPTIMUM;51.40060021;300.0;51.173313379999996;3;75018;185904;781;374.0;374.0;374.0;0.0;0.0;120.0;overtime | continuity | similarity;0 | 0 | 374
3;SN-both-none;instance_30_10_4_13;lex-overtime;lexicographic;overtime-priority;-;;;;;;sorting-network;both;none;UNSATISFIABLE;0.055480129;300.0;0;1;0;0;0;;;;;;;;
3;SN-both-none;instance_30_10_4_14;lex-overtime;lexicographic;overtime-priority;-;;;;;;sorting-network;both;none;UNSATISFIABLE;0.055947591;300.0;0;1;0;0;0;;;;;;;;
3;SN-both-none;instance_30_10_4_15;lex-overtime;lexicographic;overtime-priority;-;;;;;;sorting-network;both;none;UNSATISFIABLE;0.035399141;300.0;0;1;0;0;0;;;;;;;;
3;SN-both-none;instance_30_10_4_16;lex-overtime;lexicographic;overtime-priority;-;;;;;;sorting-network;both;none;OPTIMUM;65.25028821;300.0;64.984954628;3;92599;224638;902;427.0;427.0;427.0;0.0;0.0;120.0;overtime | continuity | similarity;0 | 0 | 427
3;SN-both-none;instance_30_10_4_17;lex-overtime;lexicographic;overtime-priority;-;;;;;;sorting-network;both;none;OPTIMUM;50.06454716;300.0;49.864816552;3;77984;180068;847;400.0;400.0;400.0;0.0;0.0;120.0;overtime | continuity | similarity;0 | 0 | 400
3;SN-both-none;instance_30_10_4_18;lex-overtime;lexicographic;overtime-priority;-;;;;;;sorting-network;both;none;OPTIMUM;29.61679443;300.0;29.402617415;3;79848;184668;858;397.0;397.0;397.0;0.0;0.0;120.0;overtime | continuity | similarity;0 | 0 | 397
3;SN-both-none;instance_30_10_4_19;lex-overtime;lexicographic;overtime-priority;-;;;;;;sorting-network;both;none;UNSATISFIABLE;0.065858582;300.0;0;1;0;0;0;;;;;;;;
3;SN-both-none;instance_30_10_4_2;lex-overtime;lexicographic;overtime-priority;-;;;;;;sorting-network;both;none;UNSATISFIABLE;0.063483499;300.0;0;1;0;0;0;;;;;;;;
3;SN-both-none;instance_30_10_4_20;lex-overtime;lexicographic;overtime-priority;-;;;;;;sorting-network;both;none;UNSATISFIABLE;0.055279465;300.0;0;1;0;0;0;;;;;;;;
3;SN-both-none;instance_30_10_4_21;lex-overtime;lexicographic;overtime-priority;-;;;;;;sorting-network;both;none;UNSATISFIABLE;0.067091205;300.0;0;1;0;0;0;;;;;;;;
3;SN-both-none;instance_30_10_4_22;lex-overtime;lexicographic;overtime-priority;-;;;;;;sorting-network;both;none;UNSATISFIABLE;0.067102188;300.0;0;1;0;0;0;;;;;;;;
3;SN-both-none;instance_30_10_4_23;lex-overtime;lexicographic;overtime-priority;-;;;;;;sorting-network;both;none;OPTIMUM;43.13623656;300.0;42.88093886;3;91556;218129;891;378.0;378.0;378.0;0.0;0.0;120.0;overtime | continuity | similarity;0 | 0 | 378
3;SN-both-none;instance_30_10_4_24;lex-overtime;lexicographic;overtime-priority;-;;;;;;sorting-network;both;none;OPTIMUM;59.84233569;300.0;59.61387304;3;81682;193853;847;384.0;384.0;385.0;1.0;0.0;120.0;overtime | continuity | similarity;0 | 1 | 385
3;SN-both-none;instance_30_10_4_25;lex-overtime;lexicographic;overtime-priority;-;;;;;;sorting-network;both;none;OPTIMUM;55.78441285;300.0;55.554531063999995;3;71939;184763;748;443.0;443.0;443.0;0.0;0.0;120.0;overtime | continuity | similarity;0 | 0 | 443
3;SN-both-none;instance_30_10_4_26;lex-overtime;lexicographic;overtime-priority;-;;;;;;sorting-network;both;none;UNSATISFIABLE;0.075854517;300.0;0;1;0;0;0;;;;;;;;
3;SN-both-none;instance_30_10_4_27;lex-overtime;lexicographic;overtime-priority;-;;;;;;sorting-network;both;none;OPTIMUM;57.47768819;300.0;57.248066777;3;86887;197714;869;360.0;360.0;364.0;4.0;0.0;120.0;overtime | continuity | similarity;0 | 4 | 364
3;SN-both-none;instance_30_10_4_28;lex-overtime;lexicographic;overtime-priority;-;;;;;;sorting-network;both;none;UNSATISFIABLE;0.036603535;300.0;0;1;0;0;0;;;;;;;;
3;SN-both-none;instance_30_10_4_29;lex-overtime;lexicographic;overtime-priority;-;;;;;;sorting-network;both;none;UNSATISFIABLE;0.063725455;300.0;0;1;0;0;0;;;;;;;;
3;SN-both-none;instance_30_10_4_3;lex-overtime;lexicographic;overtime-priority;-;;;;;;sorting-network;both;none;UNSATISFIABLE;0.064277159;300.0;0;1;0;0;0;;;;;;;;
3;SN-both-none;instance_30_10_4_30;lex-overtime;lexicographic;overtime-priority;-;;;;;;sorting-network;both;none;OPTIMUM;42.59423634;300.0;42.355419006000005;3;84678;202037;836;358.0;358.0;359.0;1.0;0.0;120.0;overtime | continuity | similarity;0 | 1 | 359
3;SN-both-none;instance_30_10_4_31;lex-overtime;lexicographic;overtime-priority;-;;;;;;sorting-network;both;none;OPTIMUM;56.37406532;300.0;56.16324550900001;3;80221;190001;803;369.0;369.0;375.0;6.0;0.0;120.0;overtime | continuity | similarity;0 | 6 | 375
3;SN-both-none;instance_30_10_4_32;lex-overtime;lexicographic;overtime-priority;-;;;;;;sorting-network;both;none;OPTIMUM;56.49306814;300.0;56.264638351;3;89216;212813;891;419.0;419.0;419.0;0.0;0.0;120.0;overtime | continuity | similarity;0 | 0 | 419
3;SN-both-none;instance_30_10_4_33;lex-overtime;lexicographic;overtime-priority;-;;;;;;sorting-network;both;none;OPTIMUM;68.63046559;300.0;68.410313769;3;78410;192439;814;433.0;433.0;433.0;0.0;0.0;120.0;overtime | continuity | similarity;0 | 0 | 433
3;SN-both-none;instance_30_10_4_34;lex-overtime;lexicographic;overtime-priority;-;;;;;;sorting-network;both;none;UNSATISFIABLE;0.062497176;300.0;0;1;0;0;0;;;;;;;;
3;SN-both-none;instance_30_10_4_35;lex-overtime;lexicographic;overtime-priority;-;;;;;;sorting-network;both;none;UNSATISFIABLE;0.055188843;300.0;0;1;0;0;0;;;;;;;;
3;SN-both-none;instance_30_10_4_36;lex-overtime;lexicographic;overtime-priority;-;;;;;;sorting-network;both;none;OPTIMUM;52.78832096;300.0;52.578033870000006;3;78149;191036;803;385.0;385.0;385.0;0.0;0.0;120.0;overtime | continuity | similarity;0 | 0 | 385
3;SN-both-none;instance_30_10_4_37;lex-overtime;lexicographic;overtime-priority;-;;;;;;sorting-network;both;none;OPTIMUM;68.70322781;300.0;68.475336141;3;80887;198896;836;432.0;432.0;432.0;0.0;0.0;120.0;overtime | continuity | similarity;0 | 0 | 432
3;SN-both-none;instance_30_10_4_38;lex-overtime;lexicographic;overtime-priority;-;;;;;;sorting-network;both;none;UNSATISFIABLE;0.067167113;300.0;0;1;0;0;0;;;;;;;;
3;SN-both-none;instance_30_10_4_39;lex-overtime;lexicographic;overtime-priority;-;;;;;;sorting-network;both;none;UNSATISFIABLE;0.053907649;300.0;0;1;0;0;0;;;;;;;;
3;SN-both-none;instance_30_10_4_4;lex-overtime;lexicographic;overtime-priority;-;;;;;;sorting-network;both;none;OPTIMUM;67.23972068;300.0;67.004346936;3;84971;205120;869;426.0;426.0;426.0;0.0;0.0;120.0;overtime | continuity | similarity;0 | 0 | 426
3;SN-both-none;instance_30_10_4_40;lex-overtime;lexicographic;overtime-priority;-;;;;;;sorting-network;both;none;UNSATISFIABLE;0.071564228;300.0;0;1;0;0;0;;;;;;;;
3;SN-both-none;instance_30_10_4_41;lex-overtime;lexicographic;overtime-priority;-;;;;;;sorting-network;both;none;OPTIMUM;26.62870632;300.0;26.443964422;3;75493;168618;836;338.0;338.0;340.0;2.0;0.0;120.0;overtime | continuity | similarity;0 | 2 | 340
3;SN-both-none;instance_30_10_4_42;lex-overtime;lexicographic;overtime-priority;-;;;;;;sorting-network;both;none;UNSATISFIABLE;0.066164933;300.0;0;1;0;0;0;;;;;;;;
3;SN-both-none;instance_30_10_4_43;lex-overtime;lexicographic;overtime-priority;-;;;;;;sorting-network;both;none;OPTIMUM;61.90141101;300.0;61.671367182999994;3;78172;188106;792;403.0;403.0;404.0;1.0;0.0;120.0;overtime | continuity | similarity;0 | 1 | 404
3;SN-both-none;instance_30_10_4_44;lex-overtime;lexicographic;overtime-priority;-;;;;;;sorting-network;both;none;UNSATISFIABLE;0.093100686;300.0;0;1;0;0;0;;;;;;;;
3;SN-both-none;instance_30_10_4_45;lex-overtime;lexicographic;overtime-priority;-;;;;;;sorting-network;both;none;OPTIMUM;41.61957555;300.0;41.406945394000005;3;80324;192858;836;357.0;357.0;357.0;0.0;0.0;120.0;overtime | continuity | similarity;0 | 0 | 357
3;SN-both-none;instance_30_10_4_46;lex-overtime;lexicographic;overtime-priority;-;;;;;;sorting-network;both;none;UNSATISFIABLE;0.04102543;300.0;0;1;0;0;0;;;;;;;;
3;SN-both-none;instance_30_10_4_47;lex-overtime;lexicographic;overtime-priority;-;;;;;;sorting-network;both;none;OPTIMUM;51.05830404;300.0;50.849923562;3;88690;202242;913;387.0;387.0;387.0;0.0;0.0;120.0;overtime | continuity | similarity;0 | 0 | 387
3;SN-both-none;instance_30_10_4_48;lex-overtime;lexicographic;overtime-priority;-;;;;;;sorting-network;both;none;OPTIMUM;3.832147724;300.0;3.649501207;3;83554;186508;891;373.0;373.0;373.0;0.0;0.0;120.0;overtime | continuity | similarity;0 | 0 | 373
3;SN-both-none;instance_30_10_4_49;lex-overtime;lexicographic;overtime-priority;-;;;;;;sorting-network;both;none;UNSATISFIABLE;0.076934148;300.0;0;1;0;0;0;;;;;;;;
3;SN-both-none;instance_30_10_4_5;lex-overtime;lexicographic;overtime-priority;-;;;;;;sorting-network;both;none;OPTIMUM;43.10889658;300.0;42.888320228;3;86718;202613;891;414.0;414.0;415.0;1.0;0.0;120.0;overtime | continuity | similarity;0 | 1 | 415
3;SN-both-none;instance_30_10_4_50;lex-overtime;lexicographic;overtime-priority;-;;;;;;sorting-network;both;none;UNSATISFIABLE;0.06758378;300.0;0;1;0;0;0;;;;;;;;
3;SN-both-none;instance_30_10_4_6;lex-overtime;lexicographic;overtime-priority;-;;;;;;sorting-network;both;none;OPTIMUM;65.89908891;300.0;65.671338241;3;84315;203135;858;384.0;384.0;384.0;0.0;0.0;120.0;overtime | continuity | similarity;0 | 0 | 384
3;SN-both-none;instance_30_10_4_7;lex-overtime;lexicographic;overtime-priority;-;;;;;;sorting-network;both;none;UNSATISFIABLE;0.059305991;300.0;0;1;0;0;0;;;;;;;;
3;SN-both-none;instance_30_10_4_8;lex-overtime;lexicographic;overtime-priority;-;;;;;;sorting-network;both;none;OPTIMUM;53.27888907;300.0;53.07689068;3;76837;182298;803;398.0;398.0;399.0;1.0;0.0;120.0;overtime | continuity | similarity;0 | 1 | 399
3;SN-both-none;instance_30_10_4_9;lex-overtime;lexicographic;overtime-priority;-;;;;;;sorting-network;both;none;UNSATISFIABLE;0.062233688;300.0;0;1;0;0;0;;;;;;;;
3;SN-both-none;instance_30_10_5_1;lex-overtime;lexicographic;overtime-priority;-;;;;;;sorting-network;both;none;OPTIMUM;77.98618865;300.0;77.725655942;3;109897;257624;990;486.0;486.0;486.0;0.0;0.0;150.0;overtime | continuity | similarity;0 | 0 | 486
3;SN-both-none;instance_30_10_5_10;lex-overtime;lexicographic;overtime-priority;-;;;;;;sorting-network;both;none;OPTIMUM;54.58112471;300.0;54.28262144999999;3;119575;276733;1045;477.0;477.0;478.0;1.0;0.0;150.0;overtime | continuity | similarity;0 | 1 | 478
3;SN-both-none;instance_30_10_5_11;lex-overtime;lexicographic;overtime-priority;-;;;;;;sorting-network;both;none;UNSATISFIABLE;0.069894201;300.0;0;1;0;0;0;;;;;;;;
3;SN-both-none;instance_30_10_5_12;lex-overtime;lexicographic;overtime-priority;-;;;;;;sorting-network;both;none;UNSATISFIABLE;0.074293578;300.0;0;1;0;0;0;;;;;;;;
3;SN-both-none;instance_30_10_5_13;lex-overtime;lexicographic;overtime-priority;-;;;;;;sorting-network;both;none;UNSATISFIABLE;0.093635729;300.0;0;1;0;0;0;;;;;;;;
3;SN-both-none;instance_30_10_5_14;lex-overtime;lexicographic;overtime-priority;-;;;;;;sorting-network;both;none;UNSATISFIABLE;0.17184669;300.0;0;1;0;0;0;;;;;;;;
3;SN-both-none;instance_30_10_5_15;lex-overtime;lexicographic;overtime-priority;-;;;;;;sorting-network;both;none;UNSATISFIABLE;0.157012122;300.0;0;1;0;0;0;;;;;;;;
3;SN-both-none;instance_30_10_5_16;lex-overtime;lexicographic;overtime-priority;-;;;;;;sorting-network;both;none;OPTIMUM;57.02242923;300.0;56.758808871999996;3;95886;240147;858;473.0;473.0;473.0;0.0;0.0;150.0;overtime | continuity | similarity;0 | 0 | 473
3;SN-both-none;instance_30_10_5_17;lex-overtime;lexicographic;overtime-priority;-;;;;;;sorting-network;both;none;OPTIMUM;54.05624258;300.0;53.804256243999994;3;103755;239196;968;414.0;414.0;414.0;0.0;0.0;150.0;overtime | continuity | similarity;0 | 0 | 414
3;SN-both-none;instance_30_10_5_18;lex-overtime;lexicographic;overtime-priority;-;;;;;;sorting-network;both;none;OPTIMUM;74.38583082;300.0;74.085034808;3;110366;273654;946;516.0;516.0;518.0;2.0;0.0;150.0;overtime | continuity | similarity;0 | 2 | 518
3;SN-both-none;instance_30_10_5_19;lex-overtime;lexicographic;overtime-priority;-;;;;;;sorting-network;both;none;UNSATISFIABLE;0.064937567;300.0;0;1;0;0;0;;;;;;;;
3;SN-both-none;instance_30_10_5_2;lex-overtime;lexicographic;overtime-priority;-;;;;;;sorting-network;both;none;UNSATISFIABLE;0.10678194;300.0;0;1;0;0;0;;;;;;;;
3;SN-both-none;instance_30_10_5_20;lex-overtime;lexicographic;overtime-priority;-;;;;;;sorting-network;both;none;UNSATISFIABLE;0.079340138;300.0;0;1;0;0;0;;;;;;;;
3;SN-both-none;instance_30_10_5_21;lex-overtime;lexicographic;overtime-priority;-;;;;;;sorting-network;both;none;UNSATISFIABLE;0.070462759;300.0;0;1;0;0;0;;;;;;;;
3;SN-both-none;instance_30_10_5_22;lex-overtime;lexicographic;overtime-priority;-;;;;;;sorting-network;both;none;OPTIMUM;57.86528687;300.0;57.55675420400001;3;116702;280173;1001;495.0;495.0;497.0;2.0;0.0;150.0;overtime | continuity | similarity;0 | 2 | 497
3;SN-both-none;instance_30_10_5_23;lex-overtime;lexicographic;overtime-priority;-;;;;;;sorting-network;both;none;UNSATISFIABLE;0.061612739;300.0;0;1;0;0;0;;;;;;;;
3;SN-both-none;instance_30_10_5_24;lex-overtime;lexicographic;overtime-priority;-;;;;;;sorting-network;both;none;UNSATISFIABLE;0.077038275;300.0;0;1;0;0;0;;;;;;;;
3;SN-both-none;instance_30_10_5_25;lex-overtime;lexicographic;overtime-priority;-;;;;;;sorting-network;both;none;UNSATISFIABLE;0.082380967;300.0;0;1;0;0;0;;;;;;;;
3;SN-both-none;instance_30_10_5_26;lex-overtime;lexicographic;overtime-priority;-;;;;;;sorting-network;both;none;UNSATISFIABLE;0.055304585;300.0;0;1;0;0;0;;;;;;;;
3;SN-both-none;instance_30_10_5_27;lex-overtime;lexicographic;overtime-priority;-;;;;;;sorting-network;both;none;UNSATISFIABLE;0.07901659;300.0;0;1;0;0;0;;;;;;;;
3;SN-both-none;instance_30_10_5_28;lex-overtime;lexicographic;overtime-priority;-;;;;;;sorting-network;both;none;UNSATISFIABLE;0.061975695;300.0;0;1;0;0;0;;;;;;;;
3;SN-both-none;instance_30_10_5_29;lex-overtime;lexicographic;overtime-priority;-;;;;;;sorting-network;both;none;UNSATISFIABLE;0.053413646;300.0;0;1;0;0;0;;;;;;;;
3;SN-both-none;instance_30_10_5_3;lex-overtime;lexicographic;overtime-priority;-;;;;;;sorting-network;both;none;OPTIMUM;51.13778811;300.0;50.87333097;3;100954;253491;902;470.0;470.0;472.0;2.0;0.0;150.0;overtime | continuity | similarity;0 | 2 | 472
3;SN-both-none;instance_30_10_5_30;lex-overtime;lexicographic;overtime-priority;-;;;;;;sorting-network;both;none;UNSATISFIABLE;0.071430238;300.0;0;1;0;0;0;;;;;;;;
3;SN-both-none;instance_30_10_5_31;lex-overtime;lexicographic;overtime-priority;-;;;;;;sorting-network;both;none;OPTIMUM;51.47823347;300.0;51.230449636;3;101029;235195;946;506.0;506.0;506.0;0.0;0.0;150.0;overtime | continuity | similarity;0 | 0 | 506
3;SN-both-none;instance_30_10_5_32;lex-overtime;lexicographic;overtime-priority;-;;;;;;sorting-network;both;none;OPTIMUM;89.50522823;300.0;89.197790685;3;116551;278094;1012;543.0;543.0;543.0;0.0;0.0;150.0;overtime | continuity | similarity;0 | 0 | 543
3;SN-both-none;instance_30_10_5_33;lex-overtime;lexicographic;overtime-priority;-;;;;;;sorting-network;both;none;OPTIMUM;83.27304319;300.0;82.91086481800001;3;115486;304398;957;552.0;552.0;552.0;0.0;0.0;150.0;overtime | continuity | similarity;0 | 0 | 552
3;SN-both-none;instance_30_10_5_34;lex-overtime;lexicographic;overtime-priority;-;;;;;;sorting-network;both;none;OPTIMUM;54.50610799;300.0;54.185233939;3;125216;292249;1034;446.0;446.0;449.0;3.0;0.0;150.0;overtime | continuity | similarity;0 | 3 | 449
3;SN-both-none;instance_30_10_5_35;lex-overtime;lexicographic;overtime-priority;-;;;;;;sorting-network;both;none;OPTIMUM;53.5563668;300.0;53.246630122;3;121191;282080;1034;492.0;492.0;492.0;0.0;0.0;150.0;overtime | continuity | similarity;0 | 0 | 492
3;SN-both-none;instance_30_10_5_36;lex-overtime;lexicographic;overtime-priority;-;;;;;;sorting-network;both;none;OPTIMUM;62.04804272;300.0;61.718448742999996;3;121754;296254;979;485.0;485.0;489.0;4.0;0.0;150.0;overtime | continuity | similarity;0 | 4 | 489
3;SN-both-none;instance_30_10_5_37;lex-overtime;lexicographic;overtime-priority;-;;;;;;sorting-network;both;none;OPTIMUM;26.98364701;300.0;26.74747187;3;106704;241143;1001;494.0;494.0;494.0;0.0;0.0;150.0;overtime | continuity | similarity;0 | 0 | 494
3;SN-both-none;instance_30_10_5_38;lex-overtime;lexicographic;overtime-priority;-;;;;;;sorting-network;both;none;OPTIMUM;75.24675235;300.0;74.934559806;3;121502;284178;1056;518.0;518.0;518.0;0.0;0.0;150.0;overtime | continuity | similarity;0 | 0 | 518
3;SN-both-none;instance_30_10_5_39;lex-overtime;lexicographic;overtime-priority;-;;;;;;sorting-network;both;none;OPTIMUM;59.30480538;300.0;58.999061707;3;120363;283133;1056;520.0;520.0;521.0;1.0;0.0;150.0;overtime | continuity | similarity;0 | 1 | 521
3;SN-both-none;instance_30_10_5_4;lex-overtime;lexicographic;overtime-priority;-;;;;;;sorting-network;both;none;UNSATISFIABLE;0.063701436;300.0;0;1;0;0;0;;;;;;;;
3;SN-both-none;instance_30_10_5_40;lex-overtime;lexicographic;overtime-priority;-;;;;;;sorting-network;both;none;UNSATISFIABLE;0.066104687;300.0;0;1;0;0;0;;;;;;;;
3;SN-both-none;instance_30_10_5_41;lex-overtime;lexicographic;overtime-priority;-;;;;;;sorting-network;both;none;UNSATISFIABLE;0.070985044;300.0;0;1;0;0;0;;;;;;;;
3;SN-both-none;instance_30_10_5_42;lex-overtime;lexicographic;overtime-priority;-;;;;;;sorting-network;both;none;OPTIMUM;76.66511487;300.0;76.34732334099999;3;118663;288406;1001;474.0;474.0;475.0;1.0;0.0;150.0;overtime | continuity | similarity;0 | 1 | 475
3;SN-both-none;instance_30_10_5_43;lex-overtime;lexicographic;overtime-priority;-;;;;;;sorting-network;both;none;UNSATISFIABLE;0.068254138;300.0;0;1;0;0;0;;;;;;;;
3;SN-both-none;instance_30_10_5_44;lex-overtime;lexicographic;overtime-priority;-;;;;;;sorting-network;both;none;UNSATISFIABLE;0.131775972;300.0;0;1;0;0;0;;;;;;;;
3;SN-both-none;instance_30_10_5_45;lex-overtime;lexicographic;overtime-priority;-;;;;;;sorting-network;both;none;UNSATISFIABLE;0.064465437;300.0;0;1;0;0;0;;;;;;;;
3;SN-both-none;instance_30_10_5_46;lex-overtime;lexicographic;overtime-priority;-;;;;;;sorting-network;both;none;UNSATISFIABLE;0.037382448;300.0;0;1;0;0;0;;;;;;;;
3;SN-both-none;instance_30_10_5_47;lex-overtime;lexicographic;overtime-priority;-;;;;;;sorting-network;both;none;UNSATISFIABLE;0.038611382;300.0;0;1;0;0;0;;;;;;;;
3;SN-both-none;instance_30_10_5_48;lex-overtime;lexicographic;overtime-priority;-;;;;;;sorting-network;both;none;OPTIMUM;69.0852495;300.0;68.794027214;3;114232;262322;1023;472.0;472.0;473.0;1.0;0.0;150.0;overtime | continuity | similarity;0 | 1 | 473
3;SN-both-none;instance_30_10_5_49;lex-overtime;lexicographic;overtime-priority;-;;;;;;sorting-network;both;none;TIMEOUT;300.1182017;300.0;0.080854926;2;27991;89182;30;;;;;;;overtime;0
3;SN-both-none;instance_30_10_5_5;lex-overtime;lexicographic;overtime-priority;-;;;;;;sorting-network;both;none;UNSATISFIABLE;0.066825951;300.0;0;1;0;0;0;;;;;;;;
3;SN-both-none;instance_30_10_5_50;lex-overtime;lexicographic;overtime-priority;-;;;;;;sorting-network;both;none;UNSATISFIABLE;0.065828034;300.0;0;1;0;0;0;;;;;;;;
3;SN-both-none;instance_30_10_5_6;lex-overtime;lexicographic;overtime-priority;-;;;;;;sorting-network;both;none;UNSATISFIABLE;0.066649226;300.0;0;1;0;0;0;;;;;;;;
3;SN-both-none;instance_30_10_5_7;lex-overtime;lexicographic;overtime-priority;-;;;;;;sorting-network;both;none;UNSATISFIABLE;0.108796582;300.0;0;1;0;0;0;;;;;;;;
3;SN-both-none;instance_30_10_5_8;lex-overtime;lexicographic;overtime-priority;-;;;;;;sorting-network;both;none;OPTIMUM;81.94208617;300.0;81.680859311;3;106258;253420;968;535.0;535.0;535.0;0.0;0.0;150.0;overtime | continuity | similarity;0 | 0 | 535
3;SN-both-none;instance_30_10_5_9;lex-overtime;lexicographic;overtime-priority;-;;;;;;sorting-network;both;none;OPTIMUM;50.94417447;300.0;50.708436757;3;92536;218603;880;470.0;470.0;473.0;3.0;0.0;150.0;overtime | continuity | similarity;0 | 3 | 473
3;SN-both-none;instance_30_15_4_1;lex-overtime;lexicographic;overtime-priority;-;;;;;;sorting-network;both;none;OPTIMUM;79.31231616;300.0;78.99426442;3;125133;301802;1264;438.0;438.0;438.0;0.0;0.0;120.0;overtime | continuity | similarity;0 | 0 | 438
3;SN-both-none;instance_30_15_4_10;lex-overtime;lexicographic;overtime-priority;-;;;;;;sorting-network;both;none;OPTIMUM;70.71949312;300.0;70.407146014;3;123970;287748;1280;410.0;410.0;410.0;0.0;0.0;120.0;overtime | continuity | similarity;0 | 0 | 410
3;SN-both-none;instance_30_15_4_11;lex-overtime;lexicographic;overtime-priority;-;;;;;;sorting-network;both;none;OPTIMUM;70.21813787;300.0;69.968051826;3;102088;242366;1136;406.0;406.0;406.0;0.0;0.0;120.0;overtime | continuity | similarity;0 | 0 | 406
3;SN-both-none;instance_30_15_4_12;lex-overtime;lexicographic;overtime-priority;-;;;;;;sorting-network;both;none;OPTIMUM;70.06362121;300.0;69.77293902;3;114463;269602;1216;439.0;439.0;439.0;0.0;0.0;120.0;overtime | continuity | similarity;0 | 0 | 439
3;SN-both-none;instance_30_15_4_13;lex-overtime;lexicographic;overtime-priority;-;;;;;;sorting-network;both;none;OPTIMUM;60.75400869;300.0;60.506250456;3;102040;234707;1136;383.0;383.0;386.0;3.0;0.0;120.0;overtime | continuity | similarity;0 | 3 | 386
3;SN-both-none;instance_30_15_4_14;lex-overtime;lexicographic;overtime-priority;-;;;;;;sorting-network;both;none;OPTIMUM;73.11129882;300.0;72.808695517;3;119308;283153;1264;389.0;389.0;389.0;0.0;0.0;120.0;overtime | continuity | similarity;0 | 0 | 389
3;SN-both-none;instance_30_15_4_15;lex-overtime;lexicographic;overtime-priority;-;;;;;;sorting-network;both;none;OPTIMUM;76.79714377;300.0;76.46983103000001;3;121382;296534;1232;446.0;446.0;446.0;0.0;0.0;120.0;overtime | continuity | similarity;0 | 0 | 446
3;SN-both-none;instance_30_15_4_16;lex-overtime;lexicographic;overtime-priority;-;;;;;;sorting-network;both;none;OPTIMUM;53.16320341;300.0;52.878129719;3;117480;265819;1264;398.0;398.0;398.0;0.0;0.0;120.0;overtime | continuity | similarity;0 | 0 | 398
3;SN-both-none;instance_30_15_4_17;lex-overtime;lexicographic;overtime-priority;-;;;;;;sorting-network;both;none;OPTIMUM;74.79984227;300.0;74.49689468199999;3;120989;282377;1264;417.0;417.0;417.0;0.0;0.0;120.0;overtime | continuity | similarity;0 | 0 | 417
3;SN-both-none;instance_30_15_4_18;lex-overtime;lexicographic;overtime-priority;-;;;;;;sorting-network;both;none;OPTIMUM;75.68335409;300.0;75.317528458;3;126471;323145;1248;448.0;448.0;448.0;0.0;0.0;120.0;overtime | continuity | similarity;0 | 0 | 448
3;SN-both-none;instance_30_15_4_19;lex-overtime;lexicographic;overtime-priority;-;;;;;;sorting-network;both;none;OPTIMUM;66.06373035;300.0;65.806882495;3;105430;247785;1168;391.0;391.0;392.0;1.0;0.0;120.0;overtime | continuity | similarity;0 | 1 | 392
3;SN-both-none;instance_30_15_4_2;lex-overtime;lexicographic;overtime-priority;-;;;;;;sorting-network;both;none;OPTIMUM;69.02002885;300.0;68.736376671;3;123144;270490;1328;369.0;369.0;369.0;0.0;0.0;120.0;overtime | continuity | similarity;0 | 0 | 369
3;SN-both-none;instance_30_15_4_20;lex-overtime;lexicographic;overtime-priority;-;;;;;;sorting-network;both;none;OPTIMUM;70.54220463;300.0;70.243199336;3;128327;285919;1344;420.0;420.0;420.0;0.0;0.0;120.0;overtime | continuity | similarity;0 | 0 | 420
3;SN-both-none;instance_30_15_4_21;lex-overtime;lexicographic;overtime-priority;-;;;;;;sorting-network;both;none;UNSATISFIABLE;0.065609203;300.0;0;1;0;0;0;;;;;;;;
3;SN-both-none;instance_30_15_4_22;lex-overtime;lexicographic;overtime-priority;-;;;;;;sorting-network;both;none;OPTIMUM;73.10877521;300.0;72.834660406;3;111698;260006;1216;413.0;413.0;413.0;0.0;0.0;120.0;overtime | continuity | similarity;0 | 0 | 413
3;SN-both-none;instance_30_15_4_23;lex-overtime;lexicographic;overtime-priority;-;;;;;;sorting-network;both;none;OPTIMUM;72.66729016;300.0;72.34560375299999;3;119246;293048;1216;427.0;427.0;427.0;0.0;0.0;120.0;overtime | continuity | similarity;0 | 0 | 427
3;SN-both-none;instance_30_15_4_24;lex-overtime;lexicographic;overtime-priority;-;;;;;;sorting-network;both;none;OPTIMUM;82.39833602;300.0;82.06831762600001;3;129890;309101;1312;444.0;444.0;444.0;0.0;0.0;120.0;overtime | continuity | similarity;0 | 0 | 444
3;SN-both-none;instance_30_15_4_25;lex-overtime;lexicographic;overtime-priority;-;;;;;;sorting-network;both;none;OPTIMUM;54.30453889;300.0;53.992037993;3;124659;284298;1280;402.0;402.0;402.0;0.0;0.0;120.0;overtime | continuity | similarity;0 | 0 | 402
3;SN-both-none;instance_30_15_4_26;lex-overtime;lexicographic;overtime-priority;-;;;;;;sorting-network;both;none;OPTIMUM;76.62983934;300.0;76.328426772;3;117807;280560;1232;436.0;436.0;436.0;0.0;0.0;120.0;overtime | continuity | similarity;0 | 0 | 436
3;SN-both-none;instance_30_15_4_27;lex-overtime;lexicographic;overtime-priority;-;;;;;;sorting-network;both;none;OPTIMUM;70.43549434;300.0;70.129627231;3;118997;280929;1248;407.0;407.0;407.0;0.0;0.0;120.0;overtime | continuity | similarity;0 | 0 | 407
3;SN-both-none;instance_30_15_4_28;lex-overtime;lexicographic;overtime-priority;-;;;;;;sorting-network;both;none;OPTIMUM;69.00461327;300.0;68.700198274;3;114859;276074;1216;410.0;410.0;410.0;0.0;0.0;120.0;overtime | continuity | similarity;0 | 0 | 410
3;SN-both-none;instance_30_15_4_29;lex-overtime;lexicographic;overtime-priority;-;;;;;;sorting-network;both;none;OPTIMUM;43.93299083;300.0;43.69805981500001;3;107491;240733;1216;399.0;399.0;399.0;0.0;0.0;120.0;overtime | continuity | similarity;0 | 0 | 399
3;SN-both-none;instance_30_15_4_3;lex-overtime;lexicographic;overtime-priority;-;;;;;;sorting-network;both;none;OPTIMUM;70.87358993;300.0;70.553794322;3;125548;305162;1280;431.0;431.0;431.0;0.0;0.0;120.0;overtime | continuity | similarity;0 | 0 | 431
3;SN-both-none;instance_30_15_4_30;lex-overtime;lexicographic;overtime-priority;-;;;;;;sorting-network;both;none;OPTIMUM;80.08477537;300.0;79.75317863699999;3;125637;306884;1264;435.0;435.0;435.0;0.0;0.0;120.0;overtime | continuity | similarity;0 | 0 | 435
3;SN-both-none;instance_30_15_4_31;lex-overtime;lexicographic;overtime-priority;-;;;;;;sorting-network;both;none;OPTIMUM;75.14319649;300.0;74.83102049699998;3;118707;288492;1232;407.0;407.0;407.0;0.0;0.0;120.0;overtime | continuity | similarity;0 | 0 | 407
3;SN-both-none;instance_30_15_4_32;lex-overtime;lexicographic;overtime-priority;-;;;;;;sorting-network;both;none;OPTIMUM;65.40602304;300.0;65.100528985;3;117913;285524;1248;382.0;382.0;382.0;0.0;0.0;120.0;overtime | continuity | similarity;0 | 0 | 382
3;SN-both-none;instance_30_15_4_33;lex-overtime;lexicographic;overtime-priority;-;;;;;;sorting-network;both;none;OPTIMUM;80.09771296;300.0;79.76899017;3;127540;305782;1280;429.0;429.0;429.0;0.0;0.0;120.0;overtime | continuity | similarity;0 | 0 | 429
3;SN-both-none;instance_30_15_4_34;lex-overtime;lexicographic;overtime-priority;-;;;;;;sorting-network;both;none;OPTIMUM;69.77721881;300.0;69.466047608;3;122538;298083;1264;396.0;396.0;396.0;0.0;0.0;120.0;overtime | continuity | similarity;0 | 0 | 396
3;SN-both-none;instance_30_15_4_35;lex-overtime;lexicographic;overtime-priority;-;;;;;;sorting-network;both;none;UNSATISFIABLE;0.072676401;300.0;0;1;0;0;0;;;;;;;;
3;SN-both-none;instance_30_15_4_36;lex-overtime;lexicographic;overtime-priority;-;;;;;;sorting-network;both;none;OPTIMUM;59.23300496;300.0;58.938732524;3;106383;262536;1152;427.0;427.0;427.0;0.0;0.0;120.0;overtime | continuity | similarity;0 | 0 | 427
3;SN-both-none;instance_30_15_4_37;lex-overtime;lexicographic;overtime-priority;-;;;;;;sorting-network;both;none;OPTIMUM;62.84352499;300.0;62.530860897000004;3;127826;297105;1312;420.0;420.0;420.0;0.0;0.0;120.0;overtime | continuity | similarity;0 | 0 | 420
3;SN-both-none;instance_30_15_4_38;lex-overtime;lexicographic;overtime-priority;-;;;;;;sorting-network;both;none;OPTIMUM;65.22837606;300.0;64.932822921;3;113653;268510;1216;402.0;402.0;402.0;0.0;0.0;120.0;overtime | continuity | similarity;0 | 0 | 402
3;SN-both-none;instance_30_15_4_39;lex-overtime;lexicographic;overtime-priority;-;;;;;;sorting-network;both;none;OPTIMUM;72.1797238;300.0;71.872151392;3;116033;281669;1216;437.0;437.0;437.0;0.0;0.0;120.0;overtime | continuity | similarity;0 | 0 | 437
3;SN-both-none;instance_30_15_4_4;lex-overtime;lexicographic;overtime-priority;-;;;;;;sorting-network;both;none;OPTIMUM;92.38027961;300.0;92.03205826700001;3;130518;318480;1296;450.0;450.0;450.0;0.0;0.0;120.0;overtime | continuity | similarity;0 | 0 | 450
3;SN-both-none;instance_30_15_4_40;lex-overtime;lexicographic;overtime-priority;-;;;;;;sorting-network;both;none;OPTIMUM;67.73591962;300.0;67.451629952;3;106520;259983;1152;450.0;450.0;450.0;0.0;0.0;120.0;overtime | continuity | similarity;0 | 0 | 450
3;SN-both-none;instance_30_15_4_41;lex-overtime;lexicographic;overtime-priority;-;;;;;;sorting-network;both;none;OPTIMUM;80.02050162;300.0;79.65587999099999;3;125445;326740;1248;443.0;443.0;443.0;0.0;0.0;120.0;overtime | continuity | similarity;0 | 0 | 443
3;SN-both-none;instance_30_15_4_42;lex-overtime;lexicographic;overtime-priority;-;;;;;;sorting-network;both;none;OPTIMUM;77.10929057;300.0;76.770262073;3;125208;307584;1248;432.0;432.0;432.0;0.0;0.0;120.0;overtime | continuity | similarity;0 | 0 | 432
3;SN-both-none;instance_30_15_4_43;lex-overtime;lexicographic;overtime-priority;-;;;;;;sorting-network;both;none;OPTIMUM;84.24655059;300.0;83.937810934;3;118072;286353;1232;411.0;411.0;411.0;0.0;0.0;120.0;overtime | continuity | similarity;0 | 0 | 411
3;SN-both-none;instance_30_15_4_44;lex-overtime;lexicographic;overtime-priority;-;;;;;;sorting-network;both;none;UNSATISFIABLE;0.068693019;300.0;0;1;0;0;0;;;;;;;;
3;SN-both-none;instance_30_15_4_45;lex-overtime;lexicographic;overtime-priority;-;;;;;;sorting-network;both;none;OPTIMUM;72.01832324;300.0;71.68319556;3;126478;313409;1264;416.0;416.0;416.0;0.0;0.0;120.0;overtime | continuity | similarity;0 | 0 | 416
3;SN-both-none;instance_30_15_4_46;lex-overtime;lexicographic;overtime-priority;-;;;;;;sorting-network;both;none;OPTIMUM;76.25129108;300.0;75.92559336999999;3;120258;292810;1248;446.0;446.0;446.0;0.0;0.0;120.0;overtime | continuity | similarity;0 | 0 | 446
3;SN-both-none;instance_30_15_4_47;lex-overtime;lexicographic;overtime-priority;-;;;;;;sorting-network;both;none;OPTIMUM;60.304688;300.0;59.99263937;3;133965;308702;1344;417.0;417.0;418.0;1.0;0.0;120.0;overtime | continuity | similarity;0 | 1 | 418
3;SN-both-none;instance_30_15_4_48;lex-overtime;lexicographic;overtime-priority;-;;;;;;sorting-network;both;none;OPTIMUM;65.6736378;300.0;65.409751564;3;109643;261613;1184;430.0;430.0;430.0;0.0;0.0;120.0;overtime | continuity | similarity;0 | 0 | 430
3;SN-both-none;instance_30_15_4_49;lex-overtime;lexicographic;overtime-priority;-;;;;;;sorting-network;both;none;OPTIMUM;75.14079659;300.0;74.82947264;3;116059;278324;1200;421.0;421.0;421.0;0.0;0.0;120.0;overtime | continuity | similarity;0 | 0 | 421
3;SN-both-none;instance_30_15_4_5;lex-overtime;lexicographic;overtime-priority;-;;;;;;sorting-network;both;none;OPTIMUM;63.55974583;300.0;63.291146346999994;3;107883;258725;1152;400.0;400.0;401.0;1.0;0.0;120.0;overtime | continuity | similarity;0 | 1 | 401
3;SN-both-none;instance_30_15_4_50;lex-overtime;lexicographic;overtime-priority;-;;;;;;sorting-network;both;none;OPTIMUM;72.13720646;300.0;71.89279632200001;3;108737;249072;1152;396.0;396.0;403.0;7.0;0.0;120.0;overtime | continuity | similarity;0 | 7 | 403
3;SN-both-none;instance_30_15_4_6;lex-overtime;lexicographic;overtime-priority;-;;;;;;sorting-network;both;none;OPTIMUM;77.76191441;300.0;77.476937777;3;120258;271834;1296;436.0;436.0;436.0;0.0;0.0;120.0;overtime | continuity | similarity;0 | 0 | 436
3;SN-both-none;instance_30_15_4_7;lex-overtime;lexicographic;overtime-priority;-;;;;;;sorting-network;both;none;UNSATISFIABLE;0.091059146;300.0;0;1;0;0;0;;;;;;;;
3;SN-both-none;instance_30_15_4_8;lex-overtime;lexicographic;overtime-priority;-;;;;;;sorting-network;both;none;UNSATISFIABLE;0.069734745;300.0;0;1;0;0;0;;;;;;;;
3;SN-both-none;instance_30_15_4_9;lex-overtime;lexicographic;overtime-priority;-;;;;;;sorting-network;both;none;OPTIMUM;52.78457648;300.0;52.523413524;3;108153;252043;1168;385.0;385.0;386.0;1.0;0.0;120.0;overtime | continuity | similarity;0 | 1 | 386
3;SN-both-none;instance_30_15_5_1;lex-overtime;lexicographic;overtime-priority;-;;;;;;sorting-network;both;none;OPTIMUM;84.51987849;300.0;84.054085012;3;175960;441806;1472;543.0;543.0;545.0;2.0;0.0;150.0;overtime | continuity | similarity;0 | 2 | 545
3;SN-both-none;instance_30_15_5_10;lex-overtime;lexicographic;overtime-priority;-;;;;;;sorting-network;both;none;UNSATISFIABLE;0.108528897;300.0;0;1;0;0;0;;;;;;;;
3;SN-both-none;instance_30_15_5_11;lex-overtime;lexicographic;overtime-priority;-;;;;;;sorting-network;both;none;OPTIMUM;91.85482123;300.0;91.43400137700002;3;160844;379128;1440;522.0;522.0;522.0;0.0;0.0;150.0;overtime | continuity | similarity;0 | 0 | 522
3;SN-both-none;instance_30_15_5_12;lex-overtime;lexicographic;overtime-priority;-;;;;;;sorting-network;both;none;OPTIMUM;102.1056364;300.0;101.63545215100001;3;173699;442168;1440;568.0;568.0;568.0;0.0;0.0;150.0;overtime | continuity | similarity;0 | 0 | 568
3;SN-both-none;instance_30_15_5_13;lex-overtime;lexicographic;overtime-priority;-;;;;;;sorting-network;both;none;OPTIMUM;86.24448594;300.0;85.81410753600001;3;156202;392139;1376;540.0;540.0;540.0;0.0;0.0;150.0;overtime | continuity | similarity;0 | 0 | 540
3;SN-both-none;instance_30_15_5_14;lex-overtime;lexicographic;overtime-priority;-;;;;;;sorting-network;both;none;OPTIMUM;92.75496399;300.0;92.353292189;3;155515;370874;1408;504.0;504.0;505.0;1.0;0.0;150.0;overtime | continuity | similarity;0 | 1 | 505
3;SN-both-none;instance_30_15_5_15;lex-overtime;lexicographic;overtime-priority;-;;;;;;sorting-network;both;none;OPTIMUM;80.74044598;300.0;80.31402471;3;152030;390146;1376;545.0;545.0;545.0;0.0;0.0;150.0;overtime | continuity | similarity;0 | 0 | 545
3;SN-both-none;instance_30_15_5_16;lex-overtime;lexicographic;overtime-priority;-;;;;;;sorting-network;both;none;OPTIMUM;74.60220985;300.0;74.187654421;3;158639;378929;1376;464.0;464.0;467.0;3.0;0.0;150.0;overtime | continuity | similarity;0 | 3 | 467
3;SN-both-none;instance_30_15_5_17;lex-overtime;lexicographic;overtime-priority;-;;;;;;sorting-network;both;none;OPTIMUM;84.56212453;300.0;84.192642494;3;152395;362480;1424;542.0;542.0;542.0;0.0;0.0;150.0;overtime | continuity | similarity;0 | 0 | 542
3;SN-both-none;instance_30_15_5_18;lex-overtime;lexicographic;overtime-priority;-;;;;;;sorting-network;both;none;OPTIMUM;88.7111086;300.0;88.328510522;3;154592;365228;1408;527.0;527.0;527.0;0.0;0.0;150.0;overtime | continuity | similarity;0 | 0 | 527
3;SN-both-none;instance_30_15_5_19;lex-overtime;lexicographic;overtime-priority;-;;;;;;sorting-network;both;none;OPTIMUM;98.51352215;300.0;98.085676608;3;167466;404140;1472;522.0;522.0;522.0;0.0;0.0;150.0;overtime | continuity | similarity;0 | 0 | 522
3;SN-both-none;instance_30_15_5_2;lex-overtime;lexicographic;overtime-priority;-;;;;;;sorting-network;both;none;OPTIMUM;75.017127;300.0;74.621382537;3;135216;348982;1248;546.0;546.0;546.0;0.0;0.0;150.0;overtime | continuity | similarity;0 | 0 | 546
3;SN-both-none;instance_30_15_5_20;lex-overtime;lexicographic;overtime-priority;-;;;;;;sorting-network;both;none;UNSATISFIABLE;0.193263006;300.0;0;1;0;0;0;;;;;;;;
3;SN-both-none;instance_30_15_5_21;lex-overtime;lexicographic;overtime-priority;-;;;;;;sorting-network;both;none;OPTIMUM;106.0867029;300.0;105.664050169;3;157665;381507;1424;509.0;509.0;509.0;0.0;0.0;150.0;overtime | continuity | similarity;0 | 0 | 509
3;SN-both-none;instance_30_15_5_22;lex-overtime;lexicographic;overtime-priority;-;;;;;;sorting-network;both;none;OPTIMUM;85.31033007;300.0;84.867914932;3;167835;411486;1456;536.0;536.0;536.0;0.0;0.0;150.0;overtime | continuity | similarity;0 | 0 | 536
4;SN-both-ss;instance_30_10_4_1;lex-overtime;lexicographic;overtime-priority;-;;;;;;sorting-network;both;slot-service;OPTIMUM;61.345468;300.0;61.124227663;3;82468;201611;847;404.0;404.0;404.0;0.0;0.0;120.0;overtime | continuity | similarity;0 | 0 | 404
4;SN-both-ss;instance_30_10_4_10;lex-overtime;lexicographic;overtime-priority;-;;;;;;sorting-network;both;slot-service;OPTIMUM;55.87510992;300.0;55.655149028;3;80903;194387;825;389.0;389.0;389.0;0.0;0.0;120.0;overtime | continuity | similarity;0 | 0 | 389
4;SN-both-ss;instance_30_10_4_11;lex-overtime;lexicographic;overtime-priority;-;;;;;;sorting-network;both;slot-service;OPTIMUM;44.0235;300.0;43.81245084900001;3;84614;199602;858;371.0;371.0;371.0;0.0;0.0;120.0;overtime | continuity | similarity;0 | 0 | 371
4;SN-both-ss;instance_30_10_4_12;lex-overtime;lexicographic;overtime-priority;-;;;;;;sorting-network;both;slot-service;OPTIMUM;51.253837;300.0;51.047402414;3;75018;185905;781;374.0;374.0;374.0;0.0;0.0;120.0;overtime | continuity | similarity;0 | 0 | 374
4;SN-both-ss;instance_30_10_4_13;lex-overtime;lexicographic;overtime-priority;-;;;;;;sorting-network;both;slot-service;UNSATISFIABLE;0.050989564;300.0;0;1;0;0;0;;;;;;;;
4;SN-both-ss;instance_30_10_4_14;lex-overtime;lexicographic;overtime-priority;-;;;;;;sorting-network;both;slot-service;UNSATISFIABLE;0.054641744;300.0;0;1;0;0;0;;;;;;;;
4;SN-both-ss;instance_30_10_4_15;lex-overtime;lexicographic;overtime-priority;-;;;;;;sorting-network;both;slot-service;UNSATISFIABLE;0.035610401;300.0;0;1;0;0;0;;;;;;;;
4;SN-both-ss;instance_30_10_4_16;lex-overtime;lexicographic;overtime-priority;-;;;;;;sorting-network;both;slot-service;OPTIMUM;65.94337534;300.0;65.708981608;3;92605;224664;902;427.0;427.0;427.0;0.0;0.0;120.0;overtime | continuity | similarity;0 | 0 | 427
4;SN-both-ss;instance_30_10_4_17;lex-overtime;lexicographic;overtime-priority;-;;;;;;sorting-network;both;slot-service;OPTIMUM;50.09428533;300.0;49.908437548;3;77993;180107;847;400.0;400.0;400.0;0.0;0.0;120.0;overtime | continuity | similarity;0 | 0 | 400
4;SN-both-ss;instance_30_10_4_18;lex-overtime;lexicographic;overtime-priority;-;;;;;;sorting-network;both;slot-service;OPTIMUM;29.49521071;300.0;29.300807163;3;79848;184668;858;397.0;397.0;397.0;0.0;0.0;120.0;overtime | continuity | similarity;0 | 0 | 397
4;SN-both-ss;instance_30_10_4_19;lex-overtime;lexicographic;overtime-priority;-;;;;;;sorting-network;both;slot-service;UNSATISFIABLE;0.064747261;300.0;0;1;0;0;0;;;;;;;;
4;SN-both-ss;instance_30_10_4_2;lex-overtime;lexicographic;overtime-priority;-;;;;;;sorting-network;both;slot-service;UNSATISFIABLE;0.060113526;300.0;0;1;0;0;0;;;;;;;;
4;SN-both-ss;instance_30_10_4_20;lex-overtime;lexicographic;overtime-priority;-;;;;;;sorting-network;both;slot-service;UNSATISFIABLE;0.054329198;300.0;0;1;0;0;0;;;;;;;;
4;SN-both-ss;instance_30_10_4_21;lex-overtime;lexicographic;overtime-priority;-;;;;;;sorting-network;both;slot-service;UNSATISFIABLE;0.064565044;300.0;0;1;0;0;0;;;;;;;;
4;SN-both-ss;instance_30_10_4_22;lex-overtime;lexicographic;overtime-priority;-;;;;;;sorting-network;both;slot-service;UNSATISFIABLE;0.069740313;300.0;0;1;0;0;0;;;;;;;;
4;SN-both-ss;instance_30_10_4_23;lex-overtime;lexicographic;overtime-priority;-;;;;;;sorting-network;both;slot-service;OPTIMUM;41.05453453;300.0;40.815899538;3;91557;218135;891;378.0;378.0;378.0;0.0;0.0;120.0;overtime | continuity | similarity;0 | 0 | 378
4;SN-both-ss;instance_30_10_4_24;lex-overtime;lexicographic;overtime-priority;-;;;;;;sorting-network;both;slot-service;OPTIMUM;61.15658082;300.0;60.944727905;3;81685;193869;847;384.0;384.0;385.0;1.0;0.0;120.0;overtime | continuity | similarity;0 | 1 | 385
4;SN-both-ss;instance_30_10_4_25;lex-overtime;lexicographic;overtime-priority;-;;;;;;sorting-network;both;slot-service;OPTIMUM;55.52837698;300.0;55.32174223;3;71942;184783;748;443.0;443.0;443.0;0.0;0.0;120.0;overtime | continuity | similarity;0 | 0 | 443
4;SN-both-ss;instance_30_10_4_26;lex-overtime;lexicographic;overtime-priority;-;;;;;;sorting-network;both;slot-service;UNSATISFIABLE;0.073835289;300.0;0;1;0;0;0;;;;;;;;
4;SN-both-ss;instance_30_10_4_27;lex-overtime;lexicographic;overtime-priority;-;;;;;;sorting-network;both;slot-service;OPTIMUM;57.35493668;300.0;57.139926819;3;86892;197739;869;360.0;360.0;364.0;4.0;0.0;120.0;overtime | continuity | similarity;0 | 4 | 364
4;SN-both-ss;instance_30_10_4_28;lex-overtime;lexicographic;overtime-priority;-;;;;;;sorting-network;both;slot-service;UNSATISFIABLE;0.036021117;300.0;0;1;0;0;0;;;;;;;;
4;SN-both-ss;instance_30_10_4_29;lex-overtime;lexicographic;overtime-priority;-;;;;;;sorting-network;both;slot-service;UNSATISFIABLE;0.060626107;300.0;0;1;0;0;0;;;;;;;;
4;SN-both-ss;instance_30_10_4_3;lex-overtime;lexicographic;overtime-priority;-;;;;;;sorting-network;both;slot-service;UNSATISFIABLE;0.058558063;300.0;0;1;0;0;0;;;;;;;;
4;SN-both-ss;instance_30_10_4_30;lex-overtime;lexicographic;overtime-priority;-;;;;;;sorting-network;both;slot-service;OPTIMUM;43.49591524;300.0;43.276522729;3;84678;202039;836;358.0;358.0;359.0;1.0;0.0;120.0;overtime | continuity | similarity;0 | 1 | 359
4;SN-both-ss;instance_30_10_4_31;lex-overtime;lexicographic;overtime-priority;-;;;;;;sorting-network;both;slot-service;OPTIMUM;54.23985057;300.0;54.032781965;3;80233;190056;803;369.0;369.0;375.0;6.0;0.0;120.0;overtime | continuity | similarity;0 | 6 | 375
4;SN-both-ss;instance_30_10_4_32;lex-overtime;lexicographic;overtime-priority;-;;;;;;sorting-network;both;slot-service;OPTIMUM;56.57646295;300.0;56.341620761;3;89232;212879;891;419.0;419.0;419.0;0.0;0.0;120.0;overtime | continuity | similarity;0 | 0 | 419
4;SN-both-ss;instance_30_10_4_33;lex-overtime;lexicographic;overtime-priority;-;;;;;;sorting-network;both;slot-service;OPTIMUM;68.64273723;300.0;68.42776955;3;78410;192441;814;433.0;433.0;433.0;0.0;0.0;120.0;overtime | continuity | similarity;0 | 0 | 433
4;SN-both-ss;instance_30_10_4_34;lex-overtime;lexicographic;overtime-priority;-;;;;;;sorting-network;both;slot-service;UNSATISFIABLE;0.063345524;300.0;0;1;0;0;0;;;;;;;;
4;SN-both-ss;instance_30_10_4_35;lex-overtime;lexicographic;overtime-priority;-;;;;;;sorting-network;both;slot-service;UNSATISFIABLE;0.051547819;300.0;0;1;0;0;0;;;;;;;;
4;SN-both-ss;instance_30_10_4_36;lex-overtime;lexicographic;overtime-priority;-;;;;;;sorting-network;both;slot-service;OPTIMUM;52.7755021;300.0;52.551624202;3;78160;191086;803;385.0;385.0;385.0;0.0;0.0;120.0;overtime | continuity | similarity;0 | 0 | 385
4;SN-both-ss;instance_30_10_4_37;lex-overtime;lexicographic;overtime-priority;-;;;;;;sorting-network;both;slot-service;OPTIMUM;67.54207703;300.0;67.316783667;3;80887;198897;836;432.0;432.0;432.0;0.0;0.0;120.0;overtime | continuity | similarity;0 | 0 | 432
4;SN-both-ss;instance_30_10_4_38;lex-overtime;lexicographic;overtime-priority;-;;;;;;sorting-network;both;slot-service;UNSATISFIABLE;0.067197692;300.0;0;1;0;0;0;;;;;;;;
4;SN-both-ss;instance_30_10_4_39;lex-overtime;lexicographic;overtime-priority;-;;;;;;sorting-network;both;slot-service;UNSATISFIABLE;0.053241884;300.0;0;1;0;0;0;;;;;;;;
4;SN-both-ss;instance_30_10_4_4;lex-overtime;lexicographic;overtime-priority;-;;;;;;sorting-network;both;slot-service;OPTIMUM;68.43333822;300.0;68.213544524;3;84991;205208;869;426.0;426.0;426.0;0.0;0.0;120.0;overtime | continuity | similarity;0 | 0 | 426
4;SN-both-ss;instance_30_10_4_40;lex-overtime;lexicographic;overtime-priority;-;;;;;;sorting-network;both;slot-service;UNSATISFIABLE;0.070359634;300.0;0;1;0;0;0;;;;;;;;
4;SN-both-ss;instance_30_10_4_41;lex-overtime;lexicographic;overtime-priority;-;;;;;;sorting-network;both;slot-service;OPTIMUM;26.51150079;300.0;26.334079063;3;75517;168725;836;338.0;338.0;340.0;2.0;0.0;120.0;overtime | continuity | similarity;0 | 2 | 340
4;SN-both-ss;instance_30_10_4_42;lex-overtime;lexicographic;overtime-priority;-;;;;;;sorting-network;both;slot-service;UNSATISFIABLE;0.063601383;300.0;0;1;0;0;0;;;;;;;;
4;SN-both-ss;instance_30_10_4_43;lex-overtime;lexicographic;overtime-priority;-;;;;;;sorting-network;both;slot-service;OPTIMUM;61.50015225;300.0;61.274050367;3;78178;188134;792;403.0;403.0;404.0;1.0;0.0;120.0;overtime | continuity | similarity;0 | 1 | 404
4;SN-both-ss;instance_30_10_4_44;lex-overtime;lexicographic;overtime-priority;-;;;;;;sorting-network;both;slot-service;UNSATISFIABLE;0.090725379;300.0;0;1;0;0;0;;;;;;;;
4;SN-both-ss;instance_30_10_4_45;lex-overtime;lexicographic;overtime-priority;-;;;;;;sorting-network;both;slot-service;OPTIMUM;38.40739717;300.0;38.19381956;3;80332;192897;836;357.0;357.0;357.0;0.0;0.0;120.0;overtime | continuity | similarity;0 | 0 | 357
4;SN-both-ss;instance_30_10_4_46;lex-overtime;lexicographic;overtime-priority;-;;;;;;sorting-network;both;slot-service;UNSATISFIABLE;0.038645241;300.0;0;1;0;0;0;;;;;;;;
4;SN-both-ss;instance_30_10_4_47;lex-overtime;lexicographic;overtime-priority;-;;;;;;sorting-network;both;slot-service;OPTIMUM;50.98684621;300.0;50.779924766;3;88707;202318;913;387.0;387.0;387.0;0.0;0.0;120.0;overtime | continuity | similarity;0 | 0 | 387
4;SN-both-ss;instance_30_10_4_48;lex-overtime;lexicographic;overtime-priority;-;;;;;;sorting-network;both;slot-service;OPTIMUM;3.849983372;300.0;3.664947996;3;83554;186510;891;373.0;373.0;373.0;0.0;0.0;120.0;overtime | continuity | similarity;0 | 0 | 373
4;SN-both-ss;instance_30_10_4_49;lex-overtime;lexicographic;overtime-priority;-;;;;;;sorting-network;both;slot-service;UNSATISFIABLE;0.066479973;300.0;0;1;0;0;0;;;;;;;;
4;SN-both-ss;instance_30_10_4_5;lex-overtime;lexicographic;overtime-priority;-;;;;;;sorting-network;both;slot-service;OPTIMUM;44.06907773;300.0;43.855635893;3;86722;202633;891;414.0;414.0;415.0;1.0;0.0;120.0;overtime | continuity | similarity;0 | 1 | 415
4;SN-both-ss;instance_30_10_4_50;lex-overtime;lexicographic;overtime-priority;-;;;;;;sorting-network;both;slot-service;UNSATISFIABLE;0.065275558;300.0;0;1;0;0;0;;;;;;;;
4;SN-both-ss;instance_30_10_4_6;lex-overtime;lexicographic;overtime-priority;-;;;;;;sorting-network;both;slot-service;OPTIMUM;65.93539152;300.0;65.714339718;3;84315;203135;858;384.0;384.0;384.0;0.0;0.0;120.0;overtime | continuity | similarity;0 | 0 | 384
4;SN-both-ss;instance_30_10_4_7;lex-overtime;lexicographic;overtime-priority;-;;;;;;sorting-network;both;slot-service;UNSATISFIABLE;0.063837028;300.0;0;1;0;0;0;;;;;;;;
4;SN-both-ss;instance_30_10_4_8;lex-overtime;lexicographic;overtime-priority;-;;;;;;sorting-network;both;slot-service;OPTIMUM;55.25793965;300.0;55.050570848;3;76846;182337;803;398.0;398.0;399.0;1.0;0.0;120.0;overtime | continuity | similarity;0 | 1 | 399
4;SN-both-ss;instance_30_10_4_9;lex-overtime;lexicographic;overtime-priority;-;;;;;;sorting-network;both;slot-service;UNSATISFIABLE;0.06631735;300.0;0;1;0;0;0;;;;;;;;
4;SN-both-ss;instance_30_10_5_1;lex-overtime;lexicographic;overtime-priority;-;;;;;;sorting-network;both;slot-service;OPTIMUM;76.86378998;300.0;76.596442152;3;109910;257679;990;486.0;486.0;486.0;0.0;0.0;150.0;overtime | continuity | similarity;0 | 0 | 486
4;SN-both-ss;instance_30_10_5_10;lex-overtime;lexicographic;overtime-priority;-;;;;;;sorting-network;both;slot-service;OPTIMUM;55.10211375;300.0;54.802608309;3;119578;276748;1045;477.0;477.0;478.0;1.0;0.0;150.0;overtime | continuity | similarity;0 | 1 | 478
4;SN-both-ss;instance_30_10_5_11;lex-overtime;lexicographic;overtime-priority;-;;;;;;sorting-network;both;slot-service;UNSATISFIABLE;0.065569844;300.0;0;1;0;0;0;;;;;;;;
4;SN-both-ss;instance_30_10_5_12;lex-overtime;lexicographic;overtime-priority;-;;;;;;sorting-network;both;slot-service;UNSATISFIABLE;0.069833142;300.0;0;1;0;0;0;;;;;;;;
4;SN-both-ss;instance_30_10_5_13;lex-overtime;lexicographic;overtime-priority;-;;;;;;sorting-network;both;slot-service;UNSATISFIABLE;0.095785834;300.0;0;1;0;0;0;;;;;;;;
4;SN-both-ss;instance_30_10_5_14;lex-overtime;lexicographic;overtime-priority;-;;;;;;sorting-network;both;slot-service;UNSATISFIABLE;0.173255434;300.0;0;1;0;0;0;;;;;;;;
4;SN-both-ss;instance_30_10_5_15;lex-overtime;lexicographic;overtime-priority;-;;;;;;sorting-network;both;slot-service;UNSATISFIABLE;0.154915191;300.0;0;1;0;0;0;;;;;;;;
4;SN-both-ss;instance_30_10_5_16;lex-overtime;lexicographic;overtime-priority;-;;;;;;sorting-network;both;slot-service;OPTIMUM;57.02870191;300.0;56.764534669;3;95886;240147;858;473.0;473.0;473.0;0.0;0.0;150.0;overtime | continuity | similarity;0 | 0 | 473
4;SN-both-ss;instance_30_10_5_17;lex-overtime;lexicographic;overtime-priority;-;;;;;;sorting-network;both;slot-service;OPTIMUM;53.12347708;300.0;52.877011505;3;103760;239219;968;414.0;414.0;414.0;0.0;0.0;150.0;overtime | continuity | similarity;0 | 0 | 414
4;SN-both-ss;instance_30_10_5_18;lex-overtime;lexicographic;overtime-priority;-;;;;;;sorting-network;both;slot-service;OPTIMUM;72.84810767;300.0;72.54191944899999;3;110366;273657;946;516.0;516.0;518.0;2.0;0.0;150.0;overtime | continuity | similarity;0 | 2 | 518
4;SN-both-ss;instance_30_10_5_19;lex-overtime;lexicographic;overtime-priority;-;;;;;;sorting-network;both;slot-service;UNSATISFIABLE;0.06608236;300.0;0;1;0;0;0;;;;;;;;
4;SN-both-ss;instance_30_10_5_2;lex-overtime;lexicographic;overtime-priority;-;;;;;;sorting-network;both;slot-service;UNSATISFIABLE;0.120235319;300.0;0;1;0;0;0;;;;;;;;
4;SN-both-ss;instance_30_10_5_20;lex-overtime;lexicographic;overtime-priority;-;;;;;;sorting-network;both;slot-service;UNSATISFIABLE;0.076591134;300.0;0;1;0;0;0;;;;;;;;
4;SN-both-ss;instance_30_10_5_21;lex-overtime;lexicographic;overtime-priority;-;;;;;;sorting-network;both;slot-service;UNSATISFIABLE;0.065971194;300.0;0;1;0;0;0;;;;;;;;
4;SN-both-ss;instance_30_10_5_22;lex-overtime;lexicographic;overtime-priority;-;;;;;;sorting-network;both;slot-service;OPTIMUM;57.39439856;300.0;57.075487128000006;3;116710;280208;1001;495.0;495.0;497.0;2.0;0.0;150.0;overtime | continuity | similarity;0 | 2 | 497
4;SN-both-ss;instance_30_10_5_23;lex-overtime;lexicographic;overtime-priority;-;;;;;;sorting-network;both;slot-service;UNSATISFIABLE;0.063223846;300.0;0;1;0;0;0;;;;;;;;
4;SN-both-ss;instance_30_10_5_24;lex-overtime;lexicographic;overtime-priority;-;;;;;;sorting-network;both;slot-service;UNSATISFIABLE;0.074974424;300.0;0;1;0;0;0;;;;;;;;
4;SN-both-ss;instance_30_10_5_25;lex-overtime;lexicographic;overtime-priority;-;;;;;;sorting-network;both;slot-service;UNSATISFIABLE;0.074245763;300.0;0;1;0;0;0;;;;;;;;
4;SN-both-ss;instance_30_10_5_26;lex-overtime;lexicographic;overtime-priority;-;;;;;;sorting-network;both;slot-service;UNSATISFIABLE;0.055693244;300.0;0;1;0;0;0;;;;;;;;
4;SN-both-ss;instance_30_10_5_27;lex-overtime;lexicographic;overtime-priority;-;;;;;;sorting-network;both;slot-service;UNSATISFIABLE;0.079117623;300.0;0;1;0;0;0;;;;;;;;
4;SN-both-ss;instance_30_10_5_28;lex-overtime;lexicographic;overtime-priority;-;;;;;;sorting-network;both;slot-service;UNSATISFIABLE;0.065064389;300.0;0;1;0;0;0;;;;;;;;
4;SN-both-ss;instance_30_10_5_29;lex-overtime;lexicographic;overtime-priority;-;;;;;;sorting-network;both;slot-service;UNSATISFIABLE;0.05481299;300.0;0;1;0;0;0;;;;;;;;
4;SN-both-ss;instance_30_10_5_3;lex-overtime;lexicographic;overtime-priority;-;;;;;;sorting-network;both;slot-service;OPTIMUM;52.19359725;300.0;51.924115508999996;3;100954;253492;902;470.0;470.0;472.0;2.0;0.0;150.0;overtime | continuity | similarity;0 | 2 | 472
4;SN-both-ss;instance_30_10_5_30;lex-overtime;lexicographic;overtime-priority;-;;;;;;sorting-network;both;slot-service;UNSATISFIABLE;0.068598777;300.0;0;1;0;0;0;;;;;;;;
4;SN-both-ss;instance_30_10_5_31;lex-overtime;lexicographic;overtime-priority;-;;;;;;sorting-network;both;slot-service;OPTIMUM;48.29561947;300.0;48.044932415000005;3;101033;235214;946;506.0;506.0;506.0;0.0;0.0;150.0;overtime | continuity | similarity;0 | 0 | 506
4;SN-both-ss;instance_30_10_5_32;lex-overtime;lexicographic;overtime-priority;-;;;;;;sorting-network;both;slot-service;OPTIMUM;89.03168608;300.0;88.731505494;3;116561;278136;1012;543.0;543.0;543.0;0.0;0.0;150.0;overtime | continuity | similarity;0 | 0 | 543
4;SN-both-ss;instance_30_10_5_33;lex-overtime;lexicographic;overtime-priority;-;;;;;;sorting-network;both;slot-service;OPTIMUM;81.87486024;300.0;81.516367621;3;115504;304474;957;552.0;552.0;552.0;0.0;0.0;150.0;overtime | continuity | similarity;0 | 0 | 552
4;SN-both-ss;instance_30_10_5_34;lex-overtime;lexicographic;overtime-priority;-;;;;;;sorting-network;both;slot-service;OPTIMUM;57.19226143;300.0;56.86870511;3;125216;292252;1034;446.0;446.0;449.0;3.0;0.0;150.0;overtime | continuity | similarity;0 | 3 | 449
4;SN-both-ss;instance_30_10_5_35;lex-overtime;lexicographic;overtime-priority;-;;;;;;sorting-network;both;slot-service;OPTIMUM;52.82135728;300.0;52.509419606;3;121197;282110;1034;492.0;492.0;492.0;0.0;0.0;150.0;overtime | continuity | similarity;0 | 0 | 492
4;SN-both-ss;instance_30_10_5_36;lex-overtime;lexicographic;overtime-priority;-;;;;;;sorting-network;both;slot-service;OPTIMUM;65.77503787;300.0;65.447670985;3;121766;296310;979;485.0;485.0;489.0;4.0;0.0;150.0;overtime | continuity | similarity;0 | 4 | 489
4;SN-both-ss;instance_30_10_5_37;lex-overtime;lexicographic;overtime-priority;-;;;;;;sorting-network;both;slot-service;OPTIMUM;28.0180792;300.0;27.774462842000002;3;106704;241144;1001;494.0;494.0;494.0;0.0;0.0;150.0;overtime | continuity | similarity;0 | 0 | 494
4;SN-both-ss;instance_30_10_5_38;lex-overtime;lexicographic;overtime-priority;-;;;;;;sorting-network;both;slot-service;OPTIMUM;75.34474905;300.0;75.021193328;3;121502;284179;1056;518.0;518.0;518.0;0.0;0.0;150.0;overtime | continuity | similarity;0 | 0 | 518
4;SN-both-ss;instance_30_10_5_39;lex-overtime;lexicographic;overtime-priority;-;;;;;;sorting-network;both;slot-service;OPTIMUM;59.86679907;300.0;59.544266621;3;120364;283139;1056;520.0;520.0;521.0;1.0;0.0;150.0;overtime | continuity | similarity;0 | 1 | 521
4;SN-both-ss;instance_30_10_5_4;lex-overtime;lexicographic;overtime-priority;-;;;;;;sorting-network;both;slot-service;UNSATISFIABLE;0.066772924;300.0;0;1;0;0;0;;;;;;;;
4;SN-both-ss;instance_30_10_5_40;lex-overtime;lexicographic;overtime-priority;-;;;;;;sorting-network;both;slot-service;UNSATISFIABLE;0.070741665;300.0;0;1;0;0;0;;;;;;;;
4;SN-both-ss;instance_30_10_5_41;lex-overtime;lexicographic;overtime-priority;-;;;;;;sorting-network;both;slot-service;UNSATISFIABLE;0.076348807;300.0;0;1;0;0;0;;;;;;;;
4;SN-both-ss;instance_30_10_5_42;lex-overtime;lexicographic;overtime-priority;-;;;;;;sorting-network;both;slot-service;OPTIMUM;76.86835849;300.0;76.527050409;3;118663;288406;1001;474.0;474.0;475.0;1.0;0.0;150.0;overtime | continuity | similarity;0 | 1 | 475
4;SN-both-ss;instance_30_10_5_43;lex-overtime;lexicographic;overtime-priority;-;;;;;;sorting-network;both;slot-service;UNSATISFIABLE;0.07124274;300.0;0;1;0;0;0;;;;;;;;
4;SN-both-ss;instance_30_10_5_44;lex-overtime;lexicographic;overtime-priority;-;;;;;;sorting-network;both;slot-service;UNSATISFIABLE;0.147417864;300.0;0;1;0;0;0;;;;;;;;
4;SN-both-ss;instance_30_10_5_45;lex-overtime;lexicographic;overtime-priority;-;;;;;;sorting-network;both;slot-service;UNSATISFIABLE;0.070224307;300.0;0;1;0;0;0;;;;;;;;
4;SN-both-ss;instance_30_10_5_46;lex-overtime;lexicographic;overtime-priority;-;;;;;;sorting-network;both;slot-service;UNSATISFIABLE;0.04216198;300.0;0;1;0;0;0;;;;;;;;
4;SN-both-ss;instance_30_10_5_47;lex-overtime;lexicographic;overtime-priority;-;;;;;;sorting-network;both;slot-service;UNSATISFIABLE;0.040396719;300.0;0;1;0;0;0;;;;;;;;
4;SN-both-ss;instance_30_10_5_48;lex-overtime;lexicographic;overtime-priority;-;;;;;;sorting-network;both;slot-service;OPTIMUM;66.77996869;300.0;66.473412879;3;114271;262493;1023;472.0;472.0;473.0;1.0;0.0;150.0;overtime | continuity | similarity;0 | 1 | 473
4;SN-both-ss;instance_30_10_5_49;lex-overtime;lexicographic;overtime-priority;-;;;;;;sorting-network;both;slot-service;TIMEOUT;300.1163583;300.0;0.090878653;2;27993;89197;30;;;;;;;overtime;0
4;SN-both-ss;instance_30_10_5_5;lex-overtime;lexicographic;overtime-priority;-;;;;;;sorting-network;both;slot-service;UNSATISFIABLE;0.07250997;300.0;0;1;0;0;0;;;;;;;;
4;SN-both-ss;instance_30_10_5_50;lex-overtime;lexicographic;overtime-priority;-;;;;;;sorting-network;both;slot-service;UNSATISFIABLE;0.074538121;300.0;0;1;0;0;0;;;;;;;;
4;SN-both-ss;instance_30_10_5_6;lex-overtime;lexicographic;overtime-priority;-;;;;;;sorting-network;both;slot-service;UNSATISFIABLE;0.065720787;300.0;0;1;0;0;0;;;;;;;;
4;SN-both-ss;instance_30_10_5_7;lex-overtime;lexicographic;overtime-priority;-;;;;;;sorting-network;both;slot-service;UNSATISFIABLE;0.101738442;300.0;0;1;0;0;0;;;;;;;;
4;SN-both-ss;instance_30_10_5_8;lex-overtime;lexicographic;overtime-priority;-;;;;;;sorting-network;both;slot-service;OPTIMUM;81.80470604;300.0;81.52283946;3;106258;253422;968;535.0;535.0;535.0;0.0;0.0;150.0;overtime | continuity | similarity;0 | 0 | 535
4;SN-both-ss;instance_30_10_5_9;lex-overtime;lexicographic;overtime-priority;-;;;;;;sorting-network;both;slot-service;OPTIMUM;53.62148538;300.0;53.364371065;3;92542;218630;880;470.0;470.0;473.0;3.0;0.0;150.0;overtime | continuity | similarity;0 | 3 | 473
4;SN-both-ss;instance_30_15_4_1;lex-overtime;lexicographic;overtime-priority;-;;;;;;sorting-network;both;slot-service;OPTIMUM;80.26125744;300.0;79.910389513;3;125145;301854;1264;438.0;438.0;438.0;0.0;0.0;120.0;overtime | continuity | similarity;0 | 0 | 438
4;SN-both-ss;instance_30_15_4_10;lex-overtime;lexicographic;overtime-priority;-;;;;;;sorting-network;both;slot-service;OPTIMUM;70.90815797;300.0;70.57499545499999;3;123970;287751;1280;410.0;410.0;410.0;0.0;0.0;120.0;overtime | continuity | similarity;0 | 0 | 410
4;SN-both-ss;instance_30_15_4_11;lex-overtime;lexicographic;overtime-priority;-;;;;;;sorting-network;both;slot-service;OPTIMUM;71.23118613;300.0;70.955399685;3;102088;242368;1136;406.0;406.0;406.0;0.0;0.0;120.0;overtime | continuity | similarity;0 | 0 | 406
4;SN-both-ss;instance_30_15_4_12;lex-overtime;lexicographic;overtime-priority;-;;;;;;sorting-network;both;slot-service;OPTIMUM;72.60125725;300.0;72.285204615;3;114475;269657;1216;439.0;439.0;439.0;0.0;0.0;120.0;overtime | continuity | similarity;0 | 0 | 439
4;SN-both-ss;instance_30_15_4_13;lex-overtime;lexicographic;overtime-priority;-;;;;;;sorting-network;both;slot-service;OPTIMUM;56.17743311;300.0;55.916104573;3;102040;234710;1136;383.0;383.0;386.0;3.0;0.0;120.0;overtime | continuity | similarity;0 | 3 | 386
4;SN-both-ss;instance_30_15_4_14;lex-overtime;lexicographic;overtime-priority;-;;;;;;sorting-network;both;slot-service;OPTIMUM;73.27687366;300.0;72.95080106200001;3;119310;283163;1264;389.0;389.0;389.0;0.0;0.0;120.0;overtime | continuity | similarity;0 | 0 | 389
4;SN-both-ss;instance_30_15_4_15;lex-overtime;lexicographic;overtime-priority;-;;;;;;sorting-network;both;slot-service;OPTIMUM;79.89005239;300.0;79.54343790899999;3;121394;296586;1232;446.0;446.0;446.0;0.0;0.0;120.0;overtime | continuity | similarity;0 | 0 | 446
4;SN-both-ss;instance_30_15_4_16;lex-overtime;lexicographic;overtime-priority;-;;;;;;sorting-network;both;slot-service;OPTIMUM;53.22805922;300.0;52.918127039;3;117480;265820;1264;398.0;398.0;398.0;0.0;0.0;120.0;overtime | continuity | similarity;0 | 0 | 398
4;SN-both-ss;instance_30_15_4_17;lex-overtime;lexicographic;overtime-priority;-;;;;;;sorting-network;both;slot-service;OPTIMUM;74.9712039;300.0;74.641806847;3;120989;282377;1264;417.0;417.0;417.0;0.0;0.0;120.0;overtime | continuity | similarity;0 | 0 | 417
4;SN-both-ss;instance_30_15_4_18;lex-overtime;lexicographic;overtime-priority;-;;;;;;sorting-network;both;slot-service;OPTIMUM;76.842635;300.0;76.453016135;3;126474;323165;1248;448.0;448.0;448.0;0.0;0.0;120.0;overtime | continuity | similarity;0 | 0 | 448
4;SN-both-ss;instance_30_15_4_19;lex-overtime;lexicographic;overtime-priority;-;;;;;;sorting-network;both;slot-service;OPTIMUM;66.19501112;300.0;65.918436898;3;105437;247817;1168;391.0;391.0;392.0;1.0;0.0;120.0;overtime | continuity | similarity;0 | 1 | 392
4;SN-both-ss;instance_30_15_4_2;lex-overtime;lexicographic;overtime-priority;-;;;;;;sorting-network;both;slot-service;OPTIMUM;69.30397348;300.0;69.00127478899999;3;123144;270493;1328;369.0;369.0;369.0;0.0;0.0;120.0;overtime | continuity | similarity;0 | 0 | 369
4;SN-both-ss;instance_30_15_4_20;lex-overtime;lexicographic;overtime-priority;-;;;;;;sorting-network;both;slot-service;OPTIMUM;70.70349518;300.0;70.37689057600001;3;128332;285941;1344;420.0;420.0;420.0;0.0;0.0;120.0;overtime | continuity | similarity;0 | 0 | 420
4;SN-both-ss;instance_30_15_4_21;lex-overtime;lexicographic;overtime-priority;-;;;;;;sorting-network;both;slot-service;UNSATISFIABLE;0.068213156;300.0;0;1;0;0;0;;;;;;;;
4;SN-both-ss;instance_30_15_4_22;lex-overtime;lexicographic;overtime-priority;-;;;;;;sorting-network;both;slot-service;OPTIMUM;72.39065293;300.0;72.10809362599998;3;111707;260049;1216;413.0;413.0;413.0;0.0;0.0;120.0;overtime | continuity | similarity;0 | 0 | 413
4;SN-both-ss;instance_30_15_4_23;lex-overtime;lexicographic;overtime-priority;-;;;;;;sorting-network;both;slot-service;OPTIMUM;73.81606768;300.0;73.468395054;3;119255;293093;1216;427.0;427.0;427.0;0.0;0.0;120.0;overtime | continuity | similarity;0 | 0 | 427
4;SN-both-ss;instance_30_15_4_24;lex-overtime;lexicographic;overtime-priority;-;;;;;;sorting-network;both;slot-service;OPTIMUM;82.57011747;300.0;82.21729337800001;3;129890;309102;1312;444.0;444.0;444.0;0.0;0.0;120.0;overtime | continuity | similarity;0 | 0 | 444
4;SN-both-ss;instance_30_15_4_25;lex-overtime;lexicographic;overtime-priority;-;;;;;;sorting-network;both;slot-service;OPTIMUM;53.39325032;300.0;53.069170193000005;3;124659;284303;1280;402.0;402.0;402.0;0.0;0.0;120.0;overtime | continuity | similarity;0 | 0 | 402
4;SN-both-ss;instance_30_15_4_26;lex-overtime;lexicographic;overtime-priority;-;;;;;;sorting-network;both;slot-service;OPTIMUM;77.10042062;300.0;76.783567593;3;117810;280574;1232;436.0;436.0;436.0;0.0;0.0;120.0;overtime | continuity | similarity;0 | 0 | 436
4;SN-both-ss;instance_30_15_4_27;lex-overtime;lexicographic;overtime-priority;-;;;;;;sorting-network;both;slot-service;OPTIMUM;70.54429852;300.0;70.232822507;3;119005;280964;1248;407.0;407.0;407.0;0.0;0.0;120.0;overtime | continuity | similarity;0 | 0 | 407
4;SN-both-ss;instance_30_15_4_28;lex-overtime;lexicographic;overtime-priority;-;;;;;;sorting-network;both;slot-service;OPTIMUM;68.03369136;300.0;67.729070355;3;114870;276125;1216;410.0;410.0;410.0;0.0;0.0;120.0;overtime | continuity | similarity;0 | 0 | 410
4;SN-both-ss;instance_30_15_4_29;lex-overtime;lexicographic;overtime-priority;-;;;;;;sorting-network;both;slot-service;OPTIMUM;43.84455812;300.0;43.616876469999994;3;107496;240759;1216;399.0;399.0;399.0;0.0;0.0;120.0;overtime | continuity | similarity;0 | 0 | 399
4;SN-both-ss;instance_30_15_4_3;lex-overtime;lexicographic;overtime-priority;-;;;;;;sorting-network;both;slot-service;OPTIMUM;70.91061011;300.0;70.583551142;3;125548;305162;1280;431.0;431.0;431.0;0.0;0.0;120.0;overtime | continuity | similarity;0 | 0 | 431
4;SN-both-ss;instance_30_15_4_30;lex-overtime;lexicographic;overtime-priority;-;;;;;;sorting-network;both;slot-service;OPTIMUM;78.57985648;300.0;78.25482412699999;3;125637;306887;1264;435.0;435.0;435.0;0.0;0.0;120.0;overtime | continuity | similarity;0 | 0 | 435
4;SN-both-ss;instance_30_15_4_31;lex-overtime;lexicographic;overtime-priority;-;;;;;;sorting-network;both;slot-service;OPTIMUM;77.16120118;300.0;76.84351735;3;118707;288494;1232;407.0;407.0;407.0;0.0;0.0;120.0;overtime | continuity | similarity;0 | 0 | 407
4;SN-both-ss;instance_30_15_4_32;lex-overtime;lexicographic;overtime-priority;-;;;;;;sorting-network;both;slot-service;OPTIMUM;64.07039098;300.0;63.749317478;3;117945;285656;1248;382.0;382.0;382.0;0.0;0.0;120.0;overtime | continuity | similarity;0 | 0 | 382
4;SN-both-ss;instance_30_15_4_33;lex-overtime;lexicographic;overtime-priority;-;;;;;;sorting-network;both;slot-service;OPTIMUM;79.90313672;300.0;79.572481225;3;127545;305804;1280;429.0;429.0;429.0;0.0;0.0;120.0;overtime | continuity | similarity;0 | 0 | 429
4;SN-both-ss;instance_30_15_4_34;lex-overtime;lexicographic;overtime-priority;-;;;;;;sorting-network;both;slot-service;OPTIMUM;69.70792636;300.0;69.386516741;3;122538;298083;1264;396.0;396.0;396.0;0.0;0.0;120.0;overtime | continuity | similarity;0 | 0 | 396
4;SN-both-ss;instance_30_15_4_35;lex-overtime;lexicographic;overtime-priority;-;;;;;;sorting-network;both;slot-service;UNSATISFIABLE;0.071319815;300.0;0;1;0;0;0;;;;;;;;
4;SN-both-ss;instance_30_15_4_36;lex-overtime;lexicographic;overtime-priority;-;;;;;;sorting-network;both;slot-service;OPTIMUM;58.67797153;300.0;58.384019787;3;106445;262793;1152;427.0;427.0;427.0;0.0;0.0;120.0;overtime | continuity | similarity;0 | 0 | 427
4;SN-both-ss;instance_30_15_4_37;lex-overtime;lexicographic;overtime-priority;-;;;;;;sorting-network;both;slot-service;OPTIMUM;62.75452604;300.0;62.43978544;3;127826;297109;1312;420.0;420.0;420.0;0.0;0.0;120.0;overtime | continuity | similarity;0 | 0 | 420
4;SN-both-ss;instance_30_15_4_38;lex-overtime;lexicographic;overtime-priority;-;;;;;;sorting-network;both;slot-service;OPTIMUM;64.17878369;300.0;63.881291602;3;113653;268513;1216;402.0;402.0;402.0;0.0;0.0;120.0;overtime | continuity | similarity;0 | 0 | 402
4;SN-both-ss;instance_30_15_4_39;lex-overtime;lexicographic;overtime-priority;-;;;;;;sorting-network;both;slot-service;OPTIMUM;72.11657248;300.0;71.80431519499999;3;116033;281669;1216;437.0;437.0;437.0;0.0;0.0;120.0;overtime | continuity | similarity;0 | 0 | 437
4;SN-both-ss;instance_30_15_4_4;lex-overtime;lexicographic;overtime-priority;-;;;;;;sorting-network;both;slot-service;OPTIMUM;95.32122378;300.0;94.99038697200001;3;130518;318482;1296;450.0;450.0;450.0;0.0;0.0;120.0;overtime | continuity | similarity;0 | 0 | 450
4;SN-both-ss;instance_30_15_4_40;lex-overtime;lexicographic;overtime-priority;-;;;;;;sorting-network;both;slot-service;OPTIMUM;69.50710902;300.0;69.235014244;3;106541;260069;1152;450.0;450.0;450.0;0.0;0.0;120.0;overtime | continuity | similarity;0 | 0 | 450
4;SN-both-ss;instance_30_15_4_41;lex-overtime;lexicographic;overtime-priority;-;;;;;;sorting-network;both;slot-service;OPTIMUM;79.62462007;300.0;79.256463808;3;125473;326858;1248;443.0;443.0;443.0;0.0;0.0;120.0;overtime | continuity | similarity;0 | 0 | 443
4;SN-both-ss;instance_30_15_4_42;lex-overtime;lexicographic;overtime-priority;-;;;;;;sorting-network;both;slot-service;OPTIMUM;77.09657687;300.0;76.765944273;3;125208;307585;1248;432.0;432.0;432.0;0.0;0.0;120.0;overtime | continuity | similarity;0 | 0 | 432
4;SN-both-ss;instance_30_15_4_43;lex-overtime;lexicographic;overtime-priority;-;;;;;;sorting-network;both;slot-service;OPTIMUM;81.26661606;300.0;80.94786103099999;3;118105;286492;1232;411.0;411.0;411.0;0.0;0.0;120.0;overtime | continuity | similarity;0 | 0 | 411
4;SN-both-ss;instance_30_15_4_44;lex-overtime;lexicographic;overtime-priority;-;;;;;;sorting-network;both;slot-service;UNSATISFIABLE;0.069090753;300.0;0;1;0;0;0;;;;;;;;
4;SN-both-ss;instance_30_15_4_45;lex-overtime;lexicographic;overtime-priority;-;;;;;;sorting-network;both;slot-service;OPTIMUM;73.52549197;300.0;73.189605202;3;126497;313487;1264;416.0;416.0;416.0;0.0;0.0;120.0;overtime | continuity | similarity;0 | 0 | 416
4;SN-both-ss;instance_30_15_4_46;lex-overtime;lexicographic;overtime-priority;-;;;;;;sorting-network;both;slot-service;OPTIMUM;76.68251131;300.0;76.36772014700001;3;120265;292840;1248;446.0;446.0;446.0;0.0;0.0;120.0;overtime | continuity | similarity;0 | 0 | 446
4;SN-both-ss;instance_30_15_4_47;lex-overtime;lexicographic;overtime-priority;-;;;;;;sorting-network;both;slot-service;OPTIMUM;60.17912033;300.0;59.858700196;3;133965;308704;1344;417.0;417.0;418.0;1.0;0.0;120.0;overtime | continuity | similarity;0 | 1 | 418
4;SN-both-ss;instance_30_15_4_48;lex-overtime;lexicographic;overtime-priority;-;;;;;;sorting-network;both;slot-service;OPTIMUM;65.64685478;300.0;65.372893072;3;109643;261614;1184;430.0;430.0;430.0;0.0;0.0;120.0;overtime | continuity | similarity;0 | 0 | 430
4;SN-both-ss;instance_30_15_4_49;lex-overtime;lexicographic;overtime-priority;-;;;;;;sorting-network;both;slot-service;OPTIMUM;77.61590219;300.0;77.30561232199999;3;116075;278399;1200;421.0;421.0;421.0;0.0;0.0;120.0;overtime | continuity | similarity;0 | 0 | 421
4;SN-both-ss;instance_30_15_4_5;lex-overtime;lexicographic;overtime-priority;-;;;;;;sorting-network;both;slot-service;OPTIMUM;64.00981244;300.0;63.74166289;3;107884;258731;1152;400.0;400.0;401.0;1.0;0.0;120.0;overtime | continuity | similarity;0 | 1 | 401
4;SN-both-ss;instance_30_15_4_50;lex-overtime;lexicographic;overtime-priority;-;;;;;;sorting-network;both;slot-service;OPTIMUM;64.83707046;300.0;64.581018767;3;108738;249078;1152;396.0;396.0;403.0;7.0;0.0;120.0;overtime | continuity | similarity;0 | 7 | 403
4;SN-both-ss;instance_30_15_4_6;lex-overtime;lexicographic;overtime-priority;-;;;;;;sorting-network;both;slot-service;OPTIMUM;79.81008335;300.0;79.51196763600001;3;120260;271845;1296;436.0;436.0;436.0;0.0;0.0;120.0;overtime | continuity | similarity;0 | 0 | 436
4;SN-both-ss;instance_30_15_4_7;lex-overtime;lexicographic;overtime-priority;-;;;;;;sorting-network;both;slot-service;UNSATISFIABLE;0.093634945;300.0;0;1;0;0;0;;;;;;;;
4;SN-both-ss;instance_30_15_4_8;lex-overtime;lexicographic;overtime-priority;-;;;;;;sorting-network;both;slot-service;UNSATISFIABLE;0.073830603;300.0;0;1;0;0;0;;;;;;;;
4;SN-both-ss;instance_30_15_4_9;lex-overtime;lexicographic;overtime-priority;-;;;;;;sorting-network;both;slot-service;OPTIMUM;53.00384823;300.0;52.744216232;3;108153;252043;1168;385.0;385.0;386.0;1.0;0.0;120.0;overtime | continuity | similarity;0 | 1 | 386
4;SN-both-ss;instance_30_15_5_1;lex-overtime;lexicographic;overtime-priority;-;;;;;;sorting-network;both;slot-service;OPTIMUM;87.17146007;300.0;86.716223025;3;175978;441883;1472;543.0;543.0;545.0;2.0;0.0;150.0;overtime | continuity | similarity;0 | 2 | 545
4;SN-both-ss;instance_30_15_5_10;lex-overtime;lexicographic;overtime-priority;-;;;;;;sorting-network;both;slot-service;UNSATISFIABLE;0.11256678;300.0;0;1;0;0;0;;;;;;;;
4;SN-both-ss;instance_30_15_5_11;lex-overtime;lexicographic;overtime-priority;-;;;;;;sorting-network;both;slot-service;OPTIMUM;93.30709926;300.0;92.899096904;3;160844;379130;1440;522.0;522.0;522.0;0.0;0.0;150.0;overtime | continuity | similarity;0 | 0 | 522
4;SN-both-ss;instance_30_15_5_12;lex-overtime;lexicographic;overtime-priority;-;;;;;;sorting-network;both;slot-service;OPTIMUM;101.1750941;300.0;100.70733577400001;3;173699;442170;1440;568.0;568.0;568.0;0.0;0.0;150.0;overtime | continuity | similarity;0 | 0 | 568
4;SN-both-ss;instance_30_15_5_13;lex-overtime;lexicographic;overtime-priority;-;;;;;;sorting-network;both;slot-service;OPTIMUM;84.9486526;300.0;84.51633058499999;3;156212;392181;1376;540.0;540.0;540.0;0.0;0.0;150.0;overtime | continuity | similarity;0 | 0 | 540
4;SN-both-ss;instance_30_15_5_14;lex-overtime;lexicographic;overtime-priority;-;;;;;;sorting-network;both;slot-service;OPTIMUM;90.49749974;300.0;90.09650393;3;155515;370874;1408;504.0;504.0;505.0;1.0;0.0;150.0;overtime | continuity | similarity;0 | 1 | 505
4;SN-both-ss;instance_30_15_5_15;lex-overtime;lexicographic;overtime-priority;-;;;;;;sorting-network;both;slot-service;OPTIMUM;80.01920613;300.0;79.597521101;3;152030;390146;1376;545.0;545.0;545.0;0.0;0.0;150.0;overtime | continuity | similarity;0 | 0 | 545
4;SN-both-ss;instance_30_15_5_16;lex-overtime;lexicographic;overtime-priority;-;;;;;;sorting-network;both;slot-service;OPTIMUM;77.35135932;300.0;76.934082508;3;158639;378930;1376;464.0;464.0;467.0;3.0;0.0;150.0;overtime | continuity | similarity;0 | 3 | 467
4;SN-both-ss;instance_30_15_5_17;lex-overtime;lexicographic;overtime-priority;-;;;;;;sorting-network;both;slot-service;OPTIMUM;84.54516062;300.0;84.176273603;3;152395;362480;1424;542.0;542.0;542.0;0.0;0.0;150.0;overtime | continuity | similarity;0 | 0 | 542
4;SN-both-ss;instance_30_15_5_18;lex-overtime;lexicographic;overtime-priority;-;;;;;;sorting-network;both;slot-service;OPTIMUM;92.97342095;300.0;92.587937033;3;154593;365235;1408;527.0;527.0;527.0;0.0;0.0;150.0;overtime | continuity | similarity;0 | 0 | 527
4;SN-both-ss;instance_30_15_5_19;lex-overtime;lexicographic;overtime-priority;-;;;;;;sorting-network;both;slot-service;OPTIMUM;96.09508911;300.0;95.66271566;3;167480;404205;1472;522.0;522.0;522.0;0.0;0.0;150.0;overtime | continuity | similarity;0 | 0 | 522
4;SN-both-ss;instance_30_15_5_2;lex-overtime;lexicographic;overtime-priority;-;;;;;;sorting-network;both;slot-service;OPTIMUM;76.28739778;300.0;75.883474522;3;135278;349236;1248;546.0;546.0;546.0;0.0;0.0;150.0;overtime | continuity | similarity;0 | 0 | 546
4;SN-both-ss;instance_30_15_5_20;lex-overtime;lexicographic;overtime-priority;-;;;;;;sorting-network;both;slot-service;UNSATISFIABLE;0.129544998;300.0;0;1;0;0;0;;;;;;;;
4;SN-both-ss;instance_30_15_5_21;lex-overtime;lexicographic;overtime-priority;-;;;;;;sorting-network;both;slot-service;OPTIMUM;101.5562526;300.0;101.13736780400001;3;157665;381509;1424;509.0;509.0;509.0;0.0;0.0;150.0;overtime | continuity | similarity;0 | 0 | 509
4;SN-both-ss;instance_30_15_5_22;lex-overtime;lexicographic;overtime-priority;-;;;;;;sorting-network;both;slot-service;OPTIMUM;90.21881989;300.0;89.76978820400001;3;167843;411523;1456;536.0;536.0;536.0;0.0;0.0;150.0;overtime | continuity | similarity;0 | 0 | 536
5;TOT-none-none;instance_30_10_4_1;lex-overtime;lexicographic;overtime-priority;-;;;;;;totalizer;none;none;OPTIMUM;60.6577961;300.0;60.472731376;3;66222;182501;847;404.0;404.0;404.0;0.0;0.0;120.0;overtime | continuity | similarity;0 | 0 | 404
5;TOT-none-none;instance_30_10_4_10;lex-overtime;lexicographic;overtime-priority;-;;;;;;totalizer;none;none;OPTIMUM;54.69882371;300.0;54.526690153000004;3;62937;171840;825;389.0;389.0;389.0;0.0;0.0;120.0;overtime | continuity | similarity;0 | 0 | 389
5;TOT-none-none;instance_30_10_4_11;lex-overtime;lexicographic;overtime-priority;-;;;;;;totalizer;none;none;OPTIMUM;40.83836522;300.0;40.647406038;3;67347;178215;858;371.0;371.0;371.0;0.0;0.0;120.0;overtime | continuity | similarity;0 | 0 | 371
5;TOT-none-none;instance_30_10_4_12;lex-overtime;lexicographic;overtime-priority;-;;;;;;totalizer;none;none;OPTIMUM;49.56989694;300.0;49.39954779000001;3;57169;164893;781;374.0;374.0;374.0;0.0;0.0;120.0;overtime | continuity | similarity;0 | 0 | 374
5;TOT-none-none;instance_30_10_4_13;lex-overtime;lexicographic;overtime-priority;-;;;;;;totalizer;none;none;UNSATISFIABLE;0.030414947;300.0;0;1;0;0;0;;;;;;;;
5;TOT-none-none;instance_30_10_4_14;lex-overtime;lexicographic;overtime-priority;-;;;;;;totalizer;none;none;UNSATISFIABLE;0.033960811;300.0;0;1;0;0;0;;;;;;;;
5;TOT-none-none;instance_30_10_4_15;lex-overtime;lexicographic;overtime-priority;-;;;;;;totalizer;none;none;UNSATISFIABLE;0.023100635;300.0;0;1;0;0;0;;;;;;;;
5;TOT-none-none;instance_30_10_4_16;lex-overtime;lexicographic;overtime-priority;-;;;;;;totalizer;none;none;OPTIMUM;63.72887186;300.0;63.525487684;3;74616;204308;902;427.0;427.0;427.0;0.0;0.0;120.0;overtime | continuity | similarity;0 | 0 | 427
5;TOT-none-none;instance_30_10_4_17;lex-overtime;lexicographic;overtime-priority;-;;;;;;totalizer;none;none;OPTIMUM;42.6794375;300.0;42.517912819;3;64831;160134;847;400.0;400.0;400.0;0.0;0.0;120.0;overtime | continuity | similarity;0 | 0 | 400
5;TOT-none-none;instance_30_10_4_18;lex-overtime;lexicographic;overtime-priority;-;;;;;;totalizer;none;none;OPTIMUM;28.19288842;300.0;28.026232416;3;67051;172059;858;397.0;397.0;397.0;0.0;0.0;120.0;overtime | continuity | similarity;0 | 0 | 397
5;TOT-none-none;instance_30_10_4_19;lex-overtime;lexicographic;overtime-priority;-;;;;;;totalizer;none;none;UNSATISFIABLE;0.042517562;300.0;0;1;0;0;0;;;;;;;;
5;TOT-none-none;instance_30_10_4_2;lex-overtime;lexicographic;overtime-priority;-;;;;;;totalizer;none;none;UNSATISFIABLE;0.040017571;300.0;0;1;0;0;0;;;;;;;;
5;TOT-none-none;instance_30_10_4_20;lex-overtime;lexicographic;overtime-priority;-;;;;;;totalizer;none;none;UNSATISFIABLE;0.035999556;300.0;0;1;0;0;0;;;;;;;;
5;TOT-none-none;instance_30_10_4_21;lex-overtime;lexicographic;overtime-priority;-;;;;;;totalizer;none;none;UNSATISFIABLE;0.043893929;300.0;0;1;0;0;0;;;;;;;;
5;TOT-none-none;instance_30_10_4_22;lex-overtime;lexicographic;overtime-priority;-;;;;;;totalizer;none;none;UNSATISFIABLE;0.036733539;300.0;0;1;0;0;0;;;;;;;;
5;TOT-none-none;instance_30_10_4_23;lex-overtime;lexicographic;overtime-priority;-;;;;;;totalizer;none;none;OPTIMUM;42.33035826;300.0;42.138093929;3;72678;196331;891;378.0;378.0;378.0;0.0;0.0;120.0;overtime | continuity | similarity;0 | 0 | 378
5;TOT-none-none;instance_30_10_4_24;lex-overtime;lexicographic;overtime-priority;-;;;;;;totalizer;none;none;OPTIMUM;58.10277839;300.0;57.932299297;3;66122;169793;847;384.0;384.0;385.0;1.0;0.0;120.0;overtime | continuity | similarity;0 | 1 | 385
5;TOT-none-none;instance_30_10_4_25;lex-overtime;lexicographic;overtime-priority;-;;;;;;totalizer;none;none;OPTIMUM;53.56480496;300.0;53.381595131999994;3;53730;167472;748;443.0;443.0;443.0;0.0;0.0;120.0;overtime | continuity | similarity;0 | 0 | 443
5;TOT-none-none;instance_30_10_4_26;lex-overtime;lexicographic;overtime-priority;-;;;;;;totalizer;none;none;UNSATISFIABLE;0.045833376;300.0;0;1;0;0;0;;;;;;;;
5;TOT-none-none;instance_30_10_4_27;lex-overtime;lexicographic;overtime-priority;-;;;;;;totalizer;none;none;OPTIMUM;42.43445575;300.0;42.260658719999995;3;71214;175855;869;360.0;360.0;364.0;4.0;0.0;120.0;overtime | continuity | similarity;0 | 4 | 364
5;TOT-none-none;instance_30_10_4_28;lex-overtime;lexicographic;overtime-priority;-;;;;;;totalizer;none;none;UNSATISFIABLE;0.024447331;300.0;0;1;0;0;0;;;;;;;;
5;TOT-none-none;instance_30_10_4_29;lex-overtime;lexicographic;overtime-priority;-;;;;;;totalizer;none;none;UNSATISFIABLE;0.035406586;300.0;0;1;0;0;0;;;;;;;;
5;TOT-none-none;instance_30_10_4_3;lex-overtime;lexicographic;overtime-priority;-;;;;;;totalizer;none;none;UNSATISFIABLE;0.035320453;300.0;0;1;0;0;0;;;;;;;;
5;TOT-none-none;instance_30_10_4_30;lex-overtime;lexicographic;overtime-priority;-;;;;;;totalizer;none;none;OPTIMUM;43.50810566;300.0;43.317430951000006;3;65623;184692;836;358.0;358.0;359.0;1.0;0.0;120.0;overtime | continuity | similarity;0 | 1 | 359
5;TOT-none-none;instance_30_10_4_31;lex-overtime;lexicographic;overtime-priority;-;;;;;;totalizer;none;none;OPTIMUM;48.63469203;300.0;48.459450759999996;3;63431;168483;803;369.0;369.0;375.0;6.0;0.0;120.0;overtime | continuity | similarity;0 | 6 | 375
5;TOT-none-none;instance_30_10_4_32;lex-overtime;lexicographic;overtime-priority;-;;;;;;totalizer;none;none;OPTIMUM;57.52683829;300.0;57.335411333;3;72511;194816;891;419.0;419.0;419.0;0.0;0.0;120.0;overtime | continuity | similarity;0 | 0 | 419
5;TOT-none-none;instance_30_10_4_33;lex-overtime;lexicographic;overtime-priority;-;;;;;;totalizer;none;none;OPTIMUM;67.95730895;300.0;67.78653210300001;3;61660;174677;814;433.0;433.0;433.0;0.0;0.0;120.0;overtime | continuity | similarity;0 | 0 | 433
5;TOT-none-none;instance_30_10_4_34;lex-overtime;lexicographic;overtime-priority;-;;;;;;totalizer;none;none;UNSATISFIABLE;0.03996088;300.0;0;1;0;0;0;;;;;;;;
5;TOT-none-none;instance_30_10_4_35;lex-overtime;lexicographic;overtime-priority;-;;;;;;totalizer;none;none;UNSATISFIABLE;0.032932291;300.0;0;1;0;0;0;;;;;;;;
5;TOT-none-none;instance_30_10_4_36;lex-overtime;lexicographic;overtime-priority;-;;;;;;totalizer;none;none;OPTIMUM;52.05036976;300.0;51.851702004;3;60914;184764;803;385.0;385.0;385.0;0.0;0.0;120.0;overtime | continuity | similarity;0 | 0 | 385
5;TOT-none-none;instance_30_10_4_37;lex-overtime;lexicographic;overtime-priority;-;;;;;;totalizer;none;none;OPTIMUM;66.87525981;300.0;66.686397971;3;64839;183289;836;432.0;432.0;432.0;0.0;0.0;120.0;overtime | continuity | similarity;0 | 0 | 432
5;TOT-none-none;instance_30_10_4_38;lex-overtime;lexicographic;overtime-priority;-;;;;;;totalizer;none;none;UNSATISFIABLE;0.03808444;300.0;0;1;0;0;0;;;;;;;;
5;TOT-none-none;instance_30_10_4_39;lex-overtime;lexicographic;overtime-priority;-;;;;;;totalizer;none;none;UNSATISFIABLE;0.03516098;300.0;0;1;0;0;0;;;;;;;;
5;TOT-none-none;instance_30_10_4_4;lex-overtime;lexicographic;overtime-priority;-;;;;;;totalizer;none;none;OPTIMUM;66.40979168;300.0;66.237352336;3;69115;186003;869;426.0;426.0;426.0;0.0;0.0;120.0;overtime | continuity | similarity;0 | 0 | 426
5;TOT-none-none;instance_30_10_4_40;lex-overtime;lexicographic;overtime-priority;-;;;;;;totalizer;none;none;UNSATISFIABLE;0.036291346;300.0;0;1;0;0;0;;;;;;;;
5;TOT-none-none;instance_30_10_4_41;lex-overtime;lexicographic;overtime-priority;-;;;;;;totalizer;none;none;OPTIMUM;17.81637652;300.0;17.66924603;3;64153;151008;836;338.0;338.0;340.0;2.0;0.0;120.0;overtime | continuity | similarity;0 | 2 | 340
5;TOT-none-none;instance_30_10_4_42;lex-overtime;lexicographic;overtime-priority;-;;;;;;totalizer;none;none;UNSATISFIABLE;0.048655499;300.0;0;1;0;0;0;;;;;;;;
5;TOT-none-none;instance_30_10_4_43;lex-overtime;lexicographic;overtime-priority;-;;;;;;totalizer;none;none;OPTIMUM;56.58435824;300.0;56.399738133;3;59526;172365;792;403.0;403.0;404.0;1.0;0.0;120.0;overtime | continuity | similarity;0 | 1 | 404
5;TOT-none-none;instance_30_10_4_44;lex-overtime;lexicographic;overtime-priority;-;;;;;;totalizer;none;none;UNSATISFIABLE;0.055856483;300.0;0;1;0;0;0;;;;;;;;
5;TOT-none-none;instance_30_10_4_45;lex-overtime;lexicographic;overtime-priority;-;;;;;;totalizer;none;none;OPTIMUM;32.37895004;300.0;32.207135832;3;64001;169067;836;357.0;357.0;357.0;0.0;0.0;120.0;overtime | continuity | similarity;0 | 0 | 357
5;TOT-none-none;instance_30_10_4_46;lex-overtime;lexicographic;overtime-priority;-;;;;;;totalizer;none;none;UNSATISFIABLE;0.026926695;300.0;0;1;0;0;0;;;;;;;;
5;TOT-none-none;instance_30_10_4_47;lex-overtime;lexicographic;overtime-priority;-;;;;;;totalizer;none;none;OPTIMUM;41.74763714;300.0;41.574763042;3;74714;180879;913;387.0;387.0;387.0;0.0;0.0;120.0;overtime | continuity | similarity;0 | 0 | 387
5;TOT-none-none;instance_30_10_4_48;lex-overtime;lexicographic;overtime-priority;-;;;;;;totalizer;none;none;OPTIMUM;3.552019049;300.0;3.3934157949999997;3;70789;165804;891;373.0;373.0;373.0;0.0;0.0;120.0;overtime | continuity | similarity;0 | 0 | 373
5;TOT-none-none;instance_30_10_4_49;lex-overtime;lexicographic;overtime-priority;-;;;;;;totalizer;none;none;UNSATISFIABLE;0.045981624;300.0;0;1;0;0;0;;;;;;;;
5;TOT-none-none;instance_30_10_4_5;lex-overtime;lexicographic;overtime-priority;-;;;;;;totalizer;none;none;OPTIMUM;42.40210929;300.0;42.216673443;3;72676;186106;891;414.0;414.0;415.0;1.0;0.0;120.0;overtime | continuity | similarity;0 | 1 | 415
5;TOT-none-none;instance_30_10_4_50;lex-overtime;lexicographic;overtime-priority;-;;;;;;totalizer;none;none;UNSATISFIABLE;0.038631681;300.0;0;1;0;0;0;;;;;;;;
5;TOT-none-none;instance_30_10_4_6;lex-overtime;lexicographic;overtime-priority;-;;;;;;totalizer;none;none;OPTIMUM;66.07783929;300.0;65.896155069;3;67740;188645;858;384.0;384.0;384.0;0.0;0.0;120.0;overtime | continuity | similarity;0 | 0 | 384
5;TOT-none-none;instance_30_10_4_7;lex-overtime;lexicographic;overtime-priority;-;;;;;;totalizer;none;none;UNSATISFIABLE;0.037651386;300.0;0;1;0;0;0;;;;;;;;
5;TOT-none-none;instance_30_10_4_8;lex-overtime;lexicographic;overtime-priority;-;;;;;;totalizer;none;none;OPTIMUM;51.40329489;300.0;51.233274857;3;60419;165838;803;398.0;398.0;399.0;1.0;0.0;120.0;overtime | continuity | similarity;0 | 1 | 399
5;TOT-none-none;instance_30_10_4_9;lex-overtime;lexicographic;overtime-priority;-;;;;;;totalizer;none;none;UNSATISFIABLE;0.036357549;300.0;0;1;0;0;0;;;;;;;;
5;TOT-none-none;instance_30_10_5_1;lex-overtime;lexicographic;overtime-priority;-;;;;;;totalizer;none;none;OPTIMUM;75.84609539;300.0;75.631502497;3;88513;227572;990;486.0;486.0;486.0;0.0;0.0;150.0;overtime | continuity | similarity;0 | 0 | 486
5;TOT-none-none;instance_30_10_5_10;lex-overtime;lexicographic;overtime-priority;-;;;;;;totalizer;none;none;OPTIMUM;53.52268998;300.0;53.278909373;3;99006;256995;1045;477.0;477.0;478.0;1.0;0.0;150.0;overtime | continuity | similarity;0 | 1 | 478
5;TOT-none-none;instance_30_10_5_11;lex-overtime;lexicographic;overtime-priority;-;;;;;;totalizer;none;none;UNSATISFIABLE;0.038738167;300.0;0;1;0;0;0;;;;;;;;
5;TOT-none-none;instance_30_10_5_12;lex-overtime;lexicographic;overtime-priority;-;;;;;;totalizer;none;none;UNSATISFIABLE;0.04893796;300.0;0;1;0;0;0;;;;;;;;
5;TOT-none-none;instance_30_10_5_13;lex-overtime;lexicographic;overtime-priority;-;;;;;;totalizer;none;none;UNSATISFIABLE;0.062877213;300.0;0;1;0;0;0;;;;;;;;
5;TOT-none-none;instance_30_10_5_14;lex-overtime;lexicographic;overtime-priority;-;;;;;;totalizer;none;none;UNSATISFIABLE;0.092143057;300.0;0;1;0;0;0;;;;;;;;
5;TOT-none-none;instance_30_10_5_15;lex-overtime;lexicographic;overtime-priority;-;;;;;;totalizer;none;none;UNSATISFIABLE;0.071737458;300.0;0;1;0;0;0;;;;;;;;
5;TOT-none-none;instance_30_10_5_16;lex-overtime;lexicographic;overtime-priority;-;;;;;;totalizer;none;none;OPTIMUM;57.80092756;300.0;57.563013956;3;69905;226210;858;473.0;473.0;473.0;0.0;0.0;150.0;overtime | continuity | similarity;0 | 0 | 473
5;TOT-none-none;instance_30_10_5_17;lex-overtime;lexicographic;overtime-priority;-;;;;;;totalizer;none;none;OPTIMUM;48.38236633;300.0;48.171180392000004;3;84615;218905;968;414.0;414.0;414.0;0.0;0.0;150.0;overtime | continuity | similarity;0 | 0 | 414
5;TOT-none-none;instance_30_10_5_18;lex-overtime;lexicographic;overtime-priority;-;;;;;;totalizer;none;none;OPTIMUM;67.39241426;300.0;67.13666280700001;3;84865;253901;946;516.0;516.0;518.0;2.0;0.0;150.0;overtime | continuity | similarity;0 | 2 | 518
5;TOT-none-none;instance_30_10_5_19;lex-overtime;lexicographic;overtime-priority;-;;;;;;totalizer;none;none;UNSATISFIABLE;0.037484751;300.0;0;1;0;0;0;;;;;;;;
5;TOT-none-none;instance_30_10_5_2;lex-overtime;lexicographic;overtime-priority;-;;;;;;totalizer;none;none;UNSATISFIABLE;0.05755127;300.0;0;1;0;0;0;;;;;;;;
5;TOT-none-none;instance_30_10_5_20;lex-overtime;lexicographic;overtime-priority;-;;;;;;totalizer;none;none;UNSATISFIABLE;0.060034966;300.0;0;1;0;0;0;;;;;;;;
5;TOT-none-none;instance_30_10_5_21;lex-overtime;lexicographic;overtime-priority;-;;;;;;totalizer;none;none;UNSATISFIABLE;0.042145587;300.0;0;1;0;0;0;;;;;;;;
5;TOT-none-none;instance_30_10_5_22;lex-overtime;lexicographic;overtime-priority;-;;;;;;totalizer;none;none;OPTIMUM;55.22099356;300.0;54.96623555000001;3;93239;257513;1001;495.0;495.0;497.0;2.0;0.0;150.0;overtime | continuity | similarity;0 | 2 | 497
5;TOT-none-none;instance_30_10_5_23;lex-overtime;lexicographic;overtime-priority;-;;;;;;totalizer;none;none;UNSATISFIABLE;0.038311991;300.0;0;1;0;0;0;;;;;;;;
5;TOT-none-none;instance_30_10_5_24;lex-overtime;lexicographic;overtime-priority;-;;;;;;totalizer;none;none;UNSATISFIABLE;0.048450985;300.0;0;1;0;0;0;;;;;;;;
5;TOT-none-none;instance_30_10_5_25;lex-overtime;lexicographic;overtime-priority;-;;;;;;totalizer;none;none;UNSATISFIABLE;0.067910052;300.0;0;1;0;0;0;;;;;;;;
5;TOT-none-none;instance_30_10_5_26;lex-overtime;lexicographic;overtime-priority;-;;;;;;totalizer;none;none;UNSATISFIABLE;0.033037618;300.0;0;1;0;0;0;;;;;;;;
5;TOT-none-none;instance_30_10_5_27;lex-overtime;lexicographic;overtime-priority;-;;;;;;totalizer;none;none;UNSATISFIABLE;0.048226102;300.0;0;1;0;0;0;;;;;;;;
5;TOT-none-none;instance_30_10_5_28;lex-overtime;lexicographic;overtime-priority;-;;;;;;totalizer;none;none;UNSATISFIABLE;0.03749112;300.0;0;1;0;0;0;;;;;;;;
5;TOT-none-none;instance_30_10_5_29;lex-overtime;lexicographic;overtime-priority;-;;;;;;totalizer;none;none;UNSATISFIABLE;0.036904603;300.0;0;1;0;0;0;;;;;;;;
5;TOT-none-none;instance_30_10_5_3;lex-overtime;lexicographic;overtime-priority;-;;;;;;totalizer;none;none;OPTIMUM;53.49601199;300.0;53.253844804;3;77582;237989;902;470.0;470.0;472.0;2.0;0.0;150.0;overtime | continuity | similarity;0 | 2 | 472
5;TOT-none-none;instance_30_10_5_30;lex-overtime;lexicographic;overtime-priority;-;;;;;;totalizer;none;none;UNSATISFIABLE;0.039784172;300.0;0;1;0;0;0;;;;;;;;
5;TOT-none-none;instance_30_10_5_31;lex-overtime;lexicographic;overtime-priority;-;;;;;;totalizer;none;none;OPTIMUM;47.63382928;300.0;47.417461506;3;81000;212374;946;506.0;506.0;506.0;0.0;0.0;150.0;overtime | continuity | similarity;0 | 0 | 506
5;TOT-none-none;instance_30_10_5_32;lex-overtime;lexicographic;overtime-priority;-;;;;;;totalizer;none;none;OPTIMUM;89.01123406;300.0;88.755755744;3;93645;260296;1012;543.0;543.0;543.0;0.0;0.0;150.0;overtime | continuity | similarity;0 | 0 | 543
5;TOT-none-none;instance_30_10_5_33;lex-overtime;lexicographic;overtime-priority;-;;;;;;totalizer;none;none;OPTIMUM;77.6508294;300.0;77.31518041700001;3;86322;287012;957;552.0;552.0;552.0;0.0;0.0;150.0;overtime | continuity | similarity;0 | 0 | 552
5;TOT-none-none;instance_30_10_5_34;lex-overtime;lexicographic;overtime-priority;-;;;;;;totalizer;none;none;OPTIMUM;55.68085955;300.0;55.39283641;3;99630;269167;1034;446.0;446.0;449.0;3.0;0.0;150.0;overtime | continuity | similarity;0 | 3 | 449
5;TOT-none-none;instance_30_10_5_35;lex-overtime;lexicographic;overtime-priority;-;;;;;;totalizer;none;none;OPTIMUM;53.25803796;300.0;53.004546015;3;96540;252083;1034;492.0;492.0;492.0;0.0;0.0;150.0;overtime | continuity | similarity;0 | 0 | 492
5;TOT-none-none;instance_30_10_5_36;lex-overtime;lexicographic;overtime-priority;-;;;;;;totalizer;none;none;OPTIMUM;60.09452555;300.0;59.794646755;3;92053;272987;979;485.0;485.0;489.0;4.0;0.0;150.0;overtime | continuity | similarity;0 | 4 | 489
5;TOT-none-none;instance_30_10_5_37;lex-overtime;lexicographic;overtime-priority;-;;;;;;totalizer;none;none;OPTIMUM;22.70217289;300.0;22.501012725999995;3;88942;210365;1001;494.0;494.0;494.0;0.0;0.0;150.0;overtime | continuity | similarity;0 | 0 | 494
5;TOT-none-none;instance_30_10_5_38;lex-overtime;lexicographic;overtime-priority;-;;;;;;totalizer;none;none;OPTIMUM;74.22565879;300.0;73.937809586;3;100374;263614;1056;518.0;518.0;518.0;0.0;0.0;150.0;overtime | continuity | similarity;0 | 0 | 518
5;TOT-none-none;instance_30_10_5_39;lex-overtime;lexicographic;overtime-priority;-;;;;;;totalizer;none;none;OPTIMUM;59.03451141;300.0;58.755799099;3;101276;265782;1056;520.0;520.0;521.0;1.0;0.0;150.0;overtime | continuity | similarity;0 | 1 | 521
5;TOT-none-none;instance_30_10_5_4;lex-overtime;lexicographic;overtime-priority;-;;;;;;totalizer;none;none;UNSATISFIABLE;0.035724361;300.0;0;1;0;0;0;;;;;;;;
5;TOT-none-none;instance_30_10_5_40;lex-overtime;lexicographic;overtime-priority;-;;;;;;totalizer;none;none;UNSATISFIABLE;0.040646811;300.0;0;1;0;0;0;;;;;;;;
5;TOT-none-none;instance_30_10_5_41;lex-overtime;lexicographic;overtime-priority;-;;;;;;totalizer;none;none;UNSATISFIABLE;0.065024769;300.0;0;1;0;0;0;;;;;;;;
5;TOT-none-none;instance_30_10_5_42;lex-overtime;lexicographic;overtime-priority;-;;;;;;totalizer;none;none;OPTIMUM;72.37349174;300.0;72.125966042;3;92584;259845;1001;474.0;474.0;475.0;1.0;0.0;150.0;overtime | continuity | similarity;0 | 1 | 475
5;TOT-none-none;instance_30_10_5_43;lex-overtime;lexicographic;overtime-priority;-;;;;;;totalizer;none;none;UNSATISFIABLE;0.038570081;300.0;0;1;0;0;0;;;;;;;;
5;TOT-none-none;instance_30_10_5_44;lex-overtime;lexicographic;overtime-priority;-;;;;;;totalizer;none;none;UNSATISFIABLE;0.082709579;300.0;0;1;0;0;0;;;;;;;;
5;TOT-none-none;instance_30_10_5_45;lex-overtime;lexicographic;overtime-priority;-;;;;;;totalizer;none;none;UNSATISFIABLE;0.03997477;300.0;0;1;0;0;0;;;;;;;;
5;TOT-none-none;instance_30_10_5_46;lex-overtime;lexicographic;overtime-priority;-;;;;;;totalizer;none;none;UNSATISFIABLE;0.032929707;300.0;0;1;0;0;0;;;;;;;;
5;TOT-none-none;instance_30_10_5_47;lex-overtime;lexicographic;overtime-priority;-;;;;;;totalizer;none;none;UNSATISFIABLE;0.031993593;300.0;0;1;0;0;0;;;;;;;;
5;TOT-none-none;instance_30_10_5_48;lex-overtime;lexicographic;overtime-priority;-;;;;;;totalizer;none;none;OPTIMUM;62.55018393;300.0;62.322310526;3;94548;238558;1023;472.0;472.0;473.0;1.0;0.0;150.0;overtime | continuity | similarity;0 | 1 | 473
5;TOT-none-none;instance_30_10_5_49;lex-overtime;lexicographic;overtime-priority;-;;;;;;totalizer;none;none;TIMEOUT;300.1258107;300.0;266.436034055;3;6081;61021;924;;;;;;;overtime | continuity;0 | 3
5;TOT-none-none;instance_30_10_5_5;lex-overtime;lexicographic;overtime-priority;-;;;;;;totalizer;none;none;UNSATISFIABLE;0.050285689;300.0;0;1;0;0;0;;;;;;;;
5;TOT-none-none;instance_30_10_5_50;lex-overtime;lexicographic;overtime-priority;-;;;;;;totalizer;none;none;UNSATISFIABLE;0.061777877;300.0;0;1;0;0;0;;;;;;;;
5;TOT-none-none;instance_30_10_5_6;lex-overtime;lexicographic;overtime-priority;-;;;;;;totalizer;none;none;UNSATISFIABLE;0.036674288;300.0;0;1;0;0;0;;;;;;;;
5;TOT-none-none;instance_30_10_5_7;lex-overtime;lexicographic;overtime-priority;-;;;;;;totalizer;none;none;UNSATISFIABLE;0.045296078;300.0;0;1;0;0;0;;;;;;;;
5;TOT-none-none;instance_30_10_5_8;lex-overtime;lexicographic;overtime-priority;-;;;;;;totalizer;none;none;OPTIMUM;80.30227204;300.0;80.06611016400001;3;85426;234521;968;535.0;535.0;535.0;0.0;0.0;150.0;overtime | continuity | similarity;0 | 0 | 535
5;TOT-none-none;instance_30_10_5_9;lex-overtime;lexicographic;overtime-priority;-;;;;;;totalizer;none;none;OPTIMUM;49.19024073;300.0;48.992447821999995;3;73005;195170;880;470.0;470.0;473.0;3.0;0.0;150.0;overtime | continuity | similarity;0 | 3 | 473
5;TOT-none-none;instance_30_15_4_1;lex-overtime;lexicographic;overtime-priority;-;;;;;;totalizer;none;none;OPTIMUM;80.04969427;300.0;79.734281565;3;103978;287814;1264;438.0;438.0;438.0;0.0;0.0;120.0;overtime | continuity | similarity;0 | 0 | 438
5;TOT-none-none;instance_30_15_4_10;lex-overtime;lexicographic;overtime-priority;-;;;;;;totalizer;none;none;OPTIMUM;69.88487044;300.0;69.58843565299999;3;105385;272705;1280;410.0;410.0;410.0;0.0;0.0;120.0;overtime | continuity | similarity;0 | 0 | 410
5;TOT-none-none;instance_30_15_4_11;lex-overtime;lexicographic;overtime-priority;-;;;;;;totalizer;none;none;OPTIMUM;68.73433726;300.0;68.503236121;3;83729;219568;1136;406.0;406.0;406.0;0.0;0.0;120.0;overtime | continuity | similarity;0 | 0 | 406
5;TOT-none-none;instance_30_15_4_12;lex-overtime;lexicographic;overtime-priority;-;;;;;;totalizer;none;none;OPTIMUM;68.93030824;300.0;68.678791469;3;95521;250746;1216;439.0;439.0;439.0;0.0;0.0;120.0;overtime | continuity | similarity;0 | 0 | 439
5;TOT-none-none;instance_30_15_4_13;lex-overtime;lexicographic;overtime-priority;-;;;;;;totalizer;none;none;OPTIMUM;53.91994272;300.0;53.714062008000006;3;85846;212726;1136;383.0;383.0;386.0;3.0;0.0;120.0;overtime | continuity | similarity;0 | 3 | 386
5;TOT-none-none;instance_30_15_4_14;lex-overtime;lexicographic;overtime-priority;-;;;;;;totalizer;none;none;OPTIMUM;72.33460407;300.0;72.045721987;3;102666;268274;1264;389.0;389.0;389.0;0.0;0.0;120.0;overtime | continuity | similarity;0 | 0 | 389
5;TOT-none-none;instance_30_15_4_15;lex-overtime;lexicographic;overtime-priority;-;;;;;;totalizer;none;none;OPTIMUM;75.75210124;300.0;75.447047161;3;98971;275598;1232;446.0;446.0;446.0;0.0;0.0;120.0;overtime | continuity | similarity;0 | 0 | 446
5;TOT-none-none;instance_30_15_4_16;lex-overtime;lexicographic;overtime-priority;-;;;;;;totalizer;none;none;OPTIMUM;51.05808819;300.0;50.831245541;3;101214;241350;1264;398.0;398.0;398.0;0.0;0.0;120.0;overtime | continuity | similarity;0 | 0 | 398
5;TOT-none-none;instance_30_15_4_17;lex-overtime;lexicographic;overtime-priority;-;;;;;;totalizer;none;none;OPTIMUM;74.18460544;300.0;73.89772811399999;3;102879;268898;1264;417.0;417.0;417.0;0.0;0.0;120.0;overtime | continuity | similarity;0 | 0 | 417
5;TOT-none-none;instance_30_15_4_18;lex-overtime;lexicographic;overtime-priority;-;;;;;;totalizer;none;none;OPTIMUM;74.23660387;300.0;73.90227784199999;3;102287;302190;1248;448.0;448.0;448.0;0.0;0.0;120.0;overtime | continuity | similarity;0 | 0 | 448
5;TOT-none-none;instance_30_15_4_19;lex-overtime;lexicographic;overtime-priority;-;;;;;;totalizer;none;none;OPTIMUM;65.41206751;300.0;65.187654266;3;89046;229437;1168;391.0;391.0;392.0;1.0;0.0;120.0;overtime | continuity | similarity;0 | 1 | 392
5;TOT-none-none;instance_30_15_4_2;lex-overtime;lexicographic;overtime-priority;-;;;;;;totalizer;none;none;OPTIMUM;63.86651869;300.0;63.639939927;3;110218;250502;1328;369.0;369.0;369.0;0.0;0.0;120.0;overtime | continuity | similarity;0 | 0 | 369
5;TOT-none-none;instance_30_15_4_20;lex-overtime;lexicographic;overtime-priority;-;;;;;;totalizer;none;none;OPTIMUM;69.85399346;300.0;69.58317075099998;3;113700;266336;1344;420.0;420.0;420.0;0.0;0.0;120.0;overtime | continuity | similarity;0 | 0 | 420
5;TOT-none-none;instance_30_15_4_21;lex-overtime;lexicographic;overtime-priority;-;;;;;;totalizer;none;none;UNSATISFIABLE;0.054314447;300.0;0;1;0;0;0;;;;;;;;
5;TOT-none-none;instance_30_15_4_22;lex-overtime;lexicographic;overtime-priority;-;;;;;;totalizer;none;none;OPTIMUM;72.24554054;300.0;72.02062377300001;3;94840;241085;1216;413.0;413.0;413.0;0.0;0.0;120.0;overtime | continuity | similarity;0 | 0 | 413
5;TOT-none-none;instance_30_15_4_23;lex-overtime;lexicographic;overtime-priority;-;;;;;;totalizer;none;none;OPTIMUM;71.85512791;300.0;71.547509233;3;96926;275598;1216;427.0;427.0;427.0;0.0;0.0;120.0;overtime | continuity | similarity;0 | 0 | 427
5;TOT-none-none;instance_30_15_4_24;lex-overtime;lexicographic;overtime-priority;-;;;;;;totalizer;none;none;OPTIMUM;82.83029812;300.0;82.508363349;3;110778;296172;1312;444.0;444.0;444.0;0.0;0.0;120.0;overtime | continuity | similarity;0 | 0 | 444
5;TOT-none-none;instance_30_15_4_25;lex-overtime;lexicographic;overtime-priority;-;;;;;;totalizer;none;none;OPTIMUM;52.59017427;300.0;52.304289340000004;3;104761;264140;1280;402.0;402.0;402.0;0.0;0.0;120.0;overtime | continuity | similarity;0 | 0 | 402
5;TOT-none-none;instance_30_15_4_26;lex-overtime;lexicographic;overtime-priority;-;;;;;;totalizer;none;none;OPTIMUM;77.24174911;300.0;76.98145321499999;3;98398;260859;1232;436.0;436.0;436.0;0.0;0.0;120.0;overtime | continuity | similarity;0 | 0 | 436
5;TOT-none-none;instance_30_15_4_27;lex-overtime;lexicographic;overtime-priority;-;;;;;;totalizer;none;none;OPTIMUM;70.4825164;300.0;70.227708606;3;100056;259244;1248;407.0;407.0;407.0;0.0;0.0;120.0;overtime | continuity | similarity;0 | 0 | 407
5;TOT-none-none;instance_30_15_4_28;lex-overtime;lexicographic;overtime-priority;-;;;;;;totalizer;none;none;OPTIMUM;67.13293386;300.0;66.878986145;3;95757;259326;1216;410.0;410.0;410.0;0.0;0.0;120.0;overtime | continuity | similarity;0 | 0 | 410
5;TOT-none-none;instance_30_15_4_29;lex-overtime;lexicographic;overtime-priority;-;;;;;;totalizer;none;none;OPTIMUM;40.12997945;300.0;39.92133718;3;93555;221475;1216;399.0;399.0;399.0;0.0;0.0;120.0;overtime | continuity | similarity;0 | 0 | 399
5;TOT-none-none;instance_30_15_4_3;lex-overtime;lexicographic;overtime-priority;-;;;;;;totalizer;none;none;OPTIMUM;69.81649315;300.0;69.50018829499999;3;105833;290634;1280;431.0;431.0;431.0;0.0;0.0;120.0;overtime | continuity | similarity;0 | 0 | 431
5;TOT-none-none;instance_30_15_4_30;lex-overtime;lexicographic;overtime-priority;-;;;;;;totalizer;none;none;OPTIMUM;72.44718721;300.0;72.15251656000001;3;103466;282731;1264;435.0;435.0;435.0;0.0;0.0;120.0;overtime | continuity | similarity;0 | 0 | 435
5;TOT-none-none;instance_30_15_4_31;lex-overtime;lexicographic;overtime-priority;-;;;;;;totalizer;none;none;OPTIMUM;73.91845121;300.0;73.623835067;3;98974;275000;1232;407.0;407.0;407.0;0.0;0.0;120.0;overtime | continuity | similarity;0 | 0 | 407
5;TOT-none-none;instance_30_15_4_32;lex-overtime;lexicographic;overtime-priority;-;;;;;;totalizer;none;none;OPTIMUM;63.31411487;300.0;63.028514164;3;100253;267313;1248;382.0;382.0;382.0;0.0;0.0;120.0;overtime | continuity | similarity;0 | 0 | 382
5;TOT-none-none;instance_30_15_4_33;lex-overtime;lexicographic;overtime-priority;-;;;;;;totalizer;none;none;OPTIMUM;78.97493784;300.0;78.669168608;3;105839;283716;1280;429.0;429.0;429.0;0.0;0.0;120.0;overtime | continuity | similarity;0 | 0 | 429
5;TOT-none-none;instance_30_15_4_34;lex-overtime;lexicographic;overtime-priority;-;;;;;;totalizer;none;none;OPTIMUM;68.56815518;300.0;68.273637913;3;103186;279718;1264;396.0;396.0;396.0;0.0;0.0;120.0;overtime | continuity | similarity;0 | 0 | 396
5;TOT-none-none;instance_30_15_4_35;lex-overtime;lexicographic;overtime-priority;-;;;;;;totalizer;none;none;UNSATISFIABLE;0.067732032;300.0;0;1;0;0;0;;;;;;;;
5;TOT-none-none;instance_30_15_4_36;lex-overtime;lexicographic;overtime-priority;-;;;;;;totalizer;none;none;OPTIMUM;57.39320884;300.0;57.154102943;3;86912;239812;1152;427.0;427.0;427.0;0.0;0.0;120.0;overtime | continuity | similarity;0 | 0 | 427
5;TOT-none-none;instance_30_15_4_37;lex-overtime;lexicographic;overtime-priority;-;;;;;;totalizer;none;none;OPTIMUM;62.0430854;300.0;61.751425397999995;3;109785;277289;1312;420.0;420.0;420.0;0.0;0.0;120.0;overtime | continuity | similarity;0 | 0 | 420
5;TOT-none-none;instance_30_15_4_38;lex-overtime;lexicographic;overtime-priority;-;;;;;;totalizer;none;none;OPTIMUM;64.12541617;300.0;63.878538950999996;3;95079;246092;1216;402.0;402.0;402.0;0.0;0.0;120.0;overtime | continuity | similarity;0 | 0 | 402
5;TOT-none-none;instance_30_15_4_39;lex-overtime;lexicographic;overtime-priority;-;;;;;;totalizer;none;none;OPTIMUM;71.22191747;300.0;70.931579005;3;96487;267438;1216;437.0;437.0;437.0;0.0;0.0;120.0;overtime | continuity | similarity;0 | 0 | 437
5;TOT-none-none;instance_30_15_4_4;lex-overtime;lexicographic;overtime-priority;-;;;;;;totalizer;none;none;OPTIMUM;90.15540001;300.0;89.84576236699999;3;108926;302487;1296;450.0;450.0;450.0;0.0;0.0;120.0;overtime | continuity | similarity;0 | 0 | 450
5;TOT-none-none;instance_30_15_4_40;lex-overtime;lexicographic;overtime-priority;-;;;;;;totalizer;none;none;OPTIMUM;67.49164753;300.0;67.244355533;3;86543;239369;1152;450.0;450.0;450.0;0.0;0.0;120.0;overtime | continuity | similarity;0 | 0 | 450
5;TOT-none-none;instance_30_15_4_41;lex-overtime;lexicographic;overtime-priority;-;;;;;;totalizer;none;none;OPTIMUM;78.85712993;300.0;78.533403446;3;102542;309917;1248;443.0;443.0;443.0;0.0;0.0;120.0;overtime | continuity | similarity;0 | 0 | 443
5;TOT-none-none;instance_30_15_4_42;lex-overtime;lexicographic;overtime-priority;-;;;;;;totalizer;none;none;OPTIMUM;76.52525909;300.0;76.20704871;3;101869;290861;1248;432.0;432.0;432.0;0.0;0.0;120.0;overtime | continuity | similarity;0 | 0 | 432
5;TOT-none-none;instance_30_15_4_43;lex-overtime;lexicographic;overtime-priority;-;;;;;;totalizer;none;none;OPTIMUM;80.85041402;300.0;80.55864305;3;98344;271387;1232;411.0;411.0;411.0;0.0;0.0;120.0;overtime | continuity | similarity;0 | 0 | 411
5;TOT-none-none;instance_30_15_4_44;lex-overtime;lexicographic;overtime-priority;-;;;;;;totalizer;none;none;UNSATISFIABLE;0.052938623;300.0;0;1;0;0;0;;;;;;;;
5;TOT-none-none;instance_30_15_4_45;lex-overtime;lexicographic;overtime-priority;-;;;;;;totalizer;none;none;OPTIMUM;70.67154358;300.0;70.359367876;3;103941;293499;1264;416.0;416.0;416.0;0.0;0.0;120.0;overtime | continuity | similarity;0 | 0 | 416
5;TOT-none-none;instance_30_15_4_46;lex-overtime;lexicographic;overtime-priority;-;;;;;;totalizer;none;none;OPTIMUM;75.16230781;300.0;74.86962577700001;3;101182;281859;1248;446.0;446.0;446.0;0.0;0.0;120.0;overtime | continuity | similarity;0 | 0 | 446
5;TOT-none-none;instance_30_15_4_47;lex-overtime;lexicographic;overtime-priority;-;;;;;;totalizer;none;none;OPTIMUM;59.42198678;300.0;59.120718219;3;115960;290667;1344;417.0;417.0;418.0;1.0;0.0;120.0;overtime | continuity | similarity;0 | 1 | 418
5;TOT-none-none;instance_30_15_4_48;lex-overtime;lexicographic;overtime-priority;-;;;;;;totalizer;none;none;OPTIMUM;64.8404313;300.0;64.58973664000001;3;91151;241972;1184;430.0;430.0;430.0;0.0;0.0;120.0;overtime | continuity | similarity;0 | 0 | 430
5;TOT-none-none;instance_30_15_4_49;lex-overtime;lexicographic;overtime-priority;-;;;;;;totalizer;none;none;OPTIMUM;74.32682268;300.0;74.06923040499998;3;93841;255890;1200;421.0;421.0;421.0;0.0;0.0;120.0;overtime | continuity | similarity;0 | 0 | 421
5;TOT-none-none;instance_30_15_4_5;lex-overtime;lexicographic;overtime-priority;-;;;;;;totalizer;none;none;OPTIMUM;62.5805438;300.0;62.346268716999994;3;87287;235275;1152;400.0;400.0;401.0;1.0;0.0;120.0;overtime | continuity | similarity;0 | 1 | 401
5;TOT-none-none;instance_30_15_4_50;lex-overtime;lexicographic;overtime-priority;-;;;;;;totalizer;none;none;OPTIMUM;63.6172091;300.0;63.39210310199999;3;92888;234818;1152;396.0;396.0;403.0;7.0;0.0;120.0;overtime | continuity | similarity;0 | 7 | 403
5;TOT-none-none;instance_30_15_4_6;lex-overtime;lexicographic;overtime-priority;-;;;;;;totalizer;none;none;OPTIMUM;77.66250309;300.0;77.433646929;3;106246;252833;1296;436.0;436.0;436.0;0.0;0.0;120.0;overtime | continuity | similarity;0 | 0 | 436
5;TOT-none-none;instance_30_15_4_7;lex-overtime;lexicographic;overtime-priority;-;;;;;;totalizer;none;none;UNSATISFIABLE;0.075111555;300.0;0;1;0;0;0;;;;;;;;
5;TOT-none-none;instance_30_15_4_8;lex-overtime;lexicographic;overtime-priority;-;;;;;;totalizer;none;none;UNSATISFIABLE;0.067899721;300.0;0;1;0;0;0;;;;;;;;
5;TOT-none-none;instance_30_15_4_9;lex-overtime;lexicographic;overtime-priority;-;;;;;;totalizer;none;none;OPTIMUM;51.32691181;300.0;51.09360233;3;89100;230919;1168;385.0;385.0;386.0;1.0;0.0;120.0;overtime | continuity | similarity;0 | 1 | 386
5;TOT-none-none;instance_30_15_5_1;lex-overtime;lexicographic;overtime-priority;-;;;;;;totalizer;none;none;OPTIMUM;82.09852558;300.0;81.669878863;3;143149;423349;1472;543.0;543.0;545.0;2.0;0.0;150.0;overtime | continuity | similarity;0 | 2 | 545
5;TOT-none-none;instance_30_15_5_10;lex-overtime;lexicographic;overtime-priority;-;;;;;;totalizer;none;none;UNSATISFIABLE;0.076629978;300.0;0;1;0;0;0;;;;;;;;
5;TOT-none-none;instance_30_15_5_11;lex-overtime;lexicographic;overtime-priority;-;;;;;;totalizer;none;none;OPTIMUM;92.14078986;300.0;91.76186088899999;3;133329;366651;1440;522.0;522.0;522.0;0.0;0.0;150.0;overtime | continuity | similarity;0 | 0 | 522
5;TOT-none-none;instance_30_15_5_12;lex-overtime;lexicographic;overtime-priority;-;;;;;;totalizer;none;none;OPTIMUM;96.55362976;300.0;96.102350023;3;136043;428823;1440;568.0;568.0;568.0;0.0;0.0;150.0;overtime | continuity | similarity;0 | 0 | 568
5;TOT-none-none;instance_30_15_5_13;lex-overtime;lexicographic;overtime-priority;-;;;;;;totalizer;none;none;OPTIMUM;81.71567415;300.0;81.309929752;3;123788;374342;1376;540.0;540.0;540.0;0.0;0.0;150.0;overtime | continuity | similarity;0 | 0 | 540
5;TOT-none-none;instance_30_15_5_14;lex-overtime;lexicographic;overtime-priority;-;;;;;;totalizer;none;none;OPTIMUM;82.45388876;300.0;82.08384013;3;128899;353759;1408;504.0;504.0;505.0;1.0;0.0;150.0;overtime | continuity | similarity;0 | 1 | 505
5;TOT-none-none;instance_30_15_5_15;lex-overtime;lexicographic;overtime-priority;-;;;;;;totalizer;none;none;OPTIMUM;77.80038093;300.0;77.39998657299999;3;124219;382348;1376;545.0;545.0;545.0;0.0;0.0;150.0;overtime | continuity | similarity;0 | 0 | 545
5;TOT-none-none;instance_30_15_5_16;lex-overtime;lexicographic;overtime-priority;-;;;;;;totalizer;none;none;OPTIMUM;71.98979712;300.0;71.623541772;3;126899;359754;1376;464.0;464.0;467.0;3.0;0.0;150.0;overtime | continuity | similarity;0 | 3 | 467
5;TOT-none-none;instance_30_15_5_17;lex-overtime;lexicographic;overtime-priority;-;;;;;;totalizer;none;none;OPTIMUM;84.06967501;300.0;83.724906537;3;129190;336793;1424;542.0;542.0;542.0;0.0;0.0;150.0;overtime | continuity | similarity;0 | 0 | 542
5;TOT-none-none;instance_30_15_5_18;lex-overtime;lexicographic;overtime-priority;-;;;;;;totalizer;none;none;OPTIMUM;86.57309123;300.0;86.22044913500001;3;127148;341914;1408;527.0;527.0;527.0;0.0;0.0;150.0;overtime | continuity | similarity;0 | 0 | 527
5;TOT-none-none;instance_30_15_5_19;lex-overtime;lexicographic;overtime-priority;-;;;;;;totalizer;none;none;OPTIMUM;94.21316584;300.0;93.793660386;3;140104;404463;1472;522.0;522.0;522.0;0.0;0.0;150.0;overtime | continuity | similarity;0 | 0 | 522
5;TOT-none-none;instance_30_15_5_2;lex-overtime;lexicographic;overtime-priority;-;;;;;;totalizer;none;none;OPTIMUM;72.79032008;300.0;72.414705321;3;103820;331483;1248;546.0;546.0;546.0;0.0;0.0;150.0;overtime | continuity | similarity;0 | 0 | 546
5;TOT-none-none;instance_30_15_5_20;lex-overtime;lexicographic;overtime-priority;-;;;;;;totalizer;none;none;UNSATISFIABLE;0.108566876;300.0;0;1;0;0;0;;;;;;;;
5;TOT-none-none;instance_30_15_5_21;lex-overtime;lexicographic;overtime-priority;-;;;;;;totalizer;none;none;OPTIMUM;100.3715533;300.0;99.997282914;3;130969;367530;1424;509.0;509.0;509.0;0.0;0.0;150.0;overtime | continuity | similarity;0 | 0 | 509
5;TOT-none-none;instance_30_15_5_22;lex-overtime;lexicographic;overtime-priority;-;;;;;;totalizer;none;none;OPTIMUM;83.1962815;300.0;82.765413359;3;137370;399464;1456;536.0;536.0;536.0;0.0;0.0;150.0;overtime | continuity | similarity;0 | 0 | 536
5;TOT-none-none;instance_30_15_5_23;lex-overtime;lexicographic;overtime-priority;-;;;;;;totalizer;none;none;OPTIMUM;97.70113437;300.0;97.288805447;3;134884;390354;1440;532.0;532.0;532.0;0.0;0.0;150.0;overtime | continuity | similarity;0 | 0 | 532
5;TOT-none-none;instance_30_15_5_24;lex-overtime;lexicographic;overtime-priority;-;;;;;;totalizer;none;none;OPTIMUM;83.03914353;300.0;82.619992871;3;122399;389575;1360;563.0;563.0;563.0;0.0;0.0;150.0;overtime | continuity | similarity;0 | 0 | 563
5;TOT-none-none;instance_30_15_5_25;lex-overtime;lexicographic;overtime-priority;-;;;;;;totalizer;none;none;OPTIMUM;79.00434856;300.0;78.642741245;3;124946;351438;1392;538.0;538.0;538.0;0.0;0.0;150.0;overtime | continuity | similarity;0 | 0 | 538
6;TOT-none-ss;instance_30_10_4_1;lex-overtime;lexicographic;overtime-priority;-;;;;;;totalizer;none;slot-service;OPTIMUM;60.71612721;300.0;60.524836422999996;3;66228;182527;847;404.0;404.0;404.0;0.0;0.0;120.0;overtime | continuity | similarity;0 | 0 | 404
6;TOT-none-ss;instance_30_10_4_10;lex-overtime;lexicographic;overtime-priority;-;;;;;;totalizer;none;slot-service;OPTIMUM;54.22312329;300.0;54.037223911000005;3;63343;173510;825;389.0;389.0;389.0;0.0;0.0;120.0;overtime | continuity | similarity;0 | 0 | 389
6;TOT-none-ss;instance_30_10_4_11;lex-overtime;lexicographic;overtime-priority;-;;;;;;totalizer;none;slot-service;OPTIMUM;41.80500878;300.0;41.612992988;3;67756;179748;858;371.0;371.0;371.0;0.0;0.0;120.0;overtime | continuity | similarity;0 | 0 | 371
6;TOT-none-ss;instance_30_10_4_12;lex-overtime;lexicographic;overtime-priority;-;;;;;;totalizer;none;slot-service;OPTIMUM;49.66618352;300.0;49.483495514;3;57590;166702;781;374.0;374.0;374.0;0.0;0.0;120.0;overtime | continuity | similarity;0 | 0 | 374
6;TOT-none-ss;instance_30_10_4_13;lex-overtime;lexicographic;overtime-priority;-;;;;;;totalizer;none;slot-service;UNSATISFIABLE;0.035790983;300.0;0;1;0;0;0;;;;;;;;
6;TOT-none-ss;instance_30_10_4_14;lex-overtime;lexicographic;overtime-priority;-;;;;;;totalizer;none;slot-service;UNSATISFIABLE;0.036039603;300.0;0;1;0;0;0;;;;;;;;
6;TOT-none-ss;instance_30_10_4_15;lex-overtime;lexicographic;overtime-priority;-;;;;;;totalizer;none;slot-service;UNSATISFIABLE;0.027355195;300.0;0;1;0;0;0;;;;;;;;
6;TOT-none-ss;instance_30_10_4_16;lex-overtime;lexicographic;overtime-priority;-;;;;;;totalizer;none;slot-service;OPTIMUM;64.70635646;300.0;64.48510197;3;75032;206299;902;427.0;427.0;427.0;0.0;0.0;120.0;overtime | continuity | similarity;0 | 0 | 427
6;TOT-none-ss;instance_30_10_4_17;lex-overtime;lexicographic;overtime-priority;-;;;;;;totalizer;none;slot-service;OPTIMUM;47.00836618;300.0;46.84076372;3;65269;161751;847;400.0;400.0;400.0;0.0;0.0;120.0;overtime | continuity | similarity;0 | 0 | 400
6;TOT-none-ss;instance_30_10_4_18;lex-overtime;lexicographic;overtime-priority;-;;;;;;totalizer;none;slot-service;OPTIMUM;28.25327968;300.0;28.079813501;3;67051;172059;858;397.0;397.0;397.0;0.0;0.0;120.0;overtime | continuity | similarity;0 | 0 | 397
6;TOT-none-ss;instance_30_10_4_19;lex-overtime;lexicographic;overtime-priority;-;;;;;;totalizer;none;slot-service;UNSATISFIABLE;0.045326835;300.0;0;1;0;0;0;;;;;;;;
6;TOT-none-ss;instance_30_10_4_2;lex-overtime;lexicographic;overtime-priority;-;;;;;;totalizer;none;slot-service;UNSATISFIABLE;0.044569885;300.0;0;1;0;0;0;;;;;;;;
6;TOT-none-ss;instance_30_10_4_20;lex-overtime;lexicographic;overtime-priority;-;;;;;;totalizer;none;slot-service;UNSATISFIABLE;0.037855365;300.0;0;1;0;0;0;;;;;;;;
6;TOT-none-ss;instance_30_10_4_21;lex-overtime;lexicographic;overtime-priority;-;;;;;;totalizer;none;slot-service;UNSATISFIABLE;0.048290247;300.0;0;1;0;0;0;;;;;;;;
6;TOT-none-ss;instance_30_10_4_22;lex-overtime;lexicographic;overtime-priority;-;;;;;;totalizer;none;slot-service;UNSATISFIABLE;0.041807057;300.0;0;1;0;0;0;;;;;;;;
6;TOT-none-ss;instance_30_10_4_23;lex-overtime;lexicographic;overtime-priority;-;;;;;;totalizer;none;slot-service;OPTIMUM;41.39918244;300.0;41.200303993999995;3;73097;198018;891;378.0;378.0;378.0;0.0;0.0;120.0;overtime | continuity | similarity;0 | 0 | 378
6;TOT-none-ss;instance_30_10_4_24;lex-overtime;lexicographic;overtime-priority;-;;;;;;totalizer;none;slot-service;OPTIMUM;59.13992975;300.0;58.95995497;3;66542;171501;847;384.0;384.0;385.0;1.0;0.0;120.0;overtime | continuity | similarity;0 | 1 | 385
6;TOT-none-ss;instance_30_10_4_25;lex-overtime;lexicographic;overtime-priority;-;;;;;;totalizer;none;slot-service;OPTIMUM;54.60805319;300.0;54.413736084;3;54158;169496;748;443.0;443.0;443.0;0.0;0.0;120.0;overtime | continuity | similarity;0 | 0 | 443
6;TOT-none-ss;instance_30_10_4_26;lex-overtime;lexicographic;overtime-priority;-;;;;;;totalizer;none;slot-service;UNSATISFIABLE;0.05077877;300.0;0;1;0;0;0;;;;;;;;
6;TOT-none-ss;instance_30_10_4_27;lex-overtime;lexicographic;overtime-priority;-;;;;;;totalizer;none;slot-service;OPTIMUM;47.59673144;300.0;47.416009714;3;71641;177227;869;360.0;360.0;364.0;4.0;0.0;120.0;overtime | continuity | similarity;0 | 4 | 364
6;TOT-none-ss;instance_30_10_4_28;lex-overtime;lexicographic;overtime-priority;-;;;;;;totalizer;none;slot-service;UNSATISFIABLE;0.029238047;300.0;0;1;0;0;0;;;;;;;;
6;TOT-none-ss;instance_30_10_4_29;lex-overtime;lexicographic;overtime-priority;-;;;;;;totalizer;none;slot-service;UNSATISFIABLE;0.040477638;300.0;0;1;0;0;0;;;;;;;;
6;TOT-none-ss;instance_30_10_4_3;lex-overtime;lexicographic;overtime-priority;-;;;;;;totalizer;none;slot-service;UNSATISFIABLE;0.039616993;300.0;0;1;0;0;0;;;;;;;;
6;TOT-none-ss;instance_30_10_4_30;lex-overtime;lexicographic;overtime-priority;-;;;;;;totalizer;none;slot-service;OPTIMUM;42.10764622;300.0;41.903240370000006;3;66035;186229;836;358.0;358.0;359.0;1.0;0.0;120.0;overtime | continuity | similarity;0 | 1 | 359
6;TOT-none-ss;instance_30_10_4_31;lex-overtime;lexicographic;overtime-priority;-;;;;;;totalizer;none;slot-service;OPTIMUM;52.25890971;300.0;52.076647269;3;63881;170123;803;369.0;369.0;375.0;6.0;0.0;120.0;overtime | continuity | similarity;0 | 6 | 375
6;TOT-none-ss;instance_30_10_4_32;lex-overtime;lexicographic;overtime-priority;-;;;;;;totalizer;none;slot-service;OPTIMUM;56.59020358;300.0;56.391652828999995;3;72527;194882;891;419.0;419.0;419.0;0.0;0.0;120.0;overtime | continuity | similarity;0 | 0 | 419
6;TOT-none-ss;instance_30_10_4_33;lex-overtime;lexicographic;overtime-priority;-;;;;;;totalizer;none;slot-service;OPTIMUM;68.08227368;300.0;67.884401181;3;62101;176565;814;433.0;433.0;433.0;0.0;0.0;120.0;overtime | continuity | similarity;0 | 0 | 433
6;TOT-none-ss;instance_30_10_4_34;lex-overtime;lexicographic;overtime-priority;-;;;;;;totalizer;none;slot-service;UNSATISFIABLE;0.052610351;300.0;0;1;0;0;0;;;;;;;;
6;TOT-none-ss;instance_30_10_4_35;lex-overtime;lexicographic;overtime-priority;-;;;;;;totalizer;none;slot-service;UNSATISFIABLE;0.036818504;300.0;0;1;0;0;0;;;;;;;;
6;TOT-none-ss;instance_30_10_4_36;lex-overtime;lexicographic;overtime-priority;-;;;;;;totalizer;none;slot-service;OPTIMUM;52.13595104;300.0;51.91861873;3;61306;186482;803;385.0;385.0;385.0;0.0;0.0;120.0;overtime | continuity | similarity;0 | 0 | 385
6;TOT-none-ss;instance_30_10_4_37;lex-overtime;lexicographic;overtime-priority;-;;;;;;totalizer;none;slot-service;OPTIMUM;66.41177171;300.0;66.196374889;3;65260;185188;836;432.0;432.0;432.0;0.0;0.0;120.0;overtime | continuity | similarity;0 | 0 | 432
6;TOT-none-ss;instance_30_10_4_38;lex-overtime;lexicographic;overtime-priority;-;;;;;;totalizer;none;slot-service;UNSATISFIABLE;0.053088398;300.0;0;1;0;0;0;;;;;;;;
6;TOT-none-ss;instance_30_10_4_39;lex-overtime;lexicographic;overtime-priority;-;;;;;;totalizer;none;slot-service;UNSATISFIABLE;0.039895768;300.0;0;1;0;0;0;;;;;;;;
6;TOT-none-ss;instance_30_10_4_4;lex-overtime;lexicographic;overtime-priority;-;;;;;;totalizer;none;slot-service;OPTIMUM;67.62085891;300.0;67.418159676;3;69552;187967;869;426.0;426.0;426.0;0.0;0.0;120.0;overtime | continuity | similarity;0 | 0 | 426
6;TOT-none-ss;instance_30_10_4_40;lex-overtime;lexicographic;overtime-priority;-;;;;;;totalizer;none;slot-service;UNSATISFIABLE;0.039376212;300.0;0;1;0;0;0;;;;;;;;
6;TOT-none-ss;instance_30_10_4_41;lex-overtime;lexicographic;overtime-priority;-;;;;;;totalizer;none;slot-service;OPTIMUM;19.33945171;300.0;19.178407029;3;64579;152336;836;338.0;338.0;340.0;2.0;0.0;120.0;overtime | continuity | similarity;0 | 2 | 340
6;TOT-none-ss;instance_30_10_4_42;lex-overtime;lexicographic;overtime-priority;-;;;;;;totalizer;none;slot-service;UNSATISFIABLE;0.052405935;300.0;0;1;0;0;0;;;;;;;;
6;TOT-none-ss;instance_30_10_4_43;lex-overtime;lexicographic;overtime-priority;-;;;;;;totalizer;none;slot-service;OPTIMUM;59.84542621;300.0;59.632711579;3;59926;173920;792;403.0;403.0;404.0;1.0;0.0;120.0;overtime | continuity | similarity;0 | 1 | 404
6;TOT-none-ss;instance_30_10_4_44;lex-overtime;lexicographic;overtime-priority;-;;;;;;totalizer;none;slot-service;UNSATISFIABLE;0.049631014;300.0;0;1;0;0;0;;;;;;;;
6;TOT-none-ss;instance_30_10_4_45;lex-overtime;lexicographic;overtime-priority;-;;;;;;totalizer;none;slot-service;OPTIMUM;33.95017789;300.0;33.767956795;3;64431;170757;836;357.0;357.0;357.0;0.0;0.0;120.0;overtime | continuity | similarity;0 | 0 | 357
6;TOT-none-ss;instance_30_10_4_46;lex-overtime;lexicographic;overtime-priority;-;;;;;;totalizer;none;slot-service;UNSATISFIABLE;0.028964418;300.0;0;1;0;0;0;;;;;;;;
6;TOT-none-ss;instance_30_10_4_47;lex-overtime;lexicographic;overtime-priority;-;;;;;;totalizer;none;slot-service;OPTIMUM;46.46794034;300.0;46.283780387;3;75156;182494;913;387.0;387.0;387.0;0.0;0.0;120.0;overtime | continuity | similarity;0 | 0 | 387
6;TOT-none-ss;instance_30_10_4_48;lex-overtime;lexicographic;overtime-priority;-;;;;;;totalizer;none;slot-service;OPTIMUM;3.601547909;300.0;3.435506079;3;71203;167085;891;373.0;373.0;373.0;0.0;0.0;120.0;overtime | continuity | similarity;0 | 0 | 373
6;TOT-none-ss;instance_30_10_4_49;lex-overtime;lexicographic;overtime-priority;-;;;;;;totalizer;none;slot-service;UNSATISFIABLE;0.050125741;300.0;0;1;0;0;0;;;;;;;;
6;TOT-none-ss;instance_30_10_4_5;lex-overtime;lexicographic;overtime-priority;-;;;;;;totalizer;none;slot-service;OPTIMUM;43.46717354;300.0;43.277620512;3;73063;187692;891;414.0;414.0;415.0;1.0;0.0;120.0;overtime | continuity | similarity;0 | 1 | 415
6;TOT-none-ss;instance_30_10_4_50;lex-overtime;lexicographic;overtime-priority;-;;;;;;totalizer;none;slot-service;UNSATISFIABLE;0.051782001;300.0;0;1;0;0;0;;;;;;;;
6;TOT-none-ss;instance_30_10_4_6;lex-overtime;lexicographic;overtime-priority;-;;;;;;totalizer;none;slot-service;OPTIMUM;66.09456624;300.0;65.905129984;3;67740;188645;858;384.0;384.0;384.0;0.0;0.0;120.0;overtime | continuity | similarity;0 | 0 | 384
6;TOT-none-ss;instance_30_10_4_7;lex-overtime;lexicographic;overtime-priority;-;;;;;;totalizer;none;slot-service;UNSATISFIABLE;0.038284878;300.0;0;1;0;0;0;;;;;;;;
6;TOT-none-ss;instance_30_10_4_8;lex-overtime;lexicographic;overtime-priority;-;;;;;;totalizer;none;slot-service;OPTIMUM;54.65761822;300.0;54.476026524;3;60831;167360;803;398.0;398.0;399.0;1.0;0.0;120.0;overtime | continuity | similarity;0 | 1 | 399
6;TOT-none-ss;instance_30_10_4_9;lex-overtime;lexicographic;overtime-priority;-;;;;;;totalizer;none;slot-service;UNSATISFIABLE;0.0403002;300.0;0;1;0;0;0;;;;;;;;
6;TOT-none-ss;instance_30_10_5_1;lex-overtime;lexicographic;overtime-priority;-;;;;;;totalizer;none;slot-service;OPTIMUM;75.97670731;300.0;75.73874819699999;3;89053;229633;990;486.0;486.0;486.0;0.0;0.0;150.0;overtime | continuity | similarity;0 | 0 | 486
6;TOT-none-ss;instance_30_10_5_10;lex-overtime;lexicographic;overtime-priority;-;;;;;;totalizer;none;slot-service;OPTIMUM;53.52544521;300.0;53.258650081;3;99529;258916;1045;477.0;477.0;478.0;1.0;0.0;150.0;overtime | continuity | similarity;0 | 1 | 478
6;TOT-none-ss;instance_30_10_5_11;lex-overtime;lexicographic;overtime-priority;-;;;;;;totalizer;none;slot-service;UNSATISFIABLE;0.043064987;300.0;0;1;0;0;0;;;;;;;;
6;TOT-none-ss;instance_30_10_5_12;lex-overtime;lexicographic;overtime-priority;-;;;;;;totalizer;none;slot-service;UNSATISFIABLE;0.065531177;300.0;0;1;0;0;0;;;;;;;;
6;TOT-none-ss;instance_30_10_5_13;lex-overtime;lexicographic;overtime-priority;-;;;;;;totalizer;none;slot-service;UNSATISFIABLE;0.073926692;300.0;0;1;0;0;0;;;;;;;;
6;TOT-none-ss;instance_30_10_5_14;lex-overtime;lexicographic;overtime-priority;-;;;;;;totalizer;none;slot-service;UNSATISFIABLE;0.096694889;300.0;0;1;0;0;0;;;;;;;;
6;TOT-none-ss;instance_30_10_5_15;lex-overtime;lexicographic;overtime-priority;-;;;;;;totalizer;none;slot-service;UNSATISFIABLE;0.07714509;300.0;0;1;0;0;0;;;;;;;;
6;TOT-none-ss;instance_30_10_5_16;lex-overtime;lexicographic;overtime-priority;-;;;;;;totalizer;none;slot-service;OPTIMUM;56.81926942;300.0;56.573321093;3;69905;226210;858;473.0;473.0;473.0;0.0;0.0;150.0;overtime | continuity | similarity;0 | 0 | 473
6;TOT-none-ss;instance_30_10_5_17;lex-overtime;lexicographic;overtime-priority;-;;;;;;totalizer;none;slot-service;OPTIMUM;53.07988044;300.0;52.855946666;3;85143;220714;968;414.0;414.0;414.0;0.0;0.0;150.0;overtime | continuity | similarity;0 | 0 | 414
6;TOT-none-ss;instance_30_10_5_18;lex-overtime;lexicographic;overtime-priority;-;;;;;;totalizer;none;slot-service;OPTIMUM;71.2503091;300.0;70.99007932;3;85386;256255;946;516.0;516.0;518.0;2.0;0.0;150.0;overtime | continuity | similarity;0 | 2 | 518
6;TOT-none-ss;instance_30_10_5_19;lex-overtime;lexicographic;overtime-priority;-;;;;;;totalizer;none;slot-service;UNSATISFIABLE;0.05098704;300.0;0;1;0;0;0;;;;;;;;
6;TOT-none-ss;instance_30_10_5_2;lex-overtime;lexicographic;overtime-priority;-;;;;;;totalizer;none;slot-service;UNSATISFIABLE;0.063282096;300.0;0;1;0;0;0;;;;;;;;
6;TOT-none-ss;instance_30_10_5_20;lex-overtime;lexicographic;overtime-priority;-;;;;;;totalizer;none;slot-service;UNSATISFIABLE;0.064142962;300.0;0;1;0;0;0;;;;;;;;
6;TOT-none-ss;instance_30_10_5_21;lex-overtime;lexicographic;overtime-priority;-;;;;;;totalizer;none;slot-service;UNSATISFIABLE;0.043355593;300.0;0;1;0;0;0;;;;;;;;
6;TOT-none-ss;instance_30_10_5_22;lex-overtime;lexicographic;overtime-priority;-;;;;;;totalizer;none;slot-service;OPTIMUM;56.27602937;300.0;56.012065365;3;93753;259663;1001;495.0;495.0;497.0;2.0;0.0;150.0;overtime | continuity | similarity;0 | 2 | 497
6;TOT-none-ss;instance_30_10_5_23;lex-overtime;lexicographic;overtime-priority;-;;;;;;totalizer;none;slot-service;UNSATISFIABLE;0.040916406;300.0;0;1;0;0;0;;;;;;;;
6;TOT-none-ss;instance_30_10_5_24;lex-overtime;lexicographic;overtime-priority;-;;;;;;totalizer;none;slot-service;UNSATISFIABLE;0.054416569;300.0;0;1;0;0;0;;;;;;;;
6;TOT-none-ss;instance_30_10_5_25;lex-overtime;lexicographic;overtime-priority;-;;;;;;totalizer;none;slot-service;UNSATISFIABLE;0.073415655;300.0;0;1;0;0;0;;;;;;;;
6;TOT-none-ss;instance_30_10_5_26;lex-overtime;lexicographic;overtime-priority;-;;;;;;totalizer;none;slot-service;UNSATISFIABLE;0.037207042;300.0;0;1;0;0;0;;;;;;;;
6;TOT-none-ss;instance_30_10_5_27;lex-overtime;lexicographic;overtime-priority;-;;;;;;totalizer;none;slot-service;UNSATISFIABLE;0.050466527;300.0;0;1;0;0;0;;;;;;;;
6;TOT-none-ss;instance_30_10_5_28;lex-overtime;lexicographic;overtime-priority;-;;;;;;totalizer;none;slot-service;UNSATISFIABLE;0.035678005;300.0;0;1;0;0;0;;;;;;;;
6;TOT-none-ss;instance_30_10_5_29;lex-overtime;lexicographic;overtime-priority;-;;;;;;totalizer;none;slot-service;UNSATISFIABLE;0.0376304;300.0;0;1;0;0;0;;;;;;;;
6;TOT-none-ss;instance_30_10_5_3;lex-overtime;lexicographic;overtime-priority;-;;;;;;totalizer;none;slot-service;OPTIMUM;52.6473728;300.0;52.396880319000005;3;78096;240305;902;470.0;470.0;472.0;2.0;0.0;150.0;overtime | continuity | similarity;0 | 2 | 472
6;TOT-none-ss;instance_30_10_5_30;lex-overtime;lexicographic;overtime-priority;-;;;;;;totalizer;none;slot-service;UNSATISFIABLE;0.041488257;300.0;0;1;0;0;0;;;;;;;;
6;TOT-none-ss;instance_30_10_5_31;lex-overtime;lexicographic;overtime-priority;-;;;;;;totalizer;none;slot-service;OPTIMUM;47.27813585;300.0;47.064480771;3;81509;214171;946;506.0;506.0;506.0;0.0;0.0;150.0;overtime | continuity | similarity;0 | 0 | 506
6;TOT-none-ss;instance_30_10_5_32;lex-overtime;lexicographic;overtime-priority;-;;;;;;totalizer;none;slot-service;OPTIMUM;89.48738274;300.0;89.195062019;3;94163;262556;1012;543.0;543.0;543.0;0.0;0.0;150.0;overtime | continuity | similarity;0 | 0 | 543
6;TOT-none-ss;instance_30_10_5_33;lex-overtime;lexicographic;overtime-priority;-;;;;;;totalizer;none;slot-service;OPTIMUM;76.25031377;300.0;75.904756769;3;86340;287088;957;552.0;552.0;552.0;0.0;0.0;150.0;overtime | continuity | similarity;0 | 0 | 552
6;TOT-none-ss;instance_30_10_5_34;lex-overtime;lexicographic;overtime-priority;-;;;;;;totalizer;none;slot-service;OPTIMUM;51.47158806;300.0;51.16489648900001;3;100137;271025;1034;446.0;446.0;449.0;3.0;0.0;150.0;overtime | continuity | similarity;0 | 3 | 449
6;TOT-none-ss;instance_30_10_5_35;lex-overtime;lexicographic;overtime-priority;-;;;;;;totalizer;none;slot-service;OPTIMUM;51.73538095;300.0;51.478727832000004;3;97090;254018;1034;492.0;492.0;492.0;0.0;0.0;150.0;overtime | continuity | similarity;0 | 0 | 492
6;TOT-none-ss;instance_30_10_5_36;lex-overtime;lexicographic;overtime-priority;-;;;;;;totalizer;none;slot-service;OPTIMUM;61.21870695;300.0;60.907016516000006;3;92580;275135;979;485.0;485.0;489.0;4.0;0.0;150.0;overtime | continuity | similarity;0 | 4 | 489
6;TOT-none-ss;instance_30_10_5_37;lex-overtime;lexicographic;overtime-priority;-;;;;;;totalizer;none;slot-service;OPTIMUM;24.37511153;300.0;24.158535832;3;89453;211995;1001;494.0;494.0;494.0;0.0;0.0;150.0;overtime | continuity | similarity;0 | 0 | 494
6;TOT-none-ss;instance_30_10_5_38;lex-overtime;lexicographic;overtime-priority;-;;;;;;totalizer;none;slot-service;OPTIMUM;74.28843551;300.0;73.99164408600001;3;100888;265735;1056;518.0;518.0;518.0;0.0;0.0;150.0;overtime | continuity | similarity;0 | 0 | 518
6;TOT-none-ss;instance_30_10_5_39;lex-overtime;lexicographic;overtime-priority;-;;;;;;totalizer;none;slot-service;OPTIMUM;60.05014665;300.0;59.742982913;3;101768;267959;1056;520.0;520.0;521.0;1.0;0.0;150.0;overtime | continuity | similarity;0 | 1 | 521
6;TOT-none-ss;instance_30_10_5_4;lex-overtime;lexicographic;overtime-priority;-;;;;;;totalizer;none;slot-service;UNSATISFIABLE;0.039961752;300.0;0;1;0;0;0;;;;;;;;
6;TOT-none-ss;instance_30_10_5_40;lex-overtime;lexicographic;overtime-priority;-;;;;;;totalizer;none;slot-service;UNSATISFIABLE;0.043596792;300.0;0;1;0;0;0;;;;;;;;
6;TOT-none-ss;instance_30_10_5_41;lex-overtime;lexicographic;overtime-priority;-;;;;;;totalizer;none;slot-service;UNSATISFIABLE;0.065411929;300.0;0;1;0;0;0;;;;;;;;
6;TOT-none-ss;instance_30_10_5_42;lex-overtime;lexicographic;overtime-priority;-;;;;;;totalizer;none;slot-service;OPTIMUM;72.38591779;300.0;72.129449435;3;92584;259845;1001;474.0;474.0;475.0;1.0;0.0;150.0;overtime | continuity | similarity;0 | 1 | 475
6;TOT-none-ss;instance_30_10_5_43;lex-overtime;lexicographic;overtime-priority;-;;;;;;totalizer;none;slot-service;UNSATISFIABLE;0.039754779;300.0;0;1;0;0;0;;;;;;;;
6;TOT-none-ss;instance_30_10_5_44;lex-overtime;lexicographic;overtime-priority;-;;;;;;totalizer;none;slot-service;UNSATISFIABLE;0.078471251;300.0;0;1;0;0;0;;;;;;;;
6;TOT-none-ss;instance_30_10_5_45;lex-overtime;lexicographic;overtime-priority;-;;;;;;totalizer;none;slot-service;UNSATISFIABLE;0.042600789;300.0;0;1;0;0;0;;;;;;;;
6;TOT-none-ss;instance_30_10_5_46;lex-overtime;lexicographic;overtime-priority;-;;;;;;totalizer;none;slot-service;UNSATISFIABLE;0.035529663;300.0;0;1;0;0;0;;;;;;;;
6;TOT-none-ss;instance_30_10_5_47;lex-overtime;lexicographic;overtime-priority;-;;;;;;totalizer;none;slot-service;UNSATISFIABLE;0.035877307;300.0;0;1;0;0;0;;;;;;;;
6;TOT-none-ss;instance_30_10_5_48;lex-overtime;lexicographic;overtime-priority;-;;;;;;totalizer;none;slot-service;OPTIMUM;64.96410513;300.0;64.726283577;3;95097;240535;1023;472.0;472.0;473.0;1.0;0.0;150.0;overtime | continuity | similarity;0 | 1 | 473
6;TOT-none-ss;instance_30_10_5_49;lex-overtime;lexicographic;overtime-priority;-;;;;;;totalizer;none;slot-service;TIMEOUT;300.122151;300.0;282.202102498;3;6592;62666;924;;;;;;;overtime | continuity;0 | 3
6;TOT-none-ss;instance_30_10_5_5;lex-overtime;lexicographic;overtime-priority;-;;;;;;totalizer;none;slot-service;UNSATISFIABLE;0.052869994;300.0;0;1;0;0;0;;;;;;;;
6;TOT-none-ss;instance_30_10_5_50;lex-overtime;lexicographic;overtime-priority;-;;;;;;totalizer;none;slot-service;UNSATISFIABLE;0.05947263;300.0;0;1;0;0;0;;;;;;;;
6;TOT-none-ss;instance_30_10_5_6;lex-overtime;lexicographic;overtime-priority;-;;;;;;totalizer;none;slot-service;UNSATISFIABLE;0.040612897;300.0;0;1;0;0;0;;;;;;;;
6;TOT-none-ss;instance_30_10_5_7;lex-overtime;lexicographic;overtime-priority;-;;;;;;totalizer;none;slot-service;UNSATISFIABLE;0.061883456;300.0;0;1;0;0;0;;;;;;;;
6;TOT-none-ss;instance_30_10_5_8;lex-overtime;lexicographic;overtime-priority;-;;;;;;totalizer;none;slot-service;OPTIMUM;80.33140076;300.0;80.091971181;3;85933;236638;968;535.0;535.0;535.0;0.0;0.0;150.0;overtime | continuity | similarity;0 | 0 | 535
6;TOT-none-ss;instance_30_10_5_9;lex-overtime;lexicographic;overtime-priority;-;;;;;;totalizer;none;slot-service;OPTIMUM;53.25873499;300.0;53.054000283;3;73526;197022;880;470.0;470.0;473.0;3.0;0.0;150.0;overtime | continuity | similarity;0 | 3 | 473
6;TOT-none-ss;instance_30_15_4_1;lex-overtime;lexicographic;overtime-priority;-;;;;;;totalizer;none;slot-service;OPTIMUM;78.798183;300.0;78.482357204;3;104391;290193;1264;438.0;438.0;438.0;0.0;0.0;120.0;overtime | continuity | similarity;0 | 0 | 438
6;TOT-none-ss;instance_30_15_4_10;lex-overtime;lexicographic;overtime-priority;-;;;;;;totalizer;none;slot-service;OPTIMUM;69.92789042;300.0;69.62865074700001;3;105789;274687;1280;410.0;410.0;410.0;0.0;0.0;120.0;overtime | continuity | similarity;0 | 0 | 410
6;TOT-none-ss;instance_30_15_4_11;lex-overtime;lexicographic;overtime-priority;-;;;;;;totalizer;none;slot-service;OPTIMUM;71.34494746;300.0;71.11529256;3;84170;221467;1136;406.0;406.0;406.0;0.0;0.0;120.0;overtime | continuity | similarity;0 | 0 | 406
6;TOT-none-ss;instance_30_15_4_12;lex-overtime;lexicographic;overtime-priority;-;;;;;;totalizer;none;slot-service;OPTIMUM;71.10687972;300.0;70.84541282400001;3;95963;252837;1216;439.0;439.0;439.0;0.0;0.0;120.0;overtime | continuity | similarity;0 | 0 | 439
6;TOT-none-ss;instance_30_15_4_13;lex-overtime;lexicographic;overtime-priority;-;;;;;;totalizer;none;slot-service;OPTIMUM;56.36096323;300.0;56.146137002;3;86268;214364;1136;383.0;383.0;386.0;3.0;0.0;120.0;overtime | continuity | similarity;0 | 3 | 386
6;TOT-none-ss;instance_30_15_4_14;lex-overtime;lexicographic;overtime-priority;-;;;;;;totalizer;none;slot-service;OPTIMUM;72.40007982;300.0;72.106227309;3;103092;270443;1264;389.0;389.0;389.0;0.0;0.0;120.0;overtime | continuity | similarity;0 | 0 | 389
6;TOT-none-ss;instance_30_15_4_15;lex-overtime;lexicographic;overtime-priority;-;;;;;;totalizer;none;slot-service;OPTIMUM;77.70903712;300.0;77.410384882;3;99416;278037;1232;446.0;446.0;446.0;0.0;0.0;120.0;overtime | continuity | similarity;0 | 0 | 446
6;TOT-none-ss;instance_30_15_4_16;lex-overtime;lexicographic;overtime-priority;-;;;;;;totalizer;none;slot-service;OPTIMUM;52.24870686;300.0;52.013717056999994;3;101615;242987;1264;398.0;398.0;398.0;0.0;0.0;120.0;overtime | continuity | similarity;0 | 0 | 398
6;TOT-none-ss;instance_30_15_4_17;lex-overtime;lexicographic;overtime-priority;-;;;;;;totalizer;none;slot-service;OPTIMUM;74.19242985;300.0;73.895082949;3;102879;268898;1264;417.0;417.0;417.0;0.0;0.0;120.0;overtime | continuity | similarity;0 | 0 | 417
6;TOT-none-ss;instance_30_15_4_18;lex-overtime;lexicographic;overtime-priority;-;;;;;;totalizer;none;slot-service;OPTIMUM;74.30195054;300.0;73.96726442099998;3;102730;305041;1248;448.0;448.0;448.0;0.0;0.0;120.0;overtime | continuity | similarity;0 | 0 | 448
6;TOT-none-ss;instance_30_15_4_19;lex-overtime;lexicographic;overtime-priority;-;;;;;;totalizer;none;slot-service;OPTIMUM;65.52606368;300.0;65.28691497;3;89488;231424;1168;391.0;391.0;392.0;1.0;0.0;120.0;overtime | continuity | similarity;0 | 1 | 392
6;TOT-none-ss;instance_30_15_4_2;lex-overtime;lexicographic;overtime-priority;-;;;;;;totalizer;none;slot-service;OPTIMUM;65.63076467;300.0;65.398342095;3;110635;252095;1328;369.0;369.0;369.0;0.0;0.0;120.0;overtime | continuity | similarity;0 | 0 | 369
6;TOT-none-ss;instance_30_15_4_20;lex-overtime;lexicographic;overtime-priority;-;;;;;;totalizer;none;slot-service;OPTIMUM;69.87365844;300.0;69.581587556;3;114125;268112;1344;420.0;420.0;420.0;0.0;0.0;120.0;overtime | continuity | similarity;0 | 0 | 420
6;TOT-none-ss;instance_30_15_4_21;lex-overtime;lexicographic;overtime-priority;-;;;;;;totalizer;none;slot-service;UNSATISFIABLE;0.056980949;300.0;0;1;0;0;0;;;;;;;;
6;TOT-none-ss;instance_30_15_4_22;lex-overtime;lexicographic;overtime-priority;-;;;;;;totalizer;none;slot-service;OPTIMUM;71.19880689;300.0;70.94803689199999;3;95259;243073;1216;413.0;413.0;413.0;0.0;0.0;120.0;overtime | continuity | similarity;0 | 0 | 413
6;TOT-none-ss;instance_30_15_4_23;lex-overtime;lexicographic;overtime-priority;-;;;;;;totalizer;none;slot-service;OPTIMUM;72.3612804;300.0;72.062189617;3;97356;278025;1216;427.0;427.0;427.0;0.0;0.0;120.0;overtime | continuity | similarity;0 | 0 | 427
6;TOT-none-ss;instance_30_15_4_24;lex-overtime;lexicographic;overtime-priority;-;;;;;;totalizer;none;slot-service;OPTIMUM;82.06372916;300.0;81.74132456;3;111176;298476;1312;444.0;444.0;444.0;0.0;0.0;120.0;overtime | continuity | similarity;0 | 0 | 444
6;TOT-none-ss;instance_30_15_4_25;lex-overtime;lexicographic;overtime-priority;-;;;;;;totalizer;none;slot-service;OPTIMUM;53.76420485;300.0;53.474594624;3;105184;265825;1280;402.0;402.0;402.0;0.0;0.0;120.0;overtime | continuity | similarity;0 | 0 | 402
6;TOT-none-ss;instance_30_15_4_26;lex-overtime;lexicographic;overtime-priority;-;;;;;;totalizer;none;slot-service;OPTIMUM;78.58530473;300.0;78.294278375;3;98798;262988;1232;436.0;436.0;436.0;0.0;0.0;120.0;overtime | continuity | similarity;0 | 0 | 436
6;TOT-none-ss;instance_30_15_4_27;lex-overtime;lexicographic;overtime-priority;-;;;;;;totalizer;none;slot-service;OPTIMUM;70.26679215;300.0;70.022280478;3;100490;261367;1248;407.0;407.0;407.0;0.0;0.0;120.0;overtime | continuity | similarity;0 | 0 | 407
6;TOT-none-ss;instance_30_15_4_28;lex-overtime;lexicographic;overtime-priority;-;;;;;;totalizer;none;slot-service;OPTIMUM;65.01159192;300.0;64.774154703;3;96184;261554;1216;410.0;410.0;410.0;0.0;0.0;120.0;overtime | continuity | similarity;0 | 0 | 410
6;TOT-none-ss;instance_30_15_4_29;lex-overtime;lexicographic;overtime-priority;-;;;;;;totalizer;none;slot-service;OPTIMUM;40.68535381;300.0;40.490334348000005;3;93982;223078;1216;399.0;399.0;399.0;0.0;0.0;120.0;overtime | continuity | similarity;0 | 0 | 399
6;TOT-none-ss;instance_30_15_4_3;lex-overtime;lexicographic;overtime-priority;-;;;;;;totalizer;none;slot-service;OPTIMUM;69.60673358;300.0;69.327580807;3;105833;290634;1280;431.0;431.0;431.0;0.0;0.0;120.0;overtime | continuity | similarity;0 | 0 | 431
6;TOT-none-ss;instance_30_15_4_30;lex-overtime;lexicographic;overtime-priority;-;;;;;;totalizer;none;slot-service;OPTIMUM;78.18016665;300.0;77.895309351;3;103870;285019;1264;435.0;435.0;435.0;0.0;0.0;120.0;overtime | continuity | similarity;0 | 0 | 435
6;TOT-none-ss;instance_30_15_4_31;lex-overtime;lexicographic;overtime-priority;-;;;;;;totalizer;none;slot-service;OPTIMUM;76.77133559;300.0;76.49473281499999;3;99376;277331;1232;407.0;407.0;407.0;0.0;0.0;120.0;overtime | continuity | similarity;0 | 0 | 407
6;TOT-none-ss;instance_30_15_4_32;lex-overtime;lexicographic;overtime-priority;-;;;;;;totalizer;none;slot-service;OPTIMUM;63.0781034;300.0;62.809090415;3;100714;269768;1248;382.0;382.0;382.0;0.0;0.0;120.0;overtime | continuity | similarity;0 | 0 | 382
6;TOT-none-ss;instance_30_15_4_33;lex-overtime;lexicographic;overtime-priority;-;;;;;;totalizer;none;slot-service;OPTIMUM;78.71443497;300.0;78.43574960199999;3;106262;286005;1280;429.0;429.0;429.0;0.0;0.0;120.0;overtime | continuity | similarity;0 | 0 | 429
6;TOT-none-ss;instance_30_15_4_34;lex-overtime;lexicographic;overtime-priority;-;;;;;;totalizer;none;slot-service;OPTIMUM;68.38172981;300.0;68.109982074;3;103186;279718;1264;396.0;396.0;396.0;0.0;0.0;120.0;overtime | continuity | similarity;0 | 0 | 396
6;TOT-none-ss;instance_30_15_4_35;lex-overtime;lexicographic;overtime-priority;-;;;;;;totalizer;none;slot-service;UNSATISFIABLE;0.06465673;300.0;0;1;0;0;0;;;;;;;;
6;TOT-none-ss;instance_30_15_4_36;lex-overtime;lexicographic;overtime-priority;-;;;;;;totalizer;none;slot-service;OPTIMUM;57.35640299;300.0;57.127685656;3;87392;242355;1152;427.0;427.0;427.0;0.0;0.0;120.0;overtime | continuity | similarity;0 | 0 | 427
6;TOT-none-ss;instance_30_15_4_37;lex-overtime;lexicographic;overtime-priority;-;;;;;;totalizer;none;slot-service;OPTIMUM;61.96543436;300.0;61.693177835;3;110190;279262;1312;420.0;420.0;420.0;0.0;0.0;120.0;overtime | continuity | similarity;0 | 0 | 420
6;TOT-none-ss;instance_30_15_4_38;lex-overtime;lexicographic;overtime-priority;-;;;;;;totalizer;none;slot-service;OPTIMUM;63.98236144;300.0;63.757011508;3;95506;248106;1216;402.0;402.0;402.0;0.0;0.0;120.0;overtime | continuity | similarity;0 | 0 | 402
6;TOT-none-ss;instance_30_15_4_39;lex-overtime;lexicographic;overtime-priority;-;;;;;;totalizer;none;slot-service;OPTIMUM;71.02187595;300.0;70.744025399;3;96487;267438;1216;437.0;437.0;437.0;0.0;0.0;120.0;overtime | continuity | similarity;0 | 0 | 437
6;TOT-none-ss;instance_30_15_4_4;lex-overtime;lexicographic;overtime-priority;-;;;;;;totalizer;none;slot-service;OPTIMUM;93.98114949;300.0;93.68391555;3;109335;304986;1296;450.0;450.0;450.0;0.0;0.0;120.0;overtime | continuity | similarity;0 | 0 | 450
6;TOT-none-ss;instance_30_15_4_40;lex-overtime;lexicographic;overtime-priority;-;;;;;;totalizer;none;slot-service;OPTIMUM;67.29414022;300.0;67.07241632;3;86564;239455;1152;450.0;450.0;450.0;0.0;0.0;120.0;overtime | continuity | similarity;0 | 0 | 450
6;TOT-none-ss;instance_30_15_4_41;lex-overtime;lexicographic;overtime-priority;-;;;;;;totalizer;none;slot-service;OPTIMUM;79.77932551;300.0;79.482263749;3;102992;312957;1248;443.0;443.0;443.0;0.0;0.0;120.0;overtime | continuity | similarity;0 | 0 | 443
6;TOT-none-ss;instance_30_15_4_42;lex-overtime;lexicographic;overtime-priority;-;;;;;;totalizer;none;slot-service;OPTIMUM;76.3235169;300.0;76.031858709;3;102284;293180;1248;432.0;432.0;432.0;0.0;0.0;120.0;overtime | continuity | similarity;0 | 0 | 432
6;TOT-none-ss;instance_30_15_4_43;lex-overtime;lexicographic;overtime-priority;-;;;;;;totalizer;none;slot-service;OPTIMUM;82.41983309;300.0;82.147388116;3;98798;273825;1232;411.0;411.0;411.0;0.0;0.0;120.0;overtime | continuity | similarity;0 | 0 | 411
6;TOT-none-ss;instance_30_15_4_44;lex-overtime;lexicographic;overtime-priority;-;;;;;;totalizer;none;slot-service;UNSATISFIABLE;0.048371757;300.0;0;1;0;0;0;;;;;;;;
6;TOT-none-ss;instance_30_15_4_45;lex-overtime;lexicographic;overtime-priority;-;;;;;;totalizer;none;slot-service;OPTIMUM;70.67265933;300.0;70.38373605999999;3;103960;293577;1264;416.0;416.0;416.0;0.0;0.0;120.0;overtime | continuity | similarity;0 | 0 | 416
6;TOT-none-ss;instance_30_15_4_46;lex-overtime;lexicographic;overtime-priority;-;;;;;;totalizer;none;slot-service;OPTIMUM;75.27143233;300.0;74.99235525899999;3;101588;284269;1248;446.0;446.0;446.0;0.0;0.0;120.0;overtime | continuity | similarity;0 | 0 | 446
6;TOT-none-ss;instance_30_15_4_47;lex-overtime;lexicographic;overtime-priority;-;;;;;;totalizer;none;slot-service;OPTIMUM;59.39008616;300.0;59.10523471;3;116394;292669;1344;417.0;417.0;418.0;1.0;0.0;120.0;overtime | continuity | similarity;0 | 1 | 418
6;TOT-none-ss;instance_30_15_4_48;lex-overtime;lexicographic;overtime-priority;-;;;;;;totalizer;none;slot-service;OPTIMUM;64.77443237;300.0;64.546065168;3;91572;244042;1184;430.0;430.0;430.0;0.0;0.0;120.0;overtime | continuity | similarity;0 | 0 | 430
6;TOT-none-ss;instance_30_15_4_49;lex-overtime;lexicographic;overtime-priority;-;;;;;;totalizer;none;slot-service;OPTIMUM;76.17091815;300.0;75.933462066;3;94270;258033;1200;421.0;421.0;421.0;0.0;0.0;120.0;overtime | continuity | similarity;0 | 0 | 421
6;TOT-none-ss;instance_30_15_4_5;lex-overtime;lexicographic;overtime-priority;-;;;;;;totalizer;none;slot-service;OPTIMUM;62.49412059;300.0;62.275640257000006;3;87713;237300;1152;400.0;400.0;401.0;1.0;0.0;120.0;overtime | continuity | similarity;0 | 1 | 401
6;TOT-none-ss;instance_30_15_4_50;lex-overtime;lexicographic;overtime-priority;-;;;;;;totalizer;none;slot-service;OPTIMUM;62.78455317;300.0;62.573864588;3;93300;236496;1152;396.0;396.0;403.0;7.0;0.0;120.0;overtime | continuity | similarity;0 | 7 | 403
6;TOT-none-ss;instance_30_15_4_6;lex-overtime;lexicographic;overtime-priority;-;;;;;;totalizer;none;slot-service;OPTIMUM;77.60303086;300.0;77.383511349;3;106647;254692;1296;436.0;436.0;436.0;0.0;0.0;120.0;overtime | continuity | similarity;0 | 0 | 436
6;TOT-none-ss;instance_30_15_4_7;lex-overtime;lexicographic;overtime-priority;-;;;;;;totalizer;none;slot-service;UNSATISFIABLE;0.069700041;300.0;0;1;0;0;0;;;;;;;;
6;TOT-none-ss;instance_30_15_4_8;lex-overtime;lexicographic;overtime-priority;-;;;;;;totalizer;none;slot-service;UNSATISFIABLE;0.064825494;300.0;0;1;0;0;0;;;;;;;;
6;TOT-none-ss;instance_30_15_4_9;lex-overtime;lexicographic;overtime-priority;-;;;;;;totalizer;none;slot-service;OPTIMUM;50.82987805;300.0;50.621967061;3;89100;230919;1168;385.0;385.0;386.0;1.0;0.0;120.0;overtime | continuity | similarity;0 | 1 | 386
6;TOT-none-ss;instance_30_15_5_1;lex-overtime;lexicographic;overtime-priority;-;;;;;;totalizer;none;slot-service;OPTIMUM;80.71396632;300.0;80.309365579;3;143679;426716;1472;543.0;543.0;545.0;2.0;0.0;150.0;overtime | continuity | similarity;0 | 2 | 545
6;TOT-none-ss;instance_30_15_5_10;lex-overtime;lexicographic;overtime-priority;-;;;;;;totalizer;none;slot-service;UNSATISFIABLE;0.071721557;300.0;0;1;0;0;0;;;;;;;;
6;TOT-none-ss;instance_30_15_5_11;lex-overtime;lexicographic;overtime-priority;-;;;;;;totalizer;none;slot-service;OPTIMUM;91.07384285;300.0;90.71434495199999;3;133837;369139;1440;522.0;522.0;522.0;0.0;0.0;150.0;overtime | continuity | similarity;0 | 0 | 522
6;TOT-none-ss;instance_30_15_5_12;lex-overtime;lexicographic;overtime-priority;-;;;;;;totalizer;none;slot-service;OPTIMUM;96.39307296;300.0;95.965143703;3;136555;432116;1440;568.0;568.0;568.0;0.0;0.0;150.0;overtime | continuity | similarity;0 | 0 | 568
6;TOT-none-ss;instance_30_15_5_13;lex-overtime;lexicographic;overtime-priority;-;;;;;;totalizer;none;slot-service;OPTIMUM;81.71296403;300.0;81.34652599100001;3;123798;374384;1376;540.0;540.0;540.0;0.0;0.0;150.0;overtime | continuity | similarity;0 | 0 | 540
6;TOT-none-ss;instance_30_15_5_14;lex-overtime;lexicographic;overtime-priority;-;;;;;;totalizer;none;slot-service;OPTIMUM;82.22417603;300.0;81.89109786399999;3;128899;353759;1408;504.0;504.0;505.0;1.0;0.0;150.0;overtime | continuity | similarity;0 | 1 | 505
6;TOT-none-ss;instance_30_15_5_15;lex-overtime;lexicographic;overtime-priority;-;;;;;;totalizer;none;slot-service;OPTIMUM;77.45804608;300.0;77.086632507;3;124219;382348;1376;545.0;545.0;545.0;0.0;0.0;150.0;overtime | continuity | similarity;0 | 0 | 545
6;TOT-none-ss;instance_30_15_5_16;lex-overtime;lexicographic;overtime-priority;-;;;;;;totalizer;none;slot-service;OPTIMUM;68.84787851;300.0;68.501084179;3;127419;362164;1376;464.0;464.0;467.0;3.0;0.0;150.0;overtime | continuity | similarity;0 | 3 | 467
6;TOT-none-ss;instance_30_15_5_17;lex-overtime;lexicographic;overtime-priority;-;;;;;;totalizer;none;slot-service;OPTIMUM;83.84585865;300.0;83.531083989;3;129190;336793;1424;542.0;542.0;542.0;0.0;0.0;150.0;overtime | continuity | similarity;0 | 0 | 542
6;TOT-none-ss;instance_30_15_5_18;lex-overtime;lexicographic;overtime-priority;-;;;;;;totalizer;none;slot-service;OPTIMUM;87.81094131;300.0;87.485877369;3;127669;344475;1408;527.0;527.0;527.0;0.0;0.0;150.0;overtime | continuity | similarity;0 | 0 | 527
6;TOT-none-ss;instance_30_15_5_19;lex-overtime;lexicographic;overtime-priority;-;;;;;;totalizer;none;slot-service;OPTIMUM;96.14981735;300.0;95.750525925;3;140633;407363;1472;522.0;522.0;522.0;0.0;0.0;150.0;overtime | continuity | similarity;0 | 0 | 522
6;TOT-none-ss;instance_30_15_5_2;lex-overtime;lexicographic;overtime-priority;-;;;;;;totalizer;none;slot-service;OPTIMUM;71.34091577;300.0;70.994267587;3;104412;334768;1248;546.0;546.0;546.0;0.0;0.0;150.0;overtime | continuity | similarity;0 | 0 | 546
6;TOT-none-ss;instance_30_15_5_20;lex-overtime;lexicographic;overtime-priority;-;;;;;;totalizer;none;slot-service;UNSATISFIABLE;0.093550551;300.0;0;1;0;0;0;;;;;;;;
6;TOT-none-ss;instance_30_15_5_21;lex-overtime;lexicographic;overtime-priority;-;;;;;;totalizer;none;slot-service;OPTIMUM;101.8677734;300.0;101.522718682;3;131494;370458;1424;509.0;509.0;509.0;0.0;0.0;150.0;overtime | continuity | similarity;0 | 0 | 509
6;TOT-none-ss;instance_30_15_5_22;lex-overtime;lexicographic;overtime-priority;-;;;;;;totalizer;none;slot-service;OPTIMUM;84.21942051;300.0;83.828090116;3;137868;402442;1456;536.0;536.0;536.0;0.0;0.0;150.0;overtime | continuity | similarity;0 | 0 | 536
6;TOT-none-ss;instance_30_15_5_23;lex-overtime;lexicographic;overtime-priority;-;;;;;;totalizer;none;slot-service;OPTIMUM;96.17363074;300.0;95.781700624;3;135418;393323;1440;532.0;532.0;532.0;0.0;0.0;150.0;overtime | continuity | similarity;0 | 0 | 532
6;TOT-none-ss;instance_30_15_5_24;lex-overtime;lexicographic;overtime-priority;-;;;;;;totalizer;none;slot-service;OPTIMUM;82.84938763;300.0;82.469267205;3;122399;389575;1360;563.0;563.0;563.0;0.0;0.0;150.0;overtime | continuity | similarity;0 | 0 | 563
7;TOT-both-none;instance_30_10_4_1;lex-overtime;lexicographic;overtime-priority;-;;;;;;totalizer;both;none;OPTIMUM;61.81074186;300.0;61.614360345;3;69637;199071;847;404.0;404.0;404.0;0.0;0.0;120.0;overtime | continuity | similarity;0 | 0 | 404
7;TOT-both-none;instance_30_10_4_10;lex-overtime;lexicographic;overtime-priority;-;;;;;;totalizer;both;none;OPTIMUM;55.40370882;300.0;55.21432846799999;3;66292;187804;825;389.0;389.0;389.0;0.0;0.0;120.0;overtime | continuity | similarity;0 | 0 | 389
7;TOT-both-none;instance_30_10_4_11;lex-overtime;lexicographic;overtime-priority;-;;;;;;totalizer;both;none;OPTIMUM;43.51351485;300.0;43.315264432;3;70659;193751;858;371.0;371.0;371.0;0.0;0.0;120.0;overtime | continuity | similarity;0 | 0 | 371
7;TOT-both-none;instance_30_10_4_12;lex-overtime;lexicographic;overtime-priority;-;;;;;;totalizer;both;none;OPTIMUM;50.78889064;300.0;50.604140023;3;60699;182046;781;374.0;374.0;374.0;0.0;0.0;120.0;overtime | continuity | similarity;0 | 0 | 374
7;TOT-both-none;instance_30_10_4_13;lex-overtime;lexicographic;overtime-priority;-;;;;;;totalizer;both;none;UNSATISFIABLE;0.036648797;300.0;0;1;0;0;0;;;;;;;;
7;TOT-both-none;instance_30_10_4_14;lex-overtime;lexicographic;overtime-priority;-;;;;;;totalizer;both;none;UNSATISFIABLE;0.035331902;300.0;0;1;0;0;0;;;;;;;;
7;TOT-both-none;instance_30_10_4_15;lex-overtime;lexicographic;overtime-priority;-;;;;;;totalizer;both;none;UNSATISFIABLE;0.031560532;300.0;0;1;0;0;0;;;;;;;;
7;TOT-both-none;instance_30_10_4_16;lex-overtime;lexicographic;overtime-priority;-;;;;;;totalizer;both;none;OPTIMUM;63.76356222;300.0;63.553653251;3;77964;220300;902;427.0;427.0;427.0;0.0;0.0;120.0;overtime | continuity | similarity;0 | 0 | 427
7;TOT-both-none;instance_30_10_4_17;lex-overtime;lexicographic;overtime-priority;-;;;;;;totalizer;both;none;OPTIMUM;50.52634629;300.0;50.357034793;3;68379;177152;847;400.0;400.0;400.0;0.0;0.0;120.0;overtime | continuity | similarity;0 | 0 | 400
7;TOT-both-none;instance_30_10_4_18;lex-overtime;lexicographic;overtime-priority;-;;;;;;totalizer;both;none;OPTIMUM;29.12617056;300.0;28.948672779000002;3;70469;188366;858;397.0;397.0;397.0;0.0;0.0;120.0;overtime | continuity | similarity;0 | 0 | 397
7;TOT-both-none;instance_30_10_4_19;lex-overtime;lexicographic;overtime-priority;-;;;;;;totalizer;both;none;UNSATISFIABLE;0.046051488;300.0;0;1;0;0;0;;;;;;;;
7;TOT-both-none;instance_30_10_4_2;lex-overtime;lexicographic;overtime-priority;-;;;;;;totalizer;both;none;UNSATISFIABLE;0.046450606;300.0;0;1;0;0;0;;;;;;;;
7;TOT-both-none;instance_30_10_4_20;lex-overtime;lexicographic;overtime-priority;-;;;;;;totalizer;both;none;UNSATISFIABLE;0.037927083;300.0;0;1;0;0;0;;;;;;;;
7;TOT-both-none;instance_30_10_4_21;lex-overtime;lexicographic;overtime-priority;-;;;;;;totalizer;both;none;UNSATISFIABLE;0.049726585;300.0;0;1;0;0;0;;;;;;;;
7;TOT-both-none;instance_30_10_4_22;lex-overtime;lexicographic;overtime-priority;-;;;;;;totalizer;both;none;UNSATISFIABLE;0.055190597;300.0;0;1;0;0;0;;;;;;;;
7;TOT-both-none;instance_30_10_4_23;lex-overtime;lexicographic;overtime-priority;-;;;;;;totalizer;both;none;OPTIMUM;41.45696312;300.0;41.250046664;3;76172;213177;891;378.0;378.0;378.0;0.0;0.0;120.0;overtime | continuity | similarity;0 | 0 | 378
7;TOT-both-none;instance_30_10_4_24;lex-overtime;lexicographic;overtime-priority;-;;;;;;totalizer;both;none;OPTIMUM;59.87125227;300.0;59.694569635;3;69564;186683;847;384.0;384.0;385.0;1.0;0.0;120.0;overtime | continuity | similarity;0 | 1 | 385
7;TOT-both-none;instance_30_10_4_25;lex-overtime;lexicographic;overtime-priority;-;;;;;;totalizer;both;none;OPTIMUM;53.74089378;300.0;53.55099427900001;3;57326;185233;748;443.0;443.0;443.0;0.0;0.0;120.0;overtime | continuity | similarity;0 | 0 | 443
7;TOT-both-none;instance_30_10_4_26;lex-overtime;lexicographic;overtime-priority;-;;;;;;totalizer;both;none;UNSATISFIABLE;0.068425414;300.0;0;1;0;0;0;;;;;;;;
7;TOT-both-none;instance_30_10_4_27;lex-overtime;lexicographic;overtime-priority;-;;;;;;totalizer;both;none;OPTIMUM;54.69656479;300.0;54.520053712000006;3;74664;191824;869;360.0;360.0;364.0;4.0;0.0;120.0;overtime | continuity | similarity;0 | 4 | 364
7;TOT-both-none;instance_30_10_4_28;lex-overtime;lexicographic;overtime-priority;-;;;;;;totalizer;both;none;UNSATISFIABLE;0.030475422;300.0;0;1;0;0;0;;;;;;;;
7;TOT-both-none;instance_30_10_4_29;lex-overtime;lexicographic;overtime-priority;-;;;;;;totalizer;both;none;UNSATISFIABLE;0.039609182;300.0;0;1;0;0;0;;;;;;;;
7;TOT-both-none;instance_30_10_4_3;lex-overtime;lexicographic;overtime-priority;-;;;;;;totalizer;both;none;UNSATISFIABLE;0.039988543;300.0;0;1;0;0;0;;;;;;;;
7;TOT-both-none;instance_30_10_4_30;lex-overtime;lexicographic;overtime-priority;-;;;;;;totalizer;both;none;OPTIMUM;41.78462465;300.0;41.589856732;3;68954;200383;836;358.0;358.0;359.0;1.0;0.0;120.0;overtime | continuity | similarity;0 | 1 | 359
7;TOT-both-none;instance_30_10_4_31;lex-overtime;lexicographic;overtime-priority;-;;;;;;totalizer;both;none;OPTIMUM;54.79251233;300.0;54.607181527;3;67104;186127;803;369.0;369.0;375.0;6.0;0.0;120.0;overtime | continuity | similarity;0 | 6 | 375
7;TOT-both-none;instance_30_10_4_32;lex-overtime;lexicographic;overtime-priority;-;;;;;;totalizer;both;none;OPTIMUM;57.70461227;300.0;57.498973227;3;75930;211267;891;419.0;419.0;419.0;0.0;0.0;120.0;overtime | continuity | similarity;0 | 0 | 419
7;TOT-both-none;instance_30_10_4_33;lex-overtime;lexicographic;overtime-priority;-;;;;;;totalizer;both;none;OPTIMUM;68.17701174;300.0;67.984597991;3;65406;193075;814;433.0;433.0;433.0;0.0;0.0;120.0;overtime | continuity | similarity;0 | 0 | 433
7;TOT-both-none;instance_30_10_4_34;lex-overtime;lexicographic;overtime-priority;-;;;;;;totalizer;both;none;UNSATISFIABLE;0.057123019;300.0;0;1;0;0;0;;;;;;;;
7;TOT-both-none;instance_30_10_4_35;lex-overtime;lexicographic;overtime-priority;-;;;;;;totalizer;both;none;UNSATISFIABLE;0.035077409;300.0;0;1;0;0;0;;;;;;;;
7;TOT-both-none;instance_30_10_4_36;lex-overtime;lexicographic;overtime-priority;-;;;;;;totalizer;both;none;OPTIMUM;52.17600964;300.0;51.975742825;3;63933;198808;803;385.0;385.0;385.0;0.0;0.0;120.0;overtime | continuity | similarity;0 | 0 | 385
7;TOT-both-none;instance_30_10_4_37;lex-overtime;lexicographic;overtime-priority;-;;;;;;totalizer;both;none;OPTIMUM;67.42539656;300.0;67.224886769;3;68334;200468;836;432.0;432.0;432.0;0.0;0.0;120.0;overtime | continuity | similarity;0 | 0 | 432
7;TOT-both-none;instance_30_10_4_38;lex-overtime;lexicographic;overtime-priority;-;;;;;;totalizer;both;none;UNSATISFIABLE;0.05859462;300.0;0;1;0;0;0;;;;;;;;
7;TOT-both-none;instance_30_10_4_39;lex-overtime;lexicographic;overtime-priority;-;;;;;;totalizer;both;none;UNSATISFIABLE;0.050078953;300.0;0;1;0;0;0;;;;;;;;
7;TOT-both-none;instance_30_10_4_4;lex-overtime;lexicographic;overtime-priority;-;;;;;;totalizer;both;none;OPTIMUM;66.59388288;300.0;66.393542036;3;72589;202824;869;426.0;426.0;426.0;0.0;0.0;120.0;overtime | continuity | similarity;0 | 0 | 426
7;TOT-both-none;instance_30_10_4_40;lex-overtime;lexicographic;overtime-priority;-;;;;;;totalizer;both;none;UNSATISFIABLE;0.055399169;300.0;0;1;0;0;0;;;;;;;;
7;TOT-both-none;instance_30_10_4_41;lex-overtime;lexicographic;overtime-priority;-;;;;;;totalizer;both;none;OPTIMUM;26.23889986;300.0;26.081191881;3;67500;166336;836;338.0;338.0;340.0;2.0;0.0;120.0;overtime | continuity | similarity;0 | 2 | 340
7;TOT-both-none;instance_30_10_4_42;lex-overtime;lexicographic;overtime-priority;-;;;;;;totalizer;both;none;UNSATISFIABLE;0.05787908;300.0;0;1;0;0;0;;;;;;;;
7;TOT-both-none;instance_30_10_4_43;lex-overtime;lexicographic;overtime-priority;-;;;;;;totalizer;both;none;OPTIMUM;61.22875587;300.0;61.038261160999994;3;62716;187228;792;403.0;403.0;404.0;1.0;0.0;120.0;overtime | continuity | similarity;0 | 1 | 404
7;TOT-both-none;instance_30_10_4_44;lex-overtime;lexicographic;overtime-priority;-;;;;;;totalizer;both;none;UNSATISFIABLE;0.060015346;300.0;0;1;0;0;0;;;;;;;;
7;TOT-both-none;instance_30_10_4_45;lex-overtime;lexicographic;overtime-priority;-;;;;;;totalizer;both;none;OPTIMUM;36.99552827;300.0;36.811150985;3;67552;185932;836;357.0;357.0;357.0;0.0;0.0;120.0;overtime | continuity | similarity;0 | 0 | 357
7;TOT-both-none;instance_30_10_4_46;lex-overtime;lexicographic;overtime-priority;-;;;;;;totalizer;both;none;UNSATISFIABLE;0.033495678;300.0;0;1;0;0;0;;;;;;;;
7;TOT-both-none;instance_30_10_4_47;lex-overtime;lexicographic;overtime-priority;-;;;;;;totalizer;both;none;OPTIMUM;50.49246897;300.0;50.317829674;3;78249;197406;913;387.0;387.0;387.0;0.0;0.0;120.0;overtime | continuity | similarity;0 | 0 | 387
7;TOT-both-none;instance_30_10_4_48;lex-overtime;lexicographic;overtime-priority;-;;;;;;totalizer;both;none;OPTIMUM;3.667473973;300.0;3.504393465;3;74266;182230;891;373.0;373.0;373.0;0.0;0.0;120.0;overtime | continuity | similarity;0 | 0 | 373
7;TOT-both-none;instance_30_10_4_49;lex-overtime;lexicographic;overtime-priority;-;;;;;;totalizer;both;none;UNSATISFIABLE;0.068509537;300.0;0;1;0;0;0;;;;;;;;
7;TOT-both-none;instance_30_10_4_5;lex-overtime;lexicographic;overtime-priority;-;;;;;;totalizer;both;none;OPTIMUM;42.58548758;300.0;42.396052291;3;75808;200665;891;414.0;414.0;415.0;1.0;0.0;120.0;overtime | continuity | similarity;0 | 1 | 415
7;TOT-both-none;instance_30_10_4_50;lex-overtime;lexicographic;overtime-priority;-;;;;;;totalizer;both;none;UNSATISFIABLE;0.058396932;300.0;0;1;0;0;0;;;;;;;;
7;TOT-both-none;instance_30_10_4_6;lex-overtime;lexicographic;overtime-priority;-;;;;;;totalizer;both;none;OPTIMUM;65.36952056;300.0;65.170873417;3;71280;205525;858;384.0;384.0;384.0;0.0;0.0;120.0;overtime | continuity | similarity;0 | 0 | 384
7;TOT-both-none;instance_30_10_4_7;lex-overtime;lexicographic;overtime-priority;-;;;;;;totalizer;both;none;UNSATISFIABLE;0.040260648;300.0;0;1;0;0;0;;;;;;;;
7;TOT-both-none;instance_30_10_4_8;lex-overtime;lexicographic;overtime-priority;-;;;;;;totalizer;both;none;OPTIMUM;55.78627515;300.0;55.601293008;3;63790;181682;803;398.0;398.0;399.0;1.0;0.0;120.0;overtime | continuity | similarity;0 | 1 | 399
7;TOT-both-none;instance_30_10_4_9;lex-overtime;lexicographic;overtime-priority;-;;;;;;totalizer;both;none;UNSATISFIABLE;0.040488997;300.0;0;1;0;0;0;;;;;;;;
7;TOT-both-none;instance_30_10_5_1;lex-overtime;lexicographic;overtime-priority;-;;;;;;totalizer;both;none;OPTIMUM;75.25680531;300.0;75.019768071;3;93228;252226;990;486.0;486.0;486.0;0.0;0.0;150.0;overtime | continuity | similarity;0 | 0 | 486
7;TOT-both-none;instance_30_10_5_10;lex-overtime;lexicographic;overtime-priority;-;;;;;;totalizer;both;none;OPTIMUM;54.00651017;300.0;53.726458582999996;3;103628;280431;1045;477.0;477.0;478.0;1.0;0.0;150.0;overtime | continuity | similarity;0 | 1 | 478
7;TOT-both-none;instance_30_10_5_11;lex-overtime;lexicographic;overtime-priority;-;;;;;;totalizer;both;none;UNSATISFIABLE;0.060487393;300.0;0;1;0;0;0;;;;;;;;
7;TOT-both-none;instance_30_10_5_12;lex-overtime;lexicographic;overtime-priority;-;;;;;;totalizer;both;none;UNSATISFIABLE;0.066612649;300.0;0;1;0;0;0;;;;;;;;
7;TOT-both-none;instance_30_10_5_13;lex-overtime;lexicographic;overtime-priority;-;;;;;;totalizer;both;none;UNSATISFIABLE;0.074814173;300.0;0;1;0;0;0;;;;;;;;
7;TOT-both-none;instance_30_10_5_14;lex-overtime;lexicographic;overtime-priority;-;;;;;;totalizer;both;none;UNSATISFIABLE;0.124189708;300.0;0;1;0;0;0;;;;;;;;
7;TOT-both-none;instance_30_10_5_15;lex-overtime;lexicographic;overtime-priority;-;;;;;;totalizer;both;none;UNSATISFIABLE;0.090332526;300.0;0;1;0;0;0;;;;;;;;
7;TOT-both-none;instance_30_10_5_16;lex-overtime;lexicographic;overtime-priority;-;;;;;;totalizer;both;none;OPTIMUM;55.9427648;300.0;55.703052871999994;3;74341;248437;858;473.0;473.0;473.0;0.0;0.0;150.0;overtime | continuity | similarity;0 | 0 | 473
7;TOT-both-none;instance_30_10_5_17;lex-overtime;lexicographic;overtime-priority;-;;;;;;totalizer;both;none;OPTIMUM;52.39039495;300.0;52.165201280999995;3;89255;242060;968;414.0;414.0;414.0;0.0;0.0;150.0;overtime | continuity | similarity;0 | 0 | 414
7;TOT-both-none;instance_30_10_5_18;lex-overtime;lexicographic;overtime-priority;-;;;;;;totalizer;both;none;OPTIMUM;69.72147133;300.0;69.439584269;3;89602;278624;946;516.0;516.0;518.0;2.0;0.0;150.0;overtime | continuity | similarity;0 | 2 | 518
7;TOT-both-none;instance_30_10_5_19;lex-overtime;lexicographic;overtime-priority;-;;;;;;totalizer;both;none;UNSATISFIABLE;0.059804261;300.0;0;1;0;0;0;;;;;;;;
7;TOT-both-none;instance_30_10_5_2;lex-overtime;lexicographic;overtime-priority;-;;;;;;totalizer;both;none;UNSATISFIABLE;0.08105014;300.0;0;1;0;0;0;;;;;;;;
7;TOT-both-none;instance_30_10_5_20;lex-overtime;lexicographic;overtime-priority;-;;;;;;totalizer;both;none;UNSATISFIABLE;0.072943105;300.0;0;1;0;0;0;;;;;;;;
7;TOT-both-none;instance_30_10_5_21;lex-overtime;lexicographic;overtime-priority;-;;;;;;totalizer;both;none;UNSATISFIABLE;0.058769952;300.0;0;1;0;0;0;;;;;;;;
7;TOT-both-none;instance_30_10_5_22;lex-overtime;lexicographic;overtime-priority;-;;;;;;totalizer;both;none;OPTIMUM;56.37136724;300.0;56.090607068;3;97801;280683;1001;495.0;495.0;497.0;2.0;0.0;150.0;overtime | continuity | similarity;0 | 2 | 497
7;TOT-both-none;instance_30_10_5_23;lex-overtime;lexicographic;overtime-priority;-;;;;;;totalizer;both;none;UNSATISFIABLE;0.052226687;300.0;0;1;0;0;0;;;;;;;;
7;TOT-both-none;instance_30_10_5_24;lex-overtime;lexicographic;overtime-priority;-;;;;;;totalizer;both;none;UNSATISFIABLE;0.061367064;300.0;0;1;0;0;0;;;;;;;;
7;TOT-both-none;instance_30_10_5_25;lex-overtime;lexicographic;overtime-priority;-;;;;;;totalizer;both;none;UNSATISFIABLE;0.071820456;300.0;0;1;0;0;0;;;;;;;;
7;TOT-both-none;instance_30_10_5_26;lex-overtime;lexicographic;overtime-priority;-;;;;;;totalizer;both;none;UNSATISFIABLE;0.038864779;300.0;0;1;0;0;0;;;;;;;;
7;TOT-both-none;instance_30_10_5_27;lex-overtime;lexicographic;overtime-priority;-;;;;;;totalizer;both;none;UNSATISFIABLE;0.070560796;300.0;0;1;0;0;0;;;;;;;;
7;TOT-both-none;instance_30_10_5_28;lex-overtime;lexicographic;overtime-priority;-;;;;;;totalizer;both;none;UNSATISFIABLE;0.039605556;300.0;0;1;0;0;0;;;;;;;;
7;TOT-both-none;instance_30_10_5_29;lex-overtime;lexicographic;overtime-priority;-;;;;;;totalizer;both;none;UNSATISFIABLE;0.03652293;300.0;0;1;0;0;0;;;;;;;;
7;TOT-both-none;instance_30_10_5_3;lex-overtime;lexicographic;overtime-priority;-;;;;;;totalizer;both;none;OPTIMUM;54.74833506;300.0;54.506462152;3;82159;261741;902;470.0;470.0;472.0;2.0;0.0;150.0;overtime | continuity | similarity;0 | 2 | 472
7;TOT-both-none;instance_30_10_5_30;lex-overtime;lexicographic;overtime-priority;-;;;;;;totalizer;both;none;UNSATISFIABLE;0.060128241;300.0;0;1;0;0;0;;;;;;;;
7;TOT-both-none;instance_30_10_5_31;lex-overtime;lexicographic;overtime-priority;-;;;;;;totalizer;both;none;OPTIMUM;49.45075963;300.0;49.224038581;3;85433;234589;946;506.0;506.0;506.0;0.0;0.0;150.0;overtime | continuity | similarity;0 | 0 | 506
7;TOT-both-none;instance_30_10_5_32;lex-overtime;lexicographic;overtime-priority;-;;;;;;totalizer;both;none;OPTIMUM;88.69503898;300.0;88.41227755599999;3;98055;282550;1012;543.0;543.0;543.0;0.0;0.0;150.0;overtime | continuity | similarity;0 | 0 | 543
7;TOT-both-none;instance_30_10_5_33;lex-overtime;lexicographic;overtime-priority;-;;;;;;totalizer;both;none;OPTIMUM;80.92050742;300.0;80.595312729;3;90981;311826;957;552.0;552.0;552.0;0.0;0.0;150.0;overtime | continuity | similarity;0 | 0 | 552
7;TOT-both-none;instance_30_10_5_34;lex-overtime;lexicographic;overtime-priority;-;;;;;;totalizer;both;none;OPTIMUM;51.83817137;300.0;51.54473454;3;104125;292105;1034;446.0;446.0;449.0;3.0;0.0;150.0;overtime | continuity | similarity;0 | 3 | 449
7;TOT-both-none;instance_30_10_5_35;lex-overtime;lexicographic;overtime-priority;-;;;;;;totalizer;both;none;OPTIMUM;52.80863986;300.0;52.527951002;3;101352;276630;1034;492.0;492.0;492.0;0.0;0.0;150.0;overtime | continuity | similarity;0 | 0 | 492
7;TOT-both-none;instance_30_10_5_36;lex-overtime;lexicographic;overtime-priority;-;;;;;;totalizer;both;none;OPTIMUM;60.38655612;300.0;60.087362664;3;96587;296102;979;485.0;485.0;489.0;4.0;0.0;150.0;overtime | continuity | similarity;0 | 4 | 489
7;TOT-both-none;instance_30_10_5_37;lex-overtime;lexicographic;overtime-priority;-;;;;;;totalizer;both;none;OPTIMUM;25.85176694;300.0;25.643392625;3;93414;232521;1001;494.0;494.0;494.0;0.0;0.0;150.0;overtime | continuity | similarity;0 | 0 | 494
7;TOT-both-none;instance_30_10_5_38;lex-overtime;lexicographic;overtime-priority;-;;;;;;totalizer;both;none;OPTIMUM;74.40325295;300.0;74.12082391500002;3;104940;287050;1056;518.0;518.0;518.0;0.0;0.0;150.0;overtime | continuity | similarity;0 | 0 | 518
7;TOT-both-none;instance_30_10_5_39;lex-overtime;lexicographic;overtime-priority;-;;;;;;totalizer;both;none;OPTIMUM;60.41621;300.0;60.131551640999994;3;105513;287213;1056;520.0;520.0;521.0;1.0;0.0;150.0;overtime | continuity | similarity;0 | 1 | 521
7;TOT-both-none;instance_30_10_5_4;lex-overtime;lexicographic;overtime-priority;-;;;;;;totalizer;both;none;UNSATISFIABLE;0.039714747;300.0;0;1;0;0;0;;;;;;;;
7;TOT-both-none;instance_30_10_5_40;lex-overtime;lexicographic;overtime-priority;-;;;;;;totalizer;both;none;UNSATISFIABLE;0.062211026;300.0;0;1;0;0;0;;;;;;;;
7;TOT-both-none;instance_30_10_5_41;lex-overtime;lexicographic;overtime-priority;-;;;;;;totalizer;both;none;UNSATISFIABLE;0.068667094;300.0;0;1;0;0;0;;;;;;;;
7;TOT-both-none;instance_30_10_5_42;lex-overtime;lexicographic;overtime-priority;-;;;;;;totalizer;both;none;OPTIMUM;75.65728459;300.0;75.37431961300001;3;97047;282960;1001;474.0;474.0;475.0;1.0;0.0;150.0;overtime | continuity | similarity;0 | 1 | 475
7;TOT-both-none;instance_30_10_5_43;lex-overtime;lexicographic;overtime-priority;-;;;;;;totalizer;both;none;UNSATISFIABLE;0.060698394;300.0;0;1;0;0;0;;;;;;;;
7;TOT-both-none;instance_30_10_5_44;lex-overtime;lexicographic;overtime-priority;-;;;;;;totalizer;both;none;UNSATISFIABLE;0.097832084;300.0;0;1;0;0;0;;;;;;;;
7;TOT-both-none;instance_30_10_5_45;lex-overtime;lexicographic;overtime-priority;-;;;;;;totalizer;both;none;UNSATISFIABLE;0.058307039;300.0;0;1;0;0;0;;;;;;;;
7;TOT-both-none;instance_30_10_5_46;lex-overtime;lexicographic;overtime-priority;-;;;;;;totalizer;both;none;UNSATISFIABLE;0.035349567;300.0;0;1;0;0;0;;;;;;;;
7;TOT-both-none;instance_30_10_5_47;lex-overtime;lexicographic;overtime-priority;-;;;;;;totalizer;both;none;UNSATISFIABLE;0.033735696;300.0;0;1;0;0;0;;;;;;;;
7;TOT-both-none;instance_30_10_5_48;lex-overtime;lexicographic;overtime-priority;-;;;;;;totalizer;both;none;OPTIMUM;66.16383394;300.0;65.921717108;3;98924;259876;1023;472.0;472.0;473.0;1.0;0.0;150.0;overtime | continuity | similarity;0 | 1 | 473
7;TOT-both-none;instance_30_10_5_49;lex-overtime;lexicographic;overtime-priority;-;;;;;;totalizer;both;none;TIMEOUT;300.1173543;300.0;0.040536461;2;10627;83720;30;;;;;;;overtime;0
7;TOT-both-none;instance_30_10_5_5;lex-overtime;lexicographic;overtime-priority;-;;;;;;totalizer;both;none;UNSATISFIABLE;0.063403617;300.0;0;1;0;0;0;;;;;;;;
7;TOT-both-none;instance_30_10_5_50;lex-overtime;lexicographic;overtime-priority;-;;;;;;totalizer;both;none;UNSATISFIABLE;0.06182837;300.0;0;1;0;0;0;;;;;;;;
7;TOT-both-none;instance_30_10_5_6;lex-overtime;lexicographic;overtime-priority;-;;;;;;totalizer;both;none;UNSATISFIABLE;0.058203832;300.0;0;1;0;0;0;;;;;;;;
7;TOT-both-none;instance_30_10_5_7;lex-overtime;lexicographic;overtime-priority;-;;;;;;totalizer;both;none;UNSATISFIABLE;0.070049787;300.0;0;1;0;0;0;;;;;;;;
7;TOT-both-none;instance_30_10_5_8;lex-overtime;lexicographic;overtime-priority;-;;;;;;totalizer;both;none;OPTIMUM;80.50505295;300.0;80.269448657;3;89864;257012;968;535.0;535.0;535.0;0.0;0.0;150.0;overtime | continuity | similarity;0 | 0 | 535
7;TOT-both-none;instance_30_10_5_9;lex-overtime;lexicographic;overtime-priority;-;;;;;;totalizer;both;none;OPTIMUM;50.24467539;300.0;50.029204376;3;77588;218239;880;470.0;470.0;473.0;3.0;0.0;150.0;overtime | continuity | similarity;0 | 3 | 473
7;TOT-both-none;instance_30_15_4_1;lex-overtime;lexicographic;overtime-priority;-;;;;;;totalizer;both;none;OPTIMUM;78.75866511;300.0;78.457401294;3;107150;303472;1264;438.0;438.0;438.0;0.0;0.0;120.0;overtime | continuity | similarity;0 | 0 | 438
7;TOT-both-none;instance_30_15_4_10;lex-overtime;lexicographic;overtime-priority;-;;;;;;totalizer;both;none;OPTIMUM;69.94286853;300.0;69.65927897600001;3;108536;287958;1280;410.0;410.0;410.0;0.0;0.0;120.0;overtime | continuity | similarity;0 | 0 | 410
7;TOT-both-none;instance_30_15_4_11;lex-overtime;lexicographic;overtime-priority;-;;;;;;totalizer;both;none;OPTIMUM;70.67340401;300.0;70.446138893;3;87560;238500;1136;406.0;406.0;406.0;0.0;0.0;120.0;overtime | continuity | similarity;0 | 0 | 406
7;TOT-both-none;instance_30_15_4_12;lex-overtime;lexicographic;overtime-priority;-;;;;;;totalizer;both;none;OPTIMUM;70.11889541;300.0;69.84642743799999;3;99032;268614;1216;439.0;439.0;439.0;0.0;0.0;120.0;overtime | continuity | similarity;0 | 0 | 439
7;TOT-both-none;instance_30_15_4_13;lex-overtime;lexicographic;overtime-priority;-;;;;;;totalizer;both;none;OPTIMUM;55.24091743;300.0;55.022708263;3;89359;229431;1136;383.0;383.0;386.0;3.0;0.0;120.0;overtime | continuity | similarity;0 | 3 | 386
7;TOT-both-none;instance_30_15_4_14;lex-overtime;lexicographic;overtime-priority;-;;;;;;totalizer;both;none;OPTIMUM;72.40189426;300.0;72.12067237;3;106046;284697;1264;389.0;389.0;389.0;0.0;0.0;120.0;overtime | continuity | similarity;0 | 0 | 389
7;TOT-both-none;instance_30_15_4_15;lex-overtime;lexicographic;overtime-priority;-;;;;;;totalizer;both;none;OPTIMUM;77.84882778;300.0;77.559493245;3;102297;292060;1232;446.0;446.0;446.0;0.0;0.0;120.0;overtime | continuity | similarity;0 | 0 | 446
7;TOT-both-none;instance_30_15_4_16;lex-overtime;lexicographic;overtime-priority;-;;;;;;totalizer;both;none;OPTIMUM;52.58551065;300.0;52.356315713;3;104462;256677;1264;398.0;398.0;398.0;0.0;0.0;120.0;overtime | continuity | similarity;0 | 0 | 398
7;TOT-both-none;instance_30_15_4_17;lex-overtime;lexicographic;overtime-priority;-;;;;;;totalizer;both;none;OPTIMUM;74.24893788;300.0;73.96668372600001;3;106391;285957;1264;417.0;417.0;417.0;0.0;0.0;120.0;overtime | continuity | similarity;0 | 0 | 417
7;TOT-both-none;instance_30_15_4_18;lex-overtime;lexicographic;overtime-priority;-;;;;;;totalizer;both;none;OPTIMUM;74.39697137;300.0;74.067920774;3;105914;321129;1248;448.0;448.0;448.0;0.0;0.0;120.0;overtime | continuity | similarity;0 | 0 | 448
7;TOT-both-none;instance_30_15_4_19;lex-overtime;lexicographic;overtime-priority;-;;;;;;totalizer;both;none;OPTIMUM;65.57996314;300.0;65.349926932;3;92704;247419;1168;391.0;391.0;392.0;1.0;0.0;120.0;overtime | continuity | similarity;0 | 1 | 392
7;TOT-both-none;instance_30_15_4_2;lex-overtime;lexicographic;overtime-priority;-;;;;;;totalizer;both;none;OPTIMUM;67.49853554;300.0;67.24861558100001;3;113548;265988;1328;369.0;369.0;369.0;0.0;0.0;120.0;overtime | continuity | similarity;0 | 0 | 369
7;TOT-both-none;instance_30_15_4_20;lex-overtime;lexicographic;overtime-priority;-;;;;;;totalizer;both;none;OPTIMUM;69.95551579;300.0;69.685345981;3;117089;282265;1344;420.0;420.0;420.0;0.0;0.0;120.0;overtime | continuity | similarity;0 | 0 | 420
7;TOT-both-none;instance_30_15_4_21;lex-overtime;lexicographic;overtime-priority;-;;;;;;totalizer;both;none;UNSATISFIABLE;0.058802082;300.0;0;1;0;0;0;;;;;;;;
7;TOT-both-none;instance_30_15_4_22;lex-overtime;lexicographic;overtime-priority;-;;;;;;totalizer;both;none;OPTIMUM;72.31630507;300.0;72.080812279;3;98118;257484;1216;413.0;413.0;413.0;0.0;0.0;120.0;overtime | continuity | similarity;0 | 0 | 413
7;TOT-both-none;instance_30_15_4_23;lex-overtime;lexicographic;overtime-priority;-;;;;;;totalizer;both;none;OPTIMUM;71.905989;300.0;71.61687957200002;3;100294;292492;1216;427.0;427.0;427.0;0.0;0.0;120.0;overtime | continuity | similarity;0 | 0 | 427
7;TOT-both-none;instance_30_15_4_24;lex-overtime;lexicographic;overtime-priority;-;;;;;;totalizer;both;none;OPTIMUM;84.21655904;300.0;83.91661971699999;3;113804;311223;1312;444.0;444.0;444.0;0.0;0.0;120.0;overtime | continuity | similarity;0 | 0 | 444
7;TOT-both-none;instance_30_15_4_25;lex-overtime;lexicographic;overtime-priority;-;;;;;;totalizer;both;none;OPTIMUM;53.70077967;300.0;53.419216078999995;3;108264;280748;1280;402.0;402.0;402.0;0.0;0.0;120.0;overtime | continuity | similarity;0 | 0 | 402
7;TOT-both-none;instance_30_15_4_26;lex-overtime;lexicographic;overtime-priority;-;;;;;;totalizer;both;none;OPTIMUM;75.75287691;300.0;75.482182976;3;101609;276498;1232;436.0;436.0;436.0;0.0;0.0;120.0;overtime | continuity | similarity;0 | 0 | 436
7;TOT-both-none;instance_30_15_4_27;lex-overtime;lexicographic;overtime-priority;-;;;;;;totalizer;both;none;OPTIMUM;69.65831894;300.0;69.385434239;3;103477;275805;1248;407.0;407.0;407.0;0.0;0.0;120.0;overtime | continuity | similarity;0 | 0 | 407
7;TOT-both-none;instance_30_15_4_28;lex-overtime;lexicographic;overtime-priority;-;;;;;;totalizer;both;none;OPTIMUM;68.16634398;300.0;67.88870399;3;99128;276392;1216;410.0;410.0;410.0;0.0;0.0;120.0;overtime | continuity | similarity;0 | 0 | 410
7;TOT-both-none;instance_30_15_4_29;lex-overtime;lexicographic;overtime-priority;-;;;;;;totalizer;both;none;OPTIMUM;43.42542984;300.0;43.21218737900001;3;97146;238679;1216;399.0;399.0;399.0;0.0;0.0;120.0;overtime | continuity | similarity;0 | 0 | 399
7;TOT-both-none;instance_30_15_4_3;lex-overtime;lexicographic;overtime-priority;-;;;;;;totalizer;both;none;OPTIMUM;69.6328039;300.0;69.335989188;3;109206;307482;1280;431.0;431.0;431.0;0.0;0.0;120.0;overtime | continuity | similarity;0 | 0 | 431
7;TOT-both-none;instance_30_15_4_30;lex-overtime;lexicographic;overtime-priority;-;;;;;;totalizer;both;none;OPTIMUM;76.96544769;300.0;76.675405572;3;106693;298822;1264;435.0;435.0;435.0;0.0;0.0;120.0;overtime | continuity | similarity;0 | 0 | 435
7;TOT-both-none;instance_30_15_4_31;lex-overtime;lexicographic;overtime-priority;-;;;;;;totalizer;both;none;OPTIMUM;73.81766331;300.0;73.52713258;3;102031;290156;1232;407.0;407.0;407.0;0.0;0.0;120.0;overtime | continuity | similarity;0 | 0 | 407
7;TOT-both-none;instance_30_15_4_32;lex-overtime;lexicographic;overtime-priority;-;;;;;;totalizer;both;none;OPTIMUM;65.28921107;300.0;65.009502348;3;103622;284360;1248;382.0;382.0;382.0;0.0;0.0;120.0;overtime | continuity | similarity;0 | 0 | 382
7;TOT-both-none;instance_30_15_4_33;lex-overtime;lexicographic;overtime-priority;-;;;;;;totalizer;both;none;OPTIMUM;79.01277706;300.0;78.71898751300002;3;109220;300830;1280;429.0;429.0;429.0;0.0;0.0;120.0;overtime | continuity | similarity;0 | 0 | 429
7;TOT-both-none;instance_30_15_4_34;lex-overtime;lexicographic;overtime-priority;-;;;;;;totalizer;both;none;OPTIMUM;68.76436034;300.0;68.472445335;3;106815;298053;1264;396.0;396.0;396.0;0.0;0.0;120.0;overtime | continuity | similarity;0 | 0 | 396
7;TOT-both-none;instance_30_15_4_35;lex-overtime;lexicographic;overtime-priority;-;;;;;;totalizer;both;none;UNSATISFIABLE;0.067482537;300.0;0;1;0;0;0;;;;;;;;
7;TOT-both-none;instance_30_15_4_36;lex-overtime;lexicographic;overtime-priority;-;;;;;;totalizer;both;none;OPTIMUM;57.55520859;300.0;57.312701587;3;90169;255796;1152;427.0;427.0;427.0;0.0;0.0;120.0;overtime | continuity | similarity;0 | 0 | 427
7;TOT-both-none;instance_30_15_4_37;lex-overtime;lexicographic;overtime-priority;-;;;;;;totalizer;both;none;OPTIMUM;62.19692023;300.0;61.908706871;3;113074;293283;1312;420.0;420.0;420.0;0.0;0.0;120.0;overtime | continuity | similarity;0 | 0 | 420
7;TOT-both-none;instance_30_15_4_38;lex-overtime;lexicographic;overtime-priority;-;;;;;;totalizer;both;none;OPTIMUM;64.34547742;300.0;64.080085375;3;98641;263812;1216;402.0;402.0;402.0;0.0;0.0;120.0;overtime | continuity | similarity;0 | 0 | 402
7;TOT-both-none;instance_30_15_4_39;lex-overtime;lexicographic;overtime-priority;-;;;;;;totalizer;both;none;OPTIMUM;71.28624909;300.0;71.001186303;3;99780;283501;1216;437.0;437.0;437.0;0.0;0.0;120.0;overtime | continuity | similarity;0 | 0 | 437
7;TOT-both-none;instance_30_15_4_4;lex-overtime;lexicographic;overtime-priority;-;;;;;;totalizer;both;none;OPTIMUM;90.21273017;300.0;89.90470907699999;3;112190;318808;1296;450.0;450.0;450.0;0.0;0.0;120.0;overtime | continuity | similarity;0 | 0 | 450
7;TOT-both-none;instance_30_15_4_40;lex-overtime;lexicographic;overtime-priority;-;;;;;;totalizer;both;none;OPTIMUM;67.64329117;300.0;67.399199719;3;89867;256197;1152;450.0;450.0;450.0;0.0;0.0;120.0;overtime | continuity | similarity;0 | 0 | 450
7;TOT-both-none;instance_30_15_4_41;lex-overtime;lexicographic;overtime-priority;-;;;;;;totalizer;both;none;OPTIMUM;81.95340481;300.0;81.61483187099999;3;105833;327006;1248;443.0;443.0;443.0;0.0;0.0;120.0;overtime | continuity | similarity;0 | 0 | 443
7;TOT-both-none;instance_30_15_4_42;lex-overtime;lexicographic;overtime-priority;-;;;;;;totalizer;both;none;OPTIMUM;76.56175128;300.0;76.263151682;3;105183;307258;1248;432.0;432.0;432.0;0.0;0.0;120.0;overtime | continuity | similarity;0 | 0 | 432
7;TOT-both-none;instance_30_15_4_43;lex-overtime;lexicographic;overtime-priority;-;;;;;;totalizer;both;none;OPTIMUM;79.95242293;300.0;79.67119663599999;3;101537;287385;1232;411.0;411.0;411.0;0.0;0.0;120.0;overtime | continuity | similarity;0 | 0 | 411
7;TOT-both-none;instance_30_15_4_44;lex-overtime;lexicographic;overtime-priority;-;;;;;;totalizer;both;none;UNSATISFIABLE;0.061600735;300.0;0;1;0;0;0;;;;;;;;
7;TOT-both-none;instance_30_15_4_45;lex-overtime;lexicographic;overtime-priority;-;;;;;;totalizer;both;none;OPTIMUM;70.85383032;300.0;70.549975226;3;107345;310733;1264;416.0;416.0;416.0;0.0;0.0;120.0;overtime | continuity | similarity;0 | 0 | 416
7;TOT-both-none;instance_30_15_4_46;lex-overtime;lexicographic;overtime-priority;-;;;;;;totalizer;both;none;OPTIMUM;76.41164904;300.0;76.11495376500001;3;104274;297340;1248;446.0;446.0;446.0;0.0;0.0;120.0;overtime | continuity | similarity;0 | 0 | 446
7;TOT-both-none;instance_30_15_4_47;lex-overtime;lexicographic;overtime-priority;-;;;;;;totalizer;both;none;OPTIMUM;59.52423675;300.0;59.222677573;3;119535;308112;1344;417.0;417.0;418.0;1.0;0.0;120.0;overtime | continuity | similarity;0 | 1 | 418
7;TOT-both-none;instance_30_15_4_48;lex-overtime;lexicographic;overtime-priority;-;;;;;;totalizer;both;none;OPTIMUM;64.93091637;300.0;64.689460287;3;94500;258499;1184;430.0;430.0;430.0;0.0;0.0;120.0;overtime | continuity | similarity;0 | 0 | 430
7;TOT-both-none;instance_30_15_4_49;lex-overtime;lexicographic;overtime-priority;-;;;;;;totalizer;both;none;OPTIMUM;74.46883596;300.0;74.192534691;3;97154;272110;1200;421.0;421.0;421.0;0.0;0.0;120.0;overtime | continuity | similarity;0 | 0 | 421
7;TOT-both-none;instance_30_15_4_5;lex-overtime;lexicographic;overtime-priority;-;;;;;;totalizer;both;none;OPTIMUM;62.71807498;300.0;62.486283732000004;3;90873;252865;1152;400.0;400.0;401.0;1.0;0.0;120.0;overtime | continuity | similarity;0 | 1 | 401
7;TOT-both-none;instance_30_15_4_50;lex-overtime;lexicographic;overtime-priority;-;;;;;;totalizer;both;none;OPTIMUM;68.35889583;300.0;68.122484;3;96102;250066;1152;396.0;396.0;403.0;7.0;0.0;120.0;overtime | continuity | similarity;0 | 7 | 403
7;TOT-both-none;instance_30_15_4_6;lex-overtime;lexicographic;overtime-priority;-;;;;;;totalizer;both;none;OPTIMUM;77.90249504;300.0;77.64298110299998;3;109354;267776;1296;436.0;436.0;436.0;0.0;0.0;120.0;overtime | continuity | similarity;0 | 0 | 436
7;TOT-both-none;instance_30_15_4_7;lex-overtime;lexicographic;overtime-priority;-;;;;;;totalizer;both;none;UNSATISFIABLE;0.072697356;300.0;0;1;0;0;0;;;;;;;;
7;TOT-both-none;instance_30_15_4_8;lex-overtime;lexicographic;overtime-priority;-;;;;;;totalizer;both;none;UNSATISFIABLE;0.068181837;300.0;0;1;0;0;0;;;;;;;;
7;TOT-both-none;instance_30_15_4_9;lex-overtime;lexicographic;overtime-priority;-;;;;;;totalizer;both;none;OPTIMUM;51.37005766;300.0;51.141344437;3;92640;247979;1168;385.0;385.0;386.0;1.0;0.0;120.0;overtime | continuity | similarity;0 | 1 | 386
7;TOT-both-none;instance_30_15_5_1;lex-overtime;lexicographic;overtime-priority;-;;;;;;totalizer;both;none;OPTIMUM;83.77237119;300.0;83.348429047;3;147434;446514;1472;543.0;543.0;545.0;2.0;0.0;150.0;overtime | continuity | similarity;0 | 2 | 545
7;TOT-both-none;instance_30_15_5_10;lex-overtime;lexicographic;overtime-priority;-;;;;;;totalizer;both;none;UNSATISFIABLE;0.081495212;300.0;0;1;0;0;0;;;;;;;;
7;TOT-both-none;instance_30_15_5_11;lex-overtime;lexicographic;overtime-priority;-;;;;;;totalizer;both;none;OPTIMUM;90.58877489;300.0;90.19981722600001;3;137627;388828;1440;522.0;522.0;522.0;0.0;0.0;150.0;overtime | continuity | similarity;0 | 0 | 522
7;TOT-both-none;instance_30_15_5_12;lex-overtime;lexicographic;overtime-priority;-;;;;;;totalizer;both;none;OPTIMUM;96.69958424;300.0;96.26238799000001;3;140477;453102;1440;568.0;568.0;568.0;0.0;0.0;150.0;overtime | continuity | similarity;0 | 0 | 568
7;TOT-both-none;instance_30_15_5_13;lex-overtime;lexicographic;overtime-priority;-;;;;;;totalizer;both;none;OPTIMUM;81.92436881;300.0;81.525949831;3;128376;398917;1376;540.0;540.0;540.0;0.0;0.0;150.0;overtime | continuity | similarity;0 | 0 | 540
7;TOT-both-none;instance_30_15_5_14;lex-overtime;lexicographic;overtime-priority;-;;;;;;totalizer;both;none;OPTIMUM;90.61387813;300.0;90.23819861199999;3;133592;378484;1408;504.0;504.0;505.0;1.0;0.0;150.0;overtime | continuity | similarity;0 | 1 | 505
7;TOT-both-none;instance_30_15_5_15;lex-overtime;lexicographic;overtime-priority;-;;;;;;totalizer;both;none;OPTIMUM;76.9666653;300.0;76.56582266699999;3;128394;404454;1376;545.0;545.0;545.0;0.0;0.0;150.0;overtime | continuity | similarity;0 | 0 | 545
7;TOT-both-none;instance_30_15_5_16;lex-overtime;lexicographic;overtime-priority;-;;;;;;totalizer;both;none;OPTIMUM;77.32775739;300.0;76.941218578;3;131549;383891;1376;464.0;464.0;467.0;3.0;0.0;150.0;overtime | continuity | similarity;0 | 3 | 467
7;TOT-both-none;instance_30_15_5_17;lex-overtime;lexicographic;overtime-priority;-;;;;;;totalizer;both;none;OPTIMUM;83.32926463;300.0;82.978081666;3;133846;361668;1424;542.0;542.0;542.0;0.0;0.0;150.0;overtime | continuity | similarity;0 | 0 | 542
7;TOT-both-none;instance_30_15_5_18;lex-overtime;lexicographic;overtime-priority;-;;;;;;totalizer;both;none;OPTIMUM;86.66109657;300.0;86.31209565699999;3;131634;365012;1408;527.0;527.0;527.0;0.0;0.0;150.0;overtime | continuity | similarity;0 | 0 | 527
7;TOT-both-none;instance_30_15_5_19;lex-overtime;lexicographic;overtime-priority;-;;;;;;totalizer;both;none;OPTIMUM;94.40591851;300.0;93.994079255;3;144396;427206;1472;522.0;522.0;522.0;0.0;0.0;150.0;overtime | continuity | similarity;0 | 0 | 522
7;TOT-both-none;instance_30_15_5_2;lex-overtime;lexicographic;overtime-priority;-;;;;;;totalizer;both;none;OPTIMUM;73.23107806;300.0;72.85183181699999;3;108450;356624;1248;546.0;546.0;546.0;0.0;0.0;150.0;overtime | continuity | similarity;0 | 0 | 546
7;TOT-both-none;instance_30_15_5_20;lex-overtime;lexicographic;overtime-priority;-;;;;;;totalizer;both;none;UNSATISFIABLE;0.133218186;300.0;0;1;0;0;0;;;;;;;;
7;TOT-both-none;instance_30_15_5_21;lex-overtime;lexicographic;overtime-priority;-;;;;;;totalizer;both;none;OPTIMUM;102.0892242;300.0;101.714613311;3;135467;391705;1424;509.0;509.0;509.0;0.0;0.0;150.0;overtime | continuity | similarity;0 | 0 | 509
7;TOT-both-none;instance_30_15_5_22;lex-overtime;lexicographic;overtime-priority;-;;;;;;totalizer;both;none;OPTIMUM;83.32209212;300.0;82.909577918;3;141461;420992;1456;536.0;536.0;536.0;0.0;0.0;150.0;overtime | continuity | similarity;0 | 0 | 536
7;TOT-both-none;instance_30_15_5_23;lex-overtime;lexicographic;overtime-priority;-;;;;;;totalizer;both;none;OPTIMUM;99.1323554;300.0;98.72424107799999;3;139238;413376;1440;532.0;532.0;532.0;0.0;0.0;150.0;overtime | continuity | similarity;0 | 0 | 532
8;TOT-both-ss;instance_30_10_4_1;lex-overtime;lexicographic;overtime-priority;-;;;;;;totalizer;both;slot-service;OPTIMUM;60.84093822;300.0;60.644031565;3;69643;199097;847;404.0;404.0;404.0;0.0;0.0;120.0;overtime | continuity | similarity;0 | 0 | 404
8;TOT-both-ss;instance_30_10_4_10;lex-overtime;lexicographic;overtime-priority;-;;;;;;totalizer;both;slot-service;OPTIMUM;55.38050333;300.0;55.18581626;3;66293;187811;825;389.0;389.0;389.0;0.0;0.0;120.0;overtime | continuity | similarity;0 | 0 | 389
8;TOT-both-ss;instance_30_10_4_11;lex-overtime;lexicographic;overtime-priority;-;;;;;;totalizer;both;slot-service;OPTIMUM;42.79720428;300.0;42.602055366;3;70659;193754;858;371.0;371.0;371.0;0.0;0.0;120.0;overtime | continuity | similarity;0 | 0 | 371
8;TOT-both-ss;instance_30_10_4_12;lex-overtime;lexicographic;overtime-priority;-;;;;;;totalizer;both;slot-service;OPTIMUM;50.76406214;300.0;50.574316147;3;60699;182047;781;374.0;374.0;374.0;0.0;0.0;120.0;overtime | continuity | similarity;0 | 0 | 374
8;TOT-both-ss;instance_30_10_4_13;lex-overtime;lexicographic;overtime-priority;-;;;;;;totalizer;both;slot-service;UNSATISFIABLE;0.036715783;300.0;0;1;0;0;0;;;;;;;;
8;TOT-both-ss;instance_30_10_4_14;lex-overtime;lexicographic;overtime-priority;-;;;;;;totalizer;both;slot-service;UNSATISFIABLE;0.038209885;300.0;0;1;0;0;0;;;;;;;;
8;TOT-both-ss;instance_30_10_4_15;lex-overtime;lexicographic;overtime-priority;-;;;;;;totalizer;both;slot-service;UNSATISFIABLE;0.030584632;300.0;0;1;0;0;0;;;;;;;;
8;TOT-both-ss;instance_30_10_4_16;lex-overtime;lexicographic;overtime-priority;-;;;;;;totalizer;both;slot-service;OPTIMUM;63.75608414;300.0;63.543311523;3;77970;220326;902;427.0;427.0;427.0;0.0;0.0;120.0;overtime | continuity | similarity;0 | 0 | 427
8;TOT-both-ss;instance_30_10_4_17;lex-overtime;lexicographic;overtime-priority;-;;;;;;totalizer;both;slot-service;OPTIMUM;49.62622401;300.0;49.453150043;3;68388;177191;847;400.0;400.0;400.0;0.0;0.0;120.0;overtime | continuity | similarity;0 | 0 | 400
8;TOT-both-ss;instance_30_10_4_18;lex-overtime;lexicographic;overtime-priority;-;;;;;;totalizer;both;slot-service;OPTIMUM;29.12287325;300.0;28.945712909;3;70469;188366;858;397.0;397.0;397.0;0.0;0.0;120.0;overtime | continuity | similarity;0 | 0 | 397
8;TOT-both-ss;instance_30_10_4_19;lex-overtime;lexicographic;overtime-priority;-;;;;;;totalizer;both;slot-service;UNSATISFIABLE;0.046843581;300.0;0;1;0;0;0;;;;;;;;
8;TOT-both-ss;instance_30_10_4_2;lex-overtime;lexicographic;overtime-priority;-;;;;;;totalizer;both;slot-service;UNSATISFIABLE;0.046339266;300.0;0;1;0;0;0;;;;;;;;
8;TOT-both-ss;instance_30_10_4_20;lex-overtime;lexicographic;overtime-priority;-;;;;;;totalizer;both;slot-service;UNSATISFIABLE;0.038895659;300.0;0;1;0;0;0;;;;;;;;
8;TOT-both-ss;instance_30_10_4_21;lex-overtime;lexicographic;overtime-priority;-;;;;;;totalizer;both;slot-service;UNSATISFIABLE;0.050627878;300.0;0;1;0;0;0;;;;;;;;
8;TOT-both-ss;instance_30_10_4_22;lex-overtime;lexicographic;overtime-priority;-;;;;;;totalizer;both;slot-service;UNSATISFIABLE;0.057958235;300.0;0;1;0;0;0;;;;;;;;
8;TOT-both-ss;instance_30_10_4_23;lex-overtime;lexicographic;overtime-priority;-;;;;;;totalizer;both;slot-service;OPTIMUM;42.43712099;300.0;42.227335679999996;3;76173;213183;891;378.0;378.0;378.0;0.0;0.0;120.0;overtime | continuity | similarity;0 | 0 | 378
8;TOT-both-ss;instance_30_10_4_24;lex-overtime;lexicographic;overtime-priority;-;;;;;;totalizer;both;slot-service;OPTIMUM;60.09633551;300.0;59.916474764;3;69567;186699;847;384.0;384.0;385.0;1.0;0.0;120.0;overtime | continuity | similarity;0 | 1 | 385
8;TOT-both-ss;instance_30_10_4_25;lex-overtime;lexicographic;overtime-priority;-;;;;;;totalizer;both;slot-service;OPTIMUM;53.73665686;300.0;53.545983537;3;57329;185253;748;443.0;443.0;443.0;0.0;0.0;120.0;overtime | continuity | similarity;0 | 0 | 443
8;TOT-both-ss;instance_30_10_4_26;lex-overtime;lexicographic;overtime-priority;-;;;;;;totalizer;both;slot-service;UNSATISFIABLE;0.058103099;300.0;0;1;0;0;0;;;;;;;;
8;TOT-both-ss;instance_30_10_4_27;lex-overtime;lexicographic;overtime-priority;-;;;;;;totalizer;both;slot-service;OPTIMUM;57.30639532;300.0;57.127963703;3;74669;191849;869;360.0;360.0;364.0;4.0;0.0;120.0;overtime | continuity | similarity;0 | 4 | 364
8;TOT-both-ss;instance_30_10_4_28;lex-overtime;lexicographic;overtime-priority;-;;;;;;totalizer;both;slot-service;UNSATISFIABLE;0.032431787;300.0;0;1;0;0;0;;;;;;;;
8;TOT-both-ss;instance_30_10_4_29;lex-overtime;lexicographic;overtime-priority;-;;;;;;totalizer;both;slot-service;UNSATISFIABLE;0.038785425;300.0;0;1;0;0;0;;;;;;;;
8;TOT-both-ss;instance_30_10_4_3;lex-overtime;lexicographic;overtime-priority;-;;;;;;totalizer;both;slot-service;UNSATISFIABLE;0.040319251;300.0;0;1;0;0;0;;;;;;;;
8;TOT-both-ss;instance_30_10_4_30;lex-overtime;lexicographic;overtime-priority;-;;;;;;totalizer;both;slot-service;OPTIMUM;41.57497499;300.0;41.375293217999996;3;68954;200385;836;358.0;358.0;359.0;1.0;0.0;120.0;overtime | continuity | similarity;0 | 1 | 359
8;TOT-both-ss;instance_30_10_4_31;lex-overtime;lexicographic;overtime-priority;-;;;;;;totalizer;both;slot-service;OPTIMUM;53.69553953;300.0;53.506845228;3;67116;186182;803;369.0;369.0;375.0;6.0;0.0;120.0;overtime | continuity | similarity;0 | 6 | 375
8;TOT-both-ss;instance_30_10_4_32;lex-overtime;lexicographic;overtime-priority;-;;;;;;totalizer;both;slot-service;OPTIMUM;56.80568414;300.0;56.599391413999996;3;75946;211333;891;419.0;419.0;419.0;0.0;0.0;120.0;overtime | continuity | similarity;0 | 0 | 419
8;TOT-both-ss;instance_30_10_4_33;lex-overtime;lexicographic;overtime-priority;-;;;;;;totalizer;both;slot-service;OPTIMUM;68.17472973;300.0;67.978007007;3;65406;193077;814;433.0;433.0;433.0;0.0;0.0;120.0;overtime | continuity | similarity;0 | 0 | 433
8;TOT-both-ss;instance_30_10_4_34;lex-overtime;lexicographic;overtime-priority;-;;;;;;totalizer;both;slot-service;UNSATISFIABLE;0.057884854;300.0;0;1;0;0;0;;;;;;;;
8;TOT-both-ss;instance_30_10_4_35;lex-overtime;lexicographic;overtime-priority;-;;;;;;totalizer;both;slot-service;UNSATISFIABLE;0.038118101;300.0;0;1;0;0;0;;;;;;;;
8;TOT-both-ss;instance_30_10_4_36;lex-overtime;lexicographic;overtime-priority;-;;;;;;totalizer;both;slot-service;OPTIMUM;52.15911809;300.0;51.958550353999996;3;63944;198858;803;385.0;385.0;385.0;0.0;0.0;120.0;overtime | continuity | similarity;0 | 0 | 385
8;TOT-both-ss;instance_30_10_4_37;lex-overtime;lexicographic;overtime-priority;-;;;;;;totalizer;both;slot-service;OPTIMUM;67.41336501;300.0;67.209965788;3;68334;200469;836;432.0;432.0;432.0;0.0;0.0;120.0;overtime | continuity | similarity;0 | 0 | 432
8;TOT-both-ss;instance_30_10_4_38;lex-overtime;lexicographic;overtime-priority;-;;;;;;totalizer;both;slot-service;UNSATISFIABLE;0.057922173;300.0;0;1;0;0;0;;;;;;;;
8;TOT-both-ss;instance_30_10_4_39;lex-overtime;lexicographic;overtime-priority;-;;;;;;totalizer;both;slot-service;UNSATISFIABLE;0.050360574;300.0;0;1;0;0;0;;;;;;;;
8;TOT-both-ss;instance_30_10_4_4;lex-overtime;lexicographic;overtime-priority;-;;;;;;totalizer;both;slot-service;OPTIMUM;67.67768673;300.0;67.478726674;3;72609;202912;869;426.0;426.0;426.0;0.0;0.0;120.0;overtime | continuity | similarity;0 | 0 | 426
8;TOT-both-ss;instance_30_10_4_40;lex-overtime;lexicographic;overtime-priority;-;;;;;;totalizer;both;slot-service;UNSATISFIABLE;0.055061607;300.0;0;1;0;0;0;;;;;;;;
8;TOT-both-ss;instance_30_10_4_41;lex-overtime;lexicographic;overtime-priority;-;;;;;;totalizer;both;slot-service;OPTIMUM;24.27670395;300.0;24.117138323;3;67524;166443;836;338.0;338.0;340.0;2.0;0.0;120.0;overtime | continuity | similarity;0 | 2 | 340
8;TOT-both-ss;instance_30_10_4_42;lex-overtime;lexicographic;overtime-priority;-;;;;;;totalizer;both;slot-service;UNSATISFIABLE;0.059176894;300.0;0;1;0;0;0;;;;;;;;
8;TOT-both-ss;instance_30_10_4_43;lex-overtime;lexicographic;overtime-priority;-;;;;;;totalizer;both;slot-service;OPTIMUM;59.88965877;300.0;59.696417973;3;62722;187256;792;403.0;403.0;404.0;1.0;0.0;120.0;overtime | continuity | similarity;0 | 1 | 404
8;TOT-both-ss;instance_30_10_4_44;lex-overtime;lexicographic;overtime-priority;-;;;;;;totalizer;both;slot-service;UNSATISFIABLE;0.061618052;300.0;0;1;0;0;0;;;;;;;;
8;TOT-both-ss;instance_30_10_4_45;lex-overtime;lexicographic;overtime-priority;-;;;;;;totalizer;both;slot-service;OPTIMUM;37.72234654;300.0;37.53410867299999;3;67560;185971;836;357.0;357.0;357.0;0.0;0.0;120.0;overtime | continuity | similarity;0 | 0 | 357
8;TOT-both-ss;instance_30_10_4_46;lex-overtime;lexicographic;overtime-priority;-;;;;;;totalizer;both;slot-service;UNSATISFIABLE;0.033563605;300.0;0;1;0;0;0;;;;;;;;
8;TOT-both-ss;instance_30_10_4_47;lex-overtime;lexicographic;overtime-priority;-;;;;;;totalizer;both;slot-service;OPTIMUM;50.49300825;300.0;50.313556628;3;78266;197482;913;387.0;387.0;387.0;0.0;0.0;120.0;overtime | continuity | similarity;0 | 0 | 387
8;TOT-both-ss;instance_30_10_4_48;lex-overtime;lexicographic;overtime-priority;-;;;;;;totalizer;both;slot-service;OPTIMUM;3.667911424;300.0;3.495506131;3;74266;182232;891;373.0;373.0;373.0;0.0;0.0;120.0;overtime | continuity | similarity;0 | 0 | 373
8;TOT-both-ss;instance_30_10_4_49;lex-overtime;lexicographic;overtime-priority;-;;;;;;totalizer;both;slot-service;UNSATISFIABLE;0.068125923;300.0;0;1;0;0;0;;;;;;;;
8;TOT-both-ss;instance_30_10_4_5;lex-overtime;lexicographic;overtime-priority;-;;;;;;totalizer;both;slot-service;OPTIMUM;43.55098224;300.0;43.361593688999996;3;75812;200685;891;414.0;414.0;415.0;1.0;0.0;120.0;overtime | continuity | similarity;0 | 1 | 415
8;TOT-both-ss;instance_30_10_4_50;lex-overtime;lexicographic;overtime-priority;-;;;;;;totalizer;both;slot-service;UNSATISFIABLE;0.05968481;300.0;0;1;0;0;0;;;;;;;;
8;TOT-both-ss;instance_30_10_4_6;lex-overtime;lexicographic;overtime-priority;-;;;;;;totalizer;both;slot-service;OPTIMUM;65.34557852;300.0;65.141746336;3;71280;205525;858;384.0;384.0;384.0;0.0;0.0;120.0;overtime | continuity | similarity;0 | 0 | 384
8;TOT-both-ss;instance_30_10_4_7;lex-overtime;lexicographic;overtime-priority;-;;;;;;totalizer;both;slot-service;UNSATISFIABLE;0.040252463;300.0;0;1;0;0;0;;;;;;;;
8;TOT-both-ss;instance_30_10_4_8;lex-overtime;lexicographic;overtime-priority;-;;;;;;totalizer;both;slot-service;OPTIMUM;55.79534273;300.0;55.599068044;3;63799;181721;803;398.0;398.0;399.0;1.0;0.0;120.0;overtime | continuity | similarity;0 | 1 | 399
8;TOT-both-ss;instance_30_10_4_9;lex-overtime;lexicographic;overtime-priority;-;;;;;;totalizer;both;slot-service;UNSATISFIABLE;0.052460621;300.0;0;1;0;0;0;;;;;;;;
8;TOT-both-ss;instance_30_10_5_1;lex-overtime;lexicographic;overtime-priority;-;;;;;;totalizer;both;slot-service;OPTIMUM;76.13952537;300.0;75.887994725;3;93241;252281;990;486.0;486.0;486.0;0.0;0.0;150.0;overtime | continuity | similarity;0 | 0 | 486
8;TOT-both-ss;instance_30_10_5_10;lex-overtime;lexicographic;overtime-priority;-;;;;;;totalizer;both;slot-service;OPTIMUM;53.4749915;300.0;53.186846679999995;3;103631;280446;1045;477.0;477.0;478.0;1.0;0.0;150.0;overtime | continuity | similarity;0 | 1 | 478
8;TOT-both-ss;instance_30_10_5_11;lex-overtime;lexicographic;overtime-priority;-;;;;;;totalizer;both;slot-service;UNSATISFIABLE;0.061094112;300.0;0;1;0;0;0;;;;;;;;
8;TOT-both-ss;instance_30_10_5_12;lex-overtime;lexicographic;overtime-priority;-;;;;;;totalizer;both;slot-service;UNSATISFIABLE;0.067583729;300.0;0;1;0;0;0;;;;;;;;
8;TOT-both-ss;instance_30_10_5_13;lex-overtime;lexicographic;overtime-priority;-;;;;;;totalizer;both;slot-service;UNSATISFIABLE;0.078434886;300.0;0;1;0;0;0;;;;;;;;
8;TOT-both-ss;instance_30_10_5_14;lex-overtime;lexicographic;overtime-priority;-;;;;;;totalizer;both;slot-service;UNSATISFIABLE;0.124879897;300.0;0;1;0;0;0;;;;;;;;
8;TOT-both-ss;instance_30_10_5_15;lex-overtime;lexicographic;overtime-priority;-;;;;;;totalizer;both;slot-service;UNSATISFIABLE;0.091879737;300.0;0;1;0;0;0;;;;;;;;
8;TOT-both-ss;instance_30_10_5_16;lex-overtime;lexicographic;overtime-priority;-;;;;;;totalizer;both;slot-service;OPTIMUM;54.98877216;300.0;54.745379807;3;74341;248437;858;473.0;473.0;473.0;0.0;0.0;150.0;overtime | continuity | similarity;0 | 0 | 473
8;TOT-both-ss;instance_30_10_5_17;lex-overtime;lexicographic;overtime-priority;-;;;;;;totalizer;both;slot-service;OPTIMUM;51.45244338;300.0;51.223807348;3;89260;242083;968;414.0;414.0;414.0;0.0;0.0;150.0;overtime | continuity | similarity;0 | 0 | 414
8;TOT-both-ss;instance_30_10_5_18;lex-overtime;lexicographic;overtime-priority;-;;;;;;totalizer;both;slot-service;OPTIMUM;70.47709186;300.0;70.18043703400001;3;89602;278627;946;516.0;516.0;518.0;2.0;0.0;150.0;overtime | continuity | similarity;0 | 2 | 518
8;TOT-both-ss;instance_30_10_5_19;lex-overtime;lexicographic;overtime-priority;-;;;;;;totalizer;both;slot-service;UNSATISFIABLE;0.06039292;300.0;0;1;0;0;0;;;;;;;;
8;TOT-both-ss;instance_30_10_5_2;lex-overtime;lexicographic;overtime-priority;-;;;;;;totalizer;both;slot-service;UNSATISFIABLE;0.082856181;300.0;0;1;0;0;0;;;;;;;;
8;TOT-both-ss;instance_30_10_5_20;lex-overtime;lexicographic;overtime-priority;-;;;;;;totalizer;both;slot-service;UNSATISFIABLE;0.076636546;300.0;0;1;0;0;0;;;;;;;;
8;TOT-both-ss;instance_30_10_5_21;lex-overtime;lexicographic;overtime-priority;-;;;;;;totalizer;both;slot-service;UNSATISFIABLE;0.061237392;300.0;0;1;0;0;0;;;;;;;;
8;TOT-both-ss;instance_30_10_5_22;lex-overtime;lexicographic;overtime-priority;-;;;;;;totalizer;both;slot-service;OPTIMUM;56.43431907;300.0;56.13910097;3;97809;280718;1001;495.0;495.0;497.0;2.0;0.0;150.0;overtime | continuity | similarity;0 | 2 | 497
8;TOT-both-ss;instance_30_10_5_23;lex-overtime;lexicographic;overtime-priority;-;;;;;;totalizer;both;slot-service;UNSATISFIABLE;0.042973067;300.0;0;1;0;0;0;;;;;;;;
8;TOT-both-ss;instance_30_10_5_24;lex-overtime;lexicographic;overtime-priority;-;;;;;;totalizer;both;slot-service;UNSATISFIABLE;0.073053672;300.0;0;1;0;0;0;;;;;;;;
8;TOT-both-ss;instance_30_10_5_25;lex-overtime;lexicographic;overtime-priority;-;;;;;;totalizer;both;slot-service;UNSATISFIABLE;0.071969524;300.0;0;1;0;0;0;;;;;;;;
8;TOT-both-ss;instance_30_10_5_26;lex-overtime;lexicographic;overtime-priority;-;;;;;;totalizer;both;slot-service;UNSATISFIABLE;0.04007921;300.0;0;1;0;0;0;;;;;;;;
8;TOT-both-ss;instance_30_10_5_27;lex-overtime;lexicographic;overtime-priority;-;;;;;;totalizer;both;slot-service;UNSATISFIABLE;0.068010274;300.0;0;1;0;0;0;;;;;;;;
8;TOT-both-ss;instance_30_10_5_28;lex-overtime;lexicographic;overtime-priority;-;;;;;;totalizer;both;slot-service;UNSATISFIABLE;0.041344528;300.0;0;1;0;0;0;;;;;;;;
8;TOT-both-ss;instance_30_10_5_29;lex-overtime;lexicographic;overtime-priority;-;;;;;;totalizer;both;slot-service;UNSATISFIABLE;0.037422625;300.0;0;1;0;0;0;;;;;;;;
8;TOT-both-ss;instance_30_10_5_3;lex-overtime;lexicographic;overtime-priority;-;;;;;;totalizer;both;slot-service;OPTIMUM;49.73689678;300.0;49.490041854999994;3;82159;261742;902;470.0;470.0;472.0;2.0;0.0;150.0;overtime | continuity | similarity;0 | 2 | 472
8;TOT-both-ss;instance_30_10_5_30;lex-overtime;lexicographic;overtime-priority;-;;;;;;totalizer;both;slot-service;UNSATISFIABLE;0.061142554;300.0;0;1;0;0;0;;;;;;;;
8;TOT-both-ss;instance_30_10_5_31;lex-overtime;lexicographic;overtime-priority;-;;;;;;totalizer;both;slot-service;OPTIMUM;46.42530993;300.0;46.194772945;3;85437;234608;946;506.0;506.0;506.0;0.0;0.0;150.0;overtime | continuity | similarity;0 | 0 | 506
8;TOT-both-ss;instance_30_10_5_32;lex-overtime;lexicographic;overtime-priority;-;;;;;;totalizer;both;slot-service;OPTIMUM;88.72029299;300.0;88.432766843;3;98065;282592;1012;543.0;543.0;543.0;0.0;0.0;150.0;overtime | continuity | similarity;0 | 0 | 543
8;TOT-both-ss;instance_30_10_5_33;lex-overtime;lexicographic;overtime-priority;-;;;;;;totalizer;both;slot-service;OPTIMUM;76.18390338;300.0;75.857551613;3;90999;311902;957;552.0;552.0;552.0;0.0;0.0;150.0;overtime | continuity | similarity;0 | 0 | 552
8;TOT-both-ss;instance_30_10_5_34;lex-overtime;lexicographic;overtime-priority;-;;;;;;totalizer;both;slot-service;OPTIMUM;52.74437975;300.0;52.443021998999996;3;104125;292108;1034;446.0;446.0;449.0;3.0;0.0;150.0;overtime | continuity | similarity;0 | 3 | 449
8;TOT-both-ss;instance_30_10_5_35;lex-overtime;lexicographic;overtime-priority;-;;;;;;totalizer;both;slot-service;OPTIMUM;52.23219859;300.0;51.935625289;3;101358;276660;1034;492.0;492.0;492.0;0.0;0.0;150.0;overtime | continuity | similarity;0 | 0 | 492
8;TOT-both-ss;instance_30_10_5_36;lex-overtime;lexicographic;overtime-priority;-;;;;;;totalizer;both;slot-service;OPTIMUM;60.21779759;300.0;59.916235824;3;96599;296158;979;485.0;485.0;489.0;4.0;0.0;150.0;overtime | continuity | similarity;0 | 4 | 489
8;TOT-both-ss;instance_30_10_5_37;lex-overtime;lexicographic;overtime-priority;-;;;;;;totalizer;both;slot-service;OPTIMUM;24.98273348;300.0;24.767650835;3;93414;232522;1001;494.0;494.0;494.0;0.0;0.0;150.0;overtime | continuity | similarity;0 | 0 | 494
8;TOT-both-ss;instance_30_10_5_38;lex-overtime;lexicographic;overtime-priority;-;;;;;;totalizer;both;slot-service;OPTIMUM;74.42254068;300.0;74.131635562;3;104940;287051;1056;518.0;518.0;518.0;0.0;0.0;150.0;overtime | continuity | similarity;0 | 0 | 518
8;TOT-both-ss;instance_30_10_5_39;lex-overtime;lexicographic;overtime-priority;-;;;;;;totalizer;both;slot-service;OPTIMUM;58.47152577;300.0;58.185649723999994;3;105514;287219;1056;520.0;520.0;521.0;1.0;0.0;150.0;overtime | continuity | similarity;0 | 1 | 521
8;TOT-both-ss;instance_30_10_5_4;lex-overtime;lexicographic;overtime-priority;-;;;;;;totalizer;both;slot-service;UNSATISFIABLE;0.041541303;300.0;0;1;0;0;0;;;;;;;;
8;TOT-both-ss;instance_30_10_5_40;lex-overtime;lexicographic;overtime-priority;-;;;;;;totalizer;both;slot-service;UNSATISFIABLE;0.062604962;300.0;0;1;0;0;0;;;;;;;;
8;TOT-both-ss;instance_30_10_5_41;lex-overtime;lexicographic;overtime-priority;-;;;;;;totalizer;both;slot-service;UNSATISFIABLE;0.068190249;300.0;0;1;0;0;0;;;;;;;;
8;TOT-both-ss;instance_30_10_5_42;lex-overtime;lexicographic;overtime-priority;-;;;;;;totalizer;both;slot-service;OPTIMUM;75.62419862;300.0;75.335793243;3;97047;282960;1001;474.0;474.0;475.0;1.0;0.0;150.0;overtime | continuity | similarity;0 | 1 | 475
8;TOT-both-ss;instance_30_10_5_43;lex-overtime;lexicographic;overtime-priority;-;;;;;;totalizer;both;slot-service;UNSATISFIABLE;0.060303026;300.0;0;1;0;0;0;;;;;;;;
8;TOT-both-ss;instance_30_10_5_44;lex-overtime;lexicographic;overtime-priority;-;;;;;;totalizer;both;slot-service;UNSATISFIABLE;0.094757533;300.0;0;1;0;0;0;;;;;;;;
8;TOT-both-ss;instance_30_10_5_45;lex-overtime;lexicographic;overtime-priority;-;;;;;;totalizer;both;slot-service;UNSATISFIABLE;0.061662108;300.0;0;1;0;0;0;;;;;;;;
8;TOT-both-ss;instance_30_10_5_46;lex-overtime;lexicographic;overtime-priority;-;;;;;;totalizer;both;slot-service;UNSATISFIABLE;0.035208109;300.0;0;1;0;0;0;;;;;;;;
8;TOT-both-ss;instance_30_10_5_47;lex-overtime;lexicographic;overtime-priority;-;;;;;;totalizer;both;slot-service;UNSATISFIABLE;0.035857776;300.0;0;1;0;0;0;;;;;;;;
8;TOT-both-ss;instance_30_10_5_48;lex-overtime;lexicographic;overtime-priority;-;;;;;;totalizer;both;slot-service;OPTIMUM;64.54868988;300.0;64.309785398;3;98963;260047;1023;472.0;472.0;473.0;1.0;0.0;150.0;overtime | continuity | similarity;0 | 1 | 473
8;TOT-both-ss;instance_30_10_5_49;lex-overtime;lexicographic;overtime-priority;-;;;;;;totalizer;both;slot-service;TIMEOUT;300.1141461;300.0;0.050589738;2;10629;83735;30;;;;;;;overtime;0
8;TOT-both-ss;instance_30_10_5_5;lex-overtime;lexicographic;overtime-priority;-;;;;;;totalizer;both;slot-service;UNSATISFIABLE;0.062200462;300.0;0;1;0;0;0;;;;;;;;
8;TOT-both-ss;instance_30_10_5_50;lex-overtime;lexicographic;overtime-priority;-;;;;;;totalizer;both;slot-service;UNSATISFIABLE;0.062829191;300.0;0;1;0;0;0;;;;;;;;
8;TOT-both-ss;instance_30_10_5_6;lex-overtime;lexicographic;overtime-priority;-;;;;;;totalizer;both;slot-service;UNSATISFIABLE;0.049652651;300.0;0;1;0;0;0;;;;;;;;
8;TOT-both-ss;instance_30_10_5_7;lex-overtime;lexicographic;overtime-priority;-;;;;;;totalizer;both;slot-service;UNSATISFIABLE;0.068486252;300.0;0;1;0;0;0;;;;;;;;
8;TOT-both-ss;instance_30_10_5_8;lex-overtime;lexicographic;overtime-priority;-;;;;;;totalizer;both;slot-service;OPTIMUM;80.54222668;300.0;80.29581257299999;3;89864;257014;968;535.0;535.0;535.0;0.0;0.0;150.0;overtime | continuity | similarity;0 | 0 | 535
8;TOT-both-ss;instance_30_10_5_9;lex-overtime;lexicographic;overtime-priority;-;;;;;;totalizer;both;slot-service;OPTIMUM;50.8784055;300.0;50.659709166;3;77594;218266;880;470.0;470.0;473.0;3.0;0.0;150.0;overtime | continuity | similarity;0 | 3 | 473
8;TOT-both-ss;instance_30_15_4_1;lex-overtime;lexicographic;overtime-priority;-;;;;;;totalizer;both;slot-service;OPTIMUM;78.87920153;300.0;78.578397112;3;107162;303524;1264;438.0;438.0;438.0;0.0;0.0;120.0;overtime | continuity | similarity;0 | 0 | 438
8;TOT-both-ss;instance_30_15_4_10;lex-overtime;lexicographic;overtime-priority;-;;;;;;totalizer;both;slot-service;OPTIMUM;69.96634928;300.0;69.66859903999999;3;108536;287961;1280;410.0;410.0;410.0;0.0;0.0;120.0;overtime | continuity | similarity;0 | 0 | 410
8;TOT-both-ss;instance_30_15_4_11;lex-overtime;lexicographic;overtime-priority;-;;;;;;totalizer;both;slot-service;OPTIMUM;70.97515436;300.0;70.7413881;3;87560;238502;1136;406.0;406.0;406.0;0.0;0.0;120.0;overtime | continuity | similarity;0 | 0 | 406
8;TOT-both-ss;instance_30_15_4_12;lex-overtime;lexicographic;overtime-priority;-;;;;;;totalizer;both;slot-service;OPTIMUM;69.69731501;300.0;69.42438984900001;3;99044;268669;1216;439.0;439.0;439.0;0.0;0.0;120.0;overtime | continuity | similarity;0 | 0 | 439
8;TOT-both-ss;instance_30_15_4_13;lex-overtime;lexicographic;overtime-priority;-;;;;;;totalizer;both;slot-service;OPTIMUM;62.6043128;300.0;62.383450702999994;3;89359;229434;1136;383.0;383.0;386.0;3.0;0.0;120.0;overtime | continuity | similarity;0 | 3 | 386
8;TOT-both-ss;instance_30_15_4_14;lex-overtime;lexicographic;overtime-priority;-;;;;;;totalizer;both;slot-service;OPTIMUM;72.39317967;300.0;72.109137532;3;106048;284707;1264;389.0;389.0;389.0;0.0;0.0;120.0;overtime | continuity | similarity;0 | 0 | 389
8;TOT-both-ss;instance_30_15_4_15;lex-overtime;lexicographic;overtime-priority;-;;;;;;totalizer;both;slot-service;OPTIMUM;77.80159461;300.0;77.505095444;3;102309;292112;1232;446.0;446.0;446.0;0.0;0.0;120.0;overtime | continuity | similarity;0 | 0 | 446
8;TOT-both-ss;instance_30_15_4_16;lex-overtime;lexicographic;overtime-priority;-;;;;;;totalizer;both;slot-service;OPTIMUM;52.59728198;300.0;52.361099284000005;3;104462;256678;1264;398.0;398.0;398.0;0.0;0.0;120.0;overtime | continuity | similarity;0 | 0 | 398
8;TOT-both-ss;instance_30_15_4_17;lex-overtime;lexicographic;overtime-priority;-;;;;;;totalizer;both;slot-service;OPTIMUM;74.27140969;300.0;73.98263745700001;3;106391;285957;1264;417.0;417.0;417.0;0.0;0.0;120.0;overtime | continuity | similarity;0 | 0 | 417
8;TOT-both-ss;instance_30_15_4_18;lex-overtime;lexicographic;overtime-priority;-;;;;;;totalizer;both;slot-service;OPTIMUM;74.41005792;300.0;74.074564009;3;105917;321149;1248;448.0;448.0;448.0;0.0;0.0;120.0;overtime | continuity | similarity;0 | 0 | 448
8;TOT-both-ss;instance_30_15_4_19;lex-overtime;lexicographic;overtime-priority;-;;;;;;totalizer;both;slot-service;OPTIMUM;66.56357987;300.0;66.330799817;3;92711;247451;1168;391.0;391.0;392.0;1.0;0.0;120.0;overtime | continuity | similarity;0 | 1 | 392
8;TOT-both-ss;instance_30_15_4_2;lex-overtime;lexicographic;overtime-priority;-;;;;;;totalizer;both;slot-service;OPTIMUM;68.44712144;300.0;68.19535072900001;3;113548;265991;1328;369.0;369.0;369.0;0.0;0.0;120.0;overtime | continuity | similarity;0 | 0 | 369
8;TOT-both-ss;instance_30_15_4_20;lex-overtime;lexicographic;overtime-priority;-;;;;;;totalizer;both;slot-service;OPTIMUM;69.95205085;300.0;69.674227941;3;117094;282287;1344;420.0;420.0;420.0;0.0;0.0;120.0;overtime | continuity | similarity;0 | 0 | 420
8;TOT-both-ss;instance_30_15_4_21;lex-overtime;lexicographic;overtime-priority;-;;;;;;totalizer;both;slot-service;UNSATISFIABLE;0.06273562;300.0;0;1;0;0;0;;;;;;;;
8;TOT-both-ss;instance_30_15_4_22;lex-overtime;lexicographic;overtime-priority;-;;;;;;totalizer;both;slot-service;OPTIMUM;71.58324628;300.0;71.346630118;3;98127;257527;1216;413.0;413.0;413.0;0.0;0.0;120.0;overtime | continuity | similarity;0 | 0 | 413
8;TOT-both-ss;instance_30_15_4_23;lex-overtime;lexicographic;overtime-priority;-;;;;;;totalizer;both;slot-service;OPTIMUM;72.42086442;300.0;72.120953835;3;100303;292537;1216;427.0;427.0;427.0;0.0;0.0;120.0;overtime | continuity | similarity;0 | 0 | 427
8;TOT-both-ss;instance_30_15_4_24;lex-overtime;lexicographic;overtime-priority;-;;;;;;totalizer;both;slot-service;OPTIMUM;84.25684671;300.0;83.94720743200001;3;113804;311224;1312;444.0;444.0;444.0;0.0;0.0;120.0;overtime | continuity | similarity;0 | 0 | 444
8;TOT-both-ss;instance_30_15_4_25;lex-overtime;lexicographic;overtime-priority;-;;;;;;totalizer;both;slot-service;OPTIMUM;53.76476792;300.0;53.483229214;3;108264;280753;1280;402.0;402.0;402.0;0.0;0.0;120.0;overtime | continuity | similarity;0 | 0 | 402
8;TOT-both-ss;instance_30_15_4_26;lex-overtime;lexicographic;overtime-priority;-;;;;;;totalizer;both;slot-service;OPTIMUM;75.68433505;300.0;75.409139555;3;101612;276512;1232;436.0;436.0;436.0;0.0;0.0;120.0;overtime | continuity | similarity;0 | 0 | 436
8;TOT-both-ss;instance_30_15_4_27;lex-overtime;lexicographic;overtime-priority;-;;;;;;totalizer;both;slot-service;OPTIMUM;70.42296495;300.0;70.14582181799999;3;103485;275840;1248;407.0;407.0;407.0;0.0;0.0;120.0;overtime | continuity | similarity;0 | 0 | 407
8;TOT-both-ss;instance_30_15_4_28;lex-overtime;lexicographic;overtime-priority;-;;;;;;totalizer;both;slot-service;OPTIMUM;65.2163892;300.0;64.926414419;3;99139;276443;1216;410.0;410.0;410.0;0.0;0.0;120.0;overtime | continuity | similarity;0 | 0 | 410
8;TOT-both-ss;instance_30_15_4_29;lex-overtime;lexicographic;overtime-priority;-;;;;;;totalizer;both;slot-service;OPTIMUM;43.42476605;300.0;43.210812846;3;97151;238705;1216;399.0;399.0;399.0;0.0;0.0;120.0;overtime | continuity | similarity;0 | 0 | 399
8;TOT-both-ss;instance_30_15_4_3;lex-overtime;lexicographic;overtime-priority;-;;;;;;totalizer;both;slot-service;OPTIMUM;69.63507281;300.0;69.333203062;3;109206;307482;1280;431.0;431.0;431.0;0.0;0.0;120.0;overtime | continuity | similarity;0 | 0 | 431
8;TOT-both-ss;instance_30_15_4_30;lex-overtime;lexicographic;overtime-priority;-;;;;;;totalizer;both;slot-service;OPTIMUM;79.53794845;300.0;79.239908336;3;106693;298825;1264;435.0;435.0;435.0;0.0;0.0;120.0;overtime | continuity | similarity;0 | 0 | 435
8;TOT-both-ss;instance_30_15_4_31;lex-overtime;lexicographic;overtime-priority;-;;;;;;totalizer;both;slot-service;OPTIMUM;73.88510565;300.0;73.58902295700001;3;102031;290158;1232;407.0;407.0;407.0;0.0;0.0;120.0;overtime | continuity | similarity;0 | 0 | 407
8;TOT-both-ss;instance_30_15_4_32;lex-overtime;lexicographic;overtime-priority;-;;;;;;totalizer;both;slot-service;OPTIMUM;64.17037975;300.0;63.889019981;3;103654;284492;1248;382.0;382.0;382.0;0.0;0.0;120.0;overtime | continuity | similarity;0 | 0 | 382
8;TOT-both-ss;instance_30_15_4_33;lex-overtime;lexicographic;overtime-priority;-;;;;;;totalizer;both;slot-service;OPTIMUM;78.96866075;300.0;78.667997732;3;109225;300852;1280;429.0;429.0;429.0;0.0;0.0;120.0;overtime | continuity | similarity;0 | 0 | 429
8;TOT-both-ss;instance_30_15_4_34;lex-overtime;lexicographic;overtime-priority;-;;;;;;totalizer;both;slot-service;OPTIMUM;68.77357344;300.0;68.46653114399999;3;106815;298053;1264;396.0;396.0;396.0;0.0;0.0;120.0;overtime | continuity | similarity;0 | 0 | 396
8;TOT-both-ss;instance_30_15_4_35;lex-overtime;lexicographic;overtime-priority;-;;;;;;totalizer;both;slot-service;UNSATISFIABLE;0.070279474;300.0;0;1;0;0;0;;;;;;;;
8;TOT-both-ss;instance_30_15_4_36;lex-overtime;lexicographic;overtime-priority;-;;;;;;totalizer;both;slot-service;OPTIMUM;57.67816986;300.0;57.434297893;3;90231;256053;1152;427.0;427.0;427.0;0.0;0.0;120.0;overtime | continuity | similarity;0 | 0 | 427
8;TOT-both-ss;instance_30_15_4_37;lex-overtime;lexicographic;overtime-priority;-;;;;;;totalizer;both;slot-service;OPTIMUM;62.14482294;300.0;61.858141792000005;3;113074;293287;1312;420.0;420.0;420.0;0.0;0.0;120.0;overtime | continuity | similarity;0 | 0 | 420
8;TOT-both-ss;instance_30_15_4_38;lex-overtime;lexicographic;overtime-priority;-;;;;;;totalizer;both;slot-service;OPTIMUM;64.51806066;300.0;64.243993365;3;98641;263815;1216;402.0;402.0;402.0;0.0;0.0;120.0;overtime | continuity | similarity;0 | 0 | 402
8;TOT-both-ss;instance_30_15_4_39;lex-overtime;lexicographic;overtime-priority;-;;;;;;totalizer;both;slot-service;OPTIMUM;71.30146175;300.0;71.00901658100001;3;99780;283501;1216;437.0;437.0;437.0;0.0;0.0;120.0;overtime | continuity | similarity;0 | 0 | 437
8;TOT-both-ss;instance_30_15_4_4;lex-overtime;lexicographic;overtime-priority;-;;;;;;totalizer;both;slot-service;OPTIMUM;94.23210438;300.0;93.91583772399999;3;112190;318810;1296;450.0;450.0;450.0;0.0;0.0;120.0;overtime | continuity | similarity;0 | 0 | 450
8;TOT-both-ss;instance_30_15_4_40;lex-overtime;lexicographic;overtime-priority;-;;;;;;totalizer;both;slot-service;OPTIMUM;67.52952452;300.0;67.289230181;3;89888;256283;1152;450.0;450.0;450.0;0.0;0.0;120.0;overtime | continuity | similarity;0 | 0 | 450
8;TOT-both-ss;instance_30_15_4_41;lex-overtime;lexicographic;overtime-priority;-;;;;;;totalizer;both;slot-service;OPTIMUM;83.74712063;300.0;83.40525965;3;105861;327124;1248;443.0;443.0;443.0;0.0;0.0;120.0;overtime | continuity | similarity;0 | 0 | 443
8;TOT-both-ss;instance_30_15_4_42;lex-overtime;lexicographic;overtime-priority;-;;;;;;totalizer;both;slot-service;OPTIMUM;75.72038061;300.0;75.40379999;3;105183;307259;1248;432.0;432.0;432.0;0.0;0.0;120.0;overtime | continuity | similarity;0 | 0 | 432
8;TOT-both-ss;instance_30_15_4_43;lex-overtime;lexicographic;overtime-priority;-;;;;;;totalizer;both;slot-service;OPTIMUM;80.05627058;300.0;79.76631892099999;3;101570;287524;1232;411.0;411.0;411.0;0.0;0.0;120.0;overtime | continuity | similarity;0 | 0 | 411
8;TOT-both-ss;instance_30_15_4_44;lex-overtime;lexicographic;overtime-priority;-;;;;;;totalizer;both;slot-service;UNSATISFIABLE;0.063402879;300.0;0;1;0;0;0;;;;;;;;
8;TOT-both-ss;instance_30_15_4_45;lex-overtime;lexicographic;overtime-priority;-;;;;;;totalizer;both;slot-service;OPTIMUM;70.93165466;300.0;70.626823206;3;107364;310811;1264;416.0;416.0;416.0;0.0;0.0;120.0;overtime | continuity | similarity;0 | 0 | 416
8;TOT-both-ss;instance_30_15_4_46;lex-overtime;lexicographic;overtime-priority;-;;;;;;totalizer;both;slot-service;OPTIMUM;75.36448394;300.0;75.06328502699999;3;104281;297370;1248;446.0;446.0;446.0;0.0;0.0;120.0;overtime | continuity | similarity;0 | 0 | 446
8;TOT-both-ss;instance_30_15_4_47;lex-overtime;lexicographic;overtime-priority;-;;;;;;totalizer;both;slot-service;OPTIMUM;59.56361428;300.0;59.268611923;3;119535;308114;1344;417.0;417.0;418.0;1.0;0.0;120.0;overtime | continuity | similarity;0 | 1 | 418
8;TOT-both-ss;instance_30_15_4_48;lex-overtime;lexicographic;overtime-priority;-;;;;;;totalizer;both;slot-service;OPTIMUM;64.97946919;300.0;64.735068944;3;94500;258500;1184;430.0;430.0;430.0;0.0;0.0;120.0;overtime | continuity | similarity;0 | 0 | 430
8;TOT-both-ss;instance_30_15_4_49;lex-overtime;lexicographic;overtime-priority;-;;;;;;totalizer;both;slot-service;OPTIMUM;76.47488404;300.0;76.19846507800001;3;97170;272185;1200;421.0;421.0;421.0;0.0;0.0;120.0;overtime | continuity | similarity;0 | 0 | 421
8;TOT-both-ss;instance_30_15_4_5;lex-overtime;lexicographic;overtime-priority;-;;;;;;totalizer;both;slot-service;OPTIMUM;62.88172863;300.0;62.646451451000004;3;90874;252871;1152;400.0;400.0;401.0;1.0;0.0;120.0;overtime | continuity | similarity;0 | 1 | 401
8;TOT-both-ss;instance_30_15_4_50;lex-overtime;lexicographic;overtime-priority;-;;;;;;totalizer;both;slot-service;OPTIMUM;63.48524585;300.0;63.243972226000004;3;96103;250072;1152;396.0;396.0;403.0;7.0;0.0;120.0;overtime | continuity | similarity;0 | 7 | 403
8;TOT-both-ss;instance_30_15_4_6;lex-overtime;lexicographic;overtime-priority;-;;;;;;totalizer;both;slot-service;OPTIMUM;79.17041137;300.0;78.905294537;3;109356;267787;1296;436.0;436.0;436.0;0.0;0.0;120.0;overtime | continuity | similarity;0 | 0 | 436
8;TOT-both-ss;instance_30_15_4_7;lex-overtime;lexicographic;overtime-priority;-;;;;;;totalizer;both;slot-service;UNSATISFIABLE;0.075459128;300.0;0;1;0;0;0;;;;;;;;
8;TOT-both-ss;instance_30_15_4_8;lex-overtime;lexicographic;overtime-priority;-;;;;;;totalizer;both;slot-service;UNSATISFIABLE;0.069334298;300.0;0;1;0;0;0;;;;;;;;
8;TOT-both-ss;instance_30_15_4_9;lex-overtime;lexicographic;overtime-priority;-;;;;;;totalizer;both;slot-service;OPTIMUM;51.38315884;300.0;51.148426559;3;92640;247979;1168;385.0;385.0;386.0;1.0;0.0;120.0;overtime | continuity | similarity;0 | 1 | 386
8;TOT-both-ss;instance_30_15_5_1;lex-overtime;lexicographic;overtime-priority;-;;;;;;totalizer;both;slot-service;OPTIMUM;83.00976002;300.0;82.578344605;3;147452;446591;1472;543.0;543.0;545.0;2.0;0.0;150.0;overtime | continuity | similarity;0 | 2 | 545
8;TOT-both-ss;instance_30_15_5_10;lex-overtime;lexicographic;overtime-priority;-;;;;;;totalizer;both;slot-service;UNSATISFIABLE;0.091336932;300.0;0;1;0;0;0;;;;;;;;
8;TOT-both-ss;instance_30_15_5_11;lex-overtime;lexicographic;overtime-priority;-;;;;;;totalizer;both;slot-service;OPTIMUM;91.25773517;300.0;90.870065571;3;137627;388830;1440;522.0;522.0;522.0;0.0;0.0;150.0;overtime | continuity | similarity;0 | 0 | 522
8;TOT-both-ss;instance_30_15_5_12;lex-overtime;lexicographic;overtime-priority;-;;;;;;totalizer;both;slot-service;OPTIMUM;96.71477266;300.0;96.273037107;3;140477;453104;1440;568.0;568.0;568.0;0.0;0.0;150.0;overtime | continuity | similarity;0 | 0 | 568
8;TOT-both-ss;instance_30_15_5_13;lex-overtime;lexicographic;overtime-priority;-;;;;;;totalizer;both;slot-service;OPTIMUM;83.67234105;300.0;83.269021534;3;128386;398959;1376;540.0;540.0;540.0;0.0;0.0;150.0;overtime | continuity | similarity;0 | 0 | 540
8;TOT-both-ss;instance_30_15_5_14;lex-overtime;lexicographic;overtime-priority;-;;;;;;totalizer;both;slot-service;OPTIMUM;87.69093479;300.0;87.29759665200001;3;133592;378484;1408;504.0;504.0;505.0;1.0;0.0;150.0;overtime | continuity | similarity;0 | 1 | 505
8;TOT-both-ss;instance_30_15_5_15;lex-overtime;lexicographic;overtime-priority;-;;;;;;totalizer;both;slot-service;OPTIMUM;76.9939684;300.0;76.59210410600001;3;128394;404454;1376;545.0;545.0;545.0;0.0;0.0;150.0;overtime | continuity | similarity;0 | 0 | 545
8;TOT-both-ss;instance_30_15_5_16;lex-overtime;lexicographic;overtime-priority;-;;;;;;totalizer;both;slot-service;OPTIMUM;76.32382519;300.0;75.937609872;3;131549;383892;1376;464.0;464.0;467.0;3.0;0.0;150.0;overtime | continuity | similarity;0 | 3 | 467
8;TOT-both-ss;instance_30_15_5_17;lex-overtime;lexicographic;overtime-priority;-;;;;;;totalizer;both;slot-service;OPTIMUM;83.26547568;300.0;82.92435420800001;3;133846;361668;1424;542.0;542.0;542.0;0.0;0.0;150.0;overtime | continuity | similarity;0 | 0 | 542
8;TOT-both-ss;instance_30_15_5_18;lex-overtime;lexicographic;overtime-priority;-;;;;;;totalizer;both;slot-service;OPTIMUM;88.45240283;300.0;88.10170975099999;3;131635;365019;1408;527.0;527.0;527.0;0.0;0.0;150.0;overtime | continuity | similarity;0 | 0 | 527
8;TOT-both-ss;instance_30_15_5_19;lex-overtime;lexicographic;overtime-priority;-;;;;;;totalizer;both;slot-service;OPTIMUM;96.81229313;300.0;96.391682367;3;144410;427271;1472;522.0;522.0;522.0;0.0;0.0;150.0;overtime | continuity | similarity;0 | 0 | 522
8;TOT-both-ss;instance_30_15_5_2;lex-overtime;lexicographic;overtime-priority;-;;;;;;totalizer;both;slot-service;OPTIMUM;73.95476823;300.0;73.58121177700001;3;108512;356878;1248;546.0;546.0;546.0;0.0;0.0;150.0;overtime | continuity | similarity;0 | 0 | 546
8;TOT-both-ss;instance_30_15_5_20;lex-overtime;lexicographic;overtime-priority;-;;;;;;totalizer;both;slot-service;UNSATISFIABLE;0.146239314;300.0;0;1;0;0;0;;;;;;;;
8;TOT-both-ss;instance_30_15_5_21;lex-overtime;lexicographic;overtime-priority;-;;;;;;totalizer;both;slot-service;OPTIMUM;103.675545;300.0;103.278217147;3;135467;391707;1424;509.0;509.0;509.0;0.0;0.0;150.0;overtime | continuity | similarity;0 | 0 | 509
8;TOT-both-ss;instance_30_15_5_22;lex-overtime;lexicographic;overtime-priority;-;;;;;;totalizer;both;slot-service;OPTIMUM;83.7878175;300.0;83.364931229;3;141469;421029;1456;536.0;536.0;536.0;0.0;0.0;150.0;overtime | continuity | similarity;0 | 0 | 536
8;TOT-both-ss;instance_30_15_5_23;lex-overtime;lexicographic;overtime-priority;-;;;;;;totalizer;both;slot-service;OPTIMUM;98.94313565;300.0;98.51862919499999;3;139252;413438;1440;532.0;532.0;532.0;0.0;0.0;150.0;overtime | continuity | similarity;0 | 0 | 532
