
=== B1 Lexicographic policy: method=lex-overtime (Thư mục: experiments/results/lex_8cfg_evalmaxsat/lex-overtime) ===
[method=lex-overtime][cfg1_ORIGINAL] instance_30_10_4_1 | 20:15:10 ... OPTIMUM  (64s wall)
[method=lex-overtime][cfg1_ORIGINAL] instance_30_10_4_10 | 20:16:14 ... OPTIMUM  (55s wall)
[method=lex-overtime][cfg1_ORIGINAL] instance_30_10_4_11 | 20:17:09 ... OPTIMUM  (42s wall)
[method=lex-overtime][cfg1_ORIGINAL] instance_30_10_4_12 | 20:17:51 ... OPTIMUM  (50s wall)
[method=lex-overtime][cfg1_ORIGINAL] instance_30_10_4_13 | 20:18:41 ... UNSATISFIABLE  (0s wall)
[method=lex-overtime][cfg1_ORIGINAL] instance_30_10_4_14 | 20:18:41 ... UNSATISFIABLE  (0s wall)
[method=lex-overtime][cfg1_ORIGINAL] instance_30_10_4_15 | 20:18:41 ... UNSATISFIABLE  (1s wall)
[method=lex-overtime][cfg1_ORIGINAL] instance_30_10_4_16 | 20:18:42 ... OPTIMUM  (65s wall)
[method=lex-overtime][cfg1_ORIGINAL] instance_30_10_4_17 | 20:19:47 ... OPTIMUM  (49s wall)
[method=lex-overtime][cfg1_ORIGINAL] instance_30_10_4_18 | 20:20:36 ... OPTIMUM  (30s wall)
[method=lex-overtime][cfg1_ORIGINAL] instance_30_10_4_19 | 20:21:06 ... UNSATISFIABLE  (0s wall)
[method=lex-overtime][cfg1_ORIGINAL] instance_30_10_4_2 | 20:21:06 ... UNSATISFIABLE  (0s wall)
[method=lex-overtime][cfg1_ORIGINAL] instance_30_10_4_20 | 20:21:06 ... UNSATISFIABLE  (0s wall)
[method=lex-overtime][cfg1_ORIGINAL] instance_30_10_4_21 | 20:21:06 ... UNSATISFIABLE  (0s wall)
[method=lex-overtime][cfg1_ORIGINAL] instance_30_10_4_22 | 20:21:06 ... UNSATISFIABLE  (0s wall)
[method=lex-overtime][cfg1_ORIGINAL] instance_30_10_4_23 | 20:21:06 ... OPTIMUM  (43s wall)
[method=lex-overtime][cfg1_ORIGINAL] instance_30_10_4_24 | 20:21:49 ... OPTIMUM  (60s wall)
[method=lex-overtime][cfg1_ORIGINAL] instance_30_10_4_25 | 20:22:49 ... OPTIMUM  (54s wall)
[method=lex-overtime][cfg1_ORIGINAL] instance_30_10_4_26 | 20:23:43 ... UNSATISFIABLE  (0s wall)
[method=lex-overtime][cfg1_ORIGINAL] instance_30_10_4_27 | 20:23:43 ... OPTIMUM  (56s wall)
[method=lex-overtime][cfg1_ORIGINAL] instance_30_10_4_28 | 20:24:39 ... UNSATISFIABLE  (0s wall)
[method=lex-overtime][cfg1_ORIGINAL] instance_30_10_4_29 | 20:24:39 ... UNSATISFIABLE  (0s wall)
[method=lex-overtime][cfg1_ORIGINAL] instance_30_10_4_3 | 20:24:39 ... UNSATISFIABLE  (0s wall)
[method=lex-overtime][cfg1_ORIGINAL] instance_30_10_4_30 | 20:24:40 ... OPTIMUM  (43s wall)
[method=lex-overtime][cfg1_ORIGINAL] instance_30_10_4_31 | 20:25:23 ... OPTIMUM  (55s wall)
[method=lex-overtime][cfg1_ORIGINAL] instance_30_10_4_32 | 20:26:18 ... OPTIMUM  (57s wall)
[method=lex-overtime][cfg1_ORIGINAL] instance_30_10_4_33 | 20:27:15 ... OPTIMUM  (69s wall)
[method=lex-overtime][cfg1_ORIGINAL] instance_30_10_4_34 | 20:28:24 ... UNSATISFIABLE  (0s wall)
[method=lex-overtime][cfg1_ORIGINAL] instance_30_10_4_35 | 20:28:24 ... UNSATISFIABLE  (0s wall)
[method=lex-overtime][cfg1_ORIGINAL] instance_30_10_4_36 | 20:28:24 ... OPTIMUM  (52s wall)
[method=lex-overtime][cfg1_ORIGINAL] instance_30_10_4_37 | 20:29:16 ... OPTIMUM  (65s wall)
[method=lex-overtime][cfg1_ORIGINAL] instance_30_10_4_38 | 20:30:21 ... UNSATISFIABLE  (0s wall)
[method=lex-overtime][cfg1_ORIGINAL] instance_30_10_4_39 | 20:30:21 ... UNSATISFIABLE  (0s wall)
[method=lex-overtime][cfg1_ORIGINAL] instance_30_10_4_4 | 20:30:21 ... OPTIMUM  (67s wall)
[method=lex-overtime][cfg1_ORIGINAL] instance_30_10_4_40 | 20:31:28 ... UNSATISFIABLE  (0s wall)
[method=lex-overtime][cfg1_ORIGINAL] instance_30_10_4_41 | 20:31:28 ... OPTIMUM  (26s wall)
[method=lex-overtime][cfg1_ORIGINAL] instance_30_10_4_42 | 20:31:54 ... UNSATISFIABLE  (0s wall)
[method=lex-overtime][cfg1_ORIGINAL] instance_30_10_4_43 | 20:31:54 ... OPTIMUM  (65s wall)
[method=lex-overtime][cfg1_ORIGINAL] instance_30_10_4_44 | 20:32:59 ... UNSATISFIABLE  (0s wall)
[method=lex-overtime][cfg1_ORIGINAL] instance_30_10_4_45 | 20:32:59 ... OPTIMUM  (34s wall)
[method=lex-overtime][cfg1_ORIGINAL] instance_30_10_4_46 | 20:33:34 ... UNSATISFIABLE  (0s wall)
[method=lex-overtime][cfg1_ORIGINAL] instance_30_10_4_47 | 20:33:34 ... OPTIMUM  (50s wall)
[method=lex-overtime][cfg1_ORIGINAL] instance_30_10_4_48 | 20:34:24 ... OPTIMUM  (4s wall)
[method=lex-overtime][cfg1_ORIGINAL] instance_30_10_4_49 | 20:34:28 ... UNSATISFIABLE  (0s wall)
[method=lex-overtime][cfg1_ORIGINAL] instance_30_10_4_5 | 20:34:28 ... OPTIMUM  (43s wall)
[method=lex-overtime][cfg1_ORIGINAL] instance_30_10_4_50 | 20:35:11 ... UNSATISFIABLE  (0s wall)
[method=lex-overtime][cfg1_ORIGINAL] instance_30_10_4_6 | 20:35:11 ... OPTIMUM  (65s wall)
[method=lex-overtime][cfg1_ORIGINAL] instance_30_10_4_7 | 20:36:16 ... UNSATISFIABLE  (0s wall)
[method=lex-overtime][cfg1_ORIGINAL] instance_30_10_4_8 | 20:36:16 ... OPTIMUM  (53s wall)
[method=lex-overtime][cfg1_ORIGINAL] instance_30_10_4_9 | 20:37:10 ... UNSATISFIABLE  (0s wall)
[method=lex-overtime][cfg1_ORIGINAL] instance_30_10_5_1 | 20:37:10 ... OPTIMUM  (76s wall)
[method=lex-overtime][cfg1_ORIGINAL] instance_30_10_5_10 | 20:38:26 ... OPTIMUM  (54s wall)
[method=lex-overtime][cfg1_ORIGINAL] instance_30_10_5_11 | 20:39:20 ... UNSATISFIABLE  (0s wall)
[method=lex-overtime][cfg1_ORIGINAL] instance_30_10_5_12 | 20:39:21 ... UNSATISFIABLE  (0s wall)
[method=lex-overtime][cfg1_ORIGINAL] instance_30_10_5_13 | 20:39:21 ... UNSATISFIABLE  (0s wall)
[method=lex-overtime][cfg1_ORIGINAL] instance_30_10_5_14 | 20:39:21 ... UNSATISFIABLE  (0s wall)
[method=lex-overtime][cfg1_ORIGINAL] instance_30_10_5_15 | 20:39:21 ... UNSATISFIABLE  (0s wall)
[method=lex-overtime][cfg1_ORIGINAL] instance_30_10_5_16 | 20:39:21 ... OPTIMUM  (55s wall)
[method=lex-overtime][cfg1_ORIGINAL] instance_30_10_5_17 | 20:40:16 ... OPTIMUM  (53s wall)
[method=lex-overtime][cfg1_ORIGINAL] instance_30_10_5_18 | 20:41:09 ... OPTIMUM  (73s wall)
[method=lex-overtime][cfg1_ORIGINAL] instance_30_10_5_19 | 20:42:22 ... UNSATISFIABLE  (0s wall)
[method=lex-overtime][cfg1_ORIGINAL] instance_30_10_5_2 | 20:42:22 ... UNSATISFIABLE  (0s wall)
[method=lex-overtime][cfg1_ORIGINAL] instance_30_10_5_20 | 20:42:22 ... UNSATISFIABLE  (0s wall)
[method=lex-overtime][cfg1_ORIGINAL] instance_30_10_5_21 | 20:42:22 ... UNSATISFIABLE  (0s wall)
[method=lex-overtime][cfg1_ORIGINAL] instance_30_10_5_22 | 20:42:22 ... OPTIMUM  (57s wall)
[method=lex-overtime][cfg1_ORIGINAL] instance_30_10_5_23 | 20:43:19 ... UNSATISFIABLE  (0s wall)
[method=lex-overtime][cfg1_ORIGINAL] instance_30_10_5_24 | 20:43:19 ... UNSATISFIABLE  (0s wall)
[method=lex-overtime][cfg1_ORIGINAL] instance_30_10_5_25 | 20:43:19 ... UNSATISFIABLE  (0s wall)
[method=lex-overtime][cfg1_ORIGINAL] instance_30_10_5_26 | 20:43:20 ... UNSATISFIABLE  (0s wall)
[method=lex-overtime][cfg1_ORIGINAL] instance_30_10_5_27 | 20:43:20 ... UNSATISFIABLE  (0s wall)
[method=lex-overtime][cfg1_ORIGINAL] instance_30_10_5_28 | 20:43:20 ... UNSATISFIABLE  (0s wall)
[method=lex-overtime][cfg1_ORIGINAL] instance_30_10_5_29 | 20:43:20 ... UNSATISFIABLE  (0s wall)
[method=lex-overtime][cfg1_ORIGINAL] instance_30_10_5_3 | 20:43:20 ... OPTIMUM  (50s wall)
[method=lex-overtime][cfg1_ORIGINAL] instance_30_10_5_30 | 20:44:10 ... UNSATISFIABLE  (0s wall)
[method=lex-overtime][cfg1_ORIGINAL] instance_30_10_5_31 | 20:44:10 ... OPTIMUM  (48s wall)
[method=lex-overtime][cfg1_ORIGINAL] instance_30_10_5_32 | 20:44:58 ... OPTIMUM  (89s wall)
[method=lex-overtime][cfg1_ORIGINAL] instance_30_10_5_33 | 20:46:27 ... OPTIMUM  (83s wall)
[method=lex-overtime][cfg1_ORIGINAL] instance_30_10_5_34 | 20:47:50 ... OPTIMUM  (56s wall)
[method=lex-overtime][cfg1_ORIGINAL] instance_30_10_5_35 | 20:48:46 ... OPTIMUM  (51s wall)
[method=lex-overtime][cfg1_ORIGINAL] instance_30_10_5_36 | 20:49:37 ... OPTIMUM  (61s wall)
[method=lex-overtime][cfg1_ORIGINAL] instance_30_10_5_37 | 20:50:38 ... OPTIMUM  (26s wall)
[method=lex-overtime][cfg1_ORIGINAL] instance_30_10_5_38 | 20:51:04 ... OPTIMUM  (74s wall)
[method=lex-overtime][cfg1_ORIGINAL] instance_30_10_5_39 | 20:52:18 ... OPTIMUM  (61s wall)
[method=lex-overtime][cfg1_ORIGINAL] instance_30_10_5_4 | 20:53:19 ... UNSATISFIABLE  (0s wall)
[method=lex-overtime][cfg1_ORIGINAL] instance_30_10_5_40 | 20:53:19 ... UNSATISFIABLE  (0s wall)
[method=lex-overtime][cfg1_ORIGINAL] instance_30_10_5_41 | 20:53:19 ... UNSATISFIABLE  (0s wall)
[method=lex-overtime][cfg1_ORIGINAL] instance_30_10_5_42 | 20:53:19 ... OPTIMUM  (74s wall)
[method=lex-overtime][cfg1_ORIGINAL] instance_30_10_5_43 | 20:54:33 ... UNSATISFIABLE  (0s wall)
[method=lex-overtime][cfg1_ORIGINAL] instance_30_10_5_44 | 20:54:33 ... UNSATISFIABLE  (0s wall)
[method=lex-overtime][cfg1_ORIGINAL] instance_30_10_5_45 | 20:54:33 ... UNSATISFIABLE  (0s wall)
[method=lex-overtime][cfg1_ORIGINAL] instance_30_10_5_46 | 20:54:34 ... UNSATISFIABLE  (0s wall)
[method=lex-overtime][cfg1_ORIGINAL] instance_30_10_5_47 | 20:54:34 ... UNSATISFIABLE  (0s wall)
[method=lex-overtime][cfg1_ORIGINAL] instance_30_10_5_48 | 20:54:34 ... OPTIMUM  (62s wall)
[method=lex-overtime][cfg1_ORIGINAL] instance_30_10_5_49 | 20:55:36 ... TIMEOUT  (300s wall)
[method=lex-overtime][cfg1_ORIGINAL] instance_30_10_5_5 | 21:00:36 ... UNSATISFIABLE  (0s wall)
[method=lex-overtime][cfg1_ORIGINAL] instance_30_10_5_50 | 21:00:36 ... UNSATISFIABLE  (0s wall)
[method=lex-overtime][cfg1_ORIGINAL] instance_30_10_5_6 | 21:00:36 ... UNSATISFIABLE  (0s wall)
[method=lex-overtime][cfg1_ORIGINAL] instance_30_10_5_7 | 21:00:36 ... UNSATISFIABLE  (0s wall)
[method=lex-overtime][cfg1_ORIGINAL] instance_30_10_5_8 | 21:00:36 ... OPTIMUM  (81s wall)
[method=lex-overtime][cfg1_ORIGINAL] instance_30_10_5_9 | 21:01:57 ... OPTIMUM  (51s wall)
[method=lex-overtime][cfg1_ORIGINAL] instance_30_15_4_1 | 21:02:48 ... OPTIMUM  (81s wall)
[method=lex-overtime][cfg1_ORIGINAL] instance_30_15_4_10 | 21:04:09 ... OPTIMUM  (70s wall)
[method=lex-overtime][cfg1_ORIGINAL] instance_30_15_4_11 | 21:05:19 ... OPTIMUM  (70s wall)
[method=lex-overtime][cfg1_ORIGINAL] instance_30_15_4_12 | 21:06:29 ... OPTIMUM  (70s wall)
[method=lex-overtime][cfg1_ORIGINAL] instance_30_15_4_13 | 21:07:39 ... OPTIMUM  (53s wall)
[method=lex-overtime][cfg1_ORIGINAL] instance_30_15_4_14 | 21:08:32 ... OPTIMUM  (73s wall)
[method=lex-overtime][cfg1_ORIGINAL] instance_30_15_4_15 | 21:09:45 ... OPTIMUM  (76s wall)
[method=lex-overtime][cfg1_ORIGINAL] instance_30_15_4_16 | 21:11:01 ... OPTIMUM  (53s wall)
[method=lex-overtime][cfg1_ORIGINAL] instance_30_15_4_17 | 21:11:54 ... OPTIMUM  (74s wall)
[method=lex-overtime][cfg1_ORIGINAL] instance_30_15_4_18 | 21:13:09 ... OPTIMUM  (75s wall)
[method=lex-overtime][cfg1_ORIGINAL] instance_30_15_4_19 | 21:14:24 ... OPTIMUM  (65s wall)
[method=lex-overtime][cfg1_ORIGINAL] instance_30_15_4_2 | 21:15:29 ... OPTIMUM  (68s wall)
[method=lex-overtime][cfg1_ORIGINAL] instance_30_15_4_20 | 21:16:37 ... OPTIMUM  (70s wall)
[method=lex-overtime][cfg1_ORIGINAL] instance_30_15_4_21 | 21:17:47 ... UNSATISFIABLE  (0s wall)
[method=lex-overtime][cfg1_ORIGINAL] instance_30_15_4_22 | 21:17:47 ... OPTIMUM  (73s wall)
[method=lex-overtime][cfg1_ORIGINAL] instance_30_15_4_23 | 21:19:00 ... OPTIMUM  (72s wall)
[method=lex-overtime][cfg1_ORIGINAL] instance_30_15_4_24 | 21:20:12 ... OPTIMUM  (82s wall)
[method=lex-overtime][cfg1_ORIGINAL] instance_30_15_4_25 | 21:21:34 ... OPTIMUM  (53s wall)
[method=lex-overtime][cfg1_ORIGINAL] instance_30_15_4_26 | 21:22:27 ... OPTIMUM  (79s wall)
[method=lex-overtime][cfg1_ORIGINAL] instance_30_15_4_27 | 21:23:46 ... OPTIMUM  (71s wall)
[method=lex-overtime][cfg1_ORIGINAL] instance_30_15_4_28 | 21:24:57 ... OPTIMUM  (68s wall)
[method=lex-overtime][cfg1_ORIGINAL] instance_30_15_4_29 | 21:26:05 ... OPTIMUM  (43s wall)
[method=lex-overtime][cfg1_ORIGINAL] instance_30_15_4_3 | 21:26:48 ... OPTIMUM  (70s wall)
[method=lex-overtime][cfg1_ORIGINAL] instance_30_15_4_30 | 21:27:58 ... OPTIMUM  (75s wall)
[method=lex-overtime][cfg1_ORIGINAL] instance_30_15_4_31 | 21:29:13 ... OPTIMUM  (75s wall)
[method=lex-overtime][cfg1_ORIGINAL] instance_30_15_4_32 | 21:30:28 ... OPTIMUM  (63s wall)
[method=lex-overtime][cfg1_ORIGINAL] instance_30_15_4_33 | 21:31:31 ... OPTIMUM  (80s wall)
[method=lex-overtime][cfg1_ORIGINAL] instance_30_15_4_34 | 21:32:51 ... OPTIMUM  (69s wall)
[method=lex-overtime][cfg1_ORIGINAL] instance_30_15_4_35 | 21:34:00 ... UNSATISFIABLE  (0s wall)
[method=lex-overtime][cfg1_ORIGINAL] instance_30_15_4_36 | 21:34:00 ... OPTIMUM  (58s wall)
[method=lex-overtime][cfg1_ORIGINAL] instance_30_15_4_37 | 21:34:58 ... OPTIMUM  (64s wall)
[method=lex-overtime][cfg1_ORIGINAL] instance_30_15_4_38 | 21:36:02 ... OPTIMUM  (65s wall)
[method=lex-overtime][cfg1_ORIGINAL] instance_30_15_4_39 | 21:37:07 ... OPTIMUM  (71s wall)
[method=lex-overtime][cfg1_ORIGINAL] instance_30_15_4_4 | 21:38:18 ... OPTIMUM  (92s wall)
[method=lex-overtime][cfg1_ORIGINAL] instance_30_15_4_40 | 21:39:50 ... OPTIMUM  (69s wall)
[method=lex-overtime][cfg1_ORIGINAL] instance_30_15_4_41 | 21:40:59 ... OPTIMUM  (81s wall)
[method=lex-overtime][cfg1_ORIGINAL] instance_30_15_4_42 | 21:42:20 ... OPTIMUM  (78s wall)
[method=lex-overtime][cfg1_ORIGINAL] instance_30_15_4_43 | 21:43:38 ... OPTIMUM  (82s wall)
[method=lex-overtime][cfg1_ORIGINAL] instance_30_15_4_44 | 21:45:00 ... UNSATISFIABLE  (0s wall)
[method=lex-overtime][cfg1_ORIGINAL] instance_30_15_4_45 | 21:45:00 ... OPTIMUM  (72s wall)
[method=lex-overtime][cfg1_ORIGINAL] instance_30_15_4_46 | 21:46:12 ... OPTIMUM  (76s wall)
[method=lex-overtime][cfg1_ORIGINAL] instance_30_15_4_47 | 21:47:28 ... OPTIMUM  (60s wall)
[method=lex-overtime][cfg1_ORIGINAL] instance_30_15_4_48 | 21:48:28 ... OPTIMUM  (65s wall)
[method=lex-overtime][cfg1_ORIGINAL] instance_30_15_4_49 | 21:49:33 ... OPTIMUM  (75s wall)
[method=lex-overtime][cfg1_ORIGINAL] instance_30_15_4_5 | 21:50:48 ... OPTIMUM  (63s wall)
[method=lex-overtime][cfg1_ORIGINAL] instance_30_15_4_50 | 21:51:51 ... OPTIMUM  (66s wall)
[method=lex-overtime][cfg1_ORIGINAL] instance_30_15_4_6 | 21:52:57 ... OPTIMUM  (79s wall)
[method=lex-overtime][cfg1_ORIGINAL] instance_30_15_4_7 | 21:54:17 ... UNSATISFIABLE  (0s wall)
[method=lex-overtime][cfg1_ORIGINAL] instance_30_15_4_8 | 21:54:17 ... UNSATISFIABLE  (0s wall)
[method=lex-overtime][cfg1_ORIGINAL] instance_30_15_4_9 | 21:54:17 ... OPTIMUM  (53s wall)
[method=lex-overtime][cfg1_ORIGINAL] instance_30_15_5_1 | 21:55:10 ... OPTIMUM  (88s wall)
[method=lex-overtime][cfg1_ORIGINAL] instance_30_15_5_10 | 21:56:38 ... UNSATISFIABLE  (0s wall)
[method=lex-overtime][cfg1_ORIGINAL] instance_30_15_5_11 | 21:56:38 ... OPTIMUM  (93s wall)
[method=lex-overtime][cfg1_ORIGINAL] instance_30_15_5_12 | 21:58:11 ... OPTIMUM  (99s wall)
[method=lex-overtime][cfg1_ORIGINAL] instance_30_15_5_13 | 21:59:50 ... OPTIMUM  (84s wall)
[method=lex-overtime][cfg1_ORIGINAL] instance_30_15_5_14 | 22:01:14 ... OPTIMUM  (89s wall)
[method=lex-overtime][cfg1_ORIGINAL] instance_30_15_5_15 | 22:02:43 ... OPTIMUM  (78s wall)
[method=lex-overtime][cfg1_ORIGINAL] instance_30_15_5_16 | 22:04:01 ... OPTIMUM  (71s wall)
[method=lex-overtime][cfg1_ORIGINAL] instance_30_15_5_17 | 22:05:12 ... OPTIMUM  (84s wall)
[method=lex-overtime][cfg1_ORIGINAL] instance_30_15_5_18 | 22:06:36 ... OPTIMUM  (87s wall)
[method=lex-overtime][cfg1_ORIGINAL] instance_30_15_5_19 | 22:08:03 ... OPTIMUM  (96s wall)
[method=lex-overtime][cfg1_ORIGINAL] instance_30_15_5_2 | 22:09:39 ... OPTIMUM  (73s wall)
[method=lex-overtime][cfg1_ORIGINAL] instance_30_15_5_20 | 22:10:52 ... UNSATISFIABLE  (1s wall)
[method=lex-overtime][cfg1_ORIGINAL] instance_30_15_5_21 | 22:10:53 ... OPTIMUM  (102s wall)
[method=lex-overtime][cfg1_ORIGINAL] instance_30_15_5_22 | 22:12:35 ... OPTIMUM  (85s wall)
[method=lex-overtime][cfg1_ORIGINAL] instance_30_15_5_23 | 22:14:00 ... OPTIMUM  (96s wall)

[STOP] Policy lex-overtime - Cấu hình cfg1_ORIGINAL đã vượt giới hạn thời gian (7200 giây).
[method=lex-overtime][cfg2_SN-none-ss] instance_30_10_4_1 | 22:15:36 ... OPTIMUM  (61s wall)
[method=lex-overtime][cfg2_SN-none-ss] instance_30_10_4_10 | 22:16:38 ... OPTIMUM  (54s wall)
[method=lex-overtime][cfg2_SN-none-ss] instance_30_10_4_11 | 22:17:32 ... OPTIMUM  (43s wall)
[method=lex-overtime][cfg2_SN-none-ss] instance_30_10_4_12 | 22:18:15 ... OPTIMUM  (50s wall)
[method=lex-overtime][cfg2_SN-none-ss] instance_30_10_4_13 | 22:19:05 ... UNSATISFIABLE  (0s wall)
[method=lex-overtime][cfg2_SN-none-ss] instance_30_10_4_14 | 22:19:05 ... UNSATISFIABLE  (0s wall)
[method=lex-overtime][cfg2_SN-none-ss] instance_30_10_4_15 | 22:19:05 ... UNSATISFIABLE  (0s wall)
[method=lex-overtime][cfg2_SN-none-ss] instance_30_10_4_16 | 22:19:05 ... OPTIMUM  (65s wall)
[method=lex-overtime][cfg2_SN-none-ss] instance_30_10_4_17 | 22:20:10 ... OPTIMUM  (51s wall)
[method=lex-overtime][cfg2_SN-none-ss] instance_30_10_4_18 | 22:21:01 ... OPTIMUM  (29s wall)
[method=lex-overtime][cfg2_SN-none-ss] instance_30_10_4_19 | 22:21:30 ... UNSATISFIABLE  (0s wall)
[method=lex-overtime][cfg2_SN-none-ss] instance_30_10_4_2 | 22:21:30 ... UNSATISFIABLE  (0s wall)
[method=lex-overtime][cfg2_SN-none-ss] instance_30_10_4_20 | 22:21:30 ... UNSATISFIABLE  (1s wall)
[method=lex-overtime][cfg2_SN-none-ss] instance_30_10_4_21 | 22:21:31 ... UNSATISFIABLE  (0s wall)
[method=lex-overtime][cfg2_SN-none-ss] instance_30_10_4_22 | 22:21:31 ... UNSATISFIABLE  (0s wall)
[method=lex-overtime][cfg2_SN-none-ss] instance_30_10_4_23 | 22:21:31 ... OPTIMUM  (40s wall)
[method=lex-overtime][cfg2_SN-none-ss] instance_30_10_4_24 | 22:22:11 ... OPTIMUM  (60s wall)
[method=lex-overtime][cfg2_SN-none-ss] instance_30_10_4_25 | 22:23:11 ... OPTIMUM  (55s wall)
[method=lex-overtime][cfg2_SN-none-ss] instance_30_10_4_26 | 22:24:06 ... UNSATISFIABLE  (0s wall)
[method=lex-overtime][cfg2_SN-none-ss] instance_30_10_4_27 | 22:24:06 ... OPTIMUM  (55s wall)
[method=lex-overtime][cfg2_SN-none-ss] instance_30_10_4_28 | 22:25:01 ... UNSATISFIABLE  (0s wall)
[method=lex-overtime][cfg2_SN-none-ss] instance_30_10_4_29 | 22:25:01 ... UNSATISFIABLE  (0s wall)
[method=lex-overtime][cfg2_SN-none-ss] instance_30_10_4_3 | 22:25:01 ... UNSATISFIABLE  (0s wall)
[method=lex-overtime][cfg2_SN-none-ss] instance_30_10_4_30 | 22:25:01 ... OPTIMUM  (44s wall)
[method=lex-overtime][cfg2_SN-none-ss] instance_30_10_4_31 | 22:25:45 ... OPTIMUM  (54s wall)
[method=lex-overtime][cfg2_SN-none-ss] instance_30_10_4_32 | 22:26:39 ... OPTIMUM  (56s wall)
[method=lex-overtime][cfg2_SN-none-ss] instance_30_10_4_33 | 22:27:35 ... OPTIMUM  (68s wall)
[method=lex-overtime][cfg2_SN-none-ss] instance_30_10_4_34 | 22:28:43 ... UNSATISFIABLE  (0s wall)
[method=lex-overtime][cfg2_SN-none-ss] instance_30_10_4_35 | 22:28:43 ... UNSATISFIABLE  (0s wall)
[method=lex-overtime][cfg2_SN-none-ss] instance_30_10_4_36 | 22:28:43 ... OPTIMUM  (53s wall)
[method=lex-overtime][cfg2_SN-none-ss] instance_30_10_4_37 | 22:29:36 ... OPTIMUM  (68s wall)
[method=lex-overtime][cfg2_SN-none-ss] instance_30_10_4_38 | 22:30:44 ... UNSATISFIABLE  (0s wall)
[method=lex-overtime][cfg2_SN-none-ss] instance_30_10_4_39 | 22:30:44 ... UNSATISFIABLE  (0s wall)
[method=lex-overtime][cfg2_SN-none-ss] instance_30_10_4_4 | 22:30:44 ... OPTIMUM  (68s wall)
[method=lex-overtime][cfg2_SN-none-ss] instance_30_10_4_40 | 22:31:52 ... UNSATISFIABLE  (0s wall)
[method=lex-overtime][cfg2_SN-none-ss] instance_30_10_4_41 | 22:31:52 ... OPTIMUM  (24s wall)
[method=lex-overtime][cfg2_SN-none-ss] instance_30_10_4_42 | 22:32:17 ... UNSATISFIABLE  (0s wall)
[method=lex-overtime][cfg2_SN-none-ss] instance_30_10_4_43 | 22:32:17 ... OPTIMUM  (60s wall)
[method=lex-overtime][cfg2_SN-none-ss] instance_30_10_4_44 | 22:33:17 ... UNSATISFIABLE  (0s wall)
[method=lex-overtime][cfg2_SN-none-ss] instance_30_10_4_45 | 22:33:17 ... OPTIMUM  (33s wall)
[method=lex-overtime][cfg2_SN-none-ss] instance_30_10_4_46 | 22:33:50 ... UNSATISFIABLE  (0s wall)
[method=lex-overtime][cfg2_SN-none-ss] instance_30_10_4_47 | 22:33:50 ... OPTIMUM  (51s wall)
[method=lex-overtime][cfg2_SN-none-ss] instance_30_10_4_48 | 22:34:41 ... OPTIMUM  (4s wall)
[method=lex-overtime][cfg2_SN-none-ss] instance_30_10_4_49 | 22:34:45 ... UNSATISFIABLE  (0s wall)
[method=lex-overtime][cfg2_SN-none-ss] instance_30_10_4_5 | 22:34:45 ... OPTIMUM  (41s wall)
[method=lex-overtime][cfg2_SN-none-ss] instance_30_10_4_50 | 22:35:26 ... UNSATISFIABLE  (1s wall)
[method=lex-overtime][cfg2_SN-none-ss] instance_30_10_4_6 | 22:35:27 ... OPTIMUM  (65s wall)
[method=lex-overtime][cfg2_SN-none-ss] instance_30_10_4_7 | 22:36:32 ... UNSATISFIABLE  (0s wall)
[method=lex-overtime][cfg2_SN-none-ss] instance_30_10_4_8 | 22:36:32 ... OPTIMUM  (55s wall)
[method=lex-overtime][cfg2_SN-none-ss] instance_30_10_4_9 | 22:37:27 ... UNSATISFIABLE  (0s wall)
[method=lex-overtime][cfg2_SN-none-ss] instance_30_10_5_1 | 22:37:27 ... OPTIMUM  (77s wall)
[method=lex-overtime][cfg2_SN-none-ss] instance_30_10_5_10 | 22:38:44 ... OPTIMUM  (54s wall)
[method=lex-overtime][cfg2_SN-none-ss] instance_30_10_5_11 | 22:39:38 ... UNSATISFIABLE  (0s wall)
[method=lex-overtime][cfg2_SN-none-ss] instance_30_10_5_12 | 22:39:38 ... UNSATISFIABLE  (0s wall)
[method=lex-overtime][cfg2_SN-none-ss] instance_30_10_5_13 | 22:39:38 ... UNSATISFIABLE  (0s wall)
[method=lex-overtime][cfg2_SN-none-ss] instance_30_10_5_14 | 22:39:38 ... UNSATISFIABLE  (0s wall)
[method=lex-overtime][cfg2_SN-none-ss] instance_30_10_5_15 | 22:39:38 ... UNSATISFIABLE  (0s wall)
[method=lex-overtime][cfg2_SN-none-ss] instance_30_10_5_16 | 22:39:38 ... OPTIMUM  (55s wall)
[method=lex-overtime][cfg2_SN-none-ss] instance_30_10_5_17 | 22:40:33 ... OPTIMUM  (51s wall)
[method=lex-overtime][cfg2_SN-none-ss] instance_30_10_5_18 | 22:41:24 ... OPTIMUM  (72s wall)
[method=lex-overtime][cfg2_SN-none-ss] instance_30_10_5_19 | 22:42:36 ... UNSATISFIABLE  (0s wall)
[method=lex-overtime][cfg2_SN-none-ss] instance_30_10_5_2 | 22:42:37 ... UNSATISFIABLE  (0s wall)
[method=lex-overtime][cfg2_SN-none-ss] instance_30_10_5_20 | 22:42:37 ... UNSATISFIABLE  (0s wall)
[method=lex-overtime][cfg2_SN-none-ss] instance_30_10_5_21 | 22:42:37 ... UNSATISFIABLE  (0s wall)
[method=lex-overtime][cfg2_SN-none-ss] instance_30_10_5_22 | 22:42:37 ... OPTIMUM  (58s wall)
[method=lex-overtime][cfg2_SN-none-ss] instance_30_10_5_23 | 22:43:35 ... UNSATISFIABLE  (0s wall)
[method=lex-overtime][cfg2_SN-none-ss] instance_30_10_5_24 | 22:43:35 ... UNSATISFIABLE  (0s wall)
[method=lex-overtime][cfg2_SN-none-ss] instance_30_10_5_25 | 22:43:35 ... UNSATISFIABLE  (0s wall)
[method=lex-overtime][cfg2_SN-none-ss] instance_30_10_5_26 | 22:43:35 ... UNSATISFIABLE  (0s wall)
[method=lex-overtime][cfg2_SN-none-ss] instance_30_10_5_27 | 22:43:35 ... UNSATISFIABLE  (0s wall)
[method=lex-overtime][cfg2_SN-none-ss] instance_30_10_5_28 | 22:43:35 ... UNSATISFIABLE  (0s wall)
[method=lex-overtime][cfg2_SN-none-ss] instance_30_10_5_29 | 22:43:35 ... UNSATISFIABLE  (0s wall)
[method=lex-overtime][cfg2_SN-none-ss] instance_30_10_5_3 | 22:43:35 ... OPTIMUM  (54s wall)
[method=lex-overtime][cfg2_SN-none-ss] instance_30_10_5_30 | 22:44:29 ... UNSATISFIABLE  (0s wall)
[method=lex-overtime][cfg2_SN-none-ss] instance_30_10_5_31 | 22:44:29 ... OPTIMUM  (48s wall)
[method=lex-overtime][cfg2_SN-none-ss] instance_30_10_5_32 | 22:45:17 ... OPTIMUM  (88s wall)
[method=lex-overtime][cfg2_SN-none-ss] instance_30_10_5_33 | 22:46:45 ... OPTIMUM  (80s wall)
[method=lex-overtime][cfg2_SN-none-ss] instance_30_10_5_34 | 22:48:05 ... OPTIMUM  (53s wall)
[method=lex-overtime][cfg2_SN-none-ss] instance_30_10_5_35 | 22:48:58 ... OPTIMUM  (52s wall)
[method=lex-overtime][cfg2_SN-none-ss] instance_30_10_5_36 | 22:49:50 ... OPTIMUM  (63s wall)
[method=lex-overtime][cfg2_SN-none-ss] instance_30_10_5_37 | 22:50:53 ... OPTIMUM  (26s wall)
[method=lex-overtime][cfg2_SN-none-ss] instance_30_10_5_38 | 22:51:19 ... OPTIMUM  (75s wall)
[method=lex-overtime][cfg2_SN-none-ss] instance_30_10_5_39 | 22:52:34 ... OPTIMUM  (61s wall)
[method=lex-overtime][cfg2_SN-none-ss] instance_30_10_5_4 | 22:53:35 ... UNSATISFIABLE  (0s wall)
[method=lex-overtime][cfg2_SN-none-ss] instance_30_10_5_40 | 22:53:35 ... UNSATISFIABLE  (0s wall)
[method=lex-overtime][cfg2_SN-none-ss] instance_30_10_5_41 | 22:53:35 ... UNSATISFIABLE  (0s wall)
[method=lex-overtime][cfg2_SN-none-ss] instance_30_10_5_42 | 22:53:35 ... OPTIMUM  (74s wall)
[method=lex-overtime][cfg2_SN-none-ss] instance_30_10_5_43 | 22:54:49 ... UNSATISFIABLE  (0s wall)
[method=lex-overtime][cfg2_SN-none-ss] instance_30_10_5_44 | 22:54:49 ... UNSATISFIABLE  (1s wall)
[method=lex-overtime][cfg2_SN-none-ss] instance_30_10_5_45 | 22:54:50 ... UNSATISFIABLE  (0s wall)
[method=lex-overtime][cfg2_SN-none-ss] instance_30_10_5_46 | 22:54:50 ... UNSATISFIABLE  (0s wall)
[method=lex-overtime][cfg2_SN-none-ss] instance_30_10_5_47 | 22:54:50 ... UNSATISFIABLE  (0s wall)
[method=lex-overtime][cfg2_SN-none-ss] instance_30_10_5_48 | 22:54:50 ... OPTIMUM  (60s wall)
[method=lex-overtime][cfg2_SN-none-ss] instance_30_10_5_49 | 22:55:50 ... TIMEOUT  (300s wall)
[method=lex-overtime][cfg2_SN-none-ss] instance_30_10_5_5 | 23:00:51 ... UNSATISFIABLE  (0s wall)
[method=lex-overtime][cfg2_SN-none-ss] instance_30_10_5_50 | 23:00:51 ... UNSATISFIABLE  (0s wall)
[method=lex-overtime][cfg2_SN-none-ss] instance_30_10_5_6 | 23:00:51 ... UNSATISFIABLE  (0s wall)
[method=lex-overtime][cfg2_SN-none-ss] instance_30_10_5_7 | 23:00:51 ... UNSATISFIABLE  (0s wall)
[method=lex-overtime][cfg2_SN-none-ss] instance_30_10_5_8 | 23:00:51 ... OPTIMUM  (81s wall)
[method=lex-overtime][cfg2_SN-none-ss] instance_30_10_5_9 | 23:02:12 ... OPTIMUM  (50s wall)
[method=lex-overtime][cfg2_SN-none-ss] instance_30_15_4_1 | 23:03:02 ... OPTIMUM  (82s wall)
[method=lex-overtime][cfg2_SN-none-ss] instance_30_15_4_10 | 23:04:24 ... OPTIMUM  (70s wall)
[method=lex-overtime][cfg2_SN-none-ss] instance_30_15_4_11 | 23:05:34 ... OPTIMUM  (69s wall)
[method=lex-overtime][cfg2_SN-none-ss] instance_30_15_4_12 | 23:06:43 ... OPTIMUM  (71s wall)
[method=lex-overtime][cfg2_SN-none-ss] instance_30_15_4_13 | 23:07:54 ... OPTIMUM  (54s wall)
[method=lex-overtime][cfg2_SN-none-ss] instance_30_15_4_14 | 23:08:48 ... OPTIMUM  (73s wall)
[method=lex-overtime][cfg2_SN-none-ss] instance_30_15_4_15 | 23:10:01 ... OPTIMUM  (79s wall)
[method=lex-overtime][cfg2_SN-none-ss] instance_30_15_4_16 | 23:11:20 ... OPTIMUM  (53s wall)
[method=lex-overtime][cfg2_SN-none-ss] instance_30_15_4_17 | 23:12:13 ... OPTIMUM  (74s wall)
[method=lex-overtime][cfg2_SN-none-ss] instance_30_15_4_18 | 23:13:27 ... OPTIMUM  (77s wall)
[method=lex-overtime][cfg2_SN-none-ss] instance_30_15_4_19 | 23:14:44 ... OPTIMUM  (66s wall)
[method=lex-overtime][cfg2_SN-none-ss] instance_30_15_4_2 | 23:15:50 ... OPTIMUM  (67s wall)
[method=lex-overtime][cfg2_SN-none-ss] instance_30_15_4_20 | 23:16:57 ... OPTIMUM  (70s wall)
[method=lex-overtime][cfg2_SN-none-ss] instance_30_15_4_21 | 23:18:07 ... UNSATISFIABLE  (0s wall)
[method=lex-overtime][cfg2_SN-none-ss] instance_30_15_4_22 | 23:18:07 ... OPTIMUM  (73s wall)
[method=lex-overtime][cfg2_SN-none-ss] instance_30_15_4_23 | 23:19:20 ... OPTIMUM  (74s wall)
[method=lex-overtime][cfg2_SN-none-ss] instance_30_15_4_24 | 23:20:34 ... OPTIMUM  (82s wall)
[method=lex-overtime][cfg2_SN-none-ss] instance_30_15_4_25 | 23:21:56 ... OPTIMUM  (54s wall)
[method=lex-overtime][cfg2_SN-none-ss] instance_30_15_4_26 | 23:22:50 ... OPTIMUM  (79s wall)
[method=lex-overtime][cfg2_SN-none-ss] instance_30_15_4_27 | 23:24:09 ... OPTIMUM  (71s wall)
[method=lex-overtime][cfg2_SN-none-ss] instance_30_15_4_28 | 23:25:20 ... OPTIMUM  (68s wall)
[method=lex-overtime][cfg2_SN-none-ss] instance_30_15_4_29 | 23:26:28 ... OPTIMUM  (43s wall)
[method=lex-overtime][cfg2_SN-none-ss] instance_30_15_4_3 | 23:27:11 ... OPTIMUM  (70s wall)
[method=lex-overtime][cfg2_SN-none-ss] instance_30_15_4_30 | 23:28:21 ... OPTIMUM  (81s wall)
[method=lex-overtime][cfg2_SN-none-ss] instance_30_15_4_31 | 23:29:42 ... OPTIMUM  (74s wall)
[method=lex-overtime][cfg2_SN-none-ss] instance_30_15_4_32 | 23:30:56 ... OPTIMUM  (65s wall)
[method=lex-overtime][cfg2_SN-none-ss] instance_30_15_4_33 | 23:32:01 ... OPTIMUM  (80s wall)
[method=lex-overtime][cfg2_SN-none-ss] instance_30_15_4_34 | 23:33:21 ... OPTIMUM  (69s wall)
[method=lex-overtime][cfg2_SN-none-ss] instance_30_15_4_35 | 23:34:30 ... UNSATISFIABLE  (0s wall)
[method=lex-overtime][cfg2_SN-none-ss] instance_30_15_4_36 | 23:34:30 ... OPTIMUM  (58s wall)
[method=lex-overtime][cfg2_SN-none-ss] instance_30_15_4_37 | 23:35:28 ... OPTIMUM  (63s wall)
[method=lex-overtime][cfg2_SN-none-ss] instance_30_15_4_38 | 23:36:31 ... OPTIMUM  (64s wall)
[method=lex-overtime][cfg2_SN-none-ss] instance_30_15_4_39 | 23:37:35 ... OPTIMUM  (72s wall)
[method=lex-overtime][cfg2_SN-none-ss] instance_30_15_4_4 | 23:38:47 ... OPTIMUM  (95s wall)
[method=lex-overtime][cfg2_SN-none-ss] instance_30_15_4_40 | 23:40:22 ... OPTIMUM  (69s wall)
[method=lex-overtime][cfg2_SN-none-ss] instance_30_15_4_41 | 23:41:31 ... OPTIMUM  (80s wall)
[method=lex-overtime][cfg2_SN-none-ss] instance_30_15_4_42 | 23:42:51 ... OPTIMUM  (76s wall)
[method=lex-overtime][cfg2_SN-none-ss] instance_30_15_4_43 | 23:44:07 ... OPTIMUM  (84s wall)
[method=lex-overtime][cfg2_SN-none-ss] instance_30_15_4_44 | 23:45:31 ... UNSATISFIABLE  (0s wall)
[method=lex-overtime][cfg2_SN-none-ss] instance_30_15_4_45 | 23:45:31 ... OPTIMUM  (73s wall)
[method=lex-overtime][cfg2_SN-none-ss] instance_30_15_4_46 | 23:46:44 ... OPTIMUM  (76s wall)
[method=lex-overtime][cfg2_SN-none-ss] instance_30_15_4_47 | 23:48:00 ... OPTIMUM  (60s wall)
[method=lex-overtime][cfg2_SN-none-ss] instance_30_15_4_48 | 23:49:00 ... OPTIMUM  (65s wall)
[method=lex-overtime][cfg2_SN-none-ss] instance_30_15_4_49 | 23:50:05 ... OPTIMUM  (78s wall)
[method=lex-overtime][cfg2_SN-none-ss] instance_30_15_4_5 | 23:51:23 ... OPTIMUM  (64s wall)
[method=lex-overtime][cfg2_SN-none-ss] instance_30_15_4_50 | 23:52:27 ... OPTIMUM  (66s wall)
[method=lex-overtime][cfg2_SN-none-ss] instance_30_15_4_6 | 23:53:33 ... OPTIMUM  (81s wall)
[method=lex-overtime][cfg2_SN-none-ss] instance_30_15_4_7 | 23:54:54 ... UNSATISFIABLE  (0s wall)
[method=lex-overtime][cfg2_SN-none-ss] instance_30_15_4_8 | 23:54:54 ... UNSATISFIABLE  (0s wall)
[method=lex-overtime][cfg2_SN-none-ss] instance_30_15_4_9 | 23:54:54 ... OPTIMUM  (52s wall)
[method=lex-overtime][cfg2_SN-none-ss] instance_30_15_5_1 | 23:55:47 ... OPTIMUM  (87s wall)
[method=lex-overtime][cfg2_SN-none-ss] instance_30_15_5_10 | 23:57:14 ... UNSATISFIABLE  (0s wall)
[method=lex-overtime][cfg2_SN-none-ss] instance_30_15_5_11 | 23:57:14 ... OPTIMUM  (91s wall)
[method=lex-overtime][cfg2_SN-none-ss] instance_30_15_5_12 | 23:58:45 ... OPTIMUM  (99s wall)
[method=lex-overtime][cfg2_SN-none-ss] instance_30_15_5_13 | 00:00:24 ... OPTIMUM  (83s wall)
[method=lex-overtime][cfg2_SN-none-ss] instance_30_15_5_14 | 00:01:47 ... OPTIMUM  (89s wall)
[method=lex-overtime][cfg2_SN-none-ss] instance_30_15_5_15 | 00:03:16 ... OPTIMUM  (78s wall)
[method=lex-overtime][cfg2_SN-none-ss] instance_30_15_5_16 | 00:04:34 ... OPTIMUM  (73s wall)
[method=lex-overtime][cfg2_SN-none-ss] instance_30_15_5_17 | 00:05:47 ... OPTIMUM  (84s wall)
[method=lex-overtime][cfg2_SN-none-ss] instance_30_15_5_18 | 00:07:11 ... OPTIMUM  (92s wall)
[method=lex-overtime][cfg2_SN-none-ss] instance_30_15_5_19 | 00:08:43 ... OPTIMUM  (93s wall)
[method=lex-overtime][cfg2_SN-none-ss] instance_30_15_5_2 | 00:10:16 ... OPTIMUM  (74s wall)
[method=lex-overtime][cfg2_SN-none-ss] instance_30_15_5_20 | 00:11:30 ... UNSATISFIABLE  (0s wall)
[method=lex-overtime][cfg2_SN-none-ss] instance_30_15_5_21 | 00:11:30 ... OPTIMUM  (104s wall)
[method=lex-overtime][cfg2_SN-none-ss] instance_30_15_5_22 | 00:13:14 ... OPTIMUM  (89s wall)
[method=lex-overtime][cfg2_SN-none-ss] instance_30_15_5_23 | 00:14:44 ... OPTIMUM  (98s wall)

[STOP] Policy lex-overtime - Cấu hình cfg2_SN-none-ss đã vượt giới hạn thời gian (7200 giây).
[method=lex-overtime][cfg3_SN-both-none] instance_30_10_4_1 | 00:16:23 ... OPTIMUM  (63s wall)
[method=lex-overtime][cfg3_SN-both-none] instance_30_10_4_10 | 00:17:26 ... OPTIMUM  (56s wall)
[method=lex-overtime][cfg3_SN-both-none] instance_30_10_4_11 | 00:18:22 ... OPTIMUM  (44s wall)
[method=lex-overtime][cfg3_SN-both-none] instance_30_10_4_12 | 00:19:06 ... OPTIMUM  (52s wall)
[method=lex-overtime][cfg3_SN-both-none] instance_30_10_4_13 | 00:19:58 ... UNSATISFIABLE  (0s wall)
[method=lex-overtime][cfg3_SN-both-none] instance_30_10_4_14 | 00:19:58 ... UNSATISFIABLE  (0s wall)
[method=lex-overtime][cfg3_SN-both-none] instance_30_10_4_15 | 00:19:58 ... UNSATISFIABLE  (0s wall)
[method=lex-overtime][cfg3_SN-both-none] instance_30_10_4_16 | 00:19:58 ... OPTIMUM  (65s wall)
[method=lex-overtime][cfg3_SN-both-none] instance_30_10_4_17 | 00:21:03 ... OPTIMUM  (50s wall)
[method=lex-overtime][cfg3_SN-both-none] instance_30_10_4_18 | 00:21:53 ... OPTIMUM  (30s wall)
[method=lex-overtime][cfg3_SN-both-none] instance_30_10_4_19 | 00:22:23 ... UNSATISFIABLE  (0s wall)
[method=lex-overtime][cfg3_SN-both-none] instance_30_10_4_2 | 00:22:23 ... UNSATISFIABLE  (0s wall)
[method=lex-overtime][cfg3_SN-both-none] instance_30_10_4_20 | 00:22:23 ... UNSATISFIABLE  (0s wall)
[method=lex-overtime][cfg3_SN-both-none] instance_30_10_4_21 | 00:22:23 ... UNSATISFIABLE  (1s wall)
[method=lex-overtime][cfg3_SN-both-none] instance_30_10_4_22 | 00:22:24 ... UNSATISFIABLE  (0s wall)
[method=lex-overtime][cfg3_SN-both-none] instance_30_10_4_23 | 00:22:24 ... OPTIMUM  (43s wall)
[method=lex-overtime][cfg3_SN-both-none] instance_30_10_4_24 | 00:23:07 ... OPTIMUM  (60s wall)
[method=lex-overtime][cfg3_SN-both-none] instance_30_10_4_25 | 00:24:07 ... OPTIMUM  (56s wall)
[method=lex-overtime][cfg3_SN-both-none] instance_30_10_4_26 | 00:25:03 ... UNSATISFIABLE  (0s wall)
[method=lex-overtime][cfg3_SN-both-none] instance_30_10_4_27 | 00:25:03 ... OPTIMUM  (57s wall)
[method=lex-overtime][cfg3_SN-both-none] instance_30_10_4_28 | 00:26:00 ... UNSATISFIABLE  (0s wall)
[method=lex-overtime][cfg3_SN-both-none] instance_30_10_4_29 | 00:26:00 ... UNSATISFIABLE  (0s wall)
[method=lex-overtime][cfg3_SN-both-none] instance_30_10_4_3 | 00:26:00 ... UNSATISFIABLE  (0s wall)
[method=lex-overtime][cfg3_SN-both-none] instance_30_10_4_30 | 00:26:00 ... OPTIMUM  (43s wall)
[method=lex-overtime][cfg3_SN-both-none] instance_30_10_4_31 | 00:26:43 ... OPTIMUM  (56s wall)
[method=lex-overtime][cfg3_SN-both-none] instance_30_10_4_32 | 00:27:40 ... OPTIMUM  (56s wall)
[method=lex-overtime][cfg3_SN-both-none] instance_30_10_4_33 | 00:28:36 ... OPTIMUM  (69s wall)
[method=lex-overtime][cfg3_SN-both-none] instance_30_10_4_34 | 00:29:45 ... UNSATISFIABLE  (0s wall)
[method=lex-overtime][cfg3_SN-both-none] instance_30_10_4_35 | 00:29:45 ... UNSATISFIABLE  (0s wall)
[method=lex-overtime][cfg3_SN-both-none] instance_30_10_4_36 | 00:29:45 ... OPTIMUM  (53s wall)
[method=lex-overtime][cfg3_SN-both-none] instance_30_10_4_37 | 00:30:38 ... OPTIMUM  (68s wall)
[method=lex-overtime][cfg3_SN-both-none] instance_30_10_4_38 | 00:31:46 ... UNSATISFIABLE  (1s wall)
[method=lex-overtime][cfg3_SN-both-none] instance_30_10_4_39 | 00:31:47 ... UNSATISFIABLE  (0s wall)
[method=lex-overtime][cfg3_SN-both-none] instance_30_10_4_4 | 00:31:47 ... OPTIMUM  (67s wall)
[method=lex-overtime][cfg3_SN-both-none] instance_30_10_4_40 | 00:32:54 ... UNSATISFIABLE  (0s wall)
[method=lex-overtime][cfg3_SN-both-none] instance_30_10_4_41 | 00:32:54 ... OPTIMUM  (27s wall)
[method=lex-overtime][cfg3_SN-both-none] instance_30_10_4_42 | 00:33:21 ... UNSATISFIABLE  (0s wall)
[method=lex-overtime][cfg3_SN-both-none] instance_30_10_4_43 | 00:33:21 ... OPTIMUM  (62s wall)
[method=lex-overtime][cfg3_SN-both-none] instance_30_10_4_44 | 00:34:23 ... UNSATISFIABLE  (0s wall)
[method=lex-overtime][cfg3_SN-both-none] instance_30_10_4_45 | 00:34:23 ... OPTIMUM  (42s wall)
[method=lex-overtime][cfg3_SN-both-none] instance_30_10_4_46 | 00:35:05 ... UNSATISFIABLE  (0s wall)
[method=lex-overtime][cfg3_SN-both-none] instance_30_10_4_47 | 00:35:05 ... OPTIMUM  (51s wall)
[method=lex-overtime][cfg3_SN-both-none] instance_30_10_4_48 | 00:35:56 ... OPTIMUM  (4s wall)
[method=lex-overtime][cfg3_SN-both-none] instance_30_10_4_49 | 00:36:00 ... UNSATISFIABLE  (0s wall)
[method=lex-overtime][cfg3_SN-both-none] instance_30_10_4_5 | 00:36:00 ... OPTIMUM  (43s wall)
[method=lex-overtime][cfg3_SN-both-none] instance_30_10_4_50 | 00:36:43 ... UNSATISFIABLE  (0s wall)
[method=lex-overtime][cfg3_SN-both-none] instance_30_10_4_6 | 00:36:43 ... OPTIMUM  (66s wall)
[method=lex-overtime][cfg3_SN-both-none] instance_30_10_4_7 | 00:37:49 ... UNSATISFIABLE  (0s wall)
[method=lex-overtime][cfg3_SN-both-none] instance_30_10_4_8 | 00:37:49 ... OPTIMUM  (53s wall)
[method=lex-overtime][cfg3_SN-both-none] instance_30_10_4_9 | 00:38:42 ... UNSATISFIABLE  (0s wall)
[method=lex-overtime][cfg3_SN-both-none] instance_30_10_5_1 | 00:38:42 ... OPTIMUM  (78s wall)
[method=lex-overtime][cfg3_SN-both-none] instance_30_10_5_10 | 00:40:01 ... OPTIMUM  (54s wall)
[method=lex-overtime][cfg3_SN-both-none] instance_30_10_5_11 | 00:40:55 ... UNSATISFIABLE  (0s wall)
[method=lex-overtime][cfg3_SN-both-none] instance_30_10_5_12 | 00:40:55 ... UNSATISFIABLE  (0s wall)
[method=lex-overtime][cfg3_SN-both-none] instance_30_10_5_13 | 00:40:55 ... UNSATISFIABLE  (0s wall)
[method=lex-overtime][cfg3_SN-both-none] instance_30_10_5_14 | 00:40:55 ... UNSATISFIABLE  (1s wall)
[method=lex-overtime][cfg3_SN-both-none] instance_30_10_5_15 | 00:40:56 ... UNSATISFIABLE  (0s wall)
[method=lex-overtime][cfg3_SN-both-none] instance_30_10_5_16 | 00:40:56 ... OPTIMUM  (57s wall)
[method=lex-overtime][cfg3_SN-both-none] instance_30_10_5_17 | 00:41:53 ... OPTIMUM  (54s wall)
[method=lex-overtime][cfg3_SN-both-none] instance_30_10_5_18 | 00:42:47 ... OPTIMUM  (74s wall)
[method=lex-overtime][cfg3_SN-both-none] instance_30_10_5_19 | 00:44:01 ... UNSATISFIABLE  (1s wall)
[method=lex-overtime][cfg3_SN-both-none] instance_30_10_5_2 | 00:44:02 ... UNSATISFIABLE  (0s wall)
[method=lex-overtime][cfg3_SN-both-none] instance_30_10_5_20 | 00:44:02 ... UNSATISFIABLE  (0s wall)
[method=lex-overtime][cfg3_SN-both-none] instance_30_10_5_21 | 00:44:02 ... UNSATISFIABLE  (0s wall)
[method=lex-overtime][cfg3_SN-both-none] instance_30_10_5_22 | 00:44:02 ... OPTIMUM  (58s wall)
[method=lex-overtime][cfg3_SN-both-none] instance_30_10_5_23 | 00:45:00 ... UNSATISFIABLE  (0s wall)
[method=lex-overtime][cfg3_SN-both-none] instance_30_10_5_24 | 00:45:00 ... UNSATISFIABLE  (0s wall)
[method=lex-overtime][cfg3_SN-both-none] instance_30_10_5_25 | 00:45:00 ... UNSATISFIABLE  (0s wall)
[method=lex-overtime][cfg3_SN-both-none] instance_30_10_5_26 | 00:45:00 ... UNSATISFIABLE  (0s wall)
[method=lex-overtime][cfg3_SN-both-none] instance_30_10_5_27 | 00:45:00 ... UNSATISFIABLE  (0s wall)
[method=lex-overtime][cfg3_SN-both-none] instance_30_10_5_28 | 00:45:00 ... UNSATISFIABLE  (0s wall)
[method=lex-overtime][cfg3_SN-both-none] instance_30_10_5_29 | 00:45:00 ... UNSATISFIABLE  (1s wall)
[method=lex-overtime][cfg3_SN-both-none] instance_30_10_5_3 | 00:45:01 ... OPTIMUM  (51s wall)
[method=lex-overtime][cfg3_SN-both-none] instance_30_10_5_30 | 00:45:52 ... UNSATISFIABLE  (0s wall)
[method=lex-overtime][cfg3_SN-both-none] instance_30_10_5_31 | 00:45:52 ... OPTIMUM  (51s wall)
[method=lex-overtime][cfg3_SN-both-none] instance_30_10_5_32 | 00:46:43 ... OPTIMUM  (90s wall)
[method=lex-overtime][cfg3_SN-both-none] instance_30_10_5_33 | 00:48:13 ... OPTIMUM  (83s wall)
[method=lex-overtime][cfg3_SN-both-none] instance_30_10_5_34 | 00:49:36 ... OPTIMUM  (55s wall)
[method=lex-overtime][cfg3_SN-both-none] instance_30_10_5_35 | 00:50:31 ... OPTIMUM  (53s wall)
[method=lex-overtime][cfg3_SN-both-none] instance_30_10_5_36 | 00:51:24 ... OPTIMUM  (62s wall)
[method=lex-overtime][cfg3_SN-both-none] instance_30_10_5_37 | 00:52:26 ... OPTIMUM  (27s wall)
[method=lex-overtime][cfg3_SN-both-none] instance_30_10_5_38 | 00:52:54 ... OPTIMUM  (75s wall)
[method=lex-overtime][cfg3_SN-both-none] instance_30_10_5_39 | 00:54:09 ... OPTIMUM  (59s wall)
[method=lex-overtime][cfg3_SN-both-none] instance_30_10_5_4 | 00:55:08 ... UNSATISFIABLE  (0s wall)
[method=lex-overtime][cfg3_SN-both-none] instance_30_10_5_40 | 00:55:08 ... UNSATISFIABLE  (0s wall)
[method=lex-overtime][cfg3_SN-both-none] instance_30_10_5_41 | 00:55:08 ... UNSATISFIABLE  (0s wall)
[method=lex-overtime][cfg3_SN-both-none] instance_30_10_5_42 | 00:55:08 ... OPTIMUM  (77s wall)
[method=lex-overtime][cfg3_SN-both-none] instance_30_10_5_43 | 00:56:25 ... UNSATISFIABLE  (0s wall)
[method=lex-overtime][cfg3_SN-both-none] instance_30_10_5_44 | 00:56:25 ... UNSATISFIABLE  (0s wall)
[method=lex-overtime][cfg3_SN-both-none] instance_30_10_5_45 | 00:56:25 ... UNSATISFIABLE  (1s wall)
[method=lex-overtime][cfg3_SN-both-none] instance_30_10_5_46 | 00:56:26 ... UNSATISFIABLE  (0s wall)
[method=lex-overtime][cfg3_SN-both-none] instance_30_10_5_47 | 00:56:26 ... UNSATISFIABLE  (0s wall)
[method=lex-overtime][cfg3_SN-both-none] instance_30_10_5_48 | 00:56:26 ... OPTIMUM  (69s wall)
[method=lex-overtime][cfg3_SN-both-none] instance_30_10_5_49 | 00:57:35 ... TIMEOUT  (300s wall)
[method=lex-overtime][cfg3_SN-both-none] instance_30_10_5_5 | 01:02:35 ... UNSATISFIABLE  (0s wall)
[method=lex-overtime][cfg3_SN-both-none] instance_30_10_5_50 | 01:02:35 ... UNSATISFIABLE  (0s wall)
[method=lex-overtime][cfg3_SN-both-none] instance_30_10_5_6 | 01:02:35 ... UNSATISFIABLE  (0s wall)
[method=lex-overtime][cfg3_SN-both-none] instance_30_10_5_7 | 01:02:35 ... UNSATISFIABLE  (0s wall)
[method=lex-overtime][cfg3_SN-both-none] instance_30_10_5_8 | 01:02:35 ... OPTIMUM  (82s wall)
[method=lex-overtime][cfg3_SN-both-none] instance_30_10_5_9 | 01:03:57 ... OPTIMUM  (51s wall)
[method=lex-overtime][cfg3_SN-both-none] instance_30_15_4_1 | 01:04:48 ... OPTIMUM  (80s wall)
[method=lex-overtime][cfg3_SN-both-none] instance_30_15_4_10 | 01:06:08 ... OPTIMUM  (70s wall)
[method=lex-overtime][cfg3_SN-both-none] instance_30_15_4_11 | 01:07:19 ... OPTIMUM  (70s wall)
[method=lex-overtime][cfg3_SN-both-none] instance_30_15_4_12 | 01:08:29 ... OPTIMUM  (70s wall)
[method=lex-overtime][cfg3_SN-both-none] instance_30_15_4_13 | 01:09:39 ... OPTIMUM  (61s wall)
[method=lex-overtime][cfg3_SN-both-none] instance_30_15_4_14 | 01:10:40 ... OPTIMUM  (73s wall)
[method=lex-overtime][cfg3_SN-both-none] instance_30_15_4_15 | 01:11:53 ... OPTIMUM  (77s wall)
[method=lex-overtime][cfg3_SN-both-none] instance_30_15_4_16 | 01:13:10 ... OPTIMUM  (53s wall)
[method=lex-overtime][cfg3_SN-both-none] instance_30_15_4_17 | 01:14:03 ... OPTIMUM  (75s wall)
[method=lex-overtime][cfg3_SN-both-none] instance_30_15_4_18 | 01:15:18 ... OPTIMUM  (75s wall)
[method=lex-overtime][cfg3_SN-both-none] instance_30_15_4_19 | 01:16:33 ... OPTIMUM  (67s wall)
[method=lex-overtime][cfg3_SN-both-none] instance_30_15_4_2 | 01:17:40 ... OPTIMUM  (69s wall)
[method=lex-overtime][cfg3_SN-both-none] instance_30_15_4_20 | 01:18:49 ... OPTIMUM  (70s wall)
[method=lex-overtime][cfg3_SN-both-none] instance_30_15_4_21 | 01:19:59 ... UNSATISFIABLE  (0s wall)
[method=lex-overtime][cfg3_SN-both-none] instance_30_15_4_22 | 01:19:59 ... OPTIMUM  (73s wall)
[method=lex-overtime][cfg3_SN-both-none] instance_30_15_4_23 | 01:21:12 ... OPTIMUM  (73s wall)
[method=lex-overtime][cfg3_SN-both-none] instance_30_15_4_24 | 01:22:25 ... OPTIMUM  (83s wall)
[method=lex-overtime][cfg3_SN-both-none] instance_30_15_4_25 | 01:23:48 ... OPTIMUM  (54s wall)
[method=lex-overtime][cfg3_SN-both-none] instance_30_15_4_26 | 01:24:42 ... OPTIMUM  (77s wall)
[method=lex-overtime][cfg3_SN-both-none] instance_30_15_4_27 | 01:25:59 ... OPTIMUM  (70s wall)
[method=lex-overtime][cfg3_SN-both-none] instance_30_15_4_28 | 01:27:09 ... OPTIMUM  (69s wall)
[method=lex-overtime][cfg3_SN-both-none] instance_30_15_4_29 | 01:28:18 ... OPTIMUM  (44s wall)
[method=lex-overtime][cfg3_SN-both-none] instance_30_15_4_3 | 01:29:02 ... OPTIMUM  (71s wall)
[method=lex-overtime][cfg3_SN-both-none] instance_30_15_4_30 | 01:30:13 ... OPTIMUM  (80s wall)
[method=lex-overtime][cfg3_SN-both-none] instance_30_15_4_31 | 01:31:33 ... OPTIMUM  (75s wall)
[method=lex-overtime][cfg3_SN-both-none] instance_30_15_4_32 | 01:32:48 ... OPTIMUM  (66s wall)
[method=lex-overtime][cfg3_SN-both-none] instance_30_15_4_33 | 01:33:54 ... OPTIMUM  (80s wall)
[method=lex-overtime][cfg3_SN-both-none] instance_30_15_4_34 | 01:35:14 ... OPTIMUM  (70s wall)
[method=lex-overtime][cfg3_SN-both-none] instance_30_15_4_35 | 01:36:24 ... UNSATISFIABLE  (0s wall)
[method=lex-overtime][cfg3_SN-both-none] instance_30_15_4_36 | 01:36:24 ... OPTIMUM  (59s wall)
[method=lex-overtime][cfg3_SN-both-none] instance_30_15_4_37 | 01:37:23 ... OPTIMUM  (63s wall)
[method=lex-overtime][cfg3_SN-both-none] instance_30_15_4_38 | 01:38:26 ... OPTIMUM  (65s wall)
[method=lex-overtime][cfg3_SN-both-none] instance_30_15_4_39 | 01:39:31 ... OPTIMUM  (72s wall)
[method=lex-overtime][cfg3_SN-both-none] instance_30_15_4_4 | 01:40:44 ... OPTIMUM  (92s wall)
[method=lex-overtime][cfg3_SN-both-none] instance_30_15_4_40 | 01:42:16 ... OPTIMUM  (68s wall)
[method=lex-overtime][cfg3_SN-both-none] instance_30_15_4_41 | 01:43:24 ... OPTIMUM  (80s wall)
[method=lex-overtime][cfg3_SN-both-none] instance_30_15_4_42 | 01:44:44 ... OPTIMUM  (77s wall)
[method=lex-overtime][cfg3_SN-both-none] instance_30_15_4_43 | 01:46:01 ... OPTIMUM  (84s wall)
[method=lex-overtime][cfg3_SN-both-none] instance_30_15_4_44 | 01:47:25 ... UNSATISFIABLE  (0s wall)
[method=lex-overtime][cfg3_SN-both-none] instance_30_15_4_45 | 01:47:25 ... OPTIMUM  (72s wall)
[method=lex-overtime][cfg3_SN-both-none] instance_30_15_4_46 | 01:48:37 ... OPTIMUM  (77s wall)
[method=lex-overtime][cfg3_SN-both-none] instance_30_15_4_47 | 01:49:54 ... OPTIMUM  (60s wall)
[method=lex-overtime][cfg3_SN-both-none] instance_30_15_4_48 | 01:50:54 ... OPTIMUM  (66s wall)
[method=lex-overtime][cfg3_SN-both-none] instance_30_15_4_49 | 01:52:00 ... OPTIMUM  (75s wall)
[method=lex-overtime][cfg3_SN-both-none] instance_30_15_4_5 | 01:53:15 ... OPTIMUM  (63s wall)
[method=lex-overtime][cfg3_SN-both-none] instance_30_15_4_50 | 01:54:19 ... OPTIMUM  (72s wall)
[method=lex-overtime][cfg3_SN-both-none] instance_30_15_4_6 | 01:55:31 ... OPTIMUM  (77s wall)
[method=lex-overtime][cfg3_SN-both-none] instance_30_15_4_7 | 01:56:48 ... UNSATISFIABLE  (1s wall)
[method=lex-overtime][cfg3_SN-both-none] instance_30_15_4_8 | 01:56:49 ... UNSATISFIABLE  (0s wall)
[method=lex-overtime][cfg3_SN-both-none] instance_30_15_4_9 | 01:56:49 ... OPTIMUM  (53s wall)
[method=lex-overtime][cfg3_SN-both-none] instance_30_15_5_1 | 01:57:42 ... OPTIMUM  (84s wall)
[method=lex-overtime][cfg3_SN-both-none] instance_30_15_5_10 | 01:59:06 ... UNSATISFIABLE  (0s wall)
[method=lex-overtime][cfg3_SN-both-none] instance_30_15_5_11 | 01:59:06 ... OPTIMUM  (92s wall)
[method=lex-overtime][cfg3_SN-both-none] instance_30_15_5_12 | 02:00:38 ... OPTIMUM  (102s wall)
[method=lex-overtime][cfg3_SN-both-none] instance_30_15_5_13 | 02:02:20 ... OPTIMUM  (87s wall)
[method=lex-overtime][cfg3_SN-both-none] instance_30_15_5_14 | 02:03:47 ... OPTIMUM  (92s wall)
[method=lex-overtime][cfg3_SN-both-none] instance_30_15_5_15 | 02:05:19 ... OPTIMUM  (81s wall)
[method=lex-overtime][cfg3_SN-both-none] instance_30_15_5_16 | 02:06:40 ... OPTIMUM  (75s wall)
[method=lex-overtime][cfg3_SN-both-none] instance_30_15_5_17 | 02:07:55 ... OPTIMUM  (84s wall)
[method=lex-overtime][cfg3_SN-both-none] instance_30_15_5_18 | 02:09:19 ... OPTIMUM  (89s wall)
[method=lex-overtime][cfg3_SN-both-none] instance_30_15_5_19 | 02:10:48 ... OPTIMUM  (99s wall)
[method=lex-overtime][cfg3_SN-both-none] instance_30_15_5_2 | 02:12:27 ... OPTIMUM  (75s wall)
[method=lex-overtime][cfg3_SN-both-none] instance_30_15_5_20 | 02:13:42 ... UNSATISFIABLE  (0s wall)
[method=lex-overtime][cfg3_SN-both-none] instance_30_15_5_21 | 02:13:42 ... OPTIMUM  (106s wall)
[method=lex-overtime][cfg3_SN-both-none] instance_30_15_5_22 | 02:15:28 ... OPTIMUM  (85s wall)

[STOP] Policy lex-overtime - Cấu hình cfg3_SN-both-none đã vượt giới hạn thời gian (7200 giây).
[method=lex-overtime][cfg4_SN-both-ss] instance_30_10_4_1 | 02:16:54 ... OPTIMUM  (61s wall)
[method=lex-overtime][cfg4_SN-both-ss] instance_30_10_4_10 | 02:17:55 ... OPTIMUM  (56s wall)
[method=lex-overtime][cfg4_SN-both-ss] instance_30_10_4_11 | 02:18:51 ... OPTIMUM  (44s wall)
[method=lex-overtime][cfg4_SN-both-ss] instance_30_10_4_12 | 02:19:35 ... OPTIMUM  (51s wall)
[method=lex-overtime][cfg4_SN-both-ss] instance_30_10_4_13 | 02:20:26 ... UNSATISFIABLE  (0s wall)
[method=lex-overtime][cfg4_SN-both-ss] instance_30_10_4_14 | 02:20:26 ... UNSATISFIABLE  (0s wall)
[method=lex-overtime][cfg4_SN-both-ss] instance_30_10_4_15 | 02:20:26 ... UNSATISFIABLE  (0s wall)
[method=lex-overtime][cfg4_SN-both-ss] instance_30_10_4_16 | 02:20:26 ... OPTIMUM  (66s wall)
[method=lex-overtime][cfg4_SN-both-ss] instance_30_10_4_17 | 02:21:32 ... OPTIMUM  (51s wall)
[method=lex-overtime][cfg4_SN-both-ss] instance_30_10_4_18 | 02:22:23 ... OPTIMUM  (29s wall)
[method=lex-overtime][cfg4_SN-both-ss] instance_30_10_4_19 | 02:22:52 ... UNSATISFIABLE  (0s wall)
[method=lex-overtime][cfg4_SN-both-ss] instance_30_10_4_2 | 02:22:52 ... UNSATISFIABLE  (0s wall)
[method=lex-overtime][cfg4_SN-both-ss] instance_30_10_4_20 | 02:22:52 ... UNSATISFIABLE  (0s wall)
[method=lex-overtime][cfg4_SN-both-ss] instance_30_10_4_21 | 02:22:52 ... UNSATISFIABLE  (0s wall)
[method=lex-overtime][cfg4_SN-both-ss] instance_30_10_4_22 | 02:22:52 ... UNSATISFIABLE  (1s wall)
[method=lex-overtime][cfg4_SN-both-ss] instance_30_10_4_23 | 02:22:53 ... OPTIMUM  (41s wall)
[method=lex-overtime][cfg4_SN-both-ss] instance_30_10_4_24 | 02:23:34 ... OPTIMUM  (61s wall)
[method=lex-overtime][cfg4_SN-both-ss] instance_30_10_4_25 | 02:24:35 ... OPTIMUM  (55s wall)
[method=lex-overtime][cfg4_SN-both-ss] instance_30_10_4_26 | 02:25:30 ... UNSATISFIABLE  (1s wall)
[method=lex-overtime][cfg4_SN-both-ss] instance_30_10_4_27 | 02:25:31 ... OPTIMUM  (57s wall)
[method=lex-overtime][cfg4_SN-both-ss] instance_30_10_4_28 | 02:26:28 ... UNSATISFIABLE  (0s wall)
[method=lex-overtime][cfg4_SN-both-ss] instance_30_10_4_29 | 02:26:28 ... UNSATISFIABLE  (0s wall)
[method=lex-overtime][cfg4_SN-both-ss] instance_30_10_4_3 | 02:26:28 ... UNSATISFIABLE  (0s wall)
[method=lex-overtime][cfg4_SN-both-ss] instance_30_10_4_30 | 02:26:28 ... OPTIMUM  (44s wall)
[method=lex-overtime][cfg4_SN-both-ss] instance_30_10_4_31 | 02:27:12 ... OPTIMUM  (54s wall)
[method=lex-overtime][cfg4_SN-both-ss] instance_30_10_4_32 | 02:28:06 ... OPTIMUM  (57s wall)
[method=lex-overtime][cfg4_SN-both-ss] instance_30_10_4_33 | 02:29:03 ... OPTIMUM  (68s wall)
[method=lex-overtime][cfg4_SN-both-ss] instance_30_10_4_34 | 02:30:11 ... UNSATISFIABLE  (0s wall)
[method=lex-overtime][cfg4_SN-both-ss] instance_30_10_4_35 | 02:30:11 ... UNSATISFIABLE  (1s wall)
[method=lex-overtime][cfg4_SN-both-ss] instance_30_10_4_36 | 02:30:12 ... OPTIMUM  (52s wall)
[method=lex-overtime][cfg4_SN-both-ss] instance_30_10_4_37 | 02:31:04 ... OPTIMUM  (68s wall)
[method=lex-overtime][cfg4_SN-both-ss] instance_30_10_4_38 | 02:32:12 ... UNSATISFIABLE  (0s wall)
[method=lex-overtime][cfg4_SN-both-ss] instance_30_10_4_39 | 02:32:12 ... UNSATISFIABLE  (0s wall)
[method=lex-overtime][cfg4_SN-both-ss] instance_30_10_4_4 | 02:32:12 ... OPTIMUM  (69s wall)
[method=lex-overtime][cfg4_SN-both-ss] instance_30_10_4_40 | 02:33:21 ... UNSATISFIABLE  (0s wall)
[method=lex-overtime][cfg4_SN-both-ss] instance_30_10_4_41 | 02:33:21 ... OPTIMUM  (26s wall)
[method=lex-overtime][cfg4_SN-both-ss] instance_30_10_4_42 | 02:33:47 ... UNSATISFIABLE  (0s wall)
[method=lex-overtime][cfg4_SN-both-ss] instance_30_10_4_43 | 02:33:47 ... OPTIMUM  (62s wall)
[method=lex-overtime][cfg4_SN-both-ss] instance_30_10_4_44 | 02:34:49 ... UNSATISFIABLE  (0s wall)
[method=lex-overtime][cfg4_SN-both-ss] instance_30_10_4_45 | 02:34:49 ... OPTIMUM  (38s wall)
[method=lex-overtime][cfg4_SN-both-ss] instance_30_10_4_46 | 02:35:27 ... UNSATISFIABLE  (1s wall)
[method=lex-overtime][cfg4_SN-both-ss] instance_30_10_4_47 | 02:35:28 ... OPTIMUM  (51s wall)
[method=lex-overtime][cfg4_SN-both-ss] instance_30_10_4_48 | 02:36:19 ... OPTIMUM  (3s wall)
[method=lex-overtime][cfg4_SN-both-ss] instance_30_10_4_49 | 02:36:22 ... UNSATISFIABLE  (1s wall)
[method=lex-overtime][cfg4_SN-both-ss] instance_30_10_4_5 | 02:36:23 ... OPTIMUM  (44s wall)
[method=lex-overtime][cfg4_SN-both-ss] instance_30_10_4_50 | 02:37:07 ... UNSATISFIABLE  (0s wall)
[method=lex-overtime][cfg4_SN-both-ss] instance_30_10_4_6 | 02:37:07 ... OPTIMUM  (66s wall)
[method=lex-overtime][cfg4_SN-both-ss] instance_30_10_4_7 | 02:38:13 ... UNSATISFIABLE  (0s wall)
[method=lex-overtime][cfg4_SN-both-ss] instance_30_10_4_8 | 02:38:13 ... OPTIMUM  (55s wall)
[method=lex-overtime][cfg4_SN-both-ss] instance_30_10_4_9 | 02:39:08 ... UNSATISFIABLE  (0s wall)
[method=lex-overtime][cfg4_SN-both-ss] instance_30_10_5_1 | 02:39:08 ... OPTIMUM  (77s wall)
[method=lex-overtime][cfg4_SN-both-ss] instance_30_10_5_10 | 02:40:25 ... OPTIMUM  (55s wall)
[method=lex-overtime][cfg4_SN-both-ss] instance_30_10_5_11 | 02:41:20 ... UNSATISFIABLE  (0s wall)
[method=lex-overtime][cfg4_SN-both-ss] instance_30_10_5_12 | 02:41:20 ... UNSATISFIABLE  (1s wall)
[method=lex-overtime][cfg4_SN-both-ss] instance_30_10_5_13 | 02:41:21 ... UNSATISFIABLE  (0s wall)
[method=lex-overtime][cfg4_SN-both-ss] instance_30_10_5_14 | 02:41:21 ... UNSATISFIABLE  (0s wall)
[method=lex-overtime][cfg4_SN-both-ss] instance_30_10_5_15 | 02:41:21 ... UNSATISFIABLE  (0s wall)
[method=lex-overtime][cfg4_SN-both-ss] instance_30_10_5_16 | 02:41:21 ... OPTIMUM  (57s wall)
[method=lex-overtime][cfg4_SN-both-ss] instance_30_10_5_17 | 02:42:18 ... OPTIMUM  (53s wall)
[method=lex-overtime][cfg4_SN-both-ss] instance_30_10_5_18 | 02:43:11 ... OPTIMUM  (73s wall)
[method=lex-overtime][cfg4_SN-both-ss] instance_30_10_5_19 | 02:44:24 ... UNSATISFIABLE  (0s wall)
[method=lex-overtime][cfg4_SN-both-ss] instance_30_10_5_2 | 02:44:24 ... UNSATISFIABLE  (0s wall)
[method=lex-overtime][cfg4_SN-both-ss] instance_30_10_5_20 | 02:44:24 ... UNSATISFIABLE  (1s wall)
[method=lex-overtime][cfg4_SN-both-ss] instance_30_10_5_21 | 02:44:25 ... UNSATISFIABLE  (0s wall)
[method=lex-overtime][cfg4_SN-both-ss] instance_30_10_5_22 | 02:44:25 ... OPTIMUM  (57s wall)
[method=lex-overtime][cfg4_SN-both-ss] instance_30_10_5_23 | 02:45:22 ... UNSATISFIABLE  (0s wall)
[method=lex-overtime][cfg4_SN-both-ss] instance_30_10_5_24 | 02:45:22 ... UNSATISFIABLE  (0s wall)
[method=lex-overtime][cfg4_SN-both-ss] instance_30_10_5_25 | 02:45:22 ... UNSATISFIABLE  (0s wall)
[method=lex-overtime][cfg4_SN-both-ss] instance_30_10_5_26 | 02:45:22 ... UNSATISFIABLE  (0s wall)
[method=lex-overtime][cfg4_SN-both-ss] instance_30_10_5_27 | 02:45:23 ... UNSATISFIABLE  (0s wall)
[method=lex-overtime][cfg4_SN-both-ss] instance_30_10_5_28 | 02:45:23 ... UNSATISFIABLE  (0s wall)
[method=lex-overtime][cfg4_SN-both-ss] instance_30_10_5_29 | 02:45:23 ... UNSATISFIABLE  (0s wall)
[method=lex-overtime][cfg4_SN-both-ss] instance_30_10_5_3 | 02:45:23 ... OPTIMUM  (52s wall)
[method=lex-overtime][cfg4_SN-both-ss] instance_30_10_5_30 | 02:46:15 ... UNSATISFIABLE  (0s wall)
[method=lex-overtime][cfg4_SN-both-ss] instance_30_10_5_31 | 02:46:15 ... OPTIMUM  (48s wall)
[method=lex-overtime][cfg4_SN-both-ss] instance_30_10_5_32 | 02:47:04 ... OPTIMUM  (89s wall)
[method=lex-overtime][cfg4_SN-both-ss] instance_30_10_5_33 | 02:48:33 ... OPTIMUM  (81s wall)
[method=lex-overtime][cfg4_SN-both-ss] instance_30_10_5_34 | 02:49:55 ... OPTIMUM  (57s wall)
[method=lex-overtime][cfg4_SN-both-ss] instance_30_10_5_35 | 02:50:52 ... OPTIMUM  (53s wall)
[method=lex-overtime][cfg4_SN-both-ss] instance_30_10_5_36 | 02:51:45 ... OPTIMUM  (65s wall)
[method=lex-overtime][cfg4_SN-both-ss] instance_30_10_5_37 | 02:52:50 ... OPTIMUM  (28s wall)
[method=lex-overtime][cfg4_SN-both-ss] instance_30_10_5_38 | 02:53:18 ... OPTIMUM  (76s wall)
[method=lex-overtime][cfg4_SN-both-ss] instance_30_10_5_39 | 02:54:34 ... OPTIMUM  (60s wall)
[method=lex-overtime][cfg4_SN-both-ss] instance_30_10_5_4 | 02:55:34 ... UNSATISFIABLE  (0s wall)
[method=lex-overtime][cfg4_SN-both-ss] instance_30_10_5_40 | 02:55:34 ... UNSATISFIABLE  (0s wall)
[method=lex-overtime][cfg4_SN-both-ss] instance_30_10_5_41 | 02:55:34 ... UNSATISFIABLE  (0s wall)
[method=lex-overtime][cfg4_SN-both-ss] instance_30_10_5_42 | 02:55:34 ... OPTIMUM  (77s wall)
[method=lex-overtime][cfg4_SN-both-ss] instance_30_10_5_43 | 02:56:51 ... UNSATISFIABLE  (0s wall)
[method=lex-overtime][cfg4_SN-both-ss] instance_30_10_5_44 | 02:56:51 ... UNSATISFIABLE  (0s wall)
[method=lex-overtime][cfg4_SN-both-ss] instance_30_10_5_45 | 02:56:51 ... UNSATISFIABLE  (0s wall)
[method=lex-overtime][cfg4_SN-both-ss] instance_30_10_5_46 | 02:56:51 ... UNSATISFIABLE  (0s wall)
[method=lex-overtime][cfg4_SN-both-ss] instance_30_10_5_47 | 02:56:52 ... UNSATISFIABLE  (0s wall)
[method=lex-overtime][cfg4_SN-both-ss] instance_30_10_5_48 | 02:56:52 ... OPTIMUM  (66s wall)
[method=lex-overtime][cfg4_SN-both-ss] instance_30_10_5_49 | 02:57:58 ... TIMEOUT  (301s wall)
[method=lex-overtime][cfg4_SN-both-ss] instance_30_10_5_5 | 03:02:59 ... UNSATISFIABLE  (0s wall)
[method=lex-overtime][cfg4_SN-both-ss] instance_30_10_5_50 | 03:02:59 ... UNSATISFIABLE  (0s wall)
[method=lex-overtime][cfg4_SN-both-ss] instance_30_10_5_6 | 03:02:59 ... UNSATISFIABLE  (0s wall)
[method=lex-overtime][cfg4_SN-both-ss] instance_30_10_5_7 | 03:02:59 ... UNSATISFIABLE  (0s wall)
[method=lex-overtime][cfg4_SN-both-ss] instance_30_10_5_8 | 03:02:59 ... OPTIMUM  (82s wall)
[method=lex-overtime][cfg4_SN-both-ss] instance_30_10_5_9 | 03:04:21 ... OPTIMUM  (54s wall)
[method=lex-overtime][cfg4_SN-both-ss] instance_30_15_4_1 | 03:05:15 ... OPTIMUM  (80s wall)
[method=lex-overtime][cfg4_SN-both-ss] instance_30_15_4_10 | 03:06:35 ... OPTIMUM  (71s wall)
[method=lex-overtime][cfg4_SN-both-ss] instance_30_15_4_11 | 03:07:46 ... OPTIMUM  (71s wall)
[method=lex-overtime][cfg4_SN-both-ss] instance_30_15_4_12 | 03:08:57 ... OPTIMUM  (73s wall)
[method=lex-overtime][cfg4_SN-both-ss] instance_30_15_4_13 | 03:10:10 ... OPTIMUM  (56s wall)
[method=lex-overtime][cfg4_SN-both-ss] instance_30_15_4_14 | 03:11:06 ... OPTIMUM  (73s wall)
[method=lex-overtime][cfg4_SN-both-ss] instance_30_15_4_15 | 03:12:19 ... OPTIMUM  (80s wall)
[method=lex-overtime][cfg4_SN-both-ss] instance_30_15_4_16 | 03:13:39 ... OPTIMUM  (53s wall)
[method=lex-overtime][cfg4_SN-both-ss] instance_30_15_4_17 | 03:14:32 ... OPTIMUM  (75s wall)
[method=lex-overtime][cfg4_SN-both-ss] instance_30_15_4_18 | 03:15:47 ... OPTIMUM  (77s wall)
[method=lex-overtime][cfg4_SN-both-ss] instance_30_15_4_19 | 03:17:04 ... OPTIMUM  (67s wall)
[method=lex-overtime][cfg4_SN-both-ss] instance_30_15_4_2 | 03:18:11 ... OPTIMUM  (69s wall)
[method=lex-overtime][cfg4_SN-both-ss] instance_30_15_4_20 | 03:19:20 ... OPTIMUM  (71s wall)
[method=lex-overtime][cfg4_SN-both-ss] instance_30_15_4_21 | 03:20:31 ... UNSATISFIABLE  (0s wall)
[method=lex-overtime][cfg4_SN-both-ss] instance_30_15_4_22 | 03:20:31 ... OPTIMUM  (72s wall)
[method=lex-overtime][cfg4_SN-both-ss] instance_30_15_4_23 | 03:21:43 ... OPTIMUM  (74s wall)
[method=lex-overtime][cfg4_SN-both-ss] instance_30_15_4_24 | 03:22:57 ... OPTIMUM  (83s wall)
[method=lex-overtime][cfg4_SN-both-ss] instance_30_15_4_25 | 03:24:20 ... OPTIMUM  (53s wall)
[method=lex-overtime][cfg4_SN-both-ss] instance_30_15_4_26 | 03:25:13 ... OPTIMUM  (77s wall)
[method=lex-overtime][cfg4_SN-both-ss] instance_30_15_4_27 | 03:26:30 ... OPTIMUM  (71s wall)
[method=lex-overtime][cfg4_SN-both-ss] instance_30_15_4_28 | 03:27:41 ... OPTIMUM  (68s wall)
[method=lex-overtime][cfg4_SN-both-ss] instance_30_15_4_29 | 03:28:49 ... OPTIMUM  (44s wall)
[method=lex-overtime][cfg4_SN-both-ss] instance_30_15_4_3 | 03:29:33 ... OPTIMUM  (71s wall)
[method=lex-overtime][cfg4_SN-both-ss] instance_30_15_4_30 | 03:30:44 ... OPTIMUM  (78s wall)
[method=lex-overtime][cfg4_SN-both-ss] instance_30_15_4_31 | 03:32:02 ... OPTIMUM  (78s wall)
[method=lex-overtime][cfg4_SN-both-ss] instance_30_15_4_32 | 03:33:20 ... OPTIMUM  (64s wall)
[method=lex-overtime][cfg4_SN-both-ss] instance_30_15_4_33 | 03:34:24 ... OPTIMUM  (80s wall)
[method=lex-overtime][cfg4_SN-both-ss] instance_30_15_4_34 | 03:35:44 ... OPTIMUM  (69s wall)
[method=lex-overtime][cfg4_SN-both-ss] instance_30_15_4_35 | 03:36:53 ... UNSATISFIABLE  (1s wall)
[method=lex-overtime][cfg4_SN-both-ss] instance_30_15_4_36 | 03:36:54 ... OPTIMUM  (58s wall)
[method=lex-overtime][cfg4_SN-both-ss] instance_30_15_4_37 | 03:37:52 ... OPTIMUM  (63s wall)
[method=lex-overtime][cfg4_SN-both-ss] instance_30_15_4_38 | 03:38:55 ... OPTIMUM  (64s wall)
[method=lex-overtime][cfg4_SN-both-ss] instance_30_15_4_39 | 03:39:59 ... OPTIMUM  (72s wall)
[method=lex-overtime][cfg4_SN-both-ss] instance_30_15_4_4 | 03:41:11 ... OPTIMUM  (96s wall)
[method=lex-overtime][cfg4_SN-both-ss] instance_30_15_4_40 | 03:42:47 ... OPTIMUM  (69s wall)
[method=lex-overtime][cfg4_SN-both-ss] instance_30_15_4_41 | 03:43:56 ... OPTIMUM  (80s wall)
[method=lex-overtime][cfg4_SN-both-ss] instance_30_15_4_42 | 03:45:16 ... OPTIMUM  (77s wall)
[method=lex-overtime][cfg4_SN-both-ss] instance_30_15_4_43 | 03:46:33 ... OPTIMUM  (81s wall)
[method=lex-overtime][cfg4_SN-both-ss] instance_30_15_4_44 | 03:47:54 ... UNSATISFIABLE  (1s wall)
[method=lex-overtime][cfg4_SN-both-ss] instance_30_15_4_45 | 03:47:55 ... OPTIMUM  (73s wall)
[method=lex-overtime][cfg4_SN-both-ss] instance_30_15_4_46 | 03:49:08 ... OPTIMUM  (77s wall)
[method=lex-overtime][cfg4_SN-both-ss] instance_30_15_4_47 | 03:50:25 ... OPTIMUM  (60s wall)
[method=lex-overtime][cfg4_SN-both-ss] instance_30_15_4_48 | 03:51:25 ... OPTIMUM  (66s wall)
[method=lex-overtime][cfg4_SN-both-ss] instance_30_15_4_49 | 03:52:31 ... OPTIMUM  (77s wall)
[method=lex-overtime][cfg4_SN-both-ss] instance_30_15_4_5 | 03:53:48 ... OPTIMUM  (64s wall)
[method=lex-overtime][cfg4_SN-both-ss] instance_30_15_4_50 | 03:54:52 ... OPTIMUM  (65s wall)
[method=lex-overtime][cfg4_SN-both-ss] instance_30_15_4_6 | 03:55:57 ... OPTIMUM  (80s wall)
[method=lex-overtime][cfg4_SN-both-ss] instance_30_15_4_7 | 03:57:17 ... UNSATISFIABLE  (0s wall)
[method=lex-overtime][cfg4_SN-both-ss] instance_30_15_4_8 | 03:57:17 ... UNSATISFIABLE  (0s wall)
[method=lex-overtime][cfg4_SN-both-ss] instance_30_15_4_9 | 03:57:17 ... OPTIMUM  (53s wall)
[method=lex-overtime][cfg4_SN-both-ss] instance_30_15_5_1 | 03:58:10 ... OPTIMUM  (88s wall)
[method=lex-overtime][cfg4_SN-both-ss] instance_30_15_5_10 | 03:59:38 ... UNSATISFIABLE  (0s wall)
[method=lex-overtime][cfg4_SN-both-ss] instance_30_15_5_11 | 03:59:38 ... OPTIMUM  (93s wall)
[method=lex-overtime][cfg4_SN-both-ss] instance_30_15_5_12 | 04:01:11 ... OPTIMUM  (101s wall)
[method=lex-overtime][cfg4_SN-both-ss] instance_30_15_5_13 | 04:02:52 ... OPTIMUM  (85s wall)
[method=lex-overtime][cfg4_SN-both-ss] instance_30_15_5_14 | 04:04:17 ... OPTIMUM  (91s wall)
[method=lex-overtime][cfg4_SN-both-ss] instance_30_15_5_15 | 04:05:48 ... OPTIMUM  (80s wall)
[method=lex-overtime][cfg4_SN-both-ss] instance_30_15_5_16 | 04:07:08 ... OPTIMUM  (77s wall)
[method=lex-overtime][cfg4_SN-both-ss] instance_30_15_5_17 | 04:08:25 ... OPTIMUM  (85s wall)
[method=lex-overtime][cfg4_SN-both-ss] instance_30_15_5_18 | 04:09:50 ... OPTIMUM  (93s wall)
[method=lex-overtime][cfg4_SN-both-ss] instance_30_15_5_19 | 04:11:23 ... OPTIMUM  (96s wall)
[method=lex-overtime][cfg4_SN-both-ss] instance_30_15_5_2 | 04:12:59 ... OPTIMUM  (76s wall)
[method=lex-overtime][cfg4_SN-both-ss] instance_30_15_5_20 | 04:14:15 ... UNSATISFIABLE  (1s wall)
[method=lex-overtime][cfg4_SN-both-ss] instance_30_15_5_21 | 04:14:16 ... OPTIMUM  (101s wall)
[method=lex-overtime][cfg4_SN-both-ss] instance_30_15_5_22 | 04:15:57 ... OPTIMUM  (90s wall)

[STOP] Policy lex-overtime - Cấu hình cfg4_SN-both-ss đã vượt giới hạn thời gian (7200 giây).
[method=lex-overtime][cfg5_TOT-none-none] instance_30_10_4_1 | 04:17:28 ... OPTIMUM  (60s wall)
[method=lex-overtime][cfg5_TOT-none-none] instance_30_10_4_10 | 04:18:28 ... OPTIMUM  (55s wall)
[method=lex-overtime][cfg5_TOT-none-none] instance_30_10_4_11 | 04:19:23 ... OPTIMUM  (41s wall)
[method=lex-overtime][cfg5_TOT-none-none] instance_30_10_4_12 | 04:20:04 ... OPTIMUM  (49s wall)
[method=lex-overtime][cfg5_TOT-none-none] instance_30_10_4_13 | 04:20:53 ... UNSATISFIABLE  (0s wall)
[method=lex-overtime][cfg5_TOT-none-none] instance_30_10_4_14 | 04:20:54 ... UNSATISFIABLE  (0s wall)
[method=lex-overtime][cfg5_TOT-none-none] instance_30_10_4_15 | 04:20:54 ... UNSATISFIABLE  (0s wall)
[method=lex-overtime][cfg5_TOT-none-none] instance_30_10_4_16 | 04:20:54 ... OPTIMUM  (63s wall)
[method=lex-overtime][cfg5_TOT-none-none] instance_30_10_4_17 | 04:21:57 ... OPTIMUM  (43s wall)
[method=lex-overtime][cfg5_TOT-none-none] instance_30_10_4_18 | 04:22:40 ... OPTIMUM  (28s wall)
[method=lex-overtime][cfg5_TOT-none-none] instance_30_10_4_19 | 04:23:08 ... UNSATISFIABLE  (0s wall)
[method=lex-overtime][cfg5_TOT-none-none] instance_30_10_4_2 | 04:23:08 ... UNSATISFIABLE  (0s wall)
[method=lex-overtime][cfg5_TOT-none-none] instance_30_10_4_20 | 04:23:09 ... UNSATISFIABLE  (0s wall)
[method=lex-overtime][cfg5_TOT-none-none] instance_30_10_4_21 | 04:23:09 ... UNSATISFIABLE  (0s wall)
[method=lex-overtime][cfg5_TOT-none-none] instance_30_10_4_22 | 04:23:09 ... UNSATISFIABLE  (0s wall)
[method=lex-overtime][cfg5_TOT-none-none] instance_30_10_4_23 | 04:23:09 ... OPTIMUM  (42s wall)
[method=lex-overtime][cfg5_TOT-none-none] instance_30_10_4_24 | 04:23:51 ... OPTIMUM  (58s wall)
[method=lex-overtime][cfg5_TOT-none-none] instance_30_10_4_25 | 04:24:49 ... OPTIMUM  (54s wall)
[method=lex-overtime][cfg5_TOT-none-none] instance_30_10_4_26 | 04:25:43 ... UNSATISFIABLE  (0s wall)
[method=lex-overtime][cfg5_TOT-none-none] instance_30_10_4_27 | 04:25:43 ... OPTIMUM  (42s wall)
[method=lex-overtime][cfg5_TOT-none-none] instance_30_10_4_28 | 04:26:25 ... UNSATISFIABLE  (0s wall)
[method=lex-overtime][cfg5_TOT-none-none] instance_30_10_4_29 | 04:26:25 ... UNSATISFIABLE  (1s wall)
[method=lex-overtime][cfg5_TOT-none-none] instance_30_10_4_3 | 04:26:26 ... UNSATISFIABLE  (0s wall)
[method=lex-overtime][cfg5_TOT-none-none] instance_30_10_4_30 | 04:26:26 ... OPTIMUM  (43s wall)
[method=lex-overtime][cfg5_TOT-none-none] instance_30_10_4_31 | 04:27:09 ... OPTIMUM  (49s wall)
[method=lex-overtime][cfg5_TOT-none-none] instance_30_10_4_32 | 04:27:58 ... OPTIMUM  (57s wall)
[method=lex-overtime][cfg5_TOT-none-none] instance_30_10_4_33 | 04:28:55 ... OPTIMUM  (68s wall)
[method=lex-overtime][cfg5_TOT-none-none] instance_30_10_4_34 | 04:30:03 ... UNSATISFIABLE  (0s wall)
[method=lex-overtime][cfg5_TOT-none-none] instance_30_10_4_35 | 04:30:03 ... UNSATISFIABLE  (1s wall)
[method=lex-overtime][cfg5_TOT-none-none] instance_30_10_4_36 | 04:30:04 ... OPTIMUM  (52s wall)
[method=lex-overtime][cfg5_TOT-none-none] instance_30_10_4_37 | 04:30:56 ... OPTIMUM  (67s wall)
[method=lex-overtime][cfg5_TOT-none-none] instance_30_10_4_38 | 04:32:03 ... UNSATISFIABLE  (0s wall)
[method=lex-overtime][cfg5_TOT-none-none] instance_30_10_4_39 | 04:32:03 ... UNSATISFIABLE  (0s wall)
[method=lex-overtime][cfg5_TOT-none-none] instance_30_10_4_4 | 04:32:03 ... OPTIMUM  (66s wall)
[method=lex-overtime][cfg5_TOT-none-none] instance_30_10_4_40 | 04:33:09 ... UNSATISFIABLE  (0s wall)
[method=lex-overtime][cfg5_TOT-none-none] instance_30_10_4_41 | 04:33:09 ... OPTIMUM  (18s wall)
[method=lex-overtime][cfg5_TOT-none-none] instance_30_10_4_42 | 04:33:27 ... UNSATISFIABLE  (0s wall)
[method=lex-overtime][cfg5_TOT-none-none] instance_30_10_4_43 | 04:33:27 ... OPTIMUM  (57s wall)
[method=lex-overtime][cfg5_TOT-none-none] instance_30_10_4_44 | 04:34:24 ... UNSATISFIABLE  (0s wall)
[method=lex-overtime][cfg5_TOT-none-none] instance_30_10_4_45 | 04:34:24 ... OPTIMUM  (32s wall)
[method=lex-overtime][cfg5_TOT-none-none] instance_30_10_4_46 | 04:34:56 ... UNSATISFIABLE  (0s wall)
[method=lex-overtime][cfg5_TOT-none-none] instance_30_10_4_47 | 04:34:56 ... OPTIMUM  (42s wall)
[method=lex-overtime][cfg5_TOT-none-none] instance_30_10_4_48 | 04:35:38 ... OPTIMUM  (4s wall)
[method=lex-overtime][cfg5_TOT-none-none] instance_30_10_4_49 | 04:35:42 ... UNSATISFIABLE  (0s wall)
[method=lex-overtime][cfg5_TOT-none-none] instance_30_10_4_5 | 04:35:42 ... OPTIMUM  (42s wall)
[method=lex-overtime][cfg5_TOT-none-none] instance_30_10_4_50 | 04:36:24 ... UNSATISFIABLE  (0s wall)
[method=lex-overtime][cfg5_TOT-none-none] instance_30_10_4_6 | 04:36:24 ... OPTIMUM  (66s wall)
[method=lex-overtime][cfg5_TOT-none-none] instance_30_10_4_7 | 04:37:30 ... UNSATISFIABLE  (1s wall)
[method=lex-overtime][cfg5_TOT-none-none] instance_30_10_4_8 | 04:37:31 ... OPTIMUM  (51s wall)
[method=lex-overtime][cfg5_TOT-none-none] instance_30_10_4_9 | 04:38:22 ... UNSATISFIABLE  (0s wall)
[method=lex-overtime][cfg5_TOT-none-none] instance_30_10_5_1 | 04:38:22 ... OPTIMUM  (76s wall)
[method=lex-overtime][cfg5_TOT-none-none] instance_30_10_5_10 | 04:39:38 ... OPTIMUM  (53s wall)
[method=lex-overtime][cfg5_TOT-none-none] instance_30_10_5_11 | 04:40:32 ... UNSATISFIABLE  (0s wall)
[method=lex-overtime][cfg5_TOT-none-none] instance_30_10_5_12 | 04:40:32 ... UNSATISFIABLE  (0s wall)
[method=lex-overtime][cfg5_TOT-none-none] instance_30_10_5_13 | 04:40:32 ... UNSATISFIABLE  (0s wall)
[method=lex-overtime][cfg5_TOT-none-none] instance_30_10_5_14 | 04:40:32 ... UNSATISFIABLE  (0s wall)
[method=lex-overtime][cfg5_TOT-none-none] instance_30_10_5_15 | 04:40:32 ... UNSATISFIABLE  (0s wall)
[method=lex-overtime][cfg5_TOT-none-none] instance_30_10_5_16 | 04:40:32 ... OPTIMUM  (58s wall)
[method=lex-overtime][cfg5_TOT-none-none] instance_30_10_5_17 | 04:41:30 ... OPTIMUM  (48s wall)
[method=lex-overtime][cfg5_TOT-none-none] instance_30_10_5_18 | 04:42:18 ... OPTIMUM  (68s wall)
[method=lex-overtime][cfg5_TOT-none-none] instance_30_10_5_19 | 04:43:26 ... UNSATISFIABLE  (0s wall)
[method=lex-overtime][cfg5_TOT-none-none] instance_30_10_5_2 | 04:43:26 ... UNSATISFIABLE  (0s wall)
[method=lex-overtime][cfg5_TOT-none-none] instance_30_10_5_20 | 04:43:26 ... UNSATISFIABLE  (0s wall)
[method=lex-overtime][cfg5_TOT-none-none] instance_30_10_5_21 | 04:43:26 ... UNSATISFIABLE  (0s wall)
[method=lex-overtime][cfg5_TOT-none-none] instance_30_10_5_22 | 04:43:26 ... OPTIMUM  (55s wall)
[method=lex-overtime][cfg5_TOT-none-none] instance_30_10_5_23 | 04:44:21 ... UNSATISFIABLE  (0s wall)
[method=lex-overtime][cfg5_TOT-none-none] instance_30_10_5_24 | 04:44:21 ... UNSATISFIABLE  (0s wall)
[method=lex-overtime][cfg5_TOT-none-none] instance_30_10_5_25 | 04:44:21 ... UNSATISFIABLE  (1s wall)
[method=lex-overtime][cfg5_TOT-none-none] instance_30_10_5_26 | 04:44:22 ... UNSATISFIABLE  (0s wall)
[method=lex-overtime][cfg5_TOT-none-none] instance_30_10_5_27 | 04:44:22 ... UNSATISFIABLE  (0s wall)
[method=lex-overtime][cfg5_TOT-none-none] instance_30_10_5_28 | 04:44:22 ... UNSATISFIABLE  (0s wall)
[method=lex-overtime][cfg5_TOT-none-none] instance_30_10_5_29 | 04:44:22 ... UNSATISFIABLE  (0s wall)
[method=lex-overtime][cfg5_TOT-none-none] instance_30_10_5_3 | 04:44:22 ... OPTIMUM  (53s wall)
[method=lex-overtime][cfg5_TOT-none-none] instance_30_10_5_30 | 04:45:15 ... UNSATISFIABLE  (0s wall)
[method=lex-overtime][cfg5_TOT-none-none] instance_30_10_5_31 | 04:45:16 ... OPTIMUM  (47s wall)
[method=lex-overtime][cfg5_TOT-none-none] instance_30_10_5_32 | 04:46:03 ... OPTIMUM  (89s wall)
[method=lex-overtime][cfg5_TOT-none-none] instance_30_10_5_33 | 04:47:32 ... OPTIMUM  (78s wall)
[method=lex-overtime][cfg5_TOT-none-none] instance_30_10_5_34 | 04:48:50 ... OPTIMUM  (56s wall)
[method=lex-overtime][cfg5_TOT-none-none] instance_30_10_5_35 | 04:49:46 ... OPTIMUM  (53s wall)
[method=lex-overtime][cfg5_TOT-none-none] instance_30_10_5_36 | 04:50:39 ... OPTIMUM  (60s wall)
[method=lex-overtime][cfg5_TOT-none-none] instance_30_10_5_37 | 04:51:39 ... OPTIMUM  (23s wall)
[method=lex-overtime][cfg5_TOT-none-none] instance_30_10_5_38 | 04:52:02 ... OPTIMUM  (74s wall)
[method=lex-overtime][cfg5_TOT-none-none] instance_30_10_5_39 | 04:53:16 ... OPTIMUM  (59s wall)
[method=lex-overtime][cfg5_TOT-none-none] instance_30_10_5_4 | 04:54:15 ... UNSATISFIABLE  (0s wall)
[method=lex-overtime][cfg5_TOT-none-none] instance_30_10_5_40 | 04:54:15 ... UNSATISFIABLE  (0s wall)
[method=lex-overtime][cfg5_TOT-none-none] instance_30_10_5_41 | 04:54:15 ... UNSATISFIABLE  (0s wall)
[method=lex-overtime][cfg5_TOT-none-none] instance_30_10_5_42 | 04:54:15 ... OPTIMUM  (73s wall)
[method=lex-overtime][cfg5_TOT-none-none] instance_30_10_5_43 | 04:55:28 ... UNSATISFIABLE  (0s wall)
[method=lex-overtime][cfg5_TOT-none-none] instance_30_10_5_44 | 04:55:28 ... UNSATISFIABLE  (0s wall)
[method=lex-overtime][cfg5_TOT-none-none] instance_30_10_5_45 | 04:55:28 ... UNSATISFIABLE  (0s wall)
[method=lex-overtime][cfg5_TOT-none-none] instance_30_10_5_46 | 04:55:28 ... UNSATISFIABLE  (0s wall)
[method=lex-overtime][cfg5_TOT-none-none] instance_30_10_5_47 | 04:55:28 ... UNSATISFIABLE  (0s wall)
[method=lex-overtime][cfg5_TOT-none-none] instance_30_10_5_48 | 04:55:28 ... OPTIMUM  (63s wall)
[method=lex-overtime][cfg5_TOT-none-none] instance_30_10_5_49 | 04:56:31 ... TIMEOUT  (300s wall)
[method=lex-overtime][cfg5_TOT-none-none] instance_30_10_5_5 | 05:01:31 ... UNSATISFIABLE  (0s wall)
[method=lex-overtime][cfg5_TOT-none-none] instance_30_10_5_50 | 05:01:31 ... UNSATISFIABLE  (0s wall)
[method=lex-overtime][cfg5_TOT-none-none] instance_30_10_5_6 | 05:01:31 ... UNSATISFIABLE  (0s wall)
[method=lex-overtime][cfg5_TOT-none-none] instance_30_10_5_7 | 05:01:31 ... UNSATISFIABLE  (0s wall)
[method=lex-overtime][cfg5_TOT-none-none] instance_30_10_5_8 | 05:01:31 ... OPTIMUM  (81s wall)
[method=lex-overtime][cfg5_TOT-none-none] instance_30_10_5_9 | 05:02:52 ... OPTIMUM  (49s wall)
[method=lex-overtime][cfg5_TOT-none-none] instance_30_15_4_1 | 05:03:41 ... OPTIMUM  (80s wall)
[method=lex-overtime][cfg5_TOT-none-none] instance_30_15_4_10 | 05:05:01 ... OPTIMUM  (70s wall)
[method=lex-overtime][cfg5_TOT-none-none] instance_30_15_4_11 | 05:06:11 ... OPTIMUM  (69s wall)
[method=lex-overtime][cfg5_TOT-none-none] instance_30_15_4_12 | 05:07:20 ... OPTIMUM  (69s wall)
[method=lex-overtime][cfg5_TOT-none-none] instance_30_15_4_13 | 05:08:29 ... OPTIMUM  (54s wall)
[method=lex-overtime][cfg5_TOT-none-none] instance_30_15_4_14 | 05:09:23 ... OPTIMUM  (72s wall)
[method=lex-overtime][cfg5_TOT-none-none] instance_30_15_4_15 | 05:10:35 ... OPTIMUM  (76s wall)
[method=lex-overtime][cfg5_TOT-none-none] instance_30_15_4_16 | 05:11:51 ... OPTIMUM  (51s wall)
[method=lex-overtime][cfg5_TOT-none-none] instance_30_15_4_17 | 05:12:42 ... OPTIMUM  (74s wall)
[method=lex-overtime][cfg5_TOT-none-none] instance_30_15_4_18 | 05:13:56 ... OPTIMUM  (74s wall)
[method=lex-overtime][cfg5_TOT-none-none] instance_30_15_4_19 | 05:15:10 ... OPTIMUM  (66s wall)
[method=lex-overtime][cfg5_TOT-none-none] instance_30_15_4_2 | 05:16:16 ... OPTIMUM  (64s wall)
[method=lex-overtime][cfg5_TOT-none-none] instance_30_15_4_20 | 05:17:20 ... OPTIMUM  (70s wall)
[method=lex-overtime][cfg5_TOT-none-none] instance_30_15_4_21 | 05:18:30 ... UNSATISFIABLE  (0s wall)
[method=lex-overtime][cfg5_TOT-none-none] instance_30_15_4_22 | 05:18:30 ... OPTIMUM  (72s wall)
[method=lex-overtime][cfg5_TOT-none-none] instance_30_15_4_23 | 05:19:42 ... OPTIMUM  (72s wall)
[method=lex-overtime][cfg5_TOT-none-none] instance_30_15_4_24 | 05:20:54 ... OPTIMUM  (83s wall)
[method=lex-overtime][cfg5_TOT-none-none] instance_30_15_4_25 | 05:22:17 ... OPTIMUM  (52s wall)
[method=lex-overtime][cfg5_TOT-none-none] instance_30_15_4_26 | 05:23:10 ... OPTIMUM  (77s wall)
[method=lex-overtime][cfg5_TOT-none-none] instance_30_15_4_27 | 05:24:27 ... OPTIMUM  (70s wall)
[method=lex-overtime][cfg5_TOT-none-none] instance_30_15_4_28 | 05:25:37 ... OPTIMUM  (67s wall)
[method=lex-overtime][cfg5_TOT-none-none] instance_30_15_4_29 | 05:26:44 ... OPTIMUM  (41s wall)
[method=lex-overtime][cfg5_TOT-none-none] instance_30_15_4_3 | 05:27:25 ... OPTIMUM  (69s wall)
[method=lex-overtime][cfg5_TOT-none-none] instance_30_15_4_30 | 05:28:35 ... OPTIMUM  (72s wall)
[method=lex-overtime][cfg5_TOT-none-none] instance_30_15_4_31 | 05:29:47 ... OPTIMUM  (74s wall)
[method=lex-overtime][cfg5_TOT-none-none] instance_30_15_4_32 | 05:31:01 ... OPTIMUM  (63s wall)
[method=lex-overtime][cfg5_TOT-none-none] instance_30_15_4_33 | 05:32:04 ... OPTIMUM  (79s wall)
[method=lex-overtime][cfg5_TOT-none-none] instance_30_15_4_34 | 05:33:23 ... OPTIMUM  (69s wall)
[method=lex-overtime][cfg5_TOT-none-none] instance_30_15_4_35 | 05:34:32 ... UNSATISFIABLE  (0s wall)
[method=lex-overtime][cfg5_TOT-none-none] instance_30_15_4_36 | 05:34:32 ... OPTIMUM  (57s wall)
[method=lex-overtime][cfg5_TOT-none-none] instance_30_15_4_37 | 05:35:30 ... OPTIMUM  (62s wall)
[method=lex-overtime][cfg5_TOT-none-none] instance_30_15_4_38 | 05:36:32 ... OPTIMUM  (64s wall)
[method=lex-overtime][cfg5_TOT-none-none] instance_30_15_4_39 | 05:37:36 ... OPTIMUM  (71s wall)
[method=lex-overtime][cfg5_TOT-none-none] instance_30_15_4_4 | 05:38:47 ... OPTIMUM  (90s wall)
[method=lex-overtime][cfg5_TOT-none-none] instance_30_15_4_40 | 05:40:17 ... OPTIMUM  (68s wall)
[method=lex-overtime][cfg5_TOT-none-none] instance_30_15_4_41 | 05:41:25 ... OPTIMUM  (79s wall)
[method=lex-overtime][cfg5_TOT-none-none] instance_30_15_4_42 | 05:42:44 ... OPTIMUM  (76s wall)
[method=lex-overtime][cfg5_TOT-none-none] instance_30_15_4_43 | 05:44:00 ... OPTIMUM  (81s wall)
[method=lex-overtime][cfg5_TOT-none-none] instance_30_15_4_44 | 05:45:21 ... UNSATISFIABLE  (0s wall)
[method=lex-overtime][cfg5_TOT-none-none] instance_30_15_4_45 | 05:45:21 ... OPTIMUM  (71s wall)
[method=lex-overtime][cfg5_TOT-none-none] instance_30_15_4_46 | 05:46:32 ... OPTIMUM  (75s wall)
[method=lex-overtime][cfg5_TOT-none-none] instance_30_15_4_47 | 05:47:47 ... OPTIMUM  (60s wall)
[method=lex-overtime][cfg5_TOT-none-none] instance_30_15_4_48 | 05:48:47 ... OPTIMUM  (64s wall)
[method=lex-overtime][cfg5_TOT-none-none] instance_30_15_4_49 | 05:49:51 ... OPTIMUM  (75s wall)
[method=lex-overtime][cfg5_TOT-none-none] instance_30_15_4_5 | 05:51:06 ... OPTIMUM  (62s wall)
[method=lex-overtime][cfg5_TOT-none-none] instance_30_15_4_50 | 05:52:08 ... OPTIMUM  (64s wall)
[method=lex-overtime][cfg5_TOT-none-none] instance_30_15_4_6 | 05:53:12 ... OPTIMUM  (78s wall)
[method=lex-overtime][cfg5_TOT-none-none] instance_30_15_4_7 | 05:54:30 ... UNSATISFIABLE  (0s wall)
[method=lex-overtime][cfg5_TOT-none-none] instance_30_15_4_8 | 05:54:30 ... UNSATISFIABLE  (0s wall)
[method=lex-overtime][cfg5_TOT-none-none] instance_30_15_4_9 | 05:54:30 ... OPTIMUM  (51s wall)
[method=lex-overtime][cfg5_TOT-none-none] instance_30_15_5_1 | 05:55:21 ... OPTIMUM  (83s wall)
[method=lex-overtime][cfg5_TOT-none-none] instance_30_15_5_10 | 05:56:44 ... UNSATISFIABLE  (0s wall)
[method=lex-overtime][cfg5_TOT-none-none] instance_30_15_5_11 | 05:56:44 ... OPTIMUM  (92s wall)
[method=lex-overtime][cfg5_TOT-none-none] instance_30_15_5_12 | 05:58:16 ... OPTIMUM  (96s wall)
[method=lex-overtime][cfg5_TOT-none-none] instance_30_15_5_13 | 05:59:52 ... OPTIMUM  (82s wall)
[method=lex-overtime][cfg5_TOT-none-none] instance_30_15_5_14 | 06:01:14 ... OPTIMUM  (83s wall)
[method=lex-overtime][cfg5_TOT-none-none] instance_30_15_5_15 | 06:02:37 ... OPTIMUM  (78s wall)
[method=lex-overtime][cfg5_TOT-none-none] instance_30_15_5_16 | 06:03:55 ... OPTIMUM  (72s wall)
[method=lex-overtime][cfg5_TOT-none-none] instance_30_15_5_17 | 06:05:07 ... OPTIMUM  (84s wall)
[method=lex-overtime][cfg5_TOT-none-none] instance_30_15_5_18 | 06:06:31 ... OPTIMUM  (86s wall)
[method=lex-overtime][cfg5_TOT-none-none] instance_30_15_5_19 | 06:07:57 ... OPTIMUM  (95s wall)
[method=lex-overtime][cfg5_TOT-none-none] instance_30_15_5_2 | 06:09:32 ... OPTIMUM  (72s wall)
[method=lex-overtime][cfg5_TOT-none-none] instance_30_15_5_20 | 06:10:44 ... UNSATISFIABLE  (1s wall)
[method=lex-overtime][cfg5_TOT-none-none] instance_30_15_5_21 | 06:10:45 ... OPTIMUM  (100s wall)
[method=lex-overtime][cfg5_TOT-none-none] instance_30_15_5_22 | 06:12:25 ... OPTIMUM  (83s wall)
[method=lex-overtime][cfg5_TOT-none-none] instance_30_15_5_23 | 06:13:48 ... OPTIMUM  (98s wall)
[method=lex-overtime][cfg5_TOT-none-none] instance_30_15_5_24 | 06:15:26 ... OPTIMUM  (83s wall)
[method=lex-overtime][cfg5_TOT-none-none] instance_30_15_5_25 | 06:16:49 ... OPTIMUM  (79s wall)

[STOP] Policy lex-overtime - Cấu hình cfg5_TOT-none-none đã vượt giới hạn thời gian (7200 giây).
[method=lex-overtime][cfg6_TOT-none-ss] instance_30_10_4_1 | 06:18:08 ... OPTIMUM  (61s wall)
[method=lex-overtime][cfg6_TOT-none-ss] instance_30_10_4_10 | 06:19:09 ... OPTIMUM  (54s wall)
[method=lex-overtime][cfg6_TOT-none-ss] instance_30_10_4_11 | 06:20:03 ... OPTIMUM  (42s wall)
[method=lex-overtime][cfg6_TOT-none-ss] instance_30_10_4_12 | 06:20:45 ... OPTIMUM  (50s wall)
[method=lex-overtime][cfg6_TOT-none-ss] instance_30_10_4_13 | 06:21:35 ... UNSATISFIABLE  (0s wall)
[method=lex-overtime][cfg6_TOT-none-ss] instance_30_10_4_14 | 06:21:35 ... UNSATISFIABLE  (0s wall)
[method=lex-overtime][cfg6_TOT-none-ss] instance_30_10_4_15 | 06:21:35 ... UNSATISFIABLE  (0s wall)
[method=lex-overtime][cfg6_TOT-none-ss] instance_30_10_4_16 | 06:21:35 ... OPTIMUM  (65s wall)
[method=lex-overtime][cfg6_TOT-none-ss] instance_30_10_4_17 | 06:22:40 ... OPTIMUM  (47s wall)
[method=lex-overtime][cfg6_TOT-none-ss] instance_30_10_4_18 | 06:23:27 ... OPTIMUM  (28s wall)
[method=lex-overtime][cfg6_TOT-none-ss] instance_30_10_4_19 | 06:23:55 ... UNSATISFIABLE  (0s wall)
[method=lex-overtime][cfg6_TOT-none-ss] instance_30_10_4_2 | 06:23:55 ... UNSATISFIABLE  (0s wall)
[method=lex-overtime][cfg6_TOT-none-ss] instance_30_10_4_20 | 06:23:55 ... UNSATISFIABLE  (0s wall)
[method=lex-overtime][cfg6_TOT-none-ss] instance_30_10_4_21 | 06:23:55 ... UNSATISFIABLE  (0s wall)
[method=lex-overtime][cfg6_TOT-none-ss] instance_30_10_4_22 | 06:23:55 ... UNSATISFIABLE  (0s wall)
[method=lex-overtime][cfg6_TOT-none-ss] instance_30_10_4_23 | 06:23:55 ... OPTIMUM  (42s wall)
[method=lex-overtime][cfg6_TOT-none-ss] instance_30_10_4_24 | 06:24:37 ... OPTIMUM  (59s wall)
[method=lex-overtime][cfg6_TOT-none-ss] instance_30_10_4_25 | 06:25:36 ... OPTIMUM  (55s wall)
[method=lex-overtime][cfg6_TOT-none-ss] instance_30_10_4_26 | 06:26:31 ... UNSATISFIABLE  (0s wall)
[method=lex-overtime][cfg6_TOT-none-ss] instance_30_10_4_27 | 06:26:31 ... OPTIMUM  (47s wall)
[method=lex-overtime][cfg6_TOT-none-ss] instance_30_10_4_28 | 06:27:18 ... UNSATISFIABLE  (0s wall)
[method=lex-overtime][cfg6_TOT-none-ss] instance_30_10_4_29 | 06:27:18 ... UNSATISFIABLE  (0s wall)
[method=lex-overtime][cfg6_TOT-none-ss] instance_30_10_4_3 | 06:27:19 ... UNSATISFIABLE  (0s wall)
[method=lex-overtime][cfg6_TOT-none-ss] instance_30_10_4_30 | 06:27:19 ... OPTIMUM  (42s wall)
[method=lex-overtime][cfg6_TOT-none-ss] instance_30_10_4_31 | 06:28:01 ... OPTIMUM  (52s wall)
[method=lex-overtime][cfg6_TOT-none-ss] instance_30_10_4_32 | 06:28:53 ... OPTIMUM  (57s wall)
[method=lex-overtime][cfg6_TOT-none-ss] instance_30_10_4_33 | 06:29:50 ... OPTIMUM  (68s wall)
[method=lex-overtime][cfg6_TOT-none-ss] instance_30_10_4_34 | 06:30:58 ... UNSATISFIABLE  (0s wall)
[method=lex-overtime][cfg6_TOT-none-ss] instance_30_10_4_35 | 06:30:58 ... UNSATISFIABLE  (0s wall)
[method=lex-overtime][cfg6_TOT-none-ss] instance_30_10_4_36 | 06:30:58 ... OPTIMUM  (52s wall)
[method=lex-overtime][cfg6_TOT-none-ss] instance_30_10_4_37 | 06:31:50 ... OPTIMUM  (67s wall)
[method=lex-overtime][cfg6_TOT-none-ss] instance_30_10_4_38 | 06:32:57 ... UNSATISFIABLE  (0s wall)
[method=lex-overtime][cfg6_TOT-none-ss] instance_30_10_4_39 | 06:32:57 ... UNSATISFIABLE  (0s wall)
[method=lex-overtime][cfg6_TOT-none-ss] instance_30_10_4_4 | 06:32:57 ... OPTIMUM  (67s wall)
[method=lex-overtime][cfg6_TOT-none-ss] instance_30_10_4_40 | 06:34:04 ... UNSATISFIABLE  (0s wall)
[method=lex-overtime][cfg6_TOT-none-ss] instance_30_10_4_41 | 06:34:05 ... OPTIMUM  (19s wall)
[method=lex-overtime][cfg6_TOT-none-ss] instance_30_10_4_42 | 06:34:24 ... UNSATISFIABLE  (0s wall)
[method=lex-overtime][cfg6_TOT-none-ss] instance_30_10_4_43 | 06:34:24 ... OPTIMUM  (60s wall)
[method=lex-overtime][cfg6_TOT-none-ss] instance_30_10_4_44 | 06:35:24 ... UNSATISFIABLE  (0s wall)
[method=lex-overtime][cfg6_TOT-none-ss] instance_30_10_4_45 | 06:35:24 ... OPTIMUM  (34s wall)
[method=lex-overtime][cfg6_TOT-none-ss] instance_30_10_4_46 | 06:35:58 ... UNSATISFIABLE  (0s wall)
[method=lex-overtime][cfg6_TOT-none-ss] instance_30_10_4_47 | 06:35:58 ... OPTIMUM  (47s wall)
[method=lex-overtime][cfg6_TOT-none-ss] instance_30_10_4_48 | 06:36:45 ... OPTIMUM  (3s wall)
[method=lex-overtime][cfg6_TOT-none-ss] instance_30_10_4_49 | 06:36:48 ... UNSATISFIABLE  (0s wall)
[method=lex-overtime][cfg6_TOT-none-ss] instance_30_10_4_5 | 06:36:48 ... OPTIMUM  (44s wall)
[method=lex-overtime][cfg6_TOT-none-ss] instance_30_10_4_50 | 06:37:32 ... UNSATISFIABLE  (0s wall)
[method=lex-overtime][cfg6_TOT-none-ss] instance_30_10_4_6 | 06:37:32 ... OPTIMUM  (66s wall)
[method=lex-overtime][cfg6_TOT-none-ss] instance_30_10_4_7 | 06:38:38 ... UNSATISFIABLE  (0s wall)
[method=lex-overtime][cfg6_TOT-none-ss] instance_30_10_4_8 | 06:38:38 ... OPTIMUM  (55s wall)
[method=lex-overtime][cfg6_TOT-none-ss] instance_30_10_4_9 | 06:39:33 ... UNSATISFIABLE  (0s wall)
[method=lex-overtime][cfg6_TOT-none-ss] instance_30_10_5_1 | 06:39:33 ... OPTIMUM  (76s wall)
[method=lex-overtime][cfg6_TOT-none-ss] instance_30_10_5_10 | 06:40:49 ... OPTIMUM  (53s wall)
[method=lex-overtime][cfg6_TOT-none-ss] instance_30_10_5_11 | 06:41:42 ... UNSATISFIABLE  (1s wall)
[method=lex-overtime][cfg6_TOT-none-ss] instance_30_10_5_12 | 06:41:43 ... UNSATISFIABLE  (0s wall)
[method=lex-overtime][cfg6_TOT-none-ss] instance_30_10_5_13 | 06:41:43 ... UNSATISFIABLE  (0s wall)
[method=lex-overtime][cfg6_TOT-none-ss] instance_30_10_5_14 | 06:41:43 ... UNSATISFIABLE  (0s wall)
[method=lex-overtime][cfg6_TOT-none-ss] instance_30_10_5_15 | 06:41:43 ... UNSATISFIABLE  (0s wall)
[method=lex-overtime][cfg6_TOT-none-ss] instance_30_10_5_16 | 06:41:43 ... OPTIMUM  (57s wall)
[method=lex-overtime][cfg6_TOT-none-ss] instance_30_10_5_17 | 06:42:40 ... OPTIMUM  (53s wall)
[method=lex-overtime][cfg6_TOT-none-ss] instance_30_10_5_18 | 06:43:33 ... OPTIMUM  (71s wall)
[method=lex-overtime][cfg6_TOT-none-ss] instance_30_10_5_19 | 06:44:44 ... UNSATISFIABLE  (0s wall)
[method=lex-overtime][cfg6_TOT-none-ss] instance_30_10_5_2 | 06:44:44 ... UNSATISFIABLE  (0s wall)
[method=lex-overtime][cfg6_TOT-none-ss] instance_30_10_5_20 | 06:44:44 ... UNSATISFIABLE  (1s wall)
[method=lex-overtime][cfg6_TOT-none-ss] instance_30_10_5_21 | 06:44:45 ... UNSATISFIABLE  (0s wall)
[method=lex-overtime][cfg6_TOT-none-ss] instance_30_10_5_22 | 06:44:45 ... OPTIMUM  (56s wall)
[method=lex-overtime][cfg6_TOT-none-ss] instance_30_10_5_23 | 06:45:41 ... UNSATISFIABLE  (0s wall)
[method=lex-overtime][cfg6_TOT-none-ss] instance_30_10_5_24 | 06:45:41 ... UNSATISFIABLE  (0s wall)
[method=lex-overtime][cfg6_TOT-none-ss] instance_30_10_5_25 | 06:45:41 ... UNSATISFIABLE  (0s wall)
[method=lex-overtime][cfg6_TOT-none-ss] instance_30_10_5_26 | 06:45:41 ... UNSATISFIABLE  (0s wall)
[method=lex-overtime][cfg6_TOT-none-ss] instance_30_10_5_27 | 06:45:41 ... UNSATISFIABLE  (0s wall)
[method=lex-overtime][cfg6_TOT-none-ss] instance_30_10_5_28 | 06:45:41 ... UNSATISFIABLE  (0s wall)
[method=lex-overtime][cfg6_TOT-none-ss] instance_30_10_5_29 | 06:45:41 ... UNSATISFIABLE  (1s wall)
[method=lex-overtime][cfg6_TOT-none-ss] instance_30_10_5_3 | 06:45:42 ... OPTIMUM  (52s wall)
[method=lex-overtime][cfg6_TOT-none-ss] instance_30_10_5_30 | 06:46:34 ... UNSATISFIABLE  (0s wall)
[method=lex-overtime][cfg6_TOT-none-ss] instance_30_10_5_31 | 06:46:34 ... OPTIMUM  (48s wall)
[method=lex-overtime][cfg6_TOT-none-ss] instance_30_10_5_32 | 06:47:22 ... OPTIMUM  (89s wall)
[method=lex-overtime][cfg6_TOT-none-ss] instance_30_10_5_33 | 06:48:51 ... OPTIMUM  (76s wall)
[method=lex-overtime][cfg6_TOT-none-ss] instance_30_10_5_34 | 06:50:07 ... OPTIMUM  (52s wall)
[method=lex-overtime][cfg6_TOT-none-ss] instance_30_10_5_35 | 06:50:59 ... OPTIMUM  (52s wall)
[method=lex-overtime][cfg6_TOT-none-ss] instance_30_10_5_36 | 06:51:51 ... OPTIMUM  (61s wall)
[method=lex-overtime][cfg6_TOT-none-ss] instance_30_10_5_37 | 06:52:52 ... OPTIMUM  (24s wall)
[method=lex-overtime][cfg6_TOT-none-ss] instance_30_10_5_38 | 06:53:16 ... OPTIMUM  (75s wall)
[method=lex-overtime][cfg6_TOT-none-ss] instance_30_10_5_39 | 06:54:31 ... OPTIMUM  (60s wall)
[method=lex-overtime][cfg6_TOT-none-ss] instance_30_10_5_4 | 06:55:31 ... UNSATISFIABLE  (0s wall)
[method=lex-overtime][cfg6_TOT-none-ss] instance_30_10_5_40 | 06:55:31 ... UNSATISFIABLE  (0s wall)
[method=lex-overtime][cfg6_TOT-none-ss] instance_30_10_5_41 | 06:55:31 ... UNSATISFIABLE  (0s wall)
[method=lex-overtime][cfg6_TOT-none-ss] instance_30_10_5_42 | 06:55:31 ... OPTIMUM  (73s wall)
[method=lex-overtime][cfg6_TOT-none-ss] instance_30_10_5_43 | 06:56:44 ... UNSATISFIABLE  (0s wall)
[method=lex-overtime][cfg6_TOT-none-ss] instance_30_10_5_44 | 06:56:44 ... UNSATISFIABLE  (0s wall)
[method=lex-overtime][cfg6_TOT-none-ss] instance_30_10_5_45 | 06:56:44 ... UNSATISFIABLE  (0s wall)
[method=lex-overtime][cfg6_TOT-none-ss] instance_30_10_5_46 | 06:56:44 ... UNSATISFIABLE  (0s wall)
[method=lex-overtime][cfg6_TOT-none-ss] instance_30_10_5_47 | 06:56:44 ... UNSATISFIABLE  (0s wall)
[method=lex-overtime][cfg6_TOT-none-ss] instance_30_10_5_48 | 06:56:44 ... OPTIMUM  (65s wall)
[method=lex-overtime][cfg6_TOT-none-ss] instance_30_10_5_49 | 06:57:49 ... TIMEOUT  (300s wall)
[method=lex-overtime][cfg6_TOT-none-ss] instance_30_10_5_5 | 07:02:49 ... UNSATISFIABLE  (0s wall)
[method=lex-overtime][cfg6_TOT-none-ss] instance_30_10_5_50 | 07:02:49 ... UNSATISFIABLE  (0s wall)
[method=lex-overtime][cfg6_TOT-none-ss] instance_30_10_5_6 | 07:02:49 ... UNSATISFIABLE  (0s wall)
[method=lex-overtime][cfg6_TOT-none-ss] instance_30_10_5_7 | 07:02:49 ... UNSATISFIABLE  (0s wall)
[method=lex-overtime][cfg6_TOT-none-ss] instance_30_10_5_8 | 07:02:50 ... OPTIMUM  (80s wall)
[method=lex-overtime][cfg6_TOT-none-ss] instance_30_10_5_9 | 07:04:10 ... OPTIMUM  (53s wall)
[method=lex-overtime][cfg6_TOT-none-ss] instance_30_15_4_1 | 07:05:03 ... OPTIMUM  (79s wall)
[method=lex-overtime][cfg6_TOT-none-ss] instance_30_15_4_10 | 07:06:22 ... OPTIMUM  (70s wall)
[method=lex-overtime][cfg6_TOT-none-ss] instance_30_15_4_11 | 07:07:32 ... OPTIMUM  (71s wall)
[method=lex-overtime][cfg6_TOT-none-ss] instance_30_15_4_12 | 07:08:43 ... OPTIMUM  (72s wall)
[method=lex-overtime][cfg6_TOT-none-ss] instance_30_15_4_13 | 07:09:55 ... OPTIMUM  (56s wall)
[method=lex-overtime][cfg6_TOT-none-ss] instance_30_15_4_14 | 07:10:51 ... OPTIMUM  (72s wall)
[method=lex-overtime][cfg6_TOT-none-ss] instance_30_15_4_15 | 07:12:03 ... OPTIMUM  (78s wall)
[method=lex-overtime][cfg6_TOT-none-ss] instance_30_15_4_16 | 07:13:21 ... OPTIMUM  (52s wall)
[method=lex-overtime][cfg6_TOT-none-ss] instance_30_15_4_17 | 07:14:13 ... OPTIMUM  (75s wall)
[method=lex-overtime][cfg6_TOT-none-ss] instance_30_15_4_18 | 07:15:28 ... OPTIMUM  (74s wall)
[method=lex-overtime][cfg6_TOT-none-ss] instance_30_15_4_19 | 07:16:42 ... OPTIMUM  (66s wall)
[method=lex-overtime][cfg6_TOT-none-ss] instance_30_15_4_2 | 07:17:48 ... OPTIMUM  (65s wall)
[method=lex-overtime][cfg6_TOT-none-ss] instance_30_15_4_20 | 07:18:53 ... OPTIMUM  (70s wall)
[method=lex-overtime][cfg6_TOT-none-ss] instance_30_15_4_21 | 07:20:03 ... UNSATISFIABLE  (0s wall)
[method=lex-overtime][cfg6_TOT-none-ss] instance_30_15_4_22 | 07:20:03 ... OPTIMUM  (71s wall)
[method=lex-overtime][cfg6_TOT-none-ss] instance_30_15_4_23 | 07:21:15 ... OPTIMUM  (72s wall)
[method=lex-overtime][cfg6_TOT-none-ss] instance_30_15_4_24 | 07:22:27 ... OPTIMUM  (82s wall)
[method=lex-overtime][cfg6_TOT-none-ss] instance_30_15_4_25 | 07:23:49 ... OPTIMUM  (54s wall)
[method=lex-overtime][cfg6_TOT-none-ss] instance_30_15_4_26 | 07:24:43 ... OPTIMUM  (78s wall)
[method=lex-overtime][cfg6_TOT-none-ss] instance_30_15_4_27 | 07:26:01 ... OPTIMUM  (71s wall)
[method=lex-overtime][cfg6_TOT-none-ss] instance_30_15_4_28 | 07:27:12 ... OPTIMUM  (65s wall)
[method=lex-overtime][cfg6_TOT-none-ss] instance_30_15_4_29 | 07:28:17 ... OPTIMUM  (40s wall)
[method=lex-overtime][cfg6_TOT-none-ss] instance_30_15_4_3 | 07:28:58 ... OPTIMUM  (69s wall)
[method=lex-overtime][cfg6_TOT-none-ss] instance_30_15_4_30 | 07:30:07 ... OPTIMUM  (78s wall)
[method=lex-overtime][cfg6_TOT-none-ss] instance_30_15_4_31 | 07:31:25 ... OPTIMUM  (77s wall)
[method=lex-overtime][cfg6_TOT-none-ss] instance_30_15_4_32 | 07:32:42 ... OPTIMUM  (63s wall)
[method=lex-overtime][cfg6_TOT-none-ss] instance_30_15_4_33 | 07:33:45 ... OPTIMUM  (79s wall)
[method=lex-overtime][cfg6_TOT-none-ss] instance_30_15_4_34 | 07:35:04 ... OPTIMUM  (68s wall)
[method=lex-overtime][cfg6_TOT-none-ss] instance_30_15_4_35 | 07:36:12 ... UNSATISFIABLE  (1s wall)
[method=lex-overtime][cfg6_TOT-none-ss] instance_30_15_4_36 | 07:36:13 ... OPTIMUM  (57s wall)
[method=lex-overtime][cfg6_TOT-none-ss] instance_30_15_4_37 | 07:37:10 ... OPTIMUM  (62s wall)
[method=lex-overtime][cfg6_TOT-none-ss] instance_30_15_4_38 | 07:38:12 ... OPTIMUM  (64s wall)
[method=lex-overtime][cfg6_TOT-none-ss] instance_30_15_4_39 | 07:39:16 ... OPTIMUM  (71s wall)
[method=lex-overtime][cfg6_TOT-none-ss] instance_30_15_4_4 | 07:40:27 ... OPTIMUM  (94s wall)
[method=lex-overtime][cfg6_TOT-none-ss] instance_30_15_4_40 | 07:42:01 ... OPTIMUM  (67s wall)
[method=lex-overtime][cfg6_TOT-none-ss] instance_30_15_4_41 | 07:43:08 ... OPTIMUM  (80s wall)
[method=lex-overtime][cfg6_TOT-none-ss] instance_30_15_4_42 | 07:44:28 ... OPTIMUM  (77s wall)
[method=lex-overtime][cfg6_TOT-none-ss] instance_30_15_4_43 | 07:45:45 ... OPTIMUM  (82s wall)
[method=lex-overtime][cfg6_TOT-none-ss] instance_30_15_4_44 | 07:47:07 ... UNSATISFIABLE  (0s wall)
[method=lex-overtime][cfg6_TOT-none-ss] instance_30_15_4_45 | 07:47:07 ... OPTIMUM  (71s wall)
[method=lex-overtime][cfg6_TOT-none-ss] instance_30_15_4_46 | 07:48:18 ... OPTIMUM  (75s wall)
[method=lex-overtime][cfg6_TOT-none-ss] instance_30_15_4_47 | 07:49:33 ... OPTIMUM  (60s wall)
[method=lex-overtime][cfg6_TOT-none-ss] instance_30_15_4_48 | 07:50:33 ... OPTIMUM  (64s wall)
[method=lex-overtime][cfg6_TOT-none-ss] instance_30_15_4_49 | 07:51:37 ... OPTIMUM  (77s wall)
[method=lex-overtime][cfg6_TOT-none-ss] instance_30_15_4_5 | 07:52:54 ... OPTIMUM  (62s wall)
[method=lex-overtime][cfg6_TOT-none-ss] instance_30_15_4_50 | 07:53:56 ... OPTIMUM  (63s wall)
[method=lex-overtime][cfg6_TOT-none-ss] instance_30_15_4_6 | 07:54:59 ... OPTIMUM  (78s wall)
[method=lex-overtime][cfg6_TOT-none-ss] instance_30_15_4_7 | 07:56:17 ... UNSATISFIABLE  (0s wall)
[method=lex-overtime][cfg6_TOT-none-ss] instance_30_15_4_8 | 07:56:17 ... UNSATISFIABLE  (0s wall)
[method=lex-overtime][cfg6_TOT-none-ss] instance_30_15_4_9 | 07:56:17 ... OPTIMUM  (51s wall)
[method=lex-overtime][cfg6_TOT-none-ss] instance_30_15_5_1 | 07:57:08 ... OPTIMUM  (80s wall)
[method=lex-overtime][cfg6_TOT-none-ss] instance_30_15_5_10 | 07:58:28 ... UNSATISFIABLE  (0s wall)
[method=lex-overtime][cfg6_TOT-none-ss] instance_30_15_5_11 | 07:58:29 ... OPTIMUM  (91s wall)
[method=lex-overtime][cfg6_TOT-none-ss] instance_30_15_5_12 | 08:00:00 ... OPTIMUM  (96s wall)
[method=lex-overtime][cfg6_TOT-none-ss] instance_30_15_5_13 | 08:01:36 ... OPTIMUM  (82s wall)
[method=lex-overtime][cfg6_TOT-none-ss] instance_30_15_5_14 | 08:02:58 ... OPTIMUM  (82s wall)
[method=lex-overtime][cfg6_TOT-none-ss] instance_30_15_5_15 | 08:04:20 ... OPTIMUM  (78s wall)
[method=lex-overtime][cfg6_TOT-none-ss] instance_30_15_5_16 | 08:05:38 ... OPTIMUM  (68s wall)
[method=lex-overtime][cfg6_TOT-none-ss] instance_30_15_5_17 | 08:06:46 ... OPTIMUM  (84s wall)
[method=lex-overtime][cfg6_TOT-none-ss] instance_30_15_5_18 | 08:08:10 ... OPTIMUM  (88s wall)
[method=lex-overtime][cfg6_TOT-none-ss] instance_30_15_5_19 | 08:09:38 ... OPTIMUM  (96s wall)
[method=lex-overtime][cfg6_TOT-none-ss] instance_30_15_5_2 | 08:11:14 ... OPTIMUM  (72s wall)
[method=lex-overtime][cfg6_TOT-none-ss] instance_30_15_5_20 | 08:12:26 ... UNSATISFIABLE  (0s wall)
[method=lex-overtime][cfg6_TOT-none-ss] instance_30_15_5_21 | 08:12:26 ... OPTIMUM  (102s wall)
[method=lex-overtime][cfg6_TOT-none-ss] instance_30_15_5_22 | 08:14:08 ... OPTIMUM  (84s wall)
[method=lex-overtime][cfg6_TOT-none-ss] instance_30_15_5_23 | 08:15:32 ... OPTIMUM  (96s wall)
[method=lex-overtime][cfg6_TOT-none-ss] instance_30_15_5_24 | 08:17:08 ... OPTIMUM  (83s wall)

[STOP] Policy lex-overtime - Cấu hình cfg6_TOT-none-ss đã vượt giới hạn thời gian (7200 giây).
[method=lex-overtime][cfg7_TOT-both-none] instance_30_10_4_1 | 08:18:31 ... OPTIMUM  (62s wall)
[method=lex-overtime][cfg7_TOT-both-none] instance_30_10_4_10 | 08:19:33 ... OPTIMUM  (55s wall)
[method=lex-overtime][cfg7_TOT-both-none] instance_30_10_4_11 | 08:20:28 ... OPTIMUM  (44s wall)
[method=lex-overtime][cfg7_TOT-both-none] instance_30_10_4_12 | 08:21:12 ... OPTIMUM  (51s wall)
[method=lex-overtime][cfg7_TOT-both-none] instance_30_10_4_13 | 08:22:03 ... UNSATISFIABLE  (0s wall)
[method=lex-overtime][cfg7_TOT-both-none] instance_30_10_4_14 | 08:22:03 ... UNSATISFIABLE  (0s wall)
[method=lex-overtime][cfg7_TOT-both-none] instance_30_10_4_15 | 08:22:03 ... UNSATISFIABLE  (0s wall)
[method=lex-overtime][cfg7_TOT-both-none] instance_30_10_4_16 | 08:22:03 ... OPTIMUM  (64s wall)
[method=lex-overtime][cfg7_TOT-both-none] instance_30_10_4_17 | 08:23:07 ... OPTIMUM  (50s wall)
[method=lex-overtime][cfg7_TOT-both-none] instance_30_10_4_18 | 08:23:57 ... OPTIMUM  (30s wall)
[method=lex-overtime][cfg7_TOT-both-none] instance_30_10_4_19 | 08:24:27 ... UNSATISFIABLE  (0s wall)
[method=lex-overtime][cfg7_TOT-both-none] instance_30_10_4_2 | 08:24:27 ... UNSATISFIABLE  (0s wall)
[method=lex-overtime][cfg7_TOT-both-none] instance_30_10_4_20 | 08:24:27 ... UNSATISFIABLE  (0s wall)
[method=lex-overtime][cfg7_TOT-both-none] instance_30_10_4_21 | 08:24:27 ... UNSATISFIABLE  (0s wall)
[method=lex-overtime][cfg7_TOT-both-none] instance_30_10_4_22 | 08:24:27 ... UNSATISFIABLE  (0s wall)
[method=lex-overtime][cfg7_TOT-both-none] instance_30_10_4_23 | 08:24:27 ... OPTIMUM  (41s wall)
[method=lex-overtime][cfg7_TOT-both-none] instance_30_10_4_24 | 08:25:08 ... OPTIMUM  (60s wall)
[method=lex-overtime][cfg7_TOT-both-none] instance_30_10_4_25 | 08:26:08 ... OPTIMUM  (54s wall)
[method=lex-overtime][cfg7_TOT-both-none] instance_30_10_4_26 | 08:27:02 ... UNSATISFIABLE  (0s wall)
[method=lex-overtime][cfg7_TOT-both-none] instance_30_10_4_27 | 08:27:02 ... OPTIMUM  (55s wall)
[method=lex-overtime][cfg7_TOT-both-none] instance_30_10_4_28 | 08:27:57 ... UNSATISFIABLE  (0s wall)
[method=lex-overtime][cfg7_TOT-both-none] instance_30_10_4_29 | 08:27:57 ... UNSATISFIABLE  (0s wall)
[method=lex-overtime][cfg7_TOT-both-none] instance_30_10_4_3 | 08:27:57 ... UNSATISFIABLE  (0s wall)
[method=lex-overtime][cfg7_TOT-both-none] instance_30_10_4_30 | 08:27:57 ... OPTIMUM  (42s wall)
[method=lex-overtime][cfg7_TOT-both-none] instance_30_10_4_31 | 08:28:39 ... OPTIMUM  (55s wall)
[method=lex-overtime][cfg7_TOT-both-none] instance_30_10_4_32 | 08:29:34 ... OPTIMUM  (58s wall)
[method=lex-overtime][cfg7_TOT-both-none] instance_30_10_4_33 | 08:30:32 ... OPTIMUM  (68s wall)
[method=lex-overtime][cfg7_TOT-both-none] instance_30_10_4_34 | 08:31:40 ... UNSATISFIABLE  (0s wall)
[method=lex-overtime][cfg7_TOT-both-none] instance_30_10_4_35 | 08:31:40 ... UNSATISFIABLE  (0s wall)
[method=lex-overtime][cfg7_TOT-both-none] instance_30_10_4_36 | 08:31:40 ... OPTIMUM  (52s wall)
[method=lex-overtime][cfg7_TOT-both-none] instance_30_10_4_37 | 08:32:32 ... OPTIMUM  (68s wall)
[method=lex-overtime][cfg7_TOT-both-none] instance_30_10_4_38 | 08:33:40 ... UNSATISFIABLE  (0s wall)
[method=lex-overtime][cfg7_TOT-both-none] instance_30_10_4_39 | 08:33:40 ... UNSATISFIABLE  (0s wall)
[method=lex-overtime][cfg7_TOT-both-none] instance_30_10_4_4 | 08:33:40 ... OPTIMUM  (66s wall)
[method=lex-overtime][cfg7_TOT-both-none] instance_30_10_4_40 | 08:34:46 ... UNSATISFIABLE  (0s wall)
[method=lex-overtime][cfg7_TOT-both-none] instance_30_10_4_41 | 08:34:47 ... OPTIMUM  (26s wall)
[method=lex-overtime][cfg7_TOT-both-none] instance_30_10_4_42 | 08:35:13 ... UNSATISFIABLE  (0s wall)
[method=lex-overtime][cfg7_TOT-both-none] instance_30_10_4_43 | 08:35:13 ... OPTIMUM  (61s wall)
[method=lex-overtime][cfg7_TOT-both-none] instance_30_10_4_44 | 08:36:14 ... UNSATISFIABLE  (0s wall)
[method=lex-overtime][cfg7_TOT-both-none] instance_30_10_4_45 | 08:36:14 ... OPTIMUM  (37s wall)
[method=lex-overtime][cfg7_TOT-both-none] instance_30_10_4_46 | 08:36:51 ... UNSATISFIABLE  (0s wall)
[method=lex-overtime][cfg7_TOT-both-none] instance_30_10_4_47 | 08:36:51 ... OPTIMUM  (51s wall)
[method=lex-overtime][cfg7_TOT-both-none] instance_30_10_4_48 | 08:37:42 ... OPTIMUM  (4s wall)
[method=lex-overtime][cfg7_TOT-both-none] instance_30_10_4_49 | 08:37:46 ... UNSATISFIABLE  (0s wall)
[method=lex-overtime][cfg7_TOT-both-none] instance_30_10_4_5 | 08:37:46 ... OPTIMUM  (42s wall)
[method=lex-overtime][cfg7_TOT-both-none] instance_30_10_4_50 | 08:38:28 ... UNSATISFIABLE  (0s wall)
[method=lex-overtime][cfg7_TOT-both-none] instance_30_10_4_6 | 08:38:28 ... OPTIMUM  (66s wall)
[method=lex-overtime][cfg7_TOT-both-none] instance_30_10_4_7 | 08:39:34 ... UNSATISFIABLE  (0s wall)
[method=lex-overtime][cfg7_TOT-both-none] instance_30_10_4_8 | 08:39:34 ... OPTIMUM  (56s wall)
[method=lex-overtime][cfg7_TOT-both-none] instance_30_10_4_9 | 08:40:30 ... UNSATISFIABLE  (0s wall)
[method=lex-overtime][cfg7_TOT-both-none] instance_30_10_5_1 | 08:40:30 ... OPTIMUM  (75s wall)
[method=lex-overtime][cfg7_TOT-both-none] instance_30_10_5_10 | 08:41:45 ... OPTIMUM  (54s wall)
[method=lex-overtime][cfg7_TOT-both-none] instance_30_10_5_11 | 08:42:39 ... UNSATISFIABLE  (0s wall)
[method=lex-overtime][cfg7_TOT-both-none] instance_30_10_5_12 | 08:42:39 ... UNSATISFIABLE  (0s wall)
[method=lex-overtime][cfg7_TOT-both-none] instance_30_10_5_13 | 08:42:39 ... UNSATISFIABLE  (0s wall)
[method=lex-overtime][cfg7_TOT-both-none] instance_30_10_5_14 | 08:42:39 ... UNSATISFIABLE  (1s wall)
[method=lex-overtime][cfg7_TOT-both-none] instance_30_10_5_15 | 08:42:40 ... UNSATISFIABLE  (0s wall)
[method=lex-overtime][cfg7_TOT-both-none] instance_30_10_5_16 | 08:42:40 ... OPTIMUM  (56s wall)
[method=lex-overtime][cfg7_TOT-both-none] instance_30_10_5_17 | 08:43:36 ... OPTIMUM  (52s wall)
[method=lex-overtime][cfg7_TOT-both-none] instance_30_10_5_18 | 08:44:28 ... OPTIMUM  (70s wall)
[method=lex-overtime][cfg7_TOT-both-none] instance_30_10_5_19 | 08:45:38 ... UNSATISFIABLE  (0s wall)
[method=lex-overtime][cfg7_TOT-both-none] instance_30_10_5_2 | 08:45:38 ... UNSATISFIABLE  (0s wall)
[method=lex-overtime][cfg7_TOT-both-none] instance_30_10_5_20 | 08:45:38 ... UNSATISFIABLE  (0s wall)
[method=lex-overtime][cfg7_TOT-both-none] instance_30_10_5_21 | 08:45:38 ... UNSATISFIABLE  (0s wall)
[method=lex-overtime][cfg7_TOT-both-none] instance_30_10_5_22 | 08:45:38 ... OPTIMUM  (57s wall)
[method=lex-overtime][cfg7_TOT-both-none] instance_30_10_5_23 | 08:46:35 ... UNSATISFIABLE  (0s wall)
[method=lex-overtime][cfg7_TOT-both-none] instance_30_10_5_24 | 08:46:35 ... UNSATISFIABLE  (0s wall)
[method=lex-overtime][cfg7_TOT-both-none] instance_30_10_5_25 | 08:46:35 ... UNSATISFIABLE  (0s wall)
[method=lex-overtime][cfg7_TOT-both-none] instance_30_10_5_26 | 08:46:35 ... UNSATISFIABLE  (0s wall)
[method=lex-overtime][cfg7_TOT-both-none] instance_30_10_5_27 | 08:46:35 ... UNSATISFIABLE  (0s wall)
[method=lex-overtime][cfg7_TOT-both-none] instance_30_10_5_28 | 08:46:35 ... UNSATISFIABLE  (0s wall)
[method=lex-overtime][cfg7_TOT-both-none] instance_30_10_5_29 | 08:46:35 ... UNSATISFIABLE  (0s wall)
[method=lex-overtime][cfg7_TOT-both-none] instance_30_10_5_3 | 08:46:35 ... OPTIMUM  (55s wall)
[method=lex-overtime][cfg7_TOT-both-none] instance_30_10_5_30 | 08:47:30 ... UNSATISFIABLE  (0s wall)
[method=lex-overtime][cfg7_TOT-both-none] instance_30_10_5_31 | 08:47:30 ... OPTIMUM  (50s wall)
[method=lex-overtime][cfg7_TOT-both-none] instance_30_10_5_32 | 08:48:20 ... OPTIMUM  (88s wall)
[method=lex-overtime][cfg7_TOT-both-none] instance_30_10_5_33 | 08:49:48 ... OPTIMUM  (81s wall)
[method=lex-overtime][cfg7_TOT-both-none] instance_30_10_5_34 | 08:51:09 ... OPTIMUM  (52s wall)
[method=lex-overtime][cfg7_TOT-both-none] instance_30_10_5_35 | 08:52:01 ... OPTIMUM  (53s wall)
[method=lex-overtime][cfg7_TOT-both-none] instance_30_10_5_36 | 08:52:54 ... OPTIMUM  (60s wall)
[method=lex-overtime][cfg7_TOT-both-none] instance_30_10_5_37 | 08:53:55 ... OPTIMUM  (25s wall)
[method=lex-overtime][cfg7_TOT-both-none] instance_30_10_5_38 | 08:54:20 ... OPTIMUM  (75s wall)
[method=lex-overtime][cfg7_TOT-both-none] instance_30_10_5_39 | 08:55:35 ... OPTIMUM  (60s wall)
[method=lex-overtime][cfg7_TOT-both-none] instance_30_10_5_4 | 08:56:35 ... UNSATISFIABLE  (0s wall)
[method=lex-overtime][cfg7_TOT-both-none] instance_30_10_5_40 | 08:56:35 ... UNSATISFIABLE  (0s wall)
[method=lex-overtime][cfg7_TOT-both-none] instance_30_10_5_41 | 08:56:35 ... UNSATISFIABLE  (1s wall)
[method=lex-overtime][cfg7_TOT-both-none] instance_30_10_5_42 | 08:56:36 ... OPTIMUM  (75s wall)
[method=lex-overtime][cfg7_TOT-both-none] instance_30_10_5_43 | 08:57:51 ... UNSATISFIABLE  (0s wall)
[method=lex-overtime][cfg7_TOT-both-none] instance_30_10_5_44 | 08:57:51 ... UNSATISFIABLE  (0s wall)
[method=lex-overtime][cfg7_TOT-both-none] instance_30_10_5_45 | 08:57:51 ... UNSATISFIABLE  (1s wall)
[method=lex-overtime][cfg7_TOT-both-none] instance_30_10_5_46 | 08:57:52 ... UNSATISFIABLE  (0s wall)
[method=lex-overtime][cfg7_TOT-both-none] instance_30_10_5_47 | 08:57:52 ... UNSATISFIABLE  (0s wall)
[method=lex-overtime][cfg7_TOT-both-none] instance_30_10_5_48 | 08:57:52 ... OPTIMUM  (66s wall)
[method=lex-overtime][cfg7_TOT-both-none] instance_30_10_5_49 | 08:58:58 ... TIMEOUT  (300s wall)
[method=lex-overtime][cfg7_TOT-both-none] instance_30_10_5_5 | 09:03:58 ... UNSATISFIABLE  (0s wall)
[method=lex-overtime][cfg7_TOT-both-none] instance_30_10_5_50 | 09:03:58 ... UNSATISFIABLE  (0s wall)
[method=lex-overtime][cfg7_TOT-both-none] instance_30_10_5_6 | 09:03:58 ... UNSATISFIABLE  (0s wall)
[method=lex-overtime][cfg7_TOT-both-none] instance_30_10_5_7 | 09:03:58 ... UNSATISFIABLE  (0s wall)
[method=lex-overtime][cfg7_TOT-both-none] instance_30_10_5_8 | 09:03:58 ... OPTIMUM  (81s wall)
[method=lex-overtime][cfg7_TOT-both-none] instance_30_10_5_9 | 09:05:19 ... OPTIMUM  (50s wall)
[method=lex-overtime][cfg7_TOT-both-none] instance_30_15_4_1 | 09:06:09 ... OPTIMUM  (79s wall)
[method=lex-overtime][cfg7_TOT-both-none] instance_30_15_4_10 | 09:07:28 ... OPTIMUM  (70s wall)
[method=lex-overtime][cfg7_TOT-both-none] instance_30_15_4_11 | 09:08:38 ... OPTIMUM  (71s wall)
[method=lex-overtime][cfg7_TOT-both-none] instance_30_15_4_12 | 09:09:49 ... OPTIMUM  (70s wall)
[method=lex-overtime][cfg7_TOT-both-none] instance_30_15_4_13 | 09:10:59 ... OPTIMUM  (55s wall)
[method=lex-overtime][cfg7_TOT-both-none] instance_30_15_4_14 | 09:11:54 ... OPTIMUM  (73s wall)
[method=lex-overtime][cfg7_TOT-both-none] instance_30_15_4_15 | 09:13:07 ... OPTIMUM  (77s wall)
[method=lex-overtime][cfg7_TOT-both-none] instance_30_15_4_16 | 09:14:25 ... OPTIMUM  (52s wall)
[method=lex-overtime][cfg7_TOT-both-none] instance_30_15_4_17 | 09:15:17 ... OPTIMUM  (74s wall)
[method=lex-overtime][cfg7_TOT-both-none] instance_30_15_4_18 | 09:16:31 ... OPTIMUM  (75s wall)
[method=lex-overtime][cfg7_TOT-both-none] instance_30_15_4_19 | 09:17:46 ... OPTIMUM  (65s wall)
[method=lex-overtime][cfg7_TOT-both-none] instance_30_15_4_2 | 09:18:51 ... OPTIMUM  (68s wall)
[method=lex-overtime][cfg7_TOT-both-none] instance_30_15_4_20 | 09:19:59 ... OPTIMUM  (70s wall)
[method=lex-overtime][cfg7_TOT-both-none] instance_30_15_4_21 | 09:21:09 ... UNSATISFIABLE  (0s wall)
[method=lex-overtime][cfg7_TOT-both-none] instance_30_15_4_22 | 09:21:09 ... OPTIMUM  (72s wall)
[method=lex-overtime][cfg7_TOT-both-none] instance_30_15_4_23 | 09:22:21 ... OPTIMUM  (72s wall)
[method=lex-overtime][cfg7_TOT-both-none] instance_30_15_4_24 | 09:23:33 ... OPTIMUM  (85s wall)
[method=lex-overtime][cfg7_TOT-both-none] instance_30_15_4_25 | 09:24:58 ... OPTIMUM  (53s wall)
[method=lex-overtime][cfg7_TOT-both-none] instance_30_15_4_26 | 09:25:51 ... OPTIMUM  (76s wall)
[method=lex-overtime][cfg7_TOT-both-none] instance_30_15_4_27 | 09:27:07 ... OPTIMUM  (70s wall)
[method=lex-overtime][cfg7_TOT-both-none] instance_30_15_4_28 | 09:28:17 ... OPTIMUM  (68s wall)
[method=lex-overtime][cfg7_TOT-both-none] instance_30_15_4_29 | 09:29:25 ... OPTIMUM  (44s wall)
[method=lex-overtime][cfg7_TOT-both-none] instance_30_15_4_3 | 09:30:09 ... OPTIMUM  (69s wall)
[method=lex-overtime][cfg7_TOT-both-none] instance_30_15_4_30 | 09:31:18 ... OPTIMUM  (77s wall)
[method=lex-overtime][cfg7_TOT-both-none] instance_30_15_4_31 | 09:32:35 ... OPTIMUM  (74s wall)
[method=lex-overtime][cfg7_TOT-both-none] instance_30_15_4_32 | 09:33:49 ... OPTIMUM  (65s wall)
[method=lex-overtime][cfg7_TOT-both-none] instance_30_15_4_33 | 09:34:54 ... OPTIMUM  (79s wall)
[method=lex-overtime][cfg7_TOT-both-none] instance_30_15_4_34 | 09:36:13 ... OPTIMUM  (69s wall)
[method=lex-overtime][cfg7_TOT-both-none] instance_30_15_4_35 | 09:37:22 ... UNSATISFIABLE  (0s wall)
[method=lex-overtime][cfg7_TOT-both-none] instance_30_15_4_36 | 09:37:22 ... OPTIMUM  (58s wall)
[method=lex-overtime][cfg7_TOT-both-none] instance_30_15_4_37 | 09:38:20 ... OPTIMUM  (62s wall)
[method=lex-overtime][cfg7_TOT-both-none] instance_30_15_4_38 | 09:39:22 ... OPTIMUM  (65s wall)
[method=lex-overtime][cfg7_TOT-both-none] instance_30_15_4_39 | 09:40:27 ... OPTIMUM  (71s wall)
[method=lex-overtime][cfg7_TOT-both-none] instance_30_15_4_4 | 09:41:38 ... OPTIMUM  (90s wall)
[method=lex-overtime][cfg7_TOT-both-none] instance_30_15_4_40 | 09:43:08 ... OPTIMUM  (68s wall)
[method=lex-overtime][cfg7_TOT-both-none] instance_30_15_4_41 | 09:44:16 ... OPTIMUM  (82s wall)
[method=lex-overtime][cfg7_TOT-both-none] instance_30_15_4_42 | 09:45:38 ... OPTIMUM  (76s wall)
[method=lex-overtime][cfg7_TOT-both-none] instance_30_15_4_43 | 09:46:54 ... OPTIMUM  (80s wall)
[method=lex-overtime][cfg7_TOT-both-none] instance_30_15_4_44 | 09:48:14 ... UNSATISFIABLE  (0s wall)
[method=lex-overtime][cfg7_TOT-both-none] instance_30_15_4_45 | 09:48:15 ... OPTIMUM  (70s wall)
[method=lex-overtime][cfg7_TOT-both-none] instance_30_15_4_46 | 09:49:25 ... OPTIMUM  (77s wall)
[method=lex-overtime][cfg7_TOT-both-none] instance_30_15_4_47 | 09:50:42 ... OPTIMUM  (59s wall)
[method=lex-overtime][cfg7_TOT-both-none] instance_30_15_4_48 | 09:51:41 ... OPTIMUM  (65s wall)
[method=lex-overtime][cfg7_TOT-both-none] instance_30_15_4_49 | 09:52:46 ... OPTIMUM  (75s wall)
[method=lex-overtime][cfg7_TOT-both-none] instance_30_15_4_5 | 09:54:01 ... OPTIMUM  (63s wall)
[method=lex-overtime][cfg7_TOT-both-none] instance_30_15_4_50 | 09:55:04 ... OPTIMUM  (68s wall)
[method=lex-overtime][cfg7_TOT-both-none] instance_30_15_4_6 | 09:56:12 ... OPTIMUM  (78s wall)
[method=lex-overtime][cfg7_TOT-both-none] instance_30_15_4_7 | 09:57:30 ... UNSATISFIABLE  (0s wall)
[method=lex-overtime][cfg7_TOT-both-none] instance_30_15_4_8 | 09:57:30 ... UNSATISFIABLE  (0s wall)
[method=lex-overtime][cfg7_TOT-both-none] instance_30_15_4_9 | 09:57:30 ... OPTIMUM  (52s wall)
[method=lex-overtime][cfg7_TOT-both-none] instance_30_15_5_1 | 09:58:22 ... OPTIMUM  (83s wall)
[method=lex-overtime][cfg7_TOT-both-none] instance_30_15_5_10 | 09:59:45 ... UNSATISFIABLE  (0s wall)
[method=lex-overtime][cfg7_TOT-both-none] instance_30_15_5_11 | 09:59:46 ... OPTIMUM  (90s wall)
[method=lex-overtime][cfg7_TOT-both-none] instance_30_15_5_12 | 10:01:16 ... OPTIMUM  (97s wall)
[method=lex-overtime][cfg7_TOT-both-none] instance_30_15_5_13 | 10:02:53 ... OPTIMUM  (82s wall)
[method=lex-overtime][cfg7_TOT-both-none] instance_30_15_5_14 | 10:04:15 ... OPTIMUM  (90s wall)
[method=lex-overtime][cfg7_TOT-both-none] instance_30_15_5_15 | 10:05:46 ... OPTIMUM  (76s wall)
[method=lex-overtime][cfg7_TOT-both-none] instance_30_15_5_16 | 10:07:03 ... OPTIMUM  (77s wall)
[method=lex-overtime][cfg7_TOT-both-none] instance_30_15_5_17 | 10:08:20 ... OPTIMUM  (83s wall)
[method=lex-overtime][cfg7_TOT-both-none] instance_30_15_5_18 | 10:09:43 ... OPTIMUM  (87s wall)
[method=lex-overtime][cfg7_TOT-both-none] instance_30_15_5_19 | 10:11:10 ... OPTIMUM  (94s wall)
[method=lex-overtime][cfg7_TOT-both-none] instance_30_15_5_2 | 10:12:44 ... OPTIMUM  (74s wall)
[method=lex-overtime][cfg7_TOT-both-none] instance_30_15_5_20 | 10:13:58 ... UNSATISFIABLE  (0s wall)
[method=lex-overtime][cfg7_TOT-both-none] instance_30_15_5_21 | 10:13:58 ... OPTIMUM  (102s wall)
[method=lex-overtime][cfg7_TOT-both-none] instance_30_15_5_22 | 10:15:40 ... OPTIMUM  (83s wall)
[method=lex-overtime][cfg7_TOT-both-none] instance_30_15_5_23 | 10:17:03 ... OPTIMUM  (99s wall)

[STOP] Policy lex-overtime - Cấu hình cfg7_TOT-both-none đã vượt giới hạn thời gian (7200 giây).
[method=lex-overtime][cfg8_TOT-both-ss] instance_30_10_4_1 | 10:18:42 ... OPTIMUM  (61s wall)
[method=lex-overtime][cfg8_TOT-both-ss] instance_30_10_4_10 | 10:19:43 ... OPTIMUM  (56s wall)
[method=lex-overtime][cfg8_TOT-both-ss] instance_30_10_4_11 | 10:20:39 ... OPTIMUM  (43s wall)
[method=lex-overtime][cfg8_TOT-both-ss] instance_30_10_4_12 | 10:21:22 ... OPTIMUM  (50s wall)
[method=lex-overtime][cfg8_TOT-both-ss] instance_30_10_4_13 | 10:22:12 ... UNSATISFIABLE  (0s wall)
[method=lex-overtime][cfg8_TOT-both-ss] instance_30_10_4_14 | 10:22:13 ... UNSATISFIABLE  (1s wall)
[method=lex-overtime][cfg8_TOT-both-ss] instance_30_10_4_15 | 10:22:13 ... UNSATISFIABLE  (0s wall)
[method=lex-overtime][cfg8_TOT-both-ss] instance_30_10_4_16 | 10:22:13 ... OPTIMUM  (63s wall)
[method=lex-overtime][cfg8_TOT-both-ss] instance_30_10_4_17 | 10:23:16 ... OPTIMUM  (50s wall)
[method=lex-overtime][cfg8_TOT-both-ss] instance_30_10_4_18 | 10:24:06 ... OPTIMUM  (29s wall)
[method=lex-overtime][cfg8_TOT-both-ss] instance_30_10_4_19 | 10:24:35 ... UNSATISFIABLE  (0s wall)
[method=lex-overtime][cfg8_TOT-both-ss] instance_30_10_4_2 | 10:24:35 ... UNSATISFIABLE  (0s wall)
[method=lex-overtime][cfg8_TOT-both-ss] instance_30_10_4_20 | 10:24:35 ... UNSATISFIABLE  (0s wall)
[method=lex-overtime][cfg8_TOT-both-ss] instance_30_10_4_21 | 10:24:35 ... UNSATISFIABLE  (1s wall)
[method=lex-overtime][cfg8_TOT-both-ss] instance_30_10_4_22 | 10:24:36 ... UNSATISFIABLE  (0s wall)
[method=lex-overtime][cfg8_TOT-both-ss] instance_30_10_4_23 | 10:24:36 ... OPTIMUM  (42s wall)
[method=lex-overtime][cfg8_TOT-both-ss] instance_30_10_4_24 | 10:25:18 ... OPTIMUM  (60s wall)
[method=lex-overtime][cfg8_TOT-both-ss] instance_30_10_4_25 | 10:26:18 ... OPTIMUM  (54s wall)
[method=lex-overtime][cfg8_TOT-both-ss] instance_30_10_4_26 | 10:27:12 ... UNSATISFIABLE  (0s wall)
[method=lex-overtime][cfg8_TOT-both-ss] instance_30_10_4_27 | 10:27:12 ... OPTIMUM  (57s wall)
[method=lex-overtime][cfg8_TOT-both-ss] instance_30_10_4_28 | 10:28:09 ... UNSATISFIABLE  (1s wall)
[method=lex-overtime][cfg8_TOT-both-ss] instance_30_10_4_29 | 10:28:10 ... UNSATISFIABLE  (0s wall)
[method=lex-overtime][cfg8_TOT-both-ss] instance_30_10_4_3 | 10:28:10 ... UNSATISFIABLE  (0s wall)
[method=lex-overtime][cfg8_TOT-both-ss] instance_30_10_4_30 | 10:28:10 ... OPTIMUM  (41s wall)
[method=lex-overtime][cfg8_TOT-both-ss] instance_30_10_4_31 | 10:28:51 ... OPTIMUM  (54s wall)
[method=lex-overtime][cfg8_TOT-both-ss] instance_30_10_4_32 | 10:29:45 ... OPTIMUM  (57s wall)
[method=lex-overtime][cfg8_TOT-both-ss] instance_30_10_4_33 | 10:30:42 ... OPTIMUM  (68s wall)
[method=lex-overtime][cfg8_TOT-both-ss] instance_30_10_4_34 | 10:31:50 ... UNSATISFIABLE  (0s wall)
[method=lex-overtime][cfg8_TOT-both-ss] instance_30_10_4_35 | 10:31:50 ... UNSATISFIABLE  (0s wall)
[method=lex-overtime][cfg8_TOT-both-ss] instance_30_10_4_36 | 10:31:50 ... OPTIMUM  (52s wall)
[method=lex-overtime][cfg8_TOT-both-ss] instance_30_10_4_37 | 10:32:42 ... OPTIMUM  (68s wall)
[method=lex-overtime][cfg8_TOT-both-ss] instance_30_10_4_38 | 10:33:50 ... UNSATISFIABLE  (0s wall)
[method=lex-overtime][cfg8_TOT-both-ss] instance_30_10_4_39 | 10:33:50 ... UNSATISFIABLE  (0s wall)
[method=lex-overtime][cfg8_TOT-both-ss] instance_30_10_4_4 | 10:33:50 ... OPTIMUM  (68s wall)
[method=lex-overtime][cfg8_TOT-both-ss] instance_30_10_4_40 | 10:34:58 ... UNSATISFIABLE  (0s wall)
[method=lex-overtime][cfg8_TOT-both-ss] instance_30_10_4_41 | 10:34:58 ... OPTIMUM  (24s wall)
[method=lex-overtime][cfg8_TOT-both-ss] instance_30_10_4_42 | 10:35:22 ... UNSATISFIABLE  (0s wall)
[method=lex-overtime][cfg8_TOT-both-ss] instance_30_10_4_43 | 10:35:22 ... OPTIMUM  (60s wall)
[method=lex-overtime][cfg8_TOT-both-ss] instance_30_10_4_44 | 10:36:22 ... UNSATISFIABLE  (0s wall)
[method=lex-overtime][cfg8_TOT-both-ss] instance_30_10_4_45 | 10:36:22 ... OPTIMUM  (38s wall)
[method=lex-overtime][cfg8_TOT-both-ss] instance_30_10_4_46 | 10:37:00 ... UNSATISFIABLE  (0s wall)
[method=lex-overtime][cfg8_TOT-both-ss] instance_30_10_4_47 | 10:37:00 ... OPTIMUM  (51s wall)
[method=lex-overtime][cfg8_TOT-both-ss] instance_30_10_4_48 | 10:37:51 ... OPTIMUM  (3s wall)
[method=lex-overtime][cfg8_TOT-both-ss] instance_30_10_4_49 | 10:37:54 ... UNSATISFIABLE  (0s wall)
[method=lex-overtime][cfg8_TOT-both-ss] instance_30_10_4_5 | 10:37:54 ... OPTIMUM  (44s wall)
[method=lex-overtime][cfg8_TOT-both-ss] instance_30_10_4_50 | 10:38:38 ... UNSATISFIABLE  (0s wall)
[method=lex-overtime][cfg8_TOT-both-ss] instance_30_10_4_6 | 10:38:38 ... OPTIMUM  (66s wall)
[method=lex-overtime][cfg8_TOT-both-ss] instance_30_10_4_7 | 10:39:44 ... UNSATISFIABLE  (0s wall)
[method=lex-overtime][cfg8_TOT-both-ss] instance_30_10_4_8 | 10:39:44 ... OPTIMUM  (55s wall)
[method=lex-overtime][cfg8_TOT-both-ss] instance_30_10_4_9 | 10:40:39 ... UNSATISFIABLE  (1s wall)
[method=lex-overtime][cfg8_TOT-both-ss] instance_30_10_5_1 | 10:40:40 ... OPTIMUM  (76s wall)
[method=lex-overtime][cfg8_TOT-both-ss] instance_30_10_5_10 | 10:41:56 ... OPTIMUM  (53s wall)
[method=lex-overtime][cfg8_TOT-both-ss] instance_30_10_5_11 | 10:42:49 ... UNSATISFIABLE  (0s wall)
[method=lex-overtime][cfg8_TOT-both-ss] instance_30_10_5_12 | 10:42:49 ... UNSATISFIABLE  (0s wall)
[method=lex-overtime][cfg8_TOT-both-ss] instance_30_10_5_13 | 10:42:49 ... UNSATISFIABLE  (1s wall)
[method=lex-overtime][cfg8_TOT-both-ss] instance_30_10_5_14 | 10:42:50 ... UNSATISFIABLE  (0s wall)
[method=lex-overtime][cfg8_TOT-both-ss] instance_30_10_5_15 | 10:42:50 ... UNSATISFIABLE  (0s wall)
[method=lex-overtime][cfg8_TOT-both-ss] instance_30_10_5_16 | 10:42:50 ... OPTIMUM  (55s wall)
[method=lex-overtime][cfg8_TOT-both-ss] instance_30_10_5_17 | 10:43:45 ... OPTIMUM  (51s wall)
[method=lex-overtime][cfg8_TOT-both-ss] instance_30_10_5_18 | 10:44:36 ... OPTIMUM  (71s wall)
[method=lex-overtime][cfg8_TOT-both-ss] instance_30_10_5_19 | 10:45:47 ... UNSATISFIABLE  (0s wall)
[method=lex-overtime][cfg8_TOT-both-ss] instance_30_10_5_2 | 10:45:47 ... UNSATISFIABLE  (0s wall)
[method=lex-overtime][cfg8_TOT-both-ss] instance_30_10_5_20 | 10:45:47 ... UNSATISFIABLE  (0s wall)
[method=lex-overtime][cfg8_TOT-both-ss] instance_30_10_5_21 | 10:45:47 ... UNSATISFIABLE  (0s wall)
[method=lex-overtime][cfg8_TOT-both-ss] instance_30_10_5_22 | 10:45:47 ... OPTIMUM  (57s wall)
[method=lex-overtime][cfg8_TOT-both-ss] instance_30_10_5_23 | 10:46:44 ... UNSATISFIABLE  (0s wall)
[method=lex-overtime][cfg8_TOT-both-ss] instance_30_10_5_24 | 10:46:44 ... UNSATISFIABLE  (0s wall)
[method=lex-overtime][cfg8_TOT-both-ss] instance_30_10_5_25 | 10:46:44 ... UNSATISFIABLE  (0s wall)
[method=lex-overtime][cfg8_TOT-both-ss] instance_30_10_5_26 | 10:46:44 ... UNSATISFIABLE  (0s wall)
[method=lex-overtime][cfg8_TOT-both-ss] instance_30_10_5_27 | 10:46:44 ... UNSATISFIABLE  (0s wall)
[method=lex-overtime][cfg8_TOT-both-ss] instance_30_10_5_28 | 10:46:44 ... UNSATISFIABLE  (0s wall)
[method=lex-overtime][cfg8_TOT-both-ss] instance_30_10_5_29 | 10:46:44 ... UNSATISFIABLE  (0s wall)
[method=lex-overtime][cfg8_TOT-both-ss] instance_30_10_5_3 | 10:46:44 ... OPTIMUM  (50s wall)
[method=lex-overtime][cfg8_TOT-both-ss] instance_30_10_5_30 | 10:47:34 ... UNSATISFIABLE  (0s wall)
[method=lex-overtime][cfg8_TOT-both-ss] instance_30_10_5_31 | 10:47:34 ... OPTIMUM  (47s wall)
[method=lex-overtime][cfg8_TOT-both-ss] instance_30_10_5_32 | 10:48:21 ... OPTIMUM  (88s wall)
[method=lex-overtime][cfg8_TOT-both-ss] instance_30_10_5_33 | 10:49:49 ... OPTIMUM  (77s wall)
[method=lex-overtime][cfg8_TOT-both-ss] instance_30_10_5_34 | 10:51:06 ... OPTIMUM  (52s wall)
[method=lex-overtime][cfg8_TOT-both-ss] instance_30_10_5_35 | 10:51:58 ... OPTIMUM  (53s wall)
[method=lex-overtime][cfg8_TOT-both-ss] instance_30_10_5_36 | 10:52:51 ... OPTIMUM  (60s wall)
[method=lex-overtime][cfg8_TOT-both-ss] instance_30_10_5_37 | 10:53:51 ... OPTIMUM  (25s wall)
[method=lex-overtime][cfg8_TOT-both-ss] instance_30_10_5_38 | 10:54:16 ... OPTIMUM  (74s wall)
[method=lex-overtime][cfg8_TOT-both-ss] instance_30_10_5_39 | 10:55:30 ... OPTIMUM  (59s wall)
[method=lex-overtime][cfg8_TOT-both-ss] instance_30_10_5_4 | 10:56:29 ... UNSATISFIABLE  (0s wall)
[method=lex-overtime][cfg8_TOT-both-ss] instance_30_10_5_40 | 10:56:29 ... UNSATISFIABLE  (0s wall)
[method=lex-overtime][cfg8_TOT-both-ss] instance_30_10_5_41 | 10:56:29 ... UNSATISFIABLE  (0s wall)
[method=lex-overtime][cfg8_TOT-both-ss] instance_30_10_5_42 | 10:56:29 ... OPTIMUM  (76s wall)
[method=lex-overtime][cfg8_TOT-both-ss] instance_30_10_5_43 | 10:57:45 ... UNSATISFIABLE  (0s wall)
[method=lex-overtime][cfg8_TOT-both-ss] instance_30_10_5_44 | 10:57:45 ... UNSATISFIABLE  (0s wall)
[method=lex-overtime][cfg8_TOT-both-ss] instance_30_10_5_45 | 10:57:45 ... UNSATISFIABLE  (0s wall)
[method=lex-overtime][cfg8_TOT-both-ss] instance_30_10_5_46 | 10:57:45 ... UNSATISFIABLE  (0s wall)
[method=lex-overtime][cfg8_TOT-both-ss] instance_30_10_5_47 | 10:57:45 ... UNSATISFIABLE  (0s wall)
[method=lex-overtime][cfg8_TOT-both-ss] instance_30_10_5_48 | 10:57:45 ... OPTIMUM  (65s wall)
[method=lex-overtime][cfg8_TOT-both-ss] instance_30_10_5_49 | 10:58:50 ... TIMEOUT  (300s wall)
[method=lex-overtime][cfg8_TOT-both-ss] instance_30_10_5_5 | 11:03:50 ... UNSATISFIABLE  (0s wall)
[method=lex-overtime][cfg8_TOT-both-ss] instance_30_10_5_50 | 11:03:50 ... UNSATISFIABLE  (0s wall)
[method=lex-overtime][cfg8_TOT-both-ss] instance_30_10_5_6 | 11:03:50 ... UNSATISFIABLE  (0s wall)
[method=lex-overtime][cfg8_TOT-both-ss] instance_30_10_5_7 | 11:03:50 ... UNSATISFIABLE  (0s wall)
[method=lex-overtime][cfg8_TOT-both-ss] instance_30_10_5_8 | 11:03:50 ... OPTIMUM  (81s wall)
[method=lex-overtime][cfg8_TOT-both-ss] instance_30_10_5_9 | 11:05:11 ... OPTIMUM  (51s wall)
[method=lex-overtime][cfg8_TOT-both-ss] instance_30_15_4_1 | 11:06:02 ... OPTIMUM  (79s wall)
[method=lex-overtime][cfg8_TOT-both-ss] instance_30_15_4_10 | 11:07:21 ... OPTIMUM  (70s wall)
[method=lex-overtime][cfg8_TOT-both-ss] instance_30_15_4_11 | 11:08:31 ... OPTIMUM  (71s wall)
[method=lex-overtime][cfg8_TOT-both-ss] instance_30_15_4_12 | 11:09:42 ... OPTIMUM  (70s wall)
[method=lex-overtime][cfg8_TOT-both-ss] instance_30_15_4_13 | 11:10:52 ... OPTIMUM  (62s wall)
[method=lex-overtime][cfg8_TOT-both-ss] instance_30_15_4_14 | 11:11:54 ... OPTIMUM  (73s wall)
[method=lex-overtime][cfg8_TOT-both-ss] instance_30_15_4_15 | 11:13:07 ... OPTIMUM  (78s wall)
[method=lex-overtime][cfg8_TOT-both-ss] instance_30_15_4_16 | 11:14:25 ... OPTIMUM  (52s wall)
[method=lex-overtime][cfg8_TOT-both-ss] instance_30_15_4_17 | 11:15:17 ... OPTIMUM  (74s wall)
[method=lex-overtime][cfg8_TOT-both-ss] instance_30_15_4_18 | 11:16:31 ... OPTIMUM  (75s wall)
[method=lex-overtime][cfg8_TOT-both-ss] instance_30_15_4_19 | 11:17:46 ... OPTIMUM  (67s wall)
[method=lex-overtime][cfg8_TOT-both-ss] instance_30_15_4_2 | 11:18:53 ... OPTIMUM  (68s wall)
[method=lex-overtime][cfg8_TOT-both-ss] instance_30_15_4_20 | 11:20:01 ... OPTIMUM  (70s wall)
[method=lex-overtime][cfg8_TOT-both-ss] instance_30_15_4_21 | 11:21:11 ... UNSATISFIABLE  (0s wall)
[method=lex-overtime][cfg8_TOT-both-ss] instance_30_15_4_22 | 11:21:11 ... OPTIMUM  (72s wall)
[method=lex-overtime][cfg8_TOT-both-ss] instance_30_15_4_23 | 11:22:23 ... OPTIMUM  (72s wall)
[method=lex-overtime][cfg8_TOT-both-ss] instance_30_15_4_24 | 11:23:35 ... OPTIMUM  (84s wall)
[method=lex-overtime][cfg8_TOT-both-ss] instance_30_15_4_25 | 11:24:59 ... OPTIMUM  (54s wall)
[method=lex-overtime][cfg8_TOT-both-ss] instance_30_15_4_26 | 11:25:53 ... OPTIMUM  (76s wall)
[method=lex-overtime][cfg8_TOT-both-ss] instance_30_15_4_27 | 11:27:09 ... OPTIMUM  (70s wall)
[method=lex-overtime][cfg8_TOT-both-ss] instance_30_15_4_28 | 11:28:19 ... OPTIMUM  (66s wall)
[method=lex-overtime][cfg8_TOT-both-ss] instance_30_15_4_29 | 11:29:25 ... OPTIMUM  (43s wall)
[method=lex-overtime][cfg8_TOT-both-ss] instance_30_15_4_3 | 11:30:08 ... OPTIMUM  (70s wall)
[method=lex-overtime][cfg8_TOT-both-ss] instance_30_15_4_30 | 11:31:18 ... OPTIMUM  (79s wall)
[method=lex-overtime][cfg8_TOT-both-ss] instance_30_15_4_31 | 11:32:37 ... OPTIMUM  (74s wall)
[method=lex-overtime][cfg8_TOT-both-ss] instance_30_15_4_32 | 11:33:51 ... OPTIMUM  (65s wall)
[method=lex-overtime][cfg8_TOT-both-ss] instance_30_15_4_33 | 11:34:56 ... OPTIMUM  (79s wall)
[method=lex-overtime][cfg8_TOT-both-ss] instance_30_15_4_34 | 11:36:15 ... OPTIMUM  (68s wall)
[method=lex-overtime][cfg8_TOT-both-ss] instance_30_15_4_35 | 11:37:23 ... UNSATISFIABLE  (0s wall)
[method=lex-overtime][cfg8_TOT-both-ss] instance_30_15_4_36 | 11:37:23 ... OPTIMUM  (58s wall)
[method=lex-overtime][cfg8_TOT-both-ss] instance_30_15_4_37 | 11:38:21 ... OPTIMUM  (62s wall)
[method=lex-overtime][cfg8_TOT-both-ss] instance_30_15_4_38 | 11:39:23 ... OPTIMUM  (65s wall)
[method=lex-overtime][cfg8_TOT-both-ss] instance_30_15_4_39 | 11:40:28 ... OPTIMUM  (71s wall)
[method=lex-overtime][cfg8_TOT-both-ss] instance_30_15_4_4 | 11:41:39 ... OPTIMUM  (95s wall)
[method=lex-overtime][cfg8_TOT-both-ss] instance_30_15_4_40 | 11:43:14 ... OPTIMUM  (67s wall)
[method=lex-overtime][cfg8_TOT-both-ss] instance_30_15_4_41 | 11:44:21 ... OPTIMUM  (84s wall)
[method=lex-overtime][cfg8_TOT-both-ss] instance_30_15_4_42 | 11:45:45 ... OPTIMUM  (76s wall)
[method=lex-overtime][cfg8_TOT-both-ss] instance_30_15_4_43 | 11:47:01 ... OPTIMUM  (80s wall)
[method=lex-overtime][cfg8_TOT-both-ss] instance_30_15_4_44 | 11:48:21 ... UNSATISFIABLE  (0s wall)
[method=lex-overtime][cfg8_TOT-both-ss] instance_30_15_4_45 | 11:48:21 ... OPTIMUM  (71s wall)
[method=lex-overtime][cfg8_TOT-both-ss] instance_30_15_4_46 | 11:49:32 ... OPTIMUM  (75s wall)
[method=lex-overtime][cfg8_TOT-both-ss] instance_30_15_4_47 | 11:50:47 ... OPTIMUM  (60s wall)
[method=lex-overtime][cfg8_TOT-both-ss] instance_30_15_4_48 | 11:51:47 ... OPTIMUM  (65s wall)
[method=lex-overtime][cfg8_TOT-both-ss] instance_30_15_4_49 | 11:52:52 ... OPTIMUM  (76s wall)
[method=lex-overtime][cfg8_TOT-both-ss] instance_30_15_4_5 | 11:54:08 ... OPTIMUM  (63s wall)
[method=lex-overtime][cfg8_TOT-both-ss] instance_30_15_4_50 | 11:55:11 ... OPTIMUM  (64s wall)
[method=lex-overtime][cfg8_TOT-both-ss] instance_30_15_4_6 | 11:56:15 ... OPTIMUM  (79s wall)
[method=lex-overtime][cfg8_TOT-both-ss] instance_30_15_4_7 | 11:57:34 ... UNSATISFIABLE  (0s wall)
[method=lex-overtime][cfg8_TOT-both-ss] instance_30_15_4_8 | 11:57:34 ... UNSATISFIABLE  (0s wall)
[method=lex-overtime][cfg8_TOT-both-ss] instance_30_15_4_9 | 11:57:34 ... OPTIMUM  (52s wall)
[method=lex-overtime][cfg8_TOT-both-ss] instance_30_15_5_1 | 11:58:26 ... OPTIMUM  (83s wall)
[method=lex-overtime][cfg8_TOT-both-ss] instance_30_15_5_10 | 11:59:49 ... UNSATISFIABLE  (0s wall)
[method=lex-overtime][cfg8_TOT-both-ss] instance_30_15_5_11 | 11:59:49 ... OPTIMUM  (91s wall)
[method=lex-overtime][cfg8_TOT-both-ss] instance_30_15_5_12 | 12:01:20 ... OPTIMUM  (97s wall)
[method=lex-overtime][cfg8_TOT-both-ss] instance_30_15_5_13 | 12:02:57 ... OPTIMUM  (84s wall)
[method=lex-overtime][cfg8_TOT-both-ss] instance_30_15_5_14 | 12:04:21 ... OPTIMUM  (87s wall)
[method=lex-overtime][cfg8_TOT-both-ss] instance_30_15_5_15 | 12:05:48 ... OPTIMUM  (77s wall)
[method=lex-overtime][cfg8_TOT-both-ss] instance_30_15_5_16 | 12:07:05 ... OPTIMUM  (77s wall)
[method=lex-overtime][cfg8_TOT-both-ss] instance_30_15_5_17 | 12:08:22 ... OPTIMUM  (83s wall)
[method=lex-overtime][cfg8_TOT-both-ss] instance_30_15_5_18 | 12:09:45 ... OPTIMUM  (88s wall)
[method=lex-overtime][cfg8_TOT-both-ss] instance_30_15_5_19 | 12:11:14 ... OPTIMUM  (96s wall)
[method=lex-overtime][cfg8_TOT-both-ss] instance_30_15_5_2 | 12:12:50 ... OPTIMUM  (74s wall)
[method=lex-overtime][cfg8_TOT-both-ss] instance_30_15_5_20 | 12:14:04 ... UNSATISFIABLE  (0s wall)
[method=lex-overtime][cfg8_TOT-both-ss] instance_30_15_5_21 | 12:14:05 ... OPTIMUM  (103s wall)
[method=lex-overtime][cfg8_TOT-both-ss] instance_30_15_5_22 | 12:15:48 ... OPTIMUM  (84s wall)
[method=lex-overtime][cfg8_TOT-both-ss] instance_30_15_5_23 | 12:17:12 ... OPTIMUM  (99s wall)

[STOP] Policy lex-overtime - Cấu hình cfg8_TOT-both-ss đã vượt giới hạn thời gian (7200 giây).
